{"type":"FeatureCollection","features":[{"type":"Feature","properties":{"stop_id":"ABB","stop_name":"ABADA","operator":"Indian Railways","mode":"suburban_rail","source":"MobilityData Indian Railways GTFS (unofficial data)"},"geometry":{"type":"Point","coordinates":[88.1992,22.5477]}},{"type":"Feature","properties":{"stop_id":"ADST","stop_name":"ADI SAPTAGRAM","operator":"Indian Railways","mode":"suburban_rail","source":"MobilityData Indian Railways GTFS (unofficial data)"},"geometry":{"type":"Point","coordinates":[88.379002,22.9546]}},{"type":"Feature","properties":{"stop_id":"AGP","stop_name":"AGARPARA","operator":"Indian Railways","mode":"suburban_rail","source":"MobilityData Indian Railways GTFS (unofficial data)"},"geometry":{"type":"Point","coordinates":[88.3851,22.6829]}},{"type":"Feature","properties":{"stop_id":"AGAE","stop_name":"AGRADWIP","operator":"Indian Railways","mode":"suburban_rail","source":"MobilityData Indian Railways GTFS (unofficial data)"},"geometry":{"type":"Point","coordinates":[88.2261,23.5809]}},{"type":"Feature","properties":{"stop_id":"AKIP","stop_name":"AKAIPUR HALT","operator":"Indian Railways","mode":"suburban_rail","source":"MobilityData Indian Railways GTFS (unofficial data)"},"geometry":{"type":"Point","coordinates":[88.717861,23.094418]}},{"type":"Feature","properties":{"stop_id":"AKRA","stop_name":"AKRA","operator":"Indian Railways","mode":"suburban_rail","source":"MobilityData Indian Railways GTFS (unofficial data)"},"geometry":{"type":"Point","coordinates":[88.249,22.5146]}},{"type":"Feature","properties":{"stop_id":"ARNB","stop_name":"AMARUN","operator":"Indian Railways","mode":"suburban_rail","source":"MobilityData Indian Railways GTFS (unofficial data)"},"geometry":{"type":"Point","coordinates":[87.9084,23.3684]}},{"type":"Feature","properties":{"stop_id":"ABGM","stop_name":"AMBALGRAM","operator":"Indian Railways","mode":"suburban_rail","source":"MobilityData Indian Railways GTFS (unofficial data)"},"geometry":{"type":"Point","coordinates":[88.081684,23.68839]}},{"type":"Feature","properties":{"stop_id":"ABKA","stop_name":"AMBIKA KALNA","operator":"Indian Railways","mode":"suburban_rail","source":"MobilityData Indian Railways GTFS (unofficial data)"},"geometry":{"type":"Point","coordinates":[88.3544,23.2118]}},{"type":"Feature","properties":{"stop_id":"AHT","stop_name":"AMGHATA","operator":"Indian Railways","mode":"suburban_rail","source":"MobilityData Indian Railways GTFS (unofficial data)"},"geometry":{"type":"Point","coordinates":[88.42203,23.412131]}},{"type":"Feature","properties":{"stop_id":"AMTA","stop_name":"AMTA","operator":"Indian Railways","mode":"suburban_rail","source":"MobilityData Indian Railways GTFS (unofficial data)"},"geometry":{"type":"Point","coordinates":[88.0188971,22.574868]}},{"type":"Feature","properties":{"stop_id":"ADL","stop_name":"ANDUL","operator":"Indian Railways","mode":"suburban_rail","source":"MobilityData Indian Railways GTFS (unofficial data)"},"geometry":{"type":"Point","coordinates":[88.2399,22.5754]}},{"type":"Feature","properties":{"stop_id":"AMBG","stop_name":"ARAMBAG","operator":"Indian Railways","mode":"suburban_rail","source":"MobilityData Indian Railways GTFS (unofficial data)"},"geometry":{"type":"Point","coordinates":[87.791748,22.88811]}},{"type":"Feature","properties":{"stop_id":"AG","stop_name":"ARANGHATA","operator":"Indian Railways","mode":"suburban_rail","source":"MobilityData Indian Railways GTFS (unofficial data)"},"geometry":{"type":"Point","coordinates":[88.613491,23.241977]}},{"type":"Feature","properties":{"stop_id":"APRD","stop_name":"ASHAPURNA DEVI","operator":"Indian Railways","mode":"suburban_rail","source":"MobilityData Indian Railways GTFS (unofficial data)"},"geometry":{"type":"Point","coordinates":[87.638171,21.727371]}},{"type":"Feature","properties":{"stop_id":"ASKR","stop_name":"ASHOK NAGAR RD","operator":"Indian Railways","mode":"suburban_rail","source":"MobilityData Indian Railways GTFS (unofficial data)"},"geometry":{"type":"Point","coordinates":[88.6285,22.8265]}},{"type":"Feature","properties":{"stop_id":"BDPA","stop_name":"BADALPUR PH","operator":"Indian Railways","mode":"suburban_rail","source":"MobilityData Indian Railways GTFS (unofficial data)"},"geometry":{"type":"Point","coordinates":[87.6159,21.7102]}},{"type":"Feature","properties":{"stop_id":"BDZ","stop_name":"BADKULLA","operator":"Indian Railways","mode":"suburban_rail","source":"MobilityData Indian Railways GTFS (unofficial data)"},"geometry":{"type":"Point","coordinates":[88.5264,23.3045]}},{"type":"Feature","properties":{"stop_id":"BBR","stop_name":"BAGH BAZAR","operator":"Indian Railways","mode":"suburban_rail","source":"MobilityData Indian Railways GTFS (unofficial data)"},"geometry":{"type":"Point","coordinates":[88.365316,22.605196]}},{"type":"Feature","properties":{"stop_id":"BGJT","stop_name":"BAGHA JATIN","operator":"Indian Railways","mode":"suburban_rail","source":"MobilityData Indian Railways GTFS (unofficial data)"},"geometry":{"type":"Point","coordinates":[88.387,22.4822]}},{"type":"Feature","properties":{"stop_id":"BGRA","stop_name":"BAGHNAPARA","operator":"Indian Railways","mode":"suburban_rail","source":"MobilityData Indian Railways GTFS (unofficial data)"},"geometry":{"type":"Point","coordinates":[88.3292,23.2416]}},{"type":"Feature","properties":{"stop_id":"BGF","stop_name":"BAGILA","operator":"Indian Railways","mode":"suburban_rail","source":"MobilityData Indian Railways GTFS (unofficial data)"},"geometry":{"type":"Point","coordinates":[88.1222,23.1603]}},{"type":"Feature","properties":{"stop_id":"BZN","stop_name":"BAGNAN","operator":"Indian Railways","mode":"suburban_rail","source":"MobilityData Indian Railways GTFS (unofficial data)"},"geometry":{"type":"Point","coordinates":[87.9707,22.4625]}},{"type":"Feature","properties":{"stop_id":"BGL","stop_name":"BAGULA","operator":"Indian Railways","mode":"suburban_rail","source":"MobilityData Indian Railways GTFS (unofficial data)"},"geometry":{"type":"Point","coordinates":[88.645984,23.335045]}},{"type":"Feature","properties":{"stop_id":"BPD","stop_name":"BAHADURPUR","operator":"Indian Railways","mode":"suburban_rail","source":"MobilityData Indian Railways GTFS (unofficial data)"},"geometry":{"type":"Point","coordinates":[88.4638,23.4389]}},{"type":"Feature","properties":{"stop_id":"BARU","stop_name":"BAHARU","operator":"Indian Railways","mode":"suburban_rail","source":"MobilityData Indian Railways GTFS (unofficial data)"},"geometry":{"type":"Point","coordinates":[88.44419,22.205008]}},{"type":"Feature","properties":{"stop_id":"BAHW","stop_name":"BAHIR KHANDA","operator":"Indian Railways","mode":"suburban_rail","source":"MobilityData Indian Railways GTFS (unofficial data)"},"geometry":{"type":"Point","coordinates":[88.0706,22.8515]}},{"type":"Feature","properties":{"stop_id":"BHKA","stop_name":"BAHIRA KALIBARI (HAL","operator":"Indian Railways","mode":"suburban_rail","source":"MobilityData Indian Railways GTFS (unofficial data)"},"geometry":{"type":"Point","coordinates":[88.563988,22.686172]}},{"type":"Feature","properties":{"stop_id":"BHPA","stop_name":"BAHRUPIYA HALT","operator":"Indian Railways","mode":"suburban_rail","source":"MobilityData Indian Railways GTFS (unofficial data)"},"geometry":{"type":"Point","coordinates":[88.349047,22.2296]}},{"type":"Feature","properties":{"stop_id":"BBAE","stop_name":"BAIDYABATI","operator":"Indian Railways","mode":"suburban_rail","source":"MobilityData Indian Railways GTFS (unofficial data)"},"geometry":{"type":"Point","coordinates":[88.331838,22.795292]}},{"type":"Feature","properties":{"stop_id":"BOI","stop_name":"BAINCHI","operator":"Indian Railways","mode":"suburban_rail","source":"MobilityData Indian Railways GTFS (unofficial data)"},"geometry":{"type":"Point","coordinates":[88.1966,23.1195]}},{"type":"Feature","properties":{"stop_id":"BCGM","stop_name":"BAINCHIGRAM","operator":"Indian Railways","mode":"suburban_rail","source":"MobilityData Indian Railways GTFS (unofficial data)"},"geometry":{"type":"Point","coordinates":[88.2166,23.1062]}},{"type":"Feature","properties":{"stop_id":"BGAE","stop_name":"BALAGARH","operator":"Indian Railways","mode":"suburban_rail","source":"MobilityData Indian Railways GTFS (unofficial data)"},"geometry":{"type":"Point","coordinates":[88.453,23.122]}},{"type":"Feature","properties":{"stop_id":"BLAE","stop_name":"BALARAMBATI","operator":"Indian Railways","mode":"suburban_rail","source":"MobilityData Indian Railways GTFS (unofficial data)"},"geometry":{"type":"Point","coordinates":[88.2123,22.8069]}},{"type":"Feature","properties":{"stop_id":"BGNA","stop_name":"BALGONA","operator":"Indian Railways","mode":"suburban_rail","source":"MobilityData Indian Railways GTFS (unofficial data)"},"geometry":{"type":"Point","coordinates":[87.9501,23.4579]}},{"type":"Feature","properties":{"stop_id":"BCK","stop_name":"BALICHAK","operator":"Indian Railways","mode":"suburban_rail","source":"MobilityData Indian Railways GTFS (unofficial data)"},"geometry":{"type":"Point","coordinates":[87.5529,22.3577]}},{"type":"Feature","properties":{"stop_id":"BLY","stop_name":"BALLY","operator":"Indian Railways","mode":"suburban_rail","source":"MobilityData Indian Railways GTFS (unofficial data)"},"geometry":{"type":"Point","coordinates":[88.340782,22.656204]}},{"type":"Feature","properties":{"stop_id":"BLYC","stop_name":"BALLY CHORD","operator":"Indian Railways","mode":"suburban_rail","source":"MobilityData Indian Railways GTFS (unofficial data)"},"geometry":{"type":"Point","coordinates":[88.2636,22.5958]}},{"type":"Feature","properties":{"stop_id":"BLYG","stop_name":"BALLY GHAT","operator":"Indian Railways","mode":"suburban_rail","source":"MobilityData Indian Railways GTFS (unofficial data)"},"geometry":{"type":"Point","coordinates":[88.3476,22.6523]}},{"type":"Feature","properties":{"stop_id":"BLYH","stop_name":"BALLY HALT","operator":"Indian Railways","mode":"suburban_rail","source":"MobilityData Indian Railways GTFS (unofficial data)"},"geometry":{"type":"Point","coordinates":[88.338318,22.652314]}},{"type":"Feature","properties":{"stop_id":"BLN","stop_name":"BALLYGUNGE JN.","operator":"Indian Railways","mode":"suburban_rail","source":"MobilityData Indian Railways GTFS (unofficial data)"},"geometry":{"type":"Point","coordinates":[88.372009,22.519772]}},{"type":"Feature","properties":{"stop_id":"BMG","stop_name":"BAMANGACHHI","operator":"Indian Railways","mode":"suburban_rail","source":"MobilityData Indian Railways GTFS (unofficial data)"},"geometry":{"type":"Point","coordinates":[88.51,22.749]}},{"type":"Feature","properties":{"stop_id":"BAAR","stop_name":"BANDAR PH","operator":"Indian Railways","mode":"suburban_rail","source":"MobilityData Indian Railways GTFS (unofficial data)"},"geometry":{"type":"Point","coordinates":[88.087006,22.052312]}},{"type":"Feature","properties":{"stop_id":"BDC","stop_name":"BANDEL","operator":"Indian Railways","mode":"suburban_rail","source":"MobilityData Indian Railways GTFS (unofficial data)"},"geometry":{"type":"Point","coordinates":[88.379282,22.923577]}},{"type":"Feature","properties":{"stop_id":"BNJ","stop_name":"BANGAON JN","operator":"Indian Railways","mode":"suburban_rail","source":"MobilityData Indian Railways GTFS (unofficial data)"},"geometry":{"type":"Point","coordinates":[88.8333,23.0297]}},{"type":"Feature","properties":{"stop_id":"BCF","stop_name":"BANKAPASI","operator":"Indian Railways","mode":"suburban_rail","source":"MobilityData Indian Railways GTFS (unofficial data)"},"geometry":{"type":"Point","coordinates":[88.0385,23.5721]}},{"type":"Feature","properties":{"stop_id":"BNKA","stop_name":"BANKIM NAGAR","operator":"Indian Railways","mode":"suburban_rail","source":"MobilityData Indian Railways GTFS (unofficial data)"},"geometry":{"type":"Point","coordinates":[88.591739,23.208889]}},{"type":"Feature","properties":{"stop_id":"BKNM","stop_name":"BANKRA NAYABAJ","operator":"Indian Railways","mode":"suburban_rail","source":"MobilityData Indian Railways GTFS (unofficial data)"},"geometry":{"type":"Point","coordinates":[88.272142,22.591765]}},{"type":"Feature","properties":{"stop_id":"BPS","stop_name":"BANPAS","operator":"Indian Railways","mode":"suburban_rail","source":"MobilityData Indian Railways GTFS (unofficial data)"},"geometry":{"type":"Point","coordinates":[87.7476,23.4011]}},{"type":"Feature","properties":{"stop_id":"BPN","stop_name":"BANPUR","operator":"Indian Railways","mode":"suburban_rail","source":"MobilityData Indian Railways GTFS (unofficial data)"},"geometry":{"type":"Point","coordinates":[88.7618,23.4518]}},{"type":"Feature","properties":{"stop_id":"BSAE","stop_name":"BANSH BARIA","operator":"Indian Railways","mode":"suburban_rail","source":"MobilityData Indian Railways GTFS (unofficial data)"},"geometry":{"type":"Point","coordinates":[88.3954,22.9571]}},{"type":"Feature","properties":{"stop_id":"BARN","stop_name":"BARANAGAR ROAD","operator":"Indian Railways","mode":"suburban_rail","source":"MobilityData Indian Railways GTFS (unofficial data)"},"geometry":{"type":"Point","coordinates":[88.3786,22.6534]}},{"type":"Feature","properties":{"stop_id":"BT","stop_name":"BARASAT","operator":"Indian Railways","mode":"suburban_rail","source":"MobilityData Indian Railways GTFS (unofficial data)"},"geometry":{"type":"Point","coordinates":[88.4835,22.7239]}},{"type":"Feature","properties":{"stop_id":"BRDB","stop_name":"BARDA","operator":"Indian Railways","mode":"suburban_rail","source":"MobilityData Indian Railways GTFS (unofficial data)"},"geometry":{"type":"Point","coordinates":[88.0874,22.1529]}},{"type":"Feature","properties":{"stop_id":"BWN","stop_name":"BARDHAMAN","operator":"Indian Railways","mode":"suburban_rail","source":"MobilityData Indian Railways GTFS (unofficial data)"},"geometry":{"type":"Point","coordinates":[87.870111,23.249548]}},{"type":"Feature","properties":{"stop_id":"BAC","stop_name":"BARGACHIA","operator":"Indian Railways","mode":"suburban_rail","source":"MobilityData Indian Railways GTFS (unofficial data)"},"geometry":{"type":"Point","coordinates":[88.137753,22.666888]}},{"type":"Feature","properties":{"stop_id":"BRIP","stop_name":"BAROGOPINATHPUR","operator":"Indian Railways","mode":"suburban_rail","source":"MobilityData Indian Railways GTFS (unofficial data)"},"geometry":{"type":"Point","coordinates":[87.546498,22.9511079]}},{"type":"Feature","properties":{"stop_id":"BZB","stop_name":"BARRA BAZAR","operator":"Indian Railways","mode":"suburban_rail","source":"MobilityData Indian Railways GTFS (unofficial data)"},"geometry":{"type":"Point","coordinates":[88.351343,22.590447]}},{"type":"Feature","properties":{"stop_id":"BP","stop_name":"BARRACKPORE","operator":"Indian Railways","mode":"suburban_rail","source":"MobilityData Indian Railways GTFS (unofficial data)"},"geometry":{"type":"Point","coordinates":[88.3711,22.7607]}},{"type":"Feature","properties":{"stop_id":"BRPA","stop_name":"BARUIPARA","operator":"Indian Railways","mode":"suburban_rail","source":"MobilityData Indian Railways GTFS (unofficial data)"},"geometry":{"type":"Point","coordinates":[88.237,22.7664]}},{"type":"Feature","properties":{"stop_id":"BRP","stop_name":"BARUIPUR JN.","operator":"Indian Railways","mode":"suburban_rail","source":"MobilityData Indian Railways GTFS (unofficial data)"},"geometry":{"type":"Point","coordinates":[88.431337,22.366348]}},{"type":"Feature","properties":{"stop_id":"BSHT","stop_name":"BASIRHAT","operator":"Indian Railways","mode":"suburban_rail","source":"MobilityData Indian Railways GTFS (unofficial data)"},"geometry":{"type":"Point","coordinates":[88.8685,22.6501]}},{"type":"Feature","properties":{"stop_id":"BSD","stop_name":"BASULDANGA","operator":"Indian Railways","mode":"suburban_rail","source":"MobilityData Indian Railways GTFS (unofficial data)"},"geometry":{"type":"Point","coordinates":[88.233649,22.203458]}},{"type":"Feature","properties":{"stop_id":"BYSA","stop_name":"BASULYASUTAHATA","operator":"Indian Railways","mode":"suburban_rail","source":"MobilityData Indian Railways GTFS (unofficial data)"},"geometry":{"type":"Point","coordinates":[88.130653,22.120391]}},{"type":"Feature","properties":{"stop_id":"BTKB","stop_name":"BATHNA KRITTI BAS","operator":"Indian Railways","mode":"suburban_rail","source":"MobilityData Indian Railways GTFS (unofficial data)"},"geometry":{"type":"Point","coordinates":[88.482989,23.236634]}},{"type":"Feature","properties":{"stop_id":"BVA","stop_name":"BAURIA","operator":"Indian Railways","mode":"suburban_rail","source":"MobilityData Indian Railways GTFS (unofficial data)"},"geometry":{"type":"Point","coordinates":[88.13889,22.486825]}},{"type":"Feature","properties":{"stop_id":"BPAE","stop_name":"BEGUMPUR","operator":"Indian Railways","mode":"suburban_rail","source":"MobilityData Indian Railways GTFS (unofficial data)"},"geometry":{"type":"Point","coordinates":[88.255534,22.737517]}},{"type":"Feature","properties":{"stop_id":"BHLA","stop_name":"BEHULA","operator":"Indian Railways","mode":"suburban_rail","source":"MobilityData Indian Railways GTFS (unofficial data)"},"geometry":{"type":"Point","coordinates":[88.428482,23.181657]}},{"type":"Feature","properties":{"stop_id":"BZL","stop_name":"BELANAGAR","operator":"Indian Railways","mode":"suburban_rail","source":"MobilityData Indian Railways GTFS (unofficial data)"},"geometry":{"type":"Point","coordinates":[88.3178,22.6611]}},{"type":"Feature","properties":{"stop_id":"BQY","stop_name":"BELERHAT","operator":"Indian Railways","mode":"suburban_rail","source":"MobilityData Indian Railways GTFS (unofficial data)"},"geometry":{"type":"Point","coordinates":[88.2832,23.5196]}},{"type":"Feature","properties":{"stop_id":"BLH","stop_name":"BELGHARIA","operator":"Indian Railways","mode":"suburban_rail","source":"MobilityData Indian Railways GTFS (unofficial data)"},"geometry":{"type":"Point","coordinates":[88.3892,22.6616]}},{"type":"Feature","properties":{"stop_id":"BGRD","stop_name":"BELIAGHATA ROAD","operator":"Indian Railways","mode":"suburban_rail","source":"MobilityData Indian Railways GTFS (unofficial data)"},"geometry":{"type":"Point","coordinates":[88.607225,22.674768]}},{"type":"Feature","properties":{"stop_id":"BMAE","stop_name":"BELMURI","operator":"Indian Railways","mode":"suburban_rail","source":"MobilityData Indian Railways GTFS (unofficial data)"},"geometry":{"type":"Point","coordinates":[88.1521,22.9325]}},{"type":"Feature","properties":{"stop_id":"BEQ","stop_name":"BELUR","operator":"Indian Railways","mode":"suburban_rail","source":"MobilityData Indian Railways GTFS (unofficial data)"},"geometry":{"type":"Point","coordinates":[88.3399,22.6363]}},{"type":"Feature","properties":{"stop_id":"BRMH","stop_name":"BELUR MATH","operator":"Indian Railways","mode":"suburban_rail","source":"MobilityData Indian Railways GTFS (unofficial data)"},"geometry":{"type":"Point","coordinates":[88.339691,22.635639]}},{"type":"Feature","properties":{"stop_id":"BBDB","stop_name":"BENOY BADAL DINESH BAG","operator":"Indian Railways","mode":"suburban_rail","source":"MobilityData Indian Railways GTFS (unofficial data)"},"geometry":{"type":"Point","coordinates":[88.346568,22.576757]}},{"type":"Feature","properties":{"stop_id":"BUGM","stop_name":"BERUGRAM","operator":"Indian Railways","mode":"suburban_rail","source":"MobilityData Indian Railways GTFS (unofficial data)"},"geometry":{"type":"Point","coordinates":[87.987082,23.10526]}},{"type":"Feature","properties":{"stop_id":"BTPG","stop_name":"BETHERIA GHOLA","operator":"Indian Railways","mode":"suburban_rail","source":"MobilityData Indian Railways GTFS (unofficial data)"},"geometry":{"type":"Point","coordinates":[88.573751,22.350552]}},{"type":"Feature","properties":{"stop_id":"BTY","stop_name":"BETHUADAHARI","operator":"Indian Railways","mode":"suburban_rail","source":"MobilityData Indian Railways GTFS (unofficial data)"},"geometry":{"type":"Point","coordinates":[88.3848,23.6104]}},{"type":"Feature","properties":{"stop_id":"BTRB","stop_name":"BETUR","operator":"Indian Railways","mode":"suburban_rail","source":"MobilityData Indian Railways GTFS (unofficial data)"},"geometry":{"type":"Point","coordinates":[87.5788,23.1907]}},{"type":"Feature","properties":{"stop_id":"BHR","stop_name":"BHADRESHWAR","operator":"Indian Railways","mode":"suburban_rail","source":"MobilityData Indian Railways GTFS (unofficial data)"},"geometry":{"type":"Point","coordinates":[88.3413,22.8277]}},{"type":"Feature","properties":{"stop_id":"BHGH","stop_name":"BHAIRGACHHI","operator":"Indian Railways","mode":"suburban_rail","source":"MobilityData Indian Railways GTFS (unofficial data)"},"geometry":{"type":"Point","coordinates":[88.634176,23.274939]}},{"type":"Feature","properties":{"stop_id":"BFZ","stop_name":"BHANDARTIKURI","operator":"Indian Railways","mode":"suburban_rail","source":"MobilityData Indian Railways GTFS (unofficial data)"},"geometry":{"type":"Point","coordinates":[88.329477,23.432852]}},{"type":"Feature","properties":{"stop_id":"BSLA","stop_name":"BHASILA","operator":"Indian Railways","mode":"suburban_rail","source":"MobilityData Indian Railways GTFS (unofficial data)"},"geometry":{"type":"Point","coordinates":[88.658295,22.665244]}},{"type":"Feature","properties":{"stop_id":"BTRH","stop_name":"BHATAR","operator":"Indian Railways","mode":"suburban_rail","source":"MobilityData Indian Railways GTFS (unofficial data)"},"geometry":{"type":"Point","coordinates":[87.9248,23.4063]}},{"type":"Feature","properties":{"stop_id":"BHNA","stop_name":"BHAYNA","operator":"Indian Railways","mode":"suburban_rail","source":"MobilityData Indian Railways GTFS (unofficial data)"},"geometry":{"type":"Point","coordinates":[88.641349,23.311951]}},{"type":"Feature","properties":{"stop_id":"BDH","stop_name":"BHEDIA","operator":"Indian Railways","mode":"suburban_rail","source":"MobilityData Indian Railways GTFS (unofficial data)"},"geometry":{"type":"Point","coordinates":[87.7118,23.5867]}},{"type":"Feature","properties":{"stop_id":"BOP","stop_name":"BHOGPUR","operator":"Indian Railways","mode":"suburban_rail","source":"MobilityData Indian Railways GTFS (unofficial data)"},"geometry":{"type":"Point","coordinates":[87.8095,22.402]}},{"type":"Feature","properties":{"stop_id":"BBLA","stop_name":"BHYABLA HALT","operator":"Indian Railways","mode":"suburban_rail","source":"MobilityData Indian Railways GTFS (unofficial data)"},"geometry":{"type":"Point","coordinates":[88.855362,22.65469]}},{"type":"Feature","properties":{"stop_id":"BNAA","stop_name":"BIBHUTI BHUSHAN  H","operator":"Indian Railways","mode":"suburban_rail","source":"MobilityData Indian Railways GTFS (unofficial data)"},"geometry":{"type":"Point","coordinates":[88.821719,23.027904]}},{"type":"Feature","properties":{"stop_id":"BNXR","stop_name":"BIDHAN NAGAR","operator":"Indian Railways","mode":"suburban_rail","source":"MobilityData Indian Railways GTFS (unofficial data)"},"geometry":{"type":"Point","coordinates":[88.3906,22.592]}},{"type":"Feature","properties":{"stop_id":"BDYP","stop_name":"BIDYADHARPUR","operator":"Indian Railways","mode":"suburban_rail","source":"MobilityData Indian Railways GTFS (unofficial data)"},"geometry":{"type":"Point","coordinates":[88.452902,22.425152]}},{"type":"Feature","properties":{"stop_id":"BSBP","stop_name":"BIR SHIBPUR","operator":"Indian Railways","mode":"suburban_rail","source":"MobilityData Indian Railways GTFS (unofficial data)"},"geometry":{"type":"Point","coordinates":[88.0535,22.4737]}},{"type":"Feature","properties":{"stop_id":"BIRA","stop_name":"BIRA","operator":"Indian Railways","mode":"suburban_rail","source":"MobilityData Indian Railways GTFS (unofficial data)"},"geometry":{"type":"Point","coordinates":[88.5716,22.7896]}},{"type":"Feature","properties":{"stop_id":"BBT","stop_name":"BIRATI","operator":"Indian Railways","mode":"suburban_rail","source":"MobilityData Indian Railways GTFS (unofficial data)"},"geometry":{"type":"Point","coordinates":[88.4276,22.6647]}},{"type":"Feature","properties":{"stop_id":"BIJ","stop_name":"BIRNAGAR","operator":"Indian Railways","mode":"suburban_rail","source":"MobilityData Indian Railways GTFS (unofficial data)"},"geometry":{"type":"Point","coordinates":[88.5517,23.2363]}},{"type":"Feature","properties":{"stop_id":"BRPK","stop_name":"BISHARPARA KODALIA","operator":"Indian Railways","mode":"suburban_rail","source":"MobilityData Indian Railways GTFS (unofficial data)"},"geometry":{"type":"Point","coordinates":[88.434641,22.676194]}},{"type":"Feature","properties":{"stop_id":"VSPR","stop_name":"BISHNUPRIYA","operator":"Indian Railways","mode":"suburban_rail","source":"MobilityData Indian Railways GTFS (unofficial data)"},"geometry":{"type":"Point","coordinates":[88.35557,23.413556]}},{"type":"Feature","properties":{"stop_id":"BOKA","stop_name":"BOKRA","operator":"Indian Railways","mode":"suburban_rail","source":"MobilityData Indian Railways GTFS (unofficial data)"},"geometry":{"type":"Point","coordinates":[87.92027,23.085279]}},{"type":"Feature","properties":{"stop_id":"BHP","stop_name":"BOLPUR S NIKTN","operator":"Indian Railways","mode":"suburban_rail","source":"MobilityData Indian Railways GTFS (unofficial data)"},"geometry":{"type":"Point","coordinates":[87.6985,23.6582]}},{"type":"Feature","properties":{"stop_id":"BWCN","stop_name":"BOWAICHANDI","operator":"Indian Railways","mode":"suburban_rail","source":"MobilityData Indian Railways GTFS (unofficial data)"},"geometry":{"type":"Point","coordinates":[87.7269,23.1315]}},{"type":"Feature","properties":{"stop_id":"BRJ","stop_name":"BRACE BRIDGE","operator":"Indian Railways","mode":"suburban_rail","source":"MobilityData Indian Railways GTFS (unofficial data)"},"geometry":{"type":"Point","coordinates":[88.3013,22.5177]}},{"type":"Feature","properties":{"stop_id":"CG","stop_name":"CANNING","operator":"Indian Railways","mode":"suburban_rail","source":"MobilityData Indian Railways GTFS (unofficial data)"},"geometry":{"type":"Point","coordinates":[88.6679,22.3137]}},{"type":"Feature","properties":{"stop_id":"CDH","stop_name":"CHAKDAHA","operator":"Indian Railways","mode":"suburban_rail","source":"MobilityData Indian Railways GTFS (unofficial data)"},"geometry":{"type":"Point","coordinates":[88.5298,23.0786]}},{"type":"Feature","properties":{"stop_id":"CMDG","stop_name":"CHAMARDIGHI","operator":"Indian Railways","mode":"suburban_rail","source":"MobilityData Indian Railways GTFS (unofficial data)"},"geometry":{"type":"Point","coordinates":[87.88908,23.329804]}},{"type":"Feature","properties":{"stop_id":"CHT","stop_name":"CHAMPAHATI","operator":"Indian Railways","mode":"suburban_rail","source":"MobilityData Indian Railways GTFS (unofficial data)"},"geometry":{"type":"Point","coordinates":[88.4934,22.4019]}},{"type":"Feature","properties":{"stop_id":"CQR","stop_name":"CHAMPAPUKUR","operator":"Indian Railways","mode":"suburban_rail","source":"MobilityData Indian Railways GTFS (unofficial data)"},"geometry":{"type":"Point","coordinates":[88.8076,22.6563]}},{"type":"Feature","properties":{"stop_id":"CHC","stop_name":"CHANCHAI","operator":"Indian Railways","mode":"suburban_rail","source":"MobilityData Indian Railways GTFS (unofficial data)"},"geometry":{"type":"Point","coordinates":[88.025851,23.158235]}},{"type":"Feature","properties":{"stop_id":"CGR","stop_name":"CHANDAN NAGAR","operator":"Indian Railways","mode":"suburban_rail","source":"MobilityData Indian Railways GTFS (unofficial data)"},"geometry":{"type":"Point","coordinates":[88.3541,22.8671]}},{"type":"Feature","properties":{"stop_id":"CDAE","stop_name":"CHANDANPUR","operator":"Indian Railways","mode":"suburban_rail","source":"MobilityData Indian Railways GTFS (unofficial data)"},"geometry":{"type":"Point","coordinates":[88.175797,22.88092]}},{"type":"Feature","properties":{"stop_id":"CDP","stop_name":"CHANDPARA","operator":"Indian Railways","mode":"suburban_rail","source":"MobilityData Indian Railways GTFS (unofficial data)"},"geometry":{"type":"Point","coordinates":[88.7853,22.9624]}},{"type":"Feature","properties":{"stop_id":"CGA","stop_name":"CHENGEL","operator":"Indian Railways","mode":"suburban_rail","source":"MobilityData Indian Railways GTFS (unofficial data)"},"geometry":{"type":"Point","coordinates":[88.13889,22.486825]}},{"type":"Feature","properties":{"stop_id":"CRAE","stop_name":"CHERAGRAM BH.","operator":"Indian Railways","mode":"suburban_rail","source":"MobilityData Indian Railways GTFS (unofficial data)"},"geometry":{"type":"Point","coordinates":[88.126316,22.993479]}},{"type":"Feature","properties":{"stop_id":"CNS","stop_name":"CHUCHURA","operator":"Indian Railways","mode":"suburban_rail","source":"MobilityData Indian Railways GTFS (unofficial data)"},"geometry":{"type":"Point","coordinates":[88.3695,22.8902]}},{"type":"Feature","properties":{"stop_id":"CPHT","stop_name":"COOPERS HALT","operator":"Indian Railways","mode":"suburban_rail","source":"MobilityData Indian Railways GTFS (unofficial data)"},"geometry":{"type":"Point","coordinates":[88.585481,23.157082]}},{"type":"Feature","properties":{"stop_id":"DHAE","stop_name":"DAINHAT","operator":"Indian Railways","mode":"suburban_rail","source":"MobilityData Indian Railways GTFS (unofficial data)"},"geometry":{"type":"Point","coordinates":[88.1697,23.6014]}},{"type":"Feature","properties":{"stop_id":"DAKE","stop_name":"DAKHINESWAR","operator":"Indian Railways","mode":"suburban_rail","source":"MobilityData Indian Railways GTFS (unofficial data)"},"geometry":{"type":"Point","coordinates":[88.3639,22.6538]}},{"type":"Feature","properties":{"stop_id":"DBT","stop_name":"DAKSHIN BARASAT","operator":"Indian Railways","mode":"suburban_rail","source":"MobilityData Indian Railways GTFS (unofficial data)"},"geometry":{"type":"Point","coordinates":[88.4526,22.2264]}},{"type":"Feature","properties":{"stop_id":"DKB","stop_name":"DAKSHIN BARI","operator":"Indian Railways","mode":"suburban_rail","source":"MobilityData Indian Railways GTFS (unofficial data)"},"geometry":{"type":"Point","coordinates":[88.178501,22.657106]}},{"type":"Feature","properties":{"stop_id":"DKDP","stop_name":"DAKSHIN DURGAPR","operator":"Indian Railways","mode":"suburban_rail","source":"MobilityData Indian Railways GTFS (unofficial data)"},"geometry":{"type":"Point","coordinates":[88.399258,22.308791]}},{"type":"Feature","properties":{"stop_id":"DKAE","stop_name":"DANKUNI","operator":"Indian Railways","mode":"suburban_rail","source":"MobilityData Indian Railways GTFS (unofficial data)"},"geometry":{"type":"Point","coordinates":[88.291411,22.677342]}},{"type":"Feature","properties":{"stop_id":"DNI","stop_name":"DANSI","operator":"Indian Railways","mode":"suburban_rail","source":"MobilityData Indian Railways GTFS (unofficial data)"},"geometry":{"type":"Point","coordinates":[88.268108,22.620983]}},{"type":"Feature","properties":{"stop_id":"DSNR","stop_name":"DASHNAGAR","operator":"Indian Railways","mode":"suburban_rail","source":"MobilityData Indian Railways GTFS (unofficial data)"},"geometry":{"type":"Point","coordinates":[88.3084,22.5983]}},{"type":"Feature","properties":{"stop_id":"DLM","stop_name":"DASKALGRAM","operator":"Indian Railways","mode":"suburban_rail","source":"MobilityData Indian Railways GTFS (unofficial data)"},"geometry":{"type":"Point","coordinates":[87.930901,23.749741]}},{"type":"Feature","properties":{"stop_id":"DTK","stop_name":"DATTAPUKUR","operator":"Indian Railways","mode":"suburban_rail","source":"MobilityData Indian Railways GTFS (unofficial data)"},"geometry":{"type":"Point","coordinates":[88.5397,22.7685]}},{"type":"Feature","properties":{"stop_id":"DEB","stop_name":"DEBAGRAM","operator":"Indian Railways","mode":"suburban_rail","source":"MobilityData Indian Railways GTFS (unofficial data)"},"geometry":{"type":"Point","coordinates":[88.3072,23.6857]}},{"type":"Feature","properties":{"stop_id":"DBP","stop_name":"DEBIPUR","operator":"Indian Railways","mode":"suburban_rail","source":"MobilityData Indian Railways GTFS (unofficial data)"},"geometry":{"type":"Point","coordinates":[88.1575,23.1432]}},{"type":"Feature","properties":{"stop_id":"DSPN","stop_name":"DESHPRAN PH","operator":"Indian Railways","mode":"suburban_rail","source":"MobilityData Indian Railways GTFS (unofficial data)"},"geometry":{"type":"Point","coordinates":[87.8174,22.0297]}},{"type":"Feature","properties":{"stop_id":"D","stop_name":"DEULA","operator":"Indian Railways","mode":"suburban_rail","source":"MobilityData Indian Railways GTFS (unofficial data)"},"geometry":{"type":"Point","coordinates":[88.280983,22.214424]}},{"type":"Feature","properties":{"stop_id":"DTE","stop_name":"DEULTI","operator":"Indian Railways","mode":"suburban_rail","source":"MobilityData Indian Railways GTFS (unofficial data)"},"geometry":{"type":"Point","coordinates":[87.9141,22.4529]}},{"type":"Feature","properties":{"stop_id":"DGF","stop_name":"DHAGARIA","operator":"Indian Railways","mode":"suburban_rail","source":"MobilityData Indian Railways GTFS (unofficial data)"},"geometry":{"type":"Point","coordinates":[87.5058,23.2425]}},{"type":"Feature","properties":{"stop_id":"DHK","stop_name":"DHAKURIA","operator":"Indian Railways","mode":"suburban_rail","source":"MobilityData Indian Railways GTFS (unofficial data)"},"geometry":{"type":"Point","coordinates":[88.3715,22.5155]}},{"type":"Feature","properties":{"stop_id":"DMU","stop_name":"DHAMUA","operator":"Indian Railways","mode":"suburban_rail","source":"MobilityData Indian Railways GTFS (unofficial data)"},"geometry":{"type":"Point","coordinates":[88.392048,22.290049]}},{"type":"Feature","properties":{"stop_id":"DNHL","stop_name":"DHANIAKHALI  HALT","operator":"Indian Railways","mode":"suburban_rail","source":"MobilityData Indian Railways GTFS (unofficial data)"},"geometry":{"type":"Point","coordinates":[88.143911,22.95045]}},{"type":"Feature","properties":{"stop_id":"DPDP","stop_name":"DHAPDHAPI","operator":"Indian Railways","mode":"suburban_rail","source":"MobilityData Indian Railways GTFS (unofficial data)"},"geometry":{"type":"Point","coordinates":[88.4601,22.3162]}},{"type":"Feature","properties":{"stop_id":"DTAE","stop_name":"DHATRIGRAM","operator":"Indian Railways","mode":"suburban_rail","source":"MobilityData Indian Railways GTFS (unofficial data)"},"geometry":{"type":"Point","coordinates":[88.3118,23.2778]}},{"type":"Feature","properties":{"stop_id":"DHU","stop_name":"DHUBULIA","operator":"Indian Railways","mode":"suburban_rail","source":"MobilityData Indian Railways GTFS (unofficial data)"},"geometry":{"type":"Point","coordinates":[88.4413,23.4837]}},{"type":"Feature","properties":{"stop_id":"DH","stop_name":"DIAMOND HARBOUR","operator":"Indian Railways","mode":"suburban_rail","source":"MobilityData Indian Railways GTFS (unofficial data)"},"geometry":{"type":"Point","coordinates":[88.190346,22.192332]}},{"type":"Feature","properties":{"stop_id":"DEA","stop_name":"DIARA","operator":"Indian Railways","mode":"suburban_rail","source":"MobilityData Indian Railways GTFS (unofficial data)"},"geometry":{"type":"Point","coordinates":[88.280811,22.798497]}},{"type":"Feature","properties":{"stop_id":"DGHA","stop_name":"DIGHA","operator":"Indian Railways","mode":"suburban_rail","source":"MobilityData Indian Railways GTFS (unofficial data)"},"geometry":{"type":"Point","coordinates":[87.508,21.6227]}},{"type":"Feature","properties":{"stop_id":"DTG","stop_name":"DIGNAGAR","operator":"Indian Railways","mode":"suburban_rail","source":"MobilityData Indian Railways GTFS (unofficial data)"},"geometry":{"type":"Point","coordinates":[87.6633,23.3657]}},{"type":"Feature","properties":{"stop_id":"DJR","stop_name":"DOMJUR","operator":"Indian Railways","mode":"suburban_rail","source":"MobilityData Indian Railways GTFS (unofficial data)"},"geometry":{"type":"Point","coordinates":[88.2123,22.6415]}},{"type":"Feature","properties":{"stop_id":"DMJR","stop_name":"DOMJUR ROAD","operator":"Indian Railways","mode":"suburban_rail","source":"MobilityData Indian Railways GTFS (unofficial data)"},"geometry":{"type":"Point","coordinates":[88.221931,22.635639]}},{"type":"Feature","properties":{"stop_id":"DUAN","stop_name":"DUAN","operator":"Indian Railways","mode":"suburban_rail","source":"MobilityData Indian Railways GTFS (unofficial data)"},"geometry":{"type":"Point","coordinates":[87.588158,22.354045]}},{"type":"Feature","properties":{"stop_id":"DDJ","stop_name":"DUM DUM","operator":"Indian Railways","mode":"suburban_rail","source":"MobilityData Indian Railways GTFS (unofficial data)"},"geometry":{"type":"Point","coordinates":[88.3927,22.6216]}},{"type":"Feature","properties":{"stop_id":"DDC","stop_name":"DUM DUM CANT","operator":"Indian Railways","mode":"suburban_rail","source":"MobilityData Indian Railways GTFS (unofficial data)"},"geometry":{"type":"Point","coordinates":[88.4119,22.6366]}},{"type":"Feature","properties":{"stop_id":"DMLE","stop_name":"DUMURDAHA","operator":"Indian Railways","mode":"suburban_rail","source":"MobilityData Indian Railways GTFS (unofficial data)"},"geometry":{"type":"Point","coordinates":[88.432302,23.039693]}},{"type":"Feature","properties":{"stop_id":"DZKT","stop_name":"DURGA CHAK TOWN","operator":"Indian Railways","mode":"suburban_rail","source":"MobilityData Indian Railways GTFS (unofficial data)"},"geometry":{"type":"Point","coordinates":[88.1356,22.0664]}},{"type":"Feature","properties":{"stop_id":"DZK","stop_name":"DURGACHAK","operator":"Indian Railways","mode":"suburban_rail","source":"MobilityData Indian Railways GTFS (unofficial data)"},"geometry":{"type":"Point","coordinates":[88.1552,22.082]}},{"type":"Feature","properties":{"stop_id":"DGNR","stop_name":"DURGANAGAR","operator":"Indian Railways","mode":"suburban_rail","source":"MobilityData Indian Railways GTFS (unofficial data)"},"geometry":{"type":"Point","coordinates":[88.41917,22.650928]}},{"type":"Feature","properties":{"stop_id":"EDG","stop_name":"EDEN GARDENS","operator":"Indian Railways","mode":"suburban_rail","source":"MobilityData Indian Railways GTFS (unofficial data)"},"geometry":{"type":"Point","coordinates":[88.339262,22.564997]}},{"type":"Feature","properties":{"stop_id":"FLR","stop_name":"FULESWAR","operator":"Indian Railways","mode":"suburban_rail","source":"MobilityData Indian Railways GTFS (unofficial data)"},"geometry":{"type":"Point","coordinates":[88.11224,22.476396]}},{"type":"Feature","properties":{"stop_id":"GLI","stop_name":"GALSI","operator":"Indian Railways","mode":"suburban_rail","source":"MobilityData Indian Railways GTFS (unofficial data)"},"geometry":{"type":"Point","coordinates":[87.6814,23.3582]}},{"type":"Feature","properties":{"stop_id":"GGLE","stop_name":"GANGATIKURI","operator":"Indian Railways","mode":"suburban_rail","source":"MobilityData Indian Railways GTFS (unofficial data)"},"geometry":{"type":"Point","coordinates":[88.087,23.7179]}},{"type":"Feature","properties":{"stop_id":"GGP","stop_name":"GANGNAPUR","operator":"Indian Railways","mode":"suburban_rail","source":"MobilityData Indian Railways GTFS (unofficial data)"},"geometry":{"type":"Point","coordinates":[88.640206,23.131658]}},{"type":"Feature","properties":{"stop_id":"GRP","stop_name":"GANGPUR","operator":"Indian Railways","mode":"suburban_rail","source":"MobilityData Indian Railways GTFS (unofficial data)"},"geometry":{"type":"Point","coordinates":[87.9278,23.2232]}},{"type":"Feature","properties":{"stop_id":"GIA","stop_name":"GARIA","operator":"Indian Railways","mode":"suburban_rail","source":"MobilityData Indian Railways GTFS (unofficial data)"},"geometry":{"type":"Point","coordinates":[88.4042,22.4665]}},{"type":"Feature","properties":{"stop_id":"GFAE","stop_name":"GARIFA","operator":"Indian Railways","mode":"suburban_rail","source":"MobilityData Indian Railways GTFS (unofficial data)"},"geometry":{"type":"Point","coordinates":[88.4099,22.9084]}},{"type":"Feature","properties":{"stop_id":"GEDE","stop_name":"GEDE","operator":"Indian Railways","mode":"suburban_rail","source":"MobilityData Indian Railways GTFS (unofficial data)"},"geometry":{"type":"Point","coordinates":[88.787127,23.491587]}},{"type":"Feature","properties":{"stop_id":"GHDA","stop_name":"GHOLBAGDA","operator":"Indian Railways","mode":"suburban_rail","source":"MobilityData Indian Railways GTFS (unofficial data)"},"geometry":{"type":"Point","coordinates":[87.7682214,21.9173335]}},{"type":"Feature","properties":{"stop_id":"GGTA","stop_name":"GHORAGHATA","operator":"Indian Railways","mode":"suburban_rail","source":"MobilityData Indian Railways GTFS (unofficial data)"},"geometry":{"type":"Point","coordinates":[87.9438,22.4579]}},{"type":"Feature","properties":{"stop_id":"GGV","stop_name":"GHOVARASH GHONA","operator":"Indian Railways","mode":"suburban_rail","source":"MobilityData Indian Railways GTFS (unofficial data)"},"geometry":{"type":"Point","coordinates":[88.783092,22.651878]}},{"type":"Feature","properties":{"stop_id":"GOF","stop_name":"GHUTIARI SHARIF","operator":"Indian Railways","mode":"suburban_rail","source":"MobilityData Indian Railways GTFS (unofficial data)"},"geometry":{"type":"Point","coordinates":[88.5524,22.368]}},{"type":"Feature","properties":{"stop_id":"GBG","stop_name":"GOBARDANGA","operator":"Indian Railways","mode":"suburban_rail","source":"MobilityData Indian Railways GTFS (unofficial data)"},"geometry":{"type":"Point","coordinates":[88.7606,22.88]}},{"type":"Feature","properties":{"stop_id":"GBRA","stop_name":"GOBRA","operator":"Indian Railways","mode":"suburban_rail","source":"MobilityData Indian Railways GTFS (unofficial data)"},"geometry":{"type":"Point","coordinates":[88.279524,22.695754]}},{"type":"Feature","properties":{"stop_id":"GCN","stop_name":"GOCHARAN","operator":"Indian Railways","mode":"suburban_rail","source":"MobilityData Indian Railways GTFS (unofficial data)"},"geometry":{"type":"Point","coordinates":[88.45861,22.277978]}},{"type":"Feature","properties":{"stop_id":"GOGT","stop_name":"GOGHAT","operator":"Indian Railways","mode":"suburban_rail","source":"MobilityData Indian Railways GTFS (unofficial data)"},"geometry":{"type":"Point","coordinates":[87.707891,22.898733]}},{"type":"Feature","properties":{"stop_id":"GN","stop_name":"GOPAL NAGAR","operator":"Indian Railways","mode":"suburban_rail","source":"MobilityData Indian Railways GTFS (unofficial data)"},"geometry":{"type":"Point","coordinates":[88.745327,23.062359]}},{"type":"Feature","properties":{"stop_id":"GOR","stop_name":"GOPINATHPUR","operator":"Indian Railways","mode":"suburban_rail","source":"MobilityData Indian Railways GTFS (unofficial data)"},"geometry":{"type":"Point","coordinates":[87.8464,23.0885]}},{"type":"Feature","properties":{"stop_id":"GQD","stop_name":"GOURDAHA (HALT)","operator":"Indian Railways","mode":"suburban_rail","source":"MobilityData Indian Railways GTFS (unofficial data)"},"geometry":{"type":"Point","coordinates":[88.534441,22.378333]}},{"type":"Feature","properties":{"stop_id":"GMDP","stop_name":"GRAMDADPUR","operator":"Indian Railways","mode":"suburban_rail","source":"MobilityData Indian Railways GTFS (unofficial data)"},"geometry":{"type":"Point","coordinates":[87.998461,23.115683]}},{"type":"Feature","properties":{"stop_id":"GSQ","stop_name":"GUIR SARANGA","operator":"Indian Railways","mode":"suburban_rail","source":"MobilityData Indian Railways GTFS (unofficial data)"},"geometry":{"type":"Point","coordinates":[87.755,23.1256]}},{"type":"Feature","properties":{"stop_id":"GUMA","stop_name":"GUMA","operator":"Indian Railways","mode":"suburban_rail","source":"MobilityData Indian Railways GTFS (unofficial data)"},"geometry":{"type":"Point","coordinates":[88.6004,22.8083]}},{"type":"Feature","properties":{"stop_id":"GPAE","stop_name":"GUPTIPARA","operator":"Indian Railways","mode":"suburban_rail","source":"MobilityData Indian Railways GTFS (unofficial data)"},"geometry":{"type":"Point","coordinates":[88.4175,23.197]}},{"type":"Feature","properties":{"stop_id":"GRAE","stop_name":"GURAP","operator":"Indian Railways","mode":"suburban_rail","source":"MobilityData Indian Railways GTFS (unofficial data)"},"geometry":{"type":"Point","coordinates":[88.1119,23.025]}},{"type":"Feature","properties":{"stop_id":"GURN","stop_name":"GURUDAS NAGAR","operator":"Indian Railways","mode":"suburban_rail","source":"MobilityData Indian Railways GTFS (unofficial data)"},"geometry":{"type":"Point","coordinates":[88.215408,22.199803]}},{"type":"Feature","properties":{"stop_id":"GKH","stop_name":"GUSKARA","operator":"Indian Railways","mode":"suburban_rail","source":"MobilityData Indian Railways GTFS (unofficial data)"},"geometry":{"type":"Point","coordinates":[87.7337,23.4903]}},{"type":"Feature","properties":{"stop_id":"HPUR","stop_name":"HABASPUR","operator":"Indian Railways","mode":"suburban_rail","source":"MobilityData Indian Railways GTFS (unofficial data)"},"geometry":{"type":"Point","coordinates":[88.0039459,23.1209805]}},{"type":"Feature","properties":{"stop_id":"HBE","stop_name":"HABIBPUR","operator":"Indian Railways","mode":"suburban_rail","source":"MobilityData Indian Railways GTFS (unofficial data)"},"geometry":{"type":"Point","coordinates":[88.538303,23.211847]}},{"type":"Feature","properties":{"stop_id":"HB","stop_name":"HABRA","operator":"Indian Railways","mode":"suburban_rail","source":"MobilityData Indian Railways GTFS (unofficial data)"},"geometry":{"type":"Point","coordinates":[88.6577,22.8408]}},{"type":"Feature","properties":{"stop_id":"HIH","stop_name":"HAJIGARH","operator":"Indian Railways","mode":"suburban_rail","source":"MobilityData Indian Railways GTFS (unofficial data)"},"geometry":{"type":"Point","coordinates":[88.1211,23.0067]}},{"type":"Feature","properties":{"stop_id":"HLZ","stop_name":"HALDIA","operator":"Indian Railways","mode":"suburban_rail","source":"MobilityData Indian Railways GTFS (unofficial data)"},"geometry":{"type":"Point","coordinates":[88.0664,22.0453]}},{"type":"Feature","properties":{"stop_id":"HLR","stop_name":"HALISAHAR","operator":"Indian Railways","mode":"suburban_rail","source":"MobilityData Indian Railways GTFS (unofficial data)"},"geometry":{"type":"Point","coordinates":[88.436852,22.921559]}},{"type":"Feature","properties":{"stop_id":"HPL","stop_name":"HARIPAL","operator":"Indian Railways","mode":"suburban_rail","source":"MobilityData Indian Railways GTFS (unofficial data)"},"geometry":{"type":"Point","coordinates":[88.1188,22.8314]}},{"type":"Feature","properties":{"stop_id":"HRSR","stop_name":"HARISH NAGAR HALT","operator":"Indian Railways","mode":"suburban_rail","source":"MobilityData Indian Railways GTFS (unofficial data)"},"geometry":{"type":"Point","coordinates":[88.777599,23.469387]}},{"type":"Feature","properties":{"stop_id":"HDC","stop_name":"HARISHDADPUR  PH","operator":"Indian Railways","mode":"suburban_rail","source":"MobilityData Indian Railways GTFS (unofficial data)"},"geometry":{"type":"Point","coordinates":[88.046837,22.577242]}},{"type":"Feature","properties":{"stop_id":"HRO","stop_name":"HARUA ROAD","operator":"Indian Railways","mode":"suburban_rail","source":"MobilityData Indian Railways GTFS (unofficial data)"},"geometry":{"type":"Point","coordinates":[88.6902,22.6618]}},{"type":"Feature","properties":{"stop_id":"HNB","stop_name":"HASANABAD","operator":"Indian Railways","mode":"suburban_rail","source":"MobilityData Indian Railways GTFS (unofficial data)"},"geometry":{"type":"Point","coordinates":[88.9133,22.5705]}},{"type":"Feature","properties":{"stop_id":"HAUR","stop_name":"HAUR","operator":"Indian Railways","mode":"suburban_rail","source":"MobilityData Indian Railways GTFS (unofficial data)"},"geometry":{"type":"Point","coordinates":[87.6554,22.3656]}},{"type":"Feature","properties":{"stop_id":"HEN","stop_name":"HENRIA PH","operator":"Indian Railways","mode":"suburban_rail","source":"MobilityData Indian Railways GTFS (unofficial data)"},"geometry":{"type":"Point","coordinates":[87.795696,21.975046]}},{"type":"Feature","properties":{"stop_id":"HMZ","stop_name":"HIND MOTOR","operator":"Indian Railways","mode":"suburban_rail","source":"MobilityData Indian Railways GTFS (unofficial data)"},"geometry":{"type":"Point","coordinates":[88.341665,22.683796]}},{"type":"Feature","properties":{"stop_id":"HGA","stop_name":"HOGLA","operator":"Indian Railways","mode":"suburban_rail","source":"MobilityData Indian Railways GTFS (unofficial data)"},"geometry":{"type":"Point","coordinates":[88.452044,22.254704]}},{"type":"Feature","properties":{"stop_id":"HYG","stop_name":"HOOGHLY GHAT","operator":"Indian Railways","mode":"suburban_rail","source":"MobilityData Indian Railways GTFS (unofficial data)"},"geometry":{"type":"Point","coordinates":[88.3960861,22.9048311]}},{"type":"Feature","properties":{"stop_id":"HGY","stop_name":"HOOGHLY GHAT","operator":"Indian Railways","mode":"suburban_rail","source":"MobilityData Indian Railways GTFS (unofficial data)"},"geometry":{"type":"Point","coordinates":[88.3887523,22.9040817]}},{"type":"Feature","properties":{"stop_id":"HT","stop_name":"HOTAR","operator":"Indian Railways","mode":"suburban_rail","source":"MobilityData Indian Railways GTFS (unofficial data)"},"geometry":{"type":"Point","coordinates":[88.399258,22.308791]}},{"type":"Feature","properties":{"stop_id":"HWH","stop_name":"HOWRAH JN","operator":"Indian Railways","mode":"suburban_rail","source":"MobilityData Indian Railways GTFS (unofficial data)"},"geometry":{"type":"Point","coordinates":[88.340979,22.584058]}},{"type":"Feature","properties":{"stop_id":"HHR","stop_name":"HRIDAYPUR","operator":"Indian Railways","mode":"suburban_rail","source":"MobilityData Indian Railways GTFS (unofficial data)"},"geometry":{"type":"Point","coordinates":[88.469982,22.710798]}},{"type":"Feature","properties":{"stop_id":"IP","stop_name":"ICHHAPUR","operator":"Indian Railways","mode":"suburban_rail","source":"MobilityData Indian Railways GTFS (unofficial data)"},"geometry":{"type":"Point","coordinates":[88.3736,22.8]}},{"type":"Feature","properties":{"stop_id":"INS","stop_name":"INDAS","operator":"Indian Railways","mode":"suburban_rail","source":"MobilityData Indian Railways GTFS (unofficial data)"},"geometry":{"type":"Point","coordinates":[87.6334,23.1579]}},{"type":"Feature","properties":{"stop_id":"INCI","stop_name":"ISHAN CHANDI HALT","operator":"Indian Railways","mode":"suburban_rail","source":"MobilityData Indian Railways GTFS (unofficial data)"},"geometry":{"type":"Point","coordinates":[87.7378219,23.3349643]}},{"type":"Feature","properties":{"stop_id":"IPRA","stop_name":"ISLAMPARA HALT","operator":"Indian Railways","mode":"suburban_rail","source":"MobilityData Indian Railways GTFS (unofficial data)"},"geometry":{"type":"Point","coordinates":[88.392904,22.969402]}},{"type":"Feature","properties":{"stop_id":"JDP","stop_name":"JADABPUR","operator":"Indian Railways","mode":"suburban_rail","source":"MobilityData Indian Railways GTFS (unofficial data)"},"geometry":{"type":"Point","coordinates":[88.3743,22.4951]}},{"type":"Feature","properties":{"stop_id":"JGDL","stop_name":"JAGADAL","operator":"Indian Railways","mode":"suburban_rail","source":"MobilityData Indian Railways GTFS (unofficial data)"},"geometry":{"type":"Point","coordinates":[88.394966,22.851184]}},{"type":"Feature","properties":{"stop_id":"JKL","stop_name":"JALALKHALI HALT","operator":"Indian Railways","mode":"suburban_rail","source":"MobilityData Indian Railways GTFS (unofficial data)"},"geometry":{"type":"Point","coordinates":[88.513498,23.347378]}},{"type":"Feature","properties":{"stop_id":"JLI","stop_name":"JALASI PH","operator":"Indian Railways","mode":"suburban_rail","source":"MobilityData Indian Railways GTFS (unofficial data)"},"geometry":{"type":"Point","coordinates":[88.05748,22.588337]}},{"type":"Feature","properties":{"stop_id":"JOX","stop_name":"JANAI ROAD","operator":"Indian Railways","mode":"suburban_rail","source":"MobilityData Indian Railways GTFS (unofficial data)"},"geometry":{"type":"Point","coordinates":[88.2648,22.7221]}},{"type":"Feature","properties":{"stop_id":"JRAE","stop_name":"JAUGRAM","operator":"Indian Railways","mode":"suburban_rail","source":"MobilityData Indian Railways GTFS (unofficial data)"},"geometry":{"type":"Point","coordinates":[88.080697,23.078547]}},{"type":"Feature","properties":{"stop_id":"JNM","stop_name":"JAYNGR MAJLIPUR","operator":"Indian Railways","mode":"suburban_rail","source":"MobilityData Indian Railways GTFS (unofficial data)"},"geometry":{"type":"Point","coordinates":[88.4156,22.169]}},{"type":"Feature","properties":{"stop_id":"JRBI","stop_name":"JAYRAMBATI","operator":"Indian Railways","mode":"suburban_rail","source":"MobilityData Indian Railways GTFS (unofficial data)"},"geometry":{"type":"Point","coordinates":[87.60631,22.920099]}},{"type":"Feature","properties":{"stop_id":"JLBR","stop_name":"JHALLURBAR","operator":"Indian Railways","mode":"suburban_rail","source":"MobilityData Indian Railways GTFS (unofficial data)"},"geometry":{"type":"Point","coordinates":[88.252144,22.627163]}},{"type":"Feature","properties":{"stop_id":"JPQ","stop_name":"JHAPANDANGA","operator":"Indian Railways","mode":"suburban_rail","source":"MobilityData Indian Railways GTFS (unofficial data)"},"geometry":{"type":"Point","coordinates":[88.0909,23.0639]}},{"type":"Feature","properties":{"stop_id":"JTL","stop_name":"JHAPATER DHAL","operator":"Indian Railways","mode":"suburban_rail","source":"MobilityData Indian Railways GTFS (unofficial data)"},"geometry":{"type":"Point","coordinates":[87.7496,23.3671]}},{"type":"Feature","properties":{"stop_id":"JIT","stop_name":"JIRAT","operator":"Indian Railways","mode":"suburban_rail","source":"MobilityData Indian Railways GTFS (unofficial data)"},"geometry":{"type":"Point","coordinates":[88.4615,23.0983]}},{"type":"Feature","properties":{"stop_id":"JHBN","stop_name":"JMTPUR BAHARAN","operator":"Indian Railways","mode":"suburban_rail","source":"MobilityData Indian Railways GTFS (unofficial data)"},"geometry":{"type":"Point","coordinates":[88.0986,23.7499]}},{"type":"Feature","properties":{"stop_id":"GNND","stop_name":"JNANDAS KANDRA","operator":"Indian Railways","mode":"suburban_rail","source":"MobilityData Indian Railways GTFS (unofficial data)"},"geometry":{"type":"Point","coordinates":[87.98521,23.736169]}},{"type":"Feature","properties":{"stop_id":"KCY","stop_name":"KAICHAR","operator":"Indian Railways","mode":"suburban_rail","source":"MobilityData Indian Railways GTFS (unofficial data)"},"geometry":{"type":"Point","coordinates":[88.0116,23.5372]}},{"type":"Feature","properties":{"stop_id":"KKAE","stop_name":"KAIKALA","operator":"Indian Railways","mode":"suburban_rail","source":"MobilityData Indian Railways GTFS (unofficial data)"},"geometry":{"type":"Point","coordinates":[88.092889,22.839497]}},{"type":"Feature","properties":{"stop_id":"KLKR","stop_name":"KALIKAPUR","operator":"Indian Railways","mode":"suburban_rail","source":"MobilityData Indian Railways GTFS (unofficial data)"},"geometry":{"type":"Point","coordinates":[88.4749,22.4125]}},{"type":"Feature","properties":{"stop_id":"KLNT","stop_name":"KALINAGAR","operator":"Indian Railways","mode":"suburban_rail","source":"MobilityData Indian Railways GTFS (unofficial data)"},"geometry":{"type":"Point","coordinates":[88.335459,23.365501]}},{"type":"Feature","properties":{"stop_id":"KLNP","stop_name":"KALINARYNPUR JN","operator":"Indian Railways","mode":"suburban_rail","source":"MobilityData Indian Railways GTFS (unofficial data)"},"geometry":{"type":"Point","coordinates":[88.5736,23.2069]}},{"type":"Feature","properties":{"stop_id":"KYI","stop_name":"KALYANI","operator":"Indian Railways","mode":"suburban_rail","source":"MobilityData Indian Railways GTFS (unofficial data)"},"geometry":{"type":"Point","coordinates":[88.4675,22.9692]}},{"type":"Feature","properties":{"stop_id":"KLYG","stop_name":"KALYANI GHOSHPARA","operator":"Indian Railways","mode":"suburban_rail","source":"MobilityData Indian Railways GTFS (unofficial data)"},"geometry":{"type":"Point","coordinates":[88.439558,22.981878]}},{"type":"Feature","properties":{"stop_id":"KLYS","stop_name":"KALYANI SILPANCHAL","operator":"Indian Railways","mode":"suburban_rail","source":"MobilityData Indian Railways GTFS (unofficial data)"},"geometry":{"type":"Point","coordinates":[88.456593,22.976095]}},{"type":"Feature","properties":{"stop_id":"KLYM","stop_name":"KALYANI SIMANTA","operator":"Indian Railways","mode":"suburban_rail","source":"MobilityData Indian Railways GTFS (unofficial data)"},"geometry":{"type":"Point","coordinates":[88.427839,22.987474]}},{"type":"Feature","properties":{"stop_id":"KYP","stop_name":"KALYANPUR","operator":"Indian Railways","mode":"suburban_rail","source":"MobilityData Indian Railways GTFS (unofficial data)"},"geometry":{"type":"Point","coordinates":[88.414707,22.343566]}},{"type":"Feature","properties":{"stop_id":"KYB","stop_name":"KALYAR","operator":"Indian Railways","mode":"suburban_rail","source":"MobilityData Indian Railways GTFS (unofficial data)"},"geometry":{"type":"Point","coordinates":[87.7696,23.122]}},{"type":"Feature","properties":{"stop_id":"KQU","stop_name":"KAMARKUNDU","operator":"Indian Railways","mode":"suburban_rail","source":"MobilityData Indian Railways GTFS (unofficial data)"},"geometry":{"type":"Point","coordinates":[88.204937,22.821441]}},{"type":"Feature","properties":{"stop_id":"KQLS","stop_name":"KAMARKUNDU (LOWER)","operator":"Indian Railways","mode":"suburban_rail","source":"MobilityData Indian Railways GTFS (unofficial data)"},"geometry":{"type":"Point","coordinates":[88.204139,22.820729]}},{"type":"Feature","properties":{"stop_id":"KMRA","stop_name":"KAMNARA","operator":"Indian Railways","mode":"suburban_rail","source":"MobilityData Indian Railways GTFS (unofficial data)"},"geometry":{"type":"Point","coordinates":[87.8802,23.2989]}},{"type":"Feature","properties":{"stop_id":"KPA","stop_name":"KANCHRAPARA","operator":"Indian Railways","mode":"suburban_rail","source":"MobilityData Indian Railways GTFS (unofficial data)"},"geometry":{"type":"Point","coordinates":[88.4512,22.946]}},{"type":"Feature","properties":{"stop_id":"KNR","stop_name":"KANKINARA","operator":"Indian Railways","mode":"suburban_rail","source":"MobilityData Indian Railways GTFS (unofficial data)"},"geometry":{"type":"Point","coordinates":[88.4047,22.8654]}},{"type":"Feature","properties":{"stop_id":"KMZA","stop_name":"KANKRA MIRZANGR","operator":"Indian Railways","mode":"suburban_rail","source":"MobilityData Indian Railways GTFS (unofficial data)"},"geometry":{"type":"Point","coordinates":[88.721638,22.658215]}},{"type":"Feature","properties":{"stop_id":"KGK","stop_name":"KANKURGACHHI ROAD JN","operator":"Indian Railways","mode":"suburban_rail","source":"MobilityData Indian Railways GTFS (unofficial data)"},"geometry":{"type":"Point","coordinates":[88.385439,22.572963]}},{"type":"Feature","properties":{"stop_id":"KNJI","stop_name":"KARANJALI  HALT","operator":"Indian Railways","mode":"suburban_rail","source":"MobilityData Indian Railways GTFS (unofficial data)"},"geometry":{"type":"Point","coordinates":[88.245509,22.03481]}},{"type":"Feature","properties":{"stop_id":"KBGH","stop_name":"KAREA KDMBGACHI","operator":"Indian Railways","mode":"suburban_rail","source":"MobilityData Indian Railways GTFS (unofficial data)"},"geometry":{"type":"Point","coordinates":[88.534527,22.704939]}},{"type":"Feature","properties":{"stop_id":"KJRA","stop_name":"KARJANA","operator":"Indian Railways","mode":"suburban_rail","source":"MobilityData Indian Railways GTFS (unofficial data)"},"geometry":{"type":"Point","coordinates":[87.8921,23.3443]}},{"type":"Feature","properties":{"stop_id":"KJRM","stop_name":"KARJANAGRAM","operator":"Indian Railways","mode":"suburban_rail","source":"MobilityData Indian Railways GTFS (unofficial data)"},"geometry":{"type":"Point","coordinates":[87.8938,23.3515]}},{"type":"Feature","properties":{"stop_id":"KHGR","stop_name":"KASHINAGAR HALT","operator":"Indian Railways","mode":"suburban_rail","source":"MobilityData Indian Railways GTFS (unofficial data)"},"geometry":{"type":"Point","coordinates":[88.201163,21.905234]}},{"type":"Feature","properties":{"stop_id":"KATI","stop_name":"KATHI","operator":"Indian Railways","mode":"suburban_rail","source":"MobilityData Indian Railways GTFS (unofficial data)"},"geometry":{"type":"Point","coordinates":[87.733898,21.788513]}},{"type":"Feature","properties":{"stop_id":"KWAE","stop_name":"KATWA","operator":"Indian Railways","mode":"suburban_rail","source":"MobilityData Indian Railways GTFS (unofficial data)"},"geometry":{"type":"Point","coordinates":[88.123655,23.639885]}},{"type":"Feature","properties":{"stop_id":"KZPR","stop_name":"KAZIPARA","operator":"Indian Railways","mode":"suburban_rail","source":"MobilityData Indian Railways GTFS (unofficial data)"},"geometry":{"type":"Point","coordinates":[88.5054801,22.7229014]}},{"type":"Feature","properties":{"stop_id":"KSBP","stop_name":"KESHABPUR","operator":"Indian Railways","mode":"suburban_rail","source":"MobilityData Indian Railways GTFS (unofficial data)"},"geometry":{"type":"Point","coordinates":[87.948732,22.221734]}},{"type":"Feature","properties":{"stop_id":"KMAE","stop_name":"KHAMARGACHHI","operator":"Indian Railways","mode":"suburban_rail","source":"MobilityData Indian Railways GTFS (unofficial data)"},"geometry":{"type":"Point","coordinates":[88.4438,23.0539]}},{"type":"Feature","properties":{"stop_id":"KAN","stop_name":"KHANA JN","operator":"Indian Railways","mode":"suburban_rail","source":"MobilityData Indian Railways GTFS (unofficial data)"},"geometry":{"type":"Point","coordinates":[87.7699,23.3209]}},{"type":"Feature","properties":{"stop_id":"KHN","stop_name":"KHANYAN","operator":"Indian Railways","mode":"suburban_rail","source":"MobilityData Indian Railways GTFS (unofficial data)"},"geometry":{"type":"Point","coordinates":[88.314972,23.046722]}},{"type":"Feature","properties":{"stop_id":"KDH","stop_name":"KHARDAHA","operator":"Indian Railways","mode":"suburban_rail","source":"MobilityData Indian Railways GTFS (unofficial data)"},"geometry":{"type":"Point","coordinates":[88.3774,22.7253]}},{"type":"Feature","properties":{"stop_id":"KSHT","stop_name":"KHETIA","operator":"Indian Railways","mode":"suburban_rail","source":"MobilityData Indian Railways GTFS (unofficial data)"},"geometry":{"type":"Point","coordinates":[87.8851,23.3138]}},{"type":"Feature","properties":{"stop_id":"KIRP","stop_name":"KHIDIRPUR","operator":"Indian Railways","mode":"suburban_rail","source":"MobilityData Indian Railways GTFS (unofficial data)"},"geometry":{"type":"Point","coordinates":[88.315659,22.53547]}},{"type":"Feature","properties":{"stop_id":"KHAI","stop_name":"KHIRAI","operator":"Indian Railways","mode":"suburban_rail","source":"MobilityData Indian Railways GTFS (unofficial data)"},"geometry":{"type":"Point","coordinates":[87.6966,22.3745]}},{"type":"Feature","properties":{"stop_id":"KNHR","stop_name":"KIRNAHAR","operator":"Indian Railways","mode":"suburban_rail","source":"MobilityData Indian Railways GTFS (unofficial data)"},"geometry":{"type":"Point","coordinates":[87.876184,23.764942]}},{"type":"Feature","properties":{"stop_id":"QGT","stop_name":"KOLAGHAT","operator":"Indian Railways","mode":"suburban_rail","source":"MobilityData Indian Railways GTFS (unofficial data)"},"geometry":{"type":"Point","coordinates":[87.88108,22.435417]}},{"type":"Feature","properties":{"stop_id":"KOAA","stop_name":"KOLKATTA TERMINAL","operator":"Indian Railways","mode":"suburban_rail","source":"MobilityData Indian Railways GTFS (unofficial data)"},"geometry":{"type":"Point","coordinates":[88.385139,22.601135]}},{"type":"Feature","properties":{"stop_id":"KBGB","stop_name":"KOMAGATA MARU BUDGE BUDGE","operator":"Indian Railways","mode":"suburban_rail","source":"MobilityData Indian Railways GTFS (unofficial data)"},"geometry":{"type":"Point","coordinates":[88.194711,22.493095]}},{"type":"Feature","properties":{"stop_id":"KMPR","stop_name":"KOMARPUR","operator":"Indian Railways","mode":"suburban_rail","source":"MobilityData Indian Railways GTFS (unofficial data)"},"geometry":{"type":"Point","coordinates":[88.007183,23.732712]}},{"type":"Feature","properties":{"stop_id":"KONA","stop_name":"KONA","operator":"Indian Railways","mode":"suburban_rail","source":"MobilityData Indian Railways GTFS (unofficial data)"},"geometry":{"type":"Point","coordinates":[88.293343,22.61924]}},{"type":"Feature","properties":{"stop_id":"KOG","stop_name":"KONNAGAR","operator":"Indian Railways","mode":"suburban_rail","source":"MobilityData Indian Railways GTFS (unofficial data)"},"geometry":{"type":"Point","coordinates":[88.3424,22.701]}},{"type":"Feature","properties":{"stop_id":"KPLE","stop_name":"KOPAI","operator":"Indian Railways","mode":"suburban_rail","source":"MobilityData Indian Railways GTFS (unofficial data)"},"geometry":{"type":"Point","coordinates":[87.6894,23.7589]}},{"type":"Feature","properties":{"stop_id":"KRXM","stop_name":"KRISHNAMOHAN (HALT)","operator":"Indian Railways","mode":"suburban_rail","source":"MobilityData Indian Railways GTFS (unofficial data)"},"geometry":{"type":"Point","coordinates":[88.449769,22.330268]}},{"type":"Feature","properties":{"stop_id":"KNJ","stop_name":"KRISHNGR CTY JN","operator":"Indian Railways","mode":"suburban_rail","source":"MobilityData Indian Railways GTFS (unofficial data)"},"geometry":{"type":"Point","coordinates":[88.4935,23.3886]}},{"type":"Feature","properties":{"stop_id":"KGY","stop_name":"KULGACHIA","operator":"Indian Railways","mode":"suburban_rail","source":"MobilityData Indian Railways GTFS (unofficial data)"},"geometry":{"type":"Point","coordinates":[88.0203,22.4722]}},{"type":"Feature","properties":{"stop_id":"KLW","stop_name":"KULPI FLAG","operator":"Indian Railways","mode":"suburban_rail","source":"MobilityData Indian Railways GTFS (unofficial data)"},"geometry":{"type":"Point","coordinates":[88.255749,22.076255]}},{"type":"Feature","properties":{"stop_id":"KMRL","stop_name":"KUMRUL","operator":"Indian Railways","mode":"suburban_rail","source":"MobilityData Indian Railways GTFS (unofficial data)"},"geometry":{"type":"Point","coordinates":[87.6024,23.1809]}},{"type":"Feature","properties":{"stop_id":"KJU","stop_name":"KUNTIGHAT","operator":"Indian Railways","mode":"suburban_rail","source":"MobilityData Indian Railways GTFS (unofficial data)"},"geometry":{"type":"Point","coordinates":[88.4128,23.0164]}},{"type":"Feature","properties":{"stop_id":"KMDC","stop_name":"KURMADANGA HALT","operator":"Indian Railways","mode":"suburban_rail","source":"MobilityData Indian Railways GTFS (unofficial data)"},"geometry":{"type":"Point","coordinates":[87.958946,23.742298]}},{"type":"Feature","properties":{"stop_id":"KWDP","stop_name":"KWAKDWIP","operator":"Indian Railways","mode":"suburban_rail","source":"MobilityData Indian Railways GTFS (unofficial data)"},"geometry":{"type":"Point","coordinates":[88.193779,21.8795]}},{"type":"Feature","properties":{"stop_id":"LKF","stop_name":"LAKE GARDENS","operator":"Indian Railways","mode":"suburban_rail","source":"MobilityData Indian Railways GTFS (unofficial data)"},"geometry":{"type":"Point","coordinates":[88.352441,22.508017]}},{"type":"Feature","properties":{"stop_id":"LKPR","stop_name":"LAKSHMIKANTPUR","operator":"Indian Railways","mode":"suburban_rail","source":"MobilityData Indian Railways GTFS (unofficial data)"},"geometry":{"type":"Point","coordinates":[88.3218,22.1099]}},{"type":"Feature","properties":{"stop_id":"LKX","stop_name":"LAKSHMIPUR","operator":"Indian Railways","mode":"suburban_rail","source":"MobilityData Indian Railways GTFS (unofficial data)"},"geometry":{"type":"Point","coordinates":[88.3027,23.5029]}},{"type":"Feature","properties":{"stop_id":"LSGS","stop_name":"LAVAN SATYAGRAHA SMARAK P.H","operator":"Indian Railways","mode":"suburban_rail","source":"MobilityData Indian Railways GTFS (unofficial data)"},"geometry":{"type":"Point","coordinates":[87.850731,22.096456]}},{"type":"Feature","properties":{"stop_id":"LBTL","stop_name":"LEBUTALA","operator":"Indian Railways","mode":"suburban_rail","source":"MobilityData Indian Railways GTFS (unofficial data)"},"geometry":{"type":"Point","coordinates":[88.639927,22.666611]}},{"type":"Feature","properties":{"stop_id":"LLH","stop_name":"LILUAH","operator":"Indian Railways","mode":"suburban_rail","source":"MobilityData Indian Railways GTFS (unofficial data)"},"geometry":{"type":"Point","coordinates":[88.3392,22.6211]}},{"type":"Feature","properties":{"stop_id":"LOK","stop_name":"LOKNATH","operator":"Indian Railways","mode":"suburban_rail","source":"MobilityData Indian Railways GTFS (unofficial data)"},"geometry":{"type":"Point","coordinates":[88.033791,22.871588]}},{"type":"Feature","properties":{"stop_id":"MSL","stop_name":"MACHCHALANDAPUR","operator":"Indian Railways","mode":"suburban_rail","source":"MobilityData Indian Railways GTFS (unofficial data)"},"geometry":{"type":"Point","coordinates":[88.7451,22.8565]}},{"type":"Feature","properties":{"stop_id":"MPJ","stop_name":"MADANPUR","operator":"Indian Railways","mode":"suburban_rail","source":"MobilityData Indian Railways GTFS (unofficial data)"},"geometry":{"type":"Point","coordinates":[88.49,23.0062]}},{"type":"Feature","properties":{"stop_id":"MDGB","stop_name":"MADHABNAGAR HALT","operator":"Indian Railways","mode":"suburban_rail","source":"MobilityData Indian Railways GTFS (unofficial data)"},"geometry":{"type":"Point","coordinates":[88.2193795,21.9388378]}},{"type":"Feature","properties":{"stop_id":"MDBP","stop_name":"MADHABPUR","operator":"Indian Railways","mode":"suburban_rail","source":"MobilityData Indian Railways GTFS (unofficial data)"},"geometry":{"type":"Point","coordinates":[88.347673,22.119557]}},{"type":"Feature","properties":{"stop_id":"MDSE","stop_name":"MADHU SUDANPUR","operator":"Indian Railways","mode":"suburban_rail","source":"MobilityData Indian Railways GTFS (unofficial data)"},"geometry":{"type":"Point","coordinates":[88.193,22.8446]}},{"type":"Feature","properties":{"stop_id":"MMG","stop_name":"MADHYAMGRAM","operator":"Indian Railways","mode":"suburban_rail","source":"MobilityData Indian Railways GTFS (unofficial data)"},"geometry":{"type":"Point","coordinates":[88.4526,22.6943]}},{"type":"Feature","properties":{"stop_id":"MPN","stop_name":"MADHYAMPUR","operator":"Indian Railways","mode":"suburban_rail","source":"MobilityData Indian Railways GTFS (unofficial data)"},"geometry":{"type":"Point","coordinates":[88.8962,22.6201]}},{"type":"Feature","properties":{"stop_id":"MUG","stop_name":"MAGRA","operator":"Indian Railways","mode":"suburban_rail","source":"MobilityData Indian Railways GTFS (unofficial data)"},"geometry":{"type":"Point","coordinates":[88.36853,22.983365]}},{"type":"Feature","properties":{"stop_id":"MGT","stop_name":"MAGRAHAT","operator":"Indian Railways","mode":"suburban_rail","source":"MobilityData Indian Railways GTFS (unofficial data)"},"geometry":{"type":"Point","coordinates":[88.372993,22.242391]}},{"type":"Feature","properties":{"stop_id":"MHLN","stop_name":"MAHENDRALALNAGAR PH","operator":"Indian Railways","mode":"suburban_rail","source":"MobilityData Indian Railways GTFS (unofficial data)"},"geometry":{"type":"Point","coordinates":[88.091469,22.643165]}},{"type":"Feature","properties":{"stop_id":"MSDL","stop_name":"MAHISADAL","operator":"Indian Railways","mode":"suburban_rail","source":"MobilityData Indian Railways GTFS (unofficial data)"},"geometry":{"type":"Point","coordinates":[88.0106,22.1761]}},{"type":"Feature","properties":{"stop_id":"MJT","stop_name":"MAJERHAT","operator":"Indian Railways","mode":"suburban_rail","source":"MobilityData Indian Railways GTFS (unofficial data)"},"geometry":{"type":"Point","coordinates":[88.3223,22.5191]}},{"type":"Feature","properties":{"stop_id":"MIJ","stop_name":"MAJHDIA","operator":"Indian Railways","mode":"suburban_rail","source":"MobilityData Indian Railways GTFS (unofficial data)"},"geometry":{"type":"Point","coordinates":[88.7188,23.4144]}},{"type":"Feature","properties":{"stop_id":"MAJ","stop_name":"MAJHERGRAM","operator":"Indian Railways","mode":"suburban_rail","source":"MobilityData Indian Railways GTFS (unofficial data)"},"geometry":{"type":"Point","coordinates":[88.685,23.11]}},{"type":"Feature","properties":{"stop_id":"MJH","stop_name":"MAJU PH","operator":"Indian Railways","mode":"suburban_rail","source":"MobilityData Indian Railways GTFS (unofficial data)"},"geometry":{"type":"Point","coordinates":[88.078938,22.616705]}},{"type":"Feature","properties":{"stop_id":"MDC","stop_name":"MAKARDAHA","operator":"Indian Railways","mode":"suburban_rail","source":"MobilityData Indian Railways GTFS (unofficial data)"},"geometry":{"type":"Point","coordinates":[88.236008,22.628589]}},{"type":"Feature","properties":{"stop_id":"MPE","stop_name":"MALATIPUR","operator":"Indian Railways","mode":"suburban_rail","source":"MobilityData Indian Railways GTFS (unofficial data)"},"geometry":{"type":"Point","coordinates":[88.762493,22.651562]}},{"type":"Feature","properties":{"stop_id":"MHTR","stop_name":"MALIHATI TBR RD","operator":"Indian Railways","mode":"suburban_rail","source":"MobilityData Indian Railways GTFS (unofficial data)"},"geometry":{"type":"Point","coordinates":[88.1261,23.7936]}},{"type":"Feature","properties":{"stop_id":"MLYA","stop_name":"MALIYA   HALT","operator":"Indian Railways","mode":"suburban_rail","source":"MobilityData Indian Railways GTFS (unofficial data)"},"geometry":{"type":"Point","coordinates":[88.136101,22.831488]}},{"type":"Feature","properties":{"stop_id":"MAK","stop_name":"MALLIKPUR","operator":"Indian Railways","mode":"suburban_rail","source":"MobilityData Indian Railways GTFS (unofficial data)"},"geometry":{"type":"Point","coordinates":[88.433,22.3967]}},{"type":"Feature","properties":{"stop_id":"MNAE","stop_name":"MANKAR","operator":"Indian Railways","mode":"suburban_rail","source":"MobilityData Indian Railways GTFS (unofficial data)"},"geometry":{"type":"Point","coordinates":[87.5555,23.42]}},{"type":"Feature","properties":{"stop_id":"MUU","stop_name":"MANKUNDU","operator":"Indian Railways","mode":"suburban_rail","source":"MobilityData Indian Railways GTFS (unofficial data)"},"geometry":{"type":"Point","coordinates":[88.346858,22.846952]}},{"type":"Feature","properties":{"stop_id":"MSAE","stop_name":"MASAGRAM","operator":"Indian Railways","mode":"suburban_rail","source":"MobilityData Indian Railways GTFS (unofficial data)"},"geometry":{"type":"Point","coordinates":[88.0425,23.1351]}},{"type":"Feature","properties":{"stop_id":"MTAP","stop_name":"MATANIA ANANTPUR","operator":"Indian Railways","mode":"suburban_rail","source":"MobilityData Indian Railways GTFS (unofficial data)"},"geometry":{"type":"Point","coordinates":[88.886269,22.636009]}},{"type":"Feature","properties":{"stop_id":"MTIP","stop_name":"MATHNASHIPUR","operator":"Indian Railways","mode":"suburban_rail","source":"MobilityData Indian Railways GTFS (unofficial data)"},"geometry":{"type":"Point","coordinates":[87.964964,23.101847]}},{"type":"Feature","properties":{"stop_id":"MPRD","stop_name":"MATHURAPUR RD","operator":"Indian Railways","mode":"suburban_rail","source":"MobilityData Indian Railways GTFS (unofficial data)"},"geometry":{"type":"Point","coordinates":[88.3908,22.1404]}},{"type":"Feature","properties":{"stop_id":"MATL","stop_name":"MATLA","operator":"Indian Railways","mode":"suburban_rail","source":"MobilityData Indian Railways GTFS (unofficial data)"},"geometry":{"type":"Point","coordinates":[88.6276853,22.3330918]}},{"type":"Feature","properties":{"stop_id":"MRGM","stop_name":"MAURIGRAM","operator":"Indian Railways","mode":"suburban_rail","source":"MobilityData Indian Railways GTFS (unofficial data)"},"geometry":{"type":"Point","coordinates":[88.2544,22.5794]}},{"type":"Feature","properties":{"stop_id":"MAYP","stop_name":"MAYAPUR","operator":"Indian Railways","mode":"suburban_rail","source":"MobilityData Indian Railways GTFS (unofficial data)"},"geometry":{"type":"Point","coordinates":[87.867365,22.868966]}},{"type":"Feature","properties":{"stop_id":"MYHT","stop_name":"MAYURHAT","operator":"Indian Railways","mode":"suburban_rail","source":"MobilityData Indian Railways GTFS (unofficial data)"},"geometry":{"type":"Point","coordinates":[88.661213,23.363217]}},{"type":"Feature","properties":{"stop_id":"MCA","stop_name":"MECHEDA","operator":"Indian Railways","mode":"suburban_rail","source":"MobilityData Indian Railways GTFS (unofficial data)"},"geometry":{"type":"Point","coordinates":[87.8586,22.4138]}},{"type":"Feature","properties":{"stop_id":"MYM","stop_name":"MEMARI","operator":"Indian Railways","mode":"suburban_rail","source":"MobilityData Indian Railways GTFS (unofficial data)"},"geometry":{"type":"Point","coordinates":[88.0954,23.1727]}},{"type":"Feature","properties":{"stop_id":"MTFA","stop_name":"MERTALA PHALEYA HALT","operator":"Indian Railways","mode":"suburban_rail","source":"MobilityData Indian Railways GTFS (unofficial data)"},"geometry":{"type":"Point","coordinates":[88.320036,23.480016]}},{"type":"Feature","properties":{"stop_id":"MBE","stop_name":"MIRZAPUR BNKIPR","operator":"Indian Railways","mode":"suburban_rail","source":"MobilityData Indian Railways GTFS (unofficial data)"},"geometry":{"type":"Point","coordinates":[88.2245,22.7872]}},{"type":"Feature","properties":{"stop_id":"MNH","stop_name":"MUNSHIRHAT PH","operator":"Indian Railways","mode":"suburban_rail","source":"MobilityData Indian Railways GTFS (unofficial data)"},"geometry":{"type":"Point","coordinates":[88.095245,22.648868]}},{"type":"Feature","properties":{"stop_id":"MGM","stop_name":"MURAGACHA","operator":"Indian Railways","mode":"suburban_rail","source":"MobilityData Indian Railways GTFS (unofficial data)"},"geometry":{"type":"Point","coordinates":[88.4209,23.5293]}},{"type":"Feature","properties":{"stop_id":"MFCK","stop_name":"MUSTAPHA CHAK","operator":"Indian Railways","mode":"suburban_rail","source":"MobilityData Indian Railways GTFS (unofficial data)"},"geometry":{"type":"Point","coordinates":[88.024314,23.132002]}},{"type":"Feature","properties":{"stop_id":"NBKH","stop_name":"NABA GRAM KANKURHATI","operator":"Indian Railways","mode":"suburban_rail","source":"MobilityData Indian Railways GTFS (unofficial data)"},"geometry":{"type":"Point","coordinates":[88.09988,23.661192]}},{"type":"Feature","properties":{"stop_id":"NBRN","stop_name":"NABA RAYNAGAR HALT","operator":"Indian Railways","mode":"suburban_rail","source":"MobilityData Indian Railways GTFS (unofficial data)"},"geometry":{"type":"Point","coordinates":[88.603363,23.148252]}},{"type":"Feature","properties":{"stop_id":"NDAE","stop_name":"NABADWIP DHAM","operator":"Indian Railways","mode":"suburban_rail","source":"MobilityData Indian Railways GTFS (unofficial data)"},"geometry":{"type":"Point","coordinates":[88.3563,23.3964]}},{"type":"Feature","properties":{"stop_id":"NBAE","stop_name":"NABAGRAM","operator":"Indian Railways","mode":"suburban_rail","source":"MobilityData Indian Railways GTFS (unofficial data)"},"geometry":{"type":"Point","coordinates":[88.0664,23.0987]}},{"type":"Feature","properties":{"stop_id":"NCN","stop_name":"NACHINDA PH","operator":"Indian Railways","mode":"suburban_rail","source":"MobilityData Indian Railways GTFS (unofficial data)"},"geometry":{"type":"Point","coordinates":[87.755356,21.881731]}},{"type":"Feature","properties":{"stop_id":"NH","stop_name":"NAIHATI JN","operator":"Indian Railways","mode":"suburban_rail","source":"MobilityData Indian Railways GTFS (unofficial data)"},"geometry":{"type":"Point","coordinates":[88.4181,22.8881]}},{"type":"Feature","properties":{"stop_id":"NKL","stop_name":"NALIKUL","operator":"Indian Railways","mode":"suburban_rail","source":"MobilityData Indian Railways GTFS (unofficial data)"},"geometry":{"type":"Point","coordinates":[88.1666,22.8301]}},{"type":"Feature","properties":{"stop_id":"NALR","stop_name":"NALPUR","operator":"Indian Railways","mode":"suburban_rail","source":"MobilityData Indian Railways GTFS (unofficial data)"},"geometry":{"type":"Point","coordinates":[88.1855,22.529]}},{"type":"Feature","properties":{"stop_id":"NMKA","stop_name":"NAMKHANA","operator":"Indian Railways","mode":"suburban_rail","source":"MobilityData Indian Railways GTFS (unofficial data)"},"geometry":{"type":"Point","coordinates":[88.239,21.7717]}},{"type":"Feature","properties":{"stop_id":"NDGJ","stop_name":"NANDAIGAJAN P.H.","operator":"Indian Railways","mode":"suburban_rail","source":"MobilityData Indian Railways GTFS (unofficial data)"},"geometry":{"type":"Point","coordinates":[87.832088,22.403728]}},{"type":"Feature","properties":{"stop_id":"NDIM","stop_name":"NANDAIGRAM HALT","operator":"Indian Railways","mode":"suburban_rail","source":"MobilityData Indian Railways GTFS (unofficial data)"},"geometry":{"type":"Point","coordinates":[88.3144851,23.3073452]}},{"type":"Feature","properties":{"stop_id":"NDKR","stop_name":"NANDAKUMAR PH","operator":"Indian Railways","mode":"suburban_rail","source":"MobilityData Indian Railways GTFS (unofficial data)"},"geometry":{"type":"Point","coordinates":[87.932339,22.197101]}},{"type":"Feature","properties":{"stop_id":"NAI","stop_name":"NANGI","operator":"Indian Railways","mode":"suburban_rail","source":"MobilityData Indian Railways GTFS (unofficial data)"},"geometry":{"type":"Point","coordinates":[88.224,22.5003]}},{"type":"Feature","properties":{"stop_id":"NPMR","stop_name":"NARAYAN PAKURIA MURA","operator":"Indian Railways","mode":"suburban_rail","source":"MobilityData Indian Railways GTFS (unofficial data)"},"geometry":{"type":"Point","coordinates":[87.773895,22.399602]}},{"type":"Feature","properties":{"stop_id":"NRPR","stop_name":"NARENDRAPUR HALT","operator":"Indian Railways","mode":"suburban_rail","source":"MobilityData Indian Railways GTFS (unofficial data)"},"geometry":{"type":"Point","coordinates":[88.41814,22.45387]}},{"type":"Feature","properties":{"stop_id":"NSF","stop_name":"NASIBPUR","operator":"Indian Railways","mode":"suburban_rail","source":"MobilityData Indian Railways GTFS (unofficial data)"},"geometry":{"type":"Point","coordinates":[88.262186,22.804985]}},{"type":"Feature","properties":{"stop_id":"NTA","stop_name":"NETRA","operator":"Indian Railways","mode":"suburban_rail","source":"MobilityData Indian Railways GTFS (unofficial data)"},"geometry":{"type":"Point","coordinates":[88.254375,22.208385]}},{"type":"Feature","properties":{"stop_id":"NACC","stop_name":"NEW ALIPUR (CALCUTTA","operator":"Indian Railways","mode":"suburban_rail","source":"MobilityData Indian Railways GTFS (unofficial data)"},"geometry":{"type":"Point","coordinates":[88.33497,22.510912]}},{"type":"Feature","properties":{"stop_id":"NBE","stop_name":"NEW BARRACKPORE","operator":"Indian Railways","mode":"suburban_rail","source":"MobilityData Indian Railways GTFS (unofficial data)"},"geometry":{"type":"Point","coordinates":[88.444405,22.686885]}},{"type":"Feature","properties":{"stop_id":"NGRI","stop_name":"NEW GARIA","operator":"Indian Railways","mode":"suburban_rail","source":"MobilityData Indian Railways GTFS (unofficial data)"},"geometry":{"type":"Point","coordinates":[88.397847,22.472704]}},{"type":"Feature","properties":{"stop_id":"NGX","stop_name":"NIGAN","operator":"Indian Railways","mode":"suburban_rail","source":"MobilityData Indian Railways GTFS (unofficial data)"},"geometry":{"type":"Point","coordinates":[87.9922,23.5049]}},{"type":"Feature","properties":{"stop_id":"NMDR","stop_name":"NIMDANRI","operator":"Indian Railways","mode":"suburban_rail","source":"MobilityData Indian Railways GTFS (unofficial data)"},"geometry":{"type":"Point","coordinates":[88.905144,22.608148]}},{"type":"Feature","properties":{"stop_id":"NMF","stop_name":"NIMO","operator":"Indian Railways","mode":"suburban_rail","source":"MobilityData Indian Railways GTFS (unofficial data)"},"geometry":{"type":"Point","coordinates":[88.069496,23.180448]}},{"type":"Feature","properties":{"stop_id":"NXL","stop_name":"NIROL HALT","operator":"Indian Railways","mode":"suburban_rail","source":"MobilityData Indian Railways GTFS (unofficial data)"},"geometry":{"type":"Point","coordinates":[88.025894,23.729883]}},{"type":"Feature","properties":{"stop_id":"NCP","stop_name":"NISCHINDAPUR","operator":"Indian Railways","mode":"suburban_rail","source":"MobilityData Indian Railways GTFS (unofficial data)"},"geometry":{"type":"Point","coordinates":[88.214035,21.973136]}},{"type":"Feature","properties":{"stop_id":"NCPM","stop_name":"NISCHINDAPUR MARKET HALT","operator":"Indian Railways","mode":"suburban_rail","source":"MobilityData Indian Railways GTFS (unofficial data)"},"geometry":{"type":"Point","coordinates":[88.2168182,21.9873295]}},{"type":"Feature","properties":{"stop_id":"NRX","stop_name":"NOADAR DHAL","operator":"Indian Railways","mode":"suburban_rail","source":"MobilityData Indian Railways GTFS (unofficial data)"},"geometry":{"type":"Point","coordinates":[87.7448,23.4337]}},{"type":"Feature","properties":{"stop_id":"PNDI","stop_name":"PACHANDI","operator":"Indian Railways","mode":"suburban_rail","source":"MobilityData Indian Railways GTFS (unofficial data)"},"geometry":{"type":"Point","coordinates":[88.056107,23.717311]}},{"type":"Feature","properties":{"stop_id":"PDPK","stop_name":"PADMAPUKAR","operator":"Indian Railways","mode":"suburban_rail","source":"MobilityData Indian Railways GTFS (unofficial data)"},"geometry":{"type":"Point","coordinates":[88.3008,22.5739]}},{"type":"Feature","properties":{"stop_id":"PCX","stop_name":"PAGLA CHANDI","operator":"Indian Railways","mode":"suburban_rail","source":"MobilityData Indian Railways GTFS (unofficial data)"},"geometry":{"type":"Point","coordinates":[88.3043,23.7435]}},{"type":"Feature","properties":{"stop_id":"PRAE","stop_name":"PALLA ROAD","operator":"Indian Railways","mode":"suburban_rail","source":"MobilityData Indian Railways GTFS (unofficial data)"},"geometry":{"type":"Point","coordinates":[88.009,23.1793]}},{"type":"Feature","properties":{"stop_id":"PXR","stop_name":"PALPARA","operator":"Indian Railways","mode":"suburban_rail","source":"MobilityData Indian Railways GTFS (unofficial data)"},"geometry":{"type":"Point","coordinates":[88.5206,23.0593]}},{"type":"Feature","properties":{"stop_id":"PLAE","stop_name":"PALSIT","operator":"Indian Railways","mode":"suburban_rail","source":"MobilityData Indian Railways GTFS (unofficial data)"},"geometry":{"type":"Point","coordinates":[88.006582,23.19607]}},{"type":"Feature","properties":{"stop_id":"PTF","stop_name":"PALTA","operator":"Indian Railways","mode":"suburban_rail","source":"MobilityData Indian Railways GTFS (unofficial data)"},"geometry":{"type":"Point","coordinates":[88.3699,22.7828]}},{"type":"Feature","properties":{"stop_id":"PNCB","stop_name":"PANCHEBERIA","operator":"Indian Railways","mode":"suburban_rail","source":"MobilityData Indian Railways GTFS (unofficial data)"},"geometry":{"type":"Point","coordinates":[88.599415,23.220997]}},{"type":"Feature","properties":{"stop_id":"PKU","stop_name":"PANSKURA","operator":"Indian Railways","mode":"suburban_rail","source":"MobilityData Indian Railways GTFS (unofficial data)"},"geometry":{"type":"Point","coordinates":[87.74128,22.392777]}},{"type":"Feature","properties":{"stop_id":"PTHL","stop_name":"PANTIHAL PH","operator":"Indian Railways","mode":"suburban_rail","source":"MobilityData Indian Railways GTFS (unofficial data)"},"geometry":{"type":"Point","coordinates":[88.11327,22.65869]}},{"type":"Feature","properties":{"stop_id":"PAJ","stop_name":"PARAJ","operator":"Indian Railways","mode":"suburban_rail","source":"MobilityData Indian Railways GTFS (unofficial data)"},"geometry":{"type":"Point","coordinates":[87.6271,23.3874]}},{"type":"Feature","properties":{"stop_id":"PQS","stop_name":"PARK CIRCUS","operator":"Indian Railways","mode":"suburban_rail","source":"MobilityData Indian Railways GTFS (unofficial data)"},"geometry":{"type":"Point","coordinates":[88.3737,22.541]}},{"type":"Feature","properties":{"stop_id":"PTKR","stop_name":"PATIPUKUR","operator":"Indian Railways","mode":"suburban_rail","source":"MobilityData Indian Railways GTFS (unofficial data)"},"geometry":{"type":"Point","coordinates":[88.395395,22.606008]}},{"type":"Feature","properties":{"stop_id":"PSF","stop_name":"PATRASAYER PH","operator":"Indian Railways","mode":"suburban_rail","source":"MobilityData Indian Railways GTFS (unofficial data)"},"geometry":{"type":"Point","coordinates":[87.536659,23.216738]}},{"type":"Feature","properties":{"stop_id":"PTAE","stop_name":"PATULI","operator":"Indian Railways","mode":"suburban_rail","source":"MobilityData Indian Railways GTFS (unofficial data)"},"geometry":{"type":"Point","coordinates":[88.2533,23.5477]}},{"type":"Feature","properties":{"stop_id":"PDX","stop_name":"PAYRADANGA","operator":"Indian Railways","mode":"suburban_rail","source":"MobilityData Indian Railways GTFS (unofficial data)"},"geometry":{"type":"Point","coordinates":[88.5453,23.1285]}},{"type":"Feature","properties":{"stop_id":"FLU","stop_name":"PHULIA","operator":"Indian Railways","mode":"suburban_rail","source":"MobilityData Indian Railways GTFS (unofficial data)"},"geometry":{"type":"Point","coordinates":[88.4965,23.2301]}},{"type":"Feature","properties":{"stop_id":"PLF","stop_name":"PIALI","operator":"Indian Railways","mode":"suburban_rail","source":"MobilityData Indian Railways GTFS (unofficial data)"},"geometry":{"type":"Point","coordinates":[88.517361,22.388174]}},{"type":"Feature","properties":{"stop_id":"PCQ","stop_name":"PICHKURIRDHAL","operator":"Indian Railways","mode":"suburban_rail","source":"MobilityData Indian Railways GTFS (unofficial data)"},"geometry":{"type":"Point","coordinates":[87.721,23.5435]}},{"type":"Feature","properties":{"stop_id":"PLY","stop_name":"PLASSEY","operator":"Indian Railways","mode":"suburban_rail","source":"MobilityData Indian Railways GTFS (unofficial data)"},"geometry":{"type":"Point","coordinates":[88.2847,23.7782]}},{"type":"Feature","properties":{"stop_id":"PBZ","stop_name":"PORABAZAR","operator":"Indian Railways","mode":"suburban_rail","source":"MobilityData Indian Railways GTFS (unofficial data)"},"geometry":{"type":"Point","coordinates":[88.1594,22.9167]}},{"type":"Feature","properties":{"stop_id":"PNE","stop_name":"PRANTIK","operator":"Indian Railways","mode":"suburban_rail","source":"MobilityData Indian Railways GTFS (unofficial data)"},"geometry":{"type":"Point","coordinates":[87.6939,23.6948]}},{"type":"Feature","properties":{"stop_id":"PPGT","stop_name":"PRINCEP GHAT","operator":"Indian Railways","mode":"suburban_rail","source":"MobilityData Indian Railways GTFS (unofficial data)"},"geometry":{"type":"Point","coordinates":[88.331602,22.556734]}},{"type":"Feature","properties":{"stop_id":"PDA","stop_name":"PUNDOOAH","operator":"Indian Railways","mode":"suburban_rail","source":"MobilityData Indian Railways GTFS (unofficial data)"},"geometry":{"type":"Point","coordinates":[88.2698,23.0705]}},{"type":"Feature","properties":{"stop_id":"PSAE","stop_name":"PURBASTHALI","operator":"Indian Railways","mode":"suburban_rail","source":"MobilityData Indian Railways GTFS (unofficial data)"},"geometry":{"type":"Point","coordinates":[88.3241,23.4535]}},{"type":"Feature","properties":{"stop_id":"RDU","stop_name":"RADHAMOHANPUR","operator":"Indian Railways","mode":"suburban_rail","source":"MobilityData Indian Railways GTFS (unofficial data)"},"geometry":{"type":"Point","coordinates":[87.6127,22.3566]}},{"type":"Feature","properties":{"stop_id":"RGX","stop_name":"RAGHUNATHBARI","operator":"Indian Railways","mode":"suburban_rail","source":"MobilityData Indian Railways GTFS (unofficial data)"},"geometry":{"type":"Point","coordinates":[87.7976,22.3536]}},{"type":"Feature","properties":{"stop_id":"RNGR","stop_name":"RAINAGAR PH","operator":"Indian Railways","mode":"suburban_rail","source":"MobilityData Indian Railways GTFS (unofficial data)"},"geometry":{"type":"Point","coordinates":[87.892599,23.064018]}},{"type":"Feature","properties":{"stop_id":"RCD","stop_name":"RAJCHANDRAPUR","operator":"Indian Railways","mode":"suburban_rail","source":"MobilityData Indian Railways GTFS (unofficial data)"},"geometry":{"type":"Point","coordinates":[88.3213,22.6528]}},{"type":"Feature","properties":{"stop_id":"RGA","stop_name":"RAJGODA","operator":"Indian Railways","mode":"suburban_rail","source":"MobilityData Indian Railways GTFS (unofficial data)"},"geometry":{"type":"Point","coordinates":[87.866592,22.324433]}},{"type":"Feature","properties":{"stop_id":"RMRB","stop_name":"RAMNAGAR BENGAL","operator":"Indian Railways","mode":"suburban_rail","source":"MobilityData Indian Railways GTFS (unofficial data)"},"geometry":{"type":"Point","coordinates":[87.5622,21.6816]}},{"type":"Feature","properties":{"stop_id":"RMJ","stop_name":"RAMRAJATALA","operator":"Indian Railways","mode":"suburban_rail","source":"MobilityData Indian Railways GTFS (unofficial data)"},"geometry":{"type":"Point","coordinates":[88.2959,22.5882]}},{"type":"Feature","properties":{"stop_id":"RHA","stop_name":"RANAGHAT JN","operator":"Indian Railways","mode":"suburban_rail","source":"MobilityData Indian Railways GTFS (unofficial data)"},"geometry":{"type":"Point","coordinates":[88.5683,23.1735]}},{"type":"Feature","properties":{"stop_id":"RSLR","stop_name":"RASULPUR","operator":"Indian Railways","mode":"suburban_rail","source":"MobilityData Indian Railways GTFS (unofficial data)"},"geometry":{"type":"Point","coordinates":[88.040314,23.187549]}},{"type":"Feature","properties":{"stop_id":"RMTR","stop_name":"RE-MOUNT  ROAD","operator":"Indian Railways","mode":"suburban_rail","source":"MobilityData Indian Railways GTFS (unofficial data)"},"geometry":{"type":"Point","coordinates":[88.316603,22.525758]}},{"type":"Feature","properties":{"stop_id":"RIS","stop_name":"RISHRA","operator":"Indian Railways","mode":"suburban_rail","source":"MobilityData Indian Railways GTFS (unofficial data)"},"geometry":{"type":"Point","coordinates":[88.3434,22.7262]}},{"type":"Feature","properties":{"stop_id":"SHJ","stop_name":"SAHASPUR ROAD","operator":"Indian Railways","mode":"suburban_rail","source":"MobilityData Indian Railways GTFS (unofficial data)"},"geometry":{"type":"Point","coordinates":[87.6749,23.1324]}},{"type":"Feature","properties":{"stop_id":"SHBA","stop_name":"SAHEBTALA HALT","operator":"Indian Railways","mode":"suburban_rail","source":"MobilityData Indian Railways GTFS (unofficial data)"},"geometry":{"type":"Point","coordinates":[88.201246,23.591835]}},{"type":"Feature","properties":{"stop_id":"SMTG","stop_name":"SAHEED MATANGINI","operator":"Indian Railways","mode":"suburban_rail","source":"MobilityData Indian Railways GTFS (unofficial data)"},"geometry":{"type":"Point","coordinates":[87.907705,22.301564]}},{"type":"Feature","properties":{"stop_id":"SKG","stop_name":"SAKTIGARH","operator":"Indian Railways","mode":"suburban_rail","source":"MobilityData Indian Railways GTFS (unofficial data)"},"geometry":{"type":"Point","coordinates":[87.9719,23.206]}},{"type":"Feature","properties":{"stop_id":"SALE","stop_name":"SALAR","operator":"Indian Railways","mode":"suburban_rail","source":"MobilityData Indian Railways GTFS (unofficial data)"},"geometry":{"type":"Point","coordinates":[88.1108,23.7743]}},{"type":"Feature","properties":{"stop_id":"SMAE","stop_name":"SAMUDRA GARH","operator":"Indian Railways","mode":"suburban_rail","source":"MobilityData Indian Railways GTFS (unofficial data)"},"geometry":{"type":"Point","coordinates":[88.3247,23.3355]}},{"type":"Feature","properties":{"stop_id":"SNU","stop_name":"SANGRAMPUR","operator":"Indian Railways","mode":"suburban_rail","source":"MobilityData Indian Railways GTFS (unofficial data)"},"geometry":{"type":"Point","coordinates":[88.32922,22.225389]}},{"type":"Feature","properties":{"stop_id":"SNHT","stop_name":"SANHATI","operator":"Indian Railways","mode":"suburban_rail","source":"MobilityData Indian Railways GTFS (unofficial data)"},"geometry":{"type":"Point","coordinates":[88.7043,22.845845]}},{"type":"Feature","properties":{"stop_id":"SEL","stop_name":"SANKRAIL","operator":"Indian Railways","mode":"suburban_rail","source":"MobilityData Indian Railways GTFS (unofficial data)"},"geometry":{"type":"Point","coordinates":[88.210087,22.562738]}},{"type":"Feature","properties":{"stop_id":"SSP","stop_name":"SANTOSHPUR","operator":"Indian Railways","mode":"suburban_rail","source":"MobilityData Indian Railways GTFS (unofficial data)"},"geometry":{"type":"Point","coordinates":[88.2721,22.524]}},{"type":"Feature","properties":{"stop_id":"SRC","stop_name":"SANTRAGACHI JN","operator":"Indian Railways","mode":"suburban_rail","source":"MobilityData Indian Railways GTFS (unofficial data)"},"geometry":{"type":"Point","coordinates":[88.283901,22.58382]}},{"type":"Feature","properties":{"stop_id":"SOF","stop_name":"SAOTA","operator":"Indian Railways","mode":"suburban_rail","source":"MobilityData Indian Railways GTFS (unofficial data)"},"geometry":{"type":"Point","coordinates":[87.9771,23.4884]}},{"type":"Feature","properties":{"stop_id":"STBB","stop_name":"SATBERIA   H","operator":"Indian Railways","mode":"suburban_rail","source":"MobilityData Indian Railways GTFS (unofficial data)"},"geometry":{"type":"Point","coordinates":[88.791504,23.047512]}},{"type":"Feature","properties":{"stop_id":"SSPH","stop_name":"SATISH SAMANTA P.H.","operator":"Indian Railways","mode":"suburban_rail","source":"MobilityData Indian Railways GTFS (unofficial data)"},"geometry":{"type":"Point","coordinates":[87.987957,22.194875]}},{"type":"Feature","properties":{"stop_id":"SDAH","stop_name":"SEALDAH","operator":"Indian Railways","mode":"suburban_rail","source":"MobilityData Indian Railways GTFS (unofficial data)"},"geometry":{"type":"Point","coordinates":[88.375053,22.567098]}},{"type":"Feature","properties":{"stop_id":"SRBZ","stop_name":"SEHARA BAZAR PH","operator":"Indian Railways","mode":"suburban_rail","source":"MobilityData Indian Railways GTFS (unofficial data)"},"geometry":{"type":"Point","coordinates":[87.804108,23.109891]}},{"type":"Feature","properties":{"stop_id":"SHE","stop_name":"SEORAPHULI","operator":"Indian Railways","mode":"suburban_rail","source":"MobilityData Indian Railways GTFS (unofficial data)"},"geometry":{"type":"Point","coordinates":[88.3286,22.7745]}},{"type":"Feature","properties":{"stop_id":"SRP","stop_name":"SERAMPORE","operator":"Indian Railways","mode":"suburban_rail","source":"MobilityData Indian Railways GTFS (unofficial data)"},"geometry":{"type":"Point","coordinates":[88.3383,22.7542]}},{"type":"Feature","properties":{"stop_id":"SHM","stop_name":"SHALIMAR","operator":"Indian Railways","mode":"suburban_rail","source":"MobilityData Indian Railways GTFS (unofficial data)"},"geometry":{"type":"Point","coordinates":[88.315315,22.555208]}},{"type":"Feature","properties":{"stop_id":"SHKL","stop_name":"SHANKRUL","operator":"Indian Railways","mode":"suburban_rail","source":"MobilityData Indian Railways GTFS (unofficial data)"},"geometry":{"type":"Point","coordinates":[87.6558,23.1407]}},{"type":"Feature","properties":{"stop_id":"SNTR","stop_name":"SHANTINAGAR HALT","operator":"Indian Railways","mode":"suburban_rail","source":"MobilityData Indian Railways GTFS (unofficial data)"},"geometry":{"type":"Point","coordinates":[88.6376774,23.2932749]}},{"type":"Feature","properties":{"stop_id":"STB","stop_name":"SHANTIPUR","operator":"Indian Railways","mode":"suburban_rail","source":"MobilityData Indian Railways GTFS (unofficial data)"},"geometry":{"type":"Point","coordinates":[88.4354,23.2631]}},{"type":"Feature","properties":{"stop_id":"SSRD","stop_name":"SHASAN ROAD","operator":"Indian Railways","mode":"suburban_rail","source":"MobilityData Indian Railways GTFS (unofficial data)"},"geometry":{"type":"Point","coordinates":[88.434963,22.34698]}},{"type":"Feature","properties":{"stop_id":"SHBL","stop_name":"SHIBLUN","operator":"Indian Railways","mode":"suburban_rail","source":"MobilityData Indian Railways GTFS (unofficial data)"},"geometry":{"type":"Point","coordinates":[88.0832,23.6927]}},{"type":"Feature","properties":{"stop_id":"SIZ","stop_name":"SHRIKHANDA","operator":"Indian Railways","mode":"suburban_rail","source":"MobilityData Indian Railways GTFS (unofficial data)"},"geometry":{"type":"Point","coordinates":[88.0646,23.5992]}},{"type":"Feature","properties":{"stop_id":"SPS","stop_name":"SHRIPAT SHRKHND","operator":"Indian Railways","mode":"suburban_rail","source":"MobilityData Indian Railways GTFS (unofficial data)"},"geometry":{"type":"Point","coordinates":[88.0724,23.6064]}},{"type":"Feature","properties":{"stop_id":"SMCK","stop_name":"SHYAM CHAK","operator":"Indian Railways","mode":"suburban_rail","source":"MobilityData Indian Railways GTFS (unofficial data)"},"geometry":{"type":"Point","coordinates":[87.5004,22.3634]}},{"type":"Feature","properties":{"stop_id":"SNR","stop_name":"SHYAMNAGAR","operator":"Indian Railways","mode":"suburban_rail","source":"MobilityData Indian Railways GTFS (unofficial data)"},"geometry":{"type":"Point","coordinates":[88.3802,22.8285]}},{"type":"Feature","properties":{"stop_id":"SHMR","stop_name":"SHYAMSUNDER","operator":"Indian Railways","mode":"suburban_rail","source":"MobilityData Indian Railways GTFS (unofficial data)"},"geometry":{"type":"Point","coordinates":[87.8613,23.081]}},{"type":"Feature","properties":{"stop_id":"SHBC","stop_name":"SIBAICHANDI","operator":"Indian Railways","mode":"suburban_rail","source":"MobilityData Indian Railways GTFS (unofficial data)"},"geometry":{"type":"Point","coordinates":[88.1337,22.9745]}},{"type":"Feature","properties":{"stop_id":"SLG","stop_name":"SIMLAGARH","operator":"Indian Railways","mode":"suburban_rail","source":"MobilityData Indian Railways GTFS (unofficial data)"},"geometry":{"type":"Point","coordinates":[88.2313,23.0958]}},{"type":"Feature","properties":{"stop_id":"SMX","stop_name":"SIMURALI","operator":"Indian Railways","mode":"suburban_rail","source":"MobilityData Indian Railways GTFS (unofficial data)"},"geometry":{"type":"Point","coordinates":[88.5104,23.0416]}},{"type":"Feature","properties":{"stop_id":"SIU","stop_name":"SINGUR","operator":"Indian Railways","mode":"suburban_rail","source":"MobilityData Indian Railways GTFS (unofficial data)"},"geometry":{"type":"Point","coordinates":[88.2287,22.8145]}},{"type":"Feature","properties":{"stop_id":"SGBA","stop_name":"SIR GURUDAS BANERJEE","operator":"Indian Railways","mode":"suburban_rail","source":"MobilityData Indian Railways GTFS (unofficial data)"},"geometry":{"type":"Point","coordinates":[88.386555,22.567177]}},{"type":"Feature","properties":{"stop_id":"STLB","stop_name":"SITALAPUR PH","operator":"Indian Railways","mode":"suburban_rail","source":"MobilityData Indian Railways GTFS (unofficial data)"},"geometry":{"type":"Point","coordinates":[87.672332,21.773608]}},{"type":"Feature","properties":{"stop_id":"SEP","stop_name":"SODPUR","operator":"Indian Railways","mode":"suburban_rail","source":"MobilityData Indian Railways GTFS (unofficial data)"},"geometry":{"type":"Point","coordinates":[88.3822,22.6989]}},{"type":"Feature","properties":{"stop_id":"SOAE","stop_name":"SOMRA BAZAR","operator":"Indian Railways","mode":"suburban_rail","source":"MobilityData Indian Railways GTFS (unofficial data)"},"geometry":{"type":"Point","coordinates":[88.4327,23.1388]}},{"type":"Feature","properties":{"stop_id":"SVH","stop_name":"SONADANGA","operator":"Indian Railways","mode":"suburban_rail","source":"MobilityData Indian Railways GTFS (unofficial data)"},"geometry":{"type":"Point","coordinates":[88.3542,23.6365]}},{"type":"Feature","properties":{"stop_id":"SPR","stop_name":"SONARPUR JN.","operator":"Indian Railways","mode":"suburban_rail","source":"MobilityData Indian Railways GTFS (unofficial data)"},"geometry":{"type":"Point","coordinates":[88.429813,22.443399]}},{"type":"Feature","properties":{"stop_id":"SXC","stop_name":"SONDALIA","operator":"Indian Railways","mode":"suburban_rail","source":"MobilityData Indian Railways GTFS (unofficial data)"},"geometry":{"type":"Point","coordinates":[88.5819,22.6818]}},{"type":"Feature","properties":{"stop_id":"SOLA","stop_name":"SOVABAZAR-AHIRITOLA","operator":"Indian Railways","mode":"suburban_rail","source":"MobilityData Indian Railways GTFS (unofficial data)"},"geometry":{"type":"Point","coordinates":[88.355398,22.598124]}},{"type":"Feature","properties":{"stop_id":"SBGR","stop_name":"SUBHAS GRAM","operator":"Indian Railways","mode":"suburban_rail","source":"MobilityData Indian Railways GTFS (unofficial data)"},"geometry":{"type":"Point","coordinates":[88.4339,22.4137]}},{"type":"Feature","properties":{"stop_id":"SJPA","stop_name":"SUJALPUR PH","operator":"Indian Railways","mode":"suburban_rail","source":"MobilityData Indian Railways GTFS (unofficial data)"},"geometry":{"type":"Point","coordinates":[87.657337,21.763007]}},{"type":"Feature","properties":{"stop_id":"SJPR","stop_name":"SURJYAPUR","operator":"Indian Railways","mode":"suburban_rail","source":"MobilityData Indian Railways GTFS (unofficial data)"},"geometry":{"type":"Point","coordinates":[88.466377,22.292948]}},{"type":"Feature","properties":{"stop_id":"THP","stop_name":"TAHERPUR","operator":"Indian Railways","mode":"suburban_rail","source":"MobilityData Indian Railways GTFS (unofficial data)"},"geometry":{"type":"Point","coordinates":[88.5435,23.2597]}},{"type":"Feature","properties":{"stop_id":"TKF","stop_name":"TAKI ROAD","operator":"Indian Railways","mode":"suburban_rail","source":"MobilityData Indian Railways GTFS (unofficial data)"},"geometry":{"type":"Point","coordinates":[88.9154,22.587]}},{"type":"Feature","properties":{"stop_id":"TKPH","stop_name":"TAKIPUR HALT","operator":"Indian Railways","mode":"suburban_rail","source":"MobilityData Indian Railways GTFS (unofficial data)"},"geometry":{"type":"Point","coordinates":[87.927805,22.865543]}},{"type":"Feature","properties":{"stop_id":"TALA","stop_name":"TALA","operator":"Indian Railways","mode":"suburban_rail","source":"MobilityData Indian Railways GTFS (unofficial data)"},"geometry":{"type":"Point","coordinates":[88.379173,22.606068]}},{"type":"Feature","properties":{"stop_id":"TLO","stop_name":"TALANDU","operator":"Indian Railways","mode":"suburban_rail","source":"MobilityData Indian Railways GTFS (unofficial data)"},"geometry":{"type":"Point","coordinates":[88.3455,23.0102]}},{"type":"Feature","properties":{"stop_id":"TLX","stop_name":"TALDI","operator":"Indian Railways","mode":"suburban_rail","source":"MobilityData Indian Railways GTFS (unofficial data)"},"geometry":{"type":"Point","coordinates":[88.6085,22.3434]}},{"type":"Feature","properties":{"stop_id":"TIT","stop_name":"TALIT","operator":"Indian Railways","mode":"suburban_rail","source":"MobilityData Indian Railways GTFS (unofficial data)"},"geometry":{"type":"Point","coordinates":[87.819,23.2932]}},{"type":"Feature","properties":{"stop_id":"TLPH","stop_name":"TALPUR HALT","operator":"Indian Railways","mode":"suburban_rail","source":"MobilityData Indian Railways GTFS (unofficial data)"},"geometry":{"type":"Point","coordinates":[87.97436,22.875001]}},{"type":"Feature","properties":{"stop_id":"TMZ","stop_name":"TAMLUK","operator":"Indian Railways","mode":"suburban_rail","source":"MobilityData Indian Railways GTFS (unofficial data)"},"geometry":{"type":"Point","coordinates":[87.9191,22.2758]}},{"type":"Feature","properties":{"stop_id":"TNX","stop_name":"TARAK NAGAR","operator":"Indian Railways","mode":"suburban_rail","source":"MobilityData Indian Railways GTFS (unofficial data)"},"geometry":{"type":"Point","coordinates":[88.679924,23.37992]}},{"type":"Feature","properties":{"stop_id":"TAK","stop_name":"TARAKESWAR","operator":"Indian Railways","mode":"suburban_rail","source":"MobilityData Indian Railways GTFS (unofficial data)"},"geometry":{"type":"Point","coordinates":[88.0132,22.8824]}},{"type":"Feature","properties":{"stop_id":"TKNR","stop_name":"THAKURNAGAR","operator":"Indian Railways","mode":"suburban_rail","source":"MobilityData Indian Railways GTFS (unofficial data)"},"geometry":{"type":"Point","coordinates":[88.7774,22.9249]}},{"type":"Feature","properties":{"stop_id":"TPKR","stop_name":"TIKIAPARA","operator":"Indian Railways","mode":"suburban_rail","source":"MobilityData Indian Railways GTFS (unofficial data)"},"geometry":{"type":"Point","coordinates":[88.3242,22.5989]}},{"type":"Feature","properties":{"stop_id":"TKRA","stop_name":"TIKRA  PH","operator":"Indian Railways","mode":"suburban_rail","source":"MobilityData Indian Railways GTFS (unofficial data)"},"geometry":{"type":"Point","coordinates":[87.530651,21.66365]}},{"type":"Feature","properties":{"stop_id":"TGH","stop_name":"TITAGARH","operator":"Indian Railways","mode":"suburban_rail","source":"MobilityData Indian Railways GTFS (unofficial data)"},"geometry":{"type":"Point","coordinates":[88.3743,22.7419]}},{"type":"Feature","properties":{"stop_id":"TLG","stop_name":"TOLLY GANJ","operator":"Indian Railways","mode":"suburban_rail","source":"MobilityData Indian Railways GTFS (unofficial data)"},"geometry":{"type":"Point","coordinates":[88.346858,22.507859]}},{"type":"Feature","properties":{"stop_id":"TBAE","stop_name":"TRIBENI","operator":"Indian Railways","mode":"suburban_rail","source":"MobilityData Indian Railways GTFS (unofficial data)"},"geometry":{"type":"Point","coordinates":[88.398,22.9903]}},{"type":"Feature","properties":{"stop_id":"URP","stop_name":"UDAIRAMPUR","operator":"Indian Railways","mode":"suburban_rail","source":"MobilityData Indian Railways GTFS (unofficial data)"},"geometry":{"type":"Point","coordinates":[88.273602,22.099955]}},{"type":"Feature","properties":{"stop_id":"UKLR","stop_name":"UKILERHAT HALT","operator":"Indian Railways","mode":"suburban_rail","source":"MobilityData Indian Railways GTFS (unofficial data)"},"geometry":{"type":"Point","coordinates":[88.230397,21.8245869]}},{"type":"Feature","properties":{"stop_id":"ULB","stop_name":"ULUBARIA","operator":"Indian Railways","mode":"suburban_rail","source":"MobilityData Indian Railways GTFS (unofficial data)"},"geometry":{"type":"Point","coordinates":[88.0935,22.4727]}},{"type":"Feature","properties":{"stop_id":"UTN","stop_name":"UTTAR RADHANAGAR HALT","operator":"Indian Railways","mode":"suburban_rail","source":"MobilityData Indian Railways GTFS (unofficial data)"},"geometry":{"type":"Point","coordinates":[88.383465,22.269558]}},{"type":"Feature","properties":{"stop_id":"UPA","stop_name":"UTTARPARA","operator":"Indian Railways","mode":"suburban_rail","source":"MobilityData Indian Railways GTFS (unofficial data)"},"geometry":{"type":"Point","coordinates":[88.341107,22.667442]}}]}