{"type": "FeatureCollection", "crs": {"type": "name", "properties": {"name": "urn:ogc:def:crs:OGC:1.3:CRS84"}}, "features": [{"type": "Feature", "properties": {"amenity": "hospital", "healthcare": "hospital", "name": "Soni Manipal Hospital", "osm_id": 2692620884, "osm_type": "node"}, "geometry": {"type": "Point", "coordinates": [75.7734203, 26.968861]}}, {"type": "Feature", "properties": {"addr:city": "Jaipur", "addr:housenumber": "1 Shivaji Nagar, Civil Lines, jaipur – 302006, Rajasthan, India", "addr:postcode": "302006", "addr:street": "1 Shivaji Nagar, Civil Lines", "amenity": "hospital", "healthcare": "hospital", "name": "ALCS: Cosmetic Surgery, Hair Transplant & Laser Clinic in Jaipur", "osm_id": 2694200840, "osm_type": "node"}, "geometry": {"type": "Point", "coordinates": [75.7805686, 26.9047068]}}, {"type": "Feature", "properties": {"amenity": "hospital", "healthcare": "hospital", "name": "Prakritik Chikitsalaya", "osm_id": 2725302272, "osm_type": "node"}, "geometry": {"type": "Point", "coordinates": [75.8123403, 26.8894783]}}, {"type": "Feature", "properties": {"amenity": "hospital", "healthcare": "hospital", "name": "Santokba Durlabhji Memorial Hospital", "osm_id": 2725536808, "osm_type": "node"}, "geometry": {"type": "Point", "coordinates": [75.813656, 26.8935138]}}, {"type": "Feature", "properties": {"amenity": "hospital", "healthcare": "hospital", "name": "ESIC Hospital", "osm_id": 2777043234, "osm_type": "node"}, "geometry": {"type": "Point", "coordinates": [75.7771383, 26.9072246]}}, {"type": "Feature", "properties": {"addr:city": "Jaipur", "addr:country": "IN", "addr:district": "Jaipur", "addr:full": "Sector - 10, Meera Bagh, Agarwal Farm, Mansarovar", "addr:postcode": "302020", "addr:state": "Rajasthan", "amenity": "hospital", "name": "Saket Hospital", "source": "OpenGovernmentData", "osm_id": 3077970035, "osm_type": "node"}, "geometry": {"type": "Point", "coordinates": [75.7653843, 26.8490145]}}, {"type": "Feature", "properties": {"addr:city": "Jaipur", "addr:country": "IN", "addr:district": "Jaipur", "addr:full": "1/51-53, S.F.S., Mansrovar", "addr:postcode": "302020", "addr:state": "Rajasthan", "amenity": "hospital", "name": "Curewell Hospital", "source": "OpenGovernmentData", "osm_id": 3078037746, "osm_type": "node"}, "geometry": {"type": "Point", "coordinates": [75.7696685, 26.8399146]}}, {"type": "Feature", "properties": {"addr:city": "Jaipur", "addr:full": "Jaipur", "addr:postcode": "302005", "addr:state": "Rajasthan", "addr:street": "Basant Vihar, Bajaj Nagar", "amenity": "hospital", "emergency": "yes", "name": "Goverment Rukmani Devi Japuria Hospital", "operator:type": "government", "source": "OpenGovernmentData", "osm_id": 3476216925, "osm_type": "node"}, "geometry": {"type": "Point", "coordinates": [75.8009531, 26.8569226]}}, {"type": "Feature", "properties": {"amenity": "hospital", "name": "MNIT college Dispensary", "operator": "MNIT", "osm_id": 3560470590, "osm_type": "node"}, "geometry": {"type": "Point", "coordinates": [75.812195, 26.8621894]}}, {"type": "Feature", "properties": {"addr:district": "Jaipur", "addr:full": "Sp-6, Malviya Industrial Area, Malviya Nagar, Apex Circle", "addr:postcode": "302017", "addr:state": "Rajasthan", "amenity": "hospital", "name": "Apex Hospitals Pvt Ltd", "source": "OpenGovernmentData", "website": "https://www.apexhospitals.com/", "osm_id": 4226415489, "osm_type": "node"}, "geometry": {"type": "Point", "coordinates": [75.8252712, 26.8547506]}}, {"type": "Feature", "properties": {"addr:postcode": "302017", "amenity": "hospital", "name": "Krishna Ram Charitable Hospital", "osm_id": 4226415589, "osm_type": "node"}, "geometry": {"type": "Point", "coordinates": [75.8482272, 26.8228017]}}, {"type": "Feature", "properties": {"amenity": "hospital", "healthcare": "hospital", "osm_id": 4427334090, "osm_type": "node"}, "geometry": {"type": "Point", "coordinates": [75.7605386, 26.9604096]}}, {"type": "Feature", "properties": {"amenity": "hospital", "healthcare": "hospital", "name": "SDMH", "osm_id": 4466633244, "osm_type": "node"}, "geometry": {"type": "Point", "coordinates": [75.812105, 26.893253]}}, {"type": "Feature", "properties": {"amenity": "hospital", "healthcare": "hospital", "name": "soni hospital", "osm_id": 4466634118, "osm_type": "node"}, "geometry": {"type": "Point", "coordinates": [75.8149318, 26.8951673]}}, {"type": "Feature", "properties": {"addr:postcode": "302001", "addr:street": "9, Gopinath Marg, New Colony, Near Panch Batti", "amenity": "hospital", "email": "hospital@jaipurdentalhospital.com", "healthcare": "hospital", "internet_access": "wlan", "name": "jaipur dental hospital", "name:en": "Jaipur Dental Hospital", "opening_hours": "Mo-Su 10:00-20:00", "phone": "+91-141-2368183", "website": "https://jaipurdentalhospital.com/", "osm_id": 4621858291, "osm_type": "node"}, "geometry": {"type": "Point", "coordinates": [75.8077715, 26.9185644]}}, {"type": "Feature", "properties": {"amenity": "hospital", "name": "Sparsh Hospital", "osm_id": 4744477348, "osm_type": "node"}, "geometry": {"type": "Point", "coordinates": [75.7798425, 26.8225833]}}, {"type": "Feature", "properties": {"amenity": "hospital", "healthcare": "hospital", "osm_id": 4793756921, "osm_type": "node"}, "geometry": {"type": "Point", "coordinates": [75.8150111, 26.9063113]}}, {"type": "Feature", "properties": {"addr:district": "Jaipur", "addr:full": "Jawahar Lal Nehru Marg,Jaipur", "addr:postcode": "302004", "addr:state": "Rajasthan", "amenity": "hospital", "contact:nodal_officer_email": "drbhartimalhotra@gmail.com", "contact:nodal_officer_mobile": "9414042040", "contact:phone": "+91-0141 256 0291", "emergency": "yes", "healthcare": "hospital", "name": "Sawai Man Singh Hospital, Jaipur", "name:en": "SMS Hospital", "name:etymology:wikidata": "Q3634394", "source": "OpenGovernmentData", "osm_id": 4793756922, "osm_type": "node"}, "geometry": {"type": "Point", "coordinates": [75.8161049, 26.9060159]}}, {"type": "Feature", "properties": {"amenity": "hospital", "healthcare": "hospital", "healthcare:speciality": "emergency", "name": "SMS Trauma Center", "osm_id": 4798048721, "osm_type": "node"}, "geometry": {"type": "Point", "coordinates": [75.8146282, 26.90734]}}, {"type": "Feature", "properties": {"addr:housenumber": "1337", "addr:postcode": "302015", "addr:street": "kisan marg", "amenity": "hospital", "healthcare": "hospital", "name:en": "Jeevan Jyoti", "opening_hours": "Mo-Su 09:30-12:59", "phone": "01412595176", "osm_id": 4880275221, "osm_type": "node"}, "geometry": {"type": "Point", "coordinates": [75.792605, 26.875564]}}, {"type": "Feature", "properties": {"addr:city": "Jaipur", "addr:housenumber": "202, 2nd Floor, SDC Building, Opposite Bharat Petrol Pump, Moji Colony", "addr:postcode": "302017", "addr:street": "Calgary Road", "amenity": "hospital", "email": "facekraftclinicofficial@gmail.com", "emergency": "yes", "healthcare": "hospital", "healthcare:speciality": "dental_oral_maxillo_facial_surgery;dentist;dental_surgery;dental;tooth_whitening", "name": "Face kraft - Centre for advanced dentistry", "operator": "Dr. Prateek Jain", "phone": "+917023271994", "start_date": "7-Dec-12", "osm_id": 5533496172, "osm_type": "node"}, "geometry": {"type": "Point", "coordinates": [75.8086772, 26.8589685]}}, {"type": "Feature", "properties": {"addr:city": "Jaipur", "addr:housenumber": "B-134, Pearl Pleasure Apartments", "addr:postcode": "302015", "addr:street": "Rajendra Marg", "amenity": "hospital", "description": "Best Orthodontist in Bapu nagar, Jaipur. Provides best dental braces in jaipur.", "healthcare": "dentist", "healthcare:speciality": "orthodontist;dentist;orthodontics;dentistry", "name": "Dr. Ramani's Dental Practice", "operator": "Dr. Arun Ramani", "phone": "097838 11114", "website": "http://dentalpracticejaipur.com", "osm_id": 5582501185, "osm_type": "node"}, "geometry": {"type": "Point", "coordinates": [75.8101422, 26.8918721]}}, {"type": "Feature", "properties": {"amenity": "hospital", "healthcare": "hospital", "name": "Sanjavani hospital", "name:en": "Sanjavani hospital", "osm_id": 5756676422, "osm_type": "node"}, "geometry": {"type": "Point", "coordinates": [75.7918159, 26.931796]}}, {"type": "Feature", "properties": {"amenity": "hospital", "emergency": "yes", "healthcare": "hospital", "name": "Eternal Heart Care Center", "osm_id": 6341259416, "osm_type": "node"}, "geometry": {"type": "Point", "coordinates": [75.8058755, 26.8401687]}}, {"type": "Feature", "properties": {"addr:city": "Jaipur", "addr:postcode": "302017", "addr:street": "Kho Nagariya", "amenity": "hospital", "emergency": "yes", "healthcare": "hospital", "healthcare:speciality": "emergency", "name": "JNU Hospital and Medical College", "operator": "Jaipur national university", "operator:type": "private", "phone": "0141 298 1400", "website": "https://jnuhealthcare.com/", "osm_id": 6966458470, "osm_type": "node"}, "geometry": {"type": "Point", "coordinates": [75.8769124, 26.8553877]}}, {"type": "Feature", "properties": {"addr:district": "Jaipur", "addr:full": "93-B, Tagore Nagar, Ajmer Road", "addr:postcode": "302024", "addr:state": "Rajasthan", "amenity": "hospital", "healthcare": "hospital", "name": "Asopa Hospital", "source": "OpenGovernmentData", "osm_id": 6968230705, "osm_type": "node"}, "geometry": {"type": "Point", "coordinates": [75.7414192, 26.8915644]}}, {"type": "Feature", "properties": {"amenity": "hospital", "healthcare": "hospital", "name": "Shalby Multi-Specialty Hospital, Jaipur", "website": "https://www.shalby.org/", "osm_id": 6978725493, "osm_type": "node"}, "geometry": {"type": "Point", "coordinates": [75.7292121, 26.9034734]}}, {"type": "Feature", "properties": {"addr:district": "Jaipur", "addr:full": "B 36 Shyam Nagar Sodala", "addr:postcode": "302019", "addr:state": "Rajasthan", "amenity": "hospital", "name": "Sharad Hospital", "source": "OpenGovernmentData", "osm_id": 7024812754, "osm_type": "node"}, "geometry": {"type": "Point", "coordinates": [75.7640308, 26.8944983]}}, {"type": "Feature", "properties": {"addr:district": "Jaipur", "addr:full": "5- Tha- 8, Jawahar Nagar, Opposite Vivekanand School", "addr:postcode": "302001", "addr:state": "Rajasthan", "amenity": "hospital", "healthcare": "hospital", "name": "R.P. Memorial Hospital", "source": "OpenGovernmentData", "osm_id": 7024823966, "osm_type": "node"}, "geometry": {"type": "Point", "coordinates": [75.8305617, 26.8880586]}}, {"type": "Feature", "properties": {"addr:district": "Jaipur", "addr:full": "112/15, Madhyam Marg, Agarwal Farm, Mansarovar", "addr:postcode": "302020", "addr:state": "Rajasthan", "amenity": "hospital", "name": "Sharda General Hospital", "source": "OpenGovernmentData", "osm_id": 7024847602, "osm_type": "node"}, "geometry": {"type": "Point", "coordinates": [75.7706899, 26.8453338]}}, {"type": "Feature", "properties": {"addr:district": "Jaipur", "addr:full": "Shipra Path, ( OppositeV.T. Road),Mansrovar", "addr:postcode": "302020", "addr:state": "Rajasthan", "amenity": "hospital", "healthcare": "hospital", "name": "R.A.G. Hospital", "source": "OpenGovernmentData", "website": "https://raghospital.webs.com/", "osm_id": 7024858970, "osm_type": "node"}, "geometry": {"type": "Point", "coordinates": [75.7702032, 26.8675199]}}, {"type": "Feature", "properties": {"addr:district": "Jaipur", "addr:full": "C-17, Deepak Marg, Adarsh Nagar", "addr:postcode": "302004", "addr:state": "Rajasthan", "amenity": "hospital", "healthcare": "hospital", "name": "Sharma Hospital, Jaipur", "source": "OpenGovernmentData", "osm_id": 7024889676, "osm_type": "node"}, "geometry": {"type": "Point", "coordinates": [75.8245965, 26.9068181]}}, {"type": "Feature", "properties": {"addr:district": "Jaipur", "addr:full": "N86,Adinath Nagar,J.L.N Marg", "addr:postcode": "302015", "addr:state": "Rajasthan", "amenity": "hospital", "name": "R.G.S Eye Centre and Retina Foundation", "source": "OpenGovernmentData", "website": "https://www.rgseyecentre.com", "osm_id": 7024897100, "osm_type": "node"}, "geometry": {"type": "Point", "coordinates": [75.8017749, 26.8525438]}}, {"type": "Feature", "properties": {"addr:district": "Jaipur", "addr:full": "D-9, Kabir Marg, Bani Park", "addr:postcode": "302016", "addr:state": "Rajasthan", "amenity": "hospital", "healthcare": "hospital", "name": "Bani Park Hospital", "source": "OpenGovernmentData", "osm_id": 7025015210, "osm_type": "node"}, "geometry": {"type": "Point", "coordinates": [75.788056, 26.9245242]}}, {"type": "Feature", "properties": {"addr:district": "Jaipur", "addr:full": "B-2, Dhruv Marg, Tilak Nagar", "addr:postcode": "302004", "addr:state": "Rajasthan", "amenity": "hospital", "healthcare": "hospital", "name": "K.M.S.Hospital", "source": "OpenGovernmentData", "osm_id": 7025038083, "osm_type": "node"}, "geometry": {"type": "Point", "coordinates": [75.8208033, 26.8953299]}}, {"type": "Feature", "properties": {"addr:district": "Jaipur", "addr:full": "26-27, Shiv Colony, Airport Road, Thana Cirlce,Sanganer", "addr:postcode": "302015", "addr:state": "Rajasthan", "amenity": "hospital", "name": "Archana Hospital", "source": "OpenGovernmentData", "osm_id": 7025072866, "osm_type": "node"}, "geometry": {"type": "Point", "coordinates": [75.7986467, 26.8189131]}}, {"type": "Feature", "properties": {"addr:district": "Jaipur", "addr:full": "29, Girdhar Marg, Sunder Nagar Opposite Hotel Clarks Amer", "addr:postcode": "302017", "addr:state": "Rajasthan", "amenity": "hospital", "name": "Anita Maternity Home", "source": "OpenGovernmentData", "osm_id": 7025156650, "osm_type": "node"}, "geometry": {"type": "Point", "coordinates": [75.8053221, 26.8479288]}}, {"type": "Feature", "properties": {"addr:district": "Jaipur", "addr:full": "B-209,Rajendra Marg,Bapu Nagar", "addr:postcode": "302015", "addr:state": "Rajasthan", "amenity": "hospital", "healthcare": "hospital", "name": "Anshu Hospital", "source": "OpenGovernmentData", "website": "https://anshudentalcare.com/", "osm_id": 7025157462, "osm_type": "node"}, "geometry": {"type": "Point", "coordinates": [75.8079158, 26.8873756]}}, {"type": "Feature", "properties": {"addr:district": "Jaipur", "addr:full": "C 13, Deepak Marg, Moti Dungri Road", "addr:postcode": "302004", "addr:state": "Rajasthan", "amenity": "hospital", "healthcare": "hospital", "name": "Anil Hospital", "source": "OpenGovernmentData", "osm_id": 7025196557, "osm_type": "node"}, "geometry": {"type": "Point", "coordinates": [75.8238333, 26.9075955]}}, {"type": "Feature", "properties": {"addr:district": "Jaipur", "addr:full": "189, Heera Nagar, Ajmer Road", "addr:postcode": "302006", "addr:state": "Rajasthan", "amenity": "hospital", "name": "Anita Children's Hospital", "source": "OpenGovernmentData", "osm_id": 7025199278, "osm_type": "node"}, "geometry": {"type": "Point", "coordinates": [75.7448383, 26.8962948]}}, {"type": "Feature", "properties": {"addr:district": "Jaipur", "addr:full": "Kalwar Rd,Jhotwara,Jaipur", "addr:postcode": "302012", "addr:state": "Rajasthan", "amenity": "hospital", "healthcare": "hospital", "healthcare:speciality": "gynaecology", "name": "Anand Maternity Hospital", "source": "OpenGovernmentData", "osm_id": 7025210570, "osm_type": "node"}, "geometry": {"type": "Point", "coordinates": [75.7478651, 26.944793]}}, {"type": "Feature", "properties": {"addr:district": "Jaipur", "addr:full": "21,Near Bagadia Bhawan, Jamna Lal Bajaj Marg, C-Scheme, Jaipur", "addr:postcode": "302005", "addr:state": "Rajasthan", "amenity": "hospital", "name": "Anand Eye Hospital", "source": "OpenGovernmentData", "website": "https://anandeyehospital.com/", "osm_id": 7025222996, "osm_type": "node"}, "geometry": {"type": "Point", "coordinates": [75.7963179, 26.9081588]}}, {"type": "Feature", "properties": {"addr:district": "Jaipur", "addr:full": "Kiran Path Circle, Mansarovar", "addr:postcode": "302020", "addr:state": "Rajasthan", "amenity": "hospital", "healthcare": "hospital", "name": "Amar Medical and Research Centre", "source": "OpenGovernmentData", "osm_id": 7025281080, "osm_type": "node"}, "geometry": {"type": "Point", "coordinates": [75.7577665, 26.8681845]}}, {"type": "Feature", "properties": {"addr:district": "Jaipur", "addr:full": "Raja Park,Govind Marg", "addr:postcode": "302004", "addr:state": "Rajasthan", "amenity": "hospital", "healthcare": "hospital", "name": "Amodh Hospital", "source": "OpenGovernmentData", "osm_id": 7025285294, "osm_type": "node"}, "geometry": {"type": "Point", "coordinates": [75.8322018, 26.8977635]}}, {"type": "Feature", "properties": {"addr:district": "Jaipur", "addr:full": "Gopalpura By Pass, Near Police Chowki , Mahavir Nagar", "addr:postcode": "302019", "addr:state": "Rajasthan", "amenity": "hospital", "healthcare": "hospital", "name": "Amarnath Allergy And General Hospital", "source": "OpenGovernmentData", "osm_id": 7025288970, "osm_type": "node"}, "geometry": {"type": "Point", "coordinates": [75.7926258, 26.8620783]}}, {"type": "Feature", "properties": {"addr:district": "Jaipur", "addr:full": "4-J-5, Jawahar Nagar, Choura Rasta", "addr:postcode": "302003", "addr:state": "Rajasthan", "amenity": "hospital", "healthcare": "hospital", "name": "Amar Jain Hospital", "source": "OpenGovernmentData", "osm_id": 7025306774, "osm_type": "node"}, "geometry": {"type": "Point", "coordinates": [75.821414, 26.9204054]}}, {"type": "Feature", "properties": {"addr:district": "Jaipur", "addr:full": "Sethi Colony", "addr:postcode": "302004", "addr:state": "Rajasthan", "amenity": "hospital", "healthcare": "hospital", "name": "Satellite Hospital, Sethi Colony , JAIPUR", "source": "OpenGovernmentData", "osm_id": 7025429713, "osm_type": "node"}, "geometry": {"type": "Point", "coordinates": [75.8416218, 26.9021049]}}, {"type": "Feature", "properties": {"addr:district": "Jaipur", "addr:full": "Opposite Railway Station, Sanganer", "addr:postcode": "303007", "addr:state": "Rajasthan", "amenity": "hospital", "name": "Raj Hospital, Jaipur", "source": "OpenGovernmentData", "osm_id": 7027488070, "osm_type": "node"}, "geometry": {"type": "Point", "coordinates": [75.7741803, 26.8155385]}}, {"type": "Feature", "properties": {"addr:district": "Jaipur", "addr:full": "4/A, Tilak Marg", "addr:postcode": "302003", "addr:state": "Rajasthan", "amenity": "hospital", "healthcare": "hospital", "healthcare:speciality": "urology", "name": "Dr Roy Chowdary's Institute Of Urology", "source": "OpenGovernmentData", "website": "https://instituteofurology.in/", "osm_id": 7027516600, "osm_type": "node"}, "geometry": {"type": "Point", "coordinates": [75.7969281, 26.901251]}}, {"type": "Feature", "properties": {"addr:district": "Jaipur", "addr:full": "Joshi Marg, Kalwar Road, Jotwara", "addr:postcode": "302021", "addr:state": "Rajasthan", "amenity": "hospital", "name": "Radha Nursing Home, Jotwara", "source": "OpenGovernmentData", "osm_id": 7027544538, "osm_type": "node"}, "geometry": {"type": "Point", "coordinates": [75.7357603, 26.9460902]}}, {"type": "Feature", "properties": {"addr:district": "Jaipur", "addr:full": "B-6, Hanuman Nagar, Main Sirsi Road , Khatipura", "addr:postcode": "302021", "addr:state": "Rajasthan", "amenity": "hospital", "healthcare": "hospital", "name": "R.K.Yadav Memorial Hospital", "source": "OpenGovernmentData", "osm_id": 7027565979, "osm_type": "node"}, "geometry": {"type": "Point", "coordinates": [75.7426026, 26.9215199]}}, {"type": "Feature", "properties": {"addr:district": "Jaipur", "addr:full": "B - 14, Lal Kothi Shopping Centre, Behind Times Of India, Tonk Road, Near Laxmi Mandir Cinema", "addr:postcode": "302015", "addr:state": "Rajasthan", "amenity": "hospital", "healthcare": "hospital", "name": "J P Eye Hospital, Jaipur", "source": "OpenGovernmentData", "website": "https://jpkabraeyehospital.com/", "osm_id": 7027616575, "osm_type": "node"}, "geometry": {"type": "Point", "coordinates": [75.7987918, 26.8815962]}}, {"type": "Feature", "properties": {"addr:district": "Jaipur", "addr:full": "Bajrang Colony,Jhotwara", "addr:postcode": "302012", "addr:state": "Rajasthan", "amenity": "hospital", "healthcare": "hospital", "name": "Shubham Hospital and Maternity Centre", "source": "OpenGovernmentData", "osm_id": 7027675114, "osm_type": "node"}, "geometry": {"type": "Point", "coordinates": [75.7639946, 26.9421067]}}, {"type": "Feature", "properties": {"addr:district": "Jaipur", "addr:full": "Adarsh Nagar", "addr:postcode": "302004", "addr:state": "Rajasthan", "amenity": "hospital", "healthcare": "hospital", "name": "J. K. Loan Hospital", "source": "OpenGovernmentData", "osm_id": 7027685279, "osm_type": "node"}, "geometry": {"type": "Point", "coordinates": [75.8177174, 26.9014055]}}, {"type": "Feature", "properties": {"addr:district": "Jaipur", "addr:full": "456 Dr.Garg Tower,Near RBI", "addr:postcode": "303103", "addr:state": "Rajasthan", "amenity": "hospital", "healthcare": "hospital", "healthcare:speciality": "fertility", "name": "International Fertility and Health Care Centre", "source": "OpenGovernmentData", "website": "fertilitytreatmentindia.com", "osm_id": 7027690433, "osm_type": "node"}, "geometry": {"type": "Point", "coordinates": [75.8109118, 26.8973018]}}, {"type": "Feature", "properties": {"addr:district": "Jaipur", "addr:full": "B-52, Gautam Marg, Near Vaishali Circle, Hanuman Nagar, Khatipura", "addr:postcode": "302021", "addr:state": "Rajasthan", "amenity": "hospital", "healthcare": "hospital", "name": "J. N. Mishra Memorial Hospital", "source": "OpenGovernmentData", "osm_id": 7027700037, "osm_type": "node"}, "geometry": {"type": "Point", "coordinates": [75.743105, 26.9194554]}}, {"type": "Feature", "properties": {"addr:district": "Jaipur", "addr:full": "C-18, Near New Vidhan Sabha, Lalkothi", "addr:postcode": "302020", "addr:state": "Rajasthan", "amenity": "hospital", "healthcare": "hospital", "healthcare:speciality": "neurology", "name": "Indowestern Brain and Spine Hospital", "source": "OpenGovernmentData", "osm_id": 7027721133, "osm_type": "node"}, "geometry": {"type": "Point", "coordinates": [75.8002755, 26.8917103]}}, {"type": "Feature", "properties": {"addr:district": "Jaipur", "addr:full": "337/5, Vyas Marg,Prabhu Marg, Opp A/C Market, Jaipur", "addr:postcode": "302004", "addr:state": "Rajasthan", "amenity": "hospital", "healthcare": "hospital", "name": "Holy Family Hospital, Jaipur", "source": "OpenGovernmentData", "website": "https://holyfamilyhospitaljaipur.in/", "osm_id": 7027743300, "osm_type": "node"}, "geometry": {"type": "Point", "coordinates": [75.8243215, 26.8935881]}}, {"type": "Feature", "properties": {"addr:district": "Jaipur", "addr:full": "No. 2 / 154, Dwarka Path, S F S, Mansarover", "addr:postcode": "302020", "addr:state": "Rajasthan", "amenity": "hospital", "name": "Hi Tech Hospital, Jaipur", "source": "OpenGovernmentData", "osm_id": 7027752926, "osm_type": "node"}, "geometry": {"type": "Point", "coordinates": [75.7717831, 26.8402031]}}, {"type": "Feature", "properties": {"addr:district": "Jaipur", "addr:full": "7, Vivekanand Marg, C-Scheme", "addr:postcode": "302001", "addr:state": "Rajasthan", "amenity": "hospital", "name": "Heart and General Hospital", "source": "OpenGovernmentData", "website": "https://heartandgeneralhospital.com/", "osm_id": 7027765939, "osm_type": "node"}, "geometry": {"type": "Point", "coordinates": [75.8108716, 26.9086623]}}, {"type": "Feature", "properties": {"addr:district": "Jaipur", "addr:full": "D-27, Shyam Nagar, New Sanganer Road, Sodala", "addr:postcode": "302019", "addr:state": "Rajasthan", "amenity": "hospital", "name": "Vardhman Hospital, Jaipur", "source": "OpenGovernmentData", "osm_id": 7027768952, "osm_type": "node"}, "geometry": {"type": "Point", "coordinates": [75.7694166, 26.8940283]}}, {"type": "Feature", "properties": {"addr:district": "Jaipur", "addr:full": "60 Feet Rd, C-Block,Mahesh Nagar", "addr:postcode": "302015", "addr:state": "Rajasthan", "amenity": "hospital", "name": "Health Hospital", "source": "OpenGovernmentData", "osm_id": 7027783622, "osm_type": "node"}, "geometry": {"type": "Point", "coordinates": [75.7792993, 26.8784928]}}, {"type": "Feature", "properties": {"addr:district": "Jaipur", "addr:full": "20 Uniara Garden, J.N.L. Road", "addr:postcode": "302004", "addr:state": "Rajasthan", "amenity": "hospital", "healthcare": "hospital", "name": "Uniara Hospital", "source": "OpenGovernmentData", "osm_id": 7027786380, "osm_type": "node"}, "geometry": {"type": "Point", "coordinates": [75.8178108, 26.8979427]}}, {"type": "Feature", "properties": {"addr:district": "Jaipur", "addr:full": "A -100, Bhan Nagar, Main Vidhut Nagar, Queens Roads", "addr:postcode": "302021", "addr:state": "Rajasthan", "amenity": "hospital", "name": "Tyagi Eye Hospital", "source": "OpenGovernmentData", "website": "https://tyagieyehospital.com/", "osm_id": 7027800130, "osm_type": "node"}, "geometry": {"type": "Point", "coordinates": [75.7516079, 26.9003251]}}, {"type": "Feature", "properties": {"addr:district": "Jaipur", "addr:full": "Neer-Sagar Colony, Main Ajmer Road, Bhankrota Choraha", "addr:postcode": "302005", "addr:state": "Rajasthan", "amenity": "hospital", "name": "Ashok Hospital and Research Center", "source": "OpenGovernmentData", "osm_id": 7028034200, "osm_type": "node"}, "geometry": {"type": "Point", "coordinates": [75.6999376, 26.8724587]}}, {"type": "Feature", "properties": {"addr:district": "Jaipur", "addr:full": "Suraj Nagar (West), Civil Lines", "addr:postcode": "302006", "addr:state": "Rajasthan", "amenity": "hospital", "healthcare": "hospital", "name": "Kamdar Children Hospital", "source": "OpenGovernmentData", "osm_id": 7028059883, "osm_type": "node"}, "geometry": {"type": "Point", "coordinates": [75.7780299, 26.9055068]}}, {"type": "Feature", "properties": {"amenity": "hospital", "healthcare": "hospital", "name": "Advanced Heart Care Center", "osm_id": 7030319503, "osm_type": "node"}, "geometry": {"type": "Point", "coordinates": [75.8034563, 26.8676258]}}, {"type": "Feature", "properties": {"addr:district": "Jaipur", "addr:full": "138-A, Vasundhra Colony, Gopalpura ByPass, Tonk Road", "addr:postcode": "302018", "addr:state": "Rajasthan", "amenity": "hospital", "healthcare": "hospital", "name": "Bhandari Hospital and Research Centre", "source": "OpenGovernmentData", "website": "https://bhandarihospital.net/", "osm_id": 7030351333, "osm_type": "node"}, "geometry": {"type": "Point", "coordinates": [75.7937336, 26.8636395]}}, {"type": "Feature", "properties": {"addr:district": "Jaipur", "addr:full": "434, Adarsh Nagar", "addr:postcode": "302004", "addr:state": "Rajasthan", "amenity": "hospital", "healthcare": "hospital", "healthcare:speciality": "ophthalmology", "name": "Bhiwani Eye Care Centre", "source": "OpenGovernmentData", "osm_id": 7030410093, "osm_type": "node"}, "geometry": {"type": "Point", "coordinates": [75.8257002, 26.9025702]}}, {"type": "Feature", "properties": {"addr:district": "Jaipur", "addr:full": "43, Ashok Vihar, Ambabari Bridge, Behind Petrol Pump, Jhotwara", "addr:postcode": "302012", "addr:state": "Rajasthan", "amenity": "hospital", "healthcare": "hospital", "name": "C.B.L. Memorial Holy Family Hospital", "source": "OpenGovernmentData", "osm_id": 7030524543, "osm_type": "node"}, "geometry": {"type": "Point", "coordinates": [75.7810803, 26.9388918]}}, {"type": "Feature", "properties": {"addr:district": "Jaipur", "addr:full": "471, Adarsh Nagar", "addr:postcode": "302004", "addr:state": "Rajasthan", "amenity": "hospital", "healthcare": "hospital", "name": "Carewell Hospital", "source": "OpenGovernmentData", "osm_id": 7030551132, "osm_type": "node"}, "geometry": {"type": "Point", "coordinates": [75.8267596, 26.9009951]}}, {"type": "Feature", "properties": {"addr:district": "Jaipur", "addr:full": "Centre for Sight, Malviya Nagar Main Road, Opposite Petrol Pump", "addr:postcode": "302017", "addr:state": "Rajasthan", "amenity": "hospital", "email": "infojaipur@centreforsight.net", "name": "Centre For Sight", "operator:type": "private", "source": "OpenGovernmentData", "website": "https://www.centreforsight.net/", "osm_id": 7030589195, "osm_type": "node"}, "geometry": {"type": "Point", "coordinates": [75.8081784, 26.8593131]}}, {"type": "Feature", "properties": {"addr:district": "Jaipur", "addr:full": "Shastri Nagar", "addr:postcode": "302013", "addr:state": "Rajasthan", "amenity": "hospital", "healthcare": "hospital", "name": "Government Dental College and Hospital, Jaipur", "operator:type": "government", "source": "OpenGovernmentData", "osm_id": 7030599187, "osm_type": "node"}, "geometry": {"type": "Point", "coordinates": [75.7929099, 26.9378]}}, {"type": "Feature", "properties": {"addr:district": "Jaipur", "addr:full": "Bani Park, Jaipur", "addr:postcode": "302016", "addr:state": "Rajasthan", "amenity": "hospital", "healthcare": "hospital", "name": "Jaipur Fertility Centre", "source": "OpenGovernmentData", "osm_id": 7030617003, "osm_type": "node"}, "geometry": {"type": "Point", "coordinates": [75.7881075, 26.9354644]}}, {"type": "Feature", "properties": {"addr:district": "Jaipur", "addr:full": "Chand-Pole Gate,Near Police Lines", "addr:postcode": "302001", "addr:state": "Rajasthan", "amenity": "hospital", "healthcare": "hospital", "name": "Zanana Hospital", "source": "OpenGovernmentData", "website": "health.rajasthan.gov.in", "osm_id": 7030621054, "osm_type": "node"}, "geometry": {"type": "Point", "coordinates": [75.806627, 26.9263698]}}, {"type": "Feature", "properties": {"addr:district": "Jaipur", "addr:full": "Malviya Nagar", "addr:postcode": "302017", "addr:state": "Rajasthan", "amenity": "hospital", "name": "Jaipur Calgary Eye Hospital", "osm_id": 7030626395, "osm_type": "node"}, "geometry": {"type": "Point", "coordinates": [75.8222223, 26.8559437]}}, {"type": "Feature", "properties": {"addr:district": "Jaipur", "addr:full": "605-606,Shanti Path, Sindhi Colony, Raja Park", "addr:postcode": "302004", "addr:state": "Rajasthan", "amenity": "hospital", "healthcare": "hospital", "name": "Jain Hospital, Jaipur", "source": "OpenGovernmentData", "osm_id": 7030653289, "osm_type": "node"}, "geometry": {"type": "Point", "coordinates": [75.8372819, 26.8968605]}}, {"type": "Feature", "properties": {"addr:district": "Jaipur", "addr:full": "Ajmer Road, Bhankrota", "addr:postcode": "302026", "addr:state": "Rajasthan", "amenity": "hospital", "name": "Rawal Hospital, Jaipur", "source": "OpenGovernmentData", "osm_id": 7030693236, "osm_type": "node"}, "geometry": {"type": "Point", "coordinates": [75.7009154, 26.8715679]}}, {"type": "Feature", "properties": {"addr:district": "Jaipur", "addr:full": "D-253, Amrapali Marg, Hanuman Nagar, Vaishali Nagar", "addr:postcode": "302021", "addr:state": "Rajasthan", "amenity": "hospital", "healthcare": "hospital", "name": "Jain Fertility and Mother Care Hospital", "source": "OpenGovernmentData", "website": "https://www.jainfertility.com/", "osm_id": 7030706668, "osm_type": "node"}, "geometry": {"type": "Point", "coordinates": [75.7502174, 26.9118613]}}, {"type": "Feature", "properties": {"addr:district": "Jaipur", "addr:full": "84, Karani Vihar-B Road No . 17 Vki Jaipur", "addr:postcode": "302013", "addr:state": "Rajasthan", "amenity": "hospital", "healthcare": "hospital", "name": "Khandelwal Hospital", "source": "OpenGovernmentData", "osm_id": 7030721841, "osm_type": "node"}, "geometry": {"type": "Point", "coordinates": [75.7945356, 27.0022613]}}, {"type": "Feature", "properties": {"addr:district": "Jaipur", "addr:full": "23-24, Satya Vihar Colony, Pankaj Singhavi Marg, Near New Vidhan Sabha, Lal Kothi", "addr:postcode": "302015", "addr:state": "Rajasthan", "amenity": "hospital", "healthcare": "hospital", "healthcare:speciality": "otolaryngology", "name": "Jain ENT Hospital, Jaipur", "source": "OpenGovernmentData", "osm_id": 7030741194, "osm_type": "node"}, "geometry": {"type": "Point", "coordinates": [75.800187, 26.8915847]}}, {"type": "Feature", "properties": {"addr:district": "Jaipur", "addr:full": "160-161, Kailash Puri Tonk Road", "addr:postcode": "302018", "addr:state": "Rajasthan", "amenity": "hospital", "name": "Khandaka Hospital", "source": "OpenGovernmentData", "osm_id": 7030741596, "osm_type": "node"}, "geometry": {"type": "Point", "coordinates": [75.7960518, 26.8564929]}}, {"type": "Feature", "properties": {"addr:district": "Jaipur", "addr:full": "#18, Nandpuri Extension, Behind Chambal Grid,Hawa Sadak", "addr:postcode": "302019", "addr:state": "Rajasthan", "amenity": "hospital", "healthcare": "hospital", "name": "Sita Devi Hospital", "source": "OpenGovernmentData", "website": "https://sitadevihospitals.com/", "osm_id": 7030796055, "osm_type": "node"}, "geometry": {"type": "Point", "coordinates": [75.7805492, 26.898157]}}, {"type": "Feature", "properties": {"addr:district": "Jaipur", "addr:full": "Kalwar Road, Jhotwara", "addr:postcode": "302012", "addr:state": "Rajasthan", "amenity": "hospital", "healthcare": "hospital", "name": "Monika Hospital", "source": "OpenGovernmentData", "osm_id": 7030849552, "osm_type": "node"}, "geometry": {"type": "Point", "coordinates": [75.7528141, 26.9434985]}}, {"type": "Feature", "properties": {"addr:district": "Jaipur", "addr:full": "Near Parnami Mandir, Raja Park, Adarsh Nagar", "addr:postcode": "302004", "addr:state": "Rajasthan", "amenity": "hospital", "healthcare": "hospital", "name": "Madan Parnami Memorial Hospital", "source": "OpenGovernmentData", "osm_id": 7030952427, "osm_type": "node"}, "geometry": {"type": "Point", "coordinates": [75.8240989, 26.8976523]}}, {"type": "Feature", "properties": {"addr:district": "Sikar", "addr:full": "Sikar Road", "addr:postcode": "332001", "addr:state": "Rajasthan", "amenity": "hospital", "healthcare": "hospital", "name": "Jyoti Chest and General Hospital", "source": "OpenGovernmentData", "osm_id": 7034744567, "osm_type": "node"}, "geometry": {"type": "Point", "coordinates": [75.7692732, 27.0096815]}}, {"type": "Feature", "properties": {"addr:district": "Jaipur", "addr:full": "Khawasaji Ka Rasta, Near Hawa Mahal Road", "addr:postcode": "302002", "addr:state": "Rajasthan", "amenity": "hospital", "healthcare": "hospital", "name": "K.K Diagnostic Centre , Jaipur", "source": "OpenGovernmentData", "osm_id": 7034765483, "osm_type": "node"}, "geometry": {"type": "Point", "coordinates": [75.8314803, 26.9260733]}}, {"type": "Feature", "properties": {"addr:district": "Jaipur", "addr:full": "K-20, Malan Ka Chauraha, Malviya Marg, C Scheme", "addr:postcode": "302001", "addr:state": "Rajasthan", "amenity": "hospital", "healthcare": "hospital", "name": "K.C. Memorial Eye Hospital", "source": "OpenGovernmentData", "website": "https://www.kcmemorial.com/", "osm_id": 7034765952, "osm_type": "node"}, "geometry": {"type": "Point", "coordinates": [75.8025286, 26.9136622]}}, {"type": "Feature", "properties": {"addr:district": "Jaipur", "addr:full": "No. B-9 (D), Govind Marg,Adarsh Nagar", "addr:postcode": "302004", "addr:state": "Rajasthan", "amenity": "hospital", "healthcare": "hospital", "name": "Vasundhra Hospital", "source": "OpenGovernmentData", "website": "https://www.drjollyarora.com/", "osm_id": 7034856996, "osm_type": "node"}, "geometry": {"type": "Point", "coordinates": [75.8236563, 26.898218]}}, {"type": "Feature", "properties": {"addr:district": "Jaipur", "addr:full": "No. 10/62, Janki Marg,Chitrakoot Scheme,Opposite Stadium,Vaishali Nagar", "addr:postcode": "302021", "addr:state": "Rajasthan", "amenity": "hospital", "healthcare": "hospital", "name": "Jindal Eye Hospital", "source": "OpenGovernmentData", "osm_id": 7034908135, "osm_type": "node"}, "geometry": {"type": "Point", "coordinates": [75.7368386, 26.8996424]}}, {"type": "Feature", "properties": {"addr:district": "Jaipur", "addr:full": "Near Panchayat Samiti,Kalwar Road,Jhotwara", "addr:postcode": "302012", "addr:state": "Rajasthan", "amenity": "hospital", "healthcare": "hospital", "name": "Jha Hospital", "source": "OpenGovernmentData", "osm_id": 7034953778, "osm_type": "node"}, "geometry": {"type": "Point", "coordinates": [75.7726796, 26.9772622]}}, {"type": "Feature", "properties": {"addr:district": "Jaipur", "addr:full": "Jharkhand Moad, Khati Pura Road", "addr:postcode": "302012", "addr:state": "Rajasthan", "amenity": "hospital", "healthcare": "hospital", "name": "Sadhana Hospital Pvt. Ltd.", "source": "OpenGovernmentData", "osm_id": 7034998849, "osm_type": "node"}, "geometry": {"type": "Point", "coordinates": [75.7534271, 26.9225486]}}, {"type": "Feature", "properties": {"addr:district": "Jaipur", "addr:full": "A-35, Vidhyut Nagar, Ajmer Road,Purani Chungi", "addr:postcode": "302021", "addr:state": "Rajasthan", "amenity": "hospital", "name": "Shubh Hospital", "source": "OpenGovernmentData", "osm_id": 7035005280, "osm_type": "node"}, "geometry": {"type": "Point", "coordinates": [75.7522546, 26.8972552]}}, {"type": "Feature", "properties": {"addr:district": "Jaipur", "addr:full": "Sector-8, Pratapnagar, Sanganer", "addr:postcode": "302033", "addr:state": "Rajasthan", "amenity": "hospital", "name": "Gopinath Hospital", "source": "OpenGovernmentData", "osm_id": 7035008372, "osm_type": "node"}, "geometry": {"type": "Point", "coordinates": [75.8131447, 26.8019159]}}, {"type": "Feature", "properties": {"addr:district": "Jaipur", "addr:full": "A-95, Shriniwas Nagar, Road No. 6, Opposite Om Toyota, Vishwakarma, Sikar Road", "addr:postcode": "302013", "addr:state": "Rajasthan", "amenity": "hospital", "healthcare": "hospital", "name": "Shri Ram Hospital", "source": "OpenGovernmentData", "osm_id": 7035072949, "osm_type": "node"}, "geometry": {"type": "Point", "coordinates": [75.7721069, 26.9820428]}}, {"type": "Feature", "properties": {"addr:district": "Jaipur", "addr:full": "60/7, New Sanganer Road, Rajat Path, Mansarovar", "addr:postcode": "302020", "addr:state": "Rajasthan", "amenity": "hospital", "healthcare": "hospital", "name": "Gem Hospital", "source": "OpenGovernmentData", "osm_id": 7035093683, "osm_type": "node"}, "geometry": {"type": "Point", "coordinates": [75.7544397, 26.8631478]}}, {"type": "Feature", "properties": {"addr:district": "Jaipur", "addr:full": "27,Vidhyut Nagar-A,Ajmer Road", "addr:postcode": "302021", "addr:state": "Rajasthan", "amenity": "hospital", "name": "Shri Niddan Hospital and Hope Fertility Centre", "source": "OpenGovernmentData", "osm_id": 7035102789, "osm_type": "node"}, "geometry": {"type": "Point", "coordinates": [75.7516202, 26.897425]}}, {"type": "Feature", "properties": {"addr:district": "Jaipur", "addr:full": "1, Jacob Road, Civil Lines", "addr:postcode": "302006", "addr:state": "Rajasthan", "amenity": "hospital", "healthcare": "hospital", "name": "Gautam Hospital and Research Center", "source": "OpenGovernmentData", "osm_id": 7035107000, "osm_type": "node"}, "geometry": {"type": "Point", "coordinates": [75.7899821, 26.9096883]}}, {"type": "Feature", "properties": {"addr:district": "Jaipur", "addr:full": "5, Gulab Bari,kalwar road,kumasiya, Jhotwara", "addr:postcode": "302001", "addr:state": "Rajasthan", "amenity": "hospital", "healthcare": "hospital", "healthcare:speciality": "fertility", "name": "Jeevan Shri Hospital and Fertility Center", "source": "OpenGovernmentData", "osm_id": 7035131690, "osm_type": "node"}, "geometry": {"type": "Point", "coordinates": [75.7496845, 26.9429908]}}, {"type": "Feature", "properties": {"addr:district": "Jaipur", "addr:full": "Near Kedia Palace, Muralipura Scheme", "addr:postcode": "302012", "addr:state": "Rajasthan", "amenity": "hospital", "healthcare": "hospital", "name": "M.D.D. Hospital", "source": "OpenGovernmentData", "osm_id": 7035163535, "osm_type": "node"}, "geometry": {"type": "Point", "coordinates": [75.760497, 26.971395]}}, {"type": "Feature", "properties": {"addr:district": "Jaipur", "addr:full": "38, Kanota Bagh, J.L.N.Marg", "addr:postcode": "302004", "addr:state": "Rajasthan", "amenity": "hospital", "healthcare": "hospital", "name": "Soni Hospital", "source": "OpenGovernmentData", "osm_id": 7035249224, "osm_type": "node"}, "geometry": {"type": "Point", "coordinates": [75.8146733, 26.8957806]}}, {"type": "Feature", "properties": {"addr:district": "Jaipur", "addr:full": "B-15, Govind Marg Opp Ice Factory Adarsh Nagar", "addr:postcode": "302004", "addr:state": "Rajasthan", "amenity": "hospital", "healthcare": "hospital", "name": "Royal Eye Care and Research Centre", "source": "OpenGovernmentData", "osm_id": 7035249243, "osm_type": "node"}, "geometry": {"type": "Point", "coordinates": [75.8339544, 26.899285]}}, {"type": "Feature", "properties": {"addr:district": "Jaipur", "addr:full": "692,Frontier Colony,Adarsh Nagar,Near Baraf Khana Pani Ki Tanki", "addr:postcode": "302004", "addr:state": "Rajasthan", "amenity": "hospital", "healthcare": "hospital", "name": "Chawla Hospital and Laparoscopy Centre", "source": "OpenGovernmentData", "osm_id": 7035250092, "osm_type": "node"}, "geometry": {"type": "Point", "coordinates": [75.8318694, 26.8995779]}}, {"type": "Feature", "properties": {"addr:district": "Jaipur", "addr:full": "C-172, Vaishali Nagar, Behind Vaibhav Cine-Multi Plex", "addr:postcode": "302021", "addr:state": "Rajasthan", "amenity": "hospital", "name": "Dr Mahendra Orthopaedic Centre", "source": "OpenGovernmentData", "osm_id": 7035250100, "osm_type": "node"}, "geometry": {"type": "Point", "coordinates": [75.739079, 26.9013367]}}, {"type": "Feature", "properties": {"addr:district": "Jaipur", "addr:full": "Near Chaugan Stadium, Tripolia Bazar, Gangori Bazaar", "addr:postcode": "302001", "addr:state": "Rajasthan", "addr:subdistrict": "Jaipur", "amenity": "hospital", "name": "Gangori Hospital", "source": "OpenGovernmentData", "osm_id": 7035294692, "osm_type": "node"}, "geometry": {"type": "Point", "coordinates": [75.8203457, 26.9303934]}}, {"type": "Feature", "properties": {"addr:district": "Jaipur", "addr:full": "A/2, Opposite, Time Square, Central Spine Vidhyadhar Nagar", "addr:postcode": "302039", "addr:state": "Rajasthan", "amenity": "hospital", "healthcare": "hospital", "name": "Ganadhipati Purushottam Shekhawati Hospital and Research Center", "source": "OpenGovernmentData", "osm_id": 7035294751, "osm_type": "node"}, "geometry": {"type": "Point", "coordinates": [75.7773485, 26.9599811]}}, {"type": "Feature", "properties": {"addr:district": "Jaipur", "addr:full": "11/34, Girdhar Marg, Malviya Nagar,Jaipur-302017", "addr:postcode": "302018", "addr:state": "Rajasthan", "amenity": "hospital", "name": "Girdhar Hospital and Research Centre", "source": "OpenGovernmentData", "osm_id": 7036670276, "osm_type": "node"}, "geometry": {"type": "Point", "coordinates": [75.8131608, 26.8454675]}}, {"type": "Feature", "properties": {"addr:district": "Jaipur", "addr:full": "Mall,Lal Kothi,Tonk Road", "addr:postcode": "302006", "addr:state": "Rajasthan", "amenity": "hospital", "healthcare": "hospital", "healthcare:speciality": "otolaryngology", "name": "Global Advanced Ent Surgery Centre", "source": "OpenGovernmentData", "osm_id": 7036728296, "osm_type": "node"}, "geometry": {"type": "Point", "coordinates": [75.8037262, 26.889592]}}, {"type": "Feature", "properties": {"addr:district": "Jaipur", "addr:full": "68, Siddharth Nagar E-Block, Sector 12 Main Road", "addr:postcode": "302017", "addr:state": "Rajasthan", "amenity": "hospital", "name": "Ghiya Hospital", "source": "OpenGovernmentData", "osm_id": 7036731239, "osm_type": "node"}, "geometry": {"type": "Point", "coordinates": [75.8101729, 26.8467981]}}, {"type": "Feature", "properties": {"addr:district": "Jaipur", "addr:full": "94/49-50, Agarwal Farm, Mansarover", "addr:postcode": "302020", "addr:state": "Rajasthan", "amenity": "hospital", "name": "Ginni Devi Memorial Hospital", "source": "OpenGovernmentData", "osm_id": 7036733935, "osm_type": "node"}, "geometry": {"type": "Point", "coordinates": [75.7695696, 26.8502608]}}, {"type": "Feature", "properties": {"addr:district": "Jaipur", "addr:full": "1- A- 110 Shiv Shakti Colony , Opposite P&T Quarters, Near Khandelwal College, Shastri Nagar", "addr:postcode": "302016", "addr:state": "Rajasthan", "amenity": "hospital", "name": "Gupta Hospital", "source": "OpenGovernmentData", "osm_id": 7036743535, "osm_type": "node"}, "geometry": {"type": "Point", "coordinates": [75.803289, 26.9434696]}}, {"type": "Feature", "properties": {"addr:district": "Jaipur", "addr:full": "Madhyam Marg Mansarovar", "addr:postcode": "302020", "addr:state": "Rajasthan", "amenity": "hospital", "name": "Gupta Hospital and Diagnostic Centre Jaipur", "source": "OpenGovernmentData", "osm_id": 7036743841, "osm_type": "node"}, "geometry": {"type": "Point", "coordinates": [75.7679455, 26.8516129]}}, {"type": "Feature", "properties": {"addr:district": "Jaipur", "addr:full": "A-1, Pani Ki Tanki Circle,Shastri Nagar", "addr:postcode": "302016", "addr:state": "Rajasthan", "amenity": "hospital", "name": "Goyal Hospital, Jaipur", "source": "OpenGovernmentData", "osm_id": 7036765142, "osm_type": "node"}, "geometry": {"type": "Point", "coordinates": [75.8008106, 26.9379927]}}, {"type": "Feature", "properties": {"addr:district": "Jaipur", "addr:full": "S-8 Amrapali Marg Vaishali Nagar", "addr:postcode": "302021", "addr:state": "Rajasthan", "amenity": "hospital", "healthcare": "hospital", "name": "Gupta Child andGenral", "source": "OpenGovernmentData", "osm_id": 7036785909, "osm_type": "node"}, "geometry": {"type": "Point", "coordinates": [75.7420742, 26.9112107]}}, {"type": "Feature", "properties": {"addr:district": "Jaipur", "addr:full": "3, Kalwar Road, Near Lata Cinema, Jhotwara", "addr:postcode": "302012", "addr:state": "Rajasthan", "amenity": "hospital", "healthcare": "hospital", "name": "Gupta Chest And General Hospital", "source": "OpenGovernmentData", "osm_id": 7036787752, "osm_type": "node"}, "geometry": {"type": "Point", "coordinates": [75.7600585, 26.9431014]}}, {"type": "Feature", "properties": {"addr:district": "Jaipur", "addr:full": "Tonk Road Durgapura", "addr:postcode": "302015", "addr:state": "Rajasthan", "amenity": "hospital", "name": "Durgapura Hospital", "source": "OpenGovernmentData", "osm_id": 7036855302, "osm_type": "node"}, "geometry": {"type": "Point", "coordinates": [75.7938087, 26.8461836]}}, {"type": "Feature", "properties": {"addr:district": "Jaipur", "addr:full": "219, Mahaveer Nagar,Durgapur Railway Station,Tonk Raod", "addr:postcode": "302015", "addr:state": "Rajasthan", "amenity": "hospital", "name": "Shree Narayan Chikitsalay", "source": "OpenGovernmentData", "osm_id": 7037297424, "osm_type": "node"}, "geometry": {"type": "Point", "coordinates": [75.7898913, 26.8535082]}}, {"type": "Feature", "properties": {"addr:district": "Jaipur", "addr:full": "C-92, Near Rajasthan Bank, Kalwara Road, Jhotwara", "addr:postcode": "302012", "addr:state": "Rajasthan", "amenity": "hospital", "healthcare": "hospital", "healthcare:speciality": "orthopaedics", "name": "Shri Brij Fracture Hospital", "source": "OpenGovernmentData", "osm_id": 7037332489, "osm_type": "node"}, "geometry": {"type": "Point", "coordinates": [75.7505755, 26.9429962]}}, {"type": "Feature", "properties": {"addr:district": "Jaipur", "addr:full": "#4, Vishnupuri, Jagatpura Road", "addr:postcode": "302017", "addr:state": "Rajasthan", "amenity": "hospital", "name": "Shri Hospital", "source": "OpenGovernmentData", "osm_id": 7037356085, "osm_type": "node"}, "geometry": {"type": "Point", "coordinates": [75.8270252, 26.8475232]}}, {"type": "Feature", "properties": {"addr:district": "Jaipur", "addr:full": "A-93, Singh Bhoomi Khatipura", "addr:postcode": "302003", "addr:state": "Rajasthan", "amenity": "hospital", "healthcare": "hospital", "name": "Marudhar Hospital", "source": "OpenGovernmentData", "osm_id": 7037481103, "osm_type": "node"}, "geometry": {"type": "Point", "coordinates": [75.7463547, 26.9269572]}}, {"type": "Feature", "properties": {"addr:district": "Jaipur", "addr:full": "C-17, Bhagat Singh Marg, Near Lbs College, Tilak Nagarm", "addr:postcode": "302004", "addr:state": "Rajasthan", "amenity": "hospital", "healthcare": "hospital", "name": "Ram Avtar Eye Hospital and Glaucoma Pavilion", "source": "OpenGovernmentData", "osm_id": 7037488089, "osm_type": "node"}, "geometry": {"type": "Point", "coordinates": [75.8242251, 26.89272]}}, {"type": "Feature", "properties": {"addr:district": "Jaipur", "addr:full": "9, Vishnupuri, Jagatpura Road,Near Reliance Petroleum, Malviya nagar", "addr:postcode": "302017", "addr:state": "Rajasthan", "amenity": "hospital", "name": "Ram Janki Memorial Vijayvergia Hospital", "source": "OpenGovernmentData", "osm_id": 7037513017, "osm_type": "node"}, "geometry": {"type": "Point", "coordinates": [75.827457, 26.8470661]}}, {"type": "Feature", "properties": {"addr:district": "Jaipur", "addr:full": "D-7, Opposite Samudayik Kendra, Dev Nagar, Tonk Road", "addr:postcode": "302018", "addr:state": "Rajasthan", "amenity": "hospital", "healthcare": "hospital", "name": "Retina Care Foundation and Eye Hospital", "source": "OpenGovernmentData", "osm_id": 7037563460, "osm_type": "node"}, "geometry": {"type": "Point", "coordinates": [75.79438, 26.8691625]}}, {"type": "Feature", "properties": {"amenity": "hospital", "healthcare": "hospital", "name": "Military hospital Jaipur", "osm_id": 7037601487, "osm_type": "node"}, "geometry": {"type": "Point", "coordinates": [75.783441, 26.929235]}}, {"type": "Feature", "properties": {"addr:district": "Jaipur", "addr:full": "264, Near Parnami Mandir, Raja Park", "addr:postcode": "302004", "addr:state": "Rajasthan", "amenity": "hospital", "healthcare": "hospital", "name": "Dr.Mamodias Proctology and IRC Centre", "phone": "9414060257", "source": "OpenGovernmentData", "website": "pilescenter.com", "osm_id": 7037606522, "osm_type": "node"}, "geometry": {"type": "Point", "coordinates": [75.8233532, 26.8970829]}}, {"type": "Feature", "properties": {"addr:district": "Jaipur", "addr:full": "52,Udai Nagar - A, Near Kissan Dharamkanta,Gopalpura Byepass", "addr:postcode": "302019", "addr:state": "Rajasthan", "amenity": "hospital", "name": "Kshitij Hospital and Medical Research Centre", "source": "OpenGovernmentData", "osm_id": 7037696459, "osm_type": "node"}, "geometry": {"type": "Point", "coordinates": [75.7471061, 26.8823278]}}, {"type": "Feature", "properties": {"addr:district": "Jaipur", "addr:full": "A-31B, Anita Colony.Bajaj Nagar,Jaipur", "addr:postcode": "302015", "addr:state": "Rajasthan", "amenity": "hospital", "healthcare": "hospital", "name": "Krishna Ram Hospital and Research Centre", "source": "OpenGovernmentData", "osm_id": 7037738561, "osm_type": "node"}, "geometry": {"type": "Point", "coordinates": [75.8003439, 26.8710868]}}, {"type": "Feature", "properties": {"addr:district": "Jaipur", "addr:full": "23, Kailashpuri, Kanta Circle, Kalwar Road, Jhotwara", "addr:postcode": "302012", "addr:state": "Rajasthan", "amenity": "hospital", "name": "Krishna Mother and Child Hospital", "source": "OpenGovernmentData", "osm_id": 7037748710, "osm_type": "node"}, "geometry": {"type": "Point", "coordinates": [75.7429527, 26.9452139]}}, {"type": "Feature", "properties": {"addr:district": "Jaipur", "addr:full": "Plot No. 145, Indra Colony, Jhotwara Road", "addr:postcode": "302016", "addr:state": "Rajasthan", "amenity": "hospital", "healthcare": "hospital", "healthcare:speciality": "orthopaedics", "name": "Diwakar Orthopedic and General Hospital", "source": "OpenGovernmentData", "osm_id": 7037995243, "osm_type": "node"}, "geometry": {"type": "Point", "coordinates": [75.7896405, 26.9372945]}}, {"type": "Feature", "properties": {"addr:district": "Jaipur", "addr:full": "2, Commander Colony, Panchyawala, Sirsi Road", "addr:postcode": "302021", "addr:state": "Rajasthan", "amenity": "hospital", "name": "Rajat Maternity and General Hospital", "source": "OpenGovernmentData", "osm_id": 7038143732, "osm_type": "node"}, "geometry": {"type": "Point", "coordinates": [75.7236005, 26.9229847]}}, {"type": "Feature", "properties": {"addr:district": "Jaipur", "addr:full": "S-9, Ajmer Road, Shyam Nagar, Near Vipul Motors, Sodala", "addr:postcode": "302003", "addr:state": "Rajasthan", "amenity": "hospital", "name": "Dwarka Orthopaedic and Trauma Hospital", "source": "OpenGovernmentData", "osm_id": 7038146063, "osm_type": "node"}, "geometry": {"type": "Point", "coordinates": [75.765447, 26.8982742]}}, {"type": "Feature", "properties": {"addr:district": "Jaipur", "addr:full": "Sodala, Ajmer Road", "addr:postcode": "302006", "addr:state": "Rajasthan", "amenity": "hospital", "name": "Sevayatan Hospital", "source": "OpenGovernmentData", "osm_id": 7038167921, "osm_type": "node"}, "geometry": {"type": "Point", "coordinates": [75.7702173, 26.9012953]}}, {"type": "Feature", "properties": {"addr:district": "Jaipur", "addr:full": "Jaipur", "addr:postcode": "302004", "addr:state": "Rajasthan", "amenity": "hospital", "healthcare": "hospital", "name": "Kcj Diagnostic and Research Center", "source": "OpenGovernmentData", "osm_id": 7038169412, "osm_type": "node"}, "geometry": {"type": "Point", "coordinates": [75.8130455, 26.9059822]}}, {"type": "Feature", "properties": {"addr:district": "Jaipur", "addr:full": "A-2, Jamnnalal Bazaz Marg, C-Scheme", "addr:postcode": "302001", "addr:state": "Rajasthan", "amenity": "hospital", "healthcare": "hospital", "healthcare:speciality": "ophthalmology", "name": "Dr Agarwals Eye Hospital", "operator": "Dr. Agarwal's Eye Hospital", "operator:wikidata": "Q17052044", "source": "OpenGovernmentData", "osm_id": 7038265808, "osm_type": "node"}, "geometry": {"type": "Point", "coordinates": [75.7908113, 26.9080954]}}, {"type": "Feature", "properties": {"addr:district": "Jaipur", "addr:full": "No. 166, Doctor's Colony,D.C.M.,Ajmer Road", "addr:postcode": "302024", "addr:state": "Rajasthan", "amenity": "hospital", "name": "Agarwal Hospital and Fertility Research Centre", "source": "OpenGovernmentData", "osm_id": 7038265813, "osm_type": "node"}, "geometry": {"type": "Point", "coordinates": [75.7438412, 26.8973861]}}, {"type": "Feature", "properties": {"addr:district": "Jaipur", "addr:full": "Heera Path, Mansarovar", "addr:postcode": "302020", "addr:state": "Rajasthan", "amenity": "hospital", "healthcare": "hospital", "healthcare:speciality": "otolaryngology", "name": "Deshbandhu E.N.T. Hospital", "source": "OpenGovernmentData", "osm_id": 7038293279, "osm_type": "node"}, "geometry": {"type": "Point", "coordinates": [75.7565609, 26.8598745]}}, {"type": "Feature", "properties": {"addr:district": "Jaipur", "addr:full": "53,54-B, Sanjay Nagar, Kalwar Road, Jhotwara", "addr:postcode": "302012", "addr:state": "Rajasthan", "amenity": "hospital", "healthcare": "hospital", "name": "Bagree Hospital and Research Centre", "source": "OpenGovernmentData", "osm_id": 7038417542, "osm_type": "node"}, "geometry": {"type": "Point", "coordinates": [75.7446559, 26.9699057]}}, {"type": "Feature", "properties": {"addr:district": "Jaipur", "addr:full": "J-62 Krishna Marg, C-Scheme", "addr:postcode": "302005", "addr:state": "Rajasthan", "amenity": "hospital", "name": "Nirmala Hospital and Research Center", "source": "OpenGovernmentData", "osm_id": 7038417547, "osm_type": "node"}, "geometry": {"type": "Point", "coordinates": [75.8023066, 26.9098833]}}, {"type": "Feature", "properties": {"addr:district": "Jaipur", "addr:full": "B-14/D Govind Marg, Adarsh Nagar", "addr:postcode": "302004", "addr:state": "Rajasthan", "amenity": "hospital", "healthcare": "hospital", "name": "Raj Khurana Memorial Hospital", "source": "OpenGovernmentData", "osm_id": 7038464449, "osm_type": "node"}, "geometry": {"type": "Point", "coordinates": [75.8260462, 26.8972528]}}, {"type": "Feature", "properties": {"addr:district": "Jaipur", "addr:full": "Jeevan Rehka Marg,S-24,Mahal Yojna,Jagatpura", "addr:postcode": "302025", "addr:state": "Rajasthan", "amenity": "hospital", "name": "Jeevan Rekha Critical Care and Trauma Hospital", "source": "OpenGovernmentData", "osm_id": 7038735480, "osm_type": "node"}, "geometry": {"type": "Point", "coordinates": [75.8619395, 26.8007644]}}, {"type": "Feature", "properties": {"addr:district": "Jaipur", "addr:full": "Deher Ke Balaji Area, Sikar Road", "addr:postcode": "302016", "addr:state": "Rajasthan", "amenity": "hospital", "emergency": "no", "healthcare": "hospital", "name": "Khetan Hospital", "source": "OpenGovernmentData", "osm_id": 7038935616, "osm_type": "node"}, "geometry": {"type": "Point", "coordinates": [75.7710944, 26.9590726]}}, {"type": "Feature", "properties": {"addr:district": "Jaipur", "addr:full": "Sp-6 Road No-1, Viswakarama Industrial Area, Sikar Road", "addr:postcode": "302004", "addr:state": "Rajasthan", "amenity": "hospital", "healthcare": "hospital", "name": "Malpani Multispeciality Hospital", "source": "OpenGovernmentData", "osm_id": 7038935621, "osm_type": "node"}, "geometry": {"type": "Point", "coordinates": [75.7763448, 26.9736181]}}, {"type": "Feature", "properties": {"addr:district": "Jaipur", "addr:full": "B-10, Janta Colony , Jaipur", "addr:postcode": "302004", "addr:state": "Rajasthan", "amenity": "hospital", "healthcare": "hospital", "name": "Pragati Orthopaedic and General Hospital", "source": "OpenGovernmentData", "osm_id": 7038990174, "osm_type": "node"}, "geometry": {"type": "Point", "coordinates": [75.8354983, 26.9032106]}}, {"type": "Feature", "properties": {"addr:district": "Jaipur", "addr:full": "18-19, Kailash Puri - A, New Sanganer Road, Opposite Bank Of Baroda, Sodala", "addr:postcode": "302019", "addr:state": "Rajasthan", "amenity": "hospital", "name": "Atulya Hospital", "source": "OpenGovernmentData", "osm_id": 7039387654, "osm_type": "node"}, "geometry": {"type": "Point", "coordinates": [75.7717301, 26.8974788]}}, {"type": "Feature", "properties": {"addr:district": "Jaipur", "addr:full": "34, Shiv Shakti Mnagar, Nirman Nagar", "addr:postcode": "302019", "addr:state": "Rajasthan", "amenity": "hospital", "name": "Ayush Hospital", "source": "OpenGovernmentData", "osm_id": 7039412914, "osm_type": "node"}, "geometry": {"type": "Point", "coordinates": [75.7525188, 26.8860287]}}, {"type": "Feature", "properties": {"addr:district": "Jaipur", "addr:full": "B-494, 80 Feet Road, Mahesh Nagar, Jaipur", "addr:postcode": "302005", "addr:state": "Rajasthan", "amenity": "hospital", "healthcare": "hospital", "name": "Atal Hospital and Reseach Center", "source": "OpenGovernmentData", "osm_id": 7039433534, "osm_type": "node"}, "geometry": {"type": "Point", "coordinates": [75.7815757, 26.8811209]}}, {"type": "Feature", "properties": {"addr:district": "Jaipur", "addr:full": "24, Chetak Marg Near J.K. Lon Hospital, J.L.N. Marg", "addr:postcode": "302017", "addr:state": "Rajasthan", "amenity": "hospital", "healthcare": "hospital", "name": "Arya Hospital- Jaipur", "source": "OpenGovernmentData", "osm_id": 7039479669, "osm_type": "node"}, "geometry": {"type": "Point", "coordinates": [75.8190637, 26.9003923]}}, {"type": "Feature", "properties": {"addr:district": "Jaipur", "addr:full": "3-Kh-5A, Petrol Pump Lane, Opposite Bsnl Office, Jawahar Nagar", "addr:postcode": "302004", "addr:state": "Rajasthan", "amenity": "hospital", "healthcare": "hospital", "name": "Swastik Hospital, Jaipur", "source": "OpenGovernmentData", "osm_id": 7039491572, "osm_type": "node"}, "geometry": {"type": "Point", "coordinates": [75.8398126, 26.8916923]}}, {"type": "Feature", "properties": {"addr:district": "Jaipur", "addr:full": "J-2/37, Mahaveer Marg", "addr:postcode": "302004", "addr:state": "Rajasthan", "amenity": "hospital", "healthcare": "hospital", "healthcare:speciality": "surgery", "name": "Nova Specialty Surgery", "source": "OpenGovernmentData", "osm_id": 7039514016, "osm_type": "node"}, "geometry": {"type": "Point", "coordinates": [75.8127075, 26.9136323]}}, {"type": "Feature", "properties": {"addr:district": "Jaipur", "addr:full": "Ke-3, Kabir Marg , Bani Park", "addr:postcode": "302001", "addr:state": "Rajasthan", "amenity": "hospital", "healthcare": "hospital", "name": "Shah Hospital, Jaipur", "source": "OpenGovernmentData", "osm_id": 7039515196, "osm_type": "node"}, "geometry": {"type": "Point", "coordinates": [75.7892007, 26.9243777]}}, {"type": "Feature", "properties": {"addr:district": "Jaipur", "addr:full": "R 8/A, Yudhishtar Marg Behind Ashok Nagar Police Station", "addr:postcode": "302001", "addr:state": "Rajasthan", "amenity": "hospital", "healthcare": "hospital", "name": "Sr Kalla Memorial Gastro and General Hospital", "source": "OpenGovernmentData", "osm_id": 7039556018, "osm_type": "node"}, "geometry": {"type": "Point", "coordinates": [75.7970139, 26.9128574]}}, {"type": "Feature", "properties": {"addr:district": "Jaipur", "addr:full": "50,Dhuleshwar Bagh, C-Scheme", "addr:postcode": "302001", "addr:state": "Rajasthan", "amenity": "hospital", "healthcare": "hospital", "name": "Dhuleshwar Hospital and Laser Skin Centre", "source": "OpenGovernmentData", "osm_id": 7039567318, "osm_type": "node"}, "geometry": {"type": "Point", "coordinates": [75.7984489, 26.9139408]}}, {"type": "Feature", "properties": {"addr:district": "Jaipur", "addr:full": "62-A,Dhuleshwar Garden,C-Scheme", "addr:postcode": "302001", "addr:state": "Rajasthan", "amenity": "hospital", "healthcare": "hospital", "name": "Vivekanand Hospital and Fertility Centre", "source": "OpenGovernmentData", "website": "https://www.vivekanandfertility.com", "osm_id": 7039702397, "osm_type": "node"}, "geometry": {"type": "Point", "coordinates": [75.7962348, 26.9144575]}}, {"type": "Feature", "properties": {"addr:district": "Jaipur", "addr:full": "67/56 -A, Near Mandra Bus Stand, New Sanganer Road, Mansarovar", "addr:postcode": "302020", "addr:state": "Rajasthan", "amenity": "hospital", "healthcare": "hospital", "name": "Dhanvantari Hospital,Jaipur", "source": "OpenGovernmentData", "website": "https://dhanwantrihospital.com/", "osm_id": 7039952681, "osm_type": "node"}, "geometry": {"type": "Point", "coordinates": [75.7572716, 26.858026]}}, {"type": "Feature", "properties": {"addr:district": "Jaipur", "addr:full": "Murlipura, Sikar Road", "addr:postcode": "302013", "addr:state": "Rajasthan", "amenity": "hospital", "healthcare": "hospital", "healthcare:speciality": "cardiology", "name": "Pink City Heart and General Hospital", "source": "OpenGovernmentData", "osm_id": 7039981955, "osm_type": "node"}, "geometry": {"type": "Point", "coordinates": [75.7708263, 26.9715839]}}, {"type": "Feature", "properties": {"addr:district": "Jaipur", "addr:full": "Sector-6, Zone -68 Pratap Nagar Sanganer", "addr:postcode": "302033", "addr:state": "Rajasthan", "amenity": "hospital", "name": "Prakash Mother and Child Hospital", "source": "OpenGovernmentData", "osm_id": 7039989682, "osm_type": "node"}, "geometry": {"type": "Point", "coordinates": [75.8093964, 26.8042285]}}, {"type": "Feature", "properties": {"addr:district": "Jaipur", "addr:full": "Bhabha Marg, Moti Dungri", "addr:postcode": "302005", "addr:state": "Rajasthan", "amenity": "hospital", "healthcare": "hospital", "name": "Sahai Hospital and Research Centre", "source": "OpenGovernmentData", "osm_id": 7039990476, "osm_type": "node"}, "geometry": {"type": "Point", "coordinates": [75.8198114, 26.8959216]}}, {"type": "Feature", "properties": {"addr:district": "Jaipur", "addr:full": "C-6, Malviya Nagar, Opp.Saint Anselam School", "addr:postcode": "302017", "addr:state": "Rajasthan", "amenity": "hospital", "name": "Agrasen Orthopaedic Hospital", "source": "OpenGovernmentData", "osm_id": 7039998078, "osm_type": "node"}, "geometry": {"type": "Point", "coordinates": [75.8131421, 26.857502]}}, {"type": "Feature", "properties": {"addr:district": "Jaipur", "addr:full": "Sp-3 Central Road, Malviya Industrial Area, Near Calgary Eye Hospital Malviya Nagar", "addr:postcode": "302017", "addr:state": "Rajasthan", "amenity": "hospital", "name": "Agrawal Hospital", "source": "OpenGovernmentData", "osm_id": 7040013480, "osm_type": "node"}, "geometry": {"type": "Point", "coordinates": [75.8248325, 26.8546041]}}, {"type": "Feature", "properties": {"addr:district": "Jaipur", "addr:full": "76, Devi Nagar, New Sanganer Road, Sadola", "addr:postcode": "302019", "addr:state": "Rajasthan", "amenity": "hospital", "name": "Agrasen Hospital", "source": "OpenGovernmentData", "osm_id": 7040017904, "osm_type": "node"}, "geometry": {"type": "Point", "coordinates": [75.764979, 26.886207]}}, {"type": "Feature", "properties": {"addr:district": "Jaipur", "addr:full": "Brain - Tower, D-358, Malviyanagar, Near Gaurav Tower", "addr:postcode": "302017", "addr:state": "Rajasthan", "amenity": "hospital", "name": "Advanced Neurology and Superspeciality Hospital", "source": "OpenGovernmentData", "website": "https://www.thebraintower.com/", "osm_id": 7040020566, "osm_type": "node"}, "geometry": {"type": "Point", "coordinates": [75.8103311, 26.8521418]}}, {"type": "Feature", "properties": {"addr:district": "Jaipur", "addr:full": "No. B-9/632, Chitrakoot Scheme,Ajmer Road", "addr:postcode": "302021", "addr:state": "Rajasthan", "amenity": "hospital", "name": "Aditi General and Eye Hospital", "source": "OpenGovernmentData", "osm_id": 7040026262, "osm_type": "node"}, "geometry": {"type": "Point", "coordinates": [75.7392506, 26.8972534]}}, {"type": "Feature", "properties": {"addr:district": "Jaipur", "addr:full": "111/196, Vijay Path Chauraha, Agarwal Farm, Mansarovar", "addr:postcode": "302020", "addr:state": "Rajasthan", "amenity": "hospital", "name": "Mansarovar Hospital", "source": "OpenGovernmentData", "osm_id": 7040044511, "osm_type": "node"}, "geometry": {"type": "Point", "coordinates": [75.7698276, 26.8477082]}}, {"type": "Feature", "properties": {"addr:district": "Jaipur", "addr:full": "R-5, Indrapuri, Lal-Kothi", "addr:postcode": "302015", "addr:state": "Rajasthan", "amenity": "hospital", "healthcare": "hospital", "name": "Aditya Hospital, Jaipur", "source": "OpenGovernmentData", "website": "adityahospitaljaipur.in", "osm_id": 7040045984, "osm_type": "node"}, "geometry": {"type": "Point", "coordinates": [75.7993931, 26.8902546]}}, {"type": "Feature", "properties": {"addr:district": "Jaipur", "addr:full": "4, Moti Nagar, Gurjar Ki Thadi, New Sanganer Road", "addr:postcode": "302019", "addr:state": "Rajasthan", "amenity": "hospital", "name": "Swasthya Mangalam Family Health Centre", "source": "OpenGovernmentData", "osm_id": 7040058512, "osm_type": "node"}, "geometry": {"type": "Point", "coordinates": [75.7667412, 26.8785299]}}, {"type": "Feature", "properties": {"addr:district": "Jaipur", "addr:full": "195, Gandhi Path , Queens Road", "addr:postcode": "302001", "addr:state": "Rajasthan", "amenity": "hospital", "healthcare": "hospital", "name": "Aarogya Hospital, Jaipur", "source": "OpenGovernmentData", "osm_id": 7040062370, "osm_type": "node"}, "geometry": {"type": "Point", "coordinates": [75.7493268, 26.9057163]}}, {"type": "Feature", "properties": {"addr:district": "Jaipur", "addr:full": "Gandhi Path ,Vidhyut Nagar", "addr:postcode": "302021", "addr:state": "Rajasthan", "amenity": "hospital", "name": "Adarsh Hospital, Jaipur", "source": "OpenGovernmentData", "osm_id": 7040078410, "osm_type": "node"}, "geometry": {"type": "Point", "coordinates": [75.7394618, 26.9026778]}}, {"type": "Feature", "properties": {"addr:district": "Jaipur", "addr:full": "Sector-28, Khumba Marg,Pratap Nagar, Sanganager", "addr:postcode": "302033", "addr:state": "Rajasthan", "amenity": "hospital", "emergency": "yes", "healthcare": "hospital", "name": "Narayana Multispeciality Hospital", "source": "OpenGovernmentData", "osm_id": 7040094579, "osm_type": "node"}, "geometry": {"type": "Point", "coordinates": [75.8241633, 26.7949954]}}, {"type": "Feature", "properties": {"addr:district": "Jaipur", "addr:full": "Sec-7, Shipa Path, Madhyam Marg, Mansarovar", "addr:postcode": "302020", "addr:state": "Rajasthan", "amenity": "hospital", "healthcare": "hospital", "name": "Tagore Hospital and Research Institute", "source": "OpenGovernmentData", "osm_id": 7040100239, "osm_type": "node"}, "geometry": {"type": "Point", "coordinates": [75.7696433, 26.8589843]}}, {"type": "Feature", "properties": {"addr:district": "Jaipur", "addr:full": "#23, Brij Colony,Behind Rseb Office, ,Hawa Sadak, Civil Lines", "addr:postcode": "302006", "addr:state": "Rajasthan", "amenity": "hospital", "healthcare": "hospital", "name": "Pooja Hospital and Medical Research Centre", "source": "OpenGovernmentData", "osm_id": 7040101983, "osm_type": "node"}, "geometry": {"type": "Point", "coordinates": [75.779359, 26.8990259]}}, {"type": "Feature", "properties": {"addr:district": "Jaipur", "addr:full": "E-466, Lal Dibba Bus Stop,Murlipura Scheme,Opposite Vki Road No.2,Sikar Road", "addr:postcode": "302001", "addr:state": "Rajasthan", "amenity": "hospital", "healthcare": "hospital", "name": "Narmada Hospital and Diagnostic Centre", "source": "OpenGovernmentData", "osm_id": 7040112693, "osm_type": "node"}, "geometry": {"type": "Point", "coordinates": [75.7651426, 26.9754061]}}, {"type": "Feature", "properties": {"addr:district": "Jaipur", "addr:full": "Jawahar Lal Nehru Marg", "addr:postcode": "302015", "addr:state": "Rajasthan", "amenity": "hospital", "name": "Bhagwan Mahaveer Cancer Hospital and Research Center", "source": "OpenGovernmentData", "osm_id": 7040112723, "osm_type": "node"}, "geometry": {"type": "Point", "coordinates": [75.8055353, 26.8630701]}}, {"type": "Feature", "properties": {"addr:district": "Jaipur", "addr:full": "Kartavya, B-13 Shiv Marg,Bani Park Jaipur", "addr:postcode": "302016", "addr:state": "Rajasthan", "amenity": "hospital", "healthcare": "hospital", "name": "Meera Hospital, Jaipur", "source": "OpenGovernmentData", "osm_id": 7040112739, "osm_type": "node"}, "geometry": {"type": "Point", "coordinates": [75.8011875, 26.929878]}}, {"type": "Feature", "properties": {"addr:district": "Jaipur", "addr:full": "Plot No:- 1 & 2, Ashok Watika Khatipur Road Jhotwara", "addr:postcode": "302012", "addr:state": "Rajasthan", "amenity": "hospital", "healthcare": "hospital", "name": "Deep Hospital and Research Centre", "source": "OpenGovernmentData", "osm_id": 7040112750, "osm_type": "node"}, "geometry": {"type": "Point", "coordinates": [75.7563302, 26.936564]}}, {"type": "Feature", "properties": {"addr:district": "Jaipur", "addr:full": "Mohana Road, Jai Singh Pura, Ajmer Road, Near Anukampa Group", "addr:postcode": "302001", "addr:state": "Rajasthan", "amenity": "hospital", "healthcare": "hospital", "name": "Chirag Hospital", "source": "OpenGovernmentData", "osm_id": 7040112760, "osm_type": "node"}, "geometry": {"type": "Point", "coordinates": [75.7643916, 26.8662829]}}, {"type": "Feature", "properties": {"addr:district": "Jaipur", "addr:full": "Main Road, Sector 9, Malviya Nagar", "addr:postcode": "302018", "addr:state": "Rajasthan", "amenity": "hospital", "name": "Solomon Hospital", "source": "OpenGovernmentData", "osm_id": 7040117130, "osm_type": "node"}, "geometry": {"type": "Point", "coordinates": [75.8087178, 26.8471475]}}, {"type": "Feature", "properties": {"addr:district": "Jaipur", "addr:full": "103, Shastri Nagar Road Near Pital Factory", "addr:postcode": "302016", "addr:state": "Rajasthan", "amenity": "hospital", "healthcare": "hospital", "name": "Maharshi Child Hospital", "source": "OpenGovernmentData", "osm_id": 7040117143, "osm_type": "node"}, "geometry": {"type": "Point", "coordinates": [75.7957385, 26.9359662]}}, {"type": "Feature", "properties": {"addr:district": "Jaipur", "addr:full": "A-1-A Shyam Nagar Sodala", "addr:postcode": "302019", "addr:state": "Rajasthan", "amenity": "hospital", "name": "Manu Hospital and Research Center", "source": "OpenGovernmentData", "osm_id": 7040129019, "osm_type": "node"}, "geometry": {"type": "Point", "coordinates": [75.7679924, 26.8979859]}}, {"type": "Feature", "properties": {"addr:district": "Jaipur", "addr:full": "A 53a, Near Jain Mandir,Amanisha Road Shastri Nagar", "addr:postcode": "302016", "addr:state": "Rajasthan", "amenity": "hospital", "check_date": "2025-11-02", "name": "Sonkhiya Hospital", "source": "OpenGovernmentData", "osm_id": 7040134143, "osm_type": "node"}, "geometry": {"type": "Point", "coordinates": [75.79714, 26.9469485]}}, {"type": "Feature", "properties": {"addr:district": "Jaipur", "addr:full": "B-5,Shiv Marg,Bani Park", "addr:postcode": "302016", "addr:state": "Rajasthan", "amenity": "hospital", "healthcare": "hospital", "name": "Satellite Hospital, Jaipur", "source": "OpenGovernmentData", "osm_id": 7040142166, "osm_type": "node"}, "geometry": {"type": "Point", "coordinates": [75.7972808, 26.928861]}}, {"type": "Feature", "properties": {"addr:district": "Jaipur", "addr:full": "B-35-36 Lalkothi Shopping Centre Tank Road", "addr:postcode": "302015", "addr:state": "Rajasthan", "amenity": "hospital", "healthcare": "hospital", "name": "Rajasthan Hopsital and Gastroenology Centre", "source": "OpenGovernmentData", "osm_id": 7040143007, "osm_type": "node"}, "geometry": {"type": "Point", "coordinates": [75.7991289, 26.8823601]}}, {"type": "Feature", "properties": {"addr:district": "Jaipur", "addr:full": "1, J.P. Colony, Main Road, Laxmi Mandir Phatak, Tonk Road", "addr:postcode": "302001", "addr:state": "Rajasthan", "amenity": "hospital", "healthcare": "hospital", "name": "Sun Hospital", "source": "OpenGovernmentData", "osm_id": 7040146307, "osm_type": "node"}, "geometry": {"type": "Point", "coordinates": [75.7929209, 26.8830108]}}, {"type": "Feature", "properties": {"addr:district": "Jaipur", "addr:full": "B, 106, Janpath, Shyam Nagar", "addr:postcode": "302019", "addr:state": "Rajasthan", "amenity": "hospital", "name": "Bansal Hospital,Jaipur", "source": "OpenGovernmentData", "osm_id": 7040147102, "osm_type": "node"}, "geometry": {"type": "Point", "coordinates": [75.7630987, 26.893209]}}, {"type": "Feature", "properties": {"addr:district": "Jaipur", "addr:full": "10-11,Near Colony,Bhankrot, Ajmer Road", "addr:postcode": "302019", "addr:state": "Rajasthan", "amenity": "hospital", "name": "Dulet Hospital", "source": "OpenGovernmentData", "osm_id": 7040170022, "osm_type": "node"}, "geometry": {"type": "Point", "coordinates": [75.695326, 26.8718913]}}, {"type": "Feature", "properties": {"addr:district": "Jaipur", "addr:full": "277, Shri Gopal Nagar, 80 Feet Road, Gopal Pura, Byepass Road", "addr:postcode": "302019", "addr:state": "Rajasthan", "amenity": "hospital", "name": "Somani Hospital", "source": "OpenGovernmentData", "osm_id": 7040171028, "osm_type": "node"}, "geometry": {"type": "Point", "coordinates": [75.7739865, 26.8794587]}}, {"type": "Feature", "properties": {"addr:district": "Jaipur", "addr:full": "No. 203, Officers Campus,Sirsi Road,Khatipura", "addr:postcode": "302021", "addr:state": "Rajasthan", "amenity": "hospital", "healthcare": "hospital", "name": "Metro Hospital and Research Centre", "source": "OpenGovernmentData", "osm_id": 7040172653, "osm_type": "node"}, "geometry": {"type": "Point", "coordinates": [75.7412669, 26.9212879]}}, {"type": "Feature", "properties": {"addr:district": "Jaipur", "addr:full": "377, Shri Gopal Nagar, Gujjar Ki Thadi, Gopalpura Bypass", "addr:postcode": "302019", "addr:state": "Rajasthan", "amenity": "hospital", "name": "Siddham E N T Center", "source": "OpenGovernmentData", "osm_id": 7040178950, "osm_type": "node"}, "geometry": {"type": "Point", "coordinates": [75.7574882, 26.8798062]}}, {"type": "Feature", "properties": {"addr:district": "Jaipur", "addr:full": "C-401, Malviya Nagar", "addr:postcode": "302017", "addr:state": "Rajasthan", "amenity": "hospital", "name": "Eye Surgery and Laser Centre", "source": "OpenGovernmentData", "osm_id": 7040181512, "osm_type": "node"}, "geometry": {"type": "Point", "coordinates": [75.8070253, 26.8511271]}}, {"type": "Feature", "properties": {"addr:district": "Jaipur", "addr:full": "116/208, Shipra Path, Agarwal Farm, Mansarover", "addr:postcode": "302020", "addr:state": "Rajasthan", "amenity": "hospital", "name": "G M R C Hospital", "source": "OpenGovernmentData", "osm_id": 7040185404, "osm_type": "node"}, "geometry": {"type": "Point", "coordinates": [75.7756864, 26.8472755]}}, {"type": "Feature", "properties": {"addr:district": "Jaipur", "addr:full": "115, Tagor Path Sector 8, Agarwal Farm Mansarowar", "addr:postcode": "302001", "addr:state": "Rajasthan", "amenity": "hospital", "name": "Liberty Hospital, Jaipur", "source": "OpenGovernmentData", "osm_id": 7040185975, "osm_type": "node"}, "geometry": {"type": "Point", "coordinates": [75.7739791, 26.8444073]}}, {"type": "Feature", "properties": {"addr:district": "Jaipur", "addr:full": "1, Hawa Sarak, Civil Lines", "addr:postcode": "302006", "addr:state": "Rajasthan", "amenity": "hospital", "healthcare": "hospital", "name": "Swaroop Hospital", "source": "OpenGovernmentData", "osm_id": 7040206604, "osm_type": "node"}, "geometry": {"type": "Point", "coordinates": [75.7763958, 26.9024888]}}, {"type": "Feature", "properties": {"addr:district": "Jaipur", "addr:full": "Mukundpura Road, Bhankrota, Ajmer Road", "addr:postcode": "302026", "addr:state": "Rajasthan", "amenity": "hospital", "name": "Kandoi Hospital", "source": "OpenGovernmentData", "osm_id": 7040215093, "osm_type": "node"}, "geometry": {"type": "Point", "coordinates": [75.6897772, 26.8752677]}}, {"type": "Feature", "properties": {"addr:district": "Jaipur", "addr:full": "D-135, Jawpath, New Sanganer Road", "addr:postcode": "302019", "addr:state": "Rajasthan", "amenity": "hospital", "name": "Dr. Goyal's Path Lab and Imaging Centre", "source": "OpenGovernmentData", "osm_id": 7040217320, "osm_type": "node"}, "geometry": {"type": "Point", "coordinates": [75.7708476, 26.8941293]}}, {"type": "Feature", "properties": {"addr:district": "Jaipur", "addr:full": "No.27, Govindpuri East,Near Ramgarh Mode", "addr:postcode": "302001", "addr:state": "Rajasthan", "amenity": "hospital", "healthcare": "hospital", "name": "Pawan Hospital Pvt. Ltd. , Jaipur", "source": "OpenGovernmentData", "osm_id": 7040281162, "osm_type": "node"}, "geometry": {"type": "Point", "coordinates": [75.8421032, 26.9457016]}}, {"type": "Feature", "properties": {"addr:district": "Jaipur", "addr:full": "93 60 Shipra Path Mansarover", "addr:postcode": "302020", "addr:state": "Rajasthan", "amenity": "hospital", "name": "Dr Naresh Goyal Orthopadic Hospital", "source": "OpenGovernmentData", "osm_id": 7040301742, "osm_type": "node"}, "geometry": {"type": "Point", "coordinates": [75.7729371, 26.8504637]}}, {"type": "Feature", "properties": {"addr:district": "Jaipur", "addr:full": "Sector 5, Tork Road, Pratap Nagar, Sanganer", "addr:postcode": "302005", "addr:state": "Rajasthan", "amenity": "hospital", "name": "Star Women and General Hospital", "source": "OpenGovernmentData", "osm_id": 7040325916, "osm_type": "node"}, "geometry": {"type": "Point", "coordinates": [75.8086145, 26.8025515]}}, {"type": "Feature", "properties": {"addr:district": "Jaipur", "addr:full": "Tonk Phatak, Behind Mahindra Showroom, Opp Sahara Chambers, Gandhi Nagar, Tonk Road, Jaipur Clinic - 104, Shyam Anukampa, Opp Hdfc, Ashok Marg, C-Scheme", "addr:postcode": "302015", "addr:state": "Rajasthan", "amenity": "hospital", "healthcare": "hospital", "name": "Dr. Virendra Laser and Phaco Surgery Centre - Jaipur", "source": "OpenGovernmentData", "osm_id": 7040336692, "osm_type": "node"}, "geometry": {"type": "Point", "coordinates": [75.8007932, 26.8810467]}}, {"type": "Feature", "properties": {"addr:district": "Alwar", "addr:full": "23,Krishna Colony, Near Ambedkar Circle", "addr:postcode": "301001", "addr:state": "Rajasthan", "amenity": "hospital", "name": "Mendiratta Hospital", "source": "OpenGovernmentData", "osm_id": 7040342448, "osm_type": "node"}, "geometry": {"type": "Point", "coordinates": [75.8520998, 26.9476694]}}, {"type": "Feature", "properties": {"addr:district": "Jaipur", "addr:full": "5, Kalyan Nagar, Opposite Road No.4, Vk I Area, Sikar Road", "addr:postcode": "302013", "addr:state": "Rajasthan", "amenity": "hospital", "healthcare": "hospital", "healthcare:speciality": "otolaryngology", "name": "Om Ent Hospital", "source": "OpenGovernmentData", "osm_id": 7040383878, "osm_type": "node"}, "geometry": {"type": "Point", "coordinates": [75.7729612, 26.9778323]}}, {"type": "Feature", "properties": {"addr:district": "Tonk", "addr:full": "Tonk", "addr:postcode": "304001", "addr:state": "Rajasthan", "amenity": "hospital", "name": "Kedawat Hospital", "source": "OpenGovernmentData", "osm_id": 7040383975, "osm_type": "node"}, "geometry": {"type": "Point", "coordinates": [75.8378372, 26.7667345]}}, {"type": "Feature", "properties": {"addr:district": "Jaipur", "addr:full": "D-78 Ghiya Marg, Bani Park", "addr:postcode": "302016", "addr:state": "Rajasthan", "amenity": "hospital", "healthcare": "hospital", "name": "Dr Sardar Singh Memorial Hospital(Managed By M/S Kamal Clinic and Nursing Home)", "source": "OpenGovernmentData", "osm_id": 7040387295, "osm_type": "node"}, "geometry": {"type": "Point", "coordinates": [75.793002, 26.9318006]}}, {"type": "Feature", "properties": {"addr:district": "Jaipur", "addr:full": "Sodala", "addr:postcode": "302019", "addr:state": "Rajasthan", "amenity": "hospital", "name": "Kabra Eye Hospital", "source": "OpenGovernmentData", "osm_id": 7040396604, "osm_type": "node"}, "geometry": {"type": "Point", "coordinates": [75.7708114, 26.9026061]}}, {"type": "Feature", "properties": {"addr:district": "Jaipur", "addr:full": "4, Vishwa Nagar, New Sanganer Road, Sodala", "addr:postcode": "302019", "addr:state": "Rajasthan", "amenity": "hospital", "name": "Jee Hospital and Research Centre", "source": "OpenGovernmentData", "osm_id": 7040396609, "osm_type": "node"}, "geometry": {"type": "Point", "coordinates": [75.7681916, 26.8863068]}}, {"type": "Feature", "properties": {"addr:district": "Jaipur", "addr:full": "Near Ambawari Bridge Jhotwara Road", "addr:postcode": "302012", "addr:state": "Rajasthan", "amenity": "hospital", "healthcare": "hospital", "name": "Dr.Chauhan Orthopadic centre", "source": "OpenGovernmentData", "osm_id": 7040401357, "osm_type": "node"}, "geometry": {"type": "Point", "coordinates": [75.7809287, 26.9390102]}}, {"type": "Feature", "properties": {"addr:district": "Jaipur", "addr:full": "413, Vivek Vihar, New Sanganer Road", "addr:postcode": "302019", "addr:state": "Rajasthan", "amenity": "hospital", "name": "Neha Maternity and Ent Hospital", "source": "OpenGovernmentData", "osm_id": 7040424595, "osm_type": "node"}, "geometry": {"type": "Point", "coordinates": [75.7655959, 26.8860078]}}, {"type": "Feature", "properties": {"addr:district": "Jaipur", "addr:full": "305, Vinayak Enclave, Opposite Post Office, Between Nursery & Amrapali Circle, Vaishali Nagar", "addr:postcode": "302021", "addr:state": "Rajasthan", "amenity": "hospital", "name": "Max Vision Eye Care Centre", "source": "OpenGovernmentData", "osm_id": 7040431728, "osm_type": "node"}, "geometry": {"type": "Point", "coordinates": [75.7388422, 26.9086862]}}, {"type": "Feature", "properties": {"addr:district": "Jaipur", "addr:full": "37, Shopping Centre Shastri Nagar Road Near Peetal Factory", "addr:postcode": "302016", "addr:state": "Rajasthan", "amenity": "hospital", "healthcare": "hospital", "name": "Dr Atuls Child Hospital", "source": "OpenGovernmentData", "osm_id": 7040432235, "osm_type": "node"}, "geometry": {"type": "Point", "coordinates": [75.7975852, 26.9344657]}}, {"type": "Feature", "properties": {"addr:district": "Jaipur", "addr:full": "Ricco Industrial Area, Sitapura, Tonk Road", "addr:postcode": "302022", "addr:state": "Rajasthan", "amenity": "hospital", "name": "Mahatma Gandhi Medical College and Hospital", "name:etymology:wikidata": "Q1001", "source": "OpenGovernmentData", "osm_id": 7040437482, "osm_type": "node"}, "geometry": {"type": "Point", "coordinates": [75.8545017, 26.7699818]}}, {"type": "Feature", "properties": {"addr:district": "Jaipur", "addr:full": "D-18, Sundervihar Swej Farm", "addr:postcode": "302006", "addr:state": "Rajasthan", "amenity": "hospital", "healthcare": "hospital", "name": "Chandra Bhan Hospital", "source": "OpenGovernmentData", "osm_id": 7040445632, "osm_type": "node"}, "geometry": {"type": "Point", "coordinates": [75.7791491, 26.8924184]}}, {"type": "Feature", "properties": {"addr:district": "Jaipur", "addr:full": "Manas Arogya Sadan,Shipra Path,Near Technology Park,Mansarovar", "addr:postcode": "302020", "addr:state": "Rajasthan", "amenity": "hospital", "healthcare": "hospital", "name": "Metro Mas Heart Care and Miltispeciality Hospital", "source": "OpenGovernmentData", "osm_id": 7040459777, "osm_type": "node"}, "geometry": {"type": "Point", "coordinates": [75.7683358, 26.8679919]}}, {"type": "Feature", "properties": {"addr:district": "Jaipur", "addr:full": "51/29, Shipra Path, Opposite Technology Park, Mansarovar", "addr:postcode": "302020", "addr:state": "Rajasthan", "amenity": "hospital", "healthcare": "hospital", "name": "Puru Eye Hospital and Phaco Surgery Centre", "source": "OpenGovernmentData", "osm_id": 7040460937, "osm_type": "node"}, "geometry": {"type": "Point", "coordinates": [75.7666688, 26.867048]}}, {"type": "Feature", "properties": {"addr:district": "Jaipur", "addr:full": "Hathoj, Kalwar Road", "addr:postcode": "303706", "addr:state": "Rajasthan", "amenity": "hospital", "name": "Sardarmal Khandaka Memorial Hospital", "source": "OpenGovernmentData", "osm_id": 7040465304, "osm_type": "node"}, "geometry": {"type": "Point", "coordinates": [75.6854394, 26.9565002]}}, {"type": "Feature", "properties": {"addr:district": "Jaipur", "addr:full": "Sanganeri Gate", "addr:postcode": "302003", "addr:state": "Rajasthan", "amenity": "hospital", "healthcare": "hospital", "name": "Mahila Chikitsalya", "source": "OpenGovernmentData", "osm_id": 7040488133, "osm_type": "node"}, "geometry": {"type": "Point", "coordinates": [75.8241183, 26.9143851]}}, {"type": "Feature", "properties": {"addr:district": "Jaipur", "addr:full": "71/79, Agarwal Farm,Opp - Kendriya Vidyalaya - No.5, Mansarovar", "addr:postcode": "302020", "addr:state": "Rajasthan", "amenity": "hospital", "healthcare": "hospital", "healthcare:speciality": "ophthalmology", "name": "Misra Eye Hospital", "source": "OpenGovernmentData", "osm_id": 7040497136, "osm_type": "node"}, "geometry": {"type": "Point", "coordinates": [75.767114, 26.8564198]}}, {"type": "Feature", "properties": {"addr:district": "Jaipur", "addr:full": "27 Dehar Ka Balaji Ratan Nagar ,Kalwar Road", "addr:postcode": "302012", "addr:state": "Rajasthan", "amenity": "hospital", "healthcare": "hospital", "healthcare:speciality": "orthopaedics", "name": "Balaji Hospital and Orthopaedic", "source": "OpenGovernmentData", "osm_id": 7040514654, "osm_type": "node"}, "geometry": {"type": "Point", "coordinates": [75.7699947, 26.9541386]}}, {"type": "Feature", "properties": {"addr:district": "Jaipur", "addr:full": "B-67, Main Road", "addr:postcode": "302012", "addr:state": "Rajasthan", "amenity": "hospital", "healthcare": "hospital", "name": "Thar Hospital Pvt. Ltd.", "source": "OpenGovernmentData", "osm_id": 7040552833, "osm_type": "node"}, "geometry": {"type": "Point", "coordinates": [75.7422278, 26.9212045]}}, {"type": "Feature", "properties": {"addr:district": "Jaipur", "addr:full": "E-19, New Light Colony, Tonk Phatak", "addr:postcode": "302015", "addr:state": "Rajasthan", "amenity": "hospital", "healthcare": "hospital", "name": "Nalini Hospital", "source": "OpenGovernmentData", "osm_id": 7040571420, "osm_type": "node"}, "geometry": {"type": "Point", "coordinates": [75.8007684, 26.8650943]}}, {"type": "Feature", "properties": {"addr:district": "Jaipur", "addr:full": "4, Janakpuri First, Imliwala Phatak Imliwala Phatak", "addr:postcode": "302005", "addr:state": "Rajasthan", "amenity": "hospital", "healthcare": "hospital", "name": "Bansal Hospital and Research Center", "source": "OpenGovernmentData", "osm_id": 7040591725, "osm_type": "node"}, "geometry": {"type": "Point", "coordinates": [75.7925528, 26.887387]}}, {"type": "Feature", "properties": {"addr:district": "Jaipur", "addr:full": "11, Vidhyut Nagar, Ajmer Road", "addr:postcode": "302019", "addr:state": "Rajasthan", "amenity": "hospital", "name": "Deenbandhu Hospital", "source": "OpenGovernmentData", "osm_id": 7040598132, "osm_type": "node"}, "geometry": {"type": "Point", "coordinates": [75.7520065, 26.8967008]}}, {"type": "Feature", "properties": {"addr:district": "Jaipur", "addr:full": "68, Vishvaisariya Nagar, Triveni Nagar Mod, Gopalpura Bye Pass", "addr:postcode": "302018", "addr:state": "Rajasthan", "amenity": "hospital", "healthcare": "hospital", "name": "D. C. Hospital", "source": "OpenGovernmentData", "osm_id": 7040614880, "osm_type": "node"}, "geometry": {"type": "Point", "coordinates": [75.7819151, 26.8669499]}}, {"type": "Feature", "properties": {"addr:district": "Jaipur", "addr:full": "A-7, Mukherjee Colony Shastri Nagar", "addr:postcode": "302016", "addr:state": "Rajasthan", "amenity": "hospital", "healthcare": "hospital", "name": "Dugra Devi Memorial Hospital", "source": "OpenGovernmentData", "osm_id": 7040985055, "osm_type": "node"}, "geometry": {"type": "Point", "coordinates": [75.7985401, 26.9342445]}}, {"type": "Feature", "properties": {"addr:district": "Jaipur", "addr:full": "Plot No. 14, Airport Plaza,Tonk Road , Durgapura", "addr:postcode": "302016", "addr:state": "Rajasthan", "amenity": "hospital", "name": "Cocoon Hospital", "source": "OpenGovernmentData", "website": "https://www.cocoon.co.in/", "osm_id": 7042738773, "osm_type": "node"}, "geometry": {"type": "Point", "coordinates": [75.7945731, 26.8436989]}}, {"type": "Feature", "properties": {"addr:district": "Jaipur", "addr:full": "c-630,Gandhi Nagar", "addr:postcode": "302016", "addr:state": "Rajasthan", "amenity": "hospital", "healthcare": "hospital", "name": "Tb Hospital", "source": "OpenGovernmentData", "osm_id": 7042855467, "osm_type": "node"}, "geometry": {"type": "Point", "coordinates": [75.805087, 26.8816311]}}, {"type": "Feature", "properties": {"addr:district": "Jaipur", "addr:full": "56/122, Sector - 5, Vidhyanchal Marg, Rajat Path, Mansarovar", "addr:postcode": "302020", "addr:state": "Rajasthan", "amenity": "hospital", "healthcare": "hospital", "name": "Priti Maternity and General Hospital", "source": "OpenGovernmentData", "osm_id": 7042863527, "osm_type": "node"}, "geometry": {"type": "Point", "coordinates": [75.7591787, 26.8648838]}}, {"type": "Feature", "properties": {"addr:district": "Jaipur", "addr:full": "F-58, Kalidas Marg, Bani Park", "addr:postcode": "302016", "addr:state": "Rajasthan", "amenity": "hospital", "healthcare": "hospital", "name": "Dr. Panicker's Sanjeevani Hospital Pvt. Ltd.", "source": "OpenGovernmentData", "osm_id": 7042863528, "osm_type": "node"}, "geometry": {"type": "Point", "coordinates": [75.7918172, 26.9322525]}}, {"type": "Feature", "properties": {"addr:district": "Jaipur", "addr:full": "Subhash Nagar Jhotwara", "addr:postcode": "303103", "addr:state": "Rajasthan", "amenity": "hospital", "healthcare": "hospital", "name": "T.B. Cenetorium", "source": "OpenGovernmentData", "osm_id": 7042869534, "osm_type": "node"}, "geometry": {"type": "Point", "coordinates": [75.795701, 26.9372802]}}, {"type": "Feature", "properties": {"addr:district": "Jaipur", "addr:full": "119, Keshav Vihar, Gopalpura Bypass", "addr:postcode": "302018", "addr:state": "Rajasthan", "amenity": "hospital", "healthcare": "hospital", "name": "Lifecare Hospital, Jaipur", "source": "OpenGovernmentData", "osm_id": 7042872239, "osm_type": "node"}, "geometry": {"type": "Point", "coordinates": [75.773275, 26.8695507]}}, {"type": "Feature", "properties": {"addr:district": "Jaipur", "addr:full": "Shastri Nagar Jaipur", "addr:postcode": "302016", "addr:state": "Rajasthan", "amenity": "hospital", "healthcare": "hospital", "name": "Dr.M.R.Grewal Memorial Hospital", "source": "OpenGovernmentData", "osm_id": 7042872255, "osm_type": "node"}, "geometry": {"type": "Point", "coordinates": [75.7980855, 26.93543]}}, {"type": "Feature", "properties": {"addr:district": "Jaipur", "addr:full": "122/218- 219, Agrawal Farm, Mansarover", "addr:postcode": "302020", "addr:state": "Rajasthan", "amenity": "hospital", "name": "Tarani General Hospital", "source": "OpenGovernmentData", "osm_id": 7042947566, "osm_type": "node"}, "geometry": {"type": "Point", "coordinates": [75.7701077, 26.8456402]}}, {"type": "Feature", "properties": {"amenity": "hospital", "healthcare": "hospital", "name": "Railway Hospital", "name:hi": "रेलवे हॉस्पिटल", "osm_id": 7043371160, "osm_type": "node"}, "geometry": {"type": "Point", "coordinates": [75.7866588, 26.9162526]}}, {"type": "Feature", "properties": {"amenity": "hospital", "healthcare": "hospital", "name": "MAXX Hospital", "osm_id": 7049461143, "osm_type": "node"}, "geometry": {"type": "Point", "coordinates": [75.7352074, 26.9450782]}}, {"type": "Feature", "properties": {"addr:district": "Jodhpur", "addr:full": "1417, Gujarghati, Parasrampuri, Jaipur", "addr:postcode": "302002", "addr:state": "Rajasthan", "amenity": "hospital", "healthcare": "hospital", "name": "Air Force Hospital ,Jaipur", "source": "OpenGovernmentData", "osm_id": 7279062506, "osm_type": "node"}, "geometry": {"type": "Point", "coordinates": [75.84289, 26.960627]}}, {"type": "Feature", "properties": {"addr:district": "Jaipur", "addr:full": "Amer Road, Near Panchayat Samiti, Amer", "addr:postcode": "302028", "addr:state": "Rajasthan", "addr:subdistrict": "Amber", "amenity": "hospital", "name": "Government Hospital, Amer", "source": "OpenGovernmentData", "osm_id": 7279062516, "osm_type": "node"}, "geometry": {"type": "Point", "coordinates": [75.85567, 26.989942]}}, {"type": "Feature", "properties": {"addr:district": "Jaipur", "addr:full": "Near Shastri Nagar, Jaipur", "addr:postcode": "302016", "addr:state": "Rajasthan", "amenity": "hospital", "healthcare": "hospital", "name": "TB Hospital", "source": "OpenGovernmentData", "osm_id": 7279062535, "osm_type": "node"}, "geometry": {"type": "Point", "coordinates": [75.7948581, 26.9379473]}}, {"type": "Feature", "properties": {"addr:district": "Jaipur", "addr:full": "Todarmal Marg, Near Shiv Circle, Bani Park, Jaipur", "addr:postcode": "302016", "addr:state": "Rajasthan", "addr:subdistrict": "Jaipur", "amenity": "hospital", "healthcare": "hospital", "name": "Government Satellite Hospital, Banipark  , Jaipur", "source": "OpenGovernmentData", "osm_id": 7279062612, "osm_type": "node"}, "geometry": {"type": "Point", "coordinates": [75.7972582, 26.928678]}}, {"type": "Feature", "properties": {"addr:district": "Jaipur", "addr:full": "Raj Bhavan, Civil Lines, Madrampur, Raj Bhavan Road", "addr:postcode": "302006", "addr:state": "Rajasthan", "addr:subdistrict": "Jaipur", "amenity": "hospital", "healthcare": "hospital", "name": "Government Homeopathic Centre", "source": "OpenGovernmentData", "osm_id": 7279102584, "osm_type": "node"}, "geometry": {"type": "Point", "coordinates": [75.783374, 26.907893]}}, {"type": "Feature", "properties": {"addr:district": "Jaipur", "addr:full": "Opposite Pink Square Mall, Rajapark Road, Sethi Colony, Jaipur", "addr:postcode": "302004", "addr:state": "Rajasthan", "amenity": "hospital", "healthcare": "hospital", "name": "Government Hospital", "source": "OpenGovernmentData", "osm_id": 7279102587, "osm_type": "node"}, "geometry": {"type": "Point", "coordinates": [75.838214, 26.903108]}}, {"type": "Feature", "properties": {"addr:district": "Jaipur", "addr:full": "Kukas", "addr:postcode": "302028", "addr:state": "Rajasthan", "amenity": "hospital", "name": "GP Hospital", "source": "Local Knowledge", "osm_id": 7694895164, "osm_type": "node"}, "geometry": {"type": "Point", "coordinates": [75.8903875, 27.0377054]}}, {"type": "Feature", "properties": {"addr:district": "Jaipur", "addr:full": "Amer", "addr:postcode": "302028", "addr:state": "Rajasthan", "amenity": "hospital", "name": "Krishna Hospital", "source": "Local Knowledge", "osm_id": 7694995577, "osm_type": "node"}, "geometry": {"type": "Point", "coordinates": [75.854497, 26.990482]}}, {"type": "Feature", "properties": {"addr:district": "Jaipur", "addr:full": "Alwar Jaipur Road, Jaipur", "addr:postcode": "303301", "addr:state": "Rajasthan", "amenity": "hospital", "name": "Sunil Hospital", "source": "Local Knowledge", "osm_id": 7694995578, "osm_type": "node"}, "geometry": {"type": "Point", "coordinates": [75.904901, 26.968535]}}, {"type": "Feature", "properties": {"addr:district": "Jaipur", "addr:full": "Saaipura, Jaipur", "addr:postcode": "303301", "addr:state": "Rajasthan", "amenity": "hospital", "name": "MPS Hospital", "source": "Local Knowledge", "osm_id": 7694995580, "osm_type": "node"}, "geometry": {"type": "Point", "coordinates": [75.9249225, 26.9806505]}}, {"type": "Feature", "properties": {"addr:district": "Jaipur", "addr:full": "Madrampur, Sanganer, Jaipur", "addr:postcode": "302006", "addr:state": "Rajasthan", "amenity": "hospital", "name": "Bagra Hospital", "source": "Local Knowledge", "osm_id": 7694995581, "osm_type": "node"}, "geometry": {"type": "Point", "coordinates": [75.7628848, 26.7797811]}}, {"type": "Feature", "properties": {"addr:district": "Jaipur", "addr:full": "Ajmer, Jaipur", "addr:postcode": "302027", "addr:state": "Rajasthan", "amenity": "hospital", "name": "Jai Durga Hospital and Research Centre", "source": "Local Knowledge", "osm_id": 7694995594, "osm_type": "node"}, "geometry": {"type": "Point", "coordinates": [75.9222405, 26.9719601]}}, {"type": "Feature", "properties": {"addr:district": "Jaipur", "addr:full": "Gurudev Nagar, Sanganer, Jaipur", "addr:postcode": "302029", "addr:state": "Rajasthan", "amenity": "hospital", "name": "Advance Hospital", "source": "Local Knowledge", "osm_id": 7694995598, "osm_type": "node"}, "geometry": {"type": "Point", "coordinates": [75.772354, 26.8008059]}}, {"type": "Feature", "properties": {"addr:district": "Jaipur", "addr:full": "Sumel", "addr:postcode": "302027", "addr:state": "Rajasthan", "amenity": "hospital", "name": "Singodiya Hospital", "source": "Local Knowledge", "osm_id": 7694995599, "osm_type": "node"}, "geometry": {"type": "Point", "coordinates": [75.884311, 26.954477]}}, {"type": "Feature", "properties": {"addr:district": "Jaipur", "addr:full": "Sikar Road, Harmada", "addr:postcode": "302013", "addr:state": "Rajasthan", "amenity": "hospital", "healthcare": "hospital", "name": "Dirghayu Hospital", "source": "Local Knowledge", "osm_id": 7694995606, "osm_type": "node"}, "geometry": {"type": "Point", "coordinates": [75.7692008, 27.0218008]}}, {"type": "Feature", "properties": {"addr:district": "Jaipur", "addr:full": "Saaipura, Alwar Jaipur Road, Jaipur", "addr:postcode": "303301", "addr:state": "Rajasthan", "amenity": "hospital", "name": "Vinayak Hospital", "source": "Local Knowledge", "osm_id": 7694995609, "osm_type": "node"}, "geometry": {"type": "Point", "coordinates": [75.9247754, 26.9800871]}}, {"type": "Feature", "properties": {"addr:district": "Jaipur", "addr:full": "Ganga Vihar, Sumel, Jaipur", "addr:postcode": "302021", "addr:state": "Rajasthan", "amenity": "hospital", "name": "Kanchan Hospital", "source": "Local Knowledge", "osm_id": 7694995614, "osm_type": "node"}, "geometry": {"type": "Point", "coordinates": [75.8950179, 26.9091383]}}, {"type": "Feature", "properties": {"addr:district": "Jaipur", "addr:full": "Sirsi Road, Bindayaka", "addr:postcode": "302012", "addr:state": "Rajasthan", "amenity": "hospital", "name": "Raj Girish Hospital", "source": "Local Knowledge", "osm_id": 7694995617, "osm_type": "node"}, "geometry": {"type": "Point", "coordinates": [75.6561555, 26.9212585]}}, {"type": "Feature", "properties": {"addr:district": "Jaipur", "addr:full": "Viman Vihar, Govardhan Nagar", "addr:postcode": "302022", "addr:state": "Rajasthan", "amenity": "hospital", "name": "Bhanu Hospital", "source": "Local Knowledge", "osm_id": 7694995620, "osm_type": "node"}, "geometry": {"type": "Point", "coordinates": [75.815859, 26.7841241]}}, {"type": "Feature", "properties": {"addr:district": "Jaipur", "addr:full": "Kunda, Amer", "addr:postcode": "302028", "addr:state": "Rajasthan", "amenity": "hospital", "name": "Saraswati Hospital", "source": "Local Knowledge", "osm_id": 7694995623, "osm_type": "node"}, "geometry": {"type": "Point", "coordinates": [75.893158, 27.001439]}}, {"type": "Feature", "properties": {"addr:district": "Jaipur", "addr:full": "J D A Colony, Paldi Meena", "addr:postcode": "302031", "addr:state": "Rajasthan", "amenity": "hospital", "name": "D. H. Hospital", "source": "Local Knowledge", "osm_id": 7694995624, "osm_type": "node"}, "geometry": {"type": "Point", "coordinates": [75.8949215, 26.8768382]}}, {"type": "Feature", "properties": {"addr:district": "Jaipur", "addr:full": "Kanauta", "addr:postcode": "303012", "addr:state": "Rajasthan", "amenity": "hospital", "name": "Shivam General Hospital", "source": "Local Knowledge", "osm_id": 7694995625, "osm_type": "node"}, "geometry": {"type": "Point", "coordinates": [75.944543, 26.875032]}}, {"type": "Feature", "properties": {"addr:district": "Jaipur", "addr:full": "Sumel, Jaipur", "addr:postcode": "302027", "addr:state": "Rajasthan", "amenity": "hospital", "name": "Paiker Hospital", "source": "Local Knowledge", "osm_id": 7694995635, "osm_type": "node"}, "geometry": {"type": "Point", "coordinates": [75.891729, 26.967908]}}, {"type": "Feature", "properties": {"addr:district": "Jaipur", "addr:full": "Bhanpur - Saiwar Road, Kunda, VPO, Saipura", "addr:postcode": "302027", "addr:state": "Rajasthan", "amenity": "hospital", "name": "Sharma Nursing Home", "source": "Local Knowledge", "osm_id": 7694995636, "osm_type": "node"}, "geometry": {"type": "Point", "coordinates": [75.9251466, 26.9824438]}}, {"type": "Feature", "properties": {"addr:district": "Jaipur", "addr:full": "Muhana", "addr:postcode": "302029", "addr:state": "Rajasthan", "amenity": "hospital", "name": "Lucky Hospital", "source": "Local Knowledge", "osm_id": 7694995639, "osm_type": "node"}, "geometry": {"type": "Point", "coordinates": [75.726554, 26.7979793]}}, {"type": "Feature", "properties": {"addr:district": "Jaipur", "addr:full": "J D A Colony, Paldi Meena", "addr:postcode": "302031", "addr:state": "Rajasthan", "amenity": "hospital", "name": "Dr. Kailash Chand Aloria", "source": "Local Knowledge", "osm_id": 7694995640, "osm_type": "node"}, "geometry": {"type": "Point", "coordinates": [75.9036918, 26.8786673]}}, {"type": "Feature", "properties": {"addr:district": "Jaipur", "addr:full": "Balaji Vihar, Jaipur", "addr:postcode": "303905", "addr:state": "Rajasthan", "amenity": "hospital", "name": "Janvi Hospital", "source": "Local Knowledge", "osm_id": 7694995645, "osm_type": "node"}, "geometry": {"type": "Point", "coordinates": [75.7675099, 26.7691236]}}, {"type": "Feature", "properties": {"addr:district": "Jaipur", "addr:full": "Govind Pura, Shikarpura, Jaipur", "addr:postcode": "302029", "addr:state": "Rajasthan", "amenity": "hospital", "name": "Jaim Hospital", "source": "Local Knowledge", "osm_id": 7694995649, "osm_type": "node"}, "geometry": {"type": "Point", "coordinates": [75.8017474, 26.7794303]}}, {"type": "Feature", "properties": {"addr:district": "Jaipur", "addr:full": "Jaipur", "addr:postcode": "303905", "addr:state": "Rajasthan", "amenity": "hospital", "name": "Bombay Hospital", "source": "Local Knowledge", "osm_id": 7694995656, "osm_type": "node"}, "geometry": {"type": "Point", "coordinates": [75.8633983, 26.781935]}}, {"type": "Feature", "properties": {"addr:district": "Jaipur", "addr:full": "Agra Road", "addr:postcode": "302031", "addr:state": "Rajasthan", "amenity": "hospital", "name": "D R M Hospital", "source": "Local Knowledge", "osm_id": 7694995658, "osm_type": "node"}, "geometry": {"type": "Point", "coordinates": [75.907127, 26.8812624]}}, {"type": "Feature", "properties": {"addr:district": "Jaipur", "addr:full": "Kundlav Colony, Sagar Road, Amer", "addr:postcode": "302028", "addr:state": "Rajasthan", "amenity": "hospital", "name": "Krishna Hospital", "source": "Local Knowledge", "osm_id": 7694995667, "osm_type": "node"}, "geometry": {"type": "Point", "coordinates": [75.853717, 26.9891507]}}, {"type": "Feature", "properties": {"addr:district": "Jaipur", "addr:full": "Narayan Vihar, Jaipur", "addr:postcode": "302020", "addr:state": "Rajasthan", "amenity": "hospital", "name": "Swastik Hospital and Research Centre", "source": "Local Knowledge", "osm_id": 7695122979, "osm_type": "node"}, "geometry": {"type": "Point", "coordinates": [75.720417, 26.858647]}}, {"type": "Feature", "properties": {"addr:district": "Jaipur", "addr:full": "Prem Nagar, Malviya Nagar, Nandpuri Colony", "addr:postcode": "302017", "addr:state": "Rajasthan", "amenity": "hospital", "name": "Trilok Nursing Home", "source": "Local Knowledge", "osm_id": 7695122983, "osm_type": "node"}, "geometry": {"type": "Point", "coordinates": [75.8243957, 26.8353154]}}, {"type": "Feature", "properties": {"addr:district": "Jaipur", "addr:full": "Pratap Nagar, Sanganer", "addr:postcode": "302033", "addr:state": "Rajasthan", "amenity": "hospital", "name": "Om Sai Hospital", "source": "Local Knowledge", "osm_id": 7695122986, "osm_type": "node"}, "geometry": {"type": "Point", "coordinates": [75.8322375, 26.8051181]}}, {"type": "Feature", "properties": {"addr:district": "Jaipur", "addr:full": "Ajmer Road, Bhakrota", "addr:postcode": "302026", "addr:state": "Rajasthan", "amenity": "hospital", "name": "Garg Child Hospital", "source": "Local Knowledge", "osm_id": 7695122988, "osm_type": "node"}, "geometry": {"type": "Point", "coordinates": [75.6941725, 26.8714206]}}, {"type": "Feature", "properties": {"addr:district": "Jaipur", "addr:full": "Katewa Nagar, Dada Gurudev Nagar", "addr:postcode": "302029", "addr:state": "Rajasthan", "amenity": "hospital", "name": "Madhu Hospital", "source": "Local Knowledge", "osm_id": 7695122992, "osm_type": "node"}, "geometry": {"type": "Point", "coordinates": [75.777936, 26.8242631]}}, {"type": "Feature", "properties": {"addr:district": "Jaipur", "addr:full": "Haldighati Marg, Sanganer, Pratap Nagar, Jaipur", "addr:postcode": "302015", "addr:state": "Rajasthan", "amenity": "hospital", "name": "Vishwanath Hospital", "source": "Local Knowledge", "osm_id": 7695122995, "osm_type": "node"}, "geometry": {"type": "Point", "coordinates": [75.811702, 26.8049023]}}, {"type": "Feature", "properties": {"addr:district": "Jaipur", "addr:full": "Jagatpura", "addr:postcode": "302017", "addr:state": "Rajasthan", "amenity": "hospital", "name": "Ramanji Hospital", "source": "Local Knowledge", "osm_id": 7695122998, "osm_type": "node"}, "geometry": {"type": "Point", "coordinates": [75.8555926, 26.8031836]}}, {"type": "Feature", "properties": {"addr:district": "Jaipur", "addr:full": "Kesar Nagar, Mansarovar", "addr:postcode": "302020", "addr:state": "Rajasthan", "amenity": "hospital", "name": "Jindal Hospital", "source": "Local Knowledge", "osm_id": 7695123003, "osm_type": "node"}, "geometry": {"type": "Point", "coordinates": [75.7506913, 26.8219941]}}, {"type": "Feature", "properties": {"addr:district": "Jaipur", "addr:full": "Pratap Nagar", "addr:postcode": "302033", "addr:state": "Rajasthan", "amenity": "hospital", "name": "Harmony National Homeopathy Hospital", "source": "Local Knowledge", "osm_id": 7695123004, "osm_type": "node"}, "geometry": {"type": "Point", "coordinates": [75.8457503, 26.8060065]}}, {"type": "Feature", "properties": {"addr:district": "Jaipur", "addr:full": "Bhakrota", "addr:postcode": "302026", "addr:state": "Rajasthan", "amenity": "hospital", "name": "Dr. Narang Hospital", "source": "Local Knowledge", "osm_id": 7695123005, "osm_type": "node"}, "geometry": {"type": "Point", "coordinates": [75.6931921, 26.8738248]}}, {"type": "Feature", "properties": {"addr:district": "Jaipur", "addr:full": "Diggi Malpura Road, Sanganer, Jaipur", "addr:postcode": "302029", "addr:state": "Rajasthan", "amenity": "hospital", "name": "Amrit Hospital", "source": "Local Knowledge", "osm_id": 7695123007, "osm_type": "node"}, "geometry": {"type": "Point", "coordinates": [75.7814906, 26.8152312]}}, {"type": "Feature", "properties": {"addr:district": "Jaipur", "addr:full": "Hajiwala, Jaipur", "addr:postcode": "302029", "addr:state": "Rajasthan", "amenity": "hospital", "name": "Shree Adinath Hospital", "source": "Local Knowledge", "osm_id": 7695123022, "osm_type": "node"}, "geometry": {"type": "Point", "coordinates": [75.7482418, 26.8179341]}}, {"type": "Feature", "properties": {"addr:district": "Jaipur", "addr:full": "Sanganer, Pratap Nagar, Jaipur", "addr:postcode": "302033", "addr:state": "Rajasthan", "amenity": "hospital", "name": "Siddhi Vinayak ENT Hospital", "source": "Local Knowledge", "osm_id": 7695123025, "osm_type": "node"}, "geometry": {"type": "Point", "coordinates": [75.8062208, 26.8049589]}}, {"type": "Feature", "properties": {"addr:district": "Jaipur", "addr:full": "Rampura Road, Suraj Nagar, Kalyanpura, Sanganer", "addr:postcode": "302029", "addr:state": "Rajasthan", "amenity": "hospital", "name": "Ansh Hospital", "source": "Local Knowledge", "osm_id": 7695123026, "osm_type": "node"}, "geometry": {"type": "Point", "coordinates": [75.7592474, 26.8210575]}}, {"type": "Feature", "properties": {"addr:district": "Jaipur", "addr:full": "Patrakar Colony, Dholai", "addr:postcode": "302029", "addr:state": "Rajasthan", "amenity": "hospital", "name": "Dr. Ramesh Memorial Hospital", "source": "Local Knowledge", "osm_id": 7695123029, "osm_type": "node"}, "geometry": {"type": "Point", "coordinates": [75.7399393, 26.8410262]}}, {"type": "Feature", "properties": {"addr:district": "Jaipur", "addr:full": "Sanganer", "addr:postcode": "302029", "addr:state": "Rajasthan", "amenity": "hospital", "name": "Medilite Hospital", "source": "Local Knowledge", "osm_id": 7695123037, "osm_type": "node"}, "geometry": {"type": "Point", "coordinates": [75.782805, 26.8128864]}}, {"type": "Feature", "properties": {"addr:district": "Jaipur", "addr:full": "Malviya Nagar, Jaipur", "addr:postcode": "302017", "addr:state": "Rajasthan", "amenity": "hospital", "name": "Baheti Hospital", "source": "Local Knowledge", "osm_id": 7695123039, "osm_type": "node"}, "geometry": {"type": "Point", "coordinates": [75.822584, 26.855061]}}, {"type": "Feature", "properties": {"addr:district": "Jaipur", "addr:full": "Jagatpura", "addr:postcode": "302017", "addr:state": "Rajasthan", "amenity": "hospital", "name": "Jaipur Eye and Dental Hospital", "source": "Local Knowledge", "osm_id": 7695123040, "osm_type": "node"}, "geometry": {"type": "Point", "coordinates": [75.8474328, 26.8248986]}}, {"type": "Feature", "properties": {"addr:district": "Jaipur", "addr:full": "Sanganer, Sector 8, Pratap Nagar", "addr:postcode": "302033", "addr:state": "Rajasthan", "amenity": "hospital", "name": "Balaji ENT Hospital", "source": "Local Knowledge", "osm_id": 7695123046, "osm_type": "node"}, "geometry": {"type": "Point", "coordinates": [75.8226299, 26.8017121]}}, {"type": "Feature", "properties": {"addr:district": "Jaipur", "addr:full": "Sanganer, Jaipur", "addr:postcode": "302029", "addr:state": "Rajasthan", "amenity": "hospital", "name": "Agarwal Hospital and Maternity Centre", "source": "Local Knowledge", "osm_id": 7695123048, "osm_type": "node"}, "geometry": {"type": "Point", "coordinates": [75.7798, 26.811738]}}, {"type": "Feature", "properties": {"addr:district": "Jaipur", "addr:full": "Jagatpura", "addr:postcode": "302019", "addr:state": "Rajasthan", "amenity": "hospital", "name": "Bhagwati Ayurveda & Panchkarma Research Centre", "source": "Local Knowledge", "osm_id": 7695123049, "osm_type": "node"}, "geometry": {"type": "Point", "coordinates": [75.8672891, 26.8097423]}}, {"type": "Feature", "properties": {"addr:district": "Jaipur", "addr:full": "Nilay Kunj Road, Jagatpura, Jaipur", "addr:postcode": "303905", "addr:state": "Rajasthan", "amenity": "hospital", "name": "SG Hospital", "source": "Local Knowledge", "osm_id": 7695123051, "osm_type": "node"}, "geometry": {"type": "Point", "coordinates": [75.866088, 26.802886]}}, {"type": "Feature", "properties": {"addr:district": "Jaipur", "addr:full": "Malpura Road, Sanganer, Jaipur", "addr:postcode": "302029", "addr:state": "Rajasthan", "amenity": "hospital", "name": "Pardaya Memorial Trust Hospital", "source": "Local Knowledge", "osm_id": 7695123054, "osm_type": "node"}, "geometry": {"type": "Point", "coordinates": [75.7822481, 26.8167712]}}, {"type": "Feature", "properties": {"addr:district": "Jaipur", "addr:full": "Mukandpura Road, Vrindavan Vihar, Bhakrota, Jaipur", "addr:postcode": "302026", "addr:state": "Rajasthan", "amenity": "hospital", "name": "Siddharth Hospital", "source": "Local Knowledge", "osm_id": 7695123056, "osm_type": "node"}, "geometry": {"type": "Point", "coordinates": [75.69366, 26.873818]}}, {"type": "Feature", "properties": {"addr:district": "Jaipur", "addr:full": "Sanganer, Pratap Nagar, Jaipur", "addr:postcode": "302033", "addr:state": "Rajasthan", "amenity": "hospital", "name": "Mathur Mahila and General Hospital", "source": "Local Knowledge", "osm_id": 7695123061, "osm_type": "node"}, "geometry": {"type": "Point", "coordinates": [75.8037184, 26.8026132]}}, {"type": "Feature", "properties": {"addr:district": "Jaipur", "addr:full": "Ajmer Road, Bhakrota", "addr:postcode": "302026", "addr:state": "Rajasthan", "amenity": "hospital", "name": "Ashok Hospital & Research Centre", "source": "Local Knowledge", "osm_id": 7695123063, "osm_type": "node"}, "geometry": {"type": "Point", "coordinates": [75.6934926, 26.8697503]}}, {"type": "Feature", "properties": {"addr:district": "Jaipur", "addr:full": "Sanganer, Pratap Nagar", "addr:postcode": "302033", "addr:state": "Rajasthan", "amenity": "hospital", "name": "The Urmil Chest & General Hospital", "source": "Local Knowledge", "osm_id": 7695123064, "osm_type": "node"}, "geometry": {"type": "Point", "coordinates": [75.8233611, 26.8050352]}}, {"type": "Feature", "properties": {"addr:district": "Jaipur", "addr:full": "Tonk Road, Milap Nagar, Durgapura", "addr:postcode": "302018", "addr:state": "Rajasthan", "amenity": "hospital", "name": "Chandra Hospital", "source": "Local Knowledge", "osm_id": 7698135281, "osm_type": "node"}, "geometry": {"type": "Point", "coordinates": [75.7948691, 26.8524159]}}, {"type": "Feature", "properties": {"addr:district": "Jaipur", "addr:full": "Bhrigu Path, Sector 21, Mansarovar", "addr:postcode": "302020", "addr:state": "Rajasthan", "amenity": "hospital", "name": "Utkarsh Hospital", "source": "Local Knowledge", "osm_id": 7698135288, "osm_type": "node"}, "geometry": {"type": "Point", "coordinates": [75.7501535, 26.8773898]}}, {"type": "Feature", "properties": {"addr:district": "Jaipur", "addr:full": "Hirapura", "addr:postcode": "302019", "addr:state": "Rajasthan", "amenity": "hospital", "name": "M.B.M Children and General Hospital", "source": "Local Knowledge", "osm_id": 7698135292, "osm_type": "node"}, "geometry": {"type": "Point", "coordinates": [75.7353006, 26.8911213]}}, {"type": "Feature", "properties": {"addr:district": "Jaipur", "addr:full": "Kamla Nehru Nagar, Ajmer Road", "addr:postcode": "302024", "addr:state": "Rajasthan", "amenity": "hospital", "healthcare": "hospital", "name": "Daksh Hospital", "source": "Local Knowledge", "osm_id": 7698135297, "osm_type": "node"}, "geometry": {"type": "Point", "coordinates": [75.7159196, 26.88331]}}, {"type": "Feature", "properties": {"addr:district": "Jaipur", "addr:full": "Tonk Road, Mahaveer Nagar", "addr:postcode": "302018", "addr:state": "Rajasthan", "amenity": "hospital", "name": "Jaipur Hospital", "source": "Local Knowledge", "osm_id": 7698135301, "osm_type": "node"}, "geometry": {"type": "Point", "coordinates": [75.795004, 26.857354]}}, {"type": "Feature", "properties": {"addr:district": "Jaipur", "addr:full": "Nirman Nagar, Brijlalpura, Jaipur", "addr:postcode": "302019", "addr:state": "Rajasthan", "amenity": "hospital", "name": "Kshitij Hospital", "source": "Local Knowledge", "osm_id": 7698135302, "osm_type": "node"}, "geometry": {"type": "Point", "coordinates": [75.7453399, 26.8804078]}}, {"type": "Feature", "properties": {"addr:district": "Jaipur", "addr:full": "Shri Vihar, Mahaveer Nagar, Durgapura", "addr:postcode": "302018", "addr:state": "Rajasthan", "amenity": "hospital", "name": "Prasoon Hospital", "source": "Local Knowledge", "osm_id": 7698135304, "osm_type": "node"}, "geometry": {"type": "Point", "coordinates": [75.7898902, 26.8534487]}}, {"type": "Feature", "properties": {"addr:district": "Jaipur", "addr:full": "Rani Sati Nagar, Brijlalpura, Jaipur", "addr:postcode": "302019", "addr:state": "Rajasthan", "amenity": "hospital", "name": "Jain Fertility & Mother Care", "source": "Local Knowledge", "osm_id": 7698135307, "osm_type": "node"}, "geometry": {"type": "Point", "coordinates": [75.7451024, 26.8855662]}}, {"type": "Feature", "properties": {"addr:district": "Jaipur", "addr:full": "Sodala", "addr:postcode": "302019", "addr:state": "Rajasthan", "amenity": "hospital", "name": "Chanda Devi Memorial Hospital", "source": "Local Knowledge", "osm_id": 7698135308, "osm_type": "node"}, "geometry": {"type": "Point", "coordinates": [75.7658158, 26.8858605]}}, {"type": "Feature", "properties": {"addr:district": "Jaipur", "addr:full": "Ajmer Road, Satya Colony, Tagore Nagar, Jaipur", "addr:postcode": "302021", "addr:state": "Rajasthan", "amenity": "hospital", "name": "Vedanta Superspeciality Hospital", "source": "Local Knowledge", "osm_id": 7698135309, "osm_type": "node"}, "geometry": {"type": "Point", "coordinates": [75.7380334, 26.8898811]}}, {"type": "Feature", "properties": {"addr:district": "Jaipur", "addr:full": "Sanganer Road", "addr:postcode": "302019", "addr:state": "Rajasthan", "amenity": "hospital", "name": "Jaipur Doorbeen Hospital", "source": "Local Knowledge", "osm_id": 7698135311, "osm_type": "node"}, "geometry": {"type": "Point", "coordinates": [75.7670814, 26.8850757]}}, {"type": "Feature", "properties": {"addr:district": "Jaipur", "addr:full": "Triveni Nagar Road, Arjun Nagar", "addr:postcode": "302015", "addr:state": "Rajasthan", "amenity": "hospital", "healthcare": "hospital", "name": "Royal Hospital", "source": "Local Knowledge", "osm_id": 7698135314, "osm_type": "node"}, "geometry": {"type": "Point", "coordinates": [75.7846212, 26.8672156]}}, {"type": "Feature", "properties": {"addr:district": "Jaipur", "addr:full": "Kumbha Marg, Sanganer, Pratap Nagar", "addr:postcode": "302033", "addr:state": "Rajasthan", "amenity": "hospital", "name": "Shubhayush Hospital", "source": "Local Knowledge", "osm_id": 7698135319, "osm_type": "node"}, "geometry": {"type": "Point", "coordinates": [75.7414518, 26.8780554]}}, {"type": "Feature", "properties": {"addr:district": "Jaipur", "addr:full": "Shiv Shakti Nagar, Brijlalpura", "addr:postcode": "302019", "addr:state": "Rajasthan", "amenity": "hospital", "name": "R N Multispeciality Hospital", "source": "Local Knowledge", "osm_id": 7698135321, "osm_type": "node"}, "geometry": {"type": "Point", "coordinates": [75.7523577, 26.88477]}}, {"type": "Feature", "properties": {"addr:district": "Jaipur", "addr:full": "Kamala Nehru Nagar", "addr:postcode": "302024", "addr:state": "Rajasthan", "amenity": "hospital", "healthcare": "hospital", "name": "Gauri Multi Speciality Hospital", "source": "Local Knowledge", "osm_id": 7698135333, "osm_type": "node"}, "geometry": {"type": "Point", "coordinates": [75.7151396, 26.8824115]}}, {"type": "Feature", "properties": {"addr:district": "Jaipur", "addr:full": "Triveni Nagar, Arjun Nagar", "addr:postcode": "302018", "addr:state": "Rajasthan", "amenity": "hospital", "healthcare": "hospital", "name": "Government Hospital", "source": "Local Knowledge", "osm_id": 7698135334, "osm_type": "node"}, "geometry": {"type": "Point", "coordinates": [75.7784824, 26.8699321]}}, {"type": "Feature", "properties": {"addr:district": "Jaipur", "addr:full": "Lalarpura", "addr:postcode": "302021", "addr:state": "Rajasthan", "amenity": "hospital", "name": "Neelam Hospital", "source": "Local Knowledge", "osm_id": 7698135335, "osm_type": "node"}, "geometry": {"type": "Point", "coordinates": [75.7153746, 26.903359]}}, {"type": "Feature", "properties": {"addr:district": "Jaipur", "addr:full": "Anita Colony, Bajaj Nagar", "addr:postcode": "302015", "addr:state": "Rajasthan", "amenity": "hospital", "healthcare": "hospital", "name": "Yadav Homeopathic Hospital", "source": "Local Knowledge", "osm_id": 7698135336, "osm_type": "node"}, "geometry": {"type": "Point", "coordinates": [75.800163, 26.872107]}}, {"type": "Feature", "properties": {"addr:district": "Jaipur", "addr:postcode": "302021", "addr:state": "Rajasthan", "amenity": "hospital", "name": "Abhishek Hospital", "source": "Local Knowledge", "osm_id": 7698135340, "osm_type": "node"}, "geometry": {"type": "Point", "coordinates": [75.7254235, 26.8765134]}}, {"type": "Feature", "properties": {"addr:district": "Jaipur", "addr:full": "Ajmer Road, Sodala, Jaipur", "addr:postcode": "302019", "addr:state": "Rajasthan", "amenity": "hospital", "name": "Dwarka Hospital", "source": "Local Knowledge", "osm_id": 7698135342, "osm_type": "node"}, "geometry": {"type": "Point", "coordinates": [75.7642069, 26.8942626]}}, {"type": "Feature", "properties": {"addr:district": "Jaipur", "addr:full": "Ajmer Road, Mahatma Gandhi Nagar", "addr:postcode": "302021", "addr:state": "Rajasthan", "amenity": "hospital", "name": "Rohit Hospital", "source": "Local Knowledge", "osm_id": 7698135348, "osm_type": "node"}, "geometry": {"type": "Point", "coordinates": [75.7474503, 26.8945267]}}, {"type": "Feature", "properties": {"addr:district": "Jaipur", "addr:full": "Heera Nagar, Tagore Nagar", "addr:postcode": "302021", "addr:state": "Rajasthan", "amenity": "hospital", "name": "Purva Hospital", "source": "Local Knowledge", "osm_id": 7698135353, "osm_type": "node"}, "geometry": {"type": "Point", "coordinates": [75.7454119, 26.8944136]}}, {"type": "Feature", "properties": {"addr:district": "Jaipur", "addr:full": "Ajmer Road, Vidhyut Nagar, Jaipur", "addr:postcode": "302021", "addr:state": "Rajasthan", "amenity": "hospital", "name": "Kothari Hospital", "source": "Local Knowledge", "osm_id": 7698135359, "osm_type": "node"}, "geometry": {"type": "Point", "coordinates": [75.7507882, 26.8988402]}}, {"type": "Feature", "properties": {"addr:district": "Jaipur", "addr:full": "Girdharipura, Jaipur", "addr:postcode": "302034", "addr:state": "Rajasthan", "amenity": "hospital", "name": "Gouri Multi-speciality Hospital", "source": "Local Knowledge", "osm_id": 7698135363, "osm_type": "node"}, "geometry": {"type": "Point", "coordinates": [75.7113925, 26.8895235]}}, {"type": "Feature", "properties": {"addr:district": "Jaipur", "addr:full": "Durgapura, Jaipur", "addr:postcode": "302018", "addr:state": "Rajasthan", "amenity": "hospital", "name": "Aanch Hospital", "source": "Local Knowledge", "osm_id": 7698135371, "osm_type": "node"}, "geometry": {"type": "Point", "coordinates": [75.7962052, 26.8501473]}}, {"type": "Feature", "properties": {"addr:district": "Jaipur", "addr:full": "Shri Vihar, Durgapura", "addr:postcode": "302018", "addr:state": "Rajasthan", "amenity": "hospital", "name": "Jaipur Hospital", "source": "Local Knowledge", "osm_id": 7698135375, "osm_type": "node"}, "geometry": {"type": "Point", "coordinates": [75.7933978, 26.8491264]}}, {"type": "Feature", "properties": {"addr:district": "Jaipur", "addr:full": "Tonk Road, Jaipur", "addr:postcode": "302018", "addr:state": "Rajasthan", "amenity": "hospital", "name": "Sethi Hospital", "source": "Local Knowledge", "osm_id": 7698135377, "osm_type": "node"}, "geometry": {"type": "Point", "coordinates": [75.7934423, 26.8548043]}}, {"type": "Feature", "properties": {"addr:district": "Jaipur", "addr:full": "Marudhar Nagar", "addr:postcode": "302021", "addr:state": "Rajasthan", "amenity": "hospital", "name": "Shishumangal Hospital", "source": "Local Knowledge", "osm_id": 7698135384, "osm_type": "node"}, "geometry": {"type": "Point", "coordinates": [75.742453, 26.897711]}}, {"type": "Feature", "properties": {"addr:district": "Jaipur", "addr:full": "Gokulpura, Jaipur", "addr:postcode": "302012", "addr:state": "Rajasthan", "amenity": "hospital", "name": "Yuvaan Child and General Hospital", "source": "Local Knowledge", "osm_id": 7698409950, "osm_type": "node"}, "geometry": {"type": "Point", "coordinates": [75.7201811, 26.9472587]}}, {"type": "Feature", "properties": {"addr:district": "Jaipur", "addr:full": "Krishna Nagar, Sawai Ram Singh Road, Lalkothi", "addr:postcode": "302015", "addr:state": "Rajasthan", "amenity": "hospital", "healthcare": "hospital", "name": "Lal Kothi Hospital", "source": "Local Knowledge", "osm_id": 7698409957, "osm_type": "node"}, "geometry": {"type": "Point", "coordinates": [75.7983179, 26.8887859]}}, {"type": "Feature", "properties": {"addr:district": "Jaipur", "addr:full": "Vidhayak Nagar, Lalkothi", "addr:postcode": "302005", "addr:state": "Rajasthan", "amenity": "hospital", "healthcare": "hospital", "healthcare:speciality": "ophthalmology", "name": "Anupam Eye Hospital", "source": "Local Knowledge", "osm_id": 7698409958, "osm_type": "node"}, "geometry": {"type": "Point", "coordinates": [75.8021812, 26.8909671]}}, {"type": "Feature", "properties": {"addr:district": "Jaipur", "addr:full": "Dashrath Marg, Hanuman Nagar", "addr:postcode": "302021", "addr:state": "Rajasthan", "amenity": "hospital", "healthcare": "hospital", "name": "Usha Hospital", "source": "Local Knowledge", "osm_id": 7698409959, "osm_type": "node"}, "geometry": {"type": "Point", "coordinates": [75.745466, 26.921774]}}, {"type": "Feature", "properties": {"addr:district": "Jaipur", "addr:postcode": "302012", "addr:state": "Rajasthan", "amenity": "hospital", "name": "Param Brahm Anand Hospital", "source": "Local Knowledge", "osm_id": 7698409963, "osm_type": "node"}, "geometry": {"type": "Point", "coordinates": [75.708327, 26.954114]}}, {"type": "Feature", "properties": {"addr:district": "Jaipur", "addr:full": "Chitrakoot", "addr:postcode": "302021", "addr:state": "Rajasthan", "amenity": "hospital", "name": "Jeevan Joyti Hospital", "source": "Local Knowledge", "osm_id": 7698409966, "osm_type": "node"}, "geometry": {"type": "Point", "coordinates": [75.7375382, 26.905852]}}, {"type": "Feature", "properties": {"addr:district": "Jaipur", "addr:full": "Vaishali Nagar", "addr:postcode": "302021", "addr:state": "Rajasthan", "amenity": "hospital", "healthcare": "hospital", "name": "BB Saxena Hospital", "source": "Local Knowledge", "osm_id": 7698409969, "osm_type": "node"}, "geometry": {"type": "Point", "coordinates": [75.7461785, 26.9139104]}}, {"type": "Feature", "properties": {"addr:district": "Jaipur", "addr:full": "Sunder Nagar, Panchyawala", "addr:postcode": "302034", "addr:state": "Rajasthan", "amenity": "hospital", "name": "Arpit Hospital", "source": "Local Knowledge", "osm_id": 7698409977, "osm_type": "node"}, "geometry": {"type": "Point", "coordinates": [75.7223961, 26.9115351]}}, {"type": "Feature", "properties": {"addr:district": "Jaipur", "addr:full": "Sirsi Road, Panchyawala", "addr:postcode": "302034", "addr:state": "Rajasthan", "amenity": "hospital", "name": "Shree K B M Hospital", "source": "Local Knowledge", "osm_id": 7698409978, "osm_type": "node"}, "geometry": {"type": "Point", "coordinates": [75.724666, 26.92142]}}, {"type": "Feature", "properties": {"addr:district": "Jaipur", "addr:full": "Sriram Nagar, Jhotwara", "addr:postcode": "302032", "addr:state": "Rajasthan", "amenity": "hospital", "healthcare": "hospital", "healthcare:speciality": "allergology", "name": "Shri Ramniwas Memorial Hospital & Allergy Centre", "source": "Local Knowledge", "osm_id": 7698409979, "osm_type": "node"}, "geometry": {"type": "Point", "coordinates": [75.7470396, 26.9406476]}}, {"type": "Feature", "properties": {"addr:district": "Jaipur", "addr:full": "Adarsh Krishna Nagar, Kartarpur", "addr:postcode": "302015", "addr:state": "Rajasthan", "amenity": "hospital", "name": "Metrocity Hospital", "source": "Local Knowledge", "osm_id": 7698409980, "osm_type": "node"}, "geometry": {"type": "Point", "coordinates": [75.7851221, 26.8850429]}}, {"type": "Feature", "properties": {"addr:district": "Jaipur", "addr:full": "Adarsh Krishna Nagar, Bhagwati Nagar, Gopal Pura Mode", "addr:postcode": "302006", "addr:state": "Rajasthan", "amenity": "hospital", "name": "Kartarpura General Dental Hospital", "source": "Local Knowledge", "osm_id": 7698409984, "osm_type": "node"}, "geometry": {"type": "Point", "coordinates": [75.78478, 26.8850899]}}, {"type": "Feature", "properties": {"addr:district": "Jaipur", "addr:full": "Veer Vihar, Hanuman Nagar", "addr:postcode": "302021", "addr:state": "Rajasthan", "amenity": "hospital", "healthcare": "hospital", "name": "SMS Hospital", "source": "Local Knowledge", "osm_id": 7698409986, "osm_type": "node"}, "geometry": {"type": "Point", "coordinates": [75.7502987, 26.9184598]}}, {"type": "Feature", "properties": {"addr:district": "Jaipur", "addr:full": "Krishna Puri, Jamuna Nagar, Sodala", "addr:postcode": "302006", "addr:state": "Rajasthan", "amenity": "hospital", "healthcare": "hospital", "name": "Ayurvedic Hospital", "source": "Local Knowledge", "osm_id": 7698409990, "osm_type": "node"}, "geometry": {"type": "Point", "coordinates": [75.7706864, 26.9092879]}}, {"type": "Feature", "properties": {"addr:district": "Jaipur", "addr:full": "Bapu Nagar, Jaipur", "addr:postcode": "302015", "addr:state": "Rajasthan", "amenity": "hospital", "healthcare": "hospital", "healthcare:speciality": "urology", "name": "KKS Urology and General Hospital", "source": "Local Knowledge", "osm_id": 7698409994, "osm_type": "node"}, "geometry": {"type": "Point", "coordinates": [75.8080238, 26.8887114]}}, {"type": "Feature", "properties": {"addr:district": "Jaipur", "addr:full": "Govindpura", "addr:postcode": "302012", "addr:state": "Rajasthan", "amenity": "hospital", "name": "Rishab Hospital", "source": "Local Knowledge", "osm_id": 7698410002, "osm_type": "node"}, "geometry": {"type": "Point", "coordinates": [75.7082011, 26.9537161]}}, {"type": "Feature", "properties": {"addr:district": "Jaipur", "addr:full": "Mahaveer Colony, Vijaynagar", "addr:postcode": "302006", "addr:state": "Rajasthan", "amenity": "hospital", "name": "Vyom Hospital", "source": "Local Knowledge", "osm_id": 7698410011, "osm_type": "node"}, "geometry": {"type": "Point", "coordinates": [75.7850938, 26.8897766]}}, {"type": "Feature", "properties": {"addr:district": "Jaipur", "addr:full": "Gokulpura, Jaipur", "addr:postcode": "302012", "addr:state": "Rajasthan", "amenity": "hospital", "name": "Janana Hospital", "source": "Local Knowledge", "osm_id": 7698410012, "osm_type": "node"}, "geometry": {"type": "Point", "coordinates": [75.7125358, 26.9479719]}}, {"type": "Feature", "properties": {"addr:district": "Jaipur", "addr:full": "Jaipur", "addr:postcode": "302012", "addr:state": "Rajasthan", "amenity": "hospital", "name": "Janni Nursing Home", "source": "Local Knowledge", "osm_id": 7698410016, "osm_type": "node"}, "geometry": {"type": "Point", "coordinates": [75.7095831, 26.9563938]}}, {"type": "Feature", "properties": {"addr:district": "Jaipur", "addr:full": "Sindhi Colony, Jhotwara", "addr:postcode": "302012", "addr:state": "Rajasthan", "amenity": "hospital", "healthcare": "hospital", "name": "Sahara Child Hospital", "source": "Local Knowledge", "osm_id": 7698410020, "osm_type": "node"}, "geometry": {"type": "Point", "coordinates": [75.7543486, 26.9434119]}}, {"type": "Feature", "properties": {"addr:district": "Jaipur", "addr:full": "Nandpuri Road, Mahadev Nagar Road, Bais Godam", "addr:postcode": "302006", "addr:state": "Rajasthan", "amenity": "hospital", "name": "Shaurya Hospital", "source": "Local Knowledge", "osm_id": 7698410021, "osm_type": "node"}, "geometry": {"type": "Point", "coordinates": [75.784416, 26.8969029]}}, {"type": "Feature", "properties": {"addr:district": "Jaipur", "addr:full": "Roshan Path, Chitrakoot", "addr:postcode": "302021", "addr:state": "Rajasthan", "amenity": "hospital", "name": "Naveen Fracture and General Hospital", "source": "Local Knowledge", "osm_id": 7698410023, "osm_type": "node"}, "geometry": {"type": "Point", "coordinates": [75.7355438, 26.904629]}}, {"type": "Feature", "properties": {"addr:district": "Jaipur", "addr:full": "Imli Phatak, Tonk Phatak, Jaipur", "addr:postcode": "302015", "addr:state": "Rajasthan", "amenity": "hospital", "healthcare": "hospital", "name": "Sethi Mother and Children Hospital", "source": "Local Knowledge", "osm_id": 7698410031, "osm_type": "node"}, "geometry": {"type": "Point", "coordinates": [75.792066, 26.889688]}}, {"type": "Feature", "properties": {"addr:district": "Jaipur", "addr:full": "Valmiki Marg", "addr:postcode": "302021", "addr:state": "Rajasthan", "amenity": "hospital", "healthcare": "hospital", "name": "Unique Hospital", "source": "Local Knowledge", "osm_id": 7698410038, "osm_type": "node"}, "geometry": {"type": "Point", "coordinates": [75.7470773, 26.9165013]}}, {"type": "Feature", "properties": {"addr:district": "Jaipur", "addr:full": "Singh Bhoomi, Khatipura", "addr:postcode": "302012", "addr:state": "Rajasthan", "amenity": "hospital", "healthcare": "hospital", "name": "Aarti Zenana Hospital", "source": "Local Knowledge", "osm_id": 7698410040, "osm_type": "node"}, "geometry": {"type": "Point", "coordinates": [75.7428092, 26.9249981]}}, {"type": "Feature", "properties": {"addr:district": "Jaipur", "addr:full": "Tara Nagar, Jhotwara", "addr:postcode": "302012", "addr:state": "Rajasthan", "amenity": "hospital", "healthcare": "hospital", "name": "Shobha Nursing Home", "source": "Local Knowledge", "osm_id": 7698410046, "osm_type": "node"}, "geometry": {"type": "Point", "coordinates": [75.7561091, 26.9365053]}}, {"type": "Feature", "properties": {"addr:district": "Jaipur", "addr:full": "Vaishali Nagar", "addr:postcode": "302021", "addr:state": "Rajasthan", "amenity": "hospital", "name": "Krishiv Multi Speciality Hospital", "source": "Local Knowledge", "osm_id": 7698410050, "osm_type": "node"}, "geometry": {"type": "Point", "coordinates": [75.736644, 26.911503]}}, {"type": "Feature", "properties": {"addr:district": "Jaipur", "addr:full": "Sirsi", "addr:postcode": "302012", "addr:state": "Rajasthan", "amenity": "hospital", "name": "Chowan Hospital", "source": "Local Knowledge", "osm_id": 7698410052, "osm_type": "node"}, "geometry": {"type": "Point", "coordinates": [75.7131999, 26.9256963]}}, {"type": "Feature", "properties": {"addr:district": "Jaipur", "addr:full": "Shiv Path, Nand Vihar Colony, Vaishali Nagar", "addr:postcode": "302021", "addr:state": "Rajasthan", "amenity": "hospital", "name": "Vaishali Hospital", "source": "Local Knowledge", "osm_id": 7698410053, "osm_type": "node"}, "geometry": {"type": "Point", "coordinates": [75.7310945, 26.9116396]}}, {"type": "Feature", "properties": {"addr:district": "Jaipur", "addr:full": "Tonk Phatak, Jaipur", "addr:postcode": "302015", "addr:state": "Rajasthan", "amenity": "hospital", "healthcare": "hospital", "name": "Purohit Eye Hospital", "source": "Local Knowledge", "osm_id": 7698410057, "osm_type": "node"}, "geometry": {"type": "Point", "coordinates": [75.7916861, 26.8812378]}}, {"type": "Feature", "properties": {"addr:district": "Jaipur", "addr:full": "Ambabari, Vidyadhar Nagar", "addr:postcode": "302001", "addr:state": "Rajasthan", "amenity": "hospital", "name": "Pandia Eye Dental and General Hospital", "source": "Local Knowledge", "osm_id": 7698486517, "osm_type": "node"}, "geometry": {"type": "Point", "coordinates": [75.777618, 26.946624]}}, {"type": "Feature", "properties": {"addr:district": "Jaipur", "addr:full": "Vidyadhar Nagar", "addr:postcode": "302039", "addr:state": "Rajasthan", "amenity": "hospital", "healthcare": "hospital", "healthcare:speciality": "neurology", "name": "Neuro Care Hospital", "source": "Local Knowledge", "osm_id": 7698486519, "osm_type": "node"}, "geometry": {"type": "Point", "coordinates": [75.776602, 26.955894]}}, {"type": "Feature", "properties": {"addr:district": "Jaipur", "addr:full": "Vidyadhar Nagar, Jaipur", "addr:postcode": "302039", "addr:state": "Rajasthan", "amenity": "hospital", "healthcare": "hospital", "name": "Mittal Hospital and Research Centre", "source": "Local Knowledge", "osm_id": 7698486521, "osm_type": "node"}, "geometry": {"type": "Point", "coordinates": [75.7807483, 26.9621289]}}, {"type": "Feature", "properties": {"addr:district": "Jaipur", "addr:full": "Ratan Nagar", "addr:postcode": "302039", "addr:state": "Rajasthan", "amenity": "hospital", "healthcare": "hospital", "name": "Poddar Hospital", "source": "Local Knowledge", "osm_id": 7698486522, "osm_type": "node"}, "geometry": {"type": "Point", "coordinates": [75.7709805, 26.9549152]}}, {"type": "Feature", "properties": {"addr:district": "Jaipur", "addr:full": "Muralipura Road, Murlipura", "addr:postcode": "302032", "addr:state": "Rajasthan", "amenity": "hospital", "healthcare": "hospital", "name": "Shiva Hospital", "source": "Local Knowledge", "osm_id": 7698486525, "osm_type": "node"}, "geometry": {"type": "Point", "coordinates": [75.7646885, 26.97466]}}, {"type": "Feature", "properties": {"addr:district": "Jaipur", "addr:full": "Yadav Nagar, Jamunapuri", "addr:postcode": "302039", "addr:state": "Rajasthan", "amenity": "hospital", "healthcare": "hospital", "name": "SMS Hospital", "source": "Local Knowledge", "osm_id": 7698486531, "osm_type": "node"}, "geometry": {"type": "Point", "coordinates": [75.7613544, 26.9806352]}}, {"type": "Feature", "properties": {"addr:district": "Jaipur", "addr:full": "Sindhi Colony", "addr:postcode": "302016", "addr:state": "Rajasthan", "amenity": "hospital", "healthcare": "hospital", "name": "Lekhra Hospital", "source": "Local Knowledge", "osm_id": 7698486532, "osm_type": "node"}, "geometry": {"type": "Point", "coordinates": [75.7884758, 26.9360211]}}, {"type": "Feature", "properties": {"addr:district": "Jaipur", "addr:full": "Sanjay Marg, Ajmer Road", "addr:postcode": "302006", "addr:state": "Rajasthan", "amenity": "hospital", "healthcare": "hospital", "name": "Triveni Hospital", "source": "Local Knowledge", "osm_id": 7698486537, "osm_type": "node"}, "geometry": {"type": "Point", "coordinates": [75.7952368, 26.9170977]}}, {"type": "Feature", "properties": {"addr:district": "Jaipur", "addr:full": "Paramhans Colony, Murlipura", "addr:postcode": "302039", "addr:state": "Rajasthan", "amenity": "hospital", "healthcare": "hospital", "name": "Shri Narayan Hospital", "source": "Local Knowledge", "osm_id": 7698486543, "osm_type": "node"}, "geometry": {"type": "Point", "coordinates": [75.7665041, 26.9687921]}}, {"type": "Feature", "properties": {"addr:district": "Jaipur", "addr:full": "Sikar Road, Krishna Nagar", "addr:postcode": "302023", "addr:state": "Rajasthan", "amenity": "hospital", "healthcare": "hospital", "name": "Prerna Hospital", "source": "Local Knowledge", "osm_id": 7698486547, "osm_type": "node"}, "geometry": {"type": "Point", "coordinates": [75.772212, 26.955093]}}, {"type": "Feature", "properties": {"addr:district": "Jaipur", "addr:full": "Sikar Road, Jaipur", "addr:postcode": "302039", "addr:state": "Rajasthan", "amenity": "hospital", "name": "Salasar Child Hospital", "source": "Local Knowledge", "osm_id": 7698486548, "osm_type": "node"}, "geometry": {"type": "Point", "coordinates": [75.7711862, 26.9512976]}}, {"type": "Feature", "properties": {"addr:district": "Jaipur", "addr:full": "Janta Colony, Sindhi Colony, Bani Park", "addr:postcode": "302016", "addr:state": "Rajasthan", "amenity": "hospital", "healthcare": "hospital", "name": "Raisinghani Hospital", "source": "Local Knowledge", "osm_id": 7698486549, "osm_type": "node"}, "geometry": {"type": "Point", "coordinates": [75.7904621, 26.9343462]}}, {"type": "Feature", "properties": {"addr:district": "Jaipur", "addr:full": "Vijay Nagar, Murlipura, Jaipur", "addr:postcode": "302013", "addr:state": "Rajasthan", "amenity": "hospital", "healthcare": "hospital", "healthcare:speciality": "gynaecology;paediatrics", "name": "Om Mother and Child Hospital", "source": "Local Knowledge", "osm_id": 7698486551, "osm_type": "node"}, "geometry": {"type": "Point", "coordinates": [75.7630561, 26.9693183]}}, {"type": "Feature", "properties": {"addr:district": "Jaipur", "addr:full": "Pratap Nagar, Bhawani Nagar, Jaipur", "addr:postcode": "302039", "addr:state": "Rajasthan", "amenity": "hospital", "healthcare": "hospital", "healthcare:speciality": "paediatrics;dentist", "name": "Tiwari Child and Dental Hospital", "source": "Local Knowledge", "osm_id": 7698486560, "osm_type": "node"}, "geometry": {"type": "Point", "coordinates": [75.762884, 26.961853]}}, {"type": "Feature", "properties": {"addr:district": "Jaipur", "addr:full": "Dadhichi Nagar, Vishwakarma Industrial Area, Murlipura", "addr:postcode": "302013", "addr:state": "Rajasthan", "amenity": "hospital", "healthcare": "hospital", "name": "Jaipur Day Care Hospital", "source": "Local Knowledge", "osm_id": 7698486561, "osm_type": "node"}, "geometry": {"type": "Point", "coordinates": [75.7640897, 26.9825607]}}, {"type": "Feature", "properties": {"addr:district": "Jaipur", "addr:full": "Murlipura Scheme, Murlipura", "addr:postcode": "302039", "addr:state": "Rajasthan", "amenity": "hospital", "healthcare": "hospital", "name": "Vyas Hospital", "source": "Local Knowledge", "osm_id": 7698486572, "osm_type": "node"}, "geometry": {"type": "Point", "coordinates": [75.7621427, 26.9765009]}}, {"type": "Feature", "properties": {"addr:district": "Jaipur", "addr:full": "Ram Nagar, Shastri Nagar", "addr:postcode": "302016", "addr:state": "Rajasthan", "amenity": "hospital", "name": "Dr. Johar's Ayush Unani Hospital", "source": "Local Knowledge", "osm_id": 7698486573, "osm_type": "node"}, "geometry": {"type": "Point", "coordinates": [75.7991308, 26.9497492]}}, {"type": "Feature", "properties": {"addr:district": "Jaipur", "addr:full": "Arya Nagar, Murlipura", "addr:postcode": "302032", "addr:state": "Rajasthan", "amenity": "hospital", "healthcare": "hospital", "name": "Shree Balaji Hospital", "source": "Local Knowledge", "osm_id": 7698486576, "osm_type": "node"}, "geometry": {"type": "Point", "coordinates": [75.7661996, 26.9679172]}}, {"type": "Feature", "properties": {"addr:district": "Jaipur", "addr:full": "Near SBI Bank, Murlipura Scheme", "addr:postcode": "302039", "addr:state": "Rajasthan", "amenity": "hospital", "healthcare": "hospital", "name": "Suraksha Hospital", "source": "Local Knowledge", "osm_id": 7698486577, "osm_type": "node"}, "geometry": {"type": "Point", "coordinates": [75.7650478, 26.9731074]}}, {"type": "Feature", "properties": {"addr:district": "Jaipur", "addr:full": "Ambabari", "addr:postcode": "302001", "addr:state": "Rajasthan", "amenity": "hospital", "name": "V.N.S. Homoeopathy Hospital", "source": "Local Knowledge", "osm_id": 7698486580, "osm_type": "node"}, "geometry": {"type": "Point", "coordinates": [75.7788512, 26.9470587]}}, {"type": "Feature", "properties": {"addr:district": "Jaipur", "addr:full": "Murlipura, Jaipur", "addr:postcode": "302032", "addr:state": "Rajasthan", "amenity": "hospital", "healthcare": "hospital", "name": "Pooja Hospital", "source": "Local Knowledge", "osm_id": 7698486581, "osm_type": "node"}, "geometry": {"type": "Point", "coordinates": [75.76442, 26.9769029]}}, {"type": "Feature", "properties": {"addr:district": "Jaipur", "addr:full": "Sikar Road, Murlipura", "addr:postcode": "302039", "addr:state": "Rajasthan", "amenity": "hospital", "healthcare": "hospital", "healthcare:speciality": "ophthalmology", "name": "Neelam Eye Hospital", "source": "Local Knowledge", "osm_id": 7698486582, "osm_type": "node"}, "geometry": {"type": "Point", "coordinates": [75.7718889, 26.9551346]}}, {"type": "Feature", "properties": {"addr:district": "Jaipur", "addr:full": "Bani Park, Jaipur", "addr:postcode": "302016", "addr:state": "Rajasthan", "amenity": "hospital", "healthcare": "hospital", "name": "Soni Nursing Home", "source": "Local Knowledge", "osm_id": 7698486583, "osm_type": "node"}, "geometry": {"type": "Point", "coordinates": [75.789924, 26.936608]}}, {"type": "Feature", "properties": {"addr:district": "Jaipur", "addr:full": "Anand Puri, Adarsh Nagar", "addr:postcode": "302004", "addr:state": "Rajasthan", "amenity": "hospital", "healthcare": "hospital", "name": "Mahaveer Charitable Hospital", "source": "Local Knowledge", "osm_id": 7698578012, "osm_type": "node"}, "geometry": {"type": "Point", "coordinates": [75.8245468, 26.8995994]}}, {"type": "Feature", "properties": {"addr:district": "Jaipur", "addr:full": "Vaishali Nagar", "addr:housenumber": "plot no c, JTN Anukampa Plaza, Ground Floor & First Floor, 20-A, Bhagwan Das Rd, Jaipur, Rajasthan 302001", "addr:postcode": "302007", "addr:state": "Rajasthan", "amenity": "hospital", "healthcare": "hospital", "name": "ASG Eye Hospital", "source": "Local Knowledge", "osm_id": 7698578014, "osm_type": "node"}, "geometry": {"type": "Point", "coordinates": [75.809544, 26.914966]}}, {"type": "Feature", "properties": {"addr:district": "Jaipur", "addr:full": "Central Jail, Adarsh Nagar, Jaipur", "addr:postcode": "302004", "addr:state": "Rajasthan", "amenity": "hospital", "healthcare": "hospital", "name": "Sagar Hospital", "source": "Local Knowledge", "osm_id": 7698578015, "osm_type": "node"}, "geometry": {"type": "Point", "coordinates": [75.8286492, 26.9134146]}}, {"type": "Feature", "properties": {"addr:district": "Jaipur", "addr:full": "Ramganj Bazar", "addr:postcode": "302002", "addr:state": "Rajasthan", "amenity": "hospital", "name": "Rama Hospital", "source": "Local Knowledge", "osm_id": 7698578021, "osm_type": "node"}, "geometry": {"type": "Point", "coordinates": [75.8356, 26.924219]}}, {"type": "Feature", "properties": {"addr:district": "Jaipur", "addr:full": "Chandpole", "addr:postcode": "302001", "addr:state": "Rajasthan", "amenity": "hospital", "healthcare": "hospital", "name": "Pink City Fracture & General Hospital", "source": "Local Knowledge", "osm_id": 7698578022, "osm_type": "node"}, "geometry": {"type": "Point", "coordinates": [75.8112535, 26.9251063]}}, {"type": "Feature", "properties": {"addr:district": "Jaipur", "addr:full": "Adarsh Nagar", "addr:postcode": "302004", "addr:state": "Rajasthan", "amenity": "hospital", "healthcare": "hospital", "name": "Health Aid Hospital", "source": "Local Knowledge", "osm_id": 7698578023, "osm_type": "node"}, "geometry": {"type": "Point", "coordinates": [75.8261836, 26.9020539]}}, {"type": "Feature", "properties": {"addr:district": "Jaipur", "addr:full": "Adarsh Nagar", "addr:postcode": "302003", "addr:state": "Rajasthan", "amenity": "hospital", "healthcare": "hospital", "name": "Akhila Hospital", "source": "Local Knowledge", "osm_id": 7698578024, "osm_type": "node"}, "geometry": {"type": "Point", "coordinates": [75.826897, 26.9151062]}}, {"type": "Feature", "properties": {"addr:district": "Jaipur", "addr:full": "Anand Puri, Fateh Tibba, Adarsh Nagar", "addr:postcode": "302004", "addr:state": "Rajasthan", "amenity": "hospital", "healthcare": "hospital", "name": "Child Care Hospital", "source": "Local Knowledge", "osm_id": 7698578026, "osm_type": "node"}, "geometry": {"type": "Point", "coordinates": [75.8222385, 26.9035633]}}, {"type": "Feature", "properties": {"addr:district": "Jaipur", "addr:full": "Adarsh Nagar, Alwar", "addr:postcode": "302004", "addr:state": "Rajasthan", "amenity": "hospital", "healthcare": "hospital", "name": "MDM Hospital", "source": "Local Knowledge", "osm_id": 7698578027, "osm_type": "node"}, "geometry": {"type": "Point", "coordinates": [75.8211928, 26.9025327]}}, {"type": "Feature", "properties": {"addr:district": "Jaipur", "addr:full": "Bhag Singh Road, Adarsh Nagar", "addr:postcode": "302004", "addr:state": "Rajasthan", "amenity": "hospital", "healthcare": "hospital", "name": "Mahaveer Jain Hospital", "source": "Local Knowledge", "osm_id": 7698578030, "osm_type": "node"}, "geometry": {"type": "Point", "coordinates": [75.825743, 26.901026]}}, {"type": "Feature", "properties": {"addr:district": "Jaipur", "addr:full": "Chandpole Bazar, Chandpole, Pink City", "addr:postcode": "302001", "addr:state": "Rajasthan", "amenity": "hospital", "healthcare": "hospital", "name": "New life Hospital", "source": "Local Knowledge", "osm_id": 7698578032, "osm_type": "node"}, "geometry": {"type": "Point", "coordinates": [75.8102949, 26.9254445]}}, {"type": "Feature", "properties": {"addr:district": "Jaipur", "addr:full": "Vijay Path, Tilak Nagar, Jaipur", "addr:postcode": "302004", "addr:state": "Rajasthan", "amenity": "hospital", "healthcare": "hospital", "name": "Vijay Hospital", "source": "Local Knowledge", "osm_id": 7698578045, "osm_type": "node"}, "geometry": {"type": "Point", "coordinates": [75.8189267, 26.8921005]}}, {"type": "Feature", "properties": {"addr:district": "Jaipur", "addr:full": "Adarsh Nagar", "addr:postcode": "302004", "addr:state": "Rajasthan", "amenity": "hospital", "healthcare": "hospital", "name": "Mangalam Hospital", "source": "Local Knowledge", "osm_id": 7698578050, "osm_type": "node"}, "geometry": {"type": "Point", "coordinates": [75.8339104, 26.8988531]}}, {"type": "Feature", "properties": {"addr:district": "Jaipur", "addr:full": "Vijay Path, Junction", "addr:postcode": "302004", "addr:state": "Rajasthan", "amenity": "hospital", "healthcare": "hospital", "name": "Sahai Hospital", "source": "Local Knowledge", "osm_id": 7698578055, "osm_type": "node"}, "geometry": {"type": "Point", "coordinates": [75.8203134, 26.8958902]}}, {"type": "Feature", "properties": {"addr:district": "Jaipur", "addr:full": "Chandpole Bazar, Chandpole", "addr:housenumber": "WRF5+4HH, Topkhane Ka Rasta, Chandpole Bazar, Chandpole, Pink City, Jaipur, Rajasthan 302001", "addr:postcode": "302001", "addr:state": "Rajasthan", "amenity": "hospital", "healthcare": "hospital", "name": "Mahesh Hospital", "source": "Local Knowledge", "osm_id": 7698578056, "osm_type": "node"}, "geometry": {"type": "Point", "coordinates": [75.8089218, 26.9229133]}}, {"type": "Feature", "properties": {"addr:district": "Jaipur", "addr:full": "Shyama Prasad Mukherji Marg, Adarsh Nagar", "addr:postcode": "302004", "addr:state": "Rajasthan", "amenity": "hospital", "healthcare": "hospital", "name": "Suraj Hospial", "source": "Local Knowledge", "osm_id": 7698578057, "osm_type": "node"}, "geometry": {"type": "Point", "coordinates": [75.824377, 26.8990777]}}, {"type": "Feature", "properties": {"addr:district": "Jaipur", "addr:full": "Adarsh Nagar, Jaipur", "addr:postcode": "302007", "addr:state": "Rajasthan", "amenity": "hospital", "healthcare": "hospital", "name": "Health Line Hospital", "source": "Local Knowledge", "osm_id": 7698578065, "osm_type": "node"}, "geometry": {"type": "Point", "coordinates": [75.8299074, 26.9077102]}}, {"type": "Feature", "properties": {"addr:district": "Jaipur", "addr:full": "Telepara", "addr:postcode": "302001", "addr:state": "Rajasthan", "amenity": "hospital", "healthcare": "hospital", "name": "Goyal Hospital", "source": "Local Knowledge", "osm_id": 7698578066, "osm_type": "node"}, "geometry": {"type": "Point", "coordinates": [75.8214178, 26.9186623]}}, {"type": "Feature", "properties": {"addr:district": "Jaipur", "addr:full": "Gangori Bazaar", "addr:postcode": "302002", "addr:state": "Rajasthan", "amenity": "hospital", "name": "Solanki Hospital", "source": "Local Knowledge", "osm_id": 7698578067, "osm_type": "node"}, "geometry": {"type": "Point", "coordinates": [75.819232, 26.9272446]}}, {"type": "Feature", "properties": {"addr:district": "Jaipur", "addr:postcode": "302003", "addr:state": "Rajasthan", "amenity": "hospital", "healthcare": "hospital", "healthcare:speciality": "orthopaedics", "name": "Alok Nursing Home & Fracture Clinic", "source": "Local Knowledge", "osm_id": 7698578071, "osm_type": "node"}, "geometry": {"type": "Point", "coordinates": [75.8311973, 26.91858]}}, {"type": "Feature", "properties": {"addr:district": "Jaipur", "addr:full": "Ramganj Bazar", "addr:postcode": "302003", "addr:state": "Rajasthan", "amenity": "hospital", "healthcare": "hospital", "healthcare:speciality": "ophthalmology", "name": "Falor Eye and Phaco Surgery Centre", "source": "Local Knowledge", "osm_id": 7698578072, "osm_type": "node"}, "geometry": {"type": "Point", "coordinates": [75.8309094, 26.9193316]}}, {"type": "Feature", "properties": {"addr:district": "Jaipur", "addr:full": "Rambagh, Jaipur", "addr:postcode": "302004", "addr:state": "Rajasthan", "amenity": "hospital", "healthcare": "hospital", "name": "Santokba Durlabhji Memorial Hospital", "source": "Local Knowledge", "osm_id": 7698578078, "osm_type": "node"}, "geometry": {"type": "Point", "coordinates": [75.8125166, 26.8935766]}}, {"type": "Feature", "properties": {"addr:district": "Jaipur", "addr:full": "Central Jail, Fateh Tibba, Adarsh Nagar", "addr:postcode": "302004", "addr:state": "Rajasthan", "amenity": "hospital", "healthcare": "hospital", "name": "M.D. Hospital", "source": "Local Knowledge", "osm_id": 7698578080, "osm_type": "node"}, "geometry": {"type": "Point", "coordinates": [75.8246404, 26.9124912]}}, {"type": "Feature", "properties": {"addr:district": "Jaipur", "addr:full": "Udai Marg, Tilak Nagar", "addr:postcode": "302004", "addr:state": "Rajasthan", "amenity": "hospital", "healthcare": "hospital", "healthcare:speciality": "otolaryngology", "name": "Adinath ENT & General Hospital", "source": "Local Knowledge", "osm_id": 7698578086, "osm_type": "node"}, "geometry": {"type": "Point", "coordinates": [75.8265711, 26.8915481]}}, {"type": "Feature", "properties": {"addr:district": "Jaipur", "addr:full": "Fatima Colony", "addr:postcode": "302002", "addr:state": "Rajasthan", "amenity": "hospital", "name": "Jalmahal Hospital", "source": "Local Knowledge", "osm_id": 7698578092, "osm_type": "node"}, "geometry": {"type": "Point", "coordinates": [75.8481731, 26.9464166]}}, {"type": "Feature", "properties": {"addr:district": "Jaipur", "addr:full": "Bapu Bazar, Biseswarji", "addr:postcode": "302003", "addr:state": "Rajasthan", "amenity": "hospital", "healthcare": "hospital", "healthcare:speciality": "ophthalmology", "name": "Bhiwani Eye Hospital", "source": "Local Knowledge", "osm_id": 7698578107, "osm_type": "node"}, "geometry": {"type": "Point", "coordinates": [75.8217693, 26.9200507]}}, {"type": "Feature", "properties": {"addr:district": "Jaipur", "addr:full": "Chandpole Bazar, Indira Bazar", "addr:postcode": "302007", "addr:state": "Rajasthan", "amenity": "hospital", "healthcare": "hospital", "name": "Jai Hospital & Research Centre", "source": "Local Knowledge", "osm_id": 7698578108, "osm_type": "node"}, "geometry": {"type": "Point", "coordinates": [75.8167578, 26.9192023]}}, {"type": "Feature", "properties": {"amenity": "hospital", "emergency": "no", "healthcare": "hospital", "name": "Pratap Nagar Sector 6 Dispensary", "operator": "Goverment", "operator:type": "government", "osm_id": 8043763874, "osm_type": "node"}, "geometry": {"type": "Point", "coordinates": [75.8090785, 26.8097868]}}, {"type": "Feature", "properties": {"addr:city": "Jaipur", "addr:housenumber": "3/154", "addr:postcode": "302004", "addr:street": "shivam apartment near jain dadabadi", "amenity": "hospital", "description": "A non-profit govermental organisation rescuing animals", "healthcare": "hospital", "healthcare:speciality": "general", "name": "Enviornment and wildlife care society", "operator": "Akshat Mehta , Ashish Mehta", "operator:type": "non_profit_goverment", "osm_id": 8479401770, "osm_type": "node"}, "geometry": {"type": "Point", "coordinates": [75.8377772, 26.8885259]}}, {"type": "Feature", "properties": {"addr:postcode": "302017", "amenity": "hospital", "healthcare": "hospital", "name": "Tirupati Sanjeevani Hospital", "osm_id": 8916826950, "osm_type": "node"}, "geometry": {"type": "Point", "coordinates": [75.8582476, 26.8347991]}}, {"type": "Feature", "properties": {"addr:city": "Jaipur", "addr:country": "IN", "addr:housenumber": "A-120, Shri Shyam Tower, 80 Feet Road, Road No, 05, Vishwakarma Industrial Area, Murlipura", "addr:postcode": "302039", "addr:street": "Jaipur Road", "amenity": "hospital", "description": "Shri Shyam Hospital is a day care hospital. Shri Shyam Hospital provide emergency services and Home care Services in Jaipur. Our Hospital give you best health care service.", "email": "shrishyamhospitaljaipur@gmail.com", "emergency": "yes", "healthcare": "hospital", "healthcare:speciality": "general;gynaecology;blood_check;dermatovenereology", "image": "https://rb.gy/fte1ur", "internet_access": "wlan", "name": "Shri Shyam Hospital", "operator": "Ajay Kumar Yogi", "operator:type": "public", "phone": "+91-7413966513", "osm_id": 10685151323, "osm_type": "node"}, "geometry": {"type": "Point", "coordinates": [75.7692136, 26.9792583]}}, {"type": "Feature", "properties": {"addr:city": "Jaipur", "addr:housenumber": "Shri Shyam Tower,  Rd Number 5,  Shyam Mitra Mandal Nagar, Vishwakarma Industrial Area, Murlipura", "addr:postcode": "302039", "addr:street": "Jaipur Road", "amenity": "hospital", "description": "Shri Shyam Tower, Rd Number 5, near Shri Shyam Mandir, Shyam Mitra Mandal Nagar, Vishwakarma Industrial Area, Murlipura", "email": "shrishyamhospitaljaipur@gmail.com", "emergency": "yes", "healthcare": "hospital", "healthcare:speciality": "general;gynaecology;dermatology;internal;blood_check", "internet_access": "yes", "internet_access:fee": "no", "name": "S S Hospital", "operator": "Ajay Kumar Yogi", "operator:type": "private", "phone": "+91-7413966513", "osm_id": 10685211660, "osm_type": "node"}, "geometry": {"type": "Point", "coordinates": [75.7691704, 26.9792517]}}, {"type": "Feature", "properties": {"amenity": "hospital", "healthcare": "hospital", "osm_id": 11691562993, "osm_type": "node"}, "geometry": {"type": "Point", "coordinates": [75.7847666, 26.8851533]}}, {"type": "Feature", "properties": {"addr:city": "Jaipur", "addr:district": "jaipur", "addr:housenumber": "228-B", "addr:postcode": "302012", "addr:street": "Niwaru Road", "amenity": "hospital", "emergency": "yes", "healthcare": "hospital", "healthcare:speciality": "emergency;gastroenterology;hospice_care;nursing_services;physical_therapy", "name": "JS Memorial Hospital & Research Center", "osm_id": 11968824969, "osm_type": "node"}, "geometry": {"type": "Point", "coordinates": [75.7415034, 26.9571952]}}, {"type": "Feature", "properties": {"addr:city": "Jaipur, Rajasthan", "addr:district": "Jaipur", "addr:housenumber": "A235", "addr:postcode": "302021", "addr:street": "Guru Jhambeshwar Nagar A, Queens Road, opposite Narayan Gajak, Gandhi Path W, Vaishali Nagar,", "amenity": "hospital", "description": "Physio Healer is a leading physiotherapy clinic in Jaipur dedicated to providing personalized care and effective treatment solutions. Our experienced team of physiotherapists specializes in pain relief, injury rehabilitation, and improving mobility.", "email": "physiohealer26@gmail.com", "healthcare": "hospital", "healthcare:speciality": "physiotherapy;osteopathy", "mobile": "+917610993879", "name": "Physio Healer", "operator": "Physio Healer", "operator:type": "private", "website": "https://www.physiohealer.com/", "osm_id": 12133985361, "osm_type": "node"}, "geometry": {"type": "Point", "coordinates": [75.7481873, 26.9054769]}}, {"type": "Feature", "properties": {"amenity": "hospital", "name": "Maxwell", "osm_id": 12361795401, "osm_type": "node"}, "geometry": {"type": "Point", "coordinates": [75.7948812, 26.9344284]}}, {"type": "Feature", "properties": {"amenity": "hospital", "healthcare": "hospital", "name": "KIUOLA", "osm_id": 12595806176, "osm_type": "node"}, "geometry": {"type": "Point", "coordinates": [75.7860979, 26.9419515]}}, {"type": "Feature", "properties": {"amenity": "hospital", "healthcare": "hospital", "name": "Maxwell Hospital", "osm_id": 12595819569, "osm_type": "node"}, "geometry": {"type": "Point", "coordinates": [75.7856852, 26.9465456]}}, {"type": "Feature", "properties": {"amenity": "hospital", "healthcare": "hospital", "name": "HOspital Kavatai", "osm_id": 12595878945, "osm_type": "node"}, "geometry": {"type": "Point", "coordinates": [75.7847819, 26.9343312]}}, {"type": "Feature", "properties": {"amenity": "hospital", "healthcare": "hospital", "name": "S K Multispeciality Hospital", "osm_id": 12669158100, "osm_type": "node"}, "geometry": {"type": "Point", "coordinates": [75.7464221, 26.9542174]}}, {"type": "Feature", "properties": {"amenity": "hospital", "healthcare": "hospital", "mobile": "+9194604 63463", "name": "AARVI Hospital", "osm_id": 12669173970, "osm_type": "node"}, "geometry": {"type": "Point", "coordinates": [75.7417803, 26.9579177]}}, {"type": "Feature", "properties": {"amenity": "hospital", "healthcare": "hospital", "name": "Archana Hospital", "osm_id": 12669219552, "osm_type": "node"}, "geometry": {"type": "Point", "coordinates": [75.7360517, 26.9579721]}}, {"type": "Feature", "properties": {"amenity": "hospital", "healthcare": "hospital", "name": "Jyoti Hospital", "osm_id": 12669219553, "osm_type": "node"}, "geometry": {"type": "Point", "coordinates": [75.7375592, 26.9578577]}}, {"type": "Feature", "properties": {"amenity": "hospital", "healthcare": "hospital", "mobile": "+9175992 43152", "name": "N.K Fracture And General Hospital", "osm_id": 12669219554, "osm_type": "node"}, "geometry": {"type": "Point", "coordinates": [75.7411628, 26.9562427]}}, {"type": "Feature", "properties": {"amenity": "hospital", "healthcare": "hospital", "name": "Apollo Pharmacy Sector 9 Pratap Nagar", "operator": "Apollo Hospitals Group.", "operator:type": "business", "osm_id": 13131397298, "osm_type": "node"}, "geometry": {"type": "Point", "coordinates": [75.8289992, 26.803982]}}, {"type": "Feature", "properties": {"addr:district": "Jaipur", "addr:full": "Lal Kothi Near Sms Stadium", "addr:postcode": "302015", "addr:state": "Rajasthan", "amenity": "hospital", "building": "yes", "healthcare": "hospital", "name": "Jaipur Hospital", "source": "OpenGovernmentData", "osm_id": 230826821, "osm_type": "way"}, "geometry": {"type": "Polygon", "coordinates": [[[75.8046125, 26.8923514], [75.8042421, 26.8926002], [75.8043576, 26.8927369], [75.8044623, 26.8926666], [75.8047319, 26.8926763], [75.8048308, 26.8926099], [75.8046125, 26.8923514]]]}}, {"type": "Feature", "properties": {"addr:city": "Jaipur", "addr:full": "5, Achrol House, Near Pulia, Civil Lines", "addr:housename": "5 Achrol House", "addr:postcode": "302006", "addr:state": "Rajasthan", "addr:street": "Civil Linea", "amenity": "hospital", "building": "yes", "healthcare": "hospital", "healthcare:speciality": "ophthalmology", "name": "Sant Ram Memorial Tandon Eye Centre", "source": "OpenGovernmentData", "osm_id": 263767627, "osm_type": "way"}, "geometry": {"type": "Polygon", "coordinates": [[[75.7900368, 26.9128173], [75.7900382, 26.9126858], [75.7901723, 26.912687], [75.7901709, 26.9128185], [75.7900368, 26.9128173]]]}}, {"type": "Feature", "properties": {"addr:district": "Jaipur", "addr:full": "Galgay Road, Near Saint Anslem School, Malviya Nagar", "addr:postcode": "302017", "addr:state": "Rajasthan", "amenity": "hospital", "building": "yes", "healthcare": "hospital", "name": "Rungta Hospital", "osm_id": 361547880, "osm_type": "way"}, "geometry": {"type": "Polygon", "coordinates": [[[75.8151653, 26.8579935], [75.8152686, 26.8579672], [75.8152768, 26.8579927], [75.8153357, 26.8579777], [75.8151986, 26.8575489], [75.8150363, 26.8575902], [75.8151653, 26.8579935]]]}}, {"type": "Feature", "properties": {"addr:city": "Jaipur", "addr:country": "IN", "addr:district": "Jaipur", "addr:full": "Jawaharlal Nehru Marg, Malviya Nagar", "addr:postcode": "302017", "addr:state": "Rajasthan", "addr:street": "JLN Road", "amenity": "hospital", "healthcare": "hospital", "name": "Fortis Escorts Hospital", "source": "OpenGovernmentData", "website": "https://fortishealthcare.com", "osm_id": 370170822, "osm_type": "way"}, "geometry": {"type": "Polygon", "coordinates": [[[75.802663, 26.8457658], [75.8031835, 26.8474391], [75.8036543, 26.8469798], [75.8045902, 26.8462695], [75.8044957, 26.8453227], [75.802663, 26.8457658]]]}}, {"type": "Feature", "properties": {"addr:district": "Jaipur", "addr:full": "Shastri Nagar", "addr:postcode": "302016", "addr:state": "Rajasthan", "amenity": "hospital", "emergency": "yes", "name": "Haribaksha Kanwatia Govt Hospital", "operator:type": "government", "source": "OpenGovernmentData", "osm_id": 375890414, "osm_type": "way"}, "geometry": {"type": "Polygon", "coordinates": [[[75.7978277, 26.9445013], [75.7985147, 26.9447843], [75.7982491, 26.9453041], [75.7980211, 26.945389], [75.7978999, 26.9454636], [75.7974438, 26.9452681], [75.7978277, 26.9445013]]]}}, {"type": "Feature", "properties": {"addr:district": "Jaipur", "addr:full": "33, Kanwatia Circle, Shastri Nagar", "addr:postcode": "302016", "addr:state": "Rajasthan", "amenity": "hospital", "emergency": "yes", "name": "Imperial Hospital", "source": "OpenGovernmentData", "osm_id": 375890415, "osm_type": "way"}, "geometry": {"type": "Polygon", "coordinates": [[[75.7969012, 26.9441333], [75.7966125, 26.9447097], [75.7966443, 26.9448409], [75.7967251, 26.9449464], [75.7974438, 26.9452681], [75.7978277, 26.9445013], [75.7969012, 26.9441333]]]}}, {"type": "Feature", "properties": {"amenity": "hospital", "healthcare": "hospital", "name": "Murlipura Govt Hospital", "operator:type": "government", "osm_id": 412807470, "osm_type": "way"}, "geometry": {"type": "Polygon", "coordinates": [[[75.7608253, 26.9744868], [75.7612893, 26.9744749], [75.7613215, 26.9740996], [75.7608279, 26.9740709], [75.7608253, 26.9744868]]]}}, {"type": "Feature", "properties": {"addr:city": "Jaipur", "addr:housenumber": "7/319", "addr:postcode": "302017", "addr:street": "Behind Fortis Hospital, Near Jawahar Circle, Jawahar Lal Nehru Marg, Malviya Nagar", "amenity": "hospital", "emergency": "yes", "healthcare": "hospital", "healthcare:speciality": "oncology;cancer_specialist", "name": "Candrol Cancer Treatment and Research Center", "operator": "Dr. Rishi Sharma", "osm_id": 623783424, "osm_type": "way"}, "geometry": {"type": "Polygon", "coordinates": [[[75.8071354, 26.843131], [75.8071416, 26.8430063], [75.8072155, 26.8430154], [75.8072752, 26.8430181], [75.8072389, 26.8431476], [75.8071859, 26.8431389], [75.8071354, 26.843131]]]}}, {"type": "Feature", "properties": {"addr:city": "Jaipur", "addr:housenumber": "C-1-27, Opp. Bharat Apartment", "addr:postcode": "302021", "addr:street": "Gandhi Path,Chitrakoot, Vaishali Nagar", "amenity": "hospital", "email": "info@globleheartjpr.org", "emergency": "yes", "healthcare": "hospital", "name": "Global Heart and General Hospital", "name:en": "Global Hospital", "phone": "+91141-2440629, +91141-4006290", "website": "https://globalheartjpr.org/", "wheelchair": "yes", "osm_id": 666614410, "osm_type": "way"}, "geometry": {"type": "Polygon", "coordinates": [[[75.7385088, 26.9056911], [75.7389017, 26.9056943], [75.7389018, 26.905677], [75.7389028, 26.9055868], [75.7389037, 26.9054939], [75.7387526, 26.9054926], [75.7386598, 26.9054919], [75.7385109, 26.9054906], [75.7385088, 26.9056911]]]}}, {"type": "Feature", "properties": {"amenity": "hospital", "healthcare": "hospital", "name": "ETERNAL MULTISPECIALITY HOSPITAL", "osm_id": 677227866, "osm_type": "way"}, "geometry": {"type": "Polygon", "coordinates": [[[75.805602, 26.8407147], [75.8059722, 26.840753], [75.8061277, 26.8392548], [75.8055645, 26.8391687], [75.805602, 26.8407147]]]}}, {"type": "Feature", "properties": {"addr:district": "Jaipur", "addr:full": "C-256, Hans Marg, Malviya Nagar", "addr:postcode": "302017", "addr:state": "Rajasthan", "amenity": "hospital", "building": "yes", "name": "Kanodia Hospital", "source": "OpenGovernmentData", "osm_id": 751780817, "osm_type": "way"}, "geometry": {"type": "Polygon", "coordinates": [[[75.8113074, 26.8574291], [75.811413, 26.8577086], [75.8115758, 26.8576597], [75.8114702, 26.8573801], [75.8113074, 26.8574291]]]}}, {"type": "Feature", "properties": {"amenity": "hospital", "emergency": "no", "healthcare": "hospital", "healthcare:speciality": "vaccination;infectious_diseases", "name": "Gandhi Nagar Communityb Health Center", "operator": "Government Of Rajasthan", "operator:type": "government", "osm_id": 779513179, "osm_type": "way"}, "geometry": {"type": "Polygon", "coordinates": [[[75.8036866, 26.8823729], [75.803816, 26.8823534], [75.8038076, 26.8823091], [75.803833, 26.8823052], [75.8037651, 26.8819473], [75.8036982, 26.8819574], [75.8037007, 26.8819705], [75.8036127, 26.8819838], [75.8036866, 26.8823729]]]}}, {"type": "Feature", "properties": {"amenity": "hospital", "healthcare": "hospital", "osm_id": 865638248, "osm_type": "way"}, "geometry": {"type": "Polygon", "coordinates": [[[75.8151862, 26.8580092], [75.8158699, 26.8578896], [75.8163867, 26.8578286], [75.8161816, 26.8571114], [75.814998, 26.8574217], [75.8151862, 26.8580092]]]}}, {"type": "Feature", "properties": {"amenity": "hospital", "healthcare": "hospital", "osm_id": 866544663, "osm_type": "way"}, "geometry": {"type": "Polygon", "coordinates": [[[75.782192, 26.9288437], [75.7824999, 26.9300943], [75.7830863, 26.9299739], [75.783219, 26.929953], [75.7845977, 26.9297327], [75.7846506, 26.9284177], [75.7847032, 26.9273997], [75.7842544, 26.9273971], [75.7842674, 26.9272463], [75.7834401, 26.927244], [75.7833907, 26.9285081], [75.7826206, 26.9286704], [75.782192, 26.9288437]]]}}, {"type": "Feature", "properties": {"amenity": "hospital", "healthcare": "hospital", "name": "PATALIYA HOSPITAL", "osm_id": 962489671, "osm_type": "way"}, "geometry": {"type": "Polygon", "coordinates": [[[75.8351443, 26.8344611], [75.8352572, 26.8344421], [75.835213, 26.8342787], [75.8351083, 26.8342933], [75.8351443, 26.8344611]]]}}, {"type": "Feature", "properties": {"amenity": "hospital", "healthcare": "hospital", "name": "PATALIYA RESERCH CENTER", "osm_id": 962490285, "osm_type": "way"}, "geometry": {"type": "Polygon", "coordinates": [[[75.8352724, 26.8347397], [75.8354119, 26.8347455], [75.8353819, 26.8346306], [75.8352574, 26.834644], [75.8352724, 26.8347397]]]}}, {"type": "Feature", "properties": {"amenity": "hospital", "healthcare": "hospital", "name": "Narayana Multispeciality Hospital Blood bank", "osm_id": 1153421452, "osm_type": "way"}, "geometry": {"type": "Polygon", "coordinates": [[[75.8235351, 26.7951603], [75.823506, 26.7949373], [75.8235815, 26.7945613], [75.8235961, 26.7945069], [75.8257021, 26.7945457], [75.8258822, 26.7945872], [75.825888, 26.7946676], [75.8258328, 26.7953755], [75.8243281, 26.795251], [75.8235351, 26.7951603]]]}}, {"type": "Feature", "properties": {"amenity": "hospital", "healthcare": "hospital", "osm_id": 1153427332, "osm_type": "way"}, "geometry": {"type": "Polygon", "coordinates": [[[75.785563, 26.917062], [75.7860724, 26.9171719], [75.786931, 26.9173038], [75.7871857, 26.9168276], [75.7873172, 26.9162964], [75.7859492, 26.9160217], [75.785563, 26.917062]]]}}, {"type": "Feature", "properties": {"amenity": "hospital", "healthcare": "hospital", "osm_id": 1153428113, "osm_type": "way"}, "geometry": {"type": "Polygon", "coordinates": [[[75.8387788, 26.9038103], [75.8395041, 26.9032266], [75.8381059, 26.9020521], [75.8374973, 26.9025834], [75.8387788, 26.9038103]]]}}, {"type": "Feature", "properties": {"amenity": "hospital", "healthcare": "hospital", "osm_id": 1153428550, "osm_type": "way"}, "geometry": {"type": "Polygon", "coordinates": [[[75.7803807, 26.9623662], [75.7802108, 26.9620554], [75.7809582, 26.9617016], [75.7811514, 26.9620235], [75.7803807, 26.9623662]]]}}, {"type": "Feature", "properties": {"amenity": "hospital", "healthcare": "hospital", "name": "RUHS University", "osm_id": 1428340919, "osm_type": "way"}, "geometry": {"type": "Polygon", "coordinates": [[[75.8285629, 26.8021303], [75.8297166, 26.8026752], [75.830332, 26.8017214], [75.8291851, 26.8011555], [75.8285629, 26.8021303]]]}}]}