dataset_name,dataset_title,opencity_url,organization,groups,tags,metadata_modified,axis_labels,shortlist,resource_id,resource_name,resource_format,resource_url,resource_size_bytes,resource_last_modified,resource_mimetype,download_status,local_path,sha256,notes
delhi-accident-prone-areas,Delhi - Accident Prone Areas,https://data.opencity.in/dataset/delhi-accident-prone-areas,government-of-delhi,delhi,Governance,2025-11-27T12:39:09.780519,decides;function,1,cb358a2d-4a6c-4acc-89bc-569435b3f73d,Delhi - Accident Prone Areas Map,PDF,https://data.opencity.in/dataset/6e1998e4-89cc-4041-9d39-878b5bc0ef65/resource/cb358a2d-4a6c-4acc-89bc-569435b3f73d/download/1673a3af-4957-4ba8-9a2e-541c4c6981e3.pdf,174025,2025-11-25T13:41:00.632416,application/pdf,not_downloaded,,,OpenCity catalogue inventory row; resource not promoted into city source tree yet.
delhi-accident-prone-areas,Delhi - Accident Prone Areas,https://data.opencity.in/dataset/delhi-accident-prone-areas,government-of-delhi,delhi,Governance,2025-11-27T12:39:09.780519,decides;function,1,aeec44bf-c2bb-44e1-ba63-f6c2e0b29f67,Delhi - Accident Prone Zones List,PDF,https://data.opencity.in/dataset/6e1998e4-89cc-4041-9d39-878b5bc0ef65/resource/aeec44bf-c2bb-44e1-ba63-f6c2e0b29f67/download/0acafda8-6037-440e-ab1d-23db42c5a113.pdf,44841,2025-11-25T13:41:00.979279,application/pdf,not_downloaded,,,OpenCity catalogue inventory row; resource not promoted into city source tree yet.
delhi-accident-prone-areas,Delhi - Accident Prone Areas,https://data.opencity.in/dataset/delhi-accident-prone-areas,government-of-delhi,delhi,Governance,2025-11-27T12:39:09.780519,decides;function,1,f7d0f9f1-fb9a-43a6-9a32-1033955cabfa,Delhi Number of Accidents from 2008-2021,CSV,https://data.opencity.in/dataset/6e1998e4-89cc-4041-9d39-878b5bc0ef65/resource/f7d0f9f1-fb9a-43a6-9a32-1033955cabfa/download/d3b5df7e-b964-4d65-97c3-df4c07a03fd7.csv,587,2025-11-25T13:41:01.339165,text/csv,not_downloaded,,,OpenCity catalogue inventory row; resource not promoted into city source tree yet.
delhi-annual-births-and-deaths-data,Delhi - Annual Births and Deaths data,https://data.opencity.in/dataset/delhi-annual-births-and-deaths-data,government-of-delhi,delhi,Health,2026-01-30T04:37:57.467198,function,1,960dee6c-a598-4a0a-bb85-0fd79a0a80c3,Delhi - Annual Births and Deaths 2017-2024,CSV,https://data.opencity.in/dataset/81a1888e-61ad-4492-a7da-0382b798caa4/resource/960dee6c-a598-4a0a-bb85-0fd79a0a80c3/download/0ff67794-17d0-4c5b-b9f3-9b3ba71204a3.csv,344,2026-01-23T04:42:46.152135,text/csv,not_downloaded,,,OpenCity catalogue inventory row; resource not promoted into city source tree yet.
delhi-vehicle-registrations-data,Delhi - Vehicle Registrations Data,https://data.opencity.in/dataset/delhi-vehicle-registrations-data,government-of-delhi,delhi,Mobility,2026-01-23T04:49:52.351420,function,1,d8490330-a57c-4f3e-89d2-b968c9b833e9,Total Vehicles Registered in Delhi- Year-wise 2013-2017,CSV,https://data.opencity.in/dataset/12106167-8fbb-44d5-9466-ede5517c3d15/resource/d8490330-a57c-4f3e-89d2-b968c9b833e9/download/65ec564b-7474-4a94-9a77-63aa951f518e.csv,976,2025-11-25T13:52:45.957563,text/csv,not_downloaded,,,OpenCity catalogue inventory row; resource not promoted into city source tree yet.
delhi-vehicle-registrations-data,Delhi - Vehicle Registrations Data,https://data.opencity.in/dataset/delhi-vehicle-registrations-data,government-of-delhi,delhi,Mobility,2026-01-23T04:49:52.351420,function,1,55a9623d-c464-4843-9cf9-9a51adfb1d76,Delhi Vehicles Registered Per Year from 2008 - 2021,CSV,https://data.opencity.in/dataset/12106167-8fbb-44d5-9466-ede5517c3d15/resource/55a9623d-c464-4843-9cf9-9a51adfb1d76/download/e3db06e7-d1ce-44d2-998c-2d537b9fc4c6.csv,259,2025-11-25T13:52:46.331336,text/csv,not_downloaded,,,OpenCity catalogue inventory row; resource not promoted into city source tree yet.
delhi-vehicle-registrations-data,Delhi - Vehicle Registrations Data,https://data.opencity.in/dataset/delhi-vehicle-registrations-data,government-of-delhi,delhi,Mobility,2026-01-23T04:49:52.351420,function,1,2408b714-3d7d-4764-baf2-b71f2d76da5f,Delhi Total Number of Vehicles from 2006 to 2022,CSV,https://data.opencity.in/dataset/12106167-8fbb-44d5-9466-ede5517c3d15/resource/2408b714-3d7d-4764-baf2-b71f2d76da5f/download/c9c2925f-4442-48ee-bacf-543d69931493.csv,2281,2025-11-25T13:52:46.728417,text/csv,not_downloaded,,,OpenCity catalogue inventory row; resource not promoted into city source tree yet.
delhi-vehicle-registrations-data,Delhi - Vehicle Registrations Data,https://data.opencity.in/dataset/delhi-vehicle-registrations-data,government-of-delhi,delhi,Mobility,2026-01-23T04:49:52.351420,function,1,d7af951d-bdab-46f3-a234-db6fec96ba68,Delhi Total Number of Vehicles 2015-16 to 2024-25,CSV,https://data.opencity.in/dataset/12106167-8fbb-44d5-9466-ede5517c3d15/resource/d7af951d-bdab-46f3-a234-db6fec96ba68/download/d7af951d-bdab-46f3-a234-db6fec96ba68.csv,1109,2026-01-23T04:49:49.636932,text/csv,not_downloaded,,,OpenCity catalogue inventory row; resource not promoted into city source tree yet.
delhi-assembly-election-2020-manifestos,Delhi Assembly Election 2020 Manifestos,https://data.opencity.in/dataset/delhi-assembly-election-2020-manifestos,delhi-state-election-commission,delhi,Governance,2025-11-27T12:39:38.328929,decides,1,043c6492-3c4d-4a5b-863c-6fee41ad8e69,Delhi Assembly Elections 2020 - AAM AADMI Party (AAP) Manifesto,PDF,https://data.opencity.in/dataset/d85097e0-39eb-41ca-af7d-2ead794d16a6/resource/043c6492-3c4d-4a5b-863c-6fee41ad8e69/download/c3138e80-2650-4dbf-b31c-8dafffa60de0.pdf,,2025-11-25T13:41:25.307484,application/pdf,not_downloaded,,,OpenCity catalogue inventory row; resource not promoted into city source tree yet.
delhi-assembly-election-2020-manifestos,Delhi Assembly Election 2020 Manifestos,https://data.opencity.in/dataset/delhi-assembly-election-2020-manifestos,delhi-state-election-commission,delhi,Governance,2025-11-27T12:39:38.328929,decides,1,4caee86f-cd68-4bb6-9093-be70576a86ef,Delhi Assembly Elections 2020 - Bharatiya Janata Party (BJP) Manifesto,PDF,https://data.opencity.in/dataset/d85097e0-39eb-41ca-af7d-2ead794d16a6/resource/4caee86f-cd68-4bb6-9093-be70576a86ef/download/2f4b19da-54eb-45c1-b100-d5f7e2adb823.pdf,,2025-11-25T13:41:25.753416,application/pdf,not_downloaded,,,OpenCity catalogue inventory row; resource not promoted into city source tree yet.
delhi-assembly-election-2020-manifestos,Delhi Assembly Election 2020 Manifestos,https://data.opencity.in/dataset/delhi-assembly-election-2020-manifestos,delhi-state-election-commission,delhi,Governance,2025-11-27T12:39:38.328929,decides,1,2223e3b9-d906-4e72-8fe1-abca9bce9ef9,Delhi Assembly Elections 2020 - Indian National Congress (INC) Manifesto,PDF,https://data.opencity.in/dataset/d85097e0-39eb-41ca-af7d-2ead794d16a6/resource/2223e3b9-d906-4e72-8fe1-abca9bce9ef9/download/37389d70-467d-47f2-98a5-02ad75c62b6b.pdf,,2025-11-25T13:41:26.344938,application/pdf,not_downloaded,,,OpenCity catalogue inventory row; resource not promoted into city source tree yet.
delhi-assembly-elections-2015,Delhi Assembly Elections 2015,https://data.opencity.in/dataset/delhi-assembly-elections-2015,delhi-state-election-commission,delhi,Governance,2025-11-27T12:38:55.946892,decides,1,e429c47a-6156-45b4-8aa6-ad35678f629b,Delhi Assembly Election Results 2015,CSV,https://data.opencity.in/dataset/3b46bc81-cc79-429f-9e79-4108cf2be848/resource/e429c47a-6156-45b4-8aa6-ad35678f629b/download/dd5c38a9-9bd5-4f40-b45f-4a2d113e7ee2.csv,202269,2025-11-25T13:41:38.193116,text/csv,not_downloaded,,,OpenCity catalogue inventory row; resource not promoted into city source tree yet.
delhi-assembly-elections-2020,Delhi Assembly Elections 2020,https://data.opencity.in/dataset/delhi-assembly-elections-2020,delhi-state-election-commission,delhi,Governance,2025-11-27T12:38:56.204261,decides,1,133214ca-f39f-4061-8e15-47b343bb42be,Delhi Assembly Election Results 2020,CSV,https://data.opencity.in/dataset/f056591b-ea8f-4607-92c9-2a93f5b3a767/resource/133214ca-f39f-4061-8e15-47b343bb42be/download/e3f152c4-455f-4915-bcfb-c439a95bae25.csv,201362,2025-11-25T13:41:49.987009,text/csv,not_downloaded,,,OpenCity catalogue inventory row; resource not promoted into city source tree yet.
delhi-assembly-elections-2025-candidates-list,Delhi Assembly Elections 2025 - Candidates List,https://data.opencity.in/dataset/delhi-assembly-elections-2025-candidates-list,delhi-state-election-commission,delhi,Governance,2025-11-27T12:38:31.607399,decides,1,9baa3b35-9845-48b2-9e60-5b507cf6ee13,Candidates List for Delhi Elections 2025,CSV,https://data.opencity.in/dataset/8572ea3c-d6a6-4686-92b8-b340ff36025f/resource/9baa3b35-9845-48b2-9e60-5b507cf6ee13/download/69c5e9cc-18c3-4e5a-a42c-07fe11a686eb.csv,114335,2025-11-25T13:42:01.980558,text/csv,not_downloaded,,,OpenCity catalogue inventory row; resource not promoted into city source tree yet.
delhi-assembly-elections-2025-form-20s,Delhi Assembly Elections 2025 - Form 20s,https://data.opencity.in/dataset/delhi-assembly-elections-2025-form-20s,delhi-state-election-commission,delhi,,2025-11-25T13:43:24.873782,decides,1,705870fc-b7b9-471c-b1a7-828eebb89ef8,1 - Nerela Constituency Form 20,PDF,https://data.opencity.in/dataset/7c993cca-f202-4bc4-8c99-a493b1083089/resource/705870fc-b7b9-471c-b1a7-828eebb89ef8/download/b7b1daf4-c3c0-4087-b90e-5b502609544c.pdf,6804589,2025-11-25T13:42:26.191874,application/pdf,not_downloaded,,,OpenCity catalogue inventory row; resource not promoted into city source tree yet.
delhi-assembly-elections-2025-form-20s,Delhi Assembly Elections 2025 - Form 20s,https://data.opencity.in/dataset/delhi-assembly-elections-2025-form-20s,delhi-state-election-commission,delhi,,2025-11-25T13:43:24.873782,decides,1,a15ccb38-bce2-4ad1-a4b8-7cafe551f703,10 - Sultanpur Majra Constituency Form 20,PDF,https://data.opencity.in/dataset/7c993cca-f202-4bc4-8c99-a493b1083089/resource/a15ccb38-bce2-4ad1-a4b8-7cafe551f703/download/c5e4c094-d9f4-4f74-9f8a-440895afade0.pdf,3203090,2025-11-25T13:42:26.500594,application/pdf,not_downloaded,,,OpenCity catalogue inventory row; resource not promoted into city source tree yet.
delhi-assembly-elections-2025-form-20s,Delhi Assembly Elections 2025 - Form 20s,https://data.opencity.in/dataset/delhi-assembly-elections-2025-form-20s,delhi-state-election-commission,delhi,,2025-11-25T13:43:24.873782,decides,1,9806a47f-5144-4277-b704-c031054bb23d,11 - Nangloi Jat Constituency Form 20,PDF,https://data.opencity.in/dataset/7c993cca-f202-4bc4-8c99-a493b1083089/resource/9806a47f-5144-4277-b704-c031054bb23d/download/2f81cebd-9382-4988-af08-e1c78aa72689.pdf,5368064,2025-11-25T13:42:27.038599,application/pdf,not_downloaded,,,OpenCity catalogue inventory row; resource not promoted into city source tree yet.
delhi-assembly-elections-2025-form-20s,Delhi Assembly Elections 2025 - Form 20s,https://data.opencity.in/dataset/delhi-assembly-elections-2025-form-20s,delhi-state-election-commission,delhi,,2025-11-25T13:43:24.873782,decides,1,8fc1dfe2-ad85-4be5-bd1e-0a96b891f0c3,12 - Mangol Puri Constituency Form 20,PDF,https://data.opencity.in/dataset/7c993cca-f202-4bc4-8c99-a493b1083089/resource/8fc1dfe2-ad85-4be5-bd1e-0a96b891f0c3/download/8f07c716-3b4e-4bd5-bc58-b4f8168b40ea.pdf,4481424,2025-11-25T13:42:27.410769,application/pdf,not_downloaded,,,OpenCity catalogue inventory row; resource not promoted into city source tree yet.
delhi-assembly-elections-2025-form-20s,Delhi Assembly Elections 2025 - Form 20s,https://data.opencity.in/dataset/delhi-assembly-elections-2025-form-20s,delhi-state-election-commission,delhi,,2025-11-25T13:43:24.873782,decides,1,5615ca4f-bb96-4dae-973c-1e29ead81581,13 - Rohini Constituency Form 20,PDF,https://data.opencity.in/dataset/7c993cca-f202-4bc4-8c99-a493b1083089/resource/5615ca4f-bb96-4dae-973c-1e29ead81581/download/d74c3432-b5f5-42c6-877e-45a999df0a32.pdf,4290945,2025-11-25T13:42:27.799332,application/pdf,not_downloaded,,,OpenCity catalogue inventory row; resource not promoted into city source tree yet.
delhi-assembly-elections-2025-form-20s,Delhi Assembly Elections 2025 - Form 20s,https://data.opencity.in/dataset/delhi-assembly-elections-2025-form-20s,delhi-state-election-commission,delhi,,2025-11-25T13:43:24.873782,decides,1,598eb259-170f-4f0f-9997-ea2e119814ea,14 - Shalimar Bagh Constituency Form 20,PDF,https://data.opencity.in/dataset/7c993cca-f202-4bc4-8c99-a493b1083089/resource/598eb259-170f-4f0f-9997-ea2e119814ea/download/79789d01-4fb9-4d12-b151-fffcf15df81b.pdf,3594625,2025-11-25T13:42:28.188677,application/pdf,not_downloaded,,,OpenCity catalogue inventory row; resource not promoted into city source tree yet.
delhi-assembly-elections-2025-form-20s,Delhi Assembly Elections 2025 - Form 20s,https://data.opencity.in/dataset/delhi-assembly-elections-2025-form-20s,delhi-state-election-commission,delhi,,2025-11-25T13:43:24.873782,decides,1,6245c3ca-833a-48a8-ba9f-a2bcbd27b0b7,16 - Tri Nagar Constituency Form 20,PDF,https://data.opencity.in/dataset/7c993cca-f202-4bc4-8c99-a493b1083089/resource/6245c3ca-833a-48a8-ba9f-a2bcbd27b0b7/download/f7696f4d-14c7-4c0e-8d45-a96a5f1c8575.pdf,3431634,2025-11-25T13:42:28.713816,application/pdf,not_downloaded,,,OpenCity catalogue inventory row; resource not promoted into city source tree yet.
delhi-assembly-elections-2025-form-20s,Delhi Assembly Elections 2025 - Form 20s,https://data.opencity.in/dataset/delhi-assembly-elections-2025-form-20s,delhi-state-election-commission,delhi,,2025-11-25T13:43:24.873782,decides,1,120e3d6d-24cb-4ae3-911d-8c7df24b4335,17 - Wazirpur Constituency Form 20,PDF,https://data.opencity.in/dataset/7c993cca-f202-4bc4-8c99-a493b1083089/resource/120e3d6d-24cb-4ae3-911d-8c7df24b4335/download/5c33281d-147a-448d-ae8f-484a48832e31.pdf,3466529,2025-11-25T13:42:29.051900,application/pdf,not_downloaded,,,OpenCity catalogue inventory row; resource not promoted into city source tree yet.
delhi-assembly-elections-2025-form-20s,Delhi Assembly Elections 2025 - Form 20s,https://data.opencity.in/dataset/delhi-assembly-elections-2025-form-20s,delhi-state-election-commission,delhi,,2025-11-25T13:43:24.873782,decides,1,e5c16a4c-54d3-4d1f-a913-621f1537ee24,18 - Model Town Constituency Form 20,PDF,https://data.opencity.in/dataset/7c993cca-f202-4bc4-8c99-a493b1083089/resource/e5c16a4c-54d3-4d1f-a913-621f1537ee24/download/f7460fbb-6c13-4297-aa6d-42d8e84a39d1.pdf,3892754,2025-11-25T13:42:29.448144,application/pdf,not_downloaded,,,OpenCity catalogue inventory row; resource not promoted into city source tree yet.
delhi-assembly-elections-2025-form-20s,Delhi Assembly Elections 2025 - Form 20s,https://data.opencity.in/dataset/delhi-assembly-elections-2025-form-20s,delhi-state-election-commission,delhi,,2025-11-25T13:43:24.873782,decides,1,2f1940a4-6e00-440e-a29a-f2fcce67cc8c,19 - Sadar Bazar Constituency Form 20,PDF,https://data.opencity.in/dataset/7c993cca-f202-4bc4-8c99-a493b1083089/resource/2f1940a4-6e00-440e-a29a-f2fcce67cc8c/download/06fe8cd7-7081-443f-831b-91456be43695.pdf,5271105,2025-11-25T13:42:29.910349,application/pdf,not_downloaded,,,OpenCity catalogue inventory row; resource not promoted into city source tree yet.
delhi-assembly-elections-2025-form-20s,Delhi Assembly Elections 2025 - Form 20s,https://data.opencity.in/dataset/delhi-assembly-elections-2025-form-20s,delhi-state-election-commission,delhi,,2025-11-25T13:43:24.873782,decides,1,b1f07b70-bde1-4a92-ac21-0dd894386cd5,20 - Chandni Chowk Constituency Form 20,PDF,https://data.opencity.in/dataset/7c993cca-f202-4bc4-8c99-a493b1083089/resource/b1f07b70-bde1-4a92-ac21-0dd894386cd5/download/5be4e467-8562-40ee-b484-d8a72ffbecb0.pdf,3014275,2025-11-25T13:42:30.737661,application/pdf,not_downloaded,,,OpenCity catalogue inventory row; resource not promoted into city source tree yet.
delhi-assembly-elections-2025-form-20s,Delhi Assembly Elections 2025 - Form 20s,https://data.opencity.in/dataset/delhi-assembly-elections-2025-form-20s,delhi-state-election-commission,delhi,,2025-11-25T13:43:24.873782,decides,1,b75ad990-e73c-466d-8881-dd47eba2d086,21 - Matia Mahal Constituency Form 20,PDF,https://data.opencity.in/dataset/7c993cca-f202-4bc4-8c99-a493b1083089/resource/b75ad990-e73c-466d-8881-dd47eba2d086/download/7396d06b-fdfe-4de2-92fe-4c66d6ea42d5.pdf,3977283,2025-11-25T13:42:31.199867,application/pdf,not_downloaded,,,OpenCity catalogue inventory row; resource not promoted into city source tree yet.
delhi-assembly-elections-2025-form-20s,Delhi Assembly Elections 2025 - Form 20s,https://data.opencity.in/dataset/delhi-assembly-elections-2025-form-20s,delhi-state-election-commission,delhi,,2025-11-25T13:43:24.873782,decides,1,f7a04ac6-2d21-4e15-a249-22305522d966,22 - Ballimaran Constituency Form 20,PDF,https://data.opencity.in/dataset/7c993cca-f202-4bc4-8c99-a493b1083089/resource/f7a04ac6-2d21-4e15-a249-22305522d966/download/4b2b1e14-a221-4f2f-af1e-602dbaee2a70.pdf,3732451,2025-11-25T13:42:31.663775,application/pdf,not_downloaded,,,OpenCity catalogue inventory row; resource not promoted into city source tree yet.
delhi-assembly-elections-2025-form-20s,Delhi Assembly Elections 2025 - Form 20s,https://data.opencity.in/dataset/delhi-assembly-elections-2025-form-20s,delhi-state-election-commission,delhi,,2025-11-25T13:43:24.873782,decides,1,8e0f0522-da2f-4610-b5f1-8ccadfe4cc8e,23 - Karol Bagh Constituency Form 20,PDF,https://data.opencity.in/dataset/7c993cca-f202-4bc4-8c99-a493b1083089/resource/8e0f0522-da2f-4610-b5f1-8ccadfe4cc8e/download/65803a11-6fdd-4ea4-a895-b57c69fdb89c.pdf,8648982,2025-11-25T13:42:32.159517,application/pdf,not_downloaded,,,OpenCity catalogue inventory row; resource not promoted into city source tree yet.
delhi-assembly-elections-2025-form-20s,Delhi Assembly Elections 2025 - Form 20s,https://data.opencity.in/dataset/delhi-assembly-elections-2025-form-20s,delhi-state-election-commission,delhi,,2025-11-25T13:43:24.873782,decides,1,8c17df4f-9fdb-48f3-9636-92a9b895c19d,24 - Patel Nagar Constituency Form 20,PDF,https://data.opencity.in/dataset/7c993cca-f202-4bc4-8c99-a493b1083089/resource/8c17df4f-9fdb-48f3-9636-92a9b895c19d/download/80c2d1d0-b82c-4abe-95c8-9a9f6ec38eff.pdf,4111506,2025-11-25T13:42:32.654537,application/pdf,not_downloaded,,,OpenCity catalogue inventory row; resource not promoted into city source tree yet.
delhi-assembly-elections-2025-form-20s,Delhi Assembly Elections 2025 - Form 20s,https://data.opencity.in/dataset/delhi-assembly-elections-2025-form-20s,delhi-state-election-commission,delhi,,2025-11-25T13:43:24.873782,decides,1,ed966441-4429-4392-8f16-18bcd987d9fb,25 - Moti Nagar Constituency Form 20,PDF,https://data.opencity.in/dataset/7c993cca-f202-4bc4-8c99-a493b1083089/resource/ed966441-4429-4392-8f16-18bcd987d9fb/download/2064c45a-c66f-4379-8197-0152ccfc2946.pdf,3731378,2025-11-25T13:42:33.164862,application/pdf,not_downloaded,,,OpenCity catalogue inventory row; resource not promoted into city source tree yet.
delhi-assembly-elections-2025-form-20s,Delhi Assembly Elections 2025 - Form 20s,https://data.opencity.in/dataset/delhi-assembly-elections-2025-form-20s,delhi-state-election-commission,delhi,,2025-11-25T13:43:24.873782,decides,1,0f3a33e7-8c3b-4f8a-8800-7ad601fc9fa0,26 - Madipur Constituency Form 20,PDF,https://data.opencity.in/dataset/7c993cca-f202-4bc4-8c99-a493b1083089/resource/0f3a33e7-8c3b-4f8a-8800-7ad601fc9fa0/download/f97a9bfe-acb2-4e6d-afd2-3a668ba5fa14.pdf,3736114,2025-11-25T13:42:33.695564,application/pdf,not_downloaded,,,OpenCity catalogue inventory row; resource not promoted into city source tree yet.
delhi-assembly-elections-2025-form-20s,Delhi Assembly Elections 2025 - Form 20s,https://data.opencity.in/dataset/delhi-assembly-elections-2025-form-20s,delhi-state-election-commission,delhi,,2025-11-25T13:43:24.873782,decides,1,677e879b-2515-4984-a377-b9a2e3f177fd,27 - Rajouri Garden Constituency Form 20,PDF,https://data.opencity.in/dataset/7c993cca-f202-4bc4-8c99-a493b1083089/resource/677e879b-2515-4984-a377-b9a2e3f177fd/download/97b358fe-5416-422f-ba3f-3ae98a5078f5.pdf,3780961,2025-11-25T13:42:34.221717,application/pdf,not_downloaded,,,OpenCity catalogue inventory row; resource not promoted into city source tree yet.
delhi-assembly-elections-2025-form-20s,Delhi Assembly Elections 2025 - Form 20s,https://data.opencity.in/dataset/delhi-assembly-elections-2025-form-20s,delhi-state-election-commission,delhi,,2025-11-25T13:43:24.873782,decides,1,b5f10517-ef8f-4d53-83f3-64f99e817898,28 - Hari Nagar Constituency Form 20,PDF,https://data.opencity.in/dataset/7c993cca-f202-4bc4-8c99-a493b1083089/resource/b5f10517-ef8f-4d53-83f3-64f99e817898/download/23c1f911-9f46-4ab0-92e8-a1ea7938f335.pdf,4170770,2025-11-25T13:42:34.800715,application/pdf,not_downloaded,,,OpenCity catalogue inventory row; resource not promoted into city source tree yet.
delhi-assembly-elections-2025-form-20s,Delhi Assembly Elections 2025 - Form 20s,https://data.opencity.in/dataset/delhi-assembly-elections-2025-form-20s,delhi-state-election-commission,delhi,,2025-11-25T13:43:24.873782,decides,1,2ec5c599-df39-4497-9437-2c7127925c14,29 - Tilak Nagar Constituency Form 20,PDF,https://data.opencity.in/dataset/7c993cca-f202-4bc4-8c99-a493b1083089/resource/2ec5c599-df39-4497-9437-2c7127925c14/download/561fd713-75a9-4275-afff-ae072ca79cc8.pdf,4342430,2025-11-25T13:42:35.377513,application/pdf,not_downloaded,,,OpenCity catalogue inventory row; resource not promoted into city source tree yet.
delhi-assembly-elections-2025-form-20s,Delhi Assembly Elections 2025 - Form 20s,https://data.opencity.in/dataset/delhi-assembly-elections-2025-form-20s,delhi-state-election-commission,delhi,,2025-11-25T13:43:24.873782,decides,1,db9dd912-5785-49a8-93dc-9e2ec0cabb1d,2 - Burari Constituency Form 20,PDF,https://data.opencity.in/dataset/7c993cca-f202-4bc4-8c99-a493b1083089/resource/db9dd912-5785-49a8-93dc-9e2ec0cabb1d/download/e2cc3009-b4c3-4d32-86bc-92dca3772751.pdf,8062014,2025-11-25T13:42:35.947966,application/pdf,not_downloaded,,,OpenCity catalogue inventory row; resource not promoted into city source tree yet.
delhi-assembly-elections-2025-form-20s,Delhi Assembly Elections 2025 - Form 20s,https://data.opencity.in/dataset/delhi-assembly-elections-2025-form-20s,delhi-state-election-commission,delhi,,2025-11-25T13:43:24.873782,decides,1,616b6b03-dad3-4a86-b21b-bae82cd8d261,30 - Janakpuri Constituency Form 20,PDF,https://data.opencity.in/dataset/7c993cca-f202-4bc4-8c99-a493b1083089/resource/616b6b03-dad3-4a86-b21b-bae82cd8d261/download/15f6db16-7721-45ba-a7e7-c8b08aeb897d.pdf,3558243,2025-11-25T13:42:36.712725,application/pdf,not_downloaded,,,OpenCity catalogue inventory row; resource not promoted into city source tree yet.
delhi-assembly-elections-2025-form-20s,Delhi Assembly Elections 2025 - Form 20s,https://data.opencity.in/dataset/delhi-assembly-elections-2025-form-20s,delhi-state-election-commission,delhi,,2025-11-25T13:43:24.873782,decides,1,44005319-96b7-4602-b876-753060e8c4bf,31 - Vikaspuri Constituency Form 20,PDF,https://data.opencity.in/dataset/7c993cca-f202-4bc4-8c99-a493b1083089/resource/44005319-96b7-4602-b876-753060e8c4bf/download/3be07eb0-98f9-45b6-a9dc-ec6b1ec0c71a.pdf,8327196,2025-11-25T13:42:37.372437,application/pdf,not_downloaded,,,OpenCity catalogue inventory row; resource not promoted into city source tree yet.
delhi-assembly-elections-2025-form-20s,Delhi Assembly Elections 2025 - Form 20s,https://data.opencity.in/dataset/delhi-assembly-elections-2025-form-20s,delhi-state-election-commission,delhi,,2025-11-25T13:43:24.873782,decides,1,5f917ba6-b32a-4f3d-bdb9-1600557d779c,32 - Uttam Nagar Constituency Form 20,PDF,https://data.opencity.in/dataset/7c993cca-f202-4bc4-8c99-a493b1083089/resource/5f917ba6-b32a-4f3d-bdb9-1600557d779c/download/2de0915b-edd0-4f11-8dea-d6a2a6ffe421.pdf,6370189,2025-11-25T13:42:37.967687,application/pdf,not_downloaded,,,OpenCity catalogue inventory row; resource not promoted into city source tree yet.
delhi-assembly-elections-2025-form-20s,Delhi Assembly Elections 2025 - Form 20s,https://data.opencity.in/dataset/delhi-assembly-elections-2025-form-20s,delhi-state-election-commission,delhi,,2025-11-25T13:43:24.873782,decides,1,4cdefd0d-8450-47ba-9033-970c1b9abec3,33 - Dwarka Constituency Form 20,PDF,https://data.opencity.in/dataset/7c993cca-f202-4bc4-8c99-a493b1083089/resource/4cdefd0d-8450-47ba-9033-970c1b9abec3/download/83193811-7b05-4ccc-ab37-bc88aad9c3ae.pdf,2981667,2025-11-25T13:42:38.709589,application/pdf,not_downloaded,,,OpenCity catalogue inventory row; resource not promoted into city source tree yet.
delhi-assembly-elections-2025-form-20s,Delhi Assembly Elections 2025 - Form 20s,https://data.opencity.in/dataset/delhi-assembly-elections-2025-form-20s,delhi-state-election-commission,delhi,,2025-11-25T13:43:24.873782,decides,1,69b2229f-cc3e-4937-ab26-c316be9534d0,34 - Matiala Constituency Form 20,PDF,https://data.opencity.in/dataset/7c993cca-f202-4bc4-8c99-a493b1083089/resource/69b2229f-cc3e-4937-ab26-c316be9534d0/download/c21d2fbe-44e2-4497-9c26-741bf938d253.pdf,7275166,2025-11-25T13:42:39.348151,application/pdf,not_downloaded,,,OpenCity catalogue inventory row; resource not promoted into city source tree yet.
delhi-assembly-elections-2025-form-20s,Delhi Assembly Elections 2025 - Form 20s,https://data.opencity.in/dataset/delhi-assembly-elections-2025-form-20s,delhi-state-election-commission,delhi,,2025-11-25T13:43:24.873782,decides,1,31cd8f0a-9fa9-4a39-871a-45ac062f1930,35 - Najafgarh Constituency Form 20,PDF,https://data.opencity.in/dataset/7c993cca-f202-4bc4-8c99-a493b1083089/resource/31cd8f0a-9fa9-4a39-871a-45ac062f1930/download/9eaf88d0-e309-49d5-be17-2f5ef233a4b4.pdf,6377903,2025-11-25T13:42:40.021727,application/pdf,not_downloaded,,,OpenCity catalogue inventory row; resource not promoted into city source tree yet.
delhi-assembly-elections-2025-form-20s,Delhi Assembly Elections 2025 - Form 20s,https://data.opencity.in/dataset/delhi-assembly-elections-2025-form-20s,delhi-state-election-commission,delhi,,2025-11-25T13:43:24.873782,decides,1,3bcd08fb-fe7f-42c8-8f5d-0dd78763df41,36 - Bijwasan Constituency Form 20,PDF,https://data.opencity.in/dataset/7c993cca-f202-4bc4-8c99-a493b1083089/resource/3bcd08fb-fe7f-42c8-8f5d-0dd78763df41/download/e1d9e26f-4f22-482f-b355-09733f7b0b49.pdf,3638194,2025-11-25T13:42:40.891491,application/pdf,not_downloaded,,,OpenCity catalogue inventory row; resource not promoted into city source tree yet.
delhi-assembly-elections-2025-form-20s,Delhi Assembly Elections 2025 - Form 20s,https://data.opencity.in/dataset/delhi-assembly-elections-2025-form-20s,delhi-state-election-commission,delhi,,2025-11-25T13:43:24.873782,decides,1,3f81d64a-2903-4963-82d1-c619d23cb4ff,37 - Palam Constituency Form 20,PDF,https://data.opencity.in/dataset/7c993cca-f202-4bc4-8c99-a493b1083089/resource/3f81d64a-2903-4963-82d1-c619d23cb4ff/download/1f764be2-74d5-44b3-a595-1d8d9043873f.pdf,4948608,2025-11-25T13:42:41.557169,application/pdf,not_downloaded,,,OpenCity catalogue inventory row; resource not promoted into city source tree yet.
delhi-assembly-elections-2025-form-20s,Delhi Assembly Elections 2025 - Form 20s,https://data.opencity.in/dataset/delhi-assembly-elections-2025-form-20s,delhi-state-election-commission,delhi,,2025-11-25T13:43:24.873782,decides,1,1e3fe6ed-bff8-4713-ac6e-ce0793775247,38 - Delhi Cantt Constituency Form 20,PDF,https://data.opencity.in/dataset/7c993cca-f202-4bc4-8c99-a493b1083089/resource/1e3fe6ed-bff8-4713-ac6e-ce0793775247/download/da22ebde-9bdf-4734-9eca-3e87f61aa686.pdf,1782548,2025-11-25T13:42:42.144091,application/pdf,not_downloaded,,,OpenCity catalogue inventory row; resource not promoted into city source tree yet.
delhi-assembly-elections-2025-form-20s,Delhi Assembly Elections 2025 - Form 20s,https://data.opencity.in/dataset/delhi-assembly-elections-2025-form-20s,delhi-state-election-commission,delhi,,2025-11-25T13:43:24.873782,decides,1,12cce02e-8d93-47d9-b2ce-58fc3a35ed68,39 - Rajinder Nagar Constituency Form 20,PDF,https://data.opencity.in/dataset/7c993cca-f202-4bc4-8c99-a493b1083089/resource/12cce02e-8d93-47d9-b2ce-58fc3a35ed68/download/8ed19b1d-031f-43c8-be47-57a712b504e7.pdf,4071681,2025-11-25T13:42:42.785511,application/pdf,not_downloaded,,,OpenCity catalogue inventory row; resource not promoted into city source tree yet.
delhi-assembly-elections-2025-form-20s,Delhi Assembly Elections 2025 - Form 20s,https://data.opencity.in/dataset/delhi-assembly-elections-2025-form-20s,delhi-state-election-commission,delhi,,2025-11-25T13:43:24.873782,decides,1,e115c4cf-075f-40bf-ad47-3fadca454177,3 - Timarpur Constituency Form 20,PDF,https://data.opencity.in/dataset/7c993cca-f202-4bc4-8c99-a493b1083089/resource/e115c4cf-075f-40bf-ad47-3fadca454177/download/e76d76e7-5ce3-48f3-896a-7c91d5f40800.pdf,4382866,2025-11-25T13:42:43.513031,application/pdf,not_downloaded,,,OpenCity catalogue inventory row; resource not promoted into city source tree yet.
delhi-assembly-elections-2025-form-20s,Delhi Assembly Elections 2025 - Form 20s,https://data.opencity.in/dataset/delhi-assembly-elections-2025-form-20s,delhi-state-election-commission,delhi,,2025-11-25T13:43:24.873782,decides,1,9c107b19-3e59-4d1f-b97d-548913fe84fc,40 - New Delhi Constituency Form 20,PDF,https://data.opencity.in/dataset/7c993cca-f202-4bc4-8c99-a493b1083089/resource/9c107b19-3e59-4d1f-b97d-548913fe84fc/download/6169a232-0d6d-4af7-848d-2925395990d3.pdf,1793494,2025-11-25T13:42:44.215620,application/pdf,not_downloaded,,,OpenCity catalogue inventory row; resource not promoted into city source tree yet.
delhi-assembly-elections-2025-form-20s,Delhi Assembly Elections 2025 - Form 20s,https://data.opencity.in/dataset/delhi-assembly-elections-2025-form-20s,delhi-state-election-commission,delhi,,2025-11-25T13:43:24.873782,decides,1,4a28900a-978a-4a31-91e2-1715f592e20a,41 - Jangpura Constituency Form 20,PDF,https://data.opencity.in/dataset/7c993cca-f202-4bc4-8c99-a493b1083089/resource/4a28900a-978a-4a31-91e2-1715f592e20a/download/88772657-7bab-49e7-adf6-5d661e44b3f0.pdf,3924530,2025-11-25T13:42:44.868743,application/pdf,not_downloaded,,,OpenCity catalogue inventory row; resource not promoted into city source tree yet.
delhi-assembly-elections-2025-form-20s,Delhi Assembly Elections 2025 - Form 20s,https://data.opencity.in/dataset/delhi-assembly-elections-2025-form-20s,delhi-state-election-commission,delhi,,2025-11-25T13:43:24.873782,decides,1,f618115c-7792-4583-a35e-2e7de29d097b,42 - Kasturba Nagar Constituency Form 20,PDF,https://data.opencity.in/dataset/7c993cca-f202-4bc4-8c99-a493b1083089/resource/f618115c-7792-4583-a35e-2e7de29d097b/download/e2218b5c-227f-47de-a9b5-56a534f24dff.pdf,3162354,2025-11-25T13:42:45.596921,application/pdf,not_downloaded,,,OpenCity catalogue inventory row; resource not promoted into city source tree yet.
delhi-assembly-elections-2025-form-20s,Delhi Assembly Elections 2025 - Form 20s,https://data.opencity.in/dataset/delhi-assembly-elections-2025-form-20s,delhi-state-election-commission,delhi,,2025-11-25T13:43:24.873782,decides,1,36e09898-8491-4359-a886-8a9290f70028,43 - Malviya Nagar Constituency Form 20,PDF,https://data.opencity.in/dataset/7c993cca-f202-4bc4-8c99-a493b1083089/resource/36e09898-8491-4359-a886-8a9290f70028/download/caad10d4-7e8b-4084-aa3a-663dfdbd4234.pdf,4251122,2025-11-25T13:42:46.533893,application/pdf,not_downloaded,,,OpenCity catalogue inventory row; resource not promoted into city source tree yet.
delhi-assembly-elections-2025-form-20s,Delhi Assembly Elections 2025 - Form 20s,https://data.opencity.in/dataset/delhi-assembly-elections-2025-form-20s,delhi-state-election-commission,delhi,,2025-11-25T13:43:24.873782,decides,1,70a4b32e-5045-45b9-94d8-25276a8fa2aa,44 - R K Puram Constituency Form 20,PDF,https://data.opencity.in/dataset/7c993cca-f202-4bc4-8c99-a493b1083089/resource/70a4b32e-5045-45b9-94d8-25276a8fa2aa/download/c0f05436-306f-4017-bc4d-3272d4683b98.pdf,2801812,2025-11-25T13:42:47.301971,application/pdf,not_downloaded,,,OpenCity catalogue inventory row; resource not promoted into city source tree yet.
delhi-assembly-elections-2025-form-20s,Delhi Assembly Elections 2025 - Form 20s,https://data.opencity.in/dataset/delhi-assembly-elections-2025-form-20s,delhi-state-election-commission,delhi,,2025-11-25T13:43:24.873782,decides,1,6ae03cae-3c63-4255-8c68-d0327f2cc452,45 - Mehrauli Constituency Form 20,PDF,https://data.opencity.in/dataset/7c993cca-f202-4bc4-8c99-a493b1083089/resource/6ae03cae-3c63-4255-8c68-d0327f2cc452/download/de964ef7-19a9-40dd-aaea-86a263605ba3.pdf,5234320,2025-11-25T13:42:48.206259,application/pdf,not_downloaded,,,OpenCity catalogue inventory row; resource not promoted into city source tree yet.
delhi-assembly-elections-2025-form-20s,Delhi Assembly Elections 2025 - Form 20s,https://data.opencity.in/dataset/delhi-assembly-elections-2025-form-20s,delhi-state-election-commission,delhi,,2025-11-25T13:43:24.873782,decides,1,bf1b1965-4b8e-41fc-a8b4-8e92427cbbf6,46 - Chhatarpur Constituency Form 20,PDF,https://data.opencity.in/dataset/7c993cca-f202-4bc4-8c99-a493b1083089/resource/bf1b1965-4b8e-41fc-a8b4-8e92427cbbf6/download/99486dbd-b507-404c-8b51-b05cefbf6572.pdf,4981744,2025-11-25T13:42:49.125317,application/pdf,not_downloaded,,,OpenCity catalogue inventory row; resource not promoted into city source tree yet.
delhi-assembly-elections-2025-form-20s,Delhi Assembly Elections 2025 - Form 20s,https://data.opencity.in/dataset/delhi-assembly-elections-2025-form-20s,delhi-state-election-commission,delhi,,2025-11-25T13:43:24.873782,decides,1,f2635027-2906-4860-a3a0-faec1a284617,47 - Deoli Constituency Form 20,PDF,https://data.opencity.in/dataset/7c993cca-f202-4bc4-8c99-a493b1083089/resource/f2635027-2906-4860-a3a0-faec1a284617/download/c1d907ce-8fd7-4580-a973-04432bab9ffb.pdf,5942000,2025-11-25T13:42:49.971706,application/pdf,not_downloaded,,,OpenCity catalogue inventory row; resource not promoted into city source tree yet.
delhi-assembly-elections-2025-form-20s,Delhi Assembly Elections 2025 - Form 20s,https://data.opencity.in/dataset/delhi-assembly-elections-2025-form-20s,delhi-state-election-commission,delhi,,2025-11-25T13:43:24.873782,decides,1,c419bf84-f4c0-4b7a-a786-7ba0f51ebaf1,48 - Ambedkar Nagar Constituency Form 20,PDF,https://data.opencity.in/dataset/7c993cca-f202-4bc4-8c99-a493b1083089/resource/c419bf84-f4c0-4b7a-a786-7ba0f51ebaf1/download/8dc36ffc-3a44-4f0f-aaad-7757589e5602.pdf,4071922,2025-11-25T13:42:50.893037,application/pdf,not_downloaded,,,OpenCity catalogue inventory row; resource not promoted into city source tree yet.
delhi-assembly-elections-2025-form-20s,Delhi Assembly Elections 2025 - Form 20s,https://data.opencity.in/dataset/delhi-assembly-elections-2025-form-20s,delhi-state-election-commission,delhi,,2025-11-25T13:43:24.873782,decides,1,4721dc9f-4db5-4816-8560-d95c44d726e2,49 - Sangam Vihar Constituency Form 20,PDF,https://data.opencity.in/dataset/7c993cca-f202-4bc4-8c99-a493b1083089/resource/4721dc9f-4db5-4816-8560-d95c44d726e2/download/249a5eee-c0fc-40a4-be82-f4ac4f6f9fc6.pdf,3932594,2025-11-25T13:42:51.972508,application/pdf,not_downloaded,,,OpenCity catalogue inventory row; resource not promoted into city source tree yet.
delhi-assembly-elections-2025-form-20s,Delhi Assembly Elections 2025 - Form 20s,https://data.opencity.in/dataset/delhi-assembly-elections-2025-form-20s,delhi-state-election-commission,delhi,,2025-11-25T13:43:24.873782,decides,1,0a3907bc-33fd-4d4d-9362-21d00ada57be,4 - Adarsh Nagar Constituency Form 20,PDF,https://data.opencity.in/dataset/7c993cca-f202-4bc4-8c99-a493b1083089/resource/0a3907bc-33fd-4d4d-9362-21d00ada57be/download/2aff3602-807c-47ef-b7aa-959cc0855d73.pdf,3664099,2025-11-25T13:42:52.801310,application/pdf,not_downloaded,,,OpenCity catalogue inventory row; resource not promoted into city source tree yet.
delhi-assembly-elections-2025-form-20s,Delhi Assembly Elections 2025 - Form 20s,https://data.opencity.in/dataset/delhi-assembly-elections-2025-form-20s,delhi-state-election-commission,delhi,,2025-11-25T13:43:24.873782,decides,1,3abc1bec-3bd1-4380-b537-98e2d74f2d60,50 - Greater Kailash Constituency Form 20,PDF,https://data.opencity.in/dataset/7c993cca-f202-4bc4-8c99-a493b1083089/resource/3abc1bec-3bd1-4380-b537-98e2d74f2d60/download/2b76e390-5cb8-4f67-a5ba-2dd9d5b385a1.pdf,3654015,2025-11-25T13:42:53.734175,application/pdf,not_downloaded,,,OpenCity catalogue inventory row; resource not promoted into city source tree yet.
delhi-assembly-elections-2025-form-20s,Delhi Assembly Elections 2025 - Form 20s,https://data.opencity.in/dataset/delhi-assembly-elections-2025-form-20s,delhi-state-election-commission,delhi,,2025-11-25T13:43:24.873782,decides,1,2e4d9835-480f-4345-a440-40650cc4e946,51 - Kalkaji Constituency Form 20,PDF,https://data.opencity.in/dataset/7c993cca-f202-4bc4-8c99-a493b1083089/resource/2e4d9835-480f-4345-a440-40650cc4e946/download/32b9932b-35be-4750-b2ee-c1a9c6e93577.pdf,2441718,2025-11-25T13:42:54.681060,application/pdf,not_downloaded,,,OpenCity catalogue inventory row; resource not promoted into city source tree yet.
delhi-assembly-elections-2025-form-20s,Delhi Assembly Elections 2025 - Form 20s,https://data.opencity.in/dataset/delhi-assembly-elections-2025-form-20s,delhi-state-election-commission,delhi,,2025-11-25T13:43:24.873782,decides,1,18046fd5-9022-4732-bf82-45931c327e0b,52 - Tughlakabad Constituency Form 20,PDF,https://data.opencity.in/dataset/7c993cca-f202-4bc4-8c99-a493b1083089/resource/18046fd5-9022-4732-bf82-45931c327e0b/download/5cd8bd4c-295f-461e-8ccc-a6fd5ac54238.pdf,3962305,2025-11-25T13:42:55.624120,application/pdf,not_downloaded,,,OpenCity catalogue inventory row; resource not promoted into city source tree yet.
delhi-assembly-elections-2025-form-20s,Delhi Assembly Elections 2025 - Form 20s,https://data.opencity.in/dataset/delhi-assembly-elections-2025-form-20s,delhi-state-election-commission,delhi,,2025-11-25T13:43:24.873782,decides,1,650c12b2-8fbb-4842-8c28-47238c909878,53 - Badarpur Constituency Form 20,PDF,https://data.opencity.in/dataset/7c993cca-f202-4bc4-8c99-a493b1083089/resource/650c12b2-8fbb-4842-8c28-47238c909878/download/31c0a86c-bc15-481f-988b-cf40d5e8db91.pdf,6433214,2025-11-25T13:42:56.630609,application/pdf,not_downloaded,,,OpenCity catalogue inventory row; resource not promoted into city source tree yet.
delhi-assembly-elections-2025-form-20s,Delhi Assembly Elections 2025 - Form 20s,https://data.opencity.in/dataset/delhi-assembly-elections-2025-form-20s,delhi-state-election-commission,delhi,,2025-11-25T13:43:24.873782,decides,1,492ac905-c422-42cd-95ca-a1cbe6fd92ab,54 - Okhla Constituency Form 20,PDF,https://data.opencity.in/dataset/7c993cca-f202-4bc4-8c99-a493b1083089/resource/492ac905-c422-42cd-95ca-a1cbe6fd92ab/download/d5f933a0-c402-4025-94f0-a0fcd751f083.pdf,5881408,2025-11-25T13:42:57.746494,application/pdf,not_downloaded,,,OpenCity catalogue inventory row; resource not promoted into city source tree yet.
delhi-assembly-elections-2025-form-20s,Delhi Assembly Elections 2025 - Form 20s,https://data.opencity.in/dataset/delhi-assembly-elections-2025-form-20s,delhi-state-election-commission,delhi,,2025-11-25T13:43:24.873782,decides,1,2229a7a5-7e1d-496d-894d-6c7dd79aec65,55 - Trilokpuri Constituency Form 20,PDF,https://data.opencity.in/dataset/7c993cca-f202-4bc4-8c99-a493b1083089/resource/2229a7a5-7e1d-496d-894d-6c7dd79aec65/download/e9711354-b9ec-4d30-ae02-47bd5751231f.pdf,4572338,2025-11-25T13:42:58.805393,application/pdf,not_downloaded,,,OpenCity catalogue inventory row; resource not promoted into city source tree yet.
delhi-assembly-elections-2025-form-20s,Delhi Assembly Elections 2025 - Form 20s,https://data.opencity.in/dataset/delhi-assembly-elections-2025-form-20s,delhi-state-election-commission,delhi,,2025-11-25T13:43:24.873782,decides,1,dd3a030c-c3ca-4696-936b-35cb21b82959,56 - Kondli Constituency Form 20,PDF,https://data.opencity.in/dataset/7c993cca-f202-4bc4-8c99-a493b1083089/resource/dd3a030c-c3ca-4696-936b-35cb21b82959/download/380b08bf-58c2-44e0-b3ae-c6e57652dc91.pdf,4785889,2025-11-25T13:42:59.996489,application/pdf,not_downloaded,,,OpenCity catalogue inventory row; resource not promoted into city source tree yet.
delhi-assembly-elections-2025-form-20s,Delhi Assembly Elections 2025 - Form 20s,https://data.opencity.in/dataset/delhi-assembly-elections-2025-form-20s,delhi-state-election-commission,delhi,,2025-11-25T13:43:24.873782,decides,1,6ae79cfc-d053-4715-81fa-a6136667c22f,57 - Patparganj Constituency Form 20,PDF,https://data.opencity.in/dataset/7c993cca-f202-4bc4-8c99-a493b1083089/resource/6ae79cfc-d053-4715-81fa-a6136667c22f/download/2ca03a00-7a1e-43ff-a8d8-fb0dc0d03b23.pdf,5240336,2025-11-25T13:43:01.173321,application/pdf,not_downloaded,,,OpenCity catalogue inventory row; resource not promoted into city source tree yet.
delhi-assembly-elections-2025-form-20s,Delhi Assembly Elections 2025 - Form 20s,https://data.opencity.in/dataset/delhi-assembly-elections-2025-form-20s,delhi-state-election-commission,delhi,,2025-11-25T13:43:24.873782,decides,1,50176bc0-9b94-473a-88fb-7b2a45970c55,58 - Laxmi Nagar Constituency Form 20,PDF,https://data.opencity.in/dataset/7c993cca-f202-4bc4-8c99-a493b1083089/resource/50176bc0-9b94-473a-88fb-7b2a45970c55/download/0db5b38d-62c9-4592-a5bb-34a59ff4ccee.pdf,3313315,2025-11-25T13:43:02.512989,application/pdf,not_downloaded,,,OpenCity catalogue inventory row; resource not promoted into city source tree yet.
delhi-assembly-elections-2025-form-20s,Delhi Assembly Elections 2025 - Form 20s,https://data.opencity.in/dataset/delhi-assembly-elections-2025-form-20s,delhi-state-election-commission,delhi,,2025-11-25T13:43:24.873782,decides,1,162e06ca-e6e2-4922-95b0-3b5fb8e8248b,59 - Vishwas Nagar Constituency Form 20,PDF,https://data.opencity.in/dataset/7c993cca-f202-4bc4-8c99-a493b1083089/resource/162e06ca-e6e2-4922-95b0-3b5fb8e8248b/download/a87c0047-ee1c-45e6-9d38-a17e058310bb.pdf,3629874,2025-11-25T13:43:03.629865,application/pdf,not_downloaded,,,OpenCity catalogue inventory row; resource not promoted into city source tree yet.
delhi-assembly-elections-2025-form-20s,Delhi Assembly Elections 2025 - Form 20s,https://data.opencity.in/dataset/delhi-assembly-elections-2025-form-20s,delhi-state-election-commission,delhi,,2025-11-25T13:43:24.873782,decides,1,d66bc9dd-9f3c-4087-8ca5-db15953836fd,5 - Badli Constituency Form 20,PDF,https://data.opencity.in/dataset/7c993cca-f202-4bc4-8c99-a493b1083089/resource/d66bc9dd-9f3c-4087-8ca5-db15953836fd/download/7efff2e0-fd00-43a6-a341-d1485ea289b8.pdf,178296,2025-11-25T13:43:04.652710,application/pdf,not_downloaded,,,OpenCity catalogue inventory row; resource not promoted into city source tree yet.
delhi-assembly-elections-2025-form-20s,Delhi Assembly Elections 2025 - Form 20s,https://data.opencity.in/dataset/delhi-assembly-elections-2025-form-20s,delhi-state-election-commission,delhi,,2025-11-25T13:43:24.873782,decides,1,6b94a1e9-424c-400c-9d39-194ac8c266dc,60 - Krishna Nagar Constituency Form 20,PDF,https://data.opencity.in/dataset/7c993cca-f202-4bc4-8c99-a493b1083089/resource/6b94a1e9-424c-400c-9d39-194ac8c266dc/download/678b41e3-ca33-4121-9ae6-38e16b00e27b.pdf,6180800,2025-11-25T13:43:05.844267,application/pdf,not_downloaded,,,OpenCity catalogue inventory row; resource not promoted into city source tree yet.
delhi-assembly-elections-2025-form-20s,Delhi Assembly Elections 2025 - Form 20s,https://data.opencity.in/dataset/delhi-assembly-elections-2025-form-20s,delhi-state-election-commission,delhi,,2025-11-25T13:43:24.873782,decides,1,ff6f02af-4def-44da-ae15-032004a0f118,61 - Gandhi Nagar Constituency Form 20,PDF,https://data.opencity.in/dataset/7c993cca-f202-4bc4-8c99-a493b1083089/resource/ff6f02af-4def-44da-ae15-032004a0f118/download/0dfd20ec-8816-4e62-8488-611b6ba44214.pdf,3688850,2025-11-25T13:43:06.934876,application/pdf,not_downloaded,,,OpenCity catalogue inventory row; resource not promoted into city source tree yet.
delhi-assembly-elections-2025-form-20s,Delhi Assembly Elections 2025 - Form 20s,https://data.opencity.in/dataset/delhi-assembly-elections-2025-form-20s,delhi-state-election-commission,delhi,,2025-11-25T13:43:24.873782,decides,1,13c315eb-7fac-4104-afff-ff7bb0801edd,62 - Shahdara Constituency Form 20,PDF,https://data.opencity.in/dataset/7c993cca-f202-4bc4-8c99-a493b1083089/resource/13c315eb-7fac-4104-afff-ff7bb0801edd/download/43c07cdb-af42-4f2e-94f6-0b17c9eba028.pdf,4544929,2025-11-25T13:43:08.210279,application/pdf,not_downloaded,,,OpenCity catalogue inventory row; resource not promoted into city source tree yet.
delhi-assembly-elections-2025-form-20s,Delhi Assembly Elections 2025 - Form 20s,https://data.opencity.in/dataset/delhi-assembly-elections-2025-form-20s,delhi-state-election-commission,delhi,,2025-11-25T13:43:24.873782,decides,1,fbb2b57f-3a02-4ba5-b64a-02e2f95f9a26,63 - Seema Puri Constituency Form 20,PDF,https://data.opencity.in/dataset/7c993cca-f202-4bc4-8c99-a493b1083089/resource/fbb2b57f-3a02-4ba5-b64a-02e2f95f9a26/download/7ffc560d-f176-4f2c-9289-81726bc53d34.pdf,4470303,2025-11-25T13:43:09.538627,application/pdf,not_downloaded,,,OpenCity catalogue inventory row; resource not promoted into city source tree yet.
delhi-assembly-elections-2025-form-20s,Delhi Assembly Elections 2025 - Form 20s,https://data.opencity.in/dataset/delhi-assembly-elections-2025-form-20s,delhi-state-election-commission,delhi,,2025-11-25T13:43:24.873782,decides,1,c61415ec-18cf-465d-9e6a-697dbcd328ce,64 - Rohtas Nagar Constituency Form 20,PDF,https://data.opencity.in/dataset/7c993cca-f202-4bc4-8c99-a493b1083089/resource/c61415ec-18cf-465d-9e6a-697dbcd328ce/download/b03331d9-23e1-4bf6-8dfb-174c0fb698e4.pdf,3308899,2025-11-25T13:43:10.689697,application/pdf,not_downloaded,,,OpenCity catalogue inventory row; resource not promoted into city source tree yet.
delhi-assembly-elections-2025-form-20s,Delhi Assembly Elections 2025 - Form 20s,https://data.opencity.in/dataset/delhi-assembly-elections-2025-form-20s,delhi-state-election-commission,delhi,,2025-11-25T13:43:24.873782,decides,1,f2afef58-0911-4257-ba98-8bdb1bdb78a7,65 - Seelampur Constituency Form 20,PDF,https://data.opencity.in/dataset/7c993cca-f202-4bc4-8c99-a493b1083089/resource/f2afef58-0911-4257-ba98-8bdb1bdb78a7/download/fee514b3-eedf-4975-b220-1f805cdd6992.pdf,4109682,2025-11-25T13:43:12.030537,application/pdf,not_downloaded,,,OpenCity catalogue inventory row; resource not promoted into city source tree yet.
delhi-assembly-elections-2025-form-20s,Delhi Assembly Elections 2025 - Form 20s,https://data.opencity.in/dataset/delhi-assembly-elections-2025-form-20s,delhi-state-election-commission,delhi,,2025-11-25T13:43:24.873782,decides,1,18182ad5-a575-4ead-baa9-2124444f6277,66 - Ghonda Constituency Form 20,PDF,https://data.opencity.in/dataset/7c993cca-f202-4bc4-8c99-a493b1083089/resource/18182ad5-a575-4ead-baa9-2124444f6277/download/6cc57c6c-1fdc-4ff1-acd5-bccdb44c8bda.pdf,5064688,2025-11-25T13:43:13.153658,application/pdf,not_downloaded,,,OpenCity catalogue inventory row; resource not promoted into city source tree yet.
delhi-assembly-elections-2025-form-20s,Delhi Assembly Elections 2025 - Form 20s,https://data.opencity.in/dataset/delhi-assembly-elections-2025-form-20s,delhi-state-election-commission,delhi,,2025-11-25T13:43:24.873782,decides,1,198d1cd7-3163-4547-baf4-c83b06515e86,67 - Babarpur Constituency Form 20,PDF,https://data.opencity.in/dataset/7c993cca-f202-4bc4-8c99-a493b1083089/resource/198d1cd7-3163-4547-baf4-c83b06515e86/download/3f522080-18c3-47e0-a992-604bb14dde43.pdf,5329808,2025-11-25T13:43:14.512796,application/pdf,not_downloaded,,,OpenCity catalogue inventory row; resource not promoted into city source tree yet.
delhi-assembly-elections-2025-form-20s,Delhi Assembly Elections 2025 - Form 20s,https://data.opencity.in/dataset/delhi-assembly-elections-2025-form-20s,delhi-state-election-commission,delhi,,2025-11-25T13:43:24.873782,decides,1,662b919f-8f27-420c-883e-f1d37cd5b79f,68 - Gokalpur Constituency Form 20,PDF,https://data.opencity.in/dataset/7c993cca-f202-4bc4-8c99-a493b1083089/resource/662b919f-8f27-420c-883e-f1d37cd5b79f/download/e0fb3d37-a8ce-415e-9901-5c0a86030191.pdf,3588385,2025-11-25T13:43:15.682012,application/pdf,not_downloaded,,,OpenCity catalogue inventory row; resource not promoted into city source tree yet.
delhi-assembly-elections-2025-form-20s,Delhi Assembly Elections 2025 - Form 20s,https://data.opencity.in/dataset/delhi-assembly-elections-2025-form-20s,delhi-state-election-commission,delhi,,2025-11-25T13:43:24.873782,decides,1,97c1d0e2-6b11-47b8-8d54-ba758adf96a8,69 - Mustafabad Constituency Form 20,PDF,https://data.opencity.in/dataset/7c993cca-f202-4bc4-8c99-a493b1083089/resource/97c1d0e2-6b11-47b8-8d54-ba758adf96a8/download/63488a6b-f7a7-40f0-a117-6084bdcccbaf.pdf,5062255,2025-11-25T13:43:16.845545,application/pdf,not_downloaded,,,OpenCity catalogue inventory row; resource not promoted into city source tree yet.
delhi-assembly-elections-2025-form-20s,Delhi Assembly Elections 2025 - Form 20s,https://data.opencity.in/dataset/delhi-assembly-elections-2025-form-20s,delhi-state-election-commission,delhi,,2025-11-25T13:43:24.873782,decides,1,45ff67c8-a8d9-4b46-a54a-a4e21f8d4a9e,6 - Rithala Constituency Form 20,PDF,https://data.opencity.in/dataset/7c993cca-f202-4bc4-8c99-a493b1083089/resource/45ff67c8-a8d9-4b46-a54a-a4e21f8d4a9e/download/67ec1a43-da39-4fce-9b9e-2e222418f74e.pdf,6042607,2025-11-25T13:43:18.121669,application/pdf,not_downloaded,,,OpenCity catalogue inventory row; resource not promoted into city source tree yet.
delhi-assembly-elections-2025-form-20s,Delhi Assembly Elections 2025 - Form 20s,https://data.opencity.in/dataset/delhi-assembly-elections-2025-form-20s,delhi-state-election-commission,delhi,,2025-11-25T13:43:24.873782,decides,1,f3659534-39c7-469d-854d-b1dc8ddc72f4,70 - Karawal Nagar Constituency Form 20,PDF,https://data.opencity.in/dataset/7c993cca-f202-4bc4-8c99-a493b1083089/resource/f3659534-39c7-469d-854d-b1dc8ddc72f4/download/0501e76b-80ee-4cce-a5be-2ac446d80881.pdf,5356129,2025-11-25T13:43:19.447001,application/pdf,not_downloaded,,,OpenCity catalogue inventory row; resource not promoted into city source tree yet.
delhi-assembly-elections-2025-form-20s,Delhi Assembly Elections 2025 - Form 20s,https://data.opencity.in/dataset/delhi-assembly-elections-2025-form-20s,delhi-state-election-commission,delhi,,2025-11-25T13:43:24.873782,decides,1,e91f91de-71b6-43bd-bfc4-d8365d3cbd47,7 - Bawana Constituency Form 20,PDF,https://data.opencity.in/dataset/7c993cca-f202-4bc4-8c99-a493b1083089/resource/e91f91de-71b6-43bd-bfc4-d8365d3cbd47/download/e107fad1-14e2-4b96-b0e6-201f8a629ab1.pdf,372258,2025-11-25T13:43:20.848450,application/pdf,not_downloaded,,,OpenCity catalogue inventory row; resource not promoted into city source tree yet.
delhi-assembly-elections-2025-form-20s,Delhi Assembly Elections 2025 - Form 20s,https://data.opencity.in/dataset/delhi-assembly-elections-2025-form-20s,delhi-state-election-commission,delhi,,2025-11-25T13:43:24.873782,decides,1,7a116e59-c7e7-47e9-8e51-b4eb574fd6f2,8 - Mundka Constituency Form 20,PDF,https://data.opencity.in/dataset/7c993cca-f202-4bc4-8c99-a493b1083089/resource/7a116e59-c7e7-47e9-8e51-b4eb574fd6f2/download/0a6143b6-2259-4a3b-8f83-3c63e2d53176.pdf,6009088,2025-11-25T13:43:22.016576,application/pdf,not_downloaded,,,OpenCity catalogue inventory row; resource not promoted into city source tree yet.
delhi-assembly-elections-2025-form-20s,Delhi Assembly Elections 2025 - Form 20s,https://data.opencity.in/dataset/delhi-assembly-elections-2025-form-20s,delhi-state-election-commission,delhi,,2025-11-25T13:43:24.873782,decides,1,910337c2-d585-4eef-8760-0b27868ec27d,9 - Kirari Constituency Form 20,PDF,https://data.opencity.in/dataset/7c993cca-f202-4bc4-8c99-a493b1083089/resource/910337c2-d585-4eef-8760-0b27868ec27d/download/34a79851-66b1-4c3d-a6d4-d7392bb78bef.pdf,6510046,2025-11-25T13:43:23.424060,application/pdf,not_downloaded,,,OpenCity catalogue inventory row; resource not promoted into city source tree yet.
delhi-assembly-elections-2025-form-20s,Delhi Assembly Elections 2025 - Form 20s,https://data.opencity.in/dataset/delhi-assembly-elections-2025-form-20s,delhi-state-election-commission,delhi,,2025-11-25T13:43:24.873782,decides,1,869ef8be-b406-482b-9250-a58185d7a51c,15 - Shakur Basti Constituency Form 20,PDF,https://data.opencity.in/dataset/7c993cca-f202-4bc4-8c99-a493b1083089/resource/869ef8be-b406-482b-9250-a58185d7a51c/download/9d5b4764-43e7-467a-831e-bfa18243c182.pdf,3753842,2025-11-25T13:43:24.653484,application/pdf,not_downloaded,,,OpenCity catalogue inventory row; resource not promoted into city source tree yet.
delhi-assembly-elections-2025-manifestos,Delhi Assembly Elections 2025 - Manifestos,https://data.opencity.in/dataset/delhi-assembly-elections-2025-manifestos,delhi-state-election-commission,delhi,Governance,2025-11-27T12:38:31.270968,decides,1,e3613990-46c5-435a-9cd1-77181a0d2bce,Bharatiya Janata Party - English,PDF,https://data.opencity.in/dataset/47008cc7-d8fc-492d-9167-01aa79572f09/resource/e3613990-46c5-435a-9cd1-77181a0d2bce/download/3385c00a-20d0-4885-87b1-96beb366cde8.pdf,42724797,2025-11-25T13:43:38.819001,application/pdf,not_downloaded,,,OpenCity catalogue inventory row; resource not promoted into city source tree yet.
delhi-assembly-elections-2025-manifestos,Delhi Assembly Elections 2025 - Manifestos,https://data.opencity.in/dataset/delhi-assembly-elections-2025-manifestos,delhi-state-election-commission,delhi,Governance,2025-11-27T12:38:31.270968,decides,1,1cf3b2fb-0036-490c-bede-f20a05972639,Indian National Congress - English,PDF,https://data.opencity.in/dataset/47008cc7-d8fc-492d-9167-01aa79572f09/resource/1cf3b2fb-0036-490c-bede-f20a05972639/download/c37e6eaf-d916-445f-b0ef-20bad8d63a25.pdf,19019145,2025-11-25T13:43:39.329197,application/pdf,not_downloaded,,,OpenCity catalogue inventory row; resource not promoted into city source tree yet.
delhi-assembly-elections-2025-manifestos,Delhi Assembly Elections 2025 - Manifestos,https://data.opencity.in/dataset/delhi-assembly-elections-2025-manifestos,delhi-state-election-commission,delhi,Governance,2025-11-27T12:38:31.270968,decides,1,83f78a98-5a2a-475b-a82b-ce86464e7e83,Aam Aadmi Party Hindi,PDF,https://data.opencity.in/dataset/47008cc7-d8fc-492d-9167-01aa79572f09/resource/83f78a98-5a2a-475b-a82b-ce86464e7e83/download/ee10b38a-2452-4913-a02f-6749a06e0641.pdf,310840,2025-11-25T13:43:39.716629,application/pdf,not_downloaded,,,OpenCity catalogue inventory row; resource not promoted into city source tree yet.
delhi-assembly-elections-2025-manifestos,Delhi Assembly Elections 2025 - Manifestos,https://data.opencity.in/dataset/delhi-assembly-elections-2025-manifestos,delhi-state-election-commission,delhi,Governance,2025-11-27T12:38:31.270968,decides,1,3f447de8-d8d3-4537-ac2b-04eb1cf99864,Bharatiya Janata Party - Hindi,PDF,https://data.opencity.in/dataset/47008cc7-d8fc-492d-9167-01aa79572f09/resource/3f447de8-d8d3-4537-ac2b-04eb1cf99864/download/f8907583-d81d-45ac-983b-3cd0d5206ae1.pdf,20526237,2025-11-25T13:43:40.226823,application/pdf,not_downloaded,,,OpenCity catalogue inventory row; resource not promoted into city source tree yet.
delhi-assembly-elections-2025-manifestos,Delhi Assembly Elections 2025 - Manifestos,https://data.opencity.in/dataset/delhi-assembly-elections-2025-manifestos,delhi-state-election-commission,delhi,Governance,2025-11-27T12:38:31.270968,decides,1,35b1fac7-bffa-4167-b449-02b94c588f5b,Indian National Congress - Hindi,PDF,https://data.opencity.in/dataset/47008cc7-d8fc-492d-9167-01aa79572f09/resource/35b1fac7-bffa-4167-b449-02b94c588f5b/download/6ec18f2f-eaf3-486d-95ff-73866672c31d.pdf,19701303,2025-11-25T13:43:41.002571,application/pdf,not_downloaded,,,OpenCity catalogue inventory row; resource not promoted into city source tree yet.
delhi-assembly-elections-2025-results,Delhi Assembly Elections 2025 - Results,https://data.opencity.in/dataset/delhi-assembly-elections-2025-results,delhi-state-election-commission,delhi,Governance,2025-11-27T12:38:30.177925,decides,1,ed6201b7-c5ed-4dd3-9e43-0d8b2c1b14f3,Election Results 2025,CSV,https://data.opencity.in/dataset/84334517-f663-4f28-a990-7c713be6d15c/resource/ed6201b7-c5ed-4dd3-9e43-0d8b2c1b14f3/download/3e59003e-2ba9-406c-8fa3-8db56f3d770b.csv,52009,2025-11-25T13:43:53.049649,text/csv,not_downloaded,,,OpenCity catalogue inventory row; resource not promoted into city source tree yet.
delhi-assembly-elections-2025-results,Delhi Assembly Elections 2025 - Results,https://data.opencity.in/dataset/delhi-assembly-elections-2025-results,delhi-state-election-commission,delhi,Governance,2025-11-27T12:38:30.177925,decides,1,23b8a14c-21c3-46d1-906b-41b6eeb3343d,Gazette With Winnning Candidates List,PDF,https://data.opencity.in/dataset/84334517-f663-4f28-a990-7c713be6d15c/resource/23b8a14c-21c3-46d1-906b-41b6eeb3343d/download/afec341f-5950-4e24-8f95-699937a320c6.pdf,930774,2025-11-25T13:43:53.584234,application/pdf,not_downloaded,,,OpenCity catalogue inventory row; resource not promoted into city source tree yet.
delhi-assembly-elections-2025-results,Delhi Assembly Elections 2025 - Results,https://data.opencity.in/dataset/delhi-assembly-elections-2025-results,delhi-state-election-commission,delhi,Governance,2025-11-27T12:38:30.177925,decides,1,31f56404-8b0b-4e10-b67b-eda4ff1a11ae,List of Elected Members and their Parties,CSV,https://data.opencity.in/dataset/84334517-f663-4f28-a990-7c713be6d15c/resource/31f56404-8b0b-4e10-b67b-eda4ff1a11ae/download/8586a2fb-bc7b-4224-9741-4fb02055d22c.csv,3823,2025-11-25T13:43:53.902018,text/csv,not_downloaded,,,OpenCity catalogue inventory row; resource not promoted into city source tree yet.
delhi-assembly-elections-2025-turnout,Delhi Assembly Elections 2025 - Turnout,https://data.opencity.in/dataset/delhi-assembly-elections-2025-turnout,delhi-state-election-commission,delhi,Governance,2025-11-27T12:38:30.660529,decides,1,f3b02af7-c990-405c-9cdc-c307b9ab2e42,Final Turnout Details,PDF,https://data.opencity.in/dataset/6449d63f-6a7e-400d-a753-1c7c3b9eab51/resource/f3b02af7-c990-405c-9cdc-c307b9ab2e42/download/743bca92-a6ac-4c0f-b6aa-a58c006b20c0.pdf,515392,2025-11-25T13:44:05.966557,application/pdf,not_downloaded,,,OpenCity catalogue inventory row; resource not promoted into city source tree yet.
delhi-assembly-elections-2025-turnout,Delhi Assembly Elections 2025 - Turnout,https://data.opencity.in/dataset/delhi-assembly-elections-2025-turnout,delhi-state-election-commission,delhi,Governance,2025-11-27T12:38:30.660529,decides,1,6cfc063c-fdbb-4059-9199-1419e2c5cedc,Final Turnout Tables,CSV,https://data.opencity.in/dataset/6449d63f-6a7e-400d-a753-1c7c3b9eab51/resource/6cfc063c-fdbb-4059-9199-1419e2c5cedc/download/f6b76a50-7c46-4e10-af44-5246ecb5d0a8.csv,4522,2025-11-25T13:44:06.256212,text/csv,not_downloaded,,,OpenCity catalogue inventory row; resource not promoted into city source tree yet.
delhi-assembly-elections-2025-voter-rolls,Delhi Assembly Elections 2025 - Voter Rolls,https://data.opencity.in/dataset/delhi-assembly-elections-2025-voter-rolls,delhi-state-election-commission,delhi,Governance,2025-11-27T12:38:31.877847,decides,1,78db75ea-06c4-4a7a-aaeb-4e0962019233,Delhi Assembly Constituency Wise Final Electoral Rolls - Jan 2025,PDF,https://data.opencity.in/dataset/7483165d-3127-4e3e-845b-e6ad8fff50e0/resource/78db75ea-06c4-4a7a-aaeb-4e0962019233/download/de70064c-d7d2-4a57-bbbe-28fefd55e7e5.pdf,470564,2025-11-25T13:44:18.412038,application/pdf,not_downloaded,,,OpenCity catalogue inventory row; resource not promoted into city source tree yet.
delhi-assembly-elections-2025-voter-rolls,Delhi Assembly Elections 2025 - Voter Rolls,https://data.opencity.in/dataset/delhi-assembly-elections-2025-voter-rolls,delhi-state-election-commission,delhi,Governance,2025-11-27T12:38:31.877847,decides,1,7384bfa0-80af-40cd-8b6c-db7b71372bd8,Delhi Assembly Elections Press Release - Jan 2025,PDF,https://data.opencity.in/dataset/7483165d-3127-4e3e-845b-e6ad8fff50e0/resource/7384bfa0-80af-40cd-8b6c-db7b71372bd8/download/d3966d06-e75f-4126-a032-4226ffe8994d.pdf,2014835,2025-11-25T13:44:18.709950,application/pdf,not_downloaded,,,OpenCity catalogue inventory row; resource not promoted into city source tree yet.
delhi-assembly-elections-2025-voter-rolls,Delhi Assembly Elections 2025 - Voter Rolls,https://data.opencity.in/dataset/delhi-assembly-elections-2025-voter-rolls,delhi-state-election-commission,delhi,Governance,2025-11-27T12:38:31.877847,decides,1,3fe26889-e426-498a-80b6-4ab3d11b43e8,Assembly-wise Final Electors Numbers - Jan 2025,CSV,https://data.opencity.in/dataset/7483165d-3127-4e3e-845b-e6ad8fff50e0/resource/3fe26889-e426-498a-80b6-4ab3d11b43e8/download/53fc5ade-15f4-4db0-9a2d-fbcb24c1113c.csv,3644,2025-11-25T13:44:19.018734,text/csv,not_downloaded,,,OpenCity catalogue inventory row; resource not promoted into city source tree yet.
delhi-aviation-traffic-data,Delhi Aviation Traffic Data,https://data.opencity.in/dataset/delhi-aviation-traffic-data,government-of-india,delhi,,2026-01-28T04:09:52.015200,function,1,04dc252a-8fbc-48cd-aeab-1dcc92bb7389,Monthly Domestic Flights Data - 2015,CSV,https://data.opencity.in/dataset/f0b45685-187d-440b-86b4-6d53f8523748/resource/04dc252a-8fbc-48cd-aeab-1dcc92bb7389/download/c41dfe54-c261-4eeb-b66e-3f480d052029.csv,22144,2025-11-25T13:44:32.413312,text/csv,not_downloaded,,,OpenCity catalogue inventory row; resource not promoted into city source tree yet.
delhi-aviation-traffic-data,Delhi Aviation Traffic Data,https://data.opencity.in/dataset/delhi-aviation-traffic-data,government-of-india,delhi,,2026-01-28T04:09:52.015200,function,1,a3aee0c0-59cb-4cb5-83c7-234de48f2682,Monthly Domestic Flights Data - 2016,CSV,https://data.opencity.in/dataset/f0b45685-187d-440b-86b4-6d53f8523748/resource/a3aee0c0-59cb-4cb5-83c7-234de48f2682/download/0e9ee8ce-15c9-4777-b653-3a381361f0e0.csv,30439,2025-11-25T13:44:32.698606,text/csv,not_downloaded,,,OpenCity catalogue inventory row; resource not promoted into city source tree yet.
delhi-aviation-traffic-data,Delhi Aviation Traffic Data,https://data.opencity.in/dataset/delhi-aviation-traffic-data,government-of-india,delhi,,2026-01-28T04:09:52.015200,function,1,3dc037c7-a66b-472c-be47-28094321e3b1,Monthly Domestic Flights Data - 2017,CSV,https://data.opencity.in/dataset/f0b45685-187d-440b-86b4-6d53f8523748/resource/3dc037c7-a66b-472c-be47-28094321e3b1/download/e1b24d70-72f5-49ee-85f6-62c1f599813b.csv,32847,2025-11-25T13:44:33.038817,text/csv,not_downloaded,,,OpenCity catalogue inventory row; resource not promoted into city source tree yet.
delhi-aviation-traffic-data,Delhi Aviation Traffic Data,https://data.opencity.in/dataset/delhi-aviation-traffic-data,government-of-india,delhi,,2026-01-28T04:09:52.015200,function,1,60b81a71-d134-4d51-b393-0c93c141b0b2,Monthly Domestic Flights Data - 2018,CSV,https://data.opencity.in/dataset/f0b45685-187d-440b-86b4-6d53f8523748/resource/60b81a71-d134-4d51-b393-0c93c141b0b2/download/18e02371-f01b-43f7-b2bf-267e7691bec6.csv,49304,2025-11-25T13:44:33.439167,text/csv,not_downloaded,,,OpenCity catalogue inventory row; resource not promoted into city source tree yet.
delhi-aviation-traffic-data,Delhi Aviation Traffic Data,https://data.opencity.in/dataset/delhi-aviation-traffic-data,government-of-india,delhi,,2026-01-28T04:09:52.015200,function,1,284ddfe7-2ba3-452e-98aa-93791198fa12,Monthly Domestic Flights Data - 2019,CSV,https://data.opencity.in/dataset/f0b45685-187d-440b-86b4-6d53f8523748/resource/284ddfe7-2ba3-452e-98aa-93791198fa12/download/6c7e51f1-5ede-46b9-8069-39f991f09919.csv,53220,2025-11-25T13:44:33.821592,text/csv,not_downloaded,,,OpenCity catalogue inventory row; resource not promoted into city source tree yet.
delhi-aviation-traffic-data,Delhi Aviation Traffic Data,https://data.opencity.in/dataset/delhi-aviation-traffic-data,government-of-india,delhi,,2026-01-28T04:09:52.015200,function,1,de375acf-82a9-4f0a-a6f1-16c92053f117,Monthly Domestic Flights Data - 2020,CSV,https://data.opencity.in/dataset/f0b45685-187d-440b-86b4-6d53f8523748/resource/de375acf-82a9-4f0a-a6f1-16c92053f117/download/be78e2f7-1ff1-4162-8dd4-c7c5f05411d9.csv,43693,2025-11-25T13:44:34.222735,text/csv,not_downloaded,,,OpenCity catalogue inventory row; resource not promoted into city source tree yet.
delhi-aviation-traffic-data,Delhi Aviation Traffic Data,https://data.opencity.in/dataset/delhi-aviation-traffic-data,government-of-india,delhi,,2026-01-28T04:09:52.015200,function,1,db504720-8ae4-486a-8071-25470dbc5d41,Monthly Domestic Flights Data - 2021,CSV,https://data.opencity.in/dataset/f0b45685-187d-440b-86b4-6d53f8523748/resource/db504720-8ae4-486a-8071-25470dbc5d41/download/318fcbb1-6b31-4c87-9c14-8b5b7821d7da.csv,49147,2025-11-25T13:44:34.630550,text/csv,not_downloaded,,,OpenCity catalogue inventory row; resource not promoted into city source tree yet.
delhi-aviation-traffic-data,Delhi Aviation Traffic Data,https://data.opencity.in/dataset/delhi-aviation-traffic-data,government-of-india,delhi,,2026-01-28T04:09:52.015200,function,1,c651b749-8401-4f8b-af94-dad0f85b4a94,Monthly Domestic Flights Data - 2022,CSV,https://data.opencity.in/dataset/f0b45685-187d-440b-86b4-6d53f8523748/resource/c651b749-8401-4f8b-af94-dad0f85b4a94/download/f00d9495-4610-427b-bc60-031d02d0129e.csv,57609,2025-11-25T13:44:35.051156,text/csv,not_downloaded,,,OpenCity catalogue inventory row; resource not promoted into city source tree yet.
delhi-aviation-traffic-data,Delhi Aviation Traffic Data,https://data.opencity.in/dataset/delhi-aviation-traffic-data,government-of-india,delhi,,2026-01-28T04:09:52.015200,function,1,38715e3e-d78f-4cdb-855a-b36e42ad3351,Monthly Domestic Flights Data - 2023,CSV,https://data.opencity.in/dataset/f0b45685-187d-440b-86b4-6d53f8523748/resource/38715e3e-d78f-4cdb-855a-b36e42ad3351/download/8d287df9-b44a-4e54-9eb8-ad9fa936a165.csv,58304,2025-11-25T13:44:35.686428,text/csv,not_downloaded,,,OpenCity catalogue inventory row; resource not promoted into city source tree yet.
delhi-aviation-traffic-data,Delhi Aviation Traffic Data,https://data.opencity.in/dataset/delhi-aviation-traffic-data,government-of-india,delhi,,2026-01-28T04:09:52.015200,function,1,ae21ec81-8f8f-4ee6-a278-69af7019fee7,Monthly Domestic Flights Data - 2024 (Till June),CSV,https://data.opencity.in/dataset/f0b45685-187d-440b-86b4-6d53f8523748/resource/ae21ec81-8f8f-4ee6-a278-69af7019fee7/download/97014b3c-d4cc-48ca-9fa3-734cede87dc6.csv,34246,2025-11-25T13:44:36.134775,text/csv,not_downloaded,,,OpenCity catalogue inventory row; resource not promoted into city source tree yet.
delhi-aviation-traffic-data,Delhi Aviation Traffic Data,https://data.opencity.in/dataset/delhi-aviation-traffic-data,government-of-india,delhi,,2026-01-28T04:09:52.015200,function,1,b0c0591b-89fb-4ece-8a67-f683b9f5ccae,Quarterly International Flights Data - 2015,CSV,https://data.opencity.in/dataset/f0b45685-187d-440b-86b4-6d53f8523748/resource/b0c0591b-89fb-4ece-8a67-f683b9f5ccae/download/fdb65c89-4827-4002-835b-c33ba972f51a.csv,12128,2025-11-25T13:44:36.571489,text/csv,not_downloaded,,,OpenCity catalogue inventory row; resource not promoted into city source tree yet.
delhi-aviation-traffic-data,Delhi Aviation Traffic Data,https://data.opencity.in/dataset/delhi-aviation-traffic-data,government-of-india,delhi,,2026-01-28T04:09:52.015200,function,1,70ea41f3-d2a7-402d-8fd0-f026879eabf5,Quarterly International Flights Data - 2016,CSV,https://data.opencity.in/dataset/f0b45685-187d-440b-86b4-6d53f8523748/resource/70ea41f3-d2a7-402d-8fd0-f026879eabf5/download/d729cb1e-6913-44f2-b559-38d78d16e607.csv,13088,2025-11-25T13:44:37.066923,text/csv,not_downloaded,,,OpenCity catalogue inventory row; resource not promoted into city source tree yet.
delhi-aviation-traffic-data,Delhi Aviation Traffic Data,https://data.opencity.in/dataset/delhi-aviation-traffic-data,government-of-india,delhi,,2026-01-28T04:09:52.015200,function,1,787cbce4-40ee-4331-a2e4-8773eaa5c930,Quarterly International Flights Data - 2017,CSV,https://data.opencity.in/dataset/f0b45685-187d-440b-86b4-6d53f8523748/resource/787cbce4-40ee-4331-a2e4-8773eaa5c930/download/16455751-14c5-4a3f-b90b-75f5dedde8fc.csv,13839,2025-11-25T13:44:37.770079,text/csv,not_downloaded,,,OpenCity catalogue inventory row; resource not promoted into city source tree yet.
delhi-aviation-traffic-data,Delhi Aviation Traffic Data,https://data.opencity.in/dataset/delhi-aviation-traffic-data,government-of-india,delhi,,2026-01-28T04:09:52.015200,function,1,725b8946-2a6c-499b-8b66-56b3e25e2fef,Quarterly International Flights Data - 2018,CSV,https://data.opencity.in/dataset/f0b45685-187d-440b-86b4-6d53f8523748/resource/725b8946-2a6c-499b-8b66-56b3e25e2fef/download/efd5cd51-da14-49ea-89cb-fad97d51026a.csv,13929,2025-11-25T13:44:38.245041,text/csv,not_downloaded,,,OpenCity catalogue inventory row; resource not promoted into city source tree yet.
delhi-aviation-traffic-data,Delhi Aviation Traffic Data,https://data.opencity.in/dataset/delhi-aviation-traffic-data,government-of-india,delhi,,2026-01-28T04:09:52.015200,function,1,4b1a3059-3d07-45eb-bff5-9e824350c750,Quarterly International Flights Data - 2019,CSV,https://data.opencity.in/dataset/f0b45685-187d-440b-86b4-6d53f8523748/resource/4b1a3059-3d07-45eb-bff5-9e824350c750/download/91fbecf8-358d-4844-994b-e325c4870379.csv,13614,2025-11-25T13:44:38.753452,text/csv,not_downloaded,,,OpenCity catalogue inventory row; resource not promoted into city source tree yet.
delhi-aviation-traffic-data,Delhi Aviation Traffic Data,https://data.opencity.in/dataset/delhi-aviation-traffic-data,government-of-india,delhi,,2026-01-28T04:09:52.015200,function,1,f787cad2-1f3e-4fac-8249-445b71e5ec13,Quarterly International Flights Data - 2020,CSV,https://data.opencity.in/dataset/f0b45685-187d-440b-86b4-6d53f8523748/resource/f787cad2-1f3e-4fac-8249-445b71e5ec13/download/9d810102-1fc1-4b4a-a6fd-d94dbc94bb98.csv,13780,2025-11-25T13:44:39.253444,text/csv,not_downloaded,,,OpenCity catalogue inventory row; resource not promoted into city source tree yet.
delhi-aviation-traffic-data,Delhi Aviation Traffic Data,https://data.opencity.in/dataset/delhi-aviation-traffic-data,government-of-india,delhi,,2026-01-28T04:09:52.015200,function,1,13920cc6-b4d9-4061-814e-ff1fd814609a,Quarterly International Flights Data - 2021,CSV,https://data.opencity.in/dataset/f0b45685-187d-440b-86b4-6d53f8523748/resource/13920cc6-b4d9-4061-814e-ff1fd814609a/download/c855babd-1265-4457-b8eb-435bb42c8fed.csv,12748,2025-11-25T13:44:39.956390,text/csv,not_downloaded,,,OpenCity catalogue inventory row; resource not promoted into city source tree yet.
delhi-aviation-traffic-data,Delhi Aviation Traffic Data,https://data.opencity.in/dataset/delhi-aviation-traffic-data,government-of-india,delhi,,2026-01-28T04:09:52.015200,function,1,4491925a-f247-4e5c-adcd-855d27be0a6c,Quarterly International Flights Data - 2022,CSV,https://data.opencity.in/dataset/f0b45685-187d-440b-86b4-6d53f8523748/resource/4491925a-f247-4e5c-adcd-855d27be0a6c/download/78451ad0-89fb-448a-b968-703bb8e28ccc.csv,12103,2025-11-25T13:44:40.526721,text/csv,not_downloaded,,,OpenCity catalogue inventory row; resource not promoted into city source tree yet.
delhi-aviation-traffic-data,Delhi Aviation Traffic Data,https://data.opencity.in/dataset/delhi-aviation-traffic-data,government-of-india,delhi,,2026-01-28T04:09:52.015200,function,1,2b3b3139-3aed-45e4-8ebe-b9f977e59674,Quarterly International Flights Data - 2023,CSV,https://data.opencity.in/dataset/f0b45685-187d-440b-86b4-6d53f8523748/resource/2b3b3139-3aed-45e4-8ebe-b9f977e59674/download/7bddc687-10b9-4511-89d7-a576a5d27c85.csv,12794,2025-11-25T13:44:41.091663,text/csv,not_downloaded,,,OpenCity catalogue inventory row; resource not promoted into city source tree yet.
delhi-aviation-traffic-data,Delhi Aviation Traffic Data,https://data.opencity.in/dataset/delhi-aviation-traffic-data,government-of-india,delhi,,2026-01-28T04:09:52.015200,function,1,534246fc-52ed-4357-8a91-2320a666e50b,Quarterly International Flights Data - 2024,CSV,https://data.opencity.in/dataset/f0b45685-187d-440b-86b4-6d53f8523748/resource/534246fc-52ed-4357-8a91-2320a666e50b/download/d2c17a3a-2904-4577-878d-922f8cf94c62.csv,6591,2025-11-25T13:44:41.650042,text/csv,not_downloaded,,,OpenCity catalogue inventory row; resource not promoted into city source tree yet.
delhi-aviation-traffic-data,Delhi Aviation Traffic Data,https://data.opencity.in/dataset/delhi-aviation-traffic-data,government-of-india,delhi,,2026-01-28T04:09:52.015200,function,1,87296d8f-b890-473e-8508-7df2978282b0,Monthly Domestic Flights Data - 2024,CSV,https://data.opencity.in/dataset/f0b45685-187d-440b-86b4-6d53f8523748/resource/87296d8f-b890-473e-8508-7df2978282b0/download/delhi-2024-domestic.csv,53621,2026-01-28T04:09:37.864130,text/csv,not_downloaded,,,OpenCity catalogue inventory row; resource not promoted into city source tree yet.
delhi-aviation-traffic-data,Delhi Aviation Traffic Data,https://data.opencity.in/dataset/delhi-aviation-traffic-data,government-of-india,delhi,,2026-01-28T04:09:52.015200,function,1,4b6dbe54-360d-4f86-abbf-a38aa0a40599,Monthly Domestic Flights Data - 2025,CSV,https://data.opencity.in/dataset/f0b45685-187d-440b-86b4-6d53f8523748/resource/4b6dbe54-360d-4f86-abbf-a38aa0a40599/download/delhi-2025-domestic.csv,50332,2026-01-28T04:09:40.482851,text/csv,not_downloaded,,,OpenCity catalogue inventory row; resource not promoted into city source tree yet.
delhi-aviation-traffic-data,Delhi Aviation Traffic Data,https://data.opencity.in/dataset/delhi-aviation-traffic-data,government-of-india,delhi,,2026-01-28T04:09:52.015200,function,1,f0668190-a871-4728-be00-a1d4d0ef81fe,Quarterly International Flights Data - 2024,CSV,https://data.opencity.in/dataset/f0b45685-187d-440b-86b4-6d53f8523748/resource/f0668190-a871-4728-be00-a1d4d0ef81fe/download/delhi-2024-international.csv,13226,2026-01-28T04:09:43.080258,text/csv,not_downloaded,,,OpenCity catalogue inventory row; resource not promoted into city source tree yet.
delhi-aviation-traffic-data,Delhi Aviation Traffic Data,https://data.opencity.in/dataset/delhi-aviation-traffic-data,government-of-india,delhi,,2026-01-28T04:09:52.015200,function,1,7c8f73df-7603-4697-9862-9eaf04fd93d3,Quarterly International Flights Data - 2024,CSV,https://data.opencity.in/dataset/f0b45685-187d-440b-86b4-6d53f8523748/resource/7c8f73df-7603-4697-9862-9eaf04fd93d3/download/delhi-2025-international.csv,10287,2026-01-28T04:09:45.736007,text/csv,not_downloaded,,,OpenCity catalogue inventory row; resource not promoted into city source tree yet.
delhi-construction-bye-laws,Delhi Building Bye-laws,https://data.opencity.in/dataset/delhi-construction-bye-laws,government-of-delhi,delhi,Urban Planning,2025-11-27T12:41:01.166197,profits,1,9d86bd0c-5d7c-48a1-9ca4-a97205241ee5,Unified Building Bye-laws for Delhi 2016,PDF,https://data.opencity.in/dataset/e20bc896-07ba-4dbb-bd5d-d01a111b40f2/resource/9d86bd0c-5d7c-48a1-9ca4-a97205241ee5/download/772f8fb9-bff6-421a-a1ff-d88671f03b96.pdf,5432305,2025-11-25T13:46:34.273577,application/pdf,not_downloaded,,,OpenCity catalogue inventory row; resource not promoted into city source tree yet.
delhi-construction-bye-laws,Delhi Building Bye-laws,https://data.opencity.in/dataset/delhi-construction-bye-laws,government-of-delhi,delhi,Urban Planning,2025-11-27T12:41:01.166197,profits,1,f732c371-364f-4d93-82ec-996ba6e392fa,Government Order with the Bye-laws in Hindi and English,PDF,https://data.opencity.in/dataset/e20bc896-07ba-4dbb-bd5d-d01a111b40f2/resource/f732c371-364f-4d93-82ec-996ba6e392fa/download/f8549ebd-c278-417d-bd42-9bacd030c749.pdf,3934664,2025-11-25T13:46:34.593778,application/pdf,not_downloaded,,,OpenCity catalogue inventory row; resource not promoted into city source tree yet.
delhi-dise-data-2017-18,Delhi DISE Data 2017-18,https://data.opencity.in/dataset/delhi-dise-data-2017-18,government-of-delhi,delhi,Education,2025-11-27T12:37:20.751981,function,1,50541c4b-1c54-46c5-97ef-57a0a26e8d2b,Delhi DISE Basic Data for Schools 2017-18,CSV,https://data.opencity.in/dataset/f966c64c-238c-4e44-999a-ada26950054d/resource/50541c4b-1c54-46c5-97ef-57a0a26e8d2b/download/82083309-449b-4363-98f1-7e1feafa4e2b.csv,786082,2025-11-25T13:46:47.172090,text/csv,not_downloaded,,,OpenCity catalogue inventory row; resource not promoted into city source tree yet.
delhi-dise-data-2017-18,Delhi DISE Data 2017-18,https://data.opencity.in/dataset/delhi-dise-data-2017-18,government-of-delhi,delhi,Education,2025-11-27T12:37:20.751981,function,1,cb2018ad-46b1-4e43-bee3-bb6a3351e76f,Delhi Schools Facilities Data 2017-18,CSV,https://data.opencity.in/dataset/f966c64c-238c-4e44-999a-ada26950054d/resource/cb2018ad-46b1-4e43-bee3-bb6a3351e76f/download/6a4dee2a-d7f5-4900-8b29-efcb382dbebf.csv,401892,2025-11-25T13:46:47.494646,text/csv,not_downloaded,,,OpenCity catalogue inventory row; resource not promoted into city source tree yet.
delhi-dise-data-2017-18,Delhi DISE Data 2017-18,https://data.opencity.in/dataset/delhi-dise-data-2017-18,government-of-delhi,delhi,Education,2025-11-27T12:37:20.751981,function,1,dfa91530-9d12-42ff-9547-9ddba744a545,Delhi Schools Teachers Data 2017-18,CSV,https://data.opencity.in/dataset/f966c64c-238c-4e44-999a-ada26950054d/resource/dfa91530-9d12-42ff-9547-9ddba744a545/download/407cf7ba-98f5-43d0-9a75-0e705f04e55c.csv,286168,2025-11-25T13:46:47.861605,text/csv,not_downloaded,,,OpenCity catalogue inventory row; resource not promoted into city source tree yet.
delhi-dise-data-2017-18,Delhi DISE Data 2017-18,https://data.opencity.in/dataset/delhi-dise-data-2017-18,government-of-delhi,delhi,Education,2025-11-27T12:37:20.751981,function,1,071804cb-d0e6-4a4c-aa78-0c2d6aacd903,Delhi Schools Total Students Data 2017-18,CSV,https://data.opencity.in/dataset/f966c64c-238c-4e44-999a-ada26950054d/resource/071804cb-d0e6-4a4c-aa78-0c2d6aacd903/download/3bf8b3aa-4909-4b76-91c2-4cb0656a372c.csv,702254,2025-11-25T13:46:48.273088,text/csv,not_downloaded,,,OpenCity catalogue inventory row; resource not promoted into city source tree yet.
delhi-dise-data-2017-18,Delhi DISE Data 2017-18,https://data.opencity.in/dataset/delhi-dise-data-2017-18,government-of-delhi,delhi,Education,2025-11-27T12:37:20.751981,function,1,67bcda78-6fd1-4511-8cdd-2cf465a584ba,Delhi Schools Students with Disability Data 2017-18,CSV,https://data.opencity.in/dataset/f966c64c-238c-4e44-999a-ada26950054d/resource/67bcda78-6fd1-4511-8cdd-2cf465a584ba/download/78d3e9e2-eda1-4737-a9de-6cd8606dc7d1.csv,398427,2025-11-25T13:46:48.873014,text/csv,not_downloaded,,,OpenCity catalogue inventory row; resource not promoted into city source tree yet.
delhi-dise-data-2017-18,Delhi DISE Data 2017-18,https://data.opencity.in/dataset/delhi-dise-data-2017-18,government-of-delhi,delhi,Education,2025-11-27T12:37:20.751981,function,1,80fa7ae0-869a-4ec2-9546-d8ae83946ec3,Delhi Schools General Students Data 2017-18,CSV,https://data.opencity.in/dataset/f966c64c-238c-4e44-999a-ada26950054d/resource/80fa7ae0-869a-4ec2-9546-d8ae83946ec3/download/d9349e6b-30e2-47a3-888d-a16feedd2303.csv,593425,2025-11-25T13:46:49.304710,text/csv,not_downloaded,,,OpenCity catalogue inventory row; resource not promoted into city source tree yet.
delhi-dise-data-2017-18,Delhi DISE Data 2017-18,https://data.opencity.in/dataset/delhi-dise-data-2017-18,government-of-delhi,delhi,Education,2025-11-27T12:37:20.751981,function,1,b2b53aeb-ad1c-4548-a4a8-7321d21e742c,Delhi Schools OBC Students Data 2017-18,CSV,https://data.opencity.in/dataset/f966c64c-238c-4e44-999a-ada26950054d/resource/b2b53aeb-ad1c-4548-a4a8-7321d21e742c/download/38a9b8de-a7f3-46c6-a51a-1ff9aa983f58.csv,402378,2025-11-25T13:46:49.771574,text/csv,not_downloaded,,,OpenCity catalogue inventory row; resource not promoted into city source tree yet.
delhi-dise-data-2017-18,Delhi DISE Data 2017-18,https://data.opencity.in/dataset/delhi-dise-data-2017-18,government-of-delhi,delhi,Education,2025-11-27T12:37:20.751981,function,1,ad78b5d8-692b-47e5-9b63-7aa6a3afca4e,Delhi Schools SC Students Data 2017-18,CSV,https://data.opencity.in/dataset/f966c64c-238c-4e44-999a-ada26950054d/resource/ad78b5d8-692b-47e5-9b63-7aa6a3afca4e/download/86d71771-f203-4168-a22a-f9104f944e51.csv,407944,2025-11-25T13:46:50.252750,text/csv,not_downloaded,,,OpenCity catalogue inventory row; resource not promoted into city source tree yet.
delhi-dise-data-2017-18,Delhi DISE Data 2017-18,https://data.opencity.in/dataset/delhi-dise-data-2017-18,government-of-delhi,delhi,Education,2025-11-27T12:37:20.751981,function,1,1f7158da-72ec-4980-afd2-11f1dfdce1f8,Delhi Schools ST Students Data 2017-18,CSV,https://data.opencity.in/dataset/f966c64c-238c-4e44-999a-ada26950054d/resource/1f7158da-72ec-4980-afd2-11f1dfdce1f8/download/28f7d0eb-038f-4900-8364-dc4d2c158779.csv,395313,2025-11-25T13:46:50.920568,text/csv,not_downloaded,,,OpenCity catalogue inventory row; resource not promoted into city source tree yet.
delhi-dise-data-2017-18,Delhi DISE Data 2017-18,https://data.opencity.in/dataset/delhi-dise-data-2017-18,government-of-delhi,delhi,Education,2025-11-27T12:37:20.751981,function,1,608127ed-a0dd-4000-b17b-45391402fe41,Delhi Schools RTE Students Data 2017-18,CSV,https://data.opencity.in/dataset/f966c64c-238c-4e44-999a-ada26950054d/resource/608127ed-a0dd-4000-b17b-45391402fe41/download/e9d78ca1-8071-42ca-b7e6-33a44de50eb4.csv,611525,2025-11-25T13:46:51.401299,text/csv,not_downloaded,,,OpenCity catalogue inventory row; resource not promoted into city source tree yet.
delhi-dise-data-2017-18,Delhi DISE Data 2017-18,https://data.opencity.in/dataset/delhi-dise-data-2017-18,government-of-delhi,delhi,Education,2025-11-27T12:37:20.751981,function,1,a9729c7b-de15-489d-8e6e-84de5331e0ea,Delhi Schools Repeater Students Data 2017-18,CSV,https://data.opencity.in/dataset/f966c64c-238c-4e44-999a-ada26950054d/resource/a9729c7b-de15-489d-8e6e-84de5331e0ea/download/346388d8-17e3-4448-8ef2-1c319f7d0f9c.csv,397291,2025-11-25T13:46:51.905048,text/csv,not_downloaded,,,OpenCity catalogue inventory row; resource not promoted into city source tree yet.
delhi-draft-master-plan-mpd-2041,Delhi Draft Master Plan (MPD) 2041,https://data.opencity.in/dataset/delhi-draft-master-plan-mpd-2041,government-of-delhi,delhi,Urban Planning,2025-11-27T12:40:55.298690,decides;profits,1,068797bb-99c9-4375-bf4c-509d023b78ed,Draft Land Use Plan for Delhi MPD 2041,PDF,https://data.opencity.in/dataset/7399c318-9370-47db-ad10-afafd09be8ac/resource/068797bb-99c9-4375-bf4c-509d023b78ed/download/cb97decd-388e-4793-b117-4b68c1233c65.pdf,3706716,2025-11-25T13:47:07.338425,application/pdf,not_downloaded,,,OpenCity catalogue inventory row; resource not promoted into city source tree yet.
delhi-draft-master-plan-mpd-2041,Delhi Draft Master Plan (MPD) 2041,https://data.opencity.in/dataset/delhi-draft-master-plan-mpd-2041,government-of-delhi,delhi,Urban Planning,2025-11-27T12:40:55.298690,decides;profits,1,ed69a5d8-4899-42a2-8fef-c9de4992f863,Delhi - Public Notice on Draft Master Plan (MPD) 2041 - Hindi,PDF,https://data.opencity.in/dataset/7399c318-9370-47db-ad10-afafd09be8ac/resource/ed69a5d8-4899-42a2-8fef-c9de4992f863/download/9b000995-da03-44ff-afb8-17a3a27c51b7.pdf,6629064,2025-11-25T13:47:07.672458,application/pdf,not_downloaded,,,OpenCity catalogue inventory row; resource not promoted into city source tree yet.
delhi-draft-master-plan-mpd-2041,Delhi Draft Master Plan (MPD) 2041,https://data.opencity.in/dataset/delhi-draft-master-plan-mpd-2041,government-of-delhi,delhi,Urban Planning,2025-11-27T12:40:55.298690,decides;profits,1,0a42278a-2a78-4021-9ac4-e1d2501d775c,Delhi MDP 2021 Land Use Map - Zone A (Walled City),PDF,https://data.opencity.in/dataset/7399c318-9370-47db-ad10-afafd09be8ac/resource/0a42278a-2a78-4021-9ac4-e1d2501d775c/download/c89fbaa0-c827-49f9-bf59-d4f227355aa8.pdf,668500,2025-11-25T13:47:08.005194,application/pdf,not_downloaded,,,OpenCity catalogue inventory row; resource not promoted into city source tree yet.
delhi-draft-master-plan-mpd-2041,Delhi Draft Master Plan (MPD) 2041,https://data.opencity.in/dataset/delhi-draft-master-plan-mpd-2041,government-of-delhi,delhi,Urban Planning,2025-11-27T12:40:55.298690,decides;profits,1,c4fa98fd-1325-49d6-8dce-f190adbca3a2,Delhi MDP 2021 Land Use Map - Zone A (Other Than Walled City),PDF,https://data.opencity.in/dataset/7399c318-9370-47db-ad10-afafd09be8ac/resource/c4fa98fd-1325-49d6-8dce-f190adbca3a2/download/4cfb2887-7080-481b-b337-4096b01772e4.pdf,1298883,2025-11-25T13:47:08.349175,application/pdf,not_downloaded,,,OpenCity catalogue inventory row; resource not promoted into city source tree yet.
delhi-draft-master-plan-mpd-2041,Delhi Draft Master Plan (MPD) 2041,https://data.opencity.in/dataset/delhi-draft-master-plan-mpd-2041,government-of-delhi,delhi,Urban Planning,2025-11-27T12:40:55.298690,decides;profits,1,4f4c2e64-aece-4602-9387-fb31885ea8e3,Delhi MDP 2021 Land Use Map - Zone B,PDF,https://data.opencity.in/dataset/7399c318-9370-47db-ad10-afafd09be8ac/resource/4f4c2e64-aece-4602-9387-fb31885ea8e3/download/cbd028c0-4632-4b9d-ae65-d0a323616ab5.pdf,2411677,2025-11-25T13:47:08.913717,application/pdf,not_downloaded,,,OpenCity catalogue inventory row; resource not promoted into city source tree yet.
delhi-draft-master-plan-mpd-2041,Delhi Draft Master Plan (MPD) 2041,https://data.opencity.in/dataset/delhi-draft-master-plan-mpd-2041,government-of-delhi,delhi,Urban Planning,2025-11-27T12:40:55.298690,decides;profits,1,29c53055-b0a4-4505-882d-df46e2a3b704,Delhi MDP 2021 Land Use Map - Zone C,PDF,https://data.opencity.in/dataset/7399c318-9370-47db-ad10-afafd09be8ac/resource/29c53055-b0a4-4505-882d-df46e2a3b704/download/8728d791-f1e3-4c8e-a663-c5f9a3f28869.pdf,2459630,2025-11-25T13:47:09.296041,application/pdf,not_downloaded,,,OpenCity catalogue inventory row; resource not promoted into city source tree yet.
delhi-draft-master-plan-mpd-2041,Delhi Draft Master Plan (MPD) 2041,https://data.opencity.in/dataset/delhi-draft-master-plan-mpd-2041,government-of-delhi,delhi,Urban Planning,2025-11-27T12:40:55.298690,decides;profits,1,fdbc158f-b926-4ef6-b77e-256c31a4b711,Delhi MDP 2021 Report - Zone D,PDF,https://data.opencity.in/dataset/7399c318-9370-47db-ad10-afafd09be8ac/resource/fdbc158f-b926-4ef6-b77e-256c31a4b711/download/5d21d640-785a-4e2f-ac2e-999c026f8714.pdf,953510,2025-11-25T13:47:09.692533,application/pdf,not_downloaded,,,OpenCity catalogue inventory row; resource not promoted into city source tree yet.
delhi-draft-master-plan-mpd-2041,Delhi Draft Master Plan (MPD) 2041,https://data.opencity.in/dataset/delhi-draft-master-plan-mpd-2041,government-of-delhi,delhi,Urban Planning,2025-11-27T12:40:55.298690,decides;profits,1,3eb2c26c-bc59-4b92-9ef9-281780d83c0a,Delhi MDP 2021 Land Use Map - Zone D (Hindi),PDF,https://data.opencity.in/dataset/7399c318-9370-47db-ad10-afafd09be8ac/resource/3eb2c26c-bc59-4b92-9ef9-281780d83c0a/download/eead6d10-0339-4cf5-a283-92649acc8cc0.pdf,2035471,2025-11-25T13:47:10.098489,application/pdf,not_downloaded,,,OpenCity catalogue inventory row; resource not promoted into city source tree yet.
delhi-draft-master-plan-mpd-2041,Delhi Draft Master Plan (MPD) 2041,https://data.opencity.in/dataset/delhi-draft-master-plan-mpd-2041,government-of-delhi,delhi,Urban Planning,2025-11-27T12:40:55.298690,decides;profits,1,0ded5da4-af45-490b-87af-4e287e7a0a0e,Delhi MDP 2021 Land Use Map - Zone E,PDF,https://data.opencity.in/dataset/7399c318-9370-47db-ad10-afafd09be8ac/resource/0ded5da4-af45-490b-87af-4e287e7a0a0e/download/dcecdc3d-0591-4b02-b89f-7756772e9509.pdf,2000181,2025-11-25T13:47:10.755009,application/pdf,not_downloaded,,,OpenCity catalogue inventory row; resource not promoted into city source tree yet.
delhi-draft-master-plan-mpd-2041,Delhi Draft Master Plan (MPD) 2041,https://data.opencity.in/dataset/delhi-draft-master-plan-mpd-2041,government-of-delhi,delhi,Urban Planning,2025-11-27T12:40:55.298690,decides;profits,1,fd97a4df-ea26-410d-a033-ce9dbd87c560,Delhi MDP 2021 Land Use Map - Zone F,PDF,https://data.opencity.in/dataset/7399c318-9370-47db-ad10-afafd09be8ac/resource/fd97a4df-ea26-410d-a033-ce9dbd87c560/download/aa1471f6-152c-47f1-90be-78c9b3e2571f.pdf,2280968,2025-11-25T13:47:11.194769,application/pdf,not_downloaded,,,OpenCity catalogue inventory row; resource not promoted into city source tree yet.
delhi-draft-master-plan-mpd-2041,Delhi Draft Master Plan (MPD) 2041,https://data.opencity.in/dataset/delhi-draft-master-plan-mpd-2041,government-of-delhi,delhi,Urban Planning,2025-11-27T12:40:55.298690,decides;profits,1,525c3fdd-2f85-4096-88a3-45e9a26566f8,Delhi MDP 2021 Land Use Map - Zone G,PDF,https://data.opencity.in/dataset/7399c318-9370-47db-ad10-afafd09be8ac/resource/525c3fdd-2f85-4096-88a3-45e9a26566f8/download/ec708ee8-6f3b-4ba7-9421-d49a90aaecdd.pdf,6551716,2025-11-25T13:47:11.687885,application/pdf,not_downloaded,,,OpenCity catalogue inventory row; resource not promoted into city source tree yet.
delhi-draft-master-plan-mpd-2041,Delhi Draft Master Plan (MPD) 2041,https://data.opencity.in/dataset/delhi-draft-master-plan-mpd-2041,government-of-delhi,delhi,Urban Planning,2025-11-27T12:40:55.298690,decides;profits,1,868c0f4a-06b7-4147-9e97-68496deee76f,Delhi MDP 2021 Land Use Map - Zone H,PDF,https://data.opencity.in/dataset/7399c318-9370-47db-ad10-afafd09be8ac/resource/868c0f4a-06b7-4147-9e97-68496deee76f/download/af7e2e37-d0b9-4884-9dc7-369ca99658b6.pdf,3624367,2025-11-25T13:47:12.164908,application/pdf,not_downloaded,,,OpenCity catalogue inventory row; resource not promoted into city source tree yet.
delhi-draft-master-plan-mpd-2041,Delhi Draft Master Plan (MPD) 2041,https://data.opencity.in/dataset/delhi-draft-master-plan-mpd-2041,government-of-delhi,delhi,Urban Planning,2025-11-27T12:40:55.298690,decides;profits,1,cef37c83-bd94-41f9-8831-b730b013ad56,Delhi MDP 2021 Land Use Map - Zone J,PDF,https://data.opencity.in/dataset/7399c318-9370-47db-ad10-afafd09be8ac/resource/cef37c83-bd94-41f9-8831-b730b013ad56/download/79ddc378-d159-4707-96f4-a5d618d1b7df.pdf,1549917,2025-11-25T13:47:12.889043,application/pdf,not_downloaded,,,OpenCity catalogue inventory row; resource not promoted into city source tree yet.
delhi-draft-master-plan-mpd-2041,Delhi Draft Master Plan (MPD) 2041,https://data.opencity.in/dataset/delhi-draft-master-plan-mpd-2041,government-of-delhi,delhi,Urban Planning,2025-11-27T12:40:55.298690,decides;profits,1,5239fb07-0b07-4b62-a19f-6ec6ed0a7222,Delhi MDP 2021 Land Use Map - Zone K1,PDF,https://data.opencity.in/dataset/7399c318-9370-47db-ad10-afafd09be8ac/resource/5239fb07-0b07-4b62-a19f-6ec6ed0a7222/download/dd36372c-db94-4520-9ee0-193542b55a04.pdf,5911301,2025-11-25T13:47:13.390291,application/pdf,not_downloaded,,,OpenCity catalogue inventory row; resource not promoted into city source tree yet.
delhi-draft-master-plan-mpd-2041,Delhi Draft Master Plan (MPD) 2041,https://data.opencity.in/dataset/delhi-draft-master-plan-mpd-2041,government-of-delhi,delhi,Urban Planning,2025-11-27T12:40:55.298690,decides;profits,1,e95a1f22-62a1-49ba-ad56-6198352805f8,Delhi MDP 2021 Maps - Zone K1,PDF,https://data.opencity.in/dataset/7399c318-9370-47db-ad10-afafd09be8ac/resource/e95a1f22-62a1-49ba-ad56-6198352805f8/download/cbb2aea6-3dad-4120-a887-c0948dbed8b4.pdf,298166,2025-11-25T13:47:13.854155,application/pdf,not_downloaded,,,OpenCity catalogue inventory row; resource not promoted into city source tree yet.
delhi-draft-master-plan-mpd-2041,Delhi Draft Master Plan (MPD) 2041,https://data.opencity.in/dataset/delhi-draft-master-plan-mpd-2041,government-of-delhi,delhi,Urban Planning,2025-11-27T12:40:55.298690,decides;profits,1,99c97022-c975-4b40-8bd3-48205270cf13,Delhi MDP 2021 Land Use Maps - Zone K2,PDF,https://data.opencity.in/dataset/7399c318-9370-47db-ad10-afafd09be8ac/resource/99c97022-c975-4b40-8bd3-48205270cf13/download/d252b522-6257-43c4-be94-3da83022c626.pdf,894576,2025-11-25T13:47:14.347249,application/pdf,not_downloaded,,,OpenCity catalogue inventory row; resource not promoted into city source tree yet.
delhi-draft-master-plan-mpd-2041,Delhi Draft Master Plan (MPD) 2041,https://data.opencity.in/dataset/delhi-draft-master-plan-mpd-2041,government-of-delhi,delhi,Urban Planning,2025-11-27T12:40:55.298690,decides;profits,1,bee83238-09a2-498b-a9e5-2292cbe12b65,Delhi MDP 2021 Map 2 - Zone K2,PDF,https://data.opencity.in/dataset/7399c318-9370-47db-ad10-afafd09be8ac/resource/bee83238-09a2-498b-a9e5-2292cbe12b65/download/6f07ef71-6cf7-4715-bac3-6cc11cd9d62f.pdf,897701,2025-11-25T13:47:14.870660,application/pdf,not_downloaded,,,OpenCity catalogue inventory row; resource not promoted into city source tree yet.
delhi-draft-master-plan-mpd-2041,Delhi Draft Master Plan (MPD) 2041,https://data.opencity.in/dataset/delhi-draft-master-plan-mpd-2041,government-of-delhi,delhi,Urban Planning,2025-11-27T12:40:55.298690,decides;profits,1,07c59acd-66d8-4034-a88d-1e12b977258a,Delhi MDP 2021 Map 3 - Zone K2,PDF,https://data.opencity.in/dataset/7399c318-9370-47db-ad10-afafd09be8ac/resource/07c59acd-66d8-4034-a88d-1e12b977258a/download/9a91ca04-2bd8-4cea-8691-32970459a812.pdf,1137593,2025-11-25T13:47:15.434894,application/pdf,not_downloaded,,,OpenCity catalogue inventory row; resource not promoted into city source tree yet.
delhi-draft-master-plan-mpd-2041,Delhi Draft Master Plan (MPD) 2041,https://data.opencity.in/dataset/delhi-draft-master-plan-mpd-2041,government-of-delhi,delhi,Urban Planning,2025-11-27T12:40:55.298690,decides;profits,1,64474f6b-c3e3-4a7a-bafe-aa9d43feee7c,Delhi MDP 2021 Land Use Map - Zone L,PDF,https://data.opencity.in/dataset/7399c318-9370-47db-ad10-afafd09be8ac/resource/64474f6b-c3e3-4a7a-bafe-aa9d43feee7c/download/00c23ac8-84d4-4dcf-beb6-b94989562885.pdf,65000962,2025-11-25T13:47:16.481702,application/pdf,not_downloaded,,,OpenCity catalogue inventory row; resource not promoted into city source tree yet.
delhi-draft-master-plan-mpd-2041,Delhi Draft Master Plan (MPD) 2041,https://data.opencity.in/dataset/delhi-draft-master-plan-mpd-2041,government-of-delhi,delhi,Urban Planning,2025-11-27T12:40:55.298690,decides;profits,1,116e8ce1-0c27-40cb-a86e-c748463f9986,Delhi MDP 2021 Land Use Map - Zone M,PDF,https://data.opencity.in/dataset/7399c318-9370-47db-ad10-afafd09be8ac/resource/116e8ce1-0c27-40cb-a86e-c748463f9986/download/614ab4c9-a438-4f44-80a4-7c41d29ed39d.pdf,4279101,2025-11-25T13:47:17.187644,application/pdf,not_downloaded,,,OpenCity catalogue inventory row; resource not promoted into city source tree yet.
delhi-draft-master-plan-mpd-2041,Delhi Draft Master Plan (MPD) 2041,https://data.opencity.in/dataset/delhi-draft-master-plan-mpd-2041,government-of-delhi,delhi,Urban Planning,2025-11-27T12:40:55.298690,decides;profits,1,bca4c143-106a-4266-a6cc-901fd148f99f,Delhi MDP 2021 Land Use Map - Zone N,PDF,https://data.opencity.in/dataset/7399c318-9370-47db-ad10-afafd09be8ac/resource/bca4c143-106a-4266-a6cc-901fd148f99f/download/e1bab68d-b930-42a2-ba23-e21445550269.pdf,13191424,2025-11-25T13:47:17.878784,application/pdf,not_downloaded,,,OpenCity catalogue inventory row; resource not promoted into city source tree yet.
delhi-draft-master-plan-mpd-2041,Delhi Draft Master Plan (MPD) 2041,https://data.opencity.in/dataset/delhi-draft-master-plan-mpd-2041,government-of-delhi,delhi,Urban Planning,2025-11-27T12:40:55.298690,decides;profits,1,9952391b-264f-424d-83d2-df49b0daef46,Delhi MDP 2021 Land Use Map - Zone O,PDF,https://data.opencity.in/dataset/7399c318-9370-47db-ad10-afafd09be8ac/resource/9952391b-264f-424d-83d2-df49b0daef46/download/a4ffb739-44d5-4a2c-8319-c5e6aef60c61.pdf,1853602,2025-11-25T13:47:18.724649,application/pdf,not_downloaded,,,OpenCity catalogue inventory row; resource not promoted into city source tree yet.
delhi-draft-master-plan-mpd-2041,Delhi Draft Master Plan (MPD) 2041,https://data.opencity.in/dataset/delhi-draft-master-plan-mpd-2041,government-of-delhi,delhi,Urban Planning,2025-11-27T12:40:55.298690,decides;profits,1,034110fd-2852-4114-b27f-0181e29d206a,Delhi MDP 2021 Land Use Map - Zone P-I,PDF,https://data.opencity.in/dataset/7399c318-9370-47db-ad10-afafd09be8ac/resource/034110fd-2852-4114-b27f-0181e29d206a/download/6366c854-99aa-4c9f-b08b-5e18fb784bed.pdf,7061402,2025-11-25T13:47:19.406210,application/pdf,not_downloaded,,,OpenCity catalogue inventory row; resource not promoted into city source tree yet.
delhi-draft-master-plan-mpd-2041,Delhi Draft Master Plan (MPD) 2041,https://data.opencity.in/dataset/delhi-draft-master-plan-mpd-2041,government-of-delhi,delhi,Urban Planning,2025-11-27T12:40:55.298690,decides;profits,1,17f1d4bb-ee9e-497c-bba7-b601a1f5bb04,Delhi MDP 2021 Land Use Map - Zone P-II,PDF,https://data.opencity.in/dataset/7399c318-9370-47db-ad10-afafd09be8ac/resource/17f1d4bb-ee9e-497c-bba7-b601a1f5bb04/download/0edbee41-7aaf-4bb1-ba2a-294cdff1849f.pdf,1199066,2025-11-25T13:47:20.075949,application/pdf,not_downloaded,,,OpenCity catalogue inventory row; resource not promoted into city source tree yet.
delhi-government-order-on-shift-of-all-commercial-vehicles-to-evs-2023,Delhi Government Order On Shift of All Commercial Vehicles to EVs - 2023,https://data.opencity.in/dataset/delhi-government-order-on-shift-of-all-commercial-vehicles-to-evs-2023,government-of-delhi,delhi,Environment;Mobility,2025-11-27T12:37:53.816496,function,1,82b2b748-7573-4422-a7bd-b4400a6fb89a,Delhi - Gazette for Shift to EVs for Commercial Vehicles by 2030,PDF,https://data.opencity.in/dataset/e8ff4ba3-0d2f-4aff-b877-820fdb77e30e/resource/82b2b748-7573-4422-a7bd-b4400a6fb89a/download/01b4f722-c3d8-4bf9-91cc-7abf044e2736.pdf,1281097,2025-11-25T13:48:38.576988,application/pdf,not_downloaded,,,OpenCity catalogue inventory row; resource not promoted into city source tree yet.
delhi-hourly-air-quality-reports,Delhi Hourly Air Quality Reports,https://data.opencity.in/dataset/delhi-hourly-air-quality-reports,central-pollution-control-board,delhi,Environment,2026-01-15T07:26:26.425446,function,1,64ab6099-7e69-494e-823c-2e6d08da5e52,Alipur DPCC AQI Data 2017-2023,CSV,https://data.opencity.in/dataset/0dc7b9fe-9fd4-46ee-a37e-88f0bd6f6362/resource/64ab6099-7e69-494e-823c-2e6d08da5e52/download/cc428f84-cc61-4ef8-934b-b4e7fc397e74.csv,248406,2025-11-25T13:49:26.930817,text/csv,not_downloaded,,,OpenCity catalogue inventory row; resource not promoted into city source tree yet.
delhi-hourly-air-quality-reports,Delhi Hourly Air Quality Reports,https://data.opencity.in/dataset/delhi-hourly-air-quality-reports,central-pollution-control-board,delhi,Environment,2026-01-15T07:26:26.425446,function,1,c1d1fe4e-d515-4b2c-b7f3-b876b00f6c58,Anand Vihar DPCC AQI Data 2017-2023,CSV,https://data.opencity.in/dataset/0dc7b9fe-9fd4-46ee-a37e-88f0bd6f6362/resource/c1d1fe4e-d515-4b2c-b7f3-b876b00f6c58/download/6c3a6f63-8294-44c0-88dd-ad078ef4c91b.csv,295151,2025-11-25T13:49:27.255142,text/csv,not_downloaded,,,OpenCity catalogue inventory row; resource not promoted into city source tree yet.
delhi-hourly-air-quality-reports,Delhi Hourly Air Quality Reports,https://data.opencity.in/dataset/delhi-hourly-air-quality-reports,central-pollution-control-board,delhi,Environment,2026-01-15T07:26:26.425446,function,1,e0862a75-f104-4eaa-841a-db491f9e9b94,Ashok Vihar DPCC AQI Data 2017-2023,CSV,https://data.opencity.in/dataset/0dc7b9fe-9fd4-46ee-a37e-88f0bd6f6362/resource/e0862a75-f104-4eaa-841a-db491f9e9b94/download/33f56c56-3203-47bc-8b86-65df414d7d54.csv,288183,2025-11-25T13:49:27.652433,text/csv,not_downloaded,,,OpenCity catalogue inventory row; resource not promoted into city source tree yet.
delhi-hourly-air-quality-reports,Delhi Hourly Air Quality Reports,https://data.opencity.in/dataset/delhi-hourly-air-quality-reports,central-pollution-control-board,delhi,Environment,2026-01-15T07:26:26.425446,function,1,8d9950b8-2938-4268-839e-532417716f88,Aya Nagar IMD AQI Data 2017-2023,CSV,https://data.opencity.in/dataset/0dc7b9fe-9fd4-46ee-a37e-88f0bd6f6362/resource/8d9950b8-2938-4268-839e-532417716f88/download/e9dba999-228f-4156-bec9-e960c9a8a4cb.csv,274228,2025-11-25T13:49:28.038921,text/csv,not_downloaded,,,OpenCity catalogue inventory row; resource not promoted into city source tree yet.
delhi-hourly-air-quality-reports,Delhi Hourly Air Quality Reports,https://data.opencity.in/dataset/delhi-hourly-air-quality-reports,central-pollution-control-board,delhi,Environment,2026-01-15T07:26:26.425446,function,1,bb50a938-56eb-4d1a-91e9-e537b6108bf2,Bawana DPCC AQI Data 2017-2023,CSV,https://data.opencity.in/dataset/0dc7b9fe-9fd4-46ee-a37e-88f0bd6f6362/resource/bb50a938-56eb-4d1a-91e9-e537b6108bf2/download/581aad29-9709-42d5-ade0-4dd1384fc384.csv,270088,2025-11-25T13:49:28.426599,text/csv,not_downloaded,,,OpenCity catalogue inventory row; resource not promoted into city source tree yet.
delhi-hourly-air-quality-reports,Delhi Hourly Air Quality Reports,https://data.opencity.in/dataset/delhi-hourly-air-quality-reports,central-pollution-control-board,delhi,Environment,2026-01-15T07:26:26.425446,function,1,51db7ddc-8ed0-4825-be52-f5f28eac7059,Burari Crossing IMD AQI Data 2017-2023,CSV,https://data.opencity.in/dataset/0dc7b9fe-9fd4-46ee-a37e-88f0bd6f6362/resource/51db7ddc-8ed0-4825-be52-f5f28eac7059/download/5c7ee2ed-92d8-419c-982e-6f03127ad372.csv,211545,2025-11-25T13:49:28.828727,text/csv,not_downloaded,,,OpenCity catalogue inventory row; resource not promoted into city source tree yet.
delhi-hourly-air-quality-reports,Delhi Hourly Air Quality Reports,https://data.opencity.in/dataset/delhi-hourly-air-quality-reports,central-pollution-control-board,delhi,Environment,2026-01-15T07:26:26.425446,function,1,2e720c33-4656-4da6-9009-9f2cd0cfdcac,Chandni Chowk IITM AQI Data 2017-2023,CSV,https://data.opencity.in/dataset/0dc7b9fe-9fd4-46ee-a37e-88f0bd6f6362/resource/2e720c33-4656-4da6-9009-9f2cd0cfdcac/download/99c03597-c4d4-45ed-a466-8dfa7222bc2e.csv,126402,2025-11-25T13:49:29.256556,text/csv,not_downloaded,,,OpenCity catalogue inventory row; resource not promoted into city source tree yet.
delhi-hourly-air-quality-reports,Delhi Hourly Air Quality Reports,https://data.opencity.in/dataset/delhi-hourly-air-quality-reports,central-pollution-control-board,delhi,Environment,2026-01-15T07:26:26.425446,function,1,48419055-c47f-45b9-8631-537f29017135,CRRI Mathura Road IMD AQI Data 2017-2023,CSV,https://data.opencity.in/dataset/0dc7b9fe-9fd4-46ee-a37e-88f0bd6f6362/resource/48419055-c47f-45b9-8631-537f29017135/download/b2822150-dc6c-48b5-a570-6fe7b22d9053.csv,284640,2025-11-25T13:49:29.674777,text/csv,not_downloaded,,,OpenCity catalogue inventory row; resource not promoted into city source tree yet.
delhi-hourly-air-quality-reports,Delhi Hourly Air Quality Reports,https://data.opencity.in/dataset/delhi-hourly-air-quality-reports,central-pollution-control-board,delhi,Environment,2026-01-15T07:26:26.425446,function,1,a421e7a8-201f-4fdb-bd54-59b5a99a8650,Dr. Karni Singh Shooting Range DPCC AQI Data 2017-2023,CSV,https://data.opencity.in/dataset/0dc7b9fe-9fd4-46ee-a37e-88f0bd6f6362/resource/a421e7a8-201f-4fdb-bd54-59b5a99a8650/download/2d4119ae-f4a3-4761-9827-cf633bcda318.csv,281517,2025-11-25T13:49:30.191158,text/csv,not_downloaded,,,OpenCity catalogue inventory row; resource not promoted into city source tree yet.
delhi-hourly-air-quality-reports,Delhi Hourly Air Quality Reports,https://data.opencity.in/dataset/delhi-hourly-air-quality-reports,central-pollution-control-board,delhi,Environment,2026-01-15T07:26:26.425446,function,1,9f8539c9-bafd-4d9d-81a1-7b19c63d6390,DTU CPCB AQI Data 2017-2023,CSV,https://data.opencity.in/dataset/0dc7b9fe-9fd4-46ee-a37e-88f0bd6f6362/resource/9f8539c9-bafd-4d9d-81a1-7b19c63d6390/download/f7163988-ba10-4bc3-9d6e-c8f96bdf8fa1.csv,316996,2025-11-25T13:49:30.764478,text/csv,not_downloaded,,,OpenCity catalogue inventory row; resource not promoted into city source tree yet.
delhi-hourly-air-quality-reports,Delhi Hourly Air Quality Reports,https://data.opencity.in/dataset/delhi-hourly-air-quality-reports,central-pollution-control-board,delhi,Environment,2026-01-15T07:26:26.425446,function,1,402f8e2a-e335-4787-892b-a132a89af20e,Dwarka Sector 8 DPCC AQI Data 2017-2023,CSV,https://data.opencity.in/dataset/0dc7b9fe-9fd4-46ee-a37e-88f0bd6f6362/resource/402f8e2a-e335-4787-892b-a132a89af20e/download/42bf367b-ef3e-4ec0-94a0-56c6cdc3b0a6.csv,287015,2025-11-25T13:49:31.429307,text/csv,not_downloaded,,,OpenCity catalogue inventory row; resource not promoted into city source tree yet.
delhi-hourly-air-quality-reports,Delhi Hourly Air Quality Reports,https://data.opencity.in/dataset/delhi-hourly-air-quality-reports,central-pollution-control-board,delhi,Environment,2026-01-15T07:26:26.425446,function,1,78584849-783d-4def-b260-cb07e7d1fc57,IGI Airport T3 IMD AQI Data 2017-2023,CSV,https://data.opencity.in/dataset/0dc7b9fe-9fd4-46ee-a37e-88f0bd6f6362/resource/78584849-783d-4def-b260-cb07e7d1fc57/download/679bab2f-866c-490c-a2c3-49972b268135.csv,279998,2025-11-25T13:49:31.909929,text/csv,not_downloaded,,,OpenCity catalogue inventory row; resource not promoted into city source tree yet.
delhi-hourly-air-quality-reports,Delhi Hourly Air Quality Reports,https://data.opencity.in/dataset/delhi-hourly-air-quality-reports,central-pollution-control-board,delhi,Environment,2026-01-15T07:26:26.425446,function,1,f7e21bb3-9ac3-4638-82d2-0a8bf905912e,IHBAS Dilshad Garden CPCB AQI Data 2017-2023,CSV,https://data.opencity.in/dataset/0dc7b9fe-9fd4-46ee-a37e-88f0bd6f6362/resource/f7e21bb3-9ac3-4638-82d2-0a8bf905912e/download/445f878b-e3e1-4637-94e5-74e3667a5abd.csv,317649,2025-11-25T13:49:32.444973,text/csv,not_downloaded,,,OpenCity catalogue inventory row; resource not promoted into city source tree yet.
delhi-hourly-air-quality-reports,Delhi Hourly Air Quality Reports,https://data.opencity.in/dataset/delhi-hourly-air-quality-reports,central-pollution-control-board,delhi,Environment,2026-01-15T07:26:26.425446,function,1,8e319d28-e9e0-49d7-b735-7f6829b1baf3,ITO CPCB AQI Data 2017-2023,CSV,https://data.opencity.in/dataset/0dc7b9fe-9fd4-46ee-a37e-88f0bd6f6362/resource/8e319d28-e9e0-49d7-b735-7f6829b1baf3/download/f2ea6fc8-ee3e-44ff-988c-0695b73e5639.csv,316230,2025-11-25T13:49:33.129183,text/csv,not_downloaded,,,OpenCity catalogue inventory row; resource not promoted into city source tree yet.
delhi-hourly-air-quality-reports,Delhi Hourly Air Quality Reports,https://data.opencity.in/dataset/delhi-hourly-air-quality-reports,central-pollution-control-board,delhi,Environment,2026-01-15T07:26:26.425446,function,1,d1e349d7-8437-430a-8ec4-16af3db4b2ce,Jahangirpuri DPCC AQI Data 2017-2023,CSV,https://data.opencity.in/dataset/0dc7b9fe-9fd4-46ee-a37e-88f0bd6f6362/resource/d1e349d7-8437-430a-8ec4-16af3db4b2ce/download/ec033486-29c7-40e2-98aa-f7e76ef4d6c1.csv,288607,2025-11-25T13:49:33.658562,text/csv,not_downloaded,,,OpenCity catalogue inventory row; resource not promoted into city source tree yet.
delhi-hourly-air-quality-reports,Delhi Hourly Air Quality Reports,https://data.opencity.in/dataset/delhi-hourly-air-quality-reports,central-pollution-control-board,delhi,Environment,2026-01-15T07:26:26.425446,function,1,7e48b781-991a-42ef-90fc-2514b5a1bf04,Jawaharlal Nehru Stadium DPCC AQI Data 2017-2023,CSV,https://data.opencity.in/dataset/0dc7b9fe-9fd4-46ee-a37e-88f0bd6f6362/resource/7e48b781-991a-42ef-90fc-2514b5a1bf04/download/02c9cd86-a3a3-4520-8b88-c729eee9d2a5.csv,286220,2025-11-25T13:49:34.264314,text/csv,not_downloaded,,,OpenCity catalogue inventory row; resource not promoted into city source tree yet.
delhi-hourly-air-quality-reports,Delhi Hourly Air Quality Reports,https://data.opencity.in/dataset/delhi-hourly-air-quality-reports,central-pollution-control-board,delhi,Environment,2026-01-15T07:26:26.425446,function,1,a6e12d78-7f92-4bf9-b1b6-e09d39bad8e0,Lodhi Road IITM AQI Data 2017-2023,CSV,https://data.opencity.in/dataset/0dc7b9fe-9fd4-46ee-a37e-88f0bd6f6362/resource/a6e12d78-7f92-4bf9-b1b6-e09d39bad8e0/download/ffc82051-ef46-47de-aa8e-a90998d7d117.csv,117501,2025-11-25T13:49:34.814350,text/csv,not_downloaded,,,OpenCity catalogue inventory row; resource not promoted into city source tree yet.
delhi-hourly-air-quality-reports,Delhi Hourly Air Quality Reports,https://data.opencity.in/dataset/delhi-hourly-air-quality-reports,central-pollution-control-board,delhi,Environment,2026-01-15T07:26:26.425446,function,1,34255da8-6ae5-4dce-ab6d-3f64d4259395,Lodhi Road IMD AQI Data 2017-2023,CSV,https://data.opencity.in/dataset/0dc7b9fe-9fd4-46ee-a37e-88f0bd6f6362/resource/34255da8-6ae5-4dce-ab6d-3f64d4259395/download/7e5ed1df-6681-4ea0-a609-79ccf5181839.csv,279862,2025-11-25T13:49:35.624541,text/csv,not_downloaded,,,OpenCity catalogue inventory row; resource not promoted into city source tree yet.
delhi-hourly-air-quality-reports,Delhi Hourly Air Quality Reports,https://data.opencity.in/dataset/delhi-hourly-air-quality-reports,central-pollution-control-board,delhi,Environment,2026-01-15T07:26:26.425446,function,1,603ea279-ff5b-46f3-ae00-fac60f7b29ac,Major Dhyan Chand National Stadium DPCC AQI Data 2017-2023,CSV,https://data.opencity.in/dataset/0dc7b9fe-9fd4-46ee-a37e-88f0bd6f6362/resource/603ea279-ff5b-46f3-ae00-fac60f7b29ac/download/a4b645af-8197-4fd0-8812-aceb65e5ec7a.csv,285106,2025-11-25T13:49:36.236624,text/csv,not_downloaded,,,OpenCity catalogue inventory row; resource not promoted into city source tree yet.
delhi-hourly-air-quality-reports,Delhi Hourly Air Quality Reports,https://data.opencity.in/dataset/delhi-hourly-air-quality-reports,central-pollution-control-board,delhi,Environment,2026-01-15T07:26:26.425446,function,1,58879be9-cce1-432d-afce-6ad08a669c40,Mandir Marg DPCC AQI Data 2017-2023,CSV,https://data.opencity.in/dataset/0dc7b9fe-9fd4-46ee-a37e-88f0bd6f6362/resource/58879be9-cce1-432d-afce-6ad08a669c40/download/55fc20b4-8717-4bd3-a833-829df2fc612d.csv,328820,2025-11-25T13:49:36.849907,text/csv,not_downloaded,,,OpenCity catalogue inventory row; resource not promoted into city source tree yet.
delhi-hourly-air-quality-reports,Delhi Hourly Air Quality Reports,https://data.opencity.in/dataset/delhi-hourly-air-quality-reports,central-pollution-control-board,delhi,Environment,2026-01-15T07:26:26.425446,function,1,1b9533a8-5ad8-4711-b82d-fac05bbf47b6,Mundka DPCC AQI Data 2017-2023,CSV,https://data.opencity.in/dataset/0dc7b9fe-9fd4-46ee-a37e-88f0bd6f6362/resource/1b9533a8-5ad8-4711-b82d-fac05bbf47b6/download/bc69a00c-f8ff-49b3-9a5d-0aa7e35a3f3b.csv,270353,2025-11-25T13:49:37.494784,text/csv,not_downloaded,,,OpenCity catalogue inventory row; resource not promoted into city source tree yet.
delhi-hourly-air-quality-reports,Delhi Hourly Air Quality Reports,https://data.opencity.in/dataset/delhi-hourly-air-quality-reports,central-pollution-control-board,delhi,Environment,2026-01-15T07:26:26.425446,function,1,de3009b9-b33d-406a-81d5-6862e9944971,Najafgarh DPCC AQI Data 2017-2023,CSV,https://data.opencity.in/dataset/0dc7b9fe-9fd4-46ee-a37e-88f0bd6f6362/resource/de3009b9-b33d-406a-81d5-6862e9944971/download/16848bfd-8c6b-49c7-b656-7582e775c1d5.csv,277845,2025-11-25T13:49:38.191783,text/csv,not_downloaded,,,OpenCity catalogue inventory row; resource not promoted into city source tree yet.
delhi-hourly-air-quality-reports,Delhi Hourly Air Quality Reports,https://data.opencity.in/dataset/delhi-hourly-air-quality-reports,central-pollution-control-board,delhi,Environment,2026-01-15T07:26:26.425446,function,1,defccef1-4f29-4969-ac7e-1394d69fe7a5,Narela DPCC AQI Data 2017-2023,CSV,https://data.opencity.in/dataset/0dc7b9fe-9fd4-46ee-a37e-88f0bd6f6362/resource/defccef1-4f29-4969-ac7e-1394d69fe7a5/download/409d604b-99ff-4388-abf3-4fe3d86d3109.csv,288273,2025-11-25T13:49:38.889646,text/csv,not_downloaded,,,OpenCity catalogue inventory row; resource not promoted into city source tree yet.
delhi-hourly-air-quality-reports,Delhi Hourly Air Quality Reports,https://data.opencity.in/dataset/delhi-hourly-air-quality-reports,central-pollution-control-board,delhi,Environment,2026-01-15T07:26:26.425446,function,1,9d86f89b-a414-467a-9b81-c48b910a10ec,Nehru Nagar DPCC AQI Data 2017-2023,CSV,https://data.opencity.in/dataset/0dc7b9fe-9fd4-46ee-a37e-88f0bd6f6362/resource/9d86f89b-a414-467a-9b81-c48b910a10ec/download/11986023-67d3-48f2-94b3-ef20e47d4a61.csv,279914,2025-11-25T13:49:39.630403,text/csv,not_downloaded,,,OpenCity catalogue inventory row; resource not promoted into city source tree yet.
delhi-hourly-air-quality-reports,Delhi Hourly Air Quality Reports,https://data.opencity.in/dataset/delhi-hourly-air-quality-reports,central-pollution-control-board,delhi,Environment,2026-01-15T07:26:26.425446,function,1,72c61b2b-c088-457b-a2a1-65e4e5677b89,North Campus DU IMD AQI Data 2017-2023,CSV,https://data.opencity.in/dataset/0dc7b9fe-9fd4-46ee-a37e-88f0bd6f6362/resource/72c61b2b-c088-457b-a2a1-65e4e5677b89/download/b3dc3026-2876-4934-97a4-3c843d6f0933.csv,270388,2025-11-25T13:49:40.356616,text/csv,not_downloaded,,,OpenCity catalogue inventory row; resource not promoted into city source tree yet.
delhi-hourly-air-quality-reports,Delhi Hourly Air Quality Reports,https://data.opencity.in/dataset/delhi-hourly-air-quality-reports,central-pollution-control-board,delhi,Environment,2026-01-15T07:26:26.425446,function,1,87194cc0-fb6f-46f0-b62f-5e7ea2db3ba0,NSIT Dwarka CPCB AQI Data 2017-2023,CSV,https://data.opencity.in/dataset/0dc7b9fe-9fd4-46ee-a37e-88f0bd6f6362/resource/87194cc0-fb6f-46f0-b62f-5e7ea2db3ba0/download/9dacc9aa-b08f-4306-ac0f-dfa67b2d7771.csv,314422,2025-11-25T13:49:41.142994,text/csv,not_downloaded,,,OpenCity catalogue inventory row; resource not promoted into city source tree yet.
delhi-hourly-air-quality-reports,Delhi Hourly Air Quality Reports,https://data.opencity.in/dataset/delhi-hourly-air-quality-reports,central-pollution-control-board,delhi,Environment,2026-01-15T07:26:26.425446,function,1,710561f9-2d6d-48b8-bcc1-9b36a27b2891,Okhla Phase-2 DPCC AQI Data 2017-2023,CSV,https://data.opencity.in/dataset/0dc7b9fe-9fd4-46ee-a37e-88f0bd6f6362/resource/710561f9-2d6d-48b8-bcc1-9b36a27b2891/download/cadb9791-498e-45c1-b896-67f5541158b1.csv,291363,2025-11-25T13:49:42.071283,text/csv,not_downloaded,,,OpenCity catalogue inventory row; resource not promoted into city source tree yet.
delhi-hourly-air-quality-reports,Delhi Hourly Air Quality Reports,https://data.opencity.in/dataset/delhi-hourly-air-quality-reports,central-pollution-control-board,delhi,Environment,2026-01-15T07:26:26.425446,function,1,bad64d19-3f38-416b-b0a7-4314c0a83b25,Patparganj DPCC AQI Data 2017-2023,CSV,https://data.opencity.in/dataset/0dc7b9fe-9fd4-46ee-a37e-88f0bd6f6362/resource/bad64d19-3f38-416b-b0a7-4314c0a83b25/download/59aece12-ec31-49cb-958d-be2613abc8df.csv,280271,2025-11-25T13:49:42.855647,text/csv,not_downloaded,,,OpenCity catalogue inventory row; resource not promoted into city source tree yet.
delhi-hourly-air-quality-reports,Delhi Hourly Air Quality Reports,https://data.opencity.in/dataset/delhi-hourly-air-quality-reports,central-pollution-control-board,delhi,Environment,2026-01-15T07:26:26.425446,function,1,da0ab893-d803-4640-aa12-6141ed22d492,Punjabi Bagh DPCC AQI Data 2017-2023,CSV,https://data.opencity.in/dataset/0dc7b9fe-9fd4-46ee-a37e-88f0bd6f6362/resource/da0ab893-d803-4640-aa12-6141ed22d492/download/ae701f4b-81d0-430d-bb9d-595d58e87f2d.csv,319092,2025-11-25T13:49:43.677293,text/csv,not_downloaded,,,OpenCity catalogue inventory row; resource not promoted into city source tree yet.
delhi-hourly-air-quality-reports,Delhi Hourly Air Quality Reports,https://data.opencity.in/dataset/delhi-hourly-air-quality-reports,central-pollution-control-board,delhi,Environment,2026-01-15T07:26:26.425446,function,1,5ffa89f3-7d73-4e75-8c73-679ff0083345,Pusa DPCC AQI Data 2017-2023,CSV,https://data.opencity.in/dataset/0dc7b9fe-9fd4-46ee-a37e-88f0bd6f6362/resource/5ffa89f3-7d73-4e75-8c73-679ff0083345/download/68028368-298c-49c2-926b-775732a63849.csv,268752,2025-11-25T13:49:44.675825,text/csv,not_downloaded,,,OpenCity catalogue inventory row; resource not promoted into city source tree yet.
delhi-hourly-air-quality-reports,Delhi Hourly Air Quality Reports,https://data.opencity.in/dataset/delhi-hourly-air-quality-reports,central-pollution-control-board,delhi,Environment,2026-01-15T07:26:26.425446,function,1,6da423c7-6d0e-484c-b590-7fa78c6bcadd,Pusa IMD AQI Data 2017-2023,CSV,https://data.opencity.in/dataset/0dc7b9fe-9fd4-46ee-a37e-88f0bd6f6362/resource/6da423c7-6d0e-484c-b590-7fa78c6bcadd/download/bf3ffacb-f026-4b0b-a009-16319b36998d.csv,269614,2025-11-25T13:49:45.489937,text/csv,not_downloaded,,,OpenCity catalogue inventory row; resource not promoted into city source tree yet.
delhi-hourly-air-quality-reports,Delhi Hourly Air Quality Reports,https://data.opencity.in/dataset/delhi-hourly-air-quality-reports,central-pollution-control-board,delhi,Environment,2026-01-15T07:26:26.425446,function,1,425eb3a5-c030-414f-b003-e58719f73425,Rohini DPCC AQI Data 2017-2023,CSV,https://data.opencity.in/dataset/0dc7b9fe-9fd4-46ee-a37e-88f0bd6f6362/resource/425eb3a5-c030-414f-b003-e58719f73425/download/10f87d38-a3a3-4883-af10-35c05dce8292.csv,286990,2025-11-25T13:49:46.335633,text/csv,not_downloaded,,,OpenCity catalogue inventory row; resource not promoted into city source tree yet.
delhi-hourly-air-quality-reports,Delhi Hourly Air Quality Reports,https://data.opencity.in/dataset/delhi-hourly-air-quality-reports,central-pollution-control-board,delhi,Environment,2026-01-15T07:26:26.425446,function,1,e73c44a9-dbee-4b77-809b-3f3d45bf462f,R K Puram DPCC AQI Data 2017-2023,CSV,https://data.opencity.in/dataset/0dc7b9fe-9fd4-46ee-a37e-88f0bd6f6362/resource/e73c44a9-dbee-4b77-809b-3f3d45bf462f/download/7b6d1623-8112-4ecf-823f-6fd1051af6b4.csv,316463,2025-11-25T13:49:47.394408,text/csv,not_downloaded,,,OpenCity catalogue inventory row; resource not promoted into city source tree yet.
delhi-hourly-air-quality-reports,Delhi Hourly Air Quality Reports,https://data.opencity.in/dataset/delhi-hourly-air-quality-reports,central-pollution-control-board,delhi,Environment,2026-01-15T07:26:26.425446,function,1,850d0305-26f0-40a8-8f5f-9ef3ddc1f632,Shadipur CPCB AQI Data 2017-2023,CSV,https://data.opencity.in/dataset/0dc7b9fe-9fd4-46ee-a37e-88f0bd6f6362/resource/850d0305-26f0-40a8-8f5f-9ef3ddc1f632/download/faa8c721-f0d7-46c4-99ed-57aaf32bd846.csv,291175,2025-11-25T13:49:48.273667,text/csv,not_downloaded,,,OpenCity catalogue inventory row; resource not promoted into city source tree yet.
delhi-hourly-air-quality-reports,Delhi Hourly Air Quality Reports,https://data.opencity.in/dataset/delhi-hourly-air-quality-reports,central-pollution-control-board,delhi,Environment,2026-01-15T07:26:26.425446,function,1,0b36b86e-bcd8-4a99-b276-c5443efd64d5,Sirifort CPCB AQI Data 2017-2023,CSV,https://data.opencity.in/dataset/0dc7b9fe-9fd4-46ee-a37e-88f0bd6f6362/resource/0b36b86e-bcd8-4a99-b276-c5443efd64d5/download/49440a2a-736e-4c13-97c6-86353bfabfc8.csv,315151,2025-11-25T13:49:49.216753,text/csv,not_downloaded,,,OpenCity catalogue inventory row; resource not promoted into city source tree yet.
delhi-hourly-air-quality-reports,Delhi Hourly Air Quality Reports,https://data.opencity.in/dataset/delhi-hourly-air-quality-reports,central-pollution-control-board,delhi,Environment,2026-01-15T07:26:26.425446,function,1,2db0fb90-8f5f-4109-ba1c-51b8ad6761c5,Sonia Vihar DPCC AQI Data 2017-2023,CSV,https://data.opencity.in/dataset/0dc7b9fe-9fd4-46ee-a37e-88f0bd6f6362/resource/2db0fb90-8f5f-4109-ba1c-51b8ad6761c5/download/5a10cbc7-2e90-424a-b422-8b75608759b5.csv,210122,2025-11-25T13:49:50.062917,text/csv,not_downloaded,,,OpenCity catalogue inventory row; resource not promoted into city source tree yet.
delhi-hourly-air-quality-reports,Delhi Hourly Air Quality Reports,https://data.opencity.in/dataset/delhi-hourly-air-quality-reports,central-pollution-control-board,delhi,Environment,2026-01-15T07:26:26.425446,function,1,0092631a-dc8e-4612-9685-f612bfb96a0d,Sri Aurobindo Marg DPCC AQI Data 2017-2023,CSV,https://data.opencity.in/dataset/0dc7b9fe-9fd4-46ee-a37e-88f0bd6f6362/resource/0092631a-dc8e-4612-9685-f612bfb96a0d/download/08140157-f303-43b6-a15b-a7cd43f25245.csv,259357,2025-11-25T13:49:50.941167,text/csv,not_downloaded,,,OpenCity catalogue inventory row; resource not promoted into city source tree yet.
delhi-hourly-air-quality-reports,Delhi Hourly Air Quality Reports,https://data.opencity.in/dataset/delhi-hourly-air-quality-reports,central-pollution-control-board,delhi,Environment,2026-01-15T07:26:26.425446,function,1,da8c26b1-a93d-4e63-af9a-34eddfdcd671,Vivek Vihar DPCC AQI Data 2017-2023,CSV,https://data.opencity.in/dataset/0dc7b9fe-9fd4-46ee-a37e-88f0bd6f6362/resource/da8c26b1-a93d-4e63-af9a-34eddfdcd671/download/df00c3a4-1d16-44ff-a668-205585f155f2.csv,286105,2025-11-25T13:49:51.889907,text/csv,not_downloaded,,,OpenCity catalogue inventory row; resource not promoted into city source tree yet.
delhi-hourly-air-quality-reports,Delhi Hourly Air Quality Reports,https://data.opencity.in/dataset/delhi-hourly-air-quality-reports,central-pollution-control-board,delhi,Environment,2026-01-15T07:26:26.425446,function,1,446860a2-4b37-462d-856f-bae813bf9d45,Wazirpur DPCC AQI Data 2017-2023,CSV,https://data.opencity.in/dataset/0dc7b9fe-9fd4-46ee-a37e-88f0bd6f6362/resource/446860a2-4b37-462d-856f-bae813bf9d45/download/3c28077f-0fd5-48e4-b04f-a5c90d32f98c.csv,294355,2025-11-25T13:49:52.880764,text/csv,not_downloaded,,,OpenCity catalogue inventory row; resource not promoted into city source tree yet.
delhi-hourly-air-quality-reports,Delhi Hourly Air Quality Reports,https://data.opencity.in/dataset/delhi-hourly-air-quality-reports,central-pollution-control-board,delhi,Environment,2026-01-15T07:26:26.425446,function,1,bf15420f-f44d-468a-87fc-499a4da4ec2d,Alipur DPCC 15 minute AQI Data for 2024-25,CSV,https://data.opencity.in/dataset/0dc7b9fe-9fd4-46ee-a37e-88f0bd6f6362/resource/bf15420f-f44d-468a-87fc-499a4da4ec2d/download/del-alipur-dpcc-2024-25.csv,11976836,2026-01-15T06:07:54.620311,text/csv,not_downloaded,,,OpenCity catalogue inventory row; resource not promoted into city source tree yet.
delhi-hourly-air-quality-reports,Delhi Hourly Air Quality Reports,https://data.opencity.in/dataset/delhi-hourly-air-quality-reports,central-pollution-control-board,delhi,Environment,2026-01-15T07:26:26.425446,function,1,5ef3f66f-2bb0-4593-91db-ba6e693a77f3,Anand Vihar DPCC 15 minute AQI Data for 2024-25,CSV,https://data.opencity.in/dataset/0dc7b9fe-9fd4-46ee-a37e-88f0bd6f6362/resource/5ef3f66f-2bb0-4593-91db-ba6e693a77f3/download/del-anand-vihar-dpcc-2024-25.csv,11812427,2026-01-15T06:07:59.162905,text/csv,not_downloaded,,,OpenCity catalogue inventory row; resource not promoted into city source tree yet.
delhi-hourly-air-quality-reports,Delhi Hourly Air Quality Reports,https://data.opencity.in/dataset/delhi-hourly-air-quality-reports,central-pollution-control-board,delhi,Environment,2026-01-15T07:26:26.425446,function,1,73703a83-f321-4b60-8748-33fb046273e0,Ashok Vihar DPCC 15 minute AQI Data for 2024-25,CSV,https://data.opencity.in/dataset/0dc7b9fe-9fd4-46ee-a37e-88f0bd6f6362/resource/73703a83-f321-4b60-8748-33fb046273e0/download/del-ashok-vihar-dpcc-2024-25.csv,12425743,2026-01-15T06:08:04.309324,text/csv,not_downloaded,,,OpenCity catalogue inventory row; resource not promoted into city source tree yet.
delhi-hourly-air-quality-reports,Delhi Hourly Air Quality Reports,https://data.opencity.in/dataset/delhi-hourly-air-quality-reports,central-pollution-control-board,delhi,Environment,2026-01-15T07:26:26.425446,function,1,b64a05dc-a327-4f10-9f77-685b1fd59f0f,Aya Nagar IMD 15 minute AQI Data for 2024-25,CSV,https://data.opencity.in/dataset/0dc7b9fe-9fd4-46ee-a37e-88f0bd6f6362/resource/b64a05dc-a327-4f10-9f77-685b1fd59f0f/download/del-aya-nagar-imd-2024-25.csv,9919492,2026-01-15T06:08:08.640747,text/csv,not_downloaded,,,OpenCity catalogue inventory row; resource not promoted into city source tree yet.
delhi-hourly-air-quality-reports,Delhi Hourly Air Quality Reports,https://data.opencity.in/dataset/delhi-hourly-air-quality-reports,central-pollution-control-board,delhi,Environment,2026-01-15T07:26:26.425446,function,1,102d2fad-f2dd-41c5-b5a6-2db6c75b3712,Bawana DPCC 15 minute AQI Data for 2024-25,CSV,https://data.opencity.in/dataset/0dc7b9fe-9fd4-46ee-a37e-88f0bd6f6362/resource/102d2fad-f2dd-41c5-b5a6-2db6c75b3712/download/del-bawana-dpcc-2024-25.csv,12057819,2026-01-15T06:08:13.521196,text/csv,not_downloaded,,,OpenCity catalogue inventory row; resource not promoted into city source tree yet.
delhi-hourly-air-quality-reports,Delhi Hourly Air Quality Reports,https://data.opencity.in/dataset/delhi-hourly-air-quality-reports,central-pollution-control-board,delhi,Environment,2026-01-15T07:26:26.425446,function,1,9fee9210-33ec-4dfd-b230-b8d677bf81f3,Burari Crossing IMD 15 minute AQI Data for 2024-25,CSV,https://data.opencity.in/dataset/0dc7b9fe-9fd4-46ee-a37e-88f0bd6f6362/resource/9fee9210-33ec-4dfd-b230-b8d677bf81f3/download/del-burari-crossing-imd-2024-25.csv,10019444,2026-01-15T06:08:18.079071,text/csv,not_downloaded,,,OpenCity catalogue inventory row; resource not promoted into city source tree yet.
delhi-hourly-air-quality-reports,Delhi Hourly Air Quality Reports,https://data.opencity.in/dataset/delhi-hourly-air-quality-reports,central-pollution-control-board,delhi,Environment,2026-01-15T07:26:26.425446,function,1,61ec5645-c2cf-4890-9692-70b3924ed4d8,Chandni Chowk IITM 15 minute AQI Data for 2024-25,CSV,https://data.opencity.in/dataset/0dc7b9fe-9fd4-46ee-a37e-88f0bd6f6362/resource/61ec5645-c2cf-4890-9692-70b3924ed4d8/download/del-chandni-chowk-iitm-2024-25.csv,11869382,2026-01-15T06:08:22.589161,text/csv,not_downloaded,,,OpenCity catalogue inventory row; resource not promoted into city source tree yet.
delhi-hourly-air-quality-reports,Delhi Hourly Air Quality Reports,https://data.opencity.in/dataset/delhi-hourly-air-quality-reports,central-pollution-control-board,delhi,Environment,2026-01-15T07:26:26.425446,function,1,c4ec16f3-edfc-465e-8fb8-5bfaa14f8baa,CRRI Mathura Road IMD 15 minute AQI Data for 2024-25,CSV,https://data.opencity.in/dataset/0dc7b9fe-9fd4-46ee-a37e-88f0bd6f6362/resource/c4ec16f3-edfc-465e-8fb8-5bfaa14f8baa/download/del-crri-mathura-road-imd-2024-25.csv,10095716,2026-01-15T06:08:27.148722,text/csv,not_downloaded,,,OpenCity catalogue inventory row; resource not promoted into city source tree yet.
delhi-hourly-air-quality-reports,Delhi Hourly Air Quality Reports,https://data.opencity.in/dataset/delhi-hourly-air-quality-reports,central-pollution-control-board,delhi,Environment,2026-01-15T07:26:26.425446,function,1,97adf51a-bf80-4a08-b338-6f9936ad4ef1,Dr. Karni Singh Shooting Range DPCC 15 minute AQI Data for 2024-25,CSV,https://data.opencity.in/dataset/0dc7b9fe-9fd4-46ee-a37e-88f0bd6f6362/resource/97adf51a-bf80-4a08-b338-6f9936ad4ef1/download/del-dr-2024-25.csv,13797111,2026-01-15T06:08:32.263404,text/csv,not_downloaded,,,OpenCity catalogue inventory row; resource not promoted into city source tree yet.
delhi-hourly-air-quality-reports,Delhi Hourly Air Quality Reports,https://data.opencity.in/dataset/delhi-hourly-air-quality-reports,central-pollution-control-board,delhi,Environment,2026-01-15T07:26:26.425446,function,1,3abd2c56-3523-4802-8633-f37055d3b276,DTU CPCB 15 minute AQI Data for 2024-25,CSV,https://data.opencity.in/dataset/0dc7b9fe-9fd4-46ee-a37e-88f0bd6f6362/resource/3abd2c56-3523-4802-8633-f37055d3b276/download/del-dtu-cpcb-2024-25.csv,11622160,2026-01-15T06:08:36.888202,text/csv,not_downloaded,,,OpenCity catalogue inventory row; resource not promoted into city source tree yet.
delhi-hourly-air-quality-reports,Delhi Hourly Air Quality Reports,https://data.opencity.in/dataset/delhi-hourly-air-quality-reports,central-pollution-control-board,delhi,Environment,2026-01-15T07:26:26.425446,function,1,495db3d4-5683-4b1d-9b7d-34ecb887ca13,Dwarka Sector 8 15 minute AQI Data for 2024-25,CSV,https://data.opencity.in/dataset/0dc7b9fe-9fd4-46ee-a37e-88f0bd6f6362/resource/495db3d4-5683-4b1d-9b7d-34ecb887ca13/download/del-dwarka-sector-8-dpcc-2024-25.csv,12904678,2026-01-15T06:08:41.545547,text/csv,not_downloaded,,,OpenCity catalogue inventory row; resource not promoted into city source tree yet.
delhi-hourly-air-quality-reports,Delhi Hourly Air Quality Reports,https://data.opencity.in/dataset/delhi-hourly-air-quality-reports,central-pollution-control-board,delhi,Environment,2026-01-15T07:26:26.425446,function,1,ea589978-8578-4c94-953f-6ba64a810e64,IGI Airport (T3) IMD 15 minute AQI Data for 2024-25,CSV,https://data.opencity.in/dataset/0dc7b9fe-9fd4-46ee-a37e-88f0bd6f6362/resource/ea589978-8578-4c94-953f-6ba64a810e64/download/del-igi-airport-t3-imd-2024-25.csv,10085310,2026-01-15T06:08:46.117487,text/csv,not_downloaded,,,OpenCity catalogue inventory row; resource not promoted into city source tree yet.
delhi-hourly-air-quality-reports,Delhi Hourly Air Quality Reports,https://data.opencity.in/dataset/delhi-hourly-air-quality-reports,central-pollution-control-board,delhi,Environment,2026-01-15T07:26:26.425446,function,1,4cc723ba-bbd1-459f-b4b6-658107defa65,IHBAS CPCB 15 minute AQI Data for 2024-25,CSV,https://data.opencity.in/dataset/0dc7b9fe-9fd4-46ee-a37e-88f0bd6f6362/resource/4cc723ba-bbd1-459f-b4b6-658107defa65/download/del-ihbas-cpcb-2024-25.csv,13678677,2026-01-15T06:08:51.117251,text/csv,not_downloaded,,,OpenCity catalogue inventory row; resource not promoted into city source tree yet.
delhi-hourly-air-quality-reports,Delhi Hourly Air Quality Reports,https://data.opencity.in/dataset/delhi-hourly-air-quality-reports,central-pollution-control-board,delhi,Environment,2026-01-15T07:26:26.425446,function,1,890f786d-fb9f-475e-8516-191bfa1b01ea,ITO CPCB 15 minute AQI Data for 2024-25,CSV,https://data.opencity.in/dataset/0dc7b9fe-9fd4-46ee-a37e-88f0bd6f6362/resource/890f786d-fb9f-475e-8516-191bfa1b01ea/download/del-ito-cpcb-2024-25.csv,9463652,2026-01-15T06:08:55.778038,text/csv,not_downloaded,,,OpenCity catalogue inventory row; resource not promoted into city source tree yet.
delhi-hourly-air-quality-reports,Delhi Hourly Air Quality Reports,https://data.opencity.in/dataset/delhi-hourly-air-quality-reports,central-pollution-control-board,delhi,Environment,2026-01-15T07:26:26.425446,function,1,734c459f-3e47-44c7-b0b8-8270090cecf0,Jahangirpuri DPCC 15 minute AQI Data for 2024-25,CSV,https://data.opencity.in/dataset/0dc7b9fe-9fd4-46ee-a37e-88f0bd6f6362/resource/734c459f-3e47-44c7-b0b8-8270090cecf0/download/del-jahangirpuri-dpcc-2024-25.csv,12371475,2026-01-15T06:09:01.162414,text/csv,not_downloaded,,,OpenCity catalogue inventory row; resource not promoted into city source tree yet.
delhi-hourly-air-quality-reports,Delhi Hourly Air Quality Reports,https://data.opencity.in/dataset/delhi-hourly-air-quality-reports,central-pollution-control-board,delhi,Environment,2026-01-15T07:26:26.425446,function,1,d4b78e81-57ce-487c-a5f5-69c64880dd05,Jawaharlal Nehru Stadium DPCC 15 minute AQI Data for 2024-25,CSV,https://data.opencity.in/dataset/0dc7b9fe-9fd4-46ee-a37e-88f0bd6f6362/resource/d4b78e81-57ce-487c-a5f5-69c64880dd05/download/del-jawaharlal-nehru-stadium-dpcc-2024-25.csv,13262789,2026-01-15T06:09:07.406919,text/csv,not_downloaded,,,OpenCity catalogue inventory row; resource not promoted into city source tree yet.
delhi-hourly-air-quality-reports,Delhi Hourly Air Quality Reports,https://data.opencity.in/dataset/delhi-hourly-air-quality-reports,central-pollution-control-board,delhi,Environment,2026-01-15T07:26:26.425446,function,1,99a25262-def3-4898-9f63-a65c0bbeaecd,Lodhi Road IITM 15 minute AQI Data for 2024-25,CSV,https://data.opencity.in/dataset/0dc7b9fe-9fd4-46ee-a37e-88f0bd6f6362/resource/99a25262-def3-4898-9f63-a65c0bbeaecd/download/del-lodhi-road-iitm-2024-25.csv,9599567,2026-01-15T06:09:12.891403,text/csv,not_downloaded,,,OpenCity catalogue inventory row; resource not promoted into city source tree yet.
delhi-hourly-air-quality-reports,Delhi Hourly Air Quality Reports,https://data.opencity.in/dataset/delhi-hourly-air-quality-reports,central-pollution-control-board,delhi,Environment,2026-01-15T07:26:26.425446,function,1,1731db44-1f8c-4959-a408-b3d38641eb98,Lodhi Road IMD 15 minute AQI Data for 2024-25,CSV,https://data.opencity.in/dataset/0dc7b9fe-9fd4-46ee-a37e-88f0bd6f6362/resource/1731db44-1f8c-4959-a408-b3d38641eb98/download/del-lodhi-road-imd-2024-25.csv,9932948,2026-01-15T06:09:17.378098,text/csv,not_downloaded,,,OpenCity catalogue inventory row; resource not promoted into city source tree yet.
delhi-hourly-air-quality-reports,Delhi Hourly Air Quality Reports,https://data.opencity.in/dataset/delhi-hourly-air-quality-reports,central-pollution-control-board,delhi,Environment,2026-01-15T07:26:26.425446,function,1,b3f4e17b-8767-4c48-99cf-3eea8e7be030,Major Dhyan Chand National Stadium DPCC 15 minute AQI Data for 2024-25,CSV,https://data.opencity.in/dataset/0dc7b9fe-9fd4-46ee-a37e-88f0bd6f6362/resource/b3f4e17b-8767-4c48-99cf-3eea8e7be030/download/del-major-dhyan-chand-national-stadium-dpcc-2024-25.csv,14037447,2026-01-15T06:09:22.738023,text/csv,not_downloaded,,,OpenCity catalogue inventory row; resource not promoted into city source tree yet.
delhi-hourly-air-quality-reports,Delhi Hourly Air Quality Reports,https://data.opencity.in/dataset/delhi-hourly-air-quality-reports,central-pollution-control-board,delhi,Environment,2026-01-15T07:26:26.425446,function,1,922c72d8-c66e-4336-8cd9-49898776ca69,Mandir Marg DPCC 15 minute AQI Data for 2024-25,CSV,https://data.opencity.in/dataset/0dc7b9fe-9fd4-46ee-a37e-88f0bd6f6362/resource/922c72d8-c66e-4336-8cd9-49898776ca69/download/del-mandir-marg-dpcc-2024-25.csv,11921398,2026-01-15T06:09:27.694343,text/csv,not_downloaded,,,OpenCity catalogue inventory row; resource not promoted into city source tree yet.
delhi-hourly-air-quality-reports,Delhi Hourly Air Quality Reports,https://data.opencity.in/dataset/delhi-hourly-air-quality-reports,central-pollution-control-board,delhi,Environment,2026-01-15T07:26:26.425446,function,1,3fe46cce-659f-49a7-a743-090c2557cbfd,Mundka DPCC 15 minute AQI Data for 2024-25,CSV,https://data.opencity.in/dataset/0dc7b9fe-9fd4-46ee-a37e-88f0bd6f6362/resource/3fe46cce-659f-49a7-a743-090c2557cbfd/download/del-mundka-dpcc-2024-25.csv,12071518,2026-01-15T06:09:32.795080,text/csv,not_downloaded,,,OpenCity catalogue inventory row; resource not promoted into city source tree yet.
delhi-hourly-air-quality-reports,Delhi Hourly Air Quality Reports,https://data.opencity.in/dataset/delhi-hourly-air-quality-reports,central-pollution-control-board,delhi,Environment,2026-01-15T07:26:26.425446,function,1,99054843-c5c1-4ebd-8557-dabf455f0e3b,Najafgarh DPCC 15 minute AQI Data for 2024-25,CSV,https://data.opencity.in/dataset/0dc7b9fe-9fd4-46ee-a37e-88f0bd6f6362/resource/99054843-c5c1-4ebd-8557-dabf455f0e3b/download/del-najafgarh-dpcc-2024-25.csv,12135884,2026-01-15T06:09:37.357702,text/csv,not_downloaded,,,OpenCity catalogue inventory row; resource not promoted into city source tree yet.
delhi-hourly-air-quality-reports,Delhi Hourly Air Quality Reports,https://data.opencity.in/dataset/delhi-hourly-air-quality-reports,central-pollution-control-board,delhi,Environment,2026-01-15T07:26:26.425446,function,1,b87d0285-e677-403c-aa5d-9b9ab41386eb,Narela DPCC 15 minute AQI Data for 2024-25,CSV,https://data.opencity.in/dataset/0dc7b9fe-9fd4-46ee-a37e-88f0bd6f6362/resource/b87d0285-e677-403c-aa5d-9b9ab41386eb/download/del-narela-dpcc-2024-25.csv,12094987,2026-01-15T06:09:41.917339,text/csv,not_downloaded,,,OpenCity catalogue inventory row; resource not promoted into city source tree yet.
delhi-hourly-air-quality-reports,Delhi Hourly Air Quality Reports,https://data.opencity.in/dataset/delhi-hourly-air-quality-reports,central-pollution-control-board,delhi,Environment,2026-01-15T07:26:26.425446,function,1,5ee93ef5-afe3-4cac-847d-f21cc4e8d67f,Nehru Nagar DPCC 15 minute AQI Data for 2024-25,CSV,https://data.opencity.in/dataset/0dc7b9fe-9fd4-46ee-a37e-88f0bd6f6362/resource/5ee93ef5-afe3-4cac-847d-f21cc4e8d67f/download/del-nehru-nagar-dpcc-2024-25.csv,12456979,2026-01-15T06:09:46.625268,text/csv,not_downloaded,,,OpenCity catalogue inventory row; resource not promoted into city source tree yet.
delhi-hourly-air-quality-reports,Delhi Hourly Air Quality Reports,https://data.opencity.in/dataset/delhi-hourly-air-quality-reports,central-pollution-control-board,delhi,Environment,2026-01-15T07:26:26.425446,function,1,b3561bac-73ff-4048-8a84-4e1eba5953d1,North Campus IMD 15 minute AQI Data for 2024-25,CSV,https://data.opencity.in/dataset/0dc7b9fe-9fd4-46ee-a37e-88f0bd6f6362/resource/b3561bac-73ff-4048-8a84-4e1eba5953d1/download/del-north-campus-imd-2024-25.csv,10644776,2026-01-15T06:09:51.281065,text/csv,not_downloaded,,,OpenCity catalogue inventory row; resource not promoted into city source tree yet.
delhi-hourly-air-quality-reports,Delhi Hourly Air Quality Reports,https://data.opencity.in/dataset/delhi-hourly-air-quality-reports,central-pollution-control-board,delhi,Environment,2026-01-15T07:26:26.425446,function,1,f7d16626-68d5-4de3-b6e6-e6a1b8831db3,NSIT Dwarka CPCB 15 minute AQI Data for 2024-25,CSV,https://data.opencity.in/dataset/0dc7b9fe-9fd4-46ee-a37e-88f0bd6f6362/resource/f7d16626-68d5-4de3-b6e6-e6a1b8831db3/download/del-nsit-dwarka-cpcb-2024-25.csv,12593248,2026-01-15T06:09:56.118100,text/csv,not_downloaded,,,OpenCity catalogue inventory row; resource not promoted into city source tree yet.
delhi-hourly-air-quality-reports,Delhi Hourly Air Quality Reports,https://data.opencity.in/dataset/delhi-hourly-air-quality-reports,central-pollution-control-board,delhi,Environment,2026-01-15T07:26:26.425446,function,1,7b03c3c3-c95e-4d09-b1a8-8951b96c05b6,Okhla Phase 2 15 minute AQI Data for 2024-25,CSV,https://data.opencity.in/dataset/0dc7b9fe-9fd4-46ee-a37e-88f0bd6f6362/resource/7b03c3c3-c95e-4d09-b1a8-8951b96c05b6/download/del-okhla-phase-2-dpcc-2024-25.csv,12556761,2026-01-15T06:10:00.830985,text/csv,not_downloaded,,,OpenCity catalogue inventory row; resource not promoted into city source tree yet.
delhi-hourly-air-quality-reports,Delhi Hourly Air Quality Reports,https://data.opencity.in/dataset/delhi-hourly-air-quality-reports,central-pollution-control-board,delhi,Environment,2026-01-15T07:26:26.425446,function,1,7d563edf-b8ee-4c61-83eb-baa73b12f79b,Patparganj DPCC 15 minute AQI Data for 2024-25,CSV,https://data.opencity.in/dataset/0dc7b9fe-9fd4-46ee-a37e-88f0bd6f6362/resource/7d563edf-b8ee-4c61-83eb-baa73b12f79b/download/del-patparganj-dpcc-2024-25.csv,12237180,2026-01-15T06:10:06.285608,text/csv,not_downloaded,,,OpenCity catalogue inventory row; resource not promoted into city source tree yet.
delhi-hourly-air-quality-reports,Delhi Hourly Air Quality Reports,https://data.opencity.in/dataset/delhi-hourly-air-quality-reports,central-pollution-control-board,delhi,Environment,2026-01-15T07:26:26.425446,function,1,82080ddc-e094-4a3a-8421-242ec6bc8a45,Punjabi Bagh DPCC 15 minute AQI Data for 2024-25,CSV,https://data.opencity.in/dataset/0dc7b9fe-9fd4-46ee-a37e-88f0bd6f6362/resource/82080ddc-e094-4a3a-8421-242ec6bc8a45/download/del-punjabi-bagh-dpcc-2024-25.csv,11718380,2026-01-15T06:10:11.158179,text/csv,not_downloaded,,,OpenCity catalogue inventory row; resource not promoted into city source tree yet.
delhi-hourly-air-quality-reports,Delhi Hourly Air Quality Reports,https://data.opencity.in/dataset/delhi-hourly-air-quality-reports,central-pollution-control-board,delhi,Environment,2026-01-15T07:26:26.425446,function,1,24298b91-40d8-4d9d-a652-c8acb6602136,Pusa DPCC 15 minute AQI Data for 2024-25,CSV,https://data.opencity.in/dataset/0dc7b9fe-9fd4-46ee-a37e-88f0bd6f6362/resource/24298b91-40d8-4d9d-a652-c8acb6602136/download/del-pusa-dpcc-2024-25.csv,11942728,2026-01-15T06:10:16.202463,text/csv,not_downloaded,,,OpenCity catalogue inventory row; resource not promoted into city source tree yet.
delhi-hourly-air-quality-reports,Delhi Hourly Air Quality Reports,https://data.opencity.in/dataset/delhi-hourly-air-quality-reports,central-pollution-control-board,delhi,Environment,2026-01-15T07:26:26.425446,function,1,48881f84-b60b-4178-939e-0a0d1051be11,Pusa IMD 15 minute AQI Data for 2024-25,CSV,https://data.opencity.in/dataset/0dc7b9fe-9fd4-46ee-a37e-88f0bd6f6362/resource/48881f84-b60b-4178-939e-0a0d1051be11/download/del-pusa-imd-2024-25.csv,9384598,2026-01-15T06:10:20.769280,text/csv,not_downloaded,,,OpenCity catalogue inventory row; resource not promoted into city source tree yet.
delhi-hourly-air-quality-reports,Delhi Hourly Air Quality Reports,https://data.opencity.in/dataset/delhi-hourly-air-quality-reports,central-pollution-control-board,delhi,Environment,2026-01-15T07:26:26.425446,function,1,d9dfd28d-038d-448f-8e33-5e6f6b32d15c,R K Puram DPCC 15 minute AQI Data for 2024-25,CSV,https://data.opencity.in/dataset/0dc7b9fe-9fd4-46ee-a37e-88f0bd6f6362/resource/d9dfd28d-038d-448f-8e33-5e6f6b32d15c/download/del-r-k-puram-dpcc-2024-25.csv,12256125,2026-01-15T06:10:25.638100,text/csv,not_downloaded,,,OpenCity catalogue inventory row; resource not promoted into city source tree yet.
delhi-hourly-air-quality-reports,Delhi Hourly Air Quality Reports,https://data.opencity.in/dataset/delhi-hourly-air-quality-reports,central-pollution-control-board,delhi,Environment,2026-01-15T07:26:26.425446,function,1,f6be929b-151a-4b92-b5b4-507481b15128,Rohini DPCC 15 minute AQI Data for 2024-25,CSV,https://data.opencity.in/dataset/0dc7b9fe-9fd4-46ee-a37e-88f0bd6f6362/resource/f6be929b-151a-4b92-b5b4-507481b15128/download/del-rohini-dpcc-2024-25.csv,12042894,2026-01-15T06:10:30.594631,text/csv,not_downloaded,,,OpenCity catalogue inventory row; resource not promoted into city source tree yet.
delhi-hourly-air-quality-reports,Delhi Hourly Air Quality Reports,https://data.opencity.in/dataset/delhi-hourly-air-quality-reports,central-pollution-control-board,delhi,Environment,2026-01-15T07:26:26.425446,function,1,e91c68ea-85ac-49f8-8015-dd8b04c32a71,Shadipur CPCB 15 minute AQI Data for 2024-25,CSV,https://data.opencity.in/dataset/0dc7b9fe-9fd4-46ee-a37e-88f0bd6f6362/resource/e91c68ea-85ac-49f8-8015-dd8b04c32a71/download/del-shadipur-cpcb-2024-25.csv,12263637,2026-01-15T06:10:35.458786,text/csv,not_downloaded,,,OpenCity catalogue inventory row; resource not promoted into city source tree yet.
delhi-hourly-air-quality-reports,Delhi Hourly Air Quality Reports,https://data.opencity.in/dataset/delhi-hourly-air-quality-reports,central-pollution-control-board,delhi,Environment,2026-01-15T07:26:26.425446,function,1,e562d0c9-cc37-4d5a-a04e-fd95ee9f2f04,Sirifort CPCB 15 minute AQI Data for 2024-25,CSV,https://data.opencity.in/dataset/0dc7b9fe-9fd4-46ee-a37e-88f0bd6f6362/resource/e562d0c9-cc37-4d5a-a04e-fd95ee9f2f04/download/del-sirifort-cpcb-2024-25.csv,12426347,2026-01-15T06:10:40.321049,text/csv,not_downloaded,,,OpenCity catalogue inventory row; resource not promoted into city source tree yet.
delhi-hourly-air-quality-reports,Delhi Hourly Air Quality Reports,https://data.opencity.in/dataset/delhi-hourly-air-quality-reports,central-pollution-control-board,delhi,Environment,2026-01-15T07:26:26.425446,function,1,d496427e-c92f-44f9-a415-d3c0778e0930,Sonia Vihar DPCC 15 minute AQI Data for 2024-25,CSV,https://data.opencity.in/dataset/0dc7b9fe-9fd4-46ee-a37e-88f0bd6f6362/resource/d496427e-c92f-44f9-a415-d3c0778e0930/download/del-sonia-vihar-dpcc-2024-25.csv,12082478,2026-01-15T06:10:52.077571,text/csv,not_downloaded,,,OpenCity catalogue inventory row; resource not promoted into city source tree yet.
delhi-hourly-air-quality-reports,Delhi Hourly Air Quality Reports,https://data.opencity.in/dataset/delhi-hourly-air-quality-reports,central-pollution-control-board,delhi,Environment,2026-01-15T07:26:26.425446,function,1,e42457e9-d117-4323-bdb9-bbf2a491922e,Sri Aurobindo Marg DPCC 15 minute AQI Data for 2024-25,CSV,https://data.opencity.in/dataset/0dc7b9fe-9fd4-46ee-a37e-88f0bd6f6362/resource/e42457e9-d117-4323-bdb9-bbf2a491922e/download/del-sri-aurobindo-marg-dpcc-2024-25.csv,12770932,2026-01-15T06:11:04.111474,text/csv,not_downloaded,,,OpenCity catalogue inventory row; resource not promoted into city source tree yet.
delhi-hourly-air-quality-reports,Delhi Hourly Air Quality Reports,https://data.opencity.in/dataset/delhi-hourly-air-quality-reports,central-pollution-control-board,delhi,Environment,2026-01-15T07:26:26.425446,function,1,19172e66-45d4-4d3c-8736-e573b160fe99,Vivek Vihar DPCC 15 minute AQI Data for 2024-25,CSV,https://data.opencity.in/dataset/0dc7b9fe-9fd4-46ee-a37e-88f0bd6f6362/resource/19172e66-45d4-4d3c-8736-e573b160fe99/download/del-vivek-vihar-dpcc-2024-25.csv,12388335,2026-01-15T06:11:15.152133,text/csv,not_downloaded,,,OpenCity catalogue inventory row; resource not promoted into city source tree yet.
delhi-hourly-air-quality-reports,Delhi Hourly Air Quality Reports,https://data.opencity.in/dataset/delhi-hourly-air-quality-reports,central-pollution-control-board,delhi,Environment,2026-01-15T07:26:26.425446,function,1,70bfe4b2-b869-4f1c-9c25-f4b768858c1c,Wazirpur DPCC 15 minute AQI Data for 2024-25,CSV,https://data.opencity.in/dataset/0dc7b9fe-9fd4-46ee-a37e-88f0bd6f6362/resource/70bfe4b2-b869-4f1c-9c25-f4b768858c1c/download/del-wazirpur-dpcc-2024-25.csv,12200498,2026-01-15T06:11:21.066897,text/csv,not_downloaded,,,OpenCity catalogue inventory row; resource not promoted into city source tree yet.
delhi-household-consumption-expenditure-survey-2022-23,Delhi Household Consumption Expenditure Survey - 2022-23,https://data.opencity.in/dataset/delhi-household-consumption-expenditure-survey-2022-23,ministry-of-statistics-and-programme-implementation-mospi,delhi,Economy,2025-11-27T12:36:58.402960,pays,1,744a5b79-dee1-438c-a79e-6ecda3e11302,HCES Level 01 Data,CSV,https://data.opencity.in/dataset/236dfab7-a108-49fc-8457-b5092ea89ef1/resource/744a5b79-dee1-438c-a79e-6ecda3e11302/download/77919226-418e-422c-bd4d-89c17c72c834.csv,222835,2025-11-25T13:50:07.755580,text/csv,not_downloaded,,,OpenCity catalogue inventory row; resource not promoted into city source tree yet.
delhi-household-consumption-expenditure-survey-2022-23,Delhi Household Consumption Expenditure Survey - 2022-23,https://data.opencity.in/dataset/delhi-household-consumption-expenditure-survey-2022-23,ministry-of-statistics-and-programme-implementation-mospi,delhi,Economy,2025-11-27T12:36:58.402960,pays,1,813dbbe8-6e6c-4693-a7fa-058def9d721a,HCES Level 02 Data,CSV,https://data.opencity.in/dataset/236dfab7-a108-49fc-8457-b5092ea89ef1/resource/813dbbe8-6e6c-4693-a7fa-058def9d721a/download/21449a1b-14e0-46c2-bc77-0afec74ad395.csv,1307301,2025-11-25T13:50:08.148563,text/csv,not_downloaded,,,OpenCity catalogue inventory row; resource not promoted into city source tree yet.
delhi-household-consumption-expenditure-survey-2022-23,Delhi Household Consumption Expenditure Survey - 2022-23,https://data.opencity.in/dataset/delhi-household-consumption-expenditure-survey-2022-23,ministry-of-statistics-and-programme-implementation-mospi,delhi,Economy,2025-11-27T12:36:58.402960,pays,1,9712d09e-f38e-46b3-8909-6e80505c0dc2,HCES Level 03 Data,CSV,https://data.opencity.in/dataset/236dfab7-a108-49fc-8457-b5092ea89ef1/resource/9712d09e-f38e-46b3-8909-6e80505c0dc2/download/d8045b8f-ab22-4570-91a8-f6bc2a19e3c0.csv,427748,2025-11-25T13:50:08.538276,text/csv,not_downloaded,,,OpenCity catalogue inventory row; resource not promoted into city source tree yet.
delhi-household-consumption-expenditure-survey-2022-23,Delhi Household Consumption Expenditure Survey - 2022-23,https://data.opencity.in/dataset/delhi-household-consumption-expenditure-survey-2022-23,ministry-of-statistics-and-programme-implementation-mospi,delhi,Economy,2025-11-27T12:36:58.402960,pays,1,9b7a5765-354a-4fbd-966c-9ae1240fb2a3,HCES Level 04 Data,CSV,https://data.opencity.in/dataset/236dfab7-a108-49fc-8457-b5092ea89ef1/resource/9b7a5765-354a-4fbd-966c-9ae1240fb2a3/download/f311c2ef-36bf-4988-8ba7-f6f22dfab528.csv,293539,2025-11-25T13:50:08.946335,text/csv,not_downloaded,,,OpenCity catalogue inventory row; resource not promoted into city source tree yet.
delhi-household-consumption-expenditure-survey-2022-23,Delhi Household Consumption Expenditure Survey - 2022-23,https://data.opencity.in/dataset/delhi-household-consumption-expenditure-survey-2022-23,ministry-of-statistics-and-programme-implementation-mospi,delhi,Economy,2025-11-27T12:36:58.402960,pays,1,1cd736e9-a45e-4fc6-96b6-66580f96430d,HCES Level 05 Data,CSV,https://data.opencity.in/dataset/236dfab7-a108-49fc-8457-b5092ea89ef1/resource/1cd736e9-a45e-4fc6-96b6-66580f96430d/download/24a859d4-4b7b-4db9-8fb6-24987e220577.csv,12476481,2025-11-25T13:50:09.514352,text/csv,not_downloaded,,,OpenCity catalogue inventory row; resource not promoted into city source tree yet.
delhi-household-consumption-expenditure-survey-2022-23,Delhi Household Consumption Expenditure Survey - 2022-23,https://data.opencity.in/dataset/delhi-household-consumption-expenditure-survey-2022-23,ministry-of-statistics-and-programme-implementation-mospi,delhi,Economy,2025-11-27T12:36:58.402960,pays,1,67f59930-bc79-4c1e-9ba3-75745e394b13,HCES Level 06 Data,CSV,https://data.opencity.in/dataset/236dfab7-a108-49fc-8457-b5092ea89ef1/resource/67f59930-bc79-4c1e-9ba3-75745e394b13/download/6ec444b4-e923-4862-bea9-955cba398046.csv,1898325,2025-11-25T13:50:10.022871,text/csv,not_downloaded,,,OpenCity catalogue inventory row; resource not promoted into city source tree yet.
delhi-household-consumption-expenditure-survey-2022-23,Delhi Household Consumption Expenditure Survey - 2022-23,https://data.opencity.in/dataset/delhi-household-consumption-expenditure-survey-2022-23,ministry-of-statistics-and-programme-implementation-mospi,delhi,Economy,2025-11-27T12:36:58.402960,pays,1,39a8f299-f4bd-4d6a-8954-0bf4b8945d8e,HCES Level 07 Data,CSV,https://data.opencity.in/dataset/236dfab7-a108-49fc-8457-b5092ea89ef1/resource/39a8f299-f4bd-4d6a-8954-0bf4b8945d8e/download/298b7475-1b8d-40d1-8b72-cba31e3dbc2b.csv,342525,2025-11-25T13:50:10.545651,text/csv,not_downloaded,,,OpenCity catalogue inventory row; resource not promoted into city source tree yet.
delhi-household-consumption-expenditure-survey-2022-23,Delhi Household Consumption Expenditure Survey - 2022-23,https://data.opencity.in/dataset/delhi-household-consumption-expenditure-survey-2022-23,ministry-of-statistics-and-programme-implementation-mospi,delhi,Economy,2025-11-27T12:36:58.402960,pays,1,67d799f9-b792-4786-a190-05a39ddceae7,HCES Level 08 Data,CSV,https://data.opencity.in/dataset/236dfab7-a108-49fc-8457-b5092ea89ef1/resource/67d799f9-b792-4786-a190-05a39ddceae7/download/01b50b1d-1b3d-440d-959e-0bbfd49b6afd.csv,1056462,2025-11-25T13:50:11.062661,text/csv,not_downloaded,,,OpenCity catalogue inventory row; resource not promoted into city source tree yet.
delhi-household-consumption-expenditure-survey-2022-23,Delhi Household Consumption Expenditure Survey - 2022-23,https://data.opencity.in/dataset/delhi-household-consumption-expenditure-survey-2022-23,ministry-of-statistics-and-programme-implementation-mospi,delhi,Economy,2025-11-27T12:36:58.402960,pays,1,cb1a764c-1ef1-4e0c-a19f-19436cc8dc35,HCES Level 09 Data,CSV,https://data.opencity.in/dataset/236dfab7-a108-49fc-8457-b5092ea89ef1/resource/cb1a764c-1ef1-4e0c-a19f-19436cc8dc35/download/d9761a60-3d05-466b-ada8-e59ba97cc2e2.csv,8441713,2025-11-25T13:50:11.639356,text/csv,not_downloaded,,,OpenCity catalogue inventory row; resource not promoted into city source tree yet.
delhi-household-consumption-expenditure-survey-2022-23,Delhi Household Consumption Expenditure Survey - 2022-23,https://data.opencity.in/dataset/delhi-household-consumption-expenditure-survey-2022-23,ministry-of-statistics-and-programme-implementation-mospi,delhi,Economy,2025-11-27T12:36:58.402960,pays,1,72744972-f744-4fb6-a31a-fe53808307d9,HCES Level 10 Data,CSV,https://data.opencity.in/dataset/236dfab7-a108-49fc-8457-b5092ea89ef1/resource/72744972-f744-4fb6-a31a-fe53808307d9/download/f854cead-866d-4ae3-944e-06fdff4f40b3.csv,980674,2025-11-25T13:50:12.178780,text/csv,not_downloaded,,,OpenCity catalogue inventory row; resource not promoted into city source tree yet.
delhi-household-consumption-expenditure-survey-2022-23,Delhi Household Consumption Expenditure Survey - 2022-23,https://data.opencity.in/dataset/delhi-household-consumption-expenditure-survey-2022-23,ministry-of-statistics-and-programme-implementation-mospi,delhi,Economy,2025-11-27T12:36:58.402960,pays,1,97631b80-c62e-45ab-b341-e1d230043d7b,HCES Level 11 Data,CSV,https://data.opencity.in/dataset/236dfab7-a108-49fc-8457-b5092ea89ef1/resource/97631b80-c62e-45ab-b341-e1d230043d7b/download/141bda7c-3edb-4a97-9c6f-4e6f9b45a207.csv,372521,2025-11-25T13:50:12.714691,text/csv,not_downloaded,,,OpenCity catalogue inventory row; resource not promoted into city source tree yet.
delhi-household-consumption-expenditure-survey-2022-23,Delhi Household Consumption Expenditure Survey - 2022-23,https://data.opencity.in/dataset/delhi-household-consumption-expenditure-survey-2022-23,ministry-of-statistics-and-programme-implementation-mospi,delhi,Economy,2025-11-27T12:36:58.402960,pays,1,32023b70-6c7b-4287-8388-1832f2108483,HCES Level 12 Data,CSV,https://data.opencity.in/dataset/236dfab7-a108-49fc-8457-b5092ea89ef1/resource/32023b70-6c7b-4287-8388-1832f2108483/download/e5eaf3c5-995c-4a87-9a2d-69da5d9f92a0.csv,4740855,2025-11-25T13:50:13.386604,text/csv,not_downloaded,,,OpenCity catalogue inventory row; resource not promoted into city source tree yet.
delhi-household-consumption-expenditure-survey-2022-23,Delhi Household Consumption Expenditure Survey - 2022-23,https://data.opencity.in/dataset/delhi-household-consumption-expenditure-survey-2022-23,ministry-of-statistics-and-programme-implementation-mospi,delhi,Economy,2025-11-27T12:36:58.402960,pays,1,35a8b29c-6966-49fd-bf1c-a98015a1030f,HCES Level 13 Data,CSV,https://data.opencity.in/dataset/236dfab7-a108-49fc-8457-b5092ea89ef1/resource/35a8b29c-6966-49fd-bf1c-a98015a1030f/download/6d5ce77d-3131-4fe8-8b2e-8606fa5b6f3c.csv,7320625,2025-11-25T13:50:14.265076,text/csv,not_downloaded,,,OpenCity catalogue inventory row; resource not promoted into city source tree yet.
delhi-household-consumption-expenditure-survey-2022-23,Delhi Household Consumption Expenditure Survey - 2022-23,https://data.opencity.in/dataset/delhi-household-consumption-expenditure-survey-2022-23,ministry-of-statistics-and-programme-implementation-mospi,delhi,Economy,2025-11-27T12:36:58.402960,pays,1,633062b6-cb2d-4d33-b61e-77e7d24cb8cb,HCES Level 14 Data,CSV,https://data.opencity.in/dataset/236dfab7-a108-49fc-8457-b5092ea89ef1/resource/633062b6-cb2d-4d33-b61e-77e7d24cb8cb/download/4c7057ea-8b49-429e-98e3-68ebb8577b7b.csv,8762125,2025-11-25T13:50:14.888603,text/csv,not_downloaded,,,OpenCity catalogue inventory row; resource not promoted into city source tree yet.
delhi-household-consumption-expenditure-survey-2022-23,Delhi Household Consumption Expenditure Survey - 2022-23,https://data.opencity.in/dataset/delhi-household-consumption-expenditure-survey-2022-23,ministry-of-statistics-and-programme-implementation-mospi,delhi,Economy,2025-11-27T12:36:58.402960,pays,1,131b77b5-c9e3-4059-a2a3-356e5cde1934,HCES Level 15 Data,CSV,https://data.opencity.in/dataset/236dfab7-a108-49fc-8457-b5092ea89ef1/resource/131b77b5-c9e3-4059-a2a3-356e5cde1934/download/31ea42ff-8278-447c-b734-511406a21973.csv,1107751,2025-11-25T13:50:15.520560,text/csv,not_downloaded,,,OpenCity catalogue inventory row; resource not promoted into city source tree yet.
delhi-household-consumption-expenditure-survey-2022-23,Delhi Household Consumption Expenditure Survey - 2022-23,https://data.opencity.in/dataset/delhi-household-consumption-expenditure-survey-2022-23,ministry-of-statistics-and-programme-implementation-mospi,delhi,Economy,2025-11-27T12:36:58.402960,pays,1,4d84b31c-46e6-4cce-8a15-62ea3d674429,HCES 2022 Layout File,XLSX,https://data.opencity.in/dataset/236dfab7-a108-49fc-8457-b5092ea89ef1/resource/4d84b31c-46e6-4cce-8a15-62ea3d674429/download/20c13f86-a5b6-4afc-ba39-e87bb79081a3.xlsx,38223,2025-11-25T13:50:16.401100,application/vnd.openxmlformats-officedocument.spreadsheetml.sheet,not_downloaded,,,OpenCity catalogue inventory row; resource not promoted into city source tree yet.
delhi-household-consumption-expenditure-survey-2022-23,Delhi Household Consumption Expenditure Survey - 2022-23,https://data.opencity.in/dataset/delhi-household-consumption-expenditure-survey-2022-23,ministry-of-statistics-and-programme-implementation-mospi,delhi,Economy,2025-11-27T12:36:58.402960,pays,1,f3ec812c-0985-47e0-b240-d222849743e5,HCES 2022 Questionnaire Guide,PDF,https://data.opencity.in/dataset/236dfab7-a108-49fc-8457-b5092ea89ef1/resource/f3ec812c-0985-47e0-b240-d222849743e5/download/44c5ab5c-e01f-4578-a182-e6b4c63f9197.pdf,3551371,2025-11-25T13:50:17.069295,application/pdf,not_downloaded,,,OpenCity catalogue inventory row; resource not promoted into city source tree yet.
delhi-mcd-elections-2022,Delhi MCD Elections 2022,https://data.opencity.in/dataset/delhi-mcd-elections-2022,government-of-delhi,delhi,Governance,2025-11-27T12:38:57.866743,decides,1,e5f38174-12fc-40e4-88b4-9e34fea0693c,MCD Election Results 2022,CSV,https://data.opencity.in/dataset/48981afb-6542-4d34-bc16-bea319ad01a3/resource/e5f38174-12fc-40e4-88b4-9e34fea0693c/download/cf14d147-8120-4c97-a76c-50ace78597c5.csv,374410,2025-11-25T13:50:29.263301,text/csv,not_downloaded,,,OpenCity catalogue inventory row; resource not promoted into city source tree yet.
delhi-microwatersheds-map,Delhi Microwatersheds Map,https://data.opencity.in/dataset/delhi-microwatersheds-map,government-of-india,delhi,Environment,2026-01-20T05:11:59.496203,function,1,e055550e-5f7a-46d3-955b-13adb669b1c8,Delhi Microwatersheds Map,GEOJSON,https://data.opencity.in/dataset/9b57365a-256f-4de2-845a-ffe22b8cf07b/resource/e055550e-5f7a-46d3-955b-13adb669b1c8/download/del_micro_watersheds.geojson,7394238,2026-01-20T05:11:59.166669,application/geo+json,not_downloaded,,,OpenCity catalogue inventory row; resource not promoted into city source tree yet.
delhi-rto-wise-vehicle-registrations-data,Delhi RTO-wise Vehicle Registrations Data,https://data.opencity.in/dataset/delhi-rto-wise-vehicle-registrations-data,government-of-delhi,delhi,Mobility,2025-11-27T12:40:16.008991,function,1,19318a1f-22de-40ec-a2af-9be313f5aa2c,RTO-wise Vehicle Registration Data 2021,CSV,https://data.opencity.in/dataset/d9dfb9e3-2d13-4f78-b590-4a1157fbe77d/resource/19318a1f-22de-40ec-a2af-9be313f5aa2c/download/aaacdd04-398b-4e68-8fac-4da2d0b16376.csv,1636343,2025-11-25T13:51:32.569856,text/csv,not_downloaded,,,OpenCity catalogue inventory row; resource not promoted into city source tree yet.
delhi-rto-wise-vehicle-registrations-data,Delhi RTO-wise Vehicle Registrations Data,https://data.opencity.in/dataset/delhi-rto-wise-vehicle-registrations-data,government-of-delhi,delhi,Mobility,2025-11-27T12:40:16.008991,function,1,293a496c-8d77-4109-893c-cd9ff1158d99,RTO-wise Vehicle Registration Data 2022,CSV,https://data.opencity.in/dataset/d9dfb9e3-2d13-4f78-b590-4a1157fbe77d/resource/293a496c-8d77-4109-893c-cd9ff1158d99/download/a2747cd8-a56b-4a6e-bbfe-aa91d01383af.csv,1828692,2025-11-25T13:51:33.196104,text/csv,not_downloaded,,,OpenCity catalogue inventory row; resource not promoted into city source tree yet.
delhi-rto-wise-vehicle-registrations-data,Delhi RTO-wise Vehicle Registrations Data,https://data.opencity.in/dataset/delhi-rto-wise-vehicle-registrations-data,government-of-delhi,delhi,Mobility,2025-11-27T12:40:16.008991,function,1,2903ccbf-d971-4146-847a-30ba767e5bc1,RTO-wise Vehicle Registration Data 2024,CSV,https://data.opencity.in/dataset/d9dfb9e3-2d13-4f78-b590-4a1157fbe77d/resource/2903ccbf-d971-4146-847a-30ba767e5bc1/download/1105a62c-ac6b-46ee-b623-a9b53c3b6912.csv,2134839,2025-11-25T13:51:33.607071,text/csv,not_downloaded,,,OpenCity catalogue inventory row; resource not promoted into city source tree yet.
delhi-rto-wise-vehicle-registrations-data,Delhi RTO-wise Vehicle Registrations Data,https://data.opencity.in/dataset/delhi-rto-wise-vehicle-registrations-data,government-of-delhi,delhi,Mobility,2025-11-27T12:40:16.008991,function,1,3959e0d7-d027-457d-a7ad-d62021d051c3,RTO-wise Vehicle Registration Data 2025,CSV,https://data.opencity.in/dataset/d9dfb9e3-2d13-4f78-b590-4a1157fbe77d/resource/3959e0d7-d027-457d-a7ad-d62021d051c3/download/b0b291ae-9867-4027-a2ea-047494f5dd13.csv,952810,2025-11-25T13:51:34.055531,text/csv,not_downloaded,,,OpenCity catalogue inventory row; resource not promoted into city source tree yet.
delhi-rto-wise-vehicle-registrations-data,Delhi RTO-wise Vehicle Registrations Data,https://data.opencity.in/dataset/delhi-rto-wise-vehicle-registrations-data,government-of-delhi,delhi,Mobility,2025-11-27T12:40:16.008991,function,1,b4536e08-5163-4e0a-b249-aecb0bdd30aa,RTO-wise Vehicle Registration Data 2023,CSV,https://data.opencity.in/dataset/d9dfb9e3-2d13-4f78-b590-4a1157fbe77d/resource/b4536e08-5163-4e0a-b249-aecb0bdd30aa/download/0819c12f-e925-402c-be4c-decfe37ccf00.csv,1996041,2025-11-25T13:51:34.609631,text/csv,not_downloaded,,,OpenCity catalogue inventory row; resource not promoted into city source tree yet.
delhi-rainfall-data,Delhi Rainfall Data,https://data.opencity.in/dataset/delhi-rainfall-data,india-meteorological-department,delhi,Environment,2025-11-27T12:37:54.382437,function,1,7bac808f-4b8f-411e-9540-d86f39c6dbca,Delhi South Monthly Rainfall Data 1901-2021,CSV,https://data.opencity.in/dataset/16c7605d-1657-48bb-8b8a-2eda8b61f654/resource/7bac808f-4b8f-411e-9540-d86f39c6dbca/download/74fd035c-e32b-447f-a99c-91ecdfd8aa71.csv,16662,2025-11-25T13:50:58.430212,text/csv,not_downloaded,,,OpenCity catalogue inventory row; resource not promoted into city source tree yet.
delhi-rainfall-data,Delhi Rainfall Data,https://data.opencity.in/dataset/delhi-rainfall-data,india-meteorological-department,delhi,Environment,2025-11-27T12:37:54.382437,function,1,ba76ea2d-728d-42ae-b62d-a1f870a6521b,Delhi North Monthly Rainfall Data 1901-2021,CSV,https://data.opencity.in/dataset/16c7605d-1657-48bb-8b8a-2eda8b61f654/resource/ba76ea2d-728d-42ae-b62d-a1f870a6521b/download/7b06b00c-befa-49d0-be1c-1fe9d5fdf26e.csv,23491,2025-11-25T13:50:58.780555,text/csv,not_downloaded,,,OpenCity catalogue inventory row; resource not promoted into city source tree yet.
delhi-road-crashes-data,Delhi Road Crashes Data,https://data.opencity.in/dataset/delhi-road-crashes-data,government-of-delhi,delhi,Mobility,2025-11-27T12:40:24.354354,function,1,79bed46c-c53c-4fe9-a76c-41fe118fc83e,Delhi Crash Report 2023,PDF,https://data.opencity.in/dataset/bc920093-4a52-4e57-b278-a3d1e4102590/resource/79bed46c-c53c-4fe9-a76c-41fe118fc83e/download/023a492c-0187-4ea0-824a-bb6fdc448851.pdf,71382985,2025-11-25T13:51:12.059048,application/pdf,not_downloaded,,,OpenCity catalogue inventory row; resource not promoted into city source tree yet.
delhi-road-crashes-data,Delhi Road Crashes Data,https://data.opencity.in/dataset/delhi-road-crashes-data,government-of-delhi,delhi,Mobility,2025-11-27T12:40:24.354354,function,1,5e135450-0134-4718-ae14-1bbfb40eff01,Delhi Road Crash Statistics from 2014 to 2023,CSV,https://data.opencity.in/dataset/bc920093-4a52-4e57-b278-a3d1e4102590/resource/5e135450-0134-4718-ae14-1bbfb40eff01/download/b75c6222-4488-4d03-a20c-4f8ac1c2a1e5.csv,259,2025-11-25T13:51:12.549976,text/csv,not_downloaded,,,OpenCity catalogue inventory row; resource not promoted into city source tree yet.
delhi-road-crashes-data,Delhi Road Crashes Data,https://data.opencity.in/dataset/delhi-road-crashes-data,government-of-delhi,delhi,Mobility,2025-11-27T12:40:24.354354,function,1,9e8696f3-7b82-4301-a210-13f76287aef1,Road Crash Victims from 2019 to 2023,CSV,https://data.opencity.in/dataset/bc920093-4a52-4e57-b278-a3d1e4102590/resource/9e8696f3-7b82-4301-a210-13f76287aef1/download/c5a50842-cba9-4217-9202-bf40d9788789.csv,846,2025-11-25T13:51:13.050706,text/csv,not_downloaded,,,OpenCity catalogue inventory row; resource not promoted into city source tree yet.
delhi-road-crashes-data,Delhi Road Crashes Data,https://data.opencity.in/dataset/delhi-road-crashes-data,government-of-delhi,delhi,Mobility,2025-11-27T12:40:24.354354,function,1,87eb51b4-a6f9-47ef-89f6-7f7feb3baf4d,Type of Vehicles Accused in Road Crashses 2021 to 2023,CSV,https://data.opencity.in/dataset/bc920093-4a52-4e57-b278-a3d1e4102590/resource/87eb51b4-a6f9-47ef-89f6-7f7feb3baf4d/download/ebf87168-a3d4-44a0-9041-b6a386478cb9.csv,1001,2025-11-25T13:51:14.253238,text/csv,not_downloaded,,,OpenCity catalogue inventory row; resource not promoted into city source tree yet.
delhi-road-crashes-data,Delhi Road Crashes Data,https://data.opencity.in/dataset/delhi-road-crashes-data,government-of-delhi,delhi,Mobility,2025-11-27T12:40:24.354354,function,1,fc71f612-e600-447e-a3b3-9f6cfc313170,Vehicles Accused vs Victims 2023,CSV,https://data.opencity.in/dataset/bc920093-4a52-4e57-b278-a3d1e4102590/resource/fc71f612-e600-447e-a3b3-9f6cfc313170/download/d62b502e-af7d-4bc3-8784-664e3e0b8353.csv,476,2025-11-25T13:51:17.896941,text/csv,not_downloaded,,,OpenCity catalogue inventory row; resource not promoted into city source tree yet.
delhi-statistical-handbooks,Delhi Statistical Handbooks,https://data.opencity.in/dataset/delhi-statistical-handbooks,government-of-delhi,delhi,Economy,2026-01-23T04:39:18.225190,function,1,eb1da6f5-f1a6-493d-813e-591843e880e6,Delhi Statistical Handbook 2025,PDF,https://data.opencity.in/dataset/db2f9827-16c0-46f4-a98f-ec4c6a812250/resource/eb1da6f5-f1a6-493d-813e-591843e880e6/download/hand-book-final-2025.pdf,20475904,2026-01-23T04:39:08.983508,application/pdf,not_downloaded,,,OpenCity catalogue inventory row; resource not promoted into city source tree yet.
delhi-statistical-handbooks,Delhi Statistical Handbooks,https://data.opencity.in/dataset/delhi-statistical-handbooks,government-of-delhi,delhi,Economy,2026-01-23T04:39:18.225190,function,1,02916678-a5e5-47ef-84e6-d47846073ec2,Delhi Statistical Handbook 2024,PDF,https://data.opencity.in/dataset/db2f9827-16c0-46f4-a98f-ec4c6a812250/resource/02916678-a5e5-47ef-84e6-d47846073ec2/download/d77084b2-6ad1-4c2e-bd56-5045c775087f.pdf,11572048,2025-11-25T13:51:47.290063,application/pdf,not_downloaded,,,OpenCity catalogue inventory row; resource not promoted into city source tree yet.
delhi-statistical-handbooks,Delhi Statistical Handbooks,https://data.opencity.in/dataset/delhi-statistical-handbooks,government-of-delhi,delhi,Economy,2026-01-23T04:39:18.225190,function,1,0171d37c-b6e2-4458-a879-0f07821645a8,Delhi Statistical Handbook 2023,PDF,https://data.opencity.in/dataset/db2f9827-16c0-46f4-a98f-ec4c6a812250/resource/0171d37c-b6e2-4458-a879-0f07821645a8/download/0f19df67-7837-4da2-b3c5-7134578b6b32.pdf,3063801,2025-11-25T13:51:47.691343,application/pdf,not_downloaded,,,OpenCity catalogue inventory row; resource not promoted into city source tree yet.
delhi-statistical-handbooks,Delhi Statistical Handbooks,https://data.opencity.in/dataset/delhi-statistical-handbooks,government-of-delhi,delhi,Economy,2026-01-23T04:39:18.225190,function,1,7f167020-a44b-4782-bb38-1f573659f4e8,Delhi Statistical Handbook 2022,PDF,https://data.opencity.in/dataset/db2f9827-16c0-46f4-a98f-ec4c6a812250/resource/7f167020-a44b-4782-bb38-1f573659f4e8/download/dd63f62e-157f-4556-b16c-90eb80dc3a3b.pdf,2226445,2025-11-25T13:51:48.211700,application/pdf,not_downloaded,,,OpenCity catalogue inventory row; resource not promoted into city source tree yet.
delhi-statistical-handbooks,Delhi Statistical Handbooks,https://data.opencity.in/dataset/delhi-statistical-handbooks,government-of-delhi,delhi,Economy,2026-01-23T04:39:18.225190,function,1,66cbf62e-32a3-42f3-a337-e08d8816ec57,Delhi Statistical Handbook 2021,PDF,https://data.opencity.in/dataset/db2f9827-16c0-46f4-a98f-ec4c6a812250/resource/66cbf62e-32a3-42f3-a337-e08d8816ec57/download/3784f839-05e1-4793-93c1-e3737b982aa7.pdf,2910707,2025-11-25T13:51:48.705196,application/pdf,not_downloaded,,,OpenCity catalogue inventory row; resource not promoted into city source tree yet.
delhi-statistical-handbooks,Delhi Statistical Handbooks,https://data.opencity.in/dataset/delhi-statistical-handbooks,government-of-delhi,delhi,Economy,2026-01-23T04:39:18.225190,function,1,a0c2b397-06de-4e6b-91b2-b914cb8eee27,Delhi Statistical Handbook 2020,PDF,https://data.opencity.in/dataset/db2f9827-16c0-46f4-a98f-ec4c6a812250/resource/a0c2b397-06de-4e6b-91b2-b914cb8eee27/download/87862d42-338f-43ee-8479-f741350cefca.pdf,4923589,2025-11-25T13:51:49.285856,application/pdf,not_downloaded,,,OpenCity catalogue inventory row; resource not promoted into city source tree yet.
delhi-statistical-handbooks,Delhi Statistical Handbooks,https://data.opencity.in/dataset/delhi-statistical-handbooks,government-of-delhi,delhi,Economy,2026-01-23T04:39:18.225190,function,1,8f7843b0-30f0-4387-aeaf-92cbfac7a443,Delhi Statistical Handbook 2019,PDF,https://data.opencity.in/dataset/db2f9827-16c0-46f4-a98f-ec4c6a812250/resource/8f7843b0-30f0-4387-aeaf-92cbfac7a443/download/fd4bbc70-c22e-4265-a45e-98327cf723f5.pdf,2809210,2025-11-25T13:51:49.767887,application/pdf,not_downloaded,,,OpenCity catalogue inventory row; resource not promoted into city source tree yet.
delhi-traffic-police-jurisdictions,Delhi Traffic Police Jurisdictions,https://data.opencity.in/dataset/delhi-traffic-police-jurisdictions,government-of-delhi,delhi,City Services,2025-11-27T12:36:38.190044,decides;function,1,a3753736-15d9-4bee-a16a-33151e007735,Delhi Traffic Police Jurisdiction Map,PDF,https://data.opencity.in/dataset/2151b280-cde1-4844-9510-c9e285198723/resource/a3753736-15d9-4bee-a16a-33151e007735/download/37d18270-6d40-40bc-930e-1b0e9d74c288.pdf,937938,2025-11-25T13:52:02.073834,application/pdf,not_downloaded,,,OpenCity catalogue inventory row; resource not promoted into city source tree yet.
delhi-udise-2021-22,Delhi UDISE+ 2021-22,https://data.opencity.in/dataset/delhi-udise-2021-22,government-of-delhi,delhi,Education,2025-11-27T12:37:17.223764,function,1,df835f8d-4722-48b2-8a87-387366126bb9,Delhi Profile Part 1,CSV,https://data.opencity.in/dataset/e05a444d-6085-4afd-bb07-654d98130fcc/resource/df835f8d-4722-48b2-8a87-387366126bb9/download/7258fad5-e95e-4526-bbf0-91f66fac9bcf.csv,1332104,2025-11-25T13:52:15.088749,text/csv,not_downloaded,,,OpenCity catalogue inventory row; resource not promoted into city source tree yet.
delhi-udise-2021-22,Delhi UDISE+ 2021-22,https://data.opencity.in/dataset/delhi-udise-2021-22,government-of-delhi,delhi,Education,2025-11-27T12:37:17.223764,function,1,4d3a380c-131a-4b23-9bff-bc61b6d43542,Delhi Profile Part 2,CSV,https://data.opencity.in/dataset/e05a444d-6085-4afd-bb07-654d98130fcc/resource/4d3a380c-131a-4b23-9bff-bc61b6d43542/download/ae190221-643b-40ce-935a-436676f0246e.csv,764078,2025-11-25T13:52:15.457218,text/csv,not_downloaded,,,OpenCity catalogue inventory row; resource not promoted into city source tree yet.
delhi-udise-2021-22,Delhi UDISE+ 2021-22,https://data.opencity.in/dataset/delhi-udise-2021-22,government-of-delhi,delhi,Education,2025-11-27T12:37:17.223764,function,1,6b47661c-bbe2-40ec-8994-93c983a6fb83,Delhi Facilities,CSV,https://data.opencity.in/dataset/e05a444d-6085-4afd-bb07-654d98130fcc/resource/6b47661c-bbe2-40ec-8994-93c983a6fb83/download/df3756bb-130c-4bf7-ae82-93a019fff29a.csv,532547,2025-11-25T13:52:15.870187,text/csv,not_downloaded,,,OpenCity catalogue inventory row; resource not promoted into city source tree yet.
delhi-udise-2021-22,Delhi UDISE+ 2021-22,https://data.opencity.in/dataset/delhi-udise-2021-22,government-of-delhi,delhi,Education,2025-11-27T12:37:17.223764,function,1,4d27b97f-48f4-4e16-b305-9dde96a39590,Delhi Enrolment Data Part 1,CSV,https://data.opencity.in/dataset/e05a444d-6085-4afd-bb07-654d98130fcc/resource/4d27b97f-48f4-4e16-b305-9dde96a39590/download/a03b87da-b282-4fec-8ca9-b843823c29ec.csv,5447247,2025-11-25T13:52:16.337189,text/csv,not_downloaded,,,OpenCity catalogue inventory row; resource not promoted into city source tree yet.
delhi-udise-2021-22,Delhi UDISE+ 2021-22,https://data.opencity.in/dataset/delhi-udise-2021-22,government-of-delhi,delhi,Education,2025-11-27T12:37:17.223764,function,1,e07bd182-61f0-4b51-8aaf-26d496844b8c,Delhi Enrolment Data Part 2,CSV,https://data.opencity.in/dataset/e05a444d-6085-4afd-bb07-654d98130fcc/resource/e07bd182-61f0-4b51-8aaf-26d496844b8c/download/f29b7e74-2b20-48a1-8924-ae6f721852fb.csv,7463239,2025-11-25T13:52:16.805144,text/csv,not_downloaded,,,OpenCity catalogue inventory row; resource not promoted into city source tree yet.
delhi-udise-2021-22,Delhi UDISE+ 2021-22,https://data.opencity.in/dataset/delhi-udise-2021-22,government-of-delhi,delhi,Education,2025-11-27T12:37:17.223764,function,1,58e30864-c1b5-4cd7-bd52-8e13ac59d906,Delhi Teachers Data,CSV,https://data.opencity.in/dataset/e05a444d-6085-4afd-bb07-654d98130fcc/resource/58e30864-c1b5-4cd7-bd52-8e13ac59d906/download/99bead33-74d3-4b9b-ae58-2f6516d68c44.csv,423616,2025-11-25T13:52:17.270482,text/csv,not_downloaded,,,OpenCity catalogue inventory row; resource not promoted into city source tree yet.
delhi-udise-2021-22,Delhi UDISE+ 2021-22,https://data.opencity.in/dataset/delhi-udise-2021-22,government-of-delhi,delhi,Education,2025-11-27T12:37:17.223764,function,1,d1353cd1-bde6-4936-88bd-faacbb9e0919,UDISE+ Schema,PDF,https://data.opencity.in/dataset/e05a444d-6085-4afd-bb07-654d98130fcc/resource/d1353cd1-bde6-4936-88bd-faacbb9e0919/download/9fee6f3e-1130-4f55-b5ee-edab9b7a693f.pdf,364803,2025-11-25T13:52:17.735051,application/pdf,not_downloaded,,,OpenCity catalogue inventory row; resource not promoted into city source tree yet.
delhi-udise-2023-24,Delhi UDISE+ 2023-24,https://data.opencity.in/dataset/delhi-udise-2023-24,government-of-delhi,delhi,Education,2025-11-27T12:37:14.926488,function,1,3e2377ca-0ad2-4712-a524-29060b9d4510,Delhi Profile Part 1,CSV,https://data.opencity.in/dataset/03b37451-7ff1-4867-832f-0ba74d91653d/resource/3e2377ca-0ad2-4712-a524-29060b9d4510/download/9bdc9820-e97a-445f-8d0b-b5143440737d.csv,957579,2025-11-25T13:52:30.705008,text/csv,not_downloaded,,,OpenCity catalogue inventory row; resource not promoted into city source tree yet.
delhi-udise-2023-24,Delhi UDISE+ 2023-24,https://data.opencity.in/dataset/delhi-udise-2023-24,government-of-delhi,delhi,Education,2025-11-27T12:37:14.926488,function,1,0561c782-6119-430e-a2aa-6c6df837d475,Delhi Profile Part 2,CSV,https://data.opencity.in/dataset/03b37451-7ff1-4867-832f-0ba74d91653d/resource/0561c782-6119-430e-a2aa-6c6df837d475/download/9795fac0-704b-4eac-b826-9c2235cc5bbb.csv,247547,2025-11-25T13:52:31.108071,text/csv,not_downloaded,,,OpenCity catalogue inventory row; resource not promoted into city source tree yet.
delhi-udise-2023-24,Delhi UDISE+ 2023-24,https://data.opencity.in/dataset/delhi-udise-2023-24,government-of-delhi,delhi,Education,2025-11-27T12:37:14.926488,function,1,b669ace1-13b6-4325-86d0-054e94487b97,Delhi Facilities,CSV,https://data.opencity.in/dataset/03b37451-7ff1-4867-832f-0ba74d91653d/resource/b669ace1-13b6-4325-86d0-054e94487b97/download/1faaa09e-be5d-44ba-beec-d17d52e26730.csv,830759,2025-11-25T13:52:31.734727,text/csv,not_downloaded,,,OpenCity catalogue inventory row; resource not promoted into city source tree yet.
delhi-udise-2023-24,Delhi UDISE+ 2023-24,https://data.opencity.in/dataset/delhi-udise-2023-24,government-of-delhi,delhi,Education,2025-11-27T12:37:14.926488,function,1,957a8318-20d1-41fe-b464-0160983be1a4,Delhi Enrolment Data Part 1,CSV,https://data.opencity.in/dataset/03b37451-7ff1-4867-832f-0ba74d91653d/resource/957a8318-20d1-41fe-b464-0160983be1a4/download/405ea4b1-592f-4cc8-84e9-be5c56b7d9ee.csv,3294619,2025-11-25T13:52:32.161139,text/csv,not_downloaded,,,OpenCity catalogue inventory row; resource not promoted into city source tree yet.
delhi-udise-2023-24,Delhi UDISE+ 2023-24,https://data.opencity.in/dataset/delhi-udise-2023-24,government-of-delhi,delhi,Education,2025-11-27T12:37:14.926488,function,1,5eae5847-8c5a-433e-aed5-d824ac8453bd,Delhi Enrolment Data Part 2,CSV,https://data.opencity.in/dataset/03b37451-7ff1-4867-832f-0ba74d91653d/resource/5eae5847-8c5a-433e-aed5-d824ac8453bd/download/515cd9fa-9b8e-4bcd-9108-beacc49ee27b.csv,4133036,2025-11-25T13:52:32.624205,text/csv,not_downloaded,,,OpenCity catalogue inventory row; resource not promoted into city source tree yet.
delhi-udise-2023-24,Delhi UDISE+ 2023-24,https://data.opencity.in/dataset/delhi-udise-2023-24,government-of-delhi,delhi,Education,2025-11-27T12:37:14.926488,function,1,a6254282-6201-4e77-ba92-31d43a2a9ee6,Delhi Teachers Data,CSV,https://data.opencity.in/dataset/03b37451-7ff1-4867-832f-0ba74d91653d/resource/a6254282-6201-4e77-ba92-31d43a2a9ee6/download/faadd65d-f6c5-4c51-98fc-9c419d30a4da.csv,486990,2025-11-25T13:52:33.099395,text/csv,not_downloaded,,,OpenCity catalogue inventory row; resource not promoted into city source tree yet.
delhi-udise-2023-24,Delhi UDISE+ 2023-24,https://data.opencity.in/dataset/delhi-udise-2023-24,government-of-delhi,delhi,Education,2025-11-27T12:37:14.926488,function,1,07fb70e6-7c97-4cbc-9192-238976d9cdef,UDISE+ Schema,PDF,https://data.opencity.in/dataset/03b37451-7ff1-4867-832f-0ba74d91653d/resource/07fb70e6-7c97-4cbc-9192-238976d9cdef/download/5ad6a40f-2bb3-4bcc-ba9c-87b3b1902ffa.pdf,77466,2025-11-25T13:52:33.756084,application/pdf,not_downloaded,,,OpenCity catalogue inventory row; resource not promoted into city source tree yet.
delhi-water-bodies-census-data,Delhi Water Bodies Census Data,https://data.opencity.in/dataset/delhi-water-bodies-census-data,ministry-of-jal-shakti,delhi,Environment,2025-11-27T12:37:47.489871,function,1,0d3882a6-4d4e-4d67-87fc-d23729b1f6eb,Delhi Water Census Map 2023,KML,https://data.opencity.in/dataset/0e089da2-53bc-4751-a919-7d6f95f72784/resource/0d3882a6-4d4e-4d67-87fc-d23729b1f6eb/download/b4219512-7105-4227-9c95-9bdf64020799.kml,1700897,2025-11-25T13:52:59.180542,application/vnd.google-earth.kml+xml,not_downloaded,,,OpenCity catalogue inventory row; resource not promoted into city source tree yet.
municipal-corporation-of-delhi-budget-2025-26,Municipal Corporation of Delhi Budget 2025-26,https://data.opencity.in/dataset/municipal-corporation-of-delhi-budget-2025-26,government-of-delhi,delhi,Finance,2026-02-20T10:13:57.241005,pays,1,91fbe01f-aa1f-4b7b-a80f-9e6fd2ea0e76,Budget Estimates for 2025-26,PDF,https://data.opencity.in/dataset/e62858e1-77b5-4d84-bfcf-4a9db2131734/resource/91fbe01f-aa1f-4b7b-a80f-9e6fd2ea0e76/download/general_account_income_and_expenditure_budget_2024-2025_and_revised_budget_estimates_2024-2025_a.pdf,2068914,2026-02-20T10:12:04.110982,application/pdf,not_downloaded,,,OpenCity catalogue inventory row; resource not promoted into city source tree yet.
municipal-corporation-of-delhi-budget-2025-26,Municipal Corporation of Delhi Budget 2025-26,https://data.opencity.in/dataset/municipal-corporation-of-delhi-budget-2025-26,government-of-delhi,delhi,Finance,2026-02-20T10:13:57.241005,pays,1,4f7baf27-d6d2-46d0-862f-2f086efe1888,Non-plan Income and Expenditure Budget 2024-25,PDF,https://data.opencity.in/dataset/e62858e1-77b5-4d84-bfcf-4a9db2131734/resource/4f7baf27-d6d2-46d0-862f-2f086efe1888/download/non_plan_income_and_expenditure_budget_2023-24_2024-25_250827124457857.pdf,2124878,2026-02-20T10:13:20.365067,application/pdf,not_downloaded,,,OpenCity catalogue inventory row; resource not promoted into city source tree yet.
new-delhi-municipal-corporation-budget-2026-27,New Delhi Municipal Corporation Budget 2026-27,https://data.opencity.in/dataset/new-delhi-municipal-corporation-budget-2026-27,government-of-delhi,delhi,Finance,2026-03-16T04:34:02.219773,pays,1,0de8f3e8-63f9-4089-a1d2-b0d5775f049a,Budget Speech in English,PDF,https://data.opencity.in/dataset/5ec5d077-5e5b-4af3-bf51-c691e155054a/resource/0de8f3e8-63f9-4089-a1d2-b0d5775f049a/download/budget-speech-2026-27-english.pdf,1016122,2026-03-13T10:45:37.067917,application/pdf,not_downloaded,,,OpenCity catalogue inventory row; resource not promoted into city source tree yet.
new-delhi-municipal-corporation-budget-2026-27,New Delhi Municipal Corporation Budget 2026-27,https://data.opencity.in/dataset/new-delhi-municipal-corporation-budget-2026-27,government-of-delhi,delhi,Finance,2026-03-16T04:34:02.219773,pays,1,7a1fba1f-9144-43e8-befc-a6dd839df9df,Budget Speech in Hindi,PDF,https://data.opencity.in/dataset/5ec5d077-5e5b-4af3-bf51-c691e155054a/resource/7a1fba1f-9144-43e8-befc-a6dd839df9df/download/budget-speech-2026-27-hindi-compressed.pdf,89740412,2026-03-13T10:52:34.155010,application/pdf,not_downloaded,,,OpenCity catalogue inventory row; resource not promoted into city source tree yet.
new-delhi-municipal-corporation-budget-2026-27,New Delhi Municipal Corporation Budget 2026-27,https://data.opencity.in/dataset/new-delhi-municipal-corporation-budget-2026-27,government-of-delhi,delhi,Finance,2026-03-16T04:34:02.219773,pays,1,eab7f675-d3df-4ce1-a45f-02cf5ab228bb,Budget at a Glance,PDF,https://data.opencity.in/dataset/5ec5d077-5e5b-4af3-bf51-c691e155054a/resource/eab7f675-d3df-4ce1-a45f-02cf5ab228bb/download/budget-at-a-glance.pdf,5706329,2026-03-13T10:47:10.993239,application/pdf,not_downloaded,,,OpenCity catalogue inventory row; resource not promoted into city source tree yet.
new-delhi-municipal-corporation-budget-2026-27,New Delhi Municipal Corporation Budget 2026-27,https://data.opencity.in/dataset/new-delhi-municipal-corporation-budget-2026-27,government-of-delhi,delhi,Finance,2026-03-16T04:34:02.219773,pays,1,3cf102e8-769e-4881-80c6-8256e6f87c94,Budget Book - Vol 1,PDF,https://data.opencity.in/dataset/5ec5d077-5e5b-4af3-bf51-c691e155054a/resource/3cf102e8-769e-4881-80c6-8256e6f87c94/download/budget-2026-27-vol-1-compressed.pdf,100797697,2026-03-16T04:33:02.933478,application/pdf,not_downloaded,,,OpenCity catalogue inventory row; resource not promoted into city source tree yet.
new-delhi-municipal-corporation-budget-2026-27,New Delhi Municipal Corporation Budget 2026-27,https://data.opencity.in/dataset/new-delhi-municipal-corporation-budget-2026-27,government-of-delhi,delhi,Finance,2026-03-16T04:34:02.219773,pays,1,0056e6db-c5d7-4bde-b8dc-8b5b41ae8232,Budget Book Volume 2,PDF,https://data.opencity.in/dataset/5ec5d077-5e5b-4af3-bf51-c691e155054a/resource/0056e6db-c5d7-4bde-b8dc-8b5b41ae8232/download/budget-2026-27-vol-2-compressed.pdf,57625950,2026-03-13T10:51:49.350255,application/pdf,not_downloaded,,,OpenCity catalogue inventory row; resource not promoted into city source tree yet.
new-delhi-municipal-council-budget-2025-26,New Delhi Municipal Council Budget 2025-26,https://data.opencity.in/dataset/new-delhi-municipal-council-budget-2025-26,government-of-delhi,delhi,Finance,2025-11-27T12:38:13.536078,decides;pays,1,abd55836-d78d-4346-a693-e71dd1bbd1bf,Budget 2025-26 Vol 1,PDF,https://data.opencity.in/dataset/49a01342-fcc2-4136-8bcc-cffb57863267/resource/abd55836-d78d-4346-a693-e71dd1bbd1bf/download/f3e25e29-c431-44b2-903e-518628f7e1bb.pdf,17862018,2025-11-25T15:31:55.334810,application/pdf,not_downloaded,,,OpenCity catalogue inventory row; resource not promoted into city source tree yet.
new-delhi-municipal-council-budget-2025-26,New Delhi Municipal Council Budget 2025-26,https://data.opencity.in/dataset/new-delhi-municipal-council-budget-2025-26,government-of-delhi,delhi,Finance,2025-11-27T12:38:13.536078,decides;pays,1,2874dc58-7e64-49c6-a285-d1a017f5f626,Budget 2025-26 Vol 2,PDF,https://data.opencity.in/dataset/49a01342-fcc2-4136-8bcc-cffb57863267/resource/2874dc58-7e64-49c6-a285-d1a017f5f626/download/2ccc26b0-f84c-402d-aa34-343d3f3c8847.pdf,14824226,2025-11-25T15:31:55.835426,application/pdf,not_downloaded,,,OpenCity catalogue inventory row; resource not promoted into city source tree yet.
new-delhi-municipal-council-budget-2025-26,New Delhi Municipal Council Budget 2025-26,https://data.opencity.in/dataset/new-delhi-municipal-council-budget-2025-26,government-of-delhi,delhi,Finance,2025-11-27T12:38:13.536078,decides;pays,1,fe98c846-a90c-4a51-ae8a-c45de58f1e7e,Budget at a Glance 2025-26,PDF,https://data.opencity.in/dataset/49a01342-fcc2-4136-8bcc-cffb57863267/resource/fe98c846-a90c-4a51-ae8a-c45de58f1e7e/download/677ec1a0-9ec4-4178-a71b-63d6fd789258.pdf,676617,2025-11-25T15:31:56.250666,application/pdf,not_downloaded,,,OpenCity catalogue inventory row; resource not promoted into city source tree yet.
new-delhi-municipal-council-budget-2025-26,New Delhi Municipal Council Budget 2025-26,https://data.opencity.in/dataset/new-delhi-municipal-council-budget-2025-26,government-of-delhi,delhi,Finance,2025-11-27T12:38:13.536078,decides;pays,1,82bf831e-290a-4346-89cd-a38a5aa764aa,Budget 2025-26 Speech in Hindi,PDF,https://data.opencity.in/dataset/49a01342-fcc2-4136-8bcc-cffb57863267/resource/82bf831e-290a-4346-89cd-a38a5aa764aa/download/d7844830-5c60-4b89-aa6f-ea1d9a48976f.pdf,938257,2025-11-25T15:31:56.669636,application/pdf,not_downloaded,,,OpenCity catalogue inventory row; resource not promoted into city source tree yet.
new-delhi-municipal-council-budget-2025-26,New Delhi Municipal Council Budget 2025-26,https://data.opencity.in/dataset/new-delhi-municipal-council-budget-2025-26,government-of-delhi,delhi,Finance,2025-11-27T12:38:13.536078,decides;pays,1,e9a7bc88-f95d-44b9-9343-e7a9a9cad929,Budget 2025-26 Speech in English,PDF,https://data.opencity.in/dataset/49a01342-fcc2-4136-8bcc-cffb57863267/resource/e9a7bc88-f95d-44b9-9343-e7a9a9cad929/download/356eda57-0abf-4c35-b54e-358c991b9e0e.pdf,630796,2025-11-25T15:31:57.123267,application/pdf,not_downloaded,,,OpenCity catalogue inventory row; resource not promoted into city source tree yet.
villages-maps-of-delhi,Villages Maps of Delhi,https://data.opencity.in/dataset/villages-maps-of-delhi,government-of-delhi,delhi,Urban Planning,2026-02-26T06:02:07.165316,profits,1,7111e9ea-d775-4dde-a490-568149ac21da,Villages Map of Delhi East District - 2022,KML,https://data.opencity.in/dataset/8d82fabb-7fd9-45ad-a36a-4e0aa983e4c6/resource/7111e9ea-d775-4dde-a490-568149ac21da/download/91beef33-15c7-49fb-bbd9-6d8674aa9925.kml,303342,2025-11-25T16:14:40.966352,application/vnd.google-earth.kml+xml,not_downloaded,,,OpenCity catalogue inventory row; resource not promoted into city source tree yet.
villages-maps-of-delhi,Villages Maps of Delhi,https://data.opencity.in/dataset/villages-maps-of-delhi,government-of-delhi,delhi,Urban Planning,2026-02-26T06:02:07.165316,profits,1,dc8f0f39-3962-497f-bd20-27fd0321b5c4,Villages Map of Central Delhi District - 2022 ,KML,https://data.opencity.in/dataset/8d82fabb-7fd9-45ad-a36a-4e0aa983e4c6/resource/dc8f0f39-3962-497f-bd20-27fd0321b5c4/download/5218a752-eef0-4b9e-8c9a-7be3030b9e09.kml,483516,2025-11-25T16:14:41.331310,application/vnd.google-earth.kml+xml,not_downloaded,,,OpenCity catalogue inventory row; resource not promoted into city source tree yet.
villages-maps-of-delhi,Villages Maps of Delhi,https://data.opencity.in/dataset/villages-maps-of-delhi,government-of-delhi,delhi,Urban Planning,2026-02-26T06:02:07.165316,profits,1,62568cdb-d4d1-41a2-bf5c-e63133c51aa6,Villages Map of New Delhi District - 2022 ,KML,https://data.opencity.in/dataset/8d82fabb-7fd9-45ad-a36a-4e0aa983e4c6/resource/62568cdb-d4d1-41a2-bf5c-e63133c51aa6/download/47544153-75d8-414c-b325-2fb1655b5fa8.kml,403163,2025-11-25T16:14:41.642562,application/vnd.google-earth.kml+xml,not_downloaded,,,OpenCity catalogue inventory row; resource not promoted into city source tree yet.
villages-maps-of-delhi,Villages Maps of Delhi,https://data.opencity.in/dataset/villages-maps-of-delhi,government-of-delhi,delhi,Urban Planning,2026-02-26T06:02:07.165316,profits,1,7fddacae-eef8-4aba-87fc-a03e677c6b33,Villages Map of North East Delhi District - 2022 ,KML,https://data.opencity.in/dataset/8d82fabb-7fd9-45ad-a36a-4e0aa983e4c6/resource/7fddacae-eef8-4aba-87fc-a03e677c6b33/download/55b176c4-d63e-4042-9c6c-4bff8c95c19d.kml,368307,2025-11-25T16:14:41.986743,application/vnd.google-earth.kml+xml,not_downloaded,,,OpenCity catalogue inventory row; resource not promoted into city source tree yet.
villages-maps-of-delhi,Villages Maps of Delhi,https://data.opencity.in/dataset/villages-maps-of-delhi,government-of-delhi,delhi,Urban Planning,2026-02-26T06:02:07.165316,profits,1,adda2ffc-6184-4968-92c8-dd29ffe14ce6,Villages Map of North West Delhi District - 2022 ,KML,https://data.opencity.in/dataset/8d82fabb-7fd9-45ad-a36a-4e0aa983e4c6/resource/adda2ffc-6184-4968-92c8-dd29ffe14ce6/download/761404dc-e82f-45a7-9982-0f68999161fd.kml,800508,2025-11-25T16:14:42.379098,application/vnd.google-earth.kml+xml,not_downloaded,,,OpenCity catalogue inventory row; resource not promoted into city source tree yet.
villages-maps-of-delhi,Villages Maps of Delhi,https://data.opencity.in/dataset/villages-maps-of-delhi,government-of-delhi,delhi,Urban Planning,2026-02-26T06:02:07.165316,profits,1,e1558669-cb5f-4635-b2f3-e1f80158204e,Villages Map of Shahdara District - 2022 ,KML,https://data.opencity.in/dataset/8d82fabb-7fd9-45ad-a36a-4e0aa983e4c6/resource/e1558669-cb5f-4635-b2f3-e1f80158204e/download/f7c38f9e-ea9d-4c05-9259-0c441856f313.kml,278495,2025-11-25T16:14:42.718140,application/vnd.google-earth.kml+xml,not_downloaded,,,OpenCity catalogue inventory row; resource not promoted into city source tree yet.
villages-maps-of-delhi,Villages Maps of Delhi,https://data.opencity.in/dataset/villages-maps-of-delhi,government-of-delhi,delhi,Urban Planning,2026-02-26T06:02:07.165316,profits,1,e6932bf6-1384-45ae-989b-5bf96ac2c935,Villages Map of South Delhi District - 2022 ,KML,https://data.opencity.in/dataset/8d82fabb-7fd9-45ad-a36a-4e0aa983e4c6/resource/e6932bf6-1384-45ae-989b-5bf96ac2c935/download/64ebd13e-03f4-4f87-9fd1-560909f3c972.kml,964710,2025-11-25T16:14:43.056595,application/vnd.google-earth.kml+xml,not_downloaded,,,OpenCity catalogue inventory row; resource not promoted into city source tree yet.
villages-maps-of-delhi,Villages Maps of Delhi,https://data.opencity.in/dataset/villages-maps-of-delhi,government-of-delhi,delhi,Urban Planning,2026-02-26T06:02:07.165316,profits,1,48036dc4-c97b-43d7-9cdf-9357ef406880,Villages Map of South East Delhi District - 2022 ,KML,https://data.opencity.in/dataset/8d82fabb-7fd9-45ad-a36a-4e0aa983e4c6/resource/48036dc4-c97b-43d7-9cdf-9357ef406880/download/d1741464-1179-4cff-9a19-3011642530a4.kml,585034,2025-11-25T16:14:43.436641,application/vnd.google-earth.kml+xml,not_downloaded,,,OpenCity catalogue inventory row; resource not promoted into city source tree yet.
villages-maps-of-delhi,Villages Maps of Delhi,https://data.opencity.in/dataset/villages-maps-of-delhi,government-of-delhi,delhi,Urban Planning,2026-02-26T06:02:07.165316,profits,1,012bd600-91b3-4add-825b-84a681f7a8e0,Villages Map of South West Delhi District - 2022 ,KML,https://data.opencity.in/dataset/8d82fabb-7fd9-45ad-a36a-4e0aa983e4c6/resource/012bd600-91b3-4add-825b-84a681f7a8e0/download/5688fd69-e1ec-4d54-8a33-e69c391dff51.kml,1529245,2025-11-25T16:14:43.906488,application/vnd.google-earth.kml+xml,not_downloaded,,,OpenCity catalogue inventory row; resource not promoted into city source tree yet.
villages-maps-of-delhi,Villages Maps of Delhi,https://data.opencity.in/dataset/villages-maps-of-delhi,government-of-delhi,delhi,Urban Planning,2026-02-26T06:02:07.165316,profits,1,af30bcc3-ad19-4e02-ae27-952875e28ee0,Villages Map of West Delhi District - 2022 ,KML,https://data.opencity.in/dataset/8d82fabb-7fd9-45ad-a36a-4e0aa983e4c6/resource/af30bcc3-ad19-4e02-ae27-952875e28ee0/download/8f08bea2-e1e7-4862-af77-fd2aed6703d6.kml,472330,2025-11-25T16:14:44.425748,application/vnd.google-earth.kml+xml,not_downloaded,,,OpenCity catalogue inventory row; resource not promoted into city source tree yet.
villages-maps-of-delhi,Villages Maps of Delhi,https://data.opencity.in/dataset/villages-maps-of-delhi,government-of-delhi,delhi,Urban Planning,2026-02-26T06:02:07.165316,profits,1,d5866302-fc55-48cb-9dd3-ef5196371591,Villages Map of North Delhi District - 2022 ,KML,https://data.opencity.in/dataset/8d82fabb-7fd9-45ad-a36a-4e0aa983e4c6/resource/d5866302-fc55-48cb-9dd3-ef5196371591/download/8bca4be6-bf44-4545-942b-5ebdc9dd0e3e.kml,1808400,2025-11-25T16:14:44.951205,application/vnd.google-earth.kml+xml,not_downloaded,,,OpenCity catalogue inventory row; resource not promoted into city source tree yet.
delhi-census-2011-data,Delhi - Census 2011 Data,https://data.opencity.in/dataset/delhi-census-2011-data,office-of-the-registrar-general-census-commissioner-india-orgi,delhi,Economy,2025-11-27T12:37:10.937573,,0,7ef30d10-331d-48f3-8537-e1fef2f13614,Delhi Towns Census Data With Amenities - 2011,CSV,https://data.opencity.in/dataset/c41aec9d-04a1-4a33-9254-4f7d50c7f8fa/resource/7ef30d10-331d-48f3-8537-e1fef2f13614/download/f1a46aa8-123b-41f9-b267-31da999081ba.csv,83735,2025-11-25T13:44:53.719535,text/csv,not_downloaded,,,OpenCity catalogue inventory row; resource not promoted into city source tree yet.
delhi-census-2011-data,Delhi - Census 2011 Data,https://data.opencity.in/dataset/delhi-census-2011-data,office-of-the-registrar-general-census-commissioner-india-orgi,delhi,Economy,2025-11-27T12:37:10.937573,,0,93c2fd5d-6273-41af-9734-4f41c16ecc96,Delhi Villages Census Data With Amenities - 2011,CSV,https://data.opencity.in/dataset/c41aec9d-04a1-4a33-9254-4f7d50c7f8fa/resource/93c2fd5d-6273-41af-9734-4f41c16ecc96/download/f9fd6711-2f02-4c15-855d-dbd8e915b789.csv,138852,2025-11-25T13:44:54.033971,text/csv,not_downloaded,,,OpenCity catalogue inventory row; resource not promoted into city source tree yet.
delhi-census-2011-data,Delhi - Census 2011 Data,https://data.opencity.in/dataset/delhi-census-2011-data,office-of-the-registrar-general-census-commissioner-india-orgi,delhi,Economy,2025-11-27T12:37:10.937573,,0,372c35ad-ae9e-418f-a2e6-faa3351de767,Delhi Ward-wise Population - 2011,CSV,https://data.opencity.in/dataset/c41aec9d-04a1-4a33-9254-4f7d50c7f8fa/resource/372c35ad-ae9e-418f-a2e6-faa3351de767/download/c16ccda1-eb93-40d9-8f78-b2f0327fcaca.csv,8141,2025-11-25T13:44:54.380593,text/csv,not_downloaded,,,OpenCity catalogue inventory row; resource not promoted into city source tree yet.
delhi-economic-census,Delhi - Economic Census,https://data.opencity.in/dataset/delhi-economic-census,office-of-the-registrar-general-census-commissioner-india-orgi,delhi,Economy,2025-11-27T12:37:05.241917,,0,0b15bc4c-064f-41ef-ab4e-438b8d2bab1e,Delhi - 6th Economic Census 2012-13,CSV,https://data.opencity.in/dataset/3019a780-82c7-4e11-b408-5362fa006aba/resource/0b15bc4c-064f-41ef-ab4e-438b8d2bab1e/download/5137a781-246a-4cc7-8e19-007dae7c40d7.csv,53789279,2025-11-25T13:47:33.178402,text/csv,not_downloaded,,,OpenCity catalogue inventory row; resource not promoted into city source tree yet.
delhi-economic-census,Delhi - Economic Census,https://data.opencity.in/dataset/delhi-economic-census,office-of-the-registrar-general-census-commissioner-india-orgi,delhi,Economy,2025-11-27T12:37:05.241917,,0,60bd2e2d-4a7c-469b-a7bf-4a296a69c790,List of Districts and Their Codes - Delhi,CSV,https://data.opencity.in/dataset/3019a780-82c7-4e11-b408-5362fa006aba/resource/60bd2e2d-4a7c-469b-a7bf-4a296a69c790/download/e8a60ef5-d68b-4ff3-8b8a-498203272beb.csv,622,2025-11-25T13:47:33.612862,text/csv,not_downloaded,,,OpenCity catalogue inventory row; resource not promoted into city source tree yet.
delhi-economic-census,Delhi - Economic Census,https://data.opencity.in/dataset/delhi-economic-census,office-of-the-registrar-general-census-commissioner-india-orgi,delhi,Economy,2025-11-27T12:37:05.241917,,0,7e0ecdfc-f74d-4ea6-9aae-e279857cc9d9,Metadata for the 6th Economic Census,CSV,https://data.opencity.in/dataset/3019a780-82c7-4e11-b408-5362fa006aba/resource/7e0ecdfc-f74d-4ea6-9aae-e279857cc9d9/download/8c7a9a5a-fed5-482f-a024-70691e19f90d.csv,3530,2025-11-25T13:47:33.989045,text/csv,not_downloaded,,,OpenCity catalogue inventory row; resource not promoted into city source tree yet.
delhi-electricity-data,Delhi - Electricity Data,https://data.opencity.in/dataset/delhi-electricity-data,government-of-delhi,delhi,City Services,2025-11-27T12:36:43.231204,,0,e4a0101a-73f8-4fb2-92ef-783efe90bd97,Delhi Electrical Substations ,CSV,https://data.opencity.in/dataset/822a8069-2155-41b0-8aee-4adf2439dd4d/resource/e4a0101a-73f8-4fb2-92ef-783efe90bd97/download/9e54aa5a-8af5-4755-ae61-e31a68111708.csv,4932,2025-11-25T13:48:26.667806,text/csv,not_downloaded,,,OpenCity catalogue inventory row; resource not promoted into city source tree yet.
delhi-nss-multi-indicator-survey-data-78th-round-2020-21,Delhi - NSS Multi Indicator Survey Data 78th Round 2020-21,https://data.opencity.in/dataset/delhi-nss-multi-indicator-survey-data-78th-round-2020-21,ministry-of-statistics-and-programme-implementation-mospi,delhi,Economy,2025-11-27T12:36:52.993824,,0,3fde0aa5-8a80-4d9f-9456-f5ec940e4b68,MIS Survey 78th Round - Level 01,CSV,https://data.opencity.in/dataset/1e42c15e-18cb-42d5-afeb-f102a15b4169/resource/3fde0aa5-8a80-4d9f-9456-f5ec940e4b68/download/f6dad297-13c6-44e3-9f01-2ce4d9b44da3.csv,277480,2025-11-25T13:50:42.077832,text/csv,not_downloaded,,,OpenCity catalogue inventory row; resource not promoted into city source tree yet.
delhi-nss-multi-indicator-survey-data-78th-round-2020-21,Delhi - NSS Multi Indicator Survey Data 78th Round 2020-21,https://data.opencity.in/dataset/delhi-nss-multi-indicator-survey-data-78th-round-2020-21,ministry-of-statistics-and-programme-implementation-mospi,delhi,Economy,2025-11-27T12:36:52.993824,,0,a8b7e4bb-51c2-4f76-ad31-f739a14c9b7e,MIS Survey 78th Round - Level 02,CSV,https://data.opencity.in/dataset/1e42c15e-18cb-42d5-afeb-f102a15b4169/resource/a8b7e4bb-51c2-4f76-ad31-f739a14c9b7e/download/cd8b869c-01ea-46d1-8e6a-d19de43502b4.csv,1028668,2025-11-25T13:50:42.461560,text/csv,not_downloaded,,,OpenCity catalogue inventory row; resource not promoted into city source tree yet.
delhi-nss-multi-indicator-survey-data-78th-round-2020-21,Delhi - NSS Multi Indicator Survey Data 78th Round 2020-21,https://data.opencity.in/dataset/delhi-nss-multi-indicator-survey-data-78th-round-2020-21,ministry-of-statistics-and-programme-implementation-mospi,delhi,Economy,2025-11-27T12:36:52.993824,,0,49f905b9-772e-4204-ba3b-8b65463654aa,MIS Survey 78th Round - Level 03,CSV,https://data.opencity.in/dataset/1e42c15e-18cb-42d5-afeb-f102a15b4169/resource/49f905b9-772e-4204-ba3b-8b65463654aa/download/8eb30695-816a-489a-88cb-1cb96c5b03c6.csv,395426,2025-11-25T13:50:42.871731,text/csv,not_downloaded,,,OpenCity catalogue inventory row; resource not promoted into city source tree yet.
delhi-nss-multi-indicator-survey-data-78th-round-2020-21,Delhi - NSS Multi Indicator Survey Data 78th Round 2020-21,https://data.opencity.in/dataset/delhi-nss-multi-indicator-survey-data-78th-round-2020-21,ministry-of-statistics-and-programme-implementation-mospi,delhi,Economy,2025-11-27T12:36:52.993824,,0,f8b48b16-4304-46c4-8ad9-eef4d6e4c3cc,MIS Survey 78th Round - Level 04,CSV,https://data.opencity.in/dataset/1e42c15e-18cb-42d5-afeb-f102a15b4169/resource/f8b48b16-4304-46c4-8ad9-eef4d6e4c3cc/download/bbe72249-e153-42cf-a392-dca007ef3057.csv,277003,2025-11-25T13:50:43.494409,text/csv,not_downloaded,,,OpenCity catalogue inventory row; resource not promoted into city source tree yet.
delhi-nss-multi-indicator-survey-data-78th-round-2020-21,Delhi - NSS Multi Indicator Survey Data 78th Round 2020-21,https://data.opencity.in/dataset/delhi-nss-multi-indicator-survey-data-78th-round-2020-21,ministry-of-statistics-and-programme-implementation-mospi,delhi,Economy,2025-11-27T12:36:52.993824,,0,36b553a7-465c-46e4-bdea-6412aea4a429,MIS Survey 78th Round - Level 05,CSV,https://data.opencity.in/dataset/1e42c15e-18cb-42d5-afeb-f102a15b4169/resource/36b553a7-465c-46e4-bdea-6412aea4a429/download/35123323-3222-4e4b-bd1b-b25921b82286.csv,98434,2025-11-25T13:50:43.907613,text/csv,not_downloaded,,,OpenCity catalogue inventory row; resource not promoted into city source tree yet.
delhi-nss-multi-indicator-survey-data-78th-round-2020-21,Delhi - NSS Multi Indicator Survey Data 78th Round 2020-21,https://data.opencity.in/dataset/delhi-nss-multi-indicator-survey-data-78th-round-2020-21,ministry-of-statistics-and-programme-implementation-mospi,delhi,Economy,2025-11-27T12:36:52.993824,,0,e021902c-6b0c-4ca6-8b86-e5894ccfda4f,MIS Survey 78th Round - Level 06,CSV,https://data.opencity.in/dataset/1e42c15e-18cb-42d5-afeb-f102a15b4169/resource/e021902c-6b0c-4ca6-8b86-e5894ccfda4f/download/b5e37411-e4c4-452b-bdc2-f6c59ed4c7d2.csv,88823,2025-11-25T13:50:44.296386,text/csv,not_downloaded,,,OpenCity catalogue inventory row; resource not promoted into city source tree yet.
delhi-nss-multi-indicator-survey-data-78th-round-2020-21,Delhi - NSS Multi Indicator Survey Data 78th Round 2020-21,https://data.opencity.in/dataset/delhi-nss-multi-indicator-survey-data-78th-round-2020-21,ministry-of-statistics-and-programme-implementation-mospi,delhi,Economy,2025-11-27T12:36:52.993824,,0,2aabadf9-0694-4e04-9816-f029487bd1ec,MIS Survey 78th Round - Level 07,CSV,https://data.opencity.in/dataset/1e42c15e-18cb-42d5-afeb-f102a15b4169/resource/2aabadf9-0694-4e04-9816-f029487bd1ec/download/11c2a7ef-35ee-4030-84d4-4770e83966df.csv,1306849,2025-11-25T13:50:44.735634,text/csv,not_downloaded,,,OpenCity catalogue inventory row; resource not promoted into city source tree yet.
delhi-nss-multi-indicator-survey-data-78th-round-2020-21,Delhi - NSS Multi Indicator Survey Data 78th Round 2020-21,https://data.opencity.in/dataset/delhi-nss-multi-indicator-survey-data-78th-round-2020-21,ministry-of-statistics-and-programme-implementation-mospi,delhi,Economy,2025-11-27T12:36:52.993824,,0,852f147b-7394-4cf1-97f8-2ed248709b8c,MIS Survey 78th Round - Level 08,CSV,https://data.opencity.in/dataset/1e42c15e-18cb-42d5-afeb-f102a15b4169/resource/852f147b-7394-4cf1-97f8-2ed248709b8c/download/1b24131e-2b53-43ab-95c5-1faae11aebea.csv,241222,2025-11-25T13:50:45.374749,text/csv,not_downloaded,,,OpenCity catalogue inventory row; resource not promoted into city source tree yet.
delhi-nss-multi-indicator-survey-data-78th-round-2020-21,Delhi - NSS Multi Indicator Survey Data 78th Round 2020-21,https://data.opencity.in/dataset/delhi-nss-multi-indicator-survey-data-78th-round-2020-21,ministry-of-statistics-and-programme-implementation-mospi,delhi,Economy,2025-11-27T12:36:52.993824,,0,8051b95f-1fe6-4b97-b267-647d0872fc75,MIS Survey 78th Round - Level 09,CSV,https://data.opencity.in/dataset/1e42c15e-18cb-42d5-afeb-f102a15b4169/resource/8051b95f-1fe6-4b97-b267-647d0872fc75/download/bc6bb518-1ef9-4a35-842d-d35b205dc755.csv,953123,2025-11-25T13:50:45.827248,text/csv,not_downloaded,,,OpenCity catalogue inventory row; resource not promoted into city source tree yet.
delhi-nss-multi-indicator-survey-data-78th-round-2020-21,Delhi - NSS Multi Indicator Survey Data 78th Round 2020-21,https://data.opencity.in/dataset/delhi-nss-multi-indicator-survey-data-78th-round-2020-21,ministry-of-statistics-and-programme-implementation-mospi,delhi,Economy,2025-11-27T12:36:52.993824,,0,1e945155-0929-4a9d-8aae-982555b920cd,MIS Layout of Data and Levels,XLS,https://data.opencity.in/dataset/1e42c15e-18cb-42d5-afeb-f102a15b4169/resource/1e945155-0929-4a9d-8aae-982555b920cd/download/c49f2a9e-b473-458a-ac19-e8282fcf4613.xls,89088,2025-11-25T13:50:46.320213,application/vnd.ms-excel,not_downloaded,,,OpenCity catalogue inventory row; resource not promoted into city source tree yet.
delhi-cetp-monthly-water-quality-data-2019-2022,Delhi CETP Monthly Water Quality Data 2019-2022,https://data.opencity.in/dataset/delhi-cetp-monthly-water-quality-data-2019-2022,government-of-delhi,delhi,Environment,2025-11-27T12:37:38.633839,function,0,4533f2c3-1352-4820-8270-aecb18c362dc,April 2019 CETP Data,PDF,https://data.opencity.in/dataset/800c4105-9ab3-4a8d-862b-ef4a302f032a/resource/4533f2c3-1352-4820-8270-aecb18c362dc/download/244dd07e-3028-4636-b140-ddbd0a48529e.pdf,2211295,2025-11-25T13:45:11.418356,application/pdf,not_downloaded,,,OpenCity catalogue inventory row; resource not promoted into city source tree yet.
delhi-cetp-monthly-water-quality-data-2019-2022,Delhi CETP Monthly Water Quality Data 2019-2022,https://data.opencity.in/dataset/delhi-cetp-monthly-water-quality-data-2019-2022,government-of-delhi,delhi,Environment,2025-11-27T12:37:38.633839,function,0,e043924c-32c9-49da-a18e-aa738aae2b50,May 2019 CETP Data,PDF,https://data.opencity.in/dataset/800c4105-9ab3-4a8d-862b-ef4a302f032a/resource/e043924c-32c9-49da-a18e-aa738aae2b50/download/c311cdf8-e64e-4a72-9c31-e41eafca663d.pdf,2143636,2025-11-25T13:45:11.805815,application/pdf,not_downloaded,,,OpenCity catalogue inventory row; resource not promoted into city source tree yet.
delhi-cetp-monthly-water-quality-data-2019-2022,Delhi CETP Monthly Water Quality Data 2019-2022,https://data.opencity.in/dataset/delhi-cetp-monthly-water-quality-data-2019-2022,government-of-delhi,delhi,Environment,2025-11-27T12:37:38.633839,function,0,fe4187bc-f7af-47bc-add4-936a31276e9f,June 2019 CETP Data,PDF,https://data.opencity.in/dataset/800c4105-9ab3-4a8d-862b-ef4a302f032a/resource/fe4187bc-f7af-47bc-add4-936a31276e9f/download/b3caf3b9-5b4e-42b6-9bcc-a7937b2d5073.pdf,2359108,2025-11-25T13:45:12.251897,application/pdf,not_downloaded,,,OpenCity catalogue inventory row; resource not promoted into city source tree yet.
delhi-cetp-monthly-water-quality-data-2019-2022,Delhi CETP Monthly Water Quality Data 2019-2022,https://data.opencity.in/dataset/delhi-cetp-monthly-water-quality-data-2019-2022,government-of-delhi,delhi,Environment,2025-11-27T12:37:38.633839,function,0,226f7da4-4e8e-46b4-9f95-fe80dbf0eb10,July 2019 CETP Data,PDF,https://data.opencity.in/dataset/800c4105-9ab3-4a8d-862b-ef4a302f032a/resource/226f7da4-4e8e-46b4-9f95-fe80dbf0eb10/download/81451f5b-543f-47dc-9a26-cb27f1da8233.pdf,4458556,2025-11-25T13:45:12.727296,application/pdf,not_downloaded,,,OpenCity catalogue inventory row; resource not promoted into city source tree yet.
delhi-cetp-monthly-water-quality-data-2019-2022,Delhi CETP Monthly Water Quality Data 2019-2022,https://data.opencity.in/dataset/delhi-cetp-monthly-water-quality-data-2019-2022,government-of-delhi,delhi,Environment,2025-11-27T12:37:38.633839,function,0,b90e2d9d-0b7d-4597-ac0c-966af748ffe6,August 2019 CETP Data,PDF,https://data.opencity.in/dataset/800c4105-9ab3-4a8d-862b-ef4a302f032a/resource/b90e2d9d-0b7d-4597-ac0c-966af748ffe6/download/75ea1eea-e6b6-471f-af6c-4e7c81965b39.pdf,4031693,2025-11-25T13:45:13.185549,application/pdf,not_downloaded,,,OpenCity catalogue inventory row; resource not promoted into city source tree yet.
delhi-cetp-monthly-water-quality-data-2019-2022,Delhi CETP Monthly Water Quality Data 2019-2022,https://data.opencity.in/dataset/delhi-cetp-monthly-water-quality-data-2019-2022,government-of-delhi,delhi,Environment,2025-11-27T12:37:38.633839,function,0,d7781bb8-2ab8-4d6c-8eed-f30b99adcc3c,September 2019 CETP Data,PDF,https://data.opencity.in/dataset/800c4105-9ab3-4a8d-862b-ef4a302f032a/resource/d7781bb8-2ab8-4d6c-8eed-f30b99adcc3c/download/d99acd2f-51c3-4585-853e-b4d6d8b419de.pdf,1573663,2025-11-25T13:45:13.681033,application/pdf,not_downloaded,,,OpenCity catalogue inventory row; resource not promoted into city source tree yet.
delhi-cetp-monthly-water-quality-data-2019-2022,Delhi CETP Monthly Water Quality Data 2019-2022,https://data.opencity.in/dataset/delhi-cetp-monthly-water-quality-data-2019-2022,government-of-delhi,delhi,Environment,2025-11-27T12:37:38.633839,function,0,af19cc4f-f46d-4bf6-9e1e-839ff1f712fd,October 2019 CETP Data,PDF,https://data.opencity.in/dataset/800c4105-9ab3-4a8d-862b-ef4a302f032a/resource/af19cc4f-f46d-4bf6-9e1e-839ff1f712fd/download/8e34436f-1505-4c83-bd38-3551373ef24c.pdf,2879476,2025-11-25T13:45:14.416430,application/pdf,not_downloaded,,,OpenCity catalogue inventory row; resource not promoted into city source tree yet.
delhi-cetp-monthly-water-quality-data-2019-2022,Delhi CETP Monthly Water Quality Data 2019-2022,https://data.opencity.in/dataset/delhi-cetp-monthly-water-quality-data-2019-2022,government-of-delhi,delhi,Environment,2025-11-27T12:37:38.633839,function,0,fcf30208-5460-49af-a26a-2babe68d5f9f,November 2019 CETP Data,PDF,https://data.opencity.in/dataset/800c4105-9ab3-4a8d-862b-ef4a302f032a/resource/fcf30208-5460-49af-a26a-2babe68d5f9f/download/de140fa7-2397-4709-b845-fb619db9debe.pdf,1840803,2025-11-25T13:45:14.914320,application/pdf,not_downloaded,,,OpenCity catalogue inventory row; resource not promoted into city source tree yet.
delhi-cetp-monthly-water-quality-data-2019-2022,Delhi CETP Monthly Water Quality Data 2019-2022,https://data.opencity.in/dataset/delhi-cetp-monthly-water-quality-data-2019-2022,government-of-delhi,delhi,Environment,2025-11-27T12:37:38.633839,function,0,c99db138-30e5-41bf-81a1-ac226303726b,December 2019 CETP Data,PDF,https://data.opencity.in/dataset/800c4105-9ab3-4a8d-862b-ef4a302f032a/resource/c99db138-30e5-41bf-81a1-ac226303726b/download/5654a4c1-ba9d-4788-9326-6d8742a8b6bd.pdf,2406093,2025-11-25T13:45:15.444647,application/pdf,not_downloaded,,,OpenCity catalogue inventory row; resource not promoted into city source tree yet.
delhi-cetp-monthly-water-quality-data-2019-2022,Delhi CETP Monthly Water Quality Data 2019-2022,https://data.opencity.in/dataset/delhi-cetp-monthly-water-quality-data-2019-2022,government-of-delhi,delhi,Environment,2025-11-27T12:37:38.633839,function,0,ff4ec737-63e8-4a5a-a2ad-8966be8d919e,January 2020 CETP Data,PDF,https://data.opencity.in/dataset/800c4105-9ab3-4a8d-862b-ef4a302f032a/resource/ff4ec737-63e8-4a5a-a2ad-8966be8d919e/download/fe806ba8-af15-4042-9d9f-b8e07c079d49.pdf,2353982,2025-11-25T13:45:16.142598,application/pdf,not_downloaded,,,OpenCity catalogue inventory row; resource not promoted into city source tree yet.
delhi-cetp-monthly-water-quality-data-2019-2022,Delhi CETP Monthly Water Quality Data 2019-2022,https://data.opencity.in/dataset/delhi-cetp-monthly-water-quality-data-2019-2022,government-of-delhi,delhi,Environment,2025-11-27T12:37:38.633839,function,0,1502d2cc-6efc-41b5-bc12-1a378c742f75,February 2020 CETP Data,PDF,https://data.opencity.in/dataset/800c4105-9ab3-4a8d-862b-ef4a302f032a/resource/1502d2cc-6efc-41b5-bc12-1a378c742f75/download/a56cb481-6a91-4daf-a60d-a6787dace9d3.pdf,1272069,2025-11-25T13:45:16.691808,application/pdf,not_downloaded,,,OpenCity catalogue inventory row; resource not promoted into city source tree yet.
delhi-cetp-monthly-water-quality-data-2019-2022,Delhi CETP Monthly Water Quality Data 2019-2022,https://data.opencity.in/dataset/delhi-cetp-monthly-water-quality-data-2019-2022,government-of-delhi,delhi,Environment,2025-11-27T12:37:38.633839,function,0,0142046b-ae32-46ef-9623-671ad01a32ca,March 2020 CETP Data,PDF,https://data.opencity.in/dataset/800c4105-9ab3-4a8d-862b-ef4a302f032a/resource/0142046b-ae32-46ef-9623-671ad01a32ca/download/6ba61fdf-ab76-4b15-b597-c56a278262d0.pdf,1563294,2025-11-25T13:45:17.234087,application/pdf,not_downloaded,,,OpenCity catalogue inventory row; resource not promoted into city source tree yet.
delhi-cetp-monthly-water-quality-data-2019-2022,Delhi CETP Monthly Water Quality Data 2019-2022,https://data.opencity.in/dataset/delhi-cetp-monthly-water-quality-data-2019-2022,government-of-delhi,delhi,Environment,2025-11-27T12:37:38.633839,function,0,01f9c2f9-9959-4738-ab8c-1b0222b9b3bc,May 2020 CETP Data,PDF,https://data.opencity.in/dataset/800c4105-9ab3-4a8d-862b-ef4a302f032a/resource/01f9c2f9-9959-4738-ab8c-1b0222b9b3bc/download/a804de57-848f-4c01-bfd4-2cdd69e97fed.pdf,1405251,2025-11-25T13:45:17.801750,application/pdf,not_downloaded,,,OpenCity catalogue inventory row; resource not promoted into city source tree yet.
delhi-cetp-monthly-water-quality-data-2019-2022,Delhi CETP Monthly Water Quality Data 2019-2022,https://data.opencity.in/dataset/delhi-cetp-monthly-water-quality-data-2019-2022,government-of-delhi,delhi,Environment,2025-11-27T12:37:38.633839,function,0,2e47b4e7-2095-4685-b4db-872d1181277e,June 2020 CETP Data,PDF,https://data.opencity.in/dataset/800c4105-9ab3-4a8d-862b-ef4a302f032a/resource/2e47b4e7-2095-4685-b4db-872d1181277e/download/56621164-118f-45dc-ba48-a1a8cff07a6e.pdf,705612,2025-11-25T13:45:18.764302,application/pdf,not_downloaded,,,OpenCity catalogue inventory row; resource not promoted into city source tree yet.
delhi-cetp-monthly-water-quality-data-2019-2022,Delhi CETP Monthly Water Quality Data 2019-2022,https://data.opencity.in/dataset/delhi-cetp-monthly-water-quality-data-2019-2022,government-of-delhi,delhi,Environment,2025-11-27T12:37:38.633839,function,0,60943b5c-725d-4eba-ab3e-a2c0dd061c5b,July 2020 CETP Data,PDF,https://data.opencity.in/dataset/800c4105-9ab3-4a8d-862b-ef4a302f032a/resource/60943b5c-725d-4eba-ab3e-a2c0dd061c5b/download/a714071a-e597-421b-866b-9db1daffe16d.pdf,2580828,2025-11-25T13:45:19.314795,application/pdf,not_downloaded,,,OpenCity catalogue inventory row; resource not promoted into city source tree yet.
delhi-cetp-monthly-water-quality-data-2019-2022,Delhi CETP Monthly Water Quality Data 2019-2022,https://data.opencity.in/dataset/delhi-cetp-monthly-water-quality-data-2019-2022,government-of-delhi,delhi,Environment,2025-11-27T12:37:38.633839,function,0,907dbc66-8147-4c90-ac9f-8fa7648caddb,August 2020 CETP Data,PDF,https://data.opencity.in/dataset/800c4105-9ab3-4a8d-862b-ef4a302f032a/resource/907dbc66-8147-4c90-ac9f-8fa7648caddb/download/ad7bab95-1977-4b9c-b73e-ccf2459c00bc.pdf,2389144,2025-11-25T13:45:19.875453,application/pdf,not_downloaded,,,OpenCity catalogue inventory row; resource not promoted into city source tree yet.
delhi-cetp-monthly-water-quality-data-2019-2022,Delhi CETP Monthly Water Quality Data 2019-2022,https://data.opencity.in/dataset/delhi-cetp-monthly-water-quality-data-2019-2022,government-of-delhi,delhi,Environment,2025-11-27T12:37:38.633839,function,0,5ce3f91e-fabd-493f-afdf-1e804f4fb418,September 2020 CETP Data,PDF,https://data.opencity.in/dataset/800c4105-9ab3-4a8d-862b-ef4a302f032a/resource/5ce3f91e-fabd-493f-afdf-1e804f4fb418/download/e1f5386b-de17-454a-ae83-a7efd8902c91.pdf,2195264,2025-11-25T13:45:20.506957,application/pdf,not_downloaded,,,OpenCity catalogue inventory row; resource not promoted into city source tree yet.
delhi-cetp-monthly-water-quality-data-2019-2022,Delhi CETP Monthly Water Quality Data 2019-2022,https://data.opencity.in/dataset/delhi-cetp-monthly-water-quality-data-2019-2022,government-of-delhi,delhi,Environment,2025-11-27T12:37:38.633839,function,0,cd3b47fb-6181-48d9-a240-6d923f672b37,October 2020 CETP Data,PDF,https://data.opencity.in/dataset/800c4105-9ab3-4a8d-862b-ef4a302f032a/resource/cd3b47fb-6181-48d9-a240-6d923f672b37/download/301ca42b-100d-4e1c-878b-485ace3a78cb.pdf,2722341,2025-11-25T13:45:21.138259,application/pdf,not_downloaded,,,OpenCity catalogue inventory row; resource not promoted into city source tree yet.
delhi-cetp-monthly-water-quality-data-2019-2022,Delhi CETP Monthly Water Quality Data 2019-2022,https://data.opencity.in/dataset/delhi-cetp-monthly-water-quality-data-2019-2022,government-of-delhi,delhi,Environment,2025-11-27T12:37:38.633839,function,0,6ec22ffb-94d1-458f-a23f-472d496dcadf,November 2020 CETP Data,PDF,https://data.opencity.in/dataset/800c4105-9ab3-4a8d-862b-ef4a302f032a/resource/6ec22ffb-94d1-458f-a23f-472d496dcadf/download/9a9925d5-f523-4c68-91b1-48e9ea906684.pdf,1456121,2025-11-25T13:45:21.784424,application/pdf,not_downloaded,,,OpenCity catalogue inventory row; resource not promoted into city source tree yet.
delhi-cetp-monthly-water-quality-data-2019-2022,Delhi CETP Monthly Water Quality Data 2019-2022,https://data.opencity.in/dataset/delhi-cetp-monthly-water-quality-data-2019-2022,government-of-delhi,delhi,Environment,2025-11-27T12:37:38.633839,function,0,acd95c69-bc0e-40ca-90bf-cfb8dd794ff2,December 2020 CETP Data,PDF,https://data.opencity.in/dataset/800c4105-9ab3-4a8d-862b-ef4a302f032a/resource/acd95c69-bc0e-40ca-90bf-cfb8dd794ff2/download/b9fc969a-251b-432a-9afd-d705e86279e0.pdf,2676818,2025-11-25T13:45:22.456794,application/pdf,not_downloaded,,,OpenCity catalogue inventory row; resource not promoted into city source tree yet.
delhi-cetp-monthly-water-quality-data-2019-2022,Delhi CETP Monthly Water Quality Data 2019-2022,https://data.opencity.in/dataset/delhi-cetp-monthly-water-quality-data-2019-2022,government-of-delhi,delhi,Environment,2025-11-27T12:37:38.633839,function,0,66f11b5b-aed3-446e-929a-3afda74d43fc,January 2021 CETP Data,PDF,https://data.opencity.in/dataset/800c4105-9ab3-4a8d-862b-ef4a302f032a/resource/66f11b5b-aed3-446e-929a-3afda74d43fc/download/5f0351c2-37a1-426d-921e-4243bb31b64b.pdf,3197895,2025-11-25T13:45:23.135860,application/pdf,not_downloaded,,,OpenCity catalogue inventory row; resource not promoted into city source tree yet.
delhi-cetp-monthly-water-quality-data-2019-2022,Delhi CETP Monthly Water Quality Data 2019-2022,https://data.opencity.in/dataset/delhi-cetp-monthly-water-quality-data-2019-2022,government-of-delhi,delhi,Environment,2025-11-27T12:37:38.633839,function,0,da8480ff-6806-43e1-84a5-0840f17f78eb,February 2021 CETP Data,PDF,https://data.opencity.in/dataset/800c4105-9ab3-4a8d-862b-ef4a302f032a/resource/da8480ff-6806-43e1-84a5-0840f17f78eb/download/25ad4a3e-8df2-4388-a26b-ccb57eee2cc5.pdf,3526359,2025-11-25T13:45:23.897569,application/pdf,not_downloaded,,,OpenCity catalogue inventory row; resource not promoted into city source tree yet.
delhi-cetp-monthly-water-quality-data-2019-2022,Delhi CETP Monthly Water Quality Data 2019-2022,https://data.opencity.in/dataset/delhi-cetp-monthly-water-quality-data-2019-2022,government-of-delhi,delhi,Environment,2025-11-27T12:37:38.633839,function,0,bf4e291d-31b0-43fd-995b-00d16051f74c,June 2021 CETP Data,PDF,https://data.opencity.in/dataset/800c4105-9ab3-4a8d-862b-ef4a302f032a/resource/bf4e291d-31b0-43fd-995b-00d16051f74c/download/8f096995-6fe7-4e0a-ab70-825d8b8928c5.pdf,1981061,2025-11-25T13:45:24.870782,application/pdf,not_downloaded,,,OpenCity catalogue inventory row; resource not promoted into city source tree yet.
delhi-cetp-monthly-water-quality-data-2019-2022,Delhi CETP Monthly Water Quality Data 2019-2022,https://data.opencity.in/dataset/delhi-cetp-monthly-water-quality-data-2019-2022,government-of-delhi,delhi,Environment,2025-11-27T12:37:38.633839,function,0,7d179e5f-7a68-495b-ba03-bf4e91ce7956,July 2021 CETP Data,PDF,https://data.opencity.in/dataset/800c4105-9ab3-4a8d-862b-ef4a302f032a/resource/7d179e5f-7a68-495b-ba03-bf4e91ce7956/download/13d7a08e-f03d-4142-b115-984394936c14.pdf,2748366,2025-11-25T13:45:25.595637,application/pdf,not_downloaded,,,OpenCity catalogue inventory row; resource not promoted into city source tree yet.
delhi-cetp-monthly-water-quality-data-2019-2022,Delhi CETP Monthly Water Quality Data 2019-2022,https://data.opencity.in/dataset/delhi-cetp-monthly-water-quality-data-2019-2022,government-of-delhi,delhi,Environment,2025-11-27T12:37:38.633839,function,0,cdac5989-d96b-4725-8421-f7fb4d3ca5ea,August 2021 CETP Data,PDF,https://data.opencity.in/dataset/800c4105-9ab3-4a8d-862b-ef4a302f032a/resource/cdac5989-d96b-4725-8421-f7fb4d3ca5ea/download/5131b314-b2e2-465c-a089-543223a022b8.pdf,3166447,2025-11-25T13:45:26.331785,application/pdf,not_downloaded,,,OpenCity catalogue inventory row; resource not promoted into city source tree yet.
delhi-cetp-monthly-water-quality-data-2019-2022,Delhi CETP Monthly Water Quality Data 2019-2022,https://data.opencity.in/dataset/delhi-cetp-monthly-water-quality-data-2019-2022,government-of-delhi,delhi,Environment,2025-11-27T12:37:38.633839,function,0,ec88e845-78b4-400c-912d-daa49418fa60,September 2021 CETP Data,PDF,https://data.opencity.in/dataset/800c4105-9ab3-4a8d-862b-ef4a302f032a/resource/ec88e845-78b4-400c-912d-daa49418fa60/download/f4e9ee95-48c2-4443-a1a7-18a8ad0a9a55.pdf,2244821,2025-11-25T13:45:27.283818,application/pdf,not_downloaded,,,OpenCity catalogue inventory row; resource not promoted into city source tree yet.
delhi-cetp-monthly-water-quality-data-2019-2022,Delhi CETP Monthly Water Quality Data 2019-2022,https://data.opencity.in/dataset/delhi-cetp-monthly-water-quality-data-2019-2022,government-of-delhi,delhi,Environment,2025-11-27T12:37:38.633839,function,0,1cfd12d5-f066-4a46-8321-af46a1fd7d94,October 2021 CETP Data,PDF,https://data.opencity.in/dataset/800c4105-9ab3-4a8d-862b-ef4a302f032a/resource/1cfd12d5-f066-4a46-8321-af46a1fd7d94/download/e72d0a26-d8a3-4fa4-9a40-cc5bc10bcd00.pdf,1589199,2025-11-25T13:45:28.103306,application/pdf,not_downloaded,,,OpenCity catalogue inventory row; resource not promoted into city source tree yet.
delhi-cetp-monthly-water-quality-data-2019-2022,Delhi CETP Monthly Water Quality Data 2019-2022,https://data.opencity.in/dataset/delhi-cetp-monthly-water-quality-data-2019-2022,government-of-delhi,delhi,Environment,2025-11-27T12:37:38.633839,function,0,7472bb0a-86cd-40d4-a3c0-dc97a6424eab,November 2021 CETP Data,PDF,https://data.opencity.in/dataset/800c4105-9ab3-4a8d-862b-ef4a302f032a/resource/7472bb0a-86cd-40d4-a3c0-dc97a6424eab/download/9d1cfeee-1cb5-49ba-a117-4ba5ec169dde.pdf,2529883,2025-11-25T13:45:28.865788,application/pdf,not_downloaded,,,OpenCity catalogue inventory row; resource not promoted into city source tree yet.
delhi-cetp-monthly-water-quality-data-2019-2022,Delhi CETP Monthly Water Quality Data 2019-2022,https://data.opencity.in/dataset/delhi-cetp-monthly-water-quality-data-2019-2022,government-of-delhi,delhi,Environment,2025-11-27T12:37:38.633839,function,0,4254411a-f58f-49db-98b0-3340b2fd065a,December 2021 CETP Data,PDF,https://data.opencity.in/dataset/800c4105-9ab3-4a8d-862b-ef4a302f032a/resource/4254411a-f58f-49db-98b0-3340b2fd065a/download/b044446b-ef3f-4df1-9b57-7101915918f7.pdf,2823576,2025-11-25T13:45:29.896547,application/pdf,not_downloaded,,,OpenCity catalogue inventory row; resource not promoted into city source tree yet.
delhi-cetp-monthly-water-quality-data-2019-2022,Delhi CETP Monthly Water Quality Data 2019-2022,https://data.opencity.in/dataset/delhi-cetp-monthly-water-quality-data-2019-2022,government-of-delhi,delhi,Environment,2025-11-27T12:37:38.633839,function,0,da1116d1-9010-4208-a213-15cf78633557,February 2022 CETP Data,PDF,https://data.opencity.in/dataset/800c4105-9ab3-4a8d-862b-ef4a302f032a/resource/da1116d1-9010-4208-a213-15cf78633557/download/b846290f-fc39-483f-8e3d-14393100d549.pdf,2585347,2025-11-25T13:45:30.922106,application/pdf,not_downloaded,,,OpenCity catalogue inventory row; resource not promoted into city source tree yet.
delhi-cetp-monthly-water-quality-data-2019-2022,Delhi CETP Monthly Water Quality Data 2019-2022,https://data.opencity.in/dataset/delhi-cetp-monthly-water-quality-data-2019-2022,government-of-delhi,delhi,Environment,2025-11-27T12:37:38.633839,function,0,fbddea82-355a-44a3-a2c5-4adac4bdbd0e,March 2022 CETP Data,PDF,https://data.opencity.in/dataset/800c4105-9ab3-4a8d-862b-ef4a302f032a/resource/fbddea82-355a-44a3-a2c5-4adac4bdbd0e/download/8762d987-43fb-4284-9703-c6b99cc482aa.pdf,1067022,2025-11-25T13:45:31.725812,application/pdf,not_downloaded,,,OpenCity catalogue inventory row; resource not promoted into city source tree yet.
delhi-cetp-monthly-water-quality-data-2019-2022,Delhi CETP Monthly Water Quality Data 2019-2022,https://data.opencity.in/dataset/delhi-cetp-monthly-water-quality-data-2019-2022,government-of-delhi,delhi,Environment,2025-11-27T12:37:38.633839,function,0,994a3400-a4cd-4c50-aa9b-ddead64aa9a0,April 2022 CETP Data,PDF,https://data.opencity.in/dataset/800c4105-9ab3-4a8d-862b-ef4a302f032a/resource/994a3400-a4cd-4c50-aa9b-ddead64aa9a0/download/1dedc8e4-a500-40bc-a28c-de9b3bfdd35c.pdf,2896228,2025-11-25T13:45:32.547539,application/pdf,not_downloaded,,,OpenCity catalogue inventory row; resource not promoted into city source tree yet.
delhi-cetp-monthly-water-quality-data-2019-2022,Delhi CETP Monthly Water Quality Data 2019-2022,https://data.opencity.in/dataset/delhi-cetp-monthly-water-quality-data-2019-2022,government-of-delhi,delhi,Environment,2025-11-27T12:37:38.633839,function,0,a4094b0d-7311-4533-b81b-5d84c2483929,May 2022 CETP Data,PDF,https://data.opencity.in/dataset/800c4105-9ab3-4a8d-862b-ef4a302f032a/resource/a4094b0d-7311-4533-b81b-5d84c2483929/download/9d7f38d8-10ec-4f3d-a529-9087d13b7534.pdf,2199212,2025-11-25T13:45:33.427450,application/pdf,not_downloaded,,,OpenCity catalogue inventory row; resource not promoted into city source tree yet.
delhi-cetp-monthly-water-quality-data-2019-2022,Delhi CETP Monthly Water Quality Data 2019-2022,https://data.opencity.in/dataset/delhi-cetp-monthly-water-quality-data-2019-2022,government-of-delhi,delhi,Environment,2025-11-27T12:37:38.633839,function,0,24453b73-7e24-4c9c-b96b-6864dc2c4a82,June 2022 CETP Data,PDF,https://data.opencity.in/dataset/800c4105-9ab3-4a8d-862b-ef4a302f032a/resource/24453b73-7e24-4c9c-b96b-6864dc2c4a82/download/a8b9b54a-2da7-41d9-a3a9-532b31912ea8.pdf,3347001,2025-11-25T13:45:34.297621,application/pdf,not_downloaded,,,OpenCity catalogue inventory row; resource not promoted into city source tree yet.
delhi-cetp-monthly-water-quality-data-2019-2022,Delhi CETP Monthly Water Quality Data 2019-2022,https://data.opencity.in/dataset/delhi-cetp-monthly-water-quality-data-2019-2022,government-of-delhi,delhi,Environment,2025-11-27T12:37:38.633839,function,0,65c97557-344b-496d-bc24-c019f27926a9,July 2022 CETP Data,PDF,https://data.opencity.in/dataset/800c4105-9ab3-4a8d-862b-ef4a302f032a/resource/65c97557-344b-496d-bc24-c019f27926a9/download/4897ed70-2ea0-47ea-9c75-84b029c6afef.pdf,2956747,2025-11-25T13:45:35.267881,application/pdf,not_downloaded,,,OpenCity catalogue inventory row; resource not promoted into city source tree yet.
delhi-cetp-monthly-water-quality-data-2019-2022,Delhi CETP Monthly Water Quality Data 2019-2022,https://data.opencity.in/dataset/delhi-cetp-monthly-water-quality-data-2019-2022,government-of-delhi,delhi,Environment,2025-11-27T12:37:38.633839,function,0,e6d27fd7-e565-4901-bead-7e88f8263c3e,August 2022 CETP Data,PDF,https://data.opencity.in/dataset/800c4105-9ab3-4a8d-862b-ef4a302f032a/resource/e6d27fd7-e565-4901-bead-7e88f8263c3e/download/000cdbf8-0776-496f-b63a-cb77d6a6353e.pdf,2941782,2025-11-25T13:45:36.110340,application/pdf,not_downloaded,,,OpenCity catalogue inventory row; resource not promoted into city source tree yet.
delhi-cetp-monthly-water-quality-data-2019-2022,Delhi CETP Monthly Water Quality Data 2019-2022,https://data.opencity.in/dataset/delhi-cetp-monthly-water-quality-data-2019-2022,government-of-delhi,delhi,Environment,2025-11-27T12:37:38.633839,function,0,210519ab-eae9-4897-a291-f10453e5a384,September 2022 CETP Data,PDF,https://data.opencity.in/dataset/800c4105-9ab3-4a8d-862b-ef4a302f032a/resource/210519ab-eae9-4897-a291-f10453e5a384/download/82e46780-d664-4e1e-a17b-6531432a2305.pdf,1322000,2025-11-25T13:45:37.312604,application/pdf,not_downloaded,,,OpenCity catalogue inventory row; resource not promoted into city source tree yet.
delhi-cetp-monthly-water-quality-data-2019-2022,Delhi CETP Monthly Water Quality Data 2019-2022,https://data.opencity.in/dataset/delhi-cetp-monthly-water-quality-data-2019-2022,government-of-delhi,delhi,Environment,2025-11-27T12:37:38.633839,function,0,20880c81-269d-4473-af7c-bc24229caf71,October 2022 CETP Data,PDF,https://data.opencity.in/dataset/800c4105-9ab3-4a8d-862b-ef4a302f032a/resource/20880c81-269d-4473-af7c-bc24229caf71/download/3da7344b-9241-4cc6-9138-70d3ee32a01a.pdf,1060298,2025-11-25T13:45:38.196669,application/pdf,not_downloaded,,,OpenCity catalogue inventory row; resource not promoted into city source tree yet.
delhi-cetp-monthly-water-quality-data-2019-2022,Delhi CETP Monthly Water Quality Data 2019-2022,https://data.opencity.in/dataset/delhi-cetp-monthly-water-quality-data-2019-2022,government-of-delhi,delhi,Environment,2025-11-27T12:37:38.633839,function,0,24fe5aaf-86ad-46be-9936-521cb89a41f8,November 2022 CETP Data,PDF,https://data.opencity.in/dataset/800c4105-9ab3-4a8d-862b-ef4a302f032a/resource/24fe5aaf-86ad-46be-9936-521cb89a41f8/download/c4abd47c-5fd8-402b-8832-a97629537019.pdf,1927511,2025-11-25T13:45:39.147156,application/pdf,not_downloaded,,,OpenCity catalogue inventory row; resource not promoted into city source tree yet.
delhi-cetp-monthly-water-quality-data-2019-2022,Delhi CETP Monthly Water Quality Data 2019-2022,https://data.opencity.in/dataset/delhi-cetp-monthly-water-quality-data-2019-2022,government-of-delhi,delhi,Environment,2025-11-27T12:37:38.633839,function,0,29c4e389-57f8-42e2-b3fb-1fa4ddebf72f,December 2022 CETP Data,PDF,https://data.opencity.in/dataset/800c4105-9ab3-4a8d-862b-ef4a302f032a/resource/29c4e389-57f8-42e2-b3fb-1fa4ddebf72f/download/ca8a2c8e-2c2e-41d9-885d-814003b16311.pdf,2027612,2025-11-25T13:45:40.281427,application/pdf,not_downloaded,,,OpenCity catalogue inventory row; resource not promoted into city source tree yet.
delhi-cetp-monthly-water-quality-data-2022-2024,Delhi CETP Monthly Water Quality Data 2023-2024,https://data.opencity.in/dataset/delhi-cetp-monthly-water-quality-data-2022-2024,government-of-delhi,delhi,Environment,2025-11-27T12:37:39.243139,function,0,2a36919c-7ae1-472f-81b7-78184ecbe0db,February 2023 CETP Data,PDF,https://data.opencity.in/dataset/248d68a7-fb2b-4362-8b58-dd2a677af6f9/resource/2a36919c-7ae1-472f-81b7-78184ecbe0db/download/7a027320-41ef-4127-8697-bd9a04d80647.pdf,1190862,2025-11-25T13:45:55.392455,application/pdf,not_downloaded,,,OpenCity catalogue inventory row; resource not promoted into city source tree yet.
delhi-cetp-monthly-water-quality-data-2022-2024,Delhi CETP Monthly Water Quality Data 2023-2024,https://data.opencity.in/dataset/delhi-cetp-monthly-water-quality-data-2022-2024,government-of-delhi,delhi,Environment,2025-11-27T12:37:39.243139,function,0,d8dce4de-652a-4da8-92bd-7f8f83775bd9,March 2023 CETP Data,PDF,https://data.opencity.in/dataset/248d68a7-fb2b-4362-8b58-dd2a677af6f9/resource/d8dce4de-652a-4da8-92bd-7f8f83775bd9/download/b31735c0-b8bd-4217-acb0-fd348f5a6ef5.pdf,1021667,2025-11-25T13:45:55.799020,application/pdf,not_downloaded,,,OpenCity catalogue inventory row; resource not promoted into city source tree yet.
delhi-cetp-monthly-water-quality-data-2022-2024,Delhi CETP Monthly Water Quality Data 2023-2024,https://data.opencity.in/dataset/delhi-cetp-monthly-water-quality-data-2022-2024,government-of-delhi,delhi,Environment,2025-11-27T12:37:39.243139,function,0,77019386-973a-4bb9-b418-bc87d19a4d51,April 2023 CETP Data,PDF,https://data.opencity.in/dataset/248d68a7-fb2b-4362-8b58-dd2a677af6f9/resource/77019386-973a-4bb9-b418-bc87d19a4d51/download/79f74571-ad80-4f7b-bbb7-4205f20fc7f3.pdf,1212032,2025-11-25T13:45:56.237277,application/pdf,not_downloaded,,,OpenCity catalogue inventory row; resource not promoted into city source tree yet.
delhi-cetp-monthly-water-quality-data-2022-2024,Delhi CETP Monthly Water Quality Data 2023-2024,https://data.opencity.in/dataset/delhi-cetp-monthly-water-quality-data-2022-2024,government-of-delhi,delhi,Environment,2025-11-27T12:37:39.243139,function,0,23ac662e-eb30-402d-9322-c62d23f297ab,May 2023 CETP Data,PDF,https://data.opencity.in/dataset/248d68a7-fb2b-4362-8b58-dd2a677af6f9/resource/23ac662e-eb30-402d-9322-c62d23f297ab/download/11789db4-392b-4ab2-8a4b-ce03623a62a9.pdf,4717143,2025-11-25T13:45:56.738075,application/pdf,not_downloaded,,,OpenCity catalogue inventory row; resource not promoted into city source tree yet.
delhi-cetp-monthly-water-quality-data-2022-2024,Delhi CETP Monthly Water Quality Data 2023-2024,https://data.opencity.in/dataset/delhi-cetp-monthly-water-quality-data-2022-2024,government-of-delhi,delhi,Environment,2025-11-27T12:37:39.243139,function,0,8cee5d4a-c4ba-4558-8d0d-2f5a3076544b,June 2023 CETP Data,PDF,https://data.opencity.in/dataset/248d68a7-fb2b-4362-8b58-dd2a677af6f9/resource/8cee5d4a-c4ba-4558-8d0d-2f5a3076544b/download/48e97441-48e7-4eae-a9ef-9c1fcebadcf5.pdf,1232883,2025-11-25T13:45:57.222284,application/pdf,not_downloaded,,,OpenCity catalogue inventory row; resource not promoted into city source tree yet.
delhi-cetp-monthly-water-quality-data-2022-2024,Delhi CETP Monthly Water Quality Data 2023-2024,https://data.opencity.in/dataset/delhi-cetp-monthly-water-quality-data-2022-2024,government-of-delhi,delhi,Environment,2025-11-27T12:37:39.243139,function,0,1bbcf0f8-4816-4aed-9e0d-f850003f98fb,July 2023 CETP Data,PDF,https://data.opencity.in/dataset/248d68a7-fb2b-4362-8b58-dd2a677af6f9/resource/1bbcf0f8-4816-4aed-9e0d-f850003f98fb/download/31cbae95-a1d1-4852-ab8d-e96455126925.pdf,1244956,2025-11-25T13:45:57.783644,application/pdf,not_downloaded,,,OpenCity catalogue inventory row; resource not promoted into city source tree yet.
delhi-cetp-monthly-water-quality-data-2022-2024,Delhi CETP Monthly Water Quality Data 2023-2024,https://data.opencity.in/dataset/delhi-cetp-monthly-water-quality-data-2022-2024,government-of-delhi,delhi,Environment,2025-11-27T12:37:39.243139,function,0,8afc8056-48c5-41b1-9019-ffa963fafe5c,August 2023 CETP Data,PDF,https://data.opencity.in/dataset/248d68a7-fb2b-4362-8b58-dd2a677af6f9/resource/8afc8056-48c5-41b1-9019-ffa963fafe5c/download/1e16d36d-cfde-4c1d-955d-6b2076ca20c1.pdf,1815694,2025-11-25T13:45:58.619450,application/pdf,not_downloaded,,,OpenCity catalogue inventory row; resource not promoted into city source tree yet.
delhi-cetp-monthly-water-quality-data-2022-2024,Delhi CETP Monthly Water Quality Data 2023-2024,https://data.opencity.in/dataset/delhi-cetp-monthly-water-quality-data-2022-2024,government-of-delhi,delhi,Environment,2025-11-27T12:37:39.243139,function,0,41e2619e-b364-4dfc-bd72-e2f57cde82f0,September 2023 CETP Data,PDF,https://data.opencity.in/dataset/248d68a7-fb2b-4362-8b58-dd2a677af6f9/resource/41e2619e-b364-4dfc-bd72-e2f57cde82f0/download/4e479daa-bbab-428f-9542-27c118f3518d.pdf,1707119,2025-11-25T13:45:59.207604,application/pdf,not_downloaded,,,OpenCity catalogue inventory row; resource not promoted into city source tree yet.
delhi-cetp-monthly-water-quality-data-2022-2024,Delhi CETP Monthly Water Quality Data 2023-2024,https://data.opencity.in/dataset/delhi-cetp-monthly-water-quality-data-2022-2024,government-of-delhi,delhi,Environment,2025-11-27T12:37:39.243139,function,0,fd361f0a-a3fa-4456-8678-373de810b2c1,October 2023 CETP Data,PDF,https://data.opencity.in/dataset/248d68a7-fb2b-4362-8b58-dd2a677af6f9/resource/fd361f0a-a3fa-4456-8678-373de810b2c1/download/bb2e5fc2-90fb-4583-b756-d02e0a78bf9b.pdf,1037716,2025-11-25T13:45:59.797333,application/pdf,not_downloaded,,,OpenCity catalogue inventory row; resource not promoted into city source tree yet.
delhi-cetp-monthly-water-quality-data-2022-2024,Delhi CETP Monthly Water Quality Data 2023-2024,https://data.opencity.in/dataset/delhi-cetp-monthly-water-quality-data-2022-2024,government-of-delhi,delhi,Environment,2025-11-27T12:37:39.243139,function,0,c7e6f15f-bada-4874-9bf6-926462b19c7b,November 2023 CETP Data,PDF,https://data.opencity.in/dataset/248d68a7-fb2b-4362-8b58-dd2a677af6f9/resource/c7e6f15f-bada-4874-9bf6-926462b19c7b/download/c10068bc-2e92-496c-8a93-f1f59c188a9e.pdf,993006,2025-11-25T13:46:00.769060,application/pdf,not_downloaded,,,OpenCity catalogue inventory row; resource not promoted into city source tree yet.
delhi-cetp-monthly-water-quality-data-2022-2024,Delhi CETP Monthly Water Quality Data 2023-2024,https://data.opencity.in/dataset/delhi-cetp-monthly-water-quality-data-2022-2024,government-of-delhi,delhi,Environment,2025-11-27T12:37:39.243139,function,0,166db0fd-37df-40bf-b51a-ecfa98642492,December 2023 CETP Data,PDF,https://data.opencity.in/dataset/248d68a7-fb2b-4362-8b58-dd2a677af6f9/resource/166db0fd-37df-40bf-b51a-ecfa98642492/download/457a2096-f9a6-45d3-b5c2-a46e3554ef8d.pdf,991124,2025-11-25T13:46:01.495749,application/pdf,not_downloaded,,,OpenCity catalogue inventory row; resource not promoted into city source tree yet.
delhi-cetp-monthly-water-quality-data-2022-2024,Delhi CETP Monthly Water Quality Data 2023-2024,https://data.opencity.in/dataset/delhi-cetp-monthly-water-quality-data-2022-2024,government-of-delhi,delhi,Environment,2025-11-27T12:37:39.243139,function,0,2d473652-832a-4e8f-807c-2ab2b3a943e3,January 2024 CETP Data,PDF,https://data.opencity.in/dataset/248d68a7-fb2b-4362-8b58-dd2a677af6f9/resource/2d473652-832a-4e8f-807c-2ab2b3a943e3/download/b1743807-5867-442b-bce0-04a0e11e3970.pdf,2253414,2025-11-25T13:46:02.364278,application/pdf,not_downloaded,,,OpenCity catalogue inventory row; resource not promoted into city source tree yet.
delhi-cetp-monthly-water-quality-data-2022-2024,Delhi CETP Monthly Water Quality Data 2023-2024,https://data.opencity.in/dataset/delhi-cetp-monthly-water-quality-data-2022-2024,government-of-delhi,delhi,Environment,2025-11-27T12:37:39.243139,function,0,cc1ded98-30ad-4a20-9245-32e8f360a2ff,February 2024 CETP Data,PDF,https://data.opencity.in/dataset/248d68a7-fb2b-4362-8b58-dd2a677af6f9/resource/cc1ded98-30ad-4a20-9245-32e8f360a2ff/download/89bd96c4-8ddb-4c10-8db8-8f059f6ca50e.pdf,2295015,2025-11-25T13:46:03.338583,application/pdf,not_downloaded,,,OpenCity catalogue inventory row; resource not promoted into city source tree yet.
delhi-cetp-monthly-water-quality-data-2022-2024,Delhi CETP Monthly Water Quality Data 2023-2024,https://data.opencity.in/dataset/delhi-cetp-monthly-water-quality-data-2022-2024,government-of-delhi,delhi,Environment,2025-11-27T12:37:39.243139,function,0,f97cfb7b-6485-4d99-b612-455282f76bbd,March 2024 CETP Data,PDF,https://data.opencity.in/dataset/248d68a7-fb2b-4362-8b58-dd2a677af6f9/resource/f97cfb7b-6485-4d99-b612-455282f76bbd/download/73daae41-121a-479f-8c42-17e80f44503d.pdf,2331445,2025-11-25T13:46:04.002623,application/pdf,not_downloaded,,,OpenCity catalogue inventory row; resource not promoted into city source tree yet.
delhi-cetp-monthly-water-quality-data-2022-2024,Delhi CETP Monthly Water Quality Data 2023-2024,https://data.opencity.in/dataset/delhi-cetp-monthly-water-quality-data-2022-2024,government-of-delhi,delhi,Environment,2025-11-27T12:37:39.243139,function,0,da5ddd43-6da8-4df7-b2a3-f60b7ad34e44,April 2024 CETP Data,PDF,https://data.opencity.in/dataset/248d68a7-fb2b-4362-8b58-dd2a677af6f9/resource/da5ddd43-6da8-4df7-b2a3-f60b7ad34e44/download/b9dfb609-914c-4841-b3ee-5b3934eec062.pdf,940037,2025-11-25T13:46:04.641849,application/pdf,not_downloaded,,,OpenCity catalogue inventory row; resource not promoted into city source tree yet.
delhi-cetp-monthly-water-quality-data-2022-2024,Delhi CETP Monthly Water Quality Data 2023-2024,https://data.opencity.in/dataset/delhi-cetp-monthly-water-quality-data-2022-2024,government-of-delhi,delhi,Environment,2025-11-27T12:37:39.243139,function,0,7123cdac-8c4f-40ae-931b-ef60fdb8faef,May 2024 CETP Data,PDF,https://data.opencity.in/dataset/248d68a7-fb2b-4362-8b58-dd2a677af6f9/resource/7123cdac-8c4f-40ae-931b-ef60fdb8faef/download/bd9d0934-af80-4910-aa58-bf276e5a0c9f.pdf,2423042,2025-11-25T13:46:05.351956,application/pdf,not_downloaded,,,OpenCity catalogue inventory row; resource not promoted into city source tree yet.
delhi-cetp-monthly-water-quality-data-2022-2024,Delhi CETP Monthly Water Quality Data 2023-2024,https://data.opencity.in/dataset/delhi-cetp-monthly-water-quality-data-2022-2024,government-of-delhi,delhi,Environment,2025-11-27T12:37:39.243139,function,0,9826e84a-76ca-4d47-9b42-d9b1d85ac555,June 2024 CETP Data,PDF,https://data.opencity.in/dataset/248d68a7-fb2b-4362-8b58-dd2a677af6f9/resource/9826e84a-76ca-4d47-9b42-d9b1d85ac555/download/48b02d17-3b14-4a71-b27f-b01a37ecd416.pdf,2497987,2025-11-25T13:46:06.006928,application/pdf,not_downloaded,,,OpenCity catalogue inventory row; resource not promoted into city source tree yet.
delhi-cetp-monthly-water-quality-data-2022-2024,Delhi CETP Monthly Water Quality Data 2023-2024,https://data.opencity.in/dataset/delhi-cetp-monthly-water-quality-data-2022-2024,government-of-delhi,delhi,Environment,2025-11-27T12:37:39.243139,function,0,9f4b2769-716d-414a-9a40-96c97fd7b3c8,July 2024 CETP Data,PDF,https://data.opencity.in/dataset/248d68a7-fb2b-4362-8b58-dd2a677af6f9/resource/9f4b2769-716d-414a-9a40-96c97fd7b3c8/download/6f4b4405-354d-45ca-9e6b-9a56a61d2ead.pdf,2399357,2025-11-25T13:46:06.692186,application/pdf,not_downloaded,,,OpenCity catalogue inventory row; resource not promoted into city source tree yet.
delhi-cetp-monthly-water-quality-data-2022-2024,Delhi CETP Monthly Water Quality Data 2023-2024,https://data.opencity.in/dataset/delhi-cetp-monthly-water-quality-data-2022-2024,government-of-delhi,delhi,Environment,2025-11-27T12:37:39.243139,function,0,16d48a47-1f7f-4ddf-acab-b62f8be57b6a,August 2024 CETP Data,PDF,https://data.opencity.in/dataset/248d68a7-fb2b-4362-8b58-dd2a677af6f9/resource/16d48a47-1f7f-4ddf-acab-b62f8be57b6a/download/2ad3d4b1-0f32-42d8-a18d-195a0ac66c48.pdf,2325829,2025-11-25T13:46:07.439538,application/pdf,not_downloaded,,,OpenCity catalogue inventory row; resource not promoted into city source tree yet.
delhi-cetp-monthly-water-quality-data-2022-2024,Delhi CETP Monthly Water Quality Data 2023-2024,https://data.opencity.in/dataset/delhi-cetp-monthly-water-quality-data-2022-2024,government-of-delhi,delhi,Environment,2025-11-27T12:37:39.243139,function,0,e464aa39-d432-46e5-85a7-dc37693667cd,September 2024 CETP Data,PDF,https://data.opencity.in/dataset/248d68a7-fb2b-4362-8b58-dd2a677af6f9/resource/e464aa39-d432-46e5-85a7-dc37693667cd/download/39852377-78c6-4057-9330-97b51ffd18b8.pdf,4360131,2025-11-25T13:46:08.177987,application/pdf,not_downloaded,,,OpenCity catalogue inventory row; resource not promoted into city source tree yet.
delhi-cetp-monthly-water-quality-data-2022-2024,Delhi CETP Monthly Water Quality Data 2023-2024,https://data.opencity.in/dataset/delhi-cetp-monthly-water-quality-data-2022-2024,government-of-delhi,delhi,Environment,2025-11-27T12:37:39.243139,function,0,df4c3b2e-72cd-4888-ad88-1606d78ad032,October 2024 CETP Data,PDF,https://data.opencity.in/dataset/248d68a7-fb2b-4362-8b58-dd2a677af6f9/resource/df4c3b2e-72cd-4888-ad88-1606d78ad032/download/56f4703d-8a47-4ce8-8ffe-37e3a2171d11.pdf,4808871,2025-11-25T13:46:08.882770,application/pdf,not_downloaded,,,OpenCity catalogue inventory row; resource not promoted into city source tree yet.
delhi-cetp-monthly-water-quality-data-2022-2024,Delhi CETP Monthly Water Quality Data 2023-2024,https://data.opencity.in/dataset/delhi-cetp-monthly-water-quality-data-2022-2024,government-of-delhi,delhi,Environment,2025-11-27T12:37:39.243139,function,0,22de2030-7a70-495f-9db2-79db3140acc2,November 2024 CETP Data,PDF,https://data.opencity.in/dataset/248d68a7-fb2b-4362-8b58-dd2a677af6f9/resource/22de2030-7a70-495f-9db2-79db3140acc2/download/d94722f2-58f3-4530-bf8a-c2f6e968762c.pdf,4921089,2025-11-25T13:46:09.585307,application/pdf,not_downloaded,,,OpenCity catalogue inventory row; resource not promoted into city source tree yet.
delhi-climate-action-plan,Delhi Climate Action Plan,https://data.opencity.in/dataset/delhi-climate-action-plan,government-of-delhi,delhi,Environment,2025-11-27T12:38:02.625781,function,0,1b8ac13f-21c8-423f-a36c-26985789c2dc,Delhi State Action Plan on Climate Change,PDF,https://data.opencity.in/dataset/f510e3e6-69ba-4f76-b0ff-08b40720c4ea/resource/1b8ac13f-21c8-423f-a36c-26985789c2dc/download/c29476f1-d4c8-44b1-bef4-d6699de6562f.pdf,9145684,2025-11-25T13:46:22.176388,application/pdf,not_downloaded,,,OpenCity catalogue inventory row; resource not promoted into city source tree yet.
delhi-economic-survey-2023,Delhi Economic Survey 2023,https://data.opencity.in/dataset/delhi-economic-survey-2023,government-of-delhi,delhi,Economy,2025-11-27T12:37:08.699623,,0,53e84cc9-c830-41b6-a30c-71d65c2a2d3a,Delhi State of the Economy 2022-23,PDF,https://data.opencity.in/dataset/7a3789c9-f62e-42fb-937c-3ff95a9ba34b/resource/53e84cc9-c830-41b6-a30c-71d65c2a2d3a/download/7b8a0a04-e813-45ab-b346-08e772e01a8c.pdf,1055298,2025-11-25T13:47:48.176099,application/pdf,not_downloaded,,,OpenCity catalogue inventory row; resource not promoted into city source tree yet.
delhi-economic-survey-2023,Delhi Economic Survey 2023,https://data.opencity.in/dataset/delhi-economic-survey-2023,government-of-delhi,delhi,Economy,2025-11-27T12:37:08.699623,,0,09eddfe7-c48f-4e82-9b6a-31d50705383a,Delhi Public Finance 2022-23,PDF,https://data.opencity.in/dataset/7a3789c9-f62e-42fb-937c-3ff95a9ba34b/resource/09eddfe7-c48f-4e82-9b6a-31d50705383a/download/f1ef43f0-8d6e-4b13-82cc-73e0347fe358.pdf,3026812,2025-11-25T13:47:48.485902,application/pdf,not_downloaded,,,OpenCity catalogue inventory row; resource not promoted into city source tree yet.
delhi-economic-survey-2023,Delhi Economic Survey 2023,https://data.opencity.in/dataset/delhi-economic-survey-2023,government-of-delhi,delhi,Economy,2025-11-27T12:37:08.699623,,0,5d17141d-21e5-462b-9947-8d7e22f9d6c3,Delhi Economic Survey Highlights 2022-23,PDF,https://data.opencity.in/dataset/7a3789c9-f62e-42fb-937c-3ff95a9ba34b/resource/5d17141d-21e5-462b-9947-8d7e22f9d6c3/download/468c23d6-3108-4d4d-a56d-e99958d6ff99.pdf,763250,2025-11-25T13:47:48.814784,application/pdf,not_downloaded,,,OpenCity catalogue inventory row; resource not promoted into city source tree yet.
delhi-economic-survey-2023,Delhi Economic Survey 2023,https://data.opencity.in/dataset/delhi-economic-survey-2023,government-of-delhi,delhi,Economy,2025-11-27T12:37:08.699623,,0,2e4ac51d-f50a-4279-875e-b10aea41b952,Delhi Economic Survey Tables 2022-23,PDF,https://data.opencity.in/dataset/7a3789c9-f62e-42fb-937c-3ff95a9ba34b/resource/2e4ac51d-f50a-4279-875e-b10aea41b952/download/26602762-6a2d-4202-a0b2-feead5f0062f.pdf,1211490,2025-11-25T13:47:49.339992,application/pdf,not_downloaded,,,OpenCity catalogue inventory row; resource not promoted into city source tree yet.
delhi-economic-survey-2023,Delhi Economic Survey 2023,https://data.opencity.in/dataset/delhi-economic-survey-2023,government-of-delhi,delhi,Economy,2025-11-27T12:37:08.699623,,0,9008f0a3-3ccc-4a97-b88d-4d28feb372e8,Delhi Trade and Commerce 2022-23,PDF,https://data.opencity.in/dataset/7a3789c9-f62e-42fb-937c-3ff95a9ba34b/resource/9008f0a3-3ccc-4a97-b88d-4d28feb372e8/download/079db2f7-70e9-44a5-9e9c-9d89c6b5086a.pdf,2799381,2025-11-25T13:47:49.720256,application/pdf,not_downloaded,,,OpenCity catalogue inventory row; resource not promoted into city source tree yet.
delhi-economic-survey-2023,Delhi Economic Survey 2023,https://data.opencity.in/dataset/delhi-economic-survey-2023,government-of-delhi,delhi,Economy,2025-11-27T12:37:08.699623,,0,8bbb4b29-178b-430a-b690-b5aa508b6cbb,Delhi Price and Trends 2022-23,PDF,https://data.opencity.in/dataset/7a3789c9-f62e-42fb-937c-3ff95a9ba34b/resource/8bbb4b29-178b-430a-b690-b5aa508b6cbb/download/2a83706b-a6da-469c-8d39-848762be6642.pdf,625102,2025-11-25T13:47:50.090730,application/pdf,not_downloaded,,,OpenCity catalogue inventory row; resource not promoted into city source tree yet.
delhi-economic-survey-2023,Delhi Economic Survey 2023,https://data.opencity.in/dataset/delhi-economic-survey-2023,government-of-delhi,delhi,Economy,2025-11-27T12:37:08.699623,,0,d1f8f74b-9f0c-4676-aacb-a950a0f320d9,Delhi Agriculture and Rural Development 2022-23,PDF,https://data.opencity.in/dataset/7a3789c9-f62e-42fb-937c-3ff95a9ba34b/resource/d1f8f74b-9f0c-4676-aacb-a950a0f320d9/download/745bda38-1b96-4c3b-9432-902ab05c5d3e.pdf,1070756,2025-11-25T13:47:50.556097,application/pdf,not_downloaded,,,OpenCity catalogue inventory row; resource not promoted into city source tree yet.
delhi-economic-survey-2023,Delhi Economic Survey 2023,https://data.opencity.in/dataset/delhi-economic-survey-2023,government-of-delhi,delhi,Economy,2025-11-27T12:37:08.699623,,0,04a47e51-3f56-4d5e-b0f7-91cb333357da,Delhi Environmental Concerns 2022-23,PDF,https://data.opencity.in/dataset/7a3789c9-f62e-42fb-937c-3ff95a9ba34b/resource/04a47e51-3f56-4d5e-b0f7-91cb333357da/download/7e5d3c13-c415-4eaa-b2f2-79d585c5782b.pdf,3607692,2025-11-25T13:47:50.981004,application/pdf,not_downloaded,,,OpenCity catalogue inventory row; resource not promoted into city source tree yet.
delhi-economic-survey-2023,Delhi Economic Survey 2023,https://data.opencity.in/dataset/delhi-economic-survey-2023,government-of-delhi,delhi,Economy,2025-11-27T12:37:08.699623,,0,b4df8e2e-6a13-49af-ac00-4ee20b7b10f3,Delhi Industrial Development 2022-23,PDF,https://data.opencity.in/dataset/7a3789c9-f62e-42fb-937c-3ff95a9ba34b/resource/b4df8e2e-6a13-49af-ac00-4ee20b7b10f3/download/4227b23c-ca59-43f3-8ff9-3a36ffb7105e.pdf,813369,2025-11-25T13:47:51.614451,application/pdf,not_downloaded,,,OpenCity catalogue inventory row; resource not promoted into city source tree yet.
delhi-economic-survey-2023,Delhi Economic Survey 2023,https://data.opencity.in/dataset/delhi-economic-survey-2023,government-of-delhi,delhi,Economy,2025-11-27T12:37:08.699623,,0,ec8f7e1f-83e0-4262-82e4-2168648f67bc,Delhi Tourism 2022-23,PDF,https://data.opencity.in/dataset/7a3789c9-f62e-42fb-937c-3ff95a9ba34b/resource/ec8f7e1f-83e0-4262-82e4-2168648f67bc/download/f6b1266d-324a-4e77-b35b-05dabec1ead6.pdf,1179939,2025-11-25T13:47:52.045848,application/pdf,not_downloaded,,,OpenCity catalogue inventory row; resource not promoted into city source tree yet.
delhi-economic-survey-2023,Delhi Economic Survey 2023,https://data.opencity.in/dataset/delhi-economic-survey-2023,government-of-delhi,delhi,Economy,2025-11-27T12:37:08.699623,,0,900eb152-f3dd-4cb3-bf22-5d039e0a968a,Delhi Energy 2022-23,PDF,https://data.opencity.in/dataset/7a3789c9-f62e-42fb-937c-3ff95a9ba34b/resource/900eb152-f3dd-4cb3-bf22-5d039e0a968a/download/3785413e-a43a-4f1e-9d80-6beb1a7c96b7.pdf,1205833,2025-11-25T13:47:52.482467,application/pdf,not_downloaded,,,OpenCity catalogue inventory row; resource not promoted into city source tree yet.
delhi-economic-survey-2023,Delhi Economic Survey 2023,https://data.opencity.in/dataset/delhi-economic-survey-2023,government-of-delhi,delhi,Economy,2025-11-27T12:37:08.699623,,0,970dbaea-b35e-4523-bbb4-418d7e479360,Delhi Transport 2022-23,PDF,https://data.opencity.in/dataset/7a3789c9-f62e-42fb-937c-3ff95a9ba34b/resource/970dbaea-b35e-4523-bbb4-418d7e479360/download/433ed612-5172-44c4-a811-80f6355992bf.pdf,1225971,2025-11-25T13:47:52.922539,application/pdf,not_downloaded,,,OpenCity catalogue inventory row; resource not promoted into city source tree yet.
delhi-economic-survey-2023,Delhi Economic Survey 2023,https://data.opencity.in/dataset/delhi-economic-survey-2023,government-of-delhi,delhi,Economy,2025-11-27T12:37:08.699623,,0,86b5447c-2e26-432b-be43-6f94b366f7b8,Delhi Water Supply and Sewerage 2022-23,PDF,https://data.opencity.in/dataset/7a3789c9-f62e-42fb-937c-3ff95a9ba34b/resource/86b5447c-2e26-432b-be43-6f94b366f7b8/download/75e1f58a-4bc2-4d7f-bd9f-22672007727f.pdf,2755787,2025-11-25T13:47:53.417876,application/pdf,not_downloaded,,,OpenCity catalogue inventory row; resource not promoted into city source tree yet.
delhi-economic-survey-2023,Delhi Economic Survey 2023,https://data.opencity.in/dataset/delhi-economic-survey-2023,government-of-delhi,delhi,Economy,2025-11-27T12:37:08.699623,,0,68f6b753-28af-4cdb-969f-eb7a3b360920,Delhi Housing and Urban Development 2022-23,PDF,https://data.opencity.in/dataset/7a3789c9-f62e-42fb-937c-3ff95a9ba34b/resource/68f6b753-28af-4cdb-969f-eb7a3b360920/download/01c21cec-cfc0-4ae5-a89b-676b60d7633b.pdf,1300402,2025-11-25T13:47:53.888595,application/pdf,not_downloaded,,,OpenCity catalogue inventory row; resource not promoted into city source tree yet.
delhi-economic-survey-2023,Delhi Economic Survey 2023,https://data.opencity.in/dataset/delhi-economic-survey-2023,government-of-delhi,delhi,Economy,2025-11-27T12:37:08.699623,,0,5db357da-1f08-4330-90a6-4d309040ecc6,Delhi Education 2022-23,PDF,https://data.opencity.in/dataset/7a3789c9-f62e-42fb-937c-3ff95a9ba34b/resource/5db357da-1f08-4330-90a6-4d309040ecc6/download/f9303852-4968-4efd-bc1a-f21d5a2aeb72.pdf,1102305,2025-11-25T13:47:54.346559,application/pdf,not_downloaded,,,OpenCity catalogue inventory row; resource not promoted into city source tree yet.
delhi-economic-survey-2023,Delhi Economic Survey 2023,https://data.opencity.in/dataset/delhi-economic-survey-2023,government-of-delhi,delhi,Economy,2025-11-27T12:37:08.699623,,0,a473dfa6-2a06-40f3-b94c-7867decb6662,Delhi Health and Family Welfare,PDF,https://data.opencity.in/dataset/7a3789c9-f62e-42fb-937c-3ff95a9ba34b/resource/a473dfa6-2a06-40f3-b94c-7867decb6662/download/d1da799c-3dec-4b83-82f4-f33e44662393.pdf,1229363,2025-11-25T13:47:54.819811,application/pdf,not_downloaded,,,OpenCity catalogue inventory row; resource not promoted into city source tree yet.
delhi-economic-survey-2023,Delhi Economic Survey 2023,https://data.opencity.in/dataset/delhi-economic-survey-2023,government-of-delhi,delhi,Economy,2025-11-27T12:37:08.699623,,0,01c74127-2905-4cf0-b2f9-79ad5a7496a0,Delhi Social Welfare and Security,PDF,https://data.opencity.in/dataset/7a3789c9-f62e-42fb-937c-3ff95a9ba34b/resource/01c74127-2905-4cf0-b2f9-79ad5a7496a0/download/63ed7666-40bb-4cda-9cfe-9346dddd6471.pdf,1713651,2025-11-25T13:47:55.325496,application/pdf,not_downloaded,,,OpenCity catalogue inventory row; resource not promoted into city source tree yet.
delhi-economic-survey-2023,Delhi Economic Survey 2023,https://data.opencity.in/dataset/delhi-economic-survey-2023,government-of-delhi,delhi,Economy,2025-11-27T12:37:08.699623,,0,79f50cff-ac61-434e-b83e-56519b545c7b,Delhi Public Distribution System 2022-23,PDF,https://data.opencity.in/dataset/7a3789c9-f62e-42fb-937c-3ff95a9ba34b/resource/79f50cff-ac61-434e-b83e-56519b545c7b/download/fc13dc07-63c1-460a-999a-9f7cef0dffb9.pdf,960809,2025-11-25T13:47:55.824478,application/pdf,not_downloaded,,,OpenCity catalogue inventory row; resource not promoted into city source tree yet.
delhi-economic-survey-2023,Delhi Economic Survey 2023,https://data.opencity.in/dataset/delhi-economic-survey-2023,government-of-delhi,delhi,Economy,2025-11-27T12:37:08.699623,,0,73233011-856b-44da-9ef7-84cd3e69972b,Delhi Demographic Profile 2022-23,PDF,https://data.opencity.in/dataset/7a3789c9-f62e-42fb-937c-3ff95a9ba34b/resource/73233011-856b-44da-9ef7-84cd3e69972b/download/40dcbfe0-6deb-4b3b-8a89-795941eab1b0.pdf,1399910,2025-11-25T13:47:56.355805,application/pdf,not_downloaded,,,OpenCity catalogue inventory row; resource not promoted into city source tree yet.
delhi-economic-survey-2023,Delhi Economic Survey 2023,https://data.opencity.in/dataset/delhi-economic-survey-2023,government-of-delhi,delhi,Economy,2025-11-27T12:37:08.699623,,0,a377363f-8ce9-40d7-9b46-ecac747275d1,Delhi Poverty Line 2022-23,PDF,https://data.opencity.in/dataset/7a3789c9-f62e-42fb-937c-3ff95a9ba34b/resource/a377363f-8ce9-40d7-9b46-ecac747275d1/download/7afc078e-500a-434c-b330-c050c9f241a6.pdf,559677,2025-11-25T13:47:56.891462,application/pdf,not_downloaded,,,OpenCity catalogue inventory row; resource not promoted into city source tree yet.
delhi-economic-survey-2023,Delhi Economic Survey 2023,https://data.opencity.in/dataset/delhi-economic-survey-2023,government-of-delhi,delhi,Economy,2025-11-27T12:37:08.699623,,0,e9ed2f64-ac08-4935-a50d-27c5b384a1db,Delhi Employment and Unemployment 2022-23,PDF,https://data.opencity.in/dataset/7a3789c9-f62e-42fb-937c-3ff95a9ba34b/resource/e9ed2f64-ac08-4935-a50d-27c5b384a1db/download/a746f47d-9bc9-4555-b5af-34bfb865a265.pdf,3586658,2025-11-25T13:47:57.644254,application/pdf,not_downloaded,,,OpenCity catalogue inventory row; resource not promoted into city source tree yet.
delhi-economic-survey-2023,Delhi Economic Survey 2023,https://data.opencity.in/dataset/delhi-economic-survey-2023,government-of-delhi,delhi,Economy,2025-11-27T12:37:08.699623,,0,7fc9f646-8564-4947-8412-b3521b574ad7,Delhi GSDP and Per Capita Income Stats 2022-23,CSV,https://data.opencity.in/dataset/7a3789c9-f62e-42fb-937c-3ff95a9ba34b/resource/7fc9f646-8564-4947-8412-b3521b574ad7/download/f452e574-f8d4-4c17-9346-ba900f4a48c1.csv,924,2025-11-25T13:47:58.201958,text/csv,not_downloaded,,,OpenCity catalogue inventory row; resource not promoted into city source tree yet.
delhi-economic-survey-2023,Delhi Economic Survey 2023,https://data.opencity.in/dataset/delhi-economic-survey-2023,government-of-delhi,delhi,Economy,2025-11-27T12:37:08.699623,,0,6ba0ea04-71dd-4c7e-b37c-ba8fbdcbbe58,Delhi Metro Ridership data 2013 to 2022,CSV,https://data.opencity.in/dataset/7a3789c9-f62e-42fb-937c-3ff95a9ba34b/resource/6ba0ea04-71dd-4c7e-b37c-ba8fbdcbbe58/download/933bf565-c03a-40f9-af10-e40903d3907b.csv,758,2025-11-25T13:47:58.796787,text/csv,not_downloaded,,,OpenCity catalogue inventory row; resource not promoted into city source tree yet.
delhi-economic-survey-2023,Delhi Economic Survey 2023,https://data.opencity.in/dataset/delhi-economic-survey-2023,government-of-delhi,delhi,Economy,2025-11-27T12:37:08.699623,,0,86e80f47-b724-467d-9d33-50166af1e948,Delhi DTC Fleet Data from 2018 to 2022,CSV,https://data.opencity.in/dataset/7a3789c9-f62e-42fb-937c-3ff95a9ba34b/resource/86e80f47-b724-467d-9d33-50166af1e948/download/34174099-08c1-478c-8719-da771af343be.csv,2372,2025-11-25T13:47:59.593431,text/csv,not_downloaded,,,OpenCity catalogue inventory row; resource not promoted into city source tree yet.
delhi-economic-survey-2023,Delhi Economic Survey 2023,https://data.opencity.in/dataset/delhi-economic-survey-2023,government-of-delhi,delhi,Economy,2025-11-27T12:37:08.699623,,0,b9f5fecf-2739-413b-ae7f-906edb3e6b16,Delhi Electric Vehicles Data 2021-22,CSV,https://data.opencity.in/dataset/7a3789c9-f62e-42fb-937c-3ff95a9ba34b/resource/b9f5fecf-2739-413b-ae7f-906edb3e6b16/download/fcf79017-40b6-4ecd-bfa4-2c83a0365300.csv,181,2025-11-25T13:48:00.260339,text/csv,not_downloaded,,,OpenCity catalogue inventory row; resource not promoted into city source tree yet.
delhi-economic-survey-2023,Delhi Economic Survey 2023,https://data.opencity.in/dataset/delhi-economic-survey-2023,government-of-delhi,delhi,Economy,2025-11-27T12:37:08.699623,,0,f6018005-fba9-4389-abf5-181cc8307256,Delhi Ration Cards and Fair Price Shops 2014 to 2022,CSV,https://data.opencity.in/dataset/7a3789c9-f62e-42fb-937c-3ff95a9ba34b/resource/f6018005-fba9-4389-abf5-181cc8307256/download/328bdf05-7846-47f0-b50a-3918721eaf68.csv,250,2025-11-25T13:48:01.094121,text/csv,not_downloaded,,,OpenCity catalogue inventory row; resource not promoted into city source tree yet.
delhi-economic-survey-2023,Delhi Economic Survey 2023,https://data.opencity.in/dataset/delhi-economic-survey-2023,government-of-delhi,delhi,Economy,2025-11-27T12:37:08.699623,,0,fe6a9d82-4b1a-47d6-8390-9cca0957f671,Delhi DTC Bus Operational Data 2018 to 2022,CSV,https://data.opencity.in/dataset/7a3789c9-f62e-42fb-937c-3ff95a9ba34b/resource/fe6a9d82-4b1a-47d6-8390-9cca0957f671/download/d8a9e3a6-3df8-4ae9-a32a-ef5ac63c767f.csv,396,2025-11-25T13:48:02.042165,text/csv,not_downloaded,,,OpenCity catalogue inventory row; resource not promoted into city source tree yet.
delhi-economic-survey-2023-24,Delhi Economic Survey 2023-24,https://data.opencity.in/dataset/delhi-economic-survey-2023-24,government-of-delhi,delhi,Economy,2025-11-27T12:37:01.988523,,0,162fbf6b-3016-4b2a-9725-947f74a27706,Economic Survey Whole Document 2023-24,PDF,https://data.opencity.in/dataset/71166508-7412-4eab-a83c-d17d53d6ac16/resource/162fbf6b-3016-4b2a-9725-947f74a27706/download/39b824e0-2296-4473-90d5-9731c5618c6a.pdf,17967741,2025-11-25T13:48:14.458903,application/pdf,not_downloaded,,,OpenCity catalogue inventory row; resource not promoted into city source tree yet.
delhi-economic-survey-2023-24,Delhi Economic Survey 2023-24,https://data.opencity.in/dataset/delhi-economic-survey-2023-24,government-of-delhi,delhi,Economy,2025-11-27T12:37:01.988523,,0,0ccd71c2-c40f-4a21-8033-58026024a0cd,Highlights of Delhi Economic Survey 2023-24,PDF,https://data.opencity.in/dataset/71166508-7412-4eab-a83c-d17d53d6ac16/resource/0ccd71c2-c40f-4a21-8033-58026024a0cd/download/deefc74c-ba0b-4074-98c8-c6001b1efe48.pdf,657287,2025-11-25T13:48:14.762566,application/pdf,not_downloaded,,,OpenCity catalogue inventory row; resource not promoted into city source tree yet.
delhi-heat-action-plans,Delhi Heat Action Plans,https://data.opencity.in/dataset/delhi-heat-action-plans,government-of-delhi,delhi,Environment,2025-11-27T12:37:27.877232,function,0,9e52fce0-5cc0-4159-8074-90569ce8d3b9,Delhi Heat Action Plan 2024,PDF,https://data.opencity.in/dataset/4a0da5b1-c8b3-4010-962a-c66d84dffd73/resource/9e52fce0-5cc0-4159-8074-90569ce8d3b9/download/6df72ff4-0eb0-4e47-b578-49b6429712e8.pdf,2372240,2025-11-25T13:48:50.583964,application/pdf,not_downloaded,,,OpenCity catalogue inventory row; resource not promoted into city source tree yet.
delhi-heat-action-plans,Delhi Heat Action Plans,https://data.opencity.in/dataset/delhi-heat-action-plans,government-of-delhi,delhi,Environment,2025-11-27T12:37:27.877232,function,0,91de8eca-b191-4798-a1ed-65644ae5da4f,Delhi Heat Action Plan 2025,PDF,https://data.opencity.in/dataset/4a0da5b1-c8b3-4010-962a-c66d84dffd73/resource/91de8eca-b191-4798-a1ed-65644ae5da4f/download/b84fbc12-49f2-4727-975a-8084d41e7b47.pdf,3000893,2025-11-25T13:48:50.949537,application/pdf,not_downloaded,,,OpenCity catalogue inventory row; resource not promoted into city source tree yet.
