{"type": "FeatureCollection", "features": [{"type": "Feature", "properties": {"osm_id": 90800091, "dual_carriageway": "yes", "highway": "primary", "lanes": "2", "lit": "yes", "maxspeed": "40", "name": "Beach Road", "name:te": "బీచ్ రోడ్", "oneway": "yes", "sidewalk": "separate", "surface": "asphalt"}, "geometry": {"type": "LineString", "coordinates": [[83.3181179, 17.7115754], [83.3182751, 17.7116679], [83.3182939, 17.7116792], [83.3183314, 17.7117012], [83.3189019, 17.7120184], [83.3196283, 17.7124351], [83.3198328, 17.7125497], [83.3212499, 17.7133458], [83.3215465, 17.7135124], [83.3215755, 17.7135287], [83.3219928, 17.7137405], [83.3223861, 17.7139398], [83.3224519, 17.7139714], [83.3225291, 17.7140058], [83.3229497, 17.7142026], [83.3235735, 17.714496], [83.3242721, 17.7148181], [83.3254706, 17.7153861], [83.3258243, 17.715558], [83.3258712, 17.7155798], [83.3262231, 17.7157395], [83.3264893, 17.7158674], [83.3277608, 17.7164492], [83.3278078, 17.7164707], [83.3289576, 17.717005], [83.329012, 17.7170303], [83.330296, 17.7176256], [83.3317189, 17.7182859], [83.3317686, 17.7183061], [83.3318317, 17.7183365], [83.3338309, 17.7192512], [83.3339194, 17.7193122], [83.3339947, 17.7193772], [83.3342774, 17.7196213], [83.3344941, 17.7199803], [83.3345567, 17.7201208], [83.3346625, 17.7203581], [83.3348656, 17.7206538], [83.3350097, 17.7208637], [83.3351009, 17.7210163], [83.3353898, 17.7214996], [83.3354398, 17.7215829], [83.335455, 17.7216009], [83.3355163, 17.7216732]]}}, {"type": "Feature", "properties": {"osm_id": 90800092, "dual_carriageway": "yes", "highway": "primary", "lanes": "2", "name": "Anakapalli - Visakhapatnam - Anandapuram Main Road", "oneway": "yes", "ref:old": "NH5", "surface": "asphalt"}, "geometry": {"type": "LineString", "coordinates": [[83.2035379, 17.6853735], [83.2035728, 17.6854207], [83.2035896, 17.6854445], [83.2036686, 17.685563], [83.203961, 17.6860447], [83.2043671, 17.6867271], [83.2043792, 17.6868705], [83.2044053, 17.6869272], [83.2048429, 17.6878775], [83.2053876, 17.6890525], [83.2055048, 17.6893104], [83.2055817, 17.6895113], [83.2056368, 17.6897078], [83.2057012, 17.6900685], [83.2057313, 17.6903813], [83.2057373, 17.6905575], [83.2057243, 17.6908366], [83.2056904, 17.6911238], [83.2055177, 17.6922509], [83.2054931, 17.6923845], [83.2053263, 17.6932598], [83.205243, 17.6937306], [83.2052169, 17.6938819], [83.2051642, 17.694198], [83.2051296, 17.6944664], [83.2051043, 17.6947879], [83.2051017, 17.6951933], [83.2051156, 17.6956514], [83.2051433, 17.6960093], [83.205167, 17.6963978], [83.2052311, 17.6972691], [83.2052703, 17.6981584], [83.2053188, 17.6990821], [83.2054205, 17.7005048], [83.2054808, 17.7013171], [83.2055223, 17.7018593], [83.205634, 17.7035129], [83.2057146, 17.7048845], [83.2057113, 17.7051434], [83.2056924, 17.7054201], [83.2056376, 17.7057935], [83.2055768, 17.7062294], [83.2054415, 17.7071067], [83.2053095, 17.70802], [83.2052893, 17.7081944], [83.205167, 17.7089436], [83.2050711, 17.7096249], [83.2049207, 17.7106206], [83.2046458, 17.7125253], [83.204319, 17.7144299], [83.204032, 17.7164692]]}}, {"type": "Feature", "properties": {"osm_id": 90800103, "highway": "tertiary", "name": "Costal Battery Road", "oneway": "no"}, "geometry": {"type": "LineString", "coordinates": [[83.3095382, 17.7056324], [83.3092714, 17.7058647], [83.309136, 17.7060442], [83.3089903, 17.7063468], [83.3088327, 17.706815], [83.3086862, 17.7071909], [83.308555, 17.7074656], [83.3083619, 17.7078029]]}}, {"type": "Feature", "properties": {"osm_id": 90800129, "bridge": "yes", "highway": "primary", "layer": "1", "name": "Port Main Road Flyover", "oneway": "yes"}, "geometry": {"type": "LineString", "coordinates": [[83.2882738, 17.7164132], [83.287504, 17.7161759], [83.2873063, 17.7161245], [83.2870804, 17.7160838], [83.2868527, 17.7160551], [83.2864388, 17.716034], [83.286135, 17.7160305], [83.2858085, 17.7160539], [83.2855849, 17.716082], [83.2853499, 17.7161209], [83.2849367, 17.7161993], [83.2846498, 17.7162538], [83.2824444, 17.716709], [83.2817661, 17.7168287], [83.281418, 17.7168545], [83.2811215, 17.7168583], [83.2808585, 17.7168423], [83.2803348, 17.7167989], [83.2784734, 17.7165967], [83.2767854, 17.7164227], [83.272351, 17.7160444]]}}, {"type": "Feature", "properties": {"osm_id": 90800133, "highway": "primary", "name": "Ramtakies Road", "oneway": "yes"}, "geometry": {"type": "LineString", "coordinates": [[83.3085363, 17.7246532], [83.3085927, 17.724718], [83.3087512, 17.7248998], [83.3089919, 17.7251517], [83.3092384, 17.7254125], [83.3095602, 17.7257577], [83.3097106, 17.72592], [83.309769, 17.7259787], [83.3098257, 17.7260357], [83.3099277, 17.7261382], [83.3100095, 17.7262247], [83.3103503, 17.726561], [83.310528, 17.7267382], [83.3107226, 17.7269559], [83.3110704, 17.7273222], [83.311331, 17.7276703], [83.3115737, 17.7279165], [83.3117644, 17.7281051], [83.3118207, 17.7281607]]}}, {"type": "Feature", "properties": {"osm_id": 90800137, "dual_carriageway": "yes", "highway": "primary", "lanes": "2", "name": "Anakapalli - Visakhapatnam - Anandapuram Main Road", "oneway": "yes", "ref:old": "NH5", "surface": "asphalt"}, "geometry": {"type": "LineString", "coordinates": [[83.2036068, 17.7195885], [83.2035155, 17.7200671], [83.2034802, 17.7202902], [83.2034233, 17.7206507], [83.2034265, 17.7212229], [83.2034537, 17.7215069], [83.2035272, 17.7217953], [83.2036612, 17.7220897], [83.2037566, 17.7222706], [83.2039845, 17.7225941], [83.2041509, 17.7227828], [83.204366, 17.7230137], [83.2045141, 17.7231418], [83.2049415, 17.7234745], [83.2056142, 17.7239313]]}}, {"type": "Feature", "properties": {"osm_id": 90800151, "dual_carriageway": "yes", "highway": "primary", "lanes": "2", "oneway": "yes", "surface": "asphalt"}, "geometry": {"type": "LineString", "coordinates": [[83.3322121, 17.7318399], [83.3324376, 17.7318944], [83.332471, 17.7319025], [83.3327913, 17.7319497], [83.3329162, 17.7319485], [83.3330986, 17.7319396], [83.3335223, 17.7318974], [83.3337541, 17.731855], [83.3338951, 17.7317965], [83.3340232, 17.7317421], [83.3341782, 17.7316471], [83.3343606, 17.7314797], [83.3345215, 17.7312651], [83.3346449, 17.731154], [83.3347709, 17.7310888], [83.3348984, 17.7310377], [83.3350499, 17.7309764], [83.3350908, 17.7309601], [83.3351224, 17.7309474], [83.3352559, 17.7309118], [83.3354304, 17.730883], [83.3355073, 17.7308793], [83.3355844, 17.7308755], [83.3358666, 17.7309019], [83.3374408, 17.7310943], [83.3376852, 17.731117], [83.3378697, 17.7311203], [83.3380301, 17.7310961], [83.3382114, 17.7310504], [83.3388672, 17.730833], [83.3390377, 17.7307769], [83.3391781, 17.7307242], [83.3396152, 17.7305481], [83.3399616, 17.7304085], [83.3400401, 17.7303792], [83.3401282, 17.730325]]}}, {"type": "Feature", "properties": {"osm_id": 90800178, "highway": "primary", "lanes": "2", "name": "Beach Road", "oneway": "yes", "ref": "SH144", "sidewalk:left": "yes", "sidewalk:left:surface": "paving_stones", "surface": "asphalt"}, "geometry": {"type": "LineString", "coordinates": [[83.3436931, 17.7418844], [83.3437188, 17.7419493], [83.3437282, 17.741963], [83.3442561, 17.7427382], [83.3444544, 17.7430293], [83.3445124, 17.7431144], [83.3452852, 17.7442034], [83.3456036, 17.7445515], [83.3457653, 17.7447283], [83.3459651, 17.7448893], [83.3461811, 17.7450196], [83.346401, 17.7451051], [83.3466759, 17.7451741], [83.347372, 17.7452571], [83.3478574, 17.74533], [83.3482343, 17.7454398], [83.3484972, 17.745565], [83.3487104, 17.7456965], [83.3488673, 17.7458383], [83.3489639, 17.7459558], [83.3490631, 17.7460887], [83.3491328, 17.7462368], [83.3491851, 17.7464591], [83.3492254, 17.7467133], [83.3492991, 17.747168], [83.349334, 17.747417], [83.3493394, 17.7476265], [83.349326, 17.7480467], [83.3493247, 17.7480817], [83.3492951, 17.7488948], [83.349279, 17.7490302], [83.3492374, 17.7491988], [83.3491878, 17.749333], [83.3487898, 17.7501318]]}}, {"type": "Feature", "properties": {"osm_id": 90800182, "highway": "secondary", "oneway": "yes"}, "geometry": {"type": "LineString", "coordinates": [[83.3094887, 17.7177138], [83.3094572, 17.7176846], [83.309401, 17.7176291], [83.3093402, 17.7175736], [83.3091763, 17.7174475], [83.30884, 17.7171954], [83.3086869, 17.7170949], [83.3084102, 17.7169181], [83.3082953, 17.7168436], [83.3081364, 17.7167173], [83.3080655, 17.7166537], [83.3077665, 17.7163853], [83.3077181, 17.7163381], [83.3076672, 17.7162909], [83.3073748, 17.7160213], [83.3072941, 17.7159323], [83.3071388, 17.715744], [83.3068545, 17.7154298], [83.3067016, 17.7152663], [83.3065488, 17.7151091], [83.3063523, 17.714901], [83.3063069, 17.7148508], [83.3062148, 17.7147421], [83.306129, 17.7146607], [83.3061017, 17.7146379], [83.3060673, 17.7146135], [83.306007, 17.7145738], [83.3058943, 17.7144947], [83.3057977, 17.7144151], [83.3056703, 17.7142992], [83.305374, 17.7140144], [83.3052739, 17.7139163], [83.3050467, 17.7136937], [83.3049813, 17.7136302], [83.3048429, 17.7134905], [83.304621, 17.7132721], [83.3045396, 17.7131947], [83.3044667, 17.7131279], [83.3044164, 17.7130857], [83.3042456, 17.712955]]}}, {"type": "Feature", "properties": {"osm_id": 90800184, "highway": "secondary", "oneway": "yes"}, "geometry": {"type": "LineString", "coordinates": [[83.2985039, 17.7065159], [83.2982947, 17.7062605], [83.2982563, 17.706203], [83.2982381, 17.7061662], [83.2980263, 17.7057383], [83.297854, 17.7053216], [83.2977641, 17.7051056], [83.2975169, 17.7045113], [83.2970147, 17.7032934], [83.2964876, 17.7019762], [83.2962621, 17.7014355], [83.2961185, 17.7010419], [83.2959834, 17.7008001], [83.2958748, 17.7004914], [83.2958564, 17.7004392], [83.2957672, 17.7002529], [83.2955919, 17.6998627], [83.2953769, 17.6993842], [83.2952491, 17.6990353], [83.2950767, 17.6986188], [83.2950291, 17.6985032], [83.2948411, 17.6980461], [83.294764, 17.6978588], [83.2942083, 17.6968844], [83.2941015, 17.6966285], [83.2936601, 17.6958734], [83.2935684, 17.6957404], [83.2929934, 17.6954874], [83.2929133, 17.6954446], [83.2927058, 17.6953339], [83.292546, 17.6952718]]}}, {"type": "Feature", "properties": {"osm_id": 90800188, "highway": "tertiary", "name": "Jugde Court Road"}, "geometry": {"type": "LineString", "coordinates": [[83.3030847, 17.7128339], [83.3031275, 17.712936], [83.3035562, 17.7138052], [83.303591, 17.7138738]]}}, {"type": "Feature", "properties": {"osm_id": 90807986, "dual_carriageway": "yes", "highway": "primary", "lanes": "2", "maxspeed": "70", "maxspeed:type": "sign", "name": "Visakhapatnam - Anandapuram Main Road", "oneway": "yes", "ref:old": "NH5", "surface": "asphalt"}, "geometry": {"type": "LineString", "coordinates": [[83.352836, 17.7916318], [83.3527279, 17.7911836], [83.3526728, 17.7909163], [83.352623, 17.7906778], [83.3525992, 17.7904732], [83.3525592, 17.79022], [83.3525592, 17.7900468], [83.3525762, 17.789735], [83.3526206, 17.7895513], [83.3526854, 17.7893053], [83.352763, 17.7891182], [83.3528863, 17.7888736], [83.3530177, 17.7886932], [83.3532832, 17.7883888], [83.3534632, 17.7882176], [83.3538959, 17.7878062], [83.3543969, 17.7873414], [83.3546295, 17.7871418], [83.3550905, 17.7868207], [83.35544, 17.7866308], [83.355874, 17.7863587], [83.3560653, 17.7862231], [83.3562134, 17.7860914], [83.3562816, 17.7860307], [83.3564587, 17.7858275], [83.3566115, 17.785608], [83.3567466, 17.7853522], [83.3567772, 17.7852943], [83.3568597, 17.785138], [83.3573591, 17.784097], [83.3579911, 17.7827797], [83.3581336, 17.7824061], [83.3582416, 17.7821477], [83.3582655, 17.7820889], [83.3583322, 17.7818823], [83.3583718, 17.7817217], [83.358389, 17.7814698], [83.358389, 17.7812068], [83.3583662, 17.7809998], [83.3583083, 17.7807397], [83.3582089, 17.7804489], [83.358111, 17.7802424], [83.3579361, 17.7799818], [83.3576935, 17.7797113], [83.3575999, 17.7796259], [83.3573707, 17.7794596], [83.3571975, 17.7793511], [83.356968, 17.7792343], [83.356666, 17.7791304], [83.3563636, 17.7790548], [83.3559406, 17.7789836], [83.3547871, 17.7787896], [83.3544421, 17.7787315], [83.3540578, 17.7786603], [83.353805, 17.7786135], [83.3536644, 17.7785874], [83.3531737, 17.7785177], [83.352763, 17.7784331], [83.3524619, 17.7783275], [83.3522038, 17.7782126], [83.3517749, 17.7779954], [83.351392, 17.7777949], [83.35113, 17.7776458], [83.3508349, 17.777458], [83.3506274, 17.7772832], [83.3505144, 17.7771497], [83.3503958, 17.7769941], [83.3502517, 17.7767817], [83.3501652, 17.7766153], [83.3500802, 17.7764027], [83.3500304, 17.7761937], [83.3499947, 17.7759414], [83.3499772, 17.7753328], [83.3499995, 17.7748477], [83.3499927, 17.7744798], [83.3499549, 17.7742041], [83.3498871, 17.7739525], [83.3498211, 17.7737549], [83.3497285, 17.7735621], [83.3496187, 17.7733808], [83.349496, 17.7732096], [83.3492173, 17.7729251], [83.3489498, 17.7727052], [83.3479411, 17.771994], [83.3469962, 17.7713234], [83.3461691, 17.7707264], [83.3455962, 17.7702445], [83.3448689, 17.7695666], [83.3442846, 17.7690606], [83.3441198, 17.7689156], [83.3432952, 17.76819], [83.3428602, 17.7677632], [83.3425806, 17.7674544], [83.3424297, 17.7672551], [83.3422758, 17.7670367], [83.3418435, 17.7664314], [83.3417504, 17.7663011], [83.3414879, 17.7659385], [83.3412588, 17.7656535], [83.3409716, 17.7653406], [83.340445, 17.764862], [83.339958, 17.7644551], [83.3395114, 17.7640984], [83.3393024, 17.7639536], [83.3390503, 17.7637913], [83.3389864, 17.7637577]]}}, {"type": "Feature", "properties": {"osm_id": 90807992, "dual_carriageway": "yes", "highway": "primary", "lanes": "2", "maxspeed": "70", "maxspeed:type": "sign", "name": "Anakapalli - Visakhapatnam Road", "oneway": "yes", "ref:old": "NH5", "surface": "asphalt"}, "geometry": {"type": "LineString", "coordinates": [[83.2730409, 17.7357998], [83.2732735, 17.7356965], [83.2734816, 17.7356193], [83.2737166, 17.7355487], [83.2738071, 17.73553], [83.2739678, 17.7354967], [83.2744093, 17.735472], [83.2747929, 17.7354754], [83.2752487, 17.7354985], [83.2760485, 17.7355002], [83.2775291, 17.7354928], [83.277559, 17.7354924], [83.2786361, 17.7354796], [83.2789402, 17.735447], [83.2793651, 17.7353599], [83.2799857, 17.7352021], [83.280806, 17.7349474], [83.2822045, 17.7344726], [83.2822278, 17.7344647], [83.282562, 17.7344003], [83.2829123, 17.7343672], [83.2834217, 17.7343973], [83.2846531, 17.7345182], [83.2857448, 17.7346198], [83.2861702, 17.7346815], [83.2865316, 17.7348131], [83.2872382, 17.7351024], [83.2872922, 17.7351241], [83.2873176, 17.7351343], [83.2873869, 17.7351626], [83.2874254, 17.7351797], [83.2881003, 17.7354794], [83.2883211, 17.7355976], [83.2885692, 17.7357304], [83.2890786, 17.7361185], [83.2891283, 17.7361586], [83.2892946, 17.7362928], [83.290568, 17.7373454], [83.2908489, 17.7375473], [83.2910861, 17.7376906], [83.2911933, 17.7377553], [83.2914476, 17.7378747], [83.2915505, 17.737923], [83.2918662, 17.7380458], [83.2923077, 17.7382176], [83.294248, 17.7389726], [83.2943927, 17.7390289], [83.2944316, 17.7390441], [83.2945509, 17.7390905], [83.2945814, 17.7391022], [83.2946093, 17.7391129], [83.2960362, 17.739694], [83.297161, 17.740136], [83.2974717, 17.7402611], [83.297947, 17.740424], [83.2984044, 17.7405262], [83.2990142, 17.7406039], [83.2990978, 17.7406146], [83.2998888, 17.7406831], [83.2999505, 17.7406884], [83.3000267, 17.740695], [83.3000539, 17.7406971], [83.3004141, 17.7407243], [83.3004413, 17.7407242], [83.3010489, 17.7407227], [83.3011061, 17.7407226], [83.3012464, 17.7407223], [83.3016562, 17.7406365], [83.3020458, 17.7404919], [83.3023146, 17.7403584], [83.3023548, 17.7403385], [83.3027112, 17.74012], [83.3030833, 17.739771], [83.3032983, 17.7395693], [83.3034991, 17.739278], [83.3037901, 17.7389071], [83.3039418, 17.7387536], [83.3041184, 17.7385124], [83.3043254, 17.7383061], [83.3045246, 17.7381523], [83.3045654, 17.7381083], [83.3048067, 17.7379354], [83.3049044, 17.7378639], [83.3051139, 17.7377563], [83.3053122, 17.7376609], [83.3058393, 17.7374744], [83.3063778, 17.737302], [83.3068862, 17.7371408], [83.3069336, 17.7371295], [83.307613, 17.7368828], [83.3076382, 17.7368736]]}}, {"type": "Feature", "properties": {"osm_id": 90807995, "dual_carriageway": "yes", "highway": "primary", "lanes": "2", "name": "Beach Road", "oneway": "yes", "sidewalk": "separate", "surface": "asphalt"}, "geometry": {"type": "LineString", "coordinates": [[83.3367003, 17.7229867], [83.3374464, 17.7236242], [83.3380442, 17.7241172], [83.3381819, 17.7242307], [83.3382789, 17.7243229], [83.3383991, 17.724467], [83.3385171, 17.7247352], [83.3385582, 17.7248769], [83.3387066, 17.7253876], [83.3388383, 17.7258843], [83.3391139, 17.7267021], [83.339183, 17.7269827], [83.3395144, 17.72794], [83.3396359, 17.7282985], [83.3400126, 17.7295257], [83.3401272, 17.7301841]]}}, {"type": "Feature", "properties": {"osm_id": 90807998, "highway": "primary", "lanes": "2", "oneway": "yes", "ref": "SH144", "surface": "asphalt"}, "geometry": {"type": "LineString", "coordinates": [[83.3617985, 17.7646515], [83.362474, 17.7649828], [83.3626667, 17.7650732], [83.3631464, 17.7653], [83.3634952, 17.7655009], [83.3637937, 17.7657308], [83.3642417, 17.7660759], [83.3650138, 17.7666488], [83.3651343, 17.7667129], [83.365304, 17.7667593], [83.3653383, 17.7667726], [83.366248, 17.7671257], [83.3666235, 17.7672674], [83.3668767, 17.7673956], [83.3669615, 17.7674386], [83.3672431, 17.7676889], [83.3673194, 17.7677815], [83.3674537, 17.7679443], [83.3676956, 17.7682737], [83.3677407, 17.7683351], [83.3679821, 17.7687144], [83.3680427, 17.7687948], [83.3681872, 17.7689865], [83.3683079, 17.7691359], [83.3684233, 17.7692355], [83.3685574, 17.769293], [83.3687223, 17.7693198], [83.3687909, 17.7693233], [83.3690228, 17.7693351], [83.3692175, 17.7693475], [83.3692479, 17.7693502], [83.3695203, 17.7693747], [83.3696618, 17.7693926], [83.3697999, 17.7694245], [83.36993, 17.7694807], [83.3701614, 17.7697093], [83.3703942, 17.7700066], [83.3707367, 17.7703888], [83.3710237, 17.7707259], [83.3713482, 17.7711141], [83.3717881, 17.7715637], [83.3719732, 17.7717374], [83.3721958, 17.7719225], [83.3722883, 17.7719864], [83.3724855, 17.7720745], [83.3726692, 17.7721345], [83.3727281, 17.7721419], [83.3727588, 17.7721457], [83.3728637, 17.7721588], [83.3731024, 17.7721601], [83.3734243, 17.7721192], [83.3736134, 17.7720822], [83.3738332, 17.7720393], [83.3738749, 17.7720311], [83.3739037, 17.7720248], [83.3741444, 17.7719724], [83.3743657, 17.7719238], [83.3745615, 17.7719149], [83.3748284, 17.7719225], [83.3752777, 17.7720337], [83.375802, 17.7722252], [83.3762178, 17.7723785], [83.3764149, 17.7724398], [83.3764833, 17.772464], [83.3768924, 17.7726135], [83.3771016, 17.7727258], [83.3773832, 17.772957], [83.377516, 17.7730796], [83.3775455, 17.7731256], [83.3776353, 17.7732367], [83.3778699, 17.7736294], [83.378035, 17.7739059], [83.3783515, 17.7744269], [83.3785399, 17.7748535], [83.3786894, 17.7753618], [83.3787283, 17.7754959], [83.3787484, 17.7755712], [83.3788127, 17.7758115], [83.3789939, 17.7765546], [83.379077, 17.7770143], [83.3791836, 17.7774648]]}}, {"type": "Feature", "properties": {"osm_id": 90808002, "dual_carriageway": "yes", "highway": "primary", "name": "Station Road", "name:ur": "اسٹیشن روڈ", "oneway": "yes", "sidewalk": "separate", "surface": "asphalt"}, "geometry": {"type": "LineString", "coordinates": [[83.2964167, 17.7246097], [83.2955366, 17.7242951], [83.2947599, 17.7240084], [83.293874, 17.723686], [83.2938268, 17.7236688], [83.293361, 17.7235003], [83.2933598, 17.7234999], [83.2932419, 17.7234549], [83.293192, 17.7234383], [83.2931231, 17.7234138], [83.293078, 17.7233974], [83.2922717, 17.7231045], [83.2919041, 17.7229706], [83.2915025, 17.7228116], [83.2912798, 17.7227086], [83.291189, 17.7226535], [83.2911244, 17.722586], [83.2910927, 17.7225168], [83.2910746, 17.7224466], [83.2910722, 17.7223583], [83.2910951, 17.7222611], [83.2911821, 17.7220005], [83.2912165, 17.7219052], [83.2913221, 17.7216124], [83.2915396, 17.7210512], [83.2919359, 17.7200633], [83.2921605, 17.7194844], [83.2922495, 17.7192587], [83.292303, 17.7191221], [83.2923192, 17.7190807], [83.2923539, 17.7189534]]}}, {"type": "Feature", "properties": {"osm_id": 90808011, "highway": "primary", "name": "Kancharapalem Flyover", "oneway": "yes"}, "geometry": {"type": "LineString", "coordinates": [[83.2838349, 17.725956], [83.2837823, 17.7259858], [83.2837375, 17.72602], [83.2836773, 17.7260786]]}}, {"type": "Feature", "properties": {"osm_id": 90808020, "highway": "tertiary", "name": "75 Feet Road", "oneway": "yes"}, "geometry": {"type": "LineString", "coordinates": [[83.2970867, 17.7122551], [83.2970701, 17.7122392], [83.2969191, 17.712095], [83.296419, 17.7114945], [83.2959179, 17.7109173], [83.2957022, 17.7106823], [83.2954139, 17.7103367], [83.2950061, 17.7098623], [83.2941367, 17.7092142]]}}, {"type": "Feature", "properties": {"osm_id": 90808024, "dual_carriageway": "yes", "highway": "primary", "lanes": "2", "maxspeed": "70", "maxspeed:type": "sign", "name": "Visakhapatnam - Anandapuram Main Road", "oneway": "yes", "ref:old": "NH5", "surface": "asphalt"}, "geometry": {"type": "LineString", "coordinates": [[83.328815, 17.7468743], [83.328903, 17.7469399], [83.3290838, 17.7469921], [83.329245, 17.7470319], [83.3293812, 17.7470571], [83.3295486, 17.7470842], [83.3297558, 17.7471178], [83.3299369, 17.7471394], [83.3302943, 17.7471934], [83.3306395, 17.7472907], [83.3308371, 17.7474011], [83.3310145, 17.7475246], [83.3310626, 17.747562], [83.3311606, 17.7476384], [83.3312599, 17.7477551], [83.3313796, 17.7478956], [83.3315038, 17.7480804], [83.3316263, 17.7483126], [83.3316878, 17.7485684], [83.3317055, 17.7487478], [83.3317484, 17.749184], [83.3317869, 17.749868], [83.3317906, 17.7499334], [83.331846, 17.7503376], [83.3318947, 17.7506925], [83.3319135, 17.7508294], [83.3320172, 17.7517673], [83.3320994, 17.7524576], [83.3321638, 17.7529377], [83.3322677, 17.7536749], [83.3322938, 17.7538211], [83.3323082, 17.7539012]]}}, {"type": "Feature", "properties": {"osm_id": 90808026, "highway": "tertiary"}, "geometry": {"type": "LineString", "coordinates": [[83.2925683, 17.7177255], [83.2926587, 17.7177111], [83.2927802, 17.7176887], [83.2929108, 17.7176326], [83.2929998, 17.7175794], [83.2930888, 17.7175191], [83.2931578, 17.7174779], [83.2932406, 17.717418], [83.2933064, 17.7173659], [83.2933787, 17.7172938], [83.293451, 17.7171971], [83.2934958, 17.7171062], [83.29352, 17.7170385], [83.2935667, 17.7168559], [83.2936304, 17.7164977], [83.2936462, 17.7164008], [83.2936653, 17.7163212], [83.2937166, 17.7161073], [83.2938295, 17.7156982], [83.2940998, 17.7148314], [83.2941329, 17.7147254], [83.2941539, 17.7146624], [83.2941842, 17.7145712], [83.2941935, 17.7145433], [83.2942396, 17.7144047], [83.2942508, 17.714368], [83.2942941, 17.7142265], [83.2943229, 17.7141294], [83.2943534, 17.7140388], [83.2944063, 17.7138818], [83.2944382, 17.7137742], [83.2944964, 17.7135775], [83.2945078, 17.7135322], [83.2945356, 17.7134222], [83.294546, 17.7132974], [83.2945388, 17.7131983], [83.2945384, 17.7131919]]}}, {"type": "Feature", "properties": {"osm_id": 90808031, "highway": "primary", "name": "Rednam Gardens Road", "oneway": "yes"}, "geometry": {"type": "LineString", "coordinates": [[83.3094247, 17.7178365], [83.3086564, 17.7183015], [83.3083929, 17.7184627], [83.3081429, 17.7186157], [83.3080434, 17.7186818], [83.3079845, 17.7187349], [83.3079086, 17.7188241], [83.3078416, 17.7189404], [83.3076793, 17.7192367], [83.3075915, 17.7193872], [83.3075425, 17.719445], [83.3074754, 17.7194795], [83.3072338, 17.7195289], [83.3069886, 17.7195858], [83.3066186, 17.7197296], [83.3064172, 17.7198285]]}}, {"type": "Feature", "properties": {"osm_id": 90808032, "highway": "secondary", "oneway": "yes"}, "geometry": {"type": "LineString", "coordinates": [[83.292546, 17.6952718], [83.2925389, 17.6956464], [83.2925315, 17.6960343], [83.292695, 17.6969853], [83.2927132, 17.6971681], [83.2928542, 17.6975812], [83.2929769, 17.6981986], [83.2929908, 17.6984551], [83.2930428, 17.6988582], [83.2932242, 17.6993258], [83.2936354, 17.7001738], [83.2938539, 17.7006602], [83.2947584, 17.7026736], [83.2949734, 17.7032168], [83.2952295, 17.7039475], [83.295754, 17.7051842], [83.2960551, 17.7058268], [83.2963193, 17.7063915], [83.2963626, 17.7064605], [83.2964376, 17.7065855], [83.2971498, 17.7077732], [83.2973907, 17.7080328], [83.2977756, 17.7084094], [83.2982387, 17.708895], [83.2984889, 17.7092787], [83.2985753, 17.7094845], [83.299077, 17.7104946], [83.299217, 17.7107765]]}}, {"type": "Feature", "properties": {"osm_id": 90821547, "highway": "secondary", "name": "Chitralaya Road", "oneway": "yes"}, "geometry": {"type": "LineString", "coordinates": [[83.2989151, 17.7132261], [83.2989634, 17.7131807], [83.299071, 17.7131105], [83.2991734, 17.7130487], [83.29943, 17.712908], [83.3000933, 17.712681]]}}, {"type": "Feature", "properties": {"osm_id": 90821548, "highway": "secondary", "maxspeed": "50", "name": "Thatichetlapalem Road", "oneway": "yes", "surface": "asphalt"}, "geometry": {"type": "LineString", "coordinates": [[83.2916845, 17.7271631], [83.2917267, 17.7270829], [83.2917691, 17.7269991], [83.2918337, 17.7268791], [83.2919589, 17.7265936], [83.2920438, 17.7263983], [83.292292, 17.7258318], [83.2924287, 17.7254932], [83.2926045, 17.7250815], [83.2932168, 17.7236555], [83.2932177, 17.7236531], [83.2932478, 17.7235725]]}}, {"type": "Feature", "properties": {"osm_id": 90821564, "highway": "secondary", "lanes": "2", "name": "Akkayyapalem Road", "oneway": "yes", "surface": "asphalt"}, "geometry": {"type": "LineString", "coordinates": [[83.3000403, 17.7402436], [83.3000518, 17.7385325], [83.3000555, 17.7384692], [83.3000549, 17.7372987], [83.3000355, 17.7366651], [83.3000262, 17.7362181], [83.2999944, 17.7353681], [83.299977, 17.7353084], [83.2999609, 17.7352299], [83.2999247, 17.7351365]]}}, {"type": "Feature", "properties": {"osm_id": 90821569, "highway": "tertiary"}, "geometry": {"type": "LineString", "coordinates": [[83.30772, 17.708452], [83.3076499, 17.7083519], [83.3072813, 17.7078173], [83.3067982, 17.7072731], [83.3065021, 17.7068994], [83.3064444, 17.7068255], [83.3061154, 17.7061637], [83.3057812, 17.7058239], [83.305196, 17.7053073], [83.3047507, 17.704743], [83.30446, 17.7044498], [83.3044, 17.7043797], [83.3043584, 17.7043557], [83.3043108, 17.7043281], [83.3041173, 17.7042159], [83.303977, 17.7041345], [83.303924, 17.7040897], [83.3035518, 17.7037751]]}}, {"type": "Feature", "properties": {"osm_id": 90821585, "highway": "tertiary"}, "geometry": {"type": "LineString", "coordinates": [[83.3162189, 17.721272], [83.3163617, 17.7212631], [83.3167511, 17.7212283], [83.3170764, 17.7211874], [83.3174021, 17.7211201], [83.3180231, 17.720988], [83.3184136, 17.7209299], [83.318581, 17.720905], [83.3188038, 17.7209179], [83.3190154, 17.7209511], [83.3193571, 17.7210079]]}}, {"type": "Feature", "properties": {"osm_id": 90821606, "highway": "secondary", "name": "Gurudwara Junction - Dwarakanagar Road", "oneway": "yes"}, "geometry": {"type": "LineString", "coordinates": [[83.3076947, 17.736725], [83.3076506, 17.736624], [83.3076038, 17.736491], [83.3075076, 17.7362711], [83.3074221, 17.7359955], [83.307351, 17.7355005], [83.3072863, 17.7350367], [83.3072483, 17.7346604], [83.307214, 17.7343833], [83.3071797, 17.7340567], [83.3071755, 17.7340163], [83.3071304, 17.7336363], [83.307094, 17.7333189], [83.3070335, 17.732783], [83.3069657, 17.7322595], [83.3069599, 17.7322156], [83.3069516, 17.7321519], [83.3068932, 17.7317526], [83.3068719, 17.7315301], [83.3067715, 17.7304679], [83.3067641, 17.7303933], [83.3067544, 17.7303147], [83.306687, 17.7297664], [83.3066734, 17.7296562], [83.3066579, 17.7295374], [83.3066419, 17.7294147], [83.3066112, 17.729157], [83.306601, 17.7290711], [83.3065788, 17.7288594], [83.3065725, 17.7287956], [83.3065428, 17.7284952], [83.3064858, 17.7279103], [83.3064265, 17.7273915], [83.3063473, 17.7266868], [83.306341, 17.7266308], [83.3063318, 17.7265492], [83.3063217, 17.7264612], [83.3062384, 17.7257384], [83.3061699, 17.7250342], [83.3061638, 17.7248735], [83.3061625, 17.7248403]]}}, {"type": "Feature", "properties": {"osm_id": 90821619, "highway": "tertiary", "oneway": "yes"}, "geometry": {"type": "LineString", "coordinates": [[83.3125697, 17.7145541], [83.3124883, 17.7137633], [83.3124567, 17.7135119], [83.3124228, 17.7133183], [83.3123783, 17.7131359], [83.3123382, 17.7130216], [83.3122334, 17.7127974], [83.3120156, 17.7124024], [83.3118282, 17.7120747], [83.3117338, 17.7118955], [83.3116527, 17.7116659], [83.3115653, 17.7114128], [83.3115115, 17.7112606], [83.3115001, 17.7112076], [83.3113841, 17.7109208], [83.3112535, 17.7106467], [83.3111752, 17.710468], [83.3111547, 17.7104233]]}}, {"type": "Feature", "properties": {"osm_id": 90825248, "highway": "primary", "oneway": "yes"}, "geometry": {"type": "LineString", "coordinates": [[83.2660836, 17.7177535], [83.2633484, 17.7194624], [83.262621, 17.7198349], [83.2619258, 17.7200797], [83.2613413, 17.7201692], [83.2607783, 17.7201591], [83.2602411, 17.720059], [83.2601069, 17.7200223], [83.2600281, 17.7200007], [83.2596126, 17.7198869], [83.2588397, 17.7194523], [83.2571223, 17.7182542], [83.2565215, 17.7179631], [83.256138, 17.7178213], [83.2558134, 17.7177204], [83.2554057, 17.7176181], [83.2547995, 17.7175364], [83.2539037, 17.7175159], [83.2528469, 17.7176028], [83.2516503, 17.717715], [83.2514941, 17.7177296], [83.2469273, 17.7181576], [83.2427249, 17.7185194], [83.2417372, 17.7186044], [83.2410505, 17.7186044], [83.2402405, 17.7184715], [83.2394198, 17.7182262], [83.2388029, 17.7179196], [83.238261, 17.7175824], [83.2376173, 17.7170816], [83.2370862, 17.7164684], [83.2366842, 17.71588], [83.2364424, 17.7154888]]}}, {"type": "Feature", "properties": {"osm_id": 90829910, "highway": "tertiary"}, "geometry": {"type": "LineString", "coordinates": [[83.2902775, 17.6821811], [83.2904009, 17.6821853], [83.2904714, 17.6822085], [83.2905613, 17.6822622], [83.2906223, 17.6822744], [83.2907002, 17.6822761], [83.2908791, 17.682252], [83.2909543, 17.6822323], [83.2910117, 17.682199], [83.2910367, 17.6821657], [83.2910708, 17.6821198], [83.2911466, 17.6819812], [83.2911754, 17.6818904], [83.2911898, 17.6817808], [83.2912081, 17.681243], [83.2912284, 17.6811072], [83.2913313, 17.6806811], [83.2913423, 17.6806165], [83.2913366, 17.6805604], [83.2913065, 17.6805111], [83.2910907, 17.6802979], [83.2909141, 17.6801236], [83.2903418, 17.6796337], [83.2903115, 17.6796019], [83.2902967, 17.6795703], [83.2902965, 17.6795213], [83.290306, 17.6794916], [83.2903255, 17.6794648], [83.2903508, 17.6794531], [83.2907376, 17.6793392], [83.2907849, 17.6793169], [83.2908213, 17.6792895], [83.2908469, 17.679262], [83.2908603, 17.6792422], [83.2908673, 17.6792158], [83.2908648, 17.6791822], [83.2907458, 17.6788376], [83.2906027, 17.6784037], [83.2905848, 17.6783185], [83.2905393, 17.6779695], [83.2905307, 17.6778775], [83.2905234, 17.6778035], [83.2905268, 17.677713], [83.2905885, 17.6773482], [83.2905866, 17.6773053], [83.2905764, 17.6772591], [83.2903971, 17.6766527], [83.2903763, 17.676595], [83.2903333, 17.6765093], [83.2902999, 17.676476], [83.2902559, 17.6764461], [83.2891563, 17.675913], [83.2889452, 17.675799], [83.288576, 17.6755984], [83.2881649, 17.6753578], [83.2879556, 17.6752199], [83.2872742, 17.6747443], [83.2862627, 17.6740098], [83.2859038, 17.6737912], [83.2858299, 17.6737557], [83.2857417, 17.6737274], [83.2852749, 17.6735933], [83.284943, 17.6735194], [83.2847317, 17.6734787], [83.2845946, 17.67345], [83.2827384, 17.6730934], [83.281193, 17.6727896], [83.2810975, 17.672779], [83.2809561, 17.6727811], [83.2807658, 17.6728057], [83.2802258, 17.6729254], [83.280145, 17.6729411], [83.2800154, 17.6729541]]}}, {"type": "Feature", "properties": {"osm_id": 90829914, "cycleway:both": "shoulder", "highway": "tertiary", "lane_markings": "yes", "lanes": "2", "name": "Yarada Beach Road", "smoothness": "excellent", "surface": "asphalt"}, "geometry": {"type": "LineString", "coordinates": [[83.2800154, 17.6729541], [83.2799681, 17.6730323], [83.2799277, 17.673085], [83.2798873, 17.6731377], [83.2795944, 17.6734871], [83.2794436, 17.6736689], [83.2794321, 17.6736821]]}}, {"type": "Feature", "properties": {"osm_id": 90829922, "highway": "tertiary"}, "geometry": {"type": "LineString", "coordinates": [[83.2730734, 17.6581359], [83.2732719, 17.6581078], [83.2733658, 17.6581052], [83.2734067, 17.6581132], [83.2734435, 17.6581238], [83.2737895, 17.6582542], [83.2739666, 17.6583174], [83.274103, 17.6583692], [83.274259, 17.6584273], [83.274309, 17.6584451], [83.2744817, 17.6584833], [83.2747444, 17.6585346], [83.2749896, 17.6585656], [83.2751977, 17.658578], [83.2752809, 17.6585915], [83.2753403, 17.6586011], [83.275411, 17.6586216], [83.2755303, 17.6586854], [83.2755905, 17.6587428], [83.2757897, 17.6590039], [83.275893, 17.6591335], [83.2759674, 17.65923], [83.2760989, 17.6593955], [83.2761909, 17.659507], [83.2763551, 17.6596896], [83.2764959, 17.659856], [83.2766548, 17.660044], [83.276812, 17.6602303], [83.2768889, 17.6603189], [83.2769584, 17.6604139], [83.2769834, 17.6604548], [83.2770107, 17.6605024], [83.2770767, 17.6606316], [83.2771343, 17.6607851], [83.2772036, 17.6609626], [83.2772461, 17.6610862], [83.277294, 17.6611985], [83.2773516, 17.6613148], [83.2774109, 17.661411], [83.2774578, 17.6614698], [83.2779297, 17.6619631], [83.2780631, 17.6621026], [83.2781249, 17.6621885], [83.2781795, 17.6622896], [83.2782813, 17.6626108], [83.2783217, 17.6627588], [83.2783755, 17.6630095], [83.2783842, 17.6631342], [83.2784035, 17.663259], [83.2784349, 17.6634627], [83.2784476, 17.6635447], [83.2784806, 17.663686], [83.2785089, 17.6637684], [83.278568, 17.6639406], [83.2786543, 17.6641922], [83.2786909, 17.6642987], [83.278709, 17.6643704], [83.2787121, 17.6644609], [83.2787277, 17.6649472], [83.2787494, 17.6651132], [83.2787745, 17.6652286], [83.2787999, 17.665298], [83.2788283, 17.6653509], [83.2788744, 17.6654075], [83.2791578, 17.6656379], [83.2791884, 17.6656906], [83.2791878, 17.6657423], [83.2791594, 17.665793], [83.2790892, 17.665831], [83.2787758, 17.6659182], [83.2787317, 17.665957], [83.2787181, 17.6659936], [83.2787413, 17.6660293], [83.2791541, 17.6661208], [83.2796153, 17.6662939], [83.2798651, 17.6664364], [83.2799581, 17.6664732], [83.2803234, 17.6665771], [83.2804034, 17.6665908], [83.2804955, 17.666595], [83.2805488, 17.666596], [83.2808125, 17.6665754], [83.2808731, 17.6665768], [83.280942, 17.6665895], [83.280978, 17.6666041], [83.2810734, 17.6666471], [83.2811123, 17.6666523], [83.2811651, 17.6666521], [83.2811924, 17.6666441], [83.2812043, 17.666627], [83.2812128, 17.6665499], [83.2812216, 17.6665201], [83.2812336, 17.6664922], [83.2812547, 17.6664713], [83.2812929, 17.666463], [83.2813371, 17.6664828], [83.2813753, 17.6665063], [83.2814823, 17.6665993], [83.2816424, 17.6668077], [83.2816883, 17.6668557], [83.281943, 17.6670593], [83.281981, 17.6671117], [83.2820035, 17.667173], [83.2820076, 17.6672413], [83.282001, 17.6673393], [83.281992, 17.6673865], [83.2819462, 17.6675282], [83.2819141, 17.6676275], [83.2818819, 17.667778], [83.2818496, 17.6679142], [83.2818282, 17.6680727], [83.2817715, 17.6683007], [83.2817512, 17.6685967], [83.2817403, 17.6686576], [83.2817151, 17.6687034], [83.2816597, 17.6687638], [83.2816002, 17.6687934], [83.2815437, 17.6687986], [83.28144, 17.6687969], [83.2813848, 17.6688062], [83.2813272, 17.6688289], [83.2812847, 17.6688618], [83.2812268, 17.6689202], [83.2811549, 17.6690126], [83.2807097, 17.6698591], [83.2804054, 17.6703503], [83.2802548, 17.6705848], [83.2802294, 17.6706376], [83.2802142, 17.6706789], [83.2802163, 17.6707073], [83.2802211, 17.6707433], [83.2802375, 17.670767], [83.2802791, 17.6707996], [83.2803333, 17.6708209], [83.2805899, 17.6708281], [83.2806444, 17.6708492], [83.2806934, 17.6708968], [83.2807137, 17.6709439], [83.2807158, 17.6709944], [83.2807134, 17.6710685], [83.2806462, 17.6713976], [83.2806205, 17.6714592], [83.2804388, 17.6717452], [83.280309, 17.6719531], [83.2802564, 17.6720672], [83.2802154, 17.6721899], [83.2801609, 17.6723922], [83.2800154, 17.6729541]]}}, {"type": "Feature", "properties": {"osm_id": 90838861, "highway": "tertiary"}, "geometry": {"type": "LineString", "coordinates": [[83.2870917, 17.7049991], [83.2885511, 17.7042446], [83.2897031, 17.703997], [83.2913844, 17.7036688]]}}, {"type": "Feature", "properties": {"osm_id": 90838866, "highway": "tertiary"}, "geometry": {"type": "LineString", "coordinates": [[83.2609813, 17.7277208], [83.2610573, 17.7276839], [83.2611207, 17.7276529], [83.2613489, 17.727547], [83.2615906, 17.7274336], [83.2616948, 17.7273745], [83.2617946, 17.7272993], [83.2619474, 17.7271565], [83.2624336, 17.7266823], [83.2626987, 17.7264099], [83.2631558, 17.7259471], [83.2634062, 17.7257378], [83.2636073, 17.7255909], [83.2638813, 17.7254408], [83.2639178, 17.7254216], [83.2642524, 17.7252453], [83.2643706, 17.7251837], [83.2645705, 17.7250796], [83.2649195, 17.7249051], [83.2651719, 17.7248102], [83.2665007, 17.7243743], [83.2669834, 17.7242135], [83.267453, 17.724057], [83.2675852, 17.7239918], [83.2676619, 17.7239324], [83.2677168, 17.7238724], [83.2677701, 17.7237957], [83.2677967, 17.7237104], [83.2677864, 17.7236075], [83.267633, 17.7232291]]}}, {"type": "Feature", "properties": {"osm_id": 90838867, "highway": "tertiary", "oneway": "yes"}, "geometry": {"type": "LineString", "coordinates": [[83.2870917, 17.7049991], [83.2870322, 17.7050115], [83.28696, 17.7050511], [83.2869217, 17.7050923], [83.2869032, 17.7051372], [83.2869025, 17.7051807], [83.2869185, 17.7052605], [83.2880452, 17.7071519]]}}, {"type": "Feature", "properties": {"osm_id": 90838868, "highway": "tertiary"}, "geometry": {"type": "LineString", "coordinates": [[83.293941, 17.6926389], [83.2933268, 17.691839], [83.2923795, 17.6905825], [83.2920501, 17.6899583], [83.2919401, 17.6898382], [83.2918033, 17.6897794], [83.2913581, 17.6896593], [83.2898292, 17.6895341], [83.2894215, 17.689713], [83.2892096, 17.6898816], [83.2890165, 17.6901525], [83.2889011, 17.6904464], [83.2888459, 17.6908558], [83.288892, 17.6911126]]}}, {"type": "Feature", "properties": {"osm_id": 90989975, "dual_carriageway": "yes", "highway": "primary", "lanes": "2", "maxspeed": "70", "maxspeed:type": "sign", "name": "Anakapalli - Visakhapatnam - Anandapuram Main Road", "oneway": "yes", "ref:old": "NH5", "surface": "asphalt"}, "geometry": {"type": "LineString", "coordinates": [[83.2364147, 17.7440699], [83.2365753, 17.7442545], [83.2367776, 17.7445087], [83.2369038, 17.7446939], [83.2369625, 17.7447667], [83.2372305, 17.7450761], [83.2374392, 17.7453362], [83.2377192, 17.7456851], [83.2377382, 17.7457088], [83.2377688, 17.7457508], [83.2378375, 17.7458305], [83.2380813, 17.7461132], [83.2383263, 17.7463304], [83.2387083, 17.7465971], [83.2391365, 17.7468271], [83.2394403, 17.7469489], [83.241133, 17.7473955], [83.2417007, 17.7475199], [83.2420913, 17.7475734], [83.2425617, 17.7476085], [83.242852, 17.7475993], [83.24325, 17.7475867], [83.2435093, 17.7475785], [83.2440251, 17.7475621], [83.2441726, 17.7475576], [83.2452841, 17.7475241], [83.2456678, 17.7475125], [83.2459986, 17.7475025], [83.2465265, 17.7474866], [83.2465774, 17.747478], [83.2466559, 17.7474761], [83.2478344, 17.7474479], [83.2478618, 17.7474445], [83.2480746, 17.7474184], [83.2484074, 17.747345], [83.2486081, 17.7472795], [83.2487245, 17.7472441], [83.2489254, 17.7471831], [83.2499169, 17.7468172], [83.2513116, 17.7462565], [83.2513526, 17.7462411], [83.2521549, 17.7459386], [83.2521669, 17.7459341], [83.2530352, 17.7456179], [83.2533132, 17.7455167], [83.2533798, 17.7454945], [83.2536951, 17.7453894], [83.2540667, 17.7452656], [83.2541498, 17.7452376], [83.2542312, 17.7452102], [83.2543033, 17.7451877], [83.2552975, 17.7448774], [83.2560105, 17.744648], [83.2560699, 17.7446289], [83.2569182, 17.7443613], [83.2577095, 17.7441071], [83.2588095, 17.7437537], [83.2591653, 17.7436394], [83.2594791, 17.7435386], [83.2599265, 17.7433948], [83.2600486, 17.7433556], [83.26017, 17.7433163], [83.2609074, 17.7430777], [83.2615149, 17.7428573], [83.2617907, 17.742727], [83.2620789, 17.7425705], [83.2637042, 17.7415577], [83.2637495, 17.7415295], [83.263994, 17.7413708], [83.2643603, 17.7411262], [83.2651725, 17.7405702], [83.2654598, 17.7403736], [83.2658137, 17.7401384], [83.2660987, 17.7399639], [83.2662044, 17.7399028], [83.2668054, 17.7395553], [83.2669661, 17.7394644], [83.267368, 17.7392373], [83.2674742, 17.7391772], [83.2676069, 17.7391022], [83.267624, 17.7390926], [83.2680403, 17.7388594], [83.2680978, 17.7388272], [83.2681728, 17.7387852], [83.2691319, 17.7382479], [83.2691432, 17.7382416], [83.2698687, 17.7377878], [83.2700553, 17.7376698], [83.270394, 17.7374557], [83.2706234, 17.7373107], [83.2710432, 17.7370441], [83.271211, 17.7369375], [83.2712648, 17.7369032], [83.2720661, 17.7363917], [83.2727226, 17.7359796], [83.2730409, 17.7357998]]}}, {"type": "Feature", "properties": {"osm_id": 97972109, "highway": "secondary", "name": "Sheela Nagar Road", "ref": "NH516C", "source": "Bing"}, "geometry": {"type": "LineString", "coordinates": [[83.2037805, 17.7182507], [83.203704, 17.7182452], [83.2036004, 17.7182543], [83.2035253, 17.7182665], [83.2027109, 17.7184734], [83.202504, 17.718526], [83.2022472, 17.7185913], [83.2020044, 17.7186579], [83.2015943, 17.7187412], [83.2015163, 17.7187623], [83.201442, 17.7187883], [83.2013821, 17.71882], [83.2010647, 17.7190464], [83.2010394, 17.7190657], [83.2009244, 17.7191531], [83.2008343, 17.7192231], [83.2007603, 17.7192959], [83.2006989, 17.7193766], [83.200614, 17.7195335], [83.2005892, 17.7195823], [83.2005501, 17.7196595], [83.2004793, 17.7197492], [83.2004282, 17.7197925], [83.2003624, 17.7198219], [83.2000141, 17.7199377], [83.1999114, 17.7199719], [83.1998315, 17.7199984], [83.1996146, 17.7200706], [83.1992252, 17.7202], [83.1989042, 17.720301], [83.1986101, 17.7204083], [83.1984356, 17.7204745], [83.1982353, 17.720553], [83.1981752, 17.7205679], [83.1980997, 17.720577], [83.1980047, 17.7205786], [83.1979331, 17.720565], [83.1978733, 17.7205467], [83.1978069, 17.7205142], [83.1977436, 17.7204706], [83.1975888, 17.720327], [83.1975349, 17.7202754]]}}, {"type": "Feature", "properties": {"osm_id": 97972110, "highway": "tertiary", "source": "Bing"}, "geometry": {"type": "LineString", "coordinates": [[83.1974037, 17.7199976], [83.197274, 17.7198993], [83.1971875, 17.7198325], [83.1967109, 17.7194657], [83.1964584, 17.7192951], [83.1960466, 17.719025], [83.1956059, 17.7187437], [83.1954266, 17.7186292], [83.1952338, 17.7184999], [83.1948141, 17.7182301], [83.1943598, 17.717931], [83.1942887, 17.7178769], [83.194246, 17.7178126], [83.1942328, 17.7177318], [83.1942427, 17.7175209], [83.1942393, 17.717375], [83.1942879, 17.7169137], [83.194306, 17.7166392], [83.194391, 17.7158323], [83.1944223, 17.715753], [83.1944617, 17.7156951], [83.1945308, 17.7156073], [83.1946708, 17.7154893], [83.1947844, 17.7154501]]}}, {"type": "Feature", "properties": {"osm_id": 97972116, "highway": "secondary", "ref": "NH516C", "source": "Bing"}, "geometry": {"type": "LineString", "coordinates": [[83.1975349, 17.7202754], [83.1974574, 17.7202486], [83.1973753, 17.720235], [83.1972856, 17.7202388], [83.1971887, 17.7202481], [83.197102, 17.7202816], [83.1969953, 17.7203573]]}}, {"type": "Feature", "properties": {"osm_id": 97972120, "highway": "secondary", "ref": "NH516C", "source": "Bing"}, "geometry": {"type": "LineString", "coordinates": [[83.1968056, 17.7205681], [83.1967355, 17.7206164], [83.1966905, 17.7206273], [83.1966215, 17.720638], [83.1965605, 17.7206349], [83.1963747, 17.7206172], [83.196297, 17.7206147], [83.1962308, 17.7206164], [83.1961548, 17.7206227], [83.1950291, 17.7208312], [83.1947661, 17.7208798], [83.1945657, 17.7209169], [83.194121, 17.7209993], [83.1940425, 17.7210115], [83.1935915, 17.7210818], [83.1933092, 17.7211258], [83.1932144, 17.7211406], [83.1931266, 17.7211418], [83.1930865, 17.7211319], [83.1930254, 17.7211062], [83.1929973, 17.7210837], [83.1929767, 17.721049], [83.1929578, 17.7210103], [83.1927383, 17.7200927], [83.1927079, 17.7200305], [83.1926368, 17.7199271], [83.1925746, 17.7198644], [83.1924977, 17.7198095], [83.1924609, 17.7197888], [83.1924102, 17.7197633], [83.1923544, 17.7197574], [83.1922133, 17.7197725], [83.1921351, 17.7197961], [83.1920122, 17.7198453], [83.1919031, 17.7198891]]}}, {"type": "Feature", "properties": {"osm_id": 97972131, "highway": "secondary", "ref": "NH516C", "source": "Bing"}, "geometry": {"type": "LineString", "coordinates": [[83.1914422, 17.7200663], [83.1913645, 17.7200903], [83.1912168, 17.7201456], [83.1911829, 17.7201679], [83.1911434, 17.7202037], [83.1911115, 17.7202499], [83.1910939, 17.7202984], [83.1910869, 17.7203582], [83.1910906, 17.7204077], [83.1911025, 17.7204589], [83.1911344, 17.7205574], [83.1913359, 17.7210055], [83.1913944, 17.7211912], [83.1913983, 17.7213397], [83.1913754, 17.7213942], [83.191317, 17.721448], [83.1912522, 17.7214639], [83.1908902, 17.7215263], [83.190676, 17.7215556], [83.1902229, 17.7215987], [83.1900684, 17.7216315], [83.1899209, 17.721665], [83.1898266, 17.7217035], [83.1896857, 17.721778], [83.1894985, 17.7218492], [83.1892584, 17.7219667], [83.188826, 17.7222159], [83.1883408, 17.7223883], [83.1880338, 17.7224617], [83.1875199, 17.7225116], [83.1868751, 17.7225742], [83.1867505, 17.7226048], [83.1866702, 17.7226506], [83.1865997, 17.722715], [83.1865639, 17.7227978], [83.1865039, 17.7245122], [83.1864307, 17.7251542], [83.1863999, 17.7254476], [83.1863267, 17.7255723]]}}, {"type": "Feature", "properties": {"osm_id": 97972166, "bridge": "yes", "dual_carriageway": "yes", "highway": "primary", "lanes": "2", "layer": "1", "name": "Anakapalli - Visakhapatnam - Anandapuram Main Road Flyover", "oneway": "yes", "ref:old": "NH5", "source": "Bing", "surface": "asphalt"}, "geometry": {"type": "LineString", "coordinates": [[83.2353441, 17.7425058], [83.2352856, 17.7424339], [83.234854, 17.7418143], [83.2346836, 17.7415834], [83.2344585, 17.7412427]]}}, {"type": "Feature", "properties": {"osm_id": 97975050, "dual_carriageway": "yes", "highway": "primary", "lanes": "2", "maxspeed": "70", "maxspeed:type": "sign", "name": "Anakapalli - Visakhapatnam - Anandapuram Main Road", "oneway": "yes", "ref:old": "NH5", "surface": "asphalt"}, "geometry": {"type": "LineString", "coordinates": [[83.2729895, 17.7356928], [83.2721636, 17.7362036], [83.2718525, 17.736396], [83.2716211, 17.73654], [83.2712029, 17.7368068], [83.2711539, 17.7368381], [83.2709754, 17.7369513], [83.2690912, 17.7381461], [83.2690736, 17.738156], [83.2687997, 17.7383092], [83.2685473, 17.7384505], [83.2681144, 17.7386927], [83.2680381, 17.7387354], [83.2679834, 17.738766], [83.2676961, 17.7389268], [83.2673965, 17.7390944], [83.2669047, 17.7393694], [83.2667397, 17.7394617], [83.2663031, 17.7397077], [83.2661412, 17.7398051], [83.2658771, 17.7399638], [83.2654142, 17.7402748], [83.2651092, 17.7404808], [83.2643836, 17.7409709], [83.2641962, 17.7410974], [83.263821, 17.7413546], [83.2633929, 17.741622], [83.2623702, 17.7422553], [83.2620363, 17.7424558], [83.2617871, 17.7425908], [83.2615795, 17.7426943], [83.2614264, 17.7427586], [83.2612308, 17.7428365], [83.2612061, 17.7428456], [83.2610142, 17.7429163], [83.2608488, 17.7429694], [83.2606, 17.7430492], [83.2601305, 17.7431999], [83.260008, 17.7432392], [83.2598869, 17.7432784], [83.2576862, 17.743991], [83.2576739, 17.743995], [83.2569023, 17.7442442], [83.2559754, 17.7445353], [83.2553535, 17.7447307], [83.2553273, 17.7447389], [83.2549923, 17.7448452], [83.2547423, 17.7449245], [83.254267, 17.7450753], [83.2541959, 17.7450978], [83.2541125, 17.7451256], [83.2533527, 17.7453788], [83.252722, 17.7456107], [83.252114, 17.7458407], [83.2518079, 17.7459565], [83.2513159, 17.7461401], [83.2512061, 17.746181], [83.2498958, 17.7467291], [83.2490899, 17.746994], [83.2488759, 17.7470754], [83.2487174, 17.747129], [83.248442, 17.7472056], [83.2481572, 17.7472775], [83.2478465, 17.7473163], [83.2477411, 17.7473295], [83.2466563, 17.7473674], [83.2466404, 17.747368], [83.246528, 17.747375], [83.2465039, 17.7473765], [83.2463594, 17.7473779], [83.2463226, 17.7473784], [83.2443757, 17.7474629], [83.2441726, 17.7474666], [83.244032, 17.7474692], [83.2431609, 17.7474853], [83.2430913, 17.7474883], [83.2425747, 17.7475109], [83.242159, 17.7474815], [83.2415783, 17.7473958], [83.2415443, 17.7473876], [83.2407699, 17.7472013], [83.2404092, 17.7471091], [83.2403396, 17.7470937], [83.240124, 17.7470459], [83.2399296, 17.7469814], [83.239464, 17.7468271], [83.2391761, 17.7467254], [83.2389297, 17.7466037], [83.2385036, 17.7463364], [83.238228, 17.7460795], [83.2380167, 17.7458583], [83.2379216, 17.745766], [83.2378628, 17.7457089], [83.2378228, 17.7456578], [83.2377959, 17.7456259], [83.2375653, 17.7453529], [83.2375136, 17.7452863], [83.2370701, 17.744715], [83.2368835, 17.7444474], [83.2368373, 17.7443753], [83.2365646, 17.7439765]]}}, {"type": "Feature", "properties": {"osm_id": 97975063, "highway": "tertiary", "oneway": "yes", "source": "Bing", "surface": "asphalt"}, "geometry": {"type": "LineString", "coordinates": [[83.2892913, 17.7361438], [83.2892355, 17.7360356], [83.2891933, 17.7359537], [83.2890184, 17.7358125], [83.288972, 17.7357751], [83.28852, 17.7354617], [83.2884302, 17.7354204], [83.2875114, 17.7349973], [83.2874762, 17.7349811], [83.287407, 17.7349444], [83.2873849, 17.7349354], [83.2873177, 17.7349082], [83.2872662, 17.7348886], [83.2862631, 17.734507], [83.2861511, 17.7344842], [83.2860636, 17.7344663], [83.2860048, 17.7344543], [83.2839762, 17.7342558], [83.283867, 17.7342451], [83.2836403, 17.7342229], [83.2832287, 17.734195], [83.2829054, 17.7341731], [83.2825211, 17.7341878], [83.2821705, 17.7342639], [83.2821375, 17.7342749], [83.2819894, 17.7343244], [83.2818417, 17.7343737], [83.281451, 17.7345041], [83.2811713, 17.7345764], [83.2804114, 17.7348299], [83.2794854, 17.7351201], [83.2792717, 17.7351647], [83.2788515, 17.7352525], [83.278713, 17.7352623], [83.2786307, 17.7352681], [83.2777479, 17.7352714], [83.2775597, 17.7352721], [83.277165, 17.7352711], [83.2763817, 17.7352764], [83.2757713, 17.7352786], [83.2754532, 17.7352798], [83.2753891, 17.7352814], [83.2752529, 17.7352816], [83.274758, 17.7352821], [83.2741458, 17.7352828], [83.2738215, 17.735346], [83.2737609, 17.7353597], [83.2735796, 17.7354005], [83.2734022, 17.7354405], [83.2729383, 17.735617], [83.2725166, 17.7358768], [83.2724842, 17.7358952], [83.2718485, 17.7363087], [83.2715632, 17.7364814], [83.2712247, 17.7367054], [83.2711636, 17.7367457], [83.2711177, 17.7367759], [83.270928, 17.7368862], [83.270839, 17.736938], [83.2707049, 17.7370159], [83.2704486, 17.7371683], [83.2701576, 17.7373429], [83.2695991, 17.7377037], [83.2690154, 17.7380641], [83.2689891, 17.7380803], [83.2681575, 17.7385526], [83.2680596, 17.7386082], [83.2679291, 17.7386823], [83.2674842, 17.738935], [83.2668556, 17.7392935], [83.266092, 17.739729], [83.2659779, 17.7397941], [83.2650631, 17.7404159], [83.2650076, 17.7404536], [83.2643446, 17.7409042], [83.2639025, 17.7412048], [83.2634793, 17.7414924], [83.2615531, 17.7426258], [83.2608393, 17.7428991], [83.2603711, 17.7430469], [83.2601067, 17.7431298], [83.2599845, 17.7431681], [83.2598624, 17.7432063], [83.2576429, 17.7439037], [83.2576089, 17.743915], [83.257022, 17.7441214], [83.2567221, 17.7442171], [83.2559495, 17.7444521], [83.255201, 17.7446798], [83.2544338, 17.7449166], [83.2542368, 17.7449818], [83.254171, 17.7450036], [83.2540816, 17.7450325], [83.253873, 17.7450999], [83.2532312, 17.7453282], [83.253092, 17.7453756], [83.2521338, 17.7457262], [83.2520755, 17.7457487], [83.2515681, 17.7459445], [83.2512831, 17.7460498], [83.2512732, 17.7460535], [83.2503526, 17.7464032], [83.2501763, 17.7464701], [83.2493935, 17.7467626], [83.2490925, 17.7468751], [83.2487887, 17.7469858], [83.2486519, 17.7470233], [83.2485364, 17.7470621], [83.2482378, 17.7471361], [83.2478647, 17.7471984], [83.2478328, 17.7472009], [83.2475181, 17.7472257], [83.2466752, 17.7472337], [83.2466567, 17.7472379], [83.2465585, 17.7472605], [83.2464505, 17.7473134], [83.2463594, 17.7473779]]}}, {"type": "Feature", "properties": {"osm_id": 97975074, "highway": "tertiary", "oneway": "yes", "source": "Bing", "surface": "asphalt"}, "geometry": {"type": "LineString", "coordinates": [[83.2487296, 17.7473355], [83.2501727, 17.7468039], [83.2513297, 17.7463806], [83.2513946, 17.7463569], [83.2514454, 17.7463383], [83.2521987, 17.7460435], [83.2522313, 17.7460307], [83.252559, 17.7458971], [83.2529971, 17.7457389], [83.2531582, 17.7456743], [83.253377, 17.7455943], [83.2536795, 17.7454935], [83.2541813, 17.7453324], [83.2542509, 17.7453101], [83.2543343, 17.7452838], [83.2546482, 17.7451848], [83.255469, 17.7449357], [83.2560416, 17.7447478], [83.2560883, 17.7447325], [83.2574169, 17.744317], [83.2577436, 17.7442146], [83.2579379, 17.7441537], [83.2599557, 17.7434807], [83.2600267, 17.743457], [83.2602, 17.7434048], [83.2605037, 17.7433133], [83.2607184, 17.7432424], [83.2608546, 17.7431974], [83.2609928, 17.7431518], [83.2613489, 17.7430222], [83.2616306, 17.742905], [83.2619283, 17.7427727], [83.2622059, 17.7426025], [83.2626717, 17.7423208], [83.2637615, 17.741641], [83.2637891, 17.7416238], [83.263922, 17.7415434], [83.2639547, 17.7415216], [83.2644799, 17.7411709], [83.2652332, 17.7406558], [83.2658574, 17.7402291], [83.2662462, 17.7399964], [83.2662595, 17.7399881], [83.2663468, 17.7399331], [83.2666932, 17.7397428], [83.2670027, 17.7395649], [83.2670236, 17.7395533], [83.268105, 17.7389556], [83.268235, 17.7388837], [83.2685012, 17.7387366], [83.2691915, 17.738342], [83.2698849, 17.7378989], [83.270322, 17.7376211], [83.270612, 17.7374333], [83.2711014, 17.737124], [83.2712501, 17.7370301], [83.271321, 17.7369905], [83.2713741, 17.7369608], [83.2720481, 17.7365234], [83.272677, 17.7361235], [83.2730847, 17.7358857], [83.273341, 17.7357726], [83.2734228, 17.7357447], [83.2735202, 17.7357114], [83.2737899, 17.7356289], [83.273833, 17.7356252], [83.273868, 17.7356221], [83.273988, 17.7356117], [83.2745017, 17.7355909], [83.2746043, 17.7355904], [83.2750991, 17.7355879], [83.275247, 17.7355872], [83.2762764, 17.735582], [83.2764367, 17.7355754], [83.2769966, 17.7355793], [83.2774716, 17.7355831], [83.2775587, 17.7355821], [83.2781588, 17.7355749], [83.2786427, 17.7355731], [83.2789093, 17.7355498], [83.2790381, 17.7355286], [83.2793495, 17.7354634], [83.2795346, 17.7354115], [83.2799099, 17.7353151], [83.280754, 17.7350644], [83.2808782, 17.7350275], [83.2814414, 17.7348296], [83.2815554, 17.7347895], [83.2821609, 17.7345767], [83.282234, 17.7345597], [83.2825315, 17.7344907], [83.2827027, 17.734461], [83.2838578, 17.7345263], [83.2844725, 17.7345835], [83.285673, 17.7346953], [83.28614, 17.7347606], [83.2868592, 17.7350037], [83.2870524, 17.73509], [83.2872628, 17.735184], [83.2872901, 17.7351962], [83.2873591, 17.7352269], [83.2873955, 17.7352431], [83.2876096, 17.7353388], [83.2882871, 17.7356628], [83.2884222, 17.7357214], [83.2888581, 17.7360239], [83.2890925, 17.7361997], [83.2891144, 17.7362161], [83.2892946, 17.7362928]]}}, {"type": "Feature", "properties": {"osm_id": 97985985, "highway": "secondary", "oneway": "yes", "source": "Bing"}, "geometry": {"type": "LineString", "coordinates": [[83.2679803, 17.6880537], [83.2676782, 17.6880226], [83.2673782, 17.6879952], [83.2666723, 17.6879306], [83.2658449, 17.6878552], [83.2651703, 17.687799], [83.264426, 17.6877265], [83.2642789, 17.6877083], [83.2629133, 17.6875432], [83.2626517, 17.687528], [83.2621292, 17.6874821], [83.2612516, 17.6874278], [83.2607892, 17.6873948], [83.2606636, 17.6873785], [83.2589275, 17.6872892], [83.2588126, 17.6872807], [83.2583301, 17.6872428], [83.2580897, 17.6872359], [83.2573781, 17.687197], [83.2566192, 17.6871704], [83.2563173, 17.6871704], [83.2562612, 17.6871718], [83.25577, 17.6871845], [83.2551865, 17.6871971], [83.255003, 17.6872257], [83.2531352, 17.6875166], [83.2527582, 17.6875626], [83.2520129, 17.6876537], [83.2518692, 17.6876712], [83.2515132, 17.6877163], [83.2496054, 17.687997], [83.2494858, 17.6880132], [83.2485292, 17.6881431], [83.2475761, 17.6882725], [83.2466121, 17.6884033], [83.2462338, 17.6884719], [83.2454137, 17.6885937], [83.2449022, 17.6886934], [83.2440091, 17.6888193], [83.2434763, 17.6888944], [83.2427806, 17.6889924], [83.2425056, 17.6890371], [83.2421301, 17.6890665], [83.2420166, 17.6890808], [83.2418069, 17.6891074], [83.2416593, 17.689124], [83.2412624, 17.6891687], [83.2410671, 17.6891851], [83.2406388, 17.6892211], [83.2404419, 17.6892481], [83.2398181, 17.6893335], [83.2390742, 17.6894285], [83.2383777, 17.6895175], [83.2381886, 17.6895488], [83.2379124, 17.6895954], [83.2375784, 17.689644], [83.2372673, 17.6896823], [83.2371855, 17.6896887], [83.2369494, 17.6897104], [83.2368515, 17.6897206], [83.236731, 17.6897307], [83.2365136, 17.6897488], [83.2360831, 17.6897769], [83.2358658, 17.6897884], [83.2356486, 17.6897909], [83.235523, 17.6897971], [83.2351875, 17.6897968], [83.2348015, 17.6898426], [83.2344112, 17.6898888], [83.2335642, 17.6900574], [83.2334156, 17.6900886], [83.2328089, 17.6901694], [83.2321463, 17.690289], [83.2314495, 17.6904126], [83.2311646, 17.690456], [83.2309749, 17.6904883], [83.2309059, 17.6905001], [83.2308289, 17.6905156], [83.2305531, 17.6905682], [83.2303483, 17.6906086], [83.2299608, 17.6906809], [83.2296828, 17.6907316], [83.2295586, 17.6907643], [83.2293233, 17.6908114], [83.2292679, 17.6908239], [83.2291986, 17.69083], [83.228998, 17.6908392], [83.2288076, 17.690848], [83.2286936, 17.6908514], [83.2286291, 17.6908464], [83.2283918, 17.6908281], [83.22818, 17.6908118], [83.2279977, 17.6908014], [83.2278876, 17.6907952], [83.2273355, 17.690735], [83.2270548, 17.6907045], [83.2262919, 17.6905882], [83.2261616, 17.6905639], [83.225947, 17.6905233], [83.2257432, 17.6904847], [83.2256962, 17.6904758], [83.2254184, 17.6904104], [83.2248312, 17.69027], [83.2246699, 17.6902255], [83.2246167, 17.6902131], [83.2240359, 17.6900554], [83.2238647, 17.6900031], [83.2235244, 17.6898944], [83.2234093, 17.6898378], [83.2232608, 17.6897194], [83.2231361, 17.6895667], [83.2230301, 17.6893916], [83.2229963, 17.689273], [83.2229859, 17.689184], [83.2229644, 17.6889221], [83.222896, 17.688733], [83.2227793, 17.6885554], [83.2225648, 17.6884225], [83.2222375, 17.688305], [83.2221041, 17.6882699], [83.2214516, 17.688098], [83.2209491, 17.6879714], [83.2201937, 17.6877811], [83.2198037, 17.68768], [83.2194377, 17.687585], [83.2186568, 17.6873825], [83.2183751, 17.6872994], [83.2182692, 17.6872483], [83.2178856, 17.6870592], [83.217608, 17.6867794], [83.2173481, 17.6863873], [83.2172768, 17.6862645], [83.2170099, 17.6859271], [83.2168384, 17.6857746], [83.2168087, 17.6857483], [83.2165834, 17.6856294], [83.2163112, 17.6855694], [83.2160091, 17.6855449]]}}, {"type": "Feature", "properties": {"osm_id": 97985992, "highway": "secondary", "junction": "roundabout", "oneway": "yes", "source": "Bing"}, "geometry": {"type": "LineString", "coordinates": [[83.2912626, 17.7276218], [83.2912526, 17.7276527], [83.2912539, 17.727685], [83.2912664, 17.727715], [83.2912886, 17.7277394], [83.2913181, 17.7277553]]}}, {"type": "Feature", "properties": {"osm_id": 97986007, "dual_carriageway": "yes", "highway": "primary", "lanes": "2", "maxspeed": "70", "maxspeed:type": "sign", "name": "Visakhapatnam Road", "oneway": "yes", "ref:old": "NH5", "surface": "asphalt"}, "geometry": {"type": "LineString", "coordinates": [[83.307294, 17.7368576], [83.3060904, 17.7372706], [83.3058691, 17.7373436], [83.3053636, 17.7375104], [83.3050581, 17.7376398], [83.304789, 17.7377862], [83.3046862, 17.7378421], [83.3046738, 17.7378488], [83.3045142, 17.7379873], [83.3042753, 17.7381638], [83.3040576, 17.7383806], [83.3036278, 17.7389212], [83.303515, 17.7390688], [83.3030892, 17.7396289], [83.3026365, 17.7399989], [83.3022681, 17.7402371], [83.3018662, 17.7404136], [83.3014465, 17.740554], [83.3010848, 17.7406092], [83.3008482, 17.7406263], [83.3002375, 17.7406052], [83.3000607, 17.740584], [83.3000368, 17.7405811], [83.2999541, 17.7405764], [83.299898, 17.7405707], [83.2994394, 17.7405242], [83.2991219, 17.7405045], [83.2990443, 17.7404921], [83.2988901, 17.7404795], [83.2984012, 17.7404094], [83.2979837, 17.7403179], [83.2974992, 17.7401606], [83.2966698, 17.7398166], [83.2960164, 17.7395455], [83.2948025, 17.7390635], [83.2946258, 17.7389933], [83.2945683, 17.7389705], [83.2945625, 17.7389683], [83.2944794, 17.7389371], [83.2942142, 17.7388375], [83.2936909, 17.738641], [83.2934335, 17.7385444], [83.2926147, 17.7382261], [83.2920493, 17.7380064], [83.2916452, 17.7378469], [83.2913559, 17.7377169], [83.2911441, 17.7376037], [83.2910336, 17.7375446], [83.2909042, 17.7374515], [83.2904842, 17.7371494], [83.2899148, 17.736663], [83.2892913, 17.7361438], [83.2892272, 17.7360755], [83.289211, 17.7360638], [83.288746, 17.7357262], [83.2885284, 17.7355758], [83.2876242, 17.7351484], [83.2874849, 17.7350845], [83.2874726, 17.7350797], [83.2874313, 17.7350636], [83.2873628, 17.7350335], [83.2873414, 17.7350241], [83.2870102, 17.7348783], [83.2862846, 17.734604], [83.2859876, 17.7345338], [83.2855166, 17.7344828], [83.2846168, 17.7343977], [83.2832683, 17.7342722], [83.2828584, 17.7342589], [83.2825628, 17.7342744], [83.2821676, 17.7343638], [83.2821587, 17.7343658], [83.2809865, 17.7347613], [83.2799148, 17.7351024], [83.2795528, 17.7352012], [83.2792894, 17.7352696], [83.2788856, 17.735344], [83.2787198, 17.7353573], [83.2785686, 17.7353695], [83.2775594, 17.7353745], [83.2768449, 17.735378], [83.2753602, 17.735378], [83.2752511, 17.735378], [83.2743868, 17.735378], [83.2739693, 17.7354057], [83.2737798, 17.7354295], [83.2737098, 17.7354383], [83.2733706, 17.735542], [83.2731482, 17.7356199], [83.2729895, 17.7356928]]}}, {"type": "Feature", "properties": {"osm_id": 98000690, "dual_carriageway": "yes", "highway": "tertiary", "name": "Chinna Waltair Main Road", "oneway": "yes", "surface": "asphalt"}, "geometry": {"type": "LineString", "coordinates": [[83.3198763, 17.7211071], [83.3197814, 17.7212718], [83.3197551, 17.7212949], [83.3196768, 17.7213637], [83.3192309, 17.7216039], [83.3189255, 17.7218543], [83.3187733, 17.7219737], [83.3186891, 17.7220398], [83.3184142, 17.7222555], [83.3183144, 17.7223413], [83.31815, 17.7224828], [83.3179366, 17.7227202], [83.317883, 17.7227791], [83.3178278, 17.7228478]]}}, {"type": "Feature", "properties": {"osm_id": 98000692, "highway": "tertiary", "junction": "roundabout", "source": "Bing", "surface": "asphalt"}, "geometry": {"type": "LineString", "coordinates": [[83.3200529, 17.721159], [83.3200966, 17.7211377], [83.3201455, 17.7210829], [83.3201626, 17.7210128], [83.3201439, 17.7209431], [83.3201223, 17.7209097], [83.3200937, 17.7208894], [83.3200231, 17.7208637], [83.3200086, 17.7208626], [83.319994, 17.7208628], [83.3199701, 17.720863], [83.3199482, 17.7208718], [83.3199191, 17.7208852], [83.3198934, 17.720904], [83.3198734, 17.7209259], [83.319858, 17.7209509], [83.319846, 17.720987], [83.3198463, 17.7210375], [83.3198593, 17.7210837], [83.3198763, 17.7211071], [83.3199118, 17.7211394], [83.3199559, 17.7211598], [83.3200045, 17.7211666], [83.3200529, 17.721159]]}}, {"type": "Feature", "properties": {"osm_id": 98000697, "highway": "tertiary", "name": "Harbour Park Road"}, "geometry": {"type": "LineString", "coordinates": [[83.318349, 17.7180303], [83.3183438, 17.7179606], [83.3183415, 17.71793], [83.3183165, 17.7175926], [83.3183113, 17.7173777], [83.3183308, 17.717226], [83.318393, 17.7170271], [83.3185168, 17.7168025], [83.3185493, 17.716748], [83.3186212, 17.7166233], [83.3186642, 17.71649], [83.3186797, 17.7163955], [83.3186774, 17.7162148], [83.3186509, 17.7160799], [83.3185971, 17.715957], [83.3185433, 17.715859], [83.3183922, 17.7156505], [83.3181051, 17.7153086], [83.3180583, 17.7152473], [83.3180055, 17.7151601], [83.317979, 17.7150842], [83.3179749, 17.7149524], [83.3180096, 17.714669], [83.3180151, 17.7146127], [83.318074, 17.7140983], [83.3181214, 17.7136808], [83.3181367, 17.7135459], [83.3181549, 17.7133734], [83.3181586, 17.7132696], [83.3181551, 17.7131952], [83.318148, 17.7131242], [83.3180831, 17.7130629], [83.3181201, 17.7129987], [83.3180847, 17.7128992], [83.3180558, 17.7128382], [83.3180107, 17.7127536], [83.3178963, 17.7126113]]}}, {"type": "Feature", "properties": {"osm_id": 98007391, "highway": "secondary", "oneway": "yes"}, "geometry": {"type": "LineString", "coordinates": [[83.2913938, 17.7277526], [83.2914337, 17.7277701], [83.2914669, 17.7277847], [83.2915559, 17.72781], [83.2916073, 17.7278139], [83.291675, 17.727819]]}}, {"type": "Feature", "properties": {"osm_id": 98007400, "highway": "secondary", "name": "New Colony Road", "oneway": "yes"}, "geometry": {"type": "LineString", "coordinates": [[83.293408, 17.7278433], [83.2934552, 17.727865], [83.2935193, 17.7278628], [83.2936507, 17.7278457], [83.2938974, 17.7278197], [83.2942646, 17.7277728], [83.2951582, 17.7276549], [83.2952308, 17.727643], [83.2952973, 17.7276321], [83.2953637, 17.727623], [83.2958475, 17.727557], [83.2965978, 17.7274613], [83.2966903, 17.7274502], [83.296766, 17.7274411], [83.2974753, 17.7273371], [83.2978593, 17.7272839], [83.2982171, 17.7272306], [83.2985424, 17.7272022], [83.298727, 17.7271944], [83.2989399, 17.7271935], [83.2991135, 17.7271952], [83.2991244, 17.7271953], [83.2991806, 17.7271898]]}}, {"type": "Feature", "properties": {"osm_id": 98007407, "highway": "secondary", "junction": "roundabout", "name": "Dimond Park Road", "source": "Bing"}, "geometry": {"type": "LineString", "coordinates": [[83.3038948, 17.7267543], [83.3035959, 17.7264943], [83.3035371, 17.7264989], [83.3034866, 17.7265029], [83.3032491, 17.7268223]]}}, {"type": "Feature", "properties": {"osm_id": 98007421, "highway": "secondary", "name": "Dimond Park Road", "oneway": "yes"}, "geometry": {"type": "LineString", "coordinates": [[83.3031279, 17.7213359], [83.303115, 17.7215142], [83.3031197, 17.7217792], [83.3031356, 17.7220868], [83.3031879, 17.7227178], [83.3032617, 17.7235201], [83.3033274, 17.7241575], [83.3033573, 17.7246332], [83.3033609, 17.7248468], [83.3033409, 17.7250758]]}}, {"type": "Feature", "properties": {"osm_id": 98007425, "highway": "secondary", "junction": "roundabout", "oneway": "yes", "source": "Bing"}, "geometry": {"type": "LineString", "coordinates": [[83.3031315, 17.7211322], [83.3031175, 17.721169], [83.3031081, 17.7212039], [83.3031051, 17.7212376], [83.3031075, 17.7212713], [83.3031279, 17.7213359], [83.3031672, 17.7213917], [83.303222, 17.721434], [83.3032874, 17.7214591]]}}, {"type": "Feature", "properties": {"osm_id": 98007428, "highway": "secondary", "oneway": "yes", "source": "Bing"}, "geometry": {"type": "LineString", "coordinates": [[83.3035736, 17.7212007], [83.3036192, 17.7211767], [83.3038518, 17.7210546], [83.3060914, 17.7201195], [83.3062677, 17.7200666]]}}, {"type": "Feature", "properties": {"osm_id": 98007432, "dual_carriageway": "yes", "highway": "secondary", "oneway": "yes", "surface": "asphalt"}, "geometry": {"type": "LineString", "coordinates": [[83.2923925, 17.7189229], [83.2924622, 17.7189431], [83.2924858, 17.7189502], [83.2925541, 17.7189771], [83.2926172, 17.7190079], [83.2926796, 17.7190488], [83.2928179, 17.719152], [83.2930649, 17.7193183], [83.2932441, 17.719417], [83.2934399, 17.7195295], [83.2935895, 17.7196118], [83.2937127, 17.7196757], [83.2938769, 17.7197463], [83.2939626, 17.7197768], [83.2939726, 17.7197804], [83.2941494, 17.7198438], [83.2942891, 17.7198895], [83.2944922, 17.7199533], [83.2946869, 17.7200173], [83.2949916, 17.7201058], [83.295195, 17.7201594], [83.2953501, 17.7201986], [83.2954148, 17.7202149], [83.2955746, 17.7202588], [83.2957489, 17.7203004], [83.2959959, 17.72035], [83.2961746, 17.7203761], [83.2962939, 17.7203896], [83.2963772, 17.7203935], [83.2964313, 17.7203956], [83.2965014, 17.7203981], [83.2965792, 17.7203933], [83.2966587, 17.7203857], [83.2967688, 17.7203642], [83.2972677, 17.7203181], [83.2977596, 17.7202884], [83.2980834, 17.7202763], [83.2982857, 17.7202822], [83.2985001, 17.7202962], [83.2987008, 17.7203272], [83.2990193, 17.7203895], [83.2993627, 17.720461], [83.2995557, 17.7205077], [83.2997918, 17.7205585], [83.2999861, 17.720599], [83.300161, 17.7206337], [83.3004302, 17.7206835], [83.3006941, 17.7207325], [83.3009222, 17.7207753], [83.3012696, 17.720843], [83.301412, 17.7208694], [83.301524, 17.7208891], [83.3018686, 17.7209517], [83.3021655, 17.7210077], [83.3022354, 17.7210209], [83.3025162, 17.721076], [83.3027074, 17.7211137], [83.3028994, 17.7211549], [83.3031081, 17.7212039]]}}, {"type": "Feature", "properties": {"osm_id": 98007437, "highway": "secondary", "oneway": "yes", "source": "Bing"}, "geometry": {"type": "LineString", "coordinates": [[83.3062251, 17.7199351], [83.3060096, 17.7200429], [83.3059008, 17.7200918], [83.3057947, 17.7201393], [83.3053506, 17.7203306], [83.3048959, 17.7205105], [83.3045793, 17.720645], [83.3041998, 17.720811], [83.303936, 17.7209312], [83.3037906, 17.7209839], [83.3036496, 17.7210296], [83.3035239, 17.7210653], [83.3035011, 17.7210718]]}}, {"type": "Feature", "properties": {"osm_id": 98007443, "highway": "secondary", "name": "RTC Complex Road", "oneway": "yes", "source": "Bing"}, "geometry": {"type": "LineString", "coordinates": [[83.3051155, 17.7236466], [83.3050494, 17.7235422], [83.3050134, 17.7235019], [83.3047682, 17.7231956], [83.304611, 17.722989], [83.3044584, 17.7227514], [83.3041491, 17.7222113], [83.3039516, 17.7218631], [83.3038118, 17.721609], [83.3037351, 17.721477], [83.3036558, 17.7213648], [83.3035765, 17.7212739]]}}, {"type": "Feature", "properties": {"osm_id": 98007453, "highway": "primary", "name": "Jail Road", "oneway": "yes"}, "geometry": {"type": "LineString", "coordinates": [[83.3077092, 17.7223548], [83.3077826, 17.7226537], [83.3077994, 17.7227061], [83.3078975, 17.7229584], [83.3079622, 17.723138], [83.3080248, 17.7232833], [83.3080602, 17.7233682]]}}, {"type": "Feature", "properties": {"osm_id": 98007462, "highway": "secondary", "oneway": "yes", "source": "Bing"}, "geometry": {"type": "LineString", "coordinates": [[83.3078975, 17.7229584], [83.3078242, 17.7229898], [83.3077617, 17.723012], [83.3076688, 17.7230416], [83.3074642, 17.723084], [83.3072298, 17.7231123], [83.3068997, 17.7231499], [83.3065955, 17.7231982], [83.306425, 17.7232352], [83.3062539, 17.7232794], [83.3057409, 17.7234195], [83.3052057, 17.7236065]]}}, {"type": "Feature", "properties": {"osm_id": 98007466, "highway": "secondary", "oneway": "yes", "source": "Bing"}, "geometry": {"type": "LineString", "coordinates": [[83.3064769, 17.7233266], [83.3065395, 17.7232949], [83.3066133, 17.7232738], [83.3068131, 17.7232413], [83.3070837, 17.7232053], [83.307487, 17.7231528], [83.3077002, 17.723131], [83.3078219, 17.7231292], [83.3078782, 17.7231327], [83.3079622, 17.723138]]}}, {"type": "Feature", "properties": {"osm_id": 98007469, "highway": "primary", "name": "Jail Road", "oneway": "yes", "source": "Bing"}, "geometry": {"type": "LineString", "coordinates": [[83.3077235, 17.7220488], [83.3072954, 17.7212577], [83.3070739, 17.7208836], [83.3069038, 17.7206254], [83.3065903, 17.7202006], [83.3065013, 17.7200346]]}}, {"type": "Feature", "properties": {"osm_id": 98086003, "highway": "tertiary", "oneway": "yes", "source": "Bing"}, "geometry": {"type": "LineString", "coordinates": [[83.3091203, 17.7232124], [83.3090901, 17.7232761], [83.3090673, 17.7234984], [83.3090687, 17.7235852], [83.3090811, 17.7236274], [83.3091332, 17.7236486], [83.3092105, 17.7236714], [83.3096934, 17.7237644], [83.3097871, 17.7237825], [83.3100043, 17.7238298], [83.3100883, 17.7238516], [83.3102071, 17.7238893], [83.3107813, 17.7240703], [83.311122, 17.7241779], [83.3111812, 17.7242003], [83.3113123, 17.72426]]}}, {"type": "Feature", "properties": {"osm_id": 98086004, "highway": "secondary", "lanes": "2", "name": "Vip Road", "oneway": "yes", "source": "Bing", "surface": "asphalt"}, "geometry": {"type": "LineString", "coordinates": [[83.3141139, 17.7296958], [83.3141528, 17.7296224], [83.3141892, 17.7295537], [83.3142091, 17.7295178], [83.3142132, 17.7295103], [83.3142321, 17.7294399], [83.3143479, 17.7290226], [83.31452, 17.7284636], [83.3146121, 17.7281616], [83.3146658, 17.728085], [83.314765, 17.7279917], [83.3150721, 17.7277222], [83.3153444, 17.7275114], [83.31552, 17.7273683], [83.3156542, 17.7272482], [83.3158979, 17.7269852], [83.3160243, 17.7268344], [83.3161853, 17.7266887], [83.3166104, 17.7262889], [83.3166771, 17.7261788], [83.3167562, 17.7259631], [83.3167881, 17.7258486], [83.3168313, 17.7256785], [83.3168696, 17.7255478], [83.3169888, 17.7251406], [83.3169908, 17.7251208], [83.3169987, 17.7250392]]}}, {"type": "Feature", "properties": {"osm_id": 98086005, "highway": "secondary", "name": "RTC Complex Road", "oneway": "yes"}, "geometry": {"type": "LineString", "coordinates": [[83.3033982, 17.7214588], [83.303568, 17.7215208], [83.303647, 17.7215792], [83.3036983, 17.7216406], [83.3037627, 17.7217557], [83.3040154, 17.7222078], [83.3042514, 17.7226261], [83.3044683, 17.7229859], [83.3045765, 17.7231427], [83.3046847, 17.7232881], [83.3048799, 17.7235486], [83.3050692, 17.7237382]]}}, {"type": "Feature", "properties": {"osm_id": 98086006, "dual_carriageway": "yes", "highway": "primary", "lanes": "2", "oneway": "yes", "sidewalk": "separate", "surface": "asphalt"}, "geometry": {"type": "LineString", "coordinates": [[83.3189567, 17.7240605], [83.3191136, 17.7241601], [83.3195373, 17.7244143], [83.3197975, 17.7245612], [83.3199771, 17.724653], [83.3200349, 17.7246826], [83.3204211, 17.7248793], [83.3206584, 17.7249893], [83.320798, 17.7250505], [83.3210501, 17.7251488], [83.3212821, 17.7252421], [83.3215114, 17.7253276], [83.3220009, 17.7255487], [83.3227547, 17.7259537], [83.3231965, 17.726206], [83.3234073, 17.7263264], [83.3240454, 17.726689], [83.3240669, 17.7267006], [83.3241279, 17.7267361], [83.3241423, 17.7267445], [83.3243935, 17.7268913], [83.3252008, 17.7273818], [83.3255363, 17.7275977], [83.3256078, 17.7276437], [83.3256901, 17.7276958], [83.3257975, 17.7277615], [83.3262601, 17.7280576], [83.326338, 17.7281075], [83.3265514, 17.7282441], [83.3268235, 17.7284203], [83.327144, 17.7286175], [83.3272172, 17.7286632], [83.3273243, 17.7287299], [83.3276366, 17.7289244], [83.3276886, 17.7289568], [83.3281108, 17.7292232], [83.3287574, 17.7296492], [83.3291338, 17.7299149], [83.3291768, 17.7299438], [83.329213, 17.7299682], [83.3292428, 17.7299905], [83.3293975, 17.7300968], [83.329523, 17.7301814], [83.3296192, 17.7302462], [83.3299105, 17.7304389], [83.3300547, 17.7305342], [83.3303775, 17.7307413], [83.330745, 17.7309701], [83.3313364, 17.731337], [83.3320069, 17.731753], [83.3320706, 17.731792], [83.3321008, 17.7318092], [83.3321521, 17.7318282], [83.3322121, 17.7318399]]}}, {"type": "Feature", "properties": {"osm_id": 98086007, "highway": "primary", "junction": "roundabout", "source": "Bing"}, "geometry": {"type": "LineString", "coordinates": [[83.3181111, 17.7232707], [83.318095, 17.7231904], [83.3180908, 17.7231317], [83.318065, 17.7230568], [83.3180325, 17.7229963], [83.3179588, 17.7229057]]}}, {"type": "Feature", "properties": {"osm_id": 98086008, "highway": "secondary", "name": "Bullayya College Road", "name:etymology:wikidata": "Q48728407", "oneway": "yes", "source": "Bing"}, "geometry": {"type": "LineString", "coordinates": [[83.3118859, 17.7280858], [83.3118207, 17.7281607], [83.311794, 17.72822], [83.3117867, 17.7282718], [83.3117884, 17.7283389], [83.3117889, 17.7283592], [83.3117969, 17.7284262], [83.3118044, 17.7286229], [83.311816, 17.7288155], [83.311842, 17.7290208], [83.3118554, 17.7291652], [83.3118806, 17.7294318], [83.311902, 17.7296028], [83.3119154, 17.7296911], [83.3119348, 17.7298387], [83.3119619, 17.7300304], [83.3120514, 17.7305078], [83.3121167, 17.73078], [83.312155, 17.7309423], [83.3121732, 17.7310073], [83.3122008, 17.7311062], [83.3124339, 17.7318453], [83.312486, 17.7320035], [83.3125062, 17.7320677], [83.3126086, 17.732393], [83.3127066, 17.7327127], [83.3128236, 17.7330901], [83.3128894, 17.7332936], [83.3129373, 17.7334627], [83.3129675, 17.733613], [83.3129816, 17.7337214], [83.3129867, 17.7340329], [83.3129681, 17.734163], [83.3129587, 17.7342086], [83.3129339, 17.7343293]]}}, {"type": "Feature", "properties": {"osm_id": 98086011, "dual_carriageway": "yes", "highway": "primary", "lanes": "2", "maxspeed": "70", "maxspeed:type": "sign", "name": "Visakhapatnam - Anandapuram Main Road", "oneway": "yes", "ref:old": "NH5", "surface": "asphalt"}, "geometry": {"type": "LineString", "coordinates": [[83.3334232, 17.7579079], [83.3331967, 17.7570717], [83.3330177, 17.7564589], [83.3329435, 17.7562009], [83.3328693, 17.7559429], [83.3327398, 17.7554118], [83.3327308, 17.755375], [83.3327081, 17.7553051], [83.332656, 17.7550692]]}}, {"type": "Feature", "properties": {"osm_id": 98474643, "highway": "tertiary", "lanes": "2", "name": "Nowroji Road", "oneway": "yes", "surface": "asphalt"}, "geometry": {"type": "LineString", "coordinates": [[83.3167791, 17.7105828], [83.3167245, 17.710651], [83.3167094, 17.7106698], [83.3164686, 17.7109958], [83.3164012, 17.711087], [83.3162651, 17.7112714], [83.3161485, 17.7114195], [83.3159168, 17.7117593], [83.3155771, 17.7121897], [83.3154806, 17.7123102], [83.3152318, 17.7126211], [83.3151323, 17.7127454], [83.3150023, 17.7129153], [83.3148886, 17.713054], [83.314756, 17.7132316], [83.3145439, 17.7134887], [83.3144246, 17.7136248], [83.3143204, 17.7137192], [83.3142292, 17.7137933], [83.3141596, 17.7138469], [83.3140141, 17.7139199], [83.3132969, 17.7142048], [83.3130067, 17.7143313], [83.3125697, 17.7145541], [83.3124708, 17.71461], [83.3123514, 17.7146627], [83.311724, 17.7149395], [83.3116361, 17.7149783], [83.3114807, 17.7150371], [83.3113902, 17.7150714], [83.3111603, 17.7151471], [83.3110722, 17.7151761], [83.3103122, 17.7153821], [83.3100157, 17.7154607], [83.3098998, 17.7154818], [83.3097749, 17.7154974], [83.3096615, 17.7155], [83.3095267, 17.715499], [83.3094169, 17.7154707], [83.3092712, 17.7154298], [83.3089362, 17.7153383], [83.3086148, 17.7152494], [83.308378, 17.7151739], [83.3080872, 17.7150767], [83.3077296, 17.7149571], [83.3072919, 17.7148535], [83.3066266, 17.7146881], [83.3063378, 17.7146186], [83.3061859, 17.7145844], [83.3061125, 17.7145743], [83.3060541, 17.7145689], [83.306007, 17.7145738], [83.3059765, 17.7145874], [83.3059565, 17.7146023], [83.3059452, 17.7146225], [83.305927, 17.7146641]]}}, {"type": "Feature", "properties": {"osm_id": 98474744, "dual_carriageway": "yes", "highway": "secondary", "lanes": "2", "name": "Sivajipalem Road", "oneway": "yes", "source": "Bing", "surface": "asphalt"}, "geometry": {"type": "LineString", "coordinates": [[83.3318231, 17.7338613], [83.3314852, 17.7341494], [83.3313297, 17.7342804], [83.3311211, 17.7344573], [83.330745, 17.7348034], [83.3303681, 17.7352735], [83.3302809, 17.7353891], [83.3302333, 17.7354522], [83.3297633, 17.7360751], [83.3296064, 17.7362565], [83.3293314, 17.7365151], [83.3289452, 17.7368204], [83.3288366, 17.7369101], [83.3285013, 17.737187], [83.3283041, 17.7373448], [83.3281635, 17.7374787], [83.3281191, 17.737521], [83.3278986, 17.7379576], [83.3278784, 17.7379977], [83.3278811, 17.7380602]]}}, {"type": "Feature", "properties": {"osm_id": 98479122, "highway": "tertiary", "oneway": "yes"}, "geometry": {"type": "LineString", "coordinates": [[83.3033785, 17.7210162], [83.3033753, 17.7209961], [83.3033612, 17.7209057], [83.3033403, 17.7207825], [83.3032552, 17.72028], [83.303117, 17.7196073], [83.3030407, 17.7192609], [83.3030246, 17.7191636], [83.3029847, 17.7189732], [83.3029023, 17.7185859], [83.3028781, 17.7184684], [83.3028469, 17.7183172], [83.3027206, 17.7176158], [83.3026662, 17.7173018], [83.302638, 17.7171393], [83.30261, 17.7170391], [83.3025261, 17.7167394], [83.3023867, 17.7163396], [83.3023733, 17.7163013], [83.302195, 17.7157919], [83.3020983, 17.7155077], [83.3020125, 17.7152911], [83.3019583, 17.7151995], [83.3019245, 17.7151424], [83.3018311, 17.7150803], [83.3012843, 17.7147166], [83.3008468, 17.7144285], [83.3007419, 17.7143574], [83.3006839, 17.7143091], [83.3006767, 17.7143016], [83.3006175, 17.71424]]}}, {"type": "Feature", "properties": {"osm_id": 98479124, "highway": "tertiary", "junction": "roundabout", "oneway": "yes", "source": "Bing"}, "geometry": {"type": "LineString", "coordinates": [[83.3006371, 17.714177], [83.3006387, 17.7140983], [83.3006185, 17.7140129], [83.3005672, 17.7139373], [83.3005037, 17.7138672], [83.3004163, 17.7138165], [83.3003226, 17.7137984], [83.3002144, 17.7138047], [83.3001252, 17.7138523], [83.3000691, 17.7138892], [83.3000386, 17.7139353], [83.299996, 17.7139997], [83.2999831, 17.7140359], [83.2999667, 17.7141315], [83.2999889, 17.7142164], [83.3000308, 17.7143038], [83.3000937, 17.7143594], [83.3001795, 17.7144098], [83.3002777, 17.714436], [83.3003798, 17.7144334], [83.3004764, 17.7144021], [83.300528, 17.7143708], [83.3005521, 17.7143507], [83.3005716, 17.7143177], [83.3006175, 17.71424], [83.3006371, 17.714177]]}}, {"type": "Feature", "properties": {"osm_id": 100117438, "highway": "tertiary", "source": "Bing"}, "geometry": {"type": "LineString", "coordinates": [[83.2989151, 17.7132261], [83.2989978, 17.7141123], [83.299064, 17.7146768], [83.2990866, 17.7148291], [83.2991509, 17.7151884], [83.2991958, 17.7154873], [83.2992731, 17.7161468], [83.2993196, 17.7164454], [83.2993586, 17.7165913], [83.2994158, 17.7167412], [83.2995033, 17.7168953], [83.2996065, 17.717001], [83.2997448, 17.7171451], [83.2997834, 17.7173042], [83.2997912, 17.7173744], [83.2997936, 17.7174507], [83.2997768, 17.7177637], [83.2997553, 17.7179625], [83.2996837, 17.7184736]]}}, {"type": "Feature", "properties": {"osm_id": 100167987, "dual_carriageway": "yes", "highway": "secondary", "lanes": "2", "name": "Adarsh Nagar Road", "oneway": "yes", "source": "Bing", "surface": "asphalt"}, "geometry": {"type": "LineString", "coordinates": [[83.3351795, 17.7368772], [83.3351226, 17.7368204], [83.334987, 17.7367167], [83.3349789, 17.7367099], [83.3343293, 17.7361685], [83.3340049, 17.7359008], [83.3338514, 17.7357784], [83.333522, 17.7354667], [83.3333357, 17.7353044], [83.3327273, 17.7347036], [83.3323888, 17.7343725], [83.331887, 17.7338816], [83.3318231, 17.7338613]]}}, {"type": "Feature", "properties": {"osm_id": 100167991, "highway": "primary", "lanes": "2", "name": "MVP Double Road", "oneway": "yes", "ref": "SH144", "source": "Bing", "surface": "asphalt"}, "geometry": {"type": "LineString", "coordinates": [[83.3381898, 17.7404667], [83.3383436, 17.7404001], [83.3383817, 17.7403863], [83.3384902, 17.7403487], [83.3386944, 17.7403003], [83.3393956, 17.7401251], [83.340711, 17.739814], [83.341105, 17.7397225], [83.3413583, 17.7396656], [83.3424474, 17.7394211], [83.3426003, 17.7393866]]}}, {"type": "Feature", "properties": {"osm_id": 100167994, "highway": "primary", "name": "MVP Double Road", "oneway": "yes", "ref": "SH144", "source": "Bing"}, "geometry": {"type": "LineString", "coordinates": [[83.3348312, 17.7412399], [83.3348518, 17.7412302], [83.3351213, 17.7411669], [83.3351818, 17.7411527], [83.3363169, 17.740886], [83.3364274, 17.74086]]}}, {"type": "Feature", "properties": {"osm_id": 100167995, "highway": "primary", "junction": "roundabout", "lanes": "2", "maxspeed": "20", "name": "TTD Circle", "ref": "SH144", "source": "Bing", "surface": "cobblestone"}, "geometry": {"type": "LineString", "coordinates": [[83.3348022, 17.7413295], [83.3348237, 17.7412867], [83.3348312, 17.7412399], [83.3348243, 17.7411932], [83.3348036, 17.7411504], [83.3347708, 17.7411151], [83.3347287, 17.7410903], [83.3346809, 17.7410781], [83.3346315, 17.7410795], [83.3345783, 17.7410976], [83.3345342, 17.7411313], [83.3345041, 17.7411769], [83.3344915, 17.7412294], [83.3344959, 17.7412769], [83.3345147, 17.7413212], [83.3345541, 17.7413648], [83.3346071, 17.7413925], [83.3346669, 17.7414008], [83.3347259, 17.7413887], [83.3347687, 17.7413645], [83.3348022, 17.7413295]]}}, {"type": "Feature", "properties": {"osm_id": 100167996, "dual_carriageway": "yes", "highway": "primary", "lanes": "2", "name": "MVP Double Road", "oneway": "yes", "ref": "SH144", "source": "Bing", "surface": "asphalt"}, "geometry": {"type": "LineString", "coordinates": [[83.3279121, 17.7429212], [83.3280317, 17.7429134], [83.3281219, 17.7428921], [83.3295911, 17.7425362], [83.330238, 17.7423798], [83.3307005, 17.742268], [83.3308094, 17.7422417], [83.3308826, 17.742224], [83.3309236, 17.7422139], [83.3323726, 17.7418559], [83.3328541, 17.7417386], [83.3335015, 17.7415851]]}}, {"type": "Feature", "properties": {"osm_id": 100168000, "highway": "tertiary", "lanes": "2", "oneway": "yes", "source": "Bing", "surface": "asphalt"}, "geometry": {"type": "LineString", "coordinates": [[83.3394949, 17.74573], [83.339464, 17.7455498], [83.3392894, 17.7448904], [83.3391656, 17.7444227], [83.3389017, 17.7433922], [83.3388321, 17.7431062]]}}, {"type": "Feature", "properties": {"osm_id": 100168004, "highway": "tertiary", "name": "Chinna Waltair Road", "source": "Bing"}, "geometry": {"type": "LineString", "coordinates": [[83.3345776, 17.7276849], [83.3344666, 17.727589], [83.3343872, 17.7275169], [83.3342956, 17.727413], [83.3340052, 17.7270611], [83.3338745, 17.7268835], [83.3338174, 17.7267903], [83.333777, 17.7266914], [83.3337108, 17.726518], [83.3336418, 17.7263374], [83.3336408, 17.7263346], [83.3336297, 17.7262998], [83.3335611, 17.7260125], [83.3335262, 17.7258676], [83.333478, 17.7256461], [83.3333976, 17.7253662], [83.3333652, 17.7252623], [83.333338, 17.7252094], [83.3332582, 17.7249815], [83.3331978, 17.7248307], [83.3331764, 17.724763], [83.3331348, 17.7246877], [83.3331187, 17.7246289], [83.3329873, 17.7242929], [83.3329698, 17.724238], [83.3328947, 17.7240834], [83.332829, 17.7239212], [83.3327848, 17.7238177], [83.3327395, 17.7236974], [83.3326176, 17.7234463], [83.3325403, 17.7232249]]}}, {"type": "Feature", "properties": {"osm_id": 100310910, "highway": "primary", "lanes": "1", "maxspeed": "40", "name": "Simhachalam Road", "oneway": "yes", "source": "bing", "surface": "asphalt"}, "geometry": {"type": "LineString", "coordinates": [[83.2196788, 17.7543319], [83.2196981, 17.7544298], [83.2197652, 17.7546904], [83.2198067, 17.7548187], [83.2199073, 17.7551296], [83.2201038, 17.7555647], [83.2203611, 17.7560676], [83.2204382, 17.7562068], [83.2206991, 17.756812], [83.2207227, 17.7568669], [83.2209653, 17.7575563], [83.2209893, 17.7576399], [83.2211043, 17.7580411], [83.2213375, 17.7587818], [83.221461, 17.7590998], [83.2216141, 17.7595005], [83.22174, 17.7598088], [83.2218891, 17.760111], [83.2220239, 17.7603405], [83.222105, 17.760478], [83.2223934, 17.7609625], [83.2224113, 17.7609908], [83.2225565, 17.7612209], [83.2227303, 17.7614944], [83.2227563, 17.7615335], [83.2228628, 17.7616914], [83.2229721, 17.7618582], [83.2230507, 17.7619762], [83.2232402, 17.7622567], [83.2233097, 17.7623583], [83.2233959, 17.7624765], [83.2238636, 17.7630874], [83.2239739, 17.7632301], [83.2242107, 17.763565], [83.224481, 17.7639433], [83.2246151, 17.764137], [83.2247131, 17.7642604], [83.2248721, 17.7644607], [83.2251764, 17.7648439], [83.2251957, 17.7648667], [83.2253545, 17.7650547], [83.2257727, 17.7655762], [83.2262245, 17.7660519], [83.2263281, 17.7661447], [83.226654, 17.7664649], [83.2268374, 17.766637], [83.2275023, 17.7672234], [83.2280446, 17.76765], [83.2283167, 17.767864], [83.2288248, 17.7682687], [83.2295889, 17.7688635], [83.2300634, 17.7692019], [83.2305758, 17.7695234], [83.2307159, 17.7696033], [83.2313818, 17.7699039], [83.2316025, 17.7700056], [83.2316547, 17.7700258], [83.2318626, 17.7701065], [83.2323787, 17.7702716], [83.2334004, 17.7705217], [83.2340616, 17.7706516], [83.2343815, 17.7707183]]}}, {"type": "Feature", "properties": {"osm_id": 100311036, "highway": "tertiary", "name": "Simhachalam Temple Ghat Road", "source": "Bing"}, "geometry": {"type": "LineString", "coordinates": [[83.2460598, 17.773272], [83.2458715, 17.772953], [83.2456773, 17.7726471], [83.2454997, 17.7723904], [83.2454052, 17.7722386], [83.2453639, 17.7721187], [83.2453597, 17.7719929], [83.2453819, 17.771821], [83.2454165, 17.7717372], [83.2454827, 17.7716967], [83.2455517, 17.7717055], [83.2456433, 17.7718101], [83.2457432, 17.7719287], [83.2458431, 17.772015], [83.2459664, 17.7720925], [83.246588, 17.7724172], [83.2471161, 17.7726745], [83.247532, 17.7728564], [83.2480656, 17.773093], [83.2485775, 17.7733184], [83.2487759, 17.7734072], [83.2491445, 17.7735721], [83.2496744, 17.7737872], [83.2498174, 17.7738558], [83.2503025, 17.7740884], [83.2507086, 17.7742884], [83.251087, 17.7744179], [83.2512352, 17.7744533], [83.251346, 17.7744532], [83.2514453, 17.7744446], [83.2515213, 17.7744183], [83.2516418, 17.7743411], [83.2517436, 17.7742639], [83.2520419, 17.7740322], [83.2522381, 17.7739076], [83.2524656, 17.7738827], [83.2527665, 17.7739849], [83.2531589, 17.7741667], [83.2537475, 17.7744681], [83.2540064, 17.7745528], [83.2542471, 17.7746026], [83.2545898, 17.77464], [83.2550502, 17.7746824], [83.2554687, 17.7746674], [83.2557251, 17.7746126], [83.2559448, 17.7745752], [83.2562221, 17.7746051], [83.2565988, 17.7747322], [83.2568447, 17.7749838], [83.2570566, 17.7752902], [83.2574333, 17.775756], [83.2577211, 17.7760649], [83.2580951, 17.7764635], [83.2583044, 17.7766951], [83.2584064, 17.7767524], [83.2585608, 17.7767748], [83.2586455, 17.7767667], [83.2592318, 17.7766623], [83.2592988, 17.7766333], [83.2593337, 17.7765942], [83.2593555, 17.7765533], [83.259372, 17.7764674]]}}, {"type": "Feature", "properties": {"osm_id": 100311087, "highway": "primary", "ref": "SH138", "source": "Bing"}, "geometry": {"type": "LineString", "coordinates": [[83.2526084, 17.7803339], [83.2526115, 17.7803775], [83.252605, 17.7804793], [83.2525266, 17.781115], [83.2525004, 17.7816113], [83.2524681, 17.7822231], [83.2523951, 17.783543], [83.2523766, 17.78382], [83.2523484, 17.7844149], [83.2523243, 17.7847537], [83.2523191, 17.7849141], [83.2523298, 17.7851205], [83.2523648, 17.7855022], [83.2524111, 17.7858408], [83.2524903, 17.7863746], [83.2525727, 17.7868562], [83.2526888, 17.7876903], [83.2527598, 17.7882136], [83.2528313, 17.7886073], [83.2529995, 17.7892632], [83.2530997, 17.7895287], [83.2531852, 17.7897551], [83.2532869, 17.7899407], [83.253392, 17.7901704], [83.2534933, 17.7905507], [83.2535708, 17.7909007], [83.2536945, 17.7913475], [83.2538244, 17.7917803], [83.2538936, 17.791957], [83.2539439, 17.7920856], [83.2540956, 17.7924069], [83.2543166, 17.7930314], [83.2544408, 17.7935032], [83.2544696, 17.7935914], [83.2546793, 17.7942347], [83.2547754, 17.7946472], [83.2549032, 17.7950594], [83.2550882, 17.7956273], [83.2555373, 17.7972529], [83.2555895, 17.7974513], [83.2556485, 17.7976454], [83.255749, 17.7980285], [83.2560013, 17.7988241], [83.2561262, 17.7992902], [83.2562343, 17.799737], [83.2562343, 17.7998259], [83.2562343, 17.8003734], [83.2562309, 17.8013666], [83.2562613, 17.802199], [83.2562241, 17.8033143], [83.2561431, 17.804195], [83.2560553, 17.8058535], [83.2559541, 17.8076983], [83.2559473, 17.8092057], [83.25592, 17.8101244], [83.2560351, 17.8109027], [83.256106, 17.8113816], [83.256268, 17.8124776], [83.2564165, 17.8133068], [83.2566731, 17.8144477], [83.256771, 17.8149798], [83.2568183, 17.8152158], [83.257193, 17.8161639], [83.2572429, 17.8162685], [83.2573556, 17.8165044], [83.2574717, 17.8167476], [83.2575987, 17.8169998], [83.2578897, 17.817524], [83.2580398, 17.8177938], [83.258158, 17.8180044], [83.2583023, 17.8182558], [83.258442, 17.8185101], [83.259053, 17.819712], [83.2594446, 17.820403], [83.2596944, 17.8206794], [83.2604472, 17.8211775], [83.2614363, 17.8218203], [83.2622972, 17.8223666], [83.2632559, 17.8229837], [83.2637082, 17.8233019], [83.2638568, 17.8234883], [83.2639716, 17.8238932], [83.2639685, 17.8240978], [83.2639009, 17.8245163], [83.2637896, 17.8249854], [83.2635986, 17.8257207], [83.2634111, 17.8263333], [83.2633141, 17.826525], [83.2632614, 17.826777], [83.263293, 17.8270491], [83.2634247, 17.8274572], [83.2635293, 17.8280614], [83.2635091, 17.8284824], [83.2633774, 17.8291026], [83.2632323, 17.82971], [83.2630961, 17.830301], [83.2628947, 17.8311754], [83.2626404, 17.8322791], [83.2625113, 17.8328214], [83.2624938, 17.8330401], [83.2625577, 17.833395], [83.2627596, 17.8338652], [83.2629824, 17.8341448], [83.2634787, 17.8348453], [83.2635111, 17.8349171], [83.2636103, 17.8351365], [83.2637082, 17.8353531], [83.2640458, 17.8364874], [83.2640882, 17.8366327], [83.2643328, 17.8374708], [83.2648999, 17.8394053], [83.2651092, 17.8400898], [83.2653691, 17.8409156], [83.2655852, 17.841584], [83.265742, 17.8420811], [83.2659835, 17.8428469], [83.2663481, 17.8440744], [83.2668241, 17.8455429], [83.2673305, 17.8471368], [83.2675518, 17.8478673], [83.2676647, 17.8482351], [83.2676834, 17.8483089], [83.2676934, 17.8483826], [83.2676963, 17.8484564], [83.2676927, 17.848499], [83.2676905, 17.8485247], [83.2676767, 17.8485796]]}}, {"type": "Feature", "properties": {"osm_id": 100317795, "highway": "tertiary", "name": "HB Colony Road", "oneway": "no", "source": "Bing"}, "geometry": {"type": "LineString", "coordinates": [[83.328815, 17.7468743], [83.3284166, 17.7468428], [83.3282658, 17.7468367], [83.3276888, 17.7468134], [83.3271049, 17.7467352]]}}, {"type": "Feature", "properties": {"osm_id": 100317796, "highway": "secondary", "lanes": "2", "oneway": "yes", "source": "Bing", "surface": "asphalt"}, "geometry": {"type": "LineString", "coordinates": [[83.3129339, 17.7343293], [83.3129038, 17.7344645], [83.3128933, 17.7345174], [83.3128624, 17.7346736], [83.312846, 17.7347563], [83.3128018, 17.7349672], [83.3127822, 17.7350883], [83.3127696, 17.7351897], [83.3127679, 17.7352982], [83.3127765, 17.7353885], [83.3127806, 17.7354176], [83.3128331, 17.7356088], [83.3130338, 17.7362441], [83.3131508, 17.7367008], [83.3131939, 17.7368715], [83.3132106, 17.7369378], [83.313252, 17.7371839], [83.3133414, 17.7377848], [83.3133719, 17.738125], [83.3133817, 17.7382344], [83.3134514, 17.7389331], [83.3135008, 17.7395116], [83.313537, 17.7399662], [83.3135913, 17.7406506], [83.3136362, 17.740797], [83.313664, 17.7408877], [83.3137126, 17.7409931], [83.3137752, 17.7411432], [83.3138812, 17.7413599], [83.3139316, 17.7414664], [83.3141813, 17.7420164], [83.3142167, 17.7421092], [83.3142311, 17.7421469], [83.3142604, 17.7422373], [83.3142897, 17.7423463], [83.3143455, 17.742799], [83.3143553, 17.7429069], [83.3143581, 17.7429903], [83.314349, 17.7432253], [83.3143474, 17.7432667], [83.3143427, 17.7433877], [83.3143402, 17.7434488]]}}, {"type": "Feature", "properties": {"osm_id": 100317797, "highway": "tertiary", "source": "Bing"}, "geometry": {"type": "LineString", "coordinates": [[83.3134195, 17.7377908], [83.3134947, 17.7377857], [83.3135569, 17.7377815], [83.3136861, 17.7377669], [83.3148341, 17.7384426], [83.3151361, 17.7386027], [83.3152937, 17.7386863], [83.3157771, 17.7389398]]}}, {"type": "Feature", "properties": {"osm_id": 100318199, "highway": "tertiary", "source": "Bing"}, "geometry": {"type": "LineString", "coordinates": [[83.3095322, 17.7254982], [83.3097585, 17.7253526], [83.3099272, 17.7252327], [83.3100068, 17.7251623], [83.3100356, 17.7250886], [83.3100525, 17.7250008], [83.3100825, 17.7248118], [83.3101083, 17.7246264], [83.3101224, 17.7244963]]}}, {"type": "Feature", "properties": {"osm_id": 101485178, "highway": "tertiary", "name": "Jagadamba One Way", "oneway": "yes", "source": "Bing"}, "geometry": {"type": "LineString", "coordinates": [[83.3022271, 17.7114511], [83.3026547, 17.7113158], [83.3032949, 17.7110888], [83.3042086, 17.7107266], [83.304672, 17.7105547], [83.3053635, 17.7102983], [83.3054015, 17.7102703], [83.3054096, 17.710226], [83.3053868, 17.7101176], [83.3051904, 17.709628]]}}, {"type": "Feature", "properties": {"osm_id": 103106801, "highway": "tertiary"}, "geometry": {"type": "LineString", "coordinates": [[83.2962621, 17.7014355], [83.2965526, 17.7013818], [83.2967104, 17.7013674], [83.2971903, 17.7013175], [83.2972477, 17.7013144], [83.2974904, 17.7012714], [83.2978088, 17.7012198], [83.2979698, 17.7011936], [83.2983685, 17.7011163], [83.2985082, 17.7010845], [83.2985838, 17.7010673], [83.2990028, 17.7009617], [83.2991329, 17.7009275], [83.2992875, 17.700879], [83.2994414, 17.7008221], [83.2994826, 17.7008096], [83.2997062, 17.7007366], [83.299845, 17.7007018], [83.2999515, 17.7006644], [83.300054, 17.7006375], [83.3002528, 17.7005551], [83.3003833, 17.7005145], [83.3005239, 17.7004582], [83.3008571, 17.7003526], [83.3009133, 17.7003353], [83.3011931, 17.7002404], [83.3013216, 17.700189], [83.3016243, 17.7000783], [83.3017115, 17.7000456], [83.301914, 17.6999722], [83.301957, 17.6999498], [83.3021879, 17.6998139]]}}, {"type": "Feature", "properties": {"osm_id": 103107231, "highway": "tertiary"}, "geometry": {"type": "LineString", "coordinates": [[83.2964876, 17.7019762], [83.2969404, 17.7019262], [83.2970648, 17.7019183], [83.2972509, 17.7019024], [83.2973617, 17.7019049], [83.2975664, 17.7018727], [83.2976593, 17.7018672], [83.2981004, 17.7017372], [83.2981996, 17.7017063], [83.2984071, 17.7016229]]}}, {"type": "Feature", "properties": {"osm_id": 134045771, "highway": "tertiary", "name": "Hill top Road", "surface": "asphalt"}, "geometry": {"type": "LineString", "coordinates": [[83.3349597, 17.7525617], [83.3351719, 17.7524737], [83.3353503, 17.752369], [83.3354884, 17.7522591], [83.3356259, 17.7521742], [83.3358764, 17.7520229], [83.3361317, 17.7518723], [83.3366785, 17.7515828], [83.3374784, 17.7511958], [83.337958, 17.7509669], [83.3382835, 17.7508116], [83.3384152, 17.7507571], [83.3385302, 17.7506939], [83.3386436, 17.7506129], [83.3388474, 17.7504662], [83.3389728, 17.7503986], [83.3390981, 17.7503504], [83.33947, 17.7502497], [83.3396713, 17.750203], [83.3397897, 17.750168], [83.339896, 17.7501059], [83.3400318, 17.7500222], [83.3403038, 17.7497721], [83.3403506, 17.7497415], [83.3403974, 17.7497176], [83.3406825, 17.7496033], [83.3408089, 17.7495469], [83.3410339, 17.7494058], [83.3411452, 17.7493521], [83.341459, 17.7492768], [83.3418583, 17.7491898]]}}, {"type": "Feature", "properties": {"osm_id": 134047242, "highway": "tertiary", "name": "Kailasgiri Road", "oneway": "no"}, "geometry": {"type": "LineString", "coordinates": [[83.3421926, 17.7534981], [83.3424555, 17.7533422], [83.3426419, 17.7531966], [83.3427892, 17.7531315], [83.3428672, 17.753097], [83.3430724, 17.7530217], [83.3432199, 17.7529501], [83.3433808, 17.7528186], [83.3436558, 17.7525631], [83.3437433, 17.7525173], [83.3438491, 17.7524691], [83.3440228, 17.7524094], [83.3443297, 17.7523274], [83.3445639, 17.7522458], [83.3447421, 17.7521863], [83.344962, 17.7520791], [83.3452959, 17.7519051], [83.3454279, 17.7518309], [83.3455721, 17.7517395], [83.3456929, 17.7516525], [83.3462618, 17.7512035], [83.3463434, 17.7511338], [83.3464214, 17.7510809], [83.3465015, 17.7510378], [83.3466638, 17.7509575], [83.3470622, 17.7507379], [83.347222, 17.7506378], [83.3476559, 17.7502954], [83.3478938, 17.750085], [83.3480991, 17.7498569], [83.3483097, 17.7495086], [83.348418, 17.749264], [83.3484245, 17.7492189], [83.348417, 17.7491757], [83.3483935, 17.7491382], [83.3483664, 17.7491127], [83.3482931, 17.7490724], [83.3482028, 17.7490454], [83.3476397, 17.7489931], [83.3474769, 17.7489908], [83.3473602, 17.7489819], [83.3472386, 17.7489399], [83.3471209, 17.7488792], [83.3470276, 17.7488139], [83.3469651, 17.7487643], [83.3469143, 17.7487164], [83.3469077, 17.7486677], [83.3469214, 17.748619], [83.3470286, 17.7484338], [83.3473974, 17.7480206], [83.3476268, 17.7477798], [83.3477381, 17.7476495], [83.3478101, 17.7475523], [83.3478423, 17.7475012], [83.3478577, 17.7474136], [83.3478563, 17.7472905], [83.3478764, 17.7470791], [83.3479066, 17.7469318], [83.3479212, 17.746825], [83.3479158, 17.7467335], [83.3478704, 17.7466684], [83.3477904, 17.7465948], [83.3475969, 17.746536], [83.3469969, 17.7465082], [83.3464305, 17.7465332], [83.3457958, 17.7465943], [83.345017, 17.7467886], [83.3444118, 17.7469622], [83.3442271, 17.7469904], [83.3441721, 17.7470313], [83.344173, 17.7470848], [83.3442204, 17.7471245], [83.3442937, 17.7471359], [83.3444964, 17.7471036], [83.3451779, 17.7470083], [83.3453536, 17.7469981], [83.3456768, 17.7470147], [83.3458243, 17.7470351], [83.3459263, 17.747076], [83.3460179, 17.7471379], [83.3460888, 17.7472208], [83.3461341, 17.7473187]]}}, {"type": "Feature", "properties": {"osm_id": 134413064, "highway": "secondary", "junction": "roundabout", "name": "RTC Complex Road"}, "geometry": {"type": "LineString", "coordinates": [[83.305366, 17.7237008], [83.3053408, 17.7236591], [83.3053028, 17.7236275], [83.3052561, 17.7236093], [83.3052057, 17.7236065], [83.3051571, 17.7236194], [83.3051155, 17.7236466]]}}, {"type": "Feature", "properties": {"osm_id": 134413065, "highway": "primary", "junction": "roundabout"}, "geometry": {"type": "LineString", "coordinates": [[83.3065013, 17.7200346], [83.3065164, 17.7199934], [83.30652, 17.7199485], [83.3065097, 17.7199103], [83.3064821, 17.7198684]]}}, {"type": "Feature", "properties": {"osm_id": 134413066, "highway": "secondary", "name": "RTC Complex Road", "oneway": "yes"}, "geometry": {"type": "LineString", "coordinates": [[83.3060163, 17.7243807], [83.3057404, 17.7241789], [83.3055767, 17.7240346]]}}, {"type": "Feature", "properties": {"osm_id": 134413067, "highway": "primary", "name": "Rednam Gardens Road", "oneway": "yes"}, "geometry": {"type": "LineString", "coordinates": [[83.3064821, 17.7198684], [83.3066615, 17.7197756], [83.3069095, 17.7196915], [83.3070082, 17.7196499], [83.307116, 17.7196213], [83.307462, 17.719551], [83.3075559, 17.7195178], [83.3075906, 17.719495], [83.3076122, 17.7194807], [83.3076726, 17.719413], [83.3077244, 17.7193106], [83.3077598, 17.7192406], [83.3078845, 17.7190259], [83.307918, 17.7189761], [83.3080045, 17.7188483], [83.3080453, 17.7187992], [83.308094, 17.7187531], [83.3082077, 17.7186708], [83.3087049, 17.7183621], [83.3088762, 17.718261], [83.3093173, 17.7179925], [83.3094852, 17.7178953]]}}, {"type": "Feature", "properties": {"osm_id": 134413071, "highway": "secondary", "name": "Dimond Park Road", "oneway": "yes"}, "geometry": {"type": "LineString", "coordinates": [[83.3034401, 17.725068], [83.3034417, 17.7248399], [83.3034254, 17.7244687], [83.3034017, 17.7241471], [83.3032893, 17.7228578], [83.3032198, 17.7220236], [83.3031909, 17.7216766], [83.3032029, 17.7216128], [83.3032396, 17.7215359], [83.3032874, 17.7214591]]}}, {"type": "Feature", "properties": {"osm_id": 145115773, "highway": "tertiary", "name": "80 Feet Road", "oneway": "yes", "source": "Bing"}, "geometry": {"type": "LineString", "coordinates": [[83.2898394, 17.734719], [83.2898965, 17.7347308], [83.290024, 17.7347573], [83.2902469, 17.7347946], [83.2914588, 17.7349869], [83.292015, 17.735071], [83.2921151, 17.7350874], [83.2933973, 17.7353038], [83.2935196, 17.7353244], [83.2937707, 17.7353668], [83.2944438, 17.7353565], [83.2945729, 17.7353546], [83.295305, 17.7353387], [83.2956823, 17.7353413], [83.2957422, 17.7353438], [83.296166, 17.7353463], [83.2963963, 17.7353434], [83.2966635, 17.7353284], [83.2971121, 17.7353374], [83.2971582, 17.7353384], [83.2972551, 17.7353393], [83.2974722, 17.7353489], [83.2979148, 17.7353719], [83.2980423, 17.7353791], [83.2983177, 17.7353948], [83.2985303, 17.7354012], [83.2991003, 17.735405], [83.2993589, 17.7353758], [83.2996539, 17.7353425], [83.2998483, 17.7353205], [83.299897, 17.735315], [83.299977, 17.7353084]]}}, {"type": "Feature", "properties": {"osm_id": 145333235, "highway": "tertiary", "maxspeed": "10", "name": "Railway New Colony", "source": "Bing;gps;osm notes;survey;streetlevel imagery;local knowledge;aerial imagery"}, "geometry": {"type": "LineString", "coordinates": [[83.2920662, 17.7288842], [83.2920638, 17.7290581], [83.2920629, 17.7293199], [83.2920711, 17.7296685], [83.2920472, 17.7302349], [83.2920506, 17.7308157], [83.2920522, 17.7310326], [83.2920537, 17.7314351], [83.2920551, 17.7318056], [83.2920507, 17.7320504], [83.2920406, 17.7323522], [83.2920287, 17.7325343], [83.2920066, 17.7331555], [83.2919918, 17.7334205], [83.2919919, 17.733471], [83.2919953, 17.7336049], [83.2919965, 17.7336917], [83.2920285, 17.7341383], [83.2920356, 17.7345449], [83.2920366, 17.7345697], [83.2920434, 17.7346859], [83.2920663, 17.734807], [83.2921044, 17.7349554], [83.2921151, 17.7350874]]}}, {"type": "Feature", "properties": {"osm_id": 145667920, "highway": "secondary"}, "geometry": {"type": "LineString", "coordinates": [[83.2988892, 17.725224], [83.2988452, 17.7250667], [83.2988012, 17.7249402], [83.298636, 17.7245813], [83.2985541, 17.7244217], [83.2984791, 17.7242966], [83.2983052, 17.7240044], [83.2982039, 17.7238267], [83.2981096, 17.7236292], [83.2979579, 17.7233003], [83.29755, 17.7224192], [83.2972829, 17.7217995], [83.2971193, 17.7214125], [83.2969478, 17.7209858], [83.2968829, 17.7208378], [83.2968398, 17.7207661]]}}, {"type": "Feature", "properties": {"osm_id": 145674759, "highway": "secondary", "source": "Bing"}, "geometry": {"type": "LineString", "coordinates": [[83.2982103, 17.7441432], [83.2983164, 17.74358], [83.2983624, 17.7433657], [83.2984658, 17.7428964], [83.298574, 17.7422867], [83.2987033, 17.7417164], [83.2988719, 17.7411017], [83.2989482, 17.7408298], [83.2989711, 17.7407532], [83.2990142, 17.7406039]]}}, {"type": "Feature", "properties": {"osm_id": 145733730, "highway": "tertiary", "source": "Bing"}, "geometry": {"type": "LineString", "coordinates": [[83.2887086, 17.7402326], [83.2886744, 17.7402688], [83.2886239, 17.7403027], [83.2885017, 17.7403653], [83.2883553, 17.7404254], [83.2881603, 17.7404882], [83.2875533, 17.740703], [83.2870461, 17.7409593], [83.286899, 17.7410554], [83.286234, 17.7414898], [83.2861061, 17.7415499], [83.2857604, 17.7416608], [83.2853543, 17.7417277], [83.2851754, 17.7417821], [83.2846713, 17.7418984], [83.2844616, 17.7419508], [83.2842868, 17.742017], [83.2840842, 17.7420937], [83.2838005, 17.7422012], [83.2835933, 17.7422776], [83.2834736, 17.7423075], [83.2831769, 17.7423817], [83.2830328, 17.7424094], [83.2828788, 17.7424365], [83.2827178, 17.7424347], [83.2824585, 17.7424318], [83.2823183, 17.7424197], [83.2817825, 17.7423603], [83.2817136, 17.7423629], [83.2816533, 17.7423801], [83.2816248, 17.7424393], [83.2816229, 17.7424798], [83.2816439, 17.7425524], [83.2816279, 17.7426162], [83.2815622, 17.7426577], [83.2810895, 17.7427434], [83.2804484, 17.7429512], [83.2802505, 17.7430258], [83.2800403, 17.7431249], [83.2796943, 17.743287], [83.2792602, 17.7434968], [83.2787964, 17.7437144], [83.2780823, 17.7439143], [83.2776738, 17.7439739], [83.2775532, 17.7439828], [83.2770591, 17.7440194], [83.2762353, 17.7440239], [83.2758689, 17.744051], [83.2758041, 17.7440635], [83.2757322, 17.7440961], [83.2756262, 17.7441735], [83.275561, 17.7441935], [83.2754938, 17.7441961], [83.2752654, 17.7441498], [83.2750688, 17.7440999], [83.274858, 17.7440198], [83.2745721, 17.7438979], [83.2744349, 17.7438103], [83.2743185, 17.7436752], [83.2742877, 17.7436388], [83.2741707, 17.7435007], [83.2741465, 17.7434758], [83.2740046, 17.7433298], [83.2738908, 17.7432128], [83.2737536, 17.7431087], [83.2736258, 17.7429787], [83.2735486, 17.7428783], [83.2734275, 17.7427209], [83.2731277, 17.7422079], [83.2729653, 17.7419165], [83.2725439, 17.7412752], [83.2722632, 17.7408367], [83.2721961, 17.7407002], [83.2721309, 17.7405079], [83.2720981, 17.7404111], [83.2719219, 17.7394823], [83.2718832, 17.739278], [83.2718254, 17.7389733], [83.2716946, 17.7383881], [83.2716167, 17.7382008], [83.2715565, 17.738091], [83.2714697, 17.7379473], [83.2713844, 17.7376897], [83.2713431, 17.737565], [83.2712501, 17.7370301], [83.271211, 17.7369375], [83.2711539, 17.7368381], [83.2711177, 17.7367759]]}}, {"type": "Feature", "properties": {"osm_id": 148517684, "highway": "secondary", "oneway": "yes", "source": "Bing"}, "geometry": {"type": "LineString", "coordinates": [[83.3143553, 17.7429069], [83.3142899, 17.7428997], [83.3136536, 17.7428293], [83.3135608, 17.7428081], [83.3133771, 17.7427367], [83.3130611, 17.7426297], [83.3127084, 17.7425331], [83.3123623, 17.7424808], [83.3118986, 17.7424319], [83.3114459, 17.7423846], [83.3109985, 17.742327], [83.3107974, 17.7423129], [83.3104353, 17.7422747], [83.3103881, 17.7422702], [83.3103025, 17.7422619], [83.3100303, 17.7422274], [83.3096017, 17.74218], [83.3091015, 17.742126], [83.3086114, 17.7420869], [83.3081266, 17.7420345], [83.3076876, 17.7419924], [83.307286, 17.7419515], [83.3071576, 17.7419384], [83.3069076, 17.7419154], [83.306471, 17.7418726], [83.3063215, 17.741858], [83.3056564, 17.7417607], [83.3052147, 17.7417035], [83.3045753, 17.741639], [83.30413, 17.7416241], [83.3040815, 17.7416683]]}}, {"type": "Feature", "properties": {"osm_id": 148517686, "highway": "tertiary", "source": "Bing"}, "geometry": {"type": "LineString", "coordinates": [[83.3234963, 17.7383951], [83.3233916, 17.7389898], [83.3232993, 17.7395471], [83.322259, 17.7395401], [83.3219151, 17.7395274], [83.3214677, 17.7395396], [83.3212532, 17.7395588], [83.3206657, 17.7395947], [83.3201301, 17.7396596], [83.3200207, 17.7396728], [83.3195138, 17.7396726], [83.319464, 17.7400277], [83.3193546, 17.740388], [83.3191209, 17.7404129], [83.3185531, 17.7404884], [83.3180974, 17.7405163], [83.3178984, 17.7405549], [83.317854, 17.7405486], [83.3178272, 17.7405222], [83.3177798, 17.7403455], [83.3177523, 17.7402795], [83.3176955, 17.7402366], [83.3175987, 17.7402171], [83.3171244, 17.7402322], [83.3169393, 17.7402442]]}}, {"type": "Feature", "properties": {"osm_id": 148517696, "highway": "tertiary", "source": "Bing"}, "geometry": {"type": "LineString", "coordinates": [[83.3215476, 17.7365688], [83.3213916, 17.7367226], [83.3212953, 17.7367946], [83.3208913, 17.736935], [83.3206621, 17.7370493], [83.3205938, 17.7371065], [83.3205578, 17.7371772], [83.3205326, 17.7372889], [83.3204874, 17.7373639], [83.3204029, 17.737424], [83.3202191, 17.7375556], [83.3201425, 17.7376488], [83.3200659, 17.7377216], [83.3199177, 17.7377972], [83.3197312, 17.7378542], [83.3194166, 17.7378939], [83.3192073, 17.7379349], [83.319061, 17.738006], [83.3189129, 17.7381052], [83.3188241, 17.738153], [83.3187015, 17.7381909], [83.3183868, 17.7382165], [83.3181906, 17.7382032], [83.3180095, 17.7382278], [83.3178815, 17.738284], [83.3177407, 17.7383681], [83.317637, 17.7384304], [83.3175552, 17.7384695], [83.3174443, 17.7384979], [83.3172992, 17.7385189], [83.3168892, 17.7385495], [83.3168206, 17.7385606], [83.3167336, 17.7385992], [83.3166485, 17.7386625], [83.3166006, 17.7387369], [83.3165559, 17.7387961], [83.3164972, 17.7388286], [83.3164076, 17.7388382], [83.3162479, 17.7388522], [83.315831, 17.7388574]]}}, {"type": "Feature", "properties": {"osm_id": 170441204, "highway": "primary", "oneway": "yes"}, "geometry": {"type": "LineString", "coordinates": [[83.3180315, 17.7243351], [83.3180437, 17.7243314], [83.3181017, 17.7243138], [83.318253, 17.7242699], [83.3183695, 17.7242371], [83.318632, 17.7241519], [83.3187298, 17.7241243]]}}, {"type": "Feature", "properties": {"osm_id": 170751810, "highway": "tertiary", "lane_markings": "no", "name": "Ram Nagar Road", "oneway": "no", "surface": "asphalt"}, "geometry": {"type": "LineString", "coordinates": [[83.3091492, 17.7221123], [83.3093329, 17.7221118], [83.3099465, 17.7220975], [83.3103017, 17.7220837], [83.3107879, 17.722069], [83.312217, 17.7220833], [83.3123533, 17.7223295], [83.3124784, 17.7224958], [83.3127779, 17.7228988], [83.3128409, 17.7229579], [83.3129258, 17.7229651], [83.3136329, 17.7229753], [83.3136407, 17.7230232], [83.3135991, 17.7236416], [83.3135833, 17.7237421], [83.3135137, 17.723992], [83.3133012, 17.7246339]]}}, {"type": "Feature", "properties": {"osm_id": 171382634, "highway": "tertiary", "oneway": "yes"}, "geometry": {"type": "LineString", "coordinates": [[83.311513, 17.724275], [83.3114137, 17.7242273], [83.311292, 17.7241761], [83.3111546, 17.7241278], [83.3107831, 17.724015], [83.3101082, 17.7238076], [83.3099945, 17.7237765], [83.3097761, 17.7237257], [83.3097052, 17.7237124], [83.3093079, 17.7236382], [83.3092149, 17.7236184], [83.3091796, 17.7236015], [83.3091545, 17.7235724], [83.3091465, 17.723483], [83.3091559, 17.7233067], [83.3091203, 17.7232124]]}}, {"type": "Feature", "properties": {"osm_id": 171521164, "access": "yes", "designation": "Adarsh Nagar Road", "highway": "tertiary", "lanes": "2", "name": "Adarsh Nagar Road", "oneway": "yes", "surface": "paved"}, "geometry": {"type": "LineString", "coordinates": [[83.3388161, 17.7429543], [83.3384745, 17.7416838], [83.3381944, 17.7407033], [83.3381512, 17.740492]]}}, {"type": "Feature", "properties": {"osm_id": 171531400, "highway": "tertiary", "oneway": "yes"}, "geometry": {"type": "LineString", "coordinates": [[83.3311606, 17.7476384], [83.3312711, 17.7475523]]}}, {"type": "Feature", "properties": {"osm_id": 171531404, "highway": "tertiary"}, "geometry": {"type": "LineString", "coordinates": [[83.3322576, 17.7470051], [83.3331476, 17.7473634], [83.3332045, 17.7473932], [83.3332393, 17.7474146]]}}, {"type": "Feature", "properties": {"osm_id": 218742182, "highway": "tertiary", "name": "Visakha Valley Road", "oneway": "yes"}, "geometry": {"type": "LineString", "coordinates": [[83.3393023, 17.7636397], [83.3393663, 17.7635999], [83.3396471, 17.7634329], [83.3403195, 17.7630851], [83.3428876, 17.7621661], [83.34323, 17.7620167], [83.3437271, 17.7618337], [83.3442904, 17.761657], [83.3445643, 17.7616002], [83.3451033, 17.7614424], [83.3457285, 17.7612552], [83.3462763, 17.7610869], [83.3471688, 17.7608386], [83.3473079, 17.7607924], [83.3476172, 17.7607166], [83.3481672, 17.7606262], [83.348693, 17.7605588], [83.3489925, 17.7605239], [83.3493841, 17.7604575], [83.3495813, 17.7604332], [83.34982, 17.7603987], [83.3500654, 17.7603579], [83.3504382, 17.7602365], [83.3508821, 17.7600909], [83.3512316, 17.7600186], [83.3514655, 17.7599663], [83.3517559, 17.75993], [83.3520469, 17.75991], [83.3524451, 17.759876], [83.3525262, 17.7598286]]}}, {"type": "Feature", "properties": {"osm_id": 218745622, "dual_carriageway": "yes", "highway": "primary", "lanes": "2", "name": "Anakapalli - Visakhapatnam - Anandapuram Main Road", "oneway": "yes", "ref:old": "NH5", "surface": "asphalt"}, "geometry": {"type": "LineString", "coordinates": [[83.2338574, 17.7397279], [83.2339984, 17.7403854]]}}, {"type": "Feature", "properties": {"osm_id": 218745623, "bridge": "yes", "dual_carriageway": "yes", "highway": "primary", "lanes": "2", "layer": "1", "name": "Anakapalli - Visakhapatnam - Anandapuram Main Road", "oneway": "yes", "ref:old": "NH5", "surface": "asphalt"}, "geometry": {"type": "LineString", "coordinates": [[83.2339984, 17.7403854], [83.2340831, 17.7407692]]}}, {"type": "Feature", "properties": {"osm_id": 218745624, "dual_carriageway": "yes", "highway": "primary", "lanes": "2", "name": "Anakapalli - Visakhapatnam - Anandapuram Main Road", "oneway": "yes", "ref:old": "NH5", "source": "Bing", "surface": "asphalt"}, "geometry": {"type": "LineString", "coordinates": [[83.2341662, 17.740388], [83.2340277, 17.7396888]]}}, {"type": "Feature", "properties": {"osm_id": 218745625, "bridge": "yes", "dual_carriageway": "yes", "highway": "primary", "lanes": "2", "layer": "1", "name": "Anakapalli - Visakhapatnam - Anandapuram Main Road", "oneway": "yes", "ref:old": "NH5", "source": "Bing", "surface": "asphalt"}, "geometry": {"type": "LineString", "coordinates": [[83.2342588, 17.7407305], [83.2341662, 17.740388]]}}, {"type": "Feature", "properties": {"osm_id": 218745626, "bridge": "yes", "dual_carriageway": "yes", "highway": "primary", "lanes": "2", "layer": "1", "name": "Anakapalli - Visakhapatnam - Anandapuram Main Road", "oneway": "yes", "ref:old": "NH5", "surface": "asphalt"}, "geometry": {"type": "LineString", "coordinates": [[83.2336939, 17.7389551], [83.2338574, 17.7397279]]}}, {"type": "Feature", "properties": {"osm_id": 218745627, "bridge": "yes", "dual_carriageway": "yes", "highway": "primary", "lanes": "2", "layer": "1", "name": "Anakapalli - Visakhapatnam - Anandapuram Main Road", "oneway": "yes", "ref:old": "NH5", "source": "Bing", "surface": "asphalt"}, "geometry": {"type": "LineString", "coordinates": [[83.2340277, 17.7396888], [83.2338969, 17.738915]]}}, {"type": "Feature", "properties": {"osm_id": 218745628, "dual_carriageway": "yes", "highway": "primary", "lanes": "2", "name": "Anakapalli - Visakhapatnam - Anandapuram Main Road", "oneway": "yes", "ref:old": "NH5", "source": "Bing", "surface": "asphalt"}, "geometry": {"type": "LineString", "coordinates": [[83.2338969, 17.738915], [83.2337907, 17.7385389], [83.2336996, 17.738285], [83.2336015, 17.738082], [83.2334303, 17.7377998], [83.2333019, 17.7375944], [83.2327516, 17.7369359], [83.2323494, 17.736573], [83.2319044, 17.7362656], [83.2316431, 17.7361235], [83.2314703, 17.7360296], [83.228271, 17.7344701], [83.2273832, 17.7340463], [83.2257111, 17.733248], [83.2239084, 17.7324007], [83.2237996, 17.7323484], [83.2235865, 17.7322461], [83.2235396, 17.7322235], [83.2234602, 17.7321864], [83.2233801, 17.7321476], [83.2231787, 17.7320503]]}}, {"type": "Feature", "properties": {"osm_id": 218745629, "bridge": "yes", "dual_carriageway": "yes", "highway": "primary", "lanes": "2", "layer": "1", "name": "Anakapalli - Visakhapatnam - Anandapuram Main Road Flyover", "oneway": "yes", "ref:old": "NH5", "surface": "asphalt"}, "geometry": {"type": "LineString", "coordinates": [[83.2341477, 17.7410366], [83.2342039, 17.7411833], [83.2344272, 17.7415747], [83.2345817, 17.7417869], [83.2347339, 17.741985], [83.2349539, 17.742267], [83.2350404, 17.7423768], [83.235096, 17.7424733], [83.2351108, 17.7425473], [83.2351128, 17.7426706]]}}, {"type": "Feature", "properties": {"osm_id": 218745631, "highway": "primary", "lanes": "1", "oneway": "yes"}, "geometry": {"type": "LineString", "coordinates": [[83.3195734, 17.7346831], [83.3196038, 17.7347328], [83.3196414, 17.7348067], [83.319678, 17.7349273], [83.3196851, 17.7349593], [83.31969, 17.7349815], [83.3197009, 17.7351417], [83.3196915, 17.7352318]]}}, {"type": "Feature", "properties": {"osm_id": 218745632, "highway": "primary", "lanes": "1", "oneway": "yes"}, "geometry": {"type": "LineString", "coordinates": [[83.3204057, 17.7354474], [83.3202285, 17.7352564], [83.3201403, 17.7351432], [83.3200553, 17.7350342], [83.3197583, 17.7346862]]}}, {"type": "Feature", "properties": {"osm_id": 218746134, "dual_carriageway": "yes", "highway": "primary", "lanes": "2", "name": "Anakapalli - Visakhapatnam - Anandapuram Main Road", "oneway": "yes", "ref:old": "NH5", "surface": "asphalt"}, "geometry": {"type": "LineString", "coordinates": [[83.2133228, 17.7282457], [83.2150674, 17.7287511], [83.217685, 17.7295522], [83.2183789, 17.7298717], [83.2222912, 17.7317581], [83.2223196, 17.7317714], [83.2231071, 17.7321389], [83.2233333, 17.7322478], [83.223408, 17.7322837], [83.2234926, 17.7323218], [83.2235398, 17.7323442], [83.2238474, 17.7324902], [83.2255706, 17.7332962], [83.2287956, 17.7348557], [83.2294298, 17.7351624], [83.2296171, 17.7352529], [83.2300149, 17.7354453], [83.2312035, 17.73602], [83.2315299, 17.7362053], [83.2319046, 17.736418], [83.2322465, 17.7366792], [83.232438, 17.7368564], [83.2326759, 17.7370766], [83.232736, 17.7371459], [83.2329472, 17.7373894], [83.2332362, 17.7378137], [83.2334132, 17.7381301], [83.2335811, 17.7385628], [83.2336939, 17.7389551]]}}, {"type": "Feature", "properties": {"osm_id": 218746137, "bridge": "yes", "dual_carriageway": "yes", "highway": "primary", "lanes": "2", "layer": "1", "name": "Anakapalli - Visakhapatnam - Anandapuram Main Road", "oneway": "yes", "ref:old": "NH5", "surface": "asphalt"}, "geometry": {"type": "LineString", "coordinates": [[83.2056142, 17.7239313], [83.2068712, 17.7246922]]}}, {"type": "Feature", "properties": {"osm_id": 218746139, "bridge": "yes", "dual_carriageway": "yes", "highway": "primary", "lanes": "2", "layer": "1", "name": "Anakapalli - Visakhapatnam - Anandapuram Main Road", "oneway": "yes", "ref:old": "NH5", "source": "Bing", "surface": "asphalt"}, "geometry": {"type": "LineString", "coordinates": [[83.2069809, 17.7245701], [83.2057203, 17.7237776]]}}, {"type": "Feature", "properties": {"osm_id": 218746140, "dual_carriageway": "yes", "highway": "primary", "lanes": "2", "name": "Anakapalli - Visakhapatnam - Anandapuram Main Road", "oneway": "yes", "ref:old": "NH5", "source": "Bing", "surface": "asphalt"}, "geometry": {"type": "LineString", "coordinates": [[83.2057203, 17.7237776], [83.2047532, 17.7231051], [83.2044602, 17.7228826], [83.2043144, 17.7227345], [83.2041613, 17.7225575], [83.2039049, 17.7222175], [83.2038244, 17.7220711], [83.2036808, 17.7217466], [83.2036366, 17.7215101], [83.203581, 17.7211646], [83.2035732, 17.7207399], [83.2036747, 17.7199149], [83.2037158, 17.7196869], [83.2037262, 17.719593], [83.2037387, 17.719509], [83.2038005, 17.7191396], [83.2038258, 17.7189392], [83.2040512, 17.7171553], [83.2041632, 17.7164702], [83.2044413, 17.7144558], [83.2045458, 17.7137092], [83.204742, 17.7125565], [83.2048367, 17.7119752], [83.2049192, 17.7113559], [83.2049642, 17.7110777], [83.2050338, 17.7106421], [83.2050761, 17.71037], [83.2051082, 17.7102122], [83.2051313, 17.7100368], [83.2051845, 17.7096371], [83.2052312, 17.7092038], [83.2053207, 17.7086179], [83.2054186, 17.7079614], [83.2056824, 17.706244], [83.2058011, 17.7054396], [83.2058229, 17.705163], [83.2058084, 17.7046925], [83.2057758, 17.7040839], [83.2057433, 17.7034723], [83.2056596, 17.7024908], [83.2056172, 17.7018415], [83.2055323, 17.700506], [83.2054567, 17.6992387], [83.2053962, 17.6982155], [83.205334, 17.6972596], [83.2052189, 17.6953714], [83.2052096, 17.6950198], [83.2052172, 17.6947936], [83.2052371, 17.6945436], [83.2052673, 17.6942898], [83.205309, 17.6940248], [83.2053262, 17.6939086], [83.2053597, 17.6937166], [83.2053935, 17.6934775], [83.2055752, 17.6924812], [83.2057755, 17.6911995], [83.2058015, 17.6910102], [83.2058249, 17.6908002], [83.2058472, 17.6905586], [83.205836, 17.6902821], [83.2058058, 17.6899731], [83.2057713, 17.6897902], [83.2057316, 17.6896187], [83.2056616, 17.6894244]]}}, {"type": "Feature", "properties": {"osm_id": 218756732, "bridge": "yes", "dual_carriageway": "yes", "highway": "primary", "lanes": "2", "layer": "1", "name": "Anakapalli - Visakhapatnam - Anandapuram Main Road", "oneway": "yes", "ref:old": "NH5", "surface": "asphalt"}, "geometry": {"type": "LineString", "coordinates": [[83.1812475, 17.6847973], [83.1820069, 17.6847858]]}}, {"type": "Feature", "properties": {"osm_id": 218756733, "bridge": "yes", "dual_carriageway": "yes", "highway": "primary", "lanes": "2", "layer": "1", "name": "Anakapalli - Visakhapatnam - Anandapuram Main Road", "oneway": "yes", "ref:old": "NH5", "source": "Bing", "surface": "asphalt"}, "geometry": {"type": "LineString", "coordinates": [[83.1820383, 17.684662], [83.1812396, 17.684684]]}}, {"type": "Feature", "properties": {"osm_id": 218756736, "dual_carriageway": "yes", "highway": "primary", "lanes": "2", "name": "Anakapalli - Visakhapatnam - Anandapuram Main Road", "oneway": "yes", "ref:old": "NH5", "surface": "asphalt"}, "geometry": {"type": "LineString", "coordinates": [[83.1820069, 17.6847858], [83.183091, 17.6847597], [83.1833764, 17.6847399], [83.1837625, 17.6846857], [83.1841276, 17.6845977], [83.1843848, 17.6845309], [83.1845261, 17.6844857], [83.1855947, 17.6841522], [83.1862699, 17.683945], [83.1867, 17.6838265], [83.1871498, 17.6837313], [83.1875621, 17.6836816], [83.188082, 17.6836566], [83.1883223, 17.6836536], [83.1884719, 17.6836496], [83.1888583, 17.683627], [83.190146, 17.683592], [83.191549, 17.6835437], [83.1930669, 17.6835137], [83.193699, 17.6834868], [83.193824, 17.683479], [83.194067, 17.6834782], [83.1941451, 17.6834747], [83.1946503, 17.6834578], [83.1951827, 17.6834399], [83.1955553, 17.6834274], [83.1960872, 17.6834176], [83.1964715, 17.6834076], [83.1969727, 17.6833945], [83.19705, 17.6833925], [83.197267, 17.6833769], [83.1986523, 17.6833445], [83.1989378, 17.6833365], [83.1993791, 17.6833242], [83.1995168, 17.6833255], [83.1996952, 17.6833271], [83.1997657, 17.6833278], [83.199924, 17.6833341], [83.2000861, 17.6833523], [83.2001383, 17.6833581], [83.2002942, 17.6833842], [83.2005596, 17.683447], [83.2008478, 17.6835426], [83.2011102, 17.6836489], [83.2012833, 17.6837316], [83.2014789, 17.6838465], [83.2020402, 17.684172], [83.202073, 17.6841947], [83.2022468, 17.6843147], [83.2023804, 17.684407], [83.2027143, 17.6846562], [83.2028282, 17.684717], [83.2030082, 17.6848566]]}}, {"type": "Feature", "properties": {"osm_id": 218756743, "highway": "primary", "lanes": "1", "oneway": "yes"}, "geometry": {"type": "LineString", "coordinates": [[83.2038071, 17.6856095], [83.2038849, 17.6854959], [83.2039272, 17.6854463], [83.2039832, 17.6854252], [83.2040393, 17.6854246], [83.204133, 17.6854317]]}}, {"type": "Feature", "properties": {"osm_id": 218756744, "highway": "secondary", "lanes": "1", "oneway": "yes"}, "geometry": {"type": "LineString", "coordinates": [[83.2040155, 17.6852447], [83.2039286, 17.6851916], [83.2038445, 17.6851463], [83.2037671, 17.6851059], [83.2036554, 17.6850469], [83.2034993, 17.6849728], [83.2033566, 17.6849078], [83.2031381, 17.6848227]]}}, {"type": "Feature", "properties": {"osm_id": 224489177, "highway": "tertiary", "name": "Krishna Road", "oneway": "no"}, "geometry": {"type": "LineString", "coordinates": [[83.3198458, 17.7436171], [83.3200121, 17.743612], [83.3203621, 17.7435967], [83.3206236, 17.7435609], [83.3208396, 17.74352], [83.3210944, 17.7434728], [83.3213518, 17.7434754], [83.3215047, 17.7434625], [83.3218335, 17.7434968], [83.3221369, 17.7434968], [83.3223445, 17.7434937], [83.3225, 17.743482], [83.3226256, 17.7434725], [83.3228875, 17.7434299], [83.3232178, 17.7434099]]}}, {"type": "Feature", "properties": {"osm_id": 233399662, "highway": "tertiary"}, "geometry": {"type": "LineString", "coordinates": [[83.205334, 17.6972596], [83.2052311, 17.6972691], [83.2051375, 17.6972833], [83.2048518, 17.6973243], [83.2045301, 17.6973824], [83.2029436, 17.6976991], [83.2016842, 17.697944], [83.2004528, 17.6982003], [83.2001234, 17.6982688], [83.1999725, 17.6983002], [83.1993727, 17.6984193], [83.1961421, 17.6990649], [83.1932536, 17.6996599], [83.1917545, 17.6999661], [83.191503, 17.7000149], [83.1909027, 17.7001384], [83.1906482, 17.7001872], [83.1905419, 17.7002076], [83.1895333, 17.7004146], [83.1885054, 17.7006201]]}}, {"type": "Feature", "properties": {"osm_id": 233399663, "highway": "tertiary"}, "geometry": {"type": "LineString", "coordinates": [[83.2908139, 17.7113421], [83.2905089, 17.7113187], [83.2899581, 17.7113736], [83.2884631, 17.7115161], [83.2872623, 17.7116305], [83.2870288, 17.7116532], [83.2869099, 17.7116613], [83.2867865, 17.7116828]]}}, {"type": "Feature", "properties": {"osm_id": 233399668, "highway": "tertiary", "name": "Auto Nagar Road"}, "geometry": {"type": "LineString", "coordinates": [[83.1883469, 17.6999613], [83.1882989, 17.6997729], [83.1881579, 17.6992242], [83.1878589, 17.6979717], [83.1878212, 17.6978137], [83.1876671, 17.6971886], [83.1874964, 17.6965254], [83.1873507, 17.6960319], [83.1873923, 17.6959344], [83.1879507, 17.6949703], [83.1883401, 17.6942637], [83.1884791, 17.6939928], [83.1888574, 17.6933467], [83.1891739, 17.6928459], [83.1895434, 17.6924306], [83.1896622, 17.6923083], [83.1897547, 17.6922131], [83.190007, 17.6919533], [83.1901147, 17.6918327], [83.190202, 17.6917131], [83.1902076, 17.691592], [83.1901887, 17.6914375], [83.1901433, 17.6911869], [83.1897007, 17.6890946], [83.1895778, 17.6885329], [83.1894061, 17.687787], [83.1892343, 17.687041], [83.1891222, 17.6865267], [83.1889682, 17.6858207], [83.1889031, 17.6855045], [83.1887202, 17.6847154], [83.1884845, 17.683723], [83.1884719, 17.6836496], [83.1884389, 17.6835149]]}}, {"type": "Feature", "properties": {"osm_id": 233399695, "highway": "tertiary"}, "geometry": {"type": "LineString", "coordinates": [[83.2933517, 17.7032321], [83.2947584, 17.7026736], [83.2950942, 17.7025399], [83.2954405, 17.702402], [83.2955741, 17.7023488], [83.2959088, 17.7022016], [83.2959808, 17.7021699], [83.2964876, 17.7019762]]}}, {"type": "Feature", "properties": {"osm_id": 233399698, "highway": "tertiary"}, "geometry": {"type": "LineString", "coordinates": [[83.3345776, 17.7276849], [83.3346367, 17.7278003], [83.3349416, 17.7286253], [83.3351268, 17.7291307], [83.3352058, 17.7293863], [83.3352237, 17.7294457], [83.3352744, 17.7296133], [83.3353068, 17.7297858], [83.3354581, 17.7303813]]}}, {"type": "Feature", "properties": {"osm_id": 233399727, "highway": "secondary", "name": "Scindia Road"}, "geometry": {"type": "LineString", "coordinates": [[83.256239, 17.6990877], [83.2562962, 17.6993465], [83.2563995, 17.6999176], [83.2564639, 17.7003405], [83.2565631, 17.7009333], [83.2567133, 17.7015376], [83.2569386, 17.7020359], [83.2573865, 17.7027156], [83.2583336, 17.7041212]]}}, {"type": "Feature", "properties": {"osm_id": 258226671, "highway": "tertiary", "name": "North Main"}, "geometry": {"type": "LineString", "coordinates": [[83.3302439, 17.7228017], [83.3302639, 17.722728], [83.3303462, 17.7224242], [83.3303914, 17.7222759], [83.330425, 17.7221264], [83.3304461, 17.7220461], [83.3304777, 17.7219258], [83.3305442, 17.7217302], [83.3306327, 17.7215181], [83.330667, 17.7214897], [83.3307054, 17.7214755], [83.3312594, 17.7214919], [83.3316582, 17.7214517], [83.331977, 17.72143], [83.3323048, 17.721348], [83.3324872, 17.7212648], [83.3326122, 17.721088], [83.3327268, 17.7209034], [83.332791, 17.7207874], [83.3329738, 17.7205212], [83.3331834, 17.7202767], [83.3332275, 17.7202207], [83.3333754, 17.7200052], [83.3333921, 17.7199828], [83.3334521, 17.7199027], [83.3335526, 17.7197662], [83.3337127, 17.719555], [83.3337423, 17.7195221], [83.3338059, 17.7194513], [83.3338378, 17.7194158], [83.3338782, 17.7193659], [83.3339194, 17.7193122]]}}, {"type": "Feature", "properties": {"osm_id": 258241475, "highway": "tertiary"}, "geometry": {"type": "LineString", "coordinates": [[83.311084, 17.7104399], [83.3111547, 17.7104233], [83.3113828, 17.7103539], [83.3116769, 17.7102797], [83.3120206, 17.7102009], [83.3122431, 17.7101958], [83.3124793, 17.7102366], [83.3127233, 17.7103082], [83.3128602, 17.7103777], [83.3129995, 17.7105586], [83.3130801, 17.7107477], [83.3132383, 17.7111037], [83.3132612, 17.7111552], [83.3134338, 17.7116117], [83.3134563, 17.7116362], [83.313496, 17.7116523]]}}, {"type": "Feature", "properties": {"osm_id": 258241481, "highway": "tertiary"}, "geometry": {"type": "LineString", "coordinates": [[83.313496, 17.7116523], [83.3135358, 17.7116502], [83.3135695, 17.711632], [83.3147223, 17.7105879], [83.3148699, 17.7105163], [83.3149749, 17.7105126], [83.3150929, 17.7105791], [83.3152914, 17.7107145], [83.3154266, 17.7107887], [83.3157311, 17.7110304], [83.3157703, 17.7110817], [83.3158392, 17.7112057], [83.315868, 17.7112344], [83.3159211, 17.7112689]]}}, {"type": "Feature", "properties": {"osm_id": 279538631, "highway": "tertiary"}, "geometry": {"type": "LineString", "coordinates": [[83.3317211, 17.7363773], [83.3319329, 17.7363147], [83.332206, 17.7362339], [83.3323458, 17.7361852], [83.3324876, 17.7361358], [83.3326174, 17.736048], [83.3327796, 17.7359382], [83.3329948, 17.7356967], [83.3330647, 17.7355974], [83.3333025, 17.7353424], [83.3333357, 17.7353044], [83.3336058, 17.7351147], [83.3337354, 17.7350546], [83.3337987, 17.7350338], [83.3341945, 17.7349578], [83.3342929, 17.7349389]]}}, {"type": "Feature", "properties": {"osm_id": 279538637, "highway": "tertiary"}, "geometry": {"type": "LineString", "coordinates": [[83.3318381, 17.7345312], [83.3312866, 17.7350005], [83.331323, 17.735272], [83.3313643, 17.7354946], [83.3314469, 17.7357189], [83.33165, 17.7362114], [83.3317211, 17.7363773], [83.3318475, 17.7366545], [83.3320783, 17.7371605], [83.3321856, 17.7373718], [83.332672, 17.7372194], [83.3329349, 17.7371371], [83.3331362, 17.737091], [83.333223, 17.7370863], [83.3335456, 17.7370301], [83.3340961, 17.7369542], [83.3344402, 17.7369234], [83.3346525, 17.7369164]]}}, {"type": "Feature", "properties": {"osm_id": 279538668, "highway": "tertiary", "oneway": "yes"}, "geometry": {"type": "LineString", "coordinates": [[83.3351795, 17.7368772], [83.3352165, 17.7368693], [83.3354972, 17.7368092], [83.3355522, 17.7367702]]}}, {"type": "Feature", "properties": {"osm_id": 279538672, "highway": "tertiary"}, "geometry": {"type": "LineString", "coordinates": [[83.3381743, 17.7309464], [83.3382114, 17.7310504], [83.3383629, 17.7315537], [83.3384864, 17.7320666], [83.3385084, 17.7321925], [83.3385707, 17.7324658], [83.3387041, 17.7330512], [83.3387764, 17.7333686], [83.3388351, 17.7337468]]}}, {"type": "Feature", "properties": {"osm_id": 279538676, "highway": "tertiary"}, "geometry": {"type": "LineString", "coordinates": [[83.3370917, 17.7341799], [83.3375613, 17.7340588], [83.3388351, 17.7337468]]}}, {"type": "Feature", "properties": {"osm_id": 279538688, "highway": "tertiary"}, "geometry": {"type": "LineString", "coordinates": [[83.3276886, 17.7289568], [83.327717, 17.7289152], [83.3277644, 17.7288457], [83.3279768, 17.7285348], [83.3280425, 17.7284621], [83.328124, 17.7283999], [83.3282826, 17.728286], [83.3284512, 17.7281827], [83.3287606, 17.7279794], [83.3290275, 17.7277806], [83.3292108, 17.7276627], [83.3293262, 17.7275897], [83.3294772, 17.7274946], [83.3296511, 17.7273805], [83.3297546, 17.7273073], [83.3298586, 17.7272381], [83.3299911, 17.7271574], [83.3300903, 17.7270674], [83.3301966, 17.7270064], [83.3304787, 17.7268089], [83.3307411, 17.7266301], [83.3308146, 17.7265822], [83.3309118, 17.7265225], [83.3311139, 17.7263733], [83.331255, 17.7263074], [83.3313051, 17.726276], [83.331463, 17.7261986], [83.3316694, 17.7260697], [83.3321874, 17.7258138], [83.3323936, 17.7257102], [83.332532, 17.7256406], [83.3325698, 17.7256216], [83.3326207, 17.7255891], [83.3327891, 17.7254977], [83.3328476, 17.7254604], [83.3330713, 17.7253659], [83.3332487, 17.7252643], [83.333338, 17.7252094]]}}, {"type": "Feature", "properties": {"osm_id": 279542899, "highway": "tertiary"}, "geometry": {"type": "LineString", "coordinates": [[83.3373684, 17.7265626], [83.3379591, 17.7283595], [83.3382563, 17.7291679], [83.3385767, 17.7299888], [83.3388358, 17.7307452]]}}, {"type": "Feature", "properties": {"osm_id": 279947406, "highway": "tertiary", "name": "Port Main Road"}, "geometry": {"type": "LineString", "coordinates": [[83.2720268, 17.7231601], [83.271705, 17.7229389], [83.2707431, 17.7222777], [83.2706212, 17.7222017], [83.2702322, 17.7219592], [83.2699788, 17.721719], [83.2697932, 17.7214827], [83.2668405, 17.7170679], [83.2658115, 17.7154641], [83.2651849, 17.7145276], [83.2650625, 17.7142711], [83.2650391, 17.714185]]}}, {"type": "Feature", "properties": {"osm_id": 280178577, "highway": "tertiary"}, "geometry": {"type": "LineString", "coordinates": [[83.2314659, 17.6905082], [83.2315698, 17.6914052], [83.2315745, 17.6914611], [83.2315958, 17.6917164], [83.2316368, 17.6920531], [83.2316724, 17.6923567], [83.2317178, 17.692551], [83.2317071, 17.6926117], [83.2316708, 17.6926625], [83.2315978, 17.6926905], [83.2305614, 17.6929787], [83.2304597, 17.6930141], [83.23041, 17.6930536], [83.2303995, 17.6931161], [83.2303953, 17.6931409], [83.2303893, 17.6932946], [83.2303748, 17.6933502], [83.2303108, 17.6934059], [83.2302365, 17.6934532], [83.229655, 17.6937259], [83.2291816, 17.6939365], [83.2287044, 17.6941487], [83.2283932, 17.6942871], [83.2282792, 17.6943369], [83.2281652, 17.6945043], [83.2280593, 17.6948211], [83.2278837, 17.6951934], [83.2278447, 17.695276], [83.2278206, 17.6953131], [83.2277754, 17.6953547], [83.2276824, 17.6954114], [83.2276152, 17.6954406], [83.2270692, 17.6956129], [83.2270142, 17.6956455], [83.226986, 17.6956736], [83.2269669, 17.6957184], [83.2269632, 17.695749], [83.2271688, 17.6962955], [83.2273002, 17.6967295], [83.2273404, 17.6968915], [83.2273404, 17.6969497], [83.227331, 17.6969772], [83.2273038, 17.6970123], [83.2271705, 17.6970547], [83.2269564, 17.6971116], [83.226325, 17.6972682], [83.2252839, 17.6975263], [83.2252557, 17.6975612], [83.2252058, 17.697623], [83.2250408, 17.6978273], [83.2248369, 17.6980608], [83.224813, 17.6980882], [83.2244599, 17.6983178], [83.2244137, 17.698431], [83.2244112, 17.698504], [83.2244082, 17.698589], [83.2243224, 17.6986624], [83.2239209, 17.6987715], [83.2238308, 17.6988042], [83.22381, 17.6988277], [83.2237811, 17.6988604], [83.2237673, 17.6989379], [83.2237624, 17.6990003], [83.2237785, 17.6990642], [83.223812, 17.6991363], [83.2238308, 17.6992034], [83.2238531, 17.6992816], [83.2238603, 17.699359], [83.2238676, 17.6994372], [83.2238656, 17.699519], [83.2238138, 17.6995979], [83.2238013, 17.6996685], [83.224154, 17.6999704], [83.2244125, 17.7004078], [83.2244094, 17.7004986], [83.2243903, 17.7005615], [83.2243471, 17.700611], [83.2238924, 17.7011301], [83.2238653, 17.7012302], [83.2238951, 17.7013217], [83.22393, 17.7013958], [83.2240266, 17.7016156], [83.2240153, 17.7017465], [83.2239085, 17.7019426], [83.2237209, 17.702114], [83.2236812, 17.7021503], [83.2235644, 17.7022473], [83.2228571, 17.702469], [83.2227885, 17.7024991], [83.2224494, 17.7026479], [83.222267, 17.7027347], [83.2222295, 17.7028114], [83.2221866, 17.7028932], [83.2225192, 17.7041299], [83.2225695, 17.7042228], [83.2225943, 17.7042685], [83.2226908, 17.7044467], [83.2229215, 17.704738], [83.2229966, 17.7048709], [83.2229912, 17.705014], [83.2229268, 17.7050957], [83.2227659, 17.7051826], [83.2226138, 17.7052378], [83.2212585, 17.7057294], [83.2209541, 17.7058132], [83.2201266, 17.7060411], [83.2192442, 17.7063145], [83.2191651, 17.7063375], [83.2190745, 17.7063849], [83.2190765, 17.7064167], [83.2190752, 17.7064653], [83.2190791, 17.7065544], [83.2190986, 17.7070048], [83.219102, 17.7070888], [83.2190471, 17.7074928]]}}, {"type": "Feature", "properties": {"osm_id": 280178580, "highway": "tertiary"}, "geometry": {"type": "LineString", "coordinates": [[83.2055223, 17.7018593], [83.2056172, 17.7018415], [83.2057259, 17.7018247], [83.2058424, 17.7018143], [83.2062401, 17.7017467], [83.2070192, 17.7016142], [83.2073915, 17.7015594], [83.2077727, 17.7015008], [83.2077981, 17.7014969], [83.2091751, 17.7012418], [83.2100536, 17.7010802], [83.2104542, 17.7010048], [83.2112407, 17.7008565], [83.2117812, 17.7007606], [83.2138723, 17.7003485], [83.2144786, 17.70023], [83.2145728, 17.700183], [83.2146175, 17.7000953], [83.2144764, 17.6991295], [83.2143167, 17.698284], [83.214287, 17.6982132], [83.2142325, 17.6981456], [83.2141682, 17.6980983], [83.2140586, 17.6980558], [83.2138209, 17.6980045], [83.213717, 17.6979691], [83.2136627, 17.6979148], [83.2135208, 17.6955463], [83.2134226, 17.6943626], [83.2133675, 17.693502], [83.2133727, 17.6933419], [83.2134539, 17.693181], [83.2140919, 17.691828], [83.2141746, 17.691138], [83.2160886, 17.6906048]]}}, {"type": "Feature", "properties": {"osm_id": 280178583, "highway": "tertiary"}, "geometry": {"type": "LineString", "coordinates": [[83.2366838, 17.7008156], [83.2371803, 17.7010629], [83.2373597, 17.7011287], [83.237679, 17.7011965], [83.2378639, 17.7012124], [83.2380819, 17.7011964], [83.24467, 17.7001826], [83.2511532, 17.699216], [83.2513499, 17.6992034], [83.2515205, 17.6992082], [83.2540751, 17.6995524], [83.2542203, 17.6995566], [83.2545051, 17.6994978], [83.2547094, 17.6993965], [83.2547512, 17.6993559], [83.2557188, 17.6971077], [83.255971, 17.6966523], [83.2560764, 17.6964703], [83.2561451, 17.6964198], [83.2562518, 17.6963902], [83.256305, 17.6964074], [83.2563336, 17.6964424], [83.2565078, 17.6971647], [83.2565269, 17.697274]]}}, {"type": "Feature", "properties": {"osm_id": 280178606, "highway": "tertiary"}, "geometry": {"type": "LineString", "coordinates": [[83.2167189, 17.6922738], [83.2167332, 17.6925111], [83.2168077, 17.6937498], [83.2168697, 17.6947799], [83.2180729, 17.6946905], [83.2190047, 17.6946212], [83.2191814, 17.6965589], [83.2193373, 17.6982677]]}}, {"type": "Feature", "properties": {"osm_id": 280178642, "highway": "secondary", "name": "Scindia Road", "oneway": "yes"}, "geometry": {"type": "LineString", "coordinates": [[83.2648542, 17.6947282], [83.2646573, 17.6946929], [83.264392, 17.694679], [83.2641269, 17.6946949], [83.2635306, 17.6948071], [83.2630896, 17.6949073], [83.2623626, 17.6950757], [83.2621359, 17.6951306], [83.2619743, 17.6951701], [83.2614011, 17.6952941], [83.2598863, 17.6956384], [83.2589542, 17.6958412]]}}, {"type": "Feature", "properties": {"osm_id": 280237289, "highway": "tertiary"}, "geometry": {"type": "LineString", "coordinates": [[83.3232178, 17.7434099], [83.3232402, 17.7429072], [83.3232483, 17.7426341], [83.3232608, 17.7421501], [83.3232589, 17.7420034], [83.3232727, 17.7416356], [83.3232541, 17.7415248], [83.323244, 17.740946], [83.3232527, 17.7403837], [83.3232602, 17.7400367], [83.3232993, 17.7395471]]}}, {"type": "Feature", "properties": {"osm_id": 280237300, "highway": "tertiary"}, "geometry": {"type": "LineString", "coordinates": [[83.3389969, 17.7337123], [83.3391159, 17.7341621], [83.3391313, 17.7342201], [83.3393163, 17.734919], [83.3393984, 17.7352295], [83.3394225, 17.7353205], [83.3395775, 17.7357988]]}}, {"type": "Feature", "properties": {"osm_id": 280237315, "highway": "tertiary", "name": "Krishna Road", "source": "Bing"}, "geometry": {"type": "LineString", "coordinates": [[83.318022, 17.7434018], [83.3174315, 17.7433942], [83.3167898, 17.7434192], [83.3167211, 17.7434328], [83.31664, 17.7434783]]}}, {"type": "Feature", "properties": {"osm_id": 280237344, "highway": "tertiary"}, "geometry": {"type": "LineString", "coordinates": [[83.3367005, 17.7238311], [83.3380893, 17.7243533], [83.3381626, 17.7243581], [83.3382072, 17.7243472], [83.3382789, 17.7243229]]}}, {"type": "Feature", "properties": {"osm_id": 280237363, "highway": "tertiary", "name": "Krishna Road"}, "geometry": {"type": "LineString", "coordinates": [[83.3189564, 17.743585], [83.3198458, 17.7436171]]}}, {"type": "Feature", "properties": {"osm_id": 280237494, "highway": "tertiary"}, "geometry": {"type": "LineString", "coordinates": [[83.3413813, 17.7364883], [83.3413319, 17.7365375], [83.3412082, 17.7366607], [83.3410124, 17.7368333], [83.3404384, 17.7368944], [83.3398776, 17.7369722], [83.3398168, 17.7368002], [83.3397111, 17.7363012], [83.3396924, 17.7362483], [83.3396857, 17.7361987], [83.3395775, 17.7357988]]}}, {"type": "Feature", "properties": {"osm_id": 286396771, "highway": "secondary", "surface": "paved"}, "geometry": {"type": "LineString", "coordinates": [[83.2876046, 17.7424884], [83.2865615, 17.7426098], [83.2857498, 17.7427557], [83.2848564, 17.7428518], [83.2843931, 17.7429422], [83.2839774, 17.7430233], [83.283746, 17.7430701], [83.2833513, 17.743129], [83.2829171, 17.7431968], [83.2826368, 17.7432497], [83.2820777, 17.7433591], [83.2819043, 17.7433876], [83.2817694, 17.7434097], [83.2816134, 17.7434628], [83.2799682, 17.7440223], [83.2784108, 17.7445776], [83.2782708, 17.7446178], [83.2782009, 17.7446194], [83.2781278, 17.7446008], [83.2780295, 17.7445225], [83.2779819, 17.7444535], [83.2778982, 17.7442862], [83.2778496, 17.744209], [83.2777756, 17.7441633], [83.2777196, 17.7441519], [83.2776542, 17.7441471], [83.2770648, 17.7442093], [83.2768071, 17.7442599], [83.2761797, 17.744383], [83.2757612, 17.7444753], [83.2755266, 17.7445159], [83.275314, 17.7445455], [83.2751582, 17.7445602], [83.2750024, 17.7445621], [83.2749215, 17.7445624], [83.2742402, 17.744511], [83.2739768, 17.7445055], [83.2736624, 17.7445331], [83.2735297, 17.7445601], [83.2732467, 17.7446327], [83.2730992, 17.744694], [83.2729356, 17.7448141], [83.2727714, 17.7449407], [83.2727006, 17.7449828], [83.2726244, 17.7450092], [83.2723562, 17.7450925], [83.2716642, 17.7452892], [83.2712056, 17.7454137], [83.27094, 17.7454851], [83.26965, 17.7458246], [83.2694301, 17.7458595], [83.2690442, 17.7459208], [83.2686543, 17.7459967], [83.2684187, 17.7460454], [83.2683098, 17.7460575], [83.2681846, 17.7460715], [83.2680057, 17.7460914], [83.2677021, 17.7460969], [83.2676067, 17.7460832], [83.267463, 17.7460658], [83.2672793, 17.7460348], [83.2671474, 17.7460199], [83.2670857, 17.7460229], [83.2669381, 17.7460301], [83.2662054, 17.7462249], [83.2661213, 17.7462469], [83.2657928, 17.7463666], [83.265683, 17.7463966], [83.2649211, 17.7466042], [83.2647795, 17.746647], [83.2643133, 17.7467878], [83.2642376, 17.7468106], [83.2636961, 17.7469741], [83.262836, 17.7472339], [83.2626975, 17.7472716], [83.2625095, 17.7473228], [83.2616491, 17.7476267], [83.2612198, 17.7477772], [83.2606389, 17.7479834], [83.2604342, 17.7480557], [83.2601602, 17.7481399], [83.2598021, 17.7482329], [83.2596803, 17.7482653], [83.2592893, 17.7483692], [83.2583122, 17.7486053], [83.2576985, 17.7486829], [83.2572329, 17.7487417], [83.2566369, 17.748817], [83.2564767, 17.7488373]]}}, {"type": "Feature", "properties": {"osm_id": 301316266, "alt_name": "Kanithi Road", "highway": "primary", "name": "Yelamanchili - Gajuwaka Road", "ref": "SH157"}, "geometry": {"type": "LineString", "coordinates": [[83.1950546, 17.6780275], [83.1954683, 17.6782326], [83.195712, 17.6783219], [83.1959196, 17.6784116], [83.1969764, 17.6788726], [83.1972127, 17.678957], [83.1975408, 17.6790959], [83.1980492, 17.6793317], [83.1981911, 17.6793918], [83.1984663, 17.6794876], [83.198531, 17.6795136], [83.1986734, 17.6795617], [83.1995318, 17.6798555], [83.2001197, 17.6800567], [83.200362, 17.6801345], [83.2007333, 17.6802646], [83.2011169, 17.6804208], [83.2016782, 17.6806494], [83.2024657, 17.680991], [83.2027916, 17.6811195], [83.2030272, 17.6811883], [83.203386, 17.6813206], [83.203722, 17.6814358], [83.2038071, 17.6814713], [83.2044618, 17.6816767], [83.2048046, 17.6817738], [83.2053063, 17.6819136], [83.2061777, 17.6822041], [83.2062578, 17.6822322], [83.2062897, 17.6822436]]}}, {"type": "Feature", "properties": {"osm_id": 301316267, "alt_name": "Kanithi Road", "highway": "primary", "name": "Yelamanchili - Gajuwaka Road", "network": "IN:SH:AP", "ref": "SH157"}, "geometry": {"type": "LineString", "coordinates": [[83.1890908, 17.6722264], [83.1889849, 17.6722545], [83.1889366, 17.6722499], [83.1888883, 17.6722302], [83.188604, 17.6721003], [83.1885289, 17.6720782], [83.1884289, 17.6720488], [83.1882538, 17.6719974], [83.1880302, 17.6719592], [83.1877847, 17.6719598], [83.1870452, 17.6719802], [83.1866296, 17.6719917], [83.186074, 17.672007], [83.1858957, 17.6720159], [83.1851642, 17.6720526], [83.1850504, 17.6720632], [83.1848169, 17.6720674], [83.1841841, 17.6720911], [83.183884, 17.6720846], [83.1824354, 17.6719921]]}}, {"type": "Feature", "properties": {"osm_id": 301316269, "highway": "tertiary", "name": "100 FT Road", "oneway": "yes"}, "geometry": {"type": "LineString", "coordinates": [[83.1938068, 17.6833591], [83.193778, 17.6832227], [83.1937679, 17.6830914], [83.1937496, 17.6828732], [83.1937368, 17.6826503], [83.1937328, 17.6824271], [83.193736, 17.6823617], [83.1937417, 17.6822486], [83.193776, 17.681918], [83.1938222, 17.6815202], [83.1938718, 17.6810436], [83.1939335, 17.6806079], [83.1940523, 17.6797753], [83.1942111, 17.6790835], [83.1945219, 17.6778727]]}}, {"type": "Feature", "properties": {"osm_id": 301318197, "highway": "tertiary", "name": "Vuda 80 ft Road"}, "geometry": {"type": "LineString", "coordinates": [[83.2036554, 17.6850469], [83.2038219, 17.6847629], [83.2038416, 17.6847294], [83.203881, 17.6846775], [83.203903, 17.6846485], [83.2045397, 17.6840289], [83.2047889, 17.6837641], [83.2049719, 17.6835697], [83.2053996, 17.6831362], [83.2062578, 17.6822322]]}}, {"type": "Feature", "properties": {"osm_id": 301318198, "highway": "tertiary", "name": "BC Road", "oneway": "yes"}, "geometry": {"type": "LineString", "coordinates": [[83.2151601, 17.6800355], [83.2151058, 17.6798993], [83.2150584, 17.6798136], [83.2149647, 17.6796547], [83.2147113, 17.6793835], [83.2143072, 17.6789155], [83.2141321, 17.6787198], [83.2140518, 17.6786134], [83.2138119, 17.6782954], [83.2135739, 17.6779799], [83.2133165, 17.6776414], [83.2131337, 17.6773435], [83.2127117, 17.6766226], [83.212658, 17.6764909], [83.212617, 17.6763854], [83.2125092, 17.6761076], [83.212485, 17.6760447], [83.2121303, 17.6749405], [83.2119057, 17.674265], [83.211793, 17.6739328], [83.2116964, 17.673702], [83.2116551, 17.6736177], [83.2114838, 17.6732676], [83.2114306, 17.6731804], [83.21116, 17.6726972], [83.2107935, 17.6721627], [83.2106211, 17.6719113], [83.2104996, 17.6717614], [83.2103166, 17.6715183], [83.2101998, 17.6713631], [83.2098172, 17.6709193], [83.2094935, 17.6705198], [83.2093085, 17.670305], [83.2091158, 17.6700813], [83.2088902, 17.6698195], [83.2079129, 17.668685], [83.2077026, 17.668397], [83.2076478, 17.6683218]]}}, {"type": "Feature", "properties": {"osm_id": 301671622, "highway": "tertiary", "name": "Nadupuru road"}, "geometry": {"type": "LineString", "coordinates": [[83.2062578, 17.6822322], [83.2064608, 17.6815483], [83.2065067, 17.6812206], [83.2065047, 17.6806964], [83.2065071, 17.6806379], [83.206438, 17.6801748], [83.2063295, 17.6797924], [83.2062964, 17.6797235], [83.2060712, 17.6793061], [83.2058832, 17.6790172], [83.2057908, 17.6788715], [83.2052305, 17.6779879], [83.2049436, 17.6775879], [83.2048488, 17.6774557], [83.204311, 17.6768666], [83.2040129, 17.6765807], [83.2039601, 17.6765301], [83.2034621, 17.6760527], [83.2022089, 17.6748917], [83.2016548, 17.6743784]]}}, {"type": "Feature", "properties": {"osm_id": 310467292, "highway": "primary", "name": "Governor Bungalow Road", "oneway": "yes"}, "geometry": {"type": "LineString", "coordinates": [[83.3148354, 17.7209396], [83.3149011, 17.7209664], [83.3150086, 17.7210103], [83.315396, 17.7211976], [83.315593, 17.7213138], [83.3157396, 17.7214307], [83.3158238, 17.7215131], [83.3158457, 17.7215316], [83.3164769, 17.722065], [83.3169986, 17.7224905], [83.3174559, 17.7228724], [83.3176432, 17.7229979], [83.3177183, 17.7230482]]}}, {"type": "Feature", "properties": {"osm_id": 310467293, "highway": "primary", "name": "Ram Nagar Main Road", "oneway": "yes"}, "geometry": {"type": "LineString", "coordinates": [[83.3095812, 17.7178815], [83.3097044, 17.7179311], [83.3097882, 17.7179551], [83.3099026, 17.7180045], [83.3100026, 17.7180538], [83.3109301, 17.7186305], [83.3112452, 17.7188312], [83.3115692, 17.7190445], [83.3116121, 17.7190758], [83.3118152, 17.719201], [83.3120425, 17.7193536], [83.3122685, 17.7195005], [83.3124671, 17.7196365]]}}, {"type": "Feature", "properties": {"osm_id": 310467408, "highway": "tertiary", "name": "Jail Road", "oneway": "no"}, "geometry": {"type": "LineString", "coordinates": [[83.3041959, 17.7157001], [83.3042513, 17.7158417], [83.3044445, 17.7162765], [83.3047383, 17.7169055], [83.3048157, 17.7170472], [83.3049649, 17.7173102], [83.3051197, 17.7175083], [83.3052009, 17.7176137], [83.3052842, 17.7177281], [83.3055039, 17.7180356], [83.3056548, 17.7182873], [83.3059705, 17.7189307], [83.306039, 17.7190806], [83.3060715, 17.7191685], [83.3060941, 17.7192294], [83.3063169, 17.7198315]]}}, {"type": "Feature", "properties": {"osm_id": 310467616, "highway": "primary", "name": "Sampath Vinayaka Temple Road", "oneway": "yes", "surface": "asphalt"}, "geometry": {"type": "LineString", "coordinates": [[83.311559, 17.7243478], [83.3119615, 17.7244101], [83.312178, 17.7244458], [83.3125594, 17.7245237], [83.3132579, 17.7246999], [83.313625, 17.7248142], [83.3139404, 17.7249053], [83.314163, 17.7249385], [83.3143696, 17.7249615], [83.3146861, 17.7249794], [83.3152031, 17.7249947], [83.3155471, 17.7250151], [83.3167801, 17.7250535], [83.3168134, 17.7250545], [83.3168684, 17.7250542]]}}, {"type": "Feature", "properties": {"osm_id": 310467617, "highway": "primary", "name": "Ram Nagar Down", "oneway": "yes"}, "geometry": {"type": "LineString", "coordinates": [[83.3102526, 17.7243767], [83.310362, 17.724356], [83.3105608, 17.7243304], [83.3107193, 17.7243216], [83.3107763, 17.7243184], [83.3112042, 17.7243237], [83.311559, 17.7243478]]}}, {"type": "Feature", "properties": {"osm_id": 310475646, "highway": "primary", "name": "Swarna Bharathi Road", "oneway": "yes"}, "geometry": {"type": "LineString", "coordinates": [[83.3118207, 17.7281607], [83.3119098, 17.7282361], [83.3120093, 17.728317], [83.3120511, 17.7283509], [83.3129345, 17.7289696], [83.3136384, 17.7294338], [83.3140008, 17.7296289], [83.31402, 17.7296401], [83.3140577, 17.7296622], [83.3141139, 17.7296958], [83.3141621, 17.7297262], [83.3141805, 17.7297377], [83.3142181, 17.7297614], [83.3143925, 17.7298761], [83.3145654, 17.7299899], [83.3147767, 17.7301289], [83.3151137, 17.7303447], [83.3151654, 17.7303778], [83.3152827, 17.7304615]]}}, {"type": "Feature", "properties": {"osm_id": 310475715, "highway": "primary", "lanes": "2", "oneway": "yes"}, "geometry": {"type": "LineString", "coordinates": [[83.3152827, 17.7304615], [83.3153969, 17.7305375], [83.3154285, 17.7305633], [83.3155135, 17.7306306], [83.3158367, 17.730919], [83.3161445, 17.7312073], [83.3163154, 17.7313855], [83.3167005, 17.7317818], [83.316732, 17.7318119], [83.3169128, 17.7319847], [83.3174066, 17.7324854], [83.3176818, 17.732749], [83.3180511, 17.7331027], [83.3181983, 17.7332529], [83.3183548, 17.7334107], [83.318431, 17.7334897], [83.3185766, 17.7336366], [83.318642, 17.7337049], [83.318988, 17.7340659], [83.3190721, 17.7341517], [83.3193234, 17.7343925], [83.3194855, 17.7345843], [83.3195734, 17.7346831]]}}, {"type": "Feature", "properties": {"osm_id": 313813220, "highway": "tertiary"}, "geometry": {"type": "LineString", "coordinates": [[83.3785062, 17.7764655], [83.3784688, 17.7764879], [83.3784172, 17.7765035], [83.3783676, 17.7764962], [83.3783179, 17.7764754], [83.3782921, 17.7764358], [83.3782804, 17.776386], [83.3782724, 17.7761203], [83.378267, 17.7757321], [83.3782697, 17.7754154], [83.3782402, 17.7751932], [83.3781543, 17.7749224], [83.378039, 17.7746977], [83.3778647, 17.7744346], [83.3776984, 17.7742175], [83.3774704, 17.7739238], [83.3772692, 17.7736658], [83.3771645, 17.7735496], [83.3770413, 17.7734334], [83.3769009, 17.7733209], [83.3767359, 17.7732318], [83.376398, 17.7730786], [83.3762236, 17.7730159], [83.3760166, 17.7729532], [83.3758289, 17.7729212], [83.3756143, 17.7729046], [83.3750966, 17.7729327], [83.3747028, 17.7729816], [83.3741234, 17.7730925], [83.3737158, 17.7731831], [83.3732866, 17.7732676], [83.3728177, 17.7733699], [83.3723977, 17.7734663], [83.3720635, 17.7735626], [83.3713821, 17.7738137], [83.3711837, 17.7739419], [83.3711161, 17.7740088], [83.371067, 17.7741051], [83.3710036, 17.7743197], [83.3710043, 17.7744271], [83.3710358, 17.7745521], [83.3710804, 17.774638], [83.371162, 17.7747062], [83.3712736, 17.7747874], [83.3716205, 17.7749148], [83.3718941, 17.7749965], [83.3721811, 17.7751089], [83.3724707, 17.7752162], [83.372857, 17.7753005], [83.373211, 17.7753286], [83.3734497, 17.7753771], [83.3736294, 17.7755201], [83.373718, 17.7756299], [83.3738306, 17.775704], [83.3738655, 17.7757161], [83.3738977, 17.7756938], [83.3739245, 17.7756248], [83.3739111, 17.7754512], [83.3737045, 17.7751702], [83.3734095, 17.775091], [83.3730179, 17.7749761], [83.3727926, 17.774856], [83.3727846, 17.7748101], [83.3728114, 17.774759], [83.3728918, 17.7747258], [83.3732191, 17.7747488], [83.3737479, 17.7748622]]}}, {"type": "Feature", "properties": {"osm_id": 316449475, "highway": "tertiary", "source": "Bing"}, "geometry": {"type": "LineString", "coordinates": [[83.2888238, 17.7404501], [83.2887514, 17.7403388], [83.2887242, 17.7402901], [83.2887086, 17.7402326], [83.2887025, 17.7401079], [83.2886901, 17.7398354], [83.2886707, 17.7397018], [83.2885687, 17.7393347], [83.2884673, 17.7389231], [83.2882942, 17.7382942], [83.2881626, 17.7378788], [83.2880044, 17.7373498], [83.2879693, 17.7372321], [83.2879504, 17.7371691], [83.2878868, 17.7369712], [83.2878615, 17.7368923], [83.2878391, 17.7367958], [83.2878594, 17.7366963], [83.287957, 17.7364284], [83.2880487, 17.7362785], [83.2881415, 17.7360773], [83.2882871, 17.7356628], [83.2883211, 17.7355976]]}}, {"type": "Feature", "properties": {"osm_id": 320114733, "highway": "tertiary", "source": "Bing"}, "geometry": {"type": "LineString", "coordinates": [[83.3399384, 17.7372819], [83.3400292, 17.7376057], [83.3400514, 17.7376849], [83.3402065, 17.7381693], [83.3403268, 17.7384954], [83.3403632, 17.7386111], [83.3405515, 17.739209], [83.3406919, 17.7397404], [83.340711, 17.739814]]}}, {"type": "Feature", "properties": {"osm_id": 320485033, "highway": "tertiary", "surface": "asphalt"}, "geometry": {"type": "LineString", "coordinates": [[83.3416817, 17.7537484], [83.3411412, 17.7539999], [83.3406939, 17.7541452], [83.3397177, 17.7543861], [83.3395407, 17.7544361], [83.3393434, 17.7545157], [83.3389311, 17.7546821], [83.338522, 17.754783], [83.3377622, 17.7549324], [83.3377428, 17.7549362], [83.3372721, 17.7550116], [83.3370562, 17.7550293], [83.3367585, 17.7550537], [83.3364357, 17.7550677], [83.3362613, 17.7550752], [83.3360772, 17.7550831], [83.3359134, 17.7550785], [83.3356681, 17.7550716], [83.3352269, 17.7550397], [83.3343561, 17.7549563], [83.3342178, 17.7549503], [83.3340856, 17.7549707], [83.3339537, 17.7550146], [83.3336793, 17.7551061]]}}, {"type": "Feature", "properties": {"osm_id": 320485034, "highway": "primary", "name": "Simhachalam - Hanumanthuwaka Road", "oneway": "yes"}, "geometry": {"type": "LineString", "coordinates": [[83.2878434, 17.7661906], [83.2878264, 17.7662005], [83.287788, 17.7662227], [83.2868721, 17.766717], [83.2858689, 17.7672445], [83.2847478, 17.7678856], [83.2842301, 17.7682393], [83.2836654, 17.7686136], [83.2827642, 17.7692483], [83.2825282, 17.7694437], [83.2821245, 17.7697782], [83.2811989, 17.770511], [83.2808751, 17.770769], [83.2807434, 17.7708674], [83.2803677, 17.7711298], [83.2798178, 17.7715139], [83.2794169, 17.7717552], [83.2787383, 17.7721678], [83.2781884, 17.7724935], [83.277495, 17.7728753], [83.2765442, 17.7734666], [83.2756202, 17.7740655], [83.2750328, 17.7744334], [83.2744414, 17.7748165], [83.2737882, 17.7752724], [83.2732975, 17.7756529], [83.2726952, 17.7761168], [83.2723221, 17.7764067], [83.2720618, 17.7766155], [83.2718801, 17.7767536], [83.2718463, 17.7767793], [83.2716919, 17.7768998], [83.2715459, 17.7770137], [83.2714534, 17.7770858], [83.2705924, 17.7777805], [83.270178, 17.7781138], [83.2697622, 17.7784523], [83.2694908, 17.7786647], [83.2693975, 17.7787306], [83.2692285, 17.7788226], [83.2691274, 17.7788664], [83.2689509, 17.7789427], [83.2686652, 17.7790538], [83.268334, 17.77917], [83.2682228, 17.7792164], [83.2678565, 17.7793692], [83.26743, 17.7795771], [83.2672906, 17.779645], [83.2666945, 17.780037], [83.2666402, 17.7800754], [83.2663159, 17.7803347], [83.2661962, 17.7804445], [83.2659245, 17.7806988], [83.2657913, 17.7808953], [83.265662, 17.78109], [83.2653465, 17.7815651], [83.2651747, 17.7818239], [83.2650744, 17.781975], [83.2650356, 17.7820223], [83.2648404, 17.7822693], [83.2645963, 17.7824622], [83.2643161, 17.7826589], [83.2639459, 17.7828363], [83.2635637, 17.7829615], [83.2631774, 17.7830203], [83.2626718, 17.7830458], [83.2624954, 17.7830253], [83.2623154, 17.7830048], [83.2617626, 17.7829219], [83.261371, 17.7828658], [83.2609686, 17.7827751], [83.2605354, 17.7826524], [83.259936, 17.782383], [83.2587155, 17.7815925], [83.2584849, 17.7814814], [83.2583505, 17.7814325], [83.2581876, 17.7813732], [83.2580517, 17.7813154], [83.2577398, 17.7811926], [83.2575729, 17.7811258], [83.2574468, 17.7810754], [83.2573273, 17.7810539], [83.2568876, 17.7810204], [83.2565194, 17.7809948], [83.2564919, 17.7809921], [83.2559615, 17.7809393], [83.2559137, 17.7809316]]}}, {"type": "Feature", "properties": {"osm_id": 352603792, "highway": "tertiary"}, "geometry": {"type": "LineString", "coordinates": [[83.183884, 17.6720846], [83.1839164, 17.6710221], [83.1839143, 17.6707777], [83.1839057, 17.670585], [83.1838859, 17.670433]]}}, {"type": "Feature", "properties": {"osm_id": 364398033, "highway": "tertiary", "oneway": "yes"}, "geometry": {"type": "LineString", "coordinates": [[83.2917724, 17.7131405], [83.2917043, 17.7130113], [83.2915944, 17.7128418], [83.2915328, 17.7127244], [83.2912653, 17.7122952], [83.2909571, 17.7116649], [83.2908565, 17.7114222]]}}, {"type": "Feature", "properties": {"osm_id": 372430776, "highway": "tertiary"}, "geometry": {"type": "LineString", "coordinates": [[83.3044, 17.7043797], [83.3046953, 17.7042974], [83.3049418, 17.704262], [83.3050633, 17.7042406], [83.3054604, 17.7042109], [83.3056837, 17.704117], [83.305738, 17.7040848], [83.3058437, 17.7039756], [83.3058649, 17.703928], [83.3058629, 17.7038002], [83.3058609, 17.703761], [83.3058487, 17.7037238], [83.3054954, 17.7029993], [83.305478, 17.7029623], [83.3054298, 17.7028317], [83.305393, 17.7026875], [83.3053872, 17.702641], [83.3054169, 17.7021982]]}}, {"type": "Feature", "properties": {"osm_id": 372439026, "highway": "secondary", "name": "Akkayapalem Main Road"}, "geometry": {"type": "LineString", "coordinates": [[83.2994977, 17.7330943], [83.2994949, 17.7330698], [83.2994447, 17.7326325], [83.299438, 17.7325859], [83.2994095, 17.7321358], [83.2994057, 17.7320407], [83.299394, 17.7316639], [83.2993693, 17.7311352], [83.299364, 17.7310655], [83.2993303, 17.7305636], [83.299319, 17.7304343], [83.2992748, 17.729985], [83.2992349, 17.7295443]]}}, {"type": "Feature", "properties": {"osm_id": 372439031, "bridge": "yes", "highway": "secondary", "layer": "1"}, "geometry": {"type": "LineString", "coordinates": [[83.2995128, 17.7332033], [83.2994977, 17.7330943]]}}, {"type": "Feature", "properties": {"osm_id": 372460676, "highway": "secondary", "source": "Bing"}, "geometry": {"type": "LineString", "coordinates": [[83.2876046, 17.7424884], [83.2887221, 17.7425043], [83.2889055, 17.7424899], [83.2889491, 17.7424865], [83.2891415, 17.7424716], [83.2900422, 17.7423427], [83.290263, 17.7423396], [83.2904652, 17.7423499], [83.2906465, 17.7423733], [83.2908403, 17.7424044], [83.2909181, 17.7424134], [83.29094, 17.7424146], [83.2910778, 17.742427], [83.2912975, 17.7424461], [83.2915004, 17.742483], [83.2917756, 17.7425193], [83.2923216, 17.7425996], [83.2927488, 17.7426997], [83.2930798, 17.7427855], [83.2931479, 17.7428031], [83.2936589, 17.7429699], [83.2937706, 17.7430081], [83.2937907, 17.743015], [83.2940637, 17.7431113], [83.2945648, 17.7432611], [83.2947021, 17.7433167], [83.2950604, 17.7434472], [83.2952965, 17.7435426], [83.2954741, 17.7436147], [83.295634, 17.7436797], [83.2957105, 17.7437165], [83.2957809, 17.7437666], [83.2958754, 17.7438278], [83.2959341, 17.7438505], [83.2960174, 17.7438673], [83.2962205, 17.7439061], [83.2962486, 17.7439115], [83.2965364, 17.7439782], [83.2967079, 17.7440147], [83.2969448, 17.7440458], [83.297084, 17.7440716], [83.2971829, 17.7440771], [83.2972637, 17.7440578], [83.2973303, 17.7440233], [83.2973916, 17.7440088], [83.2974491, 17.7440097], [83.2981036, 17.7441198], [83.2982103, 17.7441432]]}}, {"type": "Feature", "properties": {"osm_id": 372486269, "highway": "tertiary", "name": "MVP Main Road", "oneway": "no", "source": "Bing"}, "geometry": {"type": "LineString", "coordinates": [[83.3362639, 17.7436629], [83.3353946, 17.74387], [83.334931, 17.7439805], [83.3346023, 17.7440588], [83.3345155, 17.7440795], [83.3342321, 17.744147], [83.3340932, 17.7441801], [83.3338722, 17.7442327], [83.3328209, 17.7444832], [83.3320671, 17.7446628], [83.3316073, 17.7447724]]}}, {"type": "Feature", "properties": {"osm_id": 372668552, "highway": "secondary", "lanes": "2", "maxspeed": "40", "name": "Thatichetlapalem Road", "oneway": "yes", "surface": "asphalt"}, "geometry": {"type": "LineString", "coordinates": [[83.2879679, 17.7338333], [83.2879928, 17.7337745], [83.2880637, 17.7336108], [83.2882302, 17.7331857], [83.2883046, 17.7330001], [83.2883783, 17.7328291], [83.2884353, 17.7326905], [83.2884988, 17.7325361], [83.288612, 17.7322685], [83.2887567, 17.7319267], [83.2890567, 17.7312178], [83.289258, 17.730738], [83.289396, 17.7304092], [83.2895657, 17.7300081], [83.2897264, 17.7296338], [83.2898417, 17.7293477], [83.2898587, 17.7293056], [83.2899768, 17.7290661], [83.2900462, 17.7289487], [83.290169, 17.728794], [83.2904755, 17.7284687], [83.290544, 17.7283957], [83.2908387, 17.7280936]]}}, {"type": "Feature", "properties": {"osm_id": 372668554, "bridge": "yes", "highway": "secondary", "layer": "1", "oneway": "yes"}, "geometry": {"type": "LineString", "coordinates": [[83.2908387, 17.7280936], [83.2911421, 17.7278331]]}}, {"type": "Feature", "properties": {"osm_id": 372670072, "highway": "tertiary"}, "geometry": {"type": "LineString", "coordinates": [[83.315347, 17.7345122], [83.3153578, 17.7346807]]}}, {"type": "Feature", "properties": {"osm_id": 372670077, "highway": "secondary", "oneway": "yes"}, "geometry": {"type": "LineString", "coordinates": [[83.3133377, 17.7342965], [83.3131799, 17.7341446], [83.3130855, 17.7340396]]}}, {"type": "Feature", "properties": {"osm_id": 372677360, "highway": "tertiary", "junction": "roundabout", "oneway": "yes"}, "geometry": {"type": "LineString", "coordinates": [[83.2976727, 17.7123097], [83.2976363, 17.7123096], [83.2976029, 17.7123234], [83.2975813, 17.712344], [83.2975688, 17.7123686], [83.2975651, 17.7123956], [83.2975706, 17.7124223], [83.2975847, 17.7124461], [83.297606, 17.7124643], [83.2976322, 17.7124752], [83.2976741, 17.7124757], [83.2977116, 17.7124579], [83.2977289, 17.7124393], [83.2977399, 17.7124168], [83.2977435, 17.7123921], [83.2977307, 17.7123491], [83.297706, 17.7123237], [83.2976727, 17.7123097]]}}, {"type": "Feature", "properties": {"osm_id": 372677363, "highway": "tertiary", "oneway": "yes"}, "geometry": {"type": "LineString", "coordinates": [[83.2978299, 17.7121117], [83.2977061, 17.7122162], [83.2976029, 17.7123234]]}}, {"type": "Feature", "properties": {"osm_id": 372677364, "highway": "tertiary", "oneway": "yes"}, "geometry": {"type": "LineString", "coordinates": [[83.2975813, 17.712344], [83.2974344, 17.7124421], [83.2973955, 17.7125073]]}}, {"type": "Feature", "properties": {"osm_id": 372677368, "highway": "tertiary", "oneway": "yes"}, "geometry": {"type": "LineString", "coordinates": [[83.2977307, 17.7123491], [83.2977397, 17.7123005], [83.29776, 17.7122609], [83.2977866, 17.7122187], [83.2978299, 17.7121117]]}}, {"type": "Feature", "properties": {"osm_id": 372677380, "highway": "tertiary"}, "geometry": {"type": "LineString", "coordinates": [[83.2978299, 17.7121117], [83.2986594, 17.7113514], [83.299217, 17.7107765], [83.2998884, 17.7103459], [83.3009435, 17.7098555], [83.3012217, 17.7096858]]}}, {"type": "Feature", "properties": {"osm_id": 372677383, "highway": "tertiary", "name": "Chandragupta Marg", "oneway": "yes"}, "geometry": {"type": "LineString", "coordinates": [[83.2977116, 17.7124579], [83.29782, 17.7125293], [83.2978522, 17.7125502], [83.297944, 17.7126099], [83.2982406, 17.7128041], [83.2986724, 17.7130779], [83.298845, 17.7131833], [83.2989151, 17.7132261], [83.2996838, 17.7137418], [83.2998468, 17.713856], [83.2999206, 17.7139223], [83.299996, 17.7139997]]}}, {"type": "Feature", "properties": {"osm_id": 372680998, "highway": "tertiary", "source": "Bing"}, "geometry": {"type": "LineString", "coordinates": [[83.2888238, 17.7404501], [83.2887514, 17.7406899], [83.288724, 17.7407399], [83.2886705, 17.740781], [83.2875853, 17.7414354], [83.287528, 17.7414864], [83.2875026, 17.7415475], [83.2875038, 17.7417252], [83.2876046, 17.7424884]]}}, {"type": "Feature", "properties": {"osm_id": 372726632, "highway": "tertiary"}, "geometry": {"type": "LineString", "coordinates": [[83.2839333, 17.7258585], [83.2837694, 17.7258908], [83.2837124, 17.7259202], [83.2836434, 17.7259842], [83.2834353, 17.7262066], [83.2832208, 17.7264599], [83.2829958, 17.7267575], [83.2826693, 17.7271864], [83.2825664, 17.7273057], [83.2823311, 17.7275408], [83.2821051, 17.727745], [83.2819424, 17.7278714], [83.2819032, 17.727909], [83.2818392, 17.727978], [83.2816145, 17.7282203], [83.2812879, 17.7285547], [83.2812028, 17.72864], [83.2811657, 17.7286895], [83.2811542, 17.7287051], [83.2811335, 17.7287232], [83.2808837, 17.7289586]]}}, {"type": "Feature", "properties": {"osm_id": 372784321, "highway": "primary", "name": "Port Main Road", "oneway": "yes"}, "geometry": {"type": "LineString", "coordinates": [[83.270753, 17.7162023], [83.2711281, 17.7162869], [83.2713442, 17.7163065], [83.2713715, 17.7163087], [83.2714808, 17.7163174], [83.2718002, 17.7163478], [83.2722186, 17.7163945], [83.2725583, 17.7163966], [83.2733308, 17.716315], [83.273665, 17.7163001], [83.2740619, 17.7163036], [83.2744456, 17.7163245], [83.275073, 17.7163776], [83.2758563, 17.7164581], [83.2763353, 17.7165073]]}}, {"type": "Feature", "properties": {"osm_id": 372784340, "highway": "tertiary"}, "geometry": {"type": "LineString", "coordinates": [[83.2642461, 17.7248308], [83.2642456, 17.7247971], [83.2642543, 17.7247566], [83.2642678, 17.7247285], [83.2643009, 17.7247011], [83.2648725, 17.7242821], [83.2653456, 17.7239835], [83.2654267, 17.723914], [83.2655058, 17.7238029], [83.2655291, 17.7237639], [83.265577, 17.723723], [83.2657987, 17.7235803], [83.2658554, 17.7235311], [83.2659017, 17.7234711], [83.2663309, 17.7228841], [83.2664001, 17.7228309], [83.2664549, 17.7227999], [83.266533, 17.7227846], [83.2666192, 17.722785], [83.2666982, 17.7227992], [83.2672356, 17.7229555], [83.2672901, 17.7229687], [83.267351, 17.7229771], [83.2675004, 17.7229778]]}}, {"type": "Feature", "properties": {"osm_id": 372785810, "highway": "tertiary", "source": "maxar"}, "geometry": {"type": "LineString", "coordinates": [[83.2715632, 17.7364814], [83.2715656, 17.7364056], [83.2715714, 17.7363492], [83.2715974, 17.7362696], [83.2718188, 17.73579], [83.2718404, 17.7357119], [83.2718494, 17.7356103], [83.2718268, 17.735297], [83.2718185, 17.7352163], [83.2717735, 17.7349092], [83.2717619, 17.7348297], [83.2717496, 17.7347354], [83.2717343, 17.7346336]]}}, {"type": "Feature", "properties": {"osm_id": 372786155, "highway": "tertiary"}, "geometry": {"type": "LineString", "coordinates": [[83.2808837, 17.7289586], [83.2807533, 17.728905], [83.2806731, 17.7288814], [83.2805996, 17.7288735], [83.2781592, 17.729316], [83.2780848, 17.7293295], [83.2776532, 17.7294079], [83.277393, 17.7294532], [83.2769278, 17.7295342], [83.2768232, 17.7295636], [83.2767011, 17.7296172], [83.2766321, 17.7296375], [83.2765549, 17.7296431], [83.2764047, 17.7296415], [83.2763274, 17.7296473]]}}, {"type": "Feature", "properties": {"osm_id": 387635958, "dual_carriageway": "yes", "highway": "primary", "lanes": "2", "lit": "yes", "name": "Beach Road", "name:te": "బీచ్ రోడ్", "oneway": "yes", "sidewalk": "separate", "surface": "asphalt"}, "geometry": {"type": "LineString", "coordinates": [[83.3356987, 17.7215665], [83.335656, 17.7214856], [83.3356368, 17.7214493], [83.3356127, 17.721417], [83.335433, 17.7211758], [83.3351993, 17.7209185], [83.3351109, 17.7208256], [83.3347362, 17.7203305], [83.3345456, 17.7199126], [83.3344571, 17.7197363], [83.3343485, 17.7195817], [83.3342165, 17.7194232], [83.3341889, 17.7193965], [83.334062, 17.7193034], [83.3339697, 17.7192356], [83.3338087, 17.7191638], [83.3318646, 17.7182792], [83.3318001, 17.7182472], [83.3307175, 17.7177252], [83.3290404, 17.716965], [83.3289854, 17.7169415], [83.3278321, 17.7163987], [83.3277924, 17.7163802], [83.3265273, 17.7157912], [83.3255106, 17.7153174], [83.3243065, 17.7147528], [83.3236041, 17.7144371], [83.3229381, 17.7141287], [83.3225589, 17.7139433], [83.3224843, 17.7139093], [83.3224168, 17.7138785], [83.3216117, 17.7134506], [83.3212408, 17.7132453], [83.3198592, 17.7124808], [83.318937, 17.7119462], [83.3184347, 17.7116378], [83.3183863, 17.7116097], [83.3183363, 17.711583], [83.3181653, 17.7114892]]}}, {"type": "Feature", "properties": {"osm_id": 388815632, "highway": "tertiary"}, "geometry": {"type": "LineString", "coordinates": [[83.3364487, 17.7232684], [83.3366172, 17.7236097], [83.3367005, 17.7238311], [83.3367816, 17.7239757], [83.3368237, 17.7240666], [83.3369474, 17.7242931], [83.3370239, 17.7244527], [83.3371486, 17.7247131], [83.3372987, 17.7249955], [83.3373742, 17.7251104], [83.3374289, 17.7252247], [83.3376314, 17.7255961], [83.337788, 17.7259431], [83.3379078, 17.7262947], [83.3379132, 17.726356], [83.3379427, 17.7264786], [83.3381, 17.7269561], [83.3381492, 17.7271276], [83.3382243, 17.7273243], [83.3384308, 17.7278991], [83.3385381, 17.728198], [83.3385944, 17.7284075], [83.3387623, 17.729049], [83.338834, 17.7293597], [83.3389039, 17.7296446], [83.3389463, 17.7298443], [83.3389566, 17.7299076], [83.3391537, 17.7306404]]}}, {"type": "Feature", "properties": {"osm_id": 388982707, "highway": "tertiary", "oneway": "yes"}, "geometry": {"type": "LineString", "coordinates": [[83.329213, 17.7299682], [83.3292549, 17.7299101], [83.3293041, 17.7298408], [83.3295011, 17.7297641], [83.329643, 17.7297137], [83.3302112, 17.7295323], [83.3303914, 17.7294747], [83.3308795, 17.729301], [83.3313094, 17.7291272], [83.3317126, 17.7289464], [83.3321663, 17.7287341], [83.3325291, 17.7285382], [83.3330814, 17.728216], [83.3333495, 17.7281267], [83.3334687, 17.7280854], [83.3344893, 17.7277592], [83.3345776, 17.7276849]]}}, {"type": "Feature", "properties": {"osm_id": 389483575, "highway": "tertiary", "name": "Arilova Main Road"}, "geometry": {"type": "LineString", "coordinates": [[83.3112262, 17.7691193], [83.3112103, 17.7691204], [83.3109999, 17.7691397], [83.3107705, 17.7691538], [83.3105412, 17.7691691], [83.3103462, 17.7691847], [83.3101117, 17.7692035], [83.3098872, 17.7692215], [83.3096746, 17.7692385], [83.309648, 17.7692406], [83.3096182, 17.7692426], [83.309408, 17.7692598], [83.3091652, 17.7692789], [83.3089399, 17.7692955], [83.3087026, 17.7693134], [83.3084542, 17.7693325], [83.3082254, 17.7693501], [83.3079984, 17.7693676], [83.3075908, 17.769399], [83.3073708, 17.7694054], [83.3071403, 17.7694226], [83.3070726, 17.7694277], [83.3068585, 17.7694437], [83.3066289, 17.7694534], [83.3064052, 17.7694628], [83.3061987, 17.769505], [83.30591, 17.7695283]]}}, {"type": "Feature", "properties": {"osm_id": 389484616, "highway": "tertiary", "oneway": "yes"}, "geometry": {"type": "LineString", "coordinates": [[83.3060956, 17.765732], [83.3065602, 17.7656307], [83.3067547, 17.7655883], [83.3069389, 17.7655481], [83.3071133, 17.7655101], [83.3072662, 17.7655344], [83.3075532, 17.7656608], [83.3078147, 17.7656582], [83.3081062, 17.7656038], [83.3083648, 17.7655522], [83.309217, 17.7653965], [83.30952, 17.7653399], [83.3098798, 17.7652728], [83.3102747, 17.7651991], [83.3106919, 17.7651212], [83.3111138, 17.7650425]]}}, {"type": "Feature", "properties": {"osm_id": 389488384, "access": "yes", "bicycle": "yes", "foot": "yes", "highway": "tertiary", "horse": "unknown", "lanes": "1", "maxspeed": "30", "motor_vehicle": "yes", "name": "Adarsh nagar-Ravindra Nagar Road", "oneway": "no", "surface": "concrete"}, "geometry": {"type": "LineString", "coordinates": [[83.3230402, 17.7651043], [83.3231918, 17.7651073], [83.3234708, 17.7650439], [83.3236281, 17.7650055], [83.3237789, 17.7649858], [83.3239044, 17.7649649], [83.3239892, 17.764953], [83.3243495, 17.7648623], [83.3244684, 17.7648282], [83.3248134, 17.7647411], [83.324962, 17.7647137], [83.3252228, 17.7646655], [83.3254458, 17.7646243], [83.3254525, 17.7646231], [83.3258589, 17.7645481], [83.3259264, 17.7645356], [83.3262802, 17.7645108], [83.3263998, 17.7645024], [83.3265446, 17.7644756], [83.3265795, 17.7644692], [83.3267288, 17.7644038], [83.3271137, 17.7641688], [83.3273292, 17.7640975], [83.327463, 17.7640802], [83.3278122, 17.7640351], [83.3280306, 17.7640069], [83.3281953, 17.764023], [83.328449, 17.7640477], [83.32874, 17.7640337], [83.3288835, 17.7640286], [83.3290243, 17.7640158], [83.329377, 17.7639443], [83.3295396, 17.7639054], [83.3296761, 17.7638728], [83.3297405, 17.7638587], [83.3301026, 17.7637412], [83.3303896, 17.763648], [83.3304606, 17.7636224], [83.330749, 17.763496], [83.3309367, 17.763353], [83.3310239, 17.7632878], [83.3312868, 17.7630477], [83.3314745, 17.7628217], [83.3316159, 17.7626084], [83.3317749, 17.7623836], [83.3320312, 17.7619745], [83.3322115, 17.7618452], [83.3325977, 17.7616659], [83.3326924, 17.7616143], [83.3329108, 17.7615036], [83.3331214, 17.7614129], [83.3335871, 17.7611966]]}}, {"type": "Feature", "properties": {"osm_id": 389488467, "highway": "tertiary", "name": "Arilova Main Road"}, "geometry": {"type": "LineString", "coordinates": [[83.3158149, 17.7655123], [83.3158028, 17.7654614], [83.3157983, 17.7654065], [83.3157788, 17.7653273], [83.3157189, 17.7651695], [83.3156765, 17.7650548], [83.3156197, 17.7649472], [83.3155511, 17.7647929], [83.3154814, 17.7646361], [83.3154215, 17.7644784], [83.3153629, 17.7643296], [83.315323, 17.7642021], [83.3152665, 17.7640293]]}}, {"type": "Feature", "properties": {"osm_id": 394982730, "highway": "secondary", "ref": "NH516C", "source": "Bing"}, "geometry": {"type": "LineString", "coordinates": [[83.1969953, 17.7203573], [83.1968056, 17.7205681]]}}, {"type": "Feature", "properties": {"osm_id": 395215459, "highway": "tertiary"}, "geometry": {"type": "LineString", "coordinates": [[83.2202552, 17.7449809], [83.2199965, 17.7449694], [83.2199425, 17.7449582], [83.2198542, 17.7449784], [83.2197493, 17.7450283], [83.219273, 17.7455734], [83.2188675, 17.7458981], [83.218117, 17.7463727], [83.2180666, 17.7463957], [83.2180161, 17.746397], [83.2179693, 17.7463802], [83.2178868, 17.7463507], [83.2178316, 17.7463239], [83.2177757, 17.7462987], [83.2177159, 17.7462729]]}}, {"type": "Feature", "properties": {"osm_id": 395741695, "highway": "secondary", "lanes": "4", "maxspeed": "60", "name": "Yendada Road", "oneway": "yes", "ref": "MDR0118", "surface": "asphalt"}, "geometry": {"type": "LineString", "coordinates": [[83.3630348, 17.7807774], [83.3642105, 17.7806322], [83.3642609, 17.7806255], [83.364494, 17.7805945], [83.3648223, 17.7805735], [83.3651791, 17.7805786], [83.3653687, 17.7805803], [83.365615, 17.7805824], [83.3663833, 17.7805779], [83.3667442, 17.7806833], [83.3671224, 17.7808748], [83.3674242, 17.7810166], [83.3677689, 17.7812017], [83.3679475, 17.78129], [83.3682235, 17.7814265], [83.3684634, 17.7815507], [83.3686875, 17.7816628], [83.3691045, 17.7818466], [83.3691766, 17.7818756], [83.3692668, 17.7819118], [83.3695619, 17.7820012], [83.3698056, 17.7820208], [83.3701466, 17.7820101], [83.3705315, 17.7819616], [83.3708729, 17.7819544], [83.3718752, 17.782285], [83.3728466, 17.7826054], [83.373498, 17.7828172], [83.3741565, 17.7829922], [83.3754857, 17.7833591], [83.3759059, 17.7834878], [83.3766349, 17.7837111], [83.3772897, 17.7838979], [83.3774455, 17.7839399], [83.377633, 17.7840103], [83.3779652, 17.7842309], [83.378228, 17.7844029], [83.3785143, 17.7844091], [83.378721, 17.7843706], [83.379379, 17.7841377], [83.3800818, 17.7838862], [83.3807812, 17.7840406], [83.381816, 17.7843375], [83.3820998, 17.7844235], [83.3826362, 17.784586], [83.3828221, 17.7846216], [83.3832311, 17.7845969], [83.383312, 17.7845646]]}}, {"type": "Feature", "properties": {"osm_id": 395764859, "highway": "primary", "name": "Beach Road"}, "geometry": {"type": "LineString", "coordinates": [[83.2995249, 17.6977777], [83.299426, 17.6977065], [83.2992618, 17.697601], [83.299183, 17.6975324], [83.2990627, 17.6974358], [83.2987375, 17.6971745], [83.2986525, 17.697102], [83.2984081, 17.6969006], [83.2975627, 17.6962041], [83.2963072, 17.695087], [83.2958241, 17.694639], [83.2957673, 17.6945933], [83.2952266, 17.6940731], [83.2946435, 17.6934453], [83.2945346, 17.6933146], [83.2940769, 17.6927753], [83.293941, 17.6926389]]}}, {"type": "Feature", "properties": {"osm_id": 395764864, "highway": "tertiary"}, "geometry": {"type": "LineString", "coordinates": [[83.333338, 17.7252094], [83.3334713, 17.7251414], [83.333771, 17.7249805], [83.3338442, 17.7249407], [83.3339737, 17.7248751], [83.3340508, 17.7248378], [83.3341742, 17.7247809], [83.3344035, 17.7246711], [83.3344618, 17.7246405], [83.3346757, 17.724528], [83.3348038, 17.7244596], [83.33484, 17.7244424], [83.3349433, 17.7243926], [83.3351827, 17.7242725], [83.3354086, 17.7241569], [83.335648, 17.7240617], [83.335815, 17.7240208], [83.335885, 17.7240189], [83.3360651, 17.7239553], [83.3363767, 17.723867], [83.3365453, 17.7238367], [83.3367005, 17.7238311]]}}, {"type": "Feature", "properties": {"osm_id": 397054406, "highway": "tertiary", "lanes": "2", "name": "MVP Main Road", "oneway": "yes", "source": "Bing", "surface": "asphalt"}, "geometry": {"type": "LineString", "coordinates": [[83.3436474, 17.7418292], [83.3435938, 17.7418422], [83.3435115, 17.7418621], [83.343038, 17.7419766], [83.3429609, 17.7419953], [83.3427827, 17.7420384], [83.3425425, 17.7420965], [83.3423652, 17.7421394], [83.3415629, 17.7423336], [83.3405978, 17.7425671], [83.3401059, 17.7426861], [83.3389167, 17.7429574], [83.3388455, 17.7429747]]}}, {"type": "Feature", "properties": {"osm_id": 397054407, "highway": "tertiary", "junction": "roundabout", "lanes": "2", "name": "MVP circle", "surface": "cobblestone"}, "geometry": {"type": "LineString", "coordinates": [[83.3388161, 17.7429543], [83.3387927, 17.7429475], [83.3387684, 17.7429466], [83.3387446, 17.7429518], [83.338723, 17.7429627], [83.3387052, 17.7429786], [83.3386914, 17.7430002], [83.3386847, 17.7430247], [83.3386854, 17.7430499], [83.3386861, 17.743052]]}}, {"type": "Feature", "properties": {"osm_id": 397054409, "highway": "primary", "junction": "roundabout", "lanes": "2", "oneway": "yes", "ref": "SH144", "surface": "cobblestone"}, "geometry": {"type": "LineString", "coordinates": [[83.3382054, 17.7404279], [83.3382097, 17.7403813], [83.3381935, 17.7403371], [83.3381597, 17.7403031], [83.3381407, 17.740293], [83.3381201, 17.7402865], [83.3380985, 17.7402836]]}}, {"type": "Feature", "properties": {"osm_id": 397060065, "bridge": "yes", "highway": "secondary", "layer": "1", "name": "Adarsh Nagar Road", "oneway": "yes", "source": "Bing"}, "geometry": {"type": "LineString", "coordinates": [[83.336835, 17.7383792], [83.3367215, 17.7382614]]}}, {"type": "Feature", "properties": {"osm_id": 397060066, "highway": "secondary", "lanes": "2", "name": "Adarsh Nagar Road", "oneway": "yes", "source": "Bing", "surface": "asphalt"}, "geometry": {"type": "LineString", "coordinates": [[83.3380985, 17.7402836], [83.3379777, 17.7400093], [83.3378598, 17.7397414], [83.3375815, 17.73925], [83.3369268, 17.7384741], [83.336835, 17.7383792]]}}, {"type": "Feature", "properties": {"osm_id": 397060074, "highway": "primary", "name": "MVP Double Road", "oneway": "yes", "ref": "SH144"}, "geometry": {"type": "LineString", "coordinates": [[83.3379795, 17.7403694], [83.33784, 17.740428], [83.3377424, 17.7404514], [83.3370442, 17.7406189], [83.3370362, 17.7406209], [83.3366851, 17.7407051]]}}, {"type": "Feature", "properties": {"osm_id": 397060076, "dual_carriageway": "yes", "highway": "primary", "lanes": "2", "name": "MVP Double Road", "oneway": "yes", "ref": "SH144", "source": "Bing", "surface": "asphalt"}, "geometry": {"type": "LineString", "coordinates": [[83.3344915, 17.7412294], [83.3344521, 17.7412362], [83.3344252, 17.7412409], [83.3338791, 17.741392], [83.3334998, 17.7414848], [83.3334708, 17.7414919], [83.332827, 17.7416493], [83.3309561, 17.742097], [83.330897, 17.7421112], [83.3308589, 17.7421203], [83.3307792, 17.7421401], [83.3302106, 17.7422819], [83.3295687, 17.742442], [83.3287282, 17.7426516], [83.3281428, 17.7427947], [83.3280161, 17.7428257], [83.327901, 17.7428325]]}}, {"type": "Feature", "properties": {"osm_id": 397060077, "highway": "primary", "lanes": "2", "name": "MVP Double Road", "oneway": "yes", "ref": "SH144", "surface": "asphalt"}, "geometry": {"type": "LineString", "coordinates": [[83.3425641, 17.7393125], [83.3424595, 17.7393381], [83.3419446, 17.7394553], [83.3412365, 17.7396165], [83.3406919, 17.7397404], [83.3393801, 17.7400564], [83.3386336, 17.7402363], [83.3384682, 17.7402769], [83.3383128, 17.7403003], [83.3382436, 17.7402969], [83.3381597, 17.7403031]]}}, {"type": "Feature", "properties": {"osm_id": 397989471, "bridge": "yes", "highway": "primary", "layer": "1", "name": "Simhachalam - Pinagadi Road", "network": "IN:SH:AP", "ref": "SH153"}, "geometry": {"type": "LineString", "coordinates": [[83.1914719, 17.7975904], [83.1904013, 17.7981914]]}}, {"type": "Feature", "properties": {"osm_id": 397989472, "bridge": "yes", "highway": "primary", "layer": "1", "name": "Simhachalam - Pinagadi Road", "network": "IN:SH:AP", "ref": "SH153"}, "geometry": {"type": "LineString", "coordinates": [[83.1930603, 17.7926517], [83.1929218, 17.7928429], [83.1924188, 17.7935371]]}}, {"type": "Feature", "properties": {"osm_id": 397989476, "highway": "primary", "name": "Simhachalam - Pinagadi Road", "network": "IN:SH:AP", "ref": "SH153"}, "geometry": {"type": "LineString", "coordinates": [[83.1904013, 17.7981914], [83.18987, 17.7984938], [83.1896591, 17.7986138], [83.1887517, 17.7991471], [83.1885061, 17.7992914], [83.1873842, 17.8000186], [83.1872468, 17.8000907], [83.1871643, 17.8001201], [83.1870751, 17.8001431], [83.1869799, 17.8001527], [83.1867214, 17.8001629], [83.1862745, 17.800175], [83.1858936, 17.8002146], [83.1857528, 17.8002401], [83.1856314, 17.8002676], [83.1853142, 17.8003806], [83.1852277, 17.8004234], [83.1851979, 17.8004414], [83.185154, 17.8004681], [83.1851037, 17.8005121], [83.1850688, 17.8005606], [83.1850246, 17.8006423], [83.1850125, 17.8006985], [83.1850098, 17.8007879], [83.1850165, 17.8009016], [83.1850648, 17.8010905], [83.1851345, 17.8013306], [83.1852445, 17.8017124], [83.1852633, 17.8017967], [83.1852633, 17.8019052], [83.1852324, 17.802001], [83.1851627, 17.8021018], [83.1850192, 17.8022551], [83.1847523, 17.8024887], [83.184544, 17.8026638], [83.1828176, 17.8041628], [83.1826269, 17.8042838], [83.1824632, 17.8043843], [83.182227, 17.8044914], [83.1819076, 17.8046025], [83.1813392, 17.8048459], [83.1811099, 17.804934], [83.1809328, 17.8049876], [83.1802281, 17.8051491], [83.1800531, 17.8051619], [83.1798895, 17.8051625], [83.1797614, 17.8051568], [83.1795991, 17.8051414], [83.1791928, 17.8050821], [83.1790895, 17.8050719], [83.178838, 17.8050776], [83.1787502, 17.8050814], [83.1782359, 17.8051383], [83.1781407, 17.8051408], [83.178028, 17.805137], [83.1779087, 17.8051102], [83.1777732, 17.8050591], [83.1775774, 17.8049838], [83.1774366, 17.8049582], [83.1773648, 17.8049506], [83.1772348, 17.8049461], [83.1771214, 17.8049493], [83.1769632, 17.8049684], [83.1767553, 17.8050208], [83.1764401, 17.8050782], [83.176192, 17.8051038], [83.1753311, 17.8051893], [83.1749851, 17.8052404], [83.1749086, 17.8052506], [83.1745009, 17.8053221], [83.1742754, 17.8053498], [83.1741656, 17.8053491], [83.1739155, 17.8053477], [83.1738022, 17.805363], [83.1737298, 17.8053783], [83.17366, 17.8053994], [83.1736375, 17.8054077], [83.1735509, 17.8054398], [83.17331, 17.805536], [83.1730659, 17.8056184], [83.1728435, 17.805679], [83.1727005, 17.805718], [83.1725857, 17.8057423], [83.1724926, 17.805755], [83.1722613, 17.8057888], [83.1721855, 17.8057952], [83.1719642, 17.8058424], [83.1712426, 17.806052], [83.1711113, 17.8060902], [83.1708142, 17.8061783], [83.1707203, 17.8062127], [83.1706231, 17.8062593], [83.1705406, 17.8063187], [83.1699331, 17.8068722], [83.1698285, 17.8069859], [83.1697628, 17.8070829], [83.1697152, 17.8071844], [83.1696595, 17.8073319], [83.1696166, 17.8075758], [83.1695925, 17.8078248], [83.1695844, 17.8079818], [83.1695898, 17.8081236], [83.1696153, 17.8082742], [83.1696863, 17.8084678], [83.1697574, 17.808619], [83.1699103, 17.8088616], [83.1699841, 17.8089714], [83.1700548, 17.8091023], [83.1700934, 17.8092469], [83.1701138, 17.8093257], [83.1701246, 17.8094065], [83.1701536, 17.8098215], [83.1701755, 17.8101355], [83.1702007, 17.8104972], [83.1701926, 17.810623], [83.1701779, 17.8106811], [83.1701383, 17.8107928], [83.1700531, 17.8109524], [83.1699794, 17.8110264], [83.1698988, 17.8111009], [83.1698002, 17.8111622]]}}, {"type": "Feature", "properties": {"osm_id": 397989477, "highway": "primary", "name": "Simhachalam - Pinagadi Road", "network": "IN:SH:AP", "ref": "SH153"}, "geometry": {"type": "LineString", "coordinates": [[83.1924188, 17.7935371], [83.1922897, 17.7938145], [83.1922384, 17.7939359], [83.1922075, 17.7940802], [83.1922184, 17.7942235], [83.1922653, 17.7944631], [83.1928001, 17.7967037], [83.1928142, 17.7967697], [83.192812, 17.796814], [83.1927831, 17.7968499], [83.1914719, 17.7975904]]}}, {"type": "Feature", "properties": {"osm_id": 398712546, "highway": "tertiary", "oneway": "yes"}, "geometry": {"type": "LineString", "coordinates": [[83.1945481, 17.677775], [83.1945841, 17.6774177], [83.1944483, 17.6763517], [83.1943856, 17.6758885], [83.1942996, 17.6750882], [83.1942899, 17.675001], [83.1942453, 17.6745852], [83.1942025, 17.6745241]]}}, {"type": "Feature", "properties": {"osm_id": 398712547, "embankment": "yes", "highway": "tertiary", "oneway": "yes"}, "geometry": {"type": "LineString", "coordinates": [[83.1981598, 17.657452], [83.1984879, 17.6578292], [83.1988311, 17.6581932], [83.1992063, 17.6585139], [83.1996166, 17.6587979], [83.2002758, 17.6591354]]}}, {"type": "Feature", "properties": {"osm_id": 398712548, "highway": "tertiary"}, "geometry": {"type": "LineString", "coordinates": [[83.2188277, 17.6643874], [83.2187776, 17.6643812], [83.2187156, 17.6643874], [83.2186221, 17.6644021], [83.2184147, 17.6644519], [83.2180449, 17.6645496], [83.2177667, 17.6646186], [83.2177133, 17.6646394], [83.2176727, 17.6646623], [83.2176475, 17.66469], [83.2176265, 17.6647531], [83.2175946, 17.6648042], [83.2175318, 17.6648464], [83.2174425, 17.6648717], [83.2173247, 17.6648867], [83.2171887, 17.6648966], [83.217125, 17.6649109], [83.2170671, 17.6649363], [83.2170131, 17.6649772], [83.2169789, 17.6650214], [83.2169733, 17.6650625], [83.2169751, 17.6650973], [83.2169956, 17.6651878], [83.2170345, 17.6652706], [83.2171137, 17.6654231], [83.2171319, 17.665492], [83.2171378, 17.6655498], [83.2171241, 17.6655918]]}}, {"type": "Feature", "properties": {"osm_id": 398712552, "highway": "tertiary"}, "geometry": {"type": "LineString", "coordinates": [[83.1973842, 17.6562651], [83.1970925, 17.6558092]]}}, {"type": "Feature", "properties": {"osm_id": 398712559, "bridge": "yes", "highway": "tertiary", "layer": "1"}, "geometry": {"type": "LineString", "coordinates": [[83.1970925, 17.6558092], [83.1965965, 17.6550326]]}}, {"type": "Feature", "properties": {"osm_id": 398712561, "highway": "tertiary"}, "geometry": {"type": "LineString", "coordinates": [[83.1965965, 17.6550326], [83.1963343, 17.6546964]]}}, {"type": "Feature", "properties": {"osm_id": 398712571, "highway": "tertiary", "name": "Balacheruvu Road", "oneway": "yes"}, "geometry": {"type": "LineString", "coordinates": [[83.1963343, 17.6546964], [83.1963167, 17.6545908], [83.1961619, 17.6542972], [83.1960252, 17.6539465], [83.1959393, 17.6535856], [83.1958805, 17.6532021], [83.1958401, 17.6527827], [83.1958377, 17.6523007], [83.1958311, 17.6513553], [83.1958117, 17.6509185], [83.1957583, 17.6505036], [83.1956421, 17.6498587], [83.1955184, 17.6491449], [83.1953864, 17.6484752], [83.1953571, 17.6483161], [83.1952717, 17.6476433], [83.1952107, 17.6473195], [83.1951601, 17.6470897], [83.1950812, 17.6469037], [83.1948027, 17.6463587], [83.1946751, 17.6461334], [83.1938675, 17.6445473], [83.1938142, 17.6444426]]}}, {"type": "Feature", "properties": {"osm_id": 398712580, "highway": "tertiary"}, "geometry": {"type": "LineString", "coordinates": [[83.1995405, 17.6740117], [83.1996134, 17.6740072], [83.1999027, 17.6739698], [83.200267, 17.6739592], [83.2005356, 17.6739796], [83.2007533, 17.6740293], [83.2016548, 17.6743784]]}}, {"type": "Feature", "properties": {"osm_id": 398772556, "highway": "tertiary"}, "geometry": {"type": "LineString", "coordinates": [[83.2064518, 17.682299], [83.206501, 17.6820352], [83.206636, 17.6812656], [83.2066383, 17.681237], [83.2066393, 17.6812214], [83.2066456, 17.6811714], [83.2066573, 17.6810628], [83.2066794, 17.6806191], [83.2067154, 17.6800825], [83.2066897, 17.6799529], [83.2066526, 17.679851], [83.2065417, 17.6796663], [83.206387, 17.6793705], [83.2062564, 17.6791478], [83.2062031, 17.679057], [83.2060642, 17.6788286], [83.2060074, 17.6787444], [83.2058782, 17.6785444], [83.2054289, 17.6778381], [83.2053023, 17.677639], [83.2052576, 17.6775689], [83.205061, 17.677315], [83.2050267, 17.6772707], [83.2049221, 17.677146], [83.2047811, 17.676978], [83.2044285, 17.6766179], [83.2042296, 17.6764125], [83.2038268, 17.6760412], [83.203218, 17.6754585], [83.2030859, 17.6753368], [83.2028771, 17.6751444], [83.202652, 17.6749371], [83.2024362, 17.6747259], [83.2021994, 17.6744941], [83.2020619, 17.6743596], [83.2019559, 17.6742865], [83.2017213, 17.6741249]]}}, {"type": "Feature", "properties": {"osm_id": 398772593, "highway": "tertiary", "oneway": "yes"}, "geometry": {"type": "LineString", "coordinates": [[83.2165218, 17.690575], [83.2165403, 17.6907576], [83.2165863, 17.6908295]]}}, {"type": "Feature", "properties": {"osm_id": 398772595, "highway": "tertiary"}, "geometry": {"type": "LineString", "coordinates": [[83.2661748, 17.6537849], [83.2654785, 17.6533243], [83.265399, 17.6532865], [83.2653077, 17.6532456], [83.2651826, 17.6532032], [83.2650702, 17.6531931], [83.2643782, 17.6531849], [83.2642807, 17.6531899], [83.2641726, 17.6532227], [83.2640994, 17.6532631], [83.2639669, 17.6533849], [83.2638643, 17.6535076], [83.2635976, 17.6538961], [83.2634965, 17.6539719], [83.2633926, 17.6540126], [83.2632669, 17.6540402], [83.2631627, 17.6540965], [83.2630725, 17.6541741], [83.2627992, 17.6545171], [83.2627341, 17.6545793], [83.2626521, 17.6546373], [83.262503, 17.6546993], [83.2623647, 17.6547426], [83.2622609, 17.6547954], [83.2620434, 17.6549751], [83.2619409, 17.6550373], [83.261766, 17.6551252], [83.2616741, 17.6551905], [83.2615882, 17.6552631], [83.2609209, 17.6561714], [83.2608282, 17.6562333], [83.2607138, 17.6562598], [83.2606167, 17.6562498], [83.2600802, 17.6560729], [83.259941, 17.6560512], [83.2598049, 17.6560742], [83.2597362, 17.6561138], [83.2595209, 17.6562914], [83.2583995, 17.6576441], [83.2583427, 17.6577423], [83.2583523, 17.6578175], [83.2583995, 17.6579077], [83.2588363, 17.6584068], [83.259207, 17.6588345], [83.2593349, 17.6589422], [83.2595093, 17.6590558], [83.2599537, 17.6592867], [83.260421, 17.6594198], [83.2605149, 17.6594698], [83.2605616, 17.6595358], [83.260549, 17.6596145], [83.2604978, 17.6596631], [83.2603827, 17.6596981], [83.2597931, 17.6597665], [83.2595006, 17.659739], [83.2590566, 17.6596463], [83.2589143, 17.659603], [83.2587551, 17.6595322], [83.2585751, 17.6593984], [83.258278, 17.6590835], [83.2572964, 17.6581112], [83.2571465, 17.6580002], [83.2566494, 17.6577248], [83.2565047, 17.6576387], [83.2563341, 17.6574809], [83.2562537, 17.6573694], [83.256118, 17.6570736], [83.2560587, 17.6569843], [83.2552133, 17.6560095], [83.2545118, 17.6553407], [83.254338, 17.6552096], [83.2541983, 17.6551318], [83.2539496, 17.655036], [83.2538812, 17.6549965], [83.2538106, 17.6549434], [83.2534435, 17.6546748], [83.2533887, 17.6546267], [83.2533491, 17.6545478], [83.2533188, 17.6543717], [83.2532915, 17.6542138], [83.2532413, 17.6540631], [83.2531745, 17.6539648], [83.2531095, 17.6538902], [83.2524264, 17.6533566], [83.2523393, 17.6532557], [83.2522708, 17.6531549], [83.2521744, 17.6529305], [83.2521085, 17.6528154], [83.2519801, 17.6526713], [83.2508684, 17.6515999], [83.250758, 17.6514887], [83.2506798, 17.6513719], [83.2505558, 17.6511095], [83.250456, 17.6509488], [83.2501616, 17.650587], [83.2500733, 17.6505107], [83.2499158, 17.6504415], [83.2497189, 17.6503935], [83.2493092, 17.6503314], [83.2492257, 17.6502836], [83.2491596, 17.6501994], [83.2491271, 17.6501057], [83.2491255, 17.6500164], [83.2491667, 17.6498156], [83.2491742, 17.6496749], [83.2491693, 17.6494799], [83.2491285, 17.6493703], [83.2484843, 17.6481998], [83.248428, 17.6481302], [83.2483468, 17.6480445], [83.2482449, 17.6479449], [83.2481463, 17.6478592], [83.2480028, 17.6476349], [83.2477138, 17.6471736], [83.2474241, 17.6466637], [83.2473651, 17.6465627], [83.2473034, 17.6465234], [83.2472798, 17.6465256], [83.2472553, 17.6465332], [83.2472371, 17.6465439], [83.2472196, 17.6465876], [83.2472042, 17.6466931], [83.2472002, 17.6472777], [83.2471921, 17.6473167], [83.2471767, 17.6473397], [83.2471398, 17.6473602], [83.2470788, 17.6473621], [83.2469796, 17.6473487], [83.2469038, 17.6473059], [83.2467482, 17.6471691], [83.2464478, 17.6469103], [83.2460743, 17.6466304], [83.2458758, 17.6465046], [83.2454876, 17.6462937], [83.2452945, 17.6462534], [83.2446903, 17.6461825], [83.2443081, 17.6461742], [83.2441371, 17.6461883], [83.2437515, 17.6462426], [83.2435316, 17.6462592], [83.24315, 17.6462336], [83.2426511, 17.6462093], [83.2425633, 17.646194], [83.2424527, 17.6461621], [83.2423454, 17.6460892], [83.2421308, 17.6458573], [83.2417781, 17.6454662], [83.2415474, 17.6451352], [83.241294, 17.6448527], [83.2410894, 17.6446438], [83.240954, 17.6444604], [83.2408306, 17.6442764], [83.2407065, 17.6441281], [83.2406301, 17.6440853], [83.2405617, 17.6440719], [83.2404249, 17.6440981], [83.2402942, 17.6441652], [83.2401916, 17.644245], [83.2401379, 17.6443569], [83.2401044, 17.6446323], [83.2400903, 17.6448438], [83.2401051, 17.6452834], [83.240144, 17.6457525], [83.2401855, 17.6464854], [83.2401996, 17.6469602], [83.2402177, 17.6472675], [83.240238, 17.6473787], [83.2402681, 17.6474714], [83.2404135, 17.6477391], [83.2407025, 17.6482247], [83.2411883, 17.6490196], [83.2418004, 17.6499369], [83.2418519, 17.6500334], [83.2418913, 17.6501262], [83.2419221, 17.6502086], [83.2421813, 17.6512904], [83.2422778, 17.6515754], [83.2423316, 17.6517151], [83.2424058, 17.6518492], [83.2426992, 17.6522181], [83.2427014, 17.6522817], [83.2426614, 17.6523181], [83.2425941, 17.6523244], [83.2425196, 17.6522778], [83.2409964, 17.6505265], [83.2409214, 17.650451], [83.2408277, 17.6503766], [83.2402424, 17.6500418], [83.2401641, 17.6499938], [83.2400703, 17.6499261], [83.2389513, 17.6489234], [83.2388177, 17.6488326], [83.2385874, 17.6487], [83.2378073, 17.6483271], [83.2376916, 17.6482566], [83.2375634, 17.6481626], [83.2374641, 17.6480968], [83.2374159, 17.648075], [83.2373732, 17.648072], [83.2373424, 17.6480842], [83.2373283, 17.6481091], [83.237331, 17.6481544], [83.2373491, 17.6482203], [83.2373996, 17.6482983], [83.237991, 17.6491322], [83.2383199, 17.6498184], [83.2386344, 17.6504936], [83.2386681, 17.6505501], [83.2388059, 17.6507624], [83.2388335, 17.650827], [83.238834, 17.6509051], [83.2387856, 17.6509394], [83.23873, 17.6509439], [83.238667, 17.6509192], [83.238619, 17.6508665], [83.238574, 17.6508138], [83.2384764, 17.6506364], [83.2384305, 17.650558], [83.2383764, 17.6504879], [83.2382966, 17.6503918], [83.238171, 17.6502774], [83.23737, 17.649625], [83.2370273, 17.6493522], [83.236956, 17.6492778], [83.2368255, 17.6491217], [83.2362463, 17.6484358], [83.2362117, 17.648387], [83.2361869, 17.6483483], [83.2361668, 17.6483138], [83.2361419, 17.6482731], [83.2361102, 17.6482022], [83.2360938, 17.6481481], [83.2360268, 17.6478675], [83.2359691, 17.6475314], [83.2358927, 17.6473314], [83.235843, 17.6472464], [83.2357424, 17.6471717], [83.2356593, 17.6471295], [83.2355124, 17.6470375], [83.2353508, 17.6468554], [83.2351785, 17.6466413], [83.2350699, 17.6465678], [83.2346743, 17.6463231], [83.2343061, 17.6460413], [83.2339239, 17.6456771], [83.2336877, 17.6453741], [83.2331469, 17.644798], [83.2328886, 17.6444719], [83.2326024, 17.6441657], [83.2323401, 17.6439083], [83.2320218, 17.6435376], [83.2319619, 17.6434214], [83.2319267, 17.6432583], [83.2318928, 17.642975], [83.2318398, 17.6427146], [83.2317862, 17.6425574], [83.2317221, 17.6424251], [83.2316585, 17.6423184], [83.2315711, 17.6421776], [83.2313845, 17.641877], [83.2312812, 17.6417524], [83.2311871, 17.641638], [83.23098, 17.6413774], [83.2309284, 17.6413041], [83.2302595, 17.6403538], [83.2301398, 17.6401881], [83.2301019, 17.6401597], [83.2300552, 17.6401513], [83.2299891, 17.6401716], [83.2295734, 17.6404372], [83.229171, 17.6406365], [83.2290938, 17.6406583], [83.2290137, 17.6406625], [83.2289159, 17.6406496], [83.228773, 17.6406158], [83.2287043, 17.6405995], [83.22849, 17.640535], [83.2283861, 17.6405448], [83.2282846, 17.6406096], [83.228034, 17.6408576], [83.2275363, 17.6412498], [83.2270975, 17.6415312], [83.2268322, 17.6416928], [83.226407, 17.6419746], [83.2261301, 17.6421643], [83.2259276, 17.6423535], [83.225674, 17.6425536], [83.2251448, 17.6429794], [83.22488, 17.643181], [83.2245931, 17.6433806], [83.2243973, 17.6435038], [83.2242868, 17.6435819], [83.2229879, 17.644476], [83.2204615, 17.6462152], [83.2190859, 17.6471493], [83.2187074, 17.6474063], [83.2185074, 17.6475075], [83.2174417, 17.6478367], [83.2172771, 17.6478948], [83.2171506, 17.6479872], [83.2160737, 17.6489467], [83.2144325, 17.650409], [83.212899, 17.6517452], [83.2126816, 17.6519251], [83.2121238, 17.6523377], [83.2118381, 17.6525659], [83.2117952, 17.65262], [83.2117593, 17.6526944], [83.2117324, 17.6528083], [83.2117194, 17.6529255], [83.2117241, 17.6530561], [83.2118445, 17.654063], [83.2119283, 17.6546334], [83.2120094, 17.6549558], [83.2120964, 17.6553656], [83.2121053, 17.6554474], [83.2120663, 17.6555532], [83.2119518, 17.6558311], [83.2118239, 17.6561347], [83.2117749, 17.6563165], [83.2117582, 17.6564829], [83.2117514, 17.6567034], [83.2117521, 17.6568797], [83.2117367, 17.6569947], [83.2117005, 17.6570867], [83.2116364, 17.6571319], [83.2114885, 17.6571955], [83.2109463, 17.6573638], [83.2107766, 17.6574203], [83.210633, 17.6574822], [83.2104912, 17.6575727], [83.210378, 17.657647], [83.2101498, 17.6578543], [83.2100224, 17.6579964], [83.2097394, 17.6582688], [83.2094867, 17.6584728], [83.209249, 17.6586262], [83.208575, 17.6590629], [83.2084038, 17.6592056], [83.2074656, 17.6600672]]}}, {"type": "Feature", "properties": {"osm_id": 398772607, "highway": "tertiary"}, "geometry": {"type": "LineString", "coordinates": [[83.2119057, 17.674265], [83.2124025, 17.6741017], [83.2131856, 17.6738444]]}}, {"type": "Feature", "properties": {"osm_id": 398772628, "highway": "tertiary"}, "geometry": {"type": "LineString", "coordinates": [[83.2017213, 17.6741249], [83.2015922, 17.6740789], [83.2012851, 17.6739517], [83.2010075, 17.6738643], [83.2006137, 17.673772], [83.20037, 17.6737505], [83.2001822, 17.6737548], [83.1999111, 17.6737859], [83.1995901, 17.6738416], [83.1995022, 17.6738492]]}}, {"type": "Feature", "properties": {"osm_id": 402578397, "highway": "primary", "lanes": "2", "name": "Beach Road", "oneway": "yes", "ref": "SH144", "sidewalk:left": "yes", "sidewalk:left:surface": "paving_stones", "surface": "asphalt"}, "geometry": {"type": "LineString", "coordinates": [[83.3488802, 17.7501453], [83.3492529, 17.7493796], [83.3492985, 17.749271], [83.349326, 17.7491707], [83.3493568, 17.7489881], [83.3493836, 17.7486317], [83.349389, 17.7483827], [83.3494043, 17.7480826], [83.3494131, 17.7479113], [83.3494158, 17.7475971], [83.3494091, 17.7473787], [83.3493796, 17.7471782], [83.3493085, 17.7466967], [83.3492669, 17.7464386], [83.3492133, 17.7462343], [83.3491342, 17.7460542], [83.3490685, 17.7459533], [83.3489679, 17.7458204], [83.3488096, 17.7456799], [83.3486983, 17.7455944], [83.3485092, 17.7454871], [83.3482692, 17.7453836], [83.3480278, 17.7453006], [83.3477662, 17.7452329], [83.3475061, 17.7451971], [83.3471198, 17.745146], [83.346802, 17.7451115], [83.3465968, 17.745086], [83.3464372, 17.7450477], [83.3462481, 17.7449659], [83.3461221, 17.7448867], [83.3459987, 17.7447922], [83.3458726, 17.7446926], [83.3456717, 17.7444959], [83.3454368, 17.744266], [83.3445967, 17.7430736], [83.3445476, 17.743004], [83.3438784, 17.7420128], [83.3438251, 17.7419161], [83.3437877, 17.7418181]]}}, {"type": "Feature", "properties": {"osm_id": 402890432, "highway": "primary", "name": "Station Road", "name:ur": "اسٹیشن روڈ", "oneway": "yes"}, "geometry": {"type": "LineString", "coordinates": [[83.3060459, 17.7246287], [83.3057957, 17.7246502], [83.3057173, 17.724657], [83.3048616, 17.724717], [83.3045494, 17.724744], [83.3034417, 17.7248399], [83.3033609, 17.7248468], [83.3028076, 17.7248764], [83.3025025, 17.7248988], [83.3004069, 17.7250526], [83.2999527, 17.7251006], [83.2988892, 17.725224]]}}, {"type": "Feature", "properties": {"osm_id": 402898015, "highway": "primary", "name": "Jail Road", "oneway": "yes", "source": "Bing"}, "geometry": {"type": "LineString", "coordinates": [[83.3083094, 17.723503], [83.3081994, 17.723234], [83.3079207, 17.7225121], [83.3078363, 17.7222938]]}}, {"type": "Feature", "properties": {"osm_id": 402898016, "highway": "primary", "name": "Jail Road", "oneway": "yes"}, "geometry": {"type": "LineString", "coordinates": [[83.3064034, 17.7201031], [83.3064978, 17.7202428], [83.3068262, 17.7206945], [83.3070087, 17.7209626], [83.3072099, 17.7213044], [83.3074185, 17.721688], [83.3075802, 17.7219967]]}}, {"type": "Feature", "properties": {"osm_id": 402898021, "highway": "tertiary", "name": "Ram Nagar Road", "oneway": "no"}, "geometry": {"type": "LineString", "coordinates": [[83.3077235, 17.7220488], [83.3077879, 17.7220445], [83.3077981, 17.7220438], [83.3079784, 17.7220318], [83.3089266, 17.7221072], [83.3091492, 17.7221123]]}}, {"type": "Feature", "properties": {"osm_id": 402898024, "highway": "primary", "name": "Underpass", "oneway": "yes"}, "geometry": {"type": "LineString", "coordinates": [[83.3077092, 17.7223548], [83.3078001, 17.7224639], [83.307831, 17.7225496]]}}, {"type": "Feature", "properties": {"osm_id": 402898025, "highway": "primary", "layer": "-1", "name": "Underpass", "oneway": "yes", "tunnel": "yes"}, "geometry": {"type": "LineString", "coordinates": [[83.3081663, 17.7234708], [83.3083686, 17.7240121], [83.3084788, 17.7242971], [83.3085494, 17.7244638], [83.3086102, 17.7246211]]}}, {"type": "Feature", "properties": {"osm_id": 402898026, "highway": "primary", "oneway": "yes"}, "geometry": {"type": "LineString", "coordinates": [[83.3087368, 17.7246378], [83.3086464, 17.7244337], [83.3086198, 17.7243737], [83.3083445, 17.7236178], [83.3083094, 17.723503]]}}, {"type": "Feature", "properties": {"osm_id": 402898027, "highway": "primary", "lanes": "2", "oneway": "yes"}, "geometry": {"type": "LineString", "coordinates": [[83.3197141, 17.7345726], [83.3196551, 17.734511], [83.3195608, 17.7344126], [83.3192997, 17.7341528], [83.3192174, 17.734071], [83.3188705, 17.7337264], [83.3184722, 17.7333249], [83.3179977, 17.7328617], [83.3175248, 17.732392], [83.3174462, 17.7323201], [83.3172081, 17.7320876], [83.3170277, 17.7319176], [83.3168525, 17.7317462], [83.3167281, 17.7316194], [83.3166638, 17.7315533], [83.3166114, 17.7314963], [83.3163486, 17.731206], [83.3162463, 17.7310865], [83.3161773, 17.7310063], [83.3161023, 17.7309238], [83.3160314, 17.73085], [83.3159366, 17.7307652], [83.315818, 17.7306645], [83.3156405, 17.7305193], [83.3155126, 17.7304138], [83.315479, 17.7303873], [83.3153885, 17.7303182], [83.3152757, 17.730232], [83.3152287, 17.7301984], [83.3149801, 17.7300353], [83.3146019, 17.729798], [83.3144417, 17.7297032], [83.3142632, 17.7295993], [83.3142372, 17.7295842], [83.3142202, 17.7295734], [83.3141892, 17.7295537], [83.3141288, 17.7295169], [83.3141005, 17.7295025], [83.3140686, 17.7294864], [83.313884, 17.72939], [83.3136191, 17.7292267], [83.3133307, 17.7290272], [83.3130465, 17.7288365], [83.3129683, 17.7287669], [83.3128075, 17.7286458], [83.3125712, 17.7284977], [83.3123023, 17.7283002], [83.31213, 17.728162], [83.3120455, 17.7280943], [83.3119662, 17.728025], [83.3119192, 17.7279763], [83.3117455, 17.727796], [83.311597, 17.7276501], [83.3113986, 17.7274364], [83.3112821, 17.7273027], [83.3111069, 17.7271179], [83.310864, 17.7268418], [83.310621, 17.7265983], [83.3104788, 17.7264562], [83.3104158, 17.7263933], [83.3100783, 17.7260715], [83.3100211, 17.7260136], [83.3098718, 17.725859], [83.309823, 17.7258084], [83.3095322, 17.7254982], [83.3093808, 17.7253384], [83.3088796, 17.7247943], [83.3088184, 17.7247272], [83.3087571, 17.7246601], [83.3087368, 17.7246378]]}}, {"type": "Feature", "properties": {"osm_id": 402901431, "dual_carriageway": "yes", "highway": "primary", "name": "Station Road", "name:ur": "اسٹیشن روڈ", "oneway": "yes", "sidewalk": "separate"}, "geometry": {"type": "LineString", "coordinates": [[83.2922005, 17.7189358], [83.2921644, 17.719041], [83.2921325, 17.7191336], [83.2920738, 17.719304], [83.2918945, 17.719806], [83.2914305, 17.7209938], [83.2913587, 17.7211714], [83.2911367, 17.7217475], [83.2910922, 17.7218682], [83.2909324, 17.722301], [83.2909112, 17.7223763]]}}, {"type": "Feature", "properties": {"osm_id": 402901432, "bridge": "yes", "highway": "primary", "lanes": "2", "layer": "1", "maxweight:signed": "no", "name": "Telugu Talli Flyover", "name:te": "తెలుగు తల్లి ఫ్లైఓవర్", "oneway": "yes", "surface": "asphalt"}, "geometry": {"type": "LineString", "coordinates": [[83.2965197, 17.7247575], [83.2978688, 17.7252391], [83.2981464, 17.7253221], [83.2984176, 17.72538], [83.2987288, 17.7253915], [83.2989324, 17.7253775], [83.299741, 17.7252876], [83.3005417, 17.7252096], [83.3015006, 17.7251471], [83.3024649, 17.7250603], [83.3028924, 17.725029], [83.3035256, 17.7249796], [83.3061051, 17.7247802], [83.3073782, 17.7246766], [83.3080384, 17.7246241], [83.3084809, 17.7245961], [83.3091435, 17.7245467], [83.3095756, 17.7244909], [83.3100702, 17.7244074]]}}, {"type": "Feature", "properties": {"osm_id": 402901433, "highway": "primary", "lanes": "2", "name": "Station Road", "name:ur": "اسٹیشن روڈ", "oneway": "yes", "surface": "asphalt"}, "geometry": {"type": "LineString", "coordinates": [[83.2932478, 17.7235725], [83.2933203, 17.7235991], [83.2940466, 17.7238656], [83.2943295, 17.7239694], [83.2946539, 17.7240884], [83.2954315, 17.7243716], [83.2963582, 17.7246964]]}}, {"type": "Feature", "properties": {"osm_id": 402901434, "bridge": "yes", "highway": "primary", "layer": "1", "name": "Telugu Talli Flyover", "name:te": "తెలుగు తల్లి ఫ్లైఓవర్", "oneway": "yes"}, "geometry": {"type": "LineString", "coordinates": [[83.3100618, 17.7243217], [83.3095627, 17.7244056], [83.3091928, 17.7244519], [83.3088028, 17.7244956], [83.3076684, 17.7245724], [83.3051867, 17.7247693], [83.3039624, 17.7248615], [83.3035165, 17.7249023], [83.3028916, 17.7249457], [83.3024574, 17.7249864], [83.3014968, 17.7250696], [83.3005387, 17.7251316], [83.2997319, 17.7252127], [83.299052, 17.7252873], [83.2986644, 17.7253098], [83.2984458, 17.725297], [83.2982626, 17.7252682], [83.2978875, 17.7251548], [83.2965746, 17.7246718]]}}, {"type": "Feature", "properties": {"osm_id": 402901435, "highway": "primary", "oneway": "yes"}, "geometry": {"type": "LineString", "coordinates": [[83.311513, 17.724275], [83.3113123, 17.72426], [83.3110857, 17.7242431], [83.3107771, 17.72425], [83.3107174, 17.7242518], [83.310552, 17.7242567], [83.3104264, 17.7242707], [83.3101883, 17.724298]]}}, {"type": "Feature", "properties": {"osm_id": 402901436, "dual_carriageway": "yes", "highway": "primary", "oneway": "yes", "sidewalk": "separate", "surface": "asphalt"}, "geometry": {"type": "LineString", "coordinates": [[83.2923106, 17.7187179], [83.2922667, 17.7186465], [83.2921625, 17.7185148], [83.2920143, 17.7183122], [83.291866, 17.7180914], [83.2918156, 17.7180159], [83.2917801, 17.7179775], [83.2917145, 17.7179231], [83.2916337, 17.7178944], [83.2911718, 17.7177193], [83.2910511, 17.7176569], [83.2905728, 17.7173938], [83.2901874, 17.7171854], [83.2901674, 17.7171766], [83.2901513, 17.7171696], [83.2899393, 17.7170736]]}}, {"type": "Feature", "properties": {"osm_id": 402901437, "highway": "primary", "junction": "circular", "oneway": "yes", "surface": "asphalt"}, "geometry": {"type": "LineString", "coordinates": [[83.2923106, 17.7187179], [83.2922518, 17.7187218], [83.2922006, 17.7187495], [83.292167, 17.7187956], [83.2921575, 17.7188454], [83.2921693, 17.7188948], [83.2922005, 17.7189358]]}}, {"type": "Feature", "properties": {"osm_id": 402901439, "dual_carriageway": "yes", "highway": "primary", "oneway": "yes", "sidewalk": "separate", "surface": "asphalt"}, "geometry": {"type": "LineString", "coordinates": [[83.2898695, 17.7173765], [83.2899408, 17.7174375], [83.2899925, 17.7174519], [83.2901851, 17.7175042], [83.2902534, 17.7175206], [83.2904514, 17.7175761], [83.2906354, 17.7176338], [83.2910464, 17.7177749], [83.291122, 17.7178009], [83.2915884, 17.7179905], [83.2916482, 17.7180373], [83.2916993, 17.7180905], [83.292017, 17.7185385], [83.2920841, 17.7186447], [83.2921295, 17.718732], [83.292167, 17.7187956]]}}, {"type": "Feature", "properties": {"osm_id": 402904588, "highway": "primary", "lanes": "2", "name": "Beach Road", "oneway": "yes", "sidewalk:left": "yes", "sidewalk:left:surface": "paving_stones", "surface": "asphalt"}, "geometry": {"type": "LineString", "coordinates": [[83.3098231, 17.7053088], [83.3097807, 17.7052664], [83.3089107, 17.7043971], [83.3081714, 17.7035032], [83.3078438, 17.7031529], [83.3075262, 17.70294], [83.3059566, 17.7019743], [83.3057539, 17.7018761], [83.3055267, 17.7018374]]}}, {"type": "Feature", "properties": {"osm_id": 402904590, "highway": "primary", "name": "Beach Road", "oneway": "yes"}, "geometry": {"type": "LineString", "coordinates": [[83.2995249, 17.6977777], [83.2996718, 17.6979336], [83.3003484, 17.6984156], [83.300514, 17.698546], [83.3005916, 17.6986027], [83.3007218, 17.6987006], [83.3012389, 17.6990719], [83.3014268, 17.6992188], [83.3018236, 17.6995291], [83.3021108, 17.6997536], [83.3021879, 17.6998139], [83.3024655, 17.7000264], [83.3028913, 17.7003145], [83.3032327, 17.7005521], [83.3033945, 17.7006647], [83.3035908, 17.7008013], [83.3036654, 17.7008596], [83.3044362, 17.7014625], [83.304655, 17.7016236], [83.3049111, 17.7017518], [83.305066, 17.7017986], [83.3052295, 17.7018677], [83.3054447, 17.7019343]]}}, {"type": "Feature", "properties": {"osm_id": 402904592, "highway": "secondary", "oneway": "yes"}, "geometry": {"type": "LineString", "coordinates": [[83.3019269, 17.7109132], [83.3017457, 17.7106182], [83.3016054, 17.7103657], [83.3014973, 17.7100982], [83.3013172, 17.7097051], [83.3009925, 17.7092069], [83.3009043, 17.7090971], [83.3007995, 17.7089664], [83.300691, 17.7088312], [83.3006091, 17.7087756], [83.3005945, 17.7087656]]}}, {"type": "Feature", "properties": {"osm_id": 402904595, "highway": "secondary"}, "geometry": {"type": "LineString", "coordinates": [[83.293941, 17.6926389], [83.2935096, 17.6928434], [83.2930344, 17.6930598], [83.2928787, 17.6931038], [83.29266, 17.6931655], [83.292559, 17.6932001], [83.2925064, 17.6932107], [83.2923656, 17.6932462], [83.2919775, 17.693344]]}}, {"type": "Feature", "properties": {"osm_id": 402904596, "highway": "tertiary"}, "geometry": {"type": "LineString", "coordinates": [[83.2919775, 17.693344], [83.2916738, 17.6934182], [83.2909491, 17.6936325], [83.2907719, 17.693677]]}}, {"type": "Feature", "properties": {"osm_id": 402904597, "highway": "secondary", "oneway": "yes"}, "geometry": {"type": "LineString", "coordinates": [[83.299217, 17.7107765], [83.2994522, 17.7112811], [83.3000696, 17.7126294], [83.3000933, 17.712681]]}}, {"type": "Feature", "properties": {"osm_id": 403050671, "highway": "primary", "junction": "roundabout", "oneway": "yes"}, "geometry": {"type": "LineString", "coordinates": [[83.3355163, 17.7216732], [83.3355065, 17.7216937], [83.3355041, 17.72176], [83.3355291, 17.7218228], [83.3355759, 17.7218706], [83.3356259, 17.7218923]]}}, {"type": "Feature", "properties": {"osm_id": 403050672, "highway": "tertiary", "name": "Chinna Waltair Main Road", "oneway": "yes"}, "geometry": {"type": "LineString", "coordinates": [[83.3349803, 17.7221843], [83.3352758, 17.7220637], [83.335481, 17.7219589], [83.3355363, 17.7219312], [83.3355742, 17.7219123], [83.3356259, 17.7218923]]}}, {"type": "Feature", "properties": {"osm_id": 403050673, "highway": "tertiary", "name": "Chinna Waltair Main Road", "oneway": "yes"}, "geometry": {"type": "LineString", "coordinates": [[83.3355065, 17.7216937], [83.3354449, 17.7217335], [83.3354366, 17.7217418], [83.3353798, 17.7217986], [83.3353208, 17.7218657], [83.3352459, 17.7219361], [83.3352149, 17.7219653], [83.3349591, 17.7220957]]}}, {"type": "Feature", "properties": {"osm_id": 403863603, "highway": "tertiary", "lanes": "2", "sidewalk": "separate", "surface": "asphalt"}, "geometry": {"type": "LineString", "coordinates": [[83.318382, 17.7181491], [83.3185423, 17.7184268], [83.3189665, 17.7191664], [83.319194, 17.7195949], [83.3195021, 17.7200442], [83.3195703, 17.7201398], [83.3197331, 17.7203686], [83.3198902, 17.720687]]}}, {"type": "Feature", "properties": {"osm_id": 404107549, "highway": "tertiary", "oneway": "yes", "source": "Bing"}, "geometry": {"type": "LineString", "coordinates": [[83.3143402, 17.7434488], [83.3143366, 17.7434814], [83.3142775, 17.7441232], [83.3142193, 17.7445023], [83.3141823, 17.7447322], [83.3141153, 17.7451345], [83.3140214, 17.7456798], [83.3139664, 17.7458958], [83.3138524, 17.7465268], [83.3138361, 17.7466147], [83.3137867, 17.7468806], [83.3136834, 17.7474298]]}}, {"type": "Feature", "properties": {"osm_id": 404107550, "highway": "secondary", "name": "Madhavadhara main road"}, "geometry": {"type": "LineString", "coordinates": [[83.2599845, 17.7431681], [83.260008, 17.7432392], [83.2600486, 17.7433556], [83.2600267, 17.743457], [83.259993, 17.7435283], [83.2599787, 17.7435585], [83.2599103, 17.7436595], [83.2594604, 17.7442109], [83.2593915, 17.7442953], [83.2593125, 17.7443623], [83.2588323, 17.7447692], [83.258607, 17.7450457], [83.2585054, 17.7452298], [83.2584567, 17.7453483], [83.2583543, 17.7457003], [83.2583153, 17.7458333], [83.2582524, 17.7460694], [83.2582019, 17.746348], [83.258186, 17.7465006], [83.2581878, 17.7465424], [83.258202, 17.7468743], [83.2582154, 17.7470813], [83.2582308, 17.7473179], [83.2582389, 17.7473752], [83.2582867, 17.7482605], [83.2583122, 17.7486053]]}}, {"type": "Feature", "properties": {"osm_id": 404107551, "highway": "tertiary"}, "geometry": {"type": "LineString", "coordinates": [[83.2583122, 17.7486053], [83.2583136, 17.7488844], [83.2583146, 17.7490788], [83.2583167, 17.7491541], [83.258328, 17.7495578], [83.258328, 17.7497915], [83.2582857, 17.7499054], [83.2582338, 17.7500104], [83.2581692, 17.7501202], [83.2580067, 17.7503756], [83.2576293, 17.7508363], [83.2575219, 17.750948], [83.2571947, 17.7513625], [83.2570225, 17.7515807], [83.2565506, 17.7523335], [83.2564116, 17.752484], [83.2563606, 17.7525204], [83.2561757, 17.7526524], [83.2556779, 17.7530078], [83.2555385, 17.7531073], [83.2553468, 17.7532838], [83.2553722, 17.753659], [83.2554849, 17.7541673], [83.255564, 17.754608], [83.2556431, 17.7549951], [83.2557169, 17.7552032], [83.2558121, 17.7553526], [83.2564049, 17.7560244]]}}, {"type": "Feature", "properties": {"osm_id": 404107553, "highway": "secondary", "lanes": "4", "surface": "paved"}, "geometry": {"type": "LineString", "coordinates": [[83.2540971, 17.7498047], [83.2539195, 17.7497944], [83.2537984, 17.7498082], [83.2537593, 17.7498116], [83.2534985, 17.7498342], [83.2532772, 17.7498547], [83.2532267, 17.7498582], [83.2526517, 17.7499058], [83.2521583, 17.7499466], [83.2518231, 17.7499744], [83.2515021, 17.7500076], [83.2512908, 17.7500294], [83.2509875, 17.7500608], [83.2505067, 17.7501116], [83.2502378, 17.7501383], [83.2501157, 17.7501509], [83.2500175, 17.7501611], [83.2497618, 17.7501875], [83.2497085, 17.7501906], [83.2492205, 17.7502194], [83.2489774, 17.7502337], [83.2488368, 17.750242], [83.2484524, 17.7502646], [83.2480054, 17.7502909], [83.2478265, 17.750303], [83.247016, 17.7503492], [83.2469466, 17.7503532], [83.2467754, 17.7503633], [83.2466901, 17.7503683], [83.2466253, 17.7503743], [83.2465184, 17.7503843], [83.2464641, 17.7503894], [83.2464019, 17.7503952], [83.2462265, 17.7504129], [83.2459424, 17.7504417], [83.2451148, 17.7505253], [83.2450812, 17.7505253], [83.2450323, 17.7505221], [83.2449753, 17.750508], [83.2449418, 17.7504889], [83.2449166, 17.7504346], [83.2449062, 17.7503592], [83.2449196, 17.7503075], [83.2450615, 17.7501179], [83.2451755, 17.7499549], [83.245378, 17.7496632], [83.2454391, 17.7495839], [83.2456029, 17.7493714], [83.2458071, 17.7491063], [83.2458221, 17.7490847], [83.2459277, 17.7489326], [83.2460492, 17.7487576], [83.2462363, 17.7484881], [83.2463018, 17.748342], [83.2463545, 17.7482244], [83.2464149, 17.7480895], [83.2464538, 17.7479759], [83.2464779, 17.7478568], [83.246513, 17.7476839], [83.2465296, 17.7475535], [83.2465265, 17.7474866]]}}, {"type": "Feature", "properties": {"osm_id": 404107554, "highway": "secondary", "name": "Akkayyapalem Main Road"}, "geometry": {"type": "LineString", "coordinates": [[83.2992148, 17.7294256], [83.2992115, 17.7293649], [83.2992007, 17.7291234], [83.2991936, 17.7289641], [83.2991722, 17.728679], [83.2991549, 17.7283946], [83.2991428, 17.7283309], [83.2991163, 17.7280674], [83.2990961, 17.72779], [83.2991123, 17.7276079], [83.2991495, 17.7274771]]}}, {"type": "Feature", "properties": {"osm_id": 404107560, "highway": "tertiary", "oneway": "yes", "source": "Bing"}, "geometry": {"type": "LineString", "coordinates": [[83.2878862, 17.7337981], [83.2878477, 17.7337847], [83.2874249, 17.7336175], [83.2871545, 17.7335178], [83.2868884, 17.7334136], [83.2866007, 17.7333014], [83.2861599, 17.7331278], [83.2856012, 17.7329314], [83.2851431, 17.7327654], [83.2849698, 17.7327081], [83.2847764, 17.732642], [83.2844071, 17.7325169], [83.2837722, 17.732277], [83.2833073, 17.7321238], [83.2829192, 17.7319879], [83.2828196, 17.7319624], [83.2827151, 17.7319557], [83.2826086, 17.7319672], [83.2825176, 17.7319916], [83.2817917, 17.7322862], [83.2815651, 17.7323961], [83.2811188, 17.7326042], [83.2809787, 17.7326648], [83.2807279, 17.7327853], [83.2806748, 17.7328025], [83.2806092, 17.7328157], [83.280502, 17.7328039], [83.2802283, 17.7327058], [83.2797295, 17.7324986], [83.2796036, 17.7324361], [83.2795369, 17.7323784], [83.2794678, 17.7323414]]}}, {"type": "Feature", "properties": {"osm_id": 404107561, "highway": "tertiary", "lanes": "2", "source": "Bing"}, "geometry": {"type": "LineString", "coordinates": [[83.3119413, 17.7461858], [83.3120044, 17.7462047], [83.3123383, 17.7463045], [83.3125361, 17.7463811], [83.3127795, 17.7464642]]}}, {"type": "Feature", "properties": {"osm_id": 404107565, "highway": "secondary", "oneway": "yes", "source": "Bing"}, "geometry": {"type": "LineString", "coordinates": [[83.291675, 17.727819], [83.2914771, 17.7276728], [83.2914524, 17.7276545]]}}, {"type": "Feature", "properties": {"osm_id": 415139806, "highway": "secondary", "ref": "NH516C", "source": "Bing"}, "geometry": {"type": "LineString", "coordinates": [[83.1919031, 17.7198891], [83.1914422, 17.7200663]]}}, {"type": "Feature", "properties": {"osm_id": 420884015, "highway": "secondary", "oneway": "yes"}, "geometry": {"type": "LineString", "coordinates": [[83.2931456, 17.7235321], [83.293112, 17.7236166], [83.2930344, 17.723812], [83.292557, 17.7249674], [83.2925277, 17.725043], [83.2920085, 17.7262857], [83.2917832, 17.7267755], [83.29168, 17.726985], [83.2915942, 17.7271472], [83.2915779, 17.7271781], [83.2913433, 17.7275276], [83.291309, 17.7275787]]}}, {"type": "Feature", "properties": {"osm_id": 420884016, "highway": "secondary", "oneway": "yes"}, "geometry": {"type": "LineString", "coordinates": [[83.2911421, 17.7278331], [83.2912006, 17.727798], [83.291218, 17.7277876], [83.2913181, 17.7277553]]}}, {"type": "Feature", "properties": {"osm_id": 430070265, "bridge": "yes", "highway": "primary", "layer": "1", "oneway": "yes"}, "geometry": {"type": "LineString", "coordinates": [[83.2344352, 17.7121654], [83.2334539, 17.7106934]]}}, {"type": "Feature", "properties": {"osm_id": 430070266, "bridge": "yes", "highway": "tertiary", "layer": "1", "oneway": "yes"}, "geometry": {"type": "LineString", "coordinates": [[83.2525899, 17.7044591], [83.2528556, 17.7042586]]}}, {"type": "Feature", "properties": {"osm_id": 430070267, "highway": "tertiary"}, "geometry": {"type": "LineString", "coordinates": [[83.2535944, 17.7035978], [83.2536236, 17.7035612], [83.2536922, 17.7034752], [83.2538451, 17.7034536], [83.2541421, 17.7034599], [83.2559012, 17.7037178], [83.2576695, 17.7040226], [83.2577088, 17.7040284], [83.2582238, 17.7041049], [83.2583336, 17.7041212]]}}, {"type": "Feature", "properties": {"osm_id": 449226569, "highway": "primary", "oneway": "yes"}, "geometry": {"type": "LineString", "coordinates": [[83.236334, 17.7155463], [83.2364155, 17.7156787]]}}, {"type": "Feature", "properties": {"osm_id": 449226572, "bridge": "yes", "highway": "primary", "layer": "1", "oneway": "yes"}, "geometry": {"type": "LineString", "coordinates": [[83.2659204, 17.7179757], [83.2671028, 17.7172298], [83.2678699, 17.7168107], [83.2684054, 17.7165904], [83.2690316, 17.7163903], [83.2697908, 17.7162311], [83.2703269, 17.7161879]]}}, {"type": "Feature", "properties": {"osm_id": 451510633, "highway": "tertiary"}, "geometry": {"type": "LineString", "coordinates": [[83.3318381, 17.7345312], [83.3315185, 17.7341855], [83.3314852, 17.7341494]]}}, {"type": "Feature", "properties": {"osm_id": 454334760, "highway": "tertiary"}, "geometry": {"type": "LineString", "coordinates": [[83.3813925, 17.7815545], [83.3815817, 17.7816225], [83.3817172, 17.7817171], [83.3819838, 17.7819778], [83.3821991, 17.7822579], [83.3823583, 17.7825512], [83.3823513, 17.7825704], [83.3822581, 17.7826767]]}}, {"type": "Feature", "properties": {"osm_id": 454334778, "highway": "tertiary"}, "geometry": {"type": "LineString", "coordinates": [[83.3860772, 17.7965546], [83.3859542, 17.7965881], [83.3856028, 17.7966852], [83.3851093, 17.7967976], [83.3843261, 17.7969993], [83.3834785, 17.7972036], [83.382985, 17.7973339], [83.3828053, 17.7973773], [83.3827875, 17.7973907], [83.3827771, 17.7974118], [83.3827731, 17.7974507], [83.3827778, 17.7974867], [83.3830058, 17.7980843], [83.3832291, 17.7985137], [83.3833637, 17.7987113], [83.3835214, 17.7989428], [83.384237, 17.7998844], [83.3842664, 17.7999231], [83.3844196, 17.8001383], [83.3845312, 17.800295], [83.3846549, 17.8004687], [83.3846956, 17.8005258], [83.3852335, 17.8013566], [83.3855086, 17.8017814], [83.3861852, 17.8025599], [83.3864155, 17.8028539], [83.3866449, 17.803108], [83.3869641, 17.8035154], [83.3870204, 17.8035677], [83.3871102, 17.8036367], [83.3872263, 17.8037091]]}}, {"type": "Feature", "properties": {"osm_id": 454334779, "highway": "tertiary"}, "geometry": {"type": "LineString", "coordinates": [[83.3911912, 17.7950916], [83.3910236, 17.7952844], [83.3906984, 17.795745], [83.3903462, 17.7970235], [83.3900774, 17.7979994], [83.3897989, 17.7990305], [83.3897567, 17.79911], [83.3896976, 17.7991435], [83.3895978, 17.7991537], [83.3891085, 17.7991384], [83.3884428, 17.7993312], [83.3880662, 17.7994325], [83.3872659, 17.799688], [83.3874193, 17.8001084], [83.3875389, 17.8004393], [83.3875485, 17.8004657], [83.3878117, 17.8011938], [83.3879222, 17.801492], [83.3881049, 17.8019946], [83.3882537, 17.8024583], [83.3882675, 17.80254], [83.3882558, 17.8026182], [83.388203, 17.8027379], [83.3879061, 17.8033398], [83.3878529, 17.8034073], [83.387791, 17.8034574], [83.3877146, 17.8034972], [83.3875126, 17.8035549], [83.3874039, 17.8035945], [83.3873302, 17.8036379], [83.3872263, 17.8037091]]}}, {"type": "Feature", "properties": {"osm_id": 454334787, "highway": "primary", "oneway": "yes", "ref": "SH144"}, "geometry": {"type": "LineString", "coordinates": [[83.384528, 17.7892787], [83.3846413, 17.7896798], [83.3846976, 17.7898867], [83.3847646, 17.7900425], [83.3848894, 17.7901983], [83.3852032, 17.7903783], [83.3856726, 17.790575], [83.3866596, 17.7909887], [83.387526, 17.7913348], [83.3881026, 17.791534], [83.3883843, 17.7916387], [83.3886631, 17.7917909], [83.3888671, 17.7919503], [83.3890629, 17.7921444], [83.3893065, 17.7925295], [83.3893472, 17.7925939], [83.3896825, 17.7931123], [83.3902387, 17.793692], [83.3904764, 17.7939398], [83.3912542, 17.7947749], [83.391447, 17.7949671], [83.3915238, 17.7950444], [83.3920777, 17.7956764], [83.3923218, 17.7959931], [83.3928126, 17.7967337], [83.39351, 17.7977144], [83.3937728, 17.7979723], [83.3938095, 17.7980075], [83.3940679, 17.7982558], [83.3950174, 17.7992033], [83.3953553, 17.7995353], [83.3965114, 17.8006155], [83.3967795, 17.80088], [83.3971229, 17.8011927], [83.3974495, 17.8015513], [83.3986682, 17.8029987], [83.3988616, 17.8032156], [83.3996603, 17.8040708], [83.4006634, 17.8051817], [83.4015378, 17.806147], [83.4015676, 17.8061781], [83.402211, 17.8068654], [83.402482, 17.8071278], [83.4026121, 17.8072358], [83.4027319, 17.807321], [83.4036756, 17.807932], [83.4044035, 17.8084745], [83.4050703, 17.8089714], [83.4051742, 17.8090657], [83.4052513, 17.8091357], [83.4053573, 17.8092319], [83.4055504, 17.8094229], [83.4057006, 17.8095715], [83.4057644, 17.8096565], [83.4065214, 17.8106645], [83.4073805, 17.811981], [83.4076828, 17.8124239], [83.4087201, 17.8139425], [83.4087629, 17.8140071], [83.408839, 17.814113], [83.4088765, 17.8141654], [83.4090966, 17.8144733], [83.4091453, 17.8145408], [83.4091821, 17.8145919], [83.4092462, 17.8146662], [83.4096864, 17.8151767], [83.4097793, 17.8152764], [83.409963, 17.8154729], [83.410826, 17.8163976], [83.4110062, 17.8165957], [83.4111807, 17.8168011], [83.4113735, 17.8170625], [83.411474, 17.8172156], [83.411543, 17.8173409], [83.4116318, 17.8175302], [83.4116852, 17.8176439], [83.4117031, 17.8176821], [83.4117365, 17.8177533], [83.4118606, 17.8180463], [83.4119727, 17.8182891], [83.4120567, 17.8184456], [83.4121225, 17.8185399], [83.4123025, 17.8187707]]}}, {"type": "Feature", "properties": {"osm_id": 454334788, "bridge": "yes", "highway": "primary", "layer": "1", "name": "Beach Road", "oneway": "yes", "ref": "SH144"}, "geometry": {"type": "LineString", "coordinates": [[83.3844919, 17.7890796], [83.384528, 17.7892787]]}}, {"type": "Feature", "properties": {"osm_id": 454334872, "highway": "tertiary"}, "geometry": {"type": "LineString", "coordinates": [[83.3487322, 17.7990864], [83.34885, 17.7995912], [83.3490168, 17.8003056], [83.3490384, 17.8003981], [83.3490867, 17.800699], [83.3491564, 17.8011336], [83.3491796, 17.8012601], [83.3492645, 17.8017496], [83.3494165, 17.8025607], [83.3494808, 17.8029036], [83.3495201, 17.8031291], [83.3495595, 17.8033374], [83.3496367, 17.8037471], [83.3497191, 17.804154], [83.3497347, 17.8042284], [83.3500027, 17.8056303], [83.350007, 17.8056532], [83.3500724, 17.8060034], [83.3501562, 17.8064449], [83.3502686, 17.8070365], [83.3503396, 17.8074657]]}}, {"type": "Feature", "properties": {"osm_id": 454334873, "highway": "tertiary"}, "geometry": {"type": "LineString", "coordinates": [[83.3511648, 17.7978336], [83.3511542, 17.7978688], [83.3511129, 17.797892], [83.3506251, 17.7980055], [83.3501306, 17.7981718], [83.3498109, 17.7983142], [83.3494649, 17.7984904], [83.3489433, 17.7989304], [83.3487322, 17.7990864], [83.3483343, 17.7993772], [83.3477167, 17.7998615], [83.3472843, 17.8001948], [83.3472299, 17.8002641], [83.3472044, 17.8003025], [83.3471555, 17.8004313], [83.3470107, 17.8009625], [83.3469463, 17.8016214], [83.3469414, 17.8017127], [83.3469652, 17.8022162], [83.346993, 17.8024351], [83.3470215, 17.8026499], [83.3471026, 17.8029196], [83.3471536, 17.8030815], [83.3472664, 17.80344], [83.3473602, 17.8037379], [83.3475121, 17.8042205], [83.3475208, 17.8042808]]}}, {"type": "Feature", "properties": {"osm_id": 464012795, "highway": "primary", "maxspeed": "40", "name": "BRTS Bus Lane", "surface": "asphalt"}, "geometry": {"type": "LineString", "coordinates": [[83.206186, 17.8175495], [83.2062175, 17.817332], [83.2063119, 17.8166795], [83.2064427, 17.8158714], [83.2065281, 17.8152463], [83.2066856, 17.8144026], [83.2068297, 17.8137547], [83.2069846, 17.8130863], [83.207142, 17.8123951], [83.2073209, 17.8116506], [83.2075824, 17.8107078], [83.207686, 17.8103], [83.2077157, 17.810183], [83.2077292, 17.8101298], [83.207788, 17.8099251], [83.2078262, 17.8097796], [83.2080228, 17.8090306], [83.2082417, 17.8082047], [83.2084472, 17.8074398], [83.2086554, 17.8065707], [83.2088916, 17.8056971], [83.2089783, 17.8053765], [83.2090489, 17.8051166], [83.20914, 17.8047517], [83.2093306, 17.8040755], [83.2094274, 17.8037505], [83.2095367, 17.8033749], [83.2096232, 17.8030619], [83.2097824, 17.8024607], [83.2098613, 17.8021362], [83.2102482, 17.8005894], [83.2104097, 17.8000042], [83.2105364, 17.7995787], [83.2106272, 17.7992167], [83.2109637, 17.7980394], [83.211292, 17.7967637], [83.2114038, 17.796326]]}}, {"type": "Feature", "properties": {"osm_id": 471361763, "dual_carriageway": "yes", "highway": "primary", "lanes": "2", "name": "Beach Road", "oneway": "yes", "sidewalk": "separate", "surface": "asphalt"}, "geometry": {"type": "LineString", "coordinates": [[83.3402108, 17.7301894], [83.3400938, 17.7295214], [83.3397987, 17.728557], [83.3397303, 17.7283245], [83.3396687, 17.7281572], [83.3396056, 17.7279783], [83.3395493, 17.7278046], [83.3394976, 17.7276141], [83.3394152, 17.7273652], [83.3393045, 17.7270432], [83.3392746, 17.7269331], [83.3392054, 17.7266831], [83.3389417, 17.725831], [83.3388456, 17.725474], [83.3387618, 17.7251626], [83.338746, 17.7251041], [83.3387063, 17.7249652], [83.3386723, 17.7248463], [83.3386441, 17.7247477], [83.3386313, 17.7247109], [83.3385877, 17.7245855], [83.3385287, 17.7244698], [83.3384295, 17.7242994], [83.3383705, 17.7242393], [83.3377512, 17.723741], [83.337102, 17.7232186], [83.3364594, 17.722631], [83.3364002, 17.7225393], [83.3363695, 17.7224918], [83.3362877, 17.7223717], [83.3362609, 17.7223219], [83.3361697, 17.7221992], [83.3360785, 17.7220612], [83.3360115, 17.7219552], [83.3359417, 17.7218696], [83.3359055, 17.7218293], [83.3358538, 17.7217716]]}}, {"type": "Feature", "properties": {"osm_id": 471361768, "dual_carriageway": "yes", "highway": "primary", "name": "Beach Road", "official_name": "Paramahansa Yogananda Marg", "official_name:etymology:wikidata": "Q312549", "oneway": "yes", "sidewalk": "separate"}, "geometry": {"type": "LineString", "coordinates": [[83.3403805, 17.731113], [83.3404735, 17.7314585], [83.340527, 17.7317931], [83.3406953, 17.7326661], [83.340762, 17.7332853]]}}, {"type": "Feature", "properties": {"osm_id": 471361851, "highway": "tertiary", "oneway": "yes"}, "geometry": {"type": "LineString", "coordinates": [[83.3354581, 17.7303813], [83.3354308, 17.7304399], [83.3354172, 17.7305127], [83.3354194, 17.730806]]}}, {"type": "Feature", "properties": {"osm_id": 471361855, "highway": "tertiary", "oneway": "yes"}, "geometry": {"type": "LineString", "coordinates": [[83.3355073, 17.7308793], [83.3355081, 17.7308004]]}}, {"type": "Feature", "properties": {"osm_id": 471361859, "highway": "primary", "oneway": "yes"}, "geometry": {"type": "LineString", "coordinates": [[83.3355081, 17.7308004], [83.3354194, 17.730806]]}}, {"type": "Feature", "properties": {"osm_id": 487426230, "bridge": "yes", "highway": "primary", "layer": "1", "oneway": "yes"}, "geometry": {"type": "LineString", "coordinates": [[83.272351, 17.7160444], [83.2720164, 17.7160533], [83.2704748, 17.7160607], [83.2700886, 17.716087], [83.269735, 17.716135], [83.2694114, 17.7161975], [83.269021, 17.7162786], [83.2686453, 17.7163899], [83.2683071, 17.716509], [83.2678338, 17.7167053], [83.2673638, 17.7169471], [83.2660836, 17.7177535]]}}, {"type": "Feature", "properties": {"osm_id": 487426231, "bridge": "yes", "highway": "primary", "layer": "1", "name": "Port Main Road", "oneway": "yes"}, "geometry": {"type": "LineString", "coordinates": [[83.2807599, 17.7169998], [83.2809665, 17.7170228], [83.2812642, 17.7170356], [83.281571, 17.717038], [83.2819401, 17.7170017], [83.2825617, 17.7168898], [83.2836203, 17.7166291], [83.2849761, 17.7163665]]}}, {"type": "Feature", "properties": {"osm_id": 487426232, "highway": "primary", "name": "Port Main Road Flyover", "oneway": "yes"}, "geometry": {"type": "LineString", "coordinates": [[83.2896639, 17.7169123], [83.2896082, 17.7168913], [83.2893651, 17.7167886], [83.2891616, 17.7167172], [83.2889897, 17.7166569], [83.2886086, 17.7165307], [83.2882738, 17.7164132]]}}, {"type": "Feature", "properties": {"osm_id": 487426234, "highway": "primary", "name": "Port Main Road", "oneway": "yes"}, "geometry": {"type": "LineString", "coordinates": [[83.2849761, 17.7163665], [83.2855972, 17.7162553], [83.285841, 17.716223], [83.2861075, 17.7162123], [83.2863382, 17.7162184], [83.2865971, 17.7162461], [83.2869676, 17.7162993], [83.2873459, 17.7163885], [83.2877114, 17.7164824], [83.2879562, 17.7165537], [83.288033, 17.716576], [83.2884424, 17.7166885], [83.2890832, 17.716897], [83.2892597, 17.7169682], [83.2893575, 17.7170164], [83.2894493, 17.7170802]]}}, {"type": "Feature", "properties": {"osm_id": 487426235, "highway": "tertiary"}, "geometry": {"type": "LineString", "coordinates": [[83.2719904, 17.7232603], [83.2720268, 17.7231601], [83.2754654, 17.7242804], [83.2756518, 17.7243414], [83.2759249, 17.7244343], [83.278303, 17.7252433], [83.278576, 17.7253264], [83.2787812, 17.7253813], [83.2789676, 17.725412], [83.2791429, 17.7254185], [83.2793409, 17.725413], [83.2795255, 17.725389], [83.2797267, 17.7253404], [83.2799471, 17.7252616], [83.2803136, 17.7250818], [83.2804533, 17.7249794], [83.2807764, 17.7246963], [83.2808554, 17.7246217], [83.2809233, 17.7245157], [83.2810087, 17.7243083], [83.2814573, 17.7225279], [83.2816736, 17.7216249], [83.2818545, 17.7209608], [83.2825543, 17.7185196], [83.282606, 17.718308], [83.2826248, 17.7181688], [83.2826235, 17.7179817], [83.282598, 17.7178047], [83.2825552, 17.7176446], [83.2825168, 17.7175465], [83.2824446, 17.7173955], [83.2822908, 17.7171267], [83.2819356, 17.7165154], [83.2818303, 17.7163607], [83.2815791, 17.7160095], [83.28098, 17.7152684], [83.2809599, 17.7152363], [83.2809541, 17.7152162], [83.2809561, 17.7151982], [83.2809719, 17.7151803], [83.2809913, 17.7151727], [83.2810203, 17.7151691], [83.281159, 17.7151865], [83.2813735, 17.7152081], [83.2814848, 17.7152225]]}}, {"type": "Feature", "properties": {"osm_id": 492531598, "highway": "tertiary", "maxspeed": "30", "name": "80 Feet Road", "oneway": "yes", "source": "Bing", "surface": "asphalt"}, "geometry": {"type": "LineString", "coordinates": [[83.2879413, 17.7338966], [83.2888569, 17.7344241], [83.2891023, 17.7345633], [83.289286, 17.7346489], [83.28951, 17.7346757], [83.2897463, 17.7347005], [83.2898394, 17.734719]]}}, {"type": "Feature", "properties": {"osm_id": 492531599, "highway": "tertiary", "name": "80 Feet Road", "oneway": "yes", "source": "Bing"}, "geometry": {"type": "LineString", "coordinates": [[83.2999609, 17.7352299], [83.2999103, 17.7352307], [83.2998424, 17.7352392], [83.299746, 17.7352512], [83.2993524, 17.7352972], [83.299052, 17.7353323], [83.2985896, 17.7353107], [83.2980468, 17.7352862], [83.2972786, 17.73525], [83.2970162, 17.7352377], [83.2963923, 17.7352188], [83.2957888, 17.7352214], [83.2956828, 17.7352207], [83.2946999, 17.7352275], [83.2945686, 17.735225], [83.2938083, 17.7352531], [83.2936675, 17.7352403], [83.2935398, 17.735217], [83.2922667, 17.734985], [83.2921044, 17.7349554], [83.2913308, 17.7348704], [83.290275, 17.7347137], [83.2900191, 17.7346759], [83.289987, 17.7346682], [83.2899164, 17.7346512], [83.2898368, 17.7346321], [83.2897607, 17.7346201], [83.2895757, 17.7345889], [83.2893337, 17.7345652], [83.2892176, 17.7345288], [83.2890379, 17.7344305], [83.2888869, 17.7343432], [83.2887483, 17.7342631], [83.2884076, 17.7340587], [83.2879838, 17.7338403], [83.2879805, 17.7338403], [83.2879679, 17.7338333]]}}, {"type": "Feature", "properties": {"osm_id": 492598843, "highway": "secondary", "lanes": "2", "name": "Vip Road", "oneway": "yes", "source": "Bing", "surface": "asphalt"}, "geometry": {"type": "LineString", "coordinates": [[83.3168684, 17.7250542], [83.3168635, 17.7251251], [83.316861, 17.7251771], [83.3168533, 17.7252695], [83.3168235, 17.7253933], [83.3167923, 17.7255423], [83.3167571, 17.7256762], [83.3166665, 17.7259797], [83.3166287, 17.7260822], [83.316582, 17.7261822], [83.3165393, 17.7262518], [83.316166, 17.7265945], [83.3159117, 17.726828], [83.3156274, 17.7271499], [83.3155594, 17.7272274], [83.3154222, 17.7273543], [83.3149853, 17.7277105], [83.3148723, 17.7278026], [83.3146792, 17.727961], [83.31458, 17.7280594], [83.3145303, 17.7281271], [83.3144914, 17.7282063], [83.3143645, 17.7286348], [83.3142835, 17.7289648], [83.3141602, 17.7294027], [83.3141418, 17.7294817], [83.3141288, 17.7295169], [83.3140899, 17.7295894], [83.3140577, 17.7296622]]}}, {"type": "Feature", "properties": {"osm_id": 492599514, "dual_carriageway": "yes", "highway": "primary", "lanes": "2", "name": "Sampath Vinayaka Temple Road", "oneway": "yes", "sidewalk": "separate", "surface": "asphalt"}, "geometry": {"type": "LineString", "coordinates": [[83.3179123, 17.7241609], [83.3178316, 17.7242962], [83.3177968, 17.7243534], [83.3177555, 17.7244192], [83.317485, 17.7247348], [83.3173784, 17.7248389], [83.3172523, 17.7248976], [83.317084, 17.7249376], [83.3170413, 17.7249478], [83.3170002, 17.7249519], [83.3168685, 17.7249582], [83.3168159, 17.7249597], [83.3165013, 17.7249692], [83.3156298, 17.724941], [83.315238, 17.7249283], [83.3146962, 17.7249104], [83.3143743, 17.72489], [83.3139532, 17.7248363], [83.3136404, 17.7247399], [83.3133012, 17.7246339], [83.3129445, 17.7245389], [83.3124641, 17.7244183], [83.3120353, 17.7243345], [83.311513, 17.724275]]}}, {"type": "Feature", "properties": {"osm_id": 492600409, "highway": "tertiary", "oneway": "yes"}, "geometry": {"type": "LineString", "coordinates": [[83.2973955, 17.7125073], [83.2974373, 17.7125093], [83.2975178, 17.7124957], [83.2975806, 17.7124851], [83.2976322, 17.7124752]]}}, {"type": "Feature", "properties": {"osm_id": 492600410, "highway": "tertiary", "name": "Chandragupta Marg", "oneway": "yes"}, "geometry": {"type": "LineString", "coordinates": [[83.3000691, 17.7138892], [83.2999944, 17.7138609], [83.2999313, 17.7138326], [83.2998573, 17.7137898], [83.2995099, 17.7135497], [83.2989634, 17.7131807], [83.2988949, 17.7131369], [83.298705, 17.7130127], [83.2978287, 17.7124468], [83.2977435, 17.7123921]]}}, {"type": "Feature", "properties": {"osm_id": 492600412, "highway": "tertiary", "oneway": "yes"}, "geometry": {"type": "LineString", "coordinates": [[83.2940226, 17.7093327], [83.2941514, 17.7093882]]}}, {"type": "Feature", "properties": {"osm_id": 492601316, "highway": "secondary", "name": "Chitralaya Road", "oneway": "yes"}, "geometry": {"type": "LineString", "coordinates": [[83.3000696, 17.7126294], [83.2994049, 17.7128534], [83.2990979, 17.7130115], [83.2989814, 17.7130834], [83.2988949, 17.7131369], [83.298845, 17.7131833]]}}, {"type": "Feature", "properties": {"osm_id": 495595093, "highway": "tertiary"}, "geometry": {"type": "LineString", "coordinates": [[83.1746325, 17.6975011], [83.1748348, 17.6979181], [83.1751379, 17.6986311], [83.1751972, 17.6987768], [83.1753418, 17.6991319], [83.175529, 17.6995959], [83.1756455, 17.6997889], [83.1757026, 17.6998542], [83.1757828, 17.6999165], [83.1758678, 17.6999653], [83.176635, 17.7004124], [83.1769767, 17.7006153], [83.1777316, 17.7010279], [83.1779092, 17.7011399], [83.1786222, 17.7015895], [83.1787594, 17.7016641], [83.1792766, 17.7019452], [83.1796688, 17.7021798], [83.1800839, 17.7024281], [83.1805617, 17.702692], [83.1807733, 17.7028088], [83.1822109, 17.7036521], [83.1822747, 17.7036923], [83.182389, 17.7037685]]}}, {"type": "Feature", "properties": {"osm_id": 495595099, "highway": "tertiary"}, "geometry": {"type": "LineString", "coordinates": [[83.17285, 17.7054036], [83.1730608, 17.7053172], [83.1731836, 17.7052668], [83.173314, 17.7052133], [83.1740127, 17.7049189], [83.1742662, 17.7048121], [83.1745865, 17.7046816], [83.1750628, 17.7044876], [83.1752666, 17.7044079], [83.1754866, 17.7043292], [83.1757897, 17.7042065], [83.1759641, 17.7041503], [83.1767634, 17.7040992], [83.17698, 17.7040882], [83.1775653, 17.7040583], [83.1778889, 17.7040451], [83.1785014, 17.70402], [83.1796762, 17.7039715], [83.1799212, 17.7039568], [83.1800179, 17.703951], [83.1803089, 17.7039335], [83.1811246, 17.7038846], [83.1820694, 17.7038454], [83.1822365, 17.7038042], [83.182389, 17.7037685], [83.1824227, 17.7037605], [83.1826216, 17.7037134], [83.1829074, 17.7036526], [83.1845633, 17.7033627], [83.1854205, 17.7031779], [83.1857562, 17.7031175], [83.1860037, 17.7030768], [83.1860715, 17.7030668], [83.1861334, 17.7030573], [83.1862938, 17.7030504], [83.1865103, 17.7030565], [83.1865687, 17.7030614], [83.1873255, 17.703125], [83.1873891, 17.7031303], [83.1876731, 17.7031554], [83.1879441, 17.7031721], [83.1881629, 17.7031599], [83.1882636, 17.7031543], [83.1888818, 17.7031115], [83.1889989, 17.7030949], [83.1890525, 17.7030674], [83.189064, 17.7030189], [83.189059, 17.7029517], [83.1890486, 17.7028937], [83.1890143, 17.7027028], [83.1889892, 17.7025885], [83.188954, 17.7024281], [83.1888762, 17.7021023], [83.1888343, 17.7019376], [83.188789, 17.7017599], [83.1886818, 17.7013166], [83.1886624, 17.7012399], [83.1886217, 17.7010795], [83.1885054, 17.7006201], [83.188388, 17.7001565], [83.1883469, 17.6999613]]}}, {"type": "Feature", "properties": {"osm_id": 495662267, "highway": "primary", "junction": "roundabout"}, "geometry": {"type": "LineString", "coordinates": [[83.3096193, 17.7178218], [83.3096189, 17.7177863], [83.3096021, 17.7177494], [83.3095709, 17.7177222], [83.3095307, 17.7177096], [83.3094887, 17.7177138], [83.3094561, 17.7177308], [83.3094322, 17.7177579], [83.3094202, 17.7177914], [83.3094196, 17.7178142], [83.3094247, 17.7178365], [83.309448, 17.7178724], [83.3094852, 17.7178953], [83.3095351, 17.7179001], [83.3095812, 17.7178815], [83.3096061, 17.7178551], [83.3096193, 17.7178218]]}}, {"type": "Feature", "properties": {"osm_id": 498170898, "highway": "secondary", "lanes": "2", "name": "Sankaramatam Road", "oneway": "yes"}, "geometry": {"type": "LineString", "coordinates": [[83.3035545, 17.7271541], [83.303569, 17.7273215], [83.3035993, 17.7276715], [83.303604, 17.7277361], [83.3036459, 17.7281447], [83.3036493, 17.7281832], [83.3036961, 17.7287021], [83.303703, 17.7287593], [83.3037625, 17.7292541], [83.3037667, 17.7292888], [83.3037732, 17.7293427], [83.3037788, 17.7294009], [83.3038106, 17.7297292], [83.3038729, 17.7302624], [83.3038976, 17.7304938], [83.3039028, 17.7305394], [83.3039276, 17.7307817], [83.3039931, 17.7314028], [83.303998, 17.731449], [83.3040045, 17.7315107], [83.304012, 17.7315848], [83.304101, 17.7324673], [83.3041786, 17.7332518], [83.3041804, 17.7332701], [83.304185, 17.7333164], [83.3041896, 17.7333653], [83.3042199, 17.7336834], [83.304306, 17.7344546], [83.3043234, 17.7347001], [83.3043281, 17.7347671], [83.3043333, 17.7348344], [83.3043404, 17.7349], [83.3045022, 17.7363602], [83.3045102, 17.7364324], [83.3045705, 17.7371364], [83.3046574, 17.7377357], [83.3046862, 17.7378421], [83.3048067, 17.7379354]]}}, {"type": "Feature", "properties": {"osm_id": 498185168, "highway": "secondary", "lanes": "2", "name": "2 nd Lane dwaraka nagar", "oneway": "yes"}, "geometry": {"type": "LineString", "coordinates": [[83.3063318, 17.7265492], [83.3062464, 17.7265561], [83.3061824, 17.7265615], [83.3039466, 17.7267499], [83.3038948, 17.7267543]]}}, {"type": "Feature", "properties": {"osm_id": 512024374, "highway": "tertiary", "maxspeed": "20", "oneway": "yes", "surface": "asphalt"}, "geometry": {"type": "LineString", "coordinates": [[83.2381315, 17.7456716], [83.2383054, 17.7456412], [83.2384258, 17.7455805], [83.2385519, 17.7455492], [83.2388127, 17.745522], [83.2388811, 17.7455138], [83.2391725, 17.7454963], [83.2394627, 17.7454727], [83.2395606, 17.745463], [83.2400432, 17.7454154], [83.240528, 17.7453783], [83.2410439, 17.7453345], [83.2410928, 17.7453027]]}}, {"type": "Feature", "properties": {"osm_id": 512024375, "cycleway": "shared_lane", "highway": "tertiary", "oneway": "yes", "surface": "asphalt"}, "geometry": {"type": "LineString", "coordinates": [[83.2410928, 17.7453027], [83.2410686, 17.7452764], [83.2406982, 17.7453011], [83.2402429, 17.7453321], [83.2390884, 17.7454309], [83.2385279, 17.7454832], [83.2384182, 17.7455107], [83.2383128, 17.7455573], [83.2381315, 17.7456716]]}}, {"type": "Feature", "properties": {"osm_id": 512024389, "highway": "tertiary", "source:highway": "residential", "surface": "asphalt"}, "geometry": {"type": "LineString", "coordinates": [[83.2410928, 17.7453027], [83.2411968, 17.7453453], [83.2413133, 17.7453807], [83.2417569, 17.7453585], [83.2419437, 17.7453852], [83.2422674, 17.7454098], [83.2425835, 17.7454608], [83.2428777, 17.7455053], [83.2431626, 17.7455498], [83.2435923, 17.7456298], [83.2436037, 17.7456316], [83.2436849, 17.7456443], [83.2438103, 17.7456575], [83.2440219, 17.745701], [83.2442881, 17.7457366], [83.244378, 17.7457472], [83.2447784, 17.7457944], [83.2448551, 17.7458068], [83.2452174, 17.7458655], [83.2453005, 17.7458694], [83.2457872, 17.7458922], [83.2458712, 17.7459501], [83.245901, 17.7460151], [83.2459506, 17.7461235], [83.2461608, 17.7464704], [83.2461951, 17.7465453], [83.2462261, 17.7466128], [83.2462588, 17.7467818], [83.2462775, 17.7470264], [83.2463145, 17.747221], [83.2463226, 17.7473784]]}}, {"type": "Feature", "properties": {"osm_id": 512024390, "highway": "tertiary", "source": "residential", "surface": "asphalt"}, "geometry": {"type": "LineString", "coordinates": [[83.2419437, 17.7453852], [83.2420242, 17.7454475], [83.2422419, 17.7455128], [83.2422613, 17.7455186], [83.2427657, 17.7455898], [83.2430847, 17.7456569], [83.2431673, 17.7456743], [83.2436016, 17.7457232], [83.2439799, 17.7457766], [83.2442717, 17.7458144], [83.2443763, 17.7458369], [83.2448251, 17.7458945], [83.2452921, 17.7459345], [83.2456447, 17.7459678], [83.245901, 17.7460151]]}}, {"type": "Feature", "properties": {"osm_id": 512024404, "highway": "primary", "name": "Vishakapatnam - Srungavarapukota - Araku Road", "network": "IN:SH:AP", "oneway": "yes", "ref": "SH39"}, "geometry": {"type": "LineString", "coordinates": [[83.2178898, 17.7518043], [83.2179192, 17.7516656], [83.2180199, 17.7512312], [83.2180991, 17.7509517], [83.2181791, 17.7507146], [83.2182249, 17.7506073], [83.2184103, 17.7502049], [83.2185006, 17.7500089], [83.2185871, 17.7498191], [83.2186881, 17.7496575], [83.2187044, 17.7496314], [83.2188044, 17.7494607], [83.218933, 17.749241], [83.2190627, 17.7490228], [83.2191737, 17.7488359], [83.2196733, 17.7482958], [83.219939, 17.7480791], [83.2202133, 17.7478214], [83.2208993, 17.7472462], [83.2211079, 17.7470753], [83.2212438, 17.746968], [83.2215802, 17.7467026], [83.2216363, 17.7466583], [83.2217172, 17.7465945], [83.2223716, 17.74615], [83.2226911, 17.7459416], [83.223018, 17.7457285], [83.2236941, 17.7453348], [83.2239354, 17.7452175], [83.2240816, 17.7451556], [83.2243592, 17.7450336], [83.2248332, 17.7448689], [83.225194, 17.7447436], [83.2255067, 17.7446633], [83.2261913, 17.7444875], [83.2275334, 17.7442498], [83.2279843, 17.7441872], [83.2282646, 17.7441203], [83.2283462, 17.7440961], [83.2285475, 17.7440365], [83.2285889, 17.7440242]]}}, {"type": "Feature", "properties": {"osm_id": 512024405, "highway": "tertiary", "maxspeed": "20", "oneway": "yes", "surface": "asphalt"}, "geometry": {"type": "LineString", "coordinates": [[83.2369038, 17.7446939], [83.2367532, 17.7447228], [83.2365497, 17.7447606], [83.2361534, 17.7448126], [83.2357051, 17.7448457], [83.2355429, 17.744839], [83.2351761, 17.7448548], [83.2345565, 17.7449755], [83.2344504, 17.7449913], [83.2341898, 17.745031], [83.234037, 17.7450537], [83.2339443, 17.7450694], [83.2337212, 17.7451071], [83.2335517, 17.7451333], [83.2334651, 17.7451391], [83.2332359, 17.7451602], [83.2330016, 17.745188], [83.2324501, 17.7452115], [83.2322036, 17.7452174], [83.2320748, 17.7452269], [83.2312516, 17.7452878], [83.2310024, 17.745308], [83.2308541, 17.7453201], [83.2304289, 17.7453494], [83.2302305, 17.7453648], [83.2296244, 17.745412], [83.2289944, 17.7454392], [83.2288376, 17.7454939]]}}, {"type": "Feature", "properties": {"osm_id": 512024436, "highway": "tertiary", "oneway": "yes", "surface": "asphalt"}, "geometry": {"type": "LineString", "coordinates": [[83.2288376, 17.7454939], [83.2289858, 17.745523], [83.2295547, 17.7454784], [83.2298309, 17.7454682], [83.230236, 17.745435], [83.2304425, 17.7454222], [83.2308923, 17.7453961], [83.2310097, 17.7453893], [83.2311479, 17.7453813], [83.2315026, 17.7453593], [83.2320679, 17.7453379], [83.2331341, 17.7452625], [83.233229, 17.7452631]]}}, {"type": "Feature", "properties": {"osm_id": 512024440, "highway": "tertiary", "surface": "asphalt"}, "geometry": {"type": "LineString", "coordinates": [[83.2265329, 17.7457353], [83.2264799, 17.7457792], [83.2260196, 17.7459879], [83.2254218, 17.7463478], [83.2252107, 17.7464641], [83.2250466, 17.7465544], [83.2249016, 17.7466343], [83.2244327, 17.7469072], [83.2242797, 17.7469966], [83.224077, 17.747115], [83.2239331, 17.7472145], [83.2238529, 17.74727], [83.2237836, 17.7473061], [83.2237225, 17.7473379], [83.2235953, 17.7474041], [83.2234023, 17.7475045], [83.223313, 17.747551], [83.2231736, 17.7476283], [83.2225833, 17.7479553], [83.2225344, 17.7479824], [83.2224168, 17.748052], [83.2223034, 17.7481191], [83.2222557, 17.7481473], [83.2221536, 17.7482077], [83.2220989, 17.7482401], [83.2218343, 17.7483966], [83.2217815, 17.7484278], [83.2215773, 17.7485211], [83.2215062, 17.7485602], [83.2213997, 17.7486286], [83.2213063, 17.7487535], [83.2212157, 17.7488746], [83.2212073, 17.7489104], [83.2211974, 17.7489523], [83.2211522, 17.7491448], [83.2211145, 17.7493235], [83.2210812, 17.7494814], [83.2210769, 17.7494964], [83.220929, 17.7500121], [83.2208813, 17.7501786], [83.2207356, 17.7506867], [83.2206832, 17.7508912], [83.2203994, 17.7519987], [83.2200482, 17.7531736]]}}, {"type": "Feature", "properties": {"osm_id": 517841645, "dual_carriageway": "yes", "highway": "tertiary", "name": "Chinna Waltair Main Road", "oneway": "yes", "surface": "asphalt"}, "geometry": {"type": "LineString", "coordinates": [[83.3179588, 17.7229057], [83.3179892, 17.7228615], [83.3180441, 17.7227816], [83.3181072, 17.7226829], [83.3182016, 17.7225646], [83.3182629, 17.722492], [83.3184243, 17.7223652], [83.3189338, 17.721959], [83.3191994, 17.7217572], [83.3194542, 17.7215988], [83.3198136, 17.7213918], [83.3198425, 17.7213723], [83.3199236, 17.7213177], [83.3199826, 17.7212488], [83.3200529, 17.721159]]}}, {"type": "Feature", "properties": {"osm_id": 544123854, "highway": "tertiary", "lanes": "1", "maxspeed": "30", "surface": "paved"}, "geometry": {"type": "LineString", "coordinates": [[83.2184482, 17.6761569], [83.2190222, 17.6759723], [83.2191579, 17.6759263], [83.2196893, 17.6757315], [83.2199165, 17.6756254], [83.2200026, 17.6755755], [83.2201004, 17.6755112], [83.2204642, 17.6752702], [83.2208493, 17.6750094], [83.2213294, 17.6747819], [83.2213789, 17.6747502], [83.2214021, 17.6747094], [83.2214117, 17.6746642], [83.2214092, 17.6744708], [83.2214001, 17.6744162], [83.2213339, 17.6742142], [83.221288, 17.6741513], [83.2211488, 17.6740826], [83.2209523, 17.6740433], [83.2207334, 17.6740198], [83.2206857, 17.6740051], [83.2204409, 17.6738656], [83.2203724, 17.6738185], [83.2203254, 17.6737941], [83.2197829, 17.6735892], [83.2197329, 17.6735666], [83.2196161, 17.6734629]]}}, {"type": "Feature", "properties": {"osm_id": 544537071, "highway": "tertiary", "surface": "asphalt"}, "geometry": {"type": "LineString", "coordinates": [[83.2145725, 17.6856656], [83.214518, 17.6858183], [83.2143651, 17.6859819], [83.2141559, 17.6861863], [83.2140004, 17.6863601], [83.213775, 17.6865748], [83.2135283, 17.6868431], [83.2134115, 17.6869777], [83.2132601, 17.6871523], [83.213134, 17.6872928], [83.2130968, 17.6873485], [83.2129597, 17.6875535], [83.2129001, 17.6876417], [83.2128148, 17.6877681], [83.2127061, 17.687918], [83.212561, 17.6881471], [83.2121735, 17.6888149], [83.212063, 17.6890396], [83.2120558, 17.6890509], [83.211876, 17.6892886], [83.2117446, 17.689493], [83.2115595, 17.6896975], [83.211353, 17.689861], [83.2113051, 17.6898964], [83.2109721, 17.6901421], [83.2108463, 17.6902537], [83.2107388, 17.6903491], [83.2105108, 17.6905331], [83.2104217, 17.6906034], [83.2102882, 17.6906813], [83.2101675, 17.6907375], [83.2099847, 17.6908261], [83.2099314, 17.6908525], [83.2096525, 17.6909751], [83.2094433, 17.6910288], [83.2092341, 17.6910723], [83.2089954, 17.6911464], [83.2089563, 17.6911535], [83.2087835, 17.6911847], [83.2086359, 17.6912128], [83.2085206, 17.6912716], [83.2084314, 17.691345], [83.2084026, 17.6913687], [83.208306, 17.6914351], [83.2080968, 17.6915016], [83.2080072, 17.6915041], [83.2078259, 17.6915092], [83.2075631, 17.6914913], [83.207209, 17.6914786], [83.2069301, 17.6915169], [83.2066645, 17.6915757], [83.2062891, 17.6916697], [83.2061922, 17.6916866], [83.2060975, 17.6917008], [83.2059576, 17.6917091], [83.2058038, 17.6917199]]}}, {"type": "Feature", "properties": {"osm_id": 544537081, "highway": "tertiary", "oneway": "yes", "service": "driveway", "surface": "asphalt"}, "geometry": {"type": "LineString", "coordinates": [[83.204997, 17.7114287], [83.205063, 17.7109679], [83.2051882, 17.7102248], [83.2052065, 17.7101078], [83.2052525, 17.7098209], [83.2052621, 17.7097597], [83.2052882, 17.7095929], [83.2053126, 17.7094268], [83.2053856, 17.7089592], [83.2054026, 17.708843], [83.2054484, 17.708491], [83.2054858, 17.7082181], [83.2055165, 17.7080262], [83.2055384, 17.707897], [83.2055923, 17.7075731], [83.2056401, 17.7072487], [83.205684, 17.706953], [83.2057096, 17.7067805], [83.2057431, 17.7065936], [83.2057948, 17.7062697], [83.2058168, 17.7061675], [83.2058332, 17.7060842], [83.2058593, 17.7059564], [83.2059059, 17.7055893], [83.2059289, 17.7053533], [83.205936, 17.7051224], [83.2059331, 17.7050365], [83.20593, 17.704948], [83.2059165, 17.7045509], [83.2058926, 17.7041467], [83.2058776, 17.7038934], [83.2058316, 17.7032983], [83.2057927, 17.7027774], [83.2057718, 17.7024221], [83.2057626, 17.7022649], [83.2057259, 17.7018247], [83.2057201, 17.7017727], [83.2056936, 17.7014153], [83.2056812, 17.7011169], [83.2056652, 17.7009281], [83.2056494, 17.7006922], [83.2056305, 17.7004268], [83.2056165, 17.7002539], [83.2056003, 17.7000248], [83.2055905, 17.6998869], [83.2055657, 17.6995299], [83.2055446, 17.6989696], [83.2055165, 17.6985615], [83.2054968, 17.6982028], [83.2054861, 17.6980345], [83.2054748, 17.6978852], [83.2054637, 17.6977374], [83.2054365, 17.6973676], [83.2054166, 17.6969937], [83.2054071, 17.6968484], [83.2053816, 17.6964176], [83.2053755, 17.6962461], [83.205359, 17.6960213], [83.2053498, 17.6958352], [83.2053303, 17.6956222], [83.2053092, 17.6953429], [83.2053008, 17.6951459], [83.2053081, 17.6947892], [83.2053232, 17.6946213], [83.2053452, 17.6944136], [83.205394, 17.6940747], [83.2054151, 17.6939304], [83.2054848, 17.6935062], [83.2055979, 17.692891], [83.2056455, 17.692613], [83.2057326, 17.6921255], [83.2058038, 17.6917199], [83.2058308, 17.6915069], [83.2058795, 17.6911349], [83.2059082, 17.690892], [83.2059151, 17.6907946], [83.2059319, 17.6905587], [83.2059321, 17.690366], [83.2059242, 17.6901958], [83.2059148, 17.690039], [83.2058582, 17.6897382], [83.205834, 17.6896545], [83.2057839, 17.6894815], [83.2056714, 17.689167], [83.2056365, 17.6890958], [83.2055292, 17.6888771], [83.2053879, 17.688557], [83.2053132, 17.6883886], [83.2051057, 17.6879794], [83.2049782, 17.6877318], [83.2049522, 17.6876815], [83.2047884, 17.6873401], [83.2047728, 17.6873077], [83.2046247, 17.6869774], [83.2045792, 17.6868701], [83.2045646, 17.6868358], [83.2044938, 17.6866469], [83.2044354, 17.6864463], [83.2043717, 17.6862625], [83.2042301, 17.6860046], [83.2040797, 17.6857315], [83.2039272, 17.6854463]]}}, {"type": "Feature", "properties": {"osm_id": 544537085, "highway": "tertiary", "oneway": "yes", "service": "driveway", "surface": "asphalt"}, "geometry": {"type": "LineString", "coordinates": [[83.2049864, 17.6956686], [83.2049844, 17.6957112], [83.2049938, 17.6957868], [83.2050582, 17.6963781], [83.2050957, 17.6967559], [83.2051328, 17.6971566], [83.2051375, 17.6972833], [83.2051516, 17.6976851], [83.2051634, 17.697841], [83.2052007, 17.6983663], [83.205252, 17.6992144], [83.2052837, 17.6998238], [83.2053258, 17.7004133], [83.2053616, 17.701036], [83.2054117, 17.7018771], [83.2054378, 17.7021802], [83.2054838, 17.702838], [83.2055329, 17.703449], [83.2055359, 17.703533], [83.2055453, 17.7037919], [83.2055493, 17.7038456], [83.2055667, 17.7040766], [83.2055841, 17.7044481], [83.2055873, 17.7047242], [83.2055884, 17.7049826], [83.2055799, 17.7052933], [83.2055651, 17.7055425], [83.2055363, 17.7059102], [83.2054995, 17.7062297], [83.2054538, 17.7066005], [83.2053647, 17.7071615], [83.2053137, 17.7074955], [83.2052787, 17.7077557], [83.2052402, 17.7080572], [83.205217, 17.7082022], [83.2052091, 17.7082666], [83.205186, 17.7084057], [83.205146, 17.7086466], [83.2051071, 17.7089332], [83.2050522, 17.7092957], [83.2050252, 17.7094518], [83.2050174, 17.7094968], [83.2049785, 17.70976], [83.2048507, 17.7106136]]}}, {"type": "Feature", "properties": {"osm_id": 545212495, "highway": "tertiary"}, "geometry": {"type": "LineString", "coordinates": [[83.2082803, 17.6891335], [83.2081177, 17.6891923], [83.2078984, 17.689276], [83.207712, 17.6893437], [83.2075545, 17.6894071], [83.2073298, 17.6895137], [83.2071704, 17.6895946], [83.2071222, 17.6896164], [83.2068899, 17.689736], [83.2067796, 17.689785], [83.20665, 17.6898305], [83.2065172, 17.6898816], [83.2063739, 17.6899182], [83.2063106, 17.6899327], [83.2059148, 17.690039]]}}, {"type": "Feature", "properties": {"osm_id": 545212497, "highway": "tertiary"}, "geometry": {"type": "LineString", "coordinates": [[83.2074565, 17.685893], [83.2075109, 17.6863386], [83.2076007, 17.6869416], [83.207645, 17.6873735], [83.2076779, 17.6875447], [83.2077752, 17.6878386], [83.2078971, 17.6881414], [83.2079615, 17.6883203], [83.2080497, 17.6885912], [83.2081598, 17.688875], [83.2082586, 17.6890929], [83.2082803, 17.6891335], [83.2083736, 17.6893373], [83.20851, 17.6896223], [83.20853, 17.6896773], [83.2085903, 17.6898426], [83.2086092, 17.6898944], [83.2086978, 17.6901431], [83.2087152, 17.6901921], [83.2087782, 17.690332], [83.208805, 17.6904393], [83.2088198, 17.690539], [83.2088204, 17.6906661], [83.2088365, 17.6907747], [83.2088707, 17.690868], [83.2089123, 17.6910022], [83.2089563, 17.6911535]]}}, {"type": "Feature", "properties": {"osm_id": 545215168, "highway": "tertiary"}, "geometry": {"type": "LineString", "coordinates": [[83.2156389, 17.6770886], [83.2155089, 17.6767153], [83.2154384, 17.6765066], [83.2153807, 17.6763475], [83.215138, 17.675648], [83.2150384, 17.6754316], [83.2149419, 17.6751799], [83.2148986, 17.6749931], [83.2148746, 17.6748896], [83.2148228, 17.6746662], [83.2148051, 17.6745896], [83.2147431, 17.674284], [83.2147065, 17.6741036], [83.2146763, 17.6739548], [83.2145619, 17.6733912]]}}, {"type": "Feature", "properties": {"osm_id": 545215170, "highway": "tertiary"}, "geometry": {"type": "LineString", "coordinates": [[83.2135739, 17.6779799], [83.2141238, 17.6777329], [83.2143376, 17.6776442], [83.2147461, 17.6774748], [83.2151479, 17.6772712], [83.2156389, 17.6770886]]}}, {"type": "Feature", "properties": {"osm_id": 545250231, "highway": "secondary", "oneway": "yes", "source": "Bing"}, "geometry": {"type": "LineString", "coordinates": [[83.2684122, 17.6881506], [83.2685191, 17.6882911]]}}, {"type": "Feature", "properties": {"osm_id": 545250254, "highway": "tertiary"}, "geometry": {"type": "LineString", "coordinates": [[83.2496125, 17.6880746], [83.2496054, 17.687997], [83.2495627, 17.6876571], [83.249493, 17.6870898], [83.2494648, 17.6868547], [83.2494192, 17.686557], [83.2493959, 17.6863902], [83.2493766, 17.6862334], [83.2493177, 17.6857744], [83.2492933, 17.6855517], [83.2492567, 17.6853038], [83.2492333, 17.6850898], [83.2492101, 17.6848999], [83.2491977, 17.6847983], [83.2491744, 17.6845504], [83.249154, 17.684409], [83.2491266, 17.6841457], [83.2491053, 17.6839733], [83.2490839, 17.6837893], [83.2490673, 17.683648], [83.2490402, 17.6833506], [83.2490087, 17.683063], [83.248968, 17.6827813], [83.2489589, 17.682697], [83.2489172, 17.682483], [83.2488847, 17.6822525], [83.2488684, 17.6820831], [83.2488542, 17.6819107], [83.2488125, 17.6816386], [83.248782, 17.6813985], [83.2487509, 17.6811213], [83.2487253, 17.6809417], [83.2487094, 17.6807537], [83.2486881, 17.6805742], [83.248666, 17.6804056], [83.2486187, 17.6801388], [83.2485992, 17.6799764], [83.2485775, 17.6798506], [83.2485697, 17.6798064], [83.2485613, 17.6797666], [83.2485519, 17.6797323], [83.2485295, 17.6796546]]}}, {"type": "Feature", "properties": {"osm_id": 545250272, "highway": "secondary", "name": "Scindia Road", "oneway": "yes", "source": "Bing"}, "geometry": {"type": "LineString", "coordinates": [[83.2685307, 17.6954764], [83.2685475, 17.6954311], [83.2684756, 17.6949013], [83.2684415, 17.6946266], [83.2683857, 17.6940377], [83.2683434, 17.6934944], [83.2683442, 17.6934672], [83.2683416, 17.6934265], [83.2682616, 17.6926213], [83.2682401, 17.6923318], [83.2682329, 17.6922781], [83.2681501, 17.6916613], [83.2681357, 17.6915484], [83.268113, 17.6913696], [83.2681468, 17.6910814], [83.2681601, 17.6909449], [83.2681916, 17.6907871], [83.268202, 17.690675], [83.2682436, 17.6904522], [83.2682947, 17.6901167], [83.2683797, 17.6896027], [83.2684013, 17.6894251], [83.2684378, 17.6891742], [83.2684544, 17.6890129], [83.2684694, 17.6888837], [83.2685555, 17.6884171], [83.2685191, 17.6882911]]}}, {"type": "Feature", "properties": {"osm_id": 545250279, "highway": "primary", "name": "Port Main Road", "oneway": "yes"}, "geometry": {"type": "LineString", "coordinates": [[83.2651995, 17.7142149], [83.2654838, 17.7143671], [83.2657651, 17.7145272], [83.2659709, 17.7146415], [83.2663468, 17.7148503], [83.266513, 17.7149215], [83.2668802, 17.7150913], [83.2689078, 17.715657], [83.2696161, 17.7158529], [83.2700696, 17.7159784], [83.270753, 17.7162023]]}}, {"type": "Feature", "properties": {"osm_id": 545250281, "highway": "secondary", "name": "Port Main Road"}, "geometry": {"type": "LineString", "coordinates": [[83.2647812, 17.7136779], [83.2638695, 17.7123103]]}}, {"type": "Feature", "properties": {"osm_id": 545250283, "highway": "primary", "name": "Port Main Road Flyover", "oneway": "yes"}, "geometry": {"type": "LineString", "coordinates": [[83.2685683, 17.7154233], [83.2668343, 17.7149681], [83.2666467, 17.7148883], [83.2665573, 17.7148503], [83.2664272, 17.7147855]]}}, {"type": "Feature", "properties": {"osm_id": 545250284, "highway": "secondary", "name": "Port Main Road", "oneway": "yes"}, "geometry": {"type": "LineString", "coordinates": [[83.2647812, 17.7136779], [83.2649571, 17.714122]]}}, {"type": "Feature", "properties": {"osm_id": 545250285, "bridge": "yes", "highway": "secondary", "layer": "1", "name": "Port Main Road"}, "geometry": {"type": "LineString", "coordinates": [[83.2638695, 17.7123103], [83.2621819, 17.7098247]]}}, {"type": "Feature", "properties": {"osm_id": 545250286, "highway": "secondary", "name": "Port Main Road"}, "geometry": {"type": "LineString", "coordinates": [[83.2583336, 17.7041212], [83.2586545, 17.7045917], [83.2589255, 17.7050178], [83.2600906, 17.7067482], [83.2602037, 17.7069162], [83.2606622, 17.7075972], [83.2610022, 17.7081019], [83.2613082, 17.7085278], [83.2613789, 17.7086328], [83.2621819, 17.7098247]]}}, {"type": "Feature", "properties": {"osm_id": 545250287, "highway": "secondary", "oneway": "yes", "source": "Bing"}, "geometry": {"type": "LineString", "coordinates": [[83.2160081, 17.6856476], [83.2162564, 17.6856476], [83.2165531, 17.6857274], [83.2167723, 17.6858529], [83.2168382, 17.6858906], [83.2169638, 17.6860371], [83.2170935, 17.6861704], [83.2173013, 17.686442], [83.2173811, 17.6865725], [83.2175473, 17.6868206], [83.2178209, 17.6870892], [83.2181504, 17.6873029], [83.2183329, 17.6873685], [83.218632, 17.6874697], [83.2203431, 17.6879011], [83.2209255, 17.6880523], [83.2222189, 17.6883881], [83.2225134, 17.6884864], [83.2227076, 17.6885841], [83.2228115, 17.688733], [83.2228897, 17.688942], [83.2229054, 17.6891698], [83.2229275, 17.6893361], [83.2229583, 17.6894332], [83.2230771, 17.6896248], [83.2232038, 17.689804], [83.2234327, 17.6899415], [83.2234611, 17.6899535], [83.2237031, 17.690056], [83.2244764, 17.6902729], [83.2245833, 17.6902976], [83.2246178, 17.6903075], [83.2246449, 17.6903152], [83.224817, 17.6903514], [83.2254127, 17.690479], [83.2261359, 17.690634], [83.2263641, 17.6906827], [83.2264753, 17.6906993], [83.2269895, 17.690776], [83.2271161, 17.6907903], [83.227184, 17.6907979], [83.2273251, 17.6908138], [83.2276343, 17.6908487], [83.227851, 17.6908731], [83.2281696, 17.6908997], [83.2284349, 17.6909218], [83.2289064, 17.690945], [83.2292035, 17.6909166], [83.2293949, 17.6908983], [83.2298556, 17.6908037], [83.2307249, 17.6906525], [83.2312504, 17.6905452], [83.2314659, 17.6905082], [83.2317906, 17.6904553], [83.2324312, 17.690351], [83.2324894, 17.6903405], [83.2328331, 17.690279], [83.2331942, 17.6902178], [83.2334333, 17.6901773], [83.2336016, 17.6901504], [83.2337803, 17.6901173], [83.2344054, 17.6900013], [83.234868, 17.6899372], [83.2351766, 17.6898945], [83.2354497, 17.6898812], [83.2355225, 17.6898777], [83.2356484, 17.6898716], [83.235871, 17.6898639], [83.2360832, 17.6898537], [83.2364003, 17.6898407], [83.2365212, 17.6898331], [83.2366505, 17.6898204], [83.2368682, 17.6897974], [83.2369605, 17.6897884], [83.2372127, 17.6897668], [83.2374519, 17.6897375], [83.2375997, 17.6897178], [83.2379231, 17.6896692], [83.238315, 17.68962], [83.2386184, 17.6895819], [83.239091, 17.6895225], [83.2392855, 17.6894981], [83.2394711, 17.6894705], [83.2405558, 17.6893142], [83.2412722, 17.6892562], [83.2418455, 17.6891967], [83.2419424, 17.6891852], [83.2420354, 17.6891741], [83.2423408, 17.6891377], [83.2425149, 17.6891096], [83.2427987, 17.689079], [83.2449186, 17.6887773], [83.2454476, 17.6887006], [83.2462521, 17.6885717], [83.247191, 17.6884169], [83.2496125, 17.6880746], [83.2517697, 17.6877676], [83.2518792, 17.6877508], [83.2523573, 17.6876944], [83.2539998, 17.6874921], [83.25521, 17.687335], [83.2557039, 17.6872919], [83.2559985, 17.6872864], [83.2561848, 17.6872919], [83.2568061, 17.6873082], [83.2575273, 17.6873273], [83.2580815, 17.6873419], [83.2582705, 17.6873469], [83.258352, 17.6873527], [83.2588176, 17.6873856], [83.2589408, 17.6873943], [83.2606401, 17.6874786], [83.2608446, 17.6874909], [83.2612452, 17.6875234], [83.2625958, 17.6876172], [83.2629029, 17.6876385], [83.2633291, 17.6877091], [83.2639474, 17.6877607], [83.2642941, 17.6878015], [83.2644308, 17.6878118], [83.2644667, 17.6878173], [83.265924, 17.687951], [83.2673673, 17.6880805], [83.2676192, 17.6881031], [83.2679676, 17.6881341]]}}, {"type": "Feature", "properties": {"osm_id": 545997862, "highway": "secondary", "name": "Scindia Road", "oneway": "yes"}, "geometry": {"type": "LineString", "coordinates": [[83.2687686, 17.6978715], [83.2686654, 17.6978401], [83.2685238, 17.6977761], [83.2684294, 17.6977149], [83.2682897, 17.6975566], [83.2680974, 17.697164], [83.2679099, 17.6968375], [83.2676578, 17.696372], [83.2674783, 17.6960694], [83.2673912, 17.6959225], [83.2671417, 17.6956494], [83.26688, 17.6954507], [83.2665679, 17.6952735], [83.266301, 17.6951578], [83.2648542, 17.6947282]]}}, {"type": "Feature", "properties": {"osm_id": 545997863, "highway": "secondary", "name": "Scindia Road", "source": "Bing"}, "geometry": {"type": "LineString", "coordinates": [[83.2686991, 17.6958328], [83.2689066, 17.6962265], [83.2693056, 17.6969759], [83.2695141, 17.6973802], [83.2695611, 17.6974888]]}}, {"type": "Feature", "properties": {"osm_id": 545997867, "highway": "tertiary"}, "geometry": {"type": "LineString", "coordinates": [[83.2680903, 17.6909556], [83.2681601, 17.6909449]]}}, {"type": "Feature", "properties": {"osm_id": 546097370, "highway": "tertiary"}, "geometry": {"type": "LineString", "coordinates": [[83.2665154, 17.6780703], [83.2664369, 17.6779679], [83.2664162, 17.6779169], [83.2663963, 17.6778596], [83.2663169, 17.6774084], [83.2662928, 17.6772372], [83.2662311, 17.6770608], [83.2661158, 17.6768002], [83.2658638, 17.6759617], [83.2658507, 17.675893], [83.2658552, 17.67583], [83.2658953, 17.6757596], [83.2659565, 17.6756893], [83.2662691, 17.675438], [83.2663679, 17.6753895], [83.2664825, 17.6753502], [83.2666266, 17.6753277], [83.2670252, 17.6752434], [83.2673172, 17.6751634], [83.2674329, 17.675118], [83.2675133, 17.6750614], [83.2676446, 17.6749014], [83.2677948, 17.6747301], [83.2679826, 17.6744874], [83.2680684, 17.6743289], [83.2682052, 17.6736772], [83.2683647, 17.6730991]]}}, {"type": "Feature", "properties": {"osm_id": 546289906, "bridge": "yes", "highway": "secondary", "layer": "1", "name": "Scindia Road", "source": "Bing"}, "geometry": {"type": "LineString", "coordinates": [[83.2685439, 17.6955283], [83.2686991, 17.6958328]]}}, {"type": "Feature", "properties": {"osm_id": 546289907, "highway": "secondary", "name": "Scindia Road", "oneway": "yes", "source": "Bing"}, "geometry": {"type": "LineString", "coordinates": [[83.2685191, 17.6882911], [83.2684698, 17.6884043], [83.2684059, 17.6888744], [83.2683659, 17.6891675], [83.2683294, 17.6894109], [83.2683192, 17.6894926], [83.2683088, 17.689596], [83.2682322, 17.690113], [83.2681787, 17.6904371], [83.2681328, 17.6906821], [83.2681156, 17.6907928], [83.2680903, 17.6909556], [83.2680782, 17.6910657], [83.2680691, 17.6912701], [83.2680648, 17.6913659], [83.2680875, 17.691545], [83.2681023, 17.6916611], [83.2681848, 17.6922759], [83.2681922, 17.6923306], [83.2682136, 17.6926193], [83.2682993, 17.6934326], [83.2683046, 17.693509], [83.268339, 17.6938795], [83.2683801, 17.6945373], [83.2683909, 17.6946416], [83.2684192, 17.6948597], [83.2684427, 17.6950162], [83.268474, 17.695264], [83.2685014, 17.695441], [83.2685307, 17.6954764]]}}, {"type": "Feature", "properties": {"osm_id": 547852812, "highway": "tertiary"}, "geometry": {"type": "LineString", "coordinates": [[83.3642079, 17.7679127], [83.3638529, 17.7678989], [83.3637487, 17.7679193], [83.3636692, 17.7679604], [83.3635497, 17.7680644], [83.3635105, 17.7681036], [83.3634873, 17.7681227], [83.363462, 17.7681399], [83.3633875, 17.7681555], [83.3632827, 17.7681587], [83.3631739, 17.768142], [83.3630717, 17.7681362], [83.3627507, 17.7681216], [83.362687, 17.7681179], [83.3624751, 17.7681056], [83.3623984, 17.7681012], [83.3623755, 17.7681012], [83.3622208, 17.7681008], [83.362103, 17.7681005], [83.3619706, 17.76811], [83.3617472, 17.7681259], [83.3616107, 17.7681453], [83.3613181, 17.768187], [83.3612055, 17.7681997], [83.3611612, 17.7682061], [83.3611199, 17.7682119], [83.3610847, 17.7682202], [83.3610137, 17.7682642], [83.3607924, 17.7684169], [83.3607397, 17.7684561], [83.3604705, 17.768657], [83.360407, 17.7687162], [83.3600818, 17.7690457], [83.3599894, 17.769147], [83.3599255, 17.7692187], [83.3598027, 17.7693868], [83.3596361, 17.7695583], [83.3594641, 17.7697331], [83.3594021, 17.7697818], [83.3593438, 17.7698203], [83.3592607, 17.7698521]]}}, {"type": "Feature", "properties": {"osm_id": 547853808, "highway": "tertiary"}, "geometry": {"type": "LineString", "coordinates": [[83.3567299, 17.7650565], [83.3566618, 17.7648128], [83.3566457, 17.7647234], [83.3565465, 17.7644015], [83.3564258, 17.764095], [83.3563104, 17.7637476], [83.3562713, 17.76368], [83.356179, 17.7635203], [83.3560884, 17.7633271], [83.3560115, 17.7632096], [83.3557348, 17.7627397]]}}, {"type": "Feature", "properties": {"osm_id": 547865426, "highway": "tertiary"}, "geometry": {"type": "LineString", "coordinates": [[83.3622607, 17.7731414], [83.3620101, 17.7734129], [83.3619772, 17.7734617], [83.3618438, 17.7736596], [83.361825, 17.7736895], [83.3618116, 17.7737296], [83.3618043, 17.7738569], [83.3618195, 17.7740362], [83.3618309, 17.7740907], [83.3618698, 17.7741388], [83.3619195, 17.7741767], [83.3619975, 17.7742184], [83.362201, 17.7743023], [83.3623373, 17.7743733], [83.3626109, 17.7745061], [83.3627826, 17.7746287], [83.3629274, 17.7747769], [83.363024, 17.774879], [83.3630885, 17.7749342], [83.3633193, 17.7751582], [83.363693, 17.775592], [83.3638079, 17.7757596], [83.3639148, 17.7759732], [83.3639726, 17.7760912], [83.3641344, 17.7765086], [83.3642323, 17.7767123], [83.3642793, 17.77681], [83.3643468, 17.7768758], [83.3646601, 17.7770705], [83.364746, 17.7770615], [83.3651632, 17.7770037], [83.365396, 17.776946], [83.365682, 17.7768398], [83.3657505, 17.7768073], [83.3658028, 17.7767565], [83.3658268, 17.7767003], [83.3658699, 17.7762761], [83.3658879, 17.7762389], [83.365913, 17.7762105], [83.3660314, 17.7761564], [83.3660606, 17.7761327], [83.3660674, 17.7760976], [83.3660395, 17.7759285], [83.3660012, 17.7757653], [83.3659385, 17.7755542], [83.3658889, 17.7754301], [83.3658757, 17.7753972], [83.365653, 17.7749124], [83.3656144, 17.7748422], [83.3655697, 17.7747888], [83.3655209, 17.7747488], [83.3652288, 17.7745598], [83.364942, 17.7744319], [83.3647669, 17.7743517]]}}, {"type": "Feature", "properties": {"osm_id": 547866055, "highway": "tertiary"}, "geometry": {"type": "LineString", "coordinates": [[83.3646601, 17.7770705], [83.3646923, 17.7775992], [83.3647057, 17.7778725], [83.3647272, 17.7782658], [83.3647473, 17.7783638], [83.3647582, 17.778427]]}}, {"type": "Feature", "properties": {"osm_id": 547910075, "highway": "tertiary"}, "geometry": {"type": "LineString", "coordinates": [[83.2057313, 17.6903813], [83.2056372, 17.6904022], [83.2051576, 17.6905311], [83.204726, 17.690653], [83.2044819, 17.6907233], [83.2043613, 17.690758], [83.2040108, 17.6908462], [83.2038278, 17.6908865], [83.2036743, 17.6909027], [83.2035274, 17.6909017], [83.203355, 17.6908819]]}}, {"type": "Feature", "properties": {"osm_id": 548044883, "highway": "tertiary"}, "geometry": {"type": "LineString", "coordinates": [[83.2466031, 17.6815439], [83.2465187, 17.6814147], [83.2464834, 17.681327], [83.2464568, 17.6812134], [83.2464405, 17.6810671], [83.2464347, 17.6809016], [83.2464322, 17.6807645], [83.2464015, 17.6804316], [83.2463278, 17.6802241], [83.2462923, 17.6801355], [83.2462415, 17.6800085], [83.2461754, 17.6798128], [83.2461117, 17.6795865], [83.2460605, 17.6793265], [83.2460434, 17.6791158], [83.246044, 17.6789081], [83.2460453, 17.6788394], [83.246054, 17.6787236], [83.2460667, 17.678494], [83.2460596, 17.6784068], [83.2460391, 17.6783222], [83.2459794, 17.678131], [83.2458817, 17.6778385], [83.2458436, 17.6777125], [83.2458107, 17.6775486], [83.2457316, 17.6771909], [83.2456884, 17.676994], [83.2456552, 17.6768067], [83.24562, 17.67652], [83.2456115, 17.6762365], [83.2456635, 17.675741], [83.2456969, 17.6755601], [83.2457355, 17.6754536], [83.2458654, 17.6751566], [83.2459089, 17.6750437]]}}, {"type": "Feature", "properties": {"osm_id": 548047117, "highway": "tertiary"}, "geometry": {"type": "LineString", "coordinates": [[83.2548596, 17.6810752], [83.2549111, 17.6810963], [83.254957, 17.6811382], [83.2550029, 17.681231], [83.2550451, 17.6813201], [83.2550805, 17.6814014], [83.2551196, 17.6814772], [83.2551596, 17.6815461], [83.2551965, 17.6816237], [83.2552381, 17.681694], [83.2552823, 17.6817668], [83.2553253, 17.6818218], [83.2553722, 17.6819023], [83.2554124, 17.6819802], [83.2554548, 17.682044], [83.2554938, 17.6820807], [83.2555497, 17.6821112], [83.2556608, 17.6821683], [83.2557625, 17.6822102], [83.2558646, 17.6822505], [83.2559904, 17.6822907], [83.2561191, 17.6823335], [83.2562399, 17.6823648], [83.2563673, 17.6823968], [83.2564576, 17.6824225], [83.2565497, 17.6824479], [83.2566374, 17.6824666], [83.2567321, 17.6824888], [83.256836, 17.6825133], [83.2569208, 17.6825354], [83.2570153, 17.6825619], [83.2571243, 17.6825946], [83.2572272, 17.6826263], [83.2573088, 17.6826476], [83.2573925, 17.6826688], [83.2575134, 17.6827008], [83.2576533, 17.682733], [83.2577845, 17.6827647], [83.2579708, 17.68281], [83.2580535, 17.6828404], [83.2581, 17.6828606], [83.2581347, 17.6828888], [83.2581564, 17.6829258], [83.2581669, 17.6829583], [83.2581764, 17.6830024]]}}, {"type": "Feature", "properties": {"osm_id": 548048830, "highway": "tertiary"}, "geometry": {"type": "LineString", "coordinates": [[83.2113136, 17.7963477], [83.2112617, 17.796338], [83.2110706, 17.7963023], [83.2108566, 17.7962578], [83.2107182, 17.7962458], [83.2105983, 17.7962436], [83.2105291, 17.796242], [83.210206, 17.7962577], [83.2100361, 17.796258], [83.2099595, 17.7962582], [83.2097518, 17.7962587], [83.2094159, 17.7962367], [83.209257, 17.7962437], [83.2091956, 17.7962545], [83.2090897, 17.7962829], [83.2090452, 17.7963077], [83.2087023, 17.7965335], [83.208462, 17.7966828], [83.2084066, 17.7967246], [83.2083625, 17.7967822], [83.2083395, 17.7968464], [83.2082874, 17.7971223], [83.2082638, 17.7971652], [83.2082235, 17.7971914], [83.2080566, 17.7972607], [83.2075594, 17.797467], [83.2074784, 17.7975097], [83.206692, 17.7979243], [83.206294, 17.7981035], [83.2060334, 17.7982026], [83.205917, 17.7982449], [83.2058595, 17.7982716], [83.2057955, 17.7983174], [83.20576, 17.7983796], [83.2057459, 17.7984405], [83.2057194, 17.7986293], [83.2057165, 17.7986682], [83.2056964, 17.7987164], [83.2056635, 17.7987506], [83.2056332, 17.7987744], [83.2056025, 17.7987966], [83.2055643, 17.7988144], [83.2054979, 17.7988365], [83.2054036, 17.7988601], [83.2052605, 17.7988879], [83.2051049, 17.7988994], [83.2048387, 17.7988987], [83.2045256, 17.798886], [83.2044452, 17.7988863], [83.2043224, 17.7988936], [83.2041762, 17.7989089], [83.2039925, 17.7989307], [83.2038014, 17.7989236], [83.2036646, 17.7989153], [83.2035331, 17.7989057], [83.2032714, 17.7988665], [83.2031135, 17.7988479], [83.2027446, 17.7987908], [83.2025234, 17.7987628], [83.2020164, 17.7986925], [83.2013082, 17.7986363], [83.2011446, 17.7986082], [83.2009703, 17.7985597], [83.2008415, 17.7985112], [83.2006672, 17.7984295], [83.2004191, 17.7982865]]}}, {"type": "Feature", "properties": {"osm_id": 548269916, "highway": "tertiary"}, "geometry": {"type": "LineString", "coordinates": [[83.2454995, 17.7759587], [83.2454985, 17.7764704], [83.2454932, 17.776698], [83.2455224, 17.7772665], [83.2455727, 17.7777075], [83.2456094, 17.778055], [83.2458176, 17.7788003], [83.2458395, 17.7788916], [83.2458688, 17.7790188], [83.2458876, 17.7791005], [83.245917, 17.7793095], [83.2459593, 17.7797303], [83.2459698, 17.7798022], [83.2459857, 17.7798714], [83.2459998, 17.7801134], [83.2460058, 17.7802004], [83.2460003, 17.7802656], [83.2458845, 17.7809113], [83.2458775, 17.7809629], [83.2458826, 17.781022], [83.2459796, 17.7814892], [83.2459772, 17.7815391], [83.2459546, 17.7815828], [83.2459183, 17.7816108], [83.2458727, 17.7816174], [83.2455623, 17.7815757], [83.2455229, 17.7815805], [83.2454894, 17.781593], [83.2454708, 17.7816196], [83.245464, 17.7816537], [83.2454681, 17.7821315], [83.2454645, 17.7825626], [83.2454638, 17.7826435], [83.2454581, 17.7829828], [83.2454438, 17.783025], [83.2454048, 17.7830575], [83.2452786, 17.7831177], [83.2451771, 17.7831674], [83.2451151, 17.7832071], [83.2449844, 17.7833122], [83.2448544, 17.7834806], [83.2448313, 17.7835583], [83.2448364, 17.7836702], [83.244895, 17.7842489], [83.2448944, 17.7843435], [83.2448677, 17.7844128], [83.2448089, 17.7845024], [83.2447415, 17.7845698], [83.2446858, 17.784606], [83.2445059, 17.784679], [83.2444509, 17.7847095], [83.244414, 17.7847448], [83.2443696, 17.7848265], [83.2440631, 17.7856944], [83.24403, 17.7857882], [83.2440045, 17.7858351], [83.2439628, 17.7858686], [83.2436836, 17.7860149], [83.2436351, 17.7860658], [83.2436124, 17.7861148], [83.2436036, 17.786155], [83.243579, 17.7862917], [83.2435778, 17.7863873], [83.2435882, 17.7865715], [83.2436218, 17.7868556], [83.2436312, 17.7869635], [83.2436655, 17.787356], [83.2436774, 17.7874922], [83.2436886, 17.7875111], [83.2437081, 17.7875193], [83.2437417, 17.7875208], [83.2437913, 17.7875131], [83.2441814, 17.7874525], [83.2442065, 17.7874537], [83.2442332, 17.7874569], [83.2442529, 17.7874722], [83.2442674, 17.7875019], [83.2442931, 17.7875725], [83.2443151, 17.7876329], [83.2443327, 17.7876823], [83.2443596, 17.7877551], [83.2443967, 17.7878527], [83.2444452, 17.7879709], [83.2444758, 17.7880386], [83.2445608, 17.7882109], [83.2445998, 17.788241]]}}, {"type": "Feature", "properties": {"osm_id": 548319026, "highway": "tertiary"}, "geometry": {"type": "LineString", "coordinates": [[83.2315299, 17.7362053], [83.2316431, 17.7361235], [83.231694, 17.736073], [83.2318142, 17.7359541], [83.2318451, 17.7359236], [83.2320517, 17.7357193], [83.2320614, 17.7357084], [83.2321996, 17.7355543], [83.232309, 17.7354323], [83.2324594, 17.7352646], [83.232568, 17.7351208]]}}, {"type": "Feature", "properties": {"osm_id": 548325590, "highway": "tertiary"}, "geometry": {"type": "LineString", "coordinates": [[83.258186, 17.7465006], [83.2589221, 17.7464335], [83.2598135, 17.7463213], [83.2602618, 17.7462548], [83.260431, 17.7462307], [83.2608805, 17.7461538], [83.2609594, 17.7461479], [83.2613895, 17.7461161], [83.2618376, 17.7460448], [83.2620953, 17.7460028], [83.2624649, 17.7459471], [83.2628502, 17.7458684], [83.2632606, 17.7457709], [83.2638357, 17.7456508]]}}, {"type": "Feature", "properties": {"osm_id": 548326887, "highway": "tertiary"}, "geometry": {"type": "LineString", "coordinates": [[83.2619283, 17.7427727], [83.2619914, 17.7429259], [83.2621139, 17.74346], [83.2621851, 17.7439057], [83.262189, 17.74393], [83.2622878, 17.7442656], [83.2624695, 17.7445531], [83.2627391, 17.7448658], [83.2628688, 17.7450018], [83.2629167, 17.7450434], [83.2629766, 17.7450762], [83.2636535, 17.7451973], [83.2636888, 17.745225], [83.2637073, 17.7452663], [83.2638357, 17.7456508], [83.2640773, 17.746316], [83.2642376, 17.7468106]]}}, {"type": "Feature", "properties": {"osm_id": 549074314, "highway": "tertiary"}, "geometry": {"type": "LineString", "coordinates": [[83.1994524, 17.7610759], [83.199362, 17.7611022], [83.198974, 17.7612345], [83.1986233, 17.7613696], [83.1984973, 17.7614181], [83.1975353, 17.7618493], [83.1974843, 17.7618633], [83.1974382, 17.7618585], [83.1973995, 17.7618427], [83.1966883, 17.7613652], [83.1966438, 17.7613393], [83.1963272, 17.7612054]]}}, {"type": "Feature", "properties": {"osm_id": 549074383, "highway": "tertiary"}, "geometry": {"type": "LineString", "coordinates": [[83.2052143, 17.7630584], [83.2050311, 17.7629915], [83.2047274, 17.762858], [83.2044732, 17.7627463], [83.2039395, 17.7625139], [83.2038711, 17.762473], [83.2034617, 17.7621733], [83.2030128, 17.7618446], [83.2029444, 17.7617923], [83.2028914, 17.7617524], [83.202582, 17.7615197], [83.2021482, 17.7612327], [83.2020163, 17.7611524], [83.2018073, 17.761033], [83.2015966, 17.7609289]]}}, {"type": "Feature", "properties": {"osm_id": 549084903, "highway": "tertiary"}, "geometry": {"type": "LineString", "coordinates": [[83.1947802, 17.7853446], [83.1944632, 17.7852895], [83.1942165, 17.7852946], [83.1938265, 17.7853198], [83.1937644, 17.7853258], [83.193503, 17.7853508], [83.1930147, 17.7854029], [83.1928745, 17.7854178], [83.1926662, 17.7854208], [83.1926104, 17.7854229], [83.1925547, 17.7854351], [83.192249, 17.7855299], [83.1921988, 17.7855457], [83.1921616, 17.7854606], [83.1921697, 17.7852412], [83.192192, 17.7848293], [83.1922385, 17.7844289], [83.1922789, 17.7840959], [83.1922701, 17.7839713]]}}, {"type": "Feature", "properties": {"osm_id": 549085977, "highway": "tertiary"}, "geometry": {"type": "LineString", "coordinates": [[83.1907852, 17.7849761], [83.1909846, 17.7849308], [83.1912158, 17.7848773], [83.1916813, 17.7847914], [83.1917251, 17.7847638], [83.1917486, 17.7847169]]}}, {"type": "Feature", "properties": {"osm_id": 549104594, "highway": "tertiary"}, "geometry": {"type": "LineString", "coordinates": [[83.3903462, 17.7970235], [83.3900607, 17.7969202], [83.3894813, 17.7967158], [83.3888912, 17.7965218], [83.3879793, 17.796154], [83.3876785, 17.7960442], [83.3872183, 17.7958761], [83.38718, 17.7958635], [83.3859944, 17.7955002], [83.385517, 17.7953327], [83.3853829, 17.7952857], [83.3851642, 17.7948621], [83.3850551, 17.7946507], [83.3849893, 17.794514], [83.3848346, 17.7940576], [83.384825, 17.7940292], [83.3847116, 17.7937956], [83.3846211, 17.7935848], [83.3843129, 17.7928367], [83.3842746, 17.792702], [83.3842735, 17.7926231], [83.3843449, 17.792567], [83.3847018, 17.7924539], [83.3848691, 17.7923814], [83.3853318, 17.7922143], [83.3855532, 17.7921396], [83.3861453, 17.7919354], [83.3867347, 17.791745], [83.3870225, 17.791652], [83.387526, 17.7913348], [83.3875846, 17.7912448]]}}, {"type": "Feature", "properties": {"osm_id": 549120925, "highway": "tertiary"}, "geometry": {"type": "LineString", "coordinates": [[83.2217979, 17.767132], [83.2215857, 17.7665727], [83.2215694, 17.7665092], [83.2215227, 17.7664288], [83.2214367, 17.7663613], [83.2213348, 17.7663411], [83.2212225, 17.766347]]}}, {"type": "Feature", "properties": {"osm_id": 549452882, "highway": "tertiary"}, "geometry": {"type": "LineString", "coordinates": [[83.3603841, 17.799287], [83.3603673, 17.799262], [83.3602887, 17.7988885], [83.3602809, 17.7988513], [83.3602525, 17.798837], [83.360213, 17.7988359], [83.3600979, 17.7988583], [83.3600361, 17.7988657], [83.3598566, 17.7988873], [83.359794, 17.7988948], [83.3596274, 17.7989149], [83.3595802, 17.7989206], [83.3594066, 17.7989415], [83.3593215, 17.7989517], [83.3582497, 17.7990756], [83.3578178, 17.7991191], [83.3570514, 17.7992071], [83.3569515, 17.7992186], [83.3560674, 17.7993352], [83.3559388, 17.7993513]]}}, {"type": "Feature", "properties": {"osm_id": 549453204, "highway": "tertiary"}, "geometry": {"type": "LineString", "coordinates": [[83.3603841, 17.799287], [83.3604169, 17.7992901], [83.3605, 17.7992748], [83.3608393, 17.7992299], [83.3609024, 17.7992161], [83.3613457, 17.7991318], [83.3617848, 17.79905], [83.3619967, 17.7997333], [83.3620262, 17.7997855], [83.3620984, 17.799791], [83.3624499, 17.7996727], [83.3634165, 17.7993846], [83.3634772, 17.7993895], [83.3635022, 17.799433], [83.3636251, 17.7997605], [83.3637466, 17.8001298], [83.3640432, 17.8010248], [83.364118, 17.8012318], [83.3641333, 17.8012964], [83.3641365, 17.8013417], [83.3640975, 17.8013761], [83.3640347, 17.8014018], [83.36348, 17.8015579], [83.3631073, 17.8016651], [83.3626699, 17.8018031], [83.3627992, 17.8023239], [83.3628094, 17.8023649], [83.3629801, 17.8028603], [83.3630083, 17.8029407]]}}, {"type": "Feature", "properties": {"osm_id": 549710647, "highway": "tertiary"}, "geometry": {"type": "LineString", "coordinates": [[83.2103308, 17.767946], [83.2111637, 17.7680623], [83.2114237, 17.7680869], [83.2123423, 17.7681793], [83.212477, 17.7681999], [83.2129115, 17.7683678], [83.2130555, 17.7684234], [83.2132074, 17.7684431], [83.2136572, 17.768411], [83.2138811, 17.7684066], [83.2140685, 17.7684154], [83.2141522, 17.7684293], [83.2142217, 17.7684508], [83.2147743, 17.7687116], [83.2151699, 17.7688358], [83.2154941, 17.7688571], [83.2157922, 17.7688766], [83.2164788, 17.7688358], [83.2169975, 17.7688063], [83.2171048, 17.7688002], [83.2172065, 17.7687944]]}}, {"type": "Feature", "properties": {"osm_id": 588281536, "dual_carriageway": "yes", "highway": "primary", "lanes": "2", "name": "Anakapalli - Visakhapatnam - Anandapuram Main Road", "oneway": "yes", "ref:old": "NH5", "source": "Bing", "surface": "asphalt"}, "geometry": {"type": "LineString", "coordinates": [[83.2031381, 17.6848227], [83.203087, 17.6847826], [83.2028528, 17.684599], [83.202543, 17.6843917], [83.2024634, 17.6843314], [83.2023987, 17.6842824], [83.2020965, 17.6840889], [83.2018656, 17.683941], [83.2013867, 17.6836496], [83.2011889, 17.6835601], [83.2009614, 17.6834616], [83.2006934, 17.6833688], [83.2004511, 17.6833097], [83.2002437, 17.683269], [83.2000107, 17.6832479], [83.1996879, 17.6832259], [83.199614, 17.6832267], [83.199527, 17.6832193], [83.1991965, 17.6832171], [83.1987845, 17.6832337], [83.1982458, 17.6832553], [83.1974408, 17.6832692], [83.1970278, 17.6832764], [83.1960397, 17.683312], [83.1956155, 17.6833241], [83.1952747, 17.6833339], [83.1940382, 17.6833639], [83.1939803, 17.6833621], [83.1938068, 17.6833591], [83.1937049, 17.683364], [83.1934941, 17.6833771], [83.1930521, 17.6834045], [83.1924827, 17.6834198], [83.1915339, 17.6834366], [83.1906385, 17.6834624], [83.1894549, 17.6834975], [83.1884389, 17.6835149], [83.1883215, 17.6835224], [83.1874602, 17.6835791], [83.1871066, 17.6836207], [83.1868187, 17.68367], [83.1866396, 17.6837071], [83.1864675, 17.6837581], [83.1862049, 17.6838417], [83.1859989, 17.6839114], [83.1843464, 17.6844144], [83.184005, 17.6845047], [83.1836399, 17.6845681], [83.183244, 17.6846153], [83.1820383, 17.684662]]}}, {"type": "Feature", "properties": {"osm_id": 588571478, "highway": "primary", "oneway": "yes"}, "geometry": {"type": "LineString", "coordinates": [[83.2027143, 17.6846562], [83.202792, 17.684759], [83.2028684, 17.6848298], [83.2033241, 17.6852767], [83.2033967, 17.6853679], [83.2034866, 17.685484], [83.2037885, 17.6859258], [83.2038961, 17.686123], [83.204006, 17.6863014], [83.204174, 17.6866097], [83.2042707, 17.6867812], [83.2043792, 17.6868705]]}}, {"type": "Feature", "properties": {"osm_id": 604748912, "highway": "tertiary", "oneway": "yes"}, "geometry": {"type": "LineString", "coordinates": [[83.2435506, 17.7113887], [83.2432887, 17.7116247], [83.243029, 17.7117798], [83.2428069, 17.711871], [83.2425538, 17.7119299], [83.2422489, 17.7119465], [83.2419654, 17.7119018], [83.2383819, 17.7109583], [83.2377147, 17.7107826], [83.236767, 17.7105331], [83.2335083, 17.7096662], [83.2332634, 17.7095839], [83.2325624, 17.7093544], [83.232384, 17.709298]]}}, {"type": "Feature", "properties": {"osm_id": 604748913, "highway": "primary", "oneway": "yes"}, "geometry": {"type": "LineString", "coordinates": [[83.2036068, 17.7195885], [83.2037262, 17.719593], [83.2038807, 17.7195921], [83.2041628, 17.7195834], [83.2067344, 17.7193862], [83.2073084, 17.7193351], [83.2078609, 17.7191818], [83.208231, 17.7189978], [83.2085851, 17.7187372], [83.2089821, 17.7183029], [83.2111272, 17.7153945], [83.2123226, 17.7139567], [83.2130023, 17.7128922], [83.2158636, 17.7090508], [83.2160145, 17.7088528], [83.2163796, 17.708374], [83.2167283, 17.7080469], [83.2170609, 17.7078221], [83.2175007, 17.707633], [83.2179943, 17.7075563], [83.2183912, 17.7075614], [83.219094, 17.7076381], [83.2243136, 17.7081644], [83.2294741, 17.7086755], [83.2299569, 17.7087317], [83.2305899, 17.7088952], [83.2310888, 17.709069], [83.2318671, 17.7094198], [83.2319843, 17.7094945], [83.2320176, 17.7095112], [83.2320686, 17.709532]]}}, {"type": "Feature", "properties": {"osm_id": 604748914, "highway": "primary", "junction": "roundabout", "oneway": "yes"}, "geometry": {"type": "LineString", "coordinates": [[83.2320702, 17.7094099], [83.2320596, 17.7094708], [83.2320686, 17.709532], [83.2320806, 17.7095567], [83.232094, 17.7095843], [83.2321338, 17.7096279], [83.2321848, 17.709659], [83.232203, 17.709666], [83.2322573, 17.709677], [83.2323128, 17.7096742], [83.2323657, 17.7096579], [83.2324125, 17.7096293], [83.2324499, 17.7095902], [83.23248, 17.7095299], [83.2324882, 17.7094637], [83.2324735, 17.7093984], [83.2324375, 17.7093412], [83.232384, 17.709298], [83.2323189, 17.7092736], [83.2322569, 17.7092697], [83.2321964, 17.7092829], [83.2321424, 17.7093121], [83.2320994, 17.7093547], [83.2320702, 17.7094099]]}}, {"type": "Feature", "properties": {"osm_id": 604748915, "highway": "tertiary", "oneway": "yes"}, "geometry": {"type": "LineString", "coordinates": [[83.2436568, 17.7113962], [83.243808, 17.7112958], [83.2439286, 17.7112042], [83.2439621, 17.7111733], [83.2441951, 17.7110028], [83.2446216, 17.7106966], [83.2460568, 17.709574], [83.2506367, 17.7059721], [83.2509731, 17.7057076], [83.2513619, 17.7054092], [83.2525899, 17.7044591]]}}, {"type": "Feature", "properties": {"osm_id": 604748916, "highway": "tertiary", "oneway": "yes"}, "geometry": {"type": "LineString", "coordinates": [[83.2325023, 17.7095698], [83.2325421, 17.7095569], [83.2326442, 17.7095372], [83.2327241, 17.7095412], [83.2332247, 17.7097053], [83.2376821, 17.7108817], [83.2377839, 17.7109086], [83.2383473, 17.7110561], [83.2417119, 17.7119452], [83.2419349, 17.7119965], [83.2422311, 17.7120368], [83.2424407, 17.7120386], [83.2426196, 17.7120203], [83.2427849, 17.7119837], [83.2428053, 17.7119761], [83.2429619, 17.7119177], [83.2431426, 17.7118371], [83.2433138, 17.7117418], [83.2434138, 17.7116557], [83.2434906, 17.7115259], [83.2436568, 17.7113962]]}}, {"type": "Feature", "properties": {"osm_id": 604748917, "highway": "primary", "oneway": "yes"}, "geometry": {"type": "LineString", "coordinates": [[83.2334539, 17.7106934], [83.2331839, 17.7103892], [83.2329462, 17.7101521], [83.2326386, 17.7098711], [83.2325414, 17.7097599], [83.2325142, 17.7096505], [83.2325023, 17.7095698]]}}, {"type": "Feature", "properties": {"osm_id": 604748918, "highway": "primary", "oneway": "yes"}, "geometry": {"type": "LineString", "coordinates": [[83.2323189, 17.7092736], [83.2321475, 17.70922], [83.2303038, 17.7086902], [83.229911, 17.7086154], [83.2295182, 17.7085726], [83.2190471, 17.7074928], [83.2185683, 17.7074429], [83.2181007, 17.7074358], [83.2178089, 17.70745], [83.2174871, 17.7075142], [83.2171692, 17.7076211], [83.2168736, 17.707785], [83.2166454, 17.7079454], [83.2164247, 17.7081378], [83.2162751, 17.7082982], [83.2161179, 17.7084978], [83.2129119, 17.7128169], [83.2121157, 17.7137761], [83.2120777, 17.7138219], [83.2113295, 17.714948], [83.2110634, 17.7153066], [83.2107795, 17.7156892], [83.2099766, 17.716763], [83.2092646, 17.7177152], [83.208909, 17.7181908], [83.2086808, 17.7184724], [83.2084302, 17.7187325], [83.2081234, 17.7189427], [83.2077306, 17.7191102], [83.2073341, 17.7192064], [83.2069375, 17.7192563], [83.2045336, 17.7194543], [83.204237, 17.7194787], [83.2040012, 17.7194969], [83.2038995, 17.719505], [83.2037387, 17.719509], [83.2036187, 17.7195048]]}}, {"type": "Feature", "properties": {"osm_id": 604748924, "highway": "primary", "junction": "roundabout", "oneway": "yes"}, "geometry": {"type": "LineString", "coordinates": [[83.2651569, 17.7142342], [83.2651798, 17.7142277], [83.2651995, 17.7142149], [83.2652143, 17.7141971], [83.2652223, 17.7141774], [83.2652241, 17.7141563], [83.2652197, 17.7141356], [83.2652093, 17.7141169], [83.2651938, 17.7141018], [83.2650747, 17.7140162], [83.2650502, 17.7140078], [83.2650241, 17.7140068], [83.264999, 17.7140134], [83.2649772, 17.714027], [83.2649601, 17.7140471], [83.2649506, 17.7140713], [83.2649495, 17.7140972], [83.2649571, 17.714122], [83.2649726, 17.7141433], [83.2649856, 17.7141539], [83.2650391, 17.714185], [83.2651099, 17.7142262], [83.265133, 17.7142337], [83.2651569, 17.7142342]]}}, {"type": "Feature", "properties": {"osm_id": 604748926, "highway": "secondary", "name": "Port Main Road", "oneway": "yes"}, "geometry": {"type": "LineString", "coordinates": [[83.2650747, 17.7140162], [83.2647812, 17.7136779]]}}, {"type": "Feature", "properties": {"osm_id": 604751044, "highway": "primary", "oneway": "yes"}, "geometry": {"type": "LineString", "coordinates": [[83.2894674, 17.7173081], [83.289402, 17.7173579], [83.2893118, 17.7174524], [83.2892987, 17.7174662], [83.2892333, 17.7175469], [83.2891296, 17.7176748], [83.2890741, 17.7177434], [83.2889618, 17.7178992], [83.2888716, 17.7180416], [83.2887851, 17.7181955], [83.2886803, 17.7184191], [83.2885789, 17.7186447], [83.2884945, 17.7188112], [83.2883591, 17.7190237], [83.2883194, 17.7190708], [83.2881884, 17.7192267], [83.2880636, 17.7193549], [83.2876239, 17.7197745], [83.2874728, 17.7199328], [83.2874161, 17.7199987], [83.2873593, 17.7200712], [83.287271, 17.7201857], [83.2871118, 17.7204644], [83.2870323, 17.7205979], [83.2869803, 17.7207266], [83.2868888, 17.72099], [83.2868106, 17.7212541], [83.2866358, 17.7217981], [83.2865345, 17.7220767], [83.2864367, 17.7223457], [83.2864073, 17.7224263], [83.2863064, 17.7226516], [83.286191, 17.7229093], [83.2861613, 17.7229693], [83.2861014, 17.7230902]]}}, {"type": "Feature", "properties": {"osm_id": 604751045, "highway": "primary", "junction": "roundabout", "oneway": "yes"}, "geometry": {"type": "LineString", "coordinates": [[83.2897661, 17.7174264], [83.289816, 17.7174023], [83.2898695, 17.7173765], [83.2899492, 17.7172574], [83.2899607, 17.7171741], [83.2899393, 17.7170736]]}}, {"type": "Feature", "properties": {"osm_id": 604751046, "highway": "primary", "name": "BRTS Bus Lane"}, "geometry": {"type": "LineString", "coordinates": [[83.2895513, 17.71739], [83.2893649, 17.7176068], [83.2892584, 17.7177478], [83.2891157, 17.7179365], [83.2887661, 17.7185086], [83.2885705, 17.7188829], [83.2883974, 17.7191219], [83.2881413, 17.7193906], [83.2876999, 17.7198292], [83.2875182, 17.7200369], [83.2872985, 17.7203328], [83.2872176, 17.7204222], [83.2871578, 17.7205115], [83.2871241, 17.7205722], [83.2870926, 17.7206406], [83.2870502, 17.7207634], [83.2865774, 17.7220814], [83.2863555, 17.7226768], [83.2862063, 17.7229866], [83.2861506, 17.7231085]]}}, {"type": "Feature", "properties": {"osm_id": 604751047, "highway": "primary", "oneway": "yes"}, "geometry": {"type": "LineString", "coordinates": [[83.2873302, 17.7204446], [83.2874746, 17.7202718], [83.2876156, 17.7201087], [83.2878376, 17.7198764], [83.2878813, 17.7198444], [83.2883358, 17.7193882], [83.2884368, 17.7192778], [83.2885659, 17.7191085], [83.2886706, 17.7189428], [83.28891, 17.7184956], [83.2892426, 17.7179575], [83.289315, 17.7178541], [83.2893627, 17.7178069], [83.2894145, 17.7177556], [83.2895193, 17.7176581], [83.2897661, 17.7174264]]}}, {"type": "Feature", "properties": {"osm_id": 605597530, "highway": "tertiary", "name": "Kailasgiri Road", "oneway": "yes"}, "geometry": {"type": "LineString", "coordinates": [[83.3459209, 17.7476865], [83.345994, 17.7476814], [83.3460537, 17.7476406], [83.3460952, 17.7475984], [83.3461301, 17.7475575], [83.3461462, 17.7475231], [83.3461717, 17.74744], [83.3461663, 17.7473915], [83.3461529, 17.7473583], [83.3461341, 17.7473187]]}}, {"type": "Feature", "properties": {"osm_id": 605597531, "highway": "tertiary", "name": "Kailasgiri Road", "oneway": "no"}, "geometry": {"type": "LineString", "coordinates": [[83.3459209, 17.7476865], [83.3453988, 17.7478716], [83.3453003, 17.747914], [83.3449063, 17.7480839], [83.3448265, 17.7481183], [83.3446258, 17.7481815], [83.3444899, 17.7482141], [83.3443317, 17.7482319], [83.3438811, 17.7482779], [83.3435344, 17.7483551], [83.3433701, 17.7484478], [83.3431864, 17.7486113], [83.3429812, 17.7488118], [83.3428484, 17.7489204], [83.3427567, 17.7489562], [83.3426553, 17.7489958], [83.3423898, 17.7490698], [83.3419506, 17.749169], [83.3418583, 17.7491898]]}}, {"type": "Feature", "properties": {"osm_id": 605597532, "highway": "tertiary", "oneway": "yes"}, "geometry": {"type": "LineString", "coordinates": [[83.3461341, 17.7473187], [83.3461046, 17.7474094], [83.3460751, 17.7474911], [83.3460074, 17.747578], [83.3459491, 17.7476265], [83.3459209, 17.7476865]]}}, {"type": "Feature", "properties": {"osm_id": 605597533, "highway": "tertiary", "oneway": "yes"}, "geometry": {"type": "LineString", "coordinates": [[83.3421468, 17.7536159], [83.3421926, 17.7534981]]}}, {"type": "Feature", "properties": {"osm_id": 605597534, "highway": "tertiary", "oneway": "no"}, "geometry": {"type": "LineString", "coordinates": [[83.3416817, 17.7537484], [83.341864, 17.7537481], [83.3420368, 17.7537771]]}}, {"type": "Feature", "properties": {"osm_id": 605597535, "highway": "tertiary", "oneway": "yes"}, "geometry": {"type": "LineString", "coordinates": [[83.3422664, 17.7538314], [83.3421501, 17.7536869]]}}, {"type": "Feature", "properties": {"osm_id": 605597536, "highway": "tertiary", "name": "Kailasgiri Road", "oneway": "yes"}, "geometry": {"type": "LineString", "coordinates": [[83.3421926, 17.7534981], [83.3420588, 17.7535778]]}}, {"type": "Feature", "properties": {"osm_id": 605597537, "highway": "tertiary", "name": "Kailasgiri Road", "oneway": "no"}, "geometry": {"type": "LineString", "coordinates": [[83.3485696, 17.7504225], [83.3479983, 17.7509755], [83.3472124, 17.7517751], [83.3468811, 17.7521225], [83.3465566, 17.7524367], [83.3462454, 17.7526896], [83.3459169, 17.7528595], [83.3454864, 17.7530357], [83.3446428, 17.7534495], [83.344392, 17.7535581], [83.3441828, 17.7536143], [83.3439119, 17.7536283], [83.3436061, 17.7536437], [83.3431659, 17.7537605], [83.3428082, 17.7538544], [83.3426111, 17.753871], [83.3422664, 17.7538314]]}}, {"type": "Feature", "properties": {"osm_id": 605597538, "highway": "tertiary", "oneway": "no"}, "geometry": {"type": "LineString", "coordinates": [[83.3420004, 17.7536221], [83.3416817, 17.7537484]]}}, {"type": "Feature", "properties": {"osm_id": 605597539, "highway": "tertiary", "junction": "1", "oneway": "yes"}, "geometry": {"type": "LineString", "coordinates": [[83.3420373, 17.7537269], [83.3420661, 17.7537323], [83.3420917, 17.7537312], [83.3421158, 17.7537226], [83.3421359, 17.7537074], [83.3421501, 17.7536869]]}}, {"type": "Feature", "properties": {"osm_id": 609645232, "highway": "primary", "lanes": "2", "oneway": "yes"}, "geometry": {"type": "LineString", "coordinates": [[83.3286024, 17.7572423], [83.3288002, 17.757164], [83.329344, 17.7569486], [83.3295253, 17.7568738], [83.3299699, 17.7566683], [83.3300734, 17.7566149], [83.3307114, 17.7562345], [83.330942, 17.756086], [83.3313119, 17.7558243], [83.3316487, 17.7555636], [83.3317225, 17.7555034]]}}, {"type": "Feature", "properties": {"osm_id": 609645239, "highway": "primary", "lanes": "2", "maxspeed": "40", "oneway": "yes", "source:maxspeed": "sign"}, "geometry": {"type": "LineString", "coordinates": [[83.3211105, 17.7595431], [83.3213541, 17.7594755], [83.3229663, 17.7590558], [83.3242726, 17.7587187], [83.3250909, 17.7585163], [83.325626, 17.7583502], [83.3264996, 17.7580271], [83.3265952, 17.7579968], [83.3271929, 17.7577931], [83.3274968, 17.7576839], [83.3278435, 17.7575486]]}}, {"type": "Feature", "properties": {"osm_id": 609645240, "highway": "primary", "oneway": "yes"}, "geometry": {"type": "LineString", "coordinates": [[83.3204152, 17.7596862], [83.3207394, 17.7596208], [83.3210186, 17.7595654], [83.3211105, 17.7595431]]}}, {"type": "Feature", "properties": {"osm_id": 609677011, "highway": "primary", "lanes": "2", "oneway": "yes", "psv": "yes"}, "geometry": {"type": "LineString", "coordinates": [[83.3197583, 17.7346862], [83.3197075, 17.7346445], [83.3196587, 17.7346055], [83.3196094, 17.7345613], [83.3195078, 17.7344701], [83.3193269, 17.7342838], [83.3191955, 17.7341432], [83.3186752, 17.7336272], [83.3181146, 17.7330728], [83.3177444, 17.7327228], [83.3173475, 17.7323345], [83.316811, 17.7317903], [83.3163524, 17.7313228], [83.3159554, 17.7309115], [83.3154407, 17.7304907], [83.3153261, 17.7304023], [83.3152099, 17.7303215], [83.3147538, 17.7299994], [83.3142249, 17.7296635], [83.3142027, 17.7296494], [83.3141528, 17.7296224], [83.3140899, 17.7295894], [83.3140593, 17.7295728], [83.314034, 17.7295591], [83.3138874, 17.7294808], [83.3129782, 17.728888], [83.3124471, 17.7285304], [83.3120705, 17.7282384], [83.3119753, 17.7281645], [83.3118859, 17.7280858]]}}, {"type": "Feature", "properties": {"osm_id": 610141014, "highway": "secondary"}, "geometry": {"type": "LineString", "coordinates": [[83.3274753, 17.7411315], [83.3274836, 17.7412007], [83.3274878, 17.741247], [83.3275203, 17.741467], [83.3275383, 17.741645], [83.327557, 17.7417626], [83.3275829, 17.7420159], [83.3276482, 17.7422854], [83.3276794, 17.7425037], [83.327745, 17.7427448], [83.3277874, 17.7428615]]}}, {"type": "Feature", "properties": {"osm_id": 610371533, "highway": "primary", "oneway": "yes"}, "geometry": {"type": "LineString", "coordinates": [[83.3320916, 17.7552272], [83.3322113, 17.7551852], [83.3323197, 17.755169], [83.3323954, 17.755171], [83.3324484, 17.7551798], [83.3324765, 17.7551844], [83.3325207, 17.7551498], [83.3325501, 17.7551011]]}}, {"type": "Feature", "properties": {"osm_id": 625997394, "bridge": "yes", "highway": "primary", "layer": "1", "oneway": "yes"}, "geometry": {"type": "LineString", "coordinates": [[83.2333365, 17.7107428], [83.234291, 17.7122077]]}}, {"type": "Feature", "properties": {"osm_id": 625997395, "highway": "primary", "oneway": "yes"}, "geometry": {"type": "LineString", "coordinates": [[83.232203, 17.709666], [83.2322628, 17.7097132], [83.2324781, 17.7098762], [83.2328777, 17.7102332], [83.2330885, 17.7104347], [83.2333365, 17.7107428]]}}, {"type": "Feature", "properties": {"osm_id": 628500674, "highway": "secondary", "name": "Gurudwara Junction - Dwarakanagar Road", "oneway": "yes"}, "geometry": {"type": "LineString", "coordinates": [[83.3062552, 17.7266385], [83.3062627, 17.7266937], [83.3063315, 17.7272017], [83.3063494, 17.7274008], [83.30641, 17.7279212], [83.3064775, 17.7285028], [83.3065072, 17.7287849], [83.3065089, 17.7288022], [83.3065152, 17.7288642], [83.3065314, 17.7290772], [83.3065439, 17.7291637], [83.3065638, 17.7293354], [83.3065905, 17.7295455], [83.3065954, 17.729584], [83.3066201, 17.7297747], [83.306648, 17.7300017], [83.306667, 17.7301784], [83.3066824, 17.7303221], [83.3066915, 17.7304017], [83.3066989, 17.7304762], [83.3067971, 17.7314867], [83.3068017, 17.7315355], [83.3068253, 17.7317582], [83.3068848, 17.73216], [83.3068933, 17.7322226], [83.3069283, 17.7324794], [83.3069644, 17.7327874], [83.3070235, 17.7332795], [83.3071136, 17.7340207], [83.3071178, 17.734062], [83.3071988, 17.7348955], [83.3072788, 17.7355069], [83.3073554, 17.7360041], [83.3074757, 17.7364214]]}}, {"type": "Feature", "properties": {"osm_id": 628500680, "highway": "secondary", "name": "Dimond Park Road", "oneway": "yes"}, "geometry": {"type": "LineString", "coordinates": [[83.3033409, 17.7250758], [83.3034293, 17.7259955]]}}, {"type": "Feature", "properties": {"osm_id": 628500684, "highway": "primary", "oneway": "yes"}, "geometry": {"type": "LineString", "coordinates": [[83.2974013, 17.7251439], [83.297786, 17.725283], [83.2980904, 17.7253752], [83.2982717, 17.7254208], [83.2984064, 17.7254388], [83.2985854, 17.7254444], [83.2987628, 17.7254424], [83.2989538, 17.7254267], [83.2993135, 17.7253972], [83.2997383, 17.7253573], [83.3002871, 17.7253072], [83.3009885, 17.7252536], [83.3014995, 17.7252216], [83.3020078, 17.7251756], [83.3027118, 17.7251182], [83.3033409, 17.7250758]]}}, {"type": "Feature", "properties": {"osm_id": 628500687, "highway": "secondary", "oneway": "yes"}, "geometry": {"type": "LineString", "coordinates": [[83.3061625, 17.7248403], [83.3061784, 17.7246154]]}}, {"type": "Feature", "properties": {"osm_id": 628500688, "highway": "tertiary", "source": "Bing"}, "geometry": {"type": "LineString", "coordinates": [[83.3101883, 17.724298], [83.3101844, 17.7242459], [83.3102071, 17.7238893]]}}, {"type": "Feature", "properties": {"osm_id": 628883586, "highway": "primary", "lanes": "2", "maxspeed": "40", "name": "Simhachalam - Hanumanthuwaka Road", "oneway": "yes", "source:maxspeed": "sign"}, "geometry": {"type": "LineString", "coordinates": [[83.3320174, 17.7546738], [83.3317521, 17.7549758], [83.3314046, 17.7553176], [83.3306288, 17.7559795], [83.3304714, 17.7561138], [83.330142, 17.7563342], [83.3296426, 17.7565902], [83.3295641, 17.7566261], [83.3291316, 17.756824], [83.3285264, 17.7570659], [83.3282089, 17.7571905], [83.3277047, 17.7573906], [83.3272838, 17.7575464], [83.3269116, 17.7576983], [83.3262295, 17.7579632], [83.3255804, 17.7582059], [83.3253041, 17.7583004], [83.3244726, 17.758515], [83.3233796, 17.7587934], [83.3225535, 17.7589709], [83.3218105, 17.7591409], [83.3217019, 17.7591778], [83.321553, 17.7592315], [83.3214524, 17.7592571], [83.3213512, 17.7592692], [83.3212392, 17.7592737], [83.3211152, 17.7592744], [83.320983, 17.7592905], [83.3204319, 17.7594166], [83.3200736, 17.7594943], [83.3196432, 17.7596006], [83.3193222, 17.7596724], [83.319025, 17.7597312], [83.3184429, 17.7598623], [83.3178561, 17.7599968], [83.3172253, 17.7601573], [83.3169449, 17.7602133], [83.3167145, 17.76025], [83.3165586, 17.7602698], [83.3163833, 17.7602859], [83.3160488, 17.7603102], [83.3159012, 17.7603251], [83.3157247, 17.7603536], [83.3155064, 17.7603953], [83.31538, 17.7604244], [83.3149251, 17.7605305], [83.3148366, 17.7605475], [83.3147544, 17.7605634], [83.3146482, 17.760587], [83.3145118, 17.7606174], [83.3142708, 17.7606734], [83.3140066, 17.7607501], [83.313951, 17.7607665], [83.3133146, 17.7609544], [83.312559, 17.7611946], [83.3122477, 17.7612912], [83.3120977, 17.7613377], [83.311629, 17.7614571], [83.3113022, 17.7615285], [83.3109405, 17.7615824], [83.3103921, 17.7616378], [83.309764, 17.7616914], [83.3092544, 17.7617477], [83.3091195, 17.7617595], [83.3088515, 17.7617829], [83.3084623, 17.7617995], [83.3079201, 17.7618168], [83.3075871, 17.7618372], [83.3070181, 17.7618709], [83.3064278, 17.761894], [83.3062497, 17.7619071], [83.3061363, 17.7619246], [83.3058542, 17.761983], [83.3056645, 17.7620223], [83.3055897, 17.7620429], [83.3051227, 17.7621504], [83.3050666, 17.7621633]]}}, {"type": "Feature", "properties": {"osm_id": 628883597, "highway": "tertiary", "name": "BRTS Bus Lane", "oneway": "yes"}, "geometry": {"type": "LineString", "coordinates": [[83.3297793, 17.7566547], [83.3295912, 17.7567434], [83.3293902, 17.7568342], [83.3292628, 17.7568887], [83.3291242, 17.7569415], [83.328843, 17.7570569], [83.3285712, 17.7571615]]}}, {"type": "Feature", "properties": {"osm_id": 628883598, "highway": "tertiary"}, "geometry": {"type": "LineString", "coordinates": [[83.3286409, 17.7573264], [83.3286024, 17.7572423]]}}, {"type": "Feature", "properties": {"osm_id": 628883599, "highway": "primary", "oneway": "yes"}, "geometry": {"type": "LineString", "coordinates": [[83.3320164, 17.75533], [83.33207, 17.7553015], [83.3321665, 17.7552594], [83.3322765, 17.7552453], [83.3323945, 17.7552836], [83.3324354, 17.7553169], [83.3324777, 17.7553513], [83.3325528, 17.7554382], [83.3325576, 17.7554471], [83.3326426, 17.7556042], [83.3327203, 17.755742]]}}, {"type": "Feature", "properties": {"osm_id": 628883600, "highway": "tertiary"}, "geometry": {"type": "LineString", "coordinates": [[83.3210407, 17.7596709], [83.3212781, 17.7596167], [83.3218895, 17.7594468], [83.322776, 17.7592038], [83.3238669, 17.7589278], [83.3247102, 17.7587095], [83.325111, 17.7586018], [83.3256809, 17.7584345], [83.3261911, 17.7582301], [83.3266653, 17.7580348], [83.3282988, 17.7574575], [83.3286409, 17.7573264], [83.3288781, 17.7572212], [83.3295098, 17.7569593], [83.3298343, 17.7568316], [83.330128, 17.7566847], [83.3304794, 17.7564766], [83.3307812, 17.7562901], [83.331068, 17.7561135], [83.3313739, 17.7558788], [83.3316261, 17.7556783], [83.331742, 17.7555606]]}}, {"type": "Feature", "properties": {"osm_id": 628883601, "busway": "primary_link", "highway": "tertiary", "name": "BRTS Bus Lane", "oneway": "yes"}, "geometry": {"type": "LineString", "coordinates": [[83.3320174, 17.7546738], [83.3320063, 17.7547315], [83.331992, 17.7547627], [83.3318731, 17.7549088], [83.3315859, 17.7552258], [83.3312767, 17.7555052], [83.3309221, 17.7558038], [83.3305947, 17.7560806], [83.3304806, 17.7561756], [83.3302298, 17.7563522], [83.3299907, 17.7565058], [83.3297793, 17.7566547]]}}, {"type": "Feature", "properties": {"osm_id": 628883602, "busway": "primary_link", "highway": "tertiary", "name": "BRTS Bus Lane", "oneway": "yes"}, "geometry": {"type": "LineString", "coordinates": [[83.3316961, 17.7554423], [83.3315496, 17.7555659], [83.3313766, 17.755707], [83.331215, 17.7558297], [83.3310152, 17.7559746], [83.3308033, 17.7561151], [83.3305666, 17.7562607], [83.3303305, 17.7563948], [83.3301247, 17.7565059], [83.3300069, 17.7565634], [83.3297793, 17.7566547]]}}, {"type": "Feature", "properties": {"osm_id": 628988289, "highway": "primary", "junction": "roundabout", "name": "Yelamanchili - Gajuwaka Road", "network": "IN:SH:AP", "oneway": "yes", "ref": "SH157"}, "geometry": {"type": "LineString", "coordinates": [[83.1944232, 17.6778566], [83.1944476, 17.677876], [83.1944782, 17.6778843], [83.1945096, 17.67788], [83.1945219, 17.6778727], [83.1945365, 17.6778639], [83.1945384, 17.6778612], [83.1945542, 17.6778388], [83.1945597, 17.677809], [83.1945566, 17.6777973], [83.1945519, 17.6777796], [83.1945481, 17.677775], [83.1945323, 17.6777558], [83.1945042, 17.6777417], [83.1944725, 17.6777396], [83.1944434, 17.6777498], [83.194434, 17.677758], [83.1944199, 17.6777711], [83.194408, 17.6777992], [83.1944049, 17.6778181], [83.1944092, 17.6778294], [83.1944207, 17.6778518], [83.1944232, 17.6778566]]}}, {"type": "Feature", "properties": {"osm_id": 628988315, "highway": "tertiary", "oneway": "yes"}, "geometry": {"type": "LineString", "coordinates": [[83.2908565, 17.7114222], [83.2908139, 17.7113421], [83.290773, 17.7112653]]}}, {"type": "Feature", "properties": {"osm_id": 628988318, "highway": "tertiary", "oneway": "yes"}, "geometry": {"type": "LineString", "coordinates": [[83.2905688, 17.7114418], [83.2906446, 17.7115717], [83.2908082, 17.7118374], [83.291063, 17.7122743], [83.291152, 17.712418], [83.2914084, 17.7128303], [83.2914748, 17.7129142], [83.2916521, 17.7132227]]}}, {"type": "Feature", "properties": {"osm_id": 628988320, "highway": "tertiary", "junction": "roundabout"}, "geometry": {"type": "LineString", "coordinates": [[83.2918874, 17.7132555], [83.291876, 17.7132084], [83.2918456, 17.7131696], [83.2918014, 17.7131458], [83.2917724, 17.7131405], [83.2917266, 17.7131457], [83.2916913, 17.7131617], [83.2916667, 17.7131891], [83.2916521, 17.7132227], [83.2916441, 17.7132482], [83.2916464, 17.7132776], [83.2916649, 17.7133139], [83.2916951, 17.7133448], [83.2917477, 17.7133641], [83.2917949, 17.7133637], [83.2918442, 17.7133368], [83.2918744, 17.7133026], [83.2918874, 17.7132555]]}}, {"type": "Feature", "properties": {"osm_id": 628988321, "highway": "tertiary", "oneway": "yes"}, "geometry": {"type": "LineString", "coordinates": [[83.2898813, 17.7167917], [83.2899303, 17.7166421], [83.2900876, 17.7163029], [83.2902449, 17.7159842], [83.2902837, 17.7159116], [83.2906017, 17.7153161], [83.2913935, 17.7138904]]}}, {"type": "Feature", "properties": {"osm_id": 628988322, "highway": "tertiary", "oneway": "yes"}, "geometry": {"type": "LineString", "coordinates": [[83.2916464, 17.7132776], [83.2916, 17.7133272], [83.2915582, 17.7133851], [83.2914714, 17.7135095], [83.2913846, 17.7136622], [83.291257, 17.7138711]]}}, {"type": "Feature", "properties": {"osm_id": 630158588, "highway": "primary", "lanes": "1", "oneway": "yes"}, "geometry": {"type": "LineString", "coordinates": [[83.3197916, 17.7351796], [83.319817, 17.7350211], [83.3198159, 17.7349316], [83.3197583, 17.7346862]]}}, {"type": "Feature", "properties": {"osm_id": 630187893, "highway": "primary", "name": "Vishakapatnam - Srungavarapukota - Araku Road", "network": "IN:SH:AP", "oneway": "yes", "ref": "SH39"}, "geometry": {"type": "LineString", "coordinates": [[83.2113136, 17.7963477], [83.2112029, 17.7967467], [83.210917, 17.797856], [83.2108784, 17.7979699], [83.2107496, 17.7982928], [83.2106448, 17.7986491], [83.2105498, 17.7991307], [83.2105431, 17.7991557], [83.2104344, 17.7995614], [83.2104218, 17.7996083], [83.210323, 17.7999529], [83.210304, 17.8000364], [83.2102641, 17.800211], [83.210131, 17.8006884], [83.2101099, 17.8007999], [83.2100403, 17.8010519], [83.2100176, 17.8011428], [83.2099751, 17.801313], [83.2099259, 17.8015106], [83.2098954, 17.8016326], [83.2098731, 17.8017219], [83.2098276, 17.8019043], [83.2097512, 17.8022225], [83.2096794, 17.8024919], [83.2096365, 17.8026432], [83.2096058, 17.8027581], [83.2095212, 17.8030748], [83.2093824, 17.8035441], [83.2092912, 17.8038984], [83.2092395, 17.8040733], [83.2091135, 17.8045369], [83.2090628, 17.8047821]]}}, {"type": "Feature", "properties": {"osm_id": 630894958, "highway": "tertiary"}, "geometry": {"type": "LineString", "coordinates": [[83.3091203, 17.7232124], [83.3091526, 17.7226636], [83.3091611, 17.7225181], [83.3091679, 17.722272], [83.3091598, 17.722189], [83.3091492, 17.7221123]]}}, {"type": "Feature", "properties": {"osm_id": 630894959, "highway": "primary", "name": "Ram Nagar Main Road", "oneway": "yes"}, "geometry": {"type": "LineString", "coordinates": [[83.3124671, 17.7196365], [83.3127594, 17.7198295], [83.3130107, 17.7200022], [83.3131068, 17.7200683], [83.3133911, 17.7202587], [83.3136338, 17.7204018], [83.3137564, 17.7204594], [83.3142775, 17.7207045], [83.3147172, 17.7208898], [83.3148354, 17.7209396]]}}, {"type": "Feature", "properties": {"osm_id": 630894960, "highway": "primary", "oneway": "yes"}, "geometry": {"type": "LineString", "coordinates": [[83.3178088, 17.7228552], [83.3177138, 17.7228293], [83.3176919, 17.722826], [83.3175839, 17.7228017], [83.3175012, 17.7227675], [83.3174303, 17.7227201], [83.3173593, 17.7226635], [83.3170573, 17.7224205], [83.3166687, 17.7221174], [83.3159201, 17.7214449], [83.3157851, 17.7213318], [83.3156736, 17.7212424], [83.315603, 17.7211977], [83.315518, 17.7211514], [83.3154027, 17.7210903], [83.3152807, 17.7210328], [83.3151657, 17.7209785], [83.3151264, 17.72096], [83.3149398, 17.720877], [83.3148549, 17.7208393], [83.3147535, 17.7208003], [83.3143057, 17.7206279], [83.3138537, 17.7204158], [83.3136767, 17.7203264], [83.3134286, 17.7201731], [83.3130772, 17.7199521], [83.3125113, 17.719574], [83.3120929, 17.7192987], [83.3116605, 17.7190135], [83.3116172, 17.7189849], [83.3112969, 17.7187749], [83.3109724, 17.7185571], [83.3105788, 17.7183118], [83.3105435, 17.7182894], [83.3101885, 17.718064], [83.3100474, 17.7179831], [83.3098479, 17.7178826], [83.3096981, 17.7178196], [83.3096189, 17.7177863]]}}, {"type": "Feature", "properties": {"osm_id": 630894961, "dual_carriageway": "yes", "highway": "primary", "lanes": "2", "oneway": "yes", "sidewalk": "separate", "surface": "asphalt"}, "geometry": {"type": "LineString", "coordinates": [[83.3322389, 17.7317735], [83.3321424, 17.7317325], [83.3320574, 17.7316889], [83.331158, 17.7311374], [83.3303654, 17.7306571], [83.3296543, 17.7301756], [83.3293363, 17.7299673], [83.3292885, 17.7299332], [83.3292549, 17.7299101], [83.3292141, 17.7298822], [83.329078, 17.729791], [83.3290227, 17.729753], [83.328774, 17.7295829], [83.3282172, 17.7292227], [83.327717, 17.7289152], [83.3271803, 17.7285665], [83.3265891, 17.7281914], [83.3263747, 17.7280506], [83.3260564, 17.7278416], [83.3258389, 17.7277057], [83.3257745, 17.7276655], [83.3257282, 17.7276365], [83.325647, 17.7275858], [83.3254248, 17.7274469], [83.3249782, 17.7271659], [83.3241762, 17.7266902], [83.3241611, 17.7266812], [83.3241003, 17.7266455], [83.3240796, 17.7266328], [83.3236733, 17.726393], [83.3232053, 17.7261312], [83.3227681, 17.7258923], [83.322292, 17.7256202], [83.3221136, 17.7255218], [83.3218977, 17.7254158], [83.3216482, 17.7253047], [83.3212969, 17.7251654], [83.3210944, 17.7250926], [83.3207953, 17.7249738], [83.3204144, 17.7247962], [83.3200631, 17.7246302], [83.3200082, 17.7246006], [83.3195347, 17.7243453], [83.3190049, 17.7240055], [83.3188413, 17.7239071], [83.3187911, 17.723868]]}}, {"type": "Feature", "properties": {"osm_id": 630894964, "highway": "tertiary", "source": "Bing"}, "geometry": {"type": "LineString", "coordinates": [[83.3083094, 17.723503], [83.3083569, 17.723498], [83.30846, 17.7234871], [83.3086149, 17.7235084], [83.3090811, 17.7236274]]}}, {"type": "Feature", "properties": {"osm_id": 630894965, "highway": "primary", "layer": "-1", "name": "Underpass", "oneway": "yes", "tunnel": "yes"}, "geometry": {"type": "LineString", "coordinates": [[83.307831, 17.7225496], [83.3078848, 17.7227338], [83.3081663, 17.7234708]]}}, {"type": "Feature", "properties": {"osm_id": 630894966, "highway": "primary", "oneway": "yes"}, "geometry": {"type": "LineString", "coordinates": [[83.30814, 17.723561], [83.3081809, 17.7236695], [83.3082654, 17.723865], [83.3084169, 17.7242367], [83.3084442, 17.7243218], [83.3084715, 17.7244068], [83.3084827, 17.7244418], [83.3085363, 17.7246532]]}}, {"type": "Feature", "properties": {"osm_id": 631885008, "highway": "tertiary", "oneway": "yes"}, "geometry": {"type": "LineString", "coordinates": [[83.2160886, 17.6906048], [83.2163689, 17.6905754], [83.2165001, 17.6905617]]}}, {"type": "Feature", "properties": {"osm_id": 631885009, "highway": "tertiary", "oneway": "yes"}, "geometry": {"type": "LineString", "coordinates": [[83.216619, 17.6904492], [83.2166695, 17.690251], [83.216654, 17.6901877]]}}, {"type": "Feature", "properties": {"osm_id": 631885010, "highway": "tertiary", "oneway": "yes"}, "geometry": {"type": "LineString", "coordinates": [[83.2165863, 17.6908295], [83.2166188, 17.6907562], [83.2166171, 17.6905569]]}}, {"type": "Feature", "properties": {"osm_id": 631885011, "highway": "tertiary"}, "geometry": {"type": "LineString", "coordinates": [[83.2165863, 17.6908295], [83.2166505, 17.6915938], [83.2167189, 17.6922738]]}}, {"type": "Feature", "properties": {"osm_id": 631885013, "highway": "tertiary", "oneway": "yes"}, "geometry": {"type": "LineString", "coordinates": [[83.216654, 17.6901877], [83.2166136, 17.6902251], [83.2165592, 17.6904221]]}}, {"type": "Feature", "properties": {"osm_id": 631885014, "highway": "tertiary"}, "geometry": {"type": "LineString", "coordinates": [[83.216654, 17.6901877], [83.2166999, 17.6901066], [83.2175624, 17.6885835], [83.2183329, 17.6873685]]}}, {"type": "Feature", "properties": {"osm_id": 631885015, "highway": "tertiary", "junction": "roundabout"}, "geometry": {"type": "LineString", "coordinates": [[83.216473, 17.6904904], [83.2164735, 17.6905166], [83.2164829, 17.6905413], [83.2165001, 17.6905617], [83.2165218, 17.690575], [83.2165467, 17.6905815], [83.2165725, 17.6905804], [83.2165967, 17.690572], [83.2166171, 17.6905569], [83.2166317, 17.6905366], [83.2166392, 17.6905129], [83.216639, 17.6904901], [83.2166321, 17.6904683], [83.216619, 17.6904492], [83.2166007, 17.6904344], [83.2165788, 17.6904251], [83.2165592, 17.6904221], [83.2165393, 17.6904237], [83.2165204, 17.6904296], [83.2164978, 17.6904445], [83.2164814, 17.6904655], [83.216473, 17.6904904]]}}, {"type": "Feature", "properties": {"osm_id": 631885065, "highway": "tertiary"}, "geometry": {"type": "LineString", "coordinates": [[83.2156389, 17.6770886], [83.2158807, 17.6770123], [83.2167926, 17.6767184], [83.2170858, 17.6766206], [83.2176053, 17.6764526], [83.2184482, 17.6761569]]}}, {"type": "Feature", "properties": {"osm_id": 633166569, "highway": "secondary", "oneway": "yes"}, "geometry": {"type": "LineString", "coordinates": [[83.3030894, 17.7124941], [83.3032225, 17.7125086], [83.303286, 17.7125155], [83.3033609, 17.7125234], [83.3034282, 17.7125386], [83.303483, 17.7125567], [83.303595, 17.712611], [83.3037358, 17.7126886], [83.3038435, 17.7127576], [83.3039131, 17.7128021], [83.3040467, 17.7128933], [83.3041944, 17.712995], [83.3043265, 17.7130907], [83.3044419, 17.7131826], [83.304524, 17.7132502], [83.3046155, 17.7133415], [83.3048446, 17.7135781], [83.3050264, 17.7137671], [83.3051889, 17.7139249], [83.3052546, 17.713991], [83.3055125, 17.7142506], [83.3055975, 17.7143432], [83.3057031, 17.7144548], [83.3057623, 17.7145127], [83.305927, 17.7146641]]}}, {"type": "Feature", "properties": {"osm_id": 633210444, "highway": "tertiary", "oneway": "yes"}, "geometry": {"type": "LineString", "coordinates": [[83.3054447, 17.7019343], [83.3053809, 17.7019954], [83.3053609, 17.7020626], [83.3054169, 17.7021982]]}}, {"type": "Feature", "properties": {"osm_id": 633210446, "highway": "tertiary", "oneway": "yes"}, "geometry": {"type": "LineString", "coordinates": [[83.3054169, 17.7021982], [83.305477, 17.7020956], [83.3055381, 17.7019388]]}}, {"type": "Feature", "properties": {"osm_id": 633210447, "highway": "primary", "name": "Beach Road", "oneway": "yes"}, "geometry": {"type": "LineString", "coordinates": [[83.3054667, 17.7018345], [83.3052797, 17.701769], [83.3049604, 17.7016573], [83.3046479, 17.7015121], [83.3045173, 17.7014041], [83.303783, 17.7007972], [83.3036091, 17.7006535], [83.3029892, 17.700237], [83.3023358, 17.6997981], [83.3022574, 17.6997454], [83.3005784, 17.6984705], [83.3000059, 17.6980359], [83.2997398, 17.6978805], [83.2995249, 17.6977777]]}}, {"type": "Feature", "properties": {"osm_id": 633210449, "highway": "primary", "lanes": "2", "name": "Beach Road", "oneway": "yes", "sidewalk:left": "yes", "sidewalk:left:surface": "paving_stones", "surface": "asphalt"}, "geometry": {"type": "LineString", "coordinates": [[83.3055381, 17.7019388], [83.3057046, 17.7019783], [83.305779, 17.701996], [83.3059295, 17.7020711], [83.3067759, 17.7026114], [83.3068426, 17.7026541], [83.3077372, 17.7032252], [83.308171, 17.7036352], [83.3088493, 17.7044567], [83.3089123, 17.7045212], [83.3097058, 17.7053342], [83.3097531, 17.7053826]]}}, {"type": "Feature", "properties": {"osm_id": 633210451, "highway": "primary", "junction": "roundabout", "oneway": "yes"}, "geometry": {"type": "LineString", "coordinates": [[83.3055074, 17.7018304], [83.3054867, 17.7018294], [83.3054667, 17.7018345], [83.3054494, 17.7018453], [83.3054364, 17.7018607], [83.305429, 17.7018791], [83.305428, 17.7018988], [83.3054334, 17.7019178], [83.3054447, 17.7019343], [83.3054608, 17.7019467], [83.3054801, 17.7019537], [83.3055008, 17.7019547], [83.3055208, 17.7019496], [83.3055381, 17.7019388], [83.3055511, 17.7019235], [83.3055585, 17.701905], [83.3055595, 17.7018853], [83.3055541, 17.7018663], [83.3055428, 17.7018498], [83.3055267, 17.7018374], [83.3055074, 17.7018304]]}}, {"type": "Feature", "properties": {"osm_id": 633210456, "highway": "tertiary", "junction": "roundabout", "oneway": "yes"}, "geometry": {"type": "LineString", "coordinates": [[83.3031496, 17.703524], [83.3031508, 17.7035405], [83.3031579, 17.7035555], [83.3031699, 17.7035674], [83.3031855, 17.7035746], [83.3032027, 17.7035764], [83.3032195, 17.7035724], [83.3032339, 17.7035632], [83.3032441, 17.7035498], [83.3032488, 17.7035339], [83.3032476, 17.7035175], [83.3032406, 17.7035024], [83.3032286, 17.7034905], [83.303213, 17.7034833], [83.3031958, 17.7034816], [83.303179, 17.7034856], [83.3031646, 17.7034948], [83.3031544, 17.7035081], [83.3031496, 17.703524]]}}, {"type": "Feature", "properties": {"osm_id": 633210457, "highway": "tertiary", "oneway": "yes"}, "geometry": {"type": "LineString", "coordinates": [[83.3031496, 17.703524], [83.3029379, 17.7035515], [83.3028769, 17.7035919]]}}, {"type": "Feature", "properties": {"osm_id": 634118421, "highway": "tertiary", "oneway": "yes"}, "geometry": {"type": "LineString", "coordinates": [[83.2076478, 17.6683218], [83.2075905, 17.6683512], [83.2071211, 17.6686239], [83.2068386, 17.6687963], [83.2067172, 17.6688667], [83.2065974, 17.6689327], [83.2063425, 17.66908], [83.2060747, 17.6692431], [83.2057661, 17.6694234], [83.2055078, 17.669575], [83.2052551, 17.6697269], [83.20501, 17.6698624], [83.20472, 17.6700387], [83.2045151, 17.6701488], [83.2042489, 17.6703066], [83.2038827, 17.6705218], [83.2036117, 17.6706811], [83.2028634, 17.6711264], [83.2028256, 17.6711489], [83.202766, 17.6712543]]}}, {"type": "Feature", "properties": {"osm_id": 634118436, "highway": "tertiary", "name": "BC Road", "oneway": "yes"}, "geometry": {"type": "LineString", "coordinates": [[83.2160091, 17.6855449], [83.2159942, 17.6854518], [83.2160242, 17.6852487], [83.2160406, 17.6851542], [83.2160866, 17.6848831], [83.2161176, 17.6845595], [83.2161468, 17.6842619], [83.2161758, 17.6839669], [83.2161676, 17.6836846], [83.216159, 17.6833845], [83.2161512, 17.6831164], [83.2160624, 17.6825936], [83.2160368, 17.6824567], [83.2160198, 17.6823659], [83.2159475, 17.6819796], [83.2159317, 17.681895], [83.215855, 17.6815921], [83.2157706, 17.6812588], [83.2157215, 17.681103], [83.2154577, 17.6805224], [83.2154442, 17.6804976], [83.2151601, 17.6800355]]}}, {"type": "Feature", "properties": {"osm_id": 634118454, "embankment": "yes", "highway": "tertiary", "oneway": "yes"}, "geometry": {"type": "LineString", "coordinates": [[83.2003371, 17.6590749], [83.1996818, 17.6587394], [83.1992765, 17.6584588], [83.198906, 17.6581421], [83.1985536, 17.6577845], [83.1982351, 17.657406]]}}, {"type": "Feature", "properties": {"osm_id": 634118457, "bridge": "yes", "highway": "tertiary", "layer": "1"}, "geometry": {"type": "LineString", "coordinates": [[83.197782, 17.6568861], [83.1973842, 17.6562651]]}}, {"type": "Feature", "properties": {"osm_id": 634118459, "highway": "tertiary", "oneway": "yes"}, "geometry": {"type": "LineString", "coordinates": [[83.2076478, 17.6683218], [83.2070756, 17.6676125], [83.2070339, 17.6675432], [83.2064512, 17.6666789], [83.2064334, 17.6666553], [83.2064018, 17.6666019], [83.2063298, 17.6664866], [83.2061912, 17.666264], [83.2060859, 17.6661043], [83.206011, 17.6659753], [83.2058017, 17.6656388], [83.2055073, 17.66517], [83.205308, 17.6648527], [83.205193, 17.6646238], [83.2049426, 17.6642055], [83.2048005, 17.6639682], [83.2046424, 17.6637177], [83.2043702, 17.6632864], [83.2041906, 17.6630652], [83.204164, 17.6630135], [83.2041461, 17.662983], [83.2041208, 17.6629523]]}}, {"type": "Feature", "properties": {"osm_id": 634118465, "highway": "tertiary", "name": "BC Road", "oneway": "yes"}, "geometry": {"type": "LineString", "coordinates": [[83.2039853, 17.6630367], [83.2040268, 17.6631129], [83.2040486, 17.6631409], [83.2040945, 17.6631907], [83.2043332, 17.6634301], [83.2044133, 17.6635297], [83.2047361, 17.6640002], [83.2051342, 17.6646528], [83.2052568, 17.6648852], [83.2057291, 17.6656373], [83.2057504, 17.6656713], [83.2059463, 17.666001], [83.2059598, 17.6660237], [83.2060501, 17.6661536], [83.2061398, 17.6662964], [83.2062785, 17.6665189], [83.2063481, 17.6666307], [83.2063806, 17.6666993], [83.2063986, 17.6667092], [83.2067033, 17.6671808], [83.2069546, 17.6675496], [83.2070224, 17.667652], [83.2072399, 17.6679383], [83.2075905, 17.6683512], [83.2076341, 17.6684049], [83.2076536, 17.6684266], [83.2078747, 17.6687115], [83.2079473, 17.6687957], [83.2081588, 17.6690412], [83.2083643, 17.6692836], [83.2085747, 17.6695316], [83.2088039, 17.6697952], [83.2092697, 17.6703307], [83.2093022, 17.6703685], [83.2094566, 17.6705478], [83.2095167, 17.6706249], [83.2097733, 17.6709542], [83.2100915, 17.6713228], [83.2101528, 17.6713938], [83.2104618, 17.6717885], [83.2105829, 17.6719376], [83.2107579, 17.6721847], [83.2108369, 17.6722963], [83.2110305, 17.6725942], [83.2110549, 17.6726318], [83.211109, 17.672715], [83.2112862, 17.673035], [83.2113898, 17.673203], [83.211447, 17.6733169], [83.2116525, 17.6737187], [83.2118601, 17.6742791], [83.2120555, 17.6748648], [83.2120852, 17.6749537], [83.2121658, 17.6752237], [83.2123041, 17.6756874], [83.2124277, 17.6760656], [83.2124796, 17.6762034], [83.2126057, 17.6765203], [83.2126529, 17.6766488], [83.2128289, 17.6769356], [83.2130929, 17.6773659], [83.213277, 17.677666], [83.2135357, 17.6780063], [83.2140924, 17.6787442], [83.2146237, 17.6794207], [83.2148673, 17.6797171], [83.2149704, 17.6798531]]}}, {"type": "Feature", "properties": {"osm_id": 634118467, "highway": "tertiary", "oneway": "yes"}, "geometry": {"type": "LineString", "coordinates": [[83.2040486, 17.6631409], [83.2040931, 17.6631391], [83.2041268, 17.663124], [83.2041521, 17.6631086], [83.2041758, 17.6630865], [83.2041906, 17.6630652]]}}, {"type": "Feature", "properties": {"osm_id": 634469529, "alt_name": "Kanithi Road", "highway": "primary", "name": "Yelamanchili - Gajuwaka Road", "ref": "SH157"}, "geometry": {"type": "LineString", "coordinates": [[83.2064279, 17.682289], [83.2064518, 17.682299], [83.2068568, 17.6824695], [83.2069571, 17.6825159], [83.2077759, 17.6828372], [83.2078312, 17.6828589], [83.2083409, 17.683026], [83.2091654, 17.6833313], [83.2094189, 17.6834268], [83.2096921, 17.6835227], [83.2097539, 17.6835432], [83.2101762, 17.6836601], [83.2104363, 17.6837321], [83.210737, 17.6838153], [83.2112017, 17.6840002], [83.2114448, 17.6840969], [83.2119458, 17.6842603], [83.2121463, 17.6843155], [83.212349, 17.6844035], [83.2141106, 17.6849969], [83.2146638, 17.6851453], [83.2158925, 17.685512], [83.2160091, 17.6855449]]}}, {"type": "Feature", "properties": {"osm_id": 634469530, "alt_name": "Kanithi Road", "bridge": "yes", "highway": "primary", "layer": "1", "name": "Yelamanchili - Gajuwaka Road", "ref": "SH157"}, "geometry": {"type": "LineString", "coordinates": [[83.2062897, 17.6822436], [83.2064279, 17.682289]]}}, {"type": "Feature", "properties": {"osm_id": 634469594, "highway": "tertiary"}, "geometry": {"type": "LineString", "coordinates": [[83.1942025, 17.6745241], [83.1941862, 17.6744589], [83.1941183, 17.6741885], [83.1941069, 17.6741269]]}}, {"type": "Feature", "properties": {"osm_id": 634470548, "highway": "primary", "junction": "roundabout", "oneway": "yes", "ref": "SH144"}, "geometry": {"type": "LineString", "coordinates": [[83.3436931, 17.7418844], [83.3437157, 17.7418885], [83.3437385, 17.7418854], [83.3437591, 17.7418754], [83.3437752, 17.7418597], [83.3437845, 17.741842], [83.3437877, 17.7418181]]}}, {"type": "Feature", "properties": {"osm_id": 634470549, "dual_carriageway": "yes", "highway": "primary", "lanes": "2", "name": "Beach Road", "official_name": "Paramahansa Yogananda Marg", "official_name:etymology:wikidata": "Q312549", "oneway": "yes", "sidewalk": "separate", "surface": "asphalt"}, "geometry": {"type": "LineString", "coordinates": [[83.3414336, 17.7364449], [83.3413652, 17.736289], [83.3413129, 17.7361626], [83.3412405, 17.7359442], [83.3411935, 17.7357359], [83.3411627, 17.7355827], [83.3411321, 17.7354007], [83.3411172, 17.7353017], [83.3410835, 17.7350041], [83.341058, 17.7347626], [83.3410434, 17.7346114], [83.3410406, 17.7345825], [83.3410192, 17.7344471], [83.3410044, 17.7343066], [83.3409803, 17.7341239], [83.3408864, 17.7334711], [83.340874, 17.7333118], [83.3408703, 17.7332643], [83.3408017, 17.7327464], [83.3407884, 17.7326458], [83.3406977, 17.732149], [83.3405681, 17.731439], [83.340474, 17.731094], [83.3402306, 17.7303965], [83.3402335, 17.730297]]}}, {"type": "Feature", "properties": {"osm_id": 634470550, "dual_carriageway": "yes", "highway": "primary", "lanes": "2", "name": "Beach Road", "official_name": "Paramahansa Yogananda Marg", "official_name:etymology:wikidata": "Q312549", "oneway": "yes", "sidewalk": "separate", "surface": "asphalt"}, "geometry": {"type": "LineString", "coordinates": [[83.340762, 17.7332853], [83.3409617, 17.7348194], [83.340991, 17.7350129], [83.3410321, 17.7353446], [83.3410417, 17.7354114], [83.3410634, 17.7355878], [83.3411521, 17.7359807], [83.3412278, 17.7361984], [83.3413813, 17.7364883]]}}, {"type": "Feature", "properties": {"osm_id": 634470551, "highway": "primary", "junction": "roundabout", "oneway": "yes", "ref": "SH144", "surface": "asphalt"}, "geometry": {"type": "LineString", "coordinates": [[83.3487898, 17.7501318], [83.3487551, 17.7501502], [83.3487303, 17.7501798]]}}, {"type": "Feature", "properties": {"osm_id": 634470552, "highway": "primary", "lanes": "2", "oneway": "yes", "ref": "SH144", "surface": "asphalt"}, "geometry": {"type": "LineString", "coordinates": [[83.3488013, 17.7503173], [83.3489123, 17.7504786], [83.3490309, 17.7506537], [83.3492738, 17.7510189], [83.349414, 17.7512542], [83.3495151, 17.7514174], [83.3495574, 17.7514799], [83.3495773, 17.7515093], [83.3497037, 17.7516988], [83.3497463, 17.7517644], [83.3498469, 17.7519194], [83.3499951, 17.7521645], [83.3500487, 17.7522663], [83.3501066, 17.752382], [83.350489, 17.7531378], [83.3507782, 17.7537264], [83.350836, 17.7538442]]}}, {"type": "Feature", "properties": {"osm_id": 634470553, "highway": "tertiary", "name": "Kailasgiri Road", "oneway": "yes"}, "geometry": {"type": "LineString", "coordinates": [[83.3485696, 17.7504225], [83.3487689, 17.7503078]]}}, {"type": "Feature", "properties": {"osm_id": 634470554, "highway": "tertiary", "name": "Kailasgiri Road", "oneway": "yes"}, "geometry": {"type": "LineString", "coordinates": [[83.3487303, 17.7501798], [83.3485696, 17.7504225]]}}, {"type": "Feature", "properties": {"osm_id": 634470566, "highway": "primary", "junction": "roundabout", "lanes": "2", "name": "Pedda Waltair Depot Junction", "oneway": "yes", "surface": "asphalt"}, "geometry": {"type": "LineString", "coordinates": [[83.3401272, 17.7301841], [83.3401062, 17.7301985], [83.340091, 17.7302183], [83.3400829, 17.7302417], [83.3400828, 17.7302663], [83.3400979, 17.730301], [83.3401282, 17.730325], [83.3401395, 17.7303293]]}}, {"type": "Feature", "properties": {"osm_id": 634473473, "highway": "tertiary", "oneway": "yes"}, "geometry": {"type": "LineString", "coordinates": [[83.1937049, 17.683364], [83.193699, 17.6834868]]}}, {"type": "Feature", "properties": {"osm_id": 634473474, "highway": "tertiary", "oneway": "yes"}, "geometry": {"type": "LineString", "coordinates": [[83.193824, 17.683479], [83.1938068, 17.6833591]]}}, {"type": "Feature", "properties": {"osm_id": 634473480, "highway": "tertiary", "name": "100 FT Road", "oneway": "yes"}, "geometry": {"type": "LineString", "coordinates": [[83.1944207, 17.6778518], [83.1941157, 17.6790787], [83.1939348, 17.6797338], [83.1938826, 17.6801399], [83.1938475, 17.6804124], [83.1938243, 17.680593], [83.193776, 17.6810396], [83.1937264, 17.6815161], [83.1936746, 17.6819076], [83.1936495, 17.6822246], [83.1936406, 17.6824904], [83.1936368, 17.6826709], [83.193671, 17.6830669], [83.1937049, 17.683364]]}}, {"type": "Feature", "properties": {"osm_id": 634490510, "highway": "tertiary"}, "geometry": {"type": "LineString", "coordinates": [[83.1992834, 17.6738813], [83.1991518, 17.6738996], [83.1989569, 17.6738902], [83.1982782, 17.673921], [83.198202, 17.6739252], [83.1976045, 17.6739585], [83.1952567, 17.6741241], [83.1941183, 17.6741885]]}}, {"type": "Feature", "properties": {"osm_id": 634499256, "alt_name": "Kanithi Road", "highway": "primary", "name": "Yelamanchili - Gajuwaka Road", "network": "IN:SH:AP", "oneway": "yes", "ref": "SH157"}, "geometry": {"type": "LineString", "coordinates": [[83.1920545, 17.6764688], [83.1923604, 17.6767376], [83.1926609, 17.6769461], [83.1927742, 17.6770026], [83.1944049, 17.6778181]]}}, {"type": "Feature", "properties": {"osm_id": 634499257, "alt_name": "Kanithi Road", "bridge": "yes", "highway": "primary", "layer": "1", "name": "Yelamanchili - Gajuwaka Road", "network": "IN:SH:AP", "oneway": "yes", "ref": "SH157"}, "geometry": {"type": "LineString", "coordinates": [[83.1918913, 17.676301], [83.1920545, 17.6764688]]}}, {"type": "Feature", "properties": {"osm_id": 634499258, "alt_name": "Kanithi Road", "bridge": "yes", "highway": "primary", "layer": "1", "name": "Yelamanchili - Gajuwaka Road", "network": "IN:SH:AP", "oneway": "yes", "ref": "SH157"}, "geometry": {"type": "LineString", "coordinates": [[83.1920544, 17.6763643], [83.1919473, 17.6762392]]}}, {"type": "Feature", "properties": {"osm_id": 634499259, "alt_name": "Kanithi Road", "highway": "primary", "name": "Yelamanchili - Gajuwaka Road", "network": "IN:SH:AP", "oneway": "yes", "ref": "SH157"}, "geometry": {"type": "LineString", "coordinates": [[83.194434, 17.677758], [83.1928241, 17.6769503], [83.192756, 17.6769107], [83.192402, 17.6766724], [83.1921108, 17.6764143], [83.1920544, 17.6763643]]}}, {"type": "Feature", "properties": {"osm_id": 634499264, "alt_name": "Kanithi Road", "highway": "primary", "name": "Yelamanchili - Gajuwaka Road", "network": "IN:SH:AP", "oneway": "yes", "ref": "SH157"}, "geometry": {"type": "LineString", "coordinates": [[83.1889849, 17.6722545], [83.1891668, 17.6724324], [83.1893003, 17.672559], [83.1893611, 17.6726252], [83.1894375, 17.6727085], [83.189554, 17.6728848], [83.1896642, 17.6730612], [83.1898205, 17.6733114], [83.190066, 17.6736846], [83.1903058, 17.6740635], [83.1906467, 17.6746222], [83.1907524, 17.6747942], [83.1908914, 17.6749877], [83.1909803, 17.6751163], [83.1910847, 17.6752639], [83.1913809, 17.6756818], [83.1916494, 17.6760382], [83.19173, 17.6761257], [83.1918913, 17.676301]]}}, {"type": "Feature", "properties": {"osm_id": 634499265, "alt_name": "Kanithi Road", "highway": "primary", "name": "Yelamanchili - Gajuwaka Road", "network": "IN:SH:AP", "oneway": "yes", "ref": "SH157"}, "geometry": {"type": "LineString", "coordinates": [[83.1919473, 17.6762392], [83.1918006, 17.6760798], [83.1917322, 17.6760054], [83.1912162, 17.6753047], [83.1909791, 17.6749441], [83.1908559, 17.6747511], [83.1907629, 17.6746085], [83.1902197, 17.6737758], [83.1901381, 17.6736403], [83.1900683, 17.6735313], [83.1899062, 17.6732782], [83.1897031, 17.672966], [83.1895947, 17.6728119], [83.1894998, 17.6726768], [83.1893913, 17.6725225], [83.1893539, 17.6724824], [83.1891735, 17.6723061], [83.1890908, 17.6722264]]}}, {"type": "Feature", "properties": {"osm_id": 634510047, "highway": "secondary", "oneway": "yes"}, "geometry": {"type": "LineString", "coordinates": [[83.2035379, 17.6853735], [83.2036232, 17.6853349], [83.2037155, 17.6853368], [83.2038134, 17.6853451], [83.2039204, 17.6853614], [83.2040558, 17.6853947], [83.204133, 17.6854317]]}}, {"type": "Feature", "properties": {"osm_id": 634510048, "dual_carriageway": "yes", "highway": "primary", "lanes": "2", "name": "Anakapalli - Visakhapatnam - Anandapuram Main Road", "oneway": "yes", "ref:old": "NH5", "source": "Bing", "surface": "asphalt"}, "geometry": {"type": "LineString", "coordinates": [[83.2038071, 17.6856095], [83.2036838, 17.6854307], [83.2036232, 17.6853349]]}}, {"type": "Feature", "properties": {"osm_id": 634510049, "dual_carriageway": "yes", "highway": "primary", "lanes": "2", "name": "Anakapalli - Visakhapatnam - Anandapuram Main Road", "oneway": "yes", "ref:old": "NH5", "source": "Bing", "surface": "asphalt"}, "geometry": {"type": "LineString", "coordinates": [[83.2056616, 17.6894244], [83.2055255, 17.689086], [83.2054155, 17.6888437], [83.2052017, 17.688373], [83.2049731, 17.6879302], [83.2046619, 17.6872761], [83.2044966, 17.6868968], [83.2044811, 17.6868613], [83.2040795, 17.6860785], [83.2039721, 17.6858768], [83.2038071, 17.6856095]]}}, {"type": "Feature", "properties": {"osm_id": 634534745, "highway": "tertiary"}, "geometry": {"type": "LineString", "coordinates": [[83.2588176, 17.6873856], [83.2588126, 17.6872807], [83.2587716, 17.687084], [83.258746, 17.686936], [83.2587182, 17.6867692], [83.25867, 17.6865034], [83.2586592, 17.686345], [83.2586346, 17.6861338], [83.2586271, 17.686069], [83.2585788, 17.6858083], [83.2585198, 17.6855426], [83.2584934, 17.6853483], [83.2584554, 17.6851235], [83.2584186, 17.6848282], [83.2584125, 17.6847861], [83.2583749, 17.6845255], [83.2583481, 17.6842853], [83.2583052, 17.6840655], [83.2582623, 17.6838048], [83.258239, 17.6836713], [83.2581933, 17.6834036], [83.25818, 17.6832841], [83.2581711, 17.6830893], [83.2581764, 17.6830024], [83.2583065, 17.6829896], [83.2584203, 17.6829914], [83.2584755, 17.6829922], [83.2585224, 17.6829918], [83.2586244, 17.6829788], [83.2586888, 17.6829615], [83.2587424, 17.6829436], [83.2589167, 17.6828593], [83.25895, 17.6828417], [83.259028, 17.6828005], [83.2591031, 17.6827648], [83.2591997, 17.6827188], [83.2593848, 17.6826319], [83.2594559, 17.6826102], [83.2594988, 17.6826013], [83.2595634, 17.682597], [83.2596463, 17.6826076], [83.2597214, 17.6826242], [83.2598595, 17.6826561], [83.2600352, 17.6826932], [83.26016, 17.6827162], [83.2603343, 17.6827481], [83.2605422, 17.6827903], [83.2606469, 17.6828072], [83.2607111, 17.6828184], [83.260856, 17.6828389], [83.2610102, 17.6828529], [83.2611932, 17.6828762], [83.2613347, 17.6828913], [83.2615024, 17.6829053], [83.2616217, 17.6829232], [83.2617008, 17.6829372], [83.2618256, 17.6829538], [83.26202, 17.6829897], [83.2621609, 17.6830139], [83.2622607, 17.6830291], [83.2623861, 17.683051], [83.2624465, 17.6830636], [83.26259, 17.6830842], [83.262675, 17.6831004], [83.2627669, 17.6831126], [83.2629266, 17.6831497], [83.2631872, 17.683198], [83.2632744, 17.683198], [83.2633372, 17.6831911], [83.2633804, 17.6831736], [83.2634163, 17.683141], [83.2634386, 17.6830975], [83.2634523, 17.6830353], [83.2634531, 17.682958], [83.263438, 17.6828968], [83.2633934, 17.6828455], [83.2632293, 17.6827101], [83.2631626, 17.6826566], [83.2631402, 17.6826139], [83.2631292, 17.6825564], [83.2631378, 17.6825038], [83.2631721, 17.6824657], [83.2632351, 17.6824524], [83.2632909, 17.6824556], [83.2636126, 17.6825025], [83.2636766, 17.6825133], [83.2637199, 17.6825284], [83.2637636, 17.6825517], [83.2637916, 17.682571], [83.2638174, 17.6825957], [83.2638614, 17.6826549], [83.263945, 17.6828116], [83.263999, 17.6828882], [83.2640903, 17.6829619], [83.2641538, 17.6830034], [83.2642385, 17.6830302], [83.2643324, 17.683046], [83.2647023, 17.6830612], [83.2649463, 17.6830816], [83.2651126, 17.6831034], [83.2653826, 17.6831545], [83.2655615, 17.6831676], [83.2656554, 17.6831481], [83.2658092, 17.6830731], [83.265933, 17.6830276], [83.26603, 17.6830229], [83.2660822, 17.6830254], [83.2661614, 17.6830612], [83.2663009, 17.6831519], [83.266498, 17.6832286], [83.2666612, 17.6832844], [83.266844, 17.6833551], [83.2670492, 17.6834513], [83.267245, 17.6835723], [83.2674528, 17.6837503], [83.2675257, 17.683815], [83.267641, 17.6838807], [83.2677439, 17.6839249], [83.2678601, 17.6839676], [83.2680604, 17.6840272], [83.2681748, 17.6840399], [83.2683188, 17.6840494], [83.2684144, 17.6840562], [83.268553, 17.6840579], [83.268781, 17.684057], [83.268933, 17.6840545], [83.2691324, 17.6840528], [83.2692433, 17.684063], [83.2693666, 17.6840783], [83.2695436, 17.684097], [83.2698003, 17.6841107], [83.2698646, 17.6841098], [83.2699004, 17.6840902], [83.2699057, 17.6840578], [83.2698789, 17.6840246], [83.2698458, 17.6840033], [83.2697895, 17.6839916], [83.2694598, 17.6839391], [83.2693276, 17.6839231], [83.2691801, 17.683911], [83.2689455, 17.6838892], [83.2688275, 17.6838841], [83.2687357, 17.6838675], [83.2686317, 17.6838355], [83.2684627, 17.6837767], [83.2681381, 17.6836998], [83.268063, 17.6836698], [83.2680106, 17.683636], [83.2678569, 17.6835081], [83.2676766, 17.6833866], [83.2676465, 17.6833433], [83.2676357, 17.6832997], [83.2676587, 17.6832561], [83.2677091, 17.6832436], [83.2677607, 17.6832562], [83.2679398, 17.6834158], [83.2680196, 17.6834655], [83.2681572, 17.683528], [83.2683261, 17.6835817], [83.2684654, 17.6836157], [83.2686695, 17.6836466], [83.2688507, 17.6836639], [83.2690662, 17.6836668], [83.2692325, 17.6836771], [83.2694285, 17.6836859], [83.2696848, 17.683718], [83.2697664, 17.6837208], [83.2700319, 17.6837103], [83.2701371, 17.6837032], [83.2701801, 17.6836854], [83.2701927, 17.6836464], [83.2701865, 17.6836039], [83.2701552, 17.68358], [83.270082, 17.6835637], [83.2697707, 17.6835704], [83.2696512, 17.6835603], [83.2694398, 17.6835153], [83.2692077, 17.6834572], [83.2690024, 17.6834121], [83.2685985, 17.6833025], [83.2685061, 17.6832658], [83.2684591, 17.6832257], [83.268446, 17.6831919], [83.268464, 17.6831493], [83.2685023, 17.6831286], [83.2685553, 17.6831341], [83.2686364, 17.6831605], [83.2689436, 17.6832381], [83.2692426, 17.6832777], [83.2695202, 17.6832841], [83.2696251, 17.6832935], [83.2696745, 17.683273], [83.2696866, 17.6832181], [83.2696504, 17.6831684], [83.2695592, 17.6831473], [83.2693655, 17.6831499], [83.2692575, 17.6831435], [83.2691789, 17.68312], [83.2690501, 17.6830689], [83.2688838, 17.682982], [83.2685639, 17.6828082], [83.2685155, 17.6827759], [83.2684922, 17.6827299], [83.268494, 17.6826923], [83.2685154, 17.6826617], [83.2685709, 17.6826396], [83.2686407, 17.6826379], [83.2687586, 17.6826651], [83.2689631, 17.6827124], [83.2690769, 17.6827333], [83.2691681, 17.6827367], [83.269279, 17.6827265], [83.2694571, 17.6826919], [83.2695275, 17.6826702], [83.2695883, 17.682631], [83.2696152, 17.6826004], [83.2696259, 17.6825526], [83.2696241, 17.6825066], [83.2695989, 17.6824542], [83.2694087, 17.6821832], [83.2692992, 17.6820313], [83.2692461, 17.6819494], [83.2691942, 17.6818693], [83.2690801, 17.6816917], [83.2689007, 17.6814289], [83.268804, 17.681299], [83.2687663, 17.6812453], [83.2686659, 17.6810858], [83.2685082, 17.6808457], [83.2683957, 17.6806871], [83.2682401, 17.6804418], [83.2681328, 17.6802629], [83.2680041, 17.6801045], [83.267759, 17.6798637], [83.2675454, 17.6796828], [83.2673496, 17.6795372], [83.267194, 17.6793992], [83.2670921, 17.679302], [83.2670583, 17.6792363], [83.2670523, 17.6791834], [83.267038, 17.6788877], [83.2670191, 17.6787906], [83.2669762, 17.6786771], [83.2668927, 17.6785393], [83.2665537, 17.6781855], [83.2665137, 17.6781277], [83.2665154, 17.6780703], [83.2665436, 17.6780113], [83.2667678, 17.6776772], [83.2667912, 17.6776574], [83.2668464, 17.6776299]]}}, {"type": "Feature", "properties": {"osm_id": 634534754, "highway": "secondary", "oneway": "yes"}, "geometry": {"type": "LineString", "coordinates": [[83.25622, 17.6985588], [83.2562522, 17.6982204], [83.2563249, 17.6978546], [83.2564131, 17.6975753], [83.2564961, 17.6974097], [83.2566596, 17.6971453], [83.2568645, 17.6968833], [83.2571966, 17.696562], [83.2575832, 17.6963123], [83.2578816, 17.696164], [83.2584471, 17.6959984], [83.2591347, 17.6958526], [83.2597547, 17.6957142], [83.2604656, 17.6955486], [83.2614074, 17.6953335], [83.2619315, 17.6952149], [83.2619679, 17.6952065], [83.2621396, 17.6951669], [83.2624037, 17.6951061], [83.2629511, 17.6949924], [83.2633169, 17.6948985], [83.2637424, 17.6948071], [83.2641575, 17.6947329], [83.2644352, 17.6947223], [83.2644818, 17.6947205], [83.2647465, 17.6947453], [83.2651512, 17.694854], [83.2655663, 17.6949801], [83.2660826, 17.6951383], [83.2663265, 17.6952149], [83.2665366, 17.6953039], [83.2666741, 17.6953755], [83.2668998, 17.695514], [83.2670737, 17.6956474], [83.2672423, 17.6958155], [83.2674058, 17.696033], [83.2675251, 17.6962357], [83.2677482, 17.6966237], [83.267948, 17.6969747], [83.2681114, 17.697301], [83.2682619, 17.6976272], [83.2684523, 17.6978134], [83.2685856, 17.6978761], [83.2686832, 17.6979221], [83.2688504, 17.6979466], [83.2690282, 17.6979213], [83.2691435, 17.6978948], [83.2692836, 17.6978664], [83.2694538, 17.6978192], [83.2695562, 17.697786], [83.269625, 17.6977492], [83.2696788, 17.6977104], [83.2697249, 17.6976888]]}}, {"type": "Feature", "properties": {"osm_id": 634534757, "highway": "secondary", "name": "Scindia Road", "oneway": "yes", "source": "Bing"}, "geometry": {"type": "LineString", "coordinates": [[83.2695611, 17.6974888], [83.2695705, 17.6975885], [83.2695423, 17.6976486], [83.2694947, 17.6977067]]}}, {"type": "Feature", "properties": {"osm_id": 634534762, "highway": "secondary", "name": "Scindia Road", "oneway": "yes"}, "geometry": {"type": "LineString", "coordinates": [[83.2694947, 17.6977067], [83.2691405, 17.6978077], [83.2688546, 17.6978651], [83.2687686, 17.6978715]]}}, {"type": "Feature", "properties": {"osm_id": 634534765, "highway": "secondary"}, "geometry": {"type": "LineString", "coordinates": [[83.2695611, 17.6974888], [83.2697249, 17.6976888]]}}, {"type": "Feature", "properties": {"osm_id": 635154710, "bridge": "yes", "highway": "primary", "layer": "1", "name": "Beach Road", "oneway": "yes"}, "geometry": {"type": "LineString", "coordinates": [[83.3413813, 17.7364883], [83.341573, 17.7367182]]}}, {"type": "Feature", "properties": {"osm_id": 635154711, "dual_carriageway": "yes", "highway": "primary", "lanes": "2", "name": "Beach Road", "oneway": "yes", "surface": "asphalt"}, "geometry": {"type": "LineString", "coordinates": [[83.341573, 17.7367182], [83.3416978, 17.736883], [83.3417633, 17.7370168], [83.3418466, 17.737187], [83.3419271, 17.7373646], [83.3420015, 17.737592], [83.3425641, 17.7393125]]}}, {"type": "Feature", "properties": {"osm_id": 635154712, "bridge": "yes", "dual_carriageway": "yes", "highway": "primary", "layer": "1", "name": "Beach Road", "official_name": "Paramahansa Yogananda Marg", "official_name:etymology:wikidata": "Q312549", "oneway": "yes", "sidewalk": "separate"}, "geometry": {"type": "LineString", "coordinates": [[83.3416374, 17.7366684], [83.3414336, 17.7364449]]}}, {"type": "Feature", "properties": {"osm_id": 635154713, "dual_carriageway": "yes", "highway": "primary", "lanes": "2", "name": "Beach Road", "official_name": "Paramahansa Yogananda Marg", "official_name:etymology:wikidata": "Q312549", "oneway": "yes", "sidewalk": "separate", "surface": "asphalt"}, "geometry": {"type": "LineString", "coordinates": [[83.3426459, 17.7392908], [83.3425695, 17.7390915], [83.3423536, 17.7384069], [83.342214, 17.7379611], [83.3421593, 17.7377773], [83.3420917, 17.7375631], [83.3420169, 17.7373262], [83.341852, 17.7369699], [83.3417635, 17.7368255], [83.3416374, 17.7366684]]}}, {"type": "Feature", "properties": {"osm_id": 635177271, "highway": "tertiary", "oneway": "yes"}, "geometry": {"type": "LineString", "coordinates": [[83.3159201, 17.7214449], [83.3160383, 17.7213758], [83.3162189, 17.721272]]}}, {"type": "Feature", "properties": {"osm_id": 635177272, "highway": "tertiary", "oneway": "yes"}, "geometry": {"type": "LineString", "coordinates": [[83.3162189, 17.721272], [83.3159402, 17.7212266], [83.3157454, 17.7211957], [83.315518, 17.7211514]]}}, {"type": "Feature", "properties": {"osm_id": 635177275, "highway": "primary", "oneway": "yes"}, "geometry": {"type": "LineString", "coordinates": [[83.3179123, 17.7241609], [83.3179582, 17.7242368], [83.3179846, 17.7242746], [83.3180109, 17.7243099], [83.3180315, 17.7243351]]}}, {"type": "Feature", "properties": {"osm_id": 635177513, "highway": "secondary", "source": "Bing"}, "geometry": {"type": "LineString", "coordinates": [[83.304023, 17.7416742], [83.3040106, 17.7416083], [83.3038276, 17.7408517], [83.3035608, 17.739506], [83.3034991, 17.739278]]}}, {"type": "Feature", "properties": {"osm_id": 635189745, "highway": "primary", "name": "Beach Road", "oneway": "yes", "ref": "SH144"}, "geometry": {"type": "LineString", "coordinates": [[83.350836, 17.7538442], [83.3510962, 17.7542887], [83.3512699, 17.7545237], [83.3514663, 17.7547272], [83.3516742, 17.7548826], [83.35191, 17.7550408], [83.3522241, 17.7551534], [83.3525055, 17.7552313], [83.352902, 17.7555002], [83.353183, 17.7557313], [83.3534587, 17.7559576], [83.3535424, 17.7560385], [83.3535947, 17.7561215], [83.3536248, 17.7562429], [83.353607, 17.7565913], [83.3535564, 17.7568945], [83.353537, 17.7570424], [83.3535278, 17.7571946], [83.3535767, 17.7575337], [83.3535865, 17.757622]]}}, {"type": "Feature", "properties": {"osm_id": 635189746, "highway": "primary", "lanes": "2", "oneway": "yes", "ref": "SH144", "surface": "asphalt"}, "geometry": {"type": "LineString", "coordinates": [[83.3791836, 17.7774648], [83.3792, 17.7775578], [83.3792649, 17.7779257], [83.379398, 17.7787085], [83.3795008, 17.7792772], [83.3796617, 17.7797191], [83.3797858, 17.779919], [83.3799829, 17.7802403], [83.3802465, 17.7805671], [83.3805197, 17.7808673], [83.3805833, 17.7809423], [83.3807481, 17.7811366], [83.3810525, 17.7814035], [83.3812752, 17.7815862], [83.3815376, 17.7818139], [83.3817675, 17.7820399], [83.381896, 17.7821825], [83.3819967, 17.7823324], [83.3821557, 17.7826645], [83.3822233, 17.7828454], [83.3822296, 17.7828717], [83.3824137, 17.7833025], [83.3826287, 17.7837456], [83.382798, 17.7840692], [83.382985, 17.7843164], [83.3831585, 17.7845153], [83.3832311, 17.7845969], [83.3833368, 17.784723], [83.3834805, 17.78496], [83.3835375, 17.7850763], [83.3835953, 17.7852126], [83.3837785, 17.785894], [83.3838236, 17.7861032], [83.3838767, 17.7863185], [83.3841893, 17.7875856], [83.3844919, 17.7890796]]}}, {"type": "Feature", "properties": {"osm_id": 635191890, "bridge": "yes", "highway": "primary", "layer": "1", "oneway": "yes", "ref": "SH144"}, "geometry": {"type": "LineString", "coordinates": [[83.3846332, 17.7892737], [83.384605, 17.7890809]]}}, {"type": "Feature", "properties": {"osm_id": 635191891, "highway": "primary", "oneway": "yes", "ref": "SH144"}, "geometry": {"type": "LineString", "coordinates": [[83.3883736, 17.7915442], [83.3879967, 17.7913859], [83.3875846, 17.7912448], [83.3874857, 17.7912109], [83.386956, 17.7910079], [83.3863592, 17.7907704], [83.3860065, 17.790621], [83.385336, 17.7903502], [83.3850624, 17.7902034], [83.3849484, 17.7901331], [83.3848894, 17.7900833], [83.3848424, 17.7900055], [83.3848022, 17.7899122], [83.3846922, 17.7895572], [83.3846332, 17.7892737]]}}, {"type": "Feature", "properties": {"osm_id": 635195097, "highway": "primary", "oneway": "yes", "ref": "SH144"}, "geometry": {"type": "LineString", "coordinates": [[83.4124535, 17.8187189], [83.4123968, 17.8186279], [83.4121527, 17.8182104], [83.4120386, 17.8180236], [83.4118581, 17.8177004], [83.4117546, 17.8175152], [83.4116164, 17.8172821], [83.4114902, 17.8170928], [83.4113467, 17.8168922], [83.4112206, 17.8167319], [83.4110661, 17.8165529], [83.4108563, 17.8163237], [83.4104118, 17.8158429], [83.410037, 17.815432], [83.4099345, 17.8153255], [83.4096012, 17.8149648], [83.4093947, 17.8147375], [83.4092002, 17.8144866], [83.4089432, 17.814121], [83.4089072, 17.8140697], [83.4088346, 17.8139607], [83.4087939, 17.8139001], [83.4086906, 17.8137454], [83.408648, 17.8136828], [83.4084439, 17.8133828], [83.4080958, 17.8128644], [83.4078641, 17.8125242], [83.4075044, 17.8119962], [83.4073237, 17.8117293], [83.4070954, 17.8113922], [83.4069666, 17.8111927], [83.4068455, 17.8110052], [83.4068044, 17.8109415], [83.4065053, 17.8104921], [83.4064181, 17.8103721], [83.4061714, 17.810049], [83.4058817, 17.8096673], [83.4056792, 17.8094183], [83.4054726, 17.8092127], [83.4053414, 17.8091012], [83.4051736, 17.8089586], [83.4049657, 17.8087964], [83.4045111, 17.8084517], [83.4044772, 17.8084253], [83.4040515, 17.808094], [83.4039599, 17.8080227], [83.4033, 17.8075847], [83.4032448, 17.8075472], [83.4029241, 17.8073291], [83.4028025, 17.8072464], [83.4026925, 17.8071697], [83.4023975, 17.8069093], [83.402195, 17.8067062], [83.4016438, 17.8061342], [83.4013823, 17.8058444], [83.4009115, 17.8053374], [83.4006567, 17.8050425], [83.4001444, 17.8044985], [83.3996308, 17.8039214], [83.3989254, 17.8031348], [83.3985592, 17.8027262], [83.3983822, 17.802527], [83.3982709, 17.8024121], [83.3977935, 17.8018222], [83.3976111, 17.8015898], [83.3973294, 17.801268], [83.397202, 17.8011416], [83.3969137, 17.8008799], [83.3968131, 17.8007917], [83.3966991, 17.8006832], [83.3964752, 17.8004661], [83.3961426, 17.8001469], [83.3959293, 17.7999362], [83.3955753, 17.7995838], [83.3954653, 17.7994804], [83.3951072, 17.7991382], [83.3949128, 17.7989364], [83.3946137, 17.7986593], [83.394497, 17.7985354], [83.3941993, 17.7982418], [83.3940719, 17.7981115], [83.3938895, 17.797943], [83.3936656, 17.7977118], [83.3935878, 17.7976314], [83.3935086, 17.7975075], [83.3933826, 17.7973569], [83.3930875, 17.7969508], [83.3926262, 17.7962561], [83.3923379, 17.7958373], [83.3922118, 17.7956764], [83.3919758, 17.7953917], [83.3918403, 17.7952435], [83.3915146, 17.7949], [83.3913377, 17.7947096], [83.3912958, 17.7946651], [83.3908425, 17.794176], [83.390404, 17.7937176], [83.390062, 17.7933792], [83.3899306, 17.7932285], [83.3897884, 17.7930842], [83.38961, 17.7928288], [83.3892077, 17.7921827], [83.389079, 17.792009], [83.3889234, 17.7918583], [83.3887973, 17.7917664], [83.3885935, 17.7916464], [83.3883736, 17.7915442]]}}, {"type": "Feature", "properties": {"osm_id": 635229334, "dual_carriageway": "yes", "highway": "secondary", "lanes": "2", "name": "Sivajipalem Road", "oneway": "yes", "source": "Bing", "surface": "asphalt"}, "geometry": {"type": "LineString", "coordinates": [[83.3326544, 17.7330643], [83.3325775, 17.7330916], [83.3323894, 17.733278], [83.3318909, 17.7338007], [83.3318231, 17.7338613]]}}, {"type": "Feature", "properties": {"osm_id": 635229337, "dual_carriageway": "yes", "highway": "secondary", "lanes": "2", "name": "Sivajipalem Road", "oneway": "yes", "source": "Bing", "surface": "asphalt"}, "geometry": {"type": "LineString", "coordinates": [[83.331887, 17.7338816], [83.3319486, 17.7338365], [83.3322042, 17.7335771], [83.3324524, 17.7333252], [83.332615, 17.7331325], [83.3326544, 17.7330643]]}}, {"type": "Feature", "properties": {"osm_id": 635229340, "dual_carriageway": "yes", "highway": "secondary", "lanes": "2", "name": "Sivajipalem Road", "oneway": "yes", "source": "Bing", "surface": "asphalt"}, "geometry": {"type": "LineString", "coordinates": [[83.3278811, 17.7380602], [83.3279397, 17.7380123], [83.3281698, 17.7375646], [83.3283383, 17.7373831], [83.3285354, 17.7372223], [83.3289801, 17.7368631], [83.3291905, 17.7366971], [83.3293695, 17.7365559], [83.3296412, 17.7363018], [83.3298021, 17.736107], [83.3302739, 17.7354874], [83.3303279, 17.7354165], [83.3304145, 17.7353028], [83.3307392, 17.7349058], [83.3311581, 17.7345059], [83.3315185, 17.7341855], [83.3318494, 17.7339155], [83.331887, 17.7338816]]}}, {"type": "Feature", "properties": {"osm_id": 635229343, "highway": "secondary", "name": "Sivajipalem Road", "oneway": "no", "source": "Bing"}, "geometry": {"type": "LineString", "coordinates": [[83.3341782, 17.7316471], [83.3342201, 17.7317159], [83.3341775, 17.7318362], [83.3339839, 17.7321511], [83.3335124, 17.7326404], [83.3334322, 17.7326828], [83.333243, 17.7327953], [83.3330574, 17.7328807], [83.3327485, 17.733011], [83.3326544, 17.7330643]]}}, {"type": "Feature", "properties": {"osm_id": 635336704, "highway": "tertiary", "layer": "1", "oneway": "yes"}, "geometry": {"type": "LineString", "coordinates": [[83.1982351, 17.657406], [83.1979197, 17.6570174], [83.1978482, 17.6569815]]}}, {"type": "Feature", "properties": {"osm_id": 635336706, "highway": "tertiary", "layer": "1"}, "geometry": {"type": "LineString", "coordinates": [[83.197782, 17.6568861], [83.1978482, 17.6569815]]}}, {"type": "Feature", "properties": {"osm_id": 635480757, "highway": "tertiary"}, "geometry": {"type": "LineString", "coordinates": [[83.336148, 17.7225135], [83.3362479, 17.7228328], [83.3364487, 17.7232684]]}}, {"type": "Feature", "properties": {"osm_id": 635497566, "highway": "tertiary", "oneway": "yes"}, "geometry": {"type": "LineString", "coordinates": [[83.3113087, 17.7650061], [83.3123453, 17.7648126], [83.3128289, 17.7647223], [83.3132781, 17.7646385], [83.3136445, 17.7645701], [83.3149335, 17.764249], [83.3149727, 17.76423], [83.3150067, 17.7642044]]}}, {"type": "Feature", "properties": {"osm_id": 635497567, "bridge": "yes", "highway": "tertiary", "layer": "1", "oneway": "yes"}, "geometry": {"type": "LineString", "coordinates": [[83.3111138, 17.7650425], [83.3113087, 17.7650061]]}}, {"type": "Feature", "properties": {"osm_id": 635497568, "bridge": "yes", "highway": "tertiary", "layer": "1", "oneway": "yes"}, "geometry": {"type": "LineString", "coordinates": [[83.3112937, 17.7649337], [83.3111025, 17.7649694]]}}, {"type": "Feature", "properties": {"osm_id": 635497569, "highway": "tertiary", "oneway": "yes"}, "geometry": {"type": "LineString", "coordinates": [[83.3148871, 17.7641979], [83.313632, 17.7644972], [83.3112937, 17.7649337]]}}, {"type": "Feature", "properties": {"osm_id": 635497573, "highway": "tertiary", "name": "Arilova Main Road"}, "geometry": {"type": "LineString", "coordinates": [[83.3150555, 17.7686334], [83.3150273, 17.7686087], [83.3149883, 17.7686024], [83.3149446, 17.7686022], [83.3145525, 17.7686812], [83.3144282, 17.7687149], [83.3140388, 17.7688204], [83.3137734, 17.7688823], [83.313733, 17.7688932], [83.3130048, 17.7689852], [83.3129125, 17.768991], [83.3126956, 17.7690047], [83.3119749, 17.7690503], [83.3119095, 17.7690563], [83.3117057, 17.769075], [83.3114964, 17.7690942], [83.3112658, 17.7691172]]}}, {"type": "Feature", "properties": {"osm_id": 635497574, "highway": "tertiary", "oneway": "yes"}, "geometry": {"type": "LineString", "coordinates": [[83.3060776, 17.7656601], [83.3060056, 17.7656799]]}}, {"type": "Feature", "properties": {"osm_id": 635497575, "highway": "tertiary", "oneway": "yes"}, "geometry": {"type": "LineString", "coordinates": [[83.3060264, 17.7657472], [83.3060956, 17.765732]]}}, {"type": "Feature", "properties": {"osm_id": 635497576, "highway": "tertiary", "oneway": "yes"}, "geometry": {"type": "LineString", "coordinates": [[83.3050313, 17.7624521], [83.3050333, 17.7624918], [83.305037, 17.7625685], [83.305068, 17.7626944], [83.3051905, 17.7630603], [83.3055868, 17.7643339], [83.3060056, 17.7656799], [83.3060264, 17.7657472]]}}, {"type": "Feature", "properties": {"osm_id": 635497577, "highway": "tertiary", "oneway": "yes"}, "geometry": {"type": "LineString", "coordinates": [[83.3060956, 17.765732], [83.3060776, 17.7656601], [83.3056937, 17.7643879], [83.3052126, 17.7627987], [83.3051784, 17.7626764], [83.3051254, 17.7624776], [83.3051159, 17.7624419]]}}, {"type": "Feature", "properties": {"osm_id": 635497578, "highway": "tertiary", "oneway": "yes"}, "geometry": {"type": "LineString", "coordinates": [[83.3060264, 17.7657472], [83.3060928, 17.7658296]]}}, {"type": "Feature", "properties": {"osm_id": 635497579, "highway": "tertiary", "oneway": "yes"}, "geometry": {"type": "LineString", "coordinates": [[83.3060928, 17.7658296], [83.3060956, 17.765732]]}}, {"type": "Feature", "properties": {"osm_id": 635497580, "highway": "tertiary", "oneway": "yes"}, "geometry": {"type": "LineString", "coordinates": [[83.3050073, 17.7622481], [83.3050171, 17.7623489], [83.3050313, 17.7624521]]}}, {"type": "Feature", "properties": {"osm_id": 635497581, "highway": "tertiary", "oneway": "yes"}, "geometry": {"type": "LineString", "coordinates": [[83.3051159, 17.7624419], [83.305097, 17.7623373], [83.3050795, 17.7622369]]}}, {"type": "Feature", "properties": {"osm_id": 635497582, "highway": "tertiary", "oneway": "yes"}, "geometry": {"type": "LineString", "coordinates": [[83.3150067, 17.7642044], [83.3150768, 17.7641186]]}}, {"type": "Feature", "properties": {"osm_id": 635497583, "highway": "tertiary", "oneway": "yes"}, "geometry": {"type": "LineString", "coordinates": [[83.3150768, 17.7641186], [83.3148871, 17.7641979]]}}, {"type": "Feature", "properties": {"osm_id": 635497586, "highway": "tertiary", "oneway": "yes"}, "geometry": {"type": "LineString", "coordinates": [[83.3111025, 17.7649694], [83.3106859, 17.7650471], [83.3083437, 17.7654858], [83.3078128, 17.7655834], [83.3075639, 17.7655683], [83.3072586, 17.7654425], [83.3071144, 17.7654343], [83.3060776, 17.7656601]]}}, {"type": "Feature", "properties": {"osm_id": 635497587, "highway": "tertiary"}, "geometry": {"type": "LineString", "coordinates": [[83.3150768, 17.7641186], [83.3151157, 17.7640809], [83.3151545, 17.764059], [83.3152665, 17.7640293]]}}, {"type": "Feature", "properties": {"osm_id": 635497588, "highway": "tertiary"}, "geometry": {"type": "LineString", "coordinates": [[83.3152665, 17.7640293], [83.315237, 17.7639348]]}}, {"type": "Feature", "properties": {"osm_id": 635497815, "highway": "tertiary", "name": "Arilova Main Road"}, "geometry": {"type": "LineString", "coordinates": [[83.3162501, 17.7683968], [83.3152883, 17.7685873], [83.3150555, 17.7686334]]}}, {"type": "Feature", "properties": {"osm_id": 635497816, "highway": "tertiary", "name": "Arilova Main Road"}, "geometry": {"type": "LineString", "coordinates": [[83.3158149, 17.7655123], [83.31581, 17.7655944], [83.3157959, 17.7658269], [83.3158025, 17.7660393], [83.3158093, 17.7660963], [83.3158225, 17.7662074], [83.3158363, 17.76628], [83.3158854, 17.7665393], [83.3159276, 17.7667616], [83.3159673, 17.7669711], [83.3160145, 17.7672198], [83.3160599, 17.767459], [83.3161051, 17.7676826], [83.3161512, 17.7679099], [83.3162037, 17.7681695], [83.3162501, 17.7683968]]}}, {"type": "Feature", "properties": {"osm_id": 635497818, "highway": "tertiary", "name": "Golla Street"}, "geometry": {"type": "LineString", "coordinates": [[83.3211129, 17.7601382], [83.3211209, 17.7602384], [83.3211283, 17.760438], [83.3211549, 17.7611562], [83.3211505, 17.7613897], [83.3211146, 17.7615753], [83.3210149, 17.7618889], [83.320628, 17.7628843], [83.3205759, 17.7630185], [83.320538, 17.7631346], [83.3205303, 17.7632321], [83.3205244, 17.7633734], [83.3205606, 17.7637668], [83.3205491, 17.7640017], [83.3205357, 17.7640744], [83.3204868, 17.7641665], [83.3203908, 17.7642315], [83.3203246, 17.7642626], [83.3200805, 17.7643772], [83.319808, 17.7644973], [83.3196487, 17.7645675], [83.319551, 17.7646514], [83.3195029, 17.7646927], [83.3193362, 17.7648357], [83.319258, 17.7649337], [83.3189875, 17.7652725], [83.3189052, 17.7653323], [83.3186603, 17.7655101], [83.3183599, 17.7656595], [83.317916, 17.7658533], [83.3177105, 17.7659211], [83.3175626, 17.7659497], [83.3174279, 17.7659603], [83.3173212, 17.7659532], [83.3172105, 17.7659345], [83.3171545, 17.7659193], [83.3165735, 17.7657527], [83.3163287, 17.7656904], [83.3162663, 17.7656645], [83.3161414, 17.7656073], [83.3159129, 17.7655312], [83.3158149, 17.7655123]]}}, {"type": "Feature", "properties": {"osm_id": 635497819, "highway": "tertiary"}, "geometry": {"type": "LineString", "coordinates": [[83.3209612, 17.759088], [83.320983, 17.7592905], [83.3210033, 17.7594685], [83.3210186, 17.7595654], [83.3210407, 17.7596709]]}}, {"type": "Feature", "properties": {"osm_id": 635497844, "highway": "tertiary", "oneway": "yes"}, "geometry": {"type": "LineString", "coordinates": [[83.290988, 17.7699133], [83.2910654, 17.7699979], [83.2911176, 17.7700585], [83.2914024, 17.7703654], [83.292128, 17.7712064], [83.2922081, 17.7712993], [83.2923003, 17.7713795], [83.2923278, 17.7713952], [83.2924019, 17.7714374], [83.2925477, 17.7714824], [83.2932754, 17.7716414], [83.2934359, 17.7716765], [83.2935329, 17.7716844], [83.2936313, 17.7716664], [83.2937255, 17.7716365], [83.293849, 17.7715884], [83.2948493, 17.7712079], [83.2951166, 17.7711105], [83.295241, 17.7710731], [83.2954135, 17.7710246], [83.2962616, 17.7708027], [83.2968431, 17.7706639], [83.2975619, 17.7704671], [83.2980758, 17.7703101], [83.2981445, 17.7702861], [83.2986871, 17.7700968], [83.2987875, 17.7700777], [83.2988551, 17.7700796], [83.2989315, 17.770095], [83.2992595, 17.7701863], [83.2998522, 17.7703533], [83.3001091, 17.7704032], [83.3002679, 17.7704274], [83.3004027, 17.7704479], [83.3005038, 17.7704569], [83.3006929, 17.7704681], [83.3009964, 17.7704706], [83.3028556, 17.7703747], [83.3037883, 17.7703188], [83.3044253, 17.7702768], [83.305088, 17.770211], [83.3056119, 17.7701243], [83.3056448, 17.7701189], [83.30578, 17.7700803], [83.3058662, 17.7700254], [83.3059291, 17.769935], [83.3059371, 17.7698639], [83.30591, 17.7695283], [83.3059042, 17.769442], [83.3058903, 17.7692689], [83.3058781, 17.7690578], [83.3058674, 17.7688512], [83.3058743, 17.7686455], [83.3060105, 17.7681325], [83.3060786, 17.767896], [83.306161, 17.7676118], [83.3062248, 17.7674414], [83.3063064, 17.7672906], [83.3063668, 17.7671837], [83.3064372, 17.7670493], [83.3064465, 17.7669743], [83.3064223, 17.7668987]]}}, {"type": "Feature", "properties": {"osm_id": 635504420, "highway": "tertiary", "lanes": "2", "name": "BRTS Bus Lane", "oneway": "no", "surface": "asphalt"}, "geometry": {"type": "LineString", "coordinates": [[83.3282638, 17.7572815], [83.3278781, 17.7574241], [83.3276622, 17.757509], [83.327488, 17.7575747], [83.3272041, 17.757681], [83.3263394, 17.757999], [83.3255591, 17.7582906], [83.324267, 17.7586491], [83.3229572, 17.7589799], [83.322009, 17.7592187], [83.3210033, 17.7594685], [83.3201025, 17.7596235], [83.3191804, 17.7597673], [83.3189772, 17.759809], [83.3172977, 17.7602035], [83.3170805, 17.760252], [83.3162887, 17.7603754], [83.3156279, 17.7604805], [83.3148551, 17.7606361], [83.3147746, 17.7606523], [83.3146672, 17.7606787], [83.3142228, 17.7607927], [83.3128117, 17.7611869], [83.3120339, 17.7614219], [83.3116114, 17.7615253], [83.3112195, 17.7616074], [83.3111356, 17.7616201], [83.3109124, 17.7616537], [83.3088648, 17.7618421], [83.3083766, 17.7618587], [83.30791, 17.7618778], [83.3073457, 17.7619232], [83.3068955, 17.7619558], [83.3065475, 17.7619847], [83.3062161, 17.762026], [83.3058956, 17.7620796], [83.3056864, 17.7621205], [83.3054772, 17.7621614], [83.3051378, 17.7622258], [83.3050795, 17.7622369]]}}, {"type": "Feature", "properties": {"osm_id": 635509854, "highway": "tertiary", "lanes": "2", "oneway": "yes", "surface": "asphalt"}, "geometry": {"type": "LineString", "coordinates": [[83.3380697, 17.7405043], [83.3381103, 17.7406771], [83.3382242, 17.7410921], [83.3384022, 17.7417049], [83.3387052, 17.7429786]]}}, {"type": "Feature", "properties": {"osm_id": 635509855, "highway": "tertiary", "lanes": "2", "oneway": "yes", "surface": "asphalt"}, "geometry": {"type": "LineString", "coordinates": [[83.3388669, 17.743058], [83.3393666, 17.7429203], [83.3406093, 17.7426183], [83.3410817, 17.7425034], [83.341574, 17.7423837], [83.3418695, 17.7423119], [83.3420412, 17.7422702], [83.3423112, 17.7422046], [83.342556, 17.742145], [83.3428124, 17.7420827], [83.3429784, 17.7420424], [83.3436166, 17.7418872], [83.3436601, 17.7418605]]}}, {"type": "Feature", "properties": {"osm_id": 635518440, "bridge": "yes", "highway": "secondary", "lanes": "2", "layer": "1", "maxspeed": "40", "name": "Thatichetlapalem Road", "oneway": "yes", "surface": "asphalt"}, "geometry": {"type": "LineString", "coordinates": [[83.2910805, 17.7277828], [83.2907837, 17.7280444]]}}, {"type": "Feature", "properties": {"osm_id": 635518441, "highway": "secondary", "lanes": "2", "maxspeed": "40", "name": "Thatichetlapalem Road", "oneway": "yes", "surface": "asphalt"}, "geometry": {"type": "LineString", "coordinates": [[83.2912626, 17.7276218], [83.2911329, 17.7277365], [83.2910805, 17.7277828]]}}, {"type": "Feature", "properties": {"osm_id": 635518443, "highway": "secondary", "lanes": "2", "maxspeed": "40", "name": "Thatichetlapalem Road", "oneway": "yes", "surface": "asphalt"}, "geometry": {"type": "LineString", "coordinates": [[83.2907837, 17.7280444], [83.2904891, 17.7283429], [83.290401, 17.7284375], [83.2901186, 17.7287379], [83.2900264, 17.7288517], [83.2899255, 17.7289984], [83.2898646, 17.7291153], [83.2898118, 17.7292361], [83.2896491, 17.729607], [83.289502, 17.7299877], [83.2893316, 17.7303901], [83.2889898, 17.7311984], [83.2887208, 17.7318106], [83.2884582, 17.7324458], [83.2883644, 17.7326678], [83.2882977, 17.7328259], [83.2880225, 17.7334807], [83.2879382, 17.7336787], [83.2878862, 17.7337981]]}}, {"type": "Feature", "properties": {"osm_id": 635518444, "highway": "secondary", "oneway": "yes", "source": "Bing"}, "geometry": {"type": "LineString", "coordinates": [[83.2914471, 17.7276328], [83.2914688, 17.7275984], [83.2914895, 17.7275657], [83.2915608, 17.7274184], [83.2916845, 17.7271631]]}}, {"type": "Feature", "properties": {"osm_id": 635582167, "highway": "tertiary"}, "geometry": {"type": "LineString", "coordinates": [[83.3339194, 17.7193122], [83.3339444, 17.7192742], [83.3339697, 17.7192356]]}}, {"type": "Feature", "properties": {"osm_id": 635582171, "highway": "tertiary"}, "geometry": {"type": "LineString", "coordinates": [[83.3388383, 17.7258843], [83.3389417, 17.725831]]}}, {"type": "Feature", "properties": {"osm_id": 635582172, "highway": "tertiary"}, "geometry": {"type": "LineString", "coordinates": [[83.3382789, 17.7243229], [83.3383705, 17.7242393]]}}, {"type": "Feature", "properties": {"osm_id": 640375457, "bicycle": "yes", "foot": "yes", "highway": "primary", "horse": "permissive", "lanes": "3", "name": "Simhachalam - Pinagadi Road", "network": "IN:SH:AP", "ref": "SH153", "surface": "asphalt"}, "geometry": {"type": "LineString", "coordinates": [[83.2164309, 17.7759336], [83.2163496, 17.7759946], [83.216255, 17.7760447], [83.2161865, 17.776081], [83.2159932, 17.7761833], [83.2157122, 17.7763321], [83.2154811, 17.776477], [83.2154307, 17.7765086], [83.2152413, 17.7766274], [83.2150949, 17.776718], [83.2146453, 17.7770371], [83.2144653, 17.7771677], [83.2138945, 17.7775768], [83.213528, 17.7778468], [83.2132071, 17.7780808], [83.2130722, 17.7781759], [83.2129318, 17.7782842], [83.2124966, 17.7785395], [83.2122109, 17.7786631], [83.2118384, 17.7787841], [83.2114399, 17.7789128], [83.2108299, 17.7791369], [83.2107132, 17.7792043], [83.2102785, 17.7794555], [83.2100789, 17.779611], [83.2096046, 17.7799805], [83.2092987, 17.7802777], [83.2088873, 17.7806775], [83.2084782, 17.7810751], [83.2079929, 17.7815467], [83.2075405, 17.7818294], [83.2072036, 17.781985], [83.2070645, 17.7820493], [83.2069981, 17.782073], [83.206499, 17.7822512], [83.2064538, 17.7822627], [83.2058867, 17.7824064], [83.205818, 17.7824208], [83.2054858, 17.7824916], [83.2038485, 17.7828337], [83.2037073, 17.7828633], [83.2032688, 17.7829268], [83.2026763, 17.782985], [83.2024294, 17.7830003], [83.2015004, 17.7831018], [83.2011889, 17.783126], [83.2010585, 17.7831376], [83.2006752, 17.7831728], [83.2005933, 17.7831835], [83.2004939, 17.7832033], [83.200215, 17.7833138], [83.2001872, 17.7833371], [83.2001183, 17.7833948], [83.2000163, 17.7835014], [83.1999487, 17.7835898], [83.1997261, 17.7838478], [83.199496, 17.7841575], [83.1993416, 17.784359], [83.1993096, 17.7844008], [83.1990953, 17.7846819], [83.1983591, 17.7856478], [83.1977209, 17.7863109], [83.1975836, 17.786444], [83.1974549, 17.7865822], [83.196988, 17.7870715], [83.1968151, 17.787295], [83.1967695, 17.7874132], [83.1967538, 17.7874566], [83.1967409, 17.7874925], [83.1966978, 17.7876477], [83.1966482, 17.7879964], [83.1965882, 17.7881509], [83.1965412, 17.7882573], [83.1964425, 17.7883633], [83.1963695, 17.7884416], [83.1960692, 17.7886287], [83.1957775, 17.7888], [83.1955218, 17.7889897], [83.1953438, 17.7891622], [83.1952167, 17.7892854], [83.1951605, 17.7893399], [83.1950465, 17.7894915], [83.194902, 17.7896836], [83.1948358, 17.789773], [83.1935169, 17.7919759], [83.1930603, 17.7926517]]}}, {"type": "Feature", "properties": {"osm_id": 643527061, "highway": "tertiary", "lanes": "1", "oneway": "yes"}, "geometry": {"type": "LineString", "coordinates": [[83.3533555, 17.7967958], [83.3533369, 17.7968646], [83.3533116, 17.7969306], [83.353226, 17.7975583], [83.3531854, 17.7978349], [83.3531217, 17.7982654]]}}, {"type": "Feature", "properties": {"osm_id": 665787979, "highway": "tertiary", "source": "Bing"}, "geometry": {"type": "LineString", "coordinates": [[83.3011436, 17.7352714], [83.3012013, 17.7352302], [83.3012262, 17.7352124], [83.3012527, 17.7351652], [83.3012465, 17.7343317], [83.3012937, 17.7339968], [83.3009527, 17.7339471], [83.3005895, 17.7339505], [83.3005842, 17.734326], [83.3005824, 17.7344564], [83.2998215, 17.7346548], [83.2997168, 17.7346794], [83.2992734, 17.7347838], [83.2990562, 17.7348194], [83.2987851, 17.7348584], [83.2985728, 17.734865], [83.2985933, 17.7350934], [83.2985896, 17.7353107]]}}, {"type": "Feature", "properties": {"osm_id": 665787981, "highway": "secondary", "name": "Akkayyapalem Road", "oneway": "yes"}, "geometry": {"type": "LineString", "coordinates": [[83.2999247, 17.7351365], [83.2999103, 17.7352307], [83.299897, 17.735315], [83.2998954, 17.7353617], [83.2999399, 17.7360022], [83.2999545, 17.7362124]]}}, {"type": "Feature", "properties": {"osm_id": 665787985, "highway": "secondary", "lanes": "2", "oneway": "yes", "surface": "asphalt"}, "geometry": {"type": "LineString", "coordinates": [[83.2999545, 17.7362124], [83.2999493, 17.7365273], [83.2999545, 17.7367233], [83.299964, 17.7376896], [83.2999685, 17.7382805], [83.2999706, 17.7385022], [83.2999573, 17.7394192], [83.2999614, 17.7402354]]}}, {"type": "Feature", "properties": {"osm_id": 668187218, "highway": "tertiary"}, "geometry": {"type": "LineString", "coordinates": [[83.3051904, 17.709628], [83.3050966, 17.7096623], [83.3045168, 17.7099074], [83.3039802, 17.7101299], [83.3033586, 17.7103466], [83.3030853, 17.7104771], [83.3020609, 17.7108627], [83.3019269, 17.7109132]]}}, {"type": "Feature", "properties": {"osm_id": 668187219, "highway": "secondary", "name": "Jugde Court Road", "oneway": "yes"}, "geometry": {"type": "LineString", "coordinates": [[83.3023535, 17.7118902], [83.3026801, 17.7121626], [83.302797, 17.7122775]]}}, {"type": "Feature", "properties": {"osm_id": 668187220, "highway": "secondary", "oneway": "yes"}, "geometry": {"type": "LineString", "coordinates": [[83.3031638, 17.712328], [83.3028392, 17.712107], [83.3026206, 17.7119473], [83.3023999, 17.711736]]}}, {"type": "Feature", "properties": {"osm_id": 668187221, "highway": "secondary", "oneway": "yes"}, "geometry": {"type": "LineString", "coordinates": [[83.3005945, 17.7087656], [83.3004193, 17.708564], [83.3000426, 17.708159], [83.2994926, 17.7075676], [83.2993152, 17.7073705], [83.2985039, 17.7065159]]}}, {"type": "Feature", "properties": {"osm_id": 668187222, "highway": "secondary", "oneway": "yes"}, "geometry": {"type": "LineString", "coordinates": [[83.3005945, 17.7087656], [83.3005997, 17.7087817], [83.3006307, 17.7088781], [83.3007364, 17.7090153], [83.3008732, 17.7091712], [83.3010019, 17.7093398], [83.3012217, 17.7096858], [83.3013124, 17.7098764], [83.3014593, 17.7101907], [83.3014837, 17.7102649], [83.3015223, 17.7103823], [83.3016497, 17.7106301], [83.3016663, 17.710659], [83.3017677, 17.7108358], [83.3018366, 17.7109587]]}}, {"type": "Feature", "properties": {"osm_id": 668189750, "dual_carriageway": "yes", "highway": "primary", "lanes": "2", "oneway": "yes", "surface": "asphalt"}, "geometry": {"type": "LineString", "coordinates": [[83.3354194, 17.730806], [83.3352821, 17.7308387], [83.3352283, 17.7308551], [83.3351066, 17.7308922], [83.3350715, 17.7309004], [83.3350218, 17.730912], [83.3349233, 17.7309434], [83.3347283, 17.7310259], [83.3346504, 17.7310731], [83.3345792, 17.731131], [83.3345028, 17.7311987], [83.3344451, 17.7312715], [83.3343311, 17.7314234], [83.334146, 17.7316002], [83.3340588, 17.7316547], [83.3338039, 17.7317798], [83.3337316, 17.7318029], [83.3335224, 17.7318438], [83.333002, 17.7318872], [83.3328196, 17.7318846], [83.3327678, 17.7318797], [83.3325514, 17.7318591], [83.3322389, 17.7317735]]}}, {"type": "Feature", "properties": {"osm_id": 668189751, "highway": "primary", "oneway": "yes"}, "geometry": {"type": "LineString", "coordinates": [[83.3381743, 17.7309464], [83.3379747, 17.7310081], [83.3377782, 17.7310375], [83.3375439, 17.7310291], [83.3368416, 17.7309464], [83.3355081, 17.7308004]]}}, {"type": "Feature", "properties": {"osm_id": 672616127, "highway": "tertiary", "name": "Chinna Waltair Main Road", "oneway": "yes"}, "geometry": {"type": "LineString", "coordinates": [[83.3302639, 17.722728], [83.3299405, 17.7226868], [83.3297894, 17.722661], [83.3296332, 17.7226303], [83.3294917, 17.7225974], [83.329318, 17.722553], [83.3290699, 17.7224742], [83.3289131, 17.7224243], [83.3284032, 17.7222455]]}}, {"type": "Feature", "properties": {"osm_id": 672616129, "highway": "tertiary", "name": "Chinna Waltair Main Road", "oneway": "yes"}, "geometry": {"type": "LineString", "coordinates": [[83.3302439, 17.7228017], [83.3304267, 17.7228578], [83.3312441, 17.7232435], [83.3314816, 17.7233123], [83.3317636, 17.7233398]]}}, {"type": "Feature", "properties": {"osm_id": 672616130, "highway": "tertiary", "name": "Chinna Waltair Main Road", "oneway": "yes"}, "geometry": {"type": "LineString", "coordinates": [[83.3336553, 17.7223926], [83.3339925, 17.7223313], [83.3343058, 17.7223061], [83.3345457, 17.7222695], [83.3347736, 17.7222337], [83.3349803, 17.7221843]]}}, {"type": "Feature", "properties": {"osm_id": 672648882, "highway": "tertiary", "oneway": "yes", "surface": "asphalt"}, "geometry": {"type": "LineString", "coordinates": [[83.3200231, 17.7208637], [83.3199915, 17.7208165], [83.3198902, 17.720687]]}}, {"type": "Feature", "properties": {"osm_id": 672648884, "highway": "tertiary", "oneway": "yes", "surface": "asphalt"}, "geometry": {"type": "LineString", "coordinates": [[83.3198902, 17.720687], [83.3198642, 17.7208602], [83.3198734, 17.7209259]]}}, {"type": "Feature", "properties": {"osm_id": 672648886, "dual_carriageway": "yes", "highway": "tertiary", "oneway": "yes", "surface": "asphalt"}, "geometry": {"type": "LineString", "coordinates": [[83.3193571, 17.7210079], [83.3195227, 17.7210624], [83.3196473, 17.7210967], [83.3197143, 17.7211018], [83.3197509, 17.7210984], [83.3197827, 17.7210955], [83.3198593, 17.7210837]]}}, {"type": "Feature", "properties": {"osm_id": 672648887, "dual_carriageway": "yes", "highway": "tertiary", "oneway": "yes", "surface": "asphalt"}, "geometry": {"type": "LineString", "coordinates": [[83.319858, 17.7209509], [83.3197683, 17.7209717], [83.3196862, 17.7209907], [83.319595, 17.7209957], [83.319477, 17.7209817], [83.3193571, 17.7210079]]}}, {"type": "Feature", "properties": {"osm_id": 672648890, "dual_carriageway": "yes", "highway": "tertiary", "name": "Chinna Waltair Main Road", "oneway": "yes", "surface": "asphalt"}, "geometry": {"type": "LineString", "coordinates": [[83.3215332, 17.7207807], [83.3207773, 17.7209307], [83.320692, 17.7209462]]}}, {"type": "Feature", "properties": {"osm_id": 672648891, "dual_carriageway": "yes", "highway": "tertiary", "name": "Chinna Waltair Main Road", "oneway": "yes", "surface": "asphalt"}, "geometry": {"type": "LineString", "coordinates": [[83.3208005, 17.7210126], [83.3210689, 17.7209505], [83.3211735, 17.7209268], [83.3212861, 17.7209007], [83.321484, 17.7208706], [83.3215393, 17.720862], [83.3217434, 17.7208521]]}}, {"type": "Feature", "properties": {"osm_id": 672648892, "dual_carriageway": "yes", "highway": "tertiary", "name": "Chinna Waltair Main Road", "oneway": "yes", "surface": "asphalt"}, "geometry": {"type": "LineString", "coordinates": [[83.320692, 17.7209462], [83.3205808, 17.7209575], [83.3204428, 17.7209581], [83.3202925, 17.7209444], [83.3202137, 17.7209283], [83.3201223, 17.7209097]]}}, {"type": "Feature", "properties": {"osm_id": 673624414, "highway": "tertiary"}, "geometry": {"type": "LineString", "coordinates": [[83.3319034, 17.7468855], [83.3322576, 17.7470051]]}}, {"type": "Feature", "properties": {"osm_id": 673624416, "highway": "tertiary", "oneway": "yes"}, "geometry": {"type": "LineString", "coordinates": [[83.3316073, 17.7447724], [83.3311963, 17.7433528], [83.3310351, 17.7427857], [83.3308999, 17.7422877], [83.3308917, 17.7422575], [83.3308826, 17.742224], [83.3308589, 17.7421203]]}}, {"type": "Feature", "properties": {"osm_id": 673624417, "highway": "secondary", "name": "Chitralaya Road", "oneway": "yes"}, "geometry": {"type": "LineString", "coordinates": [[83.3000933, 17.712681], [83.300704, 17.7124704], [83.3009149, 17.7123946], [83.3022285, 17.7119224]]}}, {"type": "Feature", "properties": {"osm_id": 673624419, "highway": "secondary"}, "geometry": {"type": "LineString", "coordinates": [[83.2921286, 17.6938954], [83.2922259, 17.6942481], [83.2924419, 17.694932], [83.292546, 17.6952718]]}}, {"type": "Feature", "properties": {"osm_id": 674664375, "highway": "tertiary", "name": "Harbour Park road", "oneway": "yes"}, "geometry": {"type": "LineString", "coordinates": [[83.3179933, 17.7115133], [83.3179635, 17.711536], [83.3179524, 17.7115461], [83.3179308, 17.7115659], [83.317866, 17.7116388], [83.317798, 17.7116938], [83.3177206, 17.71173], [83.3175232, 17.7118063], [83.3174803, 17.7118289], [83.3174494, 17.7118594], [83.3174202, 17.7119034], [83.3174016, 17.7119647], [83.3174056, 17.7120278], [83.317424, 17.7120892], [83.3174626, 17.7121595], [83.3175315, 17.7122564], [83.3176206, 17.7123634], [83.3177076, 17.7124642], [83.3178227, 17.7125813], [83.3178541, 17.7126025], [83.3178963, 17.7126113]]}}, {"type": "Feature", "properties": {"osm_id": 674664378, "highway": "tertiary", "name": "Harbour Park road", "oneway": "yes"}, "geometry": {"type": "LineString", "coordinates": [[83.3178963, 17.7126113], [83.3178736, 17.7125721], [83.3178444, 17.712539], [83.317688, 17.7123585], [83.3175843, 17.7122292], [83.31751, 17.7121329], [83.317487, 17.7120897], [83.3174764, 17.7120475], [83.3174766, 17.7120002], [83.3174872, 17.7119559], [83.3175044, 17.7119179], [83.317536, 17.7118839], [83.3176291, 17.711836], [83.3177697, 17.7117746], [83.318012, 17.7116807], [83.3180361, 17.7116625], [83.3180647, 17.7116231], [83.3180703, 17.7116155], [83.3180919, 17.7115832]]}}, {"type": "Feature", "properties": {"osm_id": 674666541, "highway": "tertiary", "oneway": "yes"}, "geometry": {"type": "LineString", "coordinates": [[83.3162651, 17.7112714], [83.3159211, 17.7112689]]}}, {"type": "Feature", "properties": {"osm_id": 674666542, "highway": "tertiary", "oneway": "yes"}, "geometry": {"type": "LineString", "coordinates": [[83.3159211, 17.7112689], [83.3161485, 17.7114195]]}}, {"type": "Feature", "properties": {"osm_id": 674667715, "highway": "tertiary", "oneway": "yes"}, "geometry": {"type": "LineString", "coordinates": [[83.3124142, 17.7137772], [83.31244, 17.7142961], [83.3124509, 17.7144073], [83.3124708, 17.71461]]}}, {"type": "Feature", "properties": {"osm_id": 680537390, "highway": "secondary", "oneway": "yes"}, "geometry": {"type": "LineString", "coordinates": [[83.305927, 17.7146641], [83.3060127, 17.7147454], [83.3060827, 17.7147968], [83.3061629, 17.7148628], [83.3063338, 17.7150044], [83.3064288, 17.7150911], [83.3065622, 17.7152318], [83.306721, 17.7154296], [83.3071503, 17.7158878], [83.3072324, 17.7159836], [83.307304, 17.716055], [83.3076191, 17.7163386], [83.3076923, 17.7164066], [83.3077477, 17.7164631], [83.3079475, 17.7166421], [83.3081677, 17.7168407], [83.3082394, 17.7168974], [83.3083177, 17.7169551], [83.3084218, 17.7170196], [83.3085349, 17.7170842], [83.3086891, 17.7171787], [83.3088092, 17.7172625], [83.3089848, 17.7173918], [83.3091364, 17.7175126], [83.3092531, 17.7176155], [83.3093122, 17.7176779], [83.3093605, 17.7177344], [83.3094202, 17.7177914]]}}, {"type": "Feature", "properties": {"osm_id": 680538926, "highway": "tertiary", "name": "Nowroji Road", "oneway": "yes"}, "geometry": {"type": "LineString", "coordinates": [[83.3060827, 17.7147968], [83.3061229, 17.714777], [83.3061438, 17.7147671], [83.3061867, 17.7147517], [83.3062148, 17.7147421], [83.3062635, 17.7147256], [83.3063096, 17.7147158], [83.3063641, 17.7147105]]}}, {"type": "Feature", "properties": {"osm_id": 680541792, "highway": "secondary", "name": "Jugde Court Road", "oneway": "yes"}, "geometry": {"type": "LineString", "coordinates": [[83.302797, 17.7122775], [83.3029188, 17.7124355]]}}, {"type": "Feature", "properties": {"osm_id": 680541793, "highway": "secondary", "name": "Chitralaya Road", "oneway": "yes"}, "geometry": {"type": "LineString", "coordinates": [[83.3022285, 17.7119224], [83.3023535, 17.7118902]]}}, {"type": "Feature", "properties": {"osm_id": 728928755, "highway": "tertiary"}, "geometry": {"type": "LineString", "coordinates": [[83.350836, 17.7538442], [83.3509092, 17.7538217]]}}, {"type": "Feature", "properties": {"osm_id": 728928756, "highway": "primary", "lanes": "2", "name": "Beach Road", "oneway": "yes", "ref": "SH144", "surface": "asphalt"}, "geometry": {"type": "LineString", "coordinates": [[83.384605, 17.7890809], [83.3845541, 17.7887987], [83.3843797, 17.7880031], [83.3842523, 17.7874821], [83.3841115, 17.7869075], [83.3840643, 17.7867134], [83.3839761, 17.786389], [83.3839542, 17.7862975], [83.3839195, 17.7861449], [83.3838964, 17.7860433], [83.38385, 17.7858616], [83.3837722, 17.7855283], [83.383681, 17.7852423], [83.3836448, 17.7851184], [83.3835429, 17.7848962], [83.3834477, 17.7847251], [83.383312, 17.7845646], [83.3832449, 17.7844875], [83.3830883, 17.7843037], [83.3829837, 17.7841798], [83.382875, 17.7840304], [83.3827919, 17.7838861], [83.3826497, 17.7835758], [83.3824848, 17.7832348], [83.3823439, 17.7829296], [83.382308, 17.7828393], [83.3822581, 17.7826767], [83.3821441, 17.782369], [83.3820583, 17.7822081], [83.3819483, 17.7820689], [83.3818048, 17.7819156], [83.3815782, 17.7817049], [83.3814147, 17.781576], [83.3813925, 17.7815545], [83.381149, 17.7813652], [83.3808728, 17.7811392], [83.3808079, 17.7810651], [83.3805965, 17.7808238], [83.3803269, 17.7805288], [83.3800989, 17.7802619], [83.3800064, 17.780138], [83.3798978, 17.7799541], [83.3798066, 17.7797919], [83.3796819, 17.7794943], [83.3796322, 17.7793577], [83.3796121, 17.7792721], [83.3795585, 17.7790206], [83.3794874, 17.7786796], [83.3794069, 17.7781432], [83.3793895, 17.7779338], [83.3793865, 17.777911], [83.3793669, 17.777765], [83.3793644, 17.777746], [83.3793574, 17.7776935], [83.3793452, 17.777603], [83.3793332, 17.7774574], [83.3793227, 17.7773961], [83.3793077, 17.7773089], [83.3792849, 17.7771765], [83.3792178, 17.7769441], [83.3791132, 17.7766261], [83.3790113, 17.7762621], [83.3788826, 17.7757653], [83.3787444, 17.7752749], [83.3786653, 17.7749825], [83.3786049, 17.7748088], [83.3784172, 17.7743618], [83.3782844, 17.7741485], [83.3780833, 17.7738178], [83.3779384, 17.77357], [83.3777265, 17.7732252], [83.3776192, 17.773077], [83.3773859, 17.7728306], [83.3773322, 17.7727808], [83.3772022, 17.7726824], [83.3771217, 17.7726262], [83.3769608, 17.7725419], [83.3767663, 17.7724755], [83.3765276, 17.7723951], [83.3761695, 17.7722738], [83.3756559, 17.7720835], [83.3753005, 17.771957], [83.3751784, 17.7719123], [83.3750457, 17.7718791], [83.3748431, 17.7718344], [83.3747251, 17.771828], [83.3746217, 17.771828], [83.3745908, 17.771828], [83.3745334, 17.771828], [83.3743684, 17.7718446], [83.3742289, 17.7718625], [83.3739245, 17.7719225], [83.3738805, 17.7719328], [83.3738033, 17.7719509], [83.3736001, 17.7719986], [83.3735704, 17.7720056], [83.3734001, 17.7720337], [83.3732539, 17.7720528], [83.3730139, 17.772072], [83.3729026, 17.772072], [83.3727497, 17.7720566], [83.3726236, 17.7720266], [83.3725834, 17.7720171], [83.37235, 17.7719187], [83.3722495, 17.7718498], [83.37211, 17.7717374], [83.3720067, 17.7716505], [83.3717626, 17.7714181], [83.3715199, 17.7711946], [83.3711363, 17.7707553], [83.3708734, 17.7704219], [83.3706281, 17.7701218], [83.3703947, 17.7698357], [83.3701587, 17.769565], [83.3700675, 17.7694692], [83.3699937, 17.7694117], [83.3698958, 17.769353], [83.3697309, 17.7693083], [83.3696169, 17.7692891], [83.3694465, 17.7692674], [83.3693512, 17.7692615], [83.369256, 17.7692555], [83.3692158, 17.769253], [83.369181, 17.7692508], [83.3690549, 17.7692432], [83.3688162, 17.7692304], [83.3686915, 17.7692125], [83.3685963, 17.7691921], [83.3685024, 17.7691589], [83.3684421, 17.7691257], [83.3683589, 17.7690465], [83.3681913, 17.7688549], [83.3679982, 17.7685752], [83.3676508, 17.7680554], [83.3674255, 17.7677668], [83.3673863, 17.7677226], [83.3673303, 17.7676595], [83.3672364, 17.7675599], [83.3671345, 17.7674616], [83.3670071, 17.7673632], [83.3668341, 17.7672649], [83.3666342, 17.7671691], [83.3665149, 17.7671167], [83.3662641, 17.7670184], [83.3660549, 17.7669418], [83.3654843, 17.7667279], [83.3653747, 17.766687], [83.3653431, 17.7666753], [83.3650732, 17.7665752], [83.3650169, 17.7665356], [83.3648412, 17.7664105], [83.3644643, 17.7661257], [83.3640647, 17.7658], [83.3637756, 17.765586], [83.3637455, 17.7655637], [83.3636168, 17.7654628], [83.3634773, 17.765367], [83.3634022, 17.765316], [83.3633129, 17.7652683], [83.3632801, 17.7652508], [83.3626659, 17.7649532], [83.362167, 17.7647259], [83.3618437, 17.764572]]}}, {"type": "Feature", "properties": {"osm_id": 728928757, "highway": "primary", "lanes": "2", "oneway": "yes", "ref": "SH144", "surface": "asphalt"}, "geometry": {"type": "LineString", "coordinates": [[83.3509092, 17.7538217], [83.3501793, 17.7523584], [83.3500936, 17.7522118], [83.3500272, 17.7521034], [83.3498199, 17.7517542], [83.3496585, 17.751502], [83.3496415, 17.7514753], [83.3496225, 17.7514457], [83.3496161, 17.7514356], [83.3495863, 17.7513913], [83.3494615, 17.7512033], [83.3493182, 17.7509686], [83.3491015, 17.7506268], [83.3489828, 17.7504516], [83.3489204, 17.750246]]}}, {"type": "Feature", "properties": {"osm_id": 729007608, "highway": "tertiary", "oneway": "yes"}, "geometry": {"type": "LineString", "coordinates": [[83.3803497, 17.7928697], [83.3802813, 17.7927599]]}}, {"type": "Feature", "properties": {"osm_id": 729007609, "highway": "tertiary", "oneway": "yes"}, "geometry": {"type": "LineString", "coordinates": [[83.3801861, 17.7928173], [83.3803497, 17.7928697]]}}, {"type": "Feature", "properties": {"osm_id": 729007610, "highway": "tertiary", "oneway": "yes"}, "geometry": {"type": "LineString", "coordinates": [[83.3529279, 17.7915111], [83.3530462, 17.7914931], [83.3538616, 17.7913322], [83.3541438, 17.7912765], [83.3542585, 17.7912735], [83.3543611, 17.7912832], [83.3546327, 17.7913113], [83.3547912, 17.7913437], [83.3548743, 17.7913606], [83.3551356, 17.791414], [83.3553448, 17.7914369], [83.3559597, 17.7914484], [83.3560549, 17.7914502], [83.3562273, 17.7914534], [83.3566726, 17.7914224], [83.3572116, 17.7913848], [83.3575255, 17.7913629], [83.3581395, 17.79132], [83.3590346, 17.7912576], [83.3594175, 17.7912309], [83.3597928, 17.7912047], [83.360284, 17.7911716], [83.3607584, 17.7911114], [83.3609376, 17.7910883], [83.3610838, 17.791068], [83.3611691, 17.7910519], [83.3619082, 17.7909134], [83.3630627, 17.7906637], [83.3632235, 17.7906325], [83.3633586, 17.7905896], [83.3635246, 17.7905376], [83.363639, 17.7905018], [83.3643383, 17.7902826], [83.3654119, 17.7899322], [83.3662239, 17.7896671], [83.3675891, 17.7892303], [83.367854, 17.7891499], [83.3680256, 17.7890978], [83.3681443, 17.7890618], [83.3684343, 17.7889914], [83.3685708, 17.7889583], [83.3690536, 17.7889047], [83.3693111, 17.7889622], [83.3695726, 17.7890899], [83.3697476, 17.7891897], [83.3698972, 17.789275], [83.3703142, 17.7894947], [83.3710559, 17.7898944], [83.3712743, 17.7900101], [83.3717117, 17.7902417], [83.3721998, 17.7904933], [83.3724305, 17.7906005], [83.3727215, 17.7906503], [83.3735208, 17.7907576], [83.3738896, 17.7908048], [83.3745803, 17.7908546], [83.375334, 17.7909402], [83.376262, 17.7910347], [83.3764741, 17.7910557], [83.3769058, 17.7910985], [83.3773912, 17.7911713], [83.3775468, 17.7912084], [83.3778352, 17.7912709], [83.3780819, 17.7913412], [83.3784239, 17.7915276], [83.3787417, 17.7917409], [83.379077, 17.7920652], [83.3796068, 17.792447], [83.3801861, 17.7928173]]}}, {"type": "Feature", "properties": {"osm_id": 729007611, "dual_carriageway": "yes", "highway": "primary", "lanes": "2", "maxspeed": "70", "maxspeed:type": "sign", "name": "Anakapalli - Visakhapatnam - Anandapuram Main Road", "oneway": "yes", "ref:old": "NH5", "surface": "asphalt"}, "geometry": {"type": "LineString", "coordinates": [[83.3534562, 17.7943685], [83.3533988, 17.7940455], [83.3533815, 17.793948], [83.3533619, 17.7938591], [83.3531654, 17.793085], [83.3530501, 17.792578], [83.3529968, 17.7923507], [83.3528984, 17.7918939], [83.352836, 17.7916318]]}}, {"type": "Feature", "properties": {"osm_id": 729007614, "highway": "tertiary"}, "geometry": {"type": "LineString", "coordinates": [[83.3803497, 17.7928697], [83.3804107, 17.7929096]]}}, {"type": "Feature", "properties": {"osm_id": 729007615, "highway": "tertiary", "oneway": "yes"}, "geometry": {"type": "LineString", "coordinates": [[83.3802813, 17.7927599], [83.3800776, 17.7926339], [83.3800171, 17.7925964], [83.3795705, 17.7923219], [83.3792406, 17.7920499], [83.3790126, 17.7918392], [83.3784467, 17.7914178], [83.3781221, 17.7912492], [83.3776031, 17.7911075], [83.3767945, 17.7909938], [83.3764829, 17.7909619], [83.3760837, 17.790921], [83.375385, 17.7908406], [83.3745481, 17.7907601], [83.3736858, 17.790681], [83.3730407, 17.7905941], [83.3724909, 17.7905226], [83.3723474, 17.7904715], [83.37211, 17.7903336], [83.3715413, 17.7900514], [83.3713258, 17.789932], [83.3708386, 17.7896619], [83.3701104, 17.7892878], [83.369582, 17.7889788], [83.3691971, 17.7888383], [83.3689798, 17.7887987], [83.3685493, 17.7888574], [83.3684038, 17.7889009], [83.3682731, 17.7889393], [83.3681323, 17.7889788], [83.3680451, 17.7890069], [83.3670996, 17.7892916], [83.3662359, 17.7895674], [83.3654635, 17.7898305], [83.364585, 17.7901025], [83.3637361, 17.7903783], [83.3636159, 17.7904157], [83.3634902, 17.7904548], [83.3633378, 17.7905022], [83.3632104, 17.7905418], [83.3628577, 17.7906235], [83.3619122, 17.7908291], [83.3612306, 17.7909573], [83.361157, 17.7909711], [83.3610717, 17.7909871], [83.361011, 17.7909964], [83.3602184, 17.7910922], [83.3594446, 17.7911586], [83.3585782, 17.7912211], [83.35785, 17.7912633], [83.3573458, 17.7912965], [83.3572087, 17.7913043], [83.3569434, 17.7913195], [83.356344, 17.791345], [83.3558638, 17.7913705], [83.3555621, 17.791368], [83.3553676, 17.7913527], [83.3550981, 17.7913271], [83.3548863, 17.7912883], [83.3544282, 17.7912044], [83.3543873, 17.7911969], [83.3542156, 17.7911943], [83.3539259, 17.7912403], [83.3535776, 17.7913006], [83.3530408, 17.7913935], [83.3529067, 17.7914037]]}}, {"type": "Feature", "properties": {"osm_id": 729009339, "highway": "tertiary", "oneway": "yes"}, "geometry": {"type": "LineString", "coordinates": [[83.3694989, 17.8011998], [83.3694842, 17.8011004], [83.3694528, 17.8008968], [83.3693817, 17.8005702], [83.3693189, 17.8002821], [83.3692975, 17.8001975], [83.3692725, 17.8001354], [83.3692318, 17.8000743], [83.3691874, 17.8000213], [83.3690554, 17.7998806], [83.3689007, 17.7997409], [83.3684845, 17.7993691], [83.3681399, 17.7990612], [83.3679518, 17.7989024], [83.3677244, 17.7987077], [83.3673508, 17.7983746], [83.3670166, 17.7980717], [83.3667018, 17.7977877], [83.3665075, 17.7976071], [83.3660697, 17.7971963], [83.3659341, 17.7970763], [83.3658321, 17.7969738], [83.3656629, 17.7968317], [83.3653061, 17.7965068], [83.3649236, 17.7961287], [83.3648079, 17.7959987], [83.3646967, 17.7958518], [83.3645428, 17.7956433], [83.3642567, 17.7952615], [83.3641832, 17.7951634], [83.3640008, 17.7949202], [83.3637589, 17.7945897], [83.363281, 17.7939001], [83.3632432, 17.7938539], [83.3631715, 17.7937775], [83.3628496, 17.7933332], [83.3621195, 17.7923651], [83.3614769, 17.7915197], [83.36124, 17.7912232], [83.3612106, 17.7911803], [83.3611874, 17.79113], [83.3611691, 17.7910519]]}}, {"type": "Feature", "properties": {"osm_id": 729011159, "dual_carriageway": "yes", "highway": "tertiary", "name": "Chinna Waltair Main Road", "oneway": "yes", "surface": "asphalt"}, "geometry": {"type": "LineString", "coordinates": [[83.3200966, 17.7211377], [83.320226, 17.7211271], [83.320346, 17.7211172], [83.3205727, 17.7210634], [83.3208005, 17.7210126]]}}, {"type": "Feature", "properties": {"osm_id": 729011746, "highway": "tertiary", "oneway": "yes"}, "geometry": {"type": "LineString", "coordinates": [[83.3005521, 17.7143507], [83.3006137, 17.7143792], [83.3006443, 17.7143933], [83.3007231, 17.714436], [83.301129, 17.7147118], [83.301782, 17.7151412], [83.3018364, 17.715177], [83.3018756, 17.7152328], [83.3018975, 17.7152641], [83.3019772, 17.7154289], [83.3020744, 17.7156867], [83.3021577, 17.7159031], [83.302311, 17.716359], [83.3024227, 17.7166883], [83.3024938, 17.7169852], [83.3025104, 17.7170547], [83.3025213, 17.7171001], [83.3026229, 17.7176339], [83.3027172, 17.7180924], [83.3027704, 17.7183907], [83.3028178, 17.7186018], [83.3028699, 17.7188677], [83.3028814, 17.7189261], [83.3029349, 17.7191883], [83.3029597, 17.7193215], [83.3030053, 17.7195489], [83.3031167, 17.7200246], [83.3031699, 17.7203337], [83.303218, 17.7207042], [83.3032327, 17.7210113], [83.3032339, 17.7210356]]}}, {"type": "Feature", "properties": {"osm_id": 729056942, "highway": "tertiary", "oneway": "yes"}, "geometry": {"type": "LineString", "coordinates": [[83.3335871, 17.7611966], [83.3337215, 17.7611926], [83.3337504, 17.7611913], [83.3337758, 17.7611997], [83.3338375, 17.7612354], [83.3339341, 17.7613248], [83.3340407, 17.7613727]]}}, {"type": "Feature", "properties": {"osm_id": 729056943, "highway": "tertiary", "oneway": "yes"}, "geometry": {"type": "LineString", "coordinates": [[83.3338536, 17.7607986], [83.3337919, 17.7609768], [83.3337571, 17.7610354], [83.3337175, 17.7610777], [83.3335871, 17.7611966]]}}, {"type": "Feature", "properties": {"osm_id": 729056944, "highway": "tertiary", "oneway": "yes"}, "geometry": {"type": "LineString", "coordinates": [[83.3335871, 17.7611966], [83.3339202, 17.7610533], [83.3340625, 17.7610043]]}}, {"type": "Feature", "properties": {"osm_id": 729057037, "highway": "tertiary", "lanes": "1", "oneway": "yes"}, "geometry": {"type": "LineString", "coordinates": [[83.3531217, 17.7982654], [83.3530052, 17.7988771], [83.3529307, 17.7993153], [83.352908, 17.7995371], [83.3528715, 17.8001265], [83.3528011, 17.8006416], [83.3528254, 17.8012906], [83.3528545, 17.8016225], [83.3528909, 17.8019509], [83.35296, 17.8026042], [83.3530404, 17.8030402]]}}, {"type": "Feature", "properties": {"osm_id": 729081888, "highway": "primary", "name": "Vishakapatnam - Srungavarapukota - Araku Road", "network": "IN:SH:AP", "oneway": "yes", "ref": "SH39"}, "geometry": {"type": "LineString", "coordinates": [[83.2285889, 17.7440242], [83.2287143, 17.7439868], [83.2287848, 17.7439658], [83.2295702, 17.7438874], [83.2300658, 17.743838], [83.2304664, 17.7438051], [83.2305717, 17.7437965], [83.2312676, 17.7437295], [83.2318693, 17.743672], [83.2323092, 17.7436337], [83.2323606, 17.7436273], [83.2327625, 17.7435775], [83.2328342, 17.7435667], [83.2331774, 17.7435257], [83.2333932, 17.7434964]]}}, {"type": "Feature", "properties": {"osm_id": 729081889, "highway": "primary", "name": "Vishakapatnam - Srungavarapukota - Araku Road", "network": "IN:SH:AP", "oneway": "yes", "ref": "SH39"}, "geometry": {"type": "LineString", "coordinates": [[83.2336572, 17.7432664], [83.2335251, 17.7432928], [83.2333809, 17.7433215], [83.2333244, 17.7433321], [83.233185, 17.7433581], [83.2327142, 17.7434445], [83.2319944, 17.7435173], [83.2313276, 17.743581], [83.2304405, 17.7436657], [83.2301164, 17.7436966], [83.2295972, 17.7437462], [83.2287151, 17.7438304], [83.2286784, 17.7438372], [83.228555, 17.74386], [83.2285117, 17.743868], [83.2283053, 17.7439062], [83.2279854, 17.7439653], [83.227871, 17.7439865], [83.2271872, 17.7441239], [83.2267111, 17.7442196], [83.2264198, 17.7442781], [83.2259658, 17.7443694], [83.2255209, 17.7444846], [83.225078, 17.7445993], [83.2244906, 17.7447731], [83.2242995, 17.7448522], [83.2239447, 17.7449991], [83.2232328, 17.7454313], [83.2228276, 17.745685], [83.222212, 17.7461032], [83.2215133, 17.7465814], [83.221221, 17.7468218], [83.2208833, 17.7470962], [83.2203439, 17.7475346], [83.2196948, 17.7480685], [83.219563, 17.74819], [83.2190457, 17.7487377], [83.218823, 17.7490269], [83.2184985, 17.7495807], [83.2184596, 17.7496471], [83.2182208, 17.7502105], [83.2181391, 17.7504033], [83.2180581, 17.7505681], [83.2179932, 17.7507001], [83.2178464, 17.7510999], [83.2177924, 17.7512818], [83.2177609, 17.7515094], [83.2177245, 17.7517569], [83.2177111, 17.7518267], [83.2176134, 17.7525338], [83.2175732, 17.7527994], [83.2175236, 17.7532385], [83.2174283, 17.7542478], [83.2174209, 17.754311], [83.2173049, 17.7553002], [83.217288, 17.7555171], [83.2172347, 17.756204]]}}, {"type": "Feature", "properties": {"osm_id": 729086301, "highway": "tertiary"}, "geometry": {"type": "LineString", "coordinates": [[83.246528, 17.747375], [83.2465265, 17.7474866]]}}, {"type": "Feature", "properties": {"osm_id": 729761435, "highway": "tertiary"}, "geometry": {"type": "LineString", "coordinates": [[83.2040129, 17.6765807], [83.2042296, 17.6764125]]}}, {"type": "Feature", "properties": {"osm_id": 729764937, "highway": "secondary", "oneway": "yes"}, "geometry": {"type": "LineString", "coordinates": [[83.2040155, 17.6852447], [83.2039194, 17.6852161], [83.2038456, 17.6851905], [83.2037819, 17.6851778], [83.2037316, 17.6851771], [83.2036713, 17.6851886], [83.2036237, 17.6852078], [83.2035926, 17.685216], [83.2035381, 17.6852321], [83.2034667, 17.6853016]]}}, {"type": "Feature", "properties": {"osm_id": 729766867, "highway": "tertiary"}, "geometry": {"type": "LineString", "coordinates": [[83.3840233, 17.7821751], [83.384133, 17.7819616], [83.3844039, 17.7815146], [83.3845402, 17.7812741], [83.3845694, 17.7812218], [83.3845822, 17.7811696], [83.3846003, 17.7811006], [83.384707, 17.7804215], [83.3847239, 17.7803682], [83.384749, 17.7803304], [83.3849141, 17.7800887], [83.3851735, 17.7796808], [83.3852975, 17.77939], [83.3853127, 17.7793292], [83.3853076, 17.7792761], [83.3852374, 17.778843], [83.3852007, 17.7787434], [83.3849737, 17.778299], [83.3845407, 17.7776637], [83.3841249, 17.7772723], [83.3837199, 17.7769964], [83.3830252, 17.7767206], [83.3825183, 17.7766337], [83.3817673, 17.776672], [83.3808994, 17.7768288], [83.3806708, 17.7768795], [83.3799809, 17.7771318], [83.3795879, 17.7774725]]}}, {"type": "Feature", "properties": {"osm_id": 729772199, "highway": "secondary", "lanes": "2", "name": "Akkayyapalem Road"}, "geometry": {"type": "LineString", "coordinates": [[83.2999247, 17.7351365], [83.2998215, 17.7346548], [83.2996533, 17.7341453], [83.2995835, 17.7338792], [83.2995596, 17.7337414], [83.299547, 17.7336294], [83.2995154, 17.7332354], [83.2995128, 17.7332033]]}}, {"type": "Feature", "properties": {"osm_id": 729772494, "frontage_road": "yes", "highway": "tertiary", "lanes": "2", "oneway": "yes", "surface": "asphalt"}, "geometry": {"type": "LineString", "coordinates": [[83.3529067, 17.7914037], [83.3527914, 17.7911036], [83.3526728, 17.7909163]]}}, {"type": "Feature", "properties": {"osm_id": 729772495, "frontage_road": "yes", "highway": "tertiary", "lanes": "2", "oneway": "yes", "surface": "asphalt"}, "geometry": {"type": "LineString", "coordinates": [[83.3529968, 17.7923507], [83.35303, 17.7921023], [83.3529279, 17.7915111]]}}, {"type": "Feature", "properties": {"osm_id": 729784034, "highway": "tertiary"}, "geometry": {"type": "LineString", "coordinates": [[83.3850811, 17.7952959], [83.3852917, 17.7952857], [83.3853829, 17.7952857]]}}, {"type": "Feature", "properties": {"osm_id": 729784035, "highway": "tertiary"}, "geometry": {"type": "LineString", "coordinates": [[83.3815312, 17.7936001], [83.3820588, 17.7938834], [83.382132, 17.793927], [83.38323, 17.794388], [83.3834946, 17.7944991], [83.3839184, 17.7946836], [83.3842631, 17.7948336], [83.3843368, 17.7948718], [83.384534, 17.7949741], [83.3848706, 17.7951312], [83.3850811, 17.7952959], [83.3853346, 17.7955079]]}}, {"type": "Feature", "properties": {"osm_id": 729784039, "highway": "tertiary"}, "geometry": {"type": "LineString", "coordinates": [[83.3853829, 17.7952857], [83.3853346, 17.7955079], [83.3856997, 17.7959743], [83.3857504, 17.7960391], [83.3859776, 17.7963745], [83.3860427, 17.7964707], [83.3860772, 17.7965546], [83.3861634, 17.7967644], [83.3863398, 17.7973424], [83.386437, 17.7976608], [83.3867455, 17.7984244], [83.3868379, 17.798645], [83.3871424, 17.7993718], [83.3872659, 17.799688]]}}, {"type": "Feature", "properties": {"osm_id": 729788958, "highway": "tertiary", "oneway": "yes"}, "geometry": {"type": "LineString", "coordinates": [[83.2054931, 17.6923845], [83.2054067, 17.6924804], [83.2053436, 17.6926103], [83.2052784, 17.6927914], [83.2052254, 17.6929674], [83.2052132, 17.6930079], [83.2051121, 17.6933825], [83.2050551, 17.6935648], [83.2049997, 17.6938391], [83.2049633, 17.6940896], [83.20496, 17.694114], [83.204932, 17.6944014], [83.2049212, 17.6947828], [83.2049354, 17.6951884], [83.204952, 17.6954457], [83.2049864, 17.6956686]]}}, {"type": "Feature", "properties": {"osm_id": 729795504, "highway": "secondary", "ref": "MDR0109"}, "geometry": {"type": "LineString", "coordinates": [[83.2107004, 17.7390841], [83.2109132, 17.7390002], [83.2115865, 17.7387383], [83.211915, 17.7386138], [83.2120988, 17.738578], [83.2122483, 17.7385653], [83.2123227, 17.7385659], [83.2123697, 17.738571], [83.2124294, 17.7386068], [83.2124437, 17.7386347], [83.2125232, 17.7387894], [83.2126413, 17.7391273], [83.2126537, 17.7391596], [83.2127459, 17.7393994], [83.2129175, 17.7397494], [83.2130603, 17.7400438], [83.2131884, 17.7403535], [83.213291, 17.7405464], [83.2134305, 17.7406735], [83.2135653, 17.7407942], [83.2136907, 17.7410126], [83.2137328, 17.7411219], [83.2137443, 17.7411519], [83.2138154, 17.7414655], [83.2138657, 17.7416098], [83.2139193, 17.7418205], [83.2139413, 17.7419388], [83.2139602, 17.7420409], [83.2139897, 17.742364], [83.2140119, 17.7424911], [83.2140137, 17.7425117], [83.2140272, 17.7426628], [83.2140353, 17.742753], [83.214036, 17.7429037], [83.214008, 17.7430508], [83.2139871, 17.7431311], [83.2139669, 17.7432186], [83.213946, 17.7433432], [83.2139408, 17.7434229], [83.2139535, 17.7436362], [83.2139797, 17.7438949], [83.2139816, 17.743924], [83.2139938, 17.7441065], [83.2140018, 17.7442257], [83.2140186, 17.7443988], [83.2140205, 17.7445123], [83.2140266, 17.7448382], [83.2139978, 17.7452041], [83.2139728, 17.7453321], [83.2139334, 17.7455343], [83.2138536, 17.7458964], [83.2138147, 17.7460433], [83.213785, 17.7461753], [83.2137829, 17.746378], [83.2137993, 17.7467541], [83.213818, 17.7471355], [83.213859, 17.7475347], [83.2144296, 17.7473985], [83.2145523, 17.7473848], [83.2147505, 17.7474372], [83.214843, 17.7474799], [83.2149657, 17.7475725], [83.2149989, 17.7476121], [83.2150234, 17.7476639]]}}, {"type": "Feature", "properties": {"osm_id": 729795693, "highway": "tertiary"}, "geometry": {"type": "LineString", "coordinates": [[83.1879441, 17.7031721], [83.1881202, 17.703842], [83.188182, 17.7040845], [83.1882543, 17.7043571], [83.1883196, 17.7046434], [83.1883852, 17.7049411], [83.1884033, 17.7050176], [83.1884497, 17.7052117], [83.188523, 17.7054859], [83.1885848, 17.7056917], [83.18861, 17.7057577], [83.1886947, 17.705937], [83.1887394, 17.7060316], [83.1888186, 17.7061596], [83.1888453, 17.7062115], [83.188883, 17.7062903], [83.1889117, 17.706354], [83.1889417, 17.706435], [83.1889545, 17.7064825], [83.1889946, 17.7066461], [83.1890205, 17.7067697], [83.1890828, 17.7070102], [83.1890909, 17.7070438], [83.1891112, 17.7071356], [83.1891565, 17.7073407], [83.1892028, 17.7075963], [83.189215, 17.7076816], [83.189244, 17.7078883], [83.189301, 17.7081479], [83.1893538, 17.7083281], [83.1893792, 17.708415], [83.1894591, 17.7086876], [83.1895475, 17.7089657], [83.1896289, 17.7092519], [83.1897479, 17.7096439], [83.1897678, 17.7096936], [83.1898016, 17.7097256], [83.189882, 17.7097563], [83.19022, 17.7098636], [83.1903487, 17.7099147], [83.1905204, 17.7100118], [83.1906963, 17.7101233], [83.1908915, 17.7102714], [83.1911459, 17.7105302], [83.1915242, 17.7108779], [83.1918268, 17.7111241], [83.1920873, 17.7113362], [83.1921629, 17.7114071], [83.1922694, 17.7115463]]}}, {"type": "Feature", "properties": {"osm_id": 729796174, "bridge": "yes", "highway": "secondary", "layer": "1", "name": "Adarsh Nagar Road", "oneway": "yes", "source": "Bing"}, "geometry": {"type": "LineString", "coordinates": [[83.3366134, 17.7382993], [83.3367616, 17.7384511]]}}, {"type": "Feature", "properties": {"osm_id": 729796175, "dual_carriageway": "yes", "highway": "secondary", "lanes": "2", "name": "Adarsh Nagar Road", "oneway": "yes", "source": "Bing", "surface": "asphalt"}, "geometry": {"type": "LineString", "coordinates": [[83.3318231, 17.7338613], [83.3318494, 17.7339155], [83.3326068, 17.734708], [83.3326634, 17.7347605], [83.3333025, 17.7353424], [83.3334084, 17.7354403], [83.3338214, 17.7358152], [83.3340128, 17.735987], [83.3342929, 17.7362251], [83.3347978, 17.7366808], [83.3349052, 17.7367744], [83.3349778, 17.7368376], [83.335051, 17.7369005], [83.3351917, 17.7370279], [83.33584, 17.7376148], [83.3365984, 17.7382861], [83.3366134, 17.7382993]]}}, {"type": "Feature", "properties": {"osm_id": 729796176, "highway": "secondary", "lanes": "2", "name": "Adarsh Nagar Road", "oneway": "yes", "source": "Bing", "surface": "asphalt"}, "geometry": {"type": "LineString", "coordinates": [[83.3367616, 17.7384511], [83.3368392, 17.7385406], [83.3374751, 17.7393105], [83.3377574, 17.7397891], [83.3379997, 17.740322]]}}, {"type": "Feature", "properties": {"osm_id": 729796177, "highway": "tertiary", "name": "Adarsh Nagar Road", "oneway": "no", "source": "Bing"}, "geometry": {"type": "LineString", "coordinates": [[83.3366797, 17.7382241], [83.3367215, 17.7382614]]}}, {"type": "Feature", "properties": {"osm_id": 729798210, "highway": "tertiary", "service": "driveway", "surface": "asphalt"}, "geometry": {"type": "LineString", "coordinates": [[83.2048507, 17.7106136], [83.2049207, 17.7106206]]}}, {"type": "Feature", "properties": {"osm_id": 729798212, "highway": "tertiary", "oneway": "yes"}, "geometry": {"type": "LineString", "coordinates": [[83.2048507, 17.7106136], [83.2047746, 17.711106], [83.204734, 17.7113683], [83.2045704, 17.712427], [83.2042031, 17.7145175], [83.2041942, 17.7145807], [83.2041112, 17.715171], [83.2040853, 17.7153548], [83.2039296, 17.7164614]]}}, {"type": "Feature", "properties": {"osm_id": 729799612, "highway": "tertiary", "oneway": "yes"}, "geometry": {"type": "LineString", "coordinates": [[83.1942025, 17.6745241], [83.1941709, 17.6745858], [83.1941964, 17.674985], [83.1942509, 17.6754749], [83.1943486, 17.6763538], [83.1943691, 17.6765654], [83.1944787, 17.6774109], [83.1944434, 17.6777498]]}}, {"type": "Feature", "properties": {"osm_id": 729855341, "highway": "tertiary"}, "geometry": {"type": "LineString", "coordinates": [[83.278374, 17.7321461], [83.2785122, 17.7321279], [83.278754, 17.732108]]}}, {"type": "Feature", "properties": {"osm_id": 729856670, "highway": "tertiary"}, "geometry": {"type": "LineString", "coordinates": [[83.2336016, 17.6901504], [83.2338724, 17.6907683], [83.234058, 17.6912288], [83.2341579, 17.6914456], [83.2342257, 17.6916338], [83.2344536, 17.6923156], [83.2346284, 17.6927277], [83.2347836, 17.6930937], [83.2349378, 17.693316], [83.2352499, 17.6937327], [83.2353012, 17.6938424], [83.2353412, 17.6939729], [83.2354434, 17.6944621], [83.235566, 17.6952158], [83.2356123, 17.6955314], [83.2356511, 17.6956931], [83.2357202, 17.6959806], [83.2358725, 17.6965434], [83.2359169, 17.6967062], [83.2361436, 17.6975364], [83.236185, 17.6976882], [83.2364573, 17.6988521], [83.2367617, 17.7000671], [83.2368368, 17.7003916], [83.2368301, 17.700527], [83.2368036, 17.7005982], [83.2367858, 17.7006459], [83.2366838, 17.7008156]]}}, {"type": "Feature", "properties": {"osm_id": 730047982, "highway": "secondary", "name": "RTC Complex Road", "oneway": "yes"}, "geometry": {"type": "LineString", "coordinates": [[83.3052053, 17.7238973], [83.3054542, 17.724089], [83.305644, 17.7242557], [83.3057301, 17.7243321], [83.3057914, 17.7243662], [83.3058527, 17.7244002], [83.3059206, 17.7244571], [83.3059828, 17.72452], [83.306016, 17.7245687], [83.3060257, 17.7245829], [83.3060459, 17.7246287]]}}, {"type": "Feature", "properties": {"osm_id": 730051862, "highway": "tertiary", "name": "Nowroji Road", "oneway": "yes"}, "geometry": {"type": "LineString", "coordinates": [[83.3063641, 17.7147105], [83.306419, 17.7147121], [83.3064926, 17.7147173], [83.3065493, 17.7147262], [83.3068907, 17.7148025], [83.3071844, 17.7148741], [83.3072954, 17.7149033], [83.3075733, 17.714975], [83.307812, 17.7150479], [83.3080713, 17.7151289], [83.3082788, 17.7152011], [83.3091357, 17.7154464], [83.3095385, 17.7155559], [83.3096672, 17.7155715], [83.3099053, 17.7155531], [83.3100912, 17.7155156], [83.3103299, 17.7154479], [83.3107302, 17.7153465], [83.3110933, 17.7152383], [83.3114148, 17.7151332], [83.3115811, 17.7150728], [83.3118697, 17.7149571], [83.3121932, 17.7148224], [83.312484, 17.7146824], [83.3125784, 17.7146339], [83.3128303, 17.7145142], [83.3131806, 17.714347], [83.3134476, 17.7142362], [83.3137183, 17.7141318], [83.3139101, 17.7140514], [83.3141346, 17.7139488], [83.3142883, 17.7138508], [83.314421, 17.713746], [83.3144733, 17.7136988], [83.3146015, 17.7135751], [83.314712, 17.7134318], [83.3148462, 17.7132529], [83.3149456, 17.7131096], [83.3150993, 17.7129078], [83.3152493, 17.7127112], [83.3154753, 17.7124251], [83.3157033, 17.7121345], [83.3158641, 17.7119166], [83.3159626, 17.7117901], [83.3163026, 17.7113341], [83.3165587, 17.7109981], [83.3166508, 17.7108831], [83.3167791, 17.7107229], [83.316793, 17.7107028], [83.3168444, 17.7106283]]}}, {"type": "Feature", "properties": {"osm_id": 730052103, "frontage_road": "yes", "highway": "tertiary", "lanes": "2", "oneway": "yes", "surface": "asphalt"}, "geometry": {"type": "LineString", "coordinates": [[83.3529279, 17.7915111], [83.3529067, 17.7914037]]}}, {"type": "Feature", "properties": {"osm_id": 730059701, "highway": "secondary", "lanes": "4", "maxspeed": "60", "name": "Yendada Road", "oneway": "yes", "ref": "MDR0118", "surface": "asphalt"}, "geometry": {"type": "LineString", "coordinates": [[83.3600293, 17.7815902], [83.3603794, 17.7814562], [83.3609815, 17.7812343], [83.3612879, 17.7811322], [83.3616427, 17.7810249], [83.3622301, 17.7808927], [83.3630348, 17.7807774]]}}, {"type": "Feature", "properties": {"osm_id": 730059704, "highway": "secondary", "lanes": "4", "maxspeed": "60", "name": "Yendada Road", "oneway": "yes", "ref": "MDR0118", "surface": "asphalt"}, "geometry": {"type": "LineString", "coordinates": [[83.3832449, 17.7844875], [83.3831585, 17.7845153], [83.3828721, 17.7845174], [83.3826684, 17.7844904], [83.3818473, 17.7842433], [83.3808079, 17.7839451], [83.3800747, 17.7837832], [83.3793467, 17.7840439], [83.3786928, 17.7842752], [83.3785089, 17.7843094], [83.3783077, 17.7842961], [83.3782716, 17.7842937], [83.3782637, 17.7842891], [83.378247, 17.7842794], [83.3780235, 17.7841489], [83.3778132, 17.7839848], [83.3775325, 17.78385], [83.3773364, 17.7837991], [83.3759526, 17.7833628], [83.3756176, 17.7832572], [83.3755298, 17.7832295], [83.3755003, 17.7832213], [83.374186, 17.782904], [83.3735248, 17.7827099], [83.3728847, 17.7824934], [83.3719095, 17.7821728], [83.3708888, 17.7818373], [83.370384, 17.7818696], [83.3698795, 17.7819169], [83.3696223, 17.7818939], [83.3694244, 17.7818431], [83.3691481, 17.7817442], [83.3686915, 17.7815198], [83.3685253, 17.7814342], [83.3684563, 17.7813986], [83.3682644, 17.7813107], [83.3678594, 17.7811082], [83.3676749, 17.7810153], [83.3675008, 17.7809234], [83.3671949, 17.7807733], [83.3667693, 17.7805721], [83.3663861, 17.7804673], [83.3648007, 17.7804883]]}}, {"type": "Feature", "properties": {"osm_id": 730917407, "highway": "tertiary"}, "geometry": {"type": "LineString", "coordinates": [[83.1941862, 17.6744589], [83.1943403, 17.674437], [83.1952881, 17.6743824], [83.1960301, 17.6743132], [83.1976099, 17.6742001], [83.1984936, 17.6741372], [83.1989778, 17.6740831], [83.199075, 17.6740765], [83.199181, 17.6740638]]}}, {"type": "Feature", "properties": {"osm_id": 741790492, "highway": "primary", "name": "Station Road", "name:ur": "اسٹیشن روڈ", "oneway": "yes"}, "geometry": {"type": "LineString", "coordinates": [[83.297338, 17.7248777], [83.2968244, 17.7247055], [83.2965387, 17.7246046], [83.2964167, 17.7246097]]}}, {"type": "Feature", "properties": {"osm_id": 741795751, "highway": "tertiary", "oneway": "yes", "source": "Bing"}, "geometry": {"type": "LineString", "coordinates": [[83.312585, 17.714853], [83.3125949, 17.7148045], [83.3125947, 17.7147589], [83.3125895, 17.7147181], [83.3125784, 17.7146339], [83.3125697, 17.7145541]]}}, {"type": "Feature", "properties": {"osm_id": 741795752, "highway": "tertiary"}, "geometry": {"type": "LineString", "coordinates": [[83.3124142, 17.7137772], [83.3124883, 17.7137633]]}}, {"type": "Feature", "properties": {"osm_id": 741795753, "highway": "tertiary", "oneway": "yes"}, "geometry": {"type": "LineString", "coordinates": [[83.3124708, 17.71461], [83.312484, 17.7146824], [83.3125054, 17.7147294], [83.3125491, 17.7148039], [83.312585, 17.714853]]}}, {"type": "Feature", "properties": {"osm_id": 741795755, "highway": "tertiary", "oneway": "yes"}, "geometry": {"type": "LineString", "coordinates": [[83.311084, 17.7104399], [83.3112332, 17.7108307], [83.3113145, 17.7109926], [83.3114337, 17.7112299], [83.3114792, 17.7114428], [83.311658, 17.7119239], [83.3117174, 17.7120489], [83.3119768, 17.7124931], [83.3120676, 17.7126509], [83.3121584, 17.7128366], [83.3122346, 17.712986], [83.3123067, 17.7131713], [83.3123615, 17.7134014], [83.31239, 17.7135594], [83.3124142, 17.7137772]]}}, {"type": "Feature", "properties": {"osm_id": 741795756, "highway": "tertiary"}, "geometry": {"type": "LineString", "coordinates": [[83.311084, 17.7104399], [83.3109522, 17.7104043], [83.3109081, 17.7103832], [83.3108757, 17.7103573], [83.310471, 17.709654], [83.310326, 17.7094125], [83.3102885, 17.7093528], [83.3101214, 17.7091782], [83.3098926, 17.7090496], [83.3083169, 17.7084531], [83.3082578, 17.7084241], [83.3080912, 17.7083004], [83.3080026, 17.7082031]]}}, {"type": "Feature", "properties": {"osm_id": 741803433, "highway": "primary", "name": "Station Road", "name:ur": "اسٹیشن روڈ", "oneway": "yes"}, "geometry": {"type": "LineString", "coordinates": [[83.2988892, 17.725224], [83.2985531, 17.7252267], [83.2982818, 17.7251943], [83.2980042, 17.7251254], [83.2975054, 17.7249427], [83.297338, 17.7248777]]}}, {"type": "Feature", "properties": {"osm_id": 741813868, "highway": "primary", "oneway": "yes"}, "geometry": {"type": "LineString", "coordinates": [[83.3061625, 17.7248403], [83.3064629, 17.7248244], [83.307355, 17.7247597], [83.3075306, 17.7247438], [83.3078942, 17.724711], [83.3080013, 17.7247013], [83.3084357, 17.7246622], [83.3085363, 17.7246532], [83.3087368, 17.7246378], [83.3090124, 17.7246149], [83.3093262, 17.7245867], [83.3098371, 17.7245088], [83.3101266, 17.7244572], [83.3102526, 17.7243767]]}}, {"type": "Feature", "properties": {"osm_id": 741815728, "highway": "primary", "oneway": "yes", "surface": "asphalt"}, "geometry": {"type": "LineString", "coordinates": [[83.2963582, 17.7246964], [83.2964141, 17.7247779], [83.2966143, 17.7248489], [83.2967411, 17.7249002], [83.2971449, 17.7250517], [83.2974013, 17.7251439]]}}, {"type": "Feature", "properties": {"osm_id": 741816709, "highway": "primary", "oneway": "yes"}, "geometry": {"type": "LineString", "coordinates": [[83.3034401, 17.725068], [83.304588, 17.7249725], [83.3047483, 17.7249635], [83.3052215, 17.7249266], [83.3052747, 17.7249227], [83.3057252, 17.7248807], [83.3060721, 17.7248484], [83.3061625, 17.7248403]]}}, {"type": "Feature", "properties": {"osm_id": 741834800, "highway": "primary", "name": "Vishakapatnam - Srungavarapukota - Araku Road", "network": "IN:SH:AP", "oneway": "yes", "ref": "SH39"}, "geometry": {"type": "LineString", "coordinates": [[83.2171271, 17.7648829], [83.2171185, 17.765307], [83.2171024, 17.7659865], [83.2170876, 17.7664796], [83.2170756, 17.7668779], [83.2170715, 17.7671271], [83.2170703, 17.7672036], [83.2170515, 17.7674897], [83.2170374, 17.767637], [83.217022, 17.7677987], [83.2169884, 17.7680835], [83.2169861, 17.7682091], [83.2169831, 17.7683734], [83.2169975, 17.7688063], [83.2170019, 17.7689443], [83.2169951, 17.7694986], [83.2169643, 17.7702585], [83.2169592, 17.7703936], [83.2169375, 17.770966], [83.2169304, 17.771114], [83.21692, 17.7713325], [83.2169036, 17.7715357], [83.2168946, 17.7716467], [83.2168798, 17.771745], [83.2168644, 17.7718474], [83.2168503, 17.7719417], [83.2167935, 17.7722043], [83.2167785, 17.7722735], [83.216743, 17.7725134], [83.2167296, 17.7725854], [83.216705, 17.7727133], [83.216684, 17.7729544], [83.2166488, 17.7731723], [83.2166354, 17.7732707], [83.2166162, 17.7733744], [83.2166067, 17.7736116], [83.2166049, 17.7737501], [83.2165933, 17.7738671], [83.2165781, 17.7740195], [83.2165615, 17.7740951], [83.2165351, 17.7742152], [83.2165178, 17.7743554], [83.2165177, 17.7743771], [83.2164788, 17.7745585], [83.2164557, 17.774734], [83.2164359, 17.7748394], [83.2164104, 17.7751255], [83.2164067, 17.7752264], [83.2164031, 17.7753232], [83.216401, 17.7753784], [83.2164001, 17.7753885], [83.2163827, 17.7755923], [83.2163755, 17.7756772], [83.2163605, 17.7758614], [83.2163496, 17.7759946], [83.2163224, 17.7762402], [83.2163165, 17.7762937], [83.2162495, 17.7769875], [83.2162253, 17.7771129], [83.2162029, 17.7772292], [83.2161614, 17.7774444], [83.2161277, 17.7776346], [83.2160862, 17.7778685], [83.2160765, 17.7779376], [83.2160228, 17.7781938], [83.2159807, 17.7783723], [83.2159236, 17.7786311], [83.2156809, 17.7796093], [83.2156223, 17.7798166], [83.2154374, 17.7804661], [83.2154109, 17.7805638], [83.2151634, 17.7815622], [83.2151208, 17.781734], [83.2150398, 17.7820782], [83.2149587, 17.7824233], [83.2147392, 17.7833036], [83.2145076, 17.7842047], [83.2143095, 17.7849388], [83.2142316, 17.7852273], [83.2142042, 17.7853461]]}}, {"type": "Feature", "properties": {"osm_id": 742087535, "cutting": "yes", "highway": "primary", "lanes": "1", "maxspeed": "40", "name": "Simhachalam Road", "oneway": "yes", "source": "bing", "surface": "asphalt"}, "geometry": {"type": "LineString", "coordinates": [[83.2343815, 17.7707183], [83.2345743, 17.7707387]]}}, {"type": "Feature", "properties": {"osm_id": 742087536, "highway": "primary", "lanes": "3", "maxspeed": "40", "name": "Simhachalam Road", "oneway": "yes", "source": "bing", "surface": "asphalt"}, "geometry": {"type": "LineString", "coordinates": [[83.243399, 17.7722998], [83.2433567, 17.7722953], [83.2427803, 17.7722264], [83.2419708, 17.7721191], [83.2418358, 17.7721018], [83.241187, 17.7720113], [83.2407815, 17.7719499], [83.240576, 17.7719102], [83.2404588, 17.7718875], [83.2402049, 17.7718384], [83.240066, 17.7718104], [83.2399373, 17.7717844], [83.2394071, 17.7716774], [83.2390639, 17.7716117], [83.2390093, 17.7716012], [83.238569, 17.7715107], [83.2384462, 17.7714762], [83.2380803, 17.7713677], [83.2376698, 17.7712339], [83.2369624, 17.7710823], [83.2366476, 17.7710291], [83.2364137, 17.7709842], [83.2363876, 17.7709787]]}}, {"type": "Feature", "properties": {"osm_id": 742087537, "highway": "primary", "lanes": "1", "maxspeed": "40", "name": "Simhachalam Road", "source": "bing", "surface": "asphalt"}, "geometry": {"type": "LineString", "coordinates": [[83.2196594, 17.754234], [83.2195257, 17.7540233], [83.2194089, 17.7538878], [83.2191678, 17.7536913], [83.2189666, 17.7535517], [83.2187447, 17.7533717], [83.2186997, 17.7533286], [83.2186393, 17.7532707], [83.2185458, 17.7531614], [83.218461, 17.7530472], [83.2183993, 17.7529147], [83.2183336, 17.7527432], [83.2182901, 17.7526278], [83.2181461, 17.7522821]]}}, {"type": "Feature", "properties": {"osm_id": 742087543, "highway": "primary", "lane": "1", "oneway": "yes"}, "geometry": {"type": "LineString", "coordinates": [[83.2360764, 17.7709226], [83.2358187, 17.770872], [83.2356794, 17.7708472], [83.2350209, 17.7707182], [83.2348198, 17.7706872], [83.2345794, 17.7706501], [83.2340791, 17.7705571], [83.2334613, 17.7704181], [83.2328966, 17.7703147], [83.2324122, 17.7701826], [83.232245, 17.7701187], [83.2318787, 17.7699596], [83.2316725, 17.7698799], [83.23129, 17.7697349], [83.2307482, 17.7695082], [83.2306011, 17.7694223], [83.2296485, 17.7687681], [83.2288291, 17.7681589], [83.2284012, 17.7677923], [83.2273646, 17.7669596], [83.2273307, 17.7669297], [83.2270135, 17.7666504], [83.2267154, 17.7663878], [83.2263987, 17.7660652], [83.2258518, 17.7655019], [83.225622, 17.7652286], [83.2253569, 17.7649162], [83.2253054, 17.7648554], [83.2249103, 17.7643887], [83.2247053, 17.7640767], [83.2243298, 17.7635425], [83.2241325, 17.7632738], [83.2240662, 17.763187], [83.2239449, 17.7630171], [83.2236607, 17.7626554], [83.2233958, 17.7623054], [83.2232117, 17.7620054], [83.2230597, 17.7617648], [83.222895, 17.7615002], [83.2227771, 17.7613107], [83.2226701, 17.7611656], [83.2225034, 17.760928], [83.2221476, 17.7603467], [83.221972, 17.7600617], [83.2218593, 17.7598216], [83.22174, 17.7595323], [83.2216079, 17.7592117], [83.2215515, 17.7590545], [83.2213832, 17.7585769], [83.2212102, 17.7580137], [83.2210024, 17.7573847], [83.2208072, 17.7568189], [83.2207935, 17.7567873], [83.2205967, 17.7563335], [83.2205021, 17.7561209], [83.2202587, 17.755631], [83.2202105, 17.755518], [83.2200053, 17.7550908], [83.2199442, 17.7549433], [83.2198557, 17.7546635], [83.2197917, 17.7544732], [83.2197726, 17.7544164], [83.2197339, 17.7543541], [83.2196996, 17.7542987]]}}, {"type": "Feature", "properties": {"osm_id": 742359744, "highway": "tertiary", "oneway": "yes"}, "geometry": {"type": "LineString", "coordinates": [[83.3619708, 17.793755], [83.3615797, 17.7937457], [83.3612884, 17.7937457], [83.3602197, 17.7937112], [83.3598736, 17.7937104], [83.359572, 17.7936883], [83.3593789, 17.7936908], [83.3591307, 17.7936819], [83.35875, 17.7936831], [83.3583707, 17.7937045], [83.3579633, 17.7937199], [83.357704, 17.7937297], [83.3576145, 17.7937205], [83.3572116, 17.7937281]]}}, {"type": "Feature", "properties": {"osm_id": 742365007, "highway": "tertiary", "name": "Simhachalam Temple Ghat Road", "oneway": "yes", "surface": "asphalt"}, "geometry": {"type": "LineString", "coordinates": [[83.2581876, 17.7813732], [83.2581544, 17.781293], [83.2581333, 17.781242], [83.2581121, 17.7811494], [83.2581123, 17.7810874], [83.2581201, 17.7810472], [83.2581273, 17.7810161], [83.2581443, 17.7809757], [83.2581925, 17.780894], [83.2583087, 17.7807207]]}}, {"type": "Feature", "properties": {"osm_id": 742365008, "highway": "tertiary", "name": "Simhachalam Temple Ghat Road", "oneway": "yes"}, "geometry": {"type": "LineString", "coordinates": [[83.2583723, 17.7806258], [83.258314, 17.7806596]]}}, {"type": "Feature", "properties": {"osm_id": 742396540, "highway": "tertiary"}, "geometry": {"type": "LineString", "coordinates": [[83.2442786, 17.77304], [83.2442803, 17.7731433], [83.2442882, 17.7736217], [83.2442906, 17.7737641], [83.2442987, 17.7742102], [83.2443094, 17.7742852], [83.2443235, 17.7743583], [83.2444341, 17.7745253], [83.2446159, 17.7748093], [83.2451386, 17.7755045], [83.2454274, 17.7759008], [83.2454995, 17.7759587], [83.2456049, 17.7759838], [83.2457152, 17.7759944], [83.2473873, 17.7760161], [83.2476241, 17.7760221], [83.2483939, 17.7759815], [83.2485202, 17.7759804], [83.2489643, 17.7759765], [83.2493884, 17.7759711], [83.2495299, 17.7759524]]}}, {"type": "Feature", "properties": {"osm_id": 742396541, "highway": "tertiary", "oneway": "yes"}, "geometry": {"type": "LineString", "coordinates": [[83.2442786, 17.77304], [83.2443517, 17.7729364], [83.2444489, 17.7727986]]}}, {"type": "Feature", "properties": {"osm_id": 742760588, "highway": "tertiary"}, "geometry": {"type": "LineString", "coordinates": [[83.2489172, 17.682483], [83.2493064, 17.6826395], [83.2496331, 17.682833], [83.2496733, 17.6828548], [83.2498599, 17.6829561], [83.2500393, 17.6830377], [83.2513663, 17.6836873], [83.2516775, 17.6838585], [83.251892, 17.6840118], [83.2519805, 17.6841141], [83.2520618, 17.6842856], [83.2524687, 17.685494], [83.2525116, 17.6856588], [83.2525599, 17.6858441], [83.2525931, 17.6861392], [83.2527582, 17.6875626]]}}, {"type": "Feature", "properties": {"osm_id": 742761649, "highway": "tertiary", "oneway": "yes"}, "geometry": {"type": "LineString", "coordinates": [[83.2514941, 17.7177296], [83.2514278, 17.7176938], [83.2513207, 17.717636], [83.2511383, 17.7175849], [83.2509237, 17.7175543], [83.2505804, 17.7175083], [83.2502264, 17.717493], [83.2500555, 17.7175106], [83.2498294, 17.7175338], [83.2490087, 17.7176003], [83.2486492, 17.7176463], [83.2474154, 17.7177638], [83.2472482, 17.7177776], [83.2456237, 17.717912], [83.2454217, 17.7179322], [83.2453083, 17.7179436], [83.2450961, 17.7179648], [83.2445138, 17.7180231], [83.244245, 17.71805], [83.2439626, 17.7180634], [83.2438205, 17.7180702], [83.243494, 17.7180857], [83.2431198, 17.7181496], [83.2429415, 17.7182492], [83.2428503, 17.7183361], [83.2427806, 17.718423], [83.2427249, 17.7185194]]}}, {"type": "Feature", "properties": {"osm_id": 742771430, "highway": "tertiary", "name": "Costal Battery Road", "oneway": "yes"}, "geometry": {"type": "LineString", "coordinates": [[83.3083619, 17.7078029], [83.3082905, 17.7078555], [83.3082262, 17.7079331], [83.3080026, 17.7082031], [83.3079434, 17.7082325], [83.3076499, 17.7083519], [83.3070128, 17.7086693], [83.3067484, 17.7088128], [83.3057003, 17.7093684], [83.3056473, 17.7094375]]}}, {"type": "Feature", "properties": {"osm_id": 742771431, "highway": "tertiary", "name": "Costal Battery Road", "oneway": "yes"}, "geometry": {"type": "LineString", "coordinates": [[83.3056473, 17.7094375], [83.3057505, 17.7094388], [83.3063553, 17.7091225], [83.3068223, 17.7088783], [83.3070608, 17.708762], [83.3074486, 17.7085694], [83.3076297, 17.708489], [83.30772, 17.708452], [83.3078086, 17.708429], [83.3078657, 17.7084136], [83.3079891, 17.7083676], [83.3080441, 17.7083382], [83.3080912, 17.7083004], [83.3083558, 17.7078815], [83.3083619, 17.7078029]]}}, {"type": "Feature", "properties": {"osm_id": 742771432, "highway": "tertiary", "name": "Costal Battery Road", "oneway": "no"}, "geometry": {"type": "LineString", "coordinates": [[83.3056473, 17.7094375], [83.3055434, 17.7094823], [83.3051904, 17.709628]]}}, {"type": "Feature", "properties": {"osm_id": 742771510, "highway": "tertiary"}, "geometry": {"type": "LineString", "coordinates": [[83.2202552, 17.7449809], [83.2202963, 17.7448503], [83.2203714, 17.744697], [83.22047, 17.7445157], [83.2205672, 17.7443266], [83.2206207, 17.7442196], [83.2207254, 17.7440105], [83.2209092, 17.7436311], [83.2209516, 17.7435649], [83.2209796, 17.7435213], [83.2210325, 17.7434759], [83.2210734, 17.7434638], [83.2211378, 17.7434536], [83.2213893, 17.7434338], [83.2219483, 17.7433956], [83.2219693, 17.7433942], [83.2222167, 17.7433814], [83.2224119, 17.7433476], [83.2225137, 17.7433193], [83.2227568, 17.7432324], [83.2228015, 17.7431984], [83.223094, 17.7430658], [83.2232998, 17.7429967], [83.2234108, 17.7430024], [83.2234928, 17.7430793], [83.2236108, 17.7431368], [83.2237094, 17.7431292], [83.2239676, 17.7430059], [83.224215, 17.7428705], [83.2244483, 17.7426965], [83.2246814, 17.7425342], [83.2249217, 17.7423827], [83.2250534, 17.7422803], [83.2250882, 17.7422476], [83.2251322, 17.7422189]]}}, {"type": "Feature", "properties": {"osm_id": 742792068, "highway": "tertiary"}, "geometry": {"type": "LineString", "coordinates": [[83.3398926, 17.7370388], [83.3398776, 17.7369722]]}}, {"type": "Feature", "properties": {"osm_id": 742792069, "bridge": "yes", "highway": "tertiary", "layer": "1"}, "geometry": {"type": "LineString", "coordinates": [[83.3399275, 17.7372177], [83.3398926, 17.7370388]]}}, {"type": "Feature", "properties": {"osm_id": 742792070, "highway": "tertiary"}, "geometry": {"type": "LineString", "coordinates": [[83.3399384, 17.7372819], [83.3399275, 17.7372177]]}}, {"type": "Feature", "properties": {"osm_id": 743187110, "highway": "secondary", "lanes": "4", "maxspeed": "60", "name": "Yendada Road", "oneway": "yes", "ref": "MDR0118", "surface": "asphalt"}, "geometry": {"type": "LineString", "coordinates": [[83.3648007, 17.7804883], [83.3642469, 17.7805326], [83.3635328, 17.7806306], [83.3630229, 17.7806754]]}}, {"type": "Feature", "properties": {"osm_id": 743187111, "highway": "secondary", "oneway": "yes", "ref": "MDR0118"}, "geometry": {"type": "LineString", "coordinates": [[83.3581256, 17.7821174], [83.3582416, 17.7821477], [83.3582934, 17.7821626], [83.3583838, 17.7821646], [83.3584763, 17.7821519], [83.3588076, 17.7820472], [83.3592555, 17.781879], [83.3596543, 17.7817305], [83.3600293, 17.7815902]]}}, {"type": "Feature", "properties": {"osm_id": 743187112, "highway": "secondary", "name": "Yenadada Road", "oneway": "yes", "ref": "MDR0118"}, "geometry": {"type": "LineString", "coordinates": [[83.3630229, 17.7806754], [83.3629543, 17.7806807], [83.3627636, 17.7807067], [83.3623829, 17.7807612], [83.3621013, 17.7808186], [83.3617821, 17.7808914], [83.3616105, 17.7809361], [83.3613382, 17.7810166], [83.3611183, 17.7810855], [83.3608729, 17.7811711], [83.3606556, 17.7812541], [83.3604638, 17.7813295], [83.3603419, 17.7813757], [83.3601741, 17.7814393], [83.3599475, 17.7815223], [83.3596208, 17.7816456], [83.3592917, 17.7817675], [83.3592325, 17.78179], [83.3590731, 17.7818505], [83.3588639, 17.7819348], [83.3587807, 17.7819667], [83.3585031, 17.7820548], [83.3584039, 17.7820925], [83.3583543, 17.7821002], [83.3582655, 17.7820889], [83.3581388, 17.7820561]]}}, {"type": "Feature", "properties": {"osm_id": 747779881, "highway": "primary", "junction": "roundabout", "lanes": "2", "name": "Beach Road", "name:te": "బీచ్ రోడ్", "oneway": "yes", "surface": "asphalt"}, "geometry": {"type": "LineString", "coordinates": [[83.3179936, 17.7114874], [83.3179933, 17.7115133], [83.3180014, 17.711538], [83.3180172, 17.7115592], [83.318039, 17.7115746], [83.3180647, 17.7115829], [83.3180919, 17.7115832], [83.3181179, 17.7115754]]}}, {"type": "Feature", "properties": {"osm_id": 747779882, "highway": "primary", "lanes": "2", "name": "Beach Road", "name:te": "బీచ్ రోడ్", "oneway": "yes", "sidewalk:left": "yes", "sidewalk:left:surface": "paving_stones", "surface": "asphalt"}, "geometry": {"type": "LineString", "coordinates": [[83.3179604, 17.7113456], [83.3179305, 17.7113241], [83.3168917, 17.7105765], [83.316827, 17.7105326], [83.3168176, 17.7105262], [83.3166543, 17.7104159], [83.3166455, 17.7104099], [83.3149025, 17.70915], [83.3144757, 17.7088401], [83.3137656, 17.7083272], [83.3131218, 17.7078498], [83.3125412, 17.7074222], [83.3115287, 17.7066931], [83.3108544, 17.7062191], [83.3104513, 17.7059484], [83.3099157, 17.705403], [83.3098231, 17.7053088]]}}, {"type": "Feature", "properties": {"osm_id": 747779883, "highway": "primary", "lanes": "2", "name": "Beach Road", "name:te": "బీచ్ రోడ్", "oneway": "yes", "sidewalk:left": "yes", "sidewalk:left:surface": "paving_stones", "surface": "asphalt"}, "geometry": {"type": "LineString", "coordinates": [[83.3101009, 17.7057315], [83.3104646, 17.7060469], [83.3108095, 17.7062878], [83.3114848, 17.7067458], [83.3124881, 17.707476], [83.3130811, 17.7079023], [83.3137168, 17.7083762], [83.3143147, 17.7088022], [83.3144962, 17.7089306], [83.3149611, 17.7092633], [83.315379, 17.7095882], [83.3166125, 17.7104756], [83.3167791, 17.7105828], [83.3168444, 17.7106283], [83.3179338, 17.7114427], [83.3179936, 17.7114874]]}}, {"type": "Feature", "properties": {"osm_id": 761948532, "bicycle": "no", "dual_carriageway": "yes", "foot": "no", "highway": "primary", "horse": "no", "lanes": "2", "maxspeed": "70", "name": "Anakapalli - Visakhapatnam - Anandapuram Main Road", "oneway": "yes", "ref:old": "NH5", "source": "local knowledge", "surface": "asphalt"}, "geometry": {"type": "LineString", "coordinates": [[83.2231787, 17.7320503], [83.2180591, 17.7295614], [83.2172144, 17.7292095], [83.2154468, 17.728679], [83.2133852, 17.7280889]]}}, {"type": "Feature", "properties": {"osm_id": 763037649, "highway": "tertiary"}, "geometry": {"type": "LineString", "coordinates": [[83.3234963, 17.7383951], [83.3235692, 17.7383284]]}}, {"type": "Feature", "properties": {"osm_id": 776203181, "highway": "primary", "name": "Simhachalam - Pinagadi Road", "oneway": "yes", "service": "parking_aisle"}, "geometry": {"type": "LineString", "coordinates": [[83.221822, 17.7745175], [83.2212236, 17.7746568], [83.2208079, 17.7747462], [83.2203734, 17.7748101], [83.2200529, 17.7748216], [83.2196103, 17.7748216], [83.2192536, 17.7748356], [83.2189813, 17.7748714], [83.218807, 17.7749173], [83.2183738, 17.7750565], [83.2182492, 17.7750967], [83.218013, 17.7751728], [83.2175772, 17.7753349], [83.2171293, 17.7755367], [83.2168731, 17.7756376], [83.2167884, 17.7756791], [83.2167792, 17.7756836], [83.2167624, 17.7756989], [83.2167406, 17.7757349], [83.2167326, 17.7757767]]}}, {"type": "Feature", "properties": {"osm_id": 776276470, "highway": "primary", "name": "Simhachalam - Hanumanthuwaka Road", "oneway": "yes"}, "geometry": {"type": "LineString", "coordinates": [[83.2559003, 17.7810241], [83.2561146, 17.7811303], [83.2562282, 17.7811537], [83.2563082, 17.7811699], [83.2563869, 17.7811846], [83.2564627, 17.7811986], [83.2564803, 17.7812019], [83.2572232, 17.7812514], [83.2573749, 17.7812707], [83.2576496, 17.7813453], [83.2579633, 17.7814385], [83.2581546, 17.7815104], [83.2586113, 17.7817214], [83.2589571, 17.7819184], [83.2594602, 17.7822677], [83.2598477, 17.7825131], [83.2601564, 17.7826578], [83.2604192, 17.7827761], [83.2608938, 17.7829289], [83.2613159, 17.7830276], [83.2617055, 17.7830893], [83.2622994, 17.7831593], [83.2626582, 17.7831866], [83.2628429, 17.7831884], [83.2631609, 17.7831663], [83.263599, 17.7831082], [83.2639973, 17.7829781], [83.2643908, 17.7827809], [83.2646919, 17.7825774], [83.2647563, 17.7825247], [83.2649419, 17.7823725], [83.2651939, 17.7820943], [83.2652397, 17.7820292], [83.2653655, 17.7818571], [83.2657804, 17.7811584], [83.2658926, 17.7809933], [83.2662258, 17.7806035], [83.2665969, 17.7803055], [83.2667345, 17.7801855], [83.2670398, 17.7799694], [83.2673707, 17.7797605], [83.2678886, 17.7795074], [83.2680634, 17.7794343], [83.2683792, 17.7793065], [83.2687521, 17.7791924], [83.269099, 17.7790922], [83.2691633, 17.7790646], [83.2693535, 17.7789445], [83.2694439, 17.7788859], [83.2695925, 17.7787752], [83.2698623, 17.7785662], [83.2707149, 17.7779292], [83.2712627, 17.7774892], [83.2714959, 17.7772996], [83.2716627, 17.7771618], [83.2718088, 17.7770511], [83.2720021, 17.7769047], [83.2723837, 17.7766157], [83.2727632, 17.7763164], [83.2733509, 17.7757986], [83.2738788, 17.7753984], [83.2745338, 17.774945], [83.2751314, 17.7745529], [83.2757133, 17.7741748], [83.2775985, 17.7729815], [83.2782921, 17.7725856], [83.2788632, 17.7722663], [83.2795567, 17.7718936], [83.2799686, 17.7716496], [83.2800683, 17.7715799], [83.280486, 17.7712878], [83.2808611, 17.7710253], [83.2823279, 17.7698945], [83.2826759, 17.7696335], [83.2838031, 17.7687257], [83.2843185, 17.7683439], [83.2847299, 17.7680697], [83.2858571, 17.767416], [83.2864201, 17.7671448], [83.2869634, 17.7669055], [83.2873361, 17.7667213], [83.2879471, 17.766376], [83.288025, 17.766332]]}}, {"type": "Feature", "properties": {"osm_id": 776276471, "highway": "primary", "name": "Simhachalam - Hanumanthuwaka Road", "oneway": "yes"}, "geometry": {"type": "LineString", "coordinates": [[83.288025, 17.766332], [83.2880631, 17.7663083], [83.2881069, 17.7662829], [83.2885498, 17.7660261], [83.2890795, 17.7657195], [83.2895475, 17.7654756], [83.2901698, 17.7651474], [83.2915284, 17.7644118], [83.2923425, 17.7639787], [83.29376, 17.7632252], [83.2959379, 17.762072], [83.2964462, 17.7618127], [83.2966548, 17.7617086], [83.2968824, 17.7616131], [83.2971315, 17.7615432], [83.2973702, 17.7614896], [83.2975808, 17.7614628], [83.297786, 17.7614525], [83.2981092, 17.7614666], [83.2983694, 17.76151], [83.2985652, 17.7615636], [83.2992263, 17.7617437], [83.2993886, 17.7617807], [83.2995937, 17.7618178], [83.3006117, 17.7619507], [83.3016457, 17.7620937], [83.3024932, 17.7621971], [83.3040083, 17.7622986], [83.3044475, 17.7623656], [83.3045279, 17.762367], [83.3048186, 17.7623699], [83.3049503, 17.762356], [83.3050171, 17.7623489], [83.305097, 17.7623373], [83.3051573, 17.7623227], [83.3056408, 17.7622061], [83.3059855, 17.7621384], [83.306247, 17.7620949], [83.3065662, 17.7620605], [83.3070074, 17.762017], [83.3074915, 17.7619787], [83.3078872, 17.7619545], [83.3082466, 17.7619417], [83.3086798, 17.7619264], [83.3092819, 17.7618778], [83.3097969, 17.7618319], [83.3104125, 17.7617731], [83.3109838, 17.7617195], [83.3111539, 17.7616928], [83.3113258, 17.7616658], [83.311602, 17.7616109], [83.3119413, 17.7615292], [83.3127017, 17.7613146], [83.3132194, 17.7611793], [83.3133321, 17.7611499], [83.3136901, 17.7610694], [83.3139838, 17.7609774], [83.3142505, 17.7608979], [83.3146885, 17.7607813], [83.3147966, 17.7607559], [83.3148769, 17.7607404], [83.3157487, 17.7605725], [83.3162208, 17.7604831], [83.3166808, 17.7604052], [83.3171166, 17.7603261], [83.31746, 17.7602431], [83.3177561, 17.7601721], [83.3184444, 17.7600106], [83.3190906, 17.7598763], [83.3193956, 17.7598362], [83.3197714, 17.75979], [83.3204152, 17.7596862]]}}, {"type": "Feature", "properties": {"osm_id": 778840908, "highway": "tertiary"}, "geometry": {"type": "LineString", "coordinates": [[83.3342929, 17.7349389], [83.3345985, 17.7348515], [83.3349511, 17.7347507], [83.3352303, 17.7346642], [83.335486, 17.7346194], [83.3356471, 17.7345602]]}}, {"type": "Feature", "properties": {"osm_id": 829679779, "highway": "secondary", "oneway": "yes"}, "geometry": {"type": "LineString", "coordinates": [[83.2150674, 17.7287511], [83.2159425, 17.729181], [83.2162441, 17.7293267], [83.216398, 17.7294145], [83.2165442, 17.7294793], [83.216725, 17.7295282], [83.2169643, 17.7295831], [83.2170368, 17.7296081], [83.2172148, 17.7296696], [83.2175219, 17.7298067], [83.2179406, 17.7299849], [83.2198348, 17.7309007], [83.2201169, 17.731032], [83.2206175, 17.7312591], [83.2209738, 17.7313919], [83.2212898, 17.7315194], [83.2219608, 17.7316984], [83.2223196, 17.7317714]]}}, {"type": "Feature", "properties": {"osm_id": 829679807, "highway": "tertiary"}, "geometry": {"type": "LineString", "coordinates": [[83.2630561, 17.7321971], [83.263345, 17.7331843], [83.2634194, 17.7334445]]}}, {"type": "Feature", "properties": {"osm_id": 829679808, "bridge": "yes", "highway": "tertiary", "layer": "1"}, "geometry": {"type": "LineString", "coordinates": [[83.2625882, 17.7307905], [83.2630561, 17.7321971]]}}, {"type": "Feature", "properties": {"osm_id": 835742661, "highway": "tertiary", "oneway": "yes", "source": "Bing"}, "geometry": {"type": "LineString", "coordinates": [[83.299977, 17.7353084], [83.300573, 17.7352868], [83.3011436, 17.7352714]]}}, {"type": "Feature", "properties": {"osm_id": 835742662, "highway": "tertiary", "oneway": "yes", "source": "Bing"}, "geometry": {"type": "LineString", "coordinates": [[83.3012527, 17.7351652], [83.3005743, 17.7351739], [83.2999609, 17.7352299]]}}, {"type": "Feature", "properties": {"osm_id": 863814373, "highway": "tertiary", "oneway": "yes"}, "geometry": {"type": "LineString", "coordinates": [[83.3354194, 17.730806], [83.3354304, 17.730883]]}}, {"type": "Feature", "properties": {"osm_id": 877825118, "bridge": "yes", "highway": "tertiary", "layer": "1"}, "geometry": {"type": "LineString", "coordinates": [[83.2326177, 17.7350877], [83.2326901, 17.7350513]]}}, {"type": "Feature", "properties": {"osm_id": 877825119, "highway": "tertiary"}, "geometry": {"type": "LineString", "coordinates": [[83.232568, 17.7351208], [83.2326177, 17.7350877]]}}, {"type": "Feature", "properties": {"osm_id": 877829965, "highway": "tertiary", "source": "maxar"}, "geometry": {"type": "LineString", "coordinates": [[83.3647582, 17.778427], [83.3648855, 17.7789292], [83.364933, 17.7790255], [83.3649968, 17.7791528], [83.3650288, 17.7792274], [83.3650717, 17.7792877]]}}, {"type": "Feature", "properties": {"osm_id": 877830604, "highway": "tertiary", "oneway": "yes", "source": "maxar"}, "geometry": {"type": "LineString", "coordinates": [[83.2551579, 17.7299579], [83.2551019, 17.7299489], [83.2549802, 17.7299887], [83.2539729, 17.7303181], [83.2528686, 17.7306788], [83.2520723, 17.73094], [83.251405, 17.7311574], [83.2512595, 17.7312047], [83.249649, 17.7317289], [83.2482687, 17.732165], [83.2475964, 17.7323699], [83.2469145, 17.7326191], [83.2464519, 17.7327833], [83.2460527, 17.7329251], [83.2452335, 17.7332774], [83.245064, 17.7333588], [83.2448981, 17.7334536], [83.2444238, 17.7337155], [83.2442451, 17.7337962], [83.2440928, 17.7338646], [83.2439225, 17.7339412], [83.2435289, 17.7341501], [83.2433539, 17.7342497], [83.2429744, 17.7344662], [83.2427417, 17.734594], [83.2424701, 17.7347511], [83.2422555, 17.7348731], [83.2420235, 17.7350251], [83.2417902, 17.7351764], [83.2413724, 17.7354638], [83.2410566, 17.7356931], [83.2407676, 17.735909], [83.2405738, 17.7360406], [83.2404162, 17.7361662], [83.2401413, 17.7363478], [83.2400702, 17.7363812], [83.2400281, 17.7363983], [83.2400068, 17.7364038], [83.239977, 17.7364038], [83.2399444, 17.7364038], [83.2399053, 17.7364021], [83.2398386, 17.7363864], [83.2395083, 17.7363069], [83.2392018, 17.7362341], [83.2389604, 17.736169], [83.2387338, 17.7360993], [83.238487, 17.7360067], [83.2383167, 17.7359365], [83.2381377, 17.7358464], [83.2379325, 17.735734], [83.2377166, 17.7355858], [83.237571, 17.7354651], [83.2373337, 17.735248], [83.237105, 17.734997], [83.2368931, 17.7347466], [83.2367939, 17.7346451], [83.2366745, 17.7345678]]}}, {"type": "Feature", "properties": {"osm_id": 877830605, "highway": "tertiary", "oneway": "yes"}, "geometry": {"type": "LineString", "coordinates": [[83.2366745, 17.7345678], [83.2367396, 17.7347032], [83.2368026, 17.7348015], [83.2369213, 17.7349519], [83.2371248, 17.7351835], [83.2375241, 17.7355711], [83.2376388, 17.7356631], [83.2378507, 17.7358043], [83.2380753, 17.7359358], [83.2382919, 17.7360444], [83.2384863, 17.73613], [83.2387311, 17.7362194], [83.2390255, 17.7363012], [83.2392257, 17.7363558], [83.2398194, 17.7364851], [83.2398898, 17.7365017], [83.2399341, 17.7365036], [83.2399676, 17.7365036], [83.2400031, 17.7365036], [83.2400326, 17.736496], [83.2400782, 17.7364774], [83.2400881, 17.736473], [83.2401379, 17.7364506], [83.2404524, 17.7362397], [83.2408373, 17.7359759], [83.242089, 17.7351213], [83.2434672, 17.7343175], [83.244473, 17.7337605], [83.2445054, 17.7337417], [83.2449606, 17.7334778], [83.2451034, 17.7334032], [83.2452374, 17.7333365], [83.2463039, 17.7328898], [83.2478607, 17.7323582], [83.2483187, 17.7322064], [83.2500957, 17.7316238], [83.2516979, 17.7311222], [83.2533874, 17.7305676], [83.2539891, 17.7303655], [83.2546868, 17.7301416], [83.2551237, 17.7300014], [83.2551579, 17.7299579]]}}, {"type": "Feature", "properties": {"osm_id": 877830606, "highway": "tertiary"}, "geometry": {"type": "LineString", "coordinates": [[83.2355577, 17.7344369], [83.2356881, 17.7344662], [83.2357552, 17.7344662], [83.2358021, 17.7344611], [83.2360823, 17.7344277], [83.2361501, 17.7344196], [83.2362104, 17.7344263], [83.2362648, 17.7344324], [83.2363797, 17.7344591], [83.2365055, 17.7344956], [83.2365873, 17.7345275], [83.2366745, 17.7345678]]}}, {"type": "Feature", "properties": {"osm_id": 877830607, "highway": "tertiary"}, "geometry": {"type": "LineString", "coordinates": [[83.2328551, 17.7348897], [83.2329007, 17.7348296]]}}, {"type": "Feature", "properties": {"osm_id": 877830608, "highway": "tertiary", "oneway": "yes", "source": "maxar"}, "geometry": {"type": "LineString", "coordinates": [[83.2355577, 17.7344369], [83.2355011, 17.7343845], [83.2353001, 17.7343396], [83.2351584, 17.7343283], [83.2350303, 17.7343276], [83.2348432, 17.7343564], [83.2346293, 17.7343921], [83.2342639, 17.7344598], [83.2336272, 17.7345866], [83.2332959, 17.7346559], [83.2329617, 17.734741], [83.2329007, 17.7348296]]}}, {"type": "Feature", "properties": {"osm_id": 877830609, "highway": "tertiary", "oneway": "yes"}, "geometry": {"type": "LineString", "coordinates": [[83.2329007, 17.7348296], [83.2333741, 17.7347019], [83.2340171, 17.734578], [83.2342853, 17.7345263], [83.23453, 17.7344685], [83.2346508, 17.73444], [83.2349928, 17.7343896], [83.2350732, 17.7343838], [83.2351537, 17.7343889], [83.2353456, 17.7344203], [83.2354736, 17.7344413], [83.2355577, 17.7344369]]}}, {"type": "Feature", "properties": {"osm_id": 877877800, "highway": "tertiary", "oneway": "yes", "source": "maxar"}, "geometry": {"type": "LineString", "coordinates": [[83.3064223, 17.7668987], [83.306379, 17.766969], [83.3063389, 17.767057], [83.3062927, 17.7671421], [83.3062218, 17.7672389], [83.3061571, 17.7673416], [83.3061017, 17.7674501], [83.3060308, 17.7677025], [83.3057933, 17.768538], [83.3057722, 17.768618], [83.3057629, 17.7686892], [83.3057652, 17.7687826], [83.3057863, 17.7693363], [83.3057956, 17.7697654], [83.3057769, 17.7698543], [83.3057302, 17.7699277], [83.3056578, 17.76999], [83.3055574, 17.7700322], [83.3054243, 17.7700656], [83.3050157, 17.770139], [83.3044203, 17.7702035], [83.3038038, 17.7702479], [83.3027624, 17.7703102], [83.3015155, 17.7703769], [83.3010018, 17.7703969], [83.3006072, 17.7703791], [83.3003775, 17.7703515], [83.3002506, 17.7703401], [83.3000398, 17.7703102], [83.2996546, 17.770219], [83.299407, 17.7701523], [83.2990568, 17.7700545], [83.2989027, 17.7700167], [83.2988116, 17.7700033], [83.2987276, 17.77001], [83.2985945, 17.7700478], [83.2982218, 17.7701748], [83.2977891, 17.7703226], [83.2975535, 17.7703917], [83.2972005, 17.7704903], [83.2964764, 17.7706711], [83.2960293, 17.7707886], [83.2956124, 17.7708892], [83.2953291, 17.7709543], [83.2951752, 17.7710039], [83.2949705, 17.7710751], [83.2947767, 17.7711463], [83.2944242, 17.7712863], [83.2940244, 17.7714439], [83.293747, 17.7715532], [83.2936116, 17.7715932], [83.2935088, 17.7716088], [83.2934038, 17.7715976], [83.2933124, 17.7715741], [83.2930733, 17.7715127], [83.2924511, 17.771353], [83.292374, 17.771313], [83.29229, 17.7712485], [83.2921522, 17.7711018], [83.2918643, 17.7707556], [83.2911902, 17.7699542], [83.2911085, 17.7698699], [83.2910454, 17.7698082], [83.2909823, 17.7697464], [83.290898, 17.7696577], [83.2904812, 17.7691742], [83.289969, 17.7685683], [83.2894059, 17.7679201], [83.288979, 17.7674305]]}}, {"type": "Feature", "properties": {"osm_id": 877877801, "highway": "tertiary", "oneway": "yes"}, "geometry": {"type": "LineString", "coordinates": [[83.290988, 17.7699133], [83.2906609, 17.7700506], [83.2903428, 17.7701977], [83.2900098, 17.770337], [83.2896047, 17.7705068], [83.2891751, 17.7706677], [83.2885323, 17.7709227], [83.2874878, 17.7713328], [83.2869296, 17.7715504], [83.286869, 17.7715789], [83.2868251, 17.7716087], [83.2867979, 17.7716403], [83.2867911, 17.7716843], [83.2867938, 17.7717297], [83.2868092, 17.7717762], [83.2870542, 17.7722297], [83.2872914, 17.7726748], [83.2875532, 17.7731661], [83.2877211, 17.7734666], [83.2878914, 17.7737812], [83.2880425, 17.7740533], [83.2880807, 17.7741125], [83.2881168, 17.7741533], [83.2881632, 17.7741804], [83.2882243, 17.7741871], [83.2882913, 17.7741771], [83.2883462, 17.7741571], [83.2889599, 17.7738439], [83.2895573, 17.7735324], [83.2901312, 17.77323], [83.2906468, 17.7729798], [83.2907502, 17.7729182], [83.2908838, 17.7728309], [83.2910328, 17.77271], [83.2914474, 17.7723204], [83.291687, 17.7721198], [83.292011, 17.7718454], [83.2921866, 17.7716866], [83.2922892, 17.771581], [83.2923362, 17.7715232], [83.2924019, 17.7714374], [83.2924511, 17.771353]]}}, {"type": "Feature", "properties": {"osm_id": 877879164, "highway": "tertiary", "oneway": "yes"}, "geometry": {"type": "LineString", "coordinates": [[83.2889158, 17.7674917], [83.2891789, 17.7677929], [83.2896983, 17.7683932], [83.2901803, 17.7689539], [83.2905394, 17.7693784], [83.2907827, 17.7696616], [83.290988, 17.7699133]]}}, {"type": "Feature", "properties": {"osm_id": 877879166, "highway": "tertiary"}, "geometry": {"type": "LineString", "coordinates": [[83.3064223, 17.7668987], [83.3063342, 17.7665918], [83.3062041, 17.766201], [83.3060928, 17.7658296]]}}, {"type": "Feature", "properties": {"osm_id": 877890161, "highway": "tertiary"}, "geometry": {"type": "LineString", "coordinates": [[83.3737479, 17.7748622], [83.3739017, 17.7749186], [83.3740586, 17.7750118], [83.3743268, 17.775183], [83.3744153, 17.7752443], [83.3744931, 17.7753337], [83.374587, 17.7754026], [83.3747265, 17.775446], [83.3748516, 17.7754372], [83.3749062, 17.7754333], [83.3750188, 17.7753771], [83.37511, 17.7753081]]}}, {"type": "Feature", "properties": {"osm_id": 877890164, "highway": "tertiary"}, "geometry": {"type": "LineString", "coordinates": [[83.3728918, 17.7747258], [83.3729938, 17.7746057], [83.3732727, 17.7744729], [83.3736402, 17.7743426], [83.3738735, 17.7743197], [83.3740586, 17.774335], [83.3741793, 17.7743299], [83.3749437, 17.7742405], [83.3751074, 17.7741843], [83.3752844, 17.774123], [83.3754439, 17.7740578], [83.375723, 17.7741102], [83.3758462, 17.7741357], [83.3759026, 17.7741843], [83.3759281, 17.7742584], [83.3760005, 17.7746364], [83.3761454, 17.7748611], [83.376191, 17.7750067], [83.3761829, 17.7751089], [83.3760568, 17.7754052], [83.3759066, 17.7755814], [83.3757323, 17.775704], [83.3756572, 17.7757423], [83.3756062, 17.7757372]]}}, {"type": "Feature", "properties": {"osm_id": 877890165, "highway": "tertiary", "oneway": "yes"}, "geometry": {"type": "LineString", "coordinates": [[83.3785062, 17.7764655], [83.3785487, 17.7764447], [83.3785701, 17.7764217], [83.3785824, 17.7763908], [83.3786076, 17.77622], [83.378647, 17.7759376], [83.3786624, 17.7758829], [83.3786988, 17.7758394], [83.3787213, 17.7758254], [83.3787553, 17.7758193], [83.3788127, 17.7758115]]}}, {"type": "Feature", "properties": {"osm_id": 877890166, "highway": "tertiary", "oneway": "yes"}, "geometry": {"type": "LineString", "coordinates": [[83.3787484, 17.7755712], [83.3787047, 17.7756172], [83.3786542, 17.7756705], [83.3786251, 17.775713], [83.3786, 17.7757632], [83.3785728, 17.7758522], [83.3785526, 17.7759735], [83.3785277, 17.7763363], [83.3785062, 17.7764655]]}}, {"type": "Feature", "properties": {"osm_id": 878102976, "highway": "tertiary", "horse": "no", "oneway": "yes"}, "geometry": {"type": "LineString", "coordinates": [[83.210323, 17.7999529], [83.2102774, 17.7999533], [83.2094128, 17.7999606], [83.208369, 17.799949], [83.2072767, 17.7998874], [83.207034, 17.7998835], [83.2066496, 17.7998335], [83.2062815, 17.7997872], [83.2058041, 17.7997526], [83.2055007, 17.7997333], [83.2048372, 17.7997015], [83.2047449, 17.7996992], [83.2046843, 17.7997211]]}}, {"type": "Feature", "properties": {"osm_id": 878105741, "highway": "tertiary", "oneway": "yes", "source": "maxar"}, "geometry": {"type": "LineString", "coordinates": [[83.3559388, 17.7993513], [83.3558782, 17.7993315], [83.3555963, 17.7993662], [83.3553037, 17.7994023], [83.3548126, 17.7994629], [83.3542381, 17.7995365], [83.3541502, 17.7995423], [83.3540759, 17.7995394], [83.3539653, 17.7995293], [83.3539062, 17.7995264], [83.353841, 17.7995322], [83.3535894, 17.7995639], [83.3531994, 17.7996115]]}}, {"type": "Feature", "properties": {"osm_id": 878105742, "highway": "tertiary", "layer": "1", "oneway": "yes"}, "geometry": {"type": "LineString", "coordinates": [[83.3531929, 17.7996602], [83.353447, 17.7996341], [83.3536593, 17.7996045], [83.3537988, 17.7995877], [83.3538931, 17.7995805], [83.3539832, 17.7995827], [83.3540953, 17.7995905], [83.3541688, 17.7995891], [83.3544473, 17.7995541], [83.3551245, 17.7994774], [83.3551993, 17.7994689], [83.3554018, 17.7994442], [83.3555675, 17.799424], [83.3556291, 17.7994164], [83.355886, 17.7993847], [83.3559388, 17.7993513]]}}, {"type": "Feature", "properties": {"osm_id": 878141678, "highway": "tertiary", "name": "BRTS Bus Lane", "source": "maxar"}, "geometry": {"type": "LineString", "coordinates": [[83.2563448, 17.7810967], [83.2564752, 17.7811101], [83.2568299, 17.7811464], [83.2570814, 17.7811716], [83.2572815, 17.7811952], [83.2574495, 17.781223], [83.257619, 17.7812592], [83.2577271, 17.7812898], [83.2579696, 17.7813733], [83.2582311, 17.7814734], [83.2584721, 17.7815875], [83.2587117, 17.7817016], [83.2588403, 17.7817697], [83.2590229, 17.7818852], [83.2592975, 17.7820647], [83.2595035, 17.7822065], [83.2595999, 17.7822733], [83.25973, 17.7823554], [83.2598746, 17.7824402], [83.2600864, 17.7825515], [83.2602296, 17.7826155], [83.2604794, 17.7827212], [83.2606722, 17.7827908], [83.2608154, 17.7828325], [83.2609951, 17.7828784], [83.2612829, 17.782941], [83.2616086, 17.7829911], [83.2620542, 17.7830467], [83.2624355, 17.7830954], [83.2625918, 17.7831149], [83.2627525, 17.7831274], [83.2629599, 17.7831302], [83.2632229, 17.7831093], [83.2634683, 17.783069], [83.2636845, 17.7830064], [83.2640118, 17.7828812], [83.2643697, 17.7827004], [83.2645523, 17.7825877], [83.2647451, 17.7824249], [83.264862, 17.7823234], [83.2650383, 17.7821414], [83.2650738, 17.7820966], [83.2651702, 17.7819673], [83.2653704, 17.7816668], [83.2655617, 17.781358], [83.2657794, 17.7810353], [83.2658612, 17.7809128], [83.265962, 17.7807988], [83.266038, 17.7807097], [83.266149, 17.7805873], [83.2662688, 17.7804802], [83.266374, 17.7803842], [83.2665288, 17.7802562], [83.2666895, 17.7801283], [83.2668123, 17.7800406], [83.2669642, 17.7799363], [83.2671293, 17.7798306], [83.2673016, 17.7797207], [83.2673995, 17.7796678], [83.2676099, 17.7795565], [83.2678451, 17.7794438], [83.2680525, 17.7793493], [83.2684192, 17.7792087], [83.2687289, 17.7791169], [83.2688604, 17.7790738], [83.2690591, 17.7789987], [83.2692724, 17.7788985], [83.2694374, 17.7787998], [83.269566, 17.7787149], [83.2697968, 17.7785299], [83.2700159, 17.7783351], [83.2701124, 17.7782656], [83.2703534, 17.7780736], [83.2706485, 17.7778357], [83.2711897, 17.7774028], [83.2714871, 17.7771649], [83.2716005, 17.777083], [83.27175, 17.776975], [83.2719451, 17.7768341], [83.2722649, 17.7766032], [83.2723989, 17.7764954], [83.2724238, 17.7764753], [83.2728438, 17.7761247], [83.2729618, 17.7760259], [83.273196, 17.7758336], [83.2733461, 17.7757094], [83.2735838, 17.7755374], [83.2738877, 17.7753111], [83.2745116, 17.7748768], [83.2749903, 17.7745588], [83.2754829, 17.7742453], [83.2761905, 17.7737895], [83.2768769, 17.7733559], [83.2774724, 17.7729801], [83.2779674, 17.772691], [83.2784414, 17.7724331], [83.2790275, 17.7720884], [83.2795622, 17.7717593], [83.2803397, 17.7712724], [83.2804296, 17.7712125], [83.2808113, 17.7709585], [83.2808675, 17.7709211], [83.2812667, 17.7706164], [83.281596, 17.7703652], [83.2825557, 17.7696225], [83.2831091, 17.7691911], [83.2834803, 17.7688976], [83.2838119, 17.7686441], [83.2843536, 17.7682438], [83.2848883, 17.7679036], [83.285304, 17.7676524], [83.2857149, 17.7674211], [83.2865205, 17.7669986], [83.2875245, 17.7664627], [83.2878763, 17.766273], [83.2879567, 17.7662296], [83.2880391, 17.7661856], [83.2884895, 17.7659477], [83.2891357, 17.7656044], [83.2900697, 17.765113], [83.2905087, 17.7648795], [83.2914683, 17.7643636], [83.2920217, 17.7640723], [83.2931706, 17.7634497], [83.2937963, 17.7631228], [83.295118, 17.7624223], [83.2960123, 17.7619531], [83.2964185, 17.7617396], [83.2968038, 17.761564], [83.2970934, 17.7614728], [83.2973992, 17.7614083], [83.2976958, 17.7613816], [83.298046, 17.7613883], [83.2983402, 17.7614306], [83.2987068, 17.7615262], [83.2989754, 17.7616062], [83.2992135, 17.7616663], [83.2994984, 17.7617241], [83.2997973, 17.761773], [83.3003577, 17.7618508], [83.3009368, 17.7619242], [83.301768, 17.7620398], [83.3024685, 17.7621021], [83.3030733, 17.7621533], [83.3039863, 17.7622266], [83.3043389, 17.7622533], [83.3044529, 17.7622586], [83.3047218, 17.7622711], [83.3048406, 17.7622664], [83.3049372, 17.7622558], [83.3050073, 17.7622481]]}}, {"type": "Feature", "properties": {"osm_id": 878178293, "highway": "tertiary", "name": "Simhachalam Temple Ghat Road", "oneway": "yes", "surface": "asphalt"}, "geometry": {"type": "LineString", "coordinates": [[83.2582703, 17.7806849], [83.2581255, 17.7807688], [83.257992, 17.7808519], [83.2578667, 17.7809106], [83.2576051, 17.7810038], [83.2574931, 17.7810545], [83.2574468, 17.7810754]]}}, {"type": "Feature", "properties": {"osm_id": 878178294, "covered": "yes", "highway": "tertiary", "name": "Simhachalam Temple Ghat Road", "oneway": "yes"}, "geometry": {"type": "LineString", "coordinates": [[83.258314, 17.7806596], [83.2582703, 17.7806849]]}}, {"type": "Feature", "properties": {"osm_id": 878178295, "covered": "yes", "highway": "tertiary", "name": "Simhachalam Temple Ghat Road", "oneway": "yes"}, "geometry": {"type": "LineString", "coordinates": [[83.2583087, 17.7807207], [83.2583335, 17.7806836]]}}, {"type": "Feature", "properties": {"osm_id": 878178296, "highway": "tertiary", "name": "Simhachalam Temple Ghat Road", "oneway": "yes"}, "geometry": {"type": "LineString", "coordinates": [[83.2583335, 17.7806836], [83.2583723, 17.7806258]]}}, {"type": "Feature", "properties": {"osm_id": 878198993, "highway": "tertiary", "name": "Simhachalam Temple Ghat Road", "source": "Bing"}, "geometry": {"type": "LineString", "coordinates": [[83.259372, 17.7764674], [83.2592995, 17.7763846], [83.2592642, 17.7763503], [83.2592316, 17.7763373], [83.2591826, 17.7763413], [83.2589427, 17.7764111], [83.2588473, 17.7764286], [83.2587195, 17.7764401], [83.2586463, 17.7764342], [83.258601, 17.7764196], [83.2585524, 17.7763993], [83.2585039, 17.7763672], [83.2584613, 17.7763288], [83.2583301, 17.7761865], [83.2582288, 17.7760592], [83.2581167, 17.775912], [83.2580411, 17.7757505], [83.2579755, 17.7755441], [83.2578576, 17.7752549], [83.257753, 17.7750808], [83.2576464, 17.7749336], [83.2575627, 17.77476], [83.2575306, 17.7746099], [83.2575179, 17.7745035], [83.2575133, 17.7739167], [83.257513, 17.7738198], [83.2574935, 17.7737532], [83.2574337, 17.773712], [83.2573579, 17.7736861], [83.2572414, 17.7736601], [83.2569433, 17.7736335], [83.2568555, 17.7736051], [83.255917, 17.7732096], [83.2556545, 17.7731404], [83.2553563, 17.7730781], [83.255079, 17.7730133], [83.2546804, 17.7729009], [83.2545039, 17.7728311], [83.2544287, 17.7727953], [83.2543473, 17.7727385], [83.2541257, 17.7725417], [83.2539572, 17.7724046], [83.2538829, 17.7723554], [83.2538157, 17.7723148], [83.2536367, 17.7722168], [83.2533138, 17.7720665], [83.2530013, 17.7719582], [83.2526108, 17.7718476], [83.2525153, 17.7718124], [83.2524546, 17.7717854], [83.2522484, 17.7716817], [83.2516335, 17.771481], [83.250779, 17.7712098], [83.2500296, 17.7708674], [83.249834, 17.7707527], [83.2495489, 17.7706747], [83.2490363, 17.7705078], [83.2484502, 17.7702836], [83.2480831, 17.7700453], [83.2477831, 17.7698521], [83.2475948, 17.7697016], [83.2472503, 17.7694324], [83.2471251, 17.7693276], [83.2470266, 17.7692023], [83.2469408, 17.7690435], [83.2469055, 17.7689208], [83.2469123, 17.7688105], [83.2469168, 17.7687498], [83.2469515, 17.7686656], [83.2470076, 17.7685916], [83.2471304, 17.7684987], [83.2472513, 17.7684264], [83.2473235, 17.7683742], [83.2473724, 17.7683176], [83.2474233, 17.7682167], [83.247516, 17.768113], [83.2477029, 17.7679688], [83.2478202, 17.7679076], [83.2478878, 17.7678835], [83.247931, 17.7678756], [83.2481572, 17.7678642], [83.248526, 17.7678567], [83.2488592, 17.7678424], [83.2490839, 17.7678826], [83.2492136, 17.7678754], [83.2493026, 17.7678525], [83.2493418, 17.7678051], [83.2493361, 17.7677357], [83.2492976, 17.7676973], [83.2492259, 17.7676623], [83.2490628, 17.7676189], [83.2485388, 17.7675368]]}}, {"type": "Feature", "properties": {"osm_id": 878198994, "highway": "tertiary", "name": "Simhachalam Temple Ghat Road"}, "geometry": {"type": "LineString", "coordinates": [[83.259372, 17.7764674], [83.2593773, 17.7762894], [83.2593375, 17.7762552], [83.2592694, 17.7762537], [83.2591843, 17.7762714], [83.2591037, 17.776298], [83.2589706, 17.7763378], [83.2588297, 17.7763717], [83.2587693, 17.7763761], [83.2587136, 17.7763732], [83.2586417, 17.7763596], [83.2585866, 17.7763437], [83.2584613, 17.7763288]]}}, {"type": "Feature", "properties": {"osm_id": 878865977, "highway": "tertiary", "oneway": "yes", "source": "maxar"}, "geometry": {"type": "LineString", "coordinates": [[83.2200482, 17.7531736], [83.2199458, 17.7533852], [83.2198606, 17.7537543], [83.2197737, 17.7540496], [83.219731, 17.7541739], [83.2196996, 17.7542987]]}}, {"type": "Feature", "properties": {"osm_id": 878909143, "highway": "tertiary", "surface": "asphalt"}, "geometry": {"type": "LineString", "coordinates": [[83.2288376, 17.7454939], [83.2281966, 17.7455658], [83.2279015, 17.745578], [83.2277082, 17.745586], [83.2273227, 17.7456198], [83.2272481, 17.7456264], [83.2271329, 17.745637], [83.2267195, 17.7456751], [83.2265898, 17.7456871], [83.2265329, 17.7457353]]}}, {"type": "Feature", "properties": {"osm_id": 879119591, "highway": "primary", "oneway": "yes"}, "geometry": {"type": "LineString", "coordinates": [[83.2357706, 17.7427907], [83.235911, 17.742719], [83.2360652, 17.7426479], [83.2365227, 17.7424772], [83.2369313, 17.7423155], [83.2370033, 17.7422914], [83.2371855, 17.7422235], [83.2374893, 17.7421176], [83.2376691, 17.7420665], [83.237834, 17.7420146], [83.238379, 17.7418954], [83.2393583, 17.7416771], [83.2408297, 17.741355], [83.2408594, 17.74135], [83.2418458, 17.7411825], [83.2422221, 17.7411415], [83.2426461, 17.7410847], [83.2428363, 17.7410719], [83.2429045, 17.7410673], [83.2429377, 17.7410645], [83.2429491, 17.7410635], [83.2435723, 17.7410373], [83.2441216, 17.740967], [83.2449809, 17.7408296], [83.2453891, 17.7407858], [83.2459485, 17.7407125], [83.2460474, 17.7406995], [83.246787, 17.7406192], [83.2473271, 17.7405592], [83.2477768, 17.7405344], [83.2482417, 17.7405037], [83.248463, 17.7404953], [83.2487005, 17.7404862], [83.2488647, 17.7404862], [83.2491639, 17.740488], [83.2493404, 17.7404891], [83.2494699, 17.7404787], [83.2496872, 17.7404613], [83.2498974, 17.7404204], [83.2499452, 17.7404139], [83.2503409, 17.7403605], [83.2504026, 17.7403505], [83.2508473, 17.7402786], [83.2512965, 17.7401984], [83.2515647, 17.7401694], [83.2516651, 17.7401529], [83.2518124, 17.7401327], [83.2519194, 17.740118], [83.2520151, 17.7401049], [83.2520273, 17.7401032], [83.2524322, 17.7400606], [83.2527209, 17.7400302], [83.2530339, 17.7400031], [83.2533976, 17.7399717], [83.2536723, 17.739941], [83.253861, 17.7399176], [83.25405, 17.7398833], [83.2544687, 17.7397788], [83.2548093, 17.7396736], [83.2551498, 17.7395395], [83.2553663, 17.7394543], [83.2556702, 17.739352], [83.2561863, 17.7391986], [83.2564175, 17.7391299], [83.2564797, 17.739113], [83.2567389, 17.7390402], [83.2570491, 17.7389699], [83.2571049, 17.7389545], [83.2573556, 17.7388667], [83.2574012, 17.7388507], [83.2574302, 17.7388405], [83.2576091, 17.7387783], [83.2580394, 17.7386286], [83.2582515, 17.7385505], [83.2588849, 17.7383173], [83.259492, 17.7381076], [83.2595662, 17.738082], [83.2604457, 17.7377612], [83.2605891, 17.7377064], [83.2606646, 17.7376776], [83.2607815, 17.7376329], [83.2609014, 17.7375871], [83.2611582, 17.7374824], [83.2613183, 17.737413], [83.2618127, 17.737227], [83.2623084, 17.737091], [83.2627089, 17.7370063], [83.2631431, 17.7369566], [83.2635313, 17.7369113], [83.2638091, 17.7368616], [83.2644735, 17.7366818], [83.2645597, 17.7366579], [83.2645913, 17.7366492]]}}, {"type": "Feature", "properties": {"osm_id": 879143168, "highway": "tertiary", "oneway": "yes", "source": "maxar"}, "geometry": {"type": "LineString", "coordinates": [[83.233229, 17.7452631], [83.2338206, 17.7451792], [83.2340081, 17.7451478], [83.2340915, 17.7451328], [83.2347044, 17.7450157], [83.2350384, 17.7449468], [83.2352462, 17.744911], [83.2354353, 17.7449072], [83.2357304, 17.7448931], [83.2359946, 17.7448688], [83.2363097, 17.744842], [83.2366222, 17.7448178], [83.2369625, 17.7447667]]}}, {"type": "Feature", "properties": {"osm_id": 879161908, "highway": "tertiary", "source": "maxar"}, "geometry": {"type": "LineString", "coordinates": [[83.2023261, 17.7998507], [83.2023496, 17.7996142], [83.2025045, 17.7996081], [83.2026856, 17.7995455], [83.2027459, 17.7995455], [83.2029082, 17.7995531], [83.2030484, 17.7995624], [83.2032287, 17.7995736], [83.2034782, 17.7995736], [83.2043956, 17.7996571], [83.2045227, 17.7996725], [83.2046843, 17.7997211]]}}, {"type": "Feature", "properties": {"osm_id": 879509605, "bridge": "yes", "highway": "tertiary", "layer": "1"}, "geometry": {"type": "LineString", "coordinates": [[83.3804107, 17.7929096], [83.3805384, 17.7929931]]}}, {"type": "Feature", "properties": {"osm_id": 879509606, "highway": "tertiary"}, "geometry": {"type": "LineString", "coordinates": [[83.3805384, 17.7929931], [83.3806051, 17.7930367], [83.3807011, 17.7930995], [83.3809706, 17.7932937], [83.3812381, 17.7934465], [83.3815312, 17.7936001]]}}, {"type": "Feature", "properties": {"osm_id": 879510423, "highway": "primary", "name": "Simhachalam - Hanumanthuwaka Road", "oneway": "yes", "source": "maxar"}, "geometry": {"type": "LineString", "coordinates": [[83.3034937, 17.7621014], [83.3027842, 17.7620486], [83.3022773, 17.7620103], [83.3018133, 17.7619668], [83.300507, 17.7617931], [83.2999035, 17.7617191], [83.2995441, 17.7616629], [83.2993, 17.7616041], [83.2989969, 17.7615173], [83.2985624, 17.7613921], [83.2983237, 17.761341], [83.2980367, 17.7613129], [83.29768, 17.7613053], [83.2973527, 17.761341], [83.2971006, 17.7613896], [83.2967761, 17.7614917], [83.2967252, 17.7615138], [83.2964757, 17.761622], [83.2956495, 17.7620486], [83.294515, 17.7626616], [83.2935655, 17.7631572], [83.2923923, 17.7637919], [83.2912947, 17.764361], [83.290258, 17.7649108], [83.2898799, 17.7651082], [83.2894838, 17.7653061], [83.2890261, 17.7655148], [83.2888061, 17.7656227], [83.2884204, 17.7658438], [83.2879844, 17.7661072], [83.2879076, 17.7661536], [83.2878434, 17.7661906]]}}, {"type": "Feature", "properties": {"osm_id": 879510425, "highway": "primary", "oneway": "no"}, "geometry": {"type": "LineString", "coordinates": [[83.3325501, 17.7551011], [83.332656, 17.7550692]]}}, {"type": "Feature", "properties": {"osm_id": 879515280, "highway": "tertiary"}, "geometry": {"type": "LineString", "coordinates": [[83.3650717, 17.7792877], [83.365163, 17.779305], [83.3652395, 17.7793411], [83.3653253, 17.7794356], [83.3654809, 17.7796297], [83.3656901, 17.7798545], [83.3659074, 17.7800205], [83.366138, 17.7802223], [83.3662869, 17.7803359], [83.3663861, 17.7804673], [83.3663833, 17.7805779]]}}, {"type": "Feature", "properties": {"osm_id": 879515281, "highway": "tertiary"}, "geometry": {"type": "LineString", "coordinates": [[83.3823583, 17.7825512], [83.3826048, 17.7824644], [83.3833283, 17.782286], [83.3840233, 17.7821751], [83.3841793, 17.7821502], [83.3843255, 17.7821263], [83.3845478, 17.7821135], [83.3845761, 17.7821119], [83.3847768, 17.78208]]}}, {"type": "Feature", "properties": {"osm_id": 879517914, "bridge": "yes", "highway": "tertiary", "layer": "1"}, "geometry": {"type": "LineString", "coordinates": [[83.315237, 17.7639348], [83.3152002, 17.7638231]]}}, {"type": "Feature", "properties": {"osm_id": 879517915, "highway": "tertiary"}, "geometry": {"type": "LineString", "coordinates": [[83.3152002, 17.7638231], [83.315445, 17.7632558], [83.3154654, 17.7631938], [83.3154493, 17.7630303], [83.315033, 17.7622591], [83.3149635, 17.7621215], [83.3149166, 17.7619541], [83.3148987, 17.7617972], [83.3148674, 17.7613523], [83.3148522, 17.7611354], [83.3148411, 17.7609993], [83.3148258, 17.7609046], [83.3148189, 17.7608621], [83.3147966, 17.7607559], [83.3147746, 17.7606523], [83.3147544, 17.7605634]]}}, {"type": "Feature", "properties": {"osm_id": 879519307, "highway": "tertiary"}, "geometry": {"type": "LineString", "coordinates": [[83.2326901, 17.7350513], [83.2328551, 17.7348897]]}}, {"type": "Feature", "properties": {"osm_id": 879522545, "highway": "tertiary", "oneway": "yes", "source": "maxar"}, "geometry": {"type": "LineString", "coordinates": [[83.3560901, 17.7937628], [83.3553797, 17.7938069]]}}, {"type": "Feature", "properties": {"osm_id": 879522550, "highway": "tertiary", "oneway": "yes", "source": "maxar"}, "geometry": {"type": "LineString", "coordinates": [[83.3553797, 17.7938069], [83.3545524, 17.7938651]]}}, {"type": "Feature", "properties": {"osm_id": 879545035, "highway": "primary", "name": "Vishakapatnam - Srungavarapukota - Araku Road", "network": "IN:SH:AP", "oneway": "yes", "ref": "SH39", "source": "maxar"}, "geometry": {"type": "LineString", "coordinates": [[83.2142042, 17.7853461], [83.2140535, 17.7859448], [83.2139636, 17.7863017], [83.213942, 17.7863834], [83.2138789, 17.7866226], [83.2137498, 17.7871118], [83.2136538, 17.7874758], [83.2136031, 17.7876712], [83.2134935, 17.7880929], [83.2133744, 17.7885516], [83.2131383, 17.7894076], [83.2131093, 17.7895274], [83.212995, 17.7899224], [83.2128916, 17.7902472], [83.2128109, 17.7905533], [83.2127016, 17.7909234], [83.2126439, 17.7911663], [83.2126076, 17.7914052], [83.2125885, 17.7915291], [83.2125771, 17.7916029], [83.2125467, 17.7917592], [83.2123736, 17.7924879], [83.2122506, 17.792945], [83.2121225, 17.7934213], [83.2120786, 17.7935841], [83.2120554, 17.7936705]]}}, {"type": "Feature", "properties": {"osm_id": 879545036, "highway": "primary", "name": "BRTS Bus Lane", "source": "maxar"}, "geometry": {"type": "LineString", "coordinates": [[83.2164309, 17.7759336], [83.2164146, 17.7761198], [83.2164036, 17.776246], [83.2163516, 17.7768421], [83.2162962, 17.7772168], [83.2162297, 17.7775546], [83.2161078, 17.7780613], [83.2159895, 17.7786102], [83.2158158, 17.7793086], [83.2156662, 17.7799332], [83.2155202, 17.780468], [83.2153669, 17.7810978], [83.2152246, 17.7816766], [83.2150682, 17.7823188], [83.2147862, 17.7834781], [83.2144905, 17.7846242], [83.214289, 17.7853751], [83.2142172, 17.7856338], [83.2140643, 17.7862076], [83.2138963, 17.7868765], [83.2138493, 17.7870509], [83.2137434, 17.7874372], [83.213598, 17.7879764], [83.213433, 17.7885934], [83.2133361, 17.7889797], [83.2132544, 17.7892738], [83.2131423, 17.7896875], [83.2130818, 17.7899383], [83.2129982, 17.7902641], [83.2129213, 17.7905755], [83.2128086, 17.7909704], [83.2127698, 17.7911294], [83.2127038, 17.7914214], [83.2126417, 17.7917153], [83.2125757, 17.7919907], [83.2124398, 17.7925304], [83.2123602, 17.7928945], [83.2123195, 17.793046], [83.2122108, 17.7934157], [83.2121312, 17.7936948]]}}, {"type": "Feature", "properties": {"osm_id": 879549112, "highway": "primary", "name": "Vishakapatnam - Srungavarapukota - Araku Road", "network": "IN:SH:AP", "oneway": "yes", "ref": "SH39", "source": "maxar"}, "geometry": {"type": "LineString", "coordinates": [[83.2120554, 17.7936705], [83.2117652, 17.794708], [83.2114897, 17.7956926], [83.2114807, 17.795726], [83.2113136, 17.7963477]]}}, {"type": "Feature", "properties": {"osm_id": 879549114, "highway": "primary", "name": "BRTS Bus Lane", "source": "maxar"}, "geometry": {"type": "LineString", "coordinates": [[83.2121312, 17.7936948], [83.2119584, 17.7943065], [83.2118012, 17.7948721], [83.2116556, 17.7953988], [83.2115916, 17.7956243], [83.2114576, 17.7961141], [83.2114038, 17.796326]]}}, {"type": "Feature", "properties": {"osm_id": 879549117, "highway": "primary", "name": "Vishakapatnam - Srungavarapukota - Araku Road", "network": "IN:SH:AP", "oneway": "yes", "ref": "SH39"}, "geometry": {"type": "LineString", "coordinates": [[83.2122117, 17.7937224], [83.212303, 17.7933869], [83.2123738, 17.7931387], [83.2126905, 17.7919099], [83.2128475, 17.7912614], [83.2129698, 17.7908169], [83.2131346, 17.7901724], [83.2131607, 17.7900472], [83.2131826, 17.789965], [83.2132764, 17.7896129], [83.2133442, 17.7893258], [83.2135069, 17.7886369], [83.2135411, 17.7884922], [83.2137319, 17.7877672], [83.2141667, 17.7861468], [83.2143593, 17.7853991], [83.2144028, 17.7852513], [83.2145434, 17.7847769], [83.2145584, 17.7847085], [83.2146046, 17.7845266], [83.2146757, 17.7842467], [83.2147005, 17.7841491], [83.2149982, 17.7829526], [83.2150186, 17.7828727], [83.2153031, 17.7817611], [83.2154601, 17.7811311], [83.2155958, 17.7805386], [83.2156123, 17.7804661], [83.2157542, 17.7798982], [83.2159175, 17.7792764], [83.2159372, 17.7791891], [83.2161866, 17.7780871], [83.2162964, 17.7776017], [83.2163487, 17.7774204], [83.2163937, 17.7772532], [83.2164006, 17.7772138], [83.2164186, 17.7770247], [83.2164493, 17.7767897], [83.2164622, 17.7766839], [83.2164675, 17.776616], [83.2164957, 17.7762525], [83.2165261, 17.7758622], [83.2165534, 17.7755977], [83.2165938, 17.7752054], [83.2166786, 17.774383], [83.2167068, 17.7741089], [83.2167827, 17.7734432], [83.2168128, 17.7731792], [83.2168289, 17.7729506], [83.2168488, 17.7727894], [83.216857, 17.7727233], [83.2169053, 17.7724296], [83.216944, 17.7722372], [83.2170045, 17.7719034], [83.2170445, 17.771581], [83.2170587, 17.7713081], [83.2170876, 17.7707513], [83.2171158, 17.7702061], [83.2171325, 17.7700622], [83.217195, 17.7695241], [83.2172062, 17.7692669], [83.2172124, 17.7691244], [83.2172065, 17.7687944], [83.2172057, 17.7687495], [83.2172082, 17.7681803], [83.2172139, 17.7673002], [83.2172765, 17.7648799]]}}, {"type": "Feature", "properties": {"osm_id": 879560800, "highway": "tertiary"}, "geometry": {"type": "LineString", "coordinates": [[83.3577641, 17.7767423], [83.3577402, 17.7766709], [83.3576557, 17.7764184], [83.3576093, 17.7763708], [83.3575281, 17.7763645], [83.3569871, 17.7765546], [83.3569124, 17.7765518], [83.35686, 17.7764828], [83.3567717, 17.7761906], [83.3567521, 17.7761332], [83.3566228, 17.7757543], [83.3565617, 17.7755746], [83.3564841, 17.7753988], [83.356474, 17.7753503], [83.3564908, 17.7753058], [83.3565236, 17.7752882], [83.3568817, 17.7751447], [83.356923, 17.7751176], [83.356952, 17.7750875], [83.3569934, 17.7750268], [83.3571922, 17.7747354], [83.3574111, 17.7744611], [83.3574742, 17.7744135], [83.3575694, 17.7743813], [83.3577154, 17.7743724], [83.357783, 17.7743682], [83.3581638, 17.774312], [83.3586788, 17.7742252], [83.3592817, 17.7740304], [83.3597546, 17.7738698], [83.3601755, 17.7737296], [83.3605951, 17.7735889], [83.3606476, 17.7735713], [83.3610338, 17.7734559], [83.3614683, 17.7733261], [83.3617338, 17.773252], [83.3618768, 17.7731953], [83.3620414, 17.7731264], [83.3620927, 17.7731043], [83.3621252, 17.7730672], [83.3621362, 17.7730247], [83.3621339, 17.7729824], [83.3621195, 17.772946], [83.3619618, 17.7725343], [83.3618385, 17.7722022], [83.3618197, 17.7721397], [83.3618197, 17.7720937], [83.3618385, 17.7720605], [83.3619162, 17.77204], [83.3620544, 17.7720247], [83.3621429, 17.7720119], [83.3621871, 17.7719966], [83.3622, 17.7719599], [83.3621902, 17.7718975], [83.3620416, 17.7715248]]}}, {"type": "Feature", "properties": {"osm_id": 879571130, "highway": "tertiary", "source": "maxar"}, "geometry": {"type": "LineString", "coordinates": [[83.2188277, 17.6643874], [83.2190102, 17.6644695], [83.2192948, 17.6645617], [83.2194798, 17.6646108], [83.2196343, 17.6646417], [83.2197736, 17.6646671], [83.2200024, 17.6647035], [83.2204163, 17.6647816], [83.2206757, 17.6648525], [83.2208168, 17.6649106], [83.2209084, 17.664967], [83.2209675, 17.6650324], [83.2210095, 17.6651233], [83.2210495, 17.665245], [83.221101, 17.6653577], [83.2212021, 17.6655104], [83.22141, 17.6657612], [83.2216179, 17.6660138], [83.2216923, 17.6660756], [83.2218163, 17.6661355], [83.2219612, 17.6661882], [83.2221596, 17.6662646], [83.2223007, 17.6663409], [83.2224094, 17.6664154], [83.2225372, 17.6665426], [83.2227408, 17.6668191], [83.2228736, 17.6670136], [83.2229052, 17.6670342], [83.22294, 17.6670358], [83.2229699, 17.6670152], [83.2229815, 17.6669773], [83.2229732, 17.6669314], [83.2228886, 17.6667162], [83.2228487, 17.666509], [83.2228089, 17.666297], [83.222779, 17.6661973], [83.2227375, 17.6661071], [83.222686, 17.6660375], [83.2226063, 17.6659631], [83.222334, 17.6658445], [83.2221364, 17.6657322], [83.2219521, 17.6655929], [83.2218309, 17.6654711], [83.2217694, 17.6653778], [83.2217429, 17.6652734], [83.2217429, 17.6651499], [83.2217761, 17.6650171], [83.2219039, 17.6647117], [83.2222078, 17.6641596], [83.2222842, 17.6640852], [83.2223473, 17.6640583], [83.222417, 17.6640583], [83.2224701, 17.664082], [83.2225116, 17.6641311], [83.2225747, 17.664245], [83.2226428, 17.6644269], [83.2226893, 17.6645393], [83.2227491, 17.6646579], [83.2228221, 17.6647418], [83.2229184, 17.6648066], [83.2230812, 17.6648921], [83.2232804, 17.6650076], [83.2234946, 17.6651547], [83.2236407, 17.6652734], [83.2236689, 17.6653192], [83.2236789, 17.6653714], [83.2236673, 17.6654189], [83.2236208, 17.6655012], [83.2235643, 17.6656008], [83.2235494, 17.6656357], [83.2235544, 17.6656657], [83.2235876, 17.6657148], [83.2236623, 17.6657749], [83.22384, 17.665903], [83.2239014, 17.6659679], [83.2239529, 17.6660359], [83.2240226, 17.666172], [83.2240641, 17.6663207], [83.2241189, 17.6666482], [83.2241405, 17.666933], [83.2241521, 17.6670627], [83.2241671, 17.6671545], [83.224187, 17.6672209], [83.2242235, 17.6673095], [83.2242501, 17.6673839], [83.2242634, 17.6674677], [83.2242683, 17.667686], [83.2242866, 17.6680547], [83.2242966, 17.6682556], [83.2243049, 17.6684945], [83.2243148, 17.6685356], [83.2243348, 17.6685641], [83.224368, 17.6685783], [83.2244128, 17.6685799], [83.2244692, 17.6685625], [83.2245058, 17.6685309], [83.2245539, 17.6684707], [83.2246585, 17.6683458], [83.2247449, 17.6682856], [83.2248113, 17.6682651], [83.2249342, 17.6682477], [83.2250155, 17.6682603], [83.2250985, 17.6683046], [83.2251683, 17.6683679], [83.2251998, 17.6684423], [83.2252131, 17.6685435], [83.2251982, 17.6686606], [83.2251351, 17.6687792], [83.225067, 17.6688663], [83.2249059, 17.6690419], [83.2247482, 17.6692586], [83.2245556, 17.6695212], [83.2244211, 17.6697], [83.2243895, 17.6697823], [83.2243895, 17.6698614], [83.2244211, 17.6699784], [83.2244842, 17.6700575], [83.2245539, 17.6700892], [83.2246585, 17.6701034], [83.2248279, 17.6700971], [83.2251035, 17.6700908], [83.2253393, 17.6700765], [83.2255867, 17.6700354], [83.2258142, 17.6699753], [83.2259835, 17.6699009], [83.2263106, 17.6697079], [83.2264899, 17.6696241], [83.226646, 17.6695703], [83.2268519, 17.6695149], [83.2270678, 17.6694753], [83.2272969, 17.6694579], [83.2274662, 17.6694769], [83.2277656, 17.6695579], [83.2281512, 17.6697087], [83.2283311, 17.6697574], [83.2294373, 17.6699415], [83.2301908, 17.6700105], [83.2304371, 17.6700151], [83.2307945, 17.6699415], [83.2311278, 17.6698448], [83.2313259, 17.6697666], [83.2315287, 17.669716], [83.2319077, 17.6696705], [83.2320421, 17.6696433], [83.2324379, 17.669509], [83.2332508, 17.6691941], [83.2333458, 17.6691658], [83.233425, 17.6691453], [83.2339524, 17.669038], [83.2347675, 17.6688907], [83.2365701, 17.6684228], [83.2369659, 17.6683159], [83.2373219, 17.6682178], [83.2378257, 17.6680789], [83.2379608, 17.6680449], [83.2380243, 17.6680403], [83.2381206, 17.6680501], [83.2386689, 17.668199], [83.2394969, 17.66841], [83.2395396, 17.6684241], [83.2395691, 17.6684363], [83.2397336, 17.6685252], [83.2398242, 17.6685689], [83.2398759, 17.6685812], [83.2400481, 17.6685944], [83.2400923, 17.6685984], [83.2401279, 17.6685978], [83.2402193, 17.6685882], [83.2402872, 17.6685849], [83.2407127, 17.6686223], [83.2407981, 17.668633], [83.2412236, 17.6687165], [83.2427914, 17.6689295], [83.2429275, 17.6689391], [83.2430994, 17.6689425], [83.2437827, 17.6689204], [83.2447589, 17.6688949], [83.2448445, 17.6688947], [83.2456079, 17.6689299], [83.2456743, 17.6689513], [83.2457844, 17.6689974], [83.2463613, 17.6692783], [83.2464721, 17.6693039], [83.2465635, 17.6692968], [83.2466815, 17.6692548], [83.2472722, 17.6690241], [83.2475826, 17.6689019], [83.2479075, 17.6687978], [83.2481415, 17.6687493], [83.2484443, 17.6687355], [83.2485624, 17.6687461], [83.2486546, 17.6687586], [83.2489267, 17.6688233], [83.2490201, 17.6688492], [83.2491311, 17.6688973], [83.2494936, 17.6690976], [83.2496186, 17.6691504], [83.2498983, 17.6692471], [83.2504191, 17.6694277], [83.2506072, 17.6694853], [83.2508042, 17.6695456], [83.2510218, 17.6695863], [83.2523911, 17.6697366], [83.2537422, 17.6698403], [83.2539268, 17.6698545], [83.254814, 17.6699439], [83.2550316, 17.6699642], [83.2551937, 17.6699927], [83.2554368, 17.6700659], [83.2564265, 17.6704154], [83.2583631, 17.671021], [83.2600945, 17.6716239], [83.2601475, 17.6716378], [83.2602047, 17.6716452], [83.2602389, 17.6716446], [83.2602898, 17.6716366], [83.2603576, 17.6716191]]}}, {"type": "Feature", "properties": {"osm_id": 879571131, "highway": "tertiary"}, "geometry": {"type": "LineString", "coordinates": [[83.2603576, 17.6716191], [83.2603994, 17.6716135], [83.2604309, 17.6716173], [83.2604816, 17.6716289], [83.2611951, 17.6718488], [83.2613138, 17.6718759], [83.2613896, 17.6718783], [83.2614789, 17.6718675], [83.2615607, 17.6718303], [83.2622206, 17.6713152], [83.2624683, 17.6712095], [83.2631508, 17.6710803], [83.2633654, 17.6710803], [83.2643314, 17.6712243], [83.2661878, 17.671478], [83.2666251, 17.6715538], [83.2671299, 17.6715765], [83.2672929, 17.6715765], [83.2681739, 17.6721216], [83.2682509, 17.6722015], [83.2683371, 17.6728642], [83.2683622, 17.6730272], [83.2683647, 17.6730991]]}}, {"type": "Feature", "properties": {"osm_id": 879571132, "highway": "tertiary", "source": "maxar"}, "geometry": {"type": "LineString", "coordinates": [[83.2373219, 17.6682178], [83.2373299, 17.668527], [83.2373212, 17.6686712], [83.2372417, 17.6696896], [83.2372606, 17.6698145], [83.2372821, 17.6698912], [83.2376898, 17.6706834], [83.2378615, 17.6710137], [83.2379284, 17.6711534], [83.2380182, 17.6712913], [83.2381544, 17.6714328], [83.2383795, 17.6716121], [83.2384944, 17.6717262], [83.2387701, 17.6722658], [83.2388462, 17.6723547], [83.2389626, 17.67243], [83.2390952, 17.6724929], [83.2398731, 17.6727536], [83.2400886, 17.6728182], [83.2403462, 17.6728984], [83.240446, 17.6729473], [83.2405514, 17.6730179], [83.2406626, 17.6731238], [83.2407662, 17.6732087], [83.2408391, 17.6732267], [83.2409188, 17.6732272], [83.2410314, 17.6732074], [83.2413543, 17.6730988], [83.2414872, 17.6730633], [83.2416047, 17.6730694], [83.2417333, 17.6731048], [83.2418365, 17.6731512], [83.2418981, 17.6732074], [83.2419507, 17.6732858], [83.2419605, 17.6733818], [83.2419491, 17.6735154], [83.2418698, 17.6737815], [83.2418096, 17.6739833], [83.2417774, 17.6740675], [83.2417381, 17.6741437], [83.2416761, 17.6742254], [83.2416525, 17.6742678], [83.2416273, 17.6743254], [83.2416223, 17.6743805], [83.2416374, 17.6744333], [83.2416726, 17.674498], [83.2417632, 17.6745848], [83.2419955, 17.6747239], [83.2420386, 17.6747516], [83.2420999, 17.6747919], [83.2421713, 17.674846], [83.2422076, 17.6748919], [83.2422297, 17.6749246], [83.2422469, 17.6749638], [83.2422589, 17.675003], [83.2422675, 17.6750516], [83.2422607, 17.6751586], [83.2422536, 17.6752121], [83.2422441, 17.6752585], [83.2422299, 17.6753021], [83.2422093, 17.6753355], [83.2421075, 17.6754564], [83.242058, 17.675515], [83.2420216, 17.6755702], [83.2420024, 17.6756072], [83.2419911, 17.6756768], [83.2419955, 17.6757351], [83.2420107, 17.675787], [83.242037, 17.675831], [83.242176, 17.6759648], [83.2422309, 17.676047], [83.2422648, 17.6761157], [83.2425045, 17.6765922], [83.2425766, 17.6767135], [83.242875, 17.6771084], [83.2429755, 17.6772178], [83.2430165, 17.6772589], [83.24307, 17.6772809], [83.2431902, 17.6772887], [83.2432534, 17.6772718], [83.2433106, 17.6772416], [83.2433756, 17.6771791], [83.2436507, 17.676872], [83.2436938, 17.6767993], [83.2437245, 17.6767391], [83.2437429, 17.6766695], [83.2437947, 17.676327], [83.2438102, 17.676271], [83.2438382, 17.6762118], [83.2439072, 17.6760623], [83.2439338, 17.6759812], [83.2439772, 17.675791], [83.2439958, 17.6756691], [83.2439986, 17.6755969], [83.2439856, 17.6754957], [83.2439572, 17.6754094], [83.243862, 17.6752919], [83.243834, 17.6752342], [83.2438365, 17.6751599], [83.2438575, 17.6751035], [83.2438985, 17.6750617], [83.2441289, 17.6749605], [83.2442201, 17.6749088], [83.2442776, 17.6748411], [83.2443038, 17.6747384], [83.2443244, 17.6746539], [83.2443398, 17.6744879], [83.2443571, 17.6741235], [83.2443661, 17.6740642], [83.244381, 17.6740192], [83.2444095, 17.6739782], [83.2444596, 17.6739445], [83.2447555, 17.6738024], [83.2448235, 17.6737528], [83.2448576, 17.6736992], [83.244938, 17.6734838], [83.244974, 17.6734231], [83.2450258, 17.6733668], [83.2451732, 17.673207], [83.2452221, 17.6731814], [83.2452786, 17.6731694], [83.2453109, 17.6731733], [83.2453538, 17.6731934], [83.2457481, 17.6733949], [83.2458244, 17.6734207], [83.2459142, 17.6734384], [83.246014, 17.6734495], [83.2464288, 17.6734421], [83.2464928, 17.6734491], [83.2465638, 17.6734695], [83.2466372, 17.6735128], [83.2468339, 17.6736531], [83.24693, 17.6737087], [83.2470281, 17.6737511], [83.2471248, 17.6738001], [83.2472391, 17.6738674], [83.247291, 17.6739221], [83.2474331, 17.6741458], [83.2474789, 17.6742038], [83.2475283, 17.6742485], [83.2475716, 17.6742793], [83.24761, 17.6743171], [83.2476261, 17.6743524], [83.2476336, 17.6743838], [83.2476218, 17.6744165], [83.2476024, 17.6744313], [83.2475548, 17.6744369], [83.2475158, 17.6744212], [83.2473772, 17.6742992], [83.2472917, 17.6742418], [83.2471143, 17.674156], [83.2469919, 17.6741165], [83.2469393, 17.6741006], [83.2468808, 17.6740862], [83.24676, 17.6740772], [83.2466196, 17.6740684], [83.2465678, 17.6740652], [83.2464892, 17.6740777], [83.2464124, 17.6740965], [83.2462984, 17.6741324], [83.2461985, 17.674184], [83.2461678, 17.6742063], [83.2461306, 17.6742332], [83.2460786, 17.6742815], [83.246057, 17.6743142], [83.2460414, 17.6743506], [83.2460218, 17.674429], [83.2459977, 17.6746374], [83.2459658, 17.6748489], [83.2459462, 17.674942], [83.2459089, 17.6750437]]}}, {"type": "Feature", "properties": {"osm_id": 880012308, "highway": "secondary", "ref": "NH516C"}, "geometry": {"type": "LineString", "coordinates": [[83.1483511, 17.7809417], [83.1486016, 17.7804441], [83.1490308, 17.7797646], [83.1493104, 17.7793778], [83.1494987, 17.7790985], [83.149555, 17.7790486], [83.1496194, 17.7790065], [83.149842, 17.7789044], [83.1510651, 17.7785544], [83.1515023, 17.7784318], [83.1517518, 17.7783322], [83.1520718, 17.7781882], [83.1522916, 17.7781266], [83.1524275, 17.7780886], [83.1525727, 17.7780255], [83.1526825, 17.7779287], [83.1528354, 17.7776758], [83.1530875, 17.7771062], [83.1532484, 17.7768713], [83.1534737, 17.7767308], [83.1535429, 17.7766621], [83.1537996, 17.7762238], [83.1540263, 17.7759901], [83.154242, 17.7757511], [83.1543521, 17.7755835], [83.1545531, 17.7752776], [83.1545915, 17.7751575], [83.154605, 17.7750357], [83.1545886, 17.7748644], [83.1543934, 17.7741142], [83.1542632, 17.7737811], [83.1542389, 17.7737089], [83.1542186, 17.7736034], [83.1542063, 17.7734955], [83.1541865, 17.7722748], [83.1542027, 17.7722045], [83.1542461, 17.7721409], [83.1543213, 17.7721077], [83.154493, 17.7720898], [83.1551571, 17.7720529], [83.155576, 17.7720608], [83.1559122, 17.7720409], [83.1562728, 17.7720195], [83.1566748, 17.7719957], [83.156812, 17.7719772], [83.1573222, 17.7718564], [83.1576526, 17.7717782], [83.1586048, 17.7715356], [83.1589386, 17.7714741], [83.1590895, 17.7714525], [83.159281, 17.7714345], [83.1601631, 17.7714125], [83.1606807, 17.7714045], [83.1610889, 17.7713847], [83.1611827, 17.7713677], [83.1615525, 17.7712444], [83.1617466, 17.7711847], [83.1623438, 17.7709456], [83.1624779, 17.7709175], [83.1630029, 17.7708999], [83.1632423, 17.7708919], [83.1641269, 17.7708739], [83.165017, 17.7708383], [83.1652701, 17.7708031], [83.166295, 17.7706606], [83.1671699, 17.7704747], [83.1673147, 17.7704341], [83.1678437, 17.7702522], [83.1678918, 17.770233], [83.1682965, 17.7700715], [83.1685393, 17.7699655], [83.1689448, 17.769755], [83.1692326, 17.7695765], [83.1699352, 17.7691922], [83.1704086, 17.7689411], [83.1708955, 17.7686829], [83.1712445, 17.7684561], [83.1712684, 17.7684138], [83.1712712, 17.7683626], [83.1712237, 17.7679555], [83.1711866, 17.7675607], [83.1711989, 17.7674184], [83.1712167, 17.7672874], [83.1712589, 17.7671328], [83.1713472, 17.7669817], [83.1714372, 17.76687], [83.1715273, 17.7668022], [83.1715741, 17.7667702], [83.1718716, 17.7665666], [83.1724385, 17.7662131], [83.1727752, 17.7659262], [83.1732204, 17.765424], [83.1735878, 17.764909], [83.1741277, 17.7641522], [83.1741754, 17.7641008], [83.174239, 17.7640324], [83.1745632, 17.7637368], [83.1747817, 17.763577], [83.1749024, 17.7635146], [83.1750175, 17.7634794], [83.1754973, 17.7634395], [83.1757191, 17.7634119], [83.1758588, 17.7633946], [83.176194, 17.7633339], [83.1763748, 17.7632686], [83.1764644, 17.7632198], [83.1765787, 17.763118], [83.1766373, 17.7630394], [83.1767175, 17.7628904], [83.1767681, 17.7627573], [83.1768264, 17.7626041], [83.1768431, 17.7625628], [83.1768596, 17.7625148], [83.1770659, 17.7617957], [83.1773504, 17.7607157], [83.1773962, 17.7605418], [83.1775942, 17.7599488], [83.1776517, 17.7597792], [83.177896, 17.7591982], [83.1780744, 17.7588443], [83.1782019, 17.7585912], [83.178257, 17.7584843], [83.1784215, 17.7580545], [83.1784777, 17.757811], [83.1784909, 17.7575737], [83.1784741, 17.757366], [83.178463, 17.7569885], [83.1784544, 17.7566961], [83.1783833, 17.7561151], [83.1783296, 17.755707], [83.178347, 17.7555134], [83.1784442, 17.7549098], [83.1785521, 17.754512], [83.1785764, 17.7544597], [83.1786399, 17.7543986], [83.1787673, 17.7543537], [83.1793087, 17.7542212], [83.1794235, 17.7542081], [83.1799583, 17.7542063], [83.1800301, 17.7541788], [83.1800761, 17.7541426], [83.1801049, 17.7540926], [83.1801287, 17.7540189], [83.1801413, 17.7539616], [83.1801417, 17.7536663], [83.180142, 17.7534625], [83.1801395, 17.7533446], [83.1801318, 17.7529896], [83.1801263, 17.7525203], [83.1801213, 17.7522432], [83.1800716, 17.7516872], [83.1800683, 17.751327], [83.1800773, 17.7512544], [83.1800887, 17.7511796], [83.1801688, 17.7508736], [83.1802032, 17.7506863], [83.1802384, 17.7504348], [83.1802521, 17.7502517], [83.1802517, 17.7502132], [83.1802462, 17.7500414], [83.1802359, 17.7499814], [83.1801671, 17.7496908], [83.1801569, 17.749635], [83.1801195, 17.7493013], [83.1801056, 17.7491775], [83.1800963, 17.7489295], [83.1800875, 17.7487033], [83.1800864, 17.7484471], [83.180094, 17.7481893], [83.1801039, 17.747959], [83.1801032, 17.7477305], [83.1801031, 17.7474811], [83.1801114, 17.7474366], [83.1802292, 17.7471661], [83.1802343, 17.7471331], [83.1802405, 17.7469404], [83.1802472, 17.7467337], [83.1802535, 17.7465198], [83.1802734, 17.746417], [83.1803123, 17.746308], [83.1803382, 17.7462412], [83.1803691, 17.7461895], [83.1804744, 17.7460617], [83.1806385, 17.7459399], [83.1808096, 17.7457964], [83.1808524, 17.7457559], [83.180907, 17.7456975], [83.1809248, 17.7456777], [83.1809638, 17.7456403], [83.1810337, 17.7455565], [83.181169, 17.7453599], [83.1813282, 17.7450903], [83.1816477, 17.7446702], [83.1816751, 17.7446289], [83.1817775, 17.7444267], [83.1817973, 17.7443924], [83.1818235, 17.7443596], [83.1818625, 17.7443258], [83.1821959, 17.7441447], [83.1824479, 17.7440523], [83.1828581, 17.743893], [83.1829073, 17.7438759], [83.1832827, 17.7437915], [83.183343, 17.7437702], [83.1838594, 17.7436033], [83.1839262, 17.7435889], [83.1846435, 17.7435104], [83.1848635, 17.743501], [83.1851914, 17.7434821], [83.1852859, 17.7434731], [83.1853514, 17.7434565], [83.1854377, 17.743442], [83.1856019, 17.7433971], [83.185947, 17.7433014], [83.1860701, 17.7432858], [83.186181, 17.7432634], [83.1866583, 17.7431668], [83.1867023, 17.7431578], [83.1867749, 17.7431425], [83.187382, 17.743014], [83.1878273, 17.742929], [83.1878486, 17.7429218], [83.1878629, 17.742908]]}}, {"type": "Feature", "properties": {"osm_id": 880045754, "highway": "primary", "lanes": "1", "maxspeed": "40", "name": "Vishakapatnam - Srungavarapukota - Araku Road", "network": "IN:SH:AP", "oneway": "yes", "ref": "SH39", "surface": "concrete"}, "geometry": {"type": "LineString", "coordinates": [[83.2059914, 17.8190364], [83.2060276, 17.8188258], [83.2062502, 17.8175844], [83.2062626, 17.8175322], [83.2063528, 17.8168002], [83.2065211, 17.815796], [83.2065359, 17.815713], [83.2065627, 17.8154959], [83.2066123, 17.8152099], [83.2067223, 17.814703], [83.2068403, 17.8140353], [83.2068551, 17.8139548], [83.2068926, 17.813771], [83.2069798, 17.8134249], [83.2071313, 17.812798], [83.2072051, 17.8124704], [83.2073177, 17.8119668], [83.2073808, 17.8117766], [83.2075283, 17.8112901], [83.2075886, 17.811119], [83.2076289, 17.8109824], [83.2076557, 17.8108547], [83.2076839, 17.8106645], [83.2077362, 17.8104091], [83.2077823, 17.8101996], [83.2077938, 17.8101473], [83.2078944, 17.8097988], [83.20805, 17.8092146], [83.2080607, 17.8091718], [83.2082726, 17.8083789], [83.2083128, 17.808204], [83.2084405, 17.8077502], [83.2084563, 17.8076805], [83.2085609, 17.8072744], [83.2088372, 17.8064496], [83.2088909, 17.8062351], [83.2089238, 17.8060204], [83.2089793, 17.8057175], [83.2090076, 17.8055634], [83.2090511, 17.805393], [83.2096632, 17.8031876], [83.2098746, 17.8024257], [83.2099457, 17.8021629], [83.2102967, 17.8008218], [83.2103748, 17.8005396], [83.2106429, 17.7995993], [83.210857, 17.7986786], [83.2110957, 17.7977722], [83.2111561, 17.7975427], [83.2113262, 17.7968973], [83.2113334, 17.7968685], [83.2113929, 17.7966292], [83.2114312, 17.7964754], [83.2114593, 17.7963544], [83.2119266, 17.7947398], [83.2120453, 17.7943161], [83.2122117, 17.7937224]]}}, {"type": "Feature", "properties": {"osm_id": 880067366, "highway": "tertiary", "oneway": "yes", "source": "maxar"}, "geometry": {"type": "LineString", "coordinates": [[83.3610717, 17.7909871], [83.3610838, 17.791068], [83.3611021, 17.7911443], [83.3611266, 17.7912066], [83.361156, 17.7912528], [83.3629656, 17.7936373], [83.363056, 17.7937806], [83.3631738, 17.7939074], [83.3636342, 17.7945585], [83.3641854, 17.7953093], [83.3642566, 17.7954063], [83.3645953, 17.7958629], [83.3646999, 17.7959966], [83.3647933, 17.7961093], [83.3648922, 17.7962184], [83.3650535, 17.7963784], [83.3653226, 17.7966179], [83.3656125, 17.796881], [83.3663147, 17.7975185], [83.3666103, 17.7977868], [83.3673276, 17.798452], [83.367673, 17.7987575], [83.3685457, 17.7995257], [83.3691176, 17.8000563], [83.36917, 17.8001072], [83.369198, 17.8001591], [83.3692068, 17.8001755], [83.3692301, 17.800242], [83.3692495, 17.8003213], [83.3693045, 17.8005696], [83.3693076, 17.8005835], [83.3693716, 17.800901], [83.3694092, 17.801111]]}}, {"type": "Feature", "properties": {"osm_id": 880067367, "highway": "tertiary", "oneway": "yes", "source": "maxar"}, "geometry": {"type": "LineString", "coordinates": [[83.3611691, 17.7910519], [83.361157, 17.7909711]]}}, {"type": "Feature", "properties": {"osm_id": 880068652, "highway": "tertiary", "source": "maxar"}, "geometry": {"type": "LineString", "coordinates": [[83.2730734, 17.6581359], [83.2729127, 17.6581665], [83.2728519, 17.658172], [83.2727963, 17.6581676], [83.2726689, 17.6581475], [83.2725741, 17.6581266], [83.2724942, 17.6581051], [83.2724106, 17.658075], [83.2723387, 17.6580369], [83.2721922, 17.6579478], [83.2721246, 17.657893], [83.2720748, 17.657846], [83.2716993, 17.6574574], [83.2714693, 17.6572486], [83.2714218, 17.6572123], [83.2710016, 17.656907], [83.2707052, 17.6567168], [83.2690549, 17.6557717], [83.2688871, 17.6556682], [83.2671511, 17.6545007], [83.2664806, 17.6540201], [83.2661748, 17.6537849]]}}, {"type": "Feature", "properties": {"osm_id": 880440017, "highway": "tertiary"}, "geometry": {"type": "LineString", "coordinates": [[83.1947802, 17.7853446], [83.1955595, 17.7853747], [83.1956528, 17.7853727], [83.1961754, 17.7853613], [83.1965827, 17.7853849], [83.1967641, 17.7853767], [83.1969485, 17.7853624], [83.1975782, 17.7852573], [83.1976688, 17.7852578], [83.1977453, 17.7852685], [83.1979177, 17.7853633], [83.1982273, 17.7855924], [83.1983591, 17.7856478]]}}, {"type": "Feature", "properties": {"osm_id": 880444421, "bicycle": "yes", "foot": "yes", "highway": "tertiary", "horse": "no", "motor_vehicle": "yes", "name": "Visalakshinagar Main Road", "surface": "asphalt"}, "geometry": {"type": "LineString", "coordinates": [[83.350836, 17.7538442], [83.3507737, 17.7538627], [83.3505499, 17.7539291], [83.3503023, 17.7540026], [83.349789, 17.7541573], [83.3494055, 17.7542622], [83.3493072, 17.7542861], [83.3484982, 17.7545176], [83.3480575, 17.7546319], [83.3476139, 17.7547467], [83.347277, 17.7548308], [83.3470404, 17.754881], [83.3468377, 17.7549167], [83.3466848, 17.7549464], [83.3465153, 17.7549722], [83.3462202, 17.7550028], [83.3453688, 17.7550502], [83.3447423, 17.7551281], [83.3442043, 17.755195], [83.3437371, 17.7552843], [83.3434765, 17.7553394], [83.3430292, 17.755439], [83.3425811, 17.7555232], [83.34204, 17.7556662], [83.3412152, 17.755884], [83.3408064, 17.755992], [83.339831, 17.7562496], [83.3394465, 17.7563512], [83.338979, 17.7564747], [83.3383811, 17.7566326], [83.3380439, 17.7567217], [83.3376345, 17.7568298], [83.3372362, 17.7569351], [83.336865, 17.7570331], [83.3365399, 17.757119], [83.3359241, 17.7572841], [83.3357912, 17.7573198], [83.334535, 17.7576277], [83.3344538, 17.7576476], [83.334288, 17.7576882], [83.3338802, 17.7577985], [83.3336876, 17.7578561], [83.3335208, 17.7578888], [83.3334232, 17.7579079]]}}, {"type": "Feature", "properties": {"osm_id": 880465641, "highway": "tertiary", "lanes": "2", "source": "maxar", "surface": "asphalt"}, "geometry": {"type": "LineString", "coordinates": [[83.3256901, 17.7276958], [83.3256466, 17.7277574], [83.3255531, 17.7278943], [83.3253799, 17.7281166], [83.3252062, 17.7283236], [83.325074, 17.7284863], [83.3249806, 17.7285681], [83.3248508, 17.7286534], [83.3247174, 17.7287237], [83.3245477, 17.7288176], [83.3244465, 17.7288802], [83.3243626, 17.7289428], [83.3242822, 17.7290137], [83.3242084, 17.7290865], [83.3241273, 17.7291785], [83.3238939, 17.7294486], [83.3237799, 17.7295898], [83.3236223, 17.7297839], [83.3235106, 17.7299156], [83.3234943, 17.7299347], [83.3233588, 17.7301014], [83.323161, 17.7303466], [83.3229558, 17.7305913], [83.3227272, 17.7308704], [83.3225267, 17.7311137], [83.3222806, 17.7314203], [83.3221196, 17.7316202], [83.3218809, 17.7319153], [83.3216308, 17.7322385], [83.3216197, 17.7322513], [83.3214169, 17.7324844], [83.32136, 17.7325534], [83.3211856, 17.7327648], [83.3209502, 17.7330522], [83.3207142, 17.7333453], [83.3205523, 17.7335409], [83.3204138, 17.7337081], [83.3202501, 17.7339086], [83.3201774, 17.733995], [83.3201368, 17.7340432], [83.320037, 17.7341936]]}}, {"type": "Feature", "properties": {"osm_id": 880510218, "bridge": "yes", "highway": "tertiary", "layer": "1"}, "geometry": {"type": "LineString", "coordinates": [[83.3557348, 17.7627397], [83.3556734, 17.7626336]]}}, {"type": "Feature", "properties": {"osm_id": 880510219, "highway": "tertiary"}, "geometry": {"type": "LineString", "coordinates": [[83.3556734, 17.7626336], [83.3556479, 17.7625547], [83.3556325, 17.7624835], [83.3556418, 17.7623888], [83.3557385, 17.7621085], [83.3558486, 17.7618571], [83.3559209, 17.7616534], [83.3559563, 17.7615674], [83.3559688, 17.7614338], [83.3559753, 17.7613641], [83.3559691, 17.7612947]]}}, {"type": "Feature", "properties": {"osm_id": 880513484, "highway": "tertiary", "source": "maxar"}, "geometry": {"type": "LineString", "coordinates": [[83.3590222, 17.7699425], [83.3590351, 17.7692478], [83.3590269, 17.7689], [83.3589906, 17.7684989], [83.3588932, 17.7680012], [83.3588815, 17.7679482], [83.3588592, 17.7678397], [83.3588262, 17.7677486], [83.3587987, 17.7676971], [83.358749, 17.7676103], [83.3584947, 17.7672879], [83.3580292, 17.7667033], [83.3579895, 17.7666548], [83.3578541, 17.7664892], [83.3577132, 17.766317], [83.3576572, 17.7662484], [83.3572931, 17.7658027], [83.3572161, 17.7657083], [83.3571792, 17.7656587], [83.3571528, 17.765627], [83.3571223, 17.7656031], [83.3570429, 17.7655899]]}}, {"type": "Feature", "properties": {"osm_id": 880517547, "highway": "tertiary"}, "geometry": {"type": "LineString", "coordinates": [[83.3591327, 17.769888], [83.3590663, 17.7699092], [83.3590222, 17.7699425], [83.3589925, 17.7700141], [83.3589219, 17.7702251]]}}, {"type": "Feature", "properties": {"osm_id": 880517548, "bridge": "yes", "highway": "tertiary", "layer": "1"}, "geometry": {"type": "LineString", "coordinates": [[83.3592607, 17.7698521], [83.3591327, 17.769888]]}}, {"type": "Feature", "properties": {"osm_id": 880521640, "highway": "tertiary", "name": "Yarada Beach Road"}, "geometry": {"type": "LineString", "coordinates": [[83.2784357, 17.6742325], [83.2755824, 17.6741265], [83.2746908, 17.6741097], [83.2731035, 17.6742003], [83.2728381, 17.6742155], [83.2727015, 17.6742421], [83.2719744, 17.6744828], [83.2716912, 17.6745202], [83.2701873, 17.6745648], [83.2698063, 17.6745496], [83.2694577, 17.6745018], [83.2692089, 17.6745104], [83.2691129, 17.6745646], [83.2689562, 17.6746751], [83.2689047, 17.6748058], [83.2688669, 17.6749371], [83.2688506, 17.6750561], [83.2688841, 17.6751795], [83.2689197, 17.6752707], [83.2690394, 17.6754549], [83.2691402, 17.6755717], [83.2691887, 17.6756439], [83.2692302, 17.6757261], [83.2692655, 17.6758522], [83.2692779, 17.6759448], [83.2692907, 17.6760822], [83.2692806, 17.6761382], [83.2692682, 17.6761873], [83.2692299, 17.6762577], [83.2691687, 17.6763145], [83.269116, 17.6763531], [83.2690705, 17.676383], [83.2686434, 17.6766458], [83.2685169, 17.6767059], [83.2683247, 17.6767538], [83.2678425, 17.6768598], [83.2672965, 17.6770078], [83.2672153, 17.6770425], [83.2671224, 17.6771211], [83.2670025, 17.6772763], [83.2669118, 17.6774357], [83.2668707, 17.6775428], [83.2668464, 17.6776299], [83.2668376, 17.6777398], [83.2668353, 17.6777825], [83.2668445, 17.6778475], [83.2668545, 17.6779036], [83.2668828, 17.6779801], [83.2669134, 17.6780416], [83.2669669, 17.6781272], [83.2670152, 17.6781861], [83.2682025, 17.6796828], [83.2683813, 17.6798602], [83.2686151, 17.6800309], [83.2705021, 17.6813495], [83.2706369, 17.6814365], [83.2712489, 17.6818201], [83.2742879, 17.6830748], [83.2771054, 17.6842304], [83.2779435, 17.6846232], [83.2791422, 17.685305], [83.2793331, 17.6853661], [83.2794882, 17.6854001], [83.2805763, 17.6854453], [83.2818281, 17.6854429], [83.2828491, 17.6854009], [83.2829963, 17.6854027], [83.2830854, 17.6854357], [83.2831404, 17.6855279], [83.2831397, 17.6856069], [83.283078, 17.6856584], [83.282937, 17.6857119], [83.2824341, 17.6857481], [83.2815468, 17.6857877], [83.2805166, 17.6857883], [83.2797426, 17.6857904], [83.2792994, 17.6857634], [83.2790754, 17.6857653], [83.2789055, 17.6857992], [83.2784749, 17.6859713], [83.2782988, 17.6860228], [83.2780268, 17.6860771], [83.2778397, 17.6860779], [83.2776687, 17.686055], [83.2774869, 17.6860219], [83.2768858, 17.6858545], [83.2764059, 17.6856905], [83.2757097, 17.6855023], [83.274519, 17.6852959], [83.2739111, 17.6852088], [83.2735291, 17.6851067], [83.2733996, 17.6850571], [83.2732806, 17.6850121], [83.2731498, 17.6850019], [83.2726249, 17.6850457], [83.2722955, 17.6850547], [83.2717623, 17.6849905], [83.2716199, 17.684983], [83.2714405, 17.6849748], [83.2709691, 17.6849667], [83.2708171, 17.6849714], [83.2706806, 17.6849561], [83.2702809, 17.6848719], [83.2700806, 17.6848424], [83.2699444, 17.684835], [83.2698384, 17.6848385], [83.2696958, 17.6848842], [83.2696405, 17.6849523], [83.2696457, 17.6850214], [83.2696673, 17.6850916], [83.2697298, 17.6851438], [83.2697936, 17.6851677], [83.269893, 17.6851859], [83.27064, 17.6852219], [83.2709101, 17.6852304], [83.2711519, 17.6852153], [83.2713248, 17.6851933], [83.2714292, 17.6851883], [83.2715364, 17.6852051], [83.2717984, 17.6852711], [83.2720473, 17.6853302], [83.2722951, 17.6853717], [83.2731672, 17.6854475], [83.2732631, 17.6854689], [83.2733474, 17.6854908], [83.2734603, 17.6855323], [83.2735364, 17.6855728], [83.2736019, 17.6856115], [83.2736338, 17.6856285]]}}, {"type": "Feature", "properties": {"osm_id": 880522792, "highway": "tertiary"}, "geometry": {"type": "LineString", "coordinates": [[83.3567299, 17.7650565], [83.3567664, 17.7651934], [83.3568174, 17.7653032], [83.3568844, 17.7653977], [83.3570239, 17.7655612], [83.3570429, 17.7655899], [83.3570685, 17.7656561], [83.3570839, 17.7656811], [83.3571795, 17.7657962], [83.3572343, 17.7658638], [83.3573928, 17.7660727], [83.3574717, 17.7661603], [83.3576322, 17.7663565], [83.3577875, 17.7665416], [83.3579075, 17.7666983], [83.3580621, 17.7669107], [83.3583113, 17.7672181], [83.3584095, 17.7673262], [83.358665, 17.7676128], [83.3587436, 17.7677485], [83.3587727, 17.7678366], [83.3587978, 17.7679745], [83.3588142, 17.7680692], [83.3588836, 17.768496], [83.3589387, 17.7691736], [83.3589524, 17.7696123], [83.3589487, 17.7698872], [83.3589219, 17.7702251], [83.3589107, 17.7704499], [83.3589041, 17.7705829], [83.3589419, 17.7709418], [83.3589667, 17.7709987], [83.3590224, 17.7710557], [83.3594567, 17.771247], [83.3596248, 17.7713207], [83.3597953, 17.7713955], [83.3601122, 17.7714499], [83.3602496, 17.7714815], [83.3603536, 17.7715096], [83.3605723, 17.7715567], [83.3606797, 17.7715799], [83.3607122, 17.7715861], [83.3609297, 17.7716277], [83.361184, 17.7716651], [83.3612859, 17.7716659], [83.3614093, 17.7716514], [83.3616453, 17.7716249], [83.3617634, 17.7716097], [83.3619505, 17.7715588], [83.3619887, 17.7715484], [83.3620416, 17.7715248], [83.3621832, 17.7714719], [83.3623789, 17.7713989], [83.3625021, 17.7713529], [83.3625507, 17.7713326], [83.3628416, 17.7712112], [83.3629017, 17.771176], [83.3631474, 17.7710324], [83.3634639, 17.770731], [83.3635994, 17.7705837], [83.3638501, 17.7701997], [83.3638697, 17.7701559], [83.3640272, 17.7697502], [83.3640251, 17.7696981], [83.3640135, 17.7694045], [83.364011, 17.7690658], [83.3640232, 17.7689548], [83.364053, 17.7688472], [83.3641661, 17.7685478], [83.3641971, 17.7684228], [83.3641973, 17.7683376], [83.3641783, 17.7680014], [83.3642079, 17.7679127], [83.3642856, 17.7678449], [83.3645197, 17.7676404], [83.3647338, 17.7674495], [83.3648089, 17.7673764], [83.3649065, 17.7672894], [83.3650257, 17.7671814], [83.3651102, 17.7670968], [83.3652325, 17.7669149], [83.365278, 17.7668158], [83.365304, 17.7667593], [83.3653431, 17.7666753]]}}, {"type": "Feature", "properties": {"osm_id": 880524913, "highway": "tertiary"}, "geometry": {"type": "LineString", "coordinates": [[83.3622607, 17.7731414], [83.3622864, 17.7731187], [83.3625948, 17.7728459], [83.3629757, 17.7726007], [83.3633834, 17.7723453], [83.3635482, 17.7722274], [83.3636886, 17.7721622], [83.3638716, 17.7721052], [83.3642149, 17.7720081], [83.3644992, 17.7719008], [83.3645462, 17.7718803], [83.364595, 17.7718591], [83.3646846, 17.7718057], [83.3648261, 17.7716979]]}}, {"type": "Feature", "properties": {"osm_id": 880594818, "highway": "tertiary", "source": "maxar"}, "geometry": {"type": "LineString", "coordinates": [[83.2681601, 17.6909449], [83.2682142, 17.6909375], [83.2682886, 17.6909359]]}}, {"type": "Feature", "properties": {"osm_id": 880594819, "highway": "tertiary", "oneway": "yes", "source": "maxar"}, "geometry": {"type": "LineString", "coordinates": [[83.2682886, 17.6909359], [83.2683431, 17.6909414], [83.2683782, 17.6909315], [83.2683959, 17.690923], [83.2687051, 17.6906843], [83.2689815, 17.6905113], [83.2690441, 17.690477], [83.2690606, 17.690468], [83.2691216, 17.6904383], [83.2691774, 17.6904161], [83.2693577, 17.6903518], [83.2693957, 17.6903072]]}}, {"type": "Feature", "properties": {"osm_id": 880594821, "highway": "tertiary", "source": "maxar"}, "geometry": {"type": "LineString", "coordinates": [[83.2693957, 17.6903072], [83.2697118, 17.6901962], [83.2702856, 17.6900234], [83.2703559, 17.6899904], [83.2703805, 17.6899634], [83.2703858, 17.689921], [83.2703483, 17.6897927], [83.2703483, 17.6897352], [83.2703691, 17.6897003], [83.2706679, 17.689498], [83.2710106, 17.6892659], [83.2710708, 17.6892533], [83.2711342, 17.6892733], [83.2711971, 17.68934], [83.2713204, 17.6895098], [83.271371, 17.6896209], [83.2716162, 17.6903546]]}}, {"type": "Feature", "properties": {"osm_id": 880594822, "highway": "tertiary", "oneway": "yes", "source": "maxar"}, "geometry": {"type": "LineString", "coordinates": [[83.2693957, 17.6903072], [83.2693168, 17.6903096], [83.2691296, 17.6903842], [83.2690414, 17.6904246], [83.2690169, 17.6904378], [83.2689787, 17.6904583], [83.2686608, 17.6906523], [83.2686091, 17.6906817], [83.2685499, 17.6907206], [83.2683754, 17.6908514], [83.2683449, 17.690872], [83.2683166, 17.6908853], [83.2682886, 17.6909359]]}}, {"type": "Feature", "properties": {"osm_id": 880657414, "highway": "tertiary", "source": "maxar"}, "geometry": {"type": "LineString", "coordinates": [[83.1905246, 17.7835744], [83.1906575, 17.7835346], [83.1906993, 17.7835191], [83.1907349, 17.7835006], [83.190784, 17.7834667], [83.1911171, 17.7831754], [83.1911691, 17.7831485], [83.1912237, 17.7831343], [83.1916774, 17.7830906], [83.1917147, 17.7831019], [83.1917412, 17.78313], [83.1917513, 17.7831716], [83.1917266, 17.7834469], [83.1917282, 17.7836594], [83.1917362, 17.7838447], [83.1917828, 17.7839674], [83.1918299, 17.7840063]]}}, {"type": "Feature", "properties": {"osm_id": 880867920, "highway": "tertiary", "oneway": "yes", "source": "maxar"}, "geometry": {"type": "LineString", "coordinates": [[83.2736338, 17.6856285], [83.2736785, 17.6856947], [83.2737306, 17.6857452], [83.2737597, 17.6857873], [83.2738612, 17.6859851]]}}, {"type": "Feature", "properties": {"osm_id": 880873455, "bridge": "yes", "highway": "tertiary", "layer": "1"}, "geometry": {"type": "LineString", "coordinates": [[83.1838859, 17.670433], [83.1837923, 17.6700783]]}}, {"type": "Feature", "properties": {"osm_id": 880873483, "highway": "tertiary"}, "geometry": {"type": "LineString", "coordinates": [[83.1842921, 17.6629419], [83.1843245, 17.661854], [83.1843754, 17.6608462], [83.1843752, 17.660741], [83.1843966, 17.6606847], [83.1844499, 17.660529], [83.1845497, 17.6603957], [83.1846649, 17.6602742], [83.1848542, 17.6601976], [83.1850871, 17.6601589], [83.1853536, 17.66019], [83.1859048, 17.6603245], [83.1865456, 17.6604481], [83.1870805, 17.6605011], [83.1874969, 17.6604983], [83.1877145, 17.6604968], [83.1885324, 17.6604705], [83.1898042, 17.6604245], [83.1898309, 17.6604224], [83.1910063, 17.6604147], [83.191193, 17.660397], [83.1913931, 17.6603508], [83.191462, 17.6603349], [83.1917742, 17.6602261], [83.1921554, 17.6600489], [83.1929741, 17.6596628], [83.1933691, 17.6594061], [83.1935907, 17.6591829], [83.1937904, 17.6589002], [83.1941491, 17.6582537], [83.1946086, 17.6574841], [83.1947525, 17.6571331], [83.1951428, 17.6557747], [83.1951655, 17.6555905], [83.19516, 17.6554105], [83.1951222, 17.6552328], [83.1948973, 17.6544728], [83.1951139, 17.6542963], [83.1957244, 17.6537399], [83.1958716, 17.6536049], [83.1959393, 17.6535856]]}}, {"type": "Feature", "properties": {"osm_id": 880877188, "bridge": "yes", "highway": "primary", "layer": "1", "name": "BRTS Bus Lane"}, "geometry": {"type": "LineString", "coordinates": [[83.2861506, 17.7231085], [83.286095, 17.7232168]]}}, {"type": "Feature", "properties": {"osm_id": 880877189, "highway": "primary", "name": "BRTS Bus Lane"}, "geometry": {"type": "LineString", "coordinates": [[83.286095, 17.7232168], [83.2859489, 17.7234553], [83.2857243, 17.7238153], [83.2855867, 17.7240013], [83.2852493, 17.7244307], [83.2849295, 17.7247998], [83.2843468, 17.7254119], [83.2842533, 17.7255101], [83.28405, 17.7257428], [83.2839333, 17.7258585]]}}, {"type": "Feature", "properties": {"osm_id": 880881460, "highway": "tertiary", "name": "Yarada Beach Road", "oneway": "yes", "source": "maxar"}, "geometry": {"type": "LineString", "coordinates": [[83.2792332, 17.6739077], [83.2791467, 17.6740087], [83.2790795, 17.6740761], [83.278977, 17.6741519], [83.2789032, 17.6741896], [83.2788533, 17.6742046], [83.2788026, 17.6742133], [83.2786786, 17.6742139], [83.2785311, 17.6742094], [83.2784357, 17.6742325]]}}, {"type": "Feature", "properties": {"osm_id": 880881461, "highway": "tertiary", "name": "Yarada Beach Road", "oneway": "yes", "source": "maxar"}, "geometry": {"type": "LineString", "coordinates": [[83.2794321, 17.6736821], [83.2792851, 17.6738016]]}}, {"type": "Feature", "properties": {"osm_id": 880881463, "highway": "tertiary", "junction": "roundabout", "oneway": "yes", "source": "maxar"}, "geometry": {"type": "LineString", "coordinates": [[83.2792851, 17.6738016], [83.2792519, 17.6738102], [83.2792382, 17.6738201], [83.2792275, 17.673833], [83.2792206, 17.673848], [83.2792178, 17.6738642], [83.2792213, 17.6738873], [83.2792332, 17.6739077], [83.2792478, 17.6739204], [83.2792656, 17.6739285], [83.2792851, 17.6739315], [83.2793083, 17.6739279], [83.2793288, 17.673917], [83.2793448, 17.6738991], [83.2793531, 17.673877], [83.2793527, 17.6738535], [83.2793434, 17.6738317], [83.2793184, 17.6738094], [83.2792851, 17.6738016]]}}, {"type": "Feature", "properties": {"osm_id": 880887743, "highway": "tertiary", "source": "maxar"}, "geometry": {"type": "LineString", "coordinates": [[83.2619395, 17.7318113], [83.2618749, 17.7318155], [83.2617722, 17.7318147], [83.2616006, 17.7318088], [83.261513, 17.7317911], [83.2614396, 17.7317565], [83.2613882, 17.731716], [83.2613449, 17.7316621], [83.2613015, 17.7315753], [83.2612663, 17.7315133], [83.2612464, 17.7314762], [83.2612254, 17.7314416], [83.2612145, 17.7314353], [83.2612021, 17.7314326], [83.261182, 17.731432], [83.2611232, 17.7314435], [83.261032, 17.7314805], [83.260698, 17.7315993], [83.2604432, 17.7316785], [83.2602702, 17.731722], [83.2600355, 17.7317628], [83.2598062, 17.7317884], [83.2596211, 17.7317999], [83.2594951, 17.7317935], [83.2593046, 17.7317743], [83.2592322, 17.7317692], [83.2591745, 17.7317743], [83.2591222, 17.7317858], [83.2590243, 17.7318152], [83.2589506, 17.7318318], [83.2588218, 17.7318484], [83.2586354, 17.7318701], [83.2583846, 17.7318931], [83.2582009, 17.7319174], [83.2580011, 17.7319519], [83.257812, 17.7319941], [83.2574593, 17.7320911], [83.2570288, 17.7322265], [83.2566559, 17.7323441], [83.25633, 17.7324411], [83.255803, 17.7326008], [83.255394, 17.7327222], [83.2549648, 17.7328473], [83.2546014, 17.732961], [83.2543224, 17.7330504], [83.2542272, 17.7330747], [83.2541668, 17.7330862], [83.2540917, 17.7330952], [83.2539818, 17.7331015], [83.253625, 17.7331054], [83.2531825, 17.7331041], [83.2528459, 17.7330964], [83.2527721, 17.7330977], [83.2527091, 17.7331092], [83.2526286, 17.7331348], [83.2521579, 17.7333174], [83.2517003, 17.7334916], [83.2509989, 17.7337726], [83.2505214, 17.7339157], [83.2503484, 17.733954], [83.2502022, 17.7339566], [83.2500386, 17.7339502], [83.2498817, 17.7339182], [83.2494861, 17.733793], [83.248381, 17.7333894], [83.2481718, 17.7333843], [83.2479787, 17.7334507], [83.2477909, 17.7335529], [83.2475388, 17.733696], [83.2469534, 17.7340765], [83.2467596, 17.7341737], [83.2459456, 17.7345837], [83.2458262, 17.7346502], [83.2456733, 17.7347958], [83.2456411, 17.7348648], [83.2455835, 17.7349848], [83.2455473, 17.7352352], [83.2455245, 17.7354268], [83.2454722, 17.7355507], [83.2453984, 17.7356427], [83.2450457, 17.7359837], [83.2446997, 17.7363554], [83.2446045, 17.7364474], [83.244473, 17.7365253], [83.2442464, 17.736625], [83.2436228, 17.7368536], [83.2430702, 17.7370082], [83.2428758, 17.7370746], [83.2426679, 17.7371998], [83.2425606, 17.7372675], [83.2423849, 17.7373262], [83.2420108, 17.7374093], [83.2418109, 17.7374386], [83.2416849, 17.7374335], [83.2415856, 17.737399], [83.241422, 17.7373071], [83.2412785, 17.7371921], [83.2411411, 17.7370612], [83.2410009, 17.7369277], [83.2408681, 17.7368038], [83.2406972, 17.7367054], [83.2405671, 17.7366582], [83.2403847, 17.736609], [83.2402499, 17.7365637]]}}, {"type": "Feature", "properties": {"osm_id": 880892550, "highway": "tertiary", "oneway": "yes"}, "geometry": {"type": "LineString", "coordinates": [[83.2829421, 17.7120655], [83.2826493, 17.7120983]]}}, {"type": "Feature", "properties": {"osm_id": 880892551, "highway": "tertiary", "oneway": "yes"}, "geometry": {"type": "LineString", "coordinates": [[83.2826493, 17.7120983], [83.2822412, 17.7121441], [83.2816524, 17.7122102], [83.2814802, 17.712251], [83.2813623, 17.7123355], [83.2813122, 17.7124327], [83.2812745, 17.7125775], [83.2811093, 17.7140795], [83.2811135, 17.7142944], [83.2811318, 17.7144615], [83.2811569, 17.714579], [83.2811913, 17.7147009], [83.2813735, 17.7152081]]}}, {"type": "Feature", "properties": {"osm_id": 880943252, "highway": "tertiary", "oneway": "yes"}, "geometry": {"type": "LineString", "coordinates": [[83.2041208, 17.6629523], [83.2040676, 17.662967], [83.2040336, 17.6629836], [83.2040141, 17.6629999], [83.2039853, 17.6630367]]}}, {"type": "Feature", "properties": {"osm_id": 880944690, "highway": "secondary", "name": "New Colony Road"}, "geometry": {"type": "LineString", "coordinates": [[83.293408, 17.7278433], [83.2933762, 17.7278438], [83.2926339, 17.7278565], [83.2922945, 17.7278612], [83.2920589, 17.7278628], [83.2920188, 17.7278623], [83.2918599, 17.7278601], [83.2917554, 17.727842], [83.291675, 17.727819]]}}, {"type": "Feature", "properties": {"osm_id": 880944691, "highway": "secondary", "name": "New Colony Road", "oneway": "yes", "source": "maxar"}, "geometry": {"type": "LineString", "coordinates": [[83.3032491, 17.7268223], [83.3031747, 17.7268311], [83.3016067, 17.7269812], [83.3011578, 17.7270093], [83.3004064, 17.7270473], [83.2993644, 17.7271122], [83.2993314, 17.7271116], [83.2993193, 17.7271125], [83.2992626, 17.7271159], [83.2991909, 17.7271201]]}}, {"type": "Feature", "properties": {"osm_id": 880951563, "highway": "tertiary", "layer": "1", "oneway": "yes"}, "geometry": {"type": "LineString", "coordinates": [[83.1978482, 17.6569815], [83.1978594, 17.657062], [83.1979106, 17.6571154], [83.1981598, 17.657452]]}}, {"type": "Feature", "properties": {"osm_id": 880963124, "highway": "primary", "name": "Simhachalam - Pinagadi Road", "oneway": "yes", "source": "maxar"}, "geometry": {"type": "LineString", "coordinates": [[83.2359215, 17.7713796], [83.2360328, 17.7713408], [83.2363954, 17.7712127], [83.2365243, 17.7711835], [83.2366993, 17.7711638]]}}, {"type": "Feature", "properties": {"osm_id": 880977972, "highway": "tertiary", "oneway": "yes", "source": "maxar"}, "geometry": {"type": "LineString", "coordinates": [[83.1937234, 17.6444741], [83.1946008, 17.6461727], [83.1949487, 17.6468656], [83.1950422, 17.6470748], [83.1951113, 17.6472724], [83.1951601, 17.6475164], [83.1951926, 17.6478225], [83.1952527, 17.6483116], [83.1952979, 17.6485225], [83.1954231, 17.6492059], [83.1956051, 17.6501931], [83.1957037, 17.6509012], [83.1957438, 17.651289], [83.1957561, 17.6518531], [83.1957592, 17.6525289], [83.1958024, 17.6531752], [83.1958486, 17.6535102], [83.1958716, 17.6536049], [83.195935, 17.6538657], [83.1959736, 17.6540253], [83.1961509, 17.6544502], [83.1961754, 17.6545091], [83.1962464, 17.6546442], [83.1963343, 17.6546964]]}}, {"type": "Feature", "properties": {"osm_id": 880982597, "highway": "primary", "name": "Simhachalam - Pinagadi Road", "oneway": "yes", "source": "maxar"}, "geometry": {"type": "LineString", "coordinates": [[83.2319526, 17.7729651], [83.2317994, 17.7730569], [83.2315065, 17.7731963], [83.2314332, 17.7732234], [83.2312343, 17.773297], [83.2310911, 17.7733394], [83.2310061, 17.7733645], [83.2308584, 17.7734082], [83.2306037, 17.7734766], [83.2301512, 17.7735982], [83.2298403, 17.7736817], [83.229385, 17.7738018], [83.2292988, 17.7738204], [83.2290041, 17.7738843], [83.2281008, 17.7740169], [83.2275629, 17.7740928], [83.2274571, 17.7741077], [83.2273929, 17.7741151], [83.2265799, 17.774178], [83.2262479, 17.7742046], [83.2259282, 17.7742303], [83.2250833, 17.7742916], [83.2247099, 17.7742931], [83.2239039, 17.774289], [83.22374, 17.7742881], [83.2234901, 17.7742979], [83.2232056, 17.7743163], [83.2231535, 17.7743197], [83.2229228, 17.7743375], [83.2227858, 17.7743512], [83.2226117, 17.7743759], [83.222314, 17.7744244], [83.2221643, 17.7744527], [83.221822, 17.7745175]]}}, {"type": "Feature", "properties": {"osm_id": 880982598, "highway": "primary", "name": "Simhachalam - Pinagadi Road", "oneway": "yes", "source": "maxar"}, "geometry": {"type": "LineString", "coordinates": [[83.2230956, 17.774459], [83.2236282, 17.7744508], [83.2237477, 17.774449], [83.2238026, 17.7744492], [83.2240266, 17.7744499], [83.2241895, 17.7744549], [83.2246891, 17.77445], [83.2250497, 17.7744465], [83.2253998, 17.7744269], [83.2263735, 17.7744295], [83.2272648, 17.7743608], [83.2274248, 17.7743485], [83.2280116, 17.7742672], [83.2283482, 17.7741919], [83.2292615, 17.7740004], [83.2293033, 17.7739941], [83.2305999, 17.7736479], [83.2313831, 17.7734078], [83.2314799, 17.7733729], [83.2315767, 17.773338], [83.231721, 17.7732794], [83.2319806, 17.7731383], [83.2320778, 17.7730835], [83.2322753, 17.7729563]]}}, {"type": "Feature", "properties": {"osm_id": 880994974, "highway": "tertiary"}, "geometry": {"type": "LineString", "coordinates": [[83.2962901, 17.7201259], [83.2961855, 17.7199068], [83.2961453, 17.7198436], [83.2960863, 17.7197517], [83.2960633, 17.7196987], [83.2960461, 17.719649], [83.2960065, 17.7194992], [83.2959066, 17.7190869], [83.2958088, 17.7185563], [83.2957336, 17.7181334], [83.2957117, 17.7180106], [83.295572, 17.7171475], [83.2955672, 17.717126], [83.2955334, 17.7169751], [83.2955285, 17.7169442], [83.2955097, 17.7168242], [83.2955112, 17.7166248], [83.2955223, 17.7164682], [83.2955498, 17.7162597], [83.2956186, 17.7158823], [83.2956996, 17.7154384], [83.2957305, 17.7152293], [83.295749, 17.7151044], [83.2957583, 17.7150245], [83.2957855, 17.7147897], [83.2958011, 17.7144471], [83.2958027, 17.7142924], [83.2958758, 17.7141528], [83.2959799, 17.7139808], [83.2960767, 17.7138523], [83.2964685, 17.7134034], [83.2965083, 17.7133616], [83.2966311, 17.7132393], [83.2973057, 17.7125755], [83.2973279, 17.7125587], [83.2973955, 17.7125073]]}}, {"type": "Feature", "properties": {"osm_id": 881048179, "highway": "tertiary", "name": "Yarada Beach Road", "oneway": "yes"}, "geometry": {"type": "LineString", "coordinates": [[83.2784357, 17.6742325], [83.278525, 17.6742542], [83.2787594, 17.67426], [83.2788419, 17.6742554], [83.2789177, 17.6742355], [83.2789751, 17.6742118], [83.2790206, 17.6741871], [83.2790666, 17.67415], [83.2791104, 17.6741142], [83.2791579, 17.6740742], [83.2791824, 17.6740537], [83.2792851, 17.6739315]]}}, {"type": "Feature", "properties": {"osm_id": 881796317, "highway": "tertiary"}, "geometry": {"type": "LineString", "coordinates": [[83.202766, 17.6712543], [83.2027185, 17.671366], [83.2026834, 17.6714784], [83.2026596, 17.6715882], [83.202634, 17.6717149], [83.2025819, 17.6718992], [83.2024533, 17.6722437], [83.2023173, 17.672605], [83.2022723, 17.6727074], [83.2021266, 17.6730163], [83.2019699, 17.6733863], [83.2019204, 17.6735032], [83.2018209, 17.673814], [83.2017213, 17.6741249], [83.2016548, 17.6743784]]}}, {"type": "Feature", "properties": {"osm_id": 881796318, "highway": "tertiary", "oneway": "yes", "source": "maxar"}, "geometry": {"type": "LineString", "coordinates": [[83.202766, 17.6712543], [83.2028727, 17.6712291], [83.2029368, 17.6711848], [83.2037179, 17.6707249], [83.2043604, 17.6703555], [83.2046018, 17.6702061], [83.2047958, 17.6700893], [83.2055488, 17.6696417], [83.2061363, 17.6692996], [83.2067196, 17.6689599], [83.2069408, 17.6688336], [83.2076536, 17.6684266], [83.2077026, 17.668397]]}}, {"type": "Feature", "properties": {"osm_id": 881796340, "highway": "tertiary"}, "geometry": {"type": "LineString", "coordinates": [[83.2171241, 17.6655918], [83.217242, 17.6662888], [83.2172484, 17.6663419]]}}, {"type": "Feature", "properties": {"osm_id": 881800556, "highway": "tertiary", "oneway": "yes", "source": "maxar"}, "geometry": {"type": "LineString", "coordinates": [[83.2535944, 17.7035978], [83.2533913, 17.7036561], [83.2533312, 17.703683], [83.2532551, 17.7037439], [83.2527292, 17.7041533]]}}, {"type": "Feature", "properties": {"osm_id": 881800559, "bridge": "yes", "highway": "tertiary", "layer": "1", "oneway": "yes", "source": "maxar"}, "geometry": {"type": "LineString", "coordinates": [[83.2527292, 17.7041533], [83.2524836, 17.7043446]]}}, {"type": "Feature", "properties": {"osm_id": 881801967, "highway": "tertiary"}, "geometry": {"type": "LineString", "coordinates": [[83.2115458, 17.6664114], [83.2111904, 17.6665014], [83.2111315, 17.6665198], [83.210918, 17.6665866], [83.2106561, 17.6666851], [83.2103359, 17.6668055], [83.2100792, 17.666931], [83.2096698, 17.6671312], [83.2092278, 17.6673991], [83.208443, 17.6678746], [83.2080905, 17.6680946]]}}, {"type": "Feature", "properties": {"osm_id": 881801968, "bridge": "yes", "highway": "tertiary", "layer": "1"}, "geometry": {"type": "LineString", "coordinates": [[83.2117243, 17.6663717], [83.2115458, 17.6664114]]}}, {"type": "Feature", "properties": {"osm_id": 881801981, "highway": "tertiary"}, "geometry": {"type": "LineString", "coordinates": [[83.2073385, 17.6601778], [83.2071128, 17.6603742], [83.2069278, 17.6605378], [83.2066196, 17.6608171], [83.20637, 17.6610434], [83.2056268, 17.6617071], [83.204164, 17.6630135]]}}, {"type": "Feature", "properties": {"osm_id": 881801982, "bridge": "yes", "highway": "tertiary", "layer": "1"}, "geometry": {"type": "LineString", "coordinates": [[83.2074656, 17.6600672], [83.2073385, 17.6601778]]}}, {"type": "Feature", "properties": {"osm_id": 881814804, "highway": "tertiary", "lanes": "2", "oneway": "yes", "source": "maxar", "surface": "asphalt"}, "geometry": {"type": "LineString", "coordinates": [[83.3387494, 17.7431194], [83.3387696, 17.7432242], [83.3388161, 17.7434087], [83.3390776, 17.7444469], [83.3391429, 17.7447058], [83.3393563, 17.7455851], [83.3393987, 17.7457594]]}}, {"type": "Feature", "properties": {"osm_id": 881821673, "highway": "tertiary", "oneway": "yes", "source": "maxar"}, "geometry": {"type": "LineString", "coordinates": [[83.292374, 17.771313], [83.2923278, 17.7713952], [83.2922526, 17.7714956], [83.2921661, 17.7715906], [83.2920559, 17.7716871], [83.2917338, 17.7719664], [83.2912593, 17.7723845], [83.2908469, 17.7727392], [83.2907542, 17.7728107], [83.2906402, 17.7728819], [83.2905177, 17.7729461], [83.2903437, 17.7730347], [83.2897561, 17.7733303], [83.2890245, 17.7737019], [83.288489, 17.7739747], [83.2883904, 17.7740249], [83.2883261, 17.7740482], [83.2882396, 17.7740629], [83.2881798, 17.7740418], [83.2881288, 17.7739869], [83.28808, 17.7739067], [83.2877496, 17.7732923], [83.2871335, 17.7721569], [83.2869626, 17.7718292], [83.2869414, 17.7717794], [83.2869347, 17.7717224], [83.2869458, 17.7716696], [83.2869735, 17.7716279], [83.2870262, 17.7715986], [83.2872323, 17.7715286], [83.2879397, 17.7712681], [83.2890809, 17.7708145], [83.289715, 17.7705675], [83.2902227, 17.7703563], [83.2906351, 17.7701727], [83.2910654, 17.7699979]]}}, {"type": "Feature", "properties": {"osm_id": 881839805, "highway": "tertiary"}, "geometry": {"type": "LineString", "coordinates": [[83.2172594, 17.666435], [83.2173601, 17.6671895], [83.2174224, 17.667643], [83.2174595, 17.6678469], [83.2174931, 17.6681769], [83.2175224, 17.6684642], [83.2175541, 17.6687756], [83.2175854, 17.6690825], [83.2175972, 17.6691987], [83.2176102, 17.6693863], [83.2176321, 17.6697011], [83.2176144, 17.6700241], [83.2176177, 17.6703282], [83.2176432, 17.6706188], [83.2177352, 17.6710411], [83.2177476, 17.6710922], [83.2178534, 17.6714766], [83.2179623, 17.6719242], [83.2180529, 17.6721877]]}}, {"type": "Feature", "properties": {"osm_id": 881839806, "bridge": "yes", "highway": "tertiary", "layer": "1"}, "geometry": {"type": "LineString", "coordinates": [[83.2172484, 17.6663419], [83.2172594, 17.666435]]}}, {"type": "Feature", "properties": {"osm_id": 881839811, "highway": "tertiary"}, "geometry": {"type": "LineString", "coordinates": [[83.2145088, 17.6659836], [83.214104, 17.6660366], [83.2135162, 17.6660921], [83.2129282, 17.666172], [83.2119973, 17.6663094], [83.2118812, 17.6663342], [83.2117243, 17.6663717]]}}, {"type": "Feature", "properties": {"osm_id": 881839812, "bridge": "yes", "highway": "tertiary", "layer": "1"}, "geometry": {"type": "LineString", "coordinates": [[83.2147354, 17.6659539], [83.2145088, 17.6659836]]}}, {"type": "Feature", "properties": {"osm_id": 881848407, "highway": "tertiary"}, "geometry": {"type": "LineString", "coordinates": [[83.2065971, 17.7638412], [83.2072532, 17.7646028], [83.2076247, 17.7649537], [83.2080435, 17.7653514], [83.2084913, 17.7657945], [83.2085952, 17.7658848], [83.2087535, 17.7660291]]}}, {"type": "Feature", "properties": {"osm_id": 881849680, "highway": "tertiary", "oneway": "yes", "source": "maxar"}, "geometry": {"type": "LineString", "coordinates": [[83.3355522, 17.7367702], [83.3354837, 17.7367586], [83.3353588, 17.7367823], [83.3351523, 17.7368156], [83.3351226, 17.7368204], [83.3349778, 17.7368376]]}}, {"type": "Feature", "properties": {"osm_id": 881849683, "highway": "tertiary"}, "geometry": {"type": "LineString", "coordinates": [[83.3355522, 17.7367702], [83.3357624, 17.7367238], [83.3364368, 17.7365866], [83.336536, 17.7365603], [83.3368856, 17.7364741], [83.3372922, 17.7363788], [83.337513, 17.736327], [83.3375836, 17.7363104], [83.3381278, 17.7361665], [83.3383382, 17.7360949], [83.3385729, 17.7360358], [83.3389288, 17.7359521], [83.339349, 17.7358667], [83.3395092, 17.7358183], [83.3395775, 17.7357988]]}}, {"type": "Feature", "properties": {"osm_id": 881849685, "highway": "tertiary", "oneway": "yes", "source": "maxar"}, "geometry": {"type": "LineString", "coordinates": [[83.3349778, 17.7368376], [83.3349004, 17.736849], [83.3347693, 17.7368682], [83.3347251, 17.7368749], [83.3346525, 17.7369164]]}}, {"type": "Feature", "properties": {"osm_id": 881849686, "highway": "tertiary", "oneway": "yes"}, "geometry": {"type": "LineString", "coordinates": [[83.3346525, 17.7369164], [83.3347361, 17.7369356], [83.3349552, 17.7369112], [83.335051, 17.7369005]]}}, {"type": "Feature", "properties": {"osm_id": 881852827, "highway": "tertiary", "oneway": "yes", "source": "maxar"}, "geometry": {"type": "LineString", "coordinates": [[83.2910654, 17.7699979], [83.2911902, 17.7699542], [83.291513, 17.769799], [83.2922396, 17.7694692], [83.2927001, 17.7692662], [83.2933738, 17.7690253], [83.294002, 17.7688169], [83.2949145, 17.7685543], [83.2955911, 17.7683837], [83.2963159, 17.768224], [83.2964735, 17.7681951], [83.2970096, 17.7680968], [83.297851, 17.7679344], [83.2984623, 17.7678159], [83.2991008, 17.7676871], [83.2992117, 17.7676702], [83.299276, 17.7676618], [83.2993314, 17.7676639], [83.2993869, 17.7676808], [83.2994423, 17.7677294], [83.2995132, 17.7678645], [83.2996928, 17.7684789], [83.2999212, 17.76922], [83.3001118, 17.7698386], [83.3002506, 17.7703401], [83.3002679, 17.7704274]]}}, {"type": "Feature", "properties": {"osm_id": 881852828, "highway": "tertiary", "oneway": "yes"}, "geometry": {"type": "LineString", "coordinates": [[83.3004027, 17.7704479], [83.3003775, 17.7703515], [83.300269, 17.770036], [83.3001251, 17.7695651], [83.3000324, 17.7692738], [83.2999143, 17.7688702], [83.2997816, 17.7684272], [83.2996126, 17.7678178], [83.2995757, 17.7677286], [83.2995365, 17.76766], [83.2994981, 17.7676147], [83.2994363, 17.7675828], [83.2993652, 17.767568], [83.2992944, 17.7675686], [83.2991642, 17.7675827], [83.2988729, 17.7676414], [83.2983806, 17.7677466], [83.2976683, 17.7678784], [83.29731, 17.7679426], [83.2969984, 17.7679939], [83.2966763, 17.76805], [83.2964409, 17.7680932], [83.2963011, 17.7681189], [83.2958823, 17.7682051], [83.2955792, 17.7682745], [83.2952762, 17.7683438], [83.2948982, 17.7684506], [83.2944128, 17.7685867], [83.293954, 17.7687275], [83.2935013, 17.7688698], [83.2929326, 17.7690774], [83.2925307, 17.7692371], [83.2921154, 17.7694223], [83.2916462, 17.7696273], [83.2911085, 17.7698699], [83.290988, 17.7699133]]}}, {"type": "Feature", "properties": {"osm_id": 881855645, "bridge": "yes", "highway": "tertiary", "layer": "1", "name": "MVP Main Road", "oneway": "no", "source": "Bing"}, "geometry": {"type": "LineString", "coordinates": [[83.3362639, 17.7436629], [83.3364181, 17.7436229]]}}, {"type": "Feature", "properties": {"osm_id": 881855646, "highway": "tertiary", "name": "MVP Main Road", "oneway": "no", "source": "Bing"}, "geometry": {"type": "LineString", "coordinates": [[83.3364181, 17.7436229], [83.3365824, 17.7435815], [83.3372296, 17.7434186], [83.3383069, 17.7431474], [83.3386861, 17.743052]]}}, {"type": "Feature", "properties": {"osm_id": 881855647, "bridge": "yes", "highway": "tertiary", "layer": "1", "maxweight:signed": "no"}, "geometry": {"type": "LineString", "coordinates": [[83.3332393, 17.7474146], [83.3333515, 17.7474834]]}}, {"type": "Feature", "properties": {"osm_id": 881855648, "highway": "tertiary"}, "geometry": {"type": "LineString", "coordinates": [[83.3333515, 17.7474834], [83.3336286, 17.7476266], [83.3337811, 17.7476652], [83.3341031, 17.7475813], [83.335886, 17.7470412], [83.3363106, 17.7469242], [83.3365556, 17.7468449], [83.3373947, 17.7465778], [83.3376683, 17.7464719], [83.3379604, 17.746268], [83.3382699, 17.7461489], [83.3385693, 17.7460546], [83.3389552, 17.7459238], [83.3393987, 17.7457594], [83.3394949, 17.74573], [83.3405043, 17.7454645], [83.3409468, 17.7453481], [83.3409755, 17.7453405], [83.3417729, 17.7451633], [83.3424759, 17.7449825], [83.3428399, 17.7449188], [83.3431696, 17.7448597], [83.3436133, 17.7447486], [83.3437191, 17.7447364], [83.3439683, 17.7447048], [83.3441572, 17.7446815], [83.3443337, 17.7446881], [83.3445751, 17.7446921], [83.3451145, 17.7446571], [83.3452344, 17.7446392], [83.3452998, 17.744609], [83.345315, 17.7445924], [83.3453279, 17.7445695], [83.3453314, 17.7445388], [83.3452852, 17.7442034]]}}, {"type": "Feature", "properties": {"osm_id": 881855652, "highway": "primary", "name": "MVP Double Road", "oneway": "yes", "ref": "SH144"}, "geometry": {"type": "LineString", "coordinates": [[83.3364143, 17.7407701], [83.3363528, 17.7407844], [83.3362976, 17.7407973], [83.3351567, 17.7410633], [83.3348302, 17.7411394], [83.3348036, 17.7411504]]}}, {"type": "Feature", "properties": {"osm_id": 881855653, "bridge": "yes", "highway": "primary", "layer": "1", "oneway": "yes", "ref": "SH144"}, "geometry": {"type": "LineString", "coordinates": [[83.3366851, 17.7407051], [83.3364143, 17.7407701]]}}, {"type": "Feature", "properties": {"osm_id": 881855654, "highway": "primary", "lanes": "2", "name": "MVP Double Road", "oneway": "yes", "ref": "SH144", "source": "Bing", "surface": "asphalt"}, "geometry": {"type": "LineString", "coordinates": [[83.3366786, 17.7407982], [83.3370582, 17.7407048], [83.3370657, 17.740703], [83.337763, 17.7405314], [83.3377852, 17.7405259], [83.3380317, 17.7404898]]}}, {"type": "Feature", "properties": {"osm_id": 881855655, "bridge": "yes", "highway": "primary", "layer": "1", "oneway": "yes", "ref": "SH144", "source": "Bing"}, "geometry": {"type": "LineString", "coordinates": [[83.3364274, 17.74086], [83.3366786, 17.7407982]]}}, {"type": "Feature", "properties": {"osm_id": 881861798, "highway": "tertiary", "oneway": "yes", "source": "maxar"}, "geometry": {"type": "LineString", "coordinates": [[83.3307792, 17.7421401], [83.3308094, 17.7422417], [83.3308185, 17.7422743], [83.3309849, 17.7428677], [83.3311323, 17.743365], [83.3311522, 17.7434408], [83.3312548, 17.7438258], [83.3313896, 17.7443178], [83.3315101, 17.7447955], [83.3316527, 17.7453018], [83.3318067, 17.7458656], [83.33185, 17.7460642], [83.3318709, 17.7462873], [83.3318853, 17.7465333], [83.3318741, 17.746654], [83.3318404, 17.7468083], [83.3317602, 17.7469825], [83.3316715, 17.747112], [83.3315897, 17.7471816], [83.3314902, 17.7472429], [83.3313126, 17.7473782], [83.3311968, 17.7474743], [83.3310626, 17.747562]]}}, {"type": "Feature", "properties": {"osm_id": 881861801, "highway": "tertiary", "oneway": "yes"}, "geometry": {"type": "LineString", "coordinates": [[83.3312711, 17.7475523], [83.3313798, 17.7474604], [83.3315998, 17.7472745], [83.331745, 17.7471205], [83.3319034, 17.7468855]]}}, {"type": "Feature", "properties": {"osm_id": 881872976, "highway": "tertiary"}, "geometry": {"type": "LineString", "coordinates": [[83.2945355, 17.7131528], [83.294462, 17.7126], [83.2944096, 17.7123215], [83.2941978, 17.7115986], [83.2941509, 17.7113685], [83.2941363, 17.7112949], [83.2941387, 17.711144], [83.2941786, 17.7109195]]}}, {"type": "Feature", "properties": {"osm_id": 881872977, "bridge": "yes", "highway": "tertiary", "layer": "1"}, "geometry": {"type": "LineString", "coordinates": [[83.2945384, 17.7131919], [83.2945355, 17.7131528]]}}, {"type": "Feature", "properties": {"osm_id": 881880039, "dual_carriageway": "yes", "highway": "primary", "lanes": "2", "maxspeed": "70", "maxspeed:type": "sign", "name": "Visakhapatnam - Anandapuram Main Road", "oneway": "yes", "ref:old": "NH5", "surface": "asphalt"}, "geometry": {"type": "LineString", "coordinates": [[83.3338536, 17.7607986], [83.3338724, 17.7608804], [83.3339019, 17.7609889], [83.3339202, 17.7610533], [83.3339368, 17.7611115], [83.3340407, 17.7613727], [83.3340736, 17.7614474], [83.3341205, 17.7615381], [83.3341728, 17.7616224], [83.3342506, 17.7617437], [83.3343753, 17.7619238], [83.3344531, 17.7620247], [83.3345577, 17.7621358], [83.3347227, 17.7623095], [83.334948, 17.7624858], [83.3351733, 17.7626505], [83.3353905, 17.7627744], [83.3355531, 17.7628483], [83.3356348, 17.762878], [83.3356943, 17.7629024], [83.3358261, 17.7629528], [83.335953, 17.7629868], [83.3361366, 17.763036], [83.3363195, 17.7630806], [83.3367502, 17.763186], [83.3371954, 17.7633004], [83.337335, 17.7633363], [83.3377037, 17.7634168], [83.3380611, 17.7635028], [83.3383199, 17.7635673], [83.3384653, 17.7636305], [83.3387396, 17.7637498], [83.3389145, 17.7638331], [83.3389841, 17.7638764], [83.3391443, 17.7639762], [83.3392538, 17.7640525], [83.3394659, 17.764214], [83.3396177, 17.7643297], [83.3397083, 17.7644033], [83.3399091, 17.7645662], [83.3399962, 17.7646369], [83.3403411, 17.7649178], [83.340567, 17.7651195], [83.3408643, 17.765385], [83.3411439, 17.7656839], [83.3411923, 17.7657461], [83.3412862, 17.7658669], [83.3416036, 17.7662884], [83.3416718, 17.7663843], [83.3419331, 17.766752], [83.3422286, 17.7671679], [83.3422966, 17.7672636], [83.3424767, 17.7675053], [83.3427512, 17.7678141], [83.3428026, 17.7678644], [83.3431249, 17.7681798], [83.3431886, 17.7682421], [83.3435808, 17.7685912], [83.3439413, 17.768912], [83.3441595, 17.7691062], [83.3443506, 17.7692812], [83.3447427, 17.7696404], [83.3453423, 17.7701521], [83.3455026, 17.7702889], [83.3456963, 17.7704549], [83.3460841, 17.7707871], [83.3462732, 17.7709273], [83.3467376, 17.7712716], [83.3468972, 17.7713899], [83.3471958, 17.7715978], [83.3475048, 17.771813], [83.3478612, 17.7720612], [83.3481701, 17.7722803], [83.3486189, 17.7725985], [83.3488218, 17.7727424], [83.3490341, 17.7729146], [83.3490997, 17.7729678], [83.349345, 17.7732063], [83.3494925, 17.7733925], [83.3495851, 17.7735657], [83.3496795, 17.7737486], [83.349727, 17.7738669], [83.349755, 17.7739365], [83.3498287, 17.7741995], [83.3498344, 17.7742474], [83.3498596, 17.7744576], [83.3498682, 17.7748186], [83.3498652, 17.774893], [83.3498476, 17.7753217], [83.3498562, 17.7759261], [83.349887, 17.7761841], [83.3499058, 17.7762494], [83.3499471, 17.7763932], [83.3500277, 17.7766154], [83.3500596, 17.7766767], [83.3501186, 17.7767902], [83.3502181, 17.7769371], [83.3502524, 17.7769878], [83.3503862, 17.7771806], [83.3505389, 17.7773308], [83.3506728, 17.7774541], [83.3507499, 17.7775252], [83.3509294, 17.7776404], [83.351002, 17.7776869], [83.3512401, 17.7778185], [83.3513005, 17.7778519], [83.3514265, 17.7779184], [83.3516779, 17.7780512], [83.3517186, 17.7780726], [83.3520525, 17.7782478], [83.3521136, 17.7782799], [83.3523242, 17.7783618], [83.3523949, 17.7783893], [83.3525581, 17.7784444], [83.3526659, 17.7784808], [83.3528814, 17.7785302], [83.3531359, 17.7785886], [83.3533119, 17.7786176], [83.3536245, 17.778669], [83.3539168, 17.7787171], [83.3542852, 17.7787778], [83.354565, 17.7788239], [83.3546832, 17.7788434], [83.35531, 17.7789512], [83.3556974, 17.7790178], [83.3561408, 17.779094], [83.3562888, 17.7791195], [83.3565161, 17.7791753], [83.3565684, 17.7791881], [83.3567049, 17.7792279], [83.3568257, 17.7792632], [83.3569342, 17.7793133], [83.3570452, 17.7793645], [83.3571525, 17.7794281], [83.357282, 17.7795049], [83.3573715, 17.7795723], [83.3574947, 17.779665], [83.357658, 17.7798366], [83.3576782, 17.7798578], [83.3577473, 17.7799406], [83.3578172, 17.7800244], [83.3578443, 17.7800634], [83.3579853, 17.7802661], [83.3580051, 17.7803073], [83.3580796, 17.7804621], [83.3581129, 17.7805492], [83.3581602, 17.7806731], [83.3581739, 17.7807088], [83.3581956, 17.7807999], [83.3582323, 17.7809538], [83.3582488, 17.7810769], [83.3582609, 17.7811674], [83.3582649, 17.7811972], [83.358266, 17.7813554], [83.3582666, 17.7814471], [83.3582647, 17.7814753], [83.3582568, 17.7815932], [83.3582511, 17.7816774], [83.3582031, 17.7818538], [83.3581388, 17.7820561], [83.3581256, 17.7821174], [83.3580196, 17.7823634], [83.3578371, 17.7827432], [83.357446, 17.7835648], [83.3573306, 17.7838173], [83.3570064, 17.7845265], [83.3567479, 17.7850921], [83.3564992, 17.7855755], [83.3563516, 17.7857732], [83.3561767, 17.7859578], [83.355988, 17.7861276], [83.3558079, 17.7862469], [83.3553773, 17.7865196], [83.3549982, 17.7867401], [83.3545334, 17.7870537], [83.3542949, 17.7872579], [83.3540863, 17.7874594], [83.3538112, 17.7877251], [83.3534751, 17.7880364], [83.3531765, 17.7883131], [83.3529175, 17.7886169], [83.3527734, 17.7888308], [83.3526877, 17.7889886], [83.352643, 17.7890709], [83.3525658, 17.7892686], [83.3524886, 17.7895021], [83.3524595, 17.7896965], [83.3524303, 17.7900166], [83.3524303, 17.7901947], [83.3524633, 17.7903864], [83.3525161, 17.7906928], [83.3525918, 17.7910372], [83.3526318, 17.7912273], [83.3527905, 17.7919013], [83.3528695, 17.7922348], [83.3529586, 17.7925814], [83.3530079, 17.7927885], [83.3530851, 17.7930886], [83.3531667, 17.7934728], [83.3532391, 17.7938003], [83.3532786, 17.7940162], [83.3533319, 17.7943813], [83.3533606, 17.7946341], [83.3533841, 17.7948439], [83.3534119, 17.7950858], [83.3534083, 17.7953542], [83.3534047, 17.7956263], [83.3533697, 17.7959546], [83.3533622, 17.7961431], [83.3533585, 17.7963916], [83.3533532, 17.7965232], [83.3533555, 17.7967958], [83.3533294, 17.7971521], [83.3532577, 17.7977446], [83.3531669, 17.7985205], [83.3530365, 17.7993339], [83.3529995, 17.7995645], [83.3529243, 17.8000611], [83.3528807, 17.8006131], [83.3528661, 17.8010197], [83.3529074, 17.8015417], [83.3529549, 17.8020965], [83.3530534, 17.8026512], [83.353103, 17.8030242]]}}, {"type": "Feature", "properties": {"osm_id": 881880040, "bridge": "yes", "dual_carriageway": "yes", "highway": "primary", "lanes": "2", "layer": "1", "maxspeed": "70", "maxspeed:type": "sign", "name": "Anakapalli - Visakhapatnam - Anandapuram Main Road", "oneway": "yes", "ref:old": "NH5", "surface": "asphalt"}, "geometry": {"type": "LineString", "coordinates": [[83.3323862, 17.7543377], [83.3324505, 17.7546578]]}}, {"type": "Feature", "properties": {"osm_id": 881880041, "bridge": "yes", "dual_carriageway": "yes", "highway": "primary", "lanes": "2", "layer": "1", "maxspeed": "70", "maxspeed:type": "sign", "name": "Anakapalli - Visakhapatnam - Anandapuram Main Road", "oneway": "yes", "ref:old": "NH5", "surface": "asphalt"}, "geometry": {"type": "LineString", "coordinates": [[83.3325618, 17.7545773], [83.3325056, 17.7542909]]}}, {"type": "Feature", "properties": {"osm_id": 881880042, "dual_carriageway": "yes", "highway": "primary", "lanes": "2", "maxspeed": "70", "maxspeed:type": "sign", "name": "Visakhapatnam - Anandapuram Main Road", "oneway": "yes", "ref:old": "NH5", "surface": "asphalt"}, "geometry": {"type": "LineString", "coordinates": [[83.3325056, 17.7542909], [83.3324097, 17.7537982], [83.332343, 17.7533369], [83.332278, 17.7528132], [83.3322098, 17.7522742], [83.3320745, 17.7510815], [83.3319721, 17.7502709], [83.3319707, 17.75026], [83.3319299, 17.7499372], [83.3319027, 17.749522], [83.3318807, 17.7491875], [83.3318201, 17.7486245], [83.331813, 17.7485589], [83.3317468, 17.7482852], [83.3316699, 17.7481102], [83.3316476, 17.7480595], [83.3315702, 17.747911], [83.3313605, 17.7476471], [83.3312711, 17.7475523], [83.3311968, 17.7474743], [83.3309873, 17.7473248], [83.3308191, 17.747229], [83.3305674, 17.7471317], [83.3303071, 17.747068], [83.3299824, 17.7470047], [83.3294497, 17.7469219], [83.3291136, 17.7468498], [83.3289792, 17.7467979], [83.3288631, 17.7467057], [83.3287622, 17.746567], [83.3286419, 17.7462352], [83.328569, 17.7460056], [83.3284816, 17.7455527], [83.3284648, 17.7454525], [83.3282598, 17.7442303], [83.3282318, 17.7440631], [83.328178, 17.7437442], [83.328085, 17.7431928], [83.3280459, 17.742995], [83.3280383, 17.7429476], [83.3280317, 17.7429134], [83.3280161, 17.7428257], [83.32801, 17.7427924], [83.3279989, 17.742733], [83.3278549, 17.7418918], [83.3277455, 17.7414427], [83.3276514, 17.7411671], [83.3275541, 17.7409414], [83.3274307, 17.7407351], [83.3272992, 17.7405885], [83.3271287, 17.7404126], [83.3270246, 17.7403417], [83.3268771, 17.7402413], [83.3263226, 17.7399517], [83.3259062, 17.7397342], [83.3257057, 17.7396223], [83.3249709, 17.7392124], [83.3246662, 17.7390333], [83.3242187, 17.7387702], [83.323916, 17.7385818], [83.3236247, 17.738369], [83.3235692, 17.7383284], [83.323243, 17.7380404], [83.3228664, 17.73769], [83.3226498, 17.7374885], [83.3220966, 17.7369457], [83.3219322, 17.7367804], [83.3212941, 17.7361748], [83.3209986, 17.735892], [83.3205818, 17.7355414]]}}, {"type": "Feature", "properties": {"osm_id": 881902764, "highway": "tertiary", "oneway": "yes", "source": "maxar"}, "geometry": {"type": "LineString", "coordinates": [[83.3283816, 17.7457421], [83.3283643, 17.7459139], [83.3283602, 17.7459954], [83.328362, 17.7461127], [83.3284421, 17.7465124]]}}, {"type": "Feature", "properties": {"osm_id": 881905331, "highway": "tertiary", "name": "Krishna Road"}, "geometry": {"type": "LineString", "coordinates": [[83.3230876, 17.7459241], [83.3232328, 17.7451468], [83.3232472, 17.7446503], [83.3232495, 17.7445725], [83.3232661, 17.7444056], [83.3232448, 17.7440278], [83.3232178, 17.7434099]]}}, {"type": "Feature", "properties": {"osm_id": 881905333, "highway": "tertiary", "name": "HB Colony Road", "oneway": "yes", "source": "Bing"}, "geometry": {"type": "LineString", "coordinates": [[83.3271049, 17.7467352], [83.3269961, 17.7466829], [83.3264833, 17.7465201], [83.3263086, 17.7464567], [83.3261454, 17.7464281], [83.3260246, 17.7464243], [83.3258189, 17.7464177], [83.3256823, 17.7464238], [83.3254281, 17.7464351], [83.3253752, 17.74644], [83.3248012, 17.7464936], [83.3246858, 17.7465127], [83.3245115, 17.7464974], [83.3241641, 17.7463575], [83.3234989, 17.7460897], [83.3230876, 17.7459241], [83.3227464, 17.745796], [83.3226558, 17.7457625], [83.3222061, 17.7455839], [83.3221605, 17.7455676], [83.3214981, 17.7453155], [83.3210635, 17.7451502], [83.3202753, 17.7448486], [83.3198783, 17.7446974], [83.3194613, 17.7445256], [83.3193847, 17.744498], [83.3187855, 17.7442822], [83.3184028, 17.744142], [83.317709, 17.743883], [83.3171408, 17.7436657], [83.3170984, 17.7436495], [83.31664, 17.7434783], [83.3158775, 17.7434252], [83.3158323, 17.7434261], [83.3153991, 17.7434123], [83.3145857, 17.7434041], [83.3145273, 17.7434013], [83.3144495, 17.7433972], [83.3143427, 17.7433877]]}}, {"type": "Feature", "properties": {"osm_id": 881915414, "highway": "tertiary", "oneway": "yes", "source": "maxar"}, "geometry": {"type": "LineString", "coordinates": [[83.2046843, 17.7997211], [83.2047505, 17.7997601], [83.2049587, 17.7997855], [83.2057961, 17.7998233], [83.2062738, 17.7998761], [83.2064668, 17.7998973], [83.2070281, 17.7999711], [83.2083723, 17.8000574], [83.2094081, 17.8000643], [83.2095175, 17.8000651], [83.20999, 17.8000498], [83.2102551, 17.8000385], [83.210304, 17.8000364]]}}, {"type": "Feature", "properties": {"osm_id": 881929577, "bridge": "yes", "highway": "tertiary", "level": "1"}, "geometry": {"type": "LineString", "coordinates": [[83.2763274, 17.7296473], [83.2762052, 17.7296673]]}}, {"type": "Feature", "properties": {"osm_id": 881929578, "highway": "tertiary"}, "geometry": {"type": "LineString", "coordinates": [[83.2762052, 17.7296673], [83.2761029, 17.7296897], [83.2760058, 17.7297202], [83.2759076, 17.729764], [83.2757898, 17.7298315], [83.2756697, 17.7299145], [83.2756364, 17.7299432], [83.2755795, 17.7300038], [83.2755388, 17.7300553], [83.2755068, 17.7301257], [83.2754607, 17.7302453], [83.2754328, 17.7303051], [83.2753868, 17.7303786], [83.2750712, 17.7308268], [83.2750263, 17.7308821], [83.2749954, 17.73091], [83.2749681, 17.7309294], [83.2748879, 17.7309685], [83.2748264, 17.730991], [83.2747593, 17.7310073], [83.2740602, 17.7311373], [83.273931, 17.7311629], [83.2733228, 17.7312836], [83.2717658, 17.7315898], [83.2717248, 17.7315979], [83.2710256, 17.7318807], [83.2707337, 17.7320106], [83.2705562, 17.7320784], [83.2678517, 17.7325742], [83.2674262, 17.732659], [83.2650088, 17.7331299], [83.2645694, 17.733228], [83.2634194, 17.7334445], [83.2632603, 17.7334744], [83.2627684, 17.7335401], [83.262643, 17.7335303], [83.2624579, 17.7334938], [83.2623285, 17.7334941], [83.2621682, 17.733561]]}}, {"type": "Feature", "properties": {"osm_id": 881935087, "highway": "tertiary", "oneway": "yes"}, "geometry": {"type": "LineString", "coordinates": [[83.2911938, 17.7139836], [83.2903515, 17.7155349], [83.2898212, 17.716522], [83.2897387, 17.7166487], [83.2896718, 17.7167023], [83.289562, 17.7167255]]}}, {"type": "Feature", "properties": {"osm_id": 881935088, "bridge": "yes", "highway": "tertiary", "level": "1", "oneway": "yes"}, "geometry": {"type": "LineString", "coordinates": [[83.291257, 17.7138711], [83.2911938, 17.7139836]]}}, {"type": "Feature", "properties": {"osm_id": 881935089, "bridge": "yes", "highway": "tertiary", "level": "1", "oneway": "yes"}, "geometry": {"type": "LineString", "coordinates": [[83.2913935, 17.7138904], [83.2914597, 17.7137694]]}}, {"type": "Feature", "properties": {"osm_id": 881935090, "highway": "tertiary", "oneway": "yes"}, "geometry": {"type": "LineString", "coordinates": [[83.2914597, 17.7137694], [83.2915323, 17.7136658], [83.2915825, 17.7136016], [83.2917039, 17.7134627], [83.2917949, 17.7133637]]}}, {"type": "Feature", "properties": {"osm_id": 881935621, "highway": "tertiary"}, "geometry": {"type": "LineString", "coordinates": [[83.2065971, 17.7638412], [83.2063933, 17.7636943], [83.2061979, 17.7635713], [83.2056749, 17.7632265], [83.2055781, 17.7631912], [83.2052143, 17.7630584]]}}, {"type": "Feature", "properties": {"osm_id": 882177981, "highway": "tertiary"}, "geometry": {"type": "LineString", "coordinates": [[83.2103308, 17.767946], [83.2103135, 17.7680062], [83.2102244, 17.7681207], [83.2101845, 17.7681719], [83.210186, 17.7682307], [83.2102109, 17.7682894], [83.210257, 17.768325], [83.2103335, 17.7683704], [83.2105286, 17.7684861], [83.2107062, 17.7685914], [83.2107368, 17.7686069], [83.2109571, 17.7687301], [83.2111583, 17.7688248], [83.211286, 17.7688848], [83.2113191, 17.7689153], [83.2113268, 17.7689368], [83.2113243, 17.768968], [83.211206, 17.7691816], [83.2111893, 17.7692395], [83.2112062, 17.7692805], [83.2112223, 17.7692972], [83.211249, 17.7693046], [83.2113303, 17.7693137], [83.2113888, 17.7693104], [83.2115504, 17.7693014], [83.2117024, 17.7693022], [83.2117828, 17.7692891], [83.2118778, 17.7692331], [83.2119258, 17.7692289], [83.2119505, 17.7692316], [83.2122872, 17.7692678], [83.2125521, 17.7693196], [83.2127186, 17.7693362], [83.2135624, 17.7695833], [83.2141113, 17.7696563], [83.2141756, 17.7696648], [83.2142735, 17.7696765], [83.2146626, 17.7697208], [83.2150705, 17.7697485], [83.2155082, 17.7697847], [83.2156053, 17.7698178], [83.2157035, 17.7698576], [83.215832, 17.7699301], [83.215949, 17.7699875], [83.2160075, 17.7700285], [83.2160876, 17.7701181], [83.2161218, 17.7701635], [83.2161408, 17.770195], [83.21621, 17.7703094], [83.2162349, 17.7703701], [83.2163613, 17.7705963], [83.2167011, 17.7709094], [83.2168521, 17.7710435], [83.2169304, 17.771114]]}}, {"type": "Feature", "properties": {"osm_id": 882179860, "highway": "primary", "name": "BRTS Bus Lane", "source": "maxar"}, "geometry": {"type": "LineString", "coordinates": [[83.2164309, 17.7759336], [83.2164669, 17.775595], [83.2165524, 17.7747918], [83.2166739, 17.7737435], [83.2167669, 17.7728821], [83.2168985, 17.7720612], [83.2169823, 17.7714252], [83.2170221, 17.7708235], [83.217062, 17.7699239], [83.2170667, 17.7698017], [83.2171048, 17.7688002], [83.2171422, 17.7670387], [83.2171955, 17.7648815]]}}, {"type": "Feature", "properties": {"osm_id": 882179861, "highway": "primary", "name": "BRTS Bus Lane", "source": "maxar"}, "geometry": {"type": "LineString", "coordinates": [[83.2178182, 17.7517846], [83.2179375, 17.7511814], [83.2180226, 17.7509067], [83.2183483, 17.7500891], [83.2185851, 17.7496023], [83.2187554, 17.7493149], [83.2189223, 17.7490124], [83.2191449, 17.7487084], [83.2193461, 17.7484772], [83.2199523, 17.7479267], [83.2203171, 17.7476291], [83.2206456, 17.7473774], [83.2209595, 17.7471233], [83.2213926, 17.7467426], [83.221689, 17.7465217], [83.2220431, 17.7462777], [83.2226358, 17.7458996], [83.2231615, 17.7455739], [83.2235464, 17.7453351], [83.2239099, 17.7451307], [83.2240274, 17.7450773], [83.2241406, 17.745026], [83.2243766, 17.7449429], [83.2247427, 17.7448037], [83.2251652, 17.7446683], [83.2256466, 17.7445406], [83.2262045, 17.7444154], [83.2267758, 17.7443017], [83.2274491, 17.7441612], [83.228027, 17.744059], [83.2283246, 17.7439955], [83.2285276, 17.7439426], [83.2285697, 17.7439316]]}}, {"type": "Feature", "properties": {"osm_id": 882199273, "bridge": "yes", "highway": "tertiary", "layer": "1", "name": "Arilova Main Road"}, "geometry": {"type": "LineString", "coordinates": [[83.3112532, 17.7691175], [83.3112262, 17.7691193]]}}, {"type": "Feature", "properties": {"osm_id": 882199274, "highway": "tertiary", "name": "Arilova Main Road"}, "geometry": {"type": "LineString", "coordinates": [[83.3112658, 17.7691172], [83.3112532, 17.7691175]]}}, {"type": "Feature", "properties": {"osm_id": 882204681, "highway": "tertiary", "name": "Yarada Beach Road", "oneway": "yes"}, "geometry": {"type": "LineString", "coordinates": [[83.2793434, 17.6738317], [83.2794321, 17.6736821]]}}, {"type": "Feature", "properties": {"osm_id": 882204683, "highway": "tertiary", "name": "Yarada Beach Road"}, "geometry": {"type": "LineString", "coordinates": [[83.2739477, 17.6859505], [83.2739022, 17.6859655], [83.2738612, 17.6859851], [83.2737768, 17.6860421], [83.2737326, 17.6860814], [83.2737051, 17.6861102], [83.2736543, 17.6861628], [83.2734731, 17.6864267], [83.2734235, 17.6865583], [83.2734132, 17.6866977], [83.2735392, 17.6873066], [83.2736569, 17.6881977], [83.2736554, 17.6883782], [83.273636, 17.688448], [83.2735926, 17.6885091], [83.2735454, 17.688569], [83.2734947, 17.6886088], [83.273407, 17.6886422], [83.2733313, 17.6886428], [83.2732117, 17.6886401], [83.2713206, 17.6883842], [83.2704872, 17.6883149], [83.2687399, 17.6881645]]}}, {"type": "Feature", "properties": {"osm_id": 882204684, "highway": "tertiary", "name": "Yarada Beach Road", "oneway": "yes"}, "geometry": {"type": "LineString", "coordinates": [[83.2739477, 17.6859505], [83.2738237, 17.6857357], [83.2737859, 17.6856946], [83.2737117, 17.6856524], [83.2736338, 17.6856285]]}}, {"type": "Feature", "properties": {"osm_id": 882215932, "highway": "secondary", "name": "Chitralaya Road", "oneway": "yes"}, "geometry": {"type": "LineString", "coordinates": [[83.3023005, 17.7117938], [83.3021405, 17.7118438], [83.3006769, 17.7124105], [83.3000696, 17.7126294]]}}, {"type": "Feature", "properties": {"osm_id": 882216123, "highway": "secondary", "name": "Akkayapalem Main Road"}, "geometry": {"type": "LineString", "coordinates": [[83.2992208, 17.7294611], [83.2992148, 17.7294256]]}}, {"type": "Feature", "properties": {"osm_id": 882216124, "bridge": "yes", "highway": "secondary", "layer": "1", "name": "Akkayapalem Main Road"}, "geometry": {"type": "LineString", "coordinates": [[83.2992349, 17.7295443], [83.2992208, 17.7294611]]}}, {"type": "Feature", "properties": {"osm_id": 882216995, "dual_carriageway": "yes", "highway": "primary", "lanes": "2", "name": "Anakapalli - Visakhapatnam - Anandapuram Main Road", "oneway": "yes", "ref:old": "NH5", "source": "Bing", "surface": "asphalt"}, "geometry": {"type": "LineString", "coordinates": [[83.1812396, 17.684684], [83.1759504, 17.6847735], [83.1751242, 17.684816], [83.1746202, 17.6848682], [83.1745408, 17.6848754]]}}, {"type": "Feature", "properties": {"osm_id": 882239416, "highway": "tertiary", "name": "Sheela Nagar Road", "source": "Bing"}, "geometry": {"type": "LineString", "coordinates": [[83.1975349, 17.7202754], [83.1974836, 17.7201302], [83.1974037, 17.7199976]]}}, {"type": "Feature", "properties": {"osm_id": 882245456, "highway": "primary", "lanes": "1", "oneway": "yes"}, "geometry": {"type": "LineString", "coordinates": [[83.3197583, 17.7346862], [83.3197141, 17.7345726]]}}, {"type": "Feature", "properties": {"osm_id": 882246046, "highway": "tertiary", "oneway": "yes", "source": "maxar"}, "geometry": {"type": "LineString", "coordinates": [[83.2042504, 17.7164731], [83.2042631, 17.7163828], [83.2043009, 17.7161145], [83.2043275, 17.715926], [83.2044486, 17.7151313], [83.2044636, 17.7150215], [83.2045326, 17.7145759], [83.2046346, 17.713917], [83.20469, 17.7135696], [83.2047667, 17.7129578], [83.204997, 17.7114287]]}}, {"type": "Feature", "properties": {"osm_id": 882290139, "dual_carriageway": "yes", "highway": "primary", "lanes": "2", "name": "Anakapalli - Visakhapatnam - Anandapuram Main Road", "oneway": "yes", "ref:old": "NH5", "surface": "asphalt"}, "geometry": {"type": "LineString", "coordinates": [[83.204032, 17.7164692], [83.2039531, 17.7170101], [83.2039364, 17.7171243], [83.2038422, 17.717892], [83.2037823, 17.7182367], [83.2037805, 17.7182507], [83.203667, 17.7191332], [83.2036345, 17.7193863], [83.2036301, 17.7194202], [83.2036187, 17.7195048], [83.203613, 17.7195451], [83.2036068, 17.7195885]]}}, {"type": "Feature", "properties": {"osm_id": 882291155, "highway": "tertiary"}, "geometry": {"type": "LineString", "coordinates": [[83.2555602, 17.7300427], [83.255682, 17.7300819], [83.2557638, 17.7300984], [83.2558152, 17.7301003], [83.255868, 17.7301014]]}}, {"type": "Feature", "properties": {"osm_id": 882291156, "highway": "tertiary", "oneway": "yes"}, "geometry": {"type": "LineString", "coordinates": [[83.261109, 17.7278965], [83.2610187, 17.7277788], [83.2610024, 17.7277518], [83.2609813, 17.7277208], [83.2609137, 17.7277534], [83.2608754, 17.7277708], [83.2604635, 17.7279626], [83.2599545, 17.7282021], [83.2594983, 17.7284125], [83.2594732, 17.7284241], [83.2585584, 17.728858], [83.258228, 17.7290198], [83.2578898, 17.7291891], [83.2575073, 17.7293875], [83.2573543, 17.7294579], [83.2571808, 17.7295307], [83.2566671, 17.7297447], [83.2566372, 17.7297563], [83.2559169, 17.730049], [83.255868, 17.7301014]]}}, {"type": "Feature", "properties": {"osm_id": 882291157, "highway": "tertiary"}, "geometry": {"type": "LineString", "coordinates": [[83.2614025, 17.7282221], [83.2613507, 17.7282824], [83.2612708, 17.7283683], [83.2612088, 17.7284464], [83.2611826, 17.7284985], [83.2611155, 17.7286464], [83.2610811, 17.7287479], [83.261079, 17.7288503], [83.2610934, 17.7289553], [83.2611211, 17.729075], [83.2611771, 17.7292561], [83.2612233, 17.7293559], [83.2612695, 17.7294322], [83.2613195, 17.729497], [83.2613685, 17.7295448], [83.2614857, 17.7296538], [83.2621483, 17.7301423], [83.2622674, 17.7302351], [83.2623705, 17.7303408], [83.2624395, 17.7304315], [83.2624923, 17.7305261], [83.2625328, 17.7306379], [83.2625882, 17.7307905]]}}, {"type": "Feature", "properties": {"osm_id": 882291158, "highway": "tertiary", "oneway": "yes", "source": "maxar"}, "geometry": {"type": "LineString", "coordinates": [[83.255868, 17.7301014], [83.2559421, 17.7301155], [83.2561671, 17.7300212], [83.2566639, 17.729813], [83.2566922, 17.7298018], [83.257115, 17.7296256], [83.2573447, 17.7295308], [83.2575317, 17.7294456], [83.2577797, 17.7293255], [83.2579175, 17.7292546], [83.2579302, 17.7292481], [83.2582737, 17.729068], [83.2586518, 17.7288879], [83.2590238, 17.7287098], [83.2594954, 17.7284872], [83.2604899, 17.7280284], [83.2606768, 17.7279452], [83.2607873, 17.72789], [83.2609125, 17.7278294], [83.2609446, 17.7278109], [83.2609752, 17.7277976], [83.2610187, 17.7277788]]}}, {"type": "Feature", "properties": {"osm_id": 882291160, "highway": "tertiary", "oneway": "yes", "source": "maxar"}, "geometry": {"type": "LineString", "coordinates": [[83.2611954, 17.7281969], [83.2612654, 17.7282427], [83.2613507, 17.7282824]]}}, {"type": "Feature", "properties": {"osm_id": 882296672, "frontage_road": "yes", "highway": "tertiary", "lanes": "2", "source": "maxar", "surface": "asphalt"}, "geometry": {"type": "LineString", "coordinates": [[83.2038414, 17.7171815], [83.2037549, 17.7178458], [83.2037477, 17.7179013], [83.2037294, 17.718042], [83.2037104, 17.7181936], [83.203704, 17.7182452], [83.2036367, 17.7187936], [83.2035828, 17.7191466], [83.2035815, 17.7192262], [83.2035901, 17.7192742], [83.2036345, 17.7193863]]}}, {"type": "Feature", "properties": {"osm_id": 882311265, "highway": "tertiary", "oneway": "yes", "source": "maxar"}, "geometry": {"type": "LineString", "coordinates": [[83.2608754, 17.7277708], [83.2609125, 17.7278294], [83.2609835, 17.7279216], [83.2610128, 17.7279627]]}}, {"type": "Feature", "properties": {"osm_id": 882328015, "highway": "tertiary", "junction": "roundabout", "source": "maxar"}, "geometry": {"type": "LineString", "coordinates": [[83.2676255, 17.7229112], [83.2676033, 17.7229005], [83.2675787, 17.7228969], [83.2675542, 17.7229007], [83.2675321, 17.7229117], [83.2675147, 17.7229286], [83.267503, 17.722952], [83.2675004, 17.7229778], [83.2675071, 17.7230029], [83.2675224, 17.7230243], [83.2675444, 17.7230396], [83.2675705, 17.7230468], [83.2675976, 17.7230452], [83.2676225, 17.7230349], [83.2676423, 17.7230171], [83.2676539, 17.7229961], [83.267658, 17.7229727], [83.2676543, 17.7229492], [83.2676431, 17.7229281], [83.2676255, 17.7229112]]}}, {"type": "Feature", "properties": {"osm_id": 882328016, "highway": "tertiary", "oneway": "yes"}, "geometry": {"type": "LineString", "coordinates": [[83.267633, 17.7232291], [83.2676423, 17.7230171]]}}, {"type": "Feature", "properties": {"osm_id": 882328017, "highway": "tertiary", "oneway": "yes", "source": "maxar"}, "geometry": {"type": "LineString", "coordinates": [[83.2675224, 17.7230243], [83.267633, 17.7232291]]}}, {"type": "Feature", "properties": {"osm_id": 882328018, "highway": "tertiary", "oneway": "yes", "source": "maxar"}, "geometry": {"type": "LineString", "coordinates": [[83.267658, 17.7229727], [83.267733, 17.7228818], [83.2677861, 17.7228296], [83.2678391, 17.7227942], [83.2679011, 17.7227689], [83.2680113, 17.7227415]]}}, {"type": "Feature", "properties": {"osm_id": 882328019, "highway": "tertiary", "oneway": "yes"}, "geometry": {"type": "LineString", "coordinates": [[83.268025, 17.7226713], [83.2679027, 17.7227083], [83.2678067, 17.7227486], [83.2677315, 17.7227854], [83.2676589, 17.7228287], [83.2675787, 17.7228969]]}}, {"type": "Feature", "properties": {"osm_id": 882334587, "highway": "tertiary", "oneway": "yes", "source": "maxar"}, "geometry": {"type": "LineString", "coordinates": [[83.2707431, 17.7222777], [83.270801, 17.7217789], [83.2708168, 17.7216426], [83.2709082, 17.7208262], [83.2709341, 17.7205951], [83.2709647, 17.7203219], [83.2710073, 17.7200024], [83.2710328, 17.7198112], [83.2711377, 17.7190247], [83.271167, 17.7188048], [83.271205, 17.7185199], [83.2712298, 17.7183244], [83.2713752, 17.7171796], [83.2713981, 17.7169929], [83.2714808, 17.7163174]]}}, {"type": "Feature", "properties": {"osm_id": 882353444, "highway": "tertiary", "oneway": "yes"}, "geometry": {"type": "LineString", "coordinates": [[83.2356144, 17.7429998], [83.2357221, 17.7430801], [83.2358045, 17.7431712], [83.2358917, 17.743284], [83.2360894, 17.74355], [83.2363482, 17.743883], [83.2367273, 17.7443809], [83.2367776, 17.7445087]]}}, {"type": "Feature", "properties": {"osm_id": 882353445, "highway": "tertiary", "oneway": "yes"}, "geometry": {"type": "LineString", "coordinates": [[83.2351989, 17.7427436], [83.2350934, 17.7427856], [83.235029, 17.7428051], [83.2349496, 17.7428399], [83.2348195, 17.7428933], [83.2343208, 17.7430631], [83.2340587, 17.7431583], [83.2336572, 17.7432664]]}}, {"type": "Feature", "properties": {"osm_id": 882355359, "highway": "primary", "name": "Simhachalam - Pinagadi Road", "oneway": "yes", "service": "parking_aisle"}, "geometry": {"type": "LineString", "coordinates": [[83.2167326, 17.7757767], [83.2167601, 17.7757902], [83.2167819, 17.7757979], [83.2168114, 17.7758024], [83.2168263, 17.7757995], [83.2168651, 17.7757921], [83.2169326, 17.7757634], [83.2171172, 17.7756849], [83.2173292, 17.7755987], [83.2178494, 17.7753873], [83.2179757, 17.7753416], [83.2180788, 17.7753043], [83.2182316, 17.7752724], [83.2188901, 17.7751676], [83.2196304, 17.7750629], [83.2202473, 17.7749786], [83.2206255, 17.774939], [83.2211901, 17.7748318], [83.2216197, 17.7747334], [83.2219599, 17.7746555], [83.2228839, 17.7744755], [83.2230956, 17.774459]]}}, {"type": "Feature", "properties": {"osm_id": 882360110, "highway": "secondary", "lanes": "1", "oneway": "yes"}, "geometry": {"type": "LineString", "coordinates": [[83.2043121, 17.6854093], [83.2041663, 17.685325], [83.2040155, 17.6852447]]}}, {"type": "Feature", "properties": {"osm_id": 882360111, "highway": "secondary", "oneway": "yes", "source": "Bing"}, "geometry": {"type": "LineString", "coordinates": [[83.204133, 17.6854317], [83.2043407, 17.6855465], [83.2044606, 17.6856191], [83.2045453, 17.6856594], [83.2046251, 17.6856906], [83.204905, 17.6857503], [83.2052895, 17.6858323], [83.2055614, 17.6858642], [83.2058161, 17.6858851], [83.2060859, 17.6858956], [83.2067369, 17.6859209], [83.2070482, 17.685933], [83.2073268, 17.6859095], [83.2074565, 17.685893], [83.2079098, 17.6858863], [83.2080818, 17.6858663], [83.2083369, 17.6858456], [83.2086651, 17.6858143], [83.2091781, 17.6857215], [83.2092518, 17.6857082], [83.2096786, 17.6856686], [83.2097473, 17.685664], [83.2101685, 17.6856458], [83.2109877, 17.6856637], [83.2114351, 17.6856628], [83.211696, 17.6856596], [83.2118654, 17.6856589], [83.2123715, 17.6856569], [83.21284, 17.685662], [83.2138136, 17.6856601], [83.2145725, 17.6856656], [83.2156446, 17.6856491], [83.2157408, 17.6856476], [83.215878, 17.6856476], [83.2160081, 17.6856476]]}}, {"type": "Feature", "properties": {"osm_id": 882360112, "highway": "secondary", "oneway": "yes", "source": "Bing"}, "geometry": {"type": "LineString", "coordinates": [[83.2158808, 17.6855485], [83.2152168, 17.6855668], [83.2146009, 17.6855624], [83.2138167, 17.6855374], [83.213145, 17.6855392], [83.2127371, 17.6855379], [83.2123616, 17.6855406], [83.2118711, 17.685544], [83.2115342, 17.6855464], [83.2113211, 17.6855402], [83.2110098, 17.685531], [83.2108389, 17.6855355], [83.2104774, 17.6855285], [83.210247, 17.6855303], [83.2099771, 17.685554], [83.2095721, 17.6855924], [83.2095211, 17.6855986], [83.2091819, 17.6856397], [83.2087433, 17.6856984], [83.2080767, 17.6857637], [83.2075551, 17.6858147], [83.2074438, 17.6858153], [83.206949, 17.685818], [83.206623, 17.6858198], [83.2065781, 17.6858172], [83.2058224, 17.6857738], [83.2054107, 17.6857419], [83.2052204, 17.6857054], [83.2049745, 17.6856575], [83.2046609, 17.6855827], [83.2045285, 17.6855337], [83.2043928, 17.6854595], [83.2043121, 17.6854093]]}}, {"type": "Feature", "properties": {"osm_id": 882605124, "bridge": "yes", "highway": "tertiary", "layer": "1"}, "geometry": {"type": "LineString", "coordinates": [[83.3211024, 17.7599503], [83.3211129, 17.7601382]]}}, {"type": "Feature", "properties": {"osm_id": 882605125, "highway": "tertiary", "name": "Golla Street"}, "geometry": {"type": "LineString", "coordinates": [[83.3210407, 17.7596709], [83.3211024, 17.7599503]]}}, {"type": "Feature", "properties": {"osm_id": 882617501, "highway": "tertiary", "source": "maxar"}, "geometry": {"type": "LineString", "coordinates": [[83.3044593, 17.7438598], [83.3044927, 17.7443744], [83.3046, 17.7448496], [83.3046342, 17.7450742], [83.3047341, 17.7457293]]}}, {"type": "Feature", "properties": {"osm_id": 882617504, "highway": "tertiary", "lanes": "2", "source": "maxar"}, "geometry": {"type": "LineString", "coordinates": [[83.3127795, 17.7464642], [83.3130223, 17.7465511], [83.3132472, 17.7466175], [83.3138361, 17.7466147]]}}, {"type": "Feature", "properties": {"osm_id": 882618898, "highway": "tertiary", "oneway": "yes", "source": "maxar"}, "geometry": {"type": "LineString", "coordinates": [[83.3153578, 17.7346807], [83.3153476, 17.7348323], [83.3153729, 17.7349611], [83.3155254, 17.7355537], [83.3155908, 17.7360583]]}}, {"type": "Feature", "properties": {"osm_id": 882623207, "highway": "secondary", "oneway": "yes", "source": "maxar"}, "geometry": {"type": "LineString", "coordinates": [[83.3040815, 17.7416683], [83.3041462, 17.7417044], [83.3046033, 17.7417331], [83.3052296, 17.741798], [83.3056905, 17.7418657], [83.3063042, 17.7419415], [83.3064562, 17.7419638], [83.307274, 17.7420274], [83.3076785, 17.7420698], [83.3081141, 17.7421155], [83.3090879, 17.7422156], [83.309591, 17.7422648], [83.3102979, 17.7423355], [83.3107177, 17.7423721], [83.3109529, 17.7423953], [83.3114318, 17.7424557], [83.3118871, 17.7424888], [83.3119319, 17.7424921], [83.3126676, 17.7425895], [83.3127005, 17.7425975], [83.3129319, 17.7426534], [83.3134495, 17.7428581], [83.3135385, 17.7428933], [83.3142902, 17.7429823], [83.3143581, 17.7429903]]}}, {"type": "Feature", "properties": {"osm_id": 882623208, "highway": "secondary", "lanes": "2", "source": "Bing"}, "geometry": {"type": "LineString", "coordinates": [[83.3127005, 17.7425975], [83.3126709, 17.7431177], [83.3126575, 17.7437065], [83.3126414, 17.743962], [83.3126159, 17.7442762], [83.3125877, 17.7445444], [83.3125395, 17.7447909], [83.3124644, 17.744994], [83.3123919, 17.7451818], [83.3121894, 17.7455982], [83.312121, 17.7457297], [83.3119806, 17.7461044], [83.3119413, 17.7461858], [83.3118178, 17.7461551], [83.3116943, 17.7461427], [83.311368, 17.7460899], [83.3108952, 17.7459983], [83.3107521, 17.7459637], [83.3104206, 17.7458989], [83.309935, 17.7457974], [83.3092336, 17.7457157], [83.3089493, 17.745694], [83.308657, 17.7456837], [83.3083619, 17.7456761], [83.3078121, 17.745662], [83.3077356, 17.7456528], [83.3072287, 17.7456046], [83.306882, 17.7456269], [83.3067647, 17.7456345], [83.3064948, 17.7456303], [83.3059621, 17.7456698], [83.3058821, 17.7456758], [83.3058205, 17.7456804], [83.305264, 17.7457249], [83.3052149, 17.7457262], [83.3048469, 17.7457361], [83.3047341, 17.7457293], [83.3045089, 17.7457157], [83.304083, 17.7456975], [83.3038042, 17.7456388], [83.3033078, 17.7454987], [83.3029963, 17.7453833], [83.3027623, 17.7452966], [83.3021124, 17.745024], [83.3015803, 17.7448893], [83.3014947, 17.7448735], [83.300138, 17.7446303], [83.2996944, 17.7445508], [83.2988425, 17.7443569], [83.2987944, 17.7443458], [83.2982103, 17.7441432]]}}, {"type": "Feature", "properties": {"osm_id": 882623209, "highway": "tertiary", "source": "Bing"}, "geometry": {"type": "LineString", "coordinates": [[83.3040815, 17.7416683], [83.304023, 17.7416742]]}}, {"type": "Feature", "properties": {"osm_id": 882626207, "highway": "tertiary", "oneway": "yes", "source": "Bing", "surface": "asphalt"}, "geometry": {"type": "LineString", "coordinates": [[83.3136834, 17.7474298], [83.3136244, 17.7477182], [83.3136329, 17.7478688]]}}, {"type": "Feature", "properties": {"osm_id": 882626209, "highway": "tertiary", "oneway": "yes", "source": "maxar"}, "geometry": {"type": "LineString", "coordinates": [[83.3136329, 17.7478688], [83.3137197, 17.7477266], [83.313848, 17.7469891], [83.3138688, 17.7468702], [83.3140274, 17.7459622], [83.3140386, 17.745907], [83.3140829, 17.7456952], [83.3141678, 17.7452863], [83.3141951, 17.7451418], [83.3142705, 17.7447435], [83.3143062, 17.7445547], [83.3143117, 17.7445211], [83.3144156, 17.7438102], [83.3144437, 17.7435343], [83.3144479, 17.7434928], [83.3144484, 17.7434552]]}}, {"type": "Feature", "properties": {"osm_id": 882630818, "highway": "secondary", "lanes": "2", "oneway": "yes", "source": "maxar", "surface": "asphalt"}, "geometry": {"type": "LineString", "coordinates": [[83.3144484, 17.7434552], [83.3144495, 17.7433972], [83.3144524, 17.7432664], [83.3144544, 17.743175], [83.3144219, 17.7428114], [83.3144095, 17.7426736], [83.3143513, 17.7422605], [83.3143198, 17.7421388], [83.3140945, 17.7415549], [83.3140406, 17.7414398], [83.3139648, 17.7412859], [83.3138792, 17.741112], [83.3138259, 17.7409748], [83.3136843, 17.7406106], [83.3135985, 17.7397378], [83.3135796, 17.7395081], [83.3135319, 17.738928], [83.3134642, 17.7382305], [83.3134393, 17.7379736], [83.3134195, 17.7377908], [83.3133711, 17.7373439], [83.3133471, 17.7371856], [83.3132883, 17.7369204], [83.3132005, 17.736524], [83.3131127, 17.7362238], [83.3129668, 17.7357645], [83.3128773, 17.7354802], [83.3128619, 17.7354106], [83.3128588, 17.7353266], [83.3128743, 17.7351792], [83.3128968, 17.7350301], [83.3129346, 17.7348349], [83.3129712, 17.7346479], [83.3129963, 17.7345193], [83.3130097, 17.7344508], [83.3130366, 17.7343175]]}}, {"type": "Feature", "properties": {"osm_id": 882641179, "highway": "tertiary", "oneway": "yes"}, "geometry": {"type": "LineString", "coordinates": [[83.2164814, 17.6904655], [83.2164196, 17.6904839], [83.2160886, 17.6906048]]}}, {"type": "Feature", "properties": {"osm_id": 882656810, "highway": "tertiary", "oneway": "yes"}, "geometry": {"type": "LineString", "coordinates": [[83.2933517, 17.7032321], [83.2932522, 17.7032361], [83.2929692, 17.7033106]]}}, {"type": "Feature", "properties": {"osm_id": 882656812, "highway": "tertiary", "oneway": "yes", "source": "maxar"}, "geometry": {"type": "LineString", "coordinates": [[83.2928752, 17.7034432], [83.2928934, 17.7036003], [83.2929106, 17.7037172], [83.2929273, 17.7037853], [83.2930447, 17.7043337], [83.2931324, 17.7047264], [83.2932577, 17.7052871], [83.2934665, 17.7061973], [83.2937278, 17.7074479], [83.2937398, 17.7075053], [83.2938818, 17.7081757], [83.2939329, 17.7085597], [83.2939765, 17.7088871], [83.2940107, 17.7091709], [83.2940226, 17.7093327], [83.2941013, 17.7101869], [83.294137, 17.7108268], [83.2941786, 17.7109195]]}}, {"type": "Feature", "properties": {"osm_id": 882656813, "highway": "tertiary", "layer": "1", "oneway": "yes"}, "geometry": {"type": "LineString", "coordinates": [[83.2942092, 17.7107477], [83.2942273, 17.710476], [83.2941514, 17.7093882], [83.2941367, 17.7092142], [83.2940371, 17.7084944], [83.29397, 17.7081158], [83.2938461, 17.707416], [83.2932701, 17.7046755], [83.2931092, 17.7039167], [83.2929943, 17.7034233]]}}, {"type": "Feature", "properties": {"osm_id": 882656814, "highway": "tertiary"}, "geometry": {"type": "LineString", "coordinates": [[83.2942092, 17.7107477], [83.2949207, 17.7099297], [83.2950061, 17.7098623], [83.295289, 17.7095733], [83.2958442, 17.7090342], [83.2962732, 17.7085358], [83.296746, 17.7080946], [83.2971498, 17.7077732], [83.2977635, 17.7071866], [83.2985039, 17.7065159]]}}, {"type": "Feature", "properties": {"osm_id": 882656815, "highway": "tertiary", "junction": "roundabout", "source": "maxar"}, "geometry": {"type": "LineString", "coordinates": [[83.2929759, 17.703442], [83.2929943, 17.7034233], [83.2930056, 17.7034001], [83.2930086, 17.7033746], [83.293003, 17.7033495], [83.2929894, 17.7033274], [83.2929692, 17.7033106], [83.2929428, 17.7033003], [83.2929143, 17.703299], [83.292887, 17.7033069], [83.292864, 17.7033231], [83.2928481, 17.7033456], [83.2928462, 17.7033526], [83.2928409, 17.7033719], [83.2928434, 17.703399], [83.2928553, 17.7034237], [83.2928679, 17.7034361], [83.2928752, 17.7034432], [83.2928991, 17.7034548], [83.2929257, 17.7034585], [83.2929522, 17.7034541], [83.2929759, 17.703442]]}}, {"type": "Feature", "properties": {"osm_id": 882656816, "highway": "tertiary", "oneway": "yes", "source": "maxar"}, "geometry": {"type": "LineString", "coordinates": [[83.2930056, 17.7034001], [83.2932483, 17.7032923], [83.2933517, 17.7032321]]}}, {"type": "Feature", "properties": {"osm_id": 882656820, "highway": "tertiary", "name": "75 Feet Road", "oneway": "yes"}, "geometry": {"type": "LineString", "coordinates": [[83.2941514, 17.7093882], [83.2949207, 17.7099297], [83.2950447, 17.7100361], [83.2953395, 17.7103998], [83.2955897, 17.7107075], [83.2958399, 17.7110153], [83.296336, 17.7115796], [83.2968819, 17.712203], [83.2969806, 17.7122952], [83.297015, 17.7123226]]}}, {"type": "Feature", "properties": {"osm_id": 882656821, "highway": "tertiary", "oneway": "yes"}, "geometry": {"type": "LineString", "coordinates": [[83.2941367, 17.7092142], [83.2940107, 17.7091709]]}}, {"type": "Feature", "properties": {"osm_id": 882660257, "highway": "tertiary", "oneway": "yes", "source": "maxar"}, "geometry": {"type": "LineString", "coordinates": [[83.2153592, 17.680538], [83.2156049, 17.6810577], [83.2156822, 17.6812762], [83.2157402, 17.6814402], [83.2158662, 17.6820006], [83.2159625, 17.682471], [83.2160582, 17.6832302], [83.2160786, 17.683503], [83.2160906, 17.683663], [83.2161079, 17.6838943], [83.2161079, 17.683948], [83.2160797, 17.6841932], [83.2160521, 17.6844332], [83.2160221, 17.6847731], [83.2159103, 17.6854435], [83.2158925, 17.685512], [83.2158808, 17.6855485]]}}, {"type": "Feature", "properties": {"osm_id": 882663248, "highway": "tertiary", "oneway": "yes", "source": "maxar"}, "geometry": {"type": "LineString", "coordinates": [[83.290773, 17.7112653], [83.2907028, 17.7111488], [83.2903285, 17.7106663], [83.2900965, 17.7103502], [83.2895755, 17.7094595], [83.2891333, 17.7087411], [83.2886992, 17.7080232], [83.2880954, 17.706975], [83.2872171, 17.705556], [83.2870583, 17.7052626], [83.2870362, 17.705201], [83.2870296, 17.7051615], [83.2870337, 17.7051219], [83.2870686, 17.7050459], [83.2870917, 17.7049991]]}}, {"type": "Feature", "properties": {"osm_id": 882663251, "highway": "tertiary", "oneway": "yes"}, "geometry": {"type": "LineString", "coordinates": [[83.2880452, 17.7071519], [83.2894501, 17.7095279], [83.2905089, 17.7113187], [83.2905688, 17.7114418]]}}, {"type": "Feature", "properties": {"osm_id": 882675809, "highway": "tertiary", "oneway": "yes", "source": "maxar"}, "geometry": {"type": "LineString", "coordinates": [[83.2814848, 17.7152225], [83.2813402, 17.7148265], [83.2812624, 17.7145594], [83.2812326, 17.714418], [83.2812138, 17.7142986], [83.2812111, 17.714202], [83.2812178, 17.7140363], [83.2812405, 17.7138553], [83.2813402, 17.7133282], [83.2814972, 17.7124995], [83.2815137, 17.7124549], [83.2815521, 17.712414], [83.2815949, 17.7123733], [83.2816842, 17.7123404], [83.2823163, 17.712277], [83.2844507, 17.712063], [83.2849396, 17.7120191], [83.2850674, 17.7120095], [83.2856176, 17.7119583], [83.285843, 17.7119365], [83.2866299, 17.7118605], [83.2868235, 17.7118401]]}}, {"type": "Feature", "properties": {"osm_id": 882675810, "highway": "tertiary", "oneway": "yes"}, "geometry": {"type": "LineString", "coordinates": [[83.2867865, 17.7116828], [83.286616, 17.7116909], [83.2858281, 17.7117714], [83.2854571, 17.7118093], [83.2849822, 17.7118542], [83.28365, 17.7119801], [83.2829421, 17.7120655]]}}, {"type": "Feature", "properties": {"osm_id": 882685830, "highway": "tertiary", "source": "maxar"}, "geometry": {"type": "LineString", "coordinates": [[83.2065067, 17.6812206], [83.2066383, 17.681237]]}}, {"type": "Feature", "properties": {"osm_id": 882696578, "dual_carriageway": "yes", "highway": "primary", "lanes": "2", "name": "Anakapalli - Visakhapatnam - Anandapuram Main Road", "oneway": "yes", "ref:old": "NH5", "surface": "asphalt"}, "geometry": {"type": "LineString", "coordinates": [[83.1745532, 17.684991], [83.1746103, 17.6849854], [83.1751216, 17.6849345], [83.1759417, 17.6848871], [83.1812475, 17.6847973]]}}, {"type": "Feature", "properties": {"osm_id": 882696997, "highway": "tertiary", "oneway": "yes", "source": "Bing"}, "geometry": {"type": "LineString", "coordinates": [[83.3155908, 17.7360583], [83.3155972, 17.7361549], [83.3156267, 17.7363184], [83.3156611, 17.7368785], [83.3156629, 17.7369084], [83.3157004, 17.7374961], [83.3157353, 17.7379177], [83.3157554, 17.7385372], [83.3157771, 17.7389398], [83.3157715, 17.7390289], [83.3157769, 17.7393202], [83.3157827, 17.7401581], [83.3158041, 17.7415699], [83.3158045, 17.7420622], [83.3158074, 17.7427584], [83.3158063, 17.7432935], [83.3158332, 17.7433341]]}}, {"type": "Feature", "properties": {"osm_id": 882699636, "highway": "secondary", "lanes": "2", "name": "Sankaramatam Road", "oneway": "yes", "source": "maxar"}, "geometry": {"type": "LineString", "coordinates": [[83.3048067, 17.7379354], [83.304789, 17.7377862], [83.3047555, 17.7376847], [83.3047329, 17.7376163], [83.3047106, 17.7375056], [83.3046886, 17.7373181], [83.3046703, 17.7371126], [83.304613, 17.7364959], [83.3046061, 17.7364213], [83.3045978, 17.7363483], [83.3045161, 17.7356281], [83.3044415, 17.7349417], [83.304436, 17.7348906], [83.3044286, 17.7348228], [83.3044217, 17.7347589], [83.3043877, 17.734446], [83.304272, 17.7333552], [83.3042675, 17.7333066], [83.3042628, 17.7332621], [83.3041897, 17.7324812], [83.3041074, 17.7316299], [83.3041022, 17.731576], [83.304095, 17.731502], [83.3040883, 17.7314387], [83.3039922, 17.7305333], [83.3039871, 17.7304847], [83.3038777, 17.7294437], [83.3038724, 17.7293933], [83.3038664, 17.7293361], [83.3038605, 17.7292794], [83.3038056, 17.7287501], [83.3037996, 17.7286951], [83.3037428, 17.7281763], [83.3037385, 17.7281372], [83.3037041, 17.7277289], [83.3036987, 17.7276643], [83.3036668, 17.7273137], [83.3036516, 17.7271473]]}}, {"type": "Feature", "properties": {"osm_id": 882699642, "highway": "tertiary", "oneway": "yes", "source": "maxar"}, "geometry": {"type": "LineString", "coordinates": [[83.3158332, 17.7433341], [83.3158697, 17.7432889], [83.31588, 17.7427592], [83.3158708, 17.7420631], [83.3158621, 17.741573], [83.3158474, 17.7407459], [83.3158404, 17.7398629], [83.3158358, 17.7390497], [83.315831, 17.7388574], [83.3158124, 17.7380833], [83.3157867, 17.7376384], [83.315754, 17.7372803], [83.3157265, 17.7368719], [83.3157157, 17.736711], [83.315712, 17.7364751], [83.315684, 17.7362971], [83.315664, 17.7361579], [83.3156552, 17.7360499], [83.3156339, 17.7357865], [83.3155952, 17.7355074], [83.3154121, 17.7348111], [83.3153578, 17.7346807]]}}, {"type": "Feature", "properties": {"osm_id": 882699644, "highway": "tertiary", "source": "Bing"}, "geometry": {"type": "LineString", "coordinates": [[83.3158332, 17.7433341], [83.3158323, 17.7434261]]}}, {"type": "Feature", "properties": {"osm_id": 882707753, "alt_name": "Kanithi Road", "bridge": "yes", "highway": "primary", "layer": "1", "name": "Yelamanchili - Gajuwaka Road", "network": "IN:SH:AP", "ref": "SH157"}, "geometry": {"type": "LineString", "coordinates": [[83.1801921, 17.6718551], [83.1798009, 17.6718209]]}}, {"type": "Feature", "properties": {"osm_id": 882776615, "highway": "tertiary"}, "geometry": {"type": "LineString", "coordinates": [[83.2145619, 17.6733912], [83.2153903, 17.6731329], [83.2155669, 17.6730779], [83.216093, 17.6728871], [83.2161957, 17.6728412], [83.2162738, 17.6727541]]}}, {"type": "Feature", "properties": {"osm_id": 882776620, "highway": "tertiary"}, "geometry": {"type": "LineString", "coordinates": [[83.21632, 17.672711], [83.2164446, 17.6726315], [83.2167149, 17.6725374], [83.2175137, 17.6723513], [83.2177794, 17.6722643], [83.2180529, 17.6721877]]}}, {"type": "Feature", "properties": {"osm_id": 882781544, "highway": "tertiary", "source": "maxar"}, "geometry": {"type": "LineString", "coordinates": [[83.2180529, 17.6721877], [83.2181031, 17.6722155], [83.2181254, 17.6722429], [83.2182881, 17.6725772], [83.218312, 17.6726152], [83.2183758, 17.6726805], [83.2184157, 17.6727139], [83.2189165, 17.6730726], [83.2189627, 17.6730984], [83.2190823, 17.6731577], [83.2191126, 17.6731698], [83.219167, 17.6731827]]}}, {"type": "Feature", "properties": {"osm_id": 882784353, "highway": "tertiary", "lanes": "1", "maxspeed": "30", "name": "vombay colony", "surface": "paved"}, "geometry": {"type": "LineString", "coordinates": [[83.2196161, 17.6734629], [83.2194295, 17.6731272], [83.2194049, 17.6730965], [83.2193688, 17.6730857], [83.219333, 17.6730927], [83.219167, 17.6731827]]}}, {"type": "Feature", "properties": {"osm_id": 883201182, "highway": "tertiary"}, "geometry": {"type": "LineString", "coordinates": [[83.3028769, 17.7035919], [83.302668, 17.7036235], [83.3024689, 17.7036547], [83.3021228, 17.7036884], [83.3018916, 17.7036883], [83.301563, 17.7036882], [83.3015013, 17.7036918], [83.301226, 17.7036721], [83.3009116, 17.7036497], [83.3008441, 17.7036559], [83.3005186, 17.7036905], [83.2998582, 17.7037797], [83.2998223, 17.7037842], [83.2996799, 17.7038129], [83.298859, 17.7040179], [83.2986296, 17.7041022], [83.2980701, 17.7043079], [83.2975169, 17.7045113]]}}, {"type": "Feature", "properties": {"osm_id": 883201183, "highway": "tertiary", "oneway": "yes", "source": "maxar"}, "geometry": {"type": "LineString", "coordinates": [[83.3028769, 17.7035919], [83.30295, 17.7036132], [83.3031699, 17.7035674]]}}, {"type": "Feature", "properties": {"osm_id": 883201184, "highway": "tertiary", "oneway": "yes"}, "geometry": {"type": "LineString", "coordinates": [[83.3035518, 17.7037751], [83.3035129, 17.7037083], [83.3032488, 17.7035339]]}}, {"type": "Feature", "properties": {"osm_id": 883201185, "highway": "tertiary", "oneway": "yes", "source": "maxar"}, "geometry": {"type": "LineString", "coordinates": [[83.3032195, 17.7035724], [83.3034763, 17.7037513], [83.3035518, 17.7037751]]}}, {"type": "Feature", "properties": {"osm_id": 883224555, "highway": "tertiary"}, "geometry": {"type": "LineString", "coordinates": [[83.2463903, 17.681719], [83.2464513, 17.681685], [83.2465252, 17.681619], [83.2466031, 17.6815439], [83.2467429, 17.6814206], [83.2470417, 17.681155], [83.2473329, 17.6808688], [83.2477976, 17.6803926], [83.2479, 17.6802674], [83.2480863, 17.6800704], [83.2483669, 17.6797738], [83.2483972, 17.6797483], [83.2485295, 17.6796546], [83.2487317, 17.679559], [83.2487626, 17.6795525], [83.2487934, 17.6795542], [83.2488189, 17.6795686], [83.2488377, 17.6795897], [83.2490104, 17.6799616], [83.249205, 17.6803941], [83.2492681, 17.6805345], [83.249301, 17.6805609], [83.2493648, 17.6805843], [83.2495199, 17.6806382], [83.249717, 17.6806915], [83.2499187, 17.6807624], [83.2502178, 17.680888], [83.2505469, 17.6810304], [83.2507246, 17.6811071], [83.2507619, 17.6811232], [83.2509256, 17.6811822], [83.2509619, 17.681197], [83.2511171, 17.6812601], [83.2512424, 17.6813111], [83.2514644, 17.6813971], [83.2517697, 17.6815109], [83.251843, 17.6815411], [83.2520051, 17.6816079], [83.2520873, 17.6816391], [83.2522015, 17.681661], [83.2522413, 17.6816618], [83.2522917, 17.6816568], [83.2523607, 17.681645], [83.2526085, 17.6815944], [83.2528102, 17.6815472], [83.2531261, 17.6814508], [83.2533895, 17.6813736], [83.2535827, 17.6813288], [83.2539065, 17.6812682], [83.2540641, 17.6812486], [83.2542336, 17.6812366], [83.2544396, 17.6811807], [83.2547833, 17.6810789], [83.2548596, 17.6810752]]}}, {"type": "Feature", "properties": {"osm_id": 883228310, "bridge": "yes", "highway": "secondary", "layer": "1", "ref": "MDR0109"}, "geometry": {"type": "LineString", "coordinates": [[83.1983454, 17.7407715], [83.1973734, 17.7412776]]}}, {"type": "Feature", "properties": {"osm_id": 883663624, "alt_name": "Kanithi Road", "highway": "primary", "name": "Yelamanchili - Gajuwaka Road", "oneway": "yes", "ref": "SH157"}, "geometry": {"type": "LineString", "coordinates": [[83.1950546, 17.6780275], [83.1950107, 17.6779887], [83.1945566, 17.6777973]]}}, {"type": "Feature", "properties": {"osm_id": 883663625, "alt_name": "Kanithi Road", "highway": "primary", "name": "Yelamanchili - Gajuwaka Road", "oneway": "yes", "ref": "SH157"}, "geometry": {"type": "LineString", "coordinates": [[83.1945384, 17.6778612], [83.1949821, 17.6780265], [83.1950546, 17.6780275]]}}, {"type": "Feature", "properties": {"osm_id": 883665435, "highway": "tertiary", "oneway": "yes"}, "geometry": {"type": "LineString", "coordinates": [[83.1939803, 17.6833621], [83.193912, 17.6832971], [83.1938538, 17.6832164], [83.1938041, 17.6831481], [83.1937679, 17.6830914]]}}, {"type": "Feature", "properties": {"osm_id": 883665436, "highway": "tertiary", "oneway": "yes"}, "geometry": {"type": "LineString", "coordinates": [[83.193671, 17.6830669], [83.1936323, 17.683176], [83.1936077, 17.6832252], [83.1935661, 17.6832848], [83.1934941, 17.6833771]]}}, {"type": "Feature", "properties": {"osm_id": 883666025, "highway": "secondary", "ref": "MDR0109"}, "geometry": {"type": "LineString", "coordinates": [[83.1973734, 17.7412776], [83.1971633, 17.7413948], [83.1970358, 17.7414333], [83.1969084, 17.7414587], [83.1963247, 17.7415051], [83.1960573, 17.7415263], [83.1958195, 17.7415329], [83.1952859, 17.7415316], [83.1952316, 17.7415315], [83.195113, 17.7415335], [83.1944921, 17.7415385], [83.19442, 17.7415358], [83.1936306, 17.7414738], [83.1931032, 17.7416533], [83.1923372, 17.7419376], [83.191604, 17.7420985], [83.1914771, 17.7421305], [83.1906441, 17.7422353], [83.1898101, 17.7422794], [83.1891831, 17.7423221], [83.1886542, 17.7423552], [83.1884188, 17.7425149], [83.1880404, 17.7427875], [83.1878629, 17.742908]]}}, {"type": "Feature", "properties": {"osm_id": 883688934, "highway": "tertiary", "oneway": "yes"}, "geometry": {"type": "LineString", "coordinates": [[83.2528556, 17.7042586], [83.2534496, 17.7037909], [83.2534912, 17.703755], [83.2535183, 17.7037191], [83.2535944, 17.7035978]]}}, {"type": "Feature", "properties": {"osm_id": 883688936, "highway": "tertiary", "oneway": "yes", "source": "maxar"}, "geometry": {"type": "LineString", "coordinates": [[83.2524836, 17.7043446], [83.2523535, 17.7044459], [83.2513153, 17.7052582], [83.2507185, 17.7057333], [83.2505373, 17.7058736], [83.2481906, 17.7076904], [83.2460563, 17.7094008], [83.2458823, 17.7095372], [83.2438745, 17.7111117], [83.2436925, 17.7112559], [83.2435506, 17.7113887]]}}, {"type": "Feature", "properties": {"osm_id": 883688952, "highway": "secondary", "name": "Scindia Road", "source": "Bing"}, "geometry": {"type": "LineString", "coordinates": [[83.2685307, 17.6954764], [83.2685439, 17.6955283]]}}, {"type": "Feature", "properties": {"osm_id": 883770511, "bridge": "yes", "highway": "tertiary", "layer": "1", "oneway": "yes"}, "geometry": {"type": "LineString", "coordinates": [[83.268204, 17.7226478], [83.268025, 17.7226713]]}}, {"type": "Feature", "properties": {"osm_id": 883770512, "highway": "tertiary", "oneway": "yes"}, "geometry": {"type": "LineString", "coordinates": [[83.2682652, 17.7226712], [83.268204, 17.7226478]]}}, {"type": "Feature", "properties": {"osm_id": 883770513, "highway": "tertiary", "oneway": "yes", "source": "maxar"}, "geometry": {"type": "LineString", "coordinates": [[83.2682037, 17.7227116], [83.2682652, 17.7226712]]}}, {"type": "Feature", "properties": {"osm_id": 883770514, "bridge": "yes", "highway": "tertiary", "layer": "1", "oneway": "yes", "source": "maxar"}, "geometry": {"type": "LineString", "coordinates": [[83.2680113, 17.7227415], [83.2682037, 17.7227116]]}}, {"type": "Feature", "properties": {"osm_id": 883771821, "bridge": "yes", "highway": "tertiary", "layer": "1"}, "geometry": {"type": "LineString", "coordinates": [[83.2553924, 17.7299791], [83.2555602, 17.7300427]]}}, {"type": "Feature", "properties": {"osm_id": 883771822, "highway": "tertiary"}, "geometry": {"type": "LineString", "coordinates": [[83.2551579, 17.7299579], [83.2552524, 17.7299564], [83.2553318, 17.7299635], [83.2553924, 17.7299791]]}}, {"type": "Feature", "properties": {"osm_id": 884553631, "highway": "secondary", "oneway": "yes"}, "geometry": {"type": "LineString", "coordinates": [[83.2919775, 17.693344], [83.2921286, 17.6938954]]}}, {"type": "Feature", "properties": {"osm_id": 884630981, "highway": "secondary", "oneway": "yes"}, "geometry": {"type": "LineString", "coordinates": [[83.3129867, 17.7340329], [83.3129173, 17.7340887], [83.3128491, 17.7341522], [83.3128339, 17.7341696], [83.3127696, 17.7342433], [83.3126935, 17.734308], [83.3125414, 17.7344276]]}}, {"type": "Feature", "properties": {"osm_id": 884630982, "highway": "secondary", "name": "Bullayya College Road", "name:etymology:wikidata": "Q48728407", "oneway": "yes", "source": "maxar"}, "geometry": {"type": "LineString", "coordinates": [[83.3130366, 17.7343175], [83.3130565, 17.7342115], [83.3130703, 17.7341376], [83.3130855, 17.7340396], [83.3130938, 17.733938], [83.3130971, 17.7338837], [83.3130971, 17.733807], [83.3130904, 17.73374], [83.3130653, 17.7335963], [83.3130351, 17.7334589], [83.3130099, 17.7333663], [83.312968, 17.7332258], [83.3128926, 17.7329879], [83.3127467, 17.7325312], [83.3126019, 17.7320682], [83.3124634, 17.731645], [83.3123226, 17.7311659], [83.3122735, 17.7309907], [83.3122203, 17.7308018], [83.3121868, 17.7306629], [83.3121466, 17.7304825], [83.3120946, 17.7301998], [83.3120511, 17.7299201], [83.3120292, 17.7297799], [83.3120044, 17.7296111], [83.3119856, 17.7294828], [83.3119286, 17.7290613], [83.3119056, 17.7288525]]}}, {"type": "Feature", "properties": {"osm_id": 884642029, "highway": "secondary", "lanes": "2", "name": "2 nd Lane dwaraka nagar", "oneway": "yes", "source": "maxar"}, "geometry": {"type": "LineString", "coordinates": [[83.3039022, 17.7268608], [83.3039557, 17.7268548], [83.3061912, 17.7266437], [83.3062552, 17.7266385]]}}, {"type": "Feature", "properties": {"osm_id": 884651493, "highway": "secondary", "name": "New Colony Road", "oneway": "yes", "source": "maxar"}, "geometry": {"type": "LineString", "coordinates": [[83.2991909, 17.7271201], [83.2991289, 17.7271232], [83.2990273, 17.727127], [83.2987703, 17.7271223], [83.2985948, 17.7271246], [83.2983971, 17.7271364], [83.2978418, 17.7271993], [83.2977124, 17.7272188], [83.2971885, 17.7273035], [83.2967495, 17.727363], [83.2966784, 17.7273724], [83.2961479, 17.7274424], [83.2954609, 17.7275341], [83.2953569, 17.7275479], [83.2952913, 17.7275567], [83.2952225, 17.7275656], [83.2949542, 17.7276002], [83.2940374, 17.7277131], [83.2935958, 17.7277638], [83.2935185, 17.7277733], [83.2934491, 17.7277842], [83.293408, 17.7278433]]}}, {"type": "Feature", "properties": {"osm_id": 884651494, "highway": "secondary", "name": "New Colony Road", "oneway": "yes"}, "geometry": {"type": "LineString", "coordinates": [[83.2991806, 17.7271898], [83.2992614, 17.7271893], [83.299331, 17.7271888], [83.3001861, 17.7271435], [83.3004118, 17.7271363], [83.3011457, 17.7270957], [83.3016258, 17.7270629], [83.3022525, 17.7270038], [83.3024619, 17.726984], [83.3031837, 17.7269166], [83.3032587, 17.7269096]]}}, {"type": "Feature", "properties": {"osm_id": 884660629, "dual_carriageway": "yes", "highway": "secondary", "oneway": "yes", "source": "maxar", "surface": "asphalt"}, "geometry": {"type": "LineString", "coordinates": [[83.3031315, 17.7211322], [83.3026119, 17.7210399], [83.3021708, 17.7209569], [83.3015229, 17.7208446], [83.3012707, 17.7207975], [83.3008534, 17.7207208], [83.300693, 17.7206913], [83.3001576, 17.7205819], [83.2998606, 17.7205232], [83.2996284, 17.7204698], [83.2994971, 17.7204369], [83.2993728, 17.720408], [83.2991675, 17.7203649], [83.2989665, 17.7203261], [83.2987697, 17.7202881], [83.2986188, 17.7202622], [83.2984789, 17.7202427], [83.2983011, 17.7202168], [83.2981728, 17.7202048], [83.2980729, 17.720205], [83.2980017, 17.7202109], [83.2978714, 17.7202266], [83.2977555, 17.7202392], [83.2974935, 17.720255], [83.2973661, 17.7202593], [83.2972388, 17.7202636], [83.2970227, 17.7202807], [83.2968001, 17.7203065], [83.2967138, 17.720318], [83.2966275, 17.7203294], [83.2965682, 17.7203373], [83.2965499, 17.7203388], [83.2964656, 17.7203457], [83.2964068, 17.7203459], [83.2963534, 17.7203465], [83.2962971, 17.7203432], [83.2961659, 17.7203261], [83.2960694, 17.7203138], [83.2958738, 17.7202746], [83.2957284, 17.7202386], [83.2954888, 17.7201808], [83.2954159, 17.7201632], [83.2950744, 17.720078], [83.2949872, 17.720056], [83.2948943, 17.7200284], [83.2945221, 17.7199068], [83.2942947, 17.7198281], [83.2940512, 17.7197452], [83.2939715, 17.719718], [83.2938759, 17.7196876], [83.2937833, 17.7196496], [83.2936791, 17.7195994], [83.2935698, 17.719532], [83.2934254, 17.7194491], [83.2931041, 17.7192661], [83.2929317, 17.719157], [83.2928236, 17.7190847], [83.2927503, 17.7190271], [83.2926558, 17.718944], [83.2925882, 17.7188972], [83.292542, 17.7188679], [83.2925149, 17.7188506], [83.2925032, 17.718844], [83.2924118, 17.7187927]]}}, {"type": "Feature", "properties": {"osm_id": 884669352, "highway": "secondary", "junction": "roundabout", "oneway": "yes", "source": "Bing"}, "geometry": {"type": "LineString", "coordinates": [[83.3035765, 17.7212739], [83.3035792, 17.7212441], [83.3035736, 17.7212007], [83.303571, 17.7211803], [83.3035443, 17.7211212], [83.3035011, 17.7210718], [83.3034441, 17.7210355], [83.3033785, 17.7210162], [83.3033103, 17.7210156], [83.3032339, 17.7210356], [83.3031774, 17.7210771], [83.3031315, 17.7211322]]}}, {"type": "Feature", "properties": {"osm_id": 884698841, "highway": "primary", "junction": "roundabout"}, "geometry": {"type": "LineString", "coordinates": [[83.3063169, 17.7198315], [83.306275, 17.719862], [83.3062427, 17.7198961], [83.3062251, 17.7199351], [83.3062231, 17.7199697], [83.3062287, 17.7200061], [83.3062424, 17.7200364], [83.3062677, 17.7200666]]}}, {"type": "Feature", "properties": {"osm_id": 884709605, "highway": "tertiary", "source": "Bing"}, "geometry": {"type": "LineString", "coordinates": [[83.3025213, 17.7171001], [83.3024483, 17.7170955], [83.302372, 17.7171006], [83.3009703, 17.7172694], [83.3007655, 17.7172832], [83.3005753, 17.7172807], [83.3003674, 17.7172613], [83.3001762, 17.7172339], [83.2999538, 17.7171939], [83.2997448, 17.7171451]]}}, {"type": "Feature", "properties": {"osm_id": 884987728, "highway": "tertiary"}, "geometry": {"type": "LineString", "coordinates": [[83.3158457, 17.7215316], [83.3159201, 17.7214449]]}}, {"type": "Feature", "properties": {"osm_id": 884987729, "highway": "secondary", "name": "Dimond Park Road", "oneway": "yes"}, "geometry": {"type": "LineString", "coordinates": [[83.3035959, 17.7264943], [83.303591, 17.7264528], [83.3035346, 17.7259805], [83.3034401, 17.725068]]}}, {"type": "Feature", "properties": {"osm_id": 885007344, "highway": "primary", "name": "Kancharapalem Flyover", "oneway": "yes", "source": "maxar"}, "geometry": {"type": "LineString", "coordinates": [[83.2787024, 17.7318297], [83.2787582, 17.7317696]]}}, {"type": "Feature", "properties": {"osm_id": 885007345, "highway": "primary", "name": "Kancharapalem Flyover", "oneway": "yes", "source": "maxar"}, "geometry": {"type": "LineString", "coordinates": [[83.2837406, 17.7261364], [83.2837846, 17.7260795], [83.2838101, 17.7260388], [83.2838246, 17.7260041], [83.2838349, 17.725956]]}}, {"type": "Feature", "properties": {"osm_id": 885007346, "bridge": "yes", "highway": "primary", "layer": "1", "name": "Kancharapalem Flyover", "oneway": "yes"}, "geometry": {"type": "LineString", "coordinates": [[83.2836773, 17.7260786], [83.2835993, 17.7261654], [83.2834806, 17.7262945], [83.2833532, 17.7264446], [83.2833114, 17.7264942], [83.2832487, 17.7265729], [83.2831493, 17.7267089], [83.2827803, 17.7271968], [83.2824391, 17.7276432], [83.2821557, 17.7280147], [83.2819203, 17.728324], [83.2814743, 17.7289023], [83.2812172, 17.7292472], [83.2810256, 17.7295034], [83.2808937, 17.7296567], [83.2807497, 17.7298108], [83.2806406, 17.7299217], [83.2805314, 17.7300238], [83.2797567, 17.7307539], [83.279224, 17.7312351], [83.2788315, 17.7315919], [83.2786958, 17.7317032]]}}, {"type": "Feature", "properties": {"osm_id": 885007347, "highway": "primary", "oneway": "yes", "source": "maxar"}, "geometry": {"type": "LineString", "coordinates": [[83.2645618, 17.7365045], [83.2645254, 17.7365193], [83.264085, 17.7366193], [83.2636892, 17.7367146], [83.2634327, 17.7367565], [83.2626094, 17.7369002], [83.2623104, 17.7369569], [83.2620645, 17.7370213], [83.261815, 17.7371019], [83.2616112, 17.7371782], [83.2613542, 17.7372728], [83.2607327, 17.7375235], [83.2606851, 17.7375393], [83.2606389, 17.7375545], [83.2605345, 17.7375901], [83.2602746, 17.7376857], [83.2578582, 17.7385134], [83.2573868, 17.7386594], [83.2568218, 17.7388012], [83.2564295, 17.7389049], [83.2562996, 17.7389467], [83.2561805, 17.7389924], [83.2561183, 17.7390172], [83.255864, 17.7391185], [83.2552584, 17.7393403], [83.254828, 17.7394982], [83.2545759, 17.7395849], [83.2543599, 17.7396486], [83.2541356, 17.7396986], [83.2539211, 17.7397466], [83.2536825, 17.7397908], [83.2535158, 17.73981], [83.2533107, 17.7398336], [83.2530161, 17.7398676], [83.252553, 17.7399072], [83.2525294, 17.7399092], [83.2519968, 17.7399571], [83.2519007, 17.7399657], [83.2517865, 17.7399834], [83.2514653, 17.7400333], [83.2511674, 17.7400791], [83.2504656, 17.7401825], [83.2503404, 17.7401912], [83.2499749, 17.7402139], [83.2497854, 17.7402419], [83.2493158, 17.7403047], [83.2489859, 17.7403195], [83.2485366, 17.7403529], [83.2481897, 17.7403511], [83.2476904, 17.740377], [83.2472959, 17.740407], [83.2469088, 17.740449], [83.2466827, 17.7404749], [83.2456898, 17.7406127], [83.2450236, 17.7406792], [83.2439949, 17.7407818], [83.2435521, 17.7408096], [83.2432071, 17.7408403], [83.2430512, 17.7408481], [83.2428884, 17.7408563], [83.2428166, 17.7408642], [83.2427068, 17.7408764], [83.242384, 17.7409288], [83.242252, 17.7409588], [83.2420651, 17.7410031], [83.2418605, 17.7410302], [83.2414712, 17.7410862], [83.2412396, 17.7411161], [83.2408153, 17.7411902], [83.2399505, 17.7413808], [83.2393155, 17.7415238], [83.2390447, 17.7415807], [83.2387175, 17.7416454], [83.2385328, 17.7416843], [83.2383417, 17.7417367], [83.238121, 17.741784], [83.2378809, 17.7418347], [83.2375866, 17.7418999], [83.2374356, 17.7419345], [83.2372852, 17.7419742], [83.2371873, 17.742], [83.236793, 17.7421238], [83.2363791, 17.7422695], [83.2358055, 17.7424547], [83.2356605, 17.7424944], [83.2354474, 17.7425812]]}}, {"type": "Feature", "properties": {"osm_id": 885007348, "bridge": "yes", "highway": "primary", "layer": "1", "maxweight:signed": "no", "name": "Kancharapalem Flyover", "oneway": "yes", "source": "maxar"}, "geometry": {"type": "LineString", "coordinates": [[83.2787582, 17.7317696], [83.2788717, 17.7316665], [83.2792587, 17.7313135], [83.2795605, 17.7310445], [83.2797503, 17.7308738], [83.279943, 17.730693], [83.2801956, 17.7304624], [83.280342, 17.7303329], [83.2804825, 17.7302077], [83.2805706, 17.7301251], [83.280726, 17.7299785], [83.28085, 17.7298476], [83.2809756, 17.729701], [83.2810921, 17.7295601], [83.2812565, 17.7293395], [83.2814448, 17.7290961], [83.2817287, 17.7287218], [83.281964, 17.7284179], [83.2822427, 17.7280414], [83.2825595, 17.7276315], [83.2828987, 17.7271803], [83.2831183, 17.7268871], [83.2832795, 17.7266697], [83.2833484, 17.7265854], [83.2833943, 17.7265298], [83.2837406, 17.7261364]]}}, {"type": "Feature", "properties": {"osm_id": 885384122, "highway": "primary", "name": "Port Main Road", "oneway": "yes"}, "geometry": {"type": "LineString", "coordinates": [[83.2795322, 17.7168491], [83.2799852, 17.7169164], [83.2807599, 17.7169998]]}}, {"type": "Feature", "properties": {"osm_id": 885384123, "bridge": "yes", "highway": "primary", "layer": "1", "name": "Port Main Road", "oneway": "yes"}, "geometry": {"type": "LineString", "coordinates": [[83.2763353, 17.7165073], [83.2784458, 17.7167439], [83.2795322, 17.7168491]]}}, {"type": "Feature", "properties": {"osm_id": 885385587, "highway": "tertiary", "oneway": "yes", "source": "Bing"}, "geometry": {"type": "LineString", "coordinates": [[83.278754, 17.732108], [83.2787213, 17.7320406], [83.2786985, 17.7319756], [83.2786899, 17.7319013], [83.2787024, 17.7318297]]}}, {"type": "Feature", "properties": {"osm_id": 894883994, "highway": "tertiary", "source": "maxar"}, "geometry": {"type": "LineString", "coordinates": [[83.2612308, 17.7343531], [83.2612378, 17.7344326], [83.2611457, 17.7345033], [83.2606226, 17.7346259], [83.2604831, 17.7347741], [83.260467, 17.7349478], [83.2604488, 17.7351324], [83.2604534, 17.7351716], [83.2604865, 17.7354518], [83.2604948, 17.7356695], [83.2605203, 17.7361026], [83.2605502, 17.7366109], [83.2605904, 17.7370439], [83.2606321, 17.7374883], [83.2606389, 17.7375545], [83.2606526, 17.7376147], [83.2606646, 17.7376776]]}}, {"type": "Feature", "properties": {"osm_id": 894883995, "highway": "tertiary"}, "geometry": {"type": "LineString", "coordinates": [[83.2621682, 17.733561], [83.2616872, 17.7338813], [83.2612571, 17.7340522]]}}, {"type": "Feature", "properties": {"osm_id": 894883996, "highway": "tertiary"}, "geometry": {"type": "LineString", "coordinates": [[83.2612571, 17.7340522], [83.2611884, 17.7340826], [83.2612117, 17.7342333]]}}, {"type": "Feature", "properties": {"osm_id": 894883997, "highway": "tertiary", "layer": "-1", "tunnel": "yes"}, "geometry": {"type": "LineString", "coordinates": [[83.2612117, 17.7342333], [83.2612308, 17.7343531]]}}, {"type": "Feature", "properties": {"osm_id": 902586382, "highway": "tertiary", "name": "Dondaparthi Road"}, "geometry": {"type": "LineString", "coordinates": [[83.2989538, 17.7254267], [83.2988892, 17.725224]]}}, {"type": "Feature", "properties": {"osm_id": 902586383, "highway": "secondary", "name": "Akkayyapalem Main Road", "oneway": "yes"}, "geometry": {"type": "LineString", "coordinates": [[83.2991909, 17.7271201], [83.2991806, 17.7271898]]}}, {"type": "Feature", "properties": {"osm_id": 902586385, "highway": "secondary", "name": "Dondaparthi Road", "oneway": "yes"}, "geometry": {"type": "LineString", "coordinates": [[83.2989538, 17.7254267], [83.2989416, 17.7254765], [83.2990428, 17.7260756], [83.2990943, 17.7263054], [83.299132, 17.7265053], [83.2991832, 17.7268185], [83.2991923, 17.7268744], [83.2991999, 17.7269472], [83.2992034, 17.7270638]]}}, {"type": "Feature", "properties": {"osm_id": 954811643, "highway": "tertiary", "name": "Jugde Court Road"}, "geometry": {"type": "LineString", "coordinates": [[83.303591, 17.7138738], [83.3037004, 17.7140941], [83.3038271, 17.7143581], [83.3038622, 17.7144911], [83.3040372, 17.7151108], [83.3041959, 17.7157001]]}}, {"type": "Feature", "properties": {"osm_id": 954811644, "highway": "secondary", "oneway": "yes"}, "geometry": {"type": "LineString", "coordinates": [[83.3042456, 17.712955], [83.30401, 17.7127981], [83.3039189, 17.7127386], [83.3038679, 17.7127071], [83.3038169, 17.7126755], [83.3035962, 17.7125453], [83.3034199, 17.7124493]]}}, {"type": "Feature", "properties": {"osm_id": 954899867, "highway": "primary", "name": "Beach Road", "oneway": "yes", "surface": "asphalt"}, "geometry": {"type": "LineString", "coordinates": [[83.3365285, 17.7228395], [83.3367003, 17.7229867]]}}, {"type": "Feature", "properties": {"osm_id": 954899868, "highway": "primary", "name": "Beach Road", "oneway": "yes"}, "geometry": {"type": "LineString", "coordinates": [[83.336148, 17.7225135], [83.3365285, 17.7228395]]}}, {"type": "Feature", "properties": {"osm_id": 954899869, "highway": "primary", "name": "Beach Road", "oneway": "yes"}, "geometry": {"type": "LineString", "coordinates": [[83.3356393, 17.7218981], [83.335728, 17.7220054], [83.336148, 17.7225135]]}}, {"type": "Feature", "properties": {"osm_id": 980987151, "highway": "tertiary"}, "geometry": {"type": "LineString", "coordinates": [[83.1837923, 17.6700783], [83.1837702, 17.6699329], [83.1837622, 17.6697831], [83.1837708, 17.6696139], [83.1837945, 17.6694995], [83.1838147, 17.6694023], [83.1838829, 17.6692206], [83.1839699, 17.6690034], [83.1840027, 17.6688964], [83.184039, 17.6687441], [83.1840544, 17.6685984], [83.184072, 17.6681914], [83.1841254, 17.6672602], [83.1841535, 17.6665779], [83.1841662, 17.6662076], [83.1841787, 17.6658436], [83.1841883, 17.6654822], [83.1842539, 17.6641875], [83.1842552, 17.6639385], [83.1842899, 17.6631379]]}}, {"type": "Feature", "properties": {"osm_id": 980987183, "highway": "tertiary", "layer": "-1", "tunnel": "yes"}, "geometry": {"type": "LineString", "coordinates": [[83.2255956, 17.7421048], [83.2256851, 17.7422955]]}}, {"type": "Feature", "properties": {"osm_id": 980987185, "highway": "tertiary"}, "geometry": {"type": "LineString", "coordinates": [[83.1842899, 17.6631379], [83.1842921, 17.6629419]]}}, {"type": "Feature", "properties": {"osm_id": 990409278, "highway": "primary", "lanes": "1", "maxspeed": "40", "name": "Simhachalam Road", "oneway": "yes", "source": "bing", "surface": "asphalt"}, "geometry": {"type": "LineString", "coordinates": [[83.2345743, 17.7707387], [83.2346915, 17.770755], [83.2348028, 17.7707705], [83.2348131, 17.7707719], [83.2355243, 17.770903], [83.2356839, 17.7709282], [83.2360201, 17.7709921], [83.2360629, 17.771001], [83.2361574, 17.7710253], [83.2363415, 17.7710764]]}}, {"type": "Feature", "properties": {"osm_id": 990421544, "highway": "primary", "name": "Simhachalam - Hanumanthuwaka Road", "oneway": "yes"}, "geometry": {"type": "LineString", "coordinates": [[83.2526084, 17.7803339], [83.2526619, 17.7803909], [83.2527329, 17.7804343], [83.2528486, 17.7805007]]}}, {"type": "Feature", "properties": {"osm_id": 990429888, "highway": "tertiary", "oneway": "yes"}, "geometry": {"type": "LineString", "coordinates": [[83.235516, 17.7429973], [83.2356144, 17.7429998], [83.2356977, 17.7429508], [83.2357221, 17.7429231], [83.2357545, 17.7428865], [83.2357706, 17.7427907], [83.2357478, 17.7427294], [83.235666, 17.7426668], [83.2355587, 17.742617], [83.2354474, 17.7425812], [83.2353602, 17.7425799], [83.2353459, 17.7425872], [83.2352789, 17.7426257], [83.2352622, 17.7426403], [83.2352333, 17.7426676], [83.2351989, 17.7427436], [83.2352192, 17.7428382], [83.2352878, 17.7429016], [83.2353541, 17.7429378], [83.235516, 17.7429973]]}}, {"type": "Feature", "properties": {"osm_id": 990429889, "highway": "tertiary", "oneway": "yes"}, "geometry": {"type": "LineString", "coordinates": [[83.2341184, 17.7409336], [83.2341923, 17.7409939], [83.2343206, 17.7412919], [83.2343711, 17.7413888], [83.2346509, 17.7417746], [83.2350681, 17.7423243], [83.23513, 17.742413], [83.2351652, 17.7424671], [83.2352429, 17.7425721], [83.2352789, 17.7426257]]}}, {"type": "Feature", "properties": {"osm_id": 990429890, "highway": "tertiary", "oneway": "yes"}, "geometry": {"type": "LineString", "coordinates": [[83.2333932, 17.7434964], [83.2336704, 17.7434421], [83.2338219, 17.7434089], [83.2340325, 17.7433731], [83.2341681, 17.7433353], [83.234315, 17.7433016], [83.2347313, 17.7431419], [83.2349834, 17.74305], [83.2351212, 17.7429942], [83.2351871, 17.7429677], [83.2353541, 17.7429378]]}}, {"type": "Feature", "properties": {"osm_id": 990429891, "bridge": "yes", "highway": "primary", "layer": "1", "name": "Flyover", "oneway": "yes"}, "geometry": {"type": "LineString", "coordinates": [[83.2372213, 17.7420595], [83.2368337, 17.7422106], [83.236477, 17.7423406], [83.2362127, 17.7424404], [83.2358339, 17.7425835], [83.2357123, 17.7426176]]}}, {"type": "Feature", "properties": {"osm_id": 990429892, "bridge": "yes", "highway": "primary", "layer": "1", "name": "Vishakapatnam - Srungavarapukota - Araku Road Flyover", "network": "IN:SH:AP", "oneway": "yes", "ref": "SH39"}, "geometry": {"type": "LineString", "coordinates": [[83.2334839, 17.7434348], [83.2335899, 17.743409], [83.2339682, 17.7433195], [83.2342198, 17.7432532], [83.2343892, 17.7431961], [83.2346555, 17.743104], [83.2348761, 17.7430193], [83.2350384, 17.7429682], [83.235092, 17.7429484], [83.2351544, 17.742935], [83.2351802, 17.7429318], [83.2352378, 17.7429328]]}}, {"type": "Feature", "properties": {"osm_id": 990429893, "dual_carriageway": "yes", "highway": "primary", "lanes": "2", "name": "Anakapalli - Visakhapatnam - Anandapuram Main Road Flyover", "oneway": "yes", "ref:old": "NH5", "surface": "asphalt"}, "geometry": {"type": "LineString", "coordinates": [[83.2341184, 17.7409336], [83.2341477, 17.7410366]]}}, {"type": "Feature", "properties": {"osm_id": 990429894, "dual_carriageway": "yes", "highway": "primary", "lanes": "2", "name": "Anakapalli - Visakhapatnam - Anandapuram Main Road", "oneway": "yes", "ref:old": "NH5", "source": "Bing", "surface": "asphalt"}, "geometry": {"type": "LineString", "coordinates": [[83.2343952, 17.741141], [83.23436, 17.7410607], [83.2343173, 17.7409325], [83.2342822, 17.7408173], [83.2342771, 17.7407984], [83.2342588, 17.7407305]]}}, {"type": "Feature", "properties": {"osm_id": 990429895, "bridge": "yes", "dual_carriageway": "yes", "highway": "primary", "lanes": "2", "layer": "1", "maxspeed": "70", "maxspeed:type": "sign", "name": "Anakapalli - Visakhapatnam Road Flyover", "oneway": "yes", "ref:old": "NH5", "surface": "asphalt"}, "geometry": {"type": "LineString", "coordinates": [[83.2354685, 17.7430351], [83.235599, 17.7430959], [83.235696, 17.7431691], [83.2358399, 17.7433419], [83.2363228, 17.7439537]]}}, {"type": "Feature", "properties": {"osm_id": 990429896, "bridge": "yes", "dual_carriageway": "yes", "highway": "primary", "lanes": "2", "layer": "1", "maxspeed": "70", "maxspeed:type": "sign", "name": "Anakapalli - Visakhapatnam - Anandapuram Main Road Flyover", "oneway": "yes", "ref:old": "NH5", "surface": "asphalt"}, "geometry": {"type": "LineString", "coordinates": [[83.2364886, 17.7438839], [83.2363026, 17.7436379], [83.2361244, 17.7434302], [83.2359892, 17.743239], [83.2359517, 17.7431854], [83.2358953, 17.7431062], [83.2358323, 17.7430129], [83.2358176, 17.7429503]]}}, {"type": "Feature", "properties": {"osm_id": 990429897, "bridge": "yes", "highway": "primary", "layer": "1", "name": "Flyover", "oneway": "yes"}, "geometry": {"type": "LineString", "coordinates": [[83.2358629, 17.7427983], [83.2359043, 17.7426848], [83.2359405, 17.7426328], [83.2360688, 17.7425582], [83.2372498, 17.7421405]]}}, {"type": "Feature", "properties": {"osm_id": 990429898, "bridge": "yes", "highway": "primary", "layer": "1", "name": "Vishakapatnam - Srungavarapukota - Araku Road Flyover", "network": "IN:SH:AP", "oneway": "yes", "ref": "SH39"}, "geometry": {"type": "LineString", "coordinates": [[83.2351383, 17.7428009], [83.2350773, 17.7428296], [83.2350164, 17.742868], [83.2346763, 17.743004], [83.2342169, 17.7431742], [83.2338588, 17.7432755], [83.2335234, 17.7433521], [83.233474, 17.7433614]]}}, {"type": "Feature", "properties": {"osm_id": 1015166042, "highway": "primary"}, "geometry": {"type": "LineString", "coordinates": [[83.2044053, 17.6869272], [83.2044966, 17.6868968], [83.2045792, 17.6868701]]}}, {"type": "Feature", "properties": {"osm_id": 1017373189, "highway": "tertiary", "source": "Bing"}, "geometry": {"type": "LineString", "coordinates": [[83.1863267, 17.7255723], [83.1857876, 17.72562], [83.1848102, 17.7256908], [83.1844205, 17.7257191], [83.1831398, 17.7258097], [83.1826105, 17.7258548], [83.1824705, 17.7258761], [83.1820853, 17.7259752], [83.1816593, 17.7260639], [83.1812786, 17.7261275], [83.1810008, 17.7261739], [83.1806938, 17.7262273], [83.1805381, 17.7262544], [83.1800727, 17.7263353], [83.1799013, 17.7263676], [83.1796904, 17.7264074], [83.1786106, 17.7266121], [83.1780894, 17.7267095], [83.1774859, 17.726814], [83.1772423, 17.7268571], [83.1771697, 17.7268751], [83.1771206, 17.7268962], [83.1770376, 17.7269406], [83.1767158, 17.7271747], [83.1765228, 17.7273141], [83.1764191, 17.7273733], [83.1762272, 17.7274777], [83.1761961, 17.7274904], [83.1761637, 17.7274932], [83.1761419, 17.7274905]]}}, {"type": "Feature", "properties": {"osm_id": 1051174064, "highway": "tertiary", "source": "maxar"}, "geometry": {"type": "LineString", "coordinates": [[83.2714808, 17.7163174], [83.271568, 17.7159546], [83.271638, 17.715761], [83.2716882, 17.7156236], [83.2721107, 17.7148807], [83.272283, 17.7145685], [83.2723905, 17.7143737], [83.2726154, 17.7139825], [83.2727504, 17.7137477], [83.2730686, 17.7132598], [83.2733126, 17.7128383], [83.2734226, 17.7126408], [83.27365, 17.7122099], [83.2737549, 17.7119981], [83.2738274, 17.7118362], [83.2738674, 17.7117314], [83.2739248, 17.7115577], [83.2739673, 17.7113934], [83.2740023, 17.7111554], [83.274051, 17.7106926], [83.2741014, 17.7099189], [83.2743516, 17.7078755], [83.2745715, 17.7064175], [83.2747791, 17.7052576], [83.2749, 17.7049654], [83.2751726, 17.7046466], [83.2758046, 17.703894], [83.2766287, 17.703289], [83.2768611, 17.702985], [83.2770673, 17.7026998], [83.2772496, 17.7026964], [83.2777941, 17.7027935], [83.2779979, 17.7028791], [83.2786524, 17.7032803], [83.2788938, 17.7034745], [83.2790762, 17.7036534], [83.2791674, 17.7037863], [83.2793096, 17.7041069], [83.2793454, 17.7043398], [83.2793672, 17.7044721], [83.279543, 17.7052529], [83.2795404, 17.7056054], [83.2795376, 17.705999], [83.2797326, 17.706307], [83.280023, 17.7065471], [83.2800707, 17.7067172], [83.2797446, 17.7123049], [83.2797401, 17.7123572], [83.2795407, 17.7146842], [83.2795524, 17.7147643], [83.2795938, 17.714837], [83.2796621, 17.7148718], [83.2797787, 17.7149016], [83.280744, 17.7150957], [83.2809719, 17.7151803]]}}, {"type": "Feature", "properties": {"osm_id": 1057175793, "highway": "primary", "name": "Beach Road", "oneway": "yes"}, "geometry": {"type": "LineString", "coordinates": [[83.3401395, 17.7303293], [83.3401603, 17.7304399], [83.3403702, 17.7310819], [83.3403805, 17.731113]]}}, {"type": "Feature", "properties": {"osm_id": 1060190430, "highway": "secondary"}, "geometry": {"type": "LineString", "coordinates": [[83.3363169, 17.740886], [83.3362976, 17.7407973]]}}, {"type": "Feature", "properties": {"osm_id": 1062054738, "highway": "tertiary"}, "geometry": {"type": "LineString", "coordinates": [[83.2784249, 17.7319374], [83.2784062, 17.731915], [83.2784025, 17.7319084], [83.2784, 17.7318985], [83.2784016, 17.7318876], [83.2784124, 17.7318597], [83.2784377, 17.7318292], [83.2786252, 17.7316255], [83.2790107, 17.7312463], [83.279086, 17.7311445], [83.2791404, 17.73105], [83.2792473, 17.7309231], [83.2793261, 17.7308994], [83.2794249, 17.7308976], [83.2799542, 17.7307944], [83.2801575, 17.7307828], [83.280373, 17.7307363], [83.2805112, 17.7306782], [83.2805153, 17.730593]]}}, {"type": "Feature", "properties": {"osm_id": 1062782531, "highway": "tertiary", "oneway": "yes"}, "geometry": {"type": "LineString", "coordinates": [[83.3019269, 17.7109132], [83.3018366, 17.7109587]]}}, {"type": "Feature", "properties": {"osm_id": 1062782532, "highway": "secondary"}, "geometry": {"type": "LineString", "coordinates": [[83.3019589, 17.7109789], [83.3018731, 17.7110199]]}}, {"type": "Feature", "properties": {"osm_id": 1064677792, "highway": "tertiary", "oneway": "yes"}, "geometry": {"type": "LineString", "coordinates": [[83.316827, 17.7105326], [83.3167791, 17.7105828]]}}, {"type": "Feature", "properties": {"osm_id": 1064677793, "highway": "tertiary", "oneway": "yes"}, "geometry": {"type": "LineString", "coordinates": [[83.3168444, 17.7106283], [83.3168917, 17.7105765]]}}, {"type": "Feature", "properties": {"osm_id": 1072507743, "highway": "tertiary"}, "geometry": {"type": "LineString", "coordinates": [[83.2254977, 17.74197], [83.2255956, 17.7421048]]}}, {"type": "Feature", "properties": {"osm_id": 1074438725, "highway": "tertiary", "oneway": "yes"}, "geometry": {"type": "LineString", "coordinates": [[83.3144484, 17.7434552], [83.3145248, 17.743459], [83.3147054, 17.743468], [83.3149674, 17.7434736], [83.315826, 17.7434975], [83.316103, 17.7435009], [83.3162677, 17.7435029], [83.3164691, 17.7435214], [83.316642, 17.7435577], [83.3171293, 17.743725], [83.3183756, 17.7442079], [83.319349, 17.7445665], [83.3205892, 17.745049], [83.3210392, 17.7452197], [83.3214681, 17.7453824], [83.3221386, 17.7456432], [83.3230618, 17.7459709], [83.3245019, 17.7465444], [83.3247025, 17.7465646], [83.3247959, 17.7465504], [83.3253733, 17.7465131], [83.3258907, 17.7465002], [83.326375, 17.7465652], [83.3269188, 17.7467288], [83.3271049, 17.7467352]]}}, {"type": "Feature", "properties": {"osm_id": 1074859182, "highway": "tertiary"}, "geometry": {"type": "LineString", "coordinates": [[83.3157771, 17.7389398], [83.3158358, 17.7390497]]}}, {"type": "Feature", "properties": {"osm_id": 1075012773, "highway": "tertiary"}, "geometry": {"type": "LineString", "coordinates": [[83.3257282, 17.7276365], [83.3256901, 17.7276958]]}}, {"type": "Feature", "properties": {"osm_id": 1076398362, "cycleway:both": "no", "highway": "primary", "lanes": "3", "oneway": "yes"}, "geometry": {"type": "LineString", "coordinates": [[83.2526008, 17.7800306], [83.2524703, 17.7798426], [83.2523776, 17.7796993], [83.2523219, 17.7796113], [83.2521995, 17.7794439], [83.2519477, 17.7790996], [83.2516873, 17.7787551], [83.2513591, 17.7783209], [83.2512161, 17.778128], [83.2511292, 17.7780041], [83.2510912, 17.77795], [83.2510522, 17.7778944], [83.2509965, 17.7778149], [83.250829, 17.7775998], [83.2506884, 17.7774071], [83.2506256, 17.7773211], [83.2505376, 17.7771942], [83.2502684, 17.7768011], [83.2501339, 17.7766315], [83.2500876, 17.7765758], [83.249918, 17.7763441], [83.2496564, 17.7759748], [83.2496116, 17.7759038], [83.2495159, 17.7757757], [83.2493512, 17.7755553], [83.2492881, 17.7754709], [83.2490888, 17.7752206], [83.248894, 17.7750057], [83.2488366, 17.7749498], [83.2487823, 17.7748909], [83.2486117, 17.7747618], [83.2485891, 17.7747413], [83.2485146, 17.7746906], [83.2484298, 17.7746432], [83.2476758, 17.7742825], [83.2473397, 17.7741402], [83.2470206, 17.7739935], [83.2465168, 17.7737538], [83.2462394, 17.7736311]]}}, {"type": "Feature", "properties": {"osm_id": 1076419445, "highway": "tertiary", "name": "Simhachalam Temple Ghat Road", "source": "Bing"}, "geometry": {"type": "LineString", "coordinates": [[83.2593773, 17.7762894], [83.2594971, 17.7762494], [83.2595711, 17.776253], [83.2596753, 17.7762693], [83.2597826, 17.7762781], [83.2601801, 17.7763783], [83.2607755, 17.776506], [83.2610035, 17.776598], [83.2619329, 17.7769865], [83.2619793, 17.7770282], [83.2620065, 17.777075], [83.2620154, 17.7770996], [83.2620096, 17.777141], [83.2619879, 17.7771662], [83.2619385, 17.7771844], [83.2618813, 17.7771851], [83.2612678, 17.7771446], [83.2610565, 17.7771465], [83.2609571, 17.7771679], [83.2607914, 17.7772023], [83.2607208, 17.7772283], [83.2605495, 17.7773111], [83.2604347, 17.7773885], [83.2603302, 17.7774826], [83.2602559, 17.7775769], [83.2602129, 17.7776721], [83.2602021, 17.7777458], [83.260194, 17.7778016], [83.2601997, 17.7778772], [83.2602359, 17.7779718], [83.2603942, 17.7782433], [83.2606629, 17.7786847], [83.260825, 17.7789587], [83.2608868, 17.7790379], [83.2609646, 17.7791108], [83.2611063, 17.7792189], [83.261489, 17.7794437], [83.2616177, 17.7795463], [83.2616955, 17.7796416], [83.261712, 17.7797795], [83.2616901, 17.7798724], [83.2616494, 17.7799499], [83.2615806, 17.7800239], [83.26148, 17.7800669], [83.2613907, 17.7801022], [83.2612177, 17.7801171], [83.2610652, 17.7801303], [83.2604957, 17.7800907], [83.2596727, 17.7800362], [83.2592667, 17.7800558], [83.2591486, 17.7800895], [83.2590849, 17.7801199], [83.2590687, 17.7801277], [83.2589918, 17.7801733], [83.2583723, 17.7806258]]}}, {"type": "Feature", "properties": {"osm_id": 1076576850, "highway": "tertiary", "oneway": "yes"}, "geometry": {"type": "LineString", "coordinates": [[83.3545524, 17.7938651], [83.3533815, 17.793948]]}}, {"type": "Feature", "properties": {"osm_id": 1076576851, "highway": "tertiary", "oneway": "yes"}, "geometry": {"type": "LineString", "coordinates": [[83.3557254, 17.7938907], [83.3564364, 17.7938559], [83.3566285, 17.793845], [83.3568701, 17.7938398], [83.3572064, 17.7938325], [83.3577028, 17.7938218], [83.3579641, 17.7938098], [83.3587234, 17.7937749], [83.3598018, 17.7938137], [83.3602741, 17.7938177], [83.3615403, 17.7938569], [83.361953, 17.7938697], [83.3631738, 17.7939074], [83.363281, 17.7939001]]}}, {"type": "Feature", "properties": {"osm_id": 1076576852, "highway": "tertiary", "oneway": "yes"}, "geometry": {"type": "LineString", "coordinates": [[83.3631715, 17.7937775], [83.363056, 17.7937806], [83.3623099, 17.7937475], [83.3619708, 17.793755]]}}, {"type": "Feature", "properties": {"osm_id": 1076576854, "highway": "tertiary", "oneway": "yes"}, "geometry": {"type": "LineString", "coordinates": [[83.3533988, 17.7940455], [83.3557254, 17.7938907]]}}, {"type": "Feature", "properties": {"osm_id": 1076576859, "highway": "tertiary", "oneway": "yes"}, "geometry": {"type": "LineString", "coordinates": [[83.3572116, 17.7937281], [83.3568713, 17.7937465], [83.3560901, 17.7937628]]}}, {"type": "Feature", "properties": {"osm_id": 1078417070, "highway": "tertiary"}, "geometry": {"type": "LineString", "coordinates": [[83.3230618, 17.7459709], [83.3230876, 17.7459241]]}}, {"type": "Feature", "properties": {"osm_id": 1078568361, "highway": "secondary", "oneway": "yes"}, "geometry": {"type": "LineString", "coordinates": [[83.3124878, 17.7345863], [83.3126509, 17.7345958], [83.3127927, 17.7346164], [83.3128152, 17.7346349], [83.3128624, 17.7346736]]}}, {"type": "Feature", "properties": {"osm_id": 1078568362, "highway": "secondary", "oneway": "yes"}, "geometry": {"type": "LineString", "coordinates": [[83.3129712, 17.7346479], [83.3130453, 17.734543], [83.3131191, 17.7345158], [83.3131963, 17.7344873], [83.3133874, 17.7344384]]}}, {"type": "Feature", "properties": {"osm_id": 1080163676, "highway": "tertiary", "name": "Chinna Waltair Main Road", "oneway": "yes"}, "geometry": {"type": "LineString", "coordinates": [[83.3280889, 17.7222216], [83.3289211, 17.7225052], [83.3294911, 17.72267], [83.3298276, 17.7227472], [83.3301294, 17.7227868], [83.3302439, 17.7228017]]}}, {"type": "Feature", "properties": {"osm_id": 1080164054, "highway": "tertiary", "surface": "asphalt"}, "geometry": {"type": "LineString", "coordinates": [[83.2285697, 17.7439316], [83.228555, 17.74386], [83.2285441, 17.7438107], [83.2285131, 17.7436704], [83.2285061, 17.7436387], [83.2284442, 17.7433484], [83.2284369, 17.743314], [83.2281934, 17.7424464], [83.2281384, 17.7422427], [83.2280868, 17.7421859], [83.2280177, 17.7421654], [83.2278789, 17.7421456], [83.2277064, 17.7421346], [83.2271918, 17.7422382], [83.2268865, 17.7423088], [83.2268389, 17.7423088], [83.2267724, 17.7423088], [83.2266782, 17.742279], [83.2264614, 17.7421567], [83.2263245, 17.7421132], [83.2261219, 17.7421431], [83.2259992, 17.74223], [83.2258055, 17.7423985], [83.2257512, 17.7423973], [83.2257123, 17.7423768], [83.2256851, 17.7422955]]}}, {"type": "Feature", "properties": {"osm_id": 1083972173, "highway": "tertiary", "oneway": "no", "source": "Bing"}, "geometry": {"type": "LineString", "coordinates": [[83.2465265, 17.7474866], [83.2465961, 17.7475416], [83.2466393, 17.7475582], [83.2466556, 17.7475599], [83.2466767, 17.7475621], [83.2468631, 17.7475712], [83.2477007, 17.7475505], [83.2478023, 17.7475433], [83.2478724, 17.747534], [83.2480337, 17.7475126], [83.2482557, 17.747471], [83.2483493, 17.7474495], [83.2487296, 17.7473355]]}}, {"type": "Feature", "properties": {"osm_id": 1105579338, "highway": "tertiary", "oneway": "yes", "source": "maxar"}, "geometry": {"type": "LineString", "coordinates": [[83.2077026, 17.668397], [83.2080558, 17.6681738], [83.2080905, 17.6680946]]}}, {"type": "Feature", "properties": {"osm_id": 1105579339, "highway": "tertiary", "oneway": "yes"}, "geometry": {"type": "LineString", "coordinates": [[83.2080905, 17.6680946], [83.2080181, 17.6680983], [83.2076478, 17.6683218]]}}, {"type": "Feature", "properties": {"osm_id": 1105579340, "highway": "tertiary", "name": "BC Road", "oneway": "yes"}, "geometry": {"type": "LineString", "coordinates": [[83.2032924, 17.6616817], [83.2033219, 17.6617495], [83.2033508, 17.6618105], [83.2033717, 17.6618765], [83.203405, 17.6619399], [83.2034323, 17.6619941], [83.2034591, 17.662042], [83.203504, 17.6621196], [83.2035452, 17.6621811], [83.2036047, 17.6622675], [83.2037071, 17.6624345], [83.2039853, 17.6630367]]}}, {"type": "Feature", "properties": {"osm_id": 1105579341, "highway": "tertiary", "oneway": "yes"}, "geometry": {"type": "LineString", "coordinates": [[83.2041208, 17.6629523], [83.2040401, 17.6628002], [83.2038201, 17.6623913], [83.2037798, 17.6623291], [83.2036015, 17.6620539], [83.2035458, 17.6619476], [83.2035147, 17.6618786], [83.2034909, 17.6618347], [83.2034695, 17.6617712], [83.2034331, 17.661685]]}}, {"type": "Feature", "properties": {"osm_id": 1105579344, "bridge": "yes", "highway": "tertiary", "layer": "1", "oneway": "yes"}, "geometry": {"type": "LineString", "coordinates": [[83.2002758, 17.6591354], [83.2007246, 17.6593459], [83.2013583, 17.6596577]]}}, {"type": "Feature", "properties": {"osm_id": 1105579345, "bridge": "yes", "highway": "tertiary", "layer": "1", "oneway": "yes"}, "geometry": {"type": "LineString", "coordinates": [[83.2014016, 17.6595883], [83.2007855, 17.6592852], [83.2003371, 17.6590749]]}}, {"type": "Feature", "properties": {"osm_id": 1105579346, "embankment": "yes", "highway": "tertiary", "oneway": "yes"}, "geometry": {"type": "LineString", "coordinates": [[83.2013583, 17.6596577], [83.2016888, 17.6598203], [83.2020445, 17.6600234], [83.202369, 17.6602714], [83.2026566, 17.6605487], [83.2028718, 17.6608101], [83.2032924, 17.6616817]]}}, {"type": "Feature", "properties": {"osm_id": 1105579347, "embankment": "yes", "highway": "tertiary", "oneway": "yes"}, "geometry": {"type": "LineString", "coordinates": [[83.2034331, 17.661685], [83.2029316, 17.6607666], [83.2027332, 17.6604994], [83.2024401, 17.6602168], [83.2021035, 17.6599659], [83.2017532, 17.6597613], [83.2014016, 17.6595883]]}}, {"type": "Feature", "properties": {"osm_id": 1106236182, "highway": "tertiary"}, "geometry": {"type": "LineString", "coordinates": [[83.2868235, 17.7118401], [83.2867865, 17.7116828]]}}, {"type": "Feature", "properties": {"osm_id": 1106236183, "highway": "primary", "name": "Flyover Ramp", "oneway": "yes"}, "geometry": {"type": "LineString", "coordinates": [[83.2869676, 17.7162993], [83.2871119, 17.7162237]]}}, {"type": "Feature", "properties": {"osm_id": 1106236189, "highway": "tertiary"}, "geometry": {"type": "LineString", "coordinates": [[83.2683753, 17.722654], [83.2682652, 17.7226712]]}}, {"type": "Feature", "properties": {"osm_id": 1106236190, "covered": "yes", "highway": "tertiary", "source": "maxar"}, "geometry": {"type": "LineString", "coordinates": [[83.2633129, 17.7314251], [83.262972, 17.7315037], [83.2627853, 17.7315517], [83.2626152, 17.7315918]]}}, {"type": "Feature", "properties": {"osm_id": 1106236191, "covered": "yes", "highway": "tertiary", "source": "maxar"}, "geometry": {"type": "LineString", "coordinates": [[83.2626152, 17.7315918], [83.2625172, 17.7316149], [83.2624615, 17.7316292], [83.2623854, 17.7316646], [83.2622385, 17.7317287], [83.2620545, 17.731786], [83.2619395, 17.7318113]]}}, {"type": "Feature", "properties": {"osm_id": 1106236194, "highway": "tertiary", "source": "maxar"}, "geometry": {"type": "LineString", "coordinates": [[83.2741265, 17.7261855], [83.2740279, 17.7262379], [83.2737362, 17.7264022], [83.2734873, 17.7265813], [83.2733605, 17.7266796], [83.2733204, 17.7267107], [83.2731533, 17.7268706], [83.2728399, 17.7272213], [83.2726653, 17.7274162], [83.2721611, 17.7277967], [83.2720726, 17.7278616], [83.2714905, 17.7282249], [83.2711694, 17.7284032], [83.2698534, 17.7290465], [83.2679115, 17.7299958], [83.267524, 17.7301626], [83.2674161, 17.7302013], [83.2673119, 17.7302387], [83.2672458, 17.7302666], [83.266455, 17.7307053], [83.2663729, 17.7307408], [83.2662566, 17.7307786], [83.2656832, 17.730918], [83.2653753, 17.7309898], [83.2650142, 17.7310617], [83.2644417, 17.7311961], [83.2642046, 17.73125], [83.2637958, 17.7313393], [83.2636948, 17.7313602], [83.2634675, 17.7313966], [83.2633129, 17.7314251]]}}, {"type": "Feature", "properties": {"osm_id": 1106236201, "highway": "tertiary"}, "geometry": {"type": "LineString", "coordinates": [[83.2808837, 17.7289586], [83.2807072, 17.7291758], [83.2806505, 17.7292424], [83.2804345, 17.7295135], [83.2802665, 17.7297129], [83.2801614, 17.7298544], [83.280186, 17.7299425], [83.2802835, 17.7300819], [83.2804624, 17.7303491], [83.280499, 17.7304536]]}}, {"type": "Feature", "properties": {"osm_id": 1106236202, "highway": "tertiary", "layer": "-1", "tunnel": "yes"}, "geometry": {"type": "LineString", "coordinates": [[83.2805153, 17.730593], [83.280499, 17.7304536]]}}, {"type": "Feature", "properties": {"osm_id": 1106494050, "highway": "tertiary"}, "geometry": {"type": "LineString", "coordinates": [[83.2867394, 17.7075372], [83.286786, 17.7081329], [83.2870424, 17.711412], [83.2870288, 17.7116532]]}}, {"type": "Feature", "properties": {"osm_id": 1106494051, "highway": "tertiary"}, "geometry": {"type": "LineString", "coordinates": [[83.2865957, 17.7075567], [83.2866105, 17.7076662], [83.286786, 17.7081329]]}}, {"type": "Feature", "properties": {"osm_id": 1126525708, "highway": "secondary"}, "geometry": {"type": "LineString", "coordinates": [[83.332827, 17.7416493], [83.3328541, 17.7417386]]}}, {"type": "Feature", "properties": {"osm_id": 1126724810, "highway": "primary", "lanes": "2", "name": "Beach Road", "oneway": "yes", "ref": "SH144", "surface": "asphalt"}, "geometry": {"type": "LineString", "coordinates": [[83.3535865, 17.757622], [83.3536092, 17.7579084], [83.3536051, 17.7579793], [83.3535793, 17.7580413], [83.3535265, 17.7581053], [83.3534542, 17.7581643], [83.3532638, 17.75829], [83.3529667, 17.758478], [83.3527323, 17.7586345], [83.3524778, 17.7587715], [83.3521946, 17.7588943], [83.3520363, 17.7589646], [83.351984, 17.7590387], [83.3519652, 17.7591345], [83.3519867, 17.7592047], [83.3521194, 17.759409], [83.3523656, 17.759762], [83.3524451, 17.759876], [83.3526278, 17.7600706], [83.3527847, 17.7602111], [83.3529268, 17.7602813], [83.3531508, 17.7603299], [83.3534311, 17.7603209], [83.3536819, 17.7602877], [83.3539541, 17.7602264], [83.3542505, 17.7601932], [83.3544342, 17.7602303], [83.3545952, 17.7602775], [83.3548111, 17.7603886], [83.3549613, 17.7605247], [83.3549897, 17.7605504], [83.3550565, 17.7606109], [83.3550614, 17.7606166], [83.3552161, 17.7607961], [83.3553717, 17.7610208], [83.355546, 17.7612277], [83.3556493, 17.7613057], [83.3557203, 17.7613529], [83.3558062, 17.7613823], [83.3559753, 17.7613641], [83.3561948, 17.7612989], [83.3566294, 17.7610627]]}}, {"type": "Feature", "properties": {"osm_id": 1126724811, "highway": "primary", "name": "Beach Road", "oneway": "yes", "ref": "SH144"}, "geometry": {"type": "LineString", "coordinates": [[83.3536479, 17.7576144], [83.3536293, 17.7575078], [83.3535987, 17.7572084], [83.3536048, 17.7570532], [83.35363, 17.7568932], [83.3536782, 17.7565869], [83.3536993, 17.7562365], [83.3536565, 17.7560849], [83.3535904, 17.7559821], [83.3535034, 17.7559024], [83.3532306, 17.7556789], [83.3529533, 17.755447], [83.3526175, 17.7552159], [83.3525439, 17.7551652], [83.3522549, 17.7550857], [83.3519485, 17.754978], [83.3517132, 17.7548413], [83.3515122, 17.7546831], [83.3513237, 17.7544859], [83.3511588, 17.7542608], [83.3509787, 17.753944], [83.3509092, 17.7538217]]}}, {"type": "Feature", "properties": {"osm_id": 1126724812, "highway": "primary", "lanes": "2", "name": "Beach Road", "oneway": "yes", "ref": "SH144", "surface": "asphalt"}, "geometry": {"type": "LineString", "coordinates": [[83.3525035, 17.7588361], [83.352813, 17.7586671], [83.3530187, 17.7585392], [83.3533996, 17.7582896], [83.3535335, 17.7581989], [83.3536163, 17.7581165], [83.3536547, 17.7580667], [83.3536865, 17.7579615], [83.3536835, 17.7578466], [83.3536479, 17.7576144]]}}, {"type": "Feature", "properties": {"osm_id": 1130846240, "highway": "tertiary", "name": "Visakha Valley Road", "oneway": "yes"}, "geometry": {"type": "LineString", "coordinates": [[83.3524465, 17.7597116], [83.3523656, 17.759762], [83.3518688, 17.7598461], [83.3513584, 17.7599109], [83.3510302, 17.7599891], [83.3504818, 17.7601416], [83.3499975, 17.7603055], [83.3490789, 17.760456], [83.3481143, 17.7605856], [83.34764, 17.7606638], [83.3471697, 17.760801], [83.3463131, 17.7610316], [83.34463, 17.7615062], [83.3441837, 17.7616129], [83.343215, 17.7619655], [83.3413018, 17.7626612], [83.340157, 17.7630786], [83.3393318, 17.763555], [83.3389864, 17.7637577]]}}, {"type": "Feature", "properties": {"osm_id": 1130846242, "dual_carriageway": "yes", "highway": "primary", "lanes": "2", "maxspeed": "70", "maxspeed:type": "sign", "name": "Visakhapatnam - Anandapuram Main Road", "oneway": "yes", "ref:old": "NH5", "surface": "asphalt"}, "geometry": {"type": "LineString", "coordinates": [[83.3389864, 17.7637577], [83.3388698, 17.7636966], [83.3384736, 17.7635267], [83.3381137, 17.7634164], [83.3368351, 17.7631221], [83.3362573, 17.7629957], [83.335904, 17.7628961], [83.3356519, 17.7627844], [83.3354443, 17.7626821], [83.3351424, 17.7624975], [83.3348893, 17.7622876], [83.3346278, 17.7620303], [83.334444, 17.7617953], [83.3343104, 17.7615762], [83.3342058, 17.7613883], [83.3341171, 17.7611499], [83.3340625, 17.7610043]]}}, {"type": "Feature", "properties": {"osm_id": 1133842158, "highway": "primary"}, "geometry": {"type": "LineString", "coordinates": [[83.2359215, 17.7713796], [83.2358679, 17.7712736]]}}, {"type": "Feature", "properties": {"osm_id": 1192231272, "highway": "secondary", "oneway": "yes", "source": "Bing"}, "geometry": {"type": "LineString", "coordinates": [[83.2160091, 17.6855449], [83.2158808, 17.6855485]]}}, {"type": "Feature", "properties": {"osm_id": 1206540814, "bridge": "yes", "highway": "primary", "lanes": "2", "layer": "2", "maxweight:signed": "no", "name": "Anakapalli - Visakhapatnam - Anandapuram Main Road Flyover", "oneway": "yes", "surface": "asphalt"}, "geometry": {"type": "LineString", "coordinates": [[83.2353441, 17.7425058], [83.2352248, 17.7425556], [83.2351618, 17.742594], [83.2351128, 17.7426706]]}}, {"type": "Feature", "properties": {"osm_id": 1206540819, "highway": "tertiary", "oneway": "yes"}, "geometry": {"type": "LineString", "coordinates": [[83.2353459, 17.7425872], [83.2344525, 17.7414089], [83.2343783, 17.7412956], [83.2342872, 17.7410675], [83.2342582, 17.7409428], [83.2342771, 17.7407984]]}}, {"type": "Feature", "properties": {"osm_id": 1206547311, "highway": "tertiary", "source": "Bing"}, "geometry": {"type": "LineString", "coordinates": [[83.3044593, 17.7438598], [83.3042555, 17.7429222], [83.304023, 17.7416742]]}}, {"type": "Feature", "properties": {"osm_id": 1206547312, "highway": "primary", "name": "MVP Double Road", "oneway": "yes", "ref": "SH144", "source": "Bing"}, "geometry": {"type": "LineString", "coordinates": [[83.3335015, 17.7415851], [83.3335262, 17.7415785], [83.3344457, 17.7413332], [83.3344725, 17.7413286], [83.3345147, 17.7413212]]}}, {"type": "Feature", "properties": {"osm_id": 1212757710, "highway": "tertiary"}, "geometry": {"type": "LineString", "coordinates": [[83.2171241, 17.6655918], [83.2170905, 17.6656089], [83.2170217, 17.6656232], [83.2166438, 17.6656769], [83.2163696, 17.6657211], [83.2152346, 17.6658885], [83.2147354, 17.6659539]]}}, {"type": "Feature", "properties": {"osm_id": 1214452073, "highway": "tertiary", "name": "75 Feet Road", "oneway": "yes"}, "geometry": {"type": "LineString", "coordinates": [[83.297063, 17.7123608], [83.2971109, 17.7123989], [83.2973049, 17.7125432], [83.2973279, 17.7125587]]}}, {"type": "Feature", "properties": {"osm_id": 1214452074, "bridge": "yes", "highway": "tertiary", "layer": "1", "name": "75 Feet Road", "oneway": "yes"}, "geometry": {"type": "LineString", "coordinates": [[83.297015, 17.7123226], [83.297063, 17.7123608]]}}, {"type": "Feature", "properties": {"osm_id": 1216691692, "highway": "tertiary", "source": "maxar"}, "geometry": {"type": "LineString", "coordinates": [[83.2172082, 17.7681803], [83.2173524, 17.7681735], [83.2175985, 17.7681823], [83.2179208, 17.7681534], [83.2180775, 17.7681352], [83.2182025, 17.7681206]]}}, {"type": "Feature", "properties": {"osm_id": 1216691693, "bridge": "yes", "highway": "tertiary", "layer": "1", "source": "maxar"}, "geometry": {"type": "LineString", "coordinates": [[83.2188066, 17.7680118], [83.2190021, 17.7679921]]}}, {"type": "Feature", "properties": {"osm_id": 1222223833, "highway": "secondary", "oneway": "yes"}, "geometry": {"type": "LineString", "coordinates": [[83.256239, 17.6990877], [83.2562589, 17.6989864], [83.2562226, 17.6987615], [83.25622, 17.6985588]]}}, {"type": "Feature", "properties": {"osm_id": 1222223834, "highway": "secondary", "name": "Scindia Road", "oneway": "yes"}, "geometry": {"type": "LineString", "coordinates": [[83.2589542, 17.6958412], [83.2586954, 17.6959011], [83.2583447, 17.6959829], [83.2580836, 17.6960567], [83.2578905, 17.6961198], [83.257541, 17.696278], [83.2573235, 17.6964215], [83.2571229, 17.6965735], [83.2569762, 17.696713], [83.2567705, 17.696917], [83.2566357, 17.6970906], [83.2565269, 17.697274], [83.2563572, 17.6976057], [83.2562808, 17.697841], [83.2562325, 17.6980798], [83.2561845, 17.6983697], [83.2561729, 17.6986394], [83.2562088, 17.6989992], [83.256239, 17.6990877]]}}, {"type": "Feature", "properties": {"osm_id": 1238817510, "dual_carriageway": "yes", "highway": "primary", "lanes": "2", "maxspeed": "70", "maxspeed:type": "sign", "name": "Visakhapatnam - Anandapuram Main Road", "oneway": "yes", "ref:old": "NH5", "surface": "asphalt"}, "geometry": {"type": "LineString", "coordinates": [[83.3532931, 17.8034553], [83.3530438, 17.8015458], [83.3530098, 17.8010527], [83.3530049, 17.8006231], [83.3531196, 17.7996187], [83.3531656, 17.7993482], [83.3533005, 17.7985541], [83.3534425, 17.7976875], [83.3534822, 17.7968783], [83.3534935, 17.7967974], [83.3534961, 17.7965327], [83.3535152, 17.7960927], [83.353545, 17.7956564], [83.3535432, 17.7955847], [83.3535313, 17.7951101], [83.3534732, 17.7945367], [83.3534562, 17.7943685]]}}, {"type": "Feature", "properties": {"osm_id": 1238817522, "highway": "tertiary", "lanes": "1", "oneway": "yes"}, "geometry": {"type": "LineString", "coordinates": [[83.353361, 17.803452], [83.3533509, 17.8033843], [83.3532992, 17.8030257], [83.3532602, 17.8027309], [83.3531945, 17.8021518], [83.3531142, 17.8015339], [83.3531003, 17.8013648], [83.3530971, 17.8010481], [83.3531044, 17.8006069], [83.3531456, 17.8000849], [83.3531929, 17.7996602], [83.3531994, 17.7996115], [83.3532329, 17.7993618], [83.3533234, 17.7990736], [83.3533591, 17.7988584], [83.3534199, 17.7983625], [83.3534513, 17.7981655], [83.353541, 17.7976573], [83.3535489, 17.7973184], [83.3535575, 17.7969536], [83.3535513, 17.7969053], [83.3535382, 17.7968539], [83.3534935, 17.7967974]]}}, {"type": "Feature", "properties": {"osm_id": 1240141683, "dual_carriageway": "yes", "highway": "primary", "lanes": "3", "name": "Sampath Vinayaka Temple Road", "oneway": "yes", "sidewalk": "separate", "surface": "asphalt"}, "geometry": {"type": "LineString", "coordinates": [[83.3169987, 17.7250392], [83.3170524, 17.7250283], [83.3172556, 17.724987], [83.31743, 17.7249129], [83.3175668, 17.7247852], [83.3177929, 17.7245327], [83.3178851, 17.7244335], [83.3179452, 17.7243868], [83.3180315, 17.7243351]]}}, {"type": "Feature", "properties": {"osm_id": 1240141684, "highway": "secondary", "name": "Vip Road", "oneway": "yes", "source": "Bing", "surface": "asphalt"}, "geometry": {"type": "LineString", "coordinates": [[83.3168685, 17.7249582], [83.3168684, 17.7250542]]}}, {"type": "Feature", "properties": {"osm_id": 1240141685, "highway": "secondary", "name": "Vip Road", "oneway": "yes", "opening_date": "2024-01-29", "source": "Bing", "surface": "asphalt"}, "geometry": {"type": "LineString", "coordinates": [[83.3169987, 17.7250392], [83.3170002, 17.7249519]]}}, {"type": "Feature", "properties": {"osm_id": 1240141686, "highway": "primary", "name": "Sampath Vinayaka Temple Road", "oneway": "yes", "surface": "asphalt"}, "geometry": {"type": "LineString", "coordinates": [[83.3168684, 17.7250542], [83.3169987, 17.7250392]]}}, {"type": "Feature", "properties": {"osm_id": 1240145016, "bridge": "yes", "highway": "primary", "lanes": "2", "layer": "2", "name": "Anakapalli - Visakhapatnam - Anandapuram Main Road Flyover", "network": "IN:SH:AP", "oneway": "yes", "ref": "SH39", "surface": "asphalt"}, "geometry": {"type": "LineString", "coordinates": [[83.2354685, 17.7430351], [83.235548, 17.743041], [83.2356291, 17.7430449], [83.2357284, 17.743027], [83.2357639, 17.7430078], [83.2358176, 17.7429503]]}}, {"type": "Feature", "properties": {"osm_id": 1247537864, "highway": "tertiary"}, "geometry": {"type": "LineString", "coordinates": [[83.1918774, 17.7840032], [83.1918299, 17.7840063]]}}, {"type": "Feature", "properties": {"osm_id": 1247537865, "highway": "tertiary", "layer": "-1", "tunnel": "yes"}, "geometry": {"type": "LineString", "coordinates": [[83.1922701, 17.7839713], [83.1918774, 17.7840032]]}}, {"type": "Feature", "properties": {"osm_id": 1247537926, "bicycle": "yes", "foot": "yes", "highway": "primary", "horse": "permissive", "lanes": "1", "name": "BRTS Bus Lane", "network": "IN:SH:AP", "ref": "SH153", "surface": "asphalt"}, "geometry": {"type": "LineString", "coordinates": [[83.2363415, 17.7710764], [83.2359381, 17.771229], [83.2358679, 17.7712736], [83.2357409, 17.7713541], [83.235692, 17.7713813], [83.2356193, 17.7714143], [83.2351934, 17.7715897], [83.2348748, 17.7717169], [83.2347259, 17.7717642], [83.2346119, 17.771791], [83.2341077, 17.7719174], [83.2338028, 17.7719889], [83.2335664, 17.7720719], [83.2332712, 17.7721786], [83.2330775, 17.7722756], [83.2328625, 17.7724288], [83.232363, 17.7727997]]}}, {"type": "Feature", "properties": {"osm_id": 1247537927, "bicycle": "yes", "bridge": "yes", "foot": "yes", "highway": "primary", "horse": "permissive", "lanes": "3", "layer": "1", "name": "BRTS Bus Lane", "network": "IN:SH:AP", "ref": "SH153", "surface": "asphalt"}, "geometry": {"type": "LineString", "coordinates": [[83.232363, 17.7727997], [83.2321229, 17.7729643]]}}, {"type": "Feature", "properties": {"osm_id": 1247537928, "highway": "primary", "name": "Simhachalam - Pinagadi Road", "oneway": "yes", "source": "maxar"}, "geometry": {"type": "LineString", "coordinates": [[83.2325366, 17.7727726], [83.2326615, 17.772688], [83.233022, 17.7724118], [83.2331575, 17.7723271], [83.2333556, 17.772229], [83.2335211, 17.7721657], [83.2336442, 17.7721368], [83.2340297, 17.7720457], [83.2341107, 17.7720266], [83.234432, 17.77197], [83.2346886, 17.7719189], [83.2350339, 17.7718019], [83.2352362, 17.7717126], [83.2356731, 17.7715147], [83.2357775, 17.7714585], [83.2358377, 17.7714215], [83.2359215, 17.7713796]]}}, {"type": "Feature", "properties": {"osm_id": 1247537929, "bridge": "yes", "highway": "primary", "layer": "1", "name": "Simhachalam - Pinagadi Road", "oneway": "yes", "source": "maxar"}, "geometry": {"type": "LineString", "coordinates": [[83.2322753, 17.7729563], [83.2325366, 17.7727726]]}}, {"type": "Feature", "properties": {"osm_id": 1247537930, "highway": "primary", "name": "Simhachalam - Pinagadi Road", "oneway": "yes", "source": "maxar"}, "geometry": {"type": "LineString", "coordinates": [[83.235692, 17.7713813], [83.2356204, 17.771344], [83.2355754, 17.7713457], [83.2355525, 17.7713466], [83.2354654, 17.7713857], [83.2354002, 17.7714132], [83.2352319, 17.7714848], [83.2350487, 17.7715522], [83.2348327, 17.7716317], [83.2346761, 17.7716827], [83.2341514, 17.7718043], [83.2338122, 17.7718828], [83.2337075, 17.7719162], [83.2331909, 17.7720809], [83.2331048, 17.7721191], [83.233051, 17.772143], [83.2329288, 17.7722251], [83.2327749, 17.772345], [83.2326517, 17.772441], [83.2322664, 17.7727562]]}}, {"type": "Feature", "properties": {"osm_id": 1247537931, "bridge": "yes", "highway": "primary", "layer": "1", "name": "Simhachalam - Pinagadi Road", "oneway": "yes", "source": "maxar"}, "geometry": {"type": "LineString", "coordinates": [[83.2322664, 17.7727562], [83.2319526, 17.7729651]]}}, {"type": "Feature", "properties": {"osm_id": 1247537941, "highway": "primary", "name": "Vishakapatnam - Srungavarapukota - Araku Road", "network": "IN:SH:AP", "oneway": "yes", "ref": "SH39"}, "geometry": {"type": "LineString", "coordinates": [[83.2172841, 17.7645891], [83.2172842, 17.7645841], [83.2172852, 17.7641201], [83.2172959, 17.7637945], [83.217295, 17.7634628], [83.2172971, 17.7633107], [83.2172984, 17.7627804], [83.2173003, 17.7620466], [83.2173006, 17.7619123], [83.2172995, 17.7616963], [83.2172982, 17.7614602], [83.2173127, 17.7612415], [83.2173559, 17.7605892], [83.2173546, 17.760441], [83.2173425, 17.7602788], [83.217317, 17.7600016], [83.2173049, 17.7598535], [83.2173009, 17.7597347], [83.2172933, 17.7587863], [83.2172875, 17.7580731], [83.2172918, 17.7578997], [83.2173076, 17.757271], [83.2173117, 17.7572104], [83.2173534, 17.7566015], [83.2173656, 17.7564232], [83.2173877, 17.7561959], [83.2174655, 17.7555345], [83.217659, 17.7538033], [83.2178489, 17.7520205], [83.2178732, 17.7518797], [83.2178898, 17.7518043]]}}, {"type": "Feature", "properties": {"osm_id": 1247537942, "bridge": "yes", "highway": "primary", "layer": "1", "name": "Vishakapatnam - Srungavarapukota - Araku Road", "network": "IN:SH:AP", "oneway": "yes", "ref": "SH39"}, "geometry": {"type": "LineString", "coordinates": [[83.2172765, 17.7648799], [83.2172841, 17.7645891]]}}, {"type": "Feature", "properties": {"osm_id": 1247537943, "highway": "primary", "name": "BRTS Bus Lane", "source": "maxar"}, "geometry": {"type": "LineString", "coordinates": [[83.2172025, 17.7645977], [83.2172187, 17.7627592], [83.2172349, 17.7609361], [83.2172302, 17.760397], [83.2172187, 17.7590814]]}}, {"type": "Feature", "properties": {"osm_id": 1247537944, "bridge": "yes", "highway": "primary", "layer": "1", "name": "BRTS Bus Lane", "source": "maxar"}, "geometry": {"type": "LineString", "coordinates": [[83.2171955, 17.7648815], [83.2172025, 17.7645977]]}}, {"type": "Feature", "properties": {"osm_id": 1247537945, "highway": "primary", "name": "Vishakapatnam - Srungavarapukota - Araku Road", "network": "IN:SH:AP", "oneway": "yes", "ref": "SH39"}, "geometry": {"type": "LineString", "coordinates": [[83.2172347, 17.756204], [83.2172137, 17.7563884], [83.2171958, 17.7566255], [83.2171641, 17.7570436], [83.2171612, 17.7571108], [83.2171441, 17.7575092], [83.2171333, 17.7577589], [83.2171317, 17.7578288], [83.2171235, 17.7581983], [83.2171199, 17.7583566], [83.217125, 17.758528], [83.2171454, 17.7592187], [83.2171467, 17.759356], [83.2171493, 17.7596778], [83.2171527, 17.76009], [83.2171547, 17.7603286], [83.2171534, 17.7606204], [83.2171521, 17.7609059], [83.2171533, 17.7611269], [83.2171561, 17.7616288], [83.2171574, 17.7618395], [83.2171507, 17.7619902], [83.2171199, 17.7622533], [83.2171011, 17.7624168], [83.2170944, 17.7626109], [83.2171038, 17.762814], [83.2171306, 17.7630733], [83.2171434, 17.7632415], [83.2171494, 17.763321], [83.2171507, 17.7636288], [83.217136, 17.7645561]]}}, {"type": "Feature", "properties": {"osm_id": 1247537946, "bridge": "yes", "highway": "primary", "layer": "1", "name": "Vishakapatnam - Srungavarapukota - Araku Road", "network": "IN:SH:AP", "oneway": "yes", "ref": "SH39"}, "geometry": {"type": "LineString", "coordinates": [[83.217136, 17.7645561], [83.2171271, 17.7648829]]}}, {"type": "Feature", "properties": {"osm_id": 1247537949, "highway": "secondary", "ref": "MDR0109"}, "geometry": {"type": "LineString", "coordinates": [[83.1983454, 17.7407715], [83.1989959, 17.7404966], [83.1991658, 17.7403811], [83.1995283, 17.7400611], [83.1996447, 17.7399144], [83.1996525, 17.7398873], [83.1996526, 17.7398589], [83.1996489, 17.7398323], [83.1996375, 17.7398044], [83.1994092, 17.7396076], [83.199381, 17.7395746], [83.1993528, 17.739536], [83.1993259, 17.7394922], [83.1993065, 17.7394484], [83.1993018, 17.739397], [83.1993101, 17.7393456], [83.1993166, 17.7393341], [83.1993256, 17.7393178], [83.1993523, 17.7392935], [83.1995809, 17.739149], [83.1999296, 17.7390098], [83.2004792, 17.738887], [83.2007126, 17.7388535], [83.2009401, 17.7388324], [83.201555, 17.7388565], [83.2023319, 17.73894], [83.2026766, 17.7390007], [83.2028786, 17.7390362], [83.2031072, 17.7390494], [83.2038914, 17.7389845], [83.2045273, 17.7389205], [83.2045328, 17.7389199], [83.2054067, 17.7388207], [83.2055022, 17.738814], [83.2058664, 17.7387885], [83.2061362, 17.7387696], [83.2064018, 17.7387071], [83.2066458, 17.7387019], [83.2070354, 17.7387243], [83.2073151, 17.7387479], [83.2075665, 17.7387741], [83.2078347, 17.7388284], [83.2080602, 17.7388953], [83.2082223, 17.7389434], [83.2086629, 17.7390896], [83.2091276, 17.7392429], [83.2096392, 17.7394032], [83.2097317, 17.7394224], [83.2097954, 17.7394313], [83.2098746, 17.7394256], [83.2099262, 17.7394096], [83.2102185, 17.7392742], [83.2106219, 17.7391151]]}}, {"type": "Feature", "properties": {"osm_id": 1247537950, "bridge": "yes", "highway": "secondary", "layer": "1", "ref": "MDR0109"}, "geometry": {"type": "LineString", "coordinates": [[83.2106219, 17.7391151], [83.2107004, 17.7390841]]}}, {"type": "Feature", "properties": {"osm_id": 1249184685, "highway": "primary", "oneway": "yes"}, "geometry": {"type": "LineString", "coordinates": [[83.3187298, 17.7241243], [83.3188072, 17.7240833], [83.318833, 17.7240272], [83.3188215, 17.7239602], [83.3187911, 17.723868]]}}, {"type": "Feature", "properties": {"osm_id": 1261938530, "bridge": "yes", "highway": "primary", "int_ref": "AH45", "lanes": "2", "layer": "2", "motorroad": "no", "name": "Anakapalli - Visakhapatnam - Anandapuram Main Road Flyover", "oneway": "yes", "ref:old": "NH5", "surface": "asphalt"}, "geometry": {"type": "LineString", "coordinates": [[83.2352378, 17.7429328], [83.2354685, 17.7430351]]}}, {"type": "Feature", "properties": {"osm_id": 1261938531, "bridge": "yes", "highway": "primary", "int_ref": "AH45", "lanes": "2", "layer": "2", "name": "Anakapalli - Visakhapatnam - Anandapuram Main Road Flyover", "oneway": "yes", "ref:old": "NH5", "source": "Bing", "surface": "asphalt"}, "geometry": {"type": "LineString", "coordinates": [[83.2357123, 17.7426176], [83.2356432, 17.7425799], [83.2353441, 17.7425058]]}}, {"type": "Feature", "properties": {"osm_id": 1261938532, "bridge": "yes", "highway": "primary", "int_ref": "AH45", "lanes": "2", "layer": "2", "name": "Anakapalli - Visakhapatnam - Anandapuram Main Road Flyover", "oneway": "yes", "ref:old": "NH5", "source": "Bing", "surface": "asphalt"}, "geometry": {"type": "LineString", "coordinates": [[83.2358176, 17.7429503], [83.2358594, 17.7428721], [83.2358629, 17.7427983]]}}, {"type": "Feature", "properties": {"osm_id": 1261938534, "highway": "primary", "name": "Flyover", "oneway": "yes"}, "geometry": {"type": "LineString", "coordinates": [[83.2372498, 17.7421405], [83.2374071, 17.7420819]]}}, {"type": "Feature", "properties": {"osm_id": 1262057195, "highway": "primary", "oneway": "yes"}, "geometry": {"type": "LineString", "coordinates": [[83.278374, 17.7321461], [83.2784629, 17.7320684], [83.2785178, 17.7320137], [83.2787024, 17.7318297]]}}, {"type": "Feature", "properties": {"osm_id": 1262057196, "highway": "primary", "oneway": "yes"}, "geometry": {"type": "LineString", "coordinates": [[83.28405, 17.7257428], [83.2842213, 17.7256491], [83.2846841, 17.7251711], [83.2852325, 17.7245714], [83.2855976, 17.7241277], [83.2859012, 17.7236898], [83.286161, 17.7232427]]}}, {"type": "Feature", "properties": {"osm_id": 1262057197, "highway": "primary", "oneway": "yes"}, "geometry": {"type": "LineString", "coordinates": [[83.2862241, 17.7231335], [83.2863129, 17.7229641], [83.2865758, 17.7223959], [83.2867381, 17.7219537], [83.2871082, 17.7209548], [83.2872192, 17.7206829], [83.2872704, 17.7205681], [83.2873302, 17.7204446]]}}, {"type": "Feature", "properties": {"osm_id": 1262057198, "bridge": "yes", "highway": "primary", "layer": "1", "oneway": "yes"}, "geometry": {"type": "LineString", "coordinates": [[83.286161, 17.7232427], [83.2862241, 17.7231335]]}}, {"type": "Feature", "properties": {"osm_id": 1262057199, "highway": "primary", "oneway": "yes"}, "geometry": {"type": "LineString", "coordinates": [[83.2860485, 17.7231951], [83.2859487, 17.7233528], [83.2857531, 17.7236792], [83.2855108, 17.7240271], [83.2852321, 17.7243799], [83.2851902, 17.7244253], [83.2849016, 17.7247376], [83.2848663, 17.7247761], [83.2845693, 17.7251003], [83.2843291, 17.7253606], [83.2842292, 17.7254689], [83.2841296, 17.7255768], [83.28405, 17.7257428]]}}, {"type": "Feature", "properties": {"osm_id": 1262057200, "bridge": "yes", "highway": "primary", "layer": "1", "oneway": "yes"}, "geometry": {"type": "LineString", "coordinates": [[83.2861014, 17.7230902], [83.2860485, 17.7231951]]}}, {"type": "Feature", "properties": {"osm_id": 1262057206, "highway": "primary", "junction": "roundabout", "oneway": "yes"}, "geometry": {"type": "LineString", "coordinates": [[83.2896639, 17.7169123], [83.289586, 17.7169541], [83.2895148, 17.7169998], [83.2894493, 17.7170802], [83.2894352, 17.7171423], [83.2894351, 17.717224], [83.2894637, 17.7173036], [83.2894674, 17.7173081], [83.2895182, 17.7173697], [83.2895513, 17.71739]]}}, {"type": "Feature", "properties": {"osm_id": 1262057207, "highway": "primary", "junction": "roundabout", "oneway": "yes"}, "geometry": {"type": "LineString", "coordinates": [[83.2895513, 17.71739], [83.2895924, 17.7174151], [83.2896322, 17.7174242], [83.2896783, 17.7174348], [83.2897661, 17.7174264]]}}, {"type": "Feature", "properties": {"osm_id": 1262252864, "bicycle": "yes", "foot": "yes", "highway": "primary", "horse": "permissive", "lanes": "3", "name": "BRTS Bus Lane", "network": "IN:SH:AP", "ref": "SH153", "surface": "asphalt"}, "geometry": {"type": "LineString", "coordinates": [[83.2321229, 17.7729643], [83.2319971, 17.7730391], [83.2319682, 17.7730563], [83.2318528, 17.7731157], [83.2316063, 17.7732424], [83.2312603, 17.773371], [83.2310345, 17.7734421], [83.2309106, 17.7734754], [83.2306779, 17.7735422], [83.2301902, 17.773672], [83.2293452, 17.7739043], [83.229313, 17.7739131], [83.2288089, 17.7740227], [83.2279792, 17.774151], [83.2276484, 17.7741788], [83.2274013, 17.7741995], [83.22721, 17.7742161], [83.226759, 17.7742553], [83.2262971, 17.774294], [83.2249819, 17.7743647], [83.224497, 17.7743457], [83.2241906, 17.7743483], [83.223744, 17.7743396], [83.2235068, 17.7743475], [83.2230774, 17.7743746], [83.2227539, 17.7744142], [83.2224387, 17.774464], [83.2218405, 17.7745893], [83.2217319, 17.7746173], [83.2213095, 17.7747168], [83.2208575, 17.7748152], [83.2204083, 17.7748726], [83.2199721, 17.7749081], [83.2193807, 17.7749732], [83.2189207, 17.7750243], [83.2183615, 17.775152], [83.2179983, 17.7752609], [83.2176306, 17.7753947], [83.2168089, 17.7757442], [83.2167326, 17.7757767], [83.2167094, 17.7757863], [83.2165261, 17.7758622], [83.2164309, 17.7759336]]}}, {"type": "Feature", "properties": {"osm_id": 1262252882, "highway": "primary", "name": "Simhachalam - Hanumanthuwaka Road", "oneway": "yes"}, "geometry": {"type": "LineString", "coordinates": [[83.2528486, 17.7805007], [83.2533657, 17.7805461], [83.2542285, 17.7806671], [83.2551189, 17.7808152], [83.2558201, 17.7810055], [83.2559003, 17.7810241]]}}, {"type": "Feature", "properties": {"osm_id": 1263600520, "bridge": "yes", "highway": "tertiary", "layer": "1", "oneway": "yes"}, "geometry": {"type": "LineString", "coordinates": [[83.331742, 17.7555606], [83.3320164, 17.75533]]}}, {"type": "Feature", "properties": {"osm_id": 1263600521, "highway": "tertiary", "lanes": "2", "oneway": "yes"}, "geometry": {"type": "LineString", "coordinates": [[83.3320132, 17.7552724], [83.3320916, 17.7552272]]}}, {"type": "Feature", "properties": {"osm_id": 1263600522, "bridge": "yes", "highway": "primary", "lanes": "2", "layer": "1", "oneway": "yes"}, "geometry": {"type": "LineString", "coordinates": [[83.3317225, 17.7555034], [83.3320132, 17.7552724]]}}, {"type": "Feature", "properties": {"osm_id": 1263600523, "busway": "primary_link", "highway": "tertiary", "oneway": "yes"}, "geometry": {"type": "LineString", "coordinates": [[83.3325501, 17.7551011], [83.332479, 17.7550844], [83.3324404, 17.7550856], [83.3322792, 17.7550908], [83.3321303, 17.7551265], [83.3319729, 17.7552147]]}}, {"type": "Feature", "properties": {"osm_id": 1263600524, "bridge": "yes", "busway": "primary_link", "highway": "tertiary", "layer": "1", "oneway": "yes"}, "geometry": {"type": "LineString", "coordinates": [[83.3319729, 17.7552147], [83.3316961, 17.7554423]]}}, {"type": "Feature", "properties": {"osm_id": 1263600529, "dual_carriageway": "yes", "highway": "primary", "lanes": "2", "maxspeed": "70", "maxspeed:type": "sign", "name": "Anakapalli - Visakhapatnam Road", "oneway": "yes", "ref:old": "NH5", "surface": "asphalt"}, "geometry": {"type": "LineString", "coordinates": [[83.3197916, 17.7351796], [83.3197009, 17.7351417], [83.319561, 17.7350847], [83.3194473, 17.7350383], [83.3192047, 17.7349842], [83.3188512, 17.7348782], [83.3181289, 17.7347443], [83.3176297, 17.7346614], [83.3166308, 17.7344955], [83.3164649, 17.7344744], [83.3160251, 17.7344184], [83.3154117, 17.7343849], [83.3153497, 17.7343815], [83.3145672, 17.7343404], [83.314327, 17.734326], [83.3142757, 17.7343243], [83.3137683, 17.7343078], [83.3134582, 17.7342977], [83.3133377, 17.7342965]]}}, {"type": "Feature", "properties": {"osm_id": 1263600530, "dual_carriageway": "yes", "highway": "primary", "lanes": "2", "maxspeed": "70", "maxspeed:type": "sign", "name": "Anakapalli - Visakhapatnam Road", "oneway": "yes", "ref:old": "NH5", "surface": "asphalt"}, "geometry": {"type": "LineString", "coordinates": [[83.3133377, 17.7342965], [83.3130741, 17.7343149], [83.3130366, 17.7343175], [83.3129339, 17.7343293], [83.3128579, 17.7343462], [83.3126165, 17.7343998], [83.3125414, 17.7344276], [83.3122481, 17.7345359], [83.3121142, 17.7346026], [83.3103725, 17.7354698], [83.3097922, 17.7357842], [83.3089795, 17.7362095], [83.3082038, 17.7365402], [83.3077977, 17.7366919], [83.3077244, 17.736718], [83.3076947, 17.736725]]}}, {"type": "Feature", "properties": {"osm_id": 1263600531, "highway": "secondary", "name": "Gurudwara Junction - Dwarakanagar Road", "oneway": "yes"}, "geometry": {"type": "LineString", "coordinates": [[83.3077425, 17.736833], [83.3076947, 17.736725]]}}, {"type": "Feature", "properties": {"osm_id": 1263600532, "highway": "secondary", "name": "RTC Complex Road", "oneway": "yes"}, "geometry": {"type": "LineString", "coordinates": [[83.3055767, 17.7240346], [83.3054642, 17.7239241], [83.305359, 17.7238182]]}}, {"type": "Feature", "properties": {"osm_id": 1263821781, "highway": "primary", "lanes": "2", "name": "Station Road", "name:ur": "اسٹیشن روڈ", "oneway": "yes", "surface": "asphalt"}, "geometry": {"type": "LineString", "coordinates": [[83.2912853, 17.7228622], [83.2921834, 17.7231731], [83.2930369, 17.7234915], [83.2931153, 17.7235208], [83.2931456, 17.7235321]]}}, {"type": "Feature", "properties": {"osm_id": 1263821782, "highway": "primary", "name": "Telugu Talli Flyover", "name:te": "తెలుగు తల్లి ఫ్లైఓవర్", "oneway": "yes"}, "geometry": {"type": "LineString", "coordinates": [[83.2963582, 17.7246964], [83.2965197, 17.7247575]]}}, {"type": "Feature", "properties": {"osm_id": 1263821783, "highway": "primary", "oneway": "yes"}, "geometry": {"type": "LineString", "coordinates": [[83.3033409, 17.7250758], [83.3034401, 17.725068]]}}, {"type": "Feature", "properties": {"osm_id": 1263821784, "highway": "secondary", "junction": "roundabout", "oneway": "yes", "source": "Bing"}, "geometry": {"type": "LineString", "coordinates": [[83.3033982, 17.7214588], [83.3034627, 17.7214339], [83.3035168, 17.7213921], [83.303553, 17.7213354], [83.3035765, 17.7212739]]}}, {"type": "Feature", "properties": {"osm_id": 1263821785, "highway": "secondary", "junction": "roundabout", "oneway": "yes", "source": "Bing"}, "geometry": {"type": "LineString", "coordinates": [[83.3032874, 17.7214591], [83.3033428, 17.7214652], [83.3033982, 17.7214588]]}}, {"type": "Feature", "properties": {"osm_id": 1263821786, "highway": "secondary", "junction": "roundabout", "name": "RTC Complex Road"}, "geometry": {"type": "LineString", "coordinates": [[83.3050692, 17.7237382], [83.3050722, 17.7237835], [83.3050895, 17.7238257], [83.3051195, 17.7238608], [83.3051594, 17.7238855], [83.3052053, 17.7238973], [83.3052515, 17.7238955], [83.305295, 17.7238807], [83.3053319, 17.7238542], [83.305359, 17.7238182]]}}, {"type": "Feature", "properties": {"osm_id": 1263821787, "highway": "secondary", "junction": "roundabout", "name": "RTC Complex Road"}, "geometry": {"type": "LineString", "coordinates": [[83.305359, 17.7238182], [83.3053728, 17.7237802], [83.3053752, 17.7237401], [83.305366, 17.7237008]]}}, {"type": "Feature", "properties": {"osm_id": 1263821788, "highway": "secondary", "oneway": "yes", "source": "Bing"}, "geometry": {"type": "LineString", "coordinates": [[83.305366, 17.7237008], [83.3055617, 17.7236051], [83.3060771, 17.7234309], [83.3064769, 17.7233266]]}}, {"type": "Feature", "properties": {"osm_id": 1263821789, "highway": "primary", "name": "Jail Road", "oneway": "yes"}, "geometry": {"type": "LineString", "coordinates": [[83.3080602, 17.7233682], [83.30814, 17.723561]]}}, {"type": "Feature", "properties": {"osm_id": 1263821794, "dual_carriageway": "yes", "highway": "primary", "lanes": "2", "maxspeed": "70", "maxspeed:type": "sign", "name": "Anakapalli - Visakhapatnam - Anandapuram Main Road", "oneway": "yes", "ref:old": "NH5", "surface": "asphalt"}, "geometry": {"type": "LineString", "coordinates": [[83.3204832, 17.7356357], [83.320789, 17.7358924], [83.3209947, 17.7360457]]}}, {"type": "Feature", "properties": {"osm_id": 1263821796, "dual_carriageway": "yes", "highway": "primary", "lanes": "2", "maxspeed": "70", "maxspeed:type": "sign", "name": "Visakhapatnam - Anandapuram Main Road", "oneway": "yes", "ref:old": "NH5", "surface": "asphalt"}, "geometry": {"type": "LineString", "coordinates": [[83.3234963, 17.7383951], [83.3235589, 17.7384527], [83.3236224, 17.7385032], [83.3237023, 17.7385667], [83.3240459, 17.7387745], [83.3240942, 17.7388038], [83.3242658, 17.7389069], [83.3247866, 17.7392199], [83.3252047, 17.7394356], [83.3252883, 17.7394787], [83.3253577, 17.7395169], [83.3257857, 17.7397528], [83.3262806, 17.7400255], [83.3264381, 17.7401123], [83.326674, 17.7402393], [83.3268279, 17.7403221], [83.3269987, 17.7404493], [83.3270887, 17.7405163], [83.3271657, 17.7405935], [83.3272034, 17.7406304], [83.3272496, 17.7406776], [83.3273079, 17.7407658], [83.3274349, 17.7409733], [83.3274753, 17.7411315]]}}, {"type": "Feature", "properties": {"osm_id": 1263821798, "highway": "secondary"}, "geometry": {"type": "LineString", "coordinates": [[83.3277874, 17.7428615], [83.3278602, 17.7428858], [83.3279071, 17.7428811]]}}, {"type": "Feature", "properties": {"osm_id": 1263821799, "dual_carriageway": "yes", "highway": "primary", "lanes": "2", "maxspeed": "70", "maxspeed:type": "sign", "name": "Anakapalli - Visakhapatnam - Anandapuram Main Road", "oneway": "yes", "ref:old": "NH5", "surface": "asphalt"}, "geometry": {"type": "LineString", "coordinates": [[83.3274753, 17.7411315], [83.327518, 17.7412317], [83.3275976, 17.7414014], [83.3276183, 17.7414732], [83.3276722, 17.7416603], [83.3277117, 17.7418823], [83.3277393, 17.7419967], [83.3277779, 17.7421638], [83.3277877, 17.7422325], [83.3278297, 17.7424306], [83.3278388, 17.7424976], [83.3278828, 17.7427186], [83.327891, 17.7427647], [83.3278981, 17.7428027], [83.327901, 17.7428325], [83.3279071, 17.7428811], [83.3279121, 17.7429212], [83.3279167, 17.742961], [83.327925, 17.7430243], [83.327948, 17.7431619], [83.3279914, 17.7434209]]}}, {"type": "Feature", "properties": {"osm_id": 1264074552, "highway": "tertiary"}, "geometry": {"type": "LineString", "coordinates": [[83.2782939, 17.7320713], [83.278374, 17.7321461]]}}, {"type": "Feature", "properties": {"osm_id": 1264074553, "highway": "primary", "oneway": "yes"}, "geometry": {"type": "LineString", "coordinates": [[83.2781784, 17.7322325], [83.2782864, 17.7322202], [83.278374, 17.7321461]]}}, {"type": "Feature", "properties": {"osm_id": 1264074554, "highway": "secondary", "lanes": "2", "maxspeed": "40", "name": "Thatichetlapalem Road", "oneway": "yes", "surface": "asphalt"}, "geometry": {"type": "LineString", "coordinates": [[83.2873591, 17.7352269], [83.2873869, 17.7351626], [83.2874313, 17.7350636], [83.2874762, 17.7349811], [83.2876888, 17.7344943], [83.2878118, 17.7342159], [83.2879074, 17.7339815], [83.2879413, 17.7338966]]}}, {"type": "Feature", "properties": {"osm_id": 1264074555, "highway": "tertiary", "name": "80 Feet Road", "oneway": "yes", "source": "Bing"}, "geometry": {"type": "LineString", "coordinates": [[83.2879679, 17.7338333], [83.2878862, 17.7337981]]}}, {"type": "Feature", "properties": {"osm_id": 1264074557, "highway": "secondary", "lanes": "2", "maxspeed": "40", "name": "Thatichetlapalem Road", "oneway": "yes", "surface": "asphalt"}, "geometry": {"type": "LineString", "coordinates": [[83.2879413, 17.7338966], [83.2879679, 17.7338333]]}}, {"type": "Feature", "properties": {"osm_id": 1264074558, "highway": "secondary", "junction": "roundabout", "oneway": "yes", "source": "Bing"}, "geometry": {"type": "LineString", "coordinates": [[83.2913938, 17.7277526], [83.2914201, 17.7277361], [83.2914398, 17.7277126], [83.2914509, 17.7276845], [83.2914524, 17.7276545], [83.2914471, 17.7276328]]}}, {"type": "Feature", "properties": {"osm_id": 1264074559, "highway": "secondary", "junction": "roundabout", "oneway": "yes", "source": "Bing"}, "geometry": {"type": "LineString", "coordinates": [[83.2914471, 17.7276328], [83.2914341, 17.7276092], [83.2914148, 17.72759], [83.2913906, 17.7275766]]}}, {"type": "Feature", "properties": {"osm_id": 1264074560, "highway": "secondary", "maxspeed": "50", "name": "Thatichetlapalem Road", "oneway": "yes", "surface": "asphalt"}, "geometry": {"type": "LineString", "coordinates": [[83.2932478, 17.7235725], [83.2932419, 17.7234549]]}}, {"type": "Feature", "properties": {"osm_id": 1264074561, "highway": "primary", "name": "Station Road", "name:ur": "اسٹیشن روڈ", "oneway": "yes"}, "geometry": {"type": "LineString", "coordinates": [[83.2931456, 17.7235321], [83.2932478, 17.7235725]]}}, {"type": "Feature", "properties": {"osm_id": 1264578951, "highway": "tertiary", "oneway": "yes"}, "geometry": {"type": "LineString", "coordinates": [[83.2880644, 17.7663932], [83.2880693, 17.7664664], [83.2880723, 17.7665117], [83.2881792, 17.7666394], [83.2883344, 17.7668259], [83.2886871, 17.76723], [83.2887702, 17.7673251], [83.2888612, 17.7674293]]}}, {"type": "Feature", "properties": {"osm_id": 1264578952, "bridge": "yes", "highway": "tertiary", "layer": "1", "oneway": "yes"}, "geometry": {"type": "LineString", "coordinates": [[83.2888612, 17.7674293], [83.2889158, 17.7674917]]}}, {"type": "Feature", "properties": {"osm_id": 1264578953, "highway": "tertiary", "oneway": "yes", "source": "maxar"}, "geometry": {"type": "LineString", "coordinates": [[83.2889245, 17.767368], [83.2888849, 17.7673226], [83.2884925, 17.7668581], [83.2881834, 17.766445], [83.288138, 17.7664252], [83.2880644, 17.7663932]]}}, {"type": "Feature", "properties": {"osm_id": 1264578954, "bridge": "yes", "highway": "tertiary", "layer": "1", "oneway": "yes", "source": "maxar"}, "geometry": {"type": "LineString", "coordinates": [[83.288979, 17.7674305], [83.2889245, 17.767368]]}}, {"type": "Feature", "properties": {"osm_id": 1264578956, "dual_carriageway": "yes", "highway": "primary", "lanes": "2", "maxspeed": "70", "maxspeed:type": "sign", "name": "Anakapalli - Visakhapatnam - Anandapuram Main Road", "oneway": "yes", "ref:old": "NH5", "surface": "asphalt"}, "geometry": {"type": "LineString", "coordinates": [[83.332656, 17.7550692], [83.3326378, 17.7549851], [83.3326137, 17.7548738], [83.3325618, 17.7545773]]}}, {"type": "Feature", "properties": {"osm_id": 1264578957, "dual_carriageway": "yes", "highway": "primary", "lanes": "2", "maxspeed": "70", "maxspeed:type": "sign", "name": "Anakapalli - Visakhapatnam - Anandapuram Main Road", "oneway": "yes", "ref:old": "NH5", "surface": "asphalt"}, "geometry": {"type": "LineString", "coordinates": [[83.3196915, 17.7352318], [83.3197775, 17.7352656], [83.3198256, 17.7352824], [83.3203779, 17.7355495], [83.3204832, 17.7356357]]}}, {"type": "Feature", "properties": {"osm_id": 1265254871, "highway": "primary", "lanes": "2", "oneway": "yes", "ref": "SH144", "surface": "asphalt"}, "geometry": {"type": "LineString", "coordinates": [[83.3566294, 17.7610627], [83.3567047, 17.7610298], [83.3568603, 17.7609608], [83.3571112, 17.7608537], [83.3572894, 17.7608471], [83.3574433, 17.7608895], [83.357555, 17.7609634], [83.3576364, 17.7610601], [83.3578394, 17.7613248], [83.3582282, 17.7618676], [83.3586359, 17.7624079], [83.3586619, 17.7624425], [83.3590476, 17.762957], [83.3592555, 17.763238], [83.3593722, 17.7633606], [83.3595, 17.763473], [83.3596032, 17.7635619], [83.3598954, 17.7637363], [83.3610265, 17.7642803], [83.3611176, 17.7643241], [83.3611531, 17.7643412], [83.3615158, 17.7645126]]}}, {"type": "Feature", "properties": {"osm_id": 1265254872, "bridge": "yes", "highway": "primary", "lanes": "2", "layer": "1", "oneway": "yes", "ref": "SH144", "surface": "asphalt"}, "geometry": {"type": "LineString", "coordinates": [[83.3615158, 17.7645126], [83.3617985, 17.7646515]]}}, {"type": "Feature", "properties": {"osm_id": 1265254873, "highway": "primary", "lanes": "2", "name": "Beach Road", "oneway": "yes", "ref": "SH144", "surface": "asphalt"}, "geometry": {"type": "LineString", "coordinates": [[83.3615581, 17.7644388], [83.361305, 17.7643074], [83.3612045, 17.7642577], [83.3611643, 17.7642383], [83.3610338, 17.7641755], [83.3605202, 17.763929], [83.3599314, 17.7636442], [83.3597074, 17.7635152], [83.3595626, 17.7634181], [83.3594379, 17.7632878], [83.359344, 17.7631754], [83.3592287, 17.7630388], [83.3590221, 17.7627604], [83.3589114, 17.7626315], [83.3587544, 17.7624128], [83.3585232, 17.7621052], [83.3582979, 17.7617961], [83.3580096, 17.7614065], [83.3578688, 17.761206], [83.3576931, 17.76098], [83.3576193, 17.7608982], [83.3575684, 17.760851], [83.357504, 17.760805], [83.3573927, 17.7607616], [83.3572827, 17.7607411], [83.3572076, 17.7607386], [83.3570386, 17.7607692], [83.3568831, 17.7608254], [83.3567704, 17.7608752], [83.3566685, 17.7609365], [83.3565516, 17.7610052], [83.3563748, 17.7611051], [83.3562997, 17.7611511], [83.356124, 17.7612329], [83.3559993, 17.7612878], [83.3559691, 17.7612947], [83.3559041, 17.7613095], [83.3558223, 17.7613005], [83.3557123, 17.7612622], [83.3556104, 17.7611664], [83.3554937, 17.7610298], [83.3552617, 17.7607309], [83.3551162, 17.7605642], [83.3551101, 17.7605572], [83.3550181, 17.7604706], [83.3549894, 17.7604436], [83.3547816, 17.760289], [83.3546367, 17.7602137], [83.3544584, 17.7601664], [83.354335, 17.7601345], [83.3542559, 17.7601294], [83.3540399, 17.7601332], [83.353875, 17.7601613], [83.3535571, 17.7602188], [83.3534297, 17.7602507], [83.3532795, 17.7602507], [83.353081, 17.7602469], [83.352892, 17.7601894], [83.3527498, 17.7600885], [83.3526009, 17.7599391], [83.3525262, 17.7598286], [83.3524465, 17.7597116], [83.3522737, 17.7595023], [83.3520685, 17.7591881], [83.3520631, 17.7591178], [83.3520698, 17.7590691], [83.3521191, 17.7590084], [83.3522358, 17.7589518], [83.3525035, 17.7588361]]}}, {"type": "Feature", "properties": {"osm_id": 1265254874, "bridge": "yes", "highway": "primary", "lanes": "2", "layer": "1", "name": "Beach Road", "oneway": "yes", "ref": "SH144", "surface": "asphalt"}, "geometry": {"type": "LineString", "coordinates": [[83.3618437, 17.764572], [83.3615581, 17.7644388]]}}, {"type": "Feature", "properties": {"osm_id": 1265584430, "highway": "primary", "name": "Station Road", "name:ur": "اسٹیشن روڈ", "oneway": "yes"}, "geometry": {"type": "LineString", "coordinates": [[83.3101883, 17.724298], [83.3100576, 17.7242714], [83.3098291, 17.7243083], [83.3094643, 17.7243581], [83.3091344, 17.7243926], [83.3087402, 17.7244258], [83.3086464, 17.7244337], [83.3084827, 17.7244418], [83.30831, 17.7244555], [83.3080469, 17.7244758], [83.3076344, 17.7245075]]}}, {"type": "Feature", "properties": {"osm_id": 1265584431, "highway": "primary", "name": "Station Road", "name:ur": "اسٹیشن روڈ", "oneway": "yes"}, "geometry": {"type": "LineString", "coordinates": [[83.3076344, 17.7245075], [83.3075642, 17.7245127], [83.3065897, 17.7245849]]}}, {"type": "Feature", "properties": {"osm_id": 1265584432, "highway": "secondary", "name": "RTC Complex Road", "oneway": "yes"}, "geometry": {"type": "LineString", "coordinates": [[83.3061784, 17.7246154], [83.3061484, 17.7245508], [83.306145, 17.7245434], [83.3060903, 17.7244699], [83.3060163, 17.7243807]]}}, {"type": "Feature", "properties": {"osm_id": 1265584433, "highway": "secondary", "junction": "roundabout", "name": "RTC Complex Road"}, "geometry": {"type": "LineString", "coordinates": [[83.3051155, 17.7236466], [83.3050926, 17.7236734], [83.3050769, 17.7237045], [83.3050692, 17.7237382]]}}, {"type": "Feature", "properties": {"osm_id": 1265584434, "highway": "primary", "junction": "circular", "oneway": "yes", "surface": "asphalt"}, "geometry": {"type": "LineString", "coordinates": [[83.2923539, 17.7189534], [83.2923925, 17.7189229], [83.2924158, 17.7188828], [83.2924225, 17.7188374], [83.2924118, 17.7187927]]}}, {"type": "Feature", "properties": {"osm_id": 1265584435, "highway": "secondary", "oneway": "yes"}, "geometry": {"type": "LineString", "coordinates": [[83.2932419, 17.7234549], [83.2931456, 17.7235321]]}}, {"type": "Feature", "properties": {"osm_id": 1265584436, "highway": "secondary", "junction": "roundabout", "oneway": "yes", "source": "Bing"}, "geometry": {"type": "LineString", "coordinates": [[83.2913906, 17.7275766], [83.2913636, 17.7275699], [83.2913356, 17.7275707], [83.291309, 17.7275787]]}}, {"type": "Feature", "properties": {"osm_id": 1265584437, "highway": "secondary", "junction": "roundabout", "oneway": "yes", "source": "Bing"}, "geometry": {"type": "LineString", "coordinates": [[83.291309, 17.7275787], [83.2912821, 17.7275966], [83.2912626, 17.7276218]]}}, {"type": "Feature", "properties": {"osm_id": 1265584441, "highway": "secondary", "lanes": "2", "maxspeed": "40", "name": "Thatichetlapalem Road", "oneway": "yes", "surface": "asphalt"}, "geometry": {"type": "LineString", "coordinates": [[83.2878862, 17.7337981], [83.2878602, 17.7338521], [83.2877549, 17.7341408], [83.287733, 17.7342107], [83.2876175, 17.7344707], [83.2875817, 17.7345631], [83.2874719, 17.7348027], [83.287442, 17.7348648], [83.287407, 17.7349444], [83.2873628, 17.7350335], [83.2873176, 17.7351343], [83.2872901, 17.7351962]]}}, {"type": "Feature", "properties": {"osm_id": 1265584442, "highway": "primary", "name": "Kancharapalem Flyover", "oneway": "yes"}, "geometry": {"type": "LineString", "coordinates": [[83.2786958, 17.7317032], [83.2785345, 17.7318389], [83.2784249, 17.7319374]]}}, {"type": "Feature", "properties": {"osm_id": 1265584443, "highway": "primary", "oneway": "yes"}, "geometry": {"type": "LineString", "coordinates": [[83.2784249, 17.7319374], [83.2783914, 17.7319742], [83.2782939, 17.7320713], [83.2782225, 17.7321336], [83.2781784, 17.7322325]]}}, {"type": "Feature", "properties": {"osm_id": 1265584444, "highway": "primary", "name": "Flyover", "oneway": "yes"}, "geometry": {"type": "LineString", "coordinates": [[83.2373756, 17.7420172], [83.2372213, 17.7420595]]}}, {"type": "Feature", "properties": {"osm_id": 1265584445, "bridge": "yes", "highway": "primary", "int_ref": "AH45", "lanes": "2", "layer": "2", "name": "Anakapalli - Visakhapatnam Road Flyover", "oneway": "yes", "ref:old": "NH5", "source": "Bing", "surface": "asphalt"}, "geometry": {"type": "LineString", "coordinates": [[83.2358629, 17.7427983], [83.2357666, 17.7426597], [83.2357123, 17.7426176]]}}, {"type": "Feature", "properties": {"osm_id": 1265584446, "bridge": "yes", "highway": "primary", "int_ref": "AH45", "lanes": "2", "layer": "2", "name": "Anakapalli - Visakhapatnam - Anandapuram Main Road Flyover", "oneway": "yes", "ref": "NH16", "ref:old": "NH5", "surface": "asphalt"}, "geometry": {"type": "LineString", "coordinates": [[83.2351383, 17.7428009], [83.2351792, 17.7428877], [83.2352151, 17.7429178], [83.2352378, 17.7429328]]}}, {"type": "Feature", "properties": {"osm_id": 1265584447, "bridge": "yes", "highway": "primary", "int_ref": "AH45", "lanes": "2", "layer": "2", "name": "Anakapalli - Visakhapatnam - Anandapuram Main Road Flyover", "oneway": "yes", "ref": "NH16", "ref:old": "NH5", "surface": "asphalt"}, "geometry": {"type": "LineString", "coordinates": [[83.2351128, 17.7426706], [83.2351162, 17.7427377], [83.2351383, 17.7428009]]}}, {"type": "Feature", "properties": {"osm_id": 1268570096, "highway": "tertiary", "oneway": "yes"}, "geometry": {"type": "LineString", "coordinates": [[83.3197972, 17.7345463], [83.3198193, 17.7345242], [83.3198324, 17.7345111], [83.3198643, 17.7344757], [83.3199613, 17.7343537], [83.320037, 17.7341936]]}}, {"type": "Feature", "properties": {"osm_id": 1268570097, "highway": "tertiary", "oneway": "yes"}, "geometry": {"type": "LineString", "coordinates": [[83.320037, 17.7341936], [83.3199531, 17.7342682], [83.3197784, 17.7344648], [83.3197674, 17.7344756], [83.3197438, 17.734499]]}}, {"type": "Feature", "properties": {"osm_id": 1270407450, "highway": "tertiary"}, "geometry": {"type": "LineString", "coordinates": [[83.3035792, 17.7212441], [83.3036642, 17.7212293], [83.3038693, 17.7211937], [83.3061731, 17.7202199], [83.3062824, 17.720202], [83.3063879, 17.7202433], [83.3064614, 17.7203025], [83.3067365, 17.7206704], [83.3070077, 17.7210616], [83.3073243, 17.7216197], [83.3074769, 17.7218889], [83.3075802, 17.7219967]]}}, {"type": "Feature", "properties": {"osm_id": 1270688767, "highway": "primary", "lanes": "2", "layer": "-1", "name": "Underpass", "oneway": "yes", "psv": "yes", "tunnel": "yes"}, "geometry": {"type": "LineString", "coordinates": [[83.3086102, 17.7246211], [83.3087308, 17.7247664]]}}, {"type": "Feature", "properties": {"osm_id": 1272678516, "highway": "tertiary", "oneway": "yes"}, "geometry": {"type": "LineString", "coordinates": [[83.3345776, 17.7276849], [83.3344676, 17.7276716], [83.333668, 17.7279171], [83.3334359, 17.727995], [83.3333208, 17.7280398], [83.3330371, 17.7281405], [83.3327919, 17.7282725], [83.3321078, 17.7286533], [83.3312768, 17.7290555], [83.3308509, 17.7292338], [83.3303534, 17.7294031], [83.330183, 17.729468], [83.3296162, 17.7296584], [83.3292749, 17.7297794], [83.3292141, 17.7298822], [83.3291768, 17.7299438]]}}, {"type": "Feature", "properties": {"osm_id": 1272678518, "highway": "tertiary"}, "geometry": {"type": "LineString", "coordinates": [[83.329643, 17.7297137], [83.3296162, 17.7296584]]}}, {"type": "Feature", "properties": {"osm_id": 1272678536, "dual_carriageway": "yes", "highway": "primary", "lanes": "2", "maxspeed": "70", "maxspeed:type": "sign", "name": "Anakapalli - Visakhapatnam - Anandapuram Main Road", "oneway": "yes", "ref:old": "NH5", "surface": "asphalt"}, "geometry": {"type": "LineString", "coordinates": [[83.3204057, 17.7354474], [83.3201988, 17.7353473], [83.3200862, 17.7353006], [83.3199352, 17.7352348], [83.3198598, 17.7352019], [83.3197916, 17.7351796]]}}, {"type": "Feature", "properties": {"osm_id": 1272678537, "highway": "primary", "lanes": "1", "oneway": "yes"}, "geometry": {"type": "LineString", "coordinates": [[83.3197775, 17.7352656], [83.3197916, 17.7351796]]}}, {"type": "Feature", "properties": {"osm_id": 1274050032, "highway": "tertiary", "name": "BRTS Bus Lane", "source": "maxar"}, "geometry": {"type": "LineString", "coordinates": [[83.2559003, 17.7810241], [83.2563448, 17.7810967]]}}, {"type": "Feature", "properties": {"osm_id": 1274050033, "cycleway:both": "no", "highway": "primary", "name": "Simhachalam - Hanumanthuwaka Road", "oneway": "yes"}, "geometry": {"type": "LineString", "coordinates": [[83.2559137, 17.7809316], [83.2558778, 17.7809259], [83.2556235, 17.7808615], [83.2554887, 17.7808219], [83.255171, 17.7807369], [83.254247, 17.7805645], [83.2540765, 17.7805406], [83.2533773, 17.7804426], [83.2528757, 17.7804043], [83.252816, 17.7803717], [83.2527289, 17.7802887]]}}, {"type": "Feature", "properties": {"osm_id": 1276716473, "highway": "tertiary", "source": "maxar"}, "geometry": {"type": "LineString", "coordinates": [[83.2719165, 17.7771975], [83.2718943, 17.7771657], [83.2718652, 17.7771241], [83.2718088, 17.7770511], [83.27175, 17.776975], [83.2716919, 17.7768998], [83.2716434, 17.7768371]]}}, {"type": "Feature", "properties": {"osm_id": 1276716479, "highway": "tertiary"}, "geometry": {"type": "LineString", "coordinates": [[83.2880644, 17.7663932], [83.288025, 17.766332], [83.2879567, 17.7662296], [83.2879076, 17.7661536], [83.2878678, 17.7660911]]}}, {"type": "Feature", "properties": {"osm_id": 1276716517, "highway": "tertiary", "oneway": "yes"}, "geometry": {"type": "LineString", "coordinates": [[83.2368835, 17.7444474], [83.2367779, 17.7443434], [83.2365139, 17.7440025], [83.2361748, 17.7435796], [83.2357894, 17.7430905], [83.2357695, 17.7430484], [83.2357375, 17.7429642], [83.2357221, 17.7429231]]}}, {"type": "Feature", "properties": {"osm_id": 1296354858, "highway": "tertiary", "oneway": "yes"}, "geometry": {"type": "LineString", "coordinates": [[83.379598, 17.7776138], [83.3795986, 17.7776862], [83.379614, 17.7780934], [83.3796567, 17.7785915], [83.379808, 17.7791253], [83.3800108, 17.7795506], [83.3802447, 17.7800486], [83.3803924, 17.78027], [83.3809102, 17.7807308], [83.3814778, 17.7812411], [83.3815557, 17.7812598], [83.3816563, 17.7812754]]}}, {"type": "Feature", "properties": {"osm_id": 1296354859, "highway": "tertiary", "oneway": "yes"}, "geometry": {"type": "LineString", "coordinates": [[83.3816563, 17.7812754], [83.3815144, 17.7811904], [83.3814041, 17.781088], [83.3812714, 17.7809648], [83.3809137, 17.7806401], [83.3804538, 17.7802333], [83.3803187, 17.7800354], [83.3800553, 17.779476], [83.3798872, 17.7791083], [83.3797487, 17.7786336], [83.3797055, 17.7783514], [83.3796953, 17.7779837], [83.3796794, 17.7776258]]}}, {"type": "Feature", "properties": {"osm_id": 1296354860, "highway": "tertiary"}, "geometry": {"type": "LineString", "coordinates": [[83.3816563, 17.7812754], [83.3817396, 17.7812946], [83.381892, 17.7812954], [83.382545, 17.7810684], [83.3833155, 17.7807956], [83.3833346, 17.7807876], [83.3836892, 17.7806397]]}}, {"type": "Feature", "properties": {"osm_id": 1296355726, "highway": "tertiary", "oneway": "yes"}, "geometry": {"type": "LineString", "coordinates": [[83.3793669, 17.777765], [83.3794133, 17.7776533], [83.379451, 17.777603], [83.3794669, 17.7775819], [83.3795205, 17.7775293], [83.3795879, 17.7774725]]}}, {"type": "Feature", "properties": {"osm_id": 1296355727, "highway": "tertiary", "oneway": "yes"}, "geometry": {"type": "LineString", "coordinates": [[83.3795879, 17.7774725], [83.3795159, 17.7774199], [83.3794378, 17.7773616], [83.3793799, 17.777334], [83.3793489, 17.7773193], [83.3793077, 17.7773089]]}}, {"type": "Feature", "properties": {"osm_id": 1296355728, "highway": "tertiary", "oneway": "yes"}, "geometry": {"type": "LineString", "coordinates": [[83.379451, 17.777603], [83.3795343, 17.7775921], [83.3795818, 17.7775979], [83.379598, 17.7776138]]}}, {"type": "Feature", "properties": {"osm_id": 1296355729, "highway": "tertiary", "oneway": "yes"}, "geometry": {"type": "LineString", "coordinates": [[83.3796794, 17.7776258], [83.3796461, 17.7775366], [83.3795879, 17.7774725]]}}, {"type": "Feature", "properties": {"osm_id": 1296606327, "highway": "tertiary"}, "geometry": {"type": "LineString", "coordinates": [[83.2039296, 17.7164614], [83.2038995, 17.7167112], [83.2038637, 17.7170039], [83.203855, 17.7170735], [83.2038414, 17.7171815]]}}, {"type": "Feature", "properties": {"osm_id": 1296606328, "frontage_road": "yes", "highway": "tertiary", "lanes": "2", "oneway": "yes", "source": "maxar", "surface": "asphalt"}, "geometry": {"type": "LineString", "coordinates": [[83.2038258, 17.7189392], [83.2038961, 17.7188916], [83.2039112, 17.7188706], [83.2039214, 17.7188301], [83.2039355, 17.718734], [83.2040155, 17.7181887], [83.204097, 17.717612], [83.2041902, 17.7169007], [83.2042241, 17.7166598], [83.2042504, 17.7164731]]}}, {"type": "Feature", "properties": {"osm_id": 1306486819, "highway": "tertiary", "oneway": "yes"}, "geometry": {"type": "LineString", "coordinates": [[83.2357389, 17.7433343], [83.2358263, 17.743444], [83.2361354, 17.7438393], [83.2362534, 17.7439517], [83.2363379, 17.7440399], [83.2364147, 17.7440699]]}}, {"type": "Feature", "properties": {"osm_id": 1315878027, "highway": "tertiary", "oneway": "yes"}, "geometry": {"type": "LineString", "coordinates": [[83.3339019, 17.7609889], [83.3335871, 17.7611966]]}}, {"type": "Feature", "properties": {"osm_id": 1315878029, "highway": "tertiary", "name": "Chinna Waltair Main Road", "oneway": "yes"}, "geometry": {"type": "LineString", "coordinates": [[83.3333837, 17.7224501], [83.3332554, 17.7225458], [83.3331151, 17.7227119], [83.3328969, 17.7229137], [83.3327112, 17.7230603], [83.332574, 17.7231174], [83.3325097, 17.7231442], [83.3321468, 17.7232169], [83.3318202, 17.72326], [83.3315396, 17.7232368], [83.3312808, 17.7231701], [83.3308195, 17.722938], [83.3304473, 17.7227866], [83.3302639, 17.722728]]}}, {"type": "Feature", "properties": {"osm_id": 1315878030, "highway": "tertiary", "name": "Chinna Waltair Main Road", "oneway": "yes"}, "geometry": {"type": "LineString", "coordinates": [[83.3336333, 17.722311], [83.3335032, 17.7223701], [83.3333837, 17.7224501]]}}, {"type": "Feature", "properties": {"osm_id": 1315878031, "highway": "tertiary", "name": "Chinna Waltair Main Road", "oneway": "yes"}, "geometry": {"type": "LineString", "coordinates": [[83.3349591, 17.7220957], [83.3347509, 17.7221464], [83.3345156, 17.7221755], [83.3341104, 17.7222348], [83.3336333, 17.722311]]}}, {"type": "Feature", "properties": {"osm_id": 1315878034, "highway": "tertiary", "name": "Chinna Waltair Main Road", "oneway": "yes"}, "geometry": {"type": "LineString", "coordinates": [[83.3325403, 17.7232249], [83.332609, 17.7231999], [83.3326896, 17.7231706], [83.3328222, 17.7230851], [83.3329618, 17.7229685], [83.3331107, 17.7228162], [83.3331961, 17.7227196], [83.3332824, 17.722627], [83.3333222, 17.7225879], [83.3333919, 17.7225342], [83.3334306, 17.7225091], [83.3335154, 17.72246], [83.3336553, 17.7223926]]}}, {"type": "Feature", "properties": {"osm_id": 1315878035, "highway": "tertiary", "name": "Chinna Waltair Main Road", "oneway": "yes"}, "geometry": {"type": "LineString", "coordinates": [[83.3321981, 17.7232941], [83.3324106, 17.7232568], [83.3325403, 17.7232249]]}}, {"type": "Feature", "properties": {"osm_id": 1315878036, "highway": "tertiary", "name": "Chinna Waltair Main Road", "oneway": "yes"}, "geometry": {"type": "LineString", "coordinates": [[83.3317636, 17.7233398], [83.3319638, 17.7233261], [83.3320907, 17.7233094], [83.3321981, 17.7232941]]}}, {"type": "Feature", "properties": {"osm_id": 1315878037, "highway": "tertiary", "name": "Chinna Waltair Main Road", "oneway": "yes"}, "geometry": {"type": "LineString", "coordinates": [[83.3217434, 17.7208521], [83.3219673, 17.7208548], [83.3226164, 17.7208597], [83.3229072, 17.7208767], [83.3232864, 17.720899], [83.3233339, 17.7209018], [83.3240366, 17.7210506], [83.3241685, 17.7210781], [83.3244637, 17.7211518], [83.3247761, 17.7212352], [83.3251317, 17.7213116], [83.3255364, 17.7213815], [83.3258438, 17.7214345], [83.3263964, 17.7215714], [83.3264893, 17.7216023], [83.3268747, 17.7217306], [83.3273961, 17.7219877], [83.3275351, 17.7220531], [83.3280889, 17.7222216]]}}, {"type": "Feature", "properties": {"osm_id": 1315878038, "highway": "tertiary", "name": "Chinna Waltair Main Road", "oneway": "yes"}, "geometry": {"type": "LineString", "coordinates": [[83.3284032, 17.7222455], [83.3275455, 17.7219746], [83.3272827, 17.7218493], [83.3269594, 17.7216963], [83.3265236, 17.7215279], [83.3261739, 17.7214297], [83.3258351, 17.7213585], [83.3255362, 17.7213043], [83.3255323, 17.7213035], [83.3250803, 17.7212211], [83.3245801, 17.7211055], [83.3240289, 17.7209688], [83.3234184, 17.7208396], [83.3228786, 17.7208087], [83.3223193, 17.7207877], [83.3217149, 17.7207642], [83.3215332, 17.7207807]]}}, {"type": "Feature", "properties": {"osm_id": 1315878039, "highway": "tertiary", "name": "Chinna Waltair Road"}, "geometry": {"type": "LineString", "coordinates": [[83.3325403, 17.7232249], [83.33253, 17.7231978], [83.3325097, 17.7231442]]}}, {"type": "Feature", "properties": {"osm_id": 1316102142, "highway": "secondary", "lanes": "2", "oneway": "yes", "surface": "asphalt"}, "geometry": {"type": "LineString", "coordinates": [[83.2999614, 17.7402354], [83.2999541, 17.7405764], [83.2999505, 17.7406884]]}}, {"type": "Feature", "properties": {"osm_id": 1316102143, "highway": "secondary", "lanes": "2", "name": "Akkayyapalem Road", "oneway": "yes", "surface": "asphalt"}, "geometry": {"type": "LineString", "coordinates": [[83.3000267, 17.740695], [83.3000368, 17.7405811], [83.3000403, 17.7402436]]}}, {"type": "Feature", "properties": {"osm_id": 1318338406, "highway": "primary", "name": "BRTS Bus Lane"}, "geometry": {"type": "LineString", "coordinates": [[83.2839333, 17.7258585], [83.2838349, 17.725956]]}}, {"type": "Feature", "properties": {"osm_id": 1318339700, "highway": "primary", "name": "Telugu Talli Flyover", "name:te": "తెలుగు తల్లి ఫ్లైఓవర్", "oneway": "yes"}, "geometry": {"type": "LineString", "coordinates": [[83.3100702, 17.7244074], [83.3102526, 17.7243767]]}}, {"type": "Feature", "properties": {"osm_id": 1318339701, "highway": "primary", "name": "Telugu Talli Flyover", "name:te": "తెలుగు తల్లి ఫ్లైఓవర్", "oneway": "yes"}, "geometry": {"type": "LineString", "coordinates": [[83.3101883, 17.724298], [83.3100618, 17.7243217]]}}, {"type": "Feature", "properties": {"osm_id": 1318339702, "highway": "primary", "name": "Telugu Talli Flyover", "name:te": "తెలుగు తల్లి ఫ్లైఓవర్", "oneway": "yes", "surface": "asphalt"}, "geometry": {"type": "LineString", "coordinates": [[83.2965746, 17.7246718], [83.2964167, 17.7246097]]}}, {"type": "Feature", "properties": {"osm_id": 1318342926, "highway": "primary", "name": "Port Main Road", "oneway": "yes"}, "geometry": {"type": "LineString", "coordinates": [[83.2664272, 17.7147855], [83.2662408, 17.7146916], [83.2660186, 17.7145591], [83.2658599, 17.7144719], [83.265339, 17.7141859], [83.2652093, 17.7141169]]}}, {"type": "Feature", "properties": {"osm_id": 1318345115, "dual_carriageway": "yes", "highway": "primary", "lanes": "2", "name": "Anakapalli - Visakhapatnam - Anandapuram Main Road", "oneway": "yes", "ref:old": "NH5", "surface": "asphalt"}, "geometry": {"type": "LineString", "coordinates": [[83.2340831, 17.7407692], [83.2341184, 17.7409336]]}}, {"type": "Feature", "properties": {"osm_id": 1318345116, "dual_carriageway": "yes", "highway": "primary", "lanes": "2", "name": "Anakapalli - Visakhapatnam - Anandapuram Main Road Flyover", "oneway": "yes", "ref:old": "NH5", "source": "Bing", "surface": "asphalt"}, "geometry": {"type": "LineString", "coordinates": [[83.2344585, 17.7412427], [83.2343952, 17.741141]]}}, {"type": "Feature", "properties": {"osm_id": 1318347034, "highway": "primary", "name": "BRTS Bus lane", "oneway": "yes", "source": "maxar"}, "geometry": {"type": "LineString", "coordinates": [[83.2374766, 17.7420258], [83.2373756, 17.7420172]]}}, {"type": "Feature", "properties": {"osm_id": 1318348283, "dual_carriageway": "yes", "highway": "primary", "lanes": "2", "maxspeed": "70", "maxspeed:type": "sign", "name": "Anakapalli - Visakhapatnam - Anandapuram Main Road Flyover", "oneway": "yes", "ref:old": "NH5", "surface": "asphalt"}, "geometry": {"type": "LineString", "coordinates": [[83.2363228, 17.7439537], [83.2364147, 17.7440699]]}}, {"type": "Feature", "properties": {"osm_id": 1318348284, "dual_carriageway": "yes", "highway": "primary", "lanes": "2", "maxspeed": "70", "maxspeed:type": "sign", "name": "Anakapalli - Visakhapatnam - Anandapuram Main Road Flyover", "oneway": "yes", "ref:old": "NH5", "surface": "asphalt"}, "geometry": {"type": "LineString", "coordinates": [[83.2365646, 17.7439765], [83.2364886, 17.7438839]]}}, {"type": "Feature", "properties": {"osm_id": 1318348285, "highway": "tertiary"}, "geometry": {"type": "LineString", "coordinates": [[83.235661, 17.7431994], [83.235723, 17.7433144], [83.2357389, 17.7433343]]}}, {"type": "Feature", "properties": {"osm_id": 1318348286, "highway": "tertiary", "oneway": "yes"}, "geometry": {"type": "LineString", "coordinates": [[83.2365646, 17.7439765], [83.2365778, 17.7439226], [83.2364673, 17.7437421], [83.2363392, 17.7435583], [83.2361988, 17.743381], [83.2360982, 17.7432267], [83.2360056, 17.7430926]]}}, {"type": "Feature", "properties": {"osm_id": 1318359371, "highway": "primary", "name": "Vishakapatnam - Srungavarapukota - Araku Road Flyover", "network": "IN:SH:AP", "oneway": "yes", "ref": "SH39"}, "geometry": {"type": "LineString", "coordinates": [[83.2333462, 17.7434156], [83.2334839, 17.7434348]]}}, {"type": "Feature", "properties": {"osm_id": 1318359372, "highway": "primary", "name": "Vishakapatnam - Srungavarapukota - Araku Road Flyover", "network": "IN:SH:AP", "oneway": "yes", "ref": "SH39"}, "geometry": {"type": "LineString", "coordinates": [[83.233474, 17.7433614], [83.2334287, 17.7433676], [83.2333462, 17.7434156]]}}, {"type": "Feature", "properties": {"osm_id": 1320025465, "highway": "tertiary", "source": "maxar"}, "geometry": {"type": "LineString", "coordinates": [[83.1917573, 17.7843892], [83.1917608, 17.7844337], [83.1917564, 17.7846652], [83.1917486, 17.7847169]]}}, {"type": "Feature", "properties": {"osm_id": 1320025466, "highway": "tertiary", "source": "maxar"}, "geometry": {"type": "LineString", "coordinates": [[83.1918299, 17.7840063], [83.191799, 17.7841848], [83.1917864, 17.7843254], [83.1917573, 17.7843892]]}}, {"type": "Feature", "properties": {"osm_id": 1320025474, "dual_carriageway": "yes", "highway": "primary", "lanes": "2", "name": "Anakapalli - Visakhapatnam - Anandapuram Main Road", "oneway": "yes", "ref:old": "NH5", "surface": "asphalt"}, "geometry": {"type": "LineString", "coordinates": [[83.2068712, 17.7246922], [83.2082623, 17.7256228], [83.2111613, 17.7274936], [83.2113388, 17.7276095], [83.2118725, 17.7278255], [83.2132415, 17.7282221]]}}, {"type": "Feature", "properties": {"osm_id": 1320025475, "bridge": "yes", "dual_carriageway": "yes", "highway": "primary", "lanes": "2", "layer": "1", "name": "Anakapalli - Visakhapatnam - Anandapuram Main Road", "oneway": "yes", "ref:old": "NH5", "surface": "asphalt"}, "geometry": {"type": "LineString", "coordinates": [[83.2132415, 17.7282221], [83.2133228, 17.7282457]]}}, {"type": "Feature", "properties": {"osm_id": 1320025476, "bicycle": "no", "dual_carriageway": "yes", "foot": "no", "highway": "primary", "horse": "no", "lanes": "2", "maxspeed": "70", "name": "Anakapalli - Visakhapatnam - Anandapuram Main Road", "oneway": "yes", "ref:old": "NH5", "source": "local knowledge", "surface": "asphalt"}, "geometry": {"type": "LineString", "coordinates": [[83.2133038, 17.7280655], [83.2124076, 17.727809], [83.2118014, 17.727619], [83.2113667, 17.7273987], [83.2084711, 17.7255372], [83.2069809, 17.7245701]]}}, {"type": "Feature", "properties": {"osm_id": 1320025477, "bicycle": "no", "bridge": "yes", "dual_carriageway": "yes", "foot": "no", "highway": "primary", "horse": "no", "lanes": "2", "layer": "1", "maxspeed": "70", "name": "Anakapalli - Visakhapatnam - Anandapuram Main Road", "oneway": "yes", "ref:old": "NH5", "source": "local knowledge", "surface": "asphalt"}, "geometry": {"type": "LineString", "coordinates": [[83.2133852, 17.7280889], [83.2133038, 17.7280655]]}}, {"type": "Feature", "properties": {"osm_id": 1322638133, "highway": "tertiary"}, "geometry": {"type": "LineString", "coordinates": [[83.2087535, 17.7660291], [83.2091027, 17.766369], [83.2091525, 17.7664189], [83.2093107, 17.7665771], [83.2094918, 17.7667583], [83.2098635, 17.7672364], [83.2100984, 17.7675927], [83.210259, 17.7678447], [83.2103308, 17.767946]]}}, {"type": "Feature", "properties": {"osm_id": 1322638135, "highway": "tertiary"}, "geometry": {"type": "LineString", "coordinates": [[83.1994524, 17.7610759], [83.1995273, 17.7610676], [83.1999658, 17.7610234], [83.2006162, 17.7609174], [83.2010277, 17.7608524], [83.2010615, 17.7608471], [83.2015175, 17.7608957], [83.2015604, 17.760911], [83.2015966, 17.7609289]]}}, {"type": "Feature", "properties": {"osm_id": 1322638158, "highway": "tertiary", "source": "maxar"}, "geometry": {"type": "LineString", "coordinates": [[83.2190021, 17.7679921], [83.2190073, 17.7679916], [83.2193388, 17.7679583], [83.2198501, 17.7678786], [83.220028, 17.7678509], [83.2206063, 17.7677513], [83.2209185, 17.7677176], [83.2218028, 17.7676161], [83.2218713, 17.7676026], [83.2219079, 17.7675829], [83.2219118, 17.7675404], [83.2218199, 17.7671826], [83.2217979, 17.767132]]}}, {"type": "Feature", "properties": {"osm_id": 1322638163, "highway": "tertiary", "source": "maxar"}, "geometry": {"type": "LineString", "coordinates": [[83.2182868, 17.7681108], [83.2184492, 17.7680919], [83.2188066, 17.7680118]]}}, {"type": "Feature", "properties": {"osm_id": 1322638164, "bridge": "yes", "highway": "tertiary", "layer": "1", "source": "maxar"}, "geometry": {"type": "LineString", "coordinates": [[83.2182025, 17.7681206], [83.2182868, 17.7681108]]}}, {"type": "Feature", "properties": {"osm_id": 1327569801, "highway": "tertiary", "maxspeed": "20", "surface": "asphalt"}, "geometry": {"type": "LineString", "coordinates": [[83.2378628, 17.7457089], [83.2379682, 17.7457122], [83.2380509, 17.7457036], [83.2381315, 17.7456716]]}}, {"type": "Feature", "properties": {"osm_id": 1328762398, "highway": "primary", "lanes": "2", "layer": "-1", "name": "Underpass", "oneway": "yes", "psv": "yes", "tunnel": "yes"}, "geometry": {"type": "LineString", "coordinates": [[83.3087308, 17.7247664], [83.3092825, 17.7253603], [83.3095142, 17.7256158], [83.3097151, 17.7258304]]}}, {"type": "Feature", "properties": {"osm_id": 1328762401, "highway": "primary", "lanes": "2", "name": "Underpass", "oneway": "yes", "psv": "yes"}, "geometry": {"type": "LineString", "coordinates": [[83.3078675, 17.7225415], [83.3078469, 17.722482], [83.3078363, 17.7222938]]}}, {"type": "Feature", "properties": {"osm_id": 1328762402, "highway": "primary", "lanes": "2", "layer": "-1", "name": "Underpass", "oneway": "yes", "psv": "yes", "tunnel": "yes"}, "geometry": {"type": "LineString", "coordinates": [[83.3097536, 17.7258151], [83.3096119, 17.7256673], [83.3091987, 17.7252137], [83.3087671, 17.7247367], [83.3086519, 17.7245465], [83.3085505, 17.7243051], [83.3083293, 17.7237315], [83.3080635, 17.7231082], [83.307928, 17.7227164], [83.3078675, 17.7225415]]}}, {"type": "Feature", "properties": {"osm_id": 1328762403, "highway": "primary", "lanes": "2", "name": "Underpass", "oneway": "yes", "psv": "yes"}, "geometry": {"type": "LineString", "coordinates": [[83.3097151, 17.7258304], [83.3097477, 17.7258741], [83.309769, 17.7259787]]}}, {"type": "Feature", "properties": {"osm_id": 1328762404, "highway": "primary", "lanes": "2", "name": "Underpass", "oneway": "yes", "psv": "yes"}, "geometry": {"type": "LineString", "coordinates": [[83.3098282, 17.7258935], [83.3098174, 17.7258817], [83.3097536, 17.7258151]]}}, {"type": "Feature", "properties": {"osm_id": 1329170646, "highway": "tertiary"}, "geometry": {"type": "LineString", "coordinates": [[83.2614025, 17.7282221], [83.261534, 17.7280912], [83.2621193, 17.7275747], [83.2629723, 17.7266805], [83.2630715, 17.7265868], [83.2634513, 17.7262281], [83.2636652, 17.7260261], [83.26386, 17.7258833], [83.2640239, 17.725787], [83.2643468, 17.7256146], [83.2655364, 17.7250896], [83.2674284, 17.7244444], [83.2676395, 17.7243665], [83.2677705, 17.7243069], [83.2679014, 17.7242084], [83.2680414, 17.7240658], [83.2682074, 17.7238503], [83.2683161, 17.7235702], [83.2683387, 17.7234096], [83.2683576, 17.7231968], [83.2683753, 17.722654], [83.2685743, 17.7226195], [83.2687065, 17.7226068], [83.2688351, 17.7226076], [83.2690392, 17.7226193], [83.2692635, 17.7226461], [83.2694678, 17.7226861], [83.2701922, 17.7229142], [83.2704055, 17.7229814], [83.2705578, 17.7230336], [83.2710293, 17.7231954], [83.2719066, 17.7234996], [83.271926, 17.7234376], [83.2719703, 17.7233157]]}}, {"type": "Feature", "properties": {"osm_id": 1329170647, "bridge": "yes", "highway": "tertiary", "layer": "1"}, "geometry": {"type": "LineString", "coordinates": [[83.2719703, 17.7233157], [83.2719904, 17.7232603]]}}, {"type": "Feature", "properties": {"osm_id": 1329170685, "highway": "tertiary"}, "geometry": {"type": "LineString", "coordinates": [[83.2376821, 17.7108817], [83.2377147, 17.7107826]]}}, {"type": "Feature", "properties": {"osm_id": 1329170686, "highway": "tertiary"}, "geometry": {"type": "LineString", "coordinates": [[83.2383473, 17.7110561], [83.2383819, 17.7109583]]}}, {"type": "Feature", "properties": {"osm_id": 1329170750, "highway": "tertiary"}, "geometry": {"type": "LineString", "coordinates": [[83.192385, 17.7116389], [83.1925181, 17.7117176], [83.1927488, 17.7118496], [83.1931912, 17.7121072], [83.1934411, 17.7122413], [83.1937465, 17.7123841], [83.1940962, 17.7125557], [83.1942241, 17.7126054], [83.1945133, 17.7127141], [83.1945862, 17.712756], [83.1946118, 17.7127986], [83.1946188, 17.712853], [83.1946093, 17.7129977], [83.194539, 17.7135073], [83.1944493, 17.7138648], [83.1944005, 17.714059], [83.1943612, 17.7142617], [83.1943666, 17.7143912], [83.1943898, 17.7145017], [83.1945561, 17.714897], [83.1946326, 17.7150753], [83.1947081, 17.7152514], [83.1947844, 17.7154501]]}}, {"type": "Feature", "properties": {"osm_id": 1329170751, "bridge": "yes", "highway": "tertiary", "layer": "1"}, "geometry": {"type": "LineString", "coordinates": [[83.1922694, 17.7115463], [83.192385, 17.7116389]]}}, {"type": "Feature", "properties": {"osm_id": 1341281459, "highway": "primary", "lanes": "2", "oneway": "yes", "psv": "yes"}, "geometry": {"type": "LineString", "coordinates": [[83.3118859, 17.7280858], [83.3118422, 17.7280403], [83.3117668, 17.7279619], [83.3115941, 17.7277741], [83.3109746, 17.7270945], [83.3107305, 17.7268544], [83.3101672, 17.7262617], [83.3098282, 17.7258935]]}}, {"type": "Feature", "properties": {"osm_id": 1343490051, "highway": "tertiary", "oneway": "yes"}, "geometry": {"type": "LineString", "coordinates": [[83.203881, 17.6846775], [83.2037007, 17.6847348], [83.2035019, 17.6847773], [83.2033202, 17.6847817], [83.203295, 17.6847818], [83.203087, 17.6847826]]}}, {"type": "Feature", "properties": {"osm_id": 1347042772, "highway": "tertiary", "surface": "asphalt"}, "geometry": {"type": "LineString", "coordinates": [[83.2265329, 17.7457353], [83.2264688, 17.745496], [83.2264149, 17.74533], [83.2263651, 17.7451345], [83.2263129, 17.7449293], [83.2262675, 17.7447642], [83.2262109, 17.7445587], [83.2261913, 17.7444875]]}}, {"type": "Feature", "properties": {"osm_id": 1347042773, "highway": "primary", "lanes": "2", "oneway": "yes", "ref": "SH144", "source": "Bing", "surface": "asphalt"}, "geometry": {"type": "LineString", "coordinates": [[83.3426003, 17.7393866], [83.3426714, 17.7393623]]}}, {"type": "Feature", "properties": {"osm_id": 1347042774, "dual_carriageway": "yes", "highway": "primary", "lanes": "2", "name": "Beach Road", "oneway": "yes", "ref": "SH144", "surface": "asphalt"}, "geometry": {"type": "LineString", "coordinates": [[83.3426003, 17.7393866], [83.3428407, 17.7398839], [83.3432735, 17.7407789], [83.3436228, 17.7417205], [83.3436456, 17.7417821], [83.3436514, 17.7417977]]}}, {"type": "Feature", "properties": {"osm_id": 1347042775, "highway": "primary", "lanes": "2", "oneway": "yes", "ref": "SH144", "surface": "asphalt"}, "geometry": {"type": "LineString", "coordinates": [[83.3426459, 17.7392908], [83.3425641, 17.7393125]]}}, {"type": "Feature", "properties": {"osm_id": 1347042776, "dual_carriageway": "yes", "highway": "primary", "lanes": "2", "name": "Beach Road", "oneway": "yes", "ref": "SH144", "surface": "asphalt"}, "geometry": {"type": "LineString", "coordinates": [[83.3425641, 17.7393125], [83.3426003, 17.7393866]]}}, {"type": "Feature", "properties": {"osm_id": 1347042777, "dual_carriageway": "yes", "highway": "primary", "lanes": "2", "name": "Beach Road", "oneway": "yes", "ref": "SH144", "surface": "asphalt"}, "geometry": {"type": "LineString", "coordinates": [[83.3437701, 17.741777], [83.343732, 17.7416816], [83.3433728, 17.7407827], [83.3432664, 17.7405676], [83.3430168, 17.7400629], [83.3428717, 17.7397687], [83.3426714, 17.7393623]]}}, {"type": "Feature", "properties": {"osm_id": 1347042778, "dual_carriageway": "yes", "highway": "primary", "lanes": "2", "name": "Beach Road", "oneway": "yes", "ref": "SH144", "surface": "asphalt"}, "geometry": {"type": "LineString", "coordinates": [[83.3426714, 17.7393623], [83.3426459, 17.7392908]]}}, {"type": "Feature", "properties": {"osm_id": 1352203921, "highway": "tertiary", "oneway": "yes"}, "geometry": {"type": "LineString", "coordinates": [[83.3355081, 17.7308004], [83.3354777, 17.7304335], [83.3354581, 17.7303813]]}}, {"type": "Feature", "properties": {"osm_id": 1363511919, "highway": "secondary", "oneway": "yes"}, "geometry": {"type": "LineString", "coordinates": [[83.3034199, 17.7124493], [83.3033047, 17.7123947], [83.3031638, 17.712328]]}}, {"type": "Feature", "properties": {"osm_id": 1363511920, "highway": "tertiary", "name": "Jugde Court Road", "oneway": "yes"}, "geometry": {"type": "LineString", "coordinates": [[83.3030894, 17.7124941], [83.3031638, 17.712328]]}}, {"type": "Feature", "properties": {"osm_id": 1363788922, "highway": "tertiary", "oneway": "yes"}, "geometry": {"type": "LineString", "coordinates": [[83.2643706, 17.7251837], [83.2643278, 17.7250524], [83.2642824, 17.7248782], [83.2642461, 17.7248308]]}}, {"type": "Feature", "properties": {"osm_id": 1363788923, "highway": "tertiary", "oneway": "yes"}, "geometry": {"type": "LineString", "coordinates": [[83.2642461, 17.7248308], [83.2642345, 17.7249028], [83.2642524, 17.7252453]]}}, {"type": "Feature", "properties": {"osm_id": 1366114292, "highway": "tertiary"}, "geometry": {"type": "LineString", "coordinates": [[83.2715656, 17.7364056], [83.2711248, 17.7366939], [83.2711027, 17.7367145], [83.2710964, 17.7367373], [83.2711177, 17.7367759]]}}, {"type": "Feature", "properties": {"osm_id": 1368346966, "highway": "secondary", "name": "Bullayya College Road", "name:etymology:wikidata": "Q48728407", "oneway": "yes", "source": "maxar"}, "geometry": {"type": "LineString", "coordinates": [[83.3119056, 17.7288525], [83.3119021, 17.7288224], [83.3118901, 17.728702], [83.31188, 17.7286062], [83.3118817, 17.7285439], [83.3118901, 17.7284912], [83.3118958, 17.7284084], [83.3118942, 17.7283717], [83.3118925, 17.7283334], [83.3119008, 17.7282868], [83.3119098, 17.7282361], [83.3119753, 17.7281645]]}}, {"type": "Feature", "properties": {"osm_id": 1368372979, "highway": "primary", "name": "Jail Road", "oneway": "yes", "source": "Bing"}, "geometry": {"type": "LineString", "coordinates": [[83.3078363, 17.7222938], [83.3077235, 17.7220488]]}}, {"type": "Feature", "properties": {"osm_id": 1368372980, "highway": "tertiary", "name": "Ram Nagar Road", "oneway": "no"}, "geometry": {"type": "LineString", "coordinates": [[83.3076195, 17.7220716], [83.3077235, 17.7220488]]}}, {"type": "Feature", "properties": {"osm_id": 1368372981, "highway": "primary", "name": "Jail Road", "oneway": "yes"}, "geometry": {"type": "LineString", "coordinates": [[83.3076195, 17.7220716], [83.3077092, 17.7223548]]}}, {"type": "Feature", "properties": {"osm_id": 1368372982, "highway": "primary", "name": "Jail Road", "oneway": "yes"}, "geometry": {"type": "LineString", "coordinates": [[83.3075802, 17.7219967], [83.3076195, 17.7220716]]}}, {"type": "Feature", "properties": {"osm_id": 1368376891, "highway": "primary", "lane": "1", "oneway": "yes"}, "geometry": {"type": "LineString", "coordinates": [[83.2196996, 17.7542987], [83.2196594, 17.754234]]}}, {"type": "Feature", "properties": {"osm_id": 1368376892, "highway": "primary", "lanes": "1", "maxspeed": "40", "name": "Simhachalam Road", "oneway": "yes", "source": "bing", "surface": "asphalt"}, "geometry": {"type": "LineString", "coordinates": [[83.2196594, 17.754234], [83.2196788, 17.7543319]]}}, {"type": "Feature", "properties": {"osm_id": 1368376893, "highway": "tertiary", "oneway": "yes"}, "geometry": {"type": "LineString", "coordinates": [[83.2197339, 17.7543541], [83.2197921, 17.7542589], [83.2198305, 17.7541959], [83.2198596, 17.754088], [83.2199353, 17.7538071], [83.2200185, 17.7534315], [83.2200482, 17.7531736]]}}, {"type": "Feature", "properties": {"osm_id": 1373390705, "highway": "primary", "lanes": "2", "name": "Beach Road", "name:te": "బీచ్ రోడ్", "oneway": "yes", "sidewalk:left": "yes", "sidewalk:left:surface": "paving_stones", "surface": "asphalt"}, "geometry": {"type": "LineString", "coordinates": [[83.3180666, 17.7114194], [83.3179938, 17.7113635], [83.3179819, 17.7113544], [83.3179604, 17.7113456]]}}, {"type": "Feature", "properties": {"osm_id": 1373390709, "highway": "secondary", "oneway": "yes"}, "geometry": {"type": "LineString", "coordinates": [[83.3018366, 17.7109587], [83.3018522, 17.7109866], [83.3018731, 17.7110199], [83.3018917, 17.7110496], [83.3020346, 17.7112778], [83.3020536, 17.7113094], [83.3021352, 17.7114452], [83.3022505, 17.7116701], [83.3023005, 17.7117938], [83.3023535, 17.7118902]]}}, {"type": "Feature", "properties": {"osm_id": 1373390712, "highway": "tertiary", "name": "Jugde Court Road", "oneway": "yes"}, "geometry": {"type": "LineString", "coordinates": [[83.3029188, 17.7124355], [83.303049, 17.7127482], [83.3030847, 17.7128339]]}}, {"type": "Feature", "properties": {"osm_id": 1373390713, "highway": "tertiary", "name": "Jugde Court Road", "oneway": "yes"}, "geometry": {"type": "LineString", "coordinates": [[83.3030847, 17.7128339], [83.303064, 17.7127426], [83.3030578, 17.7127151], [83.3030539, 17.7126473], [83.3030641, 17.7125689], [83.3030894, 17.7124941]]}}, {"type": "Feature", "properties": {"osm_id": 1373390714, "highway": "secondary", "name": "Jugde Court Road", "oneway": "yes"}, "geometry": {"type": "LineString", "coordinates": [[83.3029188, 17.7124355], [83.3029718, 17.7124689], [83.303023, 17.7124813], [83.3030894, 17.7124941]]}}, {"type": "Feature", "properties": {"osm_id": 1373390715, "highway": "primary", "junction": "roundabout"}, "geometry": {"type": "LineString", "coordinates": [[83.3064821, 17.7198684], [83.3064172, 17.7198285], [83.306369, 17.7198245], [83.3063169, 17.7198315]]}}, {"type": "Feature", "properties": {"osm_id": 1373390716, "highway": "primary", "junction": "roundabout"}, "geometry": {"type": "LineString", "coordinates": [[83.3062677, 17.7200666], [83.3063308, 17.720101], [83.3064034, 17.7201031]]}}, {"type": "Feature", "properties": {"osm_id": 1373390717, "dual_carriageway": "yes", "highway": "primary", "lanes": "2", "maxspeed": "70", "maxspeed:type": "sign", "name": "Visakhapatnam - Anandapuram Main Road", "oneway": "yes", "ref:old": "NH5", "surface": "asphalt"}, "geometry": {"type": "LineString", "coordinates": [[83.3279914, 17.7434209], [83.3280605, 17.7438337], [83.3280743, 17.7439163], [83.3280939, 17.7440337], [83.3281341, 17.7442986], [83.3281659, 17.7445086], [83.3283139, 17.7453575], [83.3283707, 17.7456784], [83.3283816, 17.7457421]]}}, {"type": "Feature", "properties": {"osm_id": 1373390718, "highway": "tertiary", "oneway": "yes"}, "geometry": {"type": "LineString", "coordinates": [[83.3284421, 17.7465124], [83.3285637, 17.7466394], [83.3286835, 17.7467601], [83.328815, 17.7468743]]}}, {"type": "Feature", "properties": {"osm_id": 1373390719, "highway": "tertiary", "oneway": "yes", "source": "maxar"}, "geometry": {"type": "LineString", "coordinates": [[83.3284421, 17.7465124], [83.3284166, 17.7468428]]}}, {"type": "Feature", "properties": {"osm_id": 1373390720, "dual_carriageway": "yes", "highway": "primary", "lanes": "2", "maxspeed": "70", "maxspeed:type": "sign", "name": "Visakhapatnam - Anandapuram Main Road", "oneway": "yes", "ref:old": "NH5", "surface": "asphalt"}, "geometry": {"type": "LineString", "coordinates": [[83.3283816, 17.7457421], [83.3284366, 17.746051], [83.328487, 17.7462114], [83.3285274, 17.7463397], [83.3286802, 17.7466816], [83.328815, 17.7468743]]}}, {"type": "Feature", "properties": {"osm_id": 1373390721, "dual_carriageway": "yes", "highway": "primary", "lanes": "2", "maxspeed": "70", "maxspeed:type": "sign", "name": "Visakhapatnam - Anandapuram Main Road", "oneway": "yes", "ref:old": "NH5", "surface": "asphalt"}, "geometry": {"type": "LineString", "coordinates": [[83.3323082, 17.7539012], [83.3323862, 17.7543377]]}}, {"type": "Feature", "properties": {"osm_id": 1373390722, "highway": "primary", "lanes": "2", "maxspeed": "40", "oneway": "yes", "source:maxspeed": "sign"}, "geometry": {"type": "LineString", "coordinates": [[83.3323082, 17.7539012], [83.332302, 17.7540888], [83.3322689, 17.7542192], [83.3321602, 17.7544444], [83.3321321, 17.7544993], [83.3321136, 17.7545355], [83.3320849, 17.7545849], [83.3320174, 17.7546738]]}}, {"type": "Feature", "properties": {"osm_id": 1373390723, "highway": "primary", "oneway": "yes", "source": "Bing"}, "geometry": {"type": "LineString", "coordinates": [[83.2525264, 17.7801495], [83.2525579, 17.7802188], [83.2526084, 17.7803339]]}}, {"type": "Feature", "properties": {"osm_id": 1382241155, "highway": "tertiary", "name": "BRTS Bus Lane", "oneway": "no"}, "geometry": {"type": "LineString", "coordinates": [[83.3285712, 17.7571615], [83.3282638, 17.7572815]]}}, {"type": "Feature", "properties": {"osm_id": 1382241156, "highway": "tertiary"}, "geometry": {"type": "LineString", "coordinates": [[83.3285712, 17.7571615], [83.3285264, 17.7570659]]}}, {"type": "Feature", "properties": {"osm_id": 1382241157, "highway": "primary", "lanes": "2", "oneway": "yes"}, "geometry": {"type": "LineString", "coordinates": [[83.3278435, 17.7575486], [83.3281857, 17.7574128], [83.3284712, 17.7572964], [83.3286024, 17.7572423]]}}, {"type": "Feature", "properties": {"osm_id": 1382241158, "highway": "tertiary"}, "geometry": {"type": "LineString", "coordinates": [[83.3286024, 17.7572423], [83.3285712, 17.7571615]]}}, {"type": "Feature", "properties": {"osm_id": 1382567116, "highway": "primary", "oneway": "yes"}, "geometry": {"type": "LineString", "coordinates": [[83.234291, 17.7122077], [83.234326, 17.7122643], [83.2346374, 17.7127682], [83.2360081, 17.7150162], [83.2361878, 17.7153085], [83.2362954, 17.7154834]]}}, {"type": "Feature", "properties": {"osm_id": 1382567119, "highway": "primary", "oneway": "yes"}, "geometry": {"type": "LineString", "coordinates": [[83.2362954, 17.7154834], [83.236334, 17.7155463]]}}, {"type": "Feature", "properties": {"osm_id": 1382567120, "highway": "primary", "oneway": "yes"}, "geometry": {"type": "LineString", "coordinates": [[83.2364038, 17.7154264], [83.2360704, 17.7148869], [83.2344352, 17.7121654]]}}, {"type": "Feature", "properties": {"osm_id": 1382567121, "highway": "primary", "oneway": "yes"}, "geometry": {"type": "LineString", "coordinates": [[83.2364424, 17.7154888], [83.2364038, 17.7154264]]}}, {"type": "Feature", "properties": {"osm_id": 1382567122, "highway": "primary", "oneway": "yes"}, "geometry": {"type": "LineString", "coordinates": [[83.2364155, 17.7156787], [83.236569, 17.7159282], [83.2369946, 17.7165483], [83.2373114, 17.7169557], [83.2376598, 17.7172846], [83.2380114, 17.7175531], [83.2383599, 17.7177975], [83.23874, 17.7180178], [83.2390948, 17.7181958], [83.2395002, 17.7183708], [83.2400292, 17.7185338], [83.2402491, 17.7185798], [83.2404188, 17.7186153], [83.2410429, 17.7187088], [83.2417524, 17.7187329], [83.2423353, 17.7186816], [83.2423827, 17.7186776], [83.2469379, 17.7182894], [83.2527983, 17.7177304], [83.2539275, 17.717618], [83.2543888, 17.717618], [83.2548207, 17.7176333], [83.2553786, 17.7177329], [83.2557433, 17.7178121], [83.2561162, 17.7179297], [83.2565078, 17.7180855], [83.2570308, 17.718341], [83.2582286, 17.7191669], [83.2587501, 17.7195265], [83.2590639, 17.719736], [83.2595655, 17.7199839], [83.2602119, 17.7201857], [83.2607457, 17.7202547], [83.2613814, 17.7202623], [83.26195, 17.7201857], [83.262709, 17.7199123], [83.2634416, 17.7195242], [83.2643241, 17.7189774], [83.2659204, 17.7179757]]}}, {"type": "Feature", "properties": {"osm_id": 1383547903, "highway": "tertiary", "oneway": "yes", "surface": "asphalt"}, "geometry": {"type": "LineString", "coordinates": [[83.332625, 17.7554018], [83.3327308, 17.755375], [83.3328441, 17.7553475], [83.3331595, 17.755271], [83.333601, 17.7551545], [83.3336793, 17.7551061]]}}, {"type": "Feature", "properties": {"osm_id": 1383547904, "highway": "tertiary", "oneway": "yes", "surface": "asphalt"}, "geometry": {"type": "LineString", "coordinates": [[83.3336793, 17.7551061], [83.3335806, 17.7550867], [83.3328986, 17.755255], [83.3328268, 17.7552738], [83.3327081, 17.7553051], [83.3326079, 17.7553267]]}}, {"type": "Feature", "properties": {"osm_id": 1386659675, "dual_carriageway": "yes", "highway": "primary", "lanes": "2", "name": "Anakapalli - Visakhapatnam - Anandapuram Main Road", "oneway": "yes", "ref:old": "NH5", "surface": "asphalt"}, "geometry": {"type": "LineString", "coordinates": [[83.2030082, 17.6848566], [83.2031844, 17.6850273], [83.2034303, 17.6852654], [83.2034667, 17.6853016]]}}, {"type": "Feature", "properties": {"osm_id": 1386659676, "dual_carriageway": "yes", "highway": "primary", "lanes": "2", "name": "Anakapalli - Visakhapatnam - Anandapuram Main Road", "oneway": "yes", "ref:old": "NH5", "surface": "asphalt"}, "geometry": {"type": "LineString", "coordinates": [[83.2034667, 17.6853016], [83.2035379, 17.6853735]]}}, {"type": "Feature", "properties": {"osm_id": 1386659677, "highway": "secondary", "oneway": "yes", "source": "Bing"}, "geometry": {"type": "LineString", "coordinates": [[83.2679676, 17.6881341], [83.2681784, 17.6881529], [83.2683152, 17.6881657], [83.2684122, 17.6881506]]}}, {"type": "Feature", "properties": {"osm_id": 1389843158, "dual_carriageway": "yes", "highway": "primary", "lanes": "2", "maxspeed": "70", "maxspeed:type": "sign", "name": "Anakapalli - Visakhapatnam - Anandapuram Main Road", "oneway": "yes", "ref:old": "NH5", "surface": "asphalt"}, "geometry": {"type": "LineString", "coordinates": [[83.3205818, 17.7355414], [83.3204057, 17.7354474]]}}, {"type": "Feature", "properties": {"osm_id": 1389843161, "highway": "primary", "junction": "roundabout"}, "geometry": {"type": "LineString", "coordinates": [[83.3064034, 17.7201031], [83.3064585, 17.7200774], [83.3065013, 17.7200346]]}}, {"type": "Feature", "properties": {"osm_id": 1389851576, "highway": "primary", "junction": "circular", "oneway": "yes", "surface": "asphalt"}, "geometry": {"type": "LineString", "coordinates": [[83.2922005, 17.7189358], [83.2922475, 17.7189623], [83.2923017, 17.7189685], [83.2923539, 17.7189534]]}}, {"type": "Feature", "properties": {"osm_id": 1389851577, "highway": "primary", "junction": "circular", "oneway": "yes", "surface": "asphalt"}, "geometry": {"type": "LineString", "coordinates": [[83.2924118, 17.7187927], [83.2923949, 17.7187653], [83.2923713, 17.7187429], [83.2923426, 17.7187267], [83.2923106, 17.7187179]]}}, {"type": "Feature", "properties": {"osm_id": 1389851578, "highway": "primary", "junction": "roundabout", "oneway": "yes"}, "geometry": {"type": "LineString", "coordinates": [[83.2899393, 17.7170736], [83.2898991, 17.7170214], [83.289834, 17.7169681]]}}, {"type": "Feature", "properties": {"osm_id": 1389851579, "highway": "primary", "junction": "roundabout", "oneway": "yes"}, "geometry": {"type": "LineString", "coordinates": [[83.289834, 17.7169681], [83.2897545, 17.7169374], [83.2896639, 17.7169123]]}}, {"type": "Feature", "properties": {"osm_id": 1389851580, "bridge": "yes", "highway": "primary", "layer": "1", "name": "Port Main Road Flyover", "oneway": "yes"}, "geometry": {"type": "LineString", "coordinates": [[83.2879274, 17.7162057], [83.2871892, 17.7159885], [83.2867099, 17.7158989], [83.2859525, 17.7158989], [83.2852021, 17.7160108], [83.2849796, 17.7160489], [83.2847279, 17.7160911], [83.2821647, 17.716664], [83.2815731, 17.7167374], [83.281111, 17.7167403], [83.2805009, 17.716708], [83.2779159, 17.7164439], [83.2751892, 17.7161651], [83.2731903, 17.7159685], [83.2720325, 17.7159336], [83.2700163, 17.7157139], [83.2696188, 17.7156663], [83.2692804, 17.7156101], [83.2685683, 17.7154233]]}}, {"type": "Feature", "properties": {"osm_id": 1389851581, "highway": "tertiary", "oneway": "yes"}, "geometry": {"type": "LineString", "coordinates": [[83.2324499, 17.7095902], [83.2325023, 17.7095698]]}}, {"type": "Feature", "properties": {"osm_id": 1389851582, "highway": "primary", "oneway": "yes"}, "geometry": {"type": "LineString", "coordinates": [[83.2325023, 17.7095698], [83.2324882, 17.7094637]]}}, {"type": "Feature", "properties": {"osm_id": 1389851596, "highway": "tertiary", "name": "Yarada Beach Road"}, "geometry": {"type": "LineString", "coordinates": [[83.2687399, 17.6881645], [83.2684122, 17.6881506]]}}, {"type": "Feature", "properties": {"osm_id": 1389851597, "highway": "secondary", "oneway": "yes", "source": "Bing"}, "geometry": {"type": "LineString", "coordinates": [[83.2684122, 17.6881506], [83.2683313, 17.6880916], [83.2681489, 17.6880711], [83.2679803, 17.6880537]]}}, {"type": "Feature", "properties": {"osm_id": 1389858218, "dual_carriageway": "yes", "highway": "primary", "lanes": "2", "name": "Anakapalli - Visakhapatnam - Anandapuram Main Road", "oneway": "yes", "ref:old": "NH5", "source": "Bing", "surface": "asphalt"}, "geometry": {"type": "LineString", "coordinates": [[83.2036232, 17.6853349], [83.2035381, 17.6852321], [83.2034603, 17.6851582], [83.2033696, 17.6850664], [83.2032639, 17.6849662], [83.2032511, 17.6849515], [83.2031381, 17.6848227]]}}, {"type": "Feature", "properties": {"osm_id": 1392071206, "highway": "primary", "oneway": "yes"}, "geometry": {"type": "LineString", "coordinates": [[83.2680272, 17.735725], [83.268338, 17.7356504], [83.2685945, 17.7355768], [83.2691301, 17.7354323], [83.2697612, 17.7352936], [83.2699716, 17.7352555], [83.2700573, 17.7352411], [83.2704973, 17.7351547], [83.2708075, 17.7350894], [83.2709559, 17.7350562], [83.2711731, 17.7350039], [83.2713864, 17.7349411], [83.2716507, 17.7348624], [83.2717619, 17.7348297], [83.2719859, 17.7347729], [83.2722113, 17.7347072], [83.2727395, 17.734558], [83.2734624, 17.7343422], [83.2735579, 17.7343116], [83.2737774, 17.7342392], [83.2740874, 17.734128], [83.2746025, 17.7339177], [83.2750708, 17.7337158], [83.2752626, 17.7336282], [83.2756582, 17.7334613], [83.2761807, 17.7332428], [83.2767129, 17.7330244], [83.2770622, 17.7328861], [83.277635, 17.7326561], [83.2779163, 17.7325214], [83.2780048, 17.7324685], [83.2780995, 17.7322896]]}}, {"type": "Feature", "properties": {"osm_id": 1392071207, "highway": "primary", "oneway": "yes"}, "geometry": {"type": "LineString", "coordinates": [[83.2645913, 17.7366492], [83.264717, 17.7366218]]}}, {"type": "Feature", "properties": {"osm_id": 1392071208, "highway": "primary", "oneway": "yes"}, "geometry": {"type": "LineString", "coordinates": [[83.2780995, 17.7322896], [83.2778543, 17.7322982], [83.2776798, 17.7324046], [83.2774585, 17.732521], [83.2766073, 17.7328705], [83.2762934, 17.7330098], [83.2758399, 17.7331952], [83.2750916, 17.7335279], [83.2747004, 17.7336896], [83.2740451, 17.7339565], [83.2737877, 17.7340525], [83.2735462, 17.7341437], [83.2733195, 17.7342134], [83.273098, 17.7342886], [83.272959, 17.734317], [83.2727758, 17.7343533], [83.2726644, 17.7343804], [83.2724998, 17.7344159], [83.2721959, 17.7344884], [83.2719415, 17.7345665], [83.2718958, 17.734578], [83.2717343, 17.7346336], [83.2715982, 17.7346775], [83.2709706, 17.734842], [83.2708173, 17.7348835], [83.2705731, 17.7349442], [83.2699753, 17.7350842], [83.2695555, 17.7351664], [83.2694346, 17.7351901], [83.2691543, 17.7352463], [83.2686901, 17.7353641], [83.2682832, 17.7354836], [83.2681039, 17.7355298]]}}, {"type": "Feature", "properties": {"osm_id": 1392071209, "highway": "primary", "oneway": "yes"}, "geometry": {"type": "LineString", "coordinates": [[83.2646869, 17.7364734], [83.2645618, 17.7365045]]}}, {"type": "Feature", "properties": {"osm_id": 1392519732, "highway": "tertiary", "name": "Simhachalam Temple Ghat Road", "source": "Bing"}, "geometry": {"type": "LineString", "coordinates": [[83.2479236, 17.7669274], [83.2479103, 17.7667987], [83.2479233, 17.7666221], [83.2480115, 17.7664848], [83.2481582, 17.7663749], [83.248281, 17.7663264], [83.2484304, 17.766297], [83.2491257, 17.7663387]]}}, {"type": "Feature", "properties": {"osm_id": 1392519733, "highway": "tertiary", "name": "Simhachalam Temple Ghat Road", "source": "Bing"}, "geometry": {"type": "LineString", "coordinates": [[83.2485388, 17.7675368], [83.2484822, 17.7675279], [83.2482545, 17.7674633], [83.2481022, 17.7673728], [83.247986, 17.7672134], [83.2479585, 17.7670988], [83.2479284, 17.7669732], [83.2479236, 17.7669274]]}}, {"type": "Feature", "properties": {"osm_id": 1392519735, "highway": "tertiary", "source": "Bing"}, "geometry": {"type": "LineString", "coordinates": [[83.2462394, 17.7736311], [83.2462208, 17.7734683], [83.2461378, 17.7733725], [83.2460598, 17.773272]]}}, {"type": "Feature", "properties": {"osm_id": 1392519736, "highway": "primary", "lanes": "3", "oneway": "yes"}, "geometry": {"type": "LineString", "coordinates": [[83.2451302, 17.7729826], [83.2446688, 17.7727054], [83.2445419, 17.772641], [83.2443874, 17.7725596], [83.244269, 17.7725004], [83.2441762, 17.7724659], [83.2439861, 17.7724134]]}}, {"type": "Feature", "properties": {"osm_id": 1392519737, "highway": "primary", "lanes": "3", "oneway": "yes"}, "geometry": {"type": "LineString", "coordinates": [[83.2462394, 17.7736311], [83.2460083, 17.7734964], [83.2455995, 17.7732567], [83.2453649, 17.7731196], [83.2452752, 17.7730673], [83.2452052, 17.7730264], [83.2451302, 17.7729826]]}}, {"type": "Feature", "properties": {"osm_id": 1392519738, "highway": "primary", "lanes": "3", "maxspeed": "40", "name": "Simhachalam Road", "oneway": "yes", "source": "bing", "surface": "asphalt"}, "geometry": {"type": "LineString", "coordinates": [[83.2439861, 17.7724134], [83.2435453, 17.7723281], [83.243399, 17.7722998]]}}, {"type": "Feature", "properties": {"osm_id": 1392519741, "highway": "primary", "oneway": "yes"}, "geometry": {"type": "LineString", "coordinates": [[83.2177111, 17.7518267], [83.2178053, 17.7518557], [83.2178732, 17.7518797], [83.2179121, 17.7519312], [83.2179921, 17.7520613], [83.2181461, 17.7522821]]}}, {"type": "Feature", "properties": {"osm_id": 1392519742, "highway": "primary", "lanes": "1", "maxspeed": "40", "name": "Simhachalam Road", "oneway": "yes", "source": "bing", "surface": "asphalt"}, "geometry": {"type": "LineString", "coordinates": [[83.2181461, 17.7522821], [83.2181102, 17.7521959], [83.2178898, 17.7518043], [83.2178182, 17.7517846]]}}, {"type": "Feature", "properties": {"osm_id": 1392519743, "highway": "primary", "name": "BRTS Bus Lane", "source": "maxar"}, "geometry": {"type": "LineString", "coordinates": [[83.2172187, 17.7590814], [83.2172206, 17.7589115], [83.2172376, 17.7573644], [83.2173147, 17.7561998], [83.2173956, 17.7550732], [83.2176429, 17.7527483], [83.2178053, 17.7518557], [83.2178182, 17.7517846]]}}, {"type": "Feature", "properties": {"osm_id": 1392519744, "highway": "primary", "lanes": "1", "maxspeed": "40", "name": "Simhachalam Road", "oneway": "yes", "source": "bing", "surface": "asphalt"}, "geometry": {"type": "LineString", "coordinates": [[83.2178182, 17.7517846], [83.2177245, 17.7517569]]}}, {"type": "Feature", "properties": {"osm_id": 1392730670, "highway": "primary", "junction": "roundabout", "oneway": "yes", "ref": "SH144", "surface": "asphalt"}, "geometry": {"type": "LineString", "coordinates": [[83.3488013, 17.7503173], [83.3488458, 17.7503185], [83.3488698, 17.7503054], [83.3488938, 17.7502923], [83.3489204, 17.750246]]}}, {"type": "Feature", "properties": {"osm_id": 1392730671, "highway": "primary", "junction": "roundabout", "oneway": "yes", "ref": "SH144", "surface": "asphalt"}, "geometry": {"type": "LineString", "coordinates": [[83.3489204, 17.750246], [83.3489229, 17.7502233], [83.3489199, 17.7502007], [83.3489114, 17.7501794], [83.3488979, 17.7501606], [83.3488802, 17.7501453]]}}, {"type": "Feature", "properties": {"osm_id": 1392730672, "highway": "primary", "junction": "roundabout", "oneway": "yes", "ref": "SH144", "surface": "asphalt"}, "geometry": {"type": "LineString", "coordinates": [[83.3488802, 17.7501453], [83.3488521, 17.7501318], [83.3488209, 17.7501272], [83.3487898, 17.7501318]]}}, {"type": "Feature", "properties": {"osm_id": 1392730673, "highway": "primary", "junction": "roundabout", "oneway": "yes", "ref": "SH144", "surface": "asphalt"}, "geometry": {"type": "LineString", "coordinates": [[83.3487303, 17.7501798], [83.3487233, 17.7502191], [83.3487229, 17.7502511], [83.3487402, 17.7502837], [83.3487689, 17.7503078]]}}, {"type": "Feature", "properties": {"osm_id": 1392730674, "highway": "primary", "junction": "roundabout", "oneway": "yes", "ref": "SH144"}, "geometry": {"type": "LineString", "coordinates": [[83.3437701, 17.741777], [83.3437514, 17.7417626], [83.3437286, 17.7417552], [83.3437046, 17.7417554], [83.3436821, 17.7417633], [83.3436636, 17.741778], [83.3436514, 17.7417977]]}}, {"type": "Feature", "properties": {"osm_id": 1392730676, "highway": "primary", "junction": "roundabout", "oneway": "yes", "ref": "SH144"}, "geometry": {"type": "LineString", "coordinates": [[83.3436514, 17.7417977], [83.3436474, 17.7418132], [83.3436474, 17.7418292]]}}, {"type": "Feature", "properties": {"osm_id": 1392730677, "highway": "tertiary", "junction": "roundabout", "lanes": "2", "name": "MVP circle", "surface": "cobblestone"}, "geometry": {"type": "LineString", "coordinates": [[83.3387087, 17.7430948], [83.3387273, 17.7431097], [83.3387494, 17.7431194], [83.3387734, 17.7431233], [83.3388043, 17.7431195], [83.3388321, 17.7431062], [83.3388538, 17.7430849], [83.3388669, 17.743058], [83.3388699, 17.7430284], [83.3388625, 17.7429996], [83.3388455, 17.7429747]]}}, {"type": "Feature", "properties": {"osm_id": 1392730678, "highway": "tertiary", "junction": "roundabout", "lanes": "2", "name": "MVP circle", "surface": "cobblestone"}, "geometry": {"type": "LineString", "coordinates": [[83.3388455, 17.7429747], [83.3388318, 17.7429632], [83.3388161, 17.7429543]]}}, {"type": "Feature", "properties": {"osm_id": 1392730679, "highway": "tertiary", "junction": "roundabout", "lanes": "2", "name": "MVP circle", "surface": "cobblestone"}, "geometry": {"type": "LineString", "coordinates": [[83.3386861, 17.743052], [83.3386936, 17.743074], [83.3387087, 17.7430948]]}}, {"type": "Feature", "properties": {"osm_id": 1392730680, "highway": "primary", "junction": "roundabout", "lanes": "2", "oneway": "yes", "ref": "SH144", "surface": "cobblestone"}, "geometry": {"type": "LineString", "coordinates": [[83.3380443, 17.7402971], [83.3380193, 17.7403078], [83.3379997, 17.740322], [83.3379795, 17.7403694], [83.3379784, 17.7404154], [83.3379968, 17.740458], [83.3380317, 17.7404898], [83.3380697, 17.7405043], [83.3381106, 17.7405054], [83.3381512, 17.740492]]}}, {"type": "Feature", "properties": {"osm_id": 1392730681, "highway": "primary", "junction": "roundabout", "oneway": "yes", "ref": "SH144"}, "geometry": {"type": "LineString", "coordinates": [[83.3380985, 17.7402836], [83.3380443, 17.7402971]]}}, {"type": "Feature", "properties": {"osm_id": 1392730682, "highway": "secondary", "name": "Adarsh Nagar Road", "oneway": "yes", "source": "Bing"}, "geometry": {"type": "LineString", "coordinates": [[83.3366797, 17.7382241], [83.3359187, 17.7375249], [83.3352651, 17.7369522], [83.3351795, 17.7368772]]}}, {"type": "Feature", "properties": {"osm_id": 1392730683, "highway": "tertiary", "oneway": "yes"}, "geometry": {"type": "LineString", "coordinates": [[83.335051, 17.7369005], [83.3351795, 17.7368772]]}}, {"type": "Feature", "properties": {"osm_id": 1392730684, "highway": "tertiary"}, "geometry": {"type": "LineString", "coordinates": [[83.3395775, 17.7357988], [83.3402229, 17.7356202], [83.3409805, 17.7354389], [83.3410417, 17.7354114]]}}, {"type": "Feature", "properties": {"osm_id": 1392730685, "highway": "tertiary"}, "geometry": {"type": "LineString", "coordinates": [[83.3389969, 17.7337123], [83.3401847, 17.73339], [83.340716, 17.7332937], [83.340762, 17.7332853], [83.3408703, 17.7332643]]}}, {"type": "Feature", "properties": {"osm_id": 1392730686, "highway": "tertiary"}, "geometry": {"type": "LineString", "coordinates": [[83.3388351, 17.7337468], [83.3389969, 17.7337123]]}}, {"type": "Feature", "properties": {"osm_id": 1392730688, "highway": "primary", "oneway": "yes"}, "geometry": {"type": "LineString", "coordinates": [[83.3400828, 17.7302663], [83.3398422, 17.7303632], [83.3391537, 17.7306404], [83.3388358, 17.7307452], [83.3381743, 17.7309464]]}}, {"type": "Feature", "properties": {"osm_id": 1392730689, "highway": "primary", "junction": "roundabout", "source": "Bing"}, "geometry": {"type": "LineString", "coordinates": [[83.3179588, 17.7229057], [83.3178784, 17.722866], [83.3178278, 17.7228478], [83.3178177, 17.7228504], [83.3178088, 17.7228552], [83.3177572, 17.7228908], [83.3177272, 17.7229241], [83.3177117, 17.7229565], [83.3177129, 17.7230016], [83.3177183, 17.7230482]]}}, {"type": "Feature", "properties": {"osm_id": 1392730690, "highway": "primary", "junction": "roundabout", "source": "Bing"}, "geometry": {"type": "LineString", "coordinates": [[83.3177183, 17.7230482], [83.3177564, 17.7231614], [83.3178072, 17.7232726]]}}, {"type": "Feature", "properties": {"osm_id": 1392730691, "highway": "primary", "name": "Sampath Vinayaka Temple Road", "oneway": "yes"}, "geometry": {"type": "LineString", "coordinates": [[83.3178072, 17.7232726], [83.3178314, 17.7233553], [83.3178482, 17.7234398], [83.3178663, 17.7235863], [83.3178724, 17.7236823], [83.3178872, 17.7239175], [83.3178981, 17.7240186], [83.3179037, 17.7240977], [83.3179123, 17.7241609]]}}, {"type": "Feature", "properties": {"osm_id": 1392730692, "highway": "primary", "lanes": "2", "oneway": "yes", "surface": "asphalt"}, "geometry": {"type": "LineString", "coordinates": [[83.3187911, 17.723868], [83.3186604, 17.7237663], [83.3185624, 17.72369], [83.3183882, 17.7235568], [83.3183108, 17.7234782], [83.3181943, 17.7233733], [83.3181111, 17.7232707]]}}, {"type": "Feature", "properties": {"osm_id": 1392730693, "highway": "primary", "oneway": "yes"}, "geometry": {"type": "LineString", "coordinates": [[83.3187298, 17.7241243], [83.3189016, 17.7240758], [83.3189567, 17.7240605]]}}, {"type": "Feature", "properties": {"osm_id": 1392730694, "highway": "primary", "name": "Station Road", "name:ur": "اسٹیشن روڈ", "oneway": "yes"}, "geometry": {"type": "LineString", "coordinates": [[83.2909112, 17.7223763], [83.2909082, 17.7224617], [83.2909203, 17.7225455], [83.2909594, 17.7226542], [83.2910006, 17.7227043], [83.2910843, 17.7227674], [83.2911969, 17.7228335], [83.2912853, 17.7228622]]}}, {"type": "Feature", "properties": {"osm_id": 1393172039, "highway": "tertiary", "name": "75 Feet Road", "oneway": "yes"}, "geometry": {"type": "LineString", "coordinates": [[83.2973955, 17.7125073], [83.2972652, 17.7124068], [83.2971221, 17.7122888]]}}, {"type": "Feature", "properties": {"osm_id": 1393172040, "bridge": "yes", "highway": "tertiary", "layer": "1", "name": "75 Feet Road", "oneway": "yes"}, "geometry": {"type": "LineString", "coordinates": [[83.2971221, 17.7122888], [83.2970867, 17.7122551]]}}, {"type": "Feature", "properties": {"osm_id": 1393591140, "highway": "primary", "lanes": "1", "maxspeed": "40", "name": "Simhachalam Road", "oneway": "yes", "source": "bing", "surface": "asphalt"}, "geometry": {"type": "LineString", "coordinates": [[83.2363876, 17.7709787], [83.2360764, 17.7709226]]}}, {"type": "Feature", "properties": {"osm_id": 1393591151, "cycleway:both": "no", "highway": "primary", "oneway": "yes"}, "geometry": {"type": "LineString", "coordinates": [[83.2527289, 17.7802887], [83.2526833, 17.7801993], [83.2526699, 17.7801603], [83.2526078, 17.7800431], [83.2526008, 17.7800306]]}}, {"type": "Feature", "properties": {"osm_id": 1393591154, "highway": "primary", "lanes": "3", "oneway": "yes"}, "geometry": {"type": "LineString", "coordinates": [[83.2363415, 17.7710764], [83.2366993, 17.7711638], [83.237402, 17.7712942], [83.237674, 17.7713656], [83.2382071, 17.7715294], [83.2383828, 17.7715816], [83.238539, 17.7716201], [83.2386242, 17.7716387], [83.2386701, 17.7716505], [83.2393487, 17.7717757], [83.2403493, 17.7719757], [83.2404429, 17.7719932], [83.2410412, 17.7721039], [83.2417313, 17.7721972], [83.2418214, 17.7722094], [83.2418726, 17.7722163], [83.2430233, 17.7723925], [83.243217, 17.7724271], [83.2433799, 17.7724617], [83.2438213, 17.7725522], [83.2439969, 17.7725905], [83.2441246, 17.7726395], [83.2441958, 17.7726669], [83.244295, 17.7727185], [83.2444489, 17.7727986], [83.2447761, 17.7729621], [83.2451323, 17.7731595], [83.2451927, 17.7731913], [83.2459603, 17.7736135], [83.2461889, 17.7737299], [83.2467987, 17.7740264], [83.2469977, 17.7741243], [83.2476916, 17.7744257], [83.2483705, 17.7747696], [83.2485191, 17.7748509], [83.248666, 17.7749501], [83.2487793, 17.7750476], [83.2489885, 17.7752658], [83.2491253, 17.7754243], [83.2492607, 17.775603], [83.2494096, 17.775796], [83.2495299, 17.7759524], [83.2496524, 17.7761203], [83.2500154, 17.7766315], [83.2506022, 17.7774577], [83.2507418, 17.7776543], [83.2508635, 17.7778256], [83.250926, 17.7779136], [83.2509514, 17.7779495], [83.2510646, 17.7781087], [83.2511798, 17.7782645], [83.2516882, 17.7789516], [83.2520329, 17.7794128], [83.2520654, 17.7794563], [83.25222, 17.7796632], [83.2522675, 17.7797268], [83.2523341, 17.7798355], [83.2525264, 17.7801495]]}}, {"type": "Feature", "properties": {"osm_id": 1409177647, "highway": "tertiary", "surface": "asphalt"}, "geometry": {"type": "LineString", "coordinates": [[83.2285889, 17.7440242], [83.2285697, 17.7439316]]}}, {"type": "Feature", "properties": {"osm_id": 1409177648, "highway": "primary", "name": "BRTS Bus Lane", "source": "maxar"}, "geometry": {"type": "LineString", "coordinates": [[83.2285697, 17.7439316], [83.2286688, 17.7439208], [83.2286977, 17.7439177], [83.2288773, 17.7438981], [83.2299972, 17.7437614], [83.2304507, 17.7437206], [83.2310902, 17.7436631], [83.2319391, 17.7435852], [83.2328618, 17.7434689], [83.2333462, 17.7434156]]}}, {"type": "Feature", "properties": {"osm_id": 1409177649, "highway": "tertiary", "source": "maxar"}, "geometry": {"type": "LineString", "coordinates": [[83.2254977, 17.74197], [83.2251322, 17.7422189]]}}, {"type": "Feature", "properties": {"osm_id": 1409177650, "highway": "tertiary"}, "geometry": {"type": "LineString", "coordinates": [[83.2150234, 17.7476639], [83.2151605, 17.7476533], [83.2153304, 17.7476157], [83.2153872, 17.7475895], [83.2154312, 17.7475401], [83.2154542, 17.7474541], [83.2154571, 17.7474376], [83.2154755, 17.7473327], [83.2154805, 17.7472409], [83.215452, 17.7470233], [83.2154474, 17.746988], [83.2154554, 17.7468793], [83.2154644, 17.746806], [83.2155354, 17.7467509], [83.2156364, 17.7467134], [83.2156718, 17.7467062], [83.2157684, 17.746699], [83.2159508, 17.7467101], [83.2161509, 17.7467094], [83.2162401, 17.7466992], [83.2163699, 17.7466711], [83.2165626, 17.7466028], [83.2170464, 17.746408], [83.2175178, 17.7462286], [83.2176348, 17.7462401], [83.2177159, 17.7462729]]}}, {"type": "Feature", "properties": {"osm_id": 1409177651, "highway": "secondary", "ref": "MDR0109"}, "geometry": {"type": "LineString", "coordinates": [[83.2150234, 17.7476639], [83.2150174, 17.7477747], [83.2149905, 17.747881], [83.2149304, 17.7480235], [83.2151875, 17.7484149], [83.2152874, 17.748586], [83.215394, 17.7487016], [83.215646, 17.7486388], [83.2159167, 17.7485287], [83.2162216, 17.7483975], [83.2164966, 17.7482835], [83.2168369, 17.7481424], [83.216903, 17.7481134], [83.2170328, 17.74805], [83.217796, 17.7476637], [83.2188738, 17.747118], [83.2191436, 17.7469778], [83.2194061, 17.7468256], [83.220427, 17.7462219], [83.2205839, 17.7462192], [83.2210645, 17.7459182], [83.2211089, 17.7458904], [83.2218024, 17.7454465], [83.2221535, 17.7452217], [83.2226598, 17.7448976], [83.2228735, 17.7447526], [83.2229101, 17.7447274], [83.2229473, 17.7447162], [83.2229989, 17.7447101], [83.2230341, 17.7447133], [83.2230693, 17.7447245], [83.2231367, 17.7447558], [83.223187, 17.7447762], [83.223298, 17.7448216], [83.2235995, 17.7449279], [83.2236684, 17.7449531], [83.2238442, 17.744971], [83.2239447, 17.7449991], [83.2240274, 17.7450773], [83.2240816, 17.7451556]]}}, {"type": "Feature", "properties": {"osm_id": 1409177652, "highway": "secondary", "ref": "NH516C"}, "geometry": {"type": "LineString", "coordinates": [[83.1878629, 17.742908], [83.1878653, 17.7428872], [83.1878647, 17.7428691], [83.1878166, 17.7426056], [83.1877541, 17.7423715], [83.1876844, 17.7420794], [83.1876223, 17.7418188], [83.1875927, 17.7416948], [83.1875521, 17.7415378], [83.1874817, 17.7412662], [83.1874179, 17.7410196], [83.1873098, 17.7406959], [83.1872468, 17.7405375], [83.1871755, 17.7403699], [83.186992, 17.7401068], [83.1869198, 17.7400371], [83.1868136, 17.7399346], [83.1867801, 17.7398809], [83.1867532, 17.7398222], [83.1867223, 17.7397275], [83.1867009, 17.739681], [83.1866821, 17.7396574], [83.186662, 17.7396446], [83.1866205, 17.7396344], [83.1864533, 17.739643], [83.1864345, 17.7396276], [83.1864237, 17.7396046], [83.1864032, 17.7394607], [83.1863858, 17.7392027], [83.1863952, 17.7391375], [83.1864099, 17.7390634], [83.1864287, 17.738974], [83.1864609, 17.7388935], [83.186489, 17.7388654], [83.1866017, 17.7388258], [83.1866741, 17.7387926], [83.1867381, 17.7387273], [83.1867193, 17.7386158], [83.1866821, 17.7383957], [83.1866126, 17.7382124], [83.1866117, 17.7381781], [83.1866056, 17.7379522], [83.1865911, 17.7374124], [83.1865776, 17.737296], [83.186515, 17.7363457], [83.1864868, 17.7357194], [83.1864987, 17.7355289], [83.1864003, 17.7345623], [83.1864033, 17.7344118], [83.1864035, 17.7343457], [83.1864175, 17.734271], [83.186459, 17.7342038], [83.1865645, 17.7341387], [83.1866241, 17.7340911], [83.1866439, 17.7340331], [83.1866465, 17.7339478], [83.186575, 17.733659], [83.1863035, 17.7323875], [83.186165, 17.731837], [83.1860025, 17.7313561], [83.1859554, 17.7312509], [83.1859123, 17.7311722], [83.1858344, 17.7310297], [83.1858012, 17.730937], [83.1857694, 17.7308255], [83.1857327, 17.7306944], [83.1857218, 17.7306151], [83.1857122, 17.7305479], [83.1856717, 17.7302699], [83.1856325, 17.7300272], [83.1856077, 17.7298182], [83.1855918, 17.7297546], [83.1855852, 17.7297294], [83.1855345, 17.7296171], [83.1854353, 17.7294516], [83.1852862, 17.7291979], [83.1852756, 17.729161], [83.1852702, 17.729142], [83.1852584, 17.7290796], [83.1852593, 17.729017], [83.1852763, 17.7287816], [83.1852919, 17.7287302], [83.1853134, 17.728689], [83.1853465, 17.7286623], [83.1853867, 17.728644], [83.1856943, 17.7285973], [83.1859135, 17.7285641], [83.1859574, 17.7285492], [83.1859932, 17.7285308], [83.1869337, 17.7279059], [83.1870092, 17.7278434], [83.1870371, 17.727785], [83.1870303, 17.7276954], [83.1869732, 17.7275158], [83.1867379, 17.7267758], [83.1866697, 17.7265782], [83.1865229, 17.7261531], [83.1864703, 17.7260009], [83.1863267, 17.7255723]]}}, {"type": "Feature", "properties": {"osm_id": 1410443097, "highway": "secondary", "lanes": "2", "name": "Visakhapatnam Port Authority Road", "oneway": "-1", "surface": "asphalt"}, "geometry": {"type": "LineString", "coordinates": [[83.2892248, 17.6917505], [83.289278, 17.6919114], [83.2893181, 17.6920294], [83.2893602, 17.6921346], [83.2894726, 17.6923916], [83.2895637, 17.6925916], [83.2895767, 17.6926258], [83.2896248, 17.6927528], [83.2896355, 17.6927811], [83.2896797, 17.6929127], [83.2896996, 17.6929821], [83.2897212, 17.6930574], [83.2897598, 17.693189], [83.2898151, 17.6933127], [83.2898769, 17.6934382], [83.289969, 17.6936137], [83.2900243, 17.6937231], [83.2900796, 17.6938324], [83.2901221, 17.6939164], [83.2901841, 17.694043], [83.2902453, 17.6941682], [83.2902722, 17.6942295], [83.2903337, 17.6943695], [83.2904138, 17.6945776], [83.2904688, 17.6947464], [83.2905168, 17.6949154], [83.2905604, 17.6950789], [83.2905886, 17.6951972], [83.2906165, 17.6953247], [83.2906347, 17.6954406], [83.2907569, 17.6963053], [83.2909485, 17.6976], [83.2909992, 17.6979265], [83.2910599, 17.6983371], [83.2911027, 17.6986373], [83.2911548, 17.6990483], [83.2911719, 17.6991573], [83.2911865, 17.6992451], [83.2912054, 17.6993288], [83.2912223, 17.6993772], [83.2912326, 17.6994066], [83.2912451, 17.6994416], [83.2912619, 17.6994884], [83.2912954, 17.6995881], [83.2913143, 17.6996675], [83.2913281, 17.6997431], [83.2913367, 17.6997903], [83.2916064, 17.7014577], [83.2916474, 17.7017195], [83.2916618, 17.7017905], [83.2916774, 17.7018506], [83.2916893, 17.7018853], [83.2917074, 17.7019236], [83.2917462, 17.7019839], [83.2917855, 17.7020363], [83.2918548, 17.7021247], [83.2919095, 17.7021913], [83.2919624, 17.7022716], [83.2919959, 17.7023394], [83.2920231, 17.7024231], [83.2920462, 17.7025288], [83.2920817, 17.7027652], [83.292185, 17.7034451], [83.292191, 17.7034848], [83.2922034, 17.7035665], [83.2922082, 17.7035984], [83.2922112, 17.7036178], [83.2922419, 17.7038201], [83.2924052, 17.704961], [83.2924229, 17.7050947], [83.2924491, 17.7052634], [83.2925826, 17.7060597], [83.2928668, 17.7078285], [83.2931572, 17.709707], [83.2932224, 17.7100846], [83.2932417, 17.7101767], [83.2932544, 17.7102286], [83.2932725, 17.7102887], [83.2932948, 17.7103517], [83.2933175, 17.7104114], [83.2934639, 17.7107951], [83.2934998, 17.7108951], [83.2935192, 17.7109872], [83.2935275, 17.711074], [83.2935302, 17.7111422], [83.2935357, 17.7113881], [83.2935348, 17.7114665], [83.2935178, 17.711557], [83.2934872, 17.7116476], [83.2934465, 17.7117284], [83.2933854, 17.7118061], [83.2933422, 17.7118551], [83.293303, 17.7118997], [83.2930632, 17.7121245], [83.2928418, 17.712332]]}}, {"type": "Feature", "properties": {"osm_id": 1410443098, "highway": "secondary", "lanes": "2", "name": "Visakhapatnam Port Authority Road", "oneway": "-1", "surface": "asphalt"}, "geometry": {"type": "LineString", "coordinates": [[83.2929172, 17.7121245], [83.2931177, 17.7119362], [83.2932786, 17.711769], [83.2933291, 17.7117131], [83.2933717, 17.7116572], [83.2934084, 17.7115907], [83.2934331, 17.7115196], [83.2934427, 17.7114572], [83.2934471, 17.7113993], [83.2934343, 17.711138], [83.2934295, 17.7110464], [83.2934223, 17.7109823], [83.2934031, 17.710909], [83.2933766, 17.7108311], [83.2932372, 17.7104787], [83.2932035, 17.7103848], [83.2931771, 17.7103], [83.2931555, 17.7102198], [83.2931314, 17.7101053], [83.2930641, 17.709716], [83.292766, 17.70784], [83.292493, 17.7060672], [83.292366, 17.7052809], [83.2923377, 17.7051006], [83.2923195, 17.7049701], [83.2921528, 17.7038324], [83.2921188, 17.7036126], [83.2921138, 17.7035801], [83.2921021, 17.703499], [83.2920952, 17.7034597], [83.2920923, 17.703441], [83.2919894, 17.7027751], [83.2919355, 17.7024595], [83.2919167, 17.7023837], [83.2918999, 17.7023279], [83.2918748, 17.702288], [83.2918371, 17.7022501], [83.2917974, 17.7022202], [83.2917688, 17.7021965], [83.2917366, 17.7021624], [83.2917142, 17.7021346], [83.2916922, 17.7020984], [83.2916724, 17.7020588], [83.2916529, 17.7020108], [83.2916152, 17.7019091], [83.291596, 17.7018482], [83.2915791, 17.7017798], [83.2915639, 17.7017007], [83.2915242, 17.7014685], [83.2912525, 17.6997951], [83.2912459, 17.699758], [83.2912333, 17.6996869], [83.2912138, 17.6996013], [83.2911887, 17.6995256], [83.291163, 17.6994579], [83.2911447, 17.6994099], [83.2911395, 17.6993955], [83.2911133, 17.6993241], [83.2910966, 17.6992463], [83.2910819, 17.6991586], [83.2910669, 17.6990518], [83.2910129, 17.6986461], [83.2909665, 17.6983549], [83.2908945, 17.6979144], [83.2908469, 17.6976121], [83.2906476, 17.6963122], [83.2905192, 17.6954449], [83.2904962, 17.6953297], [83.2904658, 17.6952086], [83.2904373, 17.6951024], [83.2903926, 17.6949342], [83.2903419, 17.6947649], [83.2902971, 17.6946128], [83.2902538, 17.6944868], [83.2901937, 17.6943402], [83.2901255, 17.6941891], [83.2900533, 17.6940356], [83.2897791, 17.6934652], [83.2897285, 17.6933358], [83.2896622, 17.6931569], [83.2896152, 17.6930042], [83.2895683, 17.6928542], [83.2895406, 17.6927815], [83.2895258, 17.6927425], [83.2894857, 17.6926507], [83.2894732, 17.6926222], [83.2894164, 17.6925039], [83.2893299, 17.6923365], [83.2892158, 17.6921284], [83.2891805, 17.6920652], [83.289134, 17.691975], [83.2891012, 17.6919077], [83.2890682, 17.6918228], [83.2890445, 17.6917529]]}}, {"type": "Feature", "properties": {"osm_id": 1410443099, "highway": "tertiary", "oneway": "yes"}, "geometry": {"type": "LineString", "coordinates": [[83.2913844, 17.7036688], [83.2914904, 17.7036779], [83.2915752, 17.7036737], [83.2920424, 17.7035925], [83.2921138, 17.7035801], [83.2922034, 17.7035665], [83.2924181, 17.7035311], [83.2925122, 17.7035163], [83.2925909, 17.7035005], [83.2926858, 17.7034817], [83.2927732, 17.7034611], [83.2928679, 17.7034361]]}}, {"type": "Feature", "properties": {"osm_id": 1410443100, "highway": "tertiary", "oneway": "yes"}, "geometry": {"type": "LineString", "coordinates": [[83.2928462, 17.7033526], [83.2927553, 17.7033769], [83.2926553, 17.7034007], [83.2925895, 17.703415], [83.2925371, 17.7034255], [83.2924735, 17.7034374], [83.2923998, 17.703449], [83.2922989, 17.7034663], [83.2922584, 17.7034733], [83.292191, 17.7034848], [83.2921021, 17.703499], [83.2915627, 17.7035959], [83.2914841, 17.7036175], [83.2913844, 17.7036688]]}}, {"type": "Feature", "properties": {"osm_id": 1410443103, "bridge": "yes", "highway": "tertiary", "layer": "1"}, "geometry": {"type": "LineString", "coordinates": [[83.2907719, 17.693677], [83.2903844, 17.6937643]]}}, {"type": "Feature", "properties": {"osm_id": 1410443104, "highway": "tertiary"}, "geometry": {"type": "LineString", "coordinates": [[83.2903844, 17.6937643], [83.2901866, 17.6938085], [83.2900796, 17.6938324]]}}, {"type": "Feature", "properties": {"osm_id": 1410443107, "highway": "secondary", "lanes": "2", "name": "Visakhapatnam Port Authority Road", "oneway": "-1", "surface": "asphalt"}, "geometry": {"type": "LineString", "coordinates": [[83.288892, 17.6911126], [83.2889556, 17.6911301], [83.2890026, 17.6911591], [83.2890393, 17.6912016], [83.2890539, 17.6912278]]}}, {"type": "Feature", "properties": {"osm_id": 1410443108, "bridge": "yes", "highway": "secondary", "lanes": "2", "layer": "1", "name": "Visakhapatnam Port Authority Road", "oneway": "-1", "surface": "asphalt"}, "geometry": {"type": "LineString", "coordinates": [[83.2890539, 17.6912278], [83.2892248, 17.6917505]]}}, {"type": "Feature", "properties": {"osm_id": 1410443110, "bridge": "yes", "highway": "secondary", "lanes": "2", "layer": "1", "name": "Visakhapatnam Port Authority Road", "oneway": "-1", "surface": "asphalt"}, "geometry": {"type": "LineString", "coordinates": [[83.2890445, 17.6917529], [83.2889451, 17.6914233]]}}, {"type": "Feature", "properties": {"osm_id": 1410443111, "highway": "secondary", "lanes": "2", "name": "Visakhapatnam Port Authority Road", "oneway": "-1", "surface": "asphalt"}, "geometry": {"type": "LineString", "coordinates": [[83.2889451, 17.6914233], [83.2889005, 17.6912788], [83.2888921, 17.691217], [83.2888893, 17.6911591], [83.288892, 17.6911126]]}}, {"type": "Feature", "properties": {"osm_id": 1410443112, "highway": "tertiary", "oneway": "yes"}, "geometry": {"type": "LineString", "coordinates": [[83.2922191, 17.7128042], [83.2919957, 17.7129798], [83.2918014, 17.7131458]]}}, {"type": "Feature", "properties": {"osm_id": 1410443113, "highway": "tertiary", "oneway": "yes"}, "geometry": {"type": "LineString", "coordinates": [[83.2918874, 17.7132555], [83.2920608, 17.7131098], [83.2922916, 17.712858]]}}, {"type": "Feature", "properties": {"osm_id": 1410443115, "bridge": "yes", "highway": "primary", "lanes": "3", "layer": "1", "oneway": "yes", "surface": "asphalt"}, "geometry": {"type": "LineString", "coordinates": [[83.2874606, 17.7163186], [83.2892, 17.7168665], [83.2893034, 17.7168944], [83.2894145, 17.7169167], [83.2895335, 17.7169371], [83.2896563, 17.7169445], [83.2897459, 17.7169452], [83.2898668, 17.716939], [83.2899839, 17.7169231], [83.2900958, 17.7169023], [83.2902245, 17.7168692], [83.2903904, 17.716814], [83.2905512, 17.7167515], [83.2906567, 17.7167025], [83.2907783, 17.71664], [83.290892, 17.7165727], [83.2909835, 17.7165126], [83.2910881, 17.7164333], [83.2911835, 17.716355], [83.2912616, 17.7162822], [83.2913634, 17.7161771], [83.2914449, 17.7160752], [83.2915264, 17.7159701], [83.2915994, 17.7158602], [83.2916741, 17.7157356], [83.2917216, 17.7156467], [83.2917759, 17.7155238], [83.2924919, 17.7138363]]}}, {"type": "Feature", "properties": {"osm_id": 1410443116, "highway": "secondary", "lanes": "2", "name": "Visakhapatnam Port Authority Road", "oneway": "-1", "surface": "asphalt"}, "geometry": {"type": "LineString", "coordinates": [[83.2925445, 17.7134056], [83.2923829, 17.7138066], [83.29183, 17.7151083], [83.2916844, 17.7154691], [83.2916338, 17.7155787], [83.2915811, 17.7156827], [83.2915207, 17.7157886], [83.2914505, 17.7158963], [83.2913647, 17.7160096], [83.2912828, 17.7161025], [83.291197, 17.7161917], [83.2910791, 17.7162967], [83.290964, 17.7163886], [83.2908704, 17.7164528], [83.2907729, 17.7165152], [83.2906691, 17.7165733], [83.2905618, 17.7166257], [83.2904724, 17.7166626], [83.2903245, 17.7167152], [83.2901603, 17.7167674], [83.290096, 17.7167896], [83.2900277, 17.7168249], [83.2899848, 17.7168509], [83.289834, 17.7169681]]}}, {"type": "Feature", "properties": {"osm_id": 1410443117, "highway": "secondary", "lanes": "2", "name": "Visakhapatnam Port Authority Road", "oneway": "-1", "surface": "asphalt"}, "geometry": {"type": "LineString", "coordinates": [[83.2898813, 17.7167917], [83.2899442, 17.7167205], [83.2900069, 17.7166736], [83.2900652, 17.7166544], [83.2901503, 17.7166288], [83.2903252, 17.7165768], [83.2903907, 17.7165565], [83.2904495, 17.7165362], [83.2905066, 17.7165148], [83.2905783, 17.716485], [83.2906746, 17.7164402], [83.29077, 17.7163855], [83.2908381, 17.7163399], [83.2909357, 17.7162675], [83.2910003, 17.7162141], [83.2911321, 17.7160888], [83.2912474, 17.7159649], [83.291342, 17.7158354], [83.2914306, 17.7156974], [83.2915075, 17.7155567], [83.2915695, 17.7154103], [83.2917025, 17.7150809], [83.2922517, 17.7137654], [83.2923716, 17.7134703]]}}, {"type": "Feature", "properties": {"osm_id": 1410443121, "bridge": "yes", "highway": "secondary", "lanes": "2", "layer": "1", "name": "Visakhapatnam Port Authority Road", "oneway": "-1", "surface": "paving_stones"}, "geometry": {"type": "LineString", "coordinates": [[83.2923716, 17.7134703], [83.2924339, 17.713324]]}}, {"type": "Feature", "properties": {"osm_id": 1410443122, "highway": "secondary", "lanes": "2", "name": "Visakhapatnam Port Authority Road", "oneway": "-1", "surface": "asphalt"}, "geometry": {"type": "LineString", "coordinates": [[83.2924339, 17.713324], [83.2924799, 17.7132091], [83.2926339, 17.7128554], [83.2928119, 17.7124143], [83.2928418, 17.712332], [83.2929172, 17.7121245]]}}, {"type": "Feature", "properties": {"osm_id": 1410443123, "highway": "secondary", "lanes": "2", "name": "Visakhapatnam Port Authority Road", "oneway": "-1", "surface": "asphalt"}, "geometry": {"type": "LineString", "coordinates": [[83.2930632, 17.7121245], [83.292778, 17.7128848], [83.2926262, 17.7131969], [83.2925997, 17.7132596]]}}, {"type": "Feature", "properties": {"osm_id": 1410443124, "bridge": "yes", "highway": "secondary", "lanes": "2", "layer": "1", "name": "Visakhapatnam Port Authority Road", "oneway": "-1", "surface": "paving_stones"}, "geometry": {"type": "LineString", "coordinates": [[83.2925997, 17.7132596], [83.2925445, 17.7134056]]}}, {"type": "Feature", "properties": {"osm_id": 1410443127, "bridge": "yes", "highway": "primary", "lanes": "3", "layer": "1", "oneway": "yes", "surface": "asphalt"}, "geometry": {"type": "LineString", "coordinates": [[83.2926972, 17.7133477], [83.2927589, 17.7131948]]}}, {"type": "Feature", "properties": {"osm_id": 1410443128, "highway": "primary", "lanes": "3", "oneway": "yes", "surface": "asphalt"}, "geometry": {"type": "LineString", "coordinates": [[83.2924919, 17.7138363], [83.2926972, 17.7133477]]}}, {"type": "Feature", "properties": {"osm_id": 1410443129, "highway": "primary", "lanes": "3", "oneway": "yes", "surface": "asphalt"}, "geometry": {"type": "LineString", "coordinates": [[83.2927589, 17.7131948], [83.292793, 17.7131079], [83.2928707, 17.7129475], [83.2933422, 17.7118551]]}}, {"type": "Feature", "properties": {"osm_id": 1410443131, "highway": "secondary"}, "geometry": {"type": "LineString", "coordinates": [[83.2929485, 17.7132519], [83.2924022, 17.7145428], [83.2919956, 17.7155232], [83.2919109, 17.7157166], [83.2918464, 17.715852], [83.2918114, 17.715917], [83.291747, 17.7160341], [83.2916944, 17.7161158], [83.2916437, 17.7161864], [83.2915735, 17.7162755], [83.2915325, 17.7163294], [83.2914779, 17.7164074], [83.2914097, 17.7165114], [83.2913629, 17.7165783], [83.2913356, 17.7166099], [83.2913006, 17.7166408], [83.2912673, 17.7166619], [83.2912273, 17.7166842], [83.2911796, 17.7167102], [83.2911301, 17.7167348], [83.2910708, 17.7167602], [83.2910181, 17.7167788], [83.2909287, 17.7168054], [83.290689, 17.7168745], [83.2905279, 17.7169301], [83.2904368, 17.7169768], [83.2903481, 17.7170324], [83.2902764, 17.7170863], [83.2901674, 17.7171766]]}}, {"type": "Feature", "properties": {"osm_id": 1410443132, "highway": "secondary"}, "geometry": {"type": "LineString", "coordinates": [[83.2937827, 17.7112658], [83.293764, 17.7112998], [83.293742, 17.7113459], [83.2937318, 17.7113742], [83.2937199, 17.7114081], [83.2936978, 17.7114728], [83.2936775, 17.7115375], [83.2936368, 17.7116508], [83.2934799, 17.712055], [83.29342, 17.7122176], [83.2933756, 17.7123399], [83.2932945, 17.7125632], [83.2932475, 17.7126807], [83.2931948, 17.7127773], [83.2931305, 17.7128738], [83.2930853, 17.7129544], [83.2930497, 17.7130248], [83.2930201, 17.7130895]]}}, {"type": "Feature", "properties": {"osm_id": 1410443133, "bridge": "yes", "highway": "secondary", "layer": "1"}, "geometry": {"type": "LineString", "coordinates": [[83.2930201, 17.7130895], [83.2929485, 17.7132519]]}}, {"type": "Feature", "properties": {"osm_id": 1410443134, "highway": "tertiary", "oneway": "yes"}, "geometry": {"type": "LineString", "coordinates": [[83.2922916, 17.712858], [83.2925292, 17.7126268], [83.2928418, 17.712332]]}}, {"type": "Feature", "properties": {"osm_id": 1410443135, "highway": "tertiary", "oneway": "yes"}, "geometry": {"type": "LineString", "coordinates": [[83.2929172, 17.7121245], [83.2924567, 17.712573], [83.2922191, 17.7128042]]}}, {"type": "Feature", "properties": {"osm_id": 1410443136, "highway": "secondary"}, "geometry": {"type": "LineString", "coordinates": [[83.2937827, 17.7112658], [83.2938341, 17.7112178], [83.2939003, 17.7111805], [83.294137, 17.7108268], [83.2942092, 17.7107477]]}}, {"type": "Feature", "properties": {"osm_id": 1410443137, "highway": "primary", "oneway": "yes"}, "geometry": {"type": "LineString", "coordinates": [[83.2871119, 17.7162237], [83.2874606, 17.7163186]]}}, {"type": "Feature", "properties": {"osm_id": 1410443138, "highway": "secondary", "oneway": "yes"}, "geometry": {"type": "LineString", "coordinates": [[83.289834, 17.7169681], [83.2898587, 17.7168606], [83.2898712, 17.7168225], [83.2898813, 17.7167917]]}}, {"type": "Feature", "properties": {"osm_id": 1412233484, "highway": "tertiary"}, "geometry": {"type": "LineString", "coordinates": [[83.2202552, 17.7449809], [83.2202034, 17.7450617], [83.2201169, 17.7451834], [83.2198933, 17.74539], [83.219767, 17.74548], [83.2197482, 17.7454909], [83.2197276, 17.7454866], [83.2197049, 17.7454653]]}}, {"type": "Feature", "properties": {"osm_id": 1412233485, "highway": "tertiary", "tunnel": "yes"}, "geometry": {"type": "LineString", "coordinates": [[83.2197049, 17.7454653], [83.219212, 17.7450368]]}}, {"type": "Feature", "properties": {"osm_id": 1412233486, "highway": "tertiary"}, "geometry": {"type": "LineString", "coordinates": [[83.2182491, 17.7459073], [83.2184804, 17.7457157], [83.2187768, 17.7453906], [83.2189988, 17.7451339], [83.2190377, 17.7450751], [83.2190712, 17.74504], [83.2191101, 17.7450055], [83.2191255, 17.7449998], [83.2191436, 17.7449991], [83.219212, 17.7450368]]}}, {"type": "Feature", "properties": {"osm_id": 1414063789, "dual_carriageway": "yes", "highway": "primary", "lanes": "2", "maxspeed": "70", "maxspeed:type": "sign", "name": "Visakhapatnam - Anandapuram Main Road", "oneway": "yes", "ref:old": "NH5", "surface": "asphalt"}, "geometry": {"type": "LineString", "coordinates": [[83.3340625, 17.7610043], [83.3340414, 17.7609378], [83.3339476, 17.7605687], [83.3338604, 17.7600953], [83.3337426, 17.7594557], [83.3336088, 17.7588317], [83.3335733, 17.7586465], [83.3335057, 17.7582933], [83.3334232, 17.7579079]]}}, {"type": "Feature", "properties": {"osm_id": 1414063790, "access": "yes", "bicycle": "yes", "foot": "yes", "highway": "tertiary", "horse": "unknown", "lanes": "1", "maxspeed": "30", "motor_vehicle": "yes", "name": "Adarsh nagar-Ravindra Nagar Road", "oneway": "no", "surface": "concrete"}, "geometry": {"type": "LineString", "coordinates": [[83.321077, 17.7644327], [83.3211561, 17.7644679], [83.3212339, 17.7644999], [83.3213224, 17.7645165], [83.3214737, 17.7645024], [83.3215262, 17.7645062], [83.3215725, 17.7645279], [83.3216134, 17.7645752], [83.3216972, 17.7646835], [83.3218695, 17.7648677], [83.3219169, 17.7648962], [83.3219862, 17.7649379], [83.3221883, 17.7649954], [83.3222692, 17.7650184], [83.3223575, 17.7650361], [83.3225359, 17.765072], [83.3227905, 17.765082], [83.3230402, 17.7651043]]}}, {"type": "Feature", "properties": {"osm_id": 1414063791, "access": "yes", "bicycle": "yes", "foot": "yes", "highway": "tertiary", "horse": "unknown", "lanes": "1", "maxspeed": "30", "motor_vehicle": "yes", "name": "Adarsh nagar-Ravindra Nagar Road", "oneway": "no", "surface": "concrete"}, "geometry": {"type": "LineString", "coordinates": [[83.3204868, 17.7641665], [83.3206176, 17.7642631], [83.3208638, 17.76435], [83.3209591, 17.7643804], [83.3210213, 17.764408]]}}, {"type": "Feature", "properties": {"osm_id": 1414063792, "access": "yes", "bicycle": "yes", "bridge": "yes", "foot": "yes", "highway": "tertiary", "horse": "unknown", "lanes": "1", "layer": "1", "maxspeed": "30", "motor_vehicle": "yes", "name": "Adarsh nagar-Ravindra Nagar Road", "oneway": "no", "surface": "concrete"}, "geometry": {"type": "LineString", "coordinates": [[83.3210213, 17.764408], [83.321077, 17.7644327]]}}, {"type": "Feature", "properties": {"osm_id": 1414063794, "highway": "tertiary", "oneway": "yes"}, "geometry": {"type": "LineString", "coordinates": [[83.3340414, 17.7609378], [83.3339019, 17.7609889]]}}, {"type": "Feature", "properties": {"osm_id": 1414063795, "dual_carriageway": "yes", "highway": "primary", "lanes": "2", "maxspeed": "70", "maxspeed:type": "sign", "name": "Visakhapatnam - Anandapuram Main Road", "oneway": "yes", "ref:old": "NH5", "surface": "asphalt"}, "geometry": {"type": "LineString", "coordinates": [[83.3324505, 17.7546578], [83.332504, 17.7549722], [83.3325124, 17.7550118], [83.3325155, 17.7550263], [83.3325501, 17.7551011], [83.3326079, 17.7553267], [83.332625, 17.7554018], [83.3326326, 17.7554326], [83.3326366, 17.755449], [83.3327203, 17.755742], [83.3329936, 17.7567167], [83.3330137, 17.7567919], [83.3331066, 17.7571399], [83.3331504, 17.7573042], [83.333181, 17.7574187], [83.3332667, 17.7577675], [83.3332948, 17.7579288], [83.3333049, 17.757987], [83.333362, 17.7582604], [83.3333669, 17.7582841], [83.3333833, 17.7583628], [83.3333962, 17.7584244], [83.3334449, 17.7586582], [83.333493, 17.7589022], [83.3335592, 17.7592384], [83.3336061, 17.7594766], [83.3337302, 17.7601983], [83.3337879, 17.7605036], [83.3338201, 17.7606607], [83.3338536, 17.7607986]]}}, {"type": "Feature", "properties": {"osm_id": 1414067696, "highway": "tertiary", "oneway": "yes"}, "geometry": {"type": "LineString", "coordinates": [[83.3049842, 17.762076], [83.3049981, 17.7621739], [83.3050073, 17.7622481]]}}, {"type": "Feature", "properties": {"osm_id": 1414067697, "highway": "tertiary", "lanes": "2", "name": "BRTS Bus Lane", "oneway": "no", "surface": "asphalt"}, "geometry": {"type": "LineString", "coordinates": [[83.3050795, 17.7622369], [83.3050411, 17.7622441], [83.3050073, 17.7622481]]}}, {"type": "Feature", "properties": {"osm_id": 1414067698, "highway": "tertiary", "oneway": "yes"}, "geometry": {"type": "LineString", "coordinates": [[83.3050666, 17.7621633], [83.3050526, 17.7620711]]}}, {"type": "Feature", "properties": {"osm_id": 1414067699, "highway": "primary", "lanes": "2", "maxspeed": "40", "name": "Simhachalam - Hanumanthuwaka Road", "oneway": "yes", "source:maxspeed": "sign"}, "geometry": {"type": "LineString", "coordinates": [[83.3050666, 17.7621633], [83.3049981, 17.7621739], [83.3049269, 17.7621764], [83.3048197, 17.7621802], [83.304521, 17.7621805], [83.304116, 17.7621575], [83.3034937, 17.7621014]]}}, {"type": "Feature", "properties": {"osm_id": 1414067700, "highway": "tertiary", "oneway": "yes"}, "geometry": {"type": "LineString", "coordinates": [[83.3050795, 17.7622369], [83.3050666, 17.7621633]]}}, {"type": "Feature", "properties": {"osm_id": 1414087369, "highway": "secondary", "oneway": "yes"}, "geometry": {"type": "LineString", "coordinates": [[83.3023999, 17.711736], [83.3022271, 17.7114511], [83.3021352, 17.711292], [83.3020614, 17.7111641], [83.301985, 17.7110326], [83.3019761, 17.7110144], [83.3019589, 17.7109789], [83.3019269, 17.7109132]]}}, {"type": "Feature", "properties": {"osm_id": 1414087370, "highway": "tertiary", "name": "Costal Battery Road", "oneway": "no"}, "geometry": {"type": "LineString", "coordinates": [[83.3098231, 17.7053088], [83.3097531, 17.7053826], [83.3095382, 17.7056324]]}}, {"type": "Feature", "properties": {"osm_id": 1414087371, "highway": "primary", "lanes": "2", "name": "Beach Road", "name:te": "బీచ్ రోడ్", "oneway": "yes", "sidewalk:left": "yes", "sidewalk:left:surface": "paving_stones", "surface": "asphalt"}, "geometry": {"type": "LineString", "coordinates": [[83.3097531, 17.7053826], [83.3098322, 17.7054663], [83.3099877, 17.705631], [83.3101009, 17.7057315]]}}, {"type": "Feature", "properties": {"osm_id": 1414087372, "highway": "primary", "junction": "roundabout", "lanes": "2", "name": "Beach Road", "name:te": "బీచ్ రోడ్", "oneway": "yes", "surface": "asphalt"}, "geometry": {"type": "LineString", "coordinates": [[83.3181653, 17.7114892], [83.3181571, 17.7114645], [83.3181414, 17.7114434], [83.3181196, 17.7114279], [83.3180938, 17.7114196], [83.3180666, 17.7114194]]}}, {"type": "Feature", "properties": {"osm_id": 1414087373, "highway": "primary", "junction": "roundabout", "lanes": "2", "name": "Beach Road", "name:te": "బీచ్ రోడ్", "oneway": "yes", "surface": "asphalt"}, "geometry": {"type": "LineString", "coordinates": [[83.3181179, 17.7115754], [83.3181401, 17.7115604], [83.3181563, 17.7115397], [83.3181644, 17.7115139], [83.3181653, 17.7114892]]}}, {"type": "Feature", "properties": {"osm_id": 1414087374, "highway": "primary", "junction": "roundabout", "lanes": "2", "name": "Beach Road", "name:te": "బీచ్ రోడ్", "oneway": "yes", "surface": "asphalt"}, "geometry": {"type": "LineString", "coordinates": [[83.3180666, 17.7114194], [83.3180407, 17.7114271], [83.3180185, 17.7114421], [83.3180023, 17.7114629], [83.3179936, 17.7114874]]}}, {"type": "Feature", "properties": {"osm_id": 1414087375, "highway": "primary", "junction": "roundabout", "oneway": "yes"}, "geometry": {"type": "LineString", "coordinates": [[83.3358538, 17.7217716], [83.3358563, 17.7217053], [83.3358319, 17.7216432], [83.3357844, 17.7215947], [83.3357558, 17.7215823], [83.335721, 17.7215672], [83.3356987, 17.7215665]]}}, {"type": "Feature", "properties": {"osm_id": 1414087376, "highway": "primary", "junction": "roundabout", "oneway": "yes"}, "geometry": {"type": "LineString", "coordinates": [[83.3356393, 17.7218981], [83.3357089, 17.7219004], [83.3357741, 17.7218772], [83.335825, 17.7218319], [83.3358538, 17.7217716]]}}, {"type": "Feature", "properties": {"osm_id": 1414087377, "highway": "primary", "junction": "roundabout", "oneway": "yes"}, "geometry": {"type": "LineString", "coordinates": [[83.3356987, 17.7215665], [83.3356514, 17.7215649], [83.3355862, 17.7215881], [83.3355353, 17.7216334], [83.3355163, 17.7216732]]}}, {"type": "Feature", "properties": {"osm_id": 1414087378, "highway": "primary", "junction": "roundabout", "lanes": "2", "name": "Pedda Waltair Depot Junction", "oneway": "yes", "surface": "asphalt"}, "geometry": {"type": "LineString", "coordinates": [[83.3402335, 17.730297], [83.3402415, 17.7302821], [83.3402459, 17.7302659], [83.3402466, 17.7302492], [83.3402428, 17.7302303], [83.3402344, 17.7302129], [83.3402217, 17.7301979], [83.3402108, 17.7301894]]}}, {"type": "Feature", "properties": {"osm_id": 1414087379, "highway": "primary", "junction": "roundabout", "lanes": "2", "name": "Pedda Waltair Depot Junction", "oneway": "yes", "surface": "asphalt"}, "geometry": {"type": "LineString", "coordinates": [[83.3401395, 17.7303293], [83.3401749, 17.7303322], [83.3402083, 17.7303208], [83.3402335, 17.730297]]}}, {"type": "Feature", "properties": {"osm_id": 1414087380, "highway": "primary", "junction": "roundabout", "lanes": "2", "name": "Pedda Waltair Depot Junction", "oneway": "yes", "surface": "asphalt"}, "geometry": {"type": "LineString", "coordinates": [[83.3402108, 17.7301894], [83.3401842, 17.730178], [83.3401552, 17.7301762], [83.3401272, 17.7301841]]}}, {"type": "Feature", "properties": {"osm_id": 1414087381, "highway": "primary", "junction": "roundabout", "oneway": "yes", "ref": "SH144"}, "geometry": {"type": "LineString", "coordinates": [[83.3437877, 17.7418181], [83.3437826, 17.7417961], [83.3437701, 17.741777]]}}, {"type": "Feature", "properties": {"osm_id": 1414087382, "highway": "primary", "junction": "roundabout", "oneway": "yes", "ref": "SH144"}, "geometry": {"type": "LineString", "coordinates": [[83.3436474, 17.7418292], [83.3436513, 17.7418447], [83.3436601, 17.7418605], [83.343673, 17.7418735], [83.3436931, 17.7418844]]}}, {"type": "Feature", "properties": {"osm_id": 1414092025, "highway": "tertiary", "junction": "1", "oneway": "yes"}, "geometry": {"type": "LineString", "coordinates": [[83.3421468, 17.7536159], [83.3421308, 17.7535968], [83.3421093, 17.7535833], [83.3420845, 17.7535767], [83.3420588, 17.7535778]]}}, {"type": "Feature", "properties": {"osm_id": 1414092026, "highway": "tertiary", "junction": "1", "oneway": "yes"}, "geometry": {"type": "LineString", "coordinates": [[83.3421501, 17.7536869], [83.342157, 17.7536633], [83.3421558, 17.7536389], [83.3421468, 17.7536159]]}}, {"type": "Feature", "properties": {"osm_id": 1414092027, "highway": "tertiary", "junction": "1", "oneway": "yes"}, "geometry": {"type": "LineString", "coordinates": [[83.3420588, 17.7535778], [83.3420347, 17.7535864], [83.3420146, 17.7536017], [83.3420004, 17.7536221]]}}, {"type": "Feature", "properties": {"osm_id": 1414092028, "highway": "tertiary", "junction": "1", "oneway": "yes"}, "geometry": {"type": "LineString", "coordinates": [[83.3420004, 17.7536221], [83.3419936, 17.7536457], [83.3419947, 17.7536702], [83.3420038, 17.7536931], [83.3420198, 17.7537123], [83.3420373, 17.7537269]]}}, {"type": "Feature", "properties": {"osm_id": 1414092029, "highway": "tertiary"}, "geometry": {"type": "LineString", "coordinates": [[83.3420368, 17.7537771], [83.3420373, 17.7537269]]}}, {"type": "Feature", "properties": {"osm_id": 1414092030, "highway": "tertiary", "oneway": "no"}, "geometry": {"type": "LineString", "coordinates": [[83.3420368, 17.7537771], [83.3422664, 17.7538314]]}}, {"type": "Feature", "properties": {"osm_id": 1414092031, "highway": "primary", "junction": "roundabout", "oneway": "yes", "ref": "SH144", "surface": "asphalt"}, "geometry": {"type": "LineString", "coordinates": [[83.3487689, 17.7503078], [83.3487904, 17.750317], [83.3488013, 17.7503173]]}}, {"type": "Feature", "properties": {"osm_id": 1415880787, "highway": "tertiary", "oneway": "yes", "source": "maxar"}, "geometry": {"type": "LineString", "coordinates": [[83.2149704, 17.6798531], [83.2150565, 17.6800021], [83.2153592, 17.680538]]}}, {"type": "Feature", "properties": {"osm_id": 1423211075, "highway": "secondary", "name": "Dimond Park Road", "oneway": "yes"}, "geometry": {"type": "LineString", "coordinates": [[83.3034293, 17.7259955], [83.303482, 17.7264623], [83.3034866, 17.7265029]]}}, {"type": "Feature", "properties": {"osm_id": 1423491685, "highway": "secondary", "junction": "roundabout", "oneway": "yes", "source": "Bing"}, "geometry": {"type": "LineString", "coordinates": [[83.2913181, 17.7277553], [83.2913562, 17.727761], [83.2913938, 17.7277526]]}}, {"type": "Feature", "properties": {"osm_id": 1423491686, "highway": "secondary", "junction": "roundabout", "name": "Dimond Park Road", "source": "Bing"}, "geometry": {"type": "LineString", "coordinates": [[83.3032587, 17.7269096], [83.3035545, 17.7271541], [83.303597, 17.7271511], [83.3036516, 17.7271473], [83.3039022, 17.7268608]]}}, {"type": "Feature", "properties": {"osm_id": 1423491687, "highway": "secondary", "junction": "roundabout", "name": "Dimond Park Road", "source": "Bing"}, "geometry": {"type": "LineString", "coordinates": [[83.3032491, 17.7268223], [83.3032587, 17.7269096]]}}, {"type": "Feature", "properties": {"osm_id": 1423491688, "highway": "secondary", "junction": "roundabout", "name": "Dimond Park Road", "source": "Bing"}, "geometry": {"type": "LineString", "coordinates": [[83.3039022, 17.7268608], [83.3038948, 17.7267543]]}}, {"type": "Feature", "properties": {"osm_id": 1423491689, "highway": "secondary", "name": "Gurudwara Junction - Dwarakanagar Road", "oneway": "yes"}, "geometry": {"type": "LineString", "coordinates": [[83.3060721, 17.7248484], [83.3060756, 17.7248802], [83.3061697, 17.7257437], [83.3062365, 17.7264694], [83.3062464, 17.7265561], [83.3062552, 17.7266385]]}}, {"type": "Feature", "properties": {"osm_id": 1423491690, "highway": "secondary", "lanes": "2", "name": "2 nd Lane dwaraka nagar", "oneway": "yes", "source": "maxar"}, "geometry": {"type": "LineString", "coordinates": [[83.3062552, 17.7266385], [83.306341, 17.7266308]]}}, {"type": "Feature", "properties": {"osm_id": 1423491691, "dual_carriageway": "yes", "highway": "primary", "lanes": "2", "maxspeed": "70", "maxspeed:type": "sign", "name": "Anakapalli - Visakhapatnam Road", "oneway": "yes", "ref:old": "NH5", "surface": "asphalt"}, "geometry": {"type": "LineString", "coordinates": [[83.3076382, 17.7368736], [83.3077425, 17.736833], [83.3077677, 17.7368239], [83.3082452, 17.7366505], [83.3083294, 17.7366129], [83.3086976, 17.7364488], [83.3087254, 17.7364334], [83.3091599, 17.7362124], [83.3094224, 17.7360811], [83.3107384, 17.7353847], [83.311481, 17.7350519], [83.3117831, 17.7349074], [83.3121419, 17.7347357], [83.3121618, 17.7347271], [83.3124716, 17.7345933], [83.3124878, 17.7345863], [83.3125713, 17.7345502], [83.3128686, 17.7344711], [83.3129038, 17.7344645], [83.3130097, 17.7344508], [83.3130901, 17.7344438], [83.3131695, 17.7344368], [83.3133874, 17.7344384], [83.313856, 17.7344419], [83.3141971, 17.7344451], [83.3147543, 17.7344675], [83.315347, 17.7345122], [83.3156147, 17.734502], [83.3158243, 17.7345091], [83.3160101, 17.7345153], [83.3161042, 17.7345281], [83.3162772, 17.7345614], [83.3170404, 17.7346788], [83.317338, 17.7347246], [83.3174453, 17.7347411], [83.3176326, 17.7347749], [83.3179259, 17.7348335], [83.3182437, 17.734897], [83.31887, 17.7350093], [83.3189393, 17.7350217], [83.319405, 17.7351437], [83.3195262, 17.7351834], [83.3195851, 17.7352027], [83.3196915, 17.7352318]]}}, {"type": "Feature", "properties": {"osm_id": 1423645866, "highway": "tertiary", "oneway": "yes"}, "geometry": {"type": "LineString", "coordinates": [[83.2925683, 17.7177255], [83.2924544, 17.7177209], [83.2921445, 17.7177751], [83.2921032, 17.7177823], [83.2917145, 17.7179231]]}}, {"type": "Feature", "properties": {"osm_id": 1423645867, "highway": "tertiary", "oneway": "yes"}, "geometry": {"type": "LineString", "coordinates": [[83.2917801, 17.7179775], [83.2921599, 17.717833], [83.2924441, 17.7177685], [83.2925683, 17.7177255]]}}, {"type": "Feature", "properties": {"osm_id": 1423645869, "highway": "secondary", "oneway": "yes"}, "geometry": {"type": "LineString", "coordinates": [[83.2965499, 17.7203388], [83.2965792, 17.7203933], [83.2966064, 17.72044], [83.2967719, 17.720724], [83.2967865, 17.720733], [83.2968398, 17.7207661]]}}, {"type": "Feature", "properties": {"osm_id": 1423645870, "highway": "secondary", "oneway": "yes"}, "geometry": {"type": "LineString", "coordinates": [[83.2968398, 17.7207661], [83.29683, 17.7206999], [83.2967495, 17.7205542], [83.2966847, 17.7204339], [83.2966587, 17.7203857], [83.2966275, 17.7203294]]}}, {"type": "Feature", "properties": {"osm_id": 1423645871, "highway": "tertiary", "oneway": "yes"}, "geometry": {"type": "LineString", "coordinates": [[83.2962901, 17.7201259], [83.2962926, 17.7202088], [83.2963385, 17.7203128], [83.2963534, 17.7203465], [83.2963772, 17.7203935]]}}, {"type": "Feature", "properties": {"osm_id": 1423645872, "highway": "tertiary", "oneway": "yes"}, "geometry": {"type": "LineString", "coordinates": [[83.2964313, 17.7203956], [83.2964068, 17.7203459], [83.2963917, 17.7203121], [83.2963626, 17.7202471], [83.296342, 17.720201], [83.2962901, 17.7201259]]}}, {"type": "Feature", "properties": {"osm_id": 1424758088, "highway": "tertiary", "oneway": "yes"}, "geometry": {"type": "LineString", "coordinates": [[83.3143402, 17.7434488], [83.3144484, 17.7434552]]}}, {"type": "Feature", "properties": {"osm_id": 1427938359, "highway": "tertiary", "oneway": "yes"}, "geometry": {"type": "LineString", "coordinates": [[83.3319034, 17.7468855], [83.3319553, 17.7465369], [83.3319403, 17.7460859], [83.3318557, 17.7457214], [83.3316073, 17.7447724]]}}, {"type": "Feature", "properties": {"osm_id": 1427938360, "highway": "tertiary", "name": "MVP Main Road", "oneway": "no", "source": "Bing"}, "geometry": {"type": "LineString", "coordinates": [[83.3316073, 17.7447724], [83.3315101, 17.7447955]]}}, {"type": "Feature", "properties": {"osm_id": 1427938361, "highway": "primary", "junction": "roundabout", "oneway": "yes"}, "geometry": {"type": "LineString", "coordinates": [[83.3356259, 17.7218923], [83.3356393, 17.7218981]]}}, {"type": "Feature", "properties": {"osm_id": 1436631191, "highway": "tertiary", "oneway": "yes"}, "geometry": {"type": "LineString", "coordinates": [[83.3316699, 17.7481102], [83.3317129, 17.7480345], [83.3317175, 17.7479829], [83.3314649, 17.747631], [83.3314145, 17.7475706], [83.3313938, 17.7475344], [83.3313798, 17.7474604]]}}, {"type": "Feature", "properties": {"osm_id": 1449291187, "alt_name": "Kanithi Road", "highway": "primary", "name": "Yelamanchili - Gajuwaka Road", "network": "IN:SH:AP", "ref": "SH157"}, "geometry": {"type": "LineString", "coordinates": [[83.181058, 17.6719142], [83.1805902, 17.6718761], [83.1801921, 17.6718551]]}}, {"type": "Feature", "properties": {"osm_id": 1451725187, "highway": "tertiary"}, "geometry": {"type": "LineString", "coordinates": [[83.3021879, 17.6998139], [83.3022574, 17.6997454]]}}, {"type": "Feature", "properties": {"osm_id": 1452017928, "highway": "secondary", "oneway": "yes"}, "geometry": {"type": "LineString", "coordinates": [[83.2991495, 17.7274771], [83.2991869, 17.7274357], [83.2992303, 17.7273198], [83.2992541, 17.7272396], [83.2992614, 17.7271893], [83.2992626, 17.7271159], [83.2992594, 17.7270551], [83.2992557, 17.7269832], [83.2992457, 17.7268679], [83.2992373, 17.7267722], [83.2991871, 17.7264977], [83.2991059, 17.726054], [83.2990048, 17.7255227], [83.2989989, 17.725477], [83.2989538, 17.7254267]]}}, {"type": "Feature", "properties": {"osm_id": 1452017929, "highway": "secondary", "name": "Akkayyapalem Main Road", "oneway": "yes"}, "geometry": {"type": "LineString", "coordinates": [[83.2991806, 17.7271898], [83.2991764, 17.7272379], [83.2991287, 17.7274219], [83.2991495, 17.7274771]]}}, {"type": "Feature", "properties": {"osm_id": 1452017930, "highway": "secondary", "name": "Dondaparthi Road", "oneway": "yes"}, "geometry": {"type": "LineString", "coordinates": [[83.2992034, 17.7270638], [83.2991909, 17.7271201]]}}, {"type": "Feature", "properties": {"osm_id": 1452314728, "highway": "secondary", "lanes": "2", "surface": "paved"}, "geometry": {"type": "LineString", "coordinates": [[83.2564767, 17.7488373], [83.2565423, 17.7492702], [83.2565061, 17.7493087], [83.2564692, 17.749324], [83.2563322, 17.7493738], [83.2562591, 17.7493974], [83.255912, 17.7495097], [83.255834, 17.7495295], [83.2555578, 17.7496243], [83.2552541, 17.7497226], [83.2548159, 17.7498163], [83.2547137, 17.7498381], [83.2545121, 17.7498735], [83.2543838, 17.749872], [83.2542645, 17.7498614], [83.2540971, 17.7498047]]}}, {"type": "Feature", "properties": {"osm_id": 1455424289, "highway": "tertiary"}, "geometry": {"type": "LineString", "coordinates": [[83.2133211, 17.6737998], [83.2135811, 17.6737142], [83.2145619, 17.6733912]]}}, {"type": "Feature", "properties": {"osm_id": 1455424290, "highway": "tertiary"}, "geometry": {"type": "LineString", "coordinates": [[83.2131856, 17.6738444], [83.2133211, 17.6737998]]}}, {"type": "Feature", "properties": {"osm_id": 1455447937, "highway": "tertiary", "oneway": "yes"}, "geometry": {"type": "LineString", "coordinates": [[83.2941786, 17.7109195], [83.2942092, 17.7107477]]}}, {"type": "Feature", "properties": {"osm_id": 1462891404, "highway": "primary", "junction": "roundabout", "lanes": "2", "name": "MVP Double Road", "oneway": "yes", "ref": "SH144", "surface": "cobblestone"}, "geometry": {"type": "LineString", "coordinates": [[83.3381512, 17.740492], [83.3381898, 17.7404667], [83.3382054, 17.7404279]]}}, {"type": "Feature", "properties": {"osm_id": 1463043494, "highway": "tertiary", "junction": "roundabout", "surface": "asphalt"}, "geometry": {"type": "LineString", "coordinates": [[83.3183583, 17.7181554], [83.318382, 17.7181491], [83.3184021, 17.7181343], [83.3184149, 17.7181133], [83.3184183, 17.7180893], [83.318412, 17.7180658], [83.3184011, 17.7180506], [83.3183861, 17.718039], [83.3183682, 17.718032], [83.318349, 17.7180303], [83.3183276, 17.7180349], [83.318309, 17.718046], [83.3182952, 17.7180622], [83.3182878, 17.7180818], [83.3182876, 17.7181027], [83.3182959, 17.7181247], [83.3183121, 17.7181423], [83.3183339, 17.7181531], [83.3183583, 17.7181554]]}}, {"type": "Feature", "properties": {"osm_id": 1463049955, "highway": "primary", "lanes": "2", "oneway": "yes", "surface": "asphalt"}, "geometry": {"type": "LineString", "coordinates": [[83.2916337, 17.7178944], [83.2915458, 17.7178008], [83.2912239, 17.7176808], [83.2910511, 17.7176569]]}}, {"type": "Feature", "properties": {"osm_id": 1463049956, "highway": "primary", "lanes": "2", "oneway": "yes", "surface": "asphalt"}, "geometry": {"type": "LineString", "coordinates": [[83.2910464, 17.7177749], [83.2911046, 17.7178494], [83.2914627, 17.7179861], [83.2915884, 17.7179905]]}}, {"type": "Feature", "properties": {"osm_id": 1463055227, "highway": "tertiary", "oneway": "yes"}, "geometry": {"type": "LineString", "coordinates": [[83.3345776, 17.7276849], [83.3346864, 17.7276106], [83.3348004, 17.7275388], [83.3352188, 17.7273799], [83.3359536, 17.7271353], [83.3364409, 17.7269473], [83.3369243, 17.7267807], [83.3370128, 17.7267395], [83.3373684, 17.7265626], [83.3377349, 17.7263839], [83.3379078, 17.7262947], [83.3383345, 17.7261186], [83.3387941, 17.7259049], [83.3388383, 17.7258843]]}}, {"type": "Feature", "properties": {"osm_id": 1463951304, "access": "permissive", "bicycle": "yes", "foot": "yes", "highway": "tertiary", "lanes": "2", "motor_vehicle": "yes", "name": "nstl road", "oneway": "yes", "surface": "asphalt"}, "geometry": {"type": "LineString", "coordinates": [[83.2340761, 17.7451768], [83.2340915, 17.7451328], [83.234037, 17.7450537], [83.2338877, 17.7448792], [83.2337944, 17.7447559], [83.2336903, 17.7446564]]}}, {"type": "Feature", "properties": {"osm_id": 1463951305, "highway": "tertiary", "oneway": "yes"}, "geometry": {"type": "LineString", "coordinates": [[83.2336903, 17.7446564], [83.2337288, 17.7447779], [83.2339443, 17.7450694], [83.2340081, 17.7451478], [83.2340761, 17.7451768]]}}, {"type": "Feature", "properties": {"osm_id": 1476376564, "highway": "tertiary"}, "geometry": {"type": "LineString", "coordinates": [[83.3370917, 17.7341799], [83.3363565, 17.7344067], [83.3356471, 17.7345602]]}}, {"type": "Feature", "properties": {"osm_id": 1478726335, "highway": "tertiary", "source": "Bing"}, "geometry": {"type": "LineString", "coordinates": [[83.299598, 17.7191265], [83.2996399, 17.7187887], [83.2996837, 17.7184736]]}}, {"type": "Feature", "properties": {"osm_id": 1478726336, "highway": "tertiary", "source": "Bing"}, "geometry": {"type": "LineString", "coordinates": [[83.299598, 17.7191265], [83.2995194, 17.7195862], [83.2994994, 17.719744]]}}, {"type": "Feature", "properties": {"osm_id": 1478726337, "highway": "tertiary", "source": "Bing"}, "geometry": {"type": "LineString", "coordinates": [[83.2994994, 17.719744], [83.2993803, 17.7203686], [83.2993728, 17.720408], [83.2993627, 17.720461]]}}, {"type": "Feature", "properties": {"osm_id": 1478726339, "highway": "tertiary"}, "geometry": {"type": "LineString", "coordinates": [[83.2984071, 17.7016229], [83.2985043, 17.7014311], [83.2985157, 17.701365], [83.2985082, 17.7010845]]}}, {"type": "Feature", "properties": {"osm_id": 1479120027, "highway": "tertiary", "name": "Krishna Road"}, "geometry": {"type": "LineString", "coordinates": [[83.318684, 17.7435524], [83.318265, 17.743534], [83.3181302, 17.7435172], [83.3180768, 17.7434812], [83.3180455, 17.7434346], [83.318022, 17.7434018]]}}, {"type": "Feature", "properties": {"osm_id": 1479120028, "highway": "tertiary", "name": "Krishna Road"}, "geometry": {"type": "LineString", "coordinates": [[83.3189564, 17.743585], [83.318684, 17.7435524]]}}, {"type": "Feature", "properties": {"osm_id": 1479120030, "highway": "tertiary", "name": "Krishna Road", "oneway": "no"}, "geometry": {"type": "LineString", "coordinates": [[83.3194613, 17.7445256], [83.3196007, 17.7441879], [83.3197533, 17.7438266], [83.3198458, 17.7436171]]}}, {"type": "Feature", "properties": {"osm_id": 1479120032, "dual_carriageway": "yes", "highway": "primary", "lanes": "2", "maxspeed": "70", "maxspeed:type": "sign", "name": "Visakhapatnam - Anandapuram Main Road", "oneway": "yes", "ref:old": "NH5", "surface": "asphalt"}, "geometry": {"type": "LineString", "coordinates": [[83.3209947, 17.7360457], [83.3212278, 17.7362608], [83.3212998, 17.7363233], [83.3215476, 17.7365688], [83.3217836, 17.7367732], [83.3224864, 17.7374582], [83.3225707, 17.7375548], [83.3227856, 17.7377502], [83.3228593, 17.7378173], [83.3229239, 17.7378761], [83.3231471, 17.7380792], [83.3232101, 17.738138], [83.3234472, 17.738351], [83.3234963, 17.7383951]]}}, {"type": "Feature", "properties": {"osm_id": 1479120033, "highway": "tertiary", "source": "Bing"}, "geometry": {"type": "LineString", "coordinates": [[83.3158358, 17.7390497], [83.3162248, 17.7392065], [83.3165139, 17.7393883], [83.3165381, 17.7394171], [83.3165577, 17.7394549], [83.3165665, 17.7394978], [83.3165706, 17.7395608], [83.3165649, 17.7399612], [83.3165627, 17.7400753]]}}, {"type": "Feature", "properties": {"osm_id": 1479120034, "highway": "tertiary"}, "geometry": {"type": "LineString", "coordinates": [[83.3169388, 17.7402122], [83.3169314, 17.7400678]]}}, {"type": "Feature", "properties": {"osm_id": 1479120035, "highway": "tertiary", "source": "maxar"}, "geometry": {"type": "LineString", "coordinates": [[83.3169393, 17.7402442], [83.3169388, 17.7402122]]}}, {"type": "Feature", "properties": {"osm_id": 1479120036, "highway": "tertiary"}, "geometry": {"type": "LineString", "coordinates": [[83.3165627, 17.7400753], [83.3168485, 17.7400657], [83.3169314, 17.7400678]]}}, {"type": "Feature", "properties": {"osm_id": 1479629147, "highway": "tertiary", "source": "Bing"}, "geometry": {"type": "LineString", "coordinates": [[83.315826, 17.7434975], [83.3158323, 17.7434261]]}}, {"type": "Feature", "properties": {"osm_id": 1485757728, "highway": "primary", "name": "Station Road", "name:ur": "اسٹیشن روڈ", "oneway": "yes"}, "geometry": {"type": "LineString", "coordinates": [[83.3065897, 17.7245849], [83.3061784, 17.7246154], [83.3060459, 17.7246287]]}}, {"type": "Feature", "properties": {"osm_id": 1485757729, "highway": "secondary", "name": "RTC Complex Road", "oneway": "yes"}, "geometry": {"type": "LineString", "coordinates": [[83.3060459, 17.7246287], [83.3060721, 17.7248484]]}}, {"type": "Feature", "properties": {"osm_id": 1485757730, "highway": "secondary", "name": "Gurudwara Junction - Dwarakanagar Road", "oneway": "yes"}, "geometry": {"type": "LineString", "coordinates": [[83.3075878, 17.7367611], [83.3076382, 17.7368736]]}}, {"type": "Feature", "properties": {"osm_id": 1485757731, "dual_carriageway": "yes", "highway": "primary", "lanes": "2", "maxspeed": "70", "maxspeed:type": "sign", "name": "Visakhapatnam Road", "oneway": "yes", "ref:old": "NH5", "surface": "asphalt"}, "geometry": {"type": "LineString", "coordinates": [[83.3076947, 17.736725], [83.3075878, 17.7367611]]}}, {"type": "Feature", "properties": {"osm_id": 1485757732, "highway": "secondary", "name": "Gurudwara Junction - Dwarakanagar Road", "oneway": "yes"}, "geometry": {"type": "LineString", "coordinates": [[83.3074757, 17.7364214], [83.3075173, 17.7365623], [83.3075545, 17.7366688], [83.3075878, 17.7367611]]}}, {"type": "Feature", "properties": {"osm_id": 1485757733, "dual_carriageway": "yes", "highway": "primary", "lanes": "2", "maxspeed": "70", "maxspeed:type": "sign", "name": "Visakhapatnam Road", "oneway": "yes", "ref:old": "NH5", "surface": "asphalt"}, "geometry": {"type": "LineString", "coordinates": [[83.3075878, 17.7367611], [83.3075651, 17.7367699], [83.307294, 17.7368576]]}}, {"type": "Feature", "properties": {"osm_id": 1487174388, "highway": "tertiary", "oneway": "yes"}, "geometry": {"type": "LineString", "coordinates": [[83.2713715, 17.7163087], [83.2713436, 17.7165347], [83.2712851, 17.7169804], [83.2711119, 17.7182987], [83.2710469, 17.7187936], [83.2710167, 17.7190238], [83.2709224, 17.7198017], [83.2708998, 17.7199883], [83.270832, 17.7205479], [83.2708279, 17.7205802], [83.2707975, 17.7208188], [83.2706765, 17.7217682], [83.2706212, 17.7222017]]}}, {"type": "Feature", "properties": {"osm_id": 1487174389, "highway": "tertiary", "oneway": "yes"}, "geometry": {"type": "LineString", "coordinates": [[83.2696161, 17.7158529], [83.2702619, 17.7158819], [83.270897, 17.7159442], [83.2711119, 17.715982], [83.271336, 17.7161155], [83.2713687, 17.7161955], [83.2713715, 17.7163087]]}}, {"type": "Feature", "properties": {"osm_id": 1487183592, "highway": "primary", "name": "Port Main Road Flyover", "oneway": "yes"}, "geometry": {"type": "LineString", "coordinates": [[83.2894335, 17.7166824], [83.2893789, 17.7166449], [83.2890245, 17.7165226], [83.2879274, 17.7162057]]}}, {"type": "Feature", "properties": {"osm_id": 1487189990, "highway": "primary", "name": "Port Main Road Flyover", "oneway": "yes"}, "geometry": {"type": "LineString", "coordinates": [[83.289834, 17.7169681], [83.2896762, 17.7168488], [83.2895325, 17.7167502]]}}, {"type": "Feature", "properties": {"osm_id": 1487189991, "highway": "tertiary", "oneway": "yes"}, "geometry": {"type": "LineString", "coordinates": [[83.289562, 17.7167255], [83.289479, 17.7167135]]}}, {"type": "Feature", "properties": {"osm_id": 1487189992, "highway": "primary", "name": "Port Main Road Flyover", "oneway": "yes"}, "geometry": {"type": "LineString", "coordinates": [[83.289479, 17.7167135], [83.2894335, 17.7166824]]}}, {"type": "Feature", "properties": {"osm_id": 1487189993, "highway": "tertiary", "oneway": "yes"}, "geometry": {"type": "LineString", "coordinates": [[83.2894279, 17.7167062], [83.2892958, 17.716681], [83.2891616, 17.7167172]]}}, {"type": "Feature", "properties": {"osm_id": 1487189994, "highway": "primary", "name": "Port Main Road Flyover", "oneway": "yes"}, "geometry": {"type": "LineString", "coordinates": [[83.2895325, 17.7167502], [83.289479, 17.7167135]]}}, {"type": "Feature", "properties": {"osm_id": 1487189995, "highway": "tertiary", "oneway": "yes"}, "geometry": {"type": "LineString", "coordinates": [[83.289479, 17.7167135], [83.2894279, 17.7167062]]}}, {"type": "Feature", "properties": {"osm_id": 1487195589, "highway": "primary", "oneway": "yes"}, "geometry": {"type": "LineString", "coordinates": [[83.2703269, 17.7161879], [83.270753, 17.7162023]]}}, {"type": "Feature", "properties": {"osm_id": 1487539830, "highway": "primary", "name": "BRTS Bus lane", "source": "maxar"}, "geometry": {"type": "LineString", "coordinates": [[83.2781784, 17.7322325], [83.278147, 17.7322536], [83.2780995, 17.7322896], [83.2778449, 17.7324403], [83.2774796, 17.7326164], [83.2771077, 17.732757], [83.276637, 17.7329585], [83.2751142, 17.7336226], [83.2748112, 17.733746], [83.2744533, 17.733905], [83.2740074, 17.7340876], [83.2736391, 17.7342199], [83.2732465, 17.7343445], [83.2728607, 17.7344526], [83.2724066, 17.7345578], [83.2719624, 17.7346609], [83.271911, 17.7346793], [83.2717496, 17.7347354], [83.2716228, 17.7347717], [83.271473, 17.7348209], [83.2707136, 17.7350154], [83.2700813, 17.735158], [83.2691935, 17.7353314], [83.2683096, 17.7355671], [83.2680688, 17.7356358]]}}, {"type": "Feature", "properties": {"osm_id": 1487539832, "highway": "primary", "name": "BRTS Bus lane", "source": "maxar"}, "geometry": {"type": "LineString", "coordinates": [[83.2374766, 17.7420258], [83.2376062, 17.7419894], [83.237832, 17.7419348], [83.2380984, 17.741874], [83.238443, 17.7418008], [83.2387979, 17.7417255], [83.2391455, 17.7416497], [83.2395987, 17.7415507], [83.2400137, 17.741461], [83.240453, 17.7413599], [83.2408531, 17.7412731], [83.2412965, 17.74119], [83.241652, 17.7411381], [83.2420589, 17.7410854], [83.2425017, 17.7410218], [83.242828, 17.7409847], [83.2428975, 17.7409825], [83.2430649, 17.7409627], [83.2434408, 17.7409318], [83.2436954, 17.7409089], [83.2439894, 17.7408842], [83.244427, 17.7408318], [83.2448887, 17.740783], [83.2454258, 17.740724], [83.2458179, 17.740679], [83.2463181, 17.7406168], [83.2467317, 17.7405618], [83.2471159, 17.7405172], [83.2474086, 17.7404921], [83.2478131, 17.7404657], [83.2481648, 17.740443], [83.2485284, 17.7404251], [83.2500381, 17.7403223], [83.2508596, 17.7402186], [83.2517984, 17.7400518], [83.2519097, 17.740039], [83.2520055, 17.740028], [83.2526255, 17.7399829], [83.2533147, 17.7399208], [83.2533521, 17.7399174], [83.2537743, 17.7398709], [83.2540813, 17.7398101], [83.254516, 17.7396931], [83.2548687, 17.7395734], [83.2554281, 17.7393649], [83.2558354, 17.7392379], [83.2563579, 17.7390613], [83.2566634, 17.7389777], [83.2571646, 17.7388452], [83.2575706, 17.7387241], [83.2583178, 17.7384658], [83.2597251, 17.7379519], [83.2605633, 17.7376508], [83.2606526, 17.7376147], [83.260758, 17.7375728], [83.2609489, 17.7374986], [83.2613719, 17.7373277], [83.2617726, 17.7371807], [83.2620491, 17.7370991], [83.2623755, 17.7370145], [83.2627532, 17.7369403], [83.2632439, 17.7368698], [83.2638047, 17.7367664], [83.2644312, 17.736606], [83.2645403, 17.736579], [83.2645776, 17.7365698], [83.2647012, 17.7365392], [83.264795, 17.736516], [83.2654055, 17.736365], [83.2665678, 17.7360561], [83.2672125, 17.7358775], [83.2677104, 17.7357325], [83.2680688, 17.7356358]]}}, {"type": "Feature", "properties": {"osm_id": 1487539835, "highway": "primary", "oneway": "yes"}, "geometry": {"type": "LineString", "coordinates": [[83.264717, 17.7366218], [83.2648196, 17.7365942], [83.2655277, 17.7364041], [83.2658024, 17.7363266], [83.2659862, 17.7362754], [83.2664208, 17.7361542], [83.2669535, 17.7360035], [83.2677021, 17.7357917], [83.2677327, 17.7357838], [83.2678655, 17.7357466], [83.2680272, 17.735725]]}}, {"type": "Feature", "properties": {"osm_id": 1487539836, "highway": "primary", "oneway": "yes"}, "geometry": {"type": "LineString", "coordinates": [[83.2681039, 17.7355298], [83.2676928, 17.7356781], [83.2671461, 17.7358333], [83.2661338, 17.7360954], [83.265216, 17.736305], [83.2647712, 17.7364487], [83.2646869, 17.7364734]]}}, {"type": "Feature", "properties": {"osm_id": 1487557427, "highway": "tertiary", "oneway": "yes", "source": "maxar"}, "geometry": {"type": "LineString", "coordinates": [[83.2611688, 17.7281684], [83.2611954, 17.7281969]]}}, {"type": "Feature", "properties": {"osm_id": 1487557428, "bridge": "yes", "highway": "tertiary", "layer": "1", "oneway": "yes", "source": "maxar"}, "geometry": {"type": "LineString", "coordinates": [[83.2610128, 17.7279627], [83.2611688, 17.7281684]]}}, {"type": "Feature", "properties": {"osm_id": 1487557429, "highway": "tertiary", "oneway": "yes"}, "geometry": {"type": "LineString", "coordinates": [[83.2614025, 17.7282221], [83.2612906, 17.7281009]]}}, {"type": "Feature", "properties": {"osm_id": 1487557430, "bridge": "yes", "highway": "tertiary", "layer": "1", "oneway": "yes"}, "geometry": {"type": "LineString", "coordinates": [[83.2612906, 17.7281009], [83.261109, 17.7278965]]}}, {"type": "Feature", "properties": {"osm_id": 1494364325, "highway": "tertiary"}, "geometry": {"type": "LineString", "coordinates": [[83.3322044, 17.7349711], [83.3318381, 17.7345312]]}}, {"type": "Feature", "properties": {"osm_id": 1494364326, "highway": "tertiary"}, "geometry": {"type": "LineString", "coordinates": [[83.331323, 17.735272], [83.3322044, 17.7349711]]}}, {"type": "Feature", "properties": {"osm_id": 1496176869, "dual_carriageway": "yes", "highway": "secondary", "lanes": "2", "name": "Sivajipalem Road", "source": "Bing", "surface": "asphalt"}, "geometry": {"type": "LineString", "coordinates": [[83.3278811, 17.7380602], [83.3276477, 17.7386439], [83.3274338, 17.7392691], [83.3274074, 17.7397119], [83.3273919, 17.7400116], [83.3273717, 17.7402712], [83.3272992, 17.7405885]]}}, {"type": "Feature", "properties": {"osm_id": 1509506775, "highway": "tertiary"}, "geometry": {"type": "LineString", "coordinates": [[83.2487759, 17.7734072], [83.2488927, 17.7733785], [83.249167, 17.77345], [83.249552, 17.7735938], [83.2496825, 17.7736678], [83.2497602, 17.7737427], [83.2498174, 17.7738558]]}}, {"type": "Feature", "properties": {"osm_id": 1509506778, "highway": "tertiary", "oneway": "yes"}, "geometry": {"type": "LineString", "coordinates": [[83.244295, 17.7727185], [83.2442855, 17.772905], [83.2442786, 17.77304]]}}, {"type": "Feature", "properties": {"osm_id": 1509910808, "highway": "tertiary", "oneway": "yes"}, "geometry": {"type": "LineString", "coordinates": [[83.2794678, 17.7323414], [83.27951, 17.7324305], [83.2795631, 17.7324758], [83.2796509, 17.7325333], [83.2804247, 17.73284], [83.2804818, 17.7328576], [83.2805235, 17.7328626], [83.280604, 17.7328678], [83.2807193, 17.7328434], [83.2811691, 17.7326377], [83.2816907, 17.7323991], [83.2818672, 17.7323248], [83.2823695, 17.7321133], [83.2825341, 17.7320471], [83.2826164, 17.732021], [83.2826951, 17.7320088], [83.2828318, 17.7320279], [83.2832847, 17.7321912], [83.2841367, 17.7324845], [83.2842164, 17.7325135], [83.2843846, 17.7325749], [83.284749, 17.7327077], [83.2849408, 17.7327776], [83.2851181, 17.7328422], [83.2855564, 17.733002], [83.2865748, 17.7333737], [83.2868646, 17.7334795], [83.2871344, 17.733578], [83.2874042, 17.7336765], [83.2878602, 17.7338521]]}}, {"type": "Feature", "properties": {"osm_id": 1509910809, "highway": "tertiary", "maxspeed": "30", "name": "80 Feet Road", "oneway": "yes", "source": "Bing", "surface": "asphalt"}, "geometry": {"type": "LineString", "coordinates": [[83.2878602, 17.7338521], [83.2879413, 17.7338966]]}}, {"type": "Feature", "properties": {"osm_id": 1509910810, "highway": "tertiary", "source": "Bing"}, "geometry": {"type": "LineString", "coordinates": [[83.2794678, 17.7323414], [83.2794145, 17.7322778], [83.2793419, 17.7322205], [83.2792231, 17.7321628], [83.2791001, 17.7321337], [83.2789261, 17.732113], [83.278754, 17.732108]]}}, {"type": "Feature", "properties": {"osm_id": 1512834967, "highway": "primary", "name": "BRTS Bus lane", "oneway": "yes", "source": "maxar"}, "geometry": {"type": "LineString", "coordinates": [[83.2374071, 17.7420819], [83.2374568, 17.7420418], [83.2374766, 17.7420258]]}}, {"type": "Feature", "properties": {"osm_id": 1523267657, "access": "private", "highway": "tertiary", "source": "maxar"}, "geometry": {"type": "LineString", "coordinates": [[83.2402499, 17.7365637], [83.240203, 17.7365445], [83.2400881, 17.736473]]}}]}