{"type": "FeatureCollection", "features": [{"type": "Feature", "geometry": {"type": "LineString", "coordinates": [[72.5537163, 23.1559628], [72.5534419, 23.1555465], [72.5531933, 23.1552024], [72.5530395, 23.1549777], [72.5507681, 23.151439], [72.550542, 23.1511058], [72.5502455, 23.1506347], [72.5495991, 23.149695], [72.5486814, 23.1483755], [72.5483116, 23.1478034], [72.5478744, 23.1471868], [72.5475572, 23.1467276], [72.5470508, 23.1459945], [72.5461509, 23.1446489], [72.5456374, 23.1437932], [72.545498, 23.143549], [72.545211, 23.1430484], [72.5448983, 23.1424123]]}, "properties": {"arterial": "SG Highway (Sarkhej-Gandhinagar)", "osm_name": "Sarkhej-Gandhinagar Highway", "register_references": 20, "years_repaved": 7, "top_contractor": "Maruti Infracreation Pvt Ltd"}}, {"type": "Feature", "geometry": {"type": "LineString", "coordinates": [[72.5815526, 23.0683338], [72.5813108, 23.068409], [72.5811183, 23.0684301], [72.5808772, 23.0684235], [72.580321, 23.0682943], [72.5802709, 23.0682828], [72.5793809, 23.0680788], [72.5785464, 23.0678876], [72.5777783, 23.0676957], [72.5775834, 23.0676279], [72.57705, 23.0675727], [72.5767427, 23.06757], [72.5765097, 23.0675737], [72.5763997, 23.0675762], [72.5762152, 23.0675731], [72.5760297, 23.0675716], [72.5758418, 23.0675701], [72.575493, 23.0675643], [72.5754248, 23.0675632], [72.5749117, 23.067573], [72.5730723, 23.0675694], [72.5722047, 23.0675538], [72.5717917, 23.0675564], [72.571716, 23.0675554], [72.5716731, 23.0675549], [72.571604, 23.067554], [72.5713566, 23.067552], [72.5712799, 23.0675514], [72.5704791, 23.0675451], [72.570413, 23.0675448], [72.5703542, 23.0675446], [72.5696608, 23.0675479], [72.5691539, 23.0675316], [72.5681113, 23.0675343], [72.5676489, 23.0675626], [72.5670798, 23.0675643], [72.5667686, 23.0675643], [72.5666966, 23.0675626], [72.5665051, 23.0675628], [72.5662864, 23.0675641], [72.5655421, 23.0675684], [72.5646669, 23.0675872], [72.5643583, 23.0675408], [72.5642268, 23.0675211], [72.5634577, 23.0674295], [72.5631454, 23.0674077], [72.5629929, 23.0673825], [72.5627761, 23.0673068]]}, "properties": {"arterial": "132 Ft Ring Road", "osm_name": "132 Ft. Ring Road", "register_references": 2, "years_repaved": 2, "top_contractor": "Vimal Construction"}}, {"type": "Feature", "geometry": {"type": "LineString", "coordinates": [[72.660852, 22.9693722], [72.6602806, 22.9668016]]}, "properties": {"arterial": "SP / Sardar Patel Ring Road", "osm_name": "Sardar Patel Ring Road Flyover", "register_references": 14, "years_repaved": 5, "top_contractor": "Nar Narayan Infrastructure Pvt Ltd"}}, {"type": "Feature", "geometry": {"type": "LineString", "coordinates": [[72.6847121, 23.1028425], [72.6844775, 23.1034045], [72.6841943, 23.1039571], [72.6838252, 23.1045492], [72.6833274, 23.1051729], [72.6824691, 23.1059939], [72.6814848, 23.1067779], [72.6810762, 23.1071391], [72.6810378, 23.1071718], [72.6809154, 23.1072761], [72.6791914, 23.1087444], [72.678765, 23.1090708], [72.6782237, 23.1093645], [72.6774902, 23.1096587], [72.677231, 23.1097627], [72.676967, 23.1098493]]}, "properties": {"arterial": "SP / Sardar Patel Ring Road", "osm_name": "Sardar Patel Ring Road Flyover", "register_references": 14, "years_repaved": 5, "top_contractor": "Nar Narayan Infrastructure Pvt Ltd"}}, {"type": "Feature", "geometry": {"type": "LineString", "coordinates": [[72.6565498, 22.9573273], [72.6563179, 22.9571111], [72.6557775, 22.9563803], [72.6547142, 22.9548985], [72.6493535, 22.9475179], [72.6487904, 22.9467693], [72.6481717, 22.9460128], [72.6478697, 22.9457519], [72.6469167, 22.9451403], [72.6454471, 22.9442679], [72.6453794, 22.9442292], [72.6453601, 22.9442182], [72.6442708, 22.9435952], [72.6438735, 22.9433679], [72.6438516, 22.9433554], [72.643836, 22.9433464], [72.6437452, 22.9432945], [72.6437326, 22.9432873], [72.6420967, 22.9423517], [72.6408946, 22.9416042], [72.6400887, 22.9411538]]}, "properties": {"arterial": "SP / Sardar Patel Ring Road", "osm_name": "Sardar Patel Ring Road", "register_references": 14, "years_repaved": 5, "top_contractor": "Nar Narayan Infrastructure Pvt Ltd"}}, {"type": "Feature", "geometry": {"type": "LineString", "coordinates": [[72.5911565, 22.929463], [72.5914777, 22.929472]]}, "properties": {"arterial": "SP / Sardar Patel Ring Road", "osm_name": "Sardar Patel Ring Road", "register_references": 14, "years_repaved": 5, "top_contractor": "Nar Narayan Infrastructure Pvt Ltd"}}, {"type": "Feature", "geometry": {"type": "LineString", "coordinates": [[72.6870281, 23.0929334], [72.6871755, 23.0914385], [72.6872257, 23.0897375], [72.6872385, 23.0892797], [72.6872393, 23.0891287], [72.6872657, 23.088586], [72.6874399, 23.085432]]}, "properties": {"arterial": "SP / Sardar Patel Ring Road", "osm_name": "Sardar Patel Ring Road Flyover", "register_references": 14, "years_repaved": 5, "top_contractor": "Nar Narayan Infrastructure Pvt Ltd"}}, {"type": "Feature", "geometry": {"type": "LineString", "coordinates": [[72.6089692, 22.9312374], [72.6088086, 22.9311906]]}, "properties": {"arterial": "SP / Sardar Patel Ring Road", "osm_name": "Sardar Patel Ring Road", "register_references": 14, "years_repaved": 5, "top_contractor": "Nar Narayan Infrastructure Pvt Ltd"}}, {"type": "Feature", "geometry": {"type": "LineString", "coordinates": [[72.6610264, 22.9701326], [72.660852, 22.9693722]]}, "properties": {"arterial": "SP / Sardar Patel Ring Road", "osm_name": "Sardar Patel Ring Road Flyover", "register_references": 14, "years_repaved": 5, "top_contractor": "Nar Narayan Infrastructure Pvt Ltd"}}, {"type": "Feature", "geometry": {"type": "LineString", "coordinates": [[72.661328, 22.9717105], [72.6617309, 22.9733227], [72.6617356, 22.9733453], [72.6619366, 22.9743189], [72.6622761, 22.9756708], [72.6624214, 22.9764164], [72.6627224, 22.9783531], [72.6627624, 22.9786105], [72.6628634, 22.9793002], [72.6629061, 22.9795307], [72.6633972, 22.9821808], [72.6634202, 22.9822728], [72.6635274, 22.9827012], [72.6637494, 22.9835887], [72.6639676, 22.9850791], [72.6640155, 22.9854061], [72.6641331, 22.986266], [72.6641871, 22.986574], [72.6642131, 22.9867298], [72.6643245, 22.9874763], [72.6645047, 22.9889855], [72.6645476, 22.9892778], [72.6646728, 22.9899678], [72.6646781, 22.9899968], [72.6647417, 22.9903476], [72.6649682, 22.9915218], [72.6651995, 22.992976], [72.6652451, 22.993263], [72.6653201, 22.9937341], [72.665898, 22.9977074], [72.665928, 22.9978998], [72.6662789, 22.999884], [72.6664434, 23.0004638], [72.666875, 23.0017867], [72.6673927, 23.0033347], [72.6676677, 23.0041496], [72.6678948, 23.0049104], [72.6681968, 23.0062015], [72.6683979, 23.0070615], [72.6687181, 23.0085696]]}, "properties": {"arterial": "SP / Sardar Patel Ring Road", "osm_name": "Sardar Patel Ring Road", "register_references": 14, "years_repaved": 5, "top_contractor": "Nar Narayan Infrastructure Pvt Ltd"}}, {"type": "Feature", "geometry": {"type": "LineString", "coordinates": [[72.5949533, 22.929388], [72.594779, 22.9294119], [72.5946796, 22.9294255], [72.5944559, 22.9294434], [72.5913892, 22.9293515]]}, "properties": {"arterial": "SP / Sardar Patel Ring Road", "osm_name": "Sardar Patel Ring Road", "register_references": 14, "years_repaved": 5, "top_contractor": "Nar Narayan Infrastructure Pvt Ltd"}}, {"type": "Feature", "geometry": {"type": "LineString", "coordinates": [[72.6770094, 23.1099896], [72.6772506, 23.10989], [72.6784825, 23.1093843], [72.6786911, 23.1092617], [72.6789409, 23.1091149], [72.6800528, 23.1081931], [72.6807942, 23.1075643], [72.6809527, 23.1074299], [72.6810461, 23.1073507], [72.6811815, 23.1072358], [72.6815904, 23.1069104], [72.6816539, 23.1068574], [72.6817335, 23.1067909], [72.6825872, 23.1060781], [72.6834232, 23.1052415], [72.6839423, 23.1046204], [72.6843282, 23.103974], [72.6845992, 23.1034205], [72.6849253, 23.1026261], [72.6852754, 23.1011463]]}, "properties": {"arterial": "SP / Sardar Patel Ring Road", "osm_name": "Sardar Patel Ring Road Flyover", "register_references": 14, "years_repaved": 5, "top_contractor": "Nar Narayan Infrastructure Pvt Ltd"}}, {"type": "Feature", "geometry": {"type": "LineString", "coordinates": [[72.6874519, 23.0851827], [72.6874647, 23.0849195], [72.6874594, 23.0845462], [72.6875146, 23.083158], [72.6875174, 23.0823583], [72.6875362, 23.0818989], [72.6875853, 23.0814394], [72.6878695, 23.079331], [72.6879753, 23.0784917], [72.6879919, 23.078375], [72.6880938, 23.0776582], [72.6882555, 23.0766877], [72.688499, 23.0749424], [72.6886575, 23.0737465], [72.6888206, 23.0725166], [72.6889538, 23.0715361], [72.6889823, 23.0713043], [72.6890085, 23.0710906], [72.6891283, 23.0701161], [72.6891431, 23.0699692], [72.6892248, 23.0691609], [72.6893718, 23.0666336], [72.6893922, 23.0663866], [72.6894338, 23.0662325]]}, "properties": {"arterial": "SP / Sardar Patel Ring Road", "osm_name": "Sardar Patel Ring Road", "register_references": 14, "years_repaved": 5, "top_contractor": "Nar Narayan Infrastructure Pvt Ltd"}}, {"type": "Feature", "geometry": {"type": "LineString", "coordinates": [[72.6894593, 23.0659616], [72.6894392, 23.0657825], [72.6894545, 23.0654967], [72.6896152, 23.0623226], [72.689629, 23.0615703], [72.6895647, 23.0608941], [72.6894131, 23.0602474], [72.6891467, 23.0596684], [72.688834, 23.059075], [72.6884071, 23.0582651], [72.6854398, 23.0537266], [72.6854305, 23.0537122], [72.6854044, 23.0536724], [72.6842969, 23.0519784], [72.6842318, 23.0518789], [72.683763, 23.0511624], [72.68309, 23.0501059], [72.6824488, 23.0490993], [72.6819387, 23.0482097], [72.6818422, 23.047993], [72.6817718, 23.047835], [72.6815938, 23.0474409], [72.6806519, 23.0450716], [72.6801899, 23.0439094], [72.6796252, 23.042512], [72.6780296, 23.0385633], [72.6779929, 23.0384887], [72.6770326, 23.0360238], [72.6762453, 23.0340029], [72.6759879, 23.0333649], [72.6750114, 23.030945], [72.6749315, 23.0307477], [72.6743993, 23.0294339]]}, "properties": {"arterial": "SP / Sardar Patel Ring Road", "osm_name": "Sardar Patel Ring Road", "register_references": 14, "years_repaved": 5, "top_contractor": "Nar Narayan Infrastructure Pvt Ltd"}}, {"type": "Feature", "geometry": {"type": "LineString", "coordinates": [[72.485438, 22.9458457], [72.4854568, 22.9457432], [72.4854622, 22.9456944], [72.485503, 22.9455651], [72.4861714, 22.9444743], [72.4865863, 22.9438392], [72.4870525, 22.9432948], [72.4877534, 22.9427065], [72.4886119, 22.9421349], [72.4926208, 22.9394498], [72.492739, 22.9393707]]}, "properties": {"arterial": "SP / Sardar Patel Ring Road", "osm_name": "Sardar Patel Ring Road", "register_references": 14, "years_repaved": 5, "top_contractor": "Nar Narayan Infrastructure Pvt Ltd"}}, {"type": "Feature", "geometry": {"type": "LineString", "coordinates": [[72.6400887, 22.9411538], [72.6359206, 22.9387278], [72.635177, 22.938281]]}, "properties": {"arterial": "SP / Sardar Patel Ring Road", "osm_name": "Sardar Patel Ring Road", "register_references": 14, "years_repaved": 5, "top_contractor": "Nar Narayan Infrastructure Pvt Ltd"}}, {"type": "Feature", "geometry": {"type": "LineString", "coordinates": [[72.5910754, 22.9293376], [72.5903151, 22.9293229], [72.5891925, 22.9292296], [72.5881075, 22.9290724], [72.5879891, 22.9290553], [72.5833843, 22.9283401], [72.5829175, 22.9282653], [72.5815149, 22.9280407], [72.5796473, 22.9277416], [72.5785841, 22.9275304], [72.577705, 22.9272607], [72.5768269, 22.9269641], [72.5745562, 22.9261099], [72.5741259, 22.9259679], [72.5739855, 22.9259215], [72.5738869, 22.925889], [72.5731687, 22.9256953], [72.5724774, 22.9256098], [72.5716384, 22.9255261], [72.5684974, 22.9251593], [72.5671901, 22.9250148], [72.5630903, 22.9246257], [72.5588028, 22.9243162], [72.5567726, 22.9241696], [72.5543828, 22.9239909], [72.55143, 22.923777], [72.5507374, 22.9237293], [72.5505138, 22.9237139], [72.5495776, 22.9236889], [72.5489091, 22.9237195], [72.5482894, 22.9237757], [72.5481045, 22.9237925]]}, "properties": {"arterial": "SP / Sardar Patel Ring Road", "osm_name": "Sardar Patel Ring Road", "register_references": 14, "years_repaved": 5, "top_contractor": "Nar Narayan Infrastructure Pvt Ltd"}}, {"type": "Feature", "geometry": {"type": "LineString", "coordinates": [[72.5955726, 22.9297258], [72.5957879, 22.9296418], [72.5960028, 22.9296073], [72.5962889, 22.929618], [72.5987456, 22.9297063], [72.6019428, 22.9298235], [72.6029921, 22.929885], [72.6036812, 22.9299779], [72.6043423, 22.9301186], [72.6071983, 22.9308844], [72.6087765, 22.931318]]}, "properties": {"arterial": "SP / Sardar Patel Ring Road", "osm_name": "Sardar Patel Ring Road", "register_references": 14, "years_repaved": 5, "top_contractor": "Nar Narayan Infrastructure Pvt Ltd"}}, {"type": "Feature", "geometry": {"type": "LineString", "coordinates": [[72.6089548, 22.9313687], [72.6090611, 22.9313961], [72.6110933, 22.9319198], [72.617099, 22.9335193], [72.6179344, 22.9337433], [72.6207632, 22.9344942], [72.6212415, 22.9346212], [72.6247233, 22.9355455], [72.6270908, 22.9361777], [72.628308, 22.9364858], [72.6287926, 22.9366085], [72.6299291, 22.9368309], [72.6314582, 22.9370616], [72.6325336, 22.9372255], [72.6330395, 22.9373667], [72.6335424, 22.9375387], [72.6340385, 22.9377364], [72.6351371, 22.9383534]]}, "properties": {"arterial": "SP / Sardar Patel Ring Road", "osm_name": "Sardar Patel Ring Road", "register_references": 14, "years_repaved": 5, "top_contractor": "Nar Narayan Infrastructure Pvt Ltd"}}, {"type": "Feature", "geometry": {"type": "LineString", "coordinates": [[72.6853537, 23.1008154], [72.6856796, 23.0994377], [72.6860716, 23.0975152], [72.6861412, 23.0971739], [72.6861906, 23.0969316], [72.6863309, 23.0962623], [72.6868055, 23.0939985], [72.6868227, 23.0939163]]}, "properties": {"arterial": "SP / Sardar Patel Ring Road", "osm_name": "Sardar Patel Ring Road", "register_references": 14, "years_repaved": 5, "top_contractor": "Nar Narayan Infrastructure Pvt Ltd"}}, {"type": "Feature", "geometry": {"type": "LineString", "coordinates": [[72.6746362, 23.0303733], [72.6748392, 23.0308487], [72.6748893, 23.0309711], [72.6761326, 23.0340578], [72.6778875, 23.0385312], [72.6779223, 23.038606], [72.6794574, 23.0424552], [72.6794701, 23.0424914], [72.6794987, 23.0425734], [72.6800477, 23.0439685], [72.6814858, 23.0474833], [72.6816253, 23.0477904], [72.6818254, 23.0482724], [72.6823747, 23.049157], [72.6830077, 23.0501571], [72.6836793, 23.0512183], [72.6841085, 23.051885], [72.6841747, 23.0519873], [72.6853015, 23.0537257], [72.6853273, 23.0537656], [72.6853366, 23.05378], [72.6882884, 23.058334], [72.6890437, 23.0597161], [72.6892926, 23.0603083], [72.6894214, 23.060948], [72.6895158, 23.0616035], [72.6894815, 23.0623458], [72.6893013, 23.0654882], [72.6892774, 23.0657738], [72.6892154, 23.0659376]]}, "properties": {"arterial": "SP / Sardar Patel Ring Road", "osm_name": "Sardar Patel Ring Road", "register_references": 14, "years_repaved": 5, "top_contractor": "Nar Narayan Infrastructure Pvt Ltd"}}, {"type": "Feature", "geometry": {"type": "LineString", "coordinates": [[72.5913892, 22.9293515], [72.5910754, 22.9293376]]}, "properties": {"arterial": "SP / Sardar Patel Ring Road", "osm_name": "Sardar Patel Ring Road", "register_references": 14, "years_repaved": 5, "top_contractor": "Nar Narayan Infrastructure Pvt Ltd"}}, {"type": "Feature", "geometry": {"type": "LineString", "coordinates": [[72.6400314, 22.9412058], [72.6408262, 22.9416505], [72.6424752, 22.9426966], [72.6436351, 22.9433655], [72.644191, 22.9436861], [72.6453063, 22.9443293], [72.645366, 22.9443637], [72.6468163, 22.945226], [72.6477962, 22.9458466], [72.6479886, 22.9460186], [72.6480921, 22.9461111], [72.6484307, 22.9465292], [72.6486898, 22.9468492], [72.6489703, 22.9472138], [72.6492474, 22.947574], [72.6546126, 22.9549813], [72.6556508, 22.9564203], [72.6562115, 22.95723], [72.6563225, 22.9574728]]}, "properties": {"arterial": "SP / Sardar Patel Ring Road", "osm_name": "Sardar Patel Ring Road", "register_references": 14, "years_repaved": 5, "top_contractor": "Nar Narayan Infrastructure Pvt Ltd"}}, {"type": "Feature", "geometry": {"type": "LineString", "coordinates": [[72.6868227, 23.0939163], [72.6869165, 23.0934825]]}, "properties": {"arterial": "SP / Sardar Patel Ring Road", "osm_name": "Sardar Patel Ring Road", "register_references": 14, "years_repaved": 5, "top_contractor": "Nar Narayan Infrastructure Pvt Ltd"}}, {"type": "Feature", "geometry": {"type": "LineString", "coordinates": [[72.660771, 22.969412], [72.6609477, 22.9701669]]}, "properties": {"arterial": "SP / Sardar Patel Ring Road", "osm_name": "Sardar Patel Ring Road Flyover", "register_references": 14, "years_repaved": 5, "top_contractor": "Nar Narayan Infrastructure Pvt Ltd"}}, {"type": "Feature", "geometry": {"type": "LineString", "coordinates": [[72.6566093, 22.9578003], [72.6566768, 22.9578969], [72.6567702, 22.9580287], [72.6582954, 22.9600371], [72.6586192, 22.9606744], [72.6588462, 22.9612998], [72.6597203, 22.9648028], [72.6600676, 22.9662483], [72.6601014, 22.966389]]}, "properties": {"arterial": "SP / Sardar Patel Ring Road", "osm_name": "Sardar Patel Ring Road", "register_references": 14, "years_repaved": 5, "top_contractor": "Nar Narayan Infrastructure Pvt Ltd"}}, {"type": "Feature", "geometry": {"type": "LineString", "coordinates": [[72.689205, 23.0662299], [72.6892266, 23.0663676], [72.6892347, 23.0666342], [72.6890695, 23.0691766], [72.6890209, 23.0697728], [72.6890136, 23.0698624], [72.6889922, 23.0701242], [72.6888463, 23.0715456], [72.6887004, 23.0725327], [72.688507, 23.0740044], [72.6883828, 23.074949], [72.6881425, 23.076702], [72.6879679, 23.0776515], [72.6878611, 23.0784444], [72.6877629, 23.0791349], [72.6877389, 23.0793039], [72.6876634, 23.0798484], [72.6876477, 23.0799612], [72.6875644, 23.0806039], [72.687451, 23.0814382], [72.6874008, 23.0818887], [72.6873869, 23.0821111], [72.6873857, 23.0821743], [72.6873826, 23.0823363], [72.6874129, 23.0831847], [72.6873529, 23.0849217], [72.6873479, 23.0850317]]}, "properties": {"arterial": "SP / Sardar Patel Ring Road", "osm_name": "Sardar Patel Ring Road", "register_references": 14, "years_repaved": 5, "top_contractor": "Nar Narayan Infrastructure Pvt Ltd"}}, {"type": "Feature", "geometry": {"type": "LineString", "coordinates": [[72.5914777, 22.929472], [72.5942674, 22.9295481], [72.5945621, 22.9295832], [72.5947782, 22.9296326], [72.5950098, 22.9297541]]}, "properties": {"arterial": "SP / Sardar Patel Ring Road", "osm_name": "Sardar Patel Ring Road", "register_references": 14, "years_repaved": 5, "top_contractor": "Nar Narayan Infrastructure Pvt Ltd"}}, {"type": "Feature", "geometry": {"type": "LineString", "coordinates": [[72.6351371, 22.9383534], [72.6400314, 22.9412058]]}, "properties": {"arterial": "SP / Sardar Patel Ring Road", "osm_name": "Sardar Patel Ring Road", "register_references": 14, "years_repaved": 5, "top_contractor": "Nar Narayan Infrastructure Pvt Ltd"}}, {"type": "Feature", "geometry": {"type": "LineString", "coordinates": [[72.6867023, 23.0937036], [72.6866905, 23.093773], [72.6862245, 23.0962418], [72.686074, 23.0969386], [72.6859607, 23.097502], [72.6858505, 23.0980501], [72.6858422, 23.0980912], [72.685559, 23.0994413], [72.6848037, 23.1026229]]}, "properties": {"arterial": "SP / Sardar Patel Ring Road", "osm_name": "Sardar Patel Ring Road", "register_references": 14, "years_repaved": 5, "top_contractor": "Nar Narayan Infrastructure Pvt Ltd"}}, {"type": "Feature", "geometry": {"type": "LineString", "coordinates": [[72.6718231, 23.0203279], [72.6716757, 23.0195927], [72.6715172, 23.0189245], [72.6706751, 23.0163503], [72.6703739, 23.0154829], [72.6694062, 23.0110785], [72.669341, 23.0107604], [72.6688923, 23.0085695]]}, "properties": {"arterial": "SP / Sardar Patel Ring Road", "osm_name": "Sardar Patel Ring Road", "register_references": 14, "years_repaved": 5, "top_contractor": "Nar Narayan Infrastructure Pvt Ltd"}}, {"type": "Feature", "geometry": {"type": "LineString", "coordinates": [[72.6087765, 22.931318], [72.6089548, 22.9313687]]}, "properties": {"arterial": "SP / Sardar Patel Ring Road", "osm_name": "Sardar Patel Ring Road", "register_references": 14, "years_repaved": 5, "top_contractor": "Nar Narayan Infrastructure Pvt Ltd"}}, {"type": "Feature", "geometry": {"type": "LineString", "coordinates": [[72.6873303, 23.0854187], [72.687123, 23.0889133], [72.6871194, 23.0890287], [72.687114, 23.0892117], [72.6870365, 23.0914521], [72.686931, 23.0926398], [72.6868957, 23.0929018]]}, "properties": {"arterial": "SP / Sardar Patel Ring Road", "osm_name": "Sardar Patel Ring Road Flyover", "register_references": 14, "years_repaved": 5, "top_contractor": "Nar Narayan Infrastructure Pvt Ltd"}}, {"type": "Feature", "geometry": {"type": "LineString", "coordinates": [[72.635177, 22.938281], [72.6340826, 22.937661], [72.6335969, 22.9374553], [72.6330749, 22.9372751], [72.6325745, 22.9371376], [72.6314943, 22.9369724], [72.6299501, 22.9367096], [72.6288229, 22.9364988], [72.6284408, 22.9363966], [72.6271221, 22.936044], [72.6247893, 22.9354371], [72.6208442, 22.93439], [72.617975, 22.9336407], [72.6179557, 22.9336353], [72.6171643, 22.933415], [72.6111214, 22.9317942], [72.6089692, 22.9312374]]}, "properties": {"arterial": "SP / Sardar Patel Ring Road", "osm_name": "Sardar Patel Ring Road", "register_references": 14, "years_repaved": 5, "top_contractor": "Nar Narayan Infrastructure Pvt Ltd"}}, {"type": "Feature", "geometry": {"type": "LineString", "coordinates": [[72.6867604, 23.0934658], [72.6867023, 23.0937036]]}, "properties": {"arterial": "SP / Sardar Patel Ring Road", "osm_name": "Sardar Patel Ring Road", "register_references": 14, "years_repaved": 5, "top_contractor": "Nar Narayan Infrastructure Pvt Ltd"}}, {"type": "Feature", "geometry": {"type": "LineString", "coordinates": [[72.6088086, 22.9311906], [72.6072695, 22.9307746], [72.6044014, 22.9300129], [72.6037243, 22.9298701], [72.6030145, 22.9297746], [72.6019374, 22.9297062], [72.5987477, 22.9295879], [72.5962168, 22.9295065], [72.596005, 22.9294949], [72.5958269, 22.9294597], [72.5955916, 22.9293658]]}, "properties": {"arterial": "SP / Sardar Patel Ring Road", "osm_name": "Sardar Patel Ring Road", "register_references": 14, "years_repaved": 5, "top_contractor": "Nar Narayan Infrastructure Pvt Ltd"}}, {"type": "Feature", "geometry": {"type": "LineString", "coordinates": [[72.5382411, 22.9298208], [72.5341423, 22.9331878]]}, "properties": {"arterial": "SP / Sardar Patel Ring Road", "osm_name": "Sardar Patel Ring Road", "register_references": 14, "years_repaved": 5, "top_contractor": "Nar Narayan Infrastructure Pvt Ltd"}}, {"type": "Feature", "geometry": {"type": "LineString", "coordinates": [[72.5410984, 22.9273037], [72.541027, 22.9274275], [72.5409374, 22.9275748], [72.5405408, 22.9279304], [72.5382411, 22.9298208]]}, "properties": {"arterial": "SP / Sardar Patel Ring Road", "osm_name": "Sardar Patel Ring Road", "register_references": 14, "years_repaved": 5, "top_contractor": "Nar Narayan Infrastructure Pvt Ltd"}}, {"type": "Feature", "geometry": {"type": "LineString", "coordinates": [[72.5383245, 22.9298997], [72.5406302, 22.9280107], [72.5410522, 22.927658], [72.5411793, 22.9275962], [72.5413571, 22.9275522]]}, "properties": {"arterial": "SP / Sardar Patel Ring Road", "osm_name": "Sardar Patel Ring Road", "register_references": 14, "years_repaved": 5, "top_contractor": "Nar Narayan Infrastructure Pvt Ltd"}}, {"type": "Feature", "geometry": {"type": "LineString", "coordinates": [[72.5481259, 22.9239042], [72.5485534, 22.9238636], [72.5489033, 22.9238303], [72.5495771, 22.9238091], [72.5504879, 22.9238273], [72.550724, 22.9238448], [72.5514108, 22.9238957], [72.554379, 22.9240994], [72.5567591, 22.9242808], [72.5581205, 22.9243797], [72.5631631, 22.9247462], [72.5671701, 22.9251335], [72.5683929, 22.9252625], [72.5716085, 22.9256418], [72.572441, 22.9257223], [72.5731478, 22.9258074], [72.5738405, 22.9259938], [72.5740867, 22.9260752], [72.5745213, 22.9262222], [72.5767744, 22.9270693], [72.5776662, 22.9273728], [72.5785181, 22.9276418], [72.579387, 22.9278077], [72.5795925, 22.9278469], [72.5797341, 22.9278694], [72.5833679, 22.9284461], [72.5879445, 22.9291597], [72.5880381, 22.9291739], [72.589169, 22.9293455], [72.5903016, 22.9294377], [72.5911565, 22.929463]]}, "properties": {"arterial": "SP / Sardar Patel Ring Road", "osm_name": "Sardar Patel Ring Road", "register_references": 14, "years_repaved": 5, "top_contractor": "Nar Narayan Infrastructure Pvt Ltd"}}, {"type": "Feature", "geometry": {"type": "LineString", "coordinates": [[72.5342339, 22.9332519], [72.5383245, 22.9298997]]}, "properties": {"arterial": "SP / Sardar Patel Ring Road", "osm_name": "Sardar Patel Ring Road", "register_references": 14, "years_repaved": 5, "top_contractor": "Nar Narayan Infrastructure Pvt Ltd"}}, {"type": "Feature", "geometry": {"type": "LineString", "coordinates": [[72.5034735, 22.9361623], [72.5087843, 22.9357709], [72.5135322, 22.9354192], [72.5186379, 22.9349569], [72.5193035, 22.9349238], [72.519773, 22.9348768], [72.5202959, 22.934825], [72.5211871, 22.934713], [72.5221166, 22.934616], [72.5223622, 22.9345914], [72.5246712, 22.93436], [72.528932, 22.933998], [72.5321748, 22.9337373], [72.5328874, 22.9336729], [72.5332698, 22.9336409], [72.5337229, 22.9335323], [72.5339399, 22.9334395], [72.5341491, 22.933314], [72.5342339, 22.9332519]]}, "properties": {"arterial": "SP / Sardar Patel Ring Road", "osm_name": "Sardar Patel Ring Road", "register_references": 14, "years_repaved": 5, "top_contractor": "Nar Narayan Infrastructure Pvt Ltd"}}, {"type": "Feature", "geometry": {"type": "LineString", "coordinates": [[72.6601014, 22.966389], [72.6606161, 22.9686999]]}, "properties": {"arterial": "SP / Sardar Patel Ring Road", "osm_name": "Sardar Patel Ring Road", "register_references": 14, "years_repaved": 5, "top_contractor": "Nar Narayan Infrastructure Pvt Ltd"}}, {"type": "Feature", "geometry": {"type": "LineString", "coordinates": [[72.6601863, 22.9663774], [72.6598201, 22.9647833], [72.6589732, 22.9612822], [72.6587383, 22.9606436], [72.6583922, 22.9599685], [72.6569299, 22.9579665], [72.656853, 22.9578288], [72.656802, 22.9576522]]}, "properties": {"arterial": "SP / Sardar Patel Ring Road", "osm_name": "Sardar Patel Ring Road", "register_references": 14, "years_repaved": 5, "top_contractor": "Nar Narayan Infrastructure Pvt Ltd"}}, {"type": "Feature", "geometry": {"type": "LineString", "coordinates": [[72.5429432, 23.1361166], [72.5429971, 23.1361096], [72.5432208, 23.1360897], [72.5434624, 23.1360573], [72.5441477, 23.1359798], [72.5460854, 23.1357614]]}, "properties": {"arterial": "SP / Sardar Patel Ring Road", "osm_name": "Sardar Patel Ring Road Underpass", "register_references": 14, "years_repaved": 5, "top_contractor": "Nar Narayan Infrastructure Pvt Ltd"}}, {"type": "Feature", "geometry": {"type": "LineString", "coordinates": [[72.6464132, 23.1154665], [72.6490799, 23.1155188], [72.6516003, 23.1155958]]}, "properties": {"arterial": "SP / Sardar Patel Ring Road", "osm_name": "Sardar Patel Ring Road", "register_references": 14, "years_repaved": 5, "top_contractor": "Nar Narayan Infrastructure Pvt Ltd"}}, {"type": "Feature", "geometry": {"type": "LineString", "coordinates": [[72.5392677, 23.1364065], [72.53889, 23.1364594], [72.5382612, 23.1365082], [72.5374598, 23.1365326], [72.5364862, 23.1364698], [72.531148, 23.1355563], [72.5296791, 23.1352404], [72.5283516, 23.1348276], [72.527649, 23.1345982], [72.5269588, 23.134292], [72.52599, 23.1337694], [72.5256645, 23.1336019], [72.5247906, 23.1331085], [72.524005, 23.1326047], [72.523747, 23.1324173], [72.5210536, 23.1304608], [72.5178206, 23.1281099], [72.5166971, 23.1272929], [72.5121252, 23.123978], [72.5103163, 23.1225657], [72.5101923, 23.1224663], [72.5087604, 23.1213183], [72.5085674, 23.121151], [72.5083565, 23.120941]]}, "properties": {"arterial": "SP / Sardar Patel Ring Road", "osm_name": "Sardar Patel Ring Road", "register_references": 14, "years_repaved": 5, "top_contractor": "Nar Narayan Infrastructure Pvt Ltd"}}, {"type": "Feature", "geometry": {"type": "LineString", "coordinates": [[72.471081, 22.9813789], [72.4710494, 22.9809213], [72.471045, 22.9805346], [72.4710798, 22.9800219], [72.4711472, 22.9791328], [72.4711781, 22.9788582], [72.4712374, 22.9785603], [72.4713283, 22.9781639], [72.4714403, 22.977787], [72.4715452, 22.977464], [72.4716444, 22.9771984], [72.4718032, 22.9768199], [72.4719968, 22.9763668], [72.4721836, 22.975919], [72.4722671, 22.9757496], [72.4723865, 22.9755075], [72.4726539, 22.9749735], [72.4726869, 22.9749076]]}, "properties": {"arterial": "SP / Sardar Patel Ring Road", "osm_name": "Sardar Patel Ring Road", "register_references": 14, "years_repaved": 5, "top_contractor": "Nar Narayan Infrastructure Pvt Ltd"}}, {"type": "Feature", "geometry": {"type": "LineString", "coordinates": [[72.590952, 23.1292793], [72.5913285, 23.1291228], [72.5913483, 23.1291146], [72.5917682, 23.1289401], [72.5925881, 23.12858], [72.5944463, 23.1277914], [72.6035879, 23.1238432], [72.6037925, 23.1237576], [72.6044675, 23.1234751], [72.6085749, 23.1217561], [72.6096988, 23.1212572]]}, "properties": {"arterial": "SP / Sardar Patel Ring Road", "osm_name": "Sardar Patel Ring Road", "register_references": 14, "years_repaved": 5, "top_contractor": "Nar Narayan Infrastructure Pvt Ltd"}}, {"type": "Feature", "geometry": {"type": "LineString", "coordinates": [[72.5385284, 23.1217463], [72.5381969, 23.120582], [72.5379438, 23.1197643], [72.5378421, 23.119436], [72.5378012, 23.1192958], [72.537113, 23.1169347], [72.5370575, 23.1167444], [72.5370003, 23.116548], [72.5365215, 23.1149087], [72.5364933, 23.1148103], [72.5351738, 23.1103353], [72.5348644, 23.1093064], [72.5344835, 23.1079585], [72.5340978, 23.1066116]]}, "properties": {"arterial": "SG Highway (Sarkhej-Gandhinagar)", "osm_name": "SG Highway", "register_references": 20, "years_repaved": 7, "top_contractor": "Maruti Infracreation Pvt Ltd"}}, {"type": "Feature", "geometry": {"type": "LineString", "coordinates": [[72.6097824, 23.121092], [72.6096087, 23.1211733], [72.6043966, 23.1233869], [72.5934925, 23.1280187], [72.5932744, 23.1281105], [72.5925053, 23.1284394], [72.5914915, 23.1288909], [72.5912888, 23.1289758], [72.5912654, 23.1289863], [72.5909158, 23.1291429]]}, "properties": {"arterial": "SP / Sardar Patel Ring Road", "osm_name": "Sardar Patel Ring Road", "register_references": 14, "years_repaved": 5, "top_contractor": "Nar Narayan Infrastructure Pvt Ltd"}}, {"type": "Feature", "geometry": {"type": "LineString", "coordinates": [[72.5605085, 23.1338765], [72.5599507, 23.1339495], [72.5590681, 23.1341617], [72.5584671, 23.1342724]]}, "properties": {"arterial": "SP / Sardar Patel Ring Road", "osm_name": "Sardar Patel Ring Road Underpass", "register_references": 14, "years_repaved": 5, "top_contractor": "Nar Narayan Infrastructure Pvt Ltd"}}, {"type": "Feature", "geometry": {"type": "LineString", "coordinates": [[72.5584705, 23.1343659], [72.5585784, 23.134351], [72.5589902, 23.13427], [72.5600911, 23.1340233], [72.5605162, 23.1339727]]}, "properties": {"arterial": "SP / Sardar Patel Ring Road", "osm_name": "Sardar Patel Ring Road Underpass", "register_references": 14, "years_repaved": 5, "top_contractor": "Nar Narayan Infrastructure Pvt Ltd"}}, {"type": "Feature", "geometry": {"type": "LineString", "coordinates": [[72.5796655, 23.1313023], [72.5752529, 23.1318604], [72.5714025, 23.1323927], [72.5673377, 23.132963], [72.5645518, 23.1333435], [72.5637101, 23.1334556], [72.5629282, 23.1335598], [72.5608994, 23.1338253]]}, "properties": {"arterial": "SP / Sardar Patel Ring Road", "osm_name": "Sardar Patel Ring Road", "register_references": 14, "years_repaved": 5, "top_contractor": "Nar Narayan Infrastructure Pvt Ltd"}}, {"type": "Feature", "geometry": {"type": "LineString", "coordinates": [[72.5609092, 23.1339259], [72.5609349, 23.1339228], [72.5612253, 23.1338888], [72.5634279, 23.1336025], [72.5760128, 23.1318858], [72.578503, 23.1315495], [72.5796887, 23.131436]]}, "properties": {"arterial": "SP / Sardar Patel Ring Road", "osm_name": "Sardar Patel Ring Road", "register_references": 14, "years_repaved": 5, "top_contractor": "Nar Narayan Infrastructure Pvt Ltd"}}, {"type": "Feature", "geometry": {"type": "LineString", "coordinates": [[72.5819697, 23.0684544], [72.5821067, 23.0681707], [72.5822012, 23.0679859], [72.5824821, 23.0677347], [72.5829925, 23.0672974], [72.5831668, 23.0670852], [72.5832352, 23.0668837], [72.5832728, 23.0667025], [72.5833293, 23.0664307]]}, "properties": {"arterial": "Ashram Road", "osm_name": "Ashram Road", "register_references": 7, "years_repaved": 3, "top_contractor": "M/s L.G. Chaudhary"}}, {"type": "Feature", "geometry": {"type": "LineString", "coordinates": [[72.5830007, 23.0664597], [72.5830078, 23.066834], [72.5830105, 23.0669524], [72.5830051, 23.0670733], [72.5829461, 23.0671696], [72.5828415, 23.0672954], [72.5822397, 23.0678097], [72.5816554, 23.0683032]]}, "properties": {"arterial": "Ashram Road", "osm_name": "Ashram Road", "register_references": 7, "years_repaved": 3, "top_contractor": "M/s L.G. Chaudhary"}}, {"type": "Feature", "geometry": {"type": "LineString", "coordinates": [[72.5378073, 22.9964985], [72.5380907, 22.9965621], [72.5387258, 22.9967234], [72.5389202, 22.9967727], [72.5392591, 22.9968803], [72.5394908, 22.9969644], [72.5397421, 22.9970591], [72.5401444, 22.9972157], [72.5405038, 22.9973529], [72.5409089, 22.9975282], [72.541263, 22.9976764], [72.541389, 22.9977292], [72.5416695, 22.9978504], [72.5418289, 22.9979193], [72.5422419, 22.9980912], [72.5427247, 22.998301], [72.5431175, 22.9984725], [72.5431707, 22.9984957], [72.5438888, 22.9987972], [72.5442911, 22.9989825], [72.5446908, 22.9991775], [72.545077, 22.9993899], [72.5451253, 22.999422], [72.5451738, 22.999452], [72.5452436, 22.9994888], [72.5453372, 22.9995426], [72.5456836, 22.9997434], [72.5457939, 22.9998164], [72.5458552, 22.999853], [72.5459069, 22.9998844], [72.5460932, 23.0000147], [72.5461862, 23.0000797], [72.5465157, 23.0003417], [72.546707, 23.0005263], [72.5468262, 23.0006783], [72.54688, 23.000794], [72.5470542, 23.0011593], [72.5471453, 23.0013085], [72.5473187, 23.0015352], [72.5474925, 23.0016998], [72.5475719, 23.0017703], [72.5477461, 23.001855], [72.5479089, 23.0018857], [72.5480447, 23.0019102], [72.5480975, 23.0019197], [72.5486958, 23.0020092], [72.548756, 23.0020182], [72.5494544, 23.0021692], [72.5500161, 23.0022593], [72.5504941, 23.0024028], [72.5507196, 23.0024902]]}, "properties": {"arterial": "Ashram Road", "osm_name": "Ashram Road", "register_references": 7, "years_repaved": 3, "top_contractor": "M/s L.G. Chaudhary"}}, {"type": "Feature", "geometry": {"type": "LineString", "coordinates": [[72.5507453, 23.0024034], [72.5505197, 23.0023332], [72.550347, 23.0022885], [72.5501141, 23.0022185], [72.5500337, 23.0021944], [72.5494689, 23.0021038], [72.5487701, 23.0019527], [72.5484461, 23.0018923], [72.5481103, 23.001854], [72.5479251, 23.0018206], [72.5477733, 23.0017837], [72.5476184, 23.001694], [72.54755, 23.0016515], [72.5475269, 23.0016299], [72.5473783, 23.0014905], [72.5472342, 23.0012978], [72.5472199, 23.0012723], [72.547129, 23.00111], [72.547035, 23.0009167], [72.5469563, 23.0007627], [72.5468861, 23.0006311], [72.5467919, 23.000511], [72.54674, 23.000454], [72.5465576, 23.0002871], [72.5463189, 23.0000985], [72.5460839, 22.9999213], [72.5458897, 22.9997913], [72.5458309, 22.999756], [72.5456708, 22.9996648], [72.5453734, 22.9994875], [72.5452809, 22.9994304], [72.5452249, 22.9993985], [72.5451709, 22.9993637], [72.5451092, 22.9993267], [72.5449268, 22.9992205], [72.5446425, 22.9990724], [72.5442992, 22.9988985], [72.5441771, 22.9988445], [72.5439701, 22.9987529], [72.5433475, 22.9984889], [72.5431642, 22.99841], [72.5425909, 22.9981556], [72.5422265, 22.9979939], [72.5417135, 22.9977811], [72.5415759, 22.9977237], [72.5414137, 22.9976559], [72.5411637, 22.9975514], [72.5406245, 22.9973268], [72.5404819, 22.9972689], [72.5401176, 22.9971208], [72.5398198, 22.9970115], [72.5397072, 22.9969702], [72.5392866, 22.9968145], [72.5389475, 22.9967037], [72.5381149, 22.9964872], [72.5378431, 22.9964284]]}, "properties": {"arterial": "Ashram Road", "osm_name": "Ashram Road", "register_references": 7, "years_repaved": 3, "top_contractor": "M/s L.G. Chaudhary"}}, {"type": "Feature", "geometry": {"type": "LineString", "coordinates": [[72.5720845, 23.055671], [72.5719151, 23.0555378], [72.5717717, 23.0553977], [72.5716779, 23.0552232], [72.5716407, 23.0550498], [72.5716169, 23.0549389], [72.5715861, 23.0544455], [72.5715815, 23.0543527], [72.571558, 23.0538791], [72.5715002, 23.0529649], [72.5714854, 23.0527709], [72.5714731, 23.0526101], [72.5714644, 23.0524628], [72.5714594, 23.0524281], [72.5714537, 23.0523887], [72.571449, 23.0523011], [72.5714163, 23.0518496], [72.5713219, 23.050545], [72.5712848, 23.0501308], [72.5712517, 23.0497609], [72.5712308, 23.0495282], [72.5712236, 23.0494643], [72.5711497, 23.0489261], [72.5711204, 23.0486989], [72.5710464, 23.0481291], [72.5709875, 23.0479128], [72.5709606, 23.0478532], [72.5708706, 23.0476541], [72.5708293, 23.047594], [72.5707374, 23.0474283], [72.5705766, 23.0471638], [72.5705053, 23.0470303], [72.5704742, 23.0469591], [72.570413, 23.0468306], [72.570353, 23.0466939], [72.5703279, 23.0466126], [72.5702986, 23.0465179], [72.5702307, 23.0462672], [72.5702164, 23.0461418], [72.5701913, 23.0459934], [72.5701675, 23.0458305], [72.5701564, 23.0457548], [72.5701177, 23.0454903], [72.5700967, 23.0453524], [72.5700927, 23.0450384], [72.5700727, 23.0448774]]}, "properties": {"arterial": "Ashram Road", "osm_name": "Ashram Road", "register_references": 7, "years_repaved": 3, "top_contractor": "M/s L.G. Chaudhary"}}, {"type": "Feature", "geometry": {"type": "LineString", "coordinates": [[72.5695701, 23.0197312], [72.5696085, 23.0196919]]}, "properties": {"arterial": "Ashram Road", "osm_name": "Ashram Road", "register_references": 7, "years_repaved": 3, "top_contractor": "M/s L.G. Chaudhary"}}, {"type": "Feature", "geometry": {"type": "LineString", "coordinates": [[72.5621232, 23.0093666], [72.5622152, 23.0095398], [72.5622561, 23.009617], [72.5623192, 23.0097377], [72.5624324, 23.0099791], [72.5625436, 23.0102085], [72.5626668, 23.0104579], [72.5628358, 23.0107838], [72.5629563, 23.0110402], [72.5629986, 23.0111291], [72.563015, 23.0111991], [72.5630589, 23.0113043], [72.5631154, 23.0114149], [72.5631871, 23.0115357], [72.5632474, 23.011671], [72.563392, 23.0119286], [72.5634669, 23.0120738], [72.563557, 23.0122033], [72.5637272, 23.012466], [72.5638268, 23.0126035], [72.5639106, 23.0127193], [72.5641121, 23.0129921], [72.5642158, 23.0131319], [72.5643075, 23.0132565], [72.5645046, 23.0135342], [72.5646205, 23.0137059], [72.5646909, 23.0138101], [72.5648019, 23.0139547], [72.5648256, 23.013987], [72.5649735, 23.0141877], [72.5650143, 23.0142434]]}, "properties": {"arterial": "Ashram Road", "osm_name": "Ashram Road", "register_references": 7, "years_repaved": 3, "top_contractor": "M/s L.G. Chaudhary"}}, {"type": "Feature", "geometry": {"type": "LineString", "coordinates": [[72.57193, 23.0559915], [72.5722509, 23.055966], [72.5724506, 23.0559754], [72.5727471, 23.0560415], [72.5731915, 23.0561006], [72.5748405, 23.0562648], [72.5751472, 23.0563105], [72.5752383, 23.0563327], [72.5754807, 23.0563917], [72.5755579, 23.0564188], [72.5757383, 23.0564823], [72.5759436, 23.0566219], [72.5771724, 23.0576411], [72.5782197, 23.0585466], [72.578738, 23.0589641], [72.5790037, 23.0591856], [72.5790538, 23.0592274], [72.5790811, 23.0592504], [72.5794347, 23.059549], [72.579713, 23.0598128], [72.579833, 23.0599509]]}, "properties": {"arterial": "Ashram Road", "osm_name": "Ashram Road", "register_references": 7, "years_repaved": 3, "top_contractor": "M/s L.G. Chaudhary"}}, {"type": "Feature", "geometry": {"type": "LineString", "coordinates": [[72.5830384, 23.0660947], [72.582917, 23.0660886], [72.5827296, 23.0659994], [72.5826236, 23.0659025], [72.5822659, 23.0653765], [72.5821597, 23.0652204], [72.5819346, 23.0647998], [72.5817951, 23.0645178], [72.5817745, 23.064476], [72.5815369, 23.0638982], [72.5813259, 23.0633749], [72.5812854, 23.063273], [72.5810669, 23.0626322], [72.5806108, 23.0615009], [72.5803348, 23.0608389], [72.5803063, 23.0607585], [72.580284, 23.0607117], [72.5799881, 23.0600147], [72.5799056, 23.059895]]}, "properties": {"arterial": "Ashram Road", "osm_name": "Ashram Road", "register_references": 7, "years_repaved": 3, "top_contractor": "M/s L.G. Chaudhary"}}, {"type": "Feature", "geometry": {"type": "LineString", "coordinates": [[72.5627517, 23.0675318], [72.5628646, 23.0675393], [72.5631132, 23.0675396], [72.563454, 23.0675994], [72.5641956, 23.0676621], [72.5643562, 23.067716], [72.5646223, 23.0677171], [72.5656075, 23.0677031], [72.5664773, 23.0676943], [72.5666487, 23.067696], [72.5667228, 23.067696], [72.567056, 23.0676886], [72.5678722, 23.0676877], [72.5681326, 23.0676983], [72.5682397, 23.0677026], [72.5689784, 23.0677008], [72.5691166, 23.0677005], [72.5696512, 23.0676934], [72.5702738, 23.067693], [72.5703448, 23.067693], [72.5704789, 23.0676941], [72.5707037, 23.0677013], [72.5712699, 23.0677108], [72.5713248, 23.0677117], [72.5713446, 23.0677117], [72.5716048, 23.0677117], [72.571673, 23.0677109], [72.5717186, 23.0677103], [72.5717971, 23.0677094], [72.5720627, 23.0677117], [72.5721554, 23.0677125], [72.573296, 23.0677769], [72.573714, 23.0677959], [72.5745544, 23.0677917], [72.5749661, 23.0677872], [72.5754655, 23.067775], [72.5758369, 23.0677717], [72.5764185, 23.0677637], [72.5765231, 23.0677588], [72.5769968, 23.0677701], [72.5774924, 23.0677797], [72.5778117, 23.0678048], [72.5785235, 23.0679689], [72.5793588, 23.0681603], [72.580298, 23.0683756], [72.5808159, 23.0685059], [72.581189, 23.0686406], [72.5813381, 23.0687223], [72.5814946, 23.0687935]]}, "properties": {"arterial": "132 Ft Ring Road", "osm_name": "132 Ft. Ring Road", "register_references": 2, "years_repaved": 2, "top_contractor": "Vimal Construction"}}, {"type": "Feature", "geometry": {"type": "LineString", "coordinates": [[72.5437878, 23.0476852], [72.5438084, 23.0477119], [72.5445588, 23.0486821], [72.5446541, 23.0488128], [72.5447787, 23.0489835], [72.5451394, 23.0494555], [72.5454876, 23.0498701]]}, "properties": {"arterial": "132 Ft Ring Road", "osm_name": "132 Ft. Ring Road", "register_references": 2, "years_repaved": 2, "top_contractor": "Vimal Construction"}}, {"type": "Feature", "geometry": {"type": "LineString", "coordinates": [[72.5456366, 23.0498137], [72.5451668, 23.0492208], [72.5445449, 23.0484599], [72.5444002, 23.0482736], [72.5440111, 23.0477653], [72.5439151, 23.0476404]]}, "properties": {"arterial": "132 Ft Ring Road", "osm_name": "132 Ft. Ring Road", "register_references": 2, "years_repaved": 2, "top_contractor": "Vimal Construction"}}, {"type": "Feature", "geometry": {"type": "LineString", "coordinates": [[72.5582304, 23.0658175], [72.5579632, 23.0656572], [72.5574132, 23.06534], [72.557352, 23.0653055], [72.5569897, 23.0651011], [72.5567393, 23.0649599], [72.5565246, 23.0648177], [72.5559252, 23.0644522], [72.5555745, 23.0642395], [72.5553612, 23.0641046], [72.5549704, 23.0638056], [72.554366, 23.0632976], [72.5543523, 23.0632862], [72.5542711, 23.0632179], [72.5542223, 23.0631769], [72.5540583, 23.0630355], [72.553976, 23.0629644], [72.5538819, 23.0628833], [72.5538369, 23.0628445], [72.5537849, 23.0627996], [72.5537511, 23.0627705], [72.5534954, 23.0625499], [72.5533675, 23.0624234], [72.5532228, 23.0623015], [72.5528257, 23.0619668], [72.5525839, 23.0617614], [72.5525253, 23.0617077], [72.5524184, 23.0616063], [72.5522306, 23.0613965], [72.5520264, 23.0611623], [72.5518524, 23.0609521], [72.5517564, 23.0608177], [72.5515346, 23.0605293], [72.5511716, 23.0600572], [72.5508522, 23.059704], [72.5506453, 23.0594197], [72.5503363, 23.058951], [72.5497577, 23.0581081], [72.549614, 23.0578806], [72.5492574, 23.057311], [72.549066, 23.0570507], [72.5487379, 23.0565401], [72.5484464, 23.0560866], [72.5483946, 23.0560044]]}, "properties": {"arterial": "132 Ft Ring Road", "osm_name": "132 Ft. Ring Road", "register_references": 2, "years_repaved": 2, "top_contractor": "Vimal Construction"}}, {"type": "Feature", "geometry": {"type": "LineString", "coordinates": [[72.5482823, 23.0560864], [72.5483237, 23.0561534], [72.5483685, 23.0562232], [72.5489455, 23.0571209], [72.5489866, 23.0571972], [72.5490923, 23.0573933], [72.5492149, 23.0575829], [72.549404, 23.0578752], [72.5496538, 23.0582073], [72.5498415, 23.0584791], [72.5502151, 23.0590202], [72.550256, 23.0590822], [72.550525, 23.0594903], [72.5507379, 23.0597827], [72.5508929, 23.0599541], [72.5510584, 23.0601372], [72.5513669, 23.0605383], [72.5516386, 23.0608916], [72.551736, 23.0610279], [72.551914, 23.0612431], [72.5520828, 23.0614367], [72.55212, 23.0614793], [72.5523083, 23.0616897], [72.55242, 23.0618089], [72.5524761, 23.0618631], [72.5527157, 23.0620952], [72.5532123, 23.0625219], [72.5535422, 23.0627662], [72.5539952, 23.0631603], [72.5540219, 23.0631835], [72.5543098, 23.0634326], [72.5546119, 23.0636939], [72.5547435, 23.0638078], [72.554952, 23.063972], [72.5551523, 23.0641297], [72.5551925, 23.0641613], [72.5554886, 23.0643944], [72.555693, 23.0645433], [72.556152, 23.0647972], [72.556178, 23.064811], [72.5565244, 23.0649949], [72.556967, 23.0652564], [72.557541, 23.06556], [72.5578954, 23.065734], [72.5581809, 23.0658825]]}, "properties": {"arterial": "132 Ft Ring Road", "osm_name": "132 Ft. Ring Road", "register_references": 2, "years_repaved": 2, "top_contractor": "Vimal Construction"}}, {"type": "Feature", "geometry": {"type": "LineString", "coordinates": [[72.5624368, 23.067258], [72.5623799, 23.0672738], [72.5622694, 23.0672901], [72.5621797, 23.0672948], [72.5620852, 23.0672831], [72.5620385, 23.0672677], [72.5611081, 23.0669614], [72.5610487, 23.0669457]]}, "properties": {"arterial": "132 Ft Ring Road", "osm_name": "132 Ft. Ring Road", "register_references": 2, "years_repaved": 2, "top_contractor": "Vimal Construction"}}, {"type": "Feature", "geometry": {"type": "LineString", "coordinates": [[72.5609247, 23.0669823], [72.5613167, 23.0671249], [72.5620595, 23.0673906], [72.5623036, 23.0674945], [72.5623839, 23.0674809]]}, "properties": {"arterial": "132 Ft Ring Road", "osm_name": "132 Ft. Ring Road", "register_references": 2, "years_repaved": 2, "top_contractor": "Vimal Construction"}}, {"type": "Feature", "geometry": {"type": "LineString", "coordinates": [[72.5404642, 23.04255], [72.5402321, 23.0422464], [72.5401782, 23.0421759], [72.5397697, 23.0416541], [72.5394729, 23.0412389], [72.539195, 23.0407942], [72.5390673, 23.0405453], [72.5385191, 23.0393829], [72.5383423, 23.0390533], [72.538095, 23.0385876], [72.5376643, 23.0376883], [72.537427, 23.0372247], [72.5371489, 23.0366822], [72.537138, 23.0366569], [72.5368882, 23.036142], [72.5367529, 23.0358395], [72.5364935, 23.0353633], [72.5362416, 23.0348988], [72.5358901, 23.034229], [72.5357845, 23.0340423], [72.5356961, 23.0339405], [72.5355847, 23.033847], [72.5348701, 23.0330107], [72.5341689, 23.032215], [72.5339686, 23.0319877], [72.5337413, 23.031731], [72.5335173, 23.0314215], [72.5330269, 23.0306299], [72.5328213, 23.0302937], [72.5327582, 23.0301777], [72.5326555, 23.029989], [72.5323539, 23.029503], [72.5321574, 23.0292143], [72.5320708, 23.0290525], [72.5319292, 23.0287299], [72.5317717, 23.0283728], [72.5317111, 23.0282355]]}, "properties": {"arterial": "132 Ft Ring Road", "osm_name": "132 Ft. Ring Road", "register_references": 2, "years_repaved": 2, "top_contractor": "Vimal Construction"}}, {"type": "Feature", "geometry": {"type": "LineString", "coordinates": [[72.5316702, 23.0281438], [72.5316232, 23.028023], [72.5315076, 23.0277497], [72.5314229, 23.0275494], [72.5311857, 23.0268884]]}, "properties": {"arterial": "132 Ft Ring Road", "osm_name": "132 Ft. Ring Road", "register_references": 2, "years_repaved": 2, "top_contractor": "Vimal Construction"}}, {"type": "Feature", "geometry": {"type": "LineString", "coordinates": [[72.5315544, 23.0282951], [72.531628, 23.0284257], [72.5317827, 23.0287839], [72.531912, 23.0290399], [72.531941, 23.029106], [72.5320332, 23.0292781], [72.5321812, 23.029534], [72.5322036, 23.0295728], [72.5322132, 23.0295894], [72.5325022, 23.0300627], [72.5326768, 23.0303264], [72.5326958, 23.030355], [72.5329032, 23.0306943], [72.5333963, 23.0314902], [72.5336268, 23.0318087], [72.5338583, 23.0320702], [72.5339403, 23.0321632], [72.5347592, 23.0330926], [72.5354733, 23.0339208], [72.5355512, 23.034046], [72.5356301, 23.0341523], [72.5357437, 23.0342841], [72.536091, 23.0349664], [72.5363693, 23.0354205], [72.5366264, 23.0358925], [72.5367605, 23.0361923], [72.5370165, 23.0367227], [72.5370226, 23.0367354], [72.5370389, 23.0367672], [72.5370584, 23.0368053], [72.5373014, 23.0372792], [72.5375379, 23.0377413], [72.5379737, 23.0386319], [72.5382177, 23.0391097], [72.5383418, 23.0393911], [72.5386198, 23.0400033], [72.5389408, 23.040598], [72.5390718, 23.0408534], [72.5393546, 23.0413059], [72.5396553, 23.0417266], [72.540065, 23.04225], [72.5403374, 23.0425956], [72.5403665, 23.0426325]]}, "properties": {"arterial": "132 Ft Ring Road", "osm_name": "132 Ft. Ring Road", "register_references": 2, "years_repaved": 2, "top_contractor": "Vimal Construction"}}, {"type": "Feature", "geometry": {"type": "LineString", "coordinates": [[72.5310699, 23.0270061], [72.5312728, 23.0276006], [72.5314606, 23.028081], [72.5315134, 23.0282079]]}, "properties": {"arterial": "132 Ft Ring Road", "osm_name": "132 Ft. Ring Road", "register_references": 2, "years_repaved": 2, "top_contractor": "Vimal Construction"}}, {"type": "Feature", "geometry": {"type": "LineString", "coordinates": [[72.5302626, 23.0210115], [72.5302529, 23.020848], [72.5302487, 23.020777], [72.5302121, 23.0197154], [72.5301987, 23.0193461], [72.5301966, 23.0192891], [72.5301951, 23.0192376], [72.5301937, 23.0191881], [72.5301839, 23.0188462], [72.5301648, 23.0181837], [72.5301601, 23.0180209], [72.5301674, 23.0178213], [72.5301791, 23.017499], [72.5301913, 23.0171639], [72.5303628, 23.0160627], [72.5303656, 23.0160445], [72.5303865, 23.015909], [72.530394, 23.0158683], [72.5305281, 23.0151357], [72.5305982, 23.014753], [72.5306082, 23.0146983]]}, "properties": {"arterial": "132 Ft Ring Road", "osm_name": "132 Ft. Ring Road", "register_references": 2, "years_repaved": 2, "top_contractor": "Vimal Construction"}}, {"type": "Feature", "geometry": {"type": "LineString", "coordinates": [[72.5307531, 23.0129146], [72.5306599, 23.0132699], [72.5306507, 23.013333], [72.5306328, 23.0134559], [72.5305591, 23.0142534], [72.5305397, 23.0144628], [72.5305336, 23.0145294], [72.5305274, 23.014596]]}, "properties": {"arterial": "132 Ft Ring Road", "osm_name": "132 Ft. Ring Road", "register_references": 2, "years_repaved": 2, "top_contractor": "Vimal Construction"}}, {"type": "Feature", "geometry": {"type": "LineString", "coordinates": [[72.5377184, 22.9964745], [72.5376029, 22.9967313], [72.5373009, 22.9973053], [72.5369741, 22.9979763], [72.5367214, 22.998497], [72.5367087, 22.998526], [72.5364393, 22.9991693], [72.536401, 22.9992529], [72.5360096, 23.0001067], [72.5358578, 23.0004377], [72.5357524, 23.00065], [72.5353661, 23.0015377], [72.5351865, 23.0019503], [72.535154, 23.002025], [72.5351211, 23.0020876], [72.535078, 23.0021824], [72.5349738, 23.0024119], [72.5348796, 23.0026191], [72.5347146, 23.0029824], [72.534657, 23.0031091], [72.5345209, 23.0034088], [72.5344365, 23.0035946], [72.5343675, 23.0037256], [72.5342619, 23.0039263], [72.5341507, 23.0041386], [72.5340626, 23.0043066], [72.5331428, 23.006117], [72.5329874, 23.0064173], [72.5329687, 23.006456], [72.5328871, 23.0066246]]}, "properties": {"arterial": "132 Ft Ring Road", "osm_name": "132 Ft. Ring Road", "register_references": 2, "years_repaved": 2, "top_contractor": "Vimal Construction"}}, {"type": "Feature", "geometry": {"type": "LineString", "coordinates": [[72.5329527, 23.0066651], [72.5330414, 23.0064808], [72.5330614, 23.0064391], [72.5334727, 23.0056322], [72.5338014, 23.0050102], [72.5339362, 23.0047552], [72.5343355, 23.0039561], [72.5344338, 23.0037552], [72.5344736, 23.0036812], [72.5347987, 23.0029716], [72.5348725, 23.0028104], [72.5349496, 23.0025975], [72.5350109, 23.0024763], [72.5351893, 23.0021233], [72.5352229, 23.0020568], [72.5352903, 23.0019073], [72.5353823, 23.0017031], [72.5354887, 23.001467], [72.5356018, 23.0012085], [72.5358421, 23.0006593], [72.5359925, 23.0003111], [72.5360218, 23.0002481], [72.5361109, 23.0000566], [72.5365189, 22.9991796], [72.5368893, 22.998322], [72.5371148, 22.9978578], [72.5373663, 22.9973263], [72.5376498, 22.9968003], [72.5378073, 22.9964985]]}, "properties": {"arterial": "132 Ft Ring Road", "osm_name": "132 Ft. Ring Road", "register_references": 2, "years_repaved": 2, "top_contractor": "Vimal Construction"}}, {"type": "Feature", "geometry": {"type": "LineString", "coordinates": [[72.4980858, 22.936991], [72.4984111, 22.936818], [72.499319, 22.9365528], [72.5000415, 22.9364297], [72.5034735, 22.9361623]]}, "properties": {"arterial": "SP / Sardar Patel Ring Road", "osm_name": "Sardar Patel Ring Road", "register_references": 14, "years_repaved": 5, "top_contractor": "Nar Narayan Infrastructure Pvt Ltd"}}, {"type": "Feature", "geometry": {"type": "LineString", "coordinates": [[72.4926751, 22.9392745], [72.4876536, 22.942621], [72.4869474, 22.9432225], [72.4864372, 22.9438202], [72.4859171, 22.9446571], [72.4854071, 22.9454785], [72.4852512, 22.9456238], [72.4851771, 22.9456573], [72.4850691, 22.9457047]]}, "properties": {"arterial": "SP / Sardar Patel Ring Road", "osm_name": "Sardar Patel Ring Road", "register_references": 14, "years_repaved": 5, "top_contractor": "Nar Narayan Infrastructure Pvt Ltd"}}, {"type": "Feature", "geometry": {"type": "LineString", "coordinates": [[72.5341423, 22.9331878], [72.5340775, 22.9332285], [72.5338703, 22.93333], [72.533739, 22.9333835], [72.5335924, 22.9334433], [72.5332584, 22.9335169], [72.5329065, 22.9335557], [72.5321667, 22.9336158], [72.5289525, 22.9338789], [72.5246815, 22.9342386], [72.5244256, 22.9342655], [72.5220946, 22.9345103], [72.5211094, 22.9345898], [72.5202772, 22.9346471], [72.5197541, 22.9346853], [72.5193223, 22.9347361], [72.5186354, 22.9348391], [72.5135853, 22.9353003], [72.508788, 22.9356534], [72.5052031, 22.9359132], [72.5034582, 22.9360397], [72.4999451, 22.9363151], [72.4992751, 22.93643], [72.4982521, 22.9367244], [72.4980148, 22.936763], [72.4979476, 22.936774]]}, "properties": {"arterial": "SP / Sardar Patel Ring Road", "osm_name": "Sardar Patel Ring Road", "register_references": 14, "years_repaved": 5, "top_contractor": "Nar Narayan Infrastructure Pvt Ltd"}}, {"type": "Feature", "geometry": {"type": "LineString", "coordinates": [[72.4726869, 22.9749076], [72.472727, 22.9746852], [72.473085, 22.9738969], [72.4733895, 22.9732282], [72.4736818, 22.9726357]]}, "properties": {"arterial": "SP / Sardar Patel Ring Road", "osm_name": "Sardar Patel Ring Road", "register_references": 14, "years_repaved": 5, "top_contractor": "Nar Narayan Infrastructure Pvt Ltd"}}, {"type": "Feature", "geometry": {"type": "LineString", "coordinates": [[72.4735703, 22.9725927], [72.4732312, 22.9731072], [72.4729091, 22.9738137], [72.4725501, 22.9746012], [72.4725494, 22.9747592]]}, "properties": {"arterial": "SP / Sardar Patel Ring Road", "osm_name": "Sardar Patel Ring Road", "register_references": 14, "years_repaved": 5, "top_contractor": "Nar Narayan Infrastructure Pvt Ltd"}}, {"type": "Feature", "geometry": {"type": "LineString", "coordinates": [[72.4735703, 22.9725927], [72.4733476, 22.9730915], [72.4730017, 22.9738575], [72.472661, 22.9746078], [72.4725494, 22.9747592]]}, "properties": {"arterial": "SP / Sardar Patel Ring Road", "osm_name": "Sardar Patel Ring Road", "register_references": 14, "years_repaved": 5, "top_contractor": "Nar Narayan Infrastructure Pvt Ltd"}}, {"type": "Feature", "geometry": {"type": "LineString", "coordinates": [[72.4735703, 22.9725927], [72.4732806, 22.9731137], [72.4729542, 22.973835], [72.4726037, 22.9746062], [72.4725494, 22.9747592]]}, "properties": {"arterial": "SP / Sardar Patel Ring Road", "osm_name": "Sardar Patel Ring Road", "register_references": 14, "years_repaved": 5, "top_contractor": "Nar Narayan Infrastructure Pvt Ltd"}}, {"type": "Feature", "geometry": {"type": "LineString", "coordinates": [[72.4726869, 22.9749076], [72.4727467, 22.9747674], [72.4727753, 22.9747074], [72.4731252, 22.9739159], [72.4734228, 22.9732446], [72.4736818, 22.9726357]]}, "properties": {"arterial": "SP / Sardar Patel Ring Road", "osm_name": "Sardar Patel Ring Road", "register_references": 14, "years_repaved": 5, "top_contractor": "Nar Narayan Infrastructure Pvt Ltd"}}, {"type": "Feature", "geometry": {"type": "LineString", "coordinates": [[72.4726869, 22.9749076], [72.4727847, 22.9747905], [72.4728488, 22.9746621], [72.4731628, 22.9739337], [72.4734567, 22.9732517], [72.4736818, 22.9726357]]}, "properties": {"arterial": "SP / Sardar Patel Ring Road", "osm_name": "Sardar Patel Ring Road", "register_references": 14, "years_repaved": 5, "top_contractor": "Nar Narayan Infrastructure Pvt Ltd"}}, {"type": "Feature", "geometry": {"type": "LineString", "coordinates": [[72.4725494, 22.9747592], [72.4724864, 22.9749096], [72.4724194, 22.9750693], [72.4722583, 22.9754539], [72.4720626, 22.9758882], [72.4718765, 22.9763296], [72.4716864, 22.9767627], [72.4715178, 22.9771687], [72.4714213, 22.9774309], [72.4713113, 22.9777805], [72.4712028, 22.9781381], [72.4711108, 22.9785446], [72.4710546, 22.9788607], [72.4710161, 22.9791425], [72.4709532, 22.9800154], [72.4709251, 22.9805383], [72.4709346, 22.9809426], [72.4709622, 22.9813821]]}, "properties": {"arterial": "SP / Sardar Patel Ring Road", "osm_name": "Sardar Patel Ring Road", "register_references": 14, "years_repaved": 5, "top_contractor": "Nar Narayan Infrastructure Pvt Ltd"}}, {"type": "Feature", "geometry": {"type": "LineString", "coordinates": [[72.4724847, 22.9951244], [72.4725843, 22.9958808], [72.4726846, 22.9964937], [72.4727669, 22.9969047], [72.472894, 22.9972946], [72.4737091, 22.9994074], [72.4751197, 23.0030639], [72.4752134, 23.0033239], [72.4752332, 23.0033831], [72.4753026, 23.0035714], [72.4753415, 23.0036795], [72.4756283, 23.0044616], [72.4756671, 23.0045674], [72.4758011, 23.0049202]]}, "properties": {"arterial": "SP / Sardar Patel Ring Road", "osm_name": "Sardar Patel Ring Road", "register_references": 14, "years_repaved": 5, "top_contractor": "Nar Narayan Infrastructure Pvt Ltd"}}, {"type": "Feature", "geometry": {"type": "LineString", "coordinates": [[72.4801432, 23.0534104], [72.4802142, 23.0536636], [72.4802971, 23.0539136], [72.4809044, 23.0558088], [72.4815748, 23.0577626], [72.4817128, 23.0581408], [72.4819798, 23.0587274], [72.4821999, 23.0591631], [72.4826876, 23.060147], [72.4851927, 23.0652237], [72.4852485, 23.0653354], [72.4864449, 23.0677294], [72.4867342, 23.0683718], [72.4869656, 23.0689698], [72.4870324, 23.0691426], [72.4870569, 23.0692108], [72.4874187, 23.0702183], [72.487712, 23.0709868], [72.4883538, 23.0727291], [72.4887833, 23.0738981]]}, "properties": {"arterial": "SP / Sardar Patel Ring Road", "osm_name": "Sardar Patel Ring Road", "register_references": 14, "years_repaved": 5, "top_contractor": "Nar Narayan Infrastructure Pvt Ltd"}}, {"type": "Feature", "geometry": {"type": "LineString", "coordinates": [[72.4801686, 23.0443229], [72.4801991, 23.0448071], [72.4801779, 23.0453744], [72.4801465, 23.0459332], [72.4800405, 23.047092]]}, "properties": {"arterial": "SP / Sardar Patel Ring Road", "osm_name": "Sardar Patel Ring Road Flyover", "register_references": 14, "years_repaved": 5, "top_contractor": "Nar Narayan Infrastructure Pvt Ltd"}}, {"type": "Feature", "geometry": {"type": "LineString", "coordinates": [[72.479969, 23.0525621], [72.4799086, 23.0523212], [72.4798234, 23.0519184], [72.479786, 23.0514998], [72.4797786, 23.051074], [72.4797946, 23.0506303], [72.4798171, 23.0502856], [72.4798634, 23.0497846], [72.4799067, 23.0494182], [72.4799711, 23.0487692], [72.4801369, 23.0470986]]}, "properties": {"arterial": "SP / Sardar Patel Ring Road", "osm_name": "Sardar Patel Ring Road Flyover", "register_references": 14, "years_repaved": 5, "top_contractor": "Nar Narayan Infrastructure Pvt Ltd"}}, {"type": "Feature", "geometry": {"type": "LineString", "coordinates": [[72.4801944, 23.0531459], [72.4800437, 23.0528595], [72.479969, 23.0525621]]}, "properties": {"arterial": "SP / Sardar Patel Ring Road", "osm_name": "Sardar Patel Ring Road Flyover", "register_references": 14, "years_repaved": 5, "top_contractor": "Nar Narayan Infrastructure Pvt Ltd"}}, {"type": "Feature", "geometry": {"type": "LineString", "coordinates": [[72.4798853, 23.0525808], [72.4799597, 23.0528774], [72.4800109, 23.0531702]]}, "properties": {"arterial": "SP / Sardar Patel Ring Road", "osm_name": "Sardar Patel Ring Road Flyover", "register_references": 14, "years_repaved": 5, "top_contractor": "Nar Narayan Infrastructure Pvt Ltd"}}, {"type": "Feature", "geometry": {"type": "LineString", "coordinates": [[72.494269, 23.0887578], [72.4943371, 23.0889391], [72.4948526, 23.0904058], [72.4952595, 23.0914971], [72.4953878, 23.0918414], [72.4955694, 23.0923284], [72.4956934, 23.092661], [72.4976059, 23.0977934], [72.4983067, 23.0996874], [72.5002456, 23.1048623], [72.5012384, 23.1075674], [72.5032036, 23.112922], [72.5042091, 23.1156411], [72.5044777, 23.1163676], [72.5049833, 23.1176695], [72.5051402, 23.1179958], [72.505344, 23.1184127], [72.5054241, 23.118561], [72.5055704, 23.1188318], [72.5057274, 23.1190745], [72.5059424, 23.1192959], [72.5060758, 23.119441], [72.5063255, 23.1196815], [72.5068952, 23.1201928], [72.5075157, 23.1206358], [72.5077082, 23.1207902], [72.5078016, 23.1208522]]}, "properties": {"arterial": "SP / Sardar Patel Ring Road", "osm_name": "Sardar Patel Ring Road", "register_references": 14, "years_repaved": 5, "top_contractor": "Nar Narayan Infrastructure Pvt Ltd"}}, {"type": "Feature", "geometry": {"type": "LineString", "coordinates": [[72.4889058, 23.0738597], [72.4888975, 23.0738372], [72.4884813, 23.0727043], [72.4878296, 23.0709492], [72.4875372, 23.0701798], [72.4871283, 23.0690547], [72.4870748, 23.0689188], [72.487006, 23.0687439], [72.4869682, 23.0686478], [72.4868414, 23.0683258], [72.486562, 23.0676855], [72.4853694, 23.0653051], [72.4852997, 23.0651648], [72.484846, 23.0642269], [72.482798, 23.0601001], [72.4822982, 23.0590949], [72.4820895, 23.0586779], [72.4818323, 23.0581121], [72.4816907, 23.0577278], [72.4810485, 23.0558438], [72.4804652, 23.0540471], [72.480408, 23.053871], [72.4802911, 23.0534773], [72.4802581, 23.0533336]]}, "properties": {"arterial": "SP / Sardar Patel Ring Road", "osm_name": "Sardar Patel Ring Road", "register_references": 14, "years_repaved": 5, "top_contractor": "Nar Narayan Infrastructure Pvt Ltd"}}, {"type": "Feature", "geometry": {"type": "LineString", "coordinates": [[72.5079884, 23.120653], [72.5077508, 23.1204862], [72.507451, 23.1202487], [72.507163, 23.1200041], [72.5069208, 23.1198029], [72.5066512, 23.1195802], [72.5063492, 23.1192871], [72.5060938, 23.1189933], [72.5057818, 23.1187059], [72.5055653, 23.1185255], [72.5053923, 23.1182381], [72.505226, 23.1179002], [72.505053, 23.1174833], [72.5047741, 23.1167685], [72.50471, 23.1165968], [72.5039238, 23.1144916], [72.5032611, 23.1127447], [72.5030429, 23.1121258], [72.5021643, 23.1097452], [72.5008768, 23.1062618], [72.4996671, 23.103001], [72.4984078, 23.0995834], [72.4979599, 23.0983695], [72.4968723, 23.0954588], [72.4954936, 23.0917511], [72.4952756, 23.0911562], [72.4952298, 23.0910312], [72.4945144, 23.0890788], [72.4943762, 23.0886844]]}, "properties": {"arterial": "SP / Sardar Patel Ring Road", "osm_name": "Sardar Patel Ring Road", "register_references": 14, "years_repaved": 5, "top_contractor": "Nar Narayan Infrastructure Pvt Ltd"}}, {"type": "Feature", "geometry": {"type": "LineString", "coordinates": [[72.5081609, 23.1211459], [72.5083227, 23.1212833], [72.5085382, 23.121475], [72.5093293, 23.1220991], [72.5100191, 23.1226351], [72.5101281, 23.1227197], [72.5110052, 23.1234156], [72.5119916, 23.1240254], [72.5165507, 23.127345], [72.5177412, 23.1282046], [72.5209905, 23.1305506], [72.5239533, 23.1326944], [72.5247257, 23.133213], [72.5255402, 23.1336807], [72.5268816, 23.1344003], [72.5275881, 23.134699], [72.5278986, 23.1347974], [72.5282942, 23.1349227], [72.5296466, 23.1353561], [72.5311135, 23.1356883], [72.5364707, 23.1365754], [72.537426, 23.1366429], [72.5383105, 23.1366243], [72.5392824, 23.1365393]]}, "properties": {"arterial": "SP / Sardar Patel Ring Road", "osm_name": "Sardar Patel Ring Road", "register_references": 14, "years_repaved": 5, "top_contractor": "Nar Narayan Infrastructure Pvt Ltd"}}, {"type": "Feature", "geometry": {"type": "LineString", "coordinates": [[72.6316182, 23.1169579], [72.6318815, 23.1168267], [72.6320473, 23.1167742], [72.6324746, 23.116679], [72.6332607, 23.116506], [72.6343932, 23.1162865], [72.6357742, 23.1159865], [72.639506, 23.1153496], [72.6399832, 23.1153175], [72.6403436, 23.1152929], [72.6428322, 23.1154177], [72.6433481, 23.1154244], [72.6443002, 23.1154368], [72.6464132, 23.1154665]]}, "properties": {"arterial": "SP / Sardar Patel Ring Road", "osm_name": "Sardar Patel Ring Road", "register_references": 14, "years_repaved": 5, "top_contractor": "Nar Narayan Infrastructure Pvt Ltd"}}, {"type": "Feature", "geometry": {"type": "LineString", "coordinates": [[72.6403855, 23.1151923], [72.6402301, 23.1151819], [72.6394887, 23.1152261], [72.6357471, 23.1158647], [72.6343682, 23.1161748], [72.633213, 23.1164054], [72.6324408, 23.1165433], [72.6319776, 23.1166262], [72.6318274, 23.1166361], [72.6316981, 23.1166281], [72.6315544, 23.1166201]]}, "properties": {"arterial": "SP / Sardar Patel Ring Road", "osm_name": "Sardar Patel Ring Road", "register_references": 14, "years_repaved": 5, "top_contractor": "Nar Narayan Infrastructure Pvt Ltd"}}, {"type": "Feature", "geometry": {"type": "LineString", "coordinates": [[72.6516003, 23.1155958], [72.6530359, 23.1156436], [72.6547479, 23.1156444], [72.6562931, 23.1156641], [72.6566598, 23.1156357], [72.6570337, 23.1155662], [72.6582584, 23.1153067], [72.6583662, 23.1152853], [72.658543, 23.115248], [72.6642926, 23.1141936]]}, "properties": {"arterial": "SP / Sardar Patel Ring Road", "osm_name": "Sardar Patel Ring Road", "register_references": 14, "years_repaved": 5, "top_contractor": "Nar Narayan Infrastructure Pvt Ltd"}}, {"type": "Feature", "geometry": {"type": "LineString", "coordinates": [[72.651605, 23.1154779], [72.6490954, 23.1153915], [72.6463993, 23.1153424]]}, "properties": {"arterial": "SP / Sardar Patel Ring Road", "osm_name": "Sardar Patel Ring Road", "register_references": 14, "years_repaved": 5, "top_contractor": "Nar Narayan Infrastructure Pvt Ltd"}}, {"type": "Feature", "geometry": {"type": "LineString", "coordinates": [[72.6641756, 23.1140947], [72.6585161, 23.1151326], [72.6583348, 23.1151702], [72.6582192, 23.1151942], [72.6570066, 23.1154508], [72.6566416, 23.1155187], [72.6562884, 23.1155461], [72.6547565, 23.1155186], [72.6530384, 23.1155257], [72.6523104, 23.115472], [72.6520327, 23.1154743], [72.651605, 23.1154779]]}, "properties": {"arterial": "SP / Sardar Patel Ring Road", "osm_name": "Sardar Patel Ring Road", "register_references": 14, "years_repaved": 5, "top_contractor": "Nar Narayan Infrastructure Pvt Ltd"}}, {"type": "Feature", "geometry": {"type": "LineString", "coordinates": [[72.5709868, 23.0278713], [72.5708478, 23.0283353], [72.5706474, 23.0288907], [72.5704666, 23.0294325], [72.570474, 23.0299178], [72.5705141, 23.030447], [72.5705509, 23.0306744], [72.5705708, 23.0307872], [72.5705839, 23.0308736], [72.5705842, 23.0309703], [72.5705851, 23.0312729], [72.5705264, 23.0315666], [72.5705192, 23.0316025], [72.5704807, 23.0316921], [72.5702736, 23.0321737], [72.5700176, 23.0327691], [72.5696766, 23.0335146], [72.5695244, 23.0338698], [72.5693736, 23.0342476], [72.5692593, 23.034511], [72.5692091, 23.0346115], [72.5691397, 23.0347925], [72.5690594, 23.0349867], [72.5690011, 23.0351328], [72.5689292, 23.0353263], [72.5688909, 23.0354394], [72.5688408, 23.0356979], [72.5688162, 23.0361791], [72.5688158, 23.0366737], [72.5688748, 23.0373715], [72.5688789, 23.0374066]]}, "properties": {"arterial": "Ashram Road", "osm_name": "Ashram Road", "register_references": 7, "years_repaved": 3, "top_contractor": "M/s L.G. Chaudhary"}}, {"type": "Feature", "geometry": {"type": "LineString", "coordinates": [[72.5650801, 23.0142103], [72.5650344, 23.0141447], [72.5649026, 23.0139839], [72.5648528, 23.0139216], [72.5647428, 23.0137784], [72.5645578, 23.0135044], [72.5643384, 23.013197], [72.5642654, 23.013097], [72.5641636, 23.0129598], [72.5639623, 23.0126872], [72.5637799, 23.0124354], [72.5636111, 23.0121747], [72.5634243, 23.011869], [72.5633107, 23.0116439], [72.5631808, 23.0113936], [72.5631294, 23.0112559], [72.5630916, 23.0111693], [72.5630638, 23.0110979], [72.5629887, 23.0109616], [72.5628733, 23.010727], [72.5627258, 23.0104234], [72.5626153, 23.0101802], [72.5624871, 23.0099137], [72.5623885, 23.0096882], [72.5623327, 23.0095811], [72.5622787, 23.0094811], [72.5621996, 23.0093302]]}, "properties": {"arterial": "Ashram Road", "osm_name": "Ashram Road", "register_references": 7, "years_repaved": 3, "top_contractor": "M/s L.G. Chaudhary"}}, {"type": "Feature", "geometry": {"type": "LineString", "coordinates": [[72.5884344, 23.0981242], [72.5884668, 23.0980072], [72.5885194, 23.0978323], [72.5887578, 23.0970175], [72.5891003, 23.0959199], [72.5897635, 23.0936442], [72.590139, 23.0922901], [72.5903911, 23.0913084], [72.5906479, 23.0904271], [72.5907303, 23.0902127], [72.5907614, 23.0900908], [72.5912041, 23.0887586], [72.5912313, 23.0886674], [72.5913246, 23.0883542], [72.5915988, 23.0872828], [72.5917826, 23.0868408], [72.5917892, 23.0868188], [72.5918344, 23.0866558], [72.5919525, 23.0862137], [72.5920564, 23.085851], [72.5922595, 23.0851654]]}, "properties": {"arterial": "132 Ft Ring Road", "osm_name": "BRTS CORRIDOR 132 FT RING ROAD", "register_references": 2, "years_repaved": 2, "top_contractor": "Vimal Construction"}}, {"type": "Feature", "geometry": {"type": "LineString", "coordinates": [[72.5699763, 23.0448704], [72.5699833, 23.0450111], [72.5700626, 23.045542], [72.5700986, 23.0457662], [72.5701361, 23.0460002], [72.5701417, 23.0460392], [72.570176, 23.0462767], [72.5702448, 23.0465311], [72.5702938, 23.0466897], [72.5703003, 23.0467105], [72.5703614, 23.0468498], [72.5704064, 23.0469763], [72.5704452, 23.0470539], [72.5705207, 23.0471926], [72.5706372, 23.0473888], [72.5706789, 23.047458], [72.5708127, 23.0476796], [72.5709042, 23.047882], [72.5709265, 23.0479314], [72.5709832, 23.0481398], [72.5710294, 23.0484939], [72.5710571, 23.0487089], [72.571086, 23.0489332], [72.571167, 23.0495342], [72.5712205, 23.0501774], [72.5712579, 23.0505494], [72.5713637, 23.0520055], [72.571385, 23.052305], [72.5713907, 23.0523774], [72.571392, 23.0523947], [72.5714006, 23.0524672], [72.5714053, 23.0525514], [72.571433, 23.0529686], [72.5714412, 23.0530979], [72.5714907, 23.0538823], [72.5715203, 23.0544262], [72.5715056, 23.0547786], [72.5715459, 23.055324], [72.5715481, 23.0553534], [72.5715529, 23.0555542], [72.5715663, 23.0558298], [72.5716912, 23.0559199], [72.57193, 23.0559915]]}, "properties": {"arterial": "Ashram Road", "osm_name": "Ashram Road", "register_references": 7, "years_repaved": 3, "top_contractor": "M/s L.G. Chaudhary"}}, {"type": "Feature", "geometry": {"type": "LineString", "coordinates": [[72.5689883, 23.0374079], [72.5689819, 23.0373008], [72.568893, 23.0366736], [72.5688934, 23.0361829], [72.5689177, 23.0357071], [72.5689663, 23.0354564], [72.5690697, 23.035151], [72.5691229, 23.0350197], [72.5692106, 23.0348145], [72.5693076, 23.0346194], [72.5694475, 23.0342973], [72.5699484, 23.0332021], [72.5701295, 23.0327971], [72.5702666, 23.0324681], [72.5706392, 23.031636], [72.5706472, 23.0315895], [72.5707032, 23.0312626], [72.5706943, 23.0310702], [72.5706866, 23.0309046], [72.5706737, 23.0307692], [72.5706471, 23.0306537], [72.5706321, 23.0304656], [72.5705922, 23.0300865], [72.5705701, 23.0299125], [72.570586, 23.0294262], [72.5707553, 23.0289103], [72.5709464, 23.0283528], [72.571091, 23.0278852]]}, "properties": {"arterial": "Ashram Road", "osm_name": "Ashram Road", "register_references": 7, "years_repaved": 3, "top_contractor": "M/s L.G. Chaudhary"}}, {"type": "Feature", "geometry": {"type": "LineString", "coordinates": [[72.5377448, 22.9964051], [72.5377184, 22.9964745]]}, "properties": {"arterial": "132 Ft Ring Road", "osm_name": "132 Ft. Ring Road", "register_references": 2, "years_repaved": 2, "top_contractor": "Vimal Construction"}}, {"type": "Feature", "geometry": {"type": "LineString", "coordinates": [[72.5378073, 22.9964985], [72.5378431, 22.9964284]]}, "properties": {"arterial": "132 Ft Ring Road", "osm_name": "132 Ft. Ring Road", "register_references": 2, "years_repaved": 2, "top_contractor": "Vimal Construction"}}, {"type": "Feature", "geometry": {"type": "LineString", "coordinates": [[72.5329374, 23.1031463], [72.5331214, 23.1038824], [72.5331898, 23.1041008], [72.533381, 23.1047877], [72.5334719, 23.1051055], [72.5339248, 23.1066639], [72.5343977, 23.1082296], [72.5347671, 23.1095489], [72.5350467, 23.1104542], [72.5358407, 23.1132465], [72.5365111, 23.1154976], [72.5377092, 23.119494], [72.537795, 23.1197914], [72.5379616, 23.1203686], [72.5383339, 23.1218022]]}, "properties": {"arterial": "SG Highway (Sarkhej-Gandhinagar)", "osm_name": "SG Highway", "register_references": 20, "years_repaved": 7, "top_contractor": "Maruti Infracreation Pvt Ltd"}}, {"type": "Feature", "geometry": {"type": "LineString", "coordinates": [[72.6890215, 23.0661685], [72.6890399, 23.066575], [72.688996, 23.0675231], [72.6889279, 23.0685418], [72.6888623, 23.0695092], [72.6888286, 23.069758], [72.6888128, 23.0698309], [72.6888032, 23.0698898], [72.6886259, 23.0713076], [72.6884113, 23.0730251], [72.6882822, 23.0739738], [72.687945, 23.0764529], [72.6878373, 23.0772447], [72.6875815, 23.0791114], [72.6874839, 23.0798237], [72.6873653, 23.0806894], [72.6872741, 23.0814197], [72.6872641, 23.0815465], [72.6872151, 23.0821649], [72.6871668, 23.0838675], [72.6871466, 23.0854539]]}, "properties": {"arterial": "SP / Sardar Patel Ring Road", "osm_name": "Sardar Patel Ring Road", "register_references": 14, "years_repaved": 5, "top_contractor": "Nar Narayan Infrastructure Pvt Ltd"}}, {"type": "Feature", "geometry": {"type": "LineString", "coordinates": [[72.6746407, 23.0309187], [72.6746865, 23.031037], [72.6752443, 23.0324777], [72.6756494, 23.0335171], [72.6760653, 23.0345713], [72.6760955, 23.0346478], [72.6761882, 23.0348829], [72.6762189, 23.0349606], [72.6766096, 23.0359509], [72.6767013, 23.0361732], [72.6777007, 23.0385967], [72.6777406, 23.0386682], [72.6781385, 23.0397027], [72.6782583, 23.0399992], [72.6786558, 23.0409825], [72.6787609, 23.0412426], [72.6792772, 23.0425197], [72.6793262, 23.042635], [72.6809119, 23.0466038], [72.6812741, 23.04756]]}, "properties": {"arterial": "SP / Sardar Patel Ring Road", "osm_name": "Sardar Patel Ring Road", "register_references": 14, "years_repaved": 5, "top_contractor": "Nar Narayan Infrastructure Pvt Ltd"}}, {"type": "Feature", "geometry": {"type": "LineString", "coordinates": [[72.6661814, 22.9976405], [72.6661921, 22.997532], [72.6658488, 22.9956012], [72.6656711, 22.9942594], [72.6656664, 22.9942235], [72.665473, 22.9931284], [72.6651427, 22.9908166], [72.6651217, 22.9904959], [72.6650808, 22.9899537], [72.6650645, 22.9897371], [72.6650492, 22.9893555], [72.6650361, 22.9892238], [72.6650204, 22.9891313], [72.6650008, 22.9890551], [72.6648661, 22.9885714], [72.6648461, 22.9884929], [72.664703, 22.9878194], [72.6646615, 22.9876038], [72.6644055, 22.986274], [72.6643822, 22.9860556], [72.6643367, 22.9856279], [72.6642234, 22.984564], [72.6641609, 22.9842546], [72.6640461, 22.9836862], [72.6638478, 22.9826429], [72.6637966, 22.9823672], [72.6634992, 22.9807662], [72.663192, 22.9794749], [72.6629992, 22.9784481], [72.6629016, 22.9775516]]}, "properties": {"arterial": "SP / Sardar Patel Ring Road", "osm_name": "Sardar Patel Ring Road", "register_references": 14, "years_repaved": 5, "top_contractor": "Nar Narayan Infrastructure Pvt Ltd"}}, {"type": "Feature", "geometry": {"type": "LineString", "coordinates": [[72.6632584, 22.9822587], [72.6634399, 22.9830442], [72.663644, 22.9842183], [72.6636701, 22.9845011], [72.6637731, 22.9851977], [72.6639304, 22.9862875], [72.663962, 22.9865152], [72.6642178, 22.9883944], [72.664395, 22.9897741], [72.6644155, 22.9898752], [72.6644432, 22.9900117], [72.6644473, 22.9900312], [72.6644641, 22.9901124], [72.6645986, 22.9907778], [72.6646901, 22.9913642], [72.6649488, 22.9929812], [72.6649649, 22.9930815], [72.664999, 22.9932963], [72.6650755, 22.9938042], [72.6652423, 22.9949111], [72.6654626, 22.9962588], [72.6657085, 22.9977536], [72.6657454, 22.9979414], [72.6660363, 22.9994736], [72.6662723, 23.0004909], [72.6666478, 23.0017451], [72.6666754, 23.0018239], [72.6670586, 23.0029161], [72.6672382, 23.0034279], [72.6675908, 23.0045199], [72.6676459, 23.0047019], [72.667846, 23.0056036], [72.6679545, 23.0060927], [72.6682, 23.0071994], [72.6685511, 23.0085745], [72.6685894, 23.0089184], [72.6688043, 23.0099714], [72.6689921, 23.0108997], [72.6692123, 23.0119553], [72.6692678, 23.012201], [72.6693865, 23.0127259], [72.6695607, 23.0134968], [72.6698879, 23.0151607], [72.6700871, 23.015927], [72.6702265, 23.0163618], [72.6703589, 23.0166538], [72.6703795, 23.0167304], [72.6704032, 23.0168187], [72.6708078, 23.0179762], [72.670816, 23.0179997], [72.6708975, 23.0182254], [72.6711917, 23.0190405], [72.6714206, 23.0199869], [72.6715297, 23.0204377], [72.6716289, 23.0205672]]}, "properties": {"arterial": "SP / Sardar Patel Ring Road", "osm_name": "Sardar Patel Ring Road", "register_references": 14, "years_repaved": 5, "top_contractor": "Nar Narayan Infrastructure Pvt Ltd"}}, {"type": "Feature", "geometry": {"type": "LineString", "coordinates": [[72.5460812, 23.1359357], [72.5468142, 23.1358652], [72.5477259, 23.1357437], [72.5487155, 23.1356384], [72.5493718, 23.1355671], [72.5512567, 23.1354024], [72.5513976, 23.1353906], [72.5531283, 23.1352459], [72.5538777, 23.1351688], [72.5552814, 23.1350066], [72.555314, 23.1350023], [72.5554222, 23.1349608], [72.5554705, 23.1349004], [72.5554932, 23.1348249], [72.5554919, 23.1347018], [72.5554637, 23.1346266], [72.5553913, 23.1346103], [72.5536611, 23.1348119], [72.5531235, 23.1347863], [72.552773, 23.1348093], [72.551952, 23.1348795], [72.550301, 23.1350207], [72.5502238, 23.1350273], [72.5489178, 23.1352002], [72.547545, 23.1353281], [72.5467028, 23.1354113], [72.5463027, 23.1354591], [72.5460988, 23.1354739]]}, "properties": {"arterial": "SP / Sardar Patel Ring Road", "osm_name": "Sardar Patel Ring Road", "register_references": 14, "years_repaved": 5, "top_contractor": "Nar Narayan Infrastructure Pvt Ltd"}}, {"type": "Feature", "geometry": {"type": "LineString", "coordinates": [[72.6869215, 23.0909924], [72.6867952, 23.092504], [72.6867787, 23.0927304], [72.6867813, 23.0928904]]}, "properties": {"arterial": "SP / Sardar Patel Ring Road", "osm_name": "Sardar Patel Ring Road", "register_references": 14, "years_repaved": 5, "top_contractor": "Nar Narayan Infrastructure Pvt Ltd"}}, {"type": "Feature", "geometry": {"type": "LineString", "coordinates": [[72.6812514, 23.1073621], [72.6814484, 23.1071916], [72.6817362, 23.1069414], [72.6827344, 23.1060672], [72.6836334, 23.1052274], [72.684412, 23.1041596], [72.6849052, 23.103113], [72.6850349, 23.1028379], [72.68542, 23.1013267], [72.6854514, 23.1012037], [72.6857215, 23.099856], [72.6858641, 23.0991202], [72.6859007, 23.0989653], [72.686033, 23.0983585], [72.6862984, 23.0972058], [72.6863373, 23.0970368], [72.6863872, 23.0967848], [72.6865426, 23.0959885], [72.6868753, 23.0945105], [72.6869812, 23.0938727]]}, "properties": {"arterial": "SP / Sardar Patel Ring Road", "osm_name": "Sardar Patel Ring Road", "register_references": 14, "years_repaved": 5, "top_contractor": "Nar Narayan Infrastructure Pvt Ltd"}}, {"type": "Feature", "geometry": {"type": "LineString", "coordinates": [[72.5920881, 23.0851056], [72.591729, 23.0862248], [72.5916983, 23.086332], [72.5916065, 23.0866123], [72.5915679, 23.0867866], [72.5914943, 23.087043], [72.5911445, 23.0882627], [72.591021, 23.0886262], [72.5909996, 23.0886993], [72.590585, 23.0899786], [72.5905493, 23.0900874], [72.590509, 23.0902001], [72.5904117, 23.0905525], [72.5901623, 23.0913922], [72.5895842, 23.0935643], [72.5895, 23.0938585], [72.5892032, 23.0949256], [72.5889308, 23.0958405], [72.5885841, 23.0969447], [72.5885423, 23.0970912], [72.588363, 23.0976876], [72.5883079, 23.0978932], [72.5882683, 23.098028], [72.5882504, 23.0980756]]}, "properties": {"arterial": "132 Ft Ring Road", "osm_name": "BRTS CORRIDOR 132 FT RING ROAD", "register_references": 2, "years_repaved": 2, "top_contractor": "Vimal Construction"}}, {"type": "Feature", "geometry": {"type": "LineString", "coordinates": [[72.6147515, 23.1190331], [72.6153696, 23.1188623], [72.6165953, 23.1185157], [72.617533, 23.1182672], [72.6192266, 23.1178644], [72.6195802, 23.117788], [72.6204711, 23.1175955], [72.6206763, 23.1175659], [72.6208602, 23.1175497], [72.6211269, 23.1175437], [72.6213938, 23.1175561], [72.622089, 23.1175898], [72.6221374, 23.1175931], [72.6221944, 23.1175968], [72.6223792, 23.1176087]]}, "properties": {"arterial": "SP / Sardar Patel Ring Road", "osm_name": "Sardar Patel Ring Road", "register_references": 14, "years_repaved": 5, "top_contractor": "Nar Narayan Infrastructure Pvt Ltd"}}, {"type": "Feature", "geometry": {"type": "LineString", "coordinates": [[72.5306182, 23.0146001], [72.530624, 23.0145428], [72.5306298, 23.0144856], [72.5306504, 23.0142828], [72.5306833, 23.0139422], [72.5307239, 23.0135611], [72.530752, 23.0132847], [72.5308098, 23.0130461], [72.5308371, 23.0129331]]}, "properties": {"arterial": "132 Ft Ring Road", "osm_name": "132 Ft. Ring Road", "register_references": 2, "years_repaved": 2, "top_contractor": "Vimal Construction"}}, {"type": "Feature", "geometry": {"type": "LineString", "coordinates": [[72.5306082, 23.0146983], [72.5306182, 23.0146001]]}, "properties": {"arterial": "132 Ft Ring Road", "osm_name": "132 Ft. Ring Road", "register_references": 2, "years_repaved": 2, "top_contractor": "Vimal Construction"}}, {"type": "Feature", "geometry": {"type": "LineString", "coordinates": [[72.5305185, 23.0146923], [72.5305101, 23.0147415], [72.5305017, 23.0147907], [72.5304504, 23.0150583], [72.5304053, 23.015294], [72.5302828, 23.0159239], [72.5302537, 23.0161434], [72.5302121, 23.0164187], [72.5301306, 23.0169336], [72.5300991, 23.0171393], [72.5300832, 23.018274], [72.5300807, 23.018617], [72.5300867, 23.0188744], [72.5300929, 23.0191969], [72.5300939, 23.0192426], [72.5300949, 23.0192894], [72.530097, 23.019352], [72.5301035, 23.0195459], [72.5300993, 23.020738], [72.5301023, 23.0207976], [72.5301145, 23.0210408]]}, "properties": {"arterial": "132 Ft Ring Road", "osm_name": "132 Ft. Ring Road", "register_references": 2, "years_repaved": 2, "top_contractor": "Vimal Construction"}}, {"type": "Feature", "geometry": {"type": "LineString", "coordinates": [[72.5305274, 23.014596], [72.5305185, 23.0146923]]}, "properties": {"arterial": "132 Ft Ring Road", "osm_name": "132 Ft. Ring Road", "register_references": 2, "years_repaved": 2, "top_contractor": "Vimal Construction"}}, {"type": "Feature", "geometry": {"type": "LineString", "coordinates": [[72.5413108, 23.1309691], [72.5410271, 23.1299617], [72.5409491, 23.1296793], [72.5400031, 23.1263699], [72.5399887, 23.1263261], [72.5398631, 23.1258809], [72.5395297, 23.1247456], [72.5394012, 23.1243281], [72.5386619, 23.1218246]]}, "properties": {"arterial": "SG Highway (Sarkhej-Gandhinagar)", "osm_name": "SG Highway Service road", "register_references": 20, "years_repaved": 7, "top_contractor": "Maruti Infracreation Pvt Ltd"}}, {"type": "Feature", "geometry": {"type": "LineString", "coordinates": [[72.6555381, 23.1158204], [72.6557918, 23.1158286], [72.6563376, 23.1158035], [72.656921, 23.1157232], [72.6574822, 23.1155958], [72.6583008, 23.1154226], [72.6583977, 23.1154005], [72.6586918, 23.1153377], [72.6597355, 23.1151599], [72.6613215, 23.1148609], [72.6632394, 23.1145053], [72.6636201, 23.1144413], [72.6638151, 23.1144143], [72.6642659, 23.1143251], [72.6643927, 23.1142909], [72.6653263, 23.1140485], [72.665786, 23.1139146], [72.6682293, 23.1132663], [72.668814, 23.1130487], [72.6709932, 23.1122377], [72.6717723, 23.1119628], [72.6730642, 23.1115069], [72.6732586, 23.1114747]]}, "properties": {"arterial": "SP / Sardar Patel Ring Road", "osm_name": "Sardar Patel Ring Road", "register_references": 14, "years_repaved": 5, "top_contractor": "Nar Narayan Infrastructure Pvt Ltd"}}, {"type": "Feature", "geometry": {"type": "LineString", "coordinates": [[72.6048244, 23.1014011], [72.6046604, 23.1007759], [72.6046112, 23.1005887], [72.6045617, 23.1004], [72.6045094, 23.1002005], [72.6044738, 23.1000823], [72.6044471, 23.1000341], [72.6043901, 23.0999728], [72.6043629, 23.0999154], [72.6043358, 23.0998449], [72.6043071, 23.0997381], [72.6042842, 23.0996184], [72.6042349, 23.0993164], [72.604156, 23.0987423], [72.6041489, 23.098696], [72.6040719, 23.0983292], [72.6040511, 23.0981745], [72.6040471, 23.0981037], [72.6040473, 23.0980544], [72.6040506, 23.0979895], [72.604092, 23.0976711], [72.6041077, 23.0975235], [72.6040945, 23.0974543], [72.6040584, 23.0974083], [72.6040077, 23.0973692], [72.6039568, 23.0973405], [72.6038852, 23.097311], [72.6036773, 23.0972491], [72.6033633, 23.0971641], [72.6030555, 23.0970774], [72.6025377, 23.0969366], [72.6024261, 23.0969095], [72.6018799, 23.0967843], [72.6016252, 23.0967366], [72.6013348, 23.0966961], [72.6009622, 23.0971967], [72.6008481, 23.0973417], [72.6007299, 23.0975098], [72.6006086, 23.0977103], [72.6005713, 23.0977847], [72.6005471, 23.0978453], [72.600521, 23.0979228], [72.6004474, 23.0981446], [72.6004023, 23.0982682], [72.6003179, 23.0984415], [72.600233, 23.0985589], [72.6001908, 23.0986191], [72.6000427, 23.0987967], [72.5999278, 23.0989159], [72.5998513, 23.0989927], [72.5997063, 23.0991046], [72.5996101, 23.0991644], [72.5994853, 23.0992326], [72.599387, 23.0992777]]}, "properties": {"arterial": "Ashram Road", "osm_name": "Asharam ashram road", "register_references": 7, "years_repaved": 3, "top_contractor": "M/s L.G. Chaudhary"}}, {"type": "Feature", "geometry": {"type": "LineString", "coordinates": [[72.6018921, 23.1021504], [72.6024394, 23.101981], [72.6025999, 23.1019313], [72.6028713, 23.1018473], [72.60317, 23.1017548], [72.6048244, 23.1014011], [72.6048522, 23.1015187], [72.6049931, 23.1021146], [72.6050477, 23.1023395], [72.6051357, 23.1026489], [72.6052399, 23.1031294], [72.6052502, 23.1031947]]}, "properties": {"arterial": "Ashram Road", "osm_name": "Asharam ashram road", "register_references": 7, "years_repaved": 3, "top_contractor": "M/s L.G. Chaudhary"}}, {"type": "Feature", "geometry": {"type": "LineString", "coordinates": [[72.6138115, 23.119176], [72.6135694, 23.1192178], [72.6132617, 23.1193195], [72.6099458, 23.1208415], [72.6096972, 23.1209495], [72.6095435, 23.1210162], [72.6076471, 23.1218185], [72.6045008, 23.123135], [72.604305, 23.1232157], [72.6041779, 23.1232681], [72.5997691, 23.1251499], [72.5982265, 23.1258209], [72.5911838, 23.1288417], [72.5902361, 23.1292579]]}, "properties": {"arterial": "SP / Sardar Patel Ring Road", "osm_name": "Sardar Patel Ring Road", "register_references": 14, "years_repaved": 5, "top_contractor": "Nar Narayan Infrastructure Pvt Ltd"}}, {"type": "Feature", "geometry": {"type": "LineString", "coordinates": [[72.6626808, 22.9772468], [72.6627508, 22.9770065], [72.6626247, 22.9762435], [72.6621956, 22.9743519], [72.6621956, 22.9742655], [72.6621392, 22.9740333], [72.6620707, 22.9738393], [72.6620439, 22.9736262], [72.6620212, 22.9735468], [72.6619944, 22.9733888], [72.6618333, 22.9726578], [72.6616184, 22.9725246]]}, "properties": {"arterial": "SP / Sardar Patel Ring Road", "osm_name": "Sardar Patel Ring Road", "register_references": 14, "years_repaved": 5, "top_contractor": "Nar Narayan Infrastructure Pvt Ltd"}}, {"type": "Feature", "geometry": {"type": "LineString", "coordinates": [[72.4791433, 23.0210141], [72.4792598, 23.0208235], [72.4794139, 23.0205715], [72.4795571, 23.0203338], [72.4798345, 23.0198732], [72.4802779, 23.0190924], [72.4803997, 23.0188057], [72.4804225, 23.0187465], [72.48047, 23.0186328], [72.4805756, 23.0182057], [72.480614, 23.0177432], [72.4806012, 23.0173013], [72.4804892, 23.0168418], [72.4804243, 23.0165234], [72.4801979, 23.0158637], [72.4797718, 23.0147103], [72.4795865, 23.0142172], [72.4794595, 23.01398]]}, "properties": {"arterial": "SP / Sardar Patel Ring Road", "osm_name": "Sardar Patel Ring Road", "register_references": 14, "years_repaved": 5, "top_contractor": "Nar Narayan Infrastructure Pvt Ltd"}}, {"type": "Feature", "geometry": {"type": "LineString", "coordinates": [[72.4770012, 23.0276215], [72.4769392, 23.027404], [72.4768202, 23.0269105], [72.4767771, 23.0266572], [72.4767582, 23.026398], [72.4767584, 23.0262165], [72.4767837, 23.0260284], [72.4768169, 23.0258098], [72.4768266, 23.0257156]]}, "properties": {"arterial": "SP / Sardar Patel Ring Road", "osm_name": "Sardar Patel Ring Road", "register_references": 14, "years_repaved": 5, "top_contractor": "Nar Narayan Infrastructure Pvt Ltd"}}, {"type": "Feature", "geometry": {"type": "LineString", "coordinates": [[72.48027, 23.0479194], [72.4804238, 23.0460457], [72.4804595, 23.0447628], [72.4804119, 23.0435731], [72.4803381, 23.0431302], [72.4803161, 23.0430599], [72.4801974, 23.0427618], [72.4801318, 23.042049], [72.4797863, 23.0398999], [72.4793745, 23.0374554], [72.4793576, 23.037355], [72.4792644, 23.0368017], [72.4790929, 23.0361561], [72.4790826, 23.0360888], [72.4788203, 23.0343518], [72.4787397, 23.0339431]]}, "properties": {"arterial": "SP / Sardar Patel Ring Road", "osm_name": "Sardar Patel Ring Road", "register_references": 14, "years_repaved": 5, "top_contractor": "Nar Narayan Infrastructure Pvt Ltd"}}, {"type": "Feature", "geometry": {"type": "LineString", "coordinates": [[72.6617356, 22.9733453], [72.6616927, 22.9734517], [72.6616801, 22.9736306], [72.6616797, 22.9738512], [72.6617201, 22.9741027], [72.6617838, 22.9744648], [72.6618201, 22.9746533], [72.6618766, 22.9748922], [72.661964, 22.9752848], [72.6620943, 22.975778], [72.6622149, 22.976383], [72.6622765, 22.9766744], [72.6622958, 22.9768906], [72.6623413, 22.9771646], [72.6623801, 22.9773164], [72.6624059, 22.9774286], [72.6624388, 22.9776325], [72.6624368, 22.97776], [72.6624281, 22.9779233], [72.6624429, 22.9780757], [72.6624591, 22.9781415], [72.6624808, 22.9782175]]}, "properties": {"arterial": "SP / Sardar Patel Ring Road", "osm_name": "Sardar Patel Ring Road", "register_references": 14, "years_repaved": 5, "top_contractor": "Nar Narayan Infrastructure Pvt Ltd"}}, {"type": "Feature", "geometry": {"type": "LineString", "coordinates": [[72.5480742, 22.9240417], [72.5491667, 22.9239754], [72.5500198, 22.9239818], [72.5505804, 22.9240164], [72.5519907, 22.92411], [72.55257, 22.9241526], [72.5568373, 22.9244296], [72.5581113, 22.9245334], [72.5590932, 22.9246134], [72.5609297, 22.9247443], [72.5648855, 22.9250718], [72.5671388, 22.9253352], [72.5687455, 22.9254997], [72.5689907, 22.9255083], [72.5691635, 22.9255363], [72.5695261, 22.9255749], [72.5709972, 22.9257405], [72.5717301, 22.9258009], [72.5736076, 22.9261069], [72.5740347, 22.9262328]]}, "properties": {"arterial": "SP / Sardar Patel Ring Road", "osm_name": "Sardar Patel Ring Road", "register_references": 14, "years_repaved": 5, "top_contractor": "Nar Narayan Infrastructure Pvt Ltd"}}, {"type": "Feature", "geometry": {"type": "LineString", "coordinates": [[72.6281838, 22.9366181], [72.6298803, 22.9369789], [72.6314896, 22.937221], [72.6326752, 22.9374334], [72.6336086, 22.9377891], [72.6343167, 22.9381201], [72.6350516, 22.9385252], [72.635234, 22.9385549], [72.6354164, 22.9383326], [72.6351535, 22.9380707], [72.6345688, 22.9377644], [72.6335174, 22.9372704], [72.6322514, 22.9369493], [72.6311839, 22.9368258], [72.6292351, 22.9364484], [72.6285432, 22.9363141], [72.6269782, 22.9358723], [72.6249236, 22.9353634], [72.6233089, 22.9348645], [72.6212221, 22.934326], [72.6192051, 22.933827], [72.6180099, 22.9334701], [72.617577, 22.9333391], [72.6164263, 22.9330612], [72.6152676, 22.9327648], [72.6132533, 22.9321967], [72.6110297, 22.9316186], [72.6095867, 22.9312506], [72.6089768, 22.9310837], [72.6089717, 22.9310823]]}, "properties": {"arterial": "SP / Sardar Patel Ring Road", "osm_name": "Sardar Patel Ring Road", "register_references": 14, "years_repaved": 5, "top_contractor": "Nar Narayan Infrastructure Pvt Ltd"}}, {"type": "Feature", "geometry": {"type": "LineString", "coordinates": [[72.6454716, 22.9441031], [72.6439257, 22.9432219], [72.6438279, 22.9431655], [72.6437735, 22.9431335], [72.6432511, 22.9428231], [72.6424196, 22.9423242], [72.6414138, 22.9418055], [72.6406977, 22.9413115], [72.6404697, 22.9411797], [72.6402149, 22.9410324], [72.6400566, 22.9409953], [72.6398903, 22.9412398], [72.639893, 22.9413164], [72.6399949, 22.9414276], [72.6403461, 22.9415703], [72.6405662, 22.9416598], [72.6408532, 22.9418376], [72.6421836, 22.9426873], [72.6427415, 22.9430306], [72.643294, 22.9433542], [72.6434067, 22.9434061], [72.6436351, 22.9433655]]}, "properties": {"arterial": "SP / Sardar Patel Ring Road", "osm_name": "Sardar Patel Ring Road", "register_references": 14, "years_repaved": 5, "top_contractor": "Nar Narayan Infrastructure Pvt Ltd"}}, {"type": "Feature", "geometry": {"type": "LineString", "coordinates": [[72.6565956, 22.9573292], [72.6564908, 22.9571041], [72.6564597, 22.9570485], [72.6562545, 22.9567695], [72.6558159, 22.9561582], [72.6553109, 22.9554743], [72.6552406, 22.955379], [72.6551982, 22.955321], [72.6551464, 22.9552503], [72.6550056, 22.9550581], [72.6546599, 22.9545862], [72.6546059, 22.9545129], [72.6540564, 22.9537662], [72.6538563, 22.9534795], [72.6535401, 22.9530265], [72.6530127, 22.9523038], [72.6523975, 22.9514606], [72.651397, 22.9500503], [72.6512863, 22.9499013], [72.6512256, 22.9498197], [72.6504314, 22.9487511], [72.6497927, 22.9478642], [72.6494175, 22.9473432], [72.6491809, 22.9470213], [72.6490966, 22.9469018], [72.6489401, 22.9466936], [72.6483339, 22.9459946], [72.6480335, 22.9456908], [72.6473227, 22.945224], [72.6470788, 22.9450654], [72.6465556, 22.9447251], [72.6457134, 22.9442459], [72.6454716, 22.9441031]]}, "properties": {"arterial": "SP / Sardar Patel Ring Road", "osm_name": "Sardar Patel Ring Road", "register_references": 14, "years_repaved": 5, "top_contractor": "Nar Narayan Infrastructure Pvt Ltd"}}, {"type": "Feature", "geometry": {"type": "LineString", "coordinates": [[72.6436351, 22.9433655], [72.6438761, 22.9436481], [72.6444313, 22.9439964], [72.6452226, 22.9444438], [72.6458207, 22.9447819], [72.6458896, 22.9448255], [72.6474944, 22.9458415], [72.6477404, 22.9460448], [72.6478593, 22.946143], [72.6479638, 22.9462293], [72.6483109, 22.9466199], [72.6484841, 22.9468147], [72.6488947, 22.9472772], [72.6496898, 22.9483802], [72.6500237, 22.9488795], [72.650866, 22.9501033], [72.6515738, 22.9510974], [72.6517779, 22.951384], [72.6525298, 22.9524162], [72.6526243, 22.9525459], [72.653237, 22.9533871], [72.6535757, 22.9538483], [72.6543689, 22.9549282], [72.6549562, 22.9557326], [72.6556402, 22.9566694], [72.6560023, 22.9571412], [72.6561418, 22.9573659], [72.6561767, 22.9574205], [72.6562229, 22.9574716], [72.656307, 22.9575196]]}, "properties": {"arterial": "SP / Sardar Patel Ring Road", "osm_name": "Sardar Patel Ring Road", "register_references": 14, "years_repaved": 5, "top_contractor": "Nar Narayan Infrastructure Pvt Ltd"}}, {"type": "Feature", "geometry": {"type": "LineString", "coordinates": [[72.6598201, 22.9647833], [72.6599237, 22.9646565], [72.6599398, 22.9644589], [72.6595241, 22.9628709], [72.6591539, 22.96152], [72.6590064, 22.9609297], [72.6586873, 22.9602973], [72.6586108, 22.9601456], [72.6582675, 22.9595961], [72.6576425, 22.9586996], [72.6571731, 22.9580377], [72.6570028, 22.9577858], [72.6568189, 22.9575859]]}, "properties": {"arterial": "SP / Sardar Patel Ring Road", "osm_name": "Sardar Patel Ring Road", "register_references": 14, "years_repaved": 5, "top_contractor": "Nar Narayan Infrastructure Pvt Ltd"}}, {"type": "Feature", "geometry": {"type": "LineString", "coordinates": [[72.657917, 22.9598554], [72.6581213, 22.9601938], [72.6584539, 22.9607593], [72.6587221, 22.9615126], [72.6589957, 22.9625894], [72.6593658, 22.9640786], [72.6595268, 22.9645824], [72.6597203, 22.9648028]]}, "properties": {"arterial": "SP / Sardar Patel Ring Road", "osm_name": "Sardar Patel Ring Road", "register_references": 14, "years_repaved": 5, "top_contractor": "Nar Narayan Infrastructure Pvt Ltd"}}, {"type": "Feature", "geometry": {"type": "LineString", "coordinates": [[72.6781451, 23.0385282], [72.6781194, 23.0384605], [72.6779267, 23.0379328], [72.6778359, 23.0377128], [72.6775888, 23.0371145], [72.677232, 23.0362235], [72.6771694, 23.035979], [72.6766285, 23.0346598], [72.6760837, 23.0333306], [72.6757809, 23.0325469], [72.6756502, 23.0322494], [72.675254, 23.0313092], [72.6750794, 23.030899], [72.6750138, 23.0307449], [72.6749744, 23.0306391], [72.6749252, 23.0305078], [72.6747816, 23.0301243], [72.6746411, 23.0297491], [72.6745406, 23.0294805], [72.674501, 23.0293748], [72.6743486, 23.0289677], [72.6742039, 23.0285839], [72.6739712, 23.0279667], [72.6739195, 23.0278297], [72.6736593, 23.0269336], [72.673584, 23.0266658], [72.6733428, 23.0258574], [72.6731881, 23.0252372], [72.6731179, 23.0249602]]}, "properties": {"arterial": "SP / Sardar Patel Ring Road", "osm_name": "Sardar Patel Ring Road", "register_references": 14, "years_repaved": 5, "top_contractor": "Nar Narayan Infrastructure Pvt Ltd"}}, {"type": "Feature", "geometry": {"type": "LineString", "coordinates": [[72.6894778, 23.0659815], [72.6895226, 23.0658278], [72.6895943, 23.0649036], [72.6897123, 23.0629195], [72.6897714, 23.0618682], [72.689707, 23.0610858], [72.6895809, 23.0604269], [72.6894146, 23.0599531], [72.6891249, 23.0592892], [72.6889679, 23.0589888], [72.6885912, 23.0583193], [72.6877436, 23.0570656], [72.686778, 23.0555701], [72.6865538, 23.0552228], [72.6854128, 23.053455], [72.6844794, 23.0519651], [72.6844058, 23.0518665], [72.6833823, 23.0502786], [72.6823282, 23.0486916], [72.6820198, 23.0480351], [72.6819783, 23.0479332], [72.6816818, 23.0472058], [72.6812151, 23.0461001], [72.6808879, 23.0453375], [72.6807908, 23.0450885], [72.6807365, 23.0448934], [72.6803407, 23.0439652], [72.6800832, 23.0432839], [72.6797552, 23.0424617], [72.6794512, 23.0417191], [72.6791956, 23.0410947], [72.6781451, 23.0385282]]}, "properties": {"arterial": "SP / Sardar Patel Ring Road", "osm_name": "Sardar Patel Ring Road", "register_references": 14, "years_repaved": 5, "top_contractor": "Nar Narayan Infrastructure Pvt Ltd"}}, {"type": "Feature", "geometry": {"type": "LineString", "coordinates": [[72.6875401, 23.0853975], [72.6875699, 23.0851239], [72.6876014, 23.0849246], [72.6876926, 23.0831887], [72.6876846, 23.0819501], [72.6876876, 23.0819045], [72.6877275, 23.0812888], [72.6878723, 23.0802573], [72.687977, 23.0794579], [72.6880615, 23.0790508], [72.688103, 23.0788509], [72.688155, 23.0783919], [72.6881701, 23.0782586], [72.6883551, 23.0770668], [72.6885295, 23.0757343], [72.6886094, 23.0751176], [72.6886931, 23.0744709], [72.6888018, 23.0737624], [72.6889211, 23.0729854], [72.6890928, 23.0716726], [72.6891324, 23.0713265], [72.6891587, 23.0710966], [72.6892859, 23.0699847], [72.6894683, 23.0676996], [72.6895112, 23.0663176], [72.6894638, 23.0662083]]}, "properties": {"arterial": "SP / Sardar Patel Ring Road", "osm_name": "Sardar Patel Ring Road", "register_references": 14, "years_repaved": 5, "top_contractor": "Nar Narayan Infrastructure Pvt Ltd"}}, {"type": "Feature", "geometry": {"type": "LineString", "coordinates": [[72.6315963, 23.1170006], [72.631715, 23.1170304], [72.6319216, 23.1169345], [72.6322179, 23.1168407], [72.6324941, 23.1167852], [72.6330754, 23.1166684], [72.6356921, 23.1161314], [72.6358081, 23.1161076], [72.6376547, 23.1157775], [72.6394888, 23.1154724], [72.6399279, 23.1154383], [72.6403556, 23.1154202], [72.6433482, 23.1155322]]}, "properties": {"arterial": "SP / Sardar Patel Ring Road", "osm_name": "Sardar Patel Ring Road", "register_references": 14, "years_repaved": 5, "top_contractor": "Nar Narayan Infrastructure Pvt Ltd"}}, {"type": "Feature", "geometry": {"type": "LineString", "coordinates": [[72.6402953, 23.1150067], [72.6396491, 23.1150175], [72.6393217, 23.1150325], [72.6382489, 23.1152391], [72.6371008, 23.1154173], [72.6356578, 23.1157041], [72.6353699, 23.1157719], [72.633513, 23.1161526], [72.632065, 23.1163933], [72.6317565, 23.1164472], [72.6316981, 23.1166281]]}, "properties": {"arterial": "SP / Sardar Patel Ring Road", "osm_name": "Sardar Patel Ring Road", "register_references": 14, "years_repaved": 5, "top_contractor": "Nar Narayan Infrastructure Pvt Ltd"}}, {"type": "Feature", "geometry": {"type": "LineString", "coordinates": [[72.5801427, 23.1310378], [72.5785911, 23.1312438], [72.5751886, 23.1316711], [72.5738651, 23.1318555], [72.5714096, 23.1322091], [72.5713641, 23.1322156], [72.5697023, 23.1324574], [72.5673696, 23.1327369], [72.5673004, 23.1327452], [72.5636833, 23.1332914], [72.5629177, 23.133407]]}, "properties": {"arterial": "SP / Sardar Patel Ring Road", "osm_name": "Sardar Patel Ring Road", "register_references": 14, "years_repaved": 5, "top_contractor": "Nar Narayan Infrastructure Pvt Ltd"}}, {"type": "Feature", "geometry": {"type": "LineString", "coordinates": [[72.5609282, 23.1341217], [72.562632, 23.1339077], [72.5629752, 23.1338578], [72.5632625, 23.1338161], [72.5643969, 23.1336512], [72.5672239, 23.1333305], [72.5713716, 23.1327461], [72.5718105, 23.1326843], [72.5750452, 23.1322453], [72.575421, 23.1321954], [72.5775917, 23.1319072], [72.5785243, 23.1317834]]}, "properties": {"arterial": "SP / Sardar Patel Ring Road", "osm_name": "Sardar Patel Ring Road", "register_references": 14, "years_repaved": 5, "top_contractor": "Nar Narayan Infrastructure Pvt Ltd"}}, {"type": "Feature", "geometry": {"type": "LineString", "coordinates": [[72.6730591, 23.1110325], [72.6729405, 23.1110546], [72.6726857, 23.1111298], [72.6720849, 23.1113531], [72.6716101, 23.111506], [72.6710281, 23.1117231], [72.6702502, 23.1120192], [72.669872, 23.1121511], [72.6695116, 23.112291], [72.668032, 23.1128123], [72.6663818, 23.1132757], [72.6642616, 23.1138624], [72.6640597, 23.1139076], [72.6633891, 23.1140272], [72.6624155, 23.1141987], [72.6612528, 23.1144145], [72.6611522, 23.114438], [72.6602402, 23.114602], [72.6596662, 23.1147081], [72.6592988, 23.1147735], [72.6583694, 23.1149363], [72.6582755, 23.1149534], [72.6581503, 23.1149761], [72.6580301, 23.1150004], [72.6572952, 23.1151743], [72.6566997, 23.1153051], [72.6565361, 23.1153285], [72.6563551, 23.1153458], [72.6560654, 23.1153556], [72.6554954, 23.1153408], [72.6545982, 23.1153199], [72.6539987, 23.1153112], [72.6532625, 23.1153396], [72.6528494, 23.1153581], [72.6526724, 23.1153667], [72.6524927, 23.1154013], [72.6523104, 23.115472]]}, "properties": {"arterial": "SP / Sardar Patel Ring Road", "osm_name": "Sardar Patel Ring Road", "register_references": 14, "years_repaved": 5, "top_contractor": "Nar Narayan Infrastructure Pvt Ltd"}}, {"type": "Feature", "geometry": {"type": "LineString", "coordinates": [[72.5395931, 23.1366469], [72.5409758, 23.1364975], [72.5421613, 23.1363989], [72.5424605, 23.1362099]]}, "properties": {"arterial": "SP / Sardar Patel Ring Road", "osm_name": "Sardar Patel Ring Road", "register_references": 14, "years_repaved": 5, "top_contractor": "Nar Narayan Infrastructure Pvt Ltd"}}, {"type": "Feature", "geometry": {"type": "LineString", "coordinates": [[72.5081126, 23.1211553], [72.5082689, 23.1213574], [72.5084086, 23.1214922], [72.5086634, 23.1216828], [72.5090361, 23.1219691], [72.5092726, 23.1221527], [72.5099637, 23.1226891], [72.5101358, 23.1228227], [72.5109944, 23.1234846], [72.5110508, 23.123527], [72.5119436, 23.1241991], [72.512643, 23.1247304], [72.5140895, 23.1257907], [72.5141691, 23.125847], [72.5152688, 23.126625], [72.5163595, 23.1274344], [72.5170988, 23.127983], [72.5182575, 23.1288414], [72.5196415, 23.1298033], [72.5213206, 23.1310268], [72.5214902, 23.1311462], [72.5229245, 23.1321565], [72.5246626, 23.1333947], [72.5277228, 23.1349241], [72.5296408, 23.135506], [72.5312608, 23.1358809], [72.5322267, 23.1360355], [72.5338948, 23.1363397], [72.5355241, 23.1366343], [72.5358313, 23.1366899], [72.5368398, 23.1367639]]}, "properties": {"arterial": "SP / Sardar Patel Ring Road", "osm_name": "Sardar Patel Ring Road", "register_references": 14, "years_repaved": 5, "top_contractor": "Nar Narayan Infrastructure Pvt Ltd"}}, {"type": "Feature", "geometry": {"type": "LineString", "coordinates": [[72.4782649, 23.033706], [72.4783047, 23.0340429], [72.4783189, 23.0341508], [72.4786971, 23.0364033], [72.4787118, 23.036491], [72.4788725, 23.0374235], [72.4788899, 23.0375245], [72.4792182, 23.0394296], [72.4793239, 23.0400761], [72.4795757, 23.0416171], [72.4797604, 23.0431248], [72.4799927, 23.0444954], [72.4800225, 23.0447695], [72.4799987, 23.0449833], [72.4797132, 23.047684]]}, "properties": {"arterial": "SP / Sardar Patel Ring Road", "osm_name": "Sardar Patel Ring Road", "register_references": 14, "years_repaved": 5, "top_contractor": "Nar Narayan Infrastructure Pvt Ltd"}}, {"type": "Feature", "geometry": {"type": "LineString", "coordinates": [[72.4800405, 23.047092], [72.4798209, 23.0494104], [72.4797776, 23.049777], [72.4797312, 23.0502799], [72.4797085, 23.0506266], [72.4796924, 23.0510734], [72.4796999, 23.0515037], [72.4797379, 23.0519293], [72.4798242, 23.0523377], [72.4798853, 23.0525808]]}, "properties": {"arterial": "SP / Sardar Patel Ring Road", "osm_name": "Sardar Patel Ring Road Flyover", "register_references": 14, "years_repaved": 5, "top_contractor": "Nar Narayan Infrastructure Pvt Ltd"}}, {"type": "Feature", "geometry": {"type": "LineString", "coordinates": [[72.4801369, 23.0470986], [72.4802325, 23.0459383], [72.480264, 23.0453778], [72.4802854, 23.0448061], [72.4802632, 23.044321]]}, "properties": {"arterial": "SP / Sardar Patel Ring Road", "osm_name": "Sardar Patel Ring Road Flyover", "register_references": 14, "years_repaved": 5, "top_contractor": "Nar Narayan Infrastructure Pvt Ltd"}}, {"type": "Feature", "geometry": {"type": "LineString", "coordinates": [[72.4799828, 23.053206], [72.4798225, 23.0529991], [72.4796766, 23.052643], [72.4795747, 23.0522679], [72.4794754, 23.0517446], [72.4794513, 23.0513448], [72.4794325, 23.0510462], [72.4794164, 23.0505945], [72.4794432, 23.0502145], [72.4794808, 23.0496567], [72.4795216, 23.0493273], [72.4795398, 23.0491803], [72.4795479, 23.0489681], [72.4795657, 23.0488731], [72.4796095, 23.0486398], [72.4796409, 23.0484562], [72.4796551, 23.0483733]]}, "properties": {"arterial": "SP / Sardar Patel Ring Road", "osm_name": "Sardar Patel Ring Road", "register_references": 14, "years_repaved": 5, "top_contractor": "Nar Narayan Infrastructure Pvt Ltd"}}, {"type": "Feature", "geometry": {"type": "LineString", "coordinates": [[72.4712965, 22.9876497], [72.4713684, 22.9884332], [72.4714704, 22.9891123], [72.4714999, 22.989369], [72.4715428, 22.9897629], [72.4716528, 22.9905468], [72.4717614, 22.9912222], [72.4718539, 22.9918123], [72.4719478, 22.9923937], [72.4720283, 22.9930307], [72.4721088, 22.9936011], [72.4722093, 22.9941823]]}, "properties": {"arterial": "SP / Sardar Patel Ring Road", "osm_name": "Sardar Patel Ring Road", "register_references": 14, "years_repaved": 5, "top_contractor": "Nar Narayan Infrastructure Pvt Ltd"}}, {"type": "Feature", "geometry": {"type": "LineString", "coordinates": [[72.4850013, 23.0641978], [72.4847189, 23.0635812], [72.4844788, 23.0631555], [72.4842608, 23.0626779], [72.4840267, 23.0622054], [72.4838582, 23.0618854], [72.4837817, 23.0617471], [72.483539, 23.061308], [72.4833593, 23.0609476], [72.4829462, 23.0601184], [72.4827746, 23.0597409], [72.4825622, 23.0592721], [72.4824442, 23.0590324], [72.482226, 23.0585996], [72.4820154, 23.0581121], [72.4818385, 23.0576804], [72.4816737, 23.0571904], [72.4815609, 23.0568279], [72.4814136, 23.0564248], [72.4812859, 23.0560595], [72.4811223, 23.0556959], [72.4808487, 23.0547556], [72.4806878, 23.054267], [72.4805376, 23.0540942], [72.4804652, 23.0540471]]}, "properties": {"arterial": "SP / Sardar Patel Ring Road", "osm_name": "Sardar Patel Ring Road", "register_references": 14, "years_repaved": 5, "top_contractor": "Nar Narayan Infrastructure Pvt Ltd"}}, {"type": "Feature", "geometry": {"type": "LineString", "coordinates": [[72.5902361, 23.1292579], [72.5897266, 23.1294565], [72.5890826, 23.1296964], [72.5884772, 23.1298576], [72.5878291, 23.1299944], [72.5869514, 23.1301321], [72.5850313, 23.1304318]]}, "properties": {"arterial": "SP / Sardar Patel Ring Road", "osm_name": "Sardar Patel Ring Road", "register_references": 14, "years_repaved": 5, "top_contractor": "Nar Narayan Infrastructure Pvt Ltd"}}, {"type": "Feature", "geometry": {"type": "LineString", "coordinates": [[72.4925265, 23.0844243], [72.4925847, 23.084589], [72.4928055, 23.0852053], [72.4930507, 23.0858886], [72.4933404, 23.0866475], [72.4934977, 23.0870826], [72.4937051, 23.0876257], [72.4940092, 23.0884396], [72.4941684, 23.0888552]]}, "properties": {"arterial": "SP / Sardar Patel Ring Road", "osm_name": "Sardar Patel Ring Road", "register_references": 14, "years_repaved": 5, "top_contractor": "Nar Narayan Infrastructure Pvt Ltd"}}, {"type": "Feature", "geometry": {"type": "LineString", "coordinates": [[72.6240488, 23.1177682], [72.6242088, 23.1177886], [72.6245099, 23.1178198], [72.624529, 23.1178219], [72.6249607, 23.1178703], [72.6251833, 23.1178951], [72.625503, 23.1179199], [72.6259053, 23.1179471], [72.6261534, 23.1179569], [72.6264015, 23.1179631], [72.6266523, 23.1179619], [72.6269875, 23.1179619], [72.627406, 23.1179323], [72.627705, 23.1178977]]}, "properties": {"arterial": "SP / Sardar Patel Ring Road", "osm_name": "Sardar Patel Ring Road", "register_references": 14, "years_repaved": 5, "top_contractor": "Nar Narayan Infrastructure Pvt Ltd"}}, {"type": "Feature", "geometry": {"type": "LineString", "coordinates": [[72.5238579, 23.1322788], [72.523457, 23.1320072], [72.5227448, 23.1314794], [72.5223967, 23.1312305], [72.5212093, 23.1303817], [72.5206384, 23.1299632], [72.5205012, 23.1298798], [72.5194524, 23.1291188], [72.5191011, 23.1288167], [72.5185995, 23.1284553], [72.5177559, 23.1278596], [72.5164711, 23.1269543], [72.5156201, 23.1263046], [72.5151623, 23.12598], [72.5149214, 23.1258135], [72.5142919, 23.1253782], [72.5142471, 23.1253454], [72.5136629, 23.1249169], [72.5129856, 23.1244051], [72.5124197, 23.1239832], [72.5118698, 23.1235763], [72.5112861, 23.1231344], [72.5111496, 23.1230361], [72.5107879, 23.1227523], [72.5103718, 23.1224255], [72.5102951, 23.1223647]]}, "properties": {"arterial": "SP / Sardar Patel Ring Road", "osm_name": "Sardar Patel Ring Road", "register_references": 14, "years_repaved": 5, "top_contractor": "Nar Narayan Infrastructure Pvt Ltd"}}, {"type": "Feature", "geometry": {"type": "LineString", "coordinates": [[72.4981728, 23.0997167], [72.4984402, 23.1004469], [72.4987252, 23.1012121], [72.4991119, 23.1022979], [72.4993241, 23.1028526], [72.4993669, 23.1029644], [72.4995372, 23.1033952], [72.499794, 23.1040807], [72.500091, 23.1048948], [72.5002223, 23.1053669], [72.5004449, 23.1060009], [72.5005898, 23.1063513], [72.5006703, 23.1065659], [72.5007695, 23.1068274], [72.5009572, 23.1073282], [72.5010829, 23.1076506], [72.5011094, 23.1077209], [72.5013971, 23.1084778], [72.5016332, 23.109102], [72.5018236, 23.1096447], [72.5020543, 23.1103133], [72.5022715, 23.1108905], [72.5024459, 23.1113889], [72.5029729, 23.1127026], [72.5032851, 23.1135471], [72.5033304, 23.1136895], [72.5034383, 23.1140285], [72.5037575, 23.1148919], [72.5039728, 23.1154894], [72.5040458, 23.1156918], [72.5044951, 23.11689], [72.5046211, 23.1172527], [72.5047445, 23.1175437], [72.5049108, 23.1179162], [72.5050074, 23.1181407], [72.5050758, 23.118275], [72.5051924, 23.1185041], [72.5053254, 23.1186969], [72.5054303, 23.1188464], [72.5055626, 23.1190275], [72.505621, 23.1190927], [72.5057691, 23.1192582], [72.5059354, 23.1194222], [72.5061674, 23.1196418], [72.5064652, 23.1199057], [72.5066033, 23.1200278], [72.5068836, 23.1202412], [72.5072457, 23.1205064], [72.5074375, 23.120647], [72.5075863, 23.1207518], [72.5076399, 23.1207764], [72.5077082, 23.1207902]]}, "properties": {"arterial": "SP / Sardar Patel Ring Road", "osm_name": "Sardar Patel Ring Road", "register_references": 14, "years_repaved": 5, "top_contractor": "Nar Narayan Infrastructure Pvt Ltd"}}, {"type": "Feature", "geometry": {"type": "LineString", "coordinates": [[72.4850428, 23.0653773], [72.4853214, 23.0658746], [72.4856724, 23.0665434], [72.486054, 23.0673607], [72.486335, 23.0679277], [72.4866381, 23.0686123], [72.4867664, 23.0689013], [72.4868083, 23.069027], [72.4868969, 23.0692925], [72.4871077, 23.0699218], [72.4873115, 23.0704745], [72.4875556, 23.0711531], [72.4877702, 23.0717565], [72.4879807, 23.0723179], [72.4881832, 23.0728595], [72.4883629, 23.0733864], [72.4886017, 23.0739848]]}, "properties": {"arterial": "SP / Sardar Patel Ring Road", "osm_name": "Sardar Patel Ring Road", "register_references": 14, "years_repaved": 5, "top_contractor": "Nar Narayan Infrastructure Pvt Ltd"}}, {"type": "Feature", "geometry": {"type": "LineString", "coordinates": [[72.4778894, 23.009696], [72.4778142, 23.0094814], [72.4776207, 23.0089741], [72.4774911, 23.0086365], [72.477299, 23.0081362], [72.4770132, 23.0073916], [72.4768281, 23.0068188], [72.4764472, 23.0058436], [72.476282, 23.0053989], [72.4761141, 23.0049468], [72.4759805, 23.004587], [72.4756761, 23.0037547]]}, "properties": {"arterial": "SP / Sardar Patel Ring Road", "osm_name": "Sardar Patel Ring Road", "register_references": 14, "years_repaved": 5, "top_contractor": "Nar Narayan Infrastructure Pvt Ltd"}}, {"type": "Feature", "geometry": {"type": "LineString", "coordinates": [[72.4750608, 23.0034296], [72.4751638, 23.0037192], [72.4754721, 23.0045553], [72.4757981, 23.0054437], [72.4758389, 23.0055549], [72.4760811, 23.0062152], [72.4761905, 23.0065082], [72.4763949, 23.0070559], [72.4767691, 23.0080434], [72.4770594, 23.0087881], [72.4770891, 23.0088643], [72.4771402, 23.0089818], [72.4772927, 23.0094152], [72.4774247, 23.0097274]]}, "properties": {"arterial": "SP / Sardar Patel Ring Road", "osm_name": "Sardar Patel Ring Road", "register_references": 14, "years_repaved": 5, "top_contractor": "Nar Narayan Infrastructure Pvt Ltd"}}, {"type": "Feature", "geometry": {"type": "LineString", "coordinates": [[72.4774247, 23.0097274], [72.4775805, 23.0101758], [72.477773, 23.0107224], [72.4779895, 23.0112948], [72.4790175, 23.0139856], [72.4791074, 23.0142264]]}, "properties": {"arterial": "SP / Sardar Patel Ring Road", "osm_name": "Sardar Patel Ring Road", "register_references": 14, "years_repaved": 5, "top_contractor": "Nar Narayan Infrastructure Pvt Ltd"}}, {"type": "Feature", "geometry": {"type": "LineString", "coordinates": [[72.4799785, 23.0534947], [72.4801084, 23.0539387], [72.4804437, 23.054958], [72.4806598, 23.0555949], [72.4807844, 23.0560044], [72.4808023, 23.0560589], [72.4810883, 23.0569306], [72.481228, 23.057339], [72.4814029, 23.0578153], [72.4816487, 23.0584594], [72.4817768, 23.0587343], [72.4819553, 23.0590512], [72.4821183, 23.059387], [72.482368, 23.0598861], [72.4827823, 23.0607346], [72.4827918, 23.0607539], [72.4831752, 23.0615279], [72.4831893, 23.0615563], [72.4835381, 23.0622651], [72.4838177, 23.0628415], [72.4841128, 23.0634282], [72.4845057, 23.0642218], [72.4850428, 23.0653773]]}, "properties": {"arterial": "SP / Sardar Patel Ring Road", "osm_name": "Sardar Patel Ring Road", "register_references": 14, "years_repaved": 5, "top_contractor": "Nar Narayan Infrastructure Pvt Ltd"}}, {"type": "Feature", "geometry": {"type": "LineString", "coordinates": [[72.6223792, 23.1176087], [72.6229334, 23.1176572], [72.6235974, 23.1177184], [72.6240488, 23.1177682]]}, "properties": {"arterial": "SP / Sardar Patel Ring Road", "osm_name": "Sardar Patel Ring Road", "register_references": 14, "years_repaved": 5, "top_contractor": "Nar Narayan Infrastructure Pvt Ltd"}}, {"type": "Feature", "geometry": {"type": "LineString", "coordinates": [[72.666073, 22.9978702], [72.6660393, 22.9976763], [72.6654076, 22.9937062], [72.6653207, 22.9931585], [72.6650556, 22.9914884], [72.6649756, 22.9908942], [72.6649237, 22.990342], [72.6649134, 22.9899737], [72.6649181, 22.9897183], [72.6649165, 22.9895904], [72.6649126, 22.9894895], [72.6649077, 22.9893774], [72.6648899, 22.9892489], [72.6648647, 22.9890618], [72.664837, 22.9889225], [72.6648119, 22.9887948], [72.6645474, 22.9878972], [72.6644803, 22.9876345], [72.6644386, 22.9874419], [72.6641649, 22.9856467], [72.6641247, 22.9853833], [72.6640816, 22.9850698], [72.6638735, 22.9835558], [72.6636672, 22.9826715], [72.6635503, 22.9821702], [72.6630251, 22.9795054], [72.6629817, 22.9792853], [72.6628769, 22.9785897], [72.6628482, 22.9783931], [72.6627473, 22.9777022], [72.6626808, 22.9772468], [72.6625574, 22.9764022], [72.6623967, 22.9756338], [72.6620689, 22.9743388], [72.6618349, 22.9732999], [72.6616184, 22.9725246], [72.661584, 22.9723684]]}, "properties": {"arterial": "SP / Sardar Patel Ring Road", "osm_name": "Sardar Patel Ring Road", "register_references": 14, "years_repaved": 5, "top_contractor": "Nar Narayan Infrastructure Pvt Ltd"}}, {"type": "Feature", "geometry": {"type": "LineString", "coordinates": [[72.4791074, 23.0142264], [72.4798489, 23.0163138], [72.4800394, 23.0168356], [72.480075, 23.0169691], [72.4801044, 23.0173916], [72.4801462, 23.0177123], [72.4801137, 23.018016], [72.4800208, 23.0184821], [72.4799186, 23.0187473], [72.4794517, 23.0197015], [72.4790317, 23.0204489], [72.4789156, 23.0206515], [72.4778433, 23.0225236], [72.4777728, 23.022647], [72.4774957, 23.0231322], [72.4772193, 23.0236162], [72.4771958, 23.0236675], [72.4770396, 23.0240087], [72.4767759, 23.0245848], [72.4767033, 23.0247433], [72.4764876, 23.0253243], [72.4764619, 23.0256772]]}, "properties": {"arterial": "SP / Sardar Patel Ring Road", "osm_name": "Sardar Patel Ring Road", "register_references": 14, "years_repaved": 5, "top_contractor": "Nar Narayan Infrastructure Pvt Ltd"}}, {"type": "Feature", "geometry": {"type": "LineString", "coordinates": [[72.4768266, 23.0257156], [72.4768947, 23.0253166], [72.4771652, 23.0247219], [72.4775047, 23.0240763], [72.477614, 23.0238466], [72.477953, 23.0231338], [72.4786704, 23.021851], [72.4789171, 23.0214165], [72.4791433, 23.0210141]]}, "properties": {"arterial": "SP / Sardar Patel Ring Road", "osm_name": "Sardar Patel Ring Road", "register_references": 14, "years_repaved": 5, "top_contractor": "Nar Narayan Infrastructure Pvt Ltd"}}, {"type": "Feature", "geometry": {"type": "LineString", "coordinates": [[72.5905243, 23.1296294], [72.5907095, 23.1295508], [72.5909601, 23.1294444], [72.5912324, 23.1293248], [72.5915663, 23.129178], [72.5918211, 23.1290683], [72.592084, 23.1289647], [72.5923106, 23.1288636], [72.5925292, 23.1287637], [72.5927183, 23.1286847], [72.592843, 23.1286243], [72.5930898, 23.1285121], [72.5933862, 23.1283739], [72.5936316, 23.1282716], [72.5938837, 23.128168], [72.5940071, 23.1281236], [72.5941063, 23.1280779], [72.5942768, 23.1279973], [72.5943907, 23.1279435], [72.594561, 23.127872], [72.5948815, 23.1277412], [72.5951135, 23.1276413], [72.5953777, 23.1275279], [72.5957572, 23.1273614], [72.5960912, 23.1272183], [72.5964855, 23.1270469], [72.596873, 23.1268779], [72.5971882, 23.1267398], [72.5976536, 23.1265449], [72.5979178, 23.126429], [72.5982892, 23.1262723], [72.5987439, 23.1260762], [72.598768, 23.1260656], [72.5991328, 23.1259048], [72.599448, 23.1257642], [72.5998838, 23.1255669], [72.6002459, 23.1254115], [72.600524, 23.1252863], [72.6006952, 23.1252092], [72.6012437, 23.124986], [72.6014065, 23.1249185], [72.6016782, 23.1248059], [72.6020148, 23.124669], [72.6023836, 23.1245148], [72.6027927, 23.1243397], [72.6030569, 23.1242324], [72.6032634, 23.124151], [72.6034793, 23.1240548], [72.6036966, 23.1239536], [72.6038743, 23.1238793], [72.6039179, 23.1238611], [72.604178, 23.1237637], [72.6044396, 23.1236539], [72.6047547, 23.1235269], [72.6050578, 23.1233789], [72.6053059, 23.1232765], [72.6057847, 23.1230952], [72.6061991, 23.1229312], [72.6064432, 23.1228214], [72.606761, 23.1226882], [72.6071312, 23.1225476], [72.6072706, 23.1224909], [72.6073551, 23.1224526], [72.6075764, 23.1223466], [72.6079358, 23.1221788], [72.6082966, 23.1220185], [72.6086855, 23.1218631], [72.6089323, 23.1217583], [72.6091482, 23.1216658], [72.6093453, 23.1215757], [72.60958, 23.1214783], [72.6097667, 23.1213968]]}, "properties": {"arterial": "SP / Sardar Patel Ring Road", "osm_name": "Sardar Patel Ring Road", "register_references": 14, "years_repaved": 5, "top_contractor": "Nar Narayan Infrastructure Pvt Ltd"}}, {"type": "Feature", "geometry": {"type": "LineString", "coordinates": [[72.5424232, 23.1360089], [72.5417376, 23.1359598], [72.5414154, 23.1359918], [72.5413498, 23.1359983], [72.5413312, 23.1360001], [72.5397314, 23.1361763], [72.5396548, 23.1361846], [72.538873, 23.1362706], [72.537843, 23.1363471], [72.5368581, 23.136327], [72.5365743, 23.1363212], [72.5353686, 23.1361226], [72.5346071, 23.1359897], [72.5342314, 23.1359241], [72.5329426, 23.1357021], [72.5323525, 23.135596], [72.5321555, 23.1355635], [72.5321298, 23.1355591], [72.5307526, 23.1353309], [72.5303033, 23.1352236], [72.5295652, 23.1350281], [72.5295175, 23.1350155], [72.5289287, 23.1348595], [72.5288925, 23.1348499], [72.5278259, 23.1344558], [72.5276774, 23.134401], [72.5272107, 23.1342185], [72.5267762, 23.1340113], [72.5260697, 23.1335984], [72.5251065, 23.13309], [72.5248011, 23.1329014], [72.5244055, 23.1326571], [72.5241758, 23.1325153], [72.5238579, 23.1322788]]}, "properties": {"arterial": "SP / Sardar Patel Ring Road", "osm_name": "Sardar Patel Ring Road", "register_references": 14, "years_repaved": 5, "top_contractor": "Nar Narayan Infrastructure Pvt Ltd"}}, {"type": "Feature", "geometry": {"type": "LineString", "coordinates": [[72.5080211, 23.1206447], [72.5078115, 23.1204549], [72.5074413, 23.1201494], [72.5066649, 23.119526], [72.5062829, 23.1191406], [72.5059798, 23.1187904], [72.5058828, 23.1186783], [72.5055865, 23.1181772], [72.5053201, 23.1176556], [72.5050381, 23.1169134], [72.5050054, 23.116821], [72.5046314, 23.1157629], [72.5043048, 23.1149298], [72.5040856, 23.1143373], [72.5039897, 23.1140874], [72.5039255, 23.1139085], [72.5038427, 23.1136943], [72.5034898, 23.1126645], [72.5029492, 23.1112573], [72.5024565, 23.110016], [72.5020187, 23.1088089], [72.5018537, 23.1083963], [72.50155, 23.107513], [72.5015254, 23.1074416]]}, "properties": {"arterial": "SP / Sardar Patel Ring Road", "osm_name": "Sardar Patel Ring Road", "register_references": 14, "years_repaved": 5, "top_contractor": "Nar Narayan Infrastructure Pvt Ltd"}}, {"type": "Feature", "geometry": {"type": "LineString", "coordinates": [[72.4954861, 23.09254], [72.4957055, 23.0931643], [72.4965584, 23.0953947], [72.4972082, 23.0971958], [72.4975532, 23.0981481], [72.4978367, 23.0988339], [72.4981728, 23.0997167]]}, "properties": {"arterial": "SP / Sardar Patel Ring Road", "osm_name": "Sardar Patel Ring Road", "register_references": 14, "years_repaved": 5, "top_contractor": "Nar Narayan Infrastructure Pvt Ltd"}}, {"type": "Feature", "geometry": {"type": "LineString", "coordinates": [[72.4890589, 23.0738187], [72.4887615, 23.0729864], [72.4887463, 23.072941], [72.4886296, 23.0725915], [72.4884404, 23.0721069], [72.4882023, 23.0714613], [72.4881757, 23.0713905], [72.488064, 23.0710928], [72.4878669, 23.0705935], [72.4876769, 23.070106], [72.4875088, 23.0697021], [72.4874177, 23.0694465], [72.487387, 23.0693435], [72.4873383, 23.0691801], [72.4872673, 23.0689285], [72.4871895, 23.0687434], [72.4871675, 23.0686872], [72.4871263, 23.0685934], [72.4870932, 23.0685179]]}, "properties": {"arterial": "SP / Sardar Patel Ring Road", "osm_name": "Sardar Patel Ring Road", "register_references": 14, "years_repaved": 5, "top_contractor": "Nar Narayan Infrastructure Pvt Ltd"}}, {"type": "Feature", "geometry": {"type": "LineString", "coordinates": [[72.4887833, 23.0738981], [72.4888691, 23.0741303]]}, "properties": {"arterial": "SP / Sardar Patel Ring Road", "osm_name": "Sardar Patel Ring Road", "register_references": 14, "years_repaved": 5, "top_contractor": "Nar Narayan Infrastructure Pvt Ltd"}}, {"type": "Feature", "geometry": {"type": "LineString", "coordinates": [[72.4889966, 23.0741069], [72.4889058, 23.0738597]]}, "properties": {"arterial": "SP / Sardar Patel Ring Road", "osm_name": "Sardar Patel Ring Road", "register_references": 14, "years_repaved": 5, "top_contractor": "Nar Narayan Infrastructure Pvt Ltd"}}, {"type": "Feature", "geometry": {"type": "LineString", "coordinates": [[72.4891562, 23.0740499], [72.4890589, 23.0738187]]}, "properties": {"arterial": "SP / Sardar Patel Ring Road", "osm_name": "Sardar Patel Ring Road", "register_references": 14, "years_repaved": 5, "top_contractor": "Nar Narayan Infrastructure Pvt Ltd"}}, {"type": "Feature", "geometry": {"type": "LineString", "coordinates": [[72.4927507, 23.0839972], [72.4925582, 23.0834631], [72.4923313, 23.0828235], [72.4919772, 23.0818267], [72.4916366, 23.0808619], [72.4911607, 23.0796547], [72.4910214, 23.0792516], [72.4908734, 23.0788236], [72.4905312, 23.0778334], [72.4904691, 23.0776624], [72.4899301, 23.0761796], [72.4896504, 23.0754227], [72.489541, 23.0750967], [72.4894532, 23.0747977], [72.4893299, 23.0744674], [72.4891562, 23.0740499]]}, "properties": {"arterial": "SP / Sardar Patel Ring Road", "osm_name": "Sardar Patel Ring Road", "register_references": 14, "years_repaved": 5, "top_contractor": "Nar Narayan Infrastructure Pvt Ltd"}}, {"type": "Feature", "geometry": {"type": "LineString", "coordinates": [[72.4886017, 23.0739848], [72.4886768, 23.0741896]]}, "properties": {"arterial": "SP / Sardar Patel Ring Road", "osm_name": "Sardar Patel Ring Road", "register_references": 14, "years_repaved": 5, "top_contractor": "Nar Narayan Infrastructure Pvt Ltd"}}, {"type": "Feature", "geometry": {"type": "LineString", "coordinates": [[72.4886768, 23.0741896], [72.4887478, 23.0743821], [72.4889128, 23.0748299], [72.4891542, 23.0754715], [72.4894841, 23.076387], [72.4899589, 23.07768], [72.4902727, 23.0785461], [72.4906313, 23.0793534], [72.490827, 23.0800023], [72.4909151, 23.0802944], [72.4911833, 23.0810149], [72.4918151, 23.0827005], [72.4918418, 23.0827717], [72.4920563, 23.0833084], [72.4922175, 23.0836308], [72.4923245, 23.0838946], [72.4924117, 23.0841065]]}, "properties": {"arterial": "SP / Sardar Patel Ring Road", "osm_name": "Sardar Patel Ring Road", "register_references": 14, "years_repaved": 5, "top_contractor": "Nar Narayan Infrastructure Pvt Ltd"}}, {"type": "Feature", "geometry": {"type": "LineString", "coordinates": [[72.6865594, 23.0935973], [72.6865504, 23.0936612], [72.68604, 23.0958843], [72.6860071, 23.0960392], [72.6859056, 23.0965224], [72.6856366, 23.0980785], [72.6856073, 23.0981535], [72.6852685, 23.099563], [72.685042, 23.1007871], [72.6845819, 23.1026947], [72.6845019, 23.102863], [72.6839448, 23.1040359], [72.6833987, 23.1047609], [72.6833219, 23.1048628], [72.6825433, 23.1056945], [72.6819915, 23.1062103], [72.6815296, 23.1063677], [72.6812735, 23.1064705], [72.6811047, 23.1065771], [72.6809787, 23.1066631], [72.6809227, 23.1067071], [72.6806609, 23.1070595]]}, "properties": {"arterial": "SP / Sardar Patel Ring Road", "osm_name": "Sardar Patel Ring Road", "register_references": 14, "years_repaved": 5, "top_contractor": "Nar Narayan Infrastructure Pvt Ltd"}}, {"type": "Feature", "geometry": {"type": "LineString", "coordinates": [[72.6097667, 23.1213968], [72.610029, 23.121282], [72.6102783, 23.1211658], [72.6104982, 23.1210652], [72.6107147, 23.1209646], [72.6109436, 23.1208598], [72.6111523, 23.1207644], [72.6113169, 23.1206897], [72.6115244, 23.1205902], [72.6117409, 23.1204834], [72.6119654, 23.1203703], [72.6121965, 23.1202707], [72.6124593, 23.1201432], [72.6127412, 23.1200083], [72.6129239, 23.1199212], [72.6131461, 23.1198123], [72.6133141, 23.1197293], [72.6135205, 23.1196236], [72.613884, 23.1194593], [72.6139629, 23.1194269], [72.6140291, 23.1194042], [72.6142803, 23.1193563]]}, "properties": {"arterial": "SP / Sardar Patel Ring Road", "osm_name": "Sardar Patel Ring Road", "register_references": 14, "years_repaved": 5, "top_contractor": "Nar Narayan Infrastructure Pvt Ltd"}}, {"type": "Feature", "geometry": {"type": "LineString", "coordinates": [[72.5460988, 23.1354739], [72.5448211, 23.1355973], [72.5438373, 23.1357169], [72.5432347, 23.1357583], [72.5430678, 23.1357826], [72.5426852, 23.1359647]]}, "properties": {"arterial": "SP / Sardar Patel Ring Road", "osm_name": "Sardar Patel Ring Road", "register_references": 14, "years_repaved": 5, "top_contractor": "Nar Narayan Infrastructure Pvt Ltd"}}, {"type": "Feature", "geometry": {"type": "LineString", "coordinates": [[72.6730006, 23.1108774], [72.6724443, 23.11112], [72.6716131, 23.1114123], [72.6714317, 23.111498], [72.6713003, 23.1115615], [72.6694936, 23.1121993], [72.6688287, 23.1124521], [72.6681742, 23.1126939], [72.6679435, 23.1127753], [72.6663714, 23.113223], [72.6661752, 23.1132733], [72.6659353, 23.1133348], [72.6653661, 23.1134807], [72.6643085, 23.1137518], [72.6642564, 23.1137653], [72.6642125, 23.1137766], [72.6623912, 23.1141109], [72.661466, 23.1142801], [72.6602569, 23.1145215], [72.6602271, 23.1145275]]}, "properties": {"arterial": "SP / Sardar Patel Ring Road", "osm_name": "Sardar Patel Ring Road", "register_references": 14, "years_repaved": 5, "top_contractor": "Nar Narayan Infrastructure Pvt Ltd"}}, {"type": "Feature", "geometry": {"type": "LineString", "coordinates": [[72.6276608, 23.1174722], [72.6270345, 23.117524], [72.6265517, 23.1175413], [72.6258543, 23.1175067], [72.6251663, 23.1174488], [72.6245135, 23.1173693], [72.6237783, 23.1172798], [72.6231922, 23.1172255], [72.6226062, 23.1171897], [72.6215762, 23.1171071], [72.6210666, 23.1171046], [72.6207487, 23.1171182], [72.620569, 23.1171441], [72.6202445, 23.1171996], [72.619303, 23.117397], [72.6181993, 23.1176455], [72.6172729, 23.1178753]]}, "properties": {"arterial": "SP / Sardar Patel Ring Road", "osm_name": "Sardar Patel Ring Road", "register_references": 14, "years_repaved": 5, "top_contractor": "Nar Narayan Infrastructure Pvt Ltd"}}, {"type": "Feature", "geometry": {"type": "LineString", "coordinates": [[72.5848197, 23.1304677], [72.584319, 23.1305137], [72.5841594, 23.1305211], [72.5830436, 23.1306469]]}, "properties": {"arterial": "SP / Sardar Patel Ring Road", "osm_name": "Sardar Patel Ring Road", "register_references": 14, "years_repaved": 5, "top_contractor": "Nar Narayan Infrastructure Pvt Ltd"}}, {"type": "Feature", "geometry": {"type": "LineString", "coordinates": [[72.627705, 23.1178977], [72.6280041, 23.1178484]]}, "properties": {"arterial": "SP / Sardar Patel Ring Road", "osm_name": "Sardar Patel Ring Road", "register_references": 14, "years_repaved": 5, "top_contractor": "Nar Narayan Infrastructure Pvt Ltd"}}, {"type": "Feature", "geometry": {"type": "LineString", "coordinates": [[72.6280041, 23.1178484], [72.6282723, 23.117804], [72.6285727, 23.1177399], [72.6291266, 23.1175955], [72.629777, 23.1174328], [72.6304489, 23.1172526], [72.6306689, 23.1171786], [72.6307667, 23.1171441], [72.6308788, 23.1171199], [72.6310155, 23.1170649]]}, "properties": {"arterial": "SP / Sardar Patel Ring Road", "osm_name": "Sardar Patel Ring Road", "register_references": 14, "years_repaved": 5, "top_contractor": "Nar Narayan Infrastructure Pvt Ltd"}}, {"type": "Feature", "geometry": {"type": "LineString", "coordinates": [[72.6276831, 23.1177483], [72.6280246, 23.1176982]]}, "properties": {"arterial": "SP / Sardar Patel Ring Road", "osm_name": "Sardar Patel Ring Road", "register_references": 14, "years_repaved": 5, "top_contractor": "Nar Narayan Infrastructure Pvt Ltd"}}, {"type": "Feature", "geometry": {"type": "LineString", "coordinates": [[72.6280246, 23.1176982], [72.6286452, 23.1175653], [72.6303809, 23.1171363], [72.6306472, 23.1170801], [72.6309699, 23.1170092]]}, "properties": {"arterial": "SP / Sardar Patel Ring Road", "osm_name": "Sardar Patel Ring Road", "register_references": 14, "years_repaved": 5, "top_contractor": "Nar Narayan Infrastructure Pvt Ltd"}}, {"type": "Feature", "geometry": {"type": "LineString", "coordinates": [[72.6279495, 23.1175761], [72.6276433, 23.1176244]]}, "properties": {"arterial": "SP / Sardar Patel Ring Road", "osm_name": "Sardar Patel Ring Road", "register_references": 14, "years_repaved": 5, "top_contractor": "Nar Narayan Infrastructure Pvt Ltd"}}, {"type": "Feature", "geometry": {"type": "LineString", "coordinates": [[72.6309307, 23.1167517], [72.6306759, 23.1168514], [72.6305023, 23.1169062], [72.6302784, 23.1169809], [72.6286101, 23.1174466], [72.6279495, 23.1175761]]}, "properties": {"arterial": "SP / Sardar Patel Ring Road", "osm_name": "Sardar Patel Ring Road", "register_references": 14, "years_repaved": 5, "top_contractor": "Nar Narayan Infrastructure Pvt Ltd"}}, {"type": "Feature", "geometry": {"type": "LineString", "coordinates": [[72.6279196, 23.1174216], [72.6276608, 23.1174722]]}, "properties": {"arterial": "SP / Sardar Patel Ring Road", "osm_name": "Sardar Patel Ring Road", "register_references": 14, "years_repaved": 5, "top_contractor": "Nar Narayan Infrastructure Pvt Ltd"}}, {"type": "Feature", "geometry": {"type": "LineString", "coordinates": [[72.6309523, 23.116697], [72.6308623, 23.1166958], [72.6306166, 23.1167507], [72.6298779, 23.1169375], [72.6294773, 23.1170388], [72.629022, 23.117154], [72.6282374, 23.1173513], [72.6279688, 23.117413], [72.6279196, 23.1174216]]}, "properties": {"arterial": "SP / Sardar Patel Ring Road", "osm_name": "Sardar Patel Ring Road", "register_references": 14, "years_repaved": 5, "top_contractor": "Nar Narayan Infrastructure Pvt Ltd"}}, {"type": "Feature", "geometry": {"type": "LineString", "coordinates": [[72.6450762, 23.1153194], [72.6449766, 23.1152336], [72.6449402, 23.1152175], [72.644896, 23.1152052], [72.6442529, 23.115125], [72.6434107, 23.1150405], [72.6405871, 23.1150096], [72.640418, 23.1150073], [72.6402953, 23.1150067]]}, "properties": {"arterial": "SP / Sardar Patel Ring Road", "osm_name": "Sardar Patel Ring Road", "register_references": 14, "years_repaved": 5, "top_contractor": "Nar Narayan Infrastructure Pvt Ltd"}}, {"type": "Feature", "geometry": {"type": "LineString", "coordinates": [[72.6516003, 23.1155958], [72.6523217, 23.1156638], [72.6541346, 23.115809], [72.6543017, 23.1158039], [72.6546797, 23.1157925], [72.6552804, 23.115812]]}, "properties": {"arterial": "SP / Sardar Patel Ring Road", "osm_name": "Sardar Patel Ring Road", "register_references": 14, "years_repaved": 5, "top_contractor": "Nar Narayan Infrastructure Pvt Ltd"}}, {"type": "Feature", "geometry": {"type": "LineString", "coordinates": [[72.6583408, 23.1155302], [72.6592863, 23.1153371], [72.659791, 23.1152476], [72.6602872, 23.1151596], [72.6610543, 23.1150125], [72.6618806, 23.1148706], [72.6626529, 23.114756], [72.6631854, 23.1146541], [72.663627, 23.114558], [72.6638151, 23.1144143]]}, "properties": {"arterial": "SP / Sardar Patel Ring Road", "osm_name": "Sardar Patel Ring Road", "register_references": 14, "years_repaved": 5, "top_contractor": "Nar Narayan Infrastructure Pvt Ltd"}}, {"type": "Feature", "geometry": {"type": "LineString", "coordinates": [[72.6523217, 23.1156638], [72.6523596, 23.1157327], [72.6524138, 23.1157833], [72.6524703, 23.115811], [72.6530212, 23.1158596], [72.6539563, 23.115891], [72.6542972, 23.115907], [72.6558671, 23.1159461], [72.656285, 23.1159532], [72.6566464, 23.1159049], [72.6569227, 23.1158473], [72.6569927, 23.1158327], [72.6583408, 23.1155302]]}, "properties": {"arterial": "SP / Sardar Patel Ring Road", "osm_name": "Sardar Patel Ring Road", "register_references": 14, "years_repaved": 5, "top_contractor": "Nar Narayan Infrastructure Pvt Ltd"}}, {"type": "Feature", "geometry": {"type": "LineString", "coordinates": [[72.6172729, 23.1178753], [72.6167066, 23.1180174], [72.6158738, 23.1182517], [72.6150075, 23.1185132], [72.6148291, 23.1185909], [72.6145325, 23.1187263]]}, "properties": {"arterial": "SP / Sardar Patel Ring Road", "osm_name": "Sardar Patel Ring Road", "register_references": 14, "years_repaved": 5, "top_contractor": "Nar Narayan Infrastructure Pvt Ltd"}}, {"type": "Feature", "geometry": {"type": "LineString", "coordinates": [[72.6865956, 23.093416], [72.6865676, 23.0935563], [72.6865594, 23.0935973]]}, "properties": {"arterial": "SP / Sardar Patel Ring Road", "osm_name": "Sardar Patel Ring Road", "register_references": 14, "years_repaved": 5, "top_contractor": "Nar Narayan Infrastructure Pvt Ltd"}}, {"type": "Feature", "geometry": {"type": "LineString", "coordinates": [[72.6867813, 23.0928904], [72.6867042, 23.0929916], [72.6866519, 23.0931125], [72.6866144, 23.0933142], [72.6865956, 23.093416]]}, "properties": {"arterial": "SP / Sardar Patel Ring Road", "osm_name": "Sardar Patel Ring Road", "register_references": 14, "years_repaved": 5, "top_contractor": "Nar Narayan Infrastructure Pvt Ltd"}}, {"type": "Feature", "geometry": {"type": "LineString", "coordinates": [[72.6869812, 23.0938727], [72.6870338, 23.0936782]]}, "properties": {"arterial": "SP / Sardar Patel Ring Road", "osm_name": "Sardar Patel Ring Road", "register_references": 14, "years_repaved": 5, "top_contractor": "Nar Narayan Infrastructure Pvt Ltd"}}, {"type": "Feature", "geometry": {"type": "LineString", "coordinates": [[72.6870338, 23.0936782], [72.6870505, 23.0936219], [72.6871007, 23.0931116]]}, "properties": {"arterial": "SP / Sardar Patel Ring Road", "osm_name": "Sardar Patel Ring Road", "register_references": 14, "years_repaved": 5, "top_contractor": "Nar Narayan Infrastructure Pvt Ltd"}}, {"type": "Feature", "geometry": {"type": "LineString", "coordinates": [[72.6871007, 23.0931116], [72.6872313, 23.0920219], [72.6873051, 23.091246], [72.6873587, 23.0905601], [72.6873569, 23.0898686], [72.6873639, 23.0897117], [72.6873803, 23.0893428]]}, "properties": {"arterial": "SP / Sardar Patel Ring Road", "osm_name": "Sardar Patel Ring Road", "register_references": 14, "years_repaved": 5, "top_contractor": "Nar Narayan Infrastructure Pvt Ltd"}}, {"type": "Feature", "geometry": {"type": "LineString", "coordinates": [[72.6764648, 23.1101742], [72.6768098, 23.1101428], [72.6770794, 23.1100841], [72.6781537, 23.1097138], [72.6787202, 23.1093834], [72.6794971, 23.1088343], [72.6800976, 23.1082993], [72.6804237, 23.1080281], [72.6809492, 23.1076297], [72.6810906, 23.1075002], [72.6812514, 23.1073621]]}, "properties": {"arterial": "SP / Sardar Patel Ring Road", "osm_name": "Sardar Patel Ring Road", "register_references": 14, "years_repaved": 5, "top_contractor": "Nar Narayan Infrastructure Pvt Ltd"}}, {"type": "Feature", "geometry": {"type": "LineString", "coordinates": [[72.6806609, 23.1070595], [72.6804184, 23.1074891], [72.679883, 23.1078985], [72.6794384, 23.1082195], [72.6790758, 23.1085307], [72.6787617, 23.1087931], [72.6783669, 23.1090968], [72.6781605, 23.1092357], [72.6778559, 23.1094099], [72.6773936, 23.1095798], [72.6771172, 23.1096924], [72.6768999, 23.109801], [72.676703, 23.1099358]]}, "properties": {"arterial": "SP / Sardar Patel Ring Road", "osm_name": "Sardar Patel Ring Road", "register_references": 14, "years_repaved": 5, "top_contractor": "Nar Narayan Infrastructure Pvt Ltd"}}, {"type": "Feature", "geometry": {"type": "LineString", "coordinates": [[72.5629177, 23.133407], [72.5612614, 23.1336442], [72.5608887, 23.1337148]]}, "properties": {"arterial": "SP / Sardar Patel Ring Road", "osm_name": "Sardar Patel Ring Road", "register_references": 14, "years_repaved": 5, "top_contractor": "Nar Narayan Infrastructure Pvt Ltd"}}, {"type": "Feature", "geometry": {"type": "LineString", "coordinates": [[72.6730823, 23.0248585], [72.6730385, 23.0247247], [72.6730123, 23.0246446], [72.6728649, 23.0240958], [72.6727477, 23.0236861], [72.672628, 23.0232679], [72.6725816, 23.0230864], [72.6723906, 23.0223385], [72.6723383, 23.0221165], [72.6721814, 23.021451], [72.6720031, 23.0207228], [72.6719507, 23.020482]]}, "properties": {"arterial": "SP / Sardar Patel Ring Road", "osm_name": "Sardar Patel Ring Road", "register_references": 14, "years_repaved": 5, "top_contractor": "Nar Narayan Infrastructure Pvt Ltd"}}, {"type": "Feature", "geometry": {"type": "LineString", "coordinates": [[72.6716289, 23.0205672], [72.6717369, 23.0211144], [72.671755, 23.0211943], [72.6720822, 23.0225545], [72.6721232, 23.022734], [72.6722275, 23.0231429], [72.6724389, 23.0239714], [72.6726052, 23.0246231], [72.6726571, 23.0248412]]}, "properties": {"arterial": "SP / Sardar Patel Ring Road", "osm_name": "Sardar Patel Ring Road", "register_references": 14, "years_repaved": 5, "top_contractor": "Nar Narayan Infrastructure Pvt Ltd"}}, {"type": "Feature", "geometry": {"type": "LineString", "coordinates": [[72.4976968, 22.936881], [72.4975806, 22.9369591], [72.4974917, 22.9370186], [72.4972486, 22.9371318], [72.4943438, 22.9382848], [72.4935541, 22.9387042]]}, "properties": {"arterial": "SP / Sardar Patel Ring Road", "osm_name": "Sardar Patel Ring Road", "register_references": 14, "years_repaved": 5, "top_contractor": "Nar Narayan Infrastructure Pvt Ltd"}}, {"type": "Feature", "geometry": {"type": "LineString", "coordinates": [[72.4932478, 22.9389029], [72.4929075, 22.9391237]]}, "properties": {"arterial": "SP / Sardar Patel Ring Road", "osm_name": "Sardar Patel Ring Road", "register_references": 14, "years_repaved": 5, "top_contractor": "Nar Narayan Infrastructure Pvt Ltd"}}, {"type": "Feature", "geometry": {"type": "LineString", "coordinates": [[72.4935978, 22.9388057], [72.4941821, 22.938477], [72.4946343, 22.9383014], [72.4972956, 22.9372607], [72.4975936, 22.9371668], [72.4976997, 22.937153], [72.4978336, 22.9371354]]}, "properties": {"arterial": "SP / Sardar Patel Ring Road", "osm_name": "Sardar Patel Ring Road", "register_references": 14, "years_repaved": 5, "top_contractor": "Nar Narayan Infrastructure Pvt Ltd"}}, {"type": "Feature", "geometry": {"type": "LineString", "coordinates": [[72.492954, 22.9392281], [72.4933279, 22.9389897]]}, "properties": {"arterial": "SP / Sardar Patel Ring Road", "osm_name": "Sardar Patel Ring Road", "register_references": 14, "years_repaved": 5, "top_contractor": "Nar Narayan Infrastructure Pvt Ltd"}}, {"type": "Feature", "geometry": {"type": "LineString", "coordinates": [[72.4773672, 22.9584699], [72.4762996, 22.9601783], [72.4758368, 22.9610741], [72.4757092, 22.9613391], [72.475622, 22.9615051], [72.4753781, 22.9620773], [72.4753395, 22.9621572], [72.4752928, 22.9622846], [72.4752375, 22.9624585], [72.4751203, 22.9628491], [72.4750243, 22.9632957], [72.4749674, 22.9636395], [72.4749055, 22.9641792], [72.4748476, 22.9646786], [72.4748621, 22.9652497], [72.4748668, 22.9653136], [72.4749161, 22.9658838], [72.47497, 22.966435], [72.4749824, 22.9665937], [72.4749896, 22.9666594], [72.4751015, 22.9677913], [72.4751119, 22.9680556], [72.4751033, 22.9685203], [72.4750339, 22.9689907], [72.4749209, 22.9694684], [72.4746539, 22.9701471], [72.4745605, 22.9703266], [72.4742964, 22.9708993], [72.4742193, 22.9710873]]}, "properties": {"arterial": "SP / Sardar Patel Ring Road", "osm_name": "Sardar Patel Ring Road Flyover", "register_references": 14, "years_repaved": 5, "top_contractor": "Nar Narayan Infrastructure Pvt Ltd"}}, {"type": "Feature", "geometry": {"type": "LineString", "coordinates": [[72.4803593, 22.9536393], [72.4801658, 22.9539541]]}, "properties": {"arterial": "SP / Sardar Patel Ring Road", "osm_name": "Sardar Patel Ring Road", "register_references": 14, "years_repaved": 5, "top_contractor": "Nar Narayan Infrastructure Pvt Ltd"}}, {"type": "Feature", "geometry": {"type": "LineString", "coordinates": [[72.4743672, 22.9711398], [72.4744559, 22.970977], [72.4747408, 22.9703588], [72.474801, 22.9702107], [72.4750726, 22.9695154], [72.4752041, 22.9690208], [72.4752709, 22.9685318], [72.4752852, 22.9680552], [72.4752609, 22.967779], [72.4751608, 22.9666473], [72.4750913, 22.9660566], [72.4750275, 22.9653109], [72.4750008, 22.9646834], [72.4750314, 22.9641965], [72.4750533, 22.9636276], [72.475145, 22.9631142], [72.4752155, 22.9628688], [72.4753218, 22.9624808], [72.4753797, 22.9623104], [72.4754334, 22.962177], [72.4754669, 22.962096], [72.4756928, 22.9615481], [72.4757585, 22.9614221], [72.4758851, 22.9611736], [72.4763505, 22.9602631], [72.4765237, 22.9599628], [72.4767114, 22.9596665], [72.4770838, 22.9590707], [72.4774524, 22.9584989]]}, "properties": {"arterial": "SP / Sardar Patel Ring Road", "osm_name": "Sardar Patel Ring Road Flyover", "register_references": 14, "years_repaved": 5, "top_contractor": "Nar Narayan Infrastructure Pvt Ltd"}}, {"type": "Feature", "geometry": {"type": "LineString", "coordinates": [[72.4802893, 22.9540163], [72.4804808, 22.9536995]]}, "properties": {"arterial": "SP / Sardar Patel Ring Road", "osm_name": "Sardar Patel Ring Road", "register_references": 14, "years_repaved": 5, "top_contractor": "Nar Narayan Infrastructure Pvt Ltd"}}, {"type": "Feature", "geometry": {"type": "LineString", "coordinates": [[72.5798149, 23.0597841], [72.5794848, 23.059476], [72.5791476, 23.0591904], [72.57911, 23.0591586], [72.5790721, 23.0591269], [72.5787799, 23.058882], [72.5782799, 23.0584876], [72.577232, 23.0575815], [72.5759993, 23.0565592], [72.5757809, 23.0564106], [72.5755906, 23.0563437], [72.5755077, 23.0563145], [72.5751655, 23.0562312], [72.5748492, 23.05617], [72.5731856, 23.0560035], [72.5727738, 23.0559581], [72.5726139, 23.0559254], [72.5724451, 23.0558669], [72.5720845, 23.055671]]}, "properties": {"arterial": "Ashram Road", "osm_name": "Ashram Road", "register_references": 7, "years_repaved": 3, "top_contractor": "M/s L.G. Chaudhary"}}, {"type": "Feature", "geometry": {"type": "LineString", "coordinates": [[72.579833, 23.0599509], [72.579904, 23.0600655], [72.5801841, 23.060753], [72.5802015, 23.0607957], [72.5805037, 23.0615374], [72.5807891, 23.0622612], [72.5808792, 23.0624875], [72.5811946, 23.0632803], [72.5812433, 23.0634028], [72.5814545, 23.0639266], [72.5816932, 23.0645071], [72.5817155, 23.0645522], [72.5818551, 23.0648344], [72.5820823, 23.0652592], [72.5827722, 23.0662289], [72.5829212, 23.0663523]]}, "properties": {"arterial": "Ashram Road", "osm_name": "Ashram Road", "register_references": 7, "years_repaved": 3, "top_contractor": "M/s L.G. Chaudhary"}}, {"type": "Feature", "geometry": {"type": "LineString", "coordinates": [[72.5714423, 23.0225402], [72.5714357, 23.0223425], [72.5714289, 23.0222738], [72.5714076, 23.0220828], [72.5713861, 23.0219273], [72.571311, 23.0216681], [72.5711636, 23.0214667], [72.5709838, 23.0212632], [72.5707946, 23.0210924], [72.5707451, 23.0210485], [72.5706667, 23.0209925], [72.5705601, 23.0209162], [72.570495, 23.0208463], [72.570442, 23.0207893], [72.5702837, 23.0206091], [72.5700799, 23.0203326], [72.5698869, 23.020067], [72.5697419, 23.0198784], [72.5696085, 23.0196919], [72.5695168, 23.0195806], [72.569353, 23.0193896], [72.5691653, 23.0191773], [72.5689884, 23.0189808], [72.5688328, 23.0188129], [72.5687257, 23.01869], [72.5685375, 23.018463], [72.5683919, 23.01829], [72.568192, 23.0180525], [72.5680619, 23.0178928], [72.5678314, 23.0176099], [72.5677841, 23.0175513], [72.567739, 23.0174955], [72.5676579, 23.0173949], [72.5674567, 23.0171283], [72.5672207, 23.0168345], [72.5670679, 23.0166602], [72.5668988, 23.0164371], [72.5667164, 23.0162272], [72.5665812, 23.0160659], [72.5665447, 23.0160223], [72.5664428, 23.0158865], [72.5663463, 23.0157705], [72.5661907, 23.0155854], [72.5661104, 23.0154882], [72.565885, 23.015221], [72.5657255, 23.0150319], [72.5652369, 23.0144272], [72.5652311, 23.0144191], [72.5650801, 23.0142103]]}, "properties": {"arterial": "Ashram Road", "osm_name": "Ashram Road", "register_references": 7, "years_repaved": 3, "top_contractor": "M/s L.G. Chaudhary"}}, {"type": "Feature", "geometry": {"type": "LineString", "coordinates": [[72.5830868, 23.1311372], [72.5844731, 23.1309121], [72.584966, 23.1308469], [72.5851337, 23.1308181]]}, "properties": {"arterial": "SP / Sardar Patel Ring Road", "osm_name": "Sardar Patel Ring Road", "register_references": 14, "years_repaved": 5, "top_contractor": "Nar Narayan Infrastructure Pvt Ltd"}}, {"type": "Feature", "geometry": {"type": "LineString", "coordinates": [[72.5801284, 23.1315562], [72.5825859, 23.1312081], [72.5830868, 23.1311372]]}, "properties": {"arterial": "SP / Sardar Patel Ring Road", "osm_name": "Sardar Patel Ring Road", "register_references": 14, "years_repaved": 5, "top_contractor": "Nar Narayan Infrastructure Pvt Ltd"}}, {"type": "Feature", "geometry": {"type": "LineString", "coordinates": [[72.4980695, 22.9370353], [72.4987981, 22.9368888], [72.4995048, 22.9367208], [72.4999675, 22.9366183], [72.5002344, 22.9365849], [72.5008459, 22.9365429], [72.5017029, 22.9364861], [72.5031714, 22.9363626], [72.5036636, 22.9363404], [72.5044924, 22.9362947], [72.5053185, 22.9362082], [72.5063391, 22.9361292], [72.5067978, 22.9360983], [72.5079659, 22.9359909], [72.5088362, 22.9359044], [72.5092976, 22.9358945], [72.5104, 22.935792], [72.5121233, 22.9356549], [72.5133571, 22.9355932], [72.5150147, 22.9354573], [72.5154411, 22.9354126], [72.5162861, 22.9353239], [72.5181127, 22.9351436], [72.5188315, 22.9350843], [72.5202048, 22.9349262], [72.5214386, 22.9348348], [72.5223846, 22.9347225]]}, "properties": {"arterial": "SP / Sardar Patel Ring Road", "osm_name": "Sardar Patel Ring Road", "register_references": 14, "years_repaved": 5, "top_contractor": "Nar Narayan Infrastructure Pvt Ltd"}}, {"type": "Feature", "geometry": {"type": "LineString", "coordinates": [[72.4980148, 22.936763], [72.4982089, 22.9366416], [72.4985885, 22.9365342], [72.4988037, 22.9364752], [72.4989349, 22.9364392], [72.4990644, 22.9364121], [72.500158, 22.9361835], [72.5003336, 22.9361638], [72.5012791, 22.9360847], [72.5019416, 22.936023], [72.501972, 22.9360207], [72.5030722, 22.9359365], [72.5043355, 22.9358464], [72.5054379, 22.9357438], [72.5060722, 22.9357068], [72.5071049, 22.9356302], [72.5078653, 22.9355944], [72.5083569, 22.9355489], [72.5089717, 22.9354919], [72.5096248, 22.9354561], [72.510758, 22.935356], [72.5113964, 22.9353116], [72.5127831, 22.9351955], [72.5140545, 22.9351041], [72.5148323, 22.9350448], [72.516211, 22.9349238], [72.5175548, 22.9348002], [72.5194645, 22.9345829], [72.5203952, 22.9344989], [72.5214305, 22.9344248], [72.5225303, 22.9343457], [72.523925, 22.934195], [72.5241262, 22.934195], [72.5242576, 22.9342123], [72.5244256, 22.9342655]]}, "properties": {"arterial": "SP / Sardar Patel Ring Road", "osm_name": "Sardar Patel Ring Road", "register_references": 14, "years_repaved": 5, "top_contractor": "Nar Narayan Infrastructure Pvt Ltd"}}, {"type": "Feature", "geometry": {"type": "LineString", "coordinates": [[72.6463993, 23.1153424], [72.6450762, 23.1153194], [72.6442919, 23.1153057], [72.6428293, 23.1152356], [72.6403855, 23.1151923]]}, "properties": {"arterial": "SP / Sardar Patel Ring Road", "osm_name": "Sardar Patel Ring Road", "register_references": 14, "years_repaved": 5, "top_contractor": "Nar Narayan Infrastructure Pvt Ltd"}}, {"type": "Feature", "geometry": {"type": "LineString", "coordinates": [[72.5015254, 23.1074416], [72.49982, 23.1028406], [72.4997529, 23.1026467], [72.4994743, 23.1019], [72.4988622, 23.1002835], [72.4981946, 23.0986218], [72.4977976, 23.0974376], [72.4976099, 23.0968875], [72.4973631, 23.0961645], [72.4971159, 23.0954968], [72.4969393, 23.0950197], [72.4957591, 23.0919405], [72.4954408, 23.0910799], [72.4953994, 23.0909713], [72.494516, 23.0886633]]}, "properties": {"arterial": "SP / Sardar Patel Ring Road", "osm_name": "Sardar Patel Ring Road", "register_references": 14, "years_repaved": 5, "top_contractor": "Nar Narayan Infrastructure Pvt Ltd"}}, {"type": "Feature", "geometry": {"type": "LineString", "coordinates": [[72.4724847, 22.9951244], [72.4723497, 22.995364], [72.4725022, 22.9964473], [72.4725881, 22.9968279], [72.4726116, 22.9969322], [72.4726303, 22.9970152], [72.4728687, 22.9977395], [72.4741115, 23.0008614], [72.4748774, 23.0029188], [72.4750371, 23.0033643], [72.4750608, 23.0034296]]}, "properties": {"arterial": "SP / Sardar Patel Ring Road", "osm_name": "Sardar Patel Ring Road", "register_references": 14, "years_repaved": 5, "top_contractor": "Nar Narayan Infrastructure Pvt Ltd"}}, {"type": "Feature", "geometry": {"type": "LineString", "coordinates": [[72.4756761, 23.0037547], [72.4755246, 23.0033492], [72.475499, 23.0032807], [72.4752076, 23.0025007], [72.4749328, 23.0017793], [72.4744093, 23.0004048], [72.4740193, 22.9993976], [72.4737015, 22.9985768], [72.473109, 22.9970786], [72.4730987, 22.9970521], [72.4730802, 22.9970058], [72.4730408, 22.9968248], [72.4730289, 22.9967526], [72.4730189, 22.9966923], [72.4727956, 22.9953384], [72.4726836, 22.9949211]]}, "properties": {"arterial": "SP / Sardar Patel Ring Road", "osm_name": "Sardar Patel Ring Road", "register_references": 14, "years_repaved": 5, "top_contractor": "Nar Narayan Infrastructure Pvt Ltd"}}, {"type": "Feature", "geometry": {"type": "LineString", "coordinates": [[72.4802586, 23.0531217], [72.480147, 23.0526027], [72.4800316, 23.0520463], [72.4799115, 23.0512482], [72.4799594, 23.0508954], [72.4799731, 23.0502528], [72.4800895, 23.0492889], [72.4800825, 23.0490813], [72.4800398, 23.0488146], [72.4800116, 23.0487282], [72.4799272, 23.0486799], [72.4798175, 23.0486665], [72.4797188, 23.0487042], [72.4795657, 23.0488731]]}, "properties": {"arterial": "SP / Sardar Patel Ring Road", "osm_name": "Sardar Patel Ring Road", "register_references": 14, "years_repaved": 5, "top_contractor": "Nar Narayan Infrastructure Pvt Ltd"}}, {"type": "Feature", "geometry": {"type": "LineString", "coordinates": [[72.4722093, 22.9941823], [72.4722203, 22.9942418], [72.472302, 22.994683]]}, "properties": {"arterial": "SP / Sardar Patel Ring Road", "osm_name": "Sardar Patel Ring Road", "register_references": 14, "years_repaved": 5, "top_contractor": "Nar Narayan Infrastructure Pvt Ltd"}}, {"type": "Feature", "geometry": {"type": "LineString", "coordinates": [[72.5785243, 23.1317834], [72.5801284, 23.1315562]]}, "properties": {"arterial": "SP / Sardar Patel Ring Road", "osm_name": "Sardar Patel Ring Road", "register_references": 14, "years_repaved": 5, "top_contractor": "Nar Narayan Infrastructure Pvt Ltd"}}, {"type": "Feature", "geometry": {"type": "LineString", "coordinates": [[72.5830436, 23.1306469], [72.5805974, 23.1309774], [72.5801427, 23.1310378]]}, "properties": {"arterial": "SP / Sardar Patel Ring Road", "osm_name": "Sardar Patel Ring Road", "register_references": 14, "years_repaved": 5, "top_contractor": "Nar Narayan Infrastructure Pvt Ltd"}}, {"type": "Feature", "geometry": {"type": "LineString", "coordinates": [[72.5850313, 23.1304318], [72.5848197, 23.1304677]]}, "properties": {"arterial": "SP / Sardar Patel Ring Road", "osm_name": "Sardar Patel Ring Road", "register_references": 14, "years_repaved": 5, "top_contractor": "Nar Narayan Infrastructure Pvt Ltd"}}, {"type": "Feature", "geometry": {"type": "LineString", "coordinates": [[72.5851337, 23.1308181], [72.5854897, 23.1307653], [72.5855675, 23.1307653], [72.5856641, 23.1307604], [72.5858089, 23.1307443], [72.5859779, 23.1307209], [72.5862086, 23.130695], [72.5865425, 23.130658], [72.5869301, 23.1306111], [72.5871916, 23.1305766], [72.5875913, 23.1305051], [72.5879708, 23.1304335], [72.5884147, 23.1303411], [72.5888532, 23.1302375], [72.5890933, 23.1301696], [72.5893414, 23.1300919], [72.589674, 23.1299711], [72.5901407, 23.1297836], [72.5905243, 23.1296294]]}, "properties": {"arterial": "SP / Sardar Patel Ring Road", "osm_name": "Sardar Patel Ring Road", "register_references": 14, "years_repaved": 5, "top_contractor": "Nar Narayan Infrastructure Pvt Ltd"}}, {"type": "Feature", "geometry": {"type": "LineString", "coordinates": [[72.4794595, 23.01398], [72.4793547, 23.0137414], [72.4783162, 23.0107967], [72.4782553, 23.0106436], [72.4782304, 23.0105788], [72.4778894, 23.009696]]}, "properties": {"arterial": "SP / Sardar Patel Ring Road", "osm_name": "Sardar Patel Ring Road", "register_references": 14, "years_repaved": 5, "top_contractor": "Nar Narayan Infrastructure Pvt Ltd"}}, {"type": "Feature", "geometry": {"type": "LineString", "coordinates": [[72.472302, 22.994683], [72.4724151, 22.9950307], [72.4724847, 22.9951244]]}, "properties": {"arterial": "SP / Sardar Patel Ring Road", "osm_name": "Sardar Patel Ring Road", "register_references": 14, "years_repaved": 5, "top_contractor": "Nar Narayan Infrastructure Pvt Ltd"}}, {"type": "Feature", "geometry": {"type": "LineString", "coordinates": [[72.4726154, 22.995207], [72.4726836, 22.9949211], [72.4726609, 22.9947639], [72.4725165, 22.9937229], [72.4724695, 22.9934043], [72.4722683, 22.9920345], [72.4721208, 22.9910246], [72.4720265, 22.9903792], [72.471984, 22.9900888], [72.4719035, 22.9895406], [72.4718151, 22.9889703], [72.4717077, 22.9883036], [72.4716461, 22.9878628], [72.4715991, 22.9876257]]}, "properties": {"arterial": "SP / Sardar Patel Ring Road", "osm_name": "Sardar Patel Ring Road", "register_references": 14, "years_repaved": 5, "top_contractor": "Nar Narayan Infrastructure Pvt Ltd"}}, {"type": "Feature", "geometry": {"type": "LineString", "coordinates": [[72.5914498, 22.9295861], [72.5916213, 22.9295831], [72.5924742, 22.9296276], [72.5935042, 22.9296375], [72.5946093, 22.9297017], [72.5947782, 22.9296326]]}, "properties": {"arterial": "SP / Sardar Patel Ring Road", "osm_name": "Sardar Patel Ring Road", "register_references": 14, "years_repaved": 5, "top_contractor": "Nar Narayan Infrastructure Pvt Ltd"}}, {"type": "Feature", "geometry": {"type": "LineString", "coordinates": [[72.594779, 22.9294119], [72.5946144, 22.9293242], [72.5941509, 22.9292943], [72.5925657, 22.9292501], [72.591914, 22.9292283], [72.5913382, 22.9292091], [72.5912015, 22.9292045]]}, "properties": {"arterial": "SP / Sardar Patel Ring Road", "osm_name": "Sardar Patel Ring Road", "register_references": 14, "years_repaved": 5, "top_contractor": "Nar Narayan Infrastructure Pvt Ltd"}}, {"type": "Feature", "geometry": {"type": "LineString", "coordinates": [[72.5912015, 22.9292045], [72.5909953, 22.9292051]]}, "properties": {"arterial": "SP / Sardar Patel Ring Road", "osm_name": "Sardar Patel Ring Road", "register_references": 14, "years_repaved": 5, "top_contractor": "Nar Narayan Infrastructure Pvt Ltd"}}, {"type": "Feature", "geometry": {"type": "LineString", "coordinates": [[72.5897336, 22.929572], [72.5907576, 22.929598], [72.5912744, 22.929589]]}, "properties": {"arterial": "SP / Sardar Patel Ring Road", "osm_name": "Sardar Patel Ring Road", "register_references": 14, "years_repaved": 5, "top_contractor": "Nar Narayan Infrastructure Pvt Ltd"}}, {"type": "Feature", "geometry": {"type": "LineString", "coordinates": [[72.5912744, 22.929589], [72.5914498, 22.9295861]]}, "properties": {"arterial": "SP / Sardar Patel Ring Road", "osm_name": "Sardar Patel Ring Road", "register_references": 14, "years_repaved": 5, "top_contractor": "Nar Narayan Infrastructure Pvt Ltd"}}, {"type": "Feature", "geometry": {"type": "LineString", "coordinates": [[72.6812741, 23.04756], [72.6813196, 23.0476799], [72.6817058, 23.0485684], [72.6822423, 23.0494224], [72.6838088, 23.0519051], [72.6838785, 23.0520088], [72.6852678, 23.0541512], [72.6872097, 23.0571473], [72.6881163, 23.0585244], [72.6886796, 23.0595017], [72.689039, 23.0603407], [72.6891838, 23.0609923], [72.689275, 23.061782], [72.6892643, 23.062241], [72.6892448, 23.0631406], [72.6891888, 23.0641225], [72.6891088, 23.0654284], [72.6890933, 23.0657297], [72.6890717, 23.0659989], [72.6890215, 23.0661685]]}, "properties": {"arterial": "SP / Sardar Patel Ring Road", "osm_name": "Sardar Patel Ring Road", "register_references": 14, "years_repaved": 5, "top_contractor": "Nar Narayan Infrastructure Pvt Ltd"}}, {"type": "Feature", "geometry": {"type": "LineString", "coordinates": [[72.6730172, 23.1111342], [72.6728895, 23.1112186], [72.6727393, 23.1112976], [72.6724175, 23.1114259], [72.6718435, 23.1116405], [72.6695501, 23.1125113], [72.6680407, 23.1130517], [72.6663083, 23.1135244], [72.6642618, 23.1140789], [72.6641756, 23.1140947]]}, "properties": {"arterial": "SP / Sardar Patel Ring Road", "osm_name": "Sardar Patel Ring Road", "register_references": 14, "years_repaved": 5, "top_contractor": "Nar Narayan Infrastructure Pvt Ltd"}}, {"type": "Feature", "geometry": {"type": "LineString", "coordinates": [[72.6642926, 23.1141936], [72.6663447, 23.1136376], [72.6680822, 23.1131634], [72.6695421, 23.1125952], [72.6719092, 23.1117133], [72.6725234, 23.1115147], [72.6728506, 23.1114283], [72.6731208, 23.1114036]]}, "properties": {"arterial": "SP / Sardar Patel Ring Road", "osm_name": "Sardar Patel Ring Road", "register_references": 14, "years_repaved": 5, "top_contractor": "Nar Narayan Infrastructure Pvt Ltd"}}, {"type": "Feature", "geometry": {"type": "LineString", "coordinates": [[72.6868957, 23.0929018], [72.6868154, 23.0932501]]}, "properties": {"arterial": "SP / Sardar Patel Ring Road", "osm_name": "Sardar Patel Ring Road Flyover", "register_references": 14, "years_repaved": 5, "top_contractor": "Nar Narayan Infrastructure Pvt Ltd"}}, {"type": "Feature", "geometry": {"type": "LineString", "coordinates": [[72.6869725, 23.0932282], [72.6870281, 23.0929334]]}, "properties": {"arterial": "SP / Sardar Patel Ring Road", "osm_name": "Sardar Patel Ring Road Flyover", "register_references": 14, "years_repaved": 5, "top_contractor": "Nar Narayan Infrastructure Pvt Ltd"}}, {"type": "Feature", "geometry": {"type": "LineString", "coordinates": [[72.6871466, 23.0854539], [72.6870965, 23.0868966], [72.6870234, 23.0884641], [72.6870198, 23.0886258], [72.6870161, 23.0889131]]}, "properties": {"arterial": "SP / Sardar Patel Ring Road", "osm_name": "Sardar Patel Ring Road", "register_references": 14, "years_repaved": 5, "top_contractor": "Nar Narayan Infrastructure Pvt Ltd"}}, {"type": "Feature", "geometry": {"type": "LineString", "coordinates": [[72.6873627, 23.0889951], [72.6873996, 23.0884717], [72.6874727, 23.0872945], [72.6875381, 23.085601], [72.6875401, 23.0853975]]}, "properties": {"arterial": "SP / Sardar Patel Ring Road", "osm_name": "Sardar Patel Ring Road", "register_references": 14, "years_repaved": 5, "top_contractor": "Nar Narayan Infrastructure Pvt Ltd"}}, {"type": "Feature", "geometry": {"type": "LineString", "coordinates": [[72.5303033, 23.0935936], [72.5302429, 23.0933666], [72.5300397, 23.0925513], [72.52985, 23.0918258]]}, "properties": {"arterial": "SG Highway (Sarkhej-Gandhinagar)", "osm_name": "SG Highway", "register_references": 20, "years_repaved": 7, "top_contractor": "Maruti Infracreation Pvt Ltd"}}, {"type": "Feature", "geometry": {"type": "LineString", "coordinates": [[72.5296019, 23.0916506], [72.5297264, 23.0921234], [72.530037, 23.0932518], [72.5302349, 23.0939563]]}, "properties": {"arterial": "SG Highway (Sarkhej-Gandhinagar)", "osm_name": "SG Highway", "register_references": 20, "years_repaved": 7, "top_contractor": "Maruti Infracreation Pvt Ltd"}}, {"type": "Feature", "geometry": {"type": "LineString", "coordinates": [[72.5502499, 23.1352097], [72.5467313, 23.1355628], [72.546435, 23.1355923]]}, "properties": {"arterial": "SP / Sardar Patel Ring Road", "osm_name": "Sardar Patel Ring Road", "register_references": 14, "years_repaved": 5, "top_contractor": "Nar Narayan Infrastructure Pvt Ltd"}}, {"type": "Feature", "geometry": {"type": "LineString", "coordinates": [[72.5460684, 23.1356289], [72.5438536, 23.1359031], [72.5433926, 23.1359641], [72.5429826, 23.1359996], [72.5429216, 23.1360062]]}, "properties": {"arterial": "SP / Sardar Patel Ring Road", "osm_name": "Sardar Patel Ring Road Underpass", "register_references": 14, "years_repaved": 5, "top_contractor": "Nar Narayan Infrastructure Pvt Ltd"}}, {"type": "Feature", "geometry": {"type": "LineString", "coordinates": [[72.5464465, 23.1357207], [72.5493563, 23.1353928]]}, "properties": {"arterial": "SP / Sardar Patel Ring Road", "osm_name": "Sardar Patel Ring Road", "register_references": 14, "years_repaved": 5, "top_contractor": "Nar Narayan Infrastructure Pvt Ltd"}}, {"type": "Feature", "geometry": {"type": "LineString", "coordinates": [[72.4907936, 23.0790112], [72.4903356, 23.0777512], [72.4889966, 23.0741069]]}, "properties": {"arterial": "SP / Sardar Patel Ring Road", "osm_name": "Sardar Patel Ring Road", "register_references": 14, "years_repaved": 5, "top_contractor": "Nar Narayan Infrastructure Pvt Ltd"}}, {"type": "Feature", "geometry": {"type": "LineString", "coordinates": [[72.4888691, 23.0741303], [72.4902224, 23.0778106], [72.4906758, 23.0790285]]}, "properties": {"arterial": "SP / Sardar Patel Ring Road", "osm_name": "Sardar Patel Ring Road", "register_references": 14, "years_repaved": 5, "top_contractor": "Nar Narayan Infrastructure Pvt Ltd"}}, {"type": "Feature", "geometry": {"type": "LineString", "coordinates": [[72.5610774, 23.0087004], [72.5612059, 23.0087736], [72.5619264, 23.009184], [72.5620553, 23.0092828], [72.5621232, 23.0093666]]}, "properties": {"arterial": "Ashram Road", "osm_name": "Ashram Road", "register_references": 7, "years_repaved": 3, "top_contractor": "M/s L.G. Chaudhary"}}, {"type": "Feature", "geometry": {"type": "LineString", "coordinates": [[72.5621996, 23.0093302], [72.5620874, 23.0092161], [72.5619647, 23.009127], [72.561845, 23.0090588], [72.5613789, 23.0087933], [72.5610214, 23.0085731]]}, "properties": {"arterial": "Ashram Road", "osm_name": "Ashram Road", "register_references": 7, "years_repaved": 3, "top_contractor": "M/s L.G. Chaudhary"}}, {"type": "Feature", "geometry": {"type": "LineString", "coordinates": [[72.5431364, 23.1362512], [72.5460812, 23.1359357]]}, "properties": {"arterial": "SP / Sardar Patel Ring Road", "osm_name": "Sardar Patel Ring Road", "register_references": 14, "years_repaved": 5, "top_contractor": "Nar Narayan Infrastructure Pvt Ltd"}}, {"type": "Feature", "geometry": {"type": "LineString", "coordinates": [[72.6719507, 23.020482], [72.6717252, 23.0195926], [72.671508, 23.0187107], [72.6714682, 23.0185858], [72.6710384, 23.0172352], [72.6709718, 23.0170261], [72.6707811, 23.0164149], [72.6705924, 23.0157768], [72.6703951, 23.0151009], [72.6702959, 23.0147697], [72.6702261, 23.0143697], [72.6699365, 23.0129082], [72.6697886, 23.012218], [72.6697776, 23.0121667], [72.6695124, 23.0109293], [72.6690148, 23.0085423]]}, "properties": {"arterial": "SP / Sardar Patel Ring Road", "osm_name": "Sardar Patel Ring Road", "register_references": 14, "years_repaved": 5, "top_contractor": "Nar Narayan Infrastructure Pvt Ltd"}}, {"type": "Feature", "geometry": {"type": "LineString", "coordinates": [[72.6690148, 23.0085423], [72.6687509, 23.007309], [72.6687004, 23.0070674], [72.6685468, 23.0063323], [72.6684161, 23.0057481], [72.668284, 23.0051571], [72.6679892, 23.0041241], [72.6675267, 23.002778], [72.6671413, 23.0016562], [72.6671062, 23.0015375], [72.666798, 23.0004958], [72.6664332, 22.9990539], [72.6661998, 22.9978307]]}, "properties": {"arterial": "SP / Sardar Patel Ring Road", "osm_name": "Sardar Patel Ring Road", "register_references": 14, "years_repaved": 5, "top_contractor": "Nar Narayan Infrastructure Pvt Ltd"}}, {"type": "Feature", "geometry": {"type": "LineString", "coordinates": [[72.6661998, 22.9978307], [72.6661814, 22.9976405]]}, "properties": {"arterial": "SP / Sardar Patel Ring Road", "osm_name": "Sardar Patel Ring Road", "register_references": 14, "years_repaved": 5, "top_contractor": "Nar Narayan Infrastructure Pvt Ltd"}}, {"type": "Feature", "geometry": {"type": "LineString", "coordinates": [[72.595535, 22.9297638], [72.5956741, 22.9297733], [72.5962293, 22.9297338], [72.5967046, 22.9297417], [72.5969366, 22.9297456], [72.5969723, 22.9297462], [72.5972375, 22.9297615], [72.5976254, 22.9297819], [72.5983644, 22.9298263], [72.598646, 22.9298425], [72.5997215, 22.9298919], [72.6008937, 22.9299314], [72.6027095, 22.9299883], [72.6034552, 22.9300549], [72.6039822, 22.9301797], [72.6048768, 22.9304181], [72.60566, 22.9306379], [72.6065263, 22.9308417], [72.608019, 22.9312518], [72.6088026, 22.9314828], [72.6088078, 22.9314839]]}, "properties": {"arterial": "SP / Sardar Patel Ring Road", "osm_name": "Sardar Patel Ring Road", "register_references": 14, "years_repaved": 5, "top_contractor": "Nar Narayan Infrastructure Pvt Ltd"}}, {"type": "Feature", "geometry": {"type": "LineString", "coordinates": [[72.6088078, 22.9314839], [72.6089432, 22.9315113]]}, "properties": {"arterial": "SP / Sardar Patel Ring Road", "osm_name": "Sardar Patel Ring Road", "register_references": 14, "years_repaved": 5, "top_contractor": "Nar Narayan Infrastructure Pvt Ltd"}}, {"type": "Feature", "geometry": {"type": "LineString", "coordinates": [[72.6088541, 22.9310495], [72.608849, 22.9310481], [72.607221, 22.930612], [72.6046917, 22.9299339], [72.6041311, 22.9297832], [72.603592, 22.9296498], [72.603195, 22.9295955], [72.6018941, 22.9295387], [72.5999469, 22.9294868], [72.5987979, 22.9294369], [72.598072, 22.9294053], [72.5964006, 22.9293561], [72.5961435, 22.9293485], [72.5956956, 22.9292941], [72.5955516, 22.9293226]]}, "properties": {"arterial": "SP / Sardar Patel Ring Road", "osm_name": "Sardar Patel Ring Road", "register_references": 14, "years_repaved": 5, "top_contractor": "Nar Narayan Infrastructure Pvt Ltd"}}, {"type": "Feature", "geometry": {"type": "LineString", "coordinates": [[72.6089717, 22.9310823], [72.6088541, 22.9310495]]}, "properties": {"arterial": "SP / Sardar Patel Ring Road", "osm_name": "Sardar Patel Ring Road", "register_references": 14, "years_repaved": 5, "top_contractor": "Nar Narayan Infrastructure Pvt Ltd"}}, {"type": "Feature", "geometry": {"type": "LineString", "coordinates": [[72.4715922, 22.9875362], [72.4715495, 22.986743], [72.4714288, 22.9847084], [72.4713328, 22.9834756]]}, "properties": {"arterial": "SP / Sardar Patel Ring Road", "osm_name": "Sardar Patel Ring Road", "register_references": 14, "years_repaved": 5, "top_contractor": "Nar Narayan Infrastructure Pvt Ltd"}}, {"type": "Feature", "geometry": {"type": "LineString", "coordinates": [[72.4709755, 22.9835281], [72.4710426, 22.9845084], [72.4711224, 22.9858094], [72.4711418, 22.9861257], [72.4711498, 22.9862032], [72.4712437, 22.9871159], [72.4712864, 22.9875276]]}, "properties": {"arterial": "SP / Sardar Patel Ring Road", "osm_name": "Sardar Patel Ring Road", "register_references": 14, "years_repaved": 5, "top_contractor": "Nar Narayan Infrastructure Pvt Ltd"}}, {"type": "Feature", "geometry": {"type": "LineString", "coordinates": [[72.4759443, 23.004934], [72.4757788, 23.0045205], [72.4754946, 23.0037542], [72.4754524, 23.0036405], [72.4753486, 23.0033549], [72.4753245, 23.0032923], [72.4752303, 23.0030362], [72.4730134, 22.9972661], [72.4728909, 22.9968781], [72.4727973, 22.9964865], [72.4727046, 22.9958709], [72.4726154, 22.995207]]}, "properties": {"arterial": "SP / Sardar Patel Ring Road", "osm_name": "Sardar Patel Ring Road", "register_references": 14, "years_repaved": 5, "top_contractor": "Nar Narayan Infrastructure Pvt Ltd"}}, {"type": "Feature", "geometry": {"type": "LineString", "coordinates": [[72.4792449, 23.0141292], [72.4796953, 23.0153806], [72.4799867, 23.0161004], [72.4800768, 23.0163697], [72.4801635, 23.0166785], [72.4802545, 23.0170758], [72.4802973, 23.017449], [72.4802949, 23.0177847], [72.4802445, 23.0181978], [72.4801377, 23.0185855], [72.4800269, 23.0188454], [72.4798291, 23.019267], [72.4795636, 23.0197427], [72.4794503, 23.0199458], [72.4790101, 23.0206965]]}, "properties": {"arterial": "SP / Sardar Patel Ring Road", "osm_name": "Sardar Patel Ring Road", "register_references": 14, "years_repaved": 5, "top_contractor": "Nar Narayan Infrastructure Pvt Ltd"}}, {"type": "Feature", "geometry": {"type": "LineString", "coordinates": [[72.4791358, 23.0207678], [72.4794113, 23.0202731], [72.4795232, 23.0200722], [72.4798529, 23.0195421], [72.4801558, 23.0189431], [72.4802955, 23.0185743], [72.4803906, 23.0181784], [72.4804328, 23.0177687], [72.4804142, 23.0174328], [72.4803692, 23.0170328], [72.4802835, 23.0166461], [72.4801907, 23.0163158], [72.480067, 23.0159702], [72.4796326, 23.0147772], [72.4793559, 23.014052]]}, "properties": {"arterial": "SP / Sardar Patel Ring Road", "osm_name": "Sardar Patel Ring Road", "register_references": 14, "years_repaved": 5, "top_contractor": "Nar Narayan Infrastructure Pvt Ltd"}}, {"type": "Feature", "geometry": {"type": "LineString", "coordinates": [[72.4975806, 22.9369591], [72.4971485, 22.9370184], [72.4962366, 22.937384], [72.4953863, 22.9376829], [72.4934313, 22.9386448], [72.4933612, 22.9386981], [72.4933165, 22.9388584]]}, "properties": {"arterial": "SP / Sardar Patel Ring Road", "osm_name": "Sardar Patel Ring Road", "register_references": 14, "years_repaved": 5, "top_contractor": "Nar Narayan Infrastructure Pvt Ltd"}}, {"type": "Feature", "geometry": {"type": "LineString", "coordinates": [[72.493504, 22.9388689], [72.4939272, 22.9388661], [72.4949037, 22.9383627], [72.4975782, 22.9372966], [72.4976997, 22.937153]]}, "properties": {"arterial": "SP / Sardar Patel Ring Road", "osm_name": "Sardar Patel Ring Road", "register_references": 14, "years_repaved": 5, "top_contractor": "Nar Narayan Infrastructure Pvt Ltd"}}, {"type": "Feature", "geometry": {"type": "LineString", "coordinates": [[72.4928579, 22.9391559], [72.4927763, 22.9391548], [72.4926236, 22.9391526], [72.4916473, 22.9398023], [72.4891072, 22.9414646], [72.488029, 22.9421636], [72.4869963, 22.9429442], [72.4863473, 22.9436531], [72.4852324, 22.9453971], [72.4851771, 22.9456573]]}, "properties": {"arterial": "SP / Sardar Patel Ring Road", "osm_name": "Sardar Patel Ring Road", "register_references": 14, "years_repaved": 5, "top_contractor": "Nar Narayan Infrastructure Pvt Ltd"}}, {"type": "Feature", "geometry": {"type": "LineString", "coordinates": [[72.4854568, 22.9457432], [72.4856879, 22.9455853], [72.4862105, 22.9447152], [72.4867898, 22.9438433], [72.4872217, 22.9433418], [72.4876615, 22.9429763], [72.4884716, 22.942423], [72.4909687, 22.9407606], [72.4922213, 22.9399603], [72.4926451, 22.9397035], [72.4926208, 22.9394498]]}, "properties": {"arterial": "SP / Sardar Patel Ring Road", "osm_name": "Sardar Patel Ring Road", "register_references": 14, "years_repaved": 5, "top_contractor": "Nar Narayan Infrastructure Pvt Ltd"}}, {"type": "Feature", "geometry": {"type": "LineString", "coordinates": [[72.4801583, 22.9539662], [72.4800657, 22.953957], [72.4800229, 22.953958], [72.4799864, 22.9539786], [72.4794996, 22.9547492], [72.4789511, 22.9556778], [72.4779962, 22.9571599], [72.4776757, 22.9576573], [72.4775363, 22.9579133], [72.4772251, 22.9584847]]}, "properties": {"arterial": "SP / Sardar Patel Ring Road", "osm_name": "Sardar Patel Ring Road", "register_references": 14, "years_repaved": 5, "top_contractor": "Nar Narayan Infrastructure Pvt Ltd"}}, {"type": "Feature", "geometry": {"type": "LineString", "coordinates": [[72.477496, 22.9586205], [72.4777763, 22.9582488], [72.4783167, 22.9574647], [72.478492, 22.9571863], [72.4793494, 22.9558248], [72.4798979, 22.9549616], [72.4799421, 22.9548418], [72.4799214, 22.9546249]]}, "properties": {"arterial": "SP / Sardar Patel Ring Road", "osm_name": "Sardar Patel Ring Road", "register_references": 14, "years_repaved": 5, "top_contractor": "Nar Narayan Infrastructure Pvt Ltd"}}, {"type": "Feature", "geometry": {"type": "LineString", "coordinates": [[72.475593, 22.9620738], [72.4757158, 22.9618285], [72.4758642, 22.9615139], [72.4760932, 22.9610285], [72.4766859, 22.9598999], [72.477496, 22.9586205]]}, "properties": {"arterial": "SP / Sardar Patel Ring Road", "osm_name": "Sardar Patel Ring Road", "register_references": 14, "years_repaved": 5, "top_contractor": "Nar Narayan Infrastructure Pvt Ltd"}}, {"type": "Feature", "geometry": {"type": "LineString", "coordinates": [[72.4772251, 22.9584847], [72.4763775, 22.9598184], [72.4758705, 22.9607692], [72.475657, 22.9612398], [72.475502, 22.9615816]]}, "properties": {"arterial": "SP / Sardar Patel Ring Road", "osm_name": "Sardar Patel Ring Road", "register_references": 14, "years_repaved": 5, "top_contractor": "Nar Narayan Infrastructure Pvt Ltd"}}, {"type": "Feature", "geometry": {"type": "LineString", "coordinates": [[72.475502, 22.9615816], [72.4753893, 22.9618111], [72.4752902, 22.9620251], [72.4752369, 22.9621403], [72.4749827, 22.962698], [72.474685, 22.9640662], [72.4746931, 22.964775], [72.4747735, 22.9657727], [72.4748182, 22.9663415], [72.4748474, 22.966554], [72.4749479, 22.967494], [72.4749935, 22.9682571], [72.4749479, 22.9687906], [72.4747655, 22.9695487], [72.4745536, 22.9700455], [72.4743363, 22.9705415], [72.4741459, 22.970944]]}, "properties": {"arterial": "SP / Sardar Patel Ring Road", "osm_name": "Sardar Patel Ring Road", "register_references": 14, "years_repaved": 5, "top_contractor": "Nar Narayan Infrastructure Pvt Ltd"}}, {"type": "Feature", "geometry": {"type": "LineString", "coordinates": [[72.4744597, 22.9712712], [72.4748725, 22.9704144], [72.4751638, 22.9697031], [72.4753757, 22.9689177], [72.4754186, 22.9681571], [72.4753703, 22.9672854], [72.4752722, 22.96646], [72.4751826, 22.9655184], [72.475179, 22.9654555], [72.475145, 22.9648614], [72.4751678, 22.9641292], [72.4752161, 22.9637155], [72.4753287, 22.9631327], [72.475428, 22.9627351], [72.475593, 22.9620738]]}, "properties": {"arterial": "SP / Sardar Patel Ring Road", "osm_name": "Sardar Patel Ring Road", "register_references": 14, "years_repaved": 5, "top_contractor": "Nar Narayan Infrastructure Pvt Ltd"}}, {"type": "Feature", "geometry": {"type": "LineString", "coordinates": [[72.4801658, 22.9539541], [72.4801583, 22.9539662], [72.4784396, 22.9567459], [72.4782067, 22.9571081], [72.4778782, 22.9576191], [72.4775604, 22.9581311], [72.4774726, 22.9582878]]}, "properties": {"arterial": "SP / Sardar Patel Ring Road", "osm_name": "Sardar Patel Ring Road", "register_references": 14, "years_repaved": 5, "top_contractor": "Nar Narayan Infrastructure Pvt Ltd"}}, {"type": "Feature", "geometry": {"type": "LineString", "coordinates": [[72.477596, 22.9583158], [72.4782734, 22.9572251], [72.479299, 22.9556338], [72.4798454, 22.9547506], [72.4799214, 22.9546249], [72.4802893, 22.9540163]]}, "properties": {"arterial": "SP / Sardar Patel Ring Road", "osm_name": "Sardar Patel Ring Road", "register_references": 14, "years_repaved": 5, "top_contractor": "Nar Narayan Infrastructure Pvt Ltd"}}, {"type": "Feature", "geometry": {"type": "LineString", "coordinates": [[72.4741075, 22.9713467], [72.4735703, 22.9725927]]}, "properties": {"arterial": "SP / Sardar Patel Ring Road", "osm_name": "Sardar Patel Ring Road", "register_references": 14, "years_repaved": 5, "top_contractor": "Nar Narayan Infrastructure Pvt Ltd"}}, {"type": "Feature", "geometry": {"type": "LineString", "coordinates": [[72.4736818, 22.9726357], [72.4742583, 22.9713773]]}, "properties": {"arterial": "SP / Sardar Patel Ring Road", "osm_name": "Sardar Patel Ring Road", "register_references": 14, "years_repaved": 5, "top_contractor": "Nar Narayan Infrastructure Pvt Ltd"}}, {"type": "Feature", "geometry": {"type": "LineString", "coordinates": [[72.4723847, 22.9748182], [72.4720135, 22.9756187], [72.4712223, 22.9775819], [72.4709219, 22.9785598], [72.4707609, 22.9801994], [72.4707732, 22.9814109], [72.4707761, 22.9814412], [72.4709755, 22.9835281]]}, "properties": {"arterial": "SP / Sardar Patel Ring Road", "osm_name": "Sardar Patel Ring Road", "register_references": 14, "years_repaved": 5, "top_contractor": "Nar Narayan Infrastructure Pvt Ltd"}}, {"type": "Feature", "geometry": {"type": "LineString", "coordinates": [[72.471204, 22.9814296], [72.4711686, 22.9805229], [72.4713296, 22.9788956], [72.4714825, 22.9780955], [72.4719813, 22.9767991], [72.4724486, 22.9757367], [72.4728176, 22.9749643], [72.4732192, 22.9741296], [72.4733021, 22.9739466], [72.473529, 22.9734456], [72.4739501, 22.9723627], [72.4743403, 22.9715626], [72.4744315, 22.971349], [72.4744597, 22.9712712]]}, "properties": {"arterial": "SP / Sardar Patel Ring Road", "osm_name": "Sardar Patel Ring Road", "register_references": 14, "years_repaved": 5, "top_contractor": "Nar Narayan Infrastructure Pvt Ltd"}}, {"type": "Feature", "geometry": {"type": "LineString", "coordinates": [[72.4713328, 22.9834756], [72.4713361, 22.9834041], [72.4712652, 22.9825798], [72.4712491, 22.9822538], [72.471204, 22.9814296]]}, "properties": {"arterial": "SP / Sardar Patel Ring Road", "osm_name": "Sardar Patel Ring Road", "register_references": 14, "years_repaved": 5, "top_contractor": "Nar Narayan Infrastructure Pvt Ltd"}}, {"type": "Feature", "geometry": {"type": "LineString", "coordinates": [[72.5223846, 22.9347225], [72.5249527, 22.934506]]}, "properties": {"arterial": "SP / Sardar Patel Ring Road", "osm_name": "Sardar Patel Ring Road", "register_references": 14, "years_repaved": 5, "top_contractor": "Nar Narayan Infrastructure Pvt Ltd"}}, {"type": "Feature", "geometry": {"type": "LineString", "coordinates": [[72.5249527, 22.934506], [72.5251323, 22.9345289], [72.5257905, 22.9344764], [72.5270679, 22.9343642], [72.5287911, 22.9342019], [72.5291538, 22.934221], [72.532341, 22.9339609], [72.5335277, 22.9338416], [72.5337791, 22.93377], [72.5341807, 22.9336197], [72.5343828, 22.9334789], [72.5344942, 22.9333452], [72.5345798, 22.9331662], [72.5346653, 22.9330636], [72.5348042, 22.9329874]]}, "properties": {"arterial": "SP / Sardar Patel Ring Road", "osm_name": "Sardar Patel Ring Road", "register_references": 14, "years_repaved": 5, "top_contractor": "Nar Narayan Infrastructure Pvt Ltd"}}, {"type": "Feature", "geometry": {"type": "LineString", "coordinates": [[72.6089432, 22.9315113], [72.6089484, 22.9315124], [72.6090289, 22.9315335], [72.6121482, 22.9323498], [72.614302, 22.9329278], [72.6146047, 22.9330078], [72.6160777, 22.9333972], [72.6162737, 22.9334491], [72.6174214, 22.9337529], [72.6178942, 22.9338631], [72.6185527, 22.9340416], [72.6186901, 22.9340789], [72.61994, 22.9344371], [72.6211834, 22.934772], [72.6232633, 22.9353165], [72.623987, 22.9355119], [72.6242457, 22.9355817], [72.6251528, 22.9358306], [72.6253522, 22.9358832], [72.6262915, 22.9361341], [72.6272234, 22.9363725], [72.6274802, 22.9364382], [72.6278083, 22.9365221], [72.6281838, 22.9366181]]}, "properties": {"arterial": "SP / Sardar Patel Ring Road", "osm_name": "Sardar Patel Ring Road", "register_references": 14, "years_repaved": 5, "top_contractor": "Nar Narayan Infrastructure Pvt Ltd"}}, {"type": "Feature", "geometry": {"type": "LineString", "coordinates": [[72.6731179, 23.0249602], [72.6730823, 23.0248585]]}, "properties": {"arterial": "SP / Sardar Patel Ring Road", "osm_name": "Sardar Patel Ring Road", "register_references": 14, "years_repaved": 5, "top_contractor": "Nar Narayan Infrastructure Pvt Ltd"}}, {"type": "Feature", "geometry": {"type": "LineString", "coordinates": [[72.6726571, 23.0248412], [72.6726885, 23.0249679]]}, "properties": {"arterial": "SP / Sardar Patel Ring Road", "osm_name": "Sardar Patel Ring Road", "register_references": 14, "years_repaved": 5, "top_contractor": "Nar Narayan Infrastructure Pvt Ltd"}}, {"type": "Feature", "geometry": {"type": "LineString", "coordinates": [[72.4773285, 23.0287303], [72.4773056, 23.0286605], [72.4772879, 23.0286068]]}, "properties": {"arterial": "SP / Sardar Patel Ring Road", "osm_name": "Sardar Patel Ring Road", "register_references": 14, "years_repaved": 5, "top_contractor": "Nar Narayan Infrastructure Pvt Ltd"}}, {"type": "Feature", "geometry": {"type": "LineString", "coordinates": [[72.5368398, 23.1367639], [72.5380361, 23.1368034], [72.539347, 23.1366931]]}, "properties": {"arterial": "SP / Sardar Patel Ring Road", "osm_name": "Sardar Patel Ring Road", "register_references": 14, "years_repaved": 5, "top_contractor": "Nar Narayan Infrastructure Pvt Ltd"}}, {"type": "Feature", "geometry": {"type": "LineString", "coordinates": [[72.6240617, 23.1176121], [72.6252747, 23.117759], [72.6256875, 23.1178228], [72.6262452, 23.1178633], [72.6266942, 23.1178648], [72.6270782, 23.1178487], [72.6276831, 23.1177483]]}, "properties": {"arterial": "SP / Sardar Patel Ring Road", "osm_name": "Sardar Patel Ring Road", "register_references": 14, "years_repaved": 5, "top_contractor": "Nar Narayan Infrastructure Pvt Ltd"}}, {"type": "Feature", "geometry": {"type": "LineString", "coordinates": [[72.5650143, 23.0142434], [72.5651707, 23.0144632], [72.565386, 23.0147296], [72.5656597, 23.0150684], [72.566045, 23.0155253], [72.5661269, 23.0156127], [72.5661789, 23.0156761], [72.5662875, 23.0158026], [72.5663831, 23.0159174], [72.5664851, 23.0160533], [72.566658, 23.0162597], [72.5668395, 23.0164685], [72.5670087, 23.0166918], [72.567162, 23.0168667], [72.5673967, 23.0171588], [72.5675974, 23.0174248], [72.5677692, 23.0176524], [72.5681273, 23.0180885], [72.5684736, 23.0185], [72.5686683, 23.0187196], [72.5687759, 23.0188448], [72.5689029, 23.0189725], [72.5690692, 23.0191552], [72.5692892, 23.019407], [72.5694662, 23.019607], [72.5695579, 23.019716], [72.5695701, 23.0197312], [72.5695985, 23.019771], [72.5696225, 23.0198036], [72.5696942, 23.0199007], [72.5697753, 23.0200135], [72.5698363, 23.0200982], [72.5700348, 23.0203648], [72.5701446, 23.0205117], [72.5702414, 23.0206413], [72.5704048, 23.0208155], [72.5704707, 23.0208814], [72.570528, 23.0209479], [72.570625, 23.0210331], [72.570689, 23.0210893], [72.5709251, 23.0213017], [72.5711007, 23.0215003], [72.5712403, 23.0216911], [72.5713114, 23.0219366], [72.5713317, 23.0220839], [72.5713291, 23.0222425], [72.571312, 23.0223141]]}, "properties": {"arterial": "Ashram Road", "osm_name": "Ashram Road", "register_references": 7, "years_repaved": 3, "top_contractor": "M/s L.G. Chaudhary"}}, {"type": "Feature", "geometry": {"type": "LineString", "coordinates": [[72.571312, 23.0223141], [72.5712798, 23.0225647]]}, "properties": {"arterial": "Ashram Road", "osm_name": "Ashram Road", "register_references": 7, "years_repaved": 3, "top_contractor": "M/s L.G. Chaudhary"}}, {"type": "Feature", "geometry": {"type": "LineString", "coordinates": [[72.6602271, 23.1145275], [72.6601838, 23.1145353], [72.6581333, 23.1149041], [72.6580707, 23.114919], [72.6576131, 23.1150249], [72.6572174, 23.1151164], [72.6566783, 23.11522], [72.6564784, 23.1152385], [72.6562719, 23.1152434], [72.6560841, 23.1152385], [72.6554444, 23.1152422], [72.653447, 23.1152293], [72.653333, 23.1152296], [72.6531375, 23.1152341]]}, "properties": {"arterial": "SP / Sardar Patel Ring Road", "osm_name": "Sardar Patel Ring Road", "register_references": 14, "years_repaved": 5, "top_contractor": "Nar Narayan Infrastructure Pvt Ltd"}}, {"type": "Feature", "geometry": {"type": "LineString", "coordinates": [[72.4804774, 22.953447], [72.4803828, 22.9536009], [72.4803691, 22.9536233], [72.4803593, 22.9536393]]}, "properties": {"arterial": "SP / Sardar Patel Ring Road", "osm_name": "Sardar Patel Ring Road", "register_references": 14, "years_repaved": 5, "top_contractor": "Nar Narayan Infrastructure Pvt Ltd"}}, {"type": "Feature", "geometry": {"type": "LineString", "coordinates": [[72.4804808, 22.9536995], [72.4804884, 22.9536869], [72.4804941, 22.9536775], [72.4806034, 22.9534966]]}, "properties": {"arterial": "SP / Sardar Patel Ring Road", "osm_name": "Sardar Patel Ring Road", "register_references": 14, "years_repaved": 5, "top_contractor": "Nar Narayan Infrastructure Pvt Ltd"}}, {"type": "Feature", "geometry": {"type": "LineString", "coordinates": [[72.4929075, 22.9391237], [72.4928976, 22.9391301], [72.4928579, 22.9391559], [72.4926751, 22.9392745]]}, "properties": {"arterial": "SP / Sardar Patel Ring Road", "osm_name": "Sardar Patel Ring Road", "register_references": 14, "years_repaved": 5, "top_contractor": "Nar Narayan Infrastructure Pvt Ltd"}}, {"type": "Feature", "geometry": {"type": "LineString", "coordinates": [[72.492739, 22.9393707], [72.492954, 22.9392281]]}, "properties": {"arterial": "SP / Sardar Patel Ring Road", "osm_name": "Sardar Patel Ring Road", "register_references": 14, "years_repaved": 5, "top_contractor": "Nar Narayan Infrastructure Pvt Ltd"}}, {"type": "Feature", "geometry": {"type": "LineString", "coordinates": [[72.4933279, 22.9389897], [72.4933701, 22.9389608], [72.493504, 22.9388689], [72.4935978, 22.9388057]]}, "properties": {"arterial": "SP / Sardar Patel Ring Road", "osm_name": "Sardar Patel Ring Road", "register_references": 14, "years_repaved": 5, "top_contractor": "Nar Narayan Infrastructure Pvt Ltd"}}, {"type": "Feature", "geometry": {"type": "LineString", "coordinates": [[72.4935541, 22.9387042], [72.4933165, 22.9388584], [72.4932478, 22.9389029]]}, "properties": {"arterial": "SP / Sardar Patel Ring Road", "osm_name": "Sardar Patel Ring Road", "register_references": 14, "years_repaved": 5, "top_contractor": "Nar Narayan Infrastructure Pvt Ltd"}}, {"type": "Feature", "geometry": {"type": "LineString", "coordinates": [[72.5392824, 23.1365393], [72.5417946, 23.1362634], [72.542079, 23.1362224], [72.5429432, 23.1361166]]}, "properties": {"arterial": "SP / Sardar Patel Ring Road", "osm_name": "Sardar Patel Ring Road Underpass", "register_references": 14, "years_repaved": 5, "top_contractor": "Nar Narayan Infrastructure Pvt Ltd"}}, {"type": "Feature", "geometry": {"type": "LineString", "coordinates": [[72.5429216, 23.1360062], [72.5420231, 23.1360969], [72.5418038, 23.1361142], [72.5412226, 23.1361892], [72.540949, 23.1362164], [72.5405869, 23.1362608], [72.5392677, 23.1364065]]}, "properties": {"arterial": "SP / Sardar Patel Ring Road", "osm_name": "Sardar Patel Ring Road Underpass", "register_references": 14, "years_repaved": 5, "top_contractor": "Nar Narayan Infrastructure Pvt Ltd"}}, {"type": "Feature", "geometry": {"type": "LineString", "coordinates": [[72.5554168, 23.1346883], [72.5545109, 23.1347877], [72.5528108, 23.1349571], [72.5513603, 23.1351016]]}, "properties": {"arterial": "SP / Sardar Patel Ring Road", "osm_name": "Sardar Patel Ring Road Underpass", "register_references": 14, "years_repaved": 5, "top_contractor": "Nar Narayan Infrastructure Pvt Ltd"}}, {"type": "Feature", "geometry": {"type": "LineString", "coordinates": [[72.5513673, 23.1351795], [72.5531733, 23.1349879], [72.5554148, 23.1347558]]}, "properties": {"arterial": "SP / Sardar Patel Ring Road", "osm_name": "Sardar Patel Ring Road Underpass", "register_references": 14, "years_repaved": 5, "top_contractor": "Nar Narayan Infrastructure Pvt Ltd"}}, {"type": "Feature", "geometry": {"type": "LineString", "coordinates": [[72.5554148, 23.1347558], [72.5560373, 23.134679]]}, "properties": {"arterial": "SP / Sardar Patel Ring Road", "osm_name": "Sardar Patel Ring Road Underpass", "register_references": 14, "years_repaved": 5, "top_contractor": "Nar Narayan Infrastructure Pvt Ltd"}}, {"type": "Feature", "geometry": {"type": "LineString", "coordinates": [[72.5560708, 23.1346011], [72.5554168, 23.1346883]]}, "properties": {"arterial": "SP / Sardar Patel Ring Road", "osm_name": "Sardar Patel Ring Road Underpass", "register_references": 14, "years_repaved": 5, "top_contractor": "Nar Narayan Infrastructure Pvt Ltd"}}, {"type": "Feature", "geometry": {"type": "LineString", "coordinates": [[72.5560373, 23.134679], [72.5561778, 23.1346617], [72.5579609, 23.1344361]]}, "properties": {"arterial": "SP / Sardar Patel Ring Road", "osm_name": "Sardar Patel Ring Road Underpass", "register_references": 14, "years_repaved": 5, "top_contractor": "Nar Narayan Infrastructure Pvt Ltd"}}, {"type": "Feature", "geometry": {"type": "LineString", "coordinates": [[72.5579384, 23.1343462], [72.5561636, 23.1345887], [72.5560708, 23.1346011]]}, "properties": {"arterial": "SP / Sardar Patel Ring Road", "osm_name": "Sardar Patel Ring Road Underpass", "register_references": 14, "years_repaved": 5, "top_contractor": "Nar Narayan Infrastructure Pvt Ltd"}}, {"type": "Feature", "geometry": {"type": "LineString", "coordinates": [[72.5584671, 23.1342724], [72.5579384, 23.1343462]]}, "properties": {"arterial": "SP / Sardar Patel Ring Road", "osm_name": "Sardar Patel Ring Road Underpass", "register_references": 14, "years_repaved": 5, "top_contractor": "Nar Narayan Infrastructure Pvt Ltd"}}, {"type": "Feature", "geometry": {"type": "LineString", "coordinates": [[72.5579609, 23.1344361], [72.5584705, 23.1343659]]}, "properties": {"arterial": "SP / Sardar Patel Ring Road", "osm_name": "Sardar Patel Ring Road Underpass", "register_references": 14, "years_repaved": 5, "top_contractor": "Nar Narayan Infrastructure Pvt Ltd"}}, {"type": "Feature", "geometry": {"type": "LineString", "coordinates": [[72.6726885, 23.0249679], [72.6728096, 23.0254814], [72.6729652, 23.0261152], [72.6730691, 23.0264623], [72.6733399, 23.0273552], [72.6733717, 23.0274601], [72.6734929, 23.0278595], [72.6737596, 23.0285797], [72.6738396, 23.0287775], [72.6739332, 23.0290091], [72.6744208, 23.0302152], [72.6746362, 23.0303733]]}, "properties": {"arterial": "SP / Sardar Patel Ring Road", "osm_name": "Sardar Patel Ring Road", "register_references": 14, "years_repaved": 5, "top_contractor": "Nar Narayan Infrastructure Pvt Ltd"}}, {"type": "Feature", "geometry": {"type": "LineString", "coordinates": [[72.6632612, 23.0769838], [72.6635695, 23.0771357], [72.6636991, 23.0772017], [72.6637701, 23.0772389], [72.663841, 23.0772794], [72.6641421, 23.0774269], [72.6652486, 23.0780052], [72.6660194, 23.0784081], [72.6671325, 23.0789583], [72.6679506, 23.0793618], [72.6681458, 23.0794581], [72.6685022, 23.0796339], [72.6686313, 23.0796919], [72.6691528, 23.0799261], [72.6694808, 23.0800735], [72.6697214, 23.0801832], [72.6703337, 23.0804625], [72.6704723, 23.0805284], [72.6709948, 23.0807767], [72.6711389, 23.0808451], [72.6712761, 23.0809149], [72.6717582, 23.0811601], [72.6719103, 23.0812431], [72.6729976, 23.0817789], [72.673227, 23.0818919], [72.6734225, 23.0819896], [72.6742003, 23.0823786], [72.6750072, 23.0827661], [72.6751196, 23.0828224], [72.6759168, 23.0832219], [72.6768044, 23.0836589], [72.6772228, 23.0838649], [72.6787714, 23.0846402], [72.6797527, 23.0851127], [72.6799049, 23.085186], [72.6805442, 23.0854939], [72.6820112, 23.086216], [72.682454, 23.086434], [72.6837579, 23.0870987], [72.6845595, 23.0875073], [72.6846177, 23.0875398], [72.6848036, 23.0876436], [72.684935, 23.087717], [72.6865604, 23.0887829]]}, "properties": {"arterial": "Naroda-Dehgam Road", "osm_name": "Naroda-Dehgam Road", "register_references": 5, "years_repaved": 4, "top_contractor": "Apex Protech LLP"}}, {"type": "Feature", "geometry": {"type": "LineString", "coordinates": [[72.5712798, 23.0225647], [72.5712666, 23.0226851], [72.5712477, 23.0228902], [72.5712464, 23.023154], [72.5712406, 23.023454], [72.5712615, 23.0236574], [72.5712881, 23.023792], [72.5713036, 23.024184], [72.5712985, 23.0244947], [72.5712595, 23.0252328], [72.5711981, 23.0259419]]}, "properties": {"arterial": "Ashram Road", "osm_name": "Ashram Road", "register_references": 7, "years_repaved": 3, "top_contractor": "M/s L.G. Chaudhary"}}, {"type": "Feature", "geometry": {"type": "LineString", "coordinates": [[72.5711395, 23.0266357], [72.5711369, 23.0267093]]}, "properties": {"arterial": "Ashram Road", "osm_name": "Ashram Road", "register_references": 7, "years_repaved": 3, "top_contractor": "M/s L.G. Chaudhary"}}, {"type": "Feature", "geometry": {"type": "LineString", "coordinates": [[72.6614079, 22.9716887], [72.6610264, 22.9701326]]}, "properties": {"arterial": "SP / Sardar Patel Ring Road", "osm_name": "Sardar Patel Ring Road Flyover", "register_references": 14, "years_repaved": 5, "top_contractor": "Nar Narayan Infrastructure Pvt Ltd"}}, {"type": "Feature", "geometry": {"type": "LineString", "coordinates": [[72.661584, 22.9723684], [72.6614079, 22.9716887]]}, "properties": {"arterial": "SP / Sardar Patel Ring Road", "osm_name": "Sardar Patel Ring Road Flyover", "register_references": 14, "years_repaved": 5, "top_contractor": "Nar Narayan Infrastructure Pvt Ltd"}}, {"type": "Feature", "geometry": {"type": "LineString", "coordinates": [[72.6606495, 22.9688536], [72.660771, 22.969412]]}, "properties": {"arterial": "SP / Sardar Patel Ring Road", "osm_name": "Sardar Patel Ring Road Flyover", "register_references": 14, "years_repaved": 5, "top_contractor": "Nar Narayan Infrastructure Pvt Ltd"}}, {"type": "Feature", "geometry": {"type": "LineString", "coordinates": [[72.6602806, 22.9668016], [72.6601863, 22.9663774]]}, "properties": {"arterial": "SP / Sardar Patel Ring Road", "osm_name": "Sardar Patel Ring Road Flyover", "register_references": 14, "years_repaved": 5, "top_contractor": "Nar Narayan Infrastructure Pvt Ltd"}}, {"type": "Feature", "geometry": {"type": "LineString", "coordinates": [[72.6606161, 22.9686999], [72.6606495, 22.9688536]]}, "properties": {"arterial": "SP / Sardar Patel Ring Road", "osm_name": "Sardar Patel Ring Road", "register_references": 14, "years_repaved": 5, "top_contractor": "Nar Narayan Infrastructure Pvt Ltd"}}, {"type": "Feature", "geometry": {"type": "LineString", "coordinates": [[72.6609477, 22.9701669], [72.6612657, 22.9714577]]}, "properties": {"arterial": "SP / Sardar Patel Ring Road", "osm_name": "Sardar Patel Ring Road Flyover", "register_references": 14, "years_repaved": 5, "top_contractor": "Nar Narayan Infrastructure Pvt Ltd"}}, {"type": "Feature", "geometry": {"type": "LineString", "coordinates": [[72.6612657, 22.9714577], [72.661328, 22.9717105]]}, "properties": {"arterial": "SP / Sardar Patel Ring Road", "osm_name": "Sardar Patel Ring Road Flyover", "register_references": 14, "years_repaved": 5, "top_contractor": "Nar Narayan Infrastructure Pvt Ltd"}}, {"type": "Feature", "geometry": {"type": "LineString", "coordinates": [[72.6869165, 23.0934825], [72.6869386, 23.093408], [72.6869725, 23.0932282]]}, "properties": {"arterial": "SP / Sardar Patel Ring Road", "osm_name": "Sardar Patel Ring Road", "register_references": 14, "years_repaved": 5, "top_contractor": "Nar Narayan Infrastructure Pvt Ltd"}}, {"type": "Feature", "geometry": {"type": "LineString", "coordinates": [[72.6868154, 23.0932501], [72.6867888, 23.0933976], [72.6867604, 23.0934658]]}, "properties": {"arterial": "SP / Sardar Patel Ring Road", "osm_name": "Sardar Patel Ring Road", "register_references": 14, "years_repaved": 5, "top_contractor": "Nar Narayan Infrastructure Pvt Ltd"}}, {"type": "Feature", "geometry": {"type": "LineString", "coordinates": [[72.6874399, 23.085432], [72.6874519, 23.0851827]]}, "properties": {"arterial": "SP / Sardar Patel Ring Road", "osm_name": "Sardar Patel Ring Road Flyover", "register_references": 14, "years_repaved": 5, "top_contractor": "Nar Narayan Infrastructure Pvt Ltd"}}, {"type": "Feature", "geometry": {"type": "LineString", "coordinates": [[72.6873479, 23.0850317], [72.6873303, 23.0854187]]}, "properties": {"arterial": "SP / Sardar Patel Ring Road", "osm_name": "Sardar Patel Ring Road Flyover", "register_references": 14, "years_repaved": 5, "top_contractor": "Nar Narayan Infrastructure Pvt Ltd"}}, {"type": "Feature", "geometry": {"type": "LineString", "coordinates": [[72.6852754, 23.1011463], [72.6853537, 23.1008154]]}, "properties": {"arterial": "SP / Sardar Patel Ring Road", "osm_name": "Sardar Patel Ring Road Flyover", "register_references": 14, "years_repaved": 5, "top_contractor": "Nar Narayan Infrastructure Pvt Ltd"}}, {"type": "Feature", "geometry": {"type": "LineString", "coordinates": [[72.6848037, 23.1026229], [72.6847121, 23.1028425]]}, "properties": {"arterial": "SP / Sardar Patel Ring Road", "osm_name": "Sardar Patel Ring Road Flyover", "register_references": 14, "years_repaved": 5, "top_contractor": "Nar Narayan Infrastructure Pvt Ltd"}}, {"type": "Feature", "geometry": {"type": "LineString", "coordinates": [[72.676703, 23.1099358], [72.6740992, 23.1107894], [72.6737814, 23.110877], [72.6735214, 23.1109135]]}, "properties": {"arterial": "SP / Sardar Patel Ring Road", "osm_name": "Sardar Patel Ring Road", "register_references": 14, "years_repaved": 5, "top_contractor": "Nar Narayan Infrastructure Pvt Ltd"}}, {"type": "Feature", "geometry": {"type": "LineString", "coordinates": [[72.6736803, 23.1112243], [72.6737881, 23.1110595], [72.6739034, 23.110983], [72.6740818, 23.1109238], [72.6756985, 23.110434], [72.6764648, 23.1101742]]}, "properties": {"arterial": "SP / Sardar Patel Ring Road", "osm_name": "Sardar Patel Ring Road", "register_references": 14, "years_repaved": 5, "top_contractor": "Nar Narayan Infrastructure Pvt Ltd"}}, {"type": "Feature", "geometry": {"type": "LineString", "coordinates": [[72.6764648, 23.1101742], [72.6770094, 23.1099896]]}, "properties": {"arterial": "SP / Sardar Patel Ring Road", "osm_name": "Sardar Patel Ring Road Flyover", "register_references": 14, "years_repaved": 5, "top_contractor": "Nar Narayan Infrastructure Pvt Ltd"}}, {"type": "Feature", "geometry": {"type": "LineString", "coordinates": [[72.676967, 23.1098493], [72.676703, 23.1099358]]}, "properties": {"arterial": "SP / Sardar Patel Ring Road", "osm_name": "Sardar Patel Ring Road Flyover", "register_references": 14, "years_repaved": 5, "top_contractor": "Nar Narayan Infrastructure Pvt Ltd"}}, {"type": "Feature", "geometry": {"type": "LineString", "coordinates": [[72.4774524, 22.9584989], [72.477596, 22.9583158]]}, "properties": {"arterial": "SP / Sardar Patel Ring Road", "osm_name": "Sardar Patel Ring Road Flyover", "register_references": 14, "years_repaved": 5, "top_contractor": "Nar Narayan Infrastructure Pvt Ltd"}}, {"type": "Feature", "geometry": {"type": "LineString", "coordinates": [[72.4774726, 22.9582878], [72.4773672, 22.9584699]]}, "properties": {"arterial": "SP / Sardar Patel Ring Road", "osm_name": "Sardar Patel Ring Road Flyover", "register_references": 14, "years_repaved": 5, "top_contractor": "Nar Narayan Infrastructure Pvt Ltd"}}, {"type": "Feature", "geometry": {"type": "LineString", "coordinates": [[72.4742583, 22.9713773], [72.4743672, 22.9711398]]}, "properties": {"arterial": "SP / Sardar Patel Ring Road", "osm_name": "Sardar Patel Ring Road Flyover", "register_references": 14, "years_repaved": 5, "top_contractor": "Nar Narayan Infrastructure Pvt Ltd"}}, {"type": "Feature", "geometry": {"type": "LineString", "coordinates": [[72.4742193, 22.9710873], [72.4741075, 22.9713467]]}, "properties": {"arterial": "SP / Sardar Patel Ring Road", "osm_name": "Sardar Patel Ring Road Flyover", "register_references": 14, "years_repaved": 5, "top_contractor": "Nar Narayan Infrastructure Pvt Ltd"}}, {"type": "Feature", "geometry": {"type": "LineString", "coordinates": [[72.4802632, 23.044321], [72.4801148, 23.0431284]]}, "properties": {"arterial": "SP / Sardar Patel Ring Road", "osm_name": "Sardar Patel Ring Road Flyover", "register_references": 14, "years_repaved": 5, "top_contractor": "Nar Narayan Infrastructure Pvt Ltd"}}, {"type": "Feature", "geometry": {"type": "LineString", "coordinates": [[72.4799914, 23.0431333], [72.4801686, 23.0443229]]}, "properties": {"arterial": "SP / Sardar Patel Ring Road", "osm_name": "Sardar Patel Ring Road Flyover", "register_references": 14, "years_repaved": 5, "top_contractor": "Nar Narayan Infrastructure Pvt Ltd"}}, {"type": "Feature", "geometry": {"type": "LineString", "coordinates": [[72.5460854, 23.1357614], [72.5464465, 23.1357207]]}, "properties": {"arterial": "SP / Sardar Patel Ring Road", "osm_name": "S P Ring Road Underpass", "register_references": 14, "years_repaved": 5, "top_contractor": "Nar Narayan Infrastructure Pvt Ltd"}}, {"type": "Feature", "geometry": {"type": "LineString", "coordinates": [[72.546435, 23.1355923], [72.5460684, 23.1356289]]}, "properties": {"arterial": "SP / Sardar Patel Ring Road", "osm_name": "S P Ring Road Underpass", "register_references": 14, "years_repaved": 5, "top_contractor": "Nar Narayan Infrastructure Pvt Ltd"}}, {"type": "Feature", "geometry": {"type": "LineString", "coordinates": [[72.5513603, 23.1351016], [72.5503198, 23.1352029], [72.5502499, 23.1352097]]}, "properties": {"arterial": "SP / Sardar Patel Ring Road", "osm_name": "Sardar Patel Ring Road", "register_references": 14, "years_repaved": 5, "top_contractor": "Nar Narayan Infrastructure Pvt Ltd"}}, {"type": "Feature", "geometry": {"type": "LineString", "coordinates": [[72.5493563, 23.1353928], [72.5513673, 23.1351795]]}, "properties": {"arterial": "SP / Sardar Patel Ring Road", "osm_name": "Sardar Patel Ring Road", "register_references": 14, "years_repaved": 5, "top_contractor": "Nar Narayan Infrastructure Pvt Ltd"}}, {"type": "Feature", "geometry": {"type": "LineString", "coordinates": [[72.5605162, 23.1339727], [72.5609092, 23.1339259]]}, "properties": {"arterial": "SP / Sardar Patel Ring Road", "osm_name": "Sardar Patel Ring Road", "register_references": 14, "years_repaved": 5, "top_contractor": "Nar Narayan Infrastructure Pvt Ltd"}}, {"type": "Feature", "geometry": {"type": "LineString", "coordinates": [[72.5608994, 23.1338253], [72.5607113, 23.1338499], [72.5605085, 23.1338765]]}, "properties": {"arterial": "SP / Sardar Patel Ring Road", "osm_name": "Sardar Patel Ring Road", "register_references": 14, "years_repaved": 5, "top_contractor": "Nar Narayan Infrastructure Pvt Ltd"}}, {"type": "Feature", "geometry": {"type": "LineString", "coordinates": [[72.5340978, 23.1066116], [72.5338037, 23.1056456], [72.5335633, 23.1048351], [72.5330765, 23.1031243]]}, "properties": {"arterial": "SG Highway (Sarkhej-Gandhinagar)", "osm_name": "SG Highway", "register_references": 20, "years_repaved": 7, "top_contractor": "Maruti Infracreation Pvt Ltd"}}, {"type": "Feature", "geometry": {"type": "LineString", "coordinates": [[72.4870932, 23.0685179], [72.4870723, 23.0684699], [72.486631, 23.0674594], [72.4862594, 23.0666714], [72.4856967, 23.0655708], [72.4855276, 23.0652609], [72.4854277, 23.0650856], [72.4850013, 23.0641978]]}, "properties": {"arterial": "SP / Sardar Patel Ring Road", "osm_name": "Sardar Patel Ring Road", "register_references": 14, "years_repaved": 5, "top_contractor": "Nar Narayan Infrastructure Pvt Ltd"}}, {"type": "Feature", "geometry": {"type": "LineString", "coordinates": [[72.5383339, 23.1218022], [72.5383677, 23.1219131]]}, "properties": {"arterial": "SG Highway (Sarkhej-Gandhinagar)", "osm_name": "SG Highway", "register_references": 20, "years_repaved": 7, "top_contractor": "Maruti Infracreation Pvt Ltd"}}, {"type": "Feature", "geometry": {"type": "LineString", "coordinates": [[72.5383677, 23.1219131], [72.5391197, 23.124394], [72.539227, 23.1247862], [72.5404796, 23.1291274], [72.5409114, 23.1306223]]}, "properties": {"arterial": "SG Highway (Sarkhej-Gandhinagar)", "osm_name": "SG Highway", "register_references": 20, "years_repaved": 7, "top_contractor": "Maruti Infracreation Pvt Ltd"}}, {"type": "Feature", "geometry": {"type": "LineString", "coordinates": [[72.5385537, 23.1218393], [72.5385284, 23.1217463]]}, "properties": {"arterial": "SG Highway (Sarkhej-Gandhinagar)", "osm_name": "SG Highway", "register_references": 20, "years_repaved": 7, "top_contractor": "Maruti Infracreation Pvt Ltd"}}, {"type": "Feature", "geometry": {"type": "LineString", "coordinates": [[72.5410869, 23.1305917], [72.5408699, 23.1298112], [72.5401074, 23.1272201], [72.5398577, 23.1263607], [72.5398013, 23.1262016], [72.5396149, 23.125512], [72.5394739, 23.1250041], [72.5393823, 23.1247257], [72.5392766, 23.1243613], [72.5388457, 23.1228788], [72.5385537, 23.1218393]]}, "properties": {"arterial": "SG Highway (Sarkhej-Gandhinagar)", "osm_name": "SG Highway", "register_references": 20, "years_repaved": 7, "top_contractor": "Maruti Infracreation Pvt Ltd"}}, {"type": "Feature", "geometry": {"type": "LineString", "coordinates": [[72.5414953, 22.9270659], [72.5413123, 22.927135]]}, "properties": {"arterial": "SP / Sardar Patel Ring Road", "osm_name": "Sardar Patel Ring Road", "register_references": 14, "years_repaved": 5, "top_contractor": "Nar Narayan Infrastructure Pvt Ltd"}}, {"type": "Feature", "geometry": {"type": "LineString", "coordinates": [[72.5415471, 22.9273774], [72.5416217, 22.9272559]]}, "properties": {"arterial": "SP / Sardar Patel Ring Road", "osm_name": "Sardar Patel Ring Road", "register_references": 14, "years_repaved": 5, "top_contractor": "Nar Narayan Infrastructure Pvt Ltd"}}, {"type": "Feature", "geometry": {"type": "LineString", "coordinates": [[72.5416217, 22.9272559], [72.5417805, 22.9272172], [72.5419484, 22.9270796], [72.5431377, 22.9261915], [72.5432578, 22.9261018], [72.5442966, 22.925326], [72.5450737, 22.924917], [72.5452465, 22.924826], [72.5459424, 22.9245078], [72.5465495, 22.9242927], [72.5473647, 22.9241337], [72.5480742, 22.9240417]]}, "properties": {"arterial": "SP / Sardar Patel Ring Road", "osm_name": "Sardar Patel Ring Road", "register_references": 14, "years_repaved": 5, "top_contractor": "Nar Narayan Infrastructure Pvt Ltd"}}, {"type": "Feature", "geometry": {"type": "LineString", "coordinates": [[72.5909953, 22.9292051], [72.5909525, 22.9292027], [72.5906642, 22.9291866], [72.5896982, 22.9291388], [72.589453, 22.929128], [72.5891004, 22.9290915], [72.5881454, 22.9289434], [72.5841103, 22.9283177], [72.5830513, 22.9281486], [72.5815518, 22.9279092], [72.5808722, 22.9278007], [72.5803767, 22.9277159], [72.5792428, 22.9275286], [72.5786057, 22.9274047], [72.5781952, 22.9272939], [72.5777209, 22.9271374], [72.5765285, 22.9267208], [72.5764511, 22.9266939], [72.5755339, 22.9263753], [72.5740265, 22.9258199]]}, "properties": {"arterial": "SP / Sardar Patel Ring Road", "osm_name": "Sardar Patel Ring Road", "register_references": 14, "years_repaved": 5, "top_contractor": "Nar Narayan Infrastructure Pvt Ltd"}}, {"type": "Feature", "geometry": {"type": "LineString", "coordinates": [[72.5740347, 22.9262328], [72.5756353, 22.9268065], [72.5770676, 22.9273599], [72.5773383, 22.9274459], [72.5773519, 22.9274502], [72.5783282, 22.9277601], [72.5792348, 22.927933], [72.5792867, 22.9279439], [72.5793554, 22.9279583], [72.5794188, 22.9279716], [72.579696, 22.9280317], [72.5800127, 22.928096], [72.5800858, 22.928103], [72.5808256, 22.9281733], [72.5809997, 22.9281899], [72.5825661, 22.9284616], [72.5844705, 22.9287778], [72.5862032, 22.9290347], [72.5879091, 22.9293163], [72.5897336, 22.929572]]}, "properties": {"arterial": "SP / Sardar Patel Ring Road", "osm_name": "Sardar Patel Ring Road", "register_references": 14, "years_repaved": 5, "top_contractor": "Nar Narayan Infrastructure Pvt Ltd"}}, {"type": "Feature", "geometry": {"type": "LineString", "coordinates": [[72.5799056, 23.059895], [72.5798149, 23.0597841]]}, "properties": {"arterial": "Ashram Road", "osm_name": "Ashram Road", "register_references": 7, "years_repaved": 3, "top_contractor": "M/s L.G. Chaudhary"}}, {"type": "Feature", "geometry": {"type": "LineString", "coordinates": [[72.5713156, 23.0259227], [72.5713471, 23.0253375], [72.5713844, 23.0246771], [72.5713906, 23.0245053], [72.5713996, 23.0241828], [72.5713791, 23.0233928], [72.5714156, 23.0229539], [72.5714376, 23.0226767], [72.5714423, 23.0225402]]}, "properties": {"arterial": "Ashram Road", "osm_name": "Ashram Road", "register_references": 7, "years_repaved": 3, "top_contractor": "M/s L.G. Chaudhary"}}, {"type": "Feature", "geometry": {"type": "LineString", "coordinates": [[72.5711981, 23.0259419], [72.5711473, 23.0264586], [72.5711408, 23.0265182], [72.5711414, 23.0265582], [72.5711395, 23.0266357]]}, "properties": {"arterial": "Ashram Road", "osm_name": "Ashram Road", "register_references": 7, "years_repaved": 3, "top_contractor": "M/s L.G. Chaudhary"}}, {"type": "Feature", "geometry": {"type": "LineString", "coordinates": [[72.571091, 23.0278852], [72.5711308, 23.0276392], [72.5711678, 23.0274105], [72.5712382, 23.0269314], [72.5712479, 23.0268194], [72.5712517, 23.0267725], [72.5712585, 23.0267115], [72.5712614, 23.0266401], [72.5712701, 23.0265639], [72.5712868, 23.0263832], [72.5713043, 23.0261782], [72.5713156, 23.0259227]]}, "properties": {"arterial": "Ashram Road", "osm_name": "Ashram Road", "register_references": 7, "years_repaved": 3, "top_contractor": "M/s L.G. Chaudhary"}}, {"type": "Feature", "geometry": {"type": "LineString", "coordinates": [[72.5711369, 23.0267093], [72.5711375, 23.0267685], [72.571129, 23.0268693], [72.5711242, 23.0268988], [72.57105, 23.0274054], [72.5709868, 23.0278713]]}, "properties": {"arterial": "Ashram Road", "osm_name": "Ashram Road", "register_references": 7, "years_repaved": 3, "top_contractor": "M/s L.G. Chaudhary"}}, {"type": "Feature", "geometry": {"type": "LineString", "coordinates": [[72.4764619, 23.0256772], [72.4764446, 23.0257902], [72.4763667, 23.0262693], [72.4763598, 23.0263911], [72.4763711, 23.0265213], [72.4763823, 23.0266347], [72.4764072, 23.0267816], [72.4766356, 23.0276598], [72.4766686, 23.0278013], [72.4768324, 23.0284168], [72.4769241, 23.0287347], [72.4769355, 23.0287741], [72.4769651, 23.0288716], [72.4770869, 23.0292329], [72.4774167, 23.0303374], [72.4774737, 23.0305283], [72.4778348, 23.0317379], [72.4780893, 23.0326321], [72.478205, 23.0333327], [72.4782649, 23.033706]]}, "properties": {"arterial": "SP / Sardar Patel Ring Road", "osm_name": "Sardar Patel Ring Road", "register_references": 14, "years_repaved": 5, "top_contractor": "Nar Narayan Infrastructure Pvt Ltd"}}, {"type": "Feature", "geometry": {"type": "LineString", "coordinates": [[72.4787397, 23.0339431], [72.4786621, 23.0335496], [72.4785828, 23.0330899], [72.4785388, 23.0328834], [72.4785092, 23.0327443], [72.4784406, 23.032422], [72.4784192, 23.0323462], [72.4781862, 23.03152], [72.4778421, 23.0304251], [72.4777266, 23.0300871], [72.4775875, 23.0296689], [72.4774979, 23.0293992], [72.477379, 23.0289452], [72.4773285, 23.0287303]]}, "properties": {"arterial": "SP / Sardar Patel Ring Road", "osm_name": "Sardar Patel Ring Road", "register_references": 14, "years_repaved": 5, "top_contractor": "Nar Narayan Infrastructure Pvt Ltd"}}, {"type": "Feature", "geometry": {"type": "LineString", "coordinates": [[72.4845636, 22.9466971], [72.4843663, 22.9468504], [72.4841398, 22.9471802], [72.482914, 22.9491389], [72.4822623, 22.9502009], [72.4819356, 22.9507416], [72.4815595, 22.9513642], [72.4812332, 22.9519225], [72.4805198, 22.9530499], [72.4804276, 22.9531993], [72.4803257, 22.9533698], [72.4803691, 22.9536233]]}, "properties": {"arterial": "SP / Sardar Patel Ring Road", "osm_name": "Sardar Patel Ring Road", "register_references": 14, "years_repaved": 5, "top_contractor": "Nar Narayan Infrastructure Pvt Ltd"}}, {"type": "Feature", "geometry": {"type": "LineString", "coordinates": [[72.4806034, 22.9534966], [72.4810677, 22.9527285], [72.4814422, 22.9521229], [72.4817075, 22.9516937], [72.4846075, 22.9470305], [72.4847173, 22.9468981], [72.4848299, 22.9468332], [72.4849134, 22.9467838]]}, "properties": {"arterial": "SP / Sardar Patel Ring Road", "osm_name": "Sardar Patel Ring Road", "register_references": 14, "years_repaved": 5, "top_contractor": "Nar Narayan Infrastructure Pvt Ltd"}}, {"type": "Feature", "geometry": {"type": "LineString", "coordinates": [[72.4845769, 22.946592], [72.4845636, 22.9466971], [72.4845507, 22.9468078], [72.4844725, 22.9469871], [72.4834632, 22.9486036], [72.481371, 22.9519944], [72.4811047, 22.952426], [72.4806024, 22.9532436], [72.4804774, 22.953447]]}, "properties": {"arterial": "SP / Sardar Patel Ring Road", "osm_name": "Sardar Patel Ring Road", "register_references": 14, "years_repaved": 5, "top_contractor": "Nar Narayan Infrastructure Pvt Ltd"}}, {"type": "Feature", "geometry": {"type": "LineString", "coordinates": [[72.4804941, 22.9536775], [72.4805672, 22.9536246], [72.4808031, 22.9534537], [72.4814375, 22.9524349], [72.4815879, 22.9521914], [72.4818622, 22.9517476], [72.4820732, 22.9514062], [72.4836892, 22.9487659], [72.4847941, 22.9470562], [72.4848299, 22.9468332]]}, "properties": {"arterial": "SP / Sardar Patel Ring Road", "osm_name": "Sardar Patel Ring Road", "register_references": 14, "years_repaved": 5, "top_contractor": "Nar Narayan Infrastructure Pvt Ltd"}}, {"type": "Feature", "geometry": {"type": "LineString", "coordinates": [[72.6870166, 23.0893082], [72.6869631, 23.0904947], [72.6869215, 23.0909924]]}, "properties": {"arterial": "SP / Sardar Patel Ring Road", "osm_name": "Sardar Patel Ring Road", "register_references": 14, "years_repaved": 5, "top_contractor": "Nar Narayan Infrastructure Pvt Ltd"}}, {"type": "Feature", "geometry": {"type": "LineString", "coordinates": [[72.54273, 23.1361609], [72.5431364, 23.1362512]]}, "properties": {"arterial": "SP / Sardar Patel Ring Road", "osm_name": "Sardar Patel Ring Road", "register_references": 14, "years_repaved": 5, "top_contractor": "Nar Narayan Infrastructure Pvt Ltd"}}, {"type": "Feature", "geometry": {"type": "LineString", "coordinates": [[72.6565327, 22.9578022], [72.656638, 22.958013], [72.6572013, 22.9588156], [72.6577216, 22.9595319], [72.657917, 22.9598554]]}, "properties": {"arterial": "SP / Sardar Patel Ring Road", "osm_name": "Sardar Patel Ring Road", "register_references": 14, "years_repaved": 5, "top_contractor": "Nar Narayan Infrastructure Pvt Ltd"}}, {"type": "Feature", "geometry": {"type": "LineString", "coordinates": [[72.4712864, 22.9875276], [72.4712965, 22.9876497]]}, "properties": {"arterial": "SP / Sardar Patel Ring Road", "osm_name": "Sardar Patel Ring Road", "register_references": 14, "years_repaved": 5, "top_contractor": "Nar Narayan Infrastructure Pvt Ltd"}}, {"type": "Feature", "geometry": {"type": "LineString", "coordinates": [[72.4715991, 22.9876257], [72.4715922, 22.9875362]]}, "properties": {"arterial": "SP / Sardar Patel Ring Road", "osm_name": "Sardar Patel Ring Road", "register_references": 14, "years_repaved": 5, "top_contractor": "Nar Narayan Infrastructure Pvt Ltd"}}, {"type": "Feature", "geometry": {"type": "LineString", "coordinates": [[72.4741459, 22.970944], [72.4740252, 22.971149], [72.4733224, 22.9727171], [72.4730033, 22.9733419], [72.4727565, 22.9738605], [72.4723847, 22.9748182]]}, "properties": {"arterial": "SP / Sardar Patel Ring Road", "osm_name": "Sardar Patel Ring Road", "register_references": 14, "years_repaved": 5, "top_contractor": "Nar Narayan Infrastructure Pvt Ltd"}}, {"type": "Feature", "geometry": {"type": "LineString", "coordinates": [[72.470969, 22.9814901], [72.4710183, 22.9822731], [72.4710744, 22.9832385]]}, "properties": {"arterial": "SP / Sardar Patel Ring Road", "osm_name": "Sardar Patel Ring Road", "register_references": 14, "years_repaved": 5, "top_contractor": "Nar Narayan Infrastructure Pvt Ltd"}}, {"type": "Feature", "geometry": {"type": "LineString", "coordinates": [[72.4709622, 22.9813821], [72.470969, 22.9814901]]}, "properties": {"arterial": "SP / Sardar Patel Ring Road", "osm_name": "Sardar Patel Ring Road", "register_references": 14, "years_repaved": 5, "top_contractor": "Nar Narayan Infrastructure Pvt Ltd"}}, {"type": "Feature", "geometry": {"type": "LineString", "coordinates": [[72.4711904, 22.9831707], [72.4711419, 22.9822606], [72.4710885, 22.9814869]]}, "properties": {"arterial": "SP / Sardar Patel Ring Road", "osm_name": "Sardar Patel Ring Road", "register_references": 14, "years_repaved": 5, "top_contractor": "Nar Narayan Infrastructure Pvt Ltd"}}, {"type": "Feature", "geometry": {"type": "LineString", "coordinates": [[72.4710885, 22.9814869], [72.471081, 22.9813789]]}, "properties": {"arterial": "SP / Sardar Patel Ring Road", "osm_name": "Sardar Patel Ring Road", "register_references": 14, "years_repaved": 5, "top_contractor": "Nar Narayan Infrastructure Pvt Ltd"}}, {"type": "Feature", "geometry": {"type": "LineString", "coordinates": [[72.6687181, 23.0085696], [72.6692146, 23.0107834], [72.6692855, 23.0110997], [72.6701953, 23.0155394], [72.6704957, 23.0164242], [72.6709764, 23.017783], [72.6713744, 23.0189651], [72.6716062, 23.0199443]]}, "properties": {"arterial": "SP / Sardar Patel Ring Road", "osm_name": "Sardar Patel Ring Road", "register_references": 14, "years_repaved": 5, "top_contractor": "Nar Narayan Infrastructure Pvt Ltd"}}, {"type": "Feature", "geometry": {"type": "LineString", "coordinates": [[72.6688923, 23.0085695], [72.6685769, 23.0071057], [72.6683503, 23.006172], [72.6680503, 23.0049354], [72.667858, 23.004271], [72.6675823, 23.0034474], [72.6670378, 23.00181], [72.6666154, 23.0005363], [72.6664171, 22.9998447], [72.666073, 22.9978702]]}, "properties": {"arterial": "SP / Sardar Patel Ring Road", "osm_name": "Sardar Patel Ring Road", "register_references": 14, "years_repaved": 5, "top_contractor": "Nar Narayan Infrastructure Pvt Ltd"}}, {"type": "Feature", "geometry": {"type": "LineString", "coordinates": [[72.4924117, 23.0841065], [72.4925265, 23.0844243]]}, "properties": {"arterial": "SP / Sardar Patel Ring Road", "osm_name": "Sardar Patel Ring Road", "register_references": 14, "years_repaved": 5, "top_contractor": "Nar Narayan Infrastructure Pvt Ltd"}}, {"type": "Feature", "geometry": {"type": "LineString", "coordinates": [[72.4941684, 23.0888552], [72.494325, 23.0893522], [72.4946165, 23.0902196], [72.494874, 23.0909215], [72.4949206, 23.0910495], [72.4949599, 23.0911674], [72.4949871, 23.0912404], [72.4951078, 23.0915642], [72.4952187, 23.091869], [72.4952241, 23.0918869], [72.4954861, 23.09254]]}, "properties": {"arterial": "SP / Sardar Patel Ring Road", "osm_name": "Sardar Patel Ring Road", "register_references": 14, "years_repaved": 5, "top_contractor": "Nar Narayan Infrastructure Pvt Ltd"}}, {"type": "Feature", "geometry": {"type": "LineString", "coordinates": [[72.494516, 23.0886633], [72.4940665, 23.0874487], [72.4937933, 23.0867048], [72.4934891, 23.0859028], [72.4933746, 23.0855821], [72.4929696, 23.0845458], [72.4928788, 23.0843197], [72.4927507, 23.0839972]]}, "properties": {"arterial": "SP / Sardar Patel Ring Road", "osm_name": "Sardar Patel Ring Road", "register_references": 14, "years_repaved": 5, "top_contractor": "Nar Narayan Infrastructure Pvt Ltd"}}, {"type": "Feature", "geometry": {"type": "LineString", "coordinates": [[72.5102951, 23.1223647], [72.5099292, 23.1220751], [72.5094901, 23.121718], [72.5090775, 23.1214046], [72.5087143, 23.1211056], [72.5084862, 23.1209294], [72.5083582, 23.1208662]]}, "properties": {"arterial": "SP / Sardar Patel Ring Road", "osm_name": "Sardar Patel Ring Road", "register_references": 14, "years_repaved": 5, "top_contractor": "Nar Narayan Infrastructure Pvt Ltd"}}, {"type": "Feature", "geometry": {"type": "LineString", "coordinates": [[72.6625392, 22.9782549], [72.6627371, 22.9792315], [72.6629517, 22.980486], [72.6632584, 22.9822587]]}, "properties": {"arterial": "SP / Sardar Patel Ring Road", "osm_name": "Sardar Patel Ring Road", "register_references": 14, "years_repaved": 5, "top_contractor": "Nar Narayan Infrastructure Pvt Ltd"}}, {"type": "Feature", "geometry": {"type": "LineString", "coordinates": [[72.4799785, 23.0430546], [72.4799914, 23.0431333]]}, "properties": {"arterial": "SP / Sardar Patel Ring Road", "osm_name": "Sardar Patel Ring Road", "register_references": 14, "years_repaved": 5, "top_contractor": "Nar Narayan Infrastructure Pvt Ltd"}}, {"type": "Feature", "geometry": {"type": "LineString", "coordinates": [[72.4801148, 23.0431284], [72.4801017, 23.0430558]]}, "properties": {"arterial": "SP / Sardar Patel Ring Road", "osm_name": "Sardar Patel Ring Road", "register_references": 14, "years_repaved": 5, "top_contractor": "Nar Narayan Infrastructure Pvt Ltd"}}, {"type": "Feature", "geometry": {"type": "LineString", "coordinates": [[72.4784153, 23.0336941], [72.478454, 23.0339025], [72.4784625, 23.0339441], [72.4784783, 23.0340215], [72.4785385, 23.0343156], [72.4788402, 23.0360977], [72.4788559, 23.0361736], [72.4791084, 23.0376912], [72.4791473, 23.0379313]]}, "properties": {"arterial": "SP / Sardar Patel Ring Road", "osm_name": "Sardar Patel Ring Road", "register_references": 14, "years_repaved": 5, "top_contractor": "Nar Narayan Infrastructure Pvt Ltd"}}, {"type": "Feature", "geometry": {"type": "LineString", "coordinates": [[72.4792697, 23.0379136], [72.4792053, 23.0375136], [72.4790105, 23.0364033], [72.478972, 23.0361678], [72.4789595, 23.0360922], [72.4789255, 23.0358919], [72.4786507, 23.0342704], [72.4785248, 23.0335699]]}, "properties": {"arterial": "SP / Sardar Patel Ring Road", "osm_name": "Sardar Patel Ring Road", "register_references": 14, "years_repaved": 5, "top_contractor": "Nar Narayan Infrastructure Pvt Ltd"}}, {"type": "Feature", "geometry": {"type": "LineString", "coordinates": [[72.6276433, 23.1176244], [72.6271368, 23.1176891], [72.6266914, 23.1177418], [72.6262507, 23.1177403], [72.6257039, 23.1177007], [72.6252946, 23.1176373], [72.6240566, 23.1174874]]}, "properties": {"arterial": "SP / Sardar Patel Ring Road", "osm_name": "Sardar Patel Ring Road", "register_references": 14, "years_repaved": 5, "top_contractor": "Nar Narayan Infrastructure Pvt Ltd"}}], "_meta": {"what": "AMC resurfacing-register road descriptions matched to NAMED OSM arterials (ODbL). Partial by design: only register rows that cite a named arterial. Society-lane stretches are not drawable from open data \u2014 see resurfacing_by_ward.geojson.", "register_rows_total": 1683, "register_rows_matched_to_an_arterial": 48, "osm_arterial_segments_drawn": 395}}