year,code,head,page,dept,dept_name,raw_line
2005-06,23306,PENALTY RECOVERED FROM CONTRACTORS (rev inc),97,153,";[g8=, JS""XM5vDLS[GLS, :8M;""","0        0       5023306 SMg8=FÉ8;"" 5F;[YL D/[, N\0GL VFJS       25      50"
2005-06,23306,PENALTY RECOVERED FROM CONTRACTORS (rev inc),98,154,";[g8=, .,[É8=LS, :8M;""","106       18      10023306 SMg8=FÉ8;"" 5F;[YL D/[, N\0GL VFJS      100     100"
2005-06,23306,PENALTY RECOVERED FROM CONTRACTORS (rev inc),101,304,SMdI]GLS[XG  lJEFU,"0       80       5023306 SMg8=FÉ8;"" 5F;[YL D/[, N\0GL VFJS       50       0"
2005-06,23306,PENALTY RECOVERED FROM CONTRACTORS (rev inc),102,352,XC[ZGF SRZM p5F0JF v Z[O–]h,"76        5       2523306 SMg8=FÉ8;"" 5F;[YL D/[, N\0GL VFJS       10      25"
2005-06,23306,PENALTY RECOVERED FROM CONTRACTORS (rev inc),103,371,".HG[Z 0L5F8""D[g8 v ;FDFgI N[BZ[B","3       62       5023306 SMg8=FÉ8;"" 5F;[YL D/[, N\0GL VFJS       50      50"
2005-06,23311,COST OF WORK DONE ON CAPITAL A/C LSR (rev inc),103,371,".HG[Z 0L5F8""D[g8 v ;FDFgI N[BZ[B","14525    23166    1500023311 ,MG :8FO ZLSJZL sV[,PV[;PVFZf    21500   15000"
2005-06,10301,"VEHICLE TAX (rev inc, dept 381)",103,381,"Z:TF4 U,LVM4 O]85FY",18870    57847    6000010301 JFCG 8[Ù    72000   60000
2005-06,13423,ROAD CUT RESTORATION CHARGES (rev inc),103,381,"Z:TF4 U,LVM4 O]85FY",5224     7912     500013423 Z:TF S5FT 5]Go :YF5G OL     5000    5000
2005-06,23306,PENALTY RECOVERED FROM CONTRACTORS (rev inc),104,411,-MZ +F; V\S]X lJEFU,"4        1       1023306 SMg8=FÉ8;"" 5F;[YL D/[, N\0GL VFJS       10      10"
2005-06,23306,PENALTY RECOVERED FROM CONTRACTORS (rev inc),107,609,h],"0        0        523306 SMg8=FÉ8;"" 5F;[YL D/[, N\0GL VFJS        0       5"
2005-06,DEPT967,DEPT TOTAL,128,967,"1147     130530199 5UFZ BR""     1465    1305","967     1147     130530199 5UFZ BR""     1465    1305"
2005-06,38401,ROADS STREETS AND PAVEMENTS (rev exp),137,381,"Z:TF4 U,LVM4 O]85FY","22811    15029    2252038401 Z:TF U,LVM TYF O}85FY    19945   19970"
2005-06,38407,FOOT-PATH PAVEMENTS (rev exp),137,381,"Z:TF4 U,LVM4 O]85FY",1334     1487     290038407 O}85FY s5[JD[g8f     3050    2600
2005-06,38413,POLE PAVEMENTS (rev exp),137,381,"Z:TF4 U,LVM4 O]85FY",95        3      42538413 5M/ 5[JD[g8      675     625
2005-06,64401,ROADS AND STREETS RESURFACING (capex),163,381,"Z:TF4 U,LVM4 O]85FY","5053     9369    3435264401 Z:TF4 U,L v ZL;ZO[.;ÄU    15000  164352"
2005-06,64406,ROADS AND STREETS - GENERAL (capex),164,381,"Z:TF4 U,LVM4 O]85FY","6541     9210        064406 Z:TF4 U,L4 HGZ,    75000       0"
2005-06,64407,FOOTPATH AND PAVEMENTS (capex),164,381,"Z:TF4 U,LVM4 O]85FY",747        0      47564407 O]85FY4 5[JD[g8     5000     475
2005-06,64414,TRAFFIC CONTROL BLOCK (capex),164,381,"Z:TF4 U,LVM4 O]85FY","377        0     288064414 8=FOLS Sg8=M, a,MÉ;     8145    2880"
2005-06,64402,OTHER BRIDGES (capex),164,382,"5],M","0        0     350064402 VgI 5],   320000       0"
2005-06,64402,OTHER BRIDGES (capex),167,953,";M,L0 J[:8 D[G[HD[g8 ÝMH[É8","12        0     670064402 VgI 5],        0       0"
2005-06,64406,ROADS AND STREETS - GENERAL (capex),167,953,";M,L0 J[:8 D[G[HD[g8 ÝMH[É8","573      380     850064406 Z:TF4 U,L4 HGZ,        0       0"
2005-06,64401,ROADS AND STREETS RESURFACING (capex),168,962,"!5 SZM0GF hMG, JS"";","3969        0    1226564401 Z:TF4 U,L v ZL;ZO[.;ÄU    57343   41205"
2005-06,64406,ROADS AND STREETS - GENERAL (capex),168,962,"!5 SZM0GF hMG, JS"";","5573    83341   14202664406 Z:TF4 U,L4 HGZ,   189585  184677"
2005-06,64407,FOOTPATH AND PAVEMENTS (capex),168,962,"!5 SZM0GF hMG, JS"";",0    20505    2103564407 O]85FY4 5[JD[g8    49348   25646
2005-06,64414,TRAFFIC CONTROL BLOCK (capex),168,962,"!5 SZM0GF hMG, JS"";","304     8534     578064414 8=FOLS Sg8=M, a,MÉ;    10450    7430"
2005-06,64401,ROADS AND STREETS RESURFACING (capex),169,964,8[1F O|L AMg0vZ__#,"0        0        064401 Z:TF4 U,L v ZL;ZO[.;ÄU        0  150000"
2005-06,64402,OTHER BRIDGES (capex),169,964,8[1F O|L AMg0vZ__#,"0        0    5000064402 VgI 5],   130000  100000"
2005-06,64406,ROADS AND STREETS - GENERAL (capex),169,965,GJL 8LP%FL P :SLDDF\ DF/BFUT,"0        0        064406 Z:TF4 U,L4 HGZ,    20000       0"
2006-07,23306,PENALTY RECOVERED FROM CONTRACTORS (rev inc),107,153,";[g8=, JS""XM5vDLS[GLS, :8M;""","23306 SMg8=FÉ8;"" 5F;[YL D/[, N\0GL VFJS        25      25      25       0        0"
2006-07,23306,PENALTY RECOVERED FROM CONTRACTORS (rev inc),107,153,";[g8=, JS""XM5vDLS[GLS, :8M;""","23306 SMg8=FÉ8;"" 5F;[YL D/[, N\0GL VFJS       100     100     100      18      156"
2006-07,23306,PENALTY RECOVERED FROM CONTRACTORS (rev inc),110,301,A\AF BFT] sOFIZ lA|U[0f,"23306 SMg8=FÉ8;"" 5F;[YL D/[, N\0GL VFJS         0       0       0       0       60"
2006-07,23306,PENALTY RECOVERED FROM CONTRACTORS (rev inc),110,304,SMdI]GLS[XG  lJEFU,"23306 SMg8=FÉ8;"" 5F;[YL D/[, N\0GL VFJS        50      50      50      80        0"
2006-07,23306,PENALTY RECOVERED FROM CONTRACTORS (rev inc),112,352,XC[ZGF SRZM p5F0JF v Z[O–]h,"23306 SMg8=FÉ8;"" 5F;[YL D/[, N\0GL VFJS        10      10      10       5        0"
2006-07,23306,PENALTY RECOVERED FROM CONTRACTORS (rev inc),112,371,".HG[Z 0L5F8""D[g8 v ;FDFgI N[BZ[B","23306 SMg8=FÉ8;"" 5F;[YL D/[, N\0GL VFJS        50      50      50      62       82"
2006-07,23311,COST OF WORK DONE ON CAPITAL A/C LSR (rev inc),112,371,".HG[Z 0L5F8""D[g8 v ;FDFgI N[BZ[B","23311 ,MG :8FO ZLSJZL sV[,PV[;PVFZf     21500   21500   21500   23166    19782"
2006-07,DEPT371,DEPT TOTAL,112,371,".HG[Z 0L5F8""D[g8 v ;FDFgI N[BZ[B G]\  S], 334653166530750307","371 .HG[Z 0L5F8""D[g8 v ;FDFgI N[BZ[B G]\  S], 3346531665307503075229126"
2006-07,10301,"VEHICLE TAX (rev inc, dept 381)",112,381,"Z:TF4 U,LVM4 O]85FY",10301 JFCG 8[Ù     80000   72000   72000   57847    63830
2006-07,13423,ROAD CUT RESTORATION CHARGES (rev inc),112,381,"Z:TF4 U,LVM4 O]85FY",13423 Z:TF S5FT 5]Go :YF5G OL      8000   10000    5000    7912     7177
2006-07,DEPT381,DEPT TOTAL,112,381,"Z:TF4 U,LVM4 O]85FY G]\  S], 8914283142787127209867227","381 Z:TF4 U,LVM4 O]85FY G]\  S], 8914283142787127209867227"
2006-07,23306,PENALTY RECOVERED FROM CONTRACTORS (rev inc),113,411,-MZ +F; V\S]X lJEFU s;LPV[GP;LP0LPf,"23306 SMg8=FÉ8;"" 5F;[YL D/[, N\0GL VFJS        10      10      10       1        0"
2006-07,DEPT371,DEPT TOTAL,142,371,".HG[Z 0L5F8""D[g8 v ;FDFgI N[BZ[B G]\  S], 269908241896233939","371 .HG[Z 0L5F8""D[g8 v ;FDFgI N[BZ[B G]\  S], 269908241896233939149382124639"
2006-07,38401,ROADS STREETS AND PAVEMENTS (rev exp),143,381,"Z:TF4 U,LVM4 O]85FY","38401 Z:TF U,LVM TYF O}85FY     25950   24445   19945   15029    16246"
2006-07,38407,FOOT-PATH PAVEMENTS (rev exp),143,381,"Z:TF4 U,LVM4 O]85FY",38407 O}85FY s5[JD[g8f      2950    3250    3050    1487     2095
2006-07,38413,POLE PAVEMENTS (rev exp),143,381,"Z:TF4 U,LVM4 O]85FY",38413 5M/ 5[JD[g8       770     475     675       3      136
2006-07,DEPT381,DEPT TOTAL,143,381,"Z:TF4 U,LVM4 O]85FY G]\  S], 196334176770150170132619129638","381 Z:TF4 U,LVM4 O]85FY G]\  S], 196334176770150170132619129638"
2006-07,DEPT382,DEPT TOTAL,143,382,"5],M G]\  S], 120029008003240","382 5],M G]\  S], 120029008003240"
2006-07,DEPT371,DEPT TOTAL,166,371,".HG[Z 0L5F8""D[g8 v ;FDFgI N[BZ[B G]\  S], 423800197200315500","371 .HG[Z 0L5F8""D[g8 v ;FDFgI N[BZ[B G]\  S], 42380019720031550020744052831"
2006-07,64401,ROADS AND STREETS RESURFACING (capex),166,381,"Z:TF4 U,LVM4 O]85FY","64401 Z:TF4 U,L v ZL;ZO[.;ÄU      5000   25000   15000    9369     1122"
2006-07,64406,ROADS AND STREETS - GENERAL (capex),166,381,"Z:TF4 U,LVM4 O]85FY","64406 Z:TF4 U,L4 HGZ,     27500   15000   75000    9210        0"
2006-07,64407,FOOTPATH AND PAVEMENTS (capex),166,381,"Z:TF4 U,LVM4 O]85FY",64407 O]85FY4 5[JD[g8         0       0    5000       0      447
2006-07,64414,TRAFFIC CONTROL BLOCK (capex),166,381,"Z:TF4 U,LVM4 O]85FY","64414 8=FOLS Sg8=M, a,MÉ;     10000    2645    8145       0     1242"
2006-07,DEPT381,DEPT TOTAL,166,381,"Z:TF4 U,LVM4 O]85FY G]\  S], 5850049245119495387121483","381 Z:TF4 U,LVM4 O]85FY G]\  S], 5850049245119495387121483"
2006-07,64402,OTHER BRIDGES (capex),166,382,"5],M","64402 VgI 5],     17500   20000  320000       0      372"
2006-07,DEPT382,DEPT TOTAL,166,382,"5],M G]\  S], 17500200005900002251208","382 5],M G]\  S], 17500200005900002251208"
2006-07,64402,OTHER BRIDGES (capex),169,953,";M,L0 J[:8 D[G[HD[g8 ÝMH[É8","64402 VgI 5],         0       0       0       0     1696"
2006-07,64406,ROADS AND STREETS - GENERAL (capex),169,953,";M,L0 J[:8 D[G[HD[g8 ÝMH[É8","64406 Z:TF4 U,L4 HGZ,         0       0       0     380     1132"
2006-07,64401,ROADS AND STREETS RESURFACING (capex),170,962,"!5 SZM0GF hMG, JS"";","64401 Z:TF4 U,L v ZL;ZO[.;ÄU     61050   47818   57343       0     1855"
2006-07,64406,ROADS AND STREETS - GENERAL (capex),170,962,"!5 SZM0GF hMG, JS"";","64406 Z:TF4 U,L4 HGZ,    257945  170335  189585   83341    89421"
2006-07,64407,FOOTPATH AND PAVEMENTS (capex),170,962,"!5 SZM0GF hMG, JS"";",64407 O]85FY4 5[JD[g8     11500   31048   49348   20505    17339
2006-07,64414,TRAFFIC CONTROL BLOCK (capex),170,962,"!5 SZM0GF hMG, JS"";","64414 8=FOLS Sg8=M, a,MÉ;      5500    4550   10450    8534      989"
2006-07,DEPT962,DEPT TOTAL,170,962,"!5 SZM0GF hMG, JS""; G]\  S], 589612478746709063218451240992","962 !5 SZM0GF hMG, JS""; G]\  S], 589612478746709063218451240992"
2006-07,DEPT963,DEPT TOTAL,171,963,"8LP;LPVF>P0LPV[;P 5|MH[É8 G]\  S], 14500049517162862503370","963 8LP;LPVF>P0LPV[;P 5|MH[É8 G]\  S], 14500049517162862503370"
2006-07,64402,OTHER BRIDGES (capex),171,964,8[1F O|L AMg0vZ__#,"64402 VgI 5],    150000   50000  130000       0     7489"
2006-07,DEPT964,DEPT TOTAL,171,964,"8[1F O|L AMg0vZ__# G]\  S], 39000022500047000074890","964 8[1F O|L AMg0vZ__# G]\  S], 39000022500047000074890"
2006-07,64406,ROADS AND STREETS - GENERAL (capex),171,965,GJL 8LP%FL P :SLDDF\ DF/BFUT ;]lJWFVM,"64406 Z:TF4 U,L4 HGZ,         0       0   20000       0        0"
2006-07,DEPT965,DEPT TOTAL,171,965,GJL 8LP%FL P :SLDDF\ DF/BFUT ;]lJWFVM G]\ 004000000,965 GJL 8LP%FL P :SLDDF\ DF/BFUT ;]lJWFVM G]\ 004000000
2006-07,64406,ROADS AND STREETS - GENERAL (capex),171,966,8[1F O|L AMg0vZ__$,"64406 Z:TF4 U,L4 HGZ,    988700   90000       0       0        0"
2006-07,64407,FOOTPATH AND PAVEMENTS (capex),171,966,8[1F O|L AMg0vZ__$,64407 O]85FY4 5[JD[g8    200000   50000       0       0        0
2006-07,DEPT966,DEPT TOTAL,171,966,"8[1F O|L AMg0vZ__$ G]\  S], 1558800205000000","966 8[1F O|L AMg0vZ__$ G]\  S], 1558800205000000"
2006-07,DEPT967,DEPT TOTAL,171,967,"VA""G .gËF:8=ÉRZ ÝMH[É8 G]\  S], 311250060000000","967 VA""G .gËF:8=ÉRZ ÝMH[É8 G]\  S], 311250060000000"
2006-07,DEPT371,DEPT TOTAL,173,371,".HG[Z 0L5F8""D[g8 v ;FDFgI N[BZ[B G]\  S], 000149519317","371 .HG[Z 0L5F8""D[g8 v ;FDFgI N[BZ[B G]\  S], 000149519317"
2006-07,DEPT381,DEPT TOTAL,173,381,"Z:TF4 U,LVM4 O]85FY G]\  S], 0001785100","381 Z:TF4 U,LVM4 O]85FY G]\  S], 0001785100"
2006-07,DEPT963,DEPT TOTAL,174,963,"8LP;LPVF>P0LPV[;P 5|MH[É8 G]\  S], 1450006000016286200","963 8LP;LPVF>P0LPV[;P 5|MH[É8 G]\  S], 1450006000016286200"
2006-07,DEPT967,DEPT TOTAL,174,967,"VA""G .gËF:8=ÉRZ ÝMH[É8 G]\  S], 15000000000","967 VA""G .gËF:8=ÉRZ ÝMH[É8 G]\  S], 15000000000"
2007-08,64407,FOOTPATH AND PAVEMENTS (capex),52,141,(yuV) yLJgu,3.3.3.3.3. ðtuxh rzMxÙeçÞwþ™ y™u …k…e„ Mxuþ™tuðtuxh rzMxÙeçÞwþ™ y™u …k…e„ Mxuþ™tuðtuxh rzMxÙeçÞwþ™ y™u …k…e„ Mxuþ™tuðtuxh rzMxÙeçÞwþ™ y™u …k…e„ Mxuþ™tuðtuxh rzMxÙeçÞwþ™ y™u …k…e„ Mxuþ™tu 4407.264407.264407.264407.264407.26 1489.801489.801489.801489.801489.80
2007-08,23306,PENALTY RECOVERED FROM CONTRACTORS (rev inc),117,153,";[g8=, JS""XM5vDLS[GLS, :8M;""","23306 SMg8=FÉ8;"" 5F;[YL D/[, N\0GL VFJS        20       25       25       0        0"
2007-08,23306,PENALTY RECOVERED FROM CONTRACTORS (rev inc),118,153,";[g8=, JS""XM5vDLS[GLS, :8M;""","23306 SMg8=FÉ8;"" 5F;[YL D/[, N\0GL VFJS       100      100      100     156      166"
2007-08,23306,PENALTY RECOVERED FROM CONTRACTORS (rev inc),120,301,A\AF BFT] sOFIZ lA|U[0f,"23306 SMg8=FÉ8;"" 5F;[YL D/[, N\0GL VFJS         0        0        0      60        0"
2007-08,23306,PENALTY RECOVERED FROM CONTRACTORS (rev inc),121,304,SMdI]GLS[XG  lJEFU,"23306 SMg8=FÉ8;"" 5F;[YL D/[, N\0GL VFJS         0       50       50       0        0"
2007-08,23306,PENALTY RECOVERED FROM CONTRACTORS (rev inc),122,352,XC[ZGF SRZM p5F0JF v Z[O–]h,"23306 SMg8=FÉ8;"" 5F;[YL D/[, N\0GL VFJS        10       10       10       0      448"
2007-08,23306,PENALTY RECOVERED FROM CONTRACTORS (rev inc),123,371,".HG[Z 0L5F8""D[g8 v ;FDFgI N[BZ[B","23306 SMg8=FÉ8;"" 5F;[YL D/[, N\0GL VFJS        50       50       50      82        3"
2007-08,23311,COST OF WORK DONE ON CAPITAL A/C LSR (rev inc),123,371,".HG[Z 0L5F8""D[g8 v ;FDFgI N[BZ[B","23311 ,MG :8FO ZLSJZL sV[,PV[;PVFZf     22500    21500    21500   19782    21444"
2007-08,DEPT371,DEPT TOTAL,123,371,".HG[Z 0L5F8""D[g8 v ;FDFgI N[BZ[B G]\  S], 351653566533465493","371 .HG[Z 0L5F8""D[g8 v ;FDFgI N[BZ[B G]\  S], 3516535665334654932130752"
2007-08,10301,"VEHICLE TAX (rev inc, dept 381)",123,381,"Z:TF4 U,LVM4 O]85FY",10301 JFCG 8[Ù    100000    80000    80000   63830    76523
2007-08,13423,ROAD CUT RESTORATION CHARGES (rev inc),123,381,"Z:TF4 U,LVM4 O]85FY",13423 Z:TF S5FT 5]Go :YF5G OL     24000    23000     8000    7177    28283
2007-08,DEPT381,DEPT TOTAL,123,381,"Z:TF4 U,LVM4 O]85FY G]\  S], 1251421041428914210584872098","381 Z:TF4 U,LVM4 O]85FY G]\  S], 1251421041428914210584872098"
2007-08,23306,PENALTY RECOVERED FROM CONTRACTORS (rev inc),124,411,-MZ +F; V\S]X lJEFU s;LPV[GP;LP0LPf,"23306 SMg8=FÉ8;"" 5F;[YL D/[, N\0GL VFJS        10       10       10       0       27"
2007-08,23306,PENALTY RECOVERED FROM CONTRACTORS (rev inc),127,609,h],"23306 SMg8=FÉ8;"" 5F;[YL D/[, N\0GL VFJS         0        0        0       0        1"
2007-08,DEPT371,DEPT TOTAL,156,371,".HG[Z 0L5F8""D[g8 v ;FDFgI N[BZ[B G]\  S], 371065312580269908","371 .HG[Z 0L5F8""D[g8 v ;FDFgI N[BZ[B G]\  S], 371065312580269908193008149382"
2007-08,38401,ROADS STREETS AND PAVEMENTS (rev exp),156,381,"Z:TF4 U,LVM4 O]85FY","38401 Z:TF U,LVM TYF O}85FY     33700    27450    25950   16246    19608"
2007-08,38407,FOOT-PATH PAVEMENTS (rev exp),156,381,"Z:TF4 U,LVM4 O]85FY",38407 O}85FY s5[JD[g8f      3900     3050     2950    2095     2083
2007-08,38413,POLE PAVEMENTS (rev exp),156,381,"Z:TF4 U,LVM4 O]85FY",38413 5M/ 5[JD[g8       875      450      770     136      259
2007-08,DEPT381,DEPT TOTAL,156,381,"Z:TF4 U,LVM4 O]85FY G]\  S], 160375143914196334174173132619","381 Z:TF4 U,LVM4 O]85FY G]\  S], 160375143914196334174173132619"
2007-08,DEPT382,DEPT TOTAL,156,382,"5],M G]\  S], 1930120012002730324","382 5],M G]\  S], 1930120012002730324"
2007-08,DEPT371,DEPT TOTAL,182,371,".HG[Z 0L5F8""D[g8 v ;FDFgI N[BZ[B G]\  S], 367869194221423800","371 .HG[Z 0L5F8""D[g8 v ;FDFgI N[BZ[B G]\  S], 367869194221423800158826207440"
2007-08,64401,ROADS AND STREETS RESURFACING (capex),182,381,"Z:TF4 U,LVM4 O]85FY","64401 Z:TF4 U,L v ZL;ZO[.;ÄU      5000     5000     5000    1122     3274"
2007-08,64406,ROADS AND STREETS - GENERAL (capex),182,381,"Z:TF4 U,LVM4 O]85FY","64406 Z:TF4 U,L4 HGZ,    155000    17500    27500       0     2939"
2007-08,64407,FOOTPATH AND PAVEMENTS (capex),182,381,"Z:TF4 U,LVM4 O]85FY",64407 O]85FY4 5[JD[g8         0        0        0     447        0
2007-08,64414,TRAFFIC CONTROL BLOCK (capex),182,381,"Z:TF4 U,LVM4 O]85FY","64414 8=FOLS Sg8=M, a,MÉ;      5000     5000    10000    1242      575"
2007-08,DEPT381,DEPT TOTAL,182,381,"Z:TF4 U,LVM4 O]85FY G]\  S], 182000354505850081413871","381 Z:TF4 U,LVM4 O]85FY G]\  S], 182000354505850081413871"
2007-08,64402,OTHER BRIDGES (capex),182,382,"5],M","64402 VgI 5],     45920    22500    17500     372     9892"
2007-08,DEPT382,DEPT TOTAL,182,382,"5],M G]\  S], 459202250017500102662251","382 5],M G]\  S], 459202250017500102662251"
2007-08,64402,OTHER BRIDGES (capex),185,953,";M,L0 J[:8 D[G[HD[g8 ÝMH[É8","64402 VgI 5],         0        0        0    1696        0"
2007-08,64406,ROADS AND STREETS - GENERAL (capex),185,953,";M,L0 J[:8 D[G[HD[g8 ÝMH[É8","64406 Z:TF4 U,L4 HGZ,         0        0        0    1132        0"
2007-08,64401,ROADS AND STREETS RESURFACING (capex),186,962,"!5 SZM0GF hMG, JS"";","64401 Z:TF4 U,L v ZL;ZO[.;ÄU    162287    52671    61050    1855    22145"
2007-08,64402,OTHER BRIDGES (capex),187,962,"!5 SZM0GF hMG, JS"";","64402 VgI 5],      4000        0        0       0        0"
2007-08,64406,ROADS AND STREETS - GENERAL (capex),187,962,"!5 SZM0GF hMG, JS"";","64406 Z:TF4 U,L4 HGZ,    639371   238145   257945   89421   127701"
2007-08,64407,FOOTPATH AND PAVEMENTS (capex),187,962,"!5 SZM0GF hMG, JS"";",64407 O]85FY4 5[JD[g8     47149    35200    11500   17339    16931
2007-08,64414,TRAFFIC CONTROL BLOCK (capex),187,962,"!5 SZM0GF hMG, JS"";","64414 8=FOLS Sg8=M, a,MÉ;      3779     8500     5500     989      230"
2007-08,DEPT962,DEPT TOTAL,187,962,"!5 SZM0GF hMG, JS""; G]\  S], 1825274595966589612312219218451","962 !5 SZM0GF hMG, JS""; G]\  S], 1825274595966589612312219218451"
2007-08,DEPT963,DEPT TOTAL,187,963,"8LP;LPVF>P0LPV[;P 5|MH[É8 G]\  S], 1050005000014500038563503","963 8LP;LPVF>P0LPV[;P 5|MH[É8 G]\  S], 105000500001450003856350337"
2007-08,64402,OTHER BRIDGES (capex),187,964,8[1F O|L AMg0vZ__#,"64402 VgI 5],    160000    90000   150000    7489     8351"
2007-08,DEPT964,DEPT TOTAL,187,964,"8[1F O|L AMg0vZ__# G]\  S], 348060740000390000572537489","964 8[1F O|L AMg0vZ__# G]\  S], 348060740000390000572537489"
2007-08,64402,OTHER BRIDGES (capex),187,966,8[1F O|L AMg0vZ__$,"64402 VgI 5],    330400    45000        0       0        0"
2007-08,64406,ROADS AND STREETS - GENERAL (capex),187,966,8[1F O|L AMg0vZ__$,"64406 Z:TF4 U,L4 HGZ,    700000   218700   988700       0    20101"
2007-08,64407,FOOTPATH AND PAVEMENTS (capex),187,966,8[1F O|L AMg0vZ__$,64407 O]85FY4 5[JD[g8    120302   120000   200000       0      682
2007-08,DEPT966,DEPT TOTAL,187,966,"8[1F O|L AMg0vZ__$ G]\  S], 11617024263001558800242250","966 8[1F O|L AMg0vZ__$ G]\  S], 11617024263001558800242250"
2007-08,64402,OTHER BRIDGES (capex),188,967,"VA""G .gËF:8=ÉRZ ÝMH[É8","64402 VgI 5],    880000        0        0       0        0"
2007-08,DEPT967,DEPT TOTAL,188,967,"VA""G .gËF:8=ÉRZ ÝMH[É8 G]\  S], 6209700349500311250048250","967 VA""G .gËF:8=ÉRZ ÝMH[É8 G]\  S], 6209700349500311250048250"
2007-08,DEPT371,DEPT TOTAL,191,371,".HG[Z 0L5F8""D[g8 v ;FDFgI N[BZ[B G]\  S], 00001495","371 .HG[Z 0L5F8""D[g8 v ;FDFgI N[BZ[B G]\  S], 00001495"
2007-08,DEPT381,DEPT TOTAL,191,381,"Z:TF4 U,LVM4 O]85FY G]\  S], 0001671785","381 Z:TF4 U,LVM4 O]85FY G]\  S], 0001671785"
2007-08,DEPT963,DEPT TOTAL,192,963,"8LP;LPVF>P0LPV[;P 5|MH[É8 G]\  S], 10500050000145000490590","963 8LP;LPVF>P0LPV[;P 5|MH[É8 G]\  S], 10500050000145000490590"
2007-08,DEPT967,DEPT TOTAL,192,967,"VA""G .gËF:8=ÉRZ ÝMH[É8 G]\  S], 3000000440000150000000","967 VA""G .gËF:8=ÉRZ ÝMH[É8 G]\  S], 3000000440000150000000"
2008-09,23306,PENALTY RECOVERED FROM CONTRACTORS (rev inc),145,153,";[g8=, JS""XM5vDLS[GLS, :8M;""","23306 SMg8=FÉ8;"" 5F;[YL D/[, N\0GL VFJS 10202005"
2008-09,23306,PENALTY RECOVERED FROM CONTRACTORS (rev inc),145,153,";[g8=, JS""XM5vDLS[GLS, :8M;""","23306 SMg8=FÉ8;"" 5F;[YL D/[, N\0GL VFJS 0100100166 601"
2008-09,23306,PENALTY RECOVERED FROM CONTRACTORS (rev inc),149,352,XC[ZGF SRZM p5F0JF v Z[O–]h,"23306 SMg8=FÉ8;"" 5F;[YL D/[, N\0GL VFJS 421010448 2096"
2008-09,23306,PENALTY RECOVERED FROM CONTRACTORS (rev inc),150,371,".HG[Z 0L5F8""D[g8 v ;FDFgI N[BZ[B","23306 SMg8=FÉ8;"" 5F;[YL D/[, N\0GL VFJS 50505031 3"
2008-09,23311,COST OF WORK DONE ON CAPITAL A/C LSR (rev inc),150,371,".HG[Z 0L5F8""D[g8 v ;FDFgI N[BZ[B","23311 ,MG :8FO ZLSJZL sV[,PV[;PVFZf 1200001700002250021444 54832"
2008-09,DEPT371,DEPT TOTAL,150,371,".HG[Z 0L5F8""D[g8 v ;FDFgI N[BZ[B G]\  S], 132865182665351651","371 .HG[Z 0L5F8""D[g8 v ;FDFgI N[BZ[B G]\  S], 1328651826653516511900149321"
2008-09,10301,"VEHICLE TAX (rev inc, dept 381)",150,381,"Z:TF4 U,LVM4 O]85FY",10301 JFCG 8[Ù 1500008000010000076523 79078
2008-09,13423,ROAD CUT RESTORATION CHARGES (rev inc),150,381,"Z:TF4 U,LVM4 O]85FY",13423 Z:TF S5FT 5]Go :YF5G OL 52500520002400028283 35388
2008-09,DEPT381,DEPT TOTAL,150,381,"Z:TF4 U,LVM4 O]85FY G]\  S], 203642133142125142115509105848","381 Z:TF4 U,LVM4 O]85FY G]\  S], 203642133142125142115509105848"
2008-09,23306,PENALTY RECOVERED FROM CONTRACTORS (rev inc),151,411,-MZ +F; V\S]X lJEFU s;LPV[GP;LP0LPf,"23306 SMg8=FÉ8;"" 5F;[YL D/[, N\0GL VFJS 10101027 0"
2008-09,23306,PENALTY RECOVERED FROM CONTRACTORS (rev inc),154,609,h],"23306 SMg8=FÉ8;"" 5F;[YL D/[, N\0GL VFJS 00015"
2008-09,DEPT371,DEPT TOTAL,179,371,".HG[Z 0L5F8""D[g8 v ;FDFgI N[BZ[B G]\  S], 446175402690371065","371 .HG[Z 0L5F8""D[g8 v ;FDFgI N[BZ[B G]\  S], 446175402690371065251007193008"
2008-09,38401,ROADS STREETS AND PAVEMENTS (rev exp),179,381,"Z:TF4 U,LVM4 O]85FY","38401 Z:TF U,LVM TYF O}85FY 36200355003370019608 24140"
2008-09,38407,FOOT-PATH PAVEMENTS (rev exp),179,381,"Z:TF4 U,LVM4 O]85FY",38407 O}85FY s5[JD[g8f 3500445039002083 2012
2008-09,38413,POLE PAVEMENTS (rev exp),179,381,"Z:TF4 U,LVM4 O]85FY",38413 5M/ 5[JD[g8 1050775875259 93
2008-09,DEPT381,DEPT TOTAL,179,381,"Z:TF4 U,LVM4 O]85FY G]\  S], 163350157625160375133121174173","381 Z:TF4 U,LVM4 O]85FY G]\  S], 163350157625160375133121174173"
2008-09,DEPT382,DEPT TOTAL,180,382,"5],M G]\  S], 12001200193011972730","382 5],M G]\  S], 12001200193011972730"
2008-09,DEPT371,DEPT TOTAL,201,371,".HG[Z 0L5F8""D[g8 v ;FDFgI N[BZ[B G]\  S], 632800240202367869","371 .HG[Z 0L5F8""D[g8 v ;FDFgI N[BZ[B G]\  S], 632800240202367869104865158826"
2008-09,64401,ROADS AND STREETS RESURFACING (capex),201,381,"Z:TF4 U,LVM4 O]85FY","64401 Z:TF4 U,L v ZL;ZO[.;ÄU 10000500050003274 4430"
2008-09,64406,ROADS AND STREETS - GENERAL (capex),202,381,"Z:TF4 U,LVM4 O]85FY","64406 Z:TF4 U,L4 HGZ, 308000450001550002939 3204"
2008-09,64414,TRAFFIC CONTROL BLOCK (capex),202,381,"Z:TF4 U,LVM4 O]85FY","64414 8=FOLS Sg8=M, a,MÉ; 2483550005000575 649"
2008-09,DEPT381,DEPT TOTAL,202,381,"Z:TF4 U,LVM4 O]85FY G]\  S], 3813357050018200088458141","381 Z:TF4 U,LVM4 O]85FY G]\  S], 3813357050018200088458141"
2008-09,64402,OTHER BRIDGES (capex),202,382,"5],M","64402 VgI 5], 68000022920459209892 12791"
2008-09,DEPT382,DEPT TOTAL,202,382,"5],M G]\  S], 68000022920459201279110266","382 5],M G]\  S], 68000022920459201279110266"
2008-09,64401,ROADS AND STREETS RESURFACING (capex),205,962,"!5 SZM0GF hMG, JS"";","64401 Z:TF4 U,L v ZL;ZO[.;ÄU 45772014848716228722145 34165"
2008-09,64402,OTHER BRIDGES (capex),205,962,"!5 SZM0GF hMG, JS"";","64402 VgI 5], 40000400000"
2008-09,64406,ROADS AND STREETS - GENERAL (capex),205,962,"!5 SZM0GF hMG, JS"";","64406 Z:TF4 U,L4 HGZ, 522286362626639371127701 185300"
2008-09,64407,FOOTPATH AND PAVEMENTS (capex),205,962,"!5 SZM0GF hMG, JS"";",64407 O]85FY4 5[JD[g8 142400320494714916931 21129
2008-09,64414,TRAFFIC CONTROL BLOCK (capex),205,962,"!5 SZM0GF hMG, JS"";","64414 8=FOLS Sg8=M, a,MÉ; 377925573779230 2170"
2008-09,DEPT962,DEPT TOTAL,206,962,"!5 SZM0GF hMG, JS""; G]\  S], 2462051968546182527444012731221","962 !5 SZM0GF hMG, JS""; G]\  S], 24620519685461825274440127312219"
2008-09,DEPT963,DEPT TOTAL,206,963,"8LP;LPVF>P0LPV[;P 5|MH[É8 G]\  S], 6500045000105000648933856","963 8LP;LPVF>P0LPV[;P 5|MH[É8 G]\  S], 65000450001050006489338563"
2008-09,64402,OTHER BRIDGES (capex),206,964,8[1F O|L AMg0vZ__#,"64402 VgI 5], 89200878001600008351 61616"
2008-09,DEPT964,DEPT TOTAL,206,964,"8[1F O|L AMg0vZ__# G]\  S], 13920013586034806052226857253","964 8[1F O|L AMg0vZ__# G]\  S], 13920013586034806052226857253"
2008-09,64402,OTHER BRIDGES (capex),206,966,8[1F O|L AMg0vZ__$,"64402 VgI 5], 46000016500033040006 5 5"
2008-09,64406,ROADS AND STREETS - GENERAL (capex),206,966,8[1F O|L AMg0vZ__$,"64406 Z:TF4 U,L4 HGZ, 39000022000070000020101 143437"
2008-09,64407,FOOTPATH AND PAVEMENTS (capex),206,966,8[1F O|L AMg0vZ__$,64407 O]85FY4 5[JD[g8 3250058500120302682 67990
2008-09,DEPT966,DEPT TOTAL,206,966,"8[1F O|L AMg0vZ__$ G]\  S], 884500463500116170223679524225","966 8[1F O|L AMg0vZ__$ G]\  S], 884500463500116170223679524225"
2008-09,64402,OTHER BRIDGES (capex),206,967,"VA""G .gËF:8=ÉRZ ÝMH[É8","64402 VgI 5], 30600016000088000000"
2008-09,DEPT967,DEPT TOTAL,207,967,"VA""G .gËF:8=ÉRZ ÝMH[É8 G]\  S], 9791100241910062097008614248","967 VA""G .gËF:8=ÉRZ ÝMH[É8 G]\  S], 979110024191006209700861424825"
2008-09,86244,40% PUBLIC CONTRIB FOR ROADS (cap inc),210,381,"Z:TF4 U,LVM4 O]85FY","86244 $_@GF BR["" Z:TF SZJF 1000000 440"
2008-09,DEPT381,DEPT TOTAL,210,381,"Z:TF4 U,LVM4 O]85FY G]\  S], 2500001057167","381 Z:TF4 U,LVM4 O]85FY G]\  S], 2500001057167"
2008-09,DEPT963,DEPT TOTAL,211,963,"8LP;LPVF>P0LPV[;P 5|MH[É8 G]\  S], 40000105000105000049059","963 8LP;LPVF>P0LPV[;P 5|MH[É8 G]\  S], 40000105000105000049059"
2008-09,DEPT967,DEPT TOTAL,211,967,"VA""G .gËF:8=ÉRZ ÝMH[É8 G]\  S], 5039900155650030000003364160","967 VA""G .gËF:8=ÉRZ ÝMH[É8 G]\  S], 5039900155650030000003364160"
2009-10,23306,PENALTY RECOVERED FROM CONTRACTORS (rev inc),133,153,";[g8=, JS""XM5vDLS[GLS, :8M;""","23306 SMg8=FÉ8;"" 5F;[YL D/[, N\0GL VFJS 12101050"
2009-10,23306,PENALTY RECOVERED FROM CONTRACTORS (rev inc),134,153,";[g8=, JS""XM5vDLS[GLS, :8M;""","23306 SMg8=FÉ8;"" 5F;[YL D/[, N\0GL VFJS 000601 323"
2009-10,23306,PENALTY RECOVERED FROM CONTRACTORS (rev inc),135,204,"V[ßI]S[XG ;[; 0L5F8""D[g8","23306 SMg8=FÉ8;"" 5F;[YL D/[, N\0GL VFJS 0000 308"
2009-10,23306,PENALTY RECOVERED FROM CONTRACTORS (rev inc),138,351,Z:TF ;FO SZJF,"23306 SMg8=FÉ8;"" 5F;[YL D/[, N\0GL VFJS 4000400000 4063"
2009-10,23306,PENALTY RECOVERED FROM CONTRACTORS (rev inc),138,352,XC[ZGF SRZM p5F0JF v Z[O–]h,"23306 SMg8=FÉ8;"" 5F;[YL D/[, N\0GL VFJS 800700422096 440"
2009-10,23306,PENALTY RECOVERED FROM CONTRACTORS (rev inc),138,371,".HG[Z 0L5F8""D[g8 v ;FDFgI N[BZ[B","23306 SMg8=FÉ8;"" 5F;[YL D/[, N\0GL VFJS 50505013 170"
2009-10,23311,COST OF WORK DONE ON CAPITAL A/C LSR (rev inc),139,371,".HG[Z 0L5F8""D[g8 v ;FDFgI N[BZ[B","23311 ,MG :8FO ZLSJZL sV[,PV[;PVFZf 15000012000012000054832 188949"
2009-10,DEPT371,DEPT TOTAL,139,371,".HG[Z 0L5F8""D[g8 v ;FDFgI N[BZ[B G]\ 16635013336513286526533","371 .HG[Z 0L5F8""D[g8 v ;FDFgI N[BZ[B G]\ 166350133365132865265332119001"
2009-10,10301,"VEHICLE TAX (rev inc, dept 381)",139,381,"Z:TF4 U,LVM4 O]85FY",10301 JFCG 8[Ù 20000016000015000079078 61144
2009-10,13423,ROAD CUT RESTORATION CHARGES (rev inc),139,381,"Z:TF4 U,LVM4 O]85FY",13423 Z:TF S5FT 5]Go :YF5G OL 1250001175005250035388 135078
2009-10,DEPT381,DEPT TOTAL,139,381,"Z:TF4 U,LVM4 O]85FY G]\  S], 329030281430203642200003115509","381 Z:TF4 U,LVM4 O]85FY G]\  S], 329030281430203642200003115509"
2009-10,23306,PENALTY RECOVERED FROM CONTRACTORS (rev inc),140,411,-MZ +F; V\S]X lJEFU,"23306 SMg8=FÉ8;"" 5F;[YL D/[, N\0GL VFJS 0101000"
2009-10,23306,PENALTY RECOVERED FROM CONTRACTORS (rev inc),143,609,h],"23306 SMg8=FÉ8;"" 5F;[YL D/[, N\0GL VFJS 00050"
2009-10,DEPT371,DEPT TOTAL,168,371,".HG[Z 0L5F8""D[g8 v ;FDFgI N[BZ[B G]\ 48942544237544617536154","371 .HG[Z 0L5F8""D[g8 v ;FDFgI N[BZ[B G]\ 489425442375446175361544251007"
2009-10,38401,ROADS STREETS AND PAVEMENTS (rev exp),168,381,"Z:TF4 U,LVM4 O]85FY","38401 Z:TF U,LVM TYF O}85FY 54000536003620024140 32209"
2009-10,38407,FOOT-PATH PAVEMENTS (rev exp),168,381,"Z:TF4 U,LVM4 O]85FY",38407 O}85FY s5[JD[g8f 4600370035002012 2128
2009-10,38413,POLE PAVEMENTS (rev exp),168,381,"Z:TF4 U,LVM4 O]85FY",38413 5M/ 5[JD[g8 1250950105093 293
2009-10,DEPT381,DEPT TOTAL,168,381,"Z:TF4 U,LVM4 O]85FY G]\  S], 194600181100163350154269133121","381 Z:TF4 U,LVM4 O]85FY G]\  S], 194600181100163350154269133121"
2009-10,DEPT382,DEPT TOTAL,169,382,"5],M G]\  S], 6006001200791197","382 5],M G]\  S], 6006001200791197"
2009-10,DEPT371,DEPT TOTAL,192,371,".HG[Z 0L5F8""D[g8 v ;FDFgI N[BZ[B G]\ 74000025915063280014354","371 .HG[Z 0L5F8""D[g8 v ;FDFgI N[BZ[B G]\ 740000259150632800143548104865"
2009-10,64401,ROADS AND STREETS RESURFACING (capex),192,381,"Z:TF4 U,LVM4 O]85FY","64401 Z:TF4 U,L v ZL;ZO[.;ÄU 5200002500100004430 1165"
2009-10,64406,ROADS AND STREETS - GENERAL (capex),192,381,"Z:TF4 U,LVM4 O]85FY","64406 Z:TF4 U,L4 HGZ, 185000708003080003204 14796"
2009-10,64414,TRAFFIC CONTROL BLOCK (capex),192,381,"Z:TF4 U,LVM4 O]85FY","64414 8=FOLS Sg8=M, a,MÉ; 108000500024835649 841"
2009-10,DEPT381,DEPT TOTAL,192,381,"Z:TF4 U,LVM4 O]85FY G]\  S], 83250095300381335230228845","381 Z:TF4 U,LVM4 O]85FY G]\  S], 83250095300381335230228845"
2009-10,64402,OTHER BRIDGES (capex),192,382,"5],M","64402 VgI 5], 5430001750068000012791 11595"
2009-10,DEPT382,DEPT TOTAL,192,382,"5],M G]\  S], 543000175006800001159512791","382 5],M G]\  S], 543000175006800001159512791"
2009-10,64401,ROADS AND STREETS RESURFACING (capex),196,962,"hMG, S[5L8, JS"";","64401 Z:TF4 U,L v ZL;ZO[.;ÄU 97718046570045772034165 80810"
2009-10,64402,OTHER BRIDGES (capex),196,962,"hMG, S[5L8, JS"";","64402 VgI 5], 0040000 1725"
2009-10,64406,ROADS AND STREETS - GENERAL (capex),196,962,"hMG, S[5L8, JS"";","64406 Z:TF4 U,L4 HGZ, 582400334799522286185300 327129"
2009-10,64407,FOOTPATH AND PAVEMENTS (capex),196,962,"hMG, S[5L8, JS"";",64407 O]85FY4 5[JD[g8 1662007520014240021129 21759
2009-10,64414,TRAFFIC CONTROL BLOCK (capex),196,962,"hMG, S[5L8, JS"";","64414 8=FOLS Sg8=M, a,MÉ; 500125037792170 835"
2009-10,DEPT962,DEPT TOTAL,196,962,"hMG, S[5L8, JS""; G]\  S], 374076015827642462051720771440127","962 hMG, S[5L8, JS""; G]\  S], 374076015827642462051720771440127"
2009-10,DEPT963,DEPT TOTAL,196,963,"8LP;LPVF>P0LPV[;P 5|MH[É8 G]\  S], 500020000650001626464893","963 8LP;LPVF>P0LPV[;P 5|MH[É8 G]\  S], 500020000650001626464893"
2009-10,64402,OTHER BRIDGES (capex),196,964,8[1F O|L AMg0vZ__#,"64402 VgI 5], 73500430008920061616 47805"
2009-10,DEPT964,DEPT TOTAL,197,964,"8[1F O|L AMg0vZ__# G]\  S], 735004300013920058228522268","964 8[1F O|L AMg0vZ__# G]\  S], 735004300013920058228522268"
2009-10,64402,OTHER BRIDGES (capex),197,966,8[1F O|L AMg0vZ__$,"64402 VgI 5], 415400225600460000655 61817"
2009-10,64406,ROADS AND STREETS - GENERAL (capex),197,966,8[1F O|L AMg0vZ__$,"64406 Z:TF4 U,L4 HGZ, 175000495000390000143437 125491"
2009-10,64407,FOOTPATH AND PAVEMENTS (capex),197,966,8[1F O|L AMg0vZ__$,64407 O]85FY4 5[JD[g8 5000225003250067990 42502
2009-10,DEPT966,DEPT TOTAL,197,966,"8[1F O|L AMg0vZ__$ G]\  S], 597900745416884500243377236795","966 8[1F O|L AMg0vZ__$ G]\  S], 597900745416884500243377236795"
2009-10,64402,OTHER BRIDGES (capex),197,967,"VA""G .gËF:8=ÉRZ ÝMH[É8","64402 VgI 5], 4486002997003060000 166520"
2009-10,DEPT967,DEPT TOTAL,197,967,"VA""G .gËF:8=ÉRZ ÝMH[É8 G]\  S], 1076860056151009791100181642","967 VA""G .gËF:8=ÉRZ ÝMH[É8 G]\  S], 1076860056151009791100181642586142"
2009-10,86244,40% PUBLIC CONTRIB FOR ROADS (cap inc),200,381,"Z:TF4 U,LVM4 O]85FY","86244 $_@GF BR["" Z:TF SZJF 160010001000440 2626"
2009-10,DEPT381,DEPT TOTAL,200,381,"Z:TF4 U,LVM4 O]85FY G]\  S], 57252500250026281057","381 Z:TF4 U,LVM4 O]85FY G]\  S], 57252500250026281057"
2009-10,DEPT963,DEPT TOTAL,201,963,"8LP;LPVF>P0LPV[;P 5|MH[É8 G]\  S], 02000040000903570","963 8LP;LPVF>P0LPV[;P 5|MH[É8 G]\  S], 02000040000903570"
2009-10,DEPT967,DEPT TOTAL,201,967,"VA""G .gËF:8=ÉRZ ÝMH[É8 G]\  S], 5778900275285050399001683969","967 VA""G .gËF:8=ÉRZ ÝMH[É8 G]\  S], 5778900275285050399001683969336416"
2010-11,23306,PENALTY RECOVERED FROM CONTRACTORS (rev inc),156,153,";[g8=, JS""XM5vDLS[GLS, :8M;""","23306 SMg8=FÉ8;"" 5F;[YL D/[, N\0GL VFJS 20101202"
2010-11,23306,PENALTY RECOVERED FROM CONTRACTORS (rev inc),157,153,";[g8=, JS""XM5vDLS[GLS, :8M;""","23306 SMg8=FÉ8;"" 5F;[YL D/[, N\0GL VFJS 000323 0"
2010-11,23306,PENALTY RECOVERED FROM CONTRACTORS (rev inc),158,204,"V[ßI]S[XG ;[; 0L5F8""D[g8","23306 SMg8=FÉ8;"" 5F;[YL D/[, N\0GL VFJS 000308 0"
2010-11,23306,PENALTY RECOVERED FROM CONTRACTORS (rev inc),161,351,Z:TF ;FO SZJF,"23306 SMg8=FÉ8;"" 5F;[YL D/[, N\0GL VFJS 6000500040004063 5693"
2010-11,23306,PENALTY RECOVERED FROM CONTRACTORS (rev inc),161,352,XC[ZGF SRZM p5F0JF v Z[O–]h,"23306 SMg8=FÉ8;"" 5F;[YL D/[, N\0GL VFJS 12001000800440 839"
2010-11,23306,PENALTY RECOVERED FROM CONTRACTORS (rev inc),161,371,".HG[Z 0L5F8""D[g8 v ;FDFgI N[BZ[B","23306 SMg8=FÉ8;"" 5F;[YL D/[, N\0GL VFJS 70050050170 1499"
2010-11,23311,COST OF WORK DONE ON CAPITAL A/C LSR (rev inc),161,371,".HG[Z 0L5F8""D[g8 v ;FDFgI N[BZ[B","23311 ,MG :8FO ZLSJZL sV[,PV[;PVFZf 150000150000150000188949 101293"
2010-11,DEPT371,DEPT TOTAL,161,371,".HG[Z 0L5F8""D[g8 v ;FDFgI N[BZ[B G]\ 19550019170016635017271","371 .HG[Z 0L5F8""D[g8 v ;FDFgI N[BZ[B G]\ 195500191700166350172714265332"
2010-11,10301,"VEHICLE TAX (rev inc, dept 381)",161,381,"Z:TF4 U,LVM4 O]85FY",10301 JFCG 8[Ù 20000018000020000061144 154451
2010-11,13423,ROAD CUT RESTORATION CHARGES (rev inc),161,381,"Z:TF4 U,LVM4 O]85FY",13423 Z:TF S5FT 5]Go :YF5G OL 175000145000125000135078 102036
2010-11,DEPT381,DEPT TOTAL,161,381,"Z:TF4 U,LVM4 O]85FY G]\  S], 379030329030329030259898200003","381 Z:TF4 U,LVM4 O]85FY G]\  S], 379030329030329030259898200003"
2010-11,23306,PENALTY RECOVERED FROM CONTRACTORS (rev inc),165,609,h],"23306 SMg8=FÉ8;"" 5F;[YL D/[, N\0GL VFJS 50000"
2010-11,DEPT371,DEPT TOTAL,187,371,".HG[Z 0L5F8""D[g8 v ;FDFgI N[BZ[B G]\ 56377554220748942534023","371 .HG[Z 0L5F8""D[g8 v ;FDFgI N[BZ[B G]\ 563775542207489425340231361544"
2010-11,38401,ROADS STREETS AND PAVEMENTS (rev exp),188,381,"Z:TF4 U,LVM4 O]85FY","38401 Z:TF U,LVM TYF O}85FY 44500420005400032209 30660"
2010-11,38407,FOOT-PATH PAVEMENTS (rev exp),188,381,"Z:TF4 U,LVM4 O]85FY",38407 O}85FY s5[JD[g8f 5250300046002128 2289
2010-11,38413,POLE PAVEMENTS (rev exp),188,381,"Z:TF4 U,LVM4 O]85FY",38413 5M/ 5[JD[g8 150010001250293 576
2010-11,DEPT381,DEPT TOTAL,188,381,"Z:TF4 U,LVM4 O]85FY G]\  S], 285631250136194600149659154269","381 Z:TF4 U,LVM4 O]85FY G]\  S], 285631250136194600149659154269"
2010-11,DEPT382,DEPT TOTAL,188,382,"5],M G]\  S], 4003006009379","382 5],M G]\  S], 4003006009379"
2010-11,DEPT371,DEPT TOTAL,210,371,".HG[Z 0L5F8""D[g8 v ;FDFgI N[BZ[B G]\ 18410004193007400001405","371 .HG[Z 0L5F8""D[g8 v ;FDFgI N[BZ[B G]\ 1841000419300740000140595143548"
2010-11,64401,ROADS AND STREETS RESURFACING (capex),210,381,"Z:TF4 U,LVM4 O]85FY","64401 Z:TF4 U,L v ZL;ZO[.;ÄU 4360004400005200001165 471"
2010-11,64406,ROADS AND STREETS - GENERAL (capex),210,381,"Z:TF4 U,LVM4 O]85FY","64406 Z:TF4 U,L4 HGZ, 26000012000018500014796 35339"
2010-11,64414,TRAFFIC CONTROL BLOCK (capex),210,381,"Z:TF4 U,LVM4 O]85FY","64414 8=FOLS Sg8=M, a,MÉ; 5000020000108000841 1084"
2010-11,DEPT381,DEPT TOTAL,210,381,"Z:TF4 U,LVM4 O]85FY G]\  S], 7750005880008325004631323022","381 Z:TF4 U,LVM4 O]85FY G]\  S], 7750005880008325004631323022"
2010-11,64402,OTHER BRIDGES (capex),210,382,"5],M","64402 VgI 5], 38000040000054300011595 68984"
2010-11,DEPT382,DEPT TOTAL,210,382,"5],M G]\  S], 3800004000005430006898411595","382 5],M G]\  S], 3800004000005430006898411595"
2010-11,64401,ROADS AND STREETS RESURFACING (capex),214,962,"hMG, S[5L8, JS"";","64401 Z:TF4 U,L v ZL;ZO[.;ÄU 76532051710697718080810 354370"
2010-11,64402,OTHER BRIDGES (capex),214,962,"hMG, S[5L8, JS"";","64402 VgI 5], 0001725 0"
2010-11,64406,ROADS AND STREETS - GENERAL (capex),214,962,"hMG, S[5L8, JS"";","64406 Z:TF4 U,L4 HGZ, 671550489440582400327129 339006"
2010-11,64407,FOOTPATH AND PAVEMENTS (capex),214,962,"hMG, S[5L8, JS"";",64407 O]85FY4 5[JD[g8 23433012180016620021759 52758
2010-11,64414,TRAFFIC CONTROL BLOCK (capex),214,962,"hMG, S[5L8, JS"";","64414 8=FOLS Sg8=M, a,MÉ; 01000500835 2077"
2010-11,DEPT962,DEPT TOTAL,214,962,"hMG, S[5L8, JS""; G]\  S], 4088500217485937407601262385720771","962 hMG, S[5L8, JS""; G]\  S], 4088500217485937407601262385720771"
2010-11,DEPT963,DEPT TOTAL,214,963,"8LP;LPVF>P0LPV[;P 5|MH[É8 G]\  S], 005000777316264","963 8LP;LPVF>P0LPV[;P 5|MH[É8 G]\  S], 005000777316264"
2010-11,64402,OTHER BRIDGES (capex),214,964,8[1F O|L AMg0vZ__#,"64402 VgI 5], 0500007350047805 39942"
2010-11,DEPT964,DEPT TOTAL,214,964,"8[1F O|L AMg0vZ__# G]\  S], 050000735004357958228","964 8[1F O|L AMg0vZ__# G]\  S], 050000735004357958228"
2010-11,64402,OTHER BRIDGES (capex),214,966,8[1F O|L AMg0vZ__$,"64402 VgI 5], 10000025000041540061817 215274"
2010-11,64406,ROADS AND STREETS - GENERAL (capex),214,966,8[1F O|L AMg0vZ__$,"64406 Z:TF4 U,L4 HGZ, 0350000175000125491 481787"
2010-11,64407,FOOTPATH AND PAVEMENTS (capex),214,966,8[1F O|L AMg0vZ__$,64407 O]85FY4 5[JD[g8 05000500042502 18844
2010-11,DEPT966,DEPT TOTAL,214,966,"8[1F O|L AMg0vZ__$ G]\  S], 100000605000597900716343243377","966 8[1F O|L AMg0vZ__$ G]\  S], 100000605000597900716343243377"
2010-11,64402,OTHER BRIDGES (capex),215,967,"VA""G .gËF:8=ÉRZ ÝMH[É8","64402 VgI 5], 200000280000448600166520 282422"
2010-11,DEPT967,DEPT TOTAL,215,967,"VA""G .gËF:8=ÉRZ ÝMH[É8 G]\  S], 9767300858830010768600456568","967 VA""G .gËF:8=ÉRZ ÝMH[É8 G]\  S], 976730085883001076860045656811816425"
2010-11,86244,40% PUBLIC CONTRIB FOR ROADS (cap inc),218,381,"Z:TF4 U,LVM4 O]85FY","86244 $_@GF BR["" Z:TF SZJF 1600160016002626 1598"
2010-11,DEPT381,DEPT TOTAL,218,381,"Z:TF4 U,LVM4 O]85FY G]\  S], 57255725572519682628","381 Z:TF4 U,LVM4 O]85FY G]\  S], 57255725572519682628"
2010-11,DEPT963,DEPT TOTAL,219,963,"8LP;LPVF>P0LPV[;P 5|MH[É8 G]\  S], 0001179690357","963 8LP;LPVF>P0LPV[;P 5|MH[É8 G]\  S], 0001179690357"
2010-11,DEPT967,DEPT TOTAL,219,967,"VA""G .gËF:8=ÉRZ ÝMH[É8 G]\  S], 5202600450665557789001369776","967 VA""G .gËF:8=ÉRZ ÝMH[É8 G]\  S], 52026004506655577890013697761683969"
2011-12,10301,"VEHICLE TAX (rev inc, dept 381)",48,,,6Ë Š ð Ë  yt…ðt™t ‚Útt «tu„út{™t ¾[to 9500.00 801.00 10301.00
2011-12,23306,PENALTY RECOVERED FROM CONTRACTORS (rev inc),157,153,";[g8=, JS""XM5vDLS[GLS, :8M;""","2 6 20 23306 SMg8=FÉ8;"" 5F;[YL D/[, N\0GL VFJS 2520 25 25"
2011-12,23306,PENALTY RECOVERED FROM CONTRACTORS (rev inc),162,351,Z:TF ;FO SZJF,"5693 4222 6000 23306 SMg8=FÉ8;"" 5F;[YL D/[, N\0GL VFJS 65006000 6500 6500"
2011-12,23306,PENALTY RECOVERED FROM CONTRACTORS (rev inc),162,352,XC[ZGF SRZM p5F0JF v Z[O–]h,"839 1276 1500 23306 SMg8=FÉ8;"" 5F;[YL D/[, N\0GL VFJS 15001200 1500 1500"
2011-12,23306,PENALTY RECOVERED FROM CONTRACTORS (rev inc),162,371,".HG[Z 0L5F8""D[g8 v ;FDFgI N[BZ[B","1499 1756 7500 23306 SMg8=FÉ8;"" 5F;[YL D/[, N\0GL VFJS 5000700 5000 5000"
2011-12,23311,COST OF WORK DONE ON CAPITAL A/C LSR (rev inc),163,371,".HG[Z 0L5F8""D[g8 v ;FDFgI N[BZ[B","101293 185931 200000 23311 ,MG :8FO ZLSJZL sV[,PV[;PVFZf 200000150000 200000 200000"
2011-12,DEPT371,DEPT TOTAL,163,371,".HG[Z 0L5F8""D[g8 v ;FDFgI N[BZ[B G]\  S], 253070172714 23751","371 .HG[Z 0L5F8""D[g8 v ;FDFgI N[BZ[B G]\  S], 253070172714 237510 195500 253270 253070 253070"
2011-12,10301,"VEHICLE TAX (rev inc, dept 381)",163,381,"Z:TF4 U,LVM4 O]85FY",154451 192338 200000 10301 JFCG 8[Ù 250000200000 250000 250000
2011-12,13423,ROAD CUT RESTORATION CHARGES (rev inc),163,381,"Z:TF4 U,LVM4 O]85FY",102036 52917 175000 13423 Z:TF S5FT 5]Go :YF5G OL 200000175000 200000 200000
2011-12,DEPT381,DEPT TOTAL,163,381,"Z:TF4 U,LVM4 O]85FY G]\  S], 452100259898 245255 379030 3770","381 Z:TF4 U,LVM4 O]85FY G]\  S], 452100259898 245255 379030 377030 452100 452100"
2011-12,23306,PENALTY RECOVERED FROM CONTRACTORS (rev inc),167,609,h],"0 0 5 23306 SMg8=FÉ8;"" 5F;[YL D/[, N\0GL VFJS 55 55"
2011-12,10301,"VEHICLE TAX (rev inc, dept 381)",172,803,V[gÊMRD[g8 BFT]\,ËŠðË ‚Útt «tu„út{™t ¾[o 4841.94 4886.83 7042.57 9003.71 9500.00 10301.00 10301.00
2011-12,DEPT371,DEPT TOTAL,173,371,"574 700 34801 ÔC[Z BAZ TYF 5a,L;L8L 700500 700 700","371 574 700 34801 ÔC[Z BAZ TYF 5a,L;L8L 700500 700 700"
2011-12,DEPT371,DEPT TOTAL,193,371,".HG[Z 0L5F8""D[g8 v ;FDFgI N[BZ[B G]\  S], 706891340231 38336","371 .HG[Z 0L5F8""D[g8 v ;FDFgI N[BZ[B G]\  S], 706891340231 383367 563775 562706 745291 745291"
2011-12,38401,ROADS STREETS AND PAVEMENTS (rev exp),194,381,"Z:TF4 U,LVM4 O]85FY","30660 36154 52150 38401 Z:TF U,LVM TYF O}85FY 5565044500 55650 55650"
2011-12,38407,FOOT-PATH PAVEMENTS (rev exp),194,381,"Z:TF4 U,LVM4 O]85FY",2289 2141 6200 38407 O}85FY s5[JD[g8f 71005250 7100 7100
2011-12,38413,POLE PAVEMENTS (rev exp),194,381,"Z:TF4 U,LVM4 O]85FY",576 710 1750 38413 5M/ 5[JD[g8 20001500 2000 2000
2011-12,DEPT381,DEPT TOTAL,194,381,"Z:TF4 U,LVM4 O]85FY G]\  S], 176998149659 205240 285631 1575","381 Z:TF4 U,LVM4 O]85FY G]\  S], 176998149659 205240 285631 157574 176998 176998"
2011-12,DEPT382,DEPT TOTAL,194,382,"5],M G]\  S], 093 65 400 0 00","382 5],M G]\  S], 093 65 400 0 00"
2011-12,DEPT371,DEPT TOTAL,219,371,".HG[Z 0L5F8""D[g8 v ;FDFgI N[BZ[B G]\  S], 788423736351 53581","371 .HG[Z 0L5F8""D[g8 v ;FDFgI N[BZ[B G]\  S], 788423736351 535811 2548300 980151 2124423 2124423"
2011-12,64401,ROADS AND STREETS RESURFACING (capex),219,381,"Z:TF4 U,LVM4 O]85FY","471 433441 238042 64401 Z:TF4 U,L v ZL;ZO[.;ÄU 45329436000 45329 45329"
2011-12,64406,ROADS AND STREETS - GENERAL (capex),219,381,"Z:TF4 U,LVM4 O]85FY","35339 119991 140000 64406 Z:TF4 U,L4 HGZ, 380171260000 700171 700171"
2011-12,64414,TRAFFIC CONTROL BLOCK (capex),219,381,"Z:TF4 U,LVM4 O]85FY","1084 6277 15000 64414 8=FOLS Sg8=M, a,MÉ; 200050000 32000 32000"
2011-12,DEPT381,DEPT TOTAL,219,381,"Z:TF4 U,LVM4 O]85FY G]\  S], 45200046313 565741 775000 40204","381 Z:TF4 U,LVM4 O]85FY G]\  S], 45200046313 565741 775000 402042 808100 808100"
2011-12,64402,OTHER BRIDGES (capex),220,382,"5],M","68984 319291 360513 64402 VgI 5], 24250380000 924250 924250"
2011-12,DEPT382,DEPT TOTAL,220,382,"5],M G]\  S], 2425068984 319291 380000 360513 924250 924250","382 5],M G]\  S], 2425068984 319291 380000 360513 924250 924250"
2011-12,64401,ROADS AND STREETS RESURFACING (capex),223,962,"hMG, S[5L8, JS"";","354370 797316 771201 64401 Z:TF4 U,L v ZL;ZO[.;ÄU 833809765320 833809 833809"
2011-12,64406,ROADS AND STREETS - GENERAL (capex),223,962,"hMG, S[5L8, JS"";","339006 356633 399149 64406 Z:TF4 U,L4 HGZ, 718445671550 801445 801445"
2011-12,64407,FOOTPATH AND PAVEMENTS (capex),223,962,"hMG, S[5L8, JS"";",52758 99702 181584 64407 O]85FY4 5[JD[g8 249529234330 249529 249529
2011-12,64414,TRAFFIC CONTROL BLOCK (capex),223,962,"hMG, S[5L8, JS"";","2077 460 1000 64414 8=FOLS Sg8=M, a,MÉ; 10000 1000 1000"
2011-12,DEPT962,DEPT TOTAL,224,962,"hMG, S[5L8, JS""; G]\  S], 39000001265876 1997465 4101700 302","962 hMG, S[5L8, JS""; G]\  S], 39000001265876 1997465 4101700 3028993 4052000 4052000"
2011-12,DEPT963,DEPT TOTAL,224,963,"8LP;LPVF>P0LPV[;P 5|MH[É8 G]\  S], 4557773 0 0 6932 455 455","963 8LP;LPVF>P0LPV[;P 5|MH[É8 G]\  S], 4557773 0 0 6932 455 455"
2011-12,64402,OTHER BRIDGES (capex),224,964,8[1F O|L AMg0vZ__#,"39942 22424 0 64402 VgI 5], 00 00"
2011-12,DEPT964,DEPT TOTAL,224,964,"8[1F O|L AMg0vZ__# G]\  S], 043579 22424 0 0 00","964 8[1F O|L AMg0vZ__# G]\  S], 043579 22424 0 0 00"
2011-12,64402,OTHER BRIDGES (capex),224,966,8[1F O|L AMg0vZ__$,"215274 80786 33264 64402 VgI 5], 60167100000 60167 60167"
2011-12,64406,ROADS AND STREETS - GENERAL (capex),224,966,8[1F O|L AMg0vZ__$,"481787 255617 68900 64406 Z:TF4 U,L4 HGZ, 00 00"
2011-12,64407,FOOTPATH AND PAVEMENTS (capex),224,966,8[1F O|L AMg0vZ__$,18844 4068 0 64407 O]85FY4 5[JD[g8 00 00
2011-12,DEPT966,DEPT TOTAL,224,966,"8[1F O|L AMg0vZ__$ G]\  S], 60167716343 340471 100000 102164","966 8[1F O|L AMg0vZ__$ G]\  S], 60167716343 340471 100000 102164 60167 60167"
2011-12,64402,OTHER BRIDGES (capex),224,967,H[PV[GPV[GPI]PVFZPV[DP  ÝMH[É8,"282422 198459 267411 64402 VgI 5], 120000200000 120000 120000"
2011-12,DEPT967,DEPT TOTAL,225,967,"H[PV[GPV[GPI]PVFZPV[DP  ÝMH[É8 G]\  S], 72000003969925 53756","967 H[PV[GPV[GPI]PVFZPV[DP  ÝMH[É8 G]\  S], 72000003969925 5375665 9060000 5971202 7200000 7200000"
2011-12,64401,ROADS AND STREETS RESURFACING (capex),225,968,":JÂ6""D HI\TL D]bID\+L XC[ZL ÂJSF; IMHGF","0 0 262672 64401 Z:TF4 U,L v ZL;ZO[.;ÄU 2000000 200000 200000"
2011-12,64402,OTHER BRIDGES (capex),225,968,":JÂ6""D HI\TL D]bID\+L XC[ZL ÂJSF; IMHGF","0 0 152100 64402 VgI 5], 17000000 1700000 1700000"
2011-12,64406,ROADS AND STREETS - GENERAL (capex),225,968,":JÂ6""D HI\TL D]bID\+L XC[ZL ÂJSF; IMHGF","0 0 88872 64406 Z:TF4 U,L4 HGZ, 00 00"
2011-12,64407,FOOTPATH AND PAVEMENTS (capex),225,968,":JÂ6""D HI\TL D]bID\+L XC[ZL ÂJSF; IMHGF",0 0 5683 64407 O]85FY4 5[JD[g8 00 00
2011-12,64414,TRAFFIC CONTROL BLOCK (capex),225,968,":JÂ6""D HI\TL D]bID\+L XC[ZL ÂJSF; IMHGF","0 0 11481 64414 8=FOLS Sg8=M, a,MÉ; 500000 50000 50000"
2011-12,DEPT968,DEPT TOTAL,226,968,":JÂ6""D HI\TL D]bID\+L XC[ZL ÂJSF; IMHGF G]\  S], 57500000 0 ","968 :JÂ6""D HI\TL D]bID\+L XC[ZL ÂJSF; IMHGF G]\  S], 57500000 0 0 2250000 5750000 5750000"
2011-12,86244,40% PUBLIC CONTRIB FOR ROADS (cap inc),229,381,"Z:TF4 U,LVM4 O]85FY","1598 1724 1600 86244 $_@GF BR["" Z:TF SZJF 20001600 2000 2000"
2011-12,DEPT381,DEPT TOTAL,229,381,"Z:TF4 U,LVM4 O]85FY G]\  S], 56251968 2371 5725 5100 5625 56","381 Z:TF4 U,LVM4 O]85FY G]\  S], 56251968 2371 5725 5100 5625 5625"
2011-12,DEPT963,DEPT TOTAL,230,963,"8LP;LPVF>P0LPV[;P 5|MH[É8 G]\  S], 011796 0 0 0 00","963 8LP;LPVF>P0LPV[;P 5|MH[É8 G]\  S], 011796 0 0 0 00"
2011-12,DEPT967,DEPT TOTAL,230,967,"H[PV[GPV[GPI]PVFZPV[DP  ÝMH[É8 G]\  S], 27895081369776 44134","967 H[PV[GPV[GPI]PVFZPV[DP  ÝMH[É8 G]\  S], 27895081369776 4413460 5202600 2783600 2789508 2789508"
2012-13,10301,"VEHICLE TAX (rev inc, dept 381)",76,603,ft{tu …ife 277 ft{tu …qýo ÚtÞu÷ Au. ƒtfe™t ft{tu Íz…Úte …qýo,¾[to 10301.00 788.66 11089.66
2012-13,23306,PENALTY RECOVERED FROM CONTRACTORS (rev inc),175,153,";[g8=, JS""XM5vDLS[GLS, :8M;""","6 20 25 23306 SMg8=FÉ8;"" 5F;[YL D/[, N\0GL VFJS25 50 5050"
2012-13,23306,PENALTY RECOVERED FROM CONTRACTORS (rev inc),180,351,Z:TF ;FO SZJF,"4222 6568 25000 23306 SMg8=FÉ8;"" 5F;[YL D/[, N\0GL VFJS6500 35000 3500035000"
2012-13,23306,PENALTY RECOVERED FROM CONTRACTORS (rev inc),180,352,XC[ZGF SRZM p5F0JF v ;MPJ[PDP,"1276 3823 4000 23306 SMg8=FÉ8;"" 5F;[YL D/[, N\0GL VFJS1500 35000 3500035000"
2012-13,23306,PENALTY RECOVERED FROM CONTRACTORS (rev inc),180,371,".HG[Z 0L5F8""D[g8 v ;FDFgI N[BZ[B","1756 5919 1500 23306 SMg8=FÉ8;"" 5F;[YL D/[, N\0GL VFJS5000 2000 20002000"
2012-13,23311,COST OF WORK DONE ON CAPITAL A/C LSR (rev inc),180,371,".HG[Z 0L5F8""D[g8 v ;FDFgI N[BZ[B","185931 214273 50000 23311 ,MG :8FO ZLSJZL sV[,PV[;PVFZf200000 80000 8000080000"
2012-13,DEPT371,DEPT TOTAL,181,371,".HG[Z 0L5F8""D[g8 v ;FDFgI N[BZ[B G]\  S],237510 292276 25307","371 .HG[Z 0L5F8""D[g8 v ;FDFgI N[BZ[B G]\  S],237510 292276 253070 117962 158155 158155158155"
2012-13,10301,"VEHICLE TAX (rev inc, dept 381)",181,381,"Z:TF4 U,LVM4 O]85FY",192338 253282 250000 10301 JFCG 8[Ù250000 500000 500000500000
2012-13,13423,ROAD CUT RESTORATION CHARGES (rev inc),181,381,"Z:TF4 U,LVM4 O]85FY",52917 73451 60000 13423 Z:TF S5FT 5]Go :YF5G OL200000 100000 100000100000
2012-13,DEPT381,DEPT TOTAL,181,381,"Z:TF4 U,LVM4 O]85FY G]\  S],245255 327324 452100 311200 6021","381 Z:TF4 U,LVM4 O]85FY G]\  S],245255 327324 452100 311200 602100 602100602100"
2012-13,23306,PENALTY RECOVERED FROM CONTRACTORS (rev inc),185,609,h],"0 1 30 23306 SMg8=FÉ8;"" 5F;[YL D/[, N\0GL VFJS5 555"
2012-13,10301,"VEHICLE TAX (rev inc, dept 381)",189,803,V[gÊMRD[g8 BFT]\,ËŠðË ‚Útt «tu„út{™t ¾[o 4886.83 6555.72 10301.00 11089.66 15592.54 15812.54 15812.54
2012-13,DEPT371,DEPT TOTAL,211,371,".HG[Z 0L5F8""D[g8 v ;FDFgI N[BZ[B G]\  S],383367 479279 74529","371 .HG[Z 0L5F8""D[g8 v ;FDFgI N[BZ[B G]\  S],383367 479279 745291 729049 767382 767382767382"
2012-13,38401,ROADS STREETS AND PAVEMENTS (rev exp),211,381,"Z:TF4 U,LVM4 O]85FY","36154 36760 44750 38401 Z:TF U,LVM TYF O}85FY55650 52000 5200052000"
2012-13,38407,FOOT-PATH PAVEMENTS (rev exp),211,381,"Z:TF4 U,LVM4 O]85FY",2141 4199 4000 38407 O}85FY s5[JD[g8f7100 5000 50005000
2012-13,38413,POLE PAVEMENTS (rev exp),211,381,"Z:TF4 U,LVM4 O]85FY",710 1166 1900 38413 5M/ 5[JD[g82000 3200 32003200
2012-13,DEPT381,DEPT TOTAL,212,381,"Z:TF4 U,LVM4 O]85FY G]\  S],205240 229744 176998 248139 2682","381 Z:TF4 U,LVM4 O]85FY G]\  S],205240 229744 176998 248139 268238 268238267738"
2012-13,DEPT382,DEPT TOTAL,212,382,"5],M G]\  S],6 5 000 000","382 5],M G]\  S],6 5 000 000"
2012-13,DEPT371,DEPT TOTAL,237,371,".HG[Z 0L5F8""D[g8 v ;FDFgI N[BZ[B G]\  S],535811 461484 21244","371 .HG[Z 0L5F8""D[g8 v ;FDFgI N[BZ[B G]\  S],535811 461484 2124423 636813 1615036 16150361149454"
2012-13,64401,ROADS AND STREETS RESURFACING (capex),237,381,"Z:TF4 U,LVM4 O]85FY","433441 167334 100000 64401 Z:TF4 U,L v ZL;ZO[.;ÄU45329 105000 10500050000"
2012-13,64406,ROADS AND STREETS - GENERAL (capex),237,381,"Z:TF4 U,LVM4 O]85FY","119991 135327 200719 64406 Z:TF4 U,L4 HGZ,700171 642753 642753582753"
2012-13,64414,TRAFFIC CONTROL BLOCK (capex),237,381,"Z:TF4 U,LVM4 O]85FY","6277 15295 6413 64414 8=FOLS Sg8=M, a,MÉ;32000 54247 5424744247"
2012-13,DEPT381,DEPT TOTAL,238,381,"Z:TF4 U,LVM4 O]85FY G]\  S],565741 322021 808100 326132 9700","381 Z:TF4 U,LVM4 O]85FY G]\  S],565741 322021 808100 326132 970000 970000845000"
2012-13,64402,OTHER BRIDGES (capex),238,382,"5],M","319291 200884 50000 64402 VgI 5],924250 631500 631500330000"
2012-13,DEPT382,DEPT TOTAL,238,382,"5],M G]\  S],319291 200884 924250 50000 631500 631500330000","382 5],M G]\  S],319291 200884 924250 50000 631500 631500330000"
2012-13,64401,ROADS AND STREETS RESURFACING (capex),242,962,"hMG, S[5L8, JS"";","797316 598177 748800 64401 Z:TF4 U,L v ZL;ZO[.;ÄU833809 920342 920342860342"
2012-13,64406,ROADS AND STREETS - GENERAL (capex),242,962,"hMG, S[5L8, JS"";","356633 354563 381607 64406 Z:TF4 U,L4 HGZ,801445 525395 525395525395"
2012-13,64407,FOOTPATH AND PAVEMENTS (capex),242,962,"hMG, S[5L8, JS"";",99702 142681 124611 64407 O]85FY4 5[JD[g8249529 223629 223629223629
2012-13,64414,TRAFFIC CONTROL BLOCK (capex),242,962,"hMG, S[5L8, JS"";","460 0 0 64414 8=FOLS Sg8=M, a,MÉ;1000 000"
2012-13,DEPT962,DEPT TOTAL,242,962,"hMG, S[5L8, JS""; G]\  S],1997465 2236985 4052000 2290227 382","962 hMG, S[5L8, JS""; G]\  S],1997465 2236985 4052000 2290227 3820000 38200003550000"
2012-13,DEPT963,DEPT TOTAL,242,963,"8LP;LPVF>P0LPV[;P 5|MH[É8 G]\  S],0 0 455 500 000","963 8LP;LPVF>P0LPV[;P 5|MH[É8 G]\  S],0 0 455 500 000"
2012-13,64402,OTHER BRIDGES (capex),242,964,8[1F O|L AMg0vZ__#,"22424 0 0 64402 VgI 5],0 000"
2012-13,DEPT964,DEPT TOTAL,242,964,"8[1F O|L AMg0vZ__# G]\  S],22424 0 0 0 000","964 8[1F O|L AMg0vZ__# G]\  S],22424 0 0 0 000"
2012-13,64402,OTHER BRIDGES (capex),242,966,8[1F O|L AMg0vZ__$,"80786 71637 50000 64402 VgI 5],60167 10000 1000010000"
2012-13,64406,ROADS AND STREETS - GENERAL (capex),243,966,8[1F O|L AMg0vZ__$,"255617 24 28868 64406 Z:TF4 U,L4 HGZ,0 5000 50005000"
2012-13,64407,FOOTPATH AND PAVEMENTS (capex),243,966,8[1F O|L AMg0vZ__$,4068 0 0 64407 O]85FY4 5[JD[g80 000
2012-13,DEPT966,DEPT TOTAL,243,966,"8[1F O|L AMg0vZ__$ G]\  S],340471 71661 60167 78868 15000 15","966 8[1F O|L AMg0vZ__$ G]\  S],340471 71661 60167 78868 15000 1500015000"
2012-13,64402,OTHER BRIDGES (capex),243,967,H[PV[GPV[GPI]PVFZPV[DP  ÝMH[É8,"198459 204460 200000 64402 VgI 5],120000 26000 2600026000"
2012-13,DEPT967,DEPT TOTAL,243,967,"H[PV[GPV[GPI]PVFZPV[DP  ÝMH[É8 G]\  S],5375665 4558263 72000","967 H[PV[GPV[GPI]PVFZPV[DP  ÝMH[É8 G]\  S],5375665 4558263 7200000 4258069 4830000 48300004830000"
2012-13,64401,ROADS AND STREETS RESURFACING (capex),244,968,":JÂ6""D HI\TL D]bID\+L XC[ZL ÂJSF; IMHGF","0 168838 140000 64401 Z:TF4 U,L v ZL;ZO[.;ÄU200000 000"
2012-13,64402,OTHER BRIDGES (capex),244,968,":JÂ6""D HI\TL D]bID\+L XC[ZL ÂJSF; IMHGF","0 543395 300000 64402 VgI 5],1700000 700000 700000700000"
2012-13,64406,ROADS AND STREETS - GENERAL (capex),244,968,":JÂ6""D HI\TL D]bID\+L XC[ZL ÂJSF; IMHGF","0 28962 1300000 64406 Z:TF4 U,L4 HGZ,0 1700000 17000001700000"
2012-13,64407,FOOTPATH AND PAVEMENTS (capex),244,968,":JÂ6""D HI\TL D]bID\+L XC[ZL ÂJSF; IMHGF",0 0 3500 64407 O]85FY4 5[JD[g80 000
2012-13,64414,TRAFFIC CONTROL BLOCK (capex),244,968,":JÂ6""D HI\TL D]bID\+L XC[ZL ÂJSF; IMHGF","0 202 10000 64414 8=FOLS Sg8=M, a,MÉ;50000 000"
2012-13,DEPT968,DEPT TOTAL,244,968,":JÂ6""D HI\TL D]bID\+L XC[ZL ÂJSF; IMHGF G]\  S],0 2381689 57","968 :JÂ6""D HI\TL D]bID\+L XC[ZL ÂJSF; IMHGF G]\  S],0 2381689 5750000 3978314 5000000 50000005000000"
2012-13,DEPT969,DEPT TOTAL,244,969,"H[PV[GPV[GPI]PVFZPV[DP  ÝMH[É8vZ G]\  S],0 000 1500000 15000","969 H[PV[GPV[GPI]PVFZPV[DP  ÝMH[É8vZ G]\  S],0 000 1500000 15000001500000"
2012-13,86244,40% PUBLIC CONTRIB FOR ROADS (cap inc),247,381,"Z:TF4 U,LVM4 O]85FY","1724 2450 3000 86244 $_@GF BR["" Z:TF SZJF2000 3000 30003000"
2012-13,DEPT381,DEPT TOTAL,247,381,"Z:TF4 U,LVM4 O]85FY G]\  S],2371 3669 5625 5900 6725 6725672","381 Z:TF4 U,LVM4 O]85FY G]\  S],2371 3669 5625 5900 6725 67256725"
2012-13,DEPT967,DEPT TOTAL,248,967,"H[PV[GPV[GPI]PVFZPV[DP  ÝMH[É8 G]\  S],4413460 2041396 27895","967 H[PV[GPV[GPI]PVFZPV[DP  ÝMH[É8 G]\  S],4413460 2041396 2789508 2445000 2125700 21257002125700"
2012-13,DEPT969,DEPT TOTAL,248,969,"H[PV[GPV[GPI]PVFZPV[DP  ÝMH[É8vZ G]\  S],0 000 750000 750000","969 H[PV[GPV[GPI]PVFZPV[DP  ÝMH[É8vZ G]\  S],0 000 750000 750000750000"
2013-14,23306,PENALTY RECOVERED FROM CONTRACTORS (rev inc),210,153,";[g8=, JS""XM5vDLS[GLS, :8M;""","0.20 0.28 0.50 23306 SMg8=FÉ8;"" 5F;[YL D/[, N\0GL VFJS 5.000.50 5.00"
2013-14,23306,PENALTY RECOVERED FROM CONTRACTORS (rev inc),215,351,Z:TF ;FO SZJF,"65.68 236.85 0.00 23306 SMg8=FÉ8;"" 5F;[YL D/[, N\0GL VFJS 0.00350.00 0.00"
2013-14,23306,PENALTY RECOVERED FROM CONTRACTORS (rev inc),215,352,XC[ZGF SRZM p5F0JF v ;MPJ[PDP,"38.23 45.48 295.00 23306 SMg8=FÉ8;"" 5F;[YL D/[, N\0GL VFJS 300.00350.00 300.00"
2013-14,23306,PENALTY RECOVERED FROM CONTRACTORS (rev inc),216,371,".HG[Z 0L5F8""D[g8 v ;FDFgI N[BZ[B","59.19 193.81 200.00 23306 SMg8=FÉ8;"" 5F;[YL D/[, N\0GL VFJS 220.0020.00 220.00"
2013-14,23311,COST OF WORK DONE ON CAPITAL A/C LSR (rev inc),216,371,".HG[Z 0L5F8""D[g8 v ;FDFgI N[BZ[B","2142.73 1690.35 1699.12 23311 ,MG :8FO ZLSJZL sV[,PV[;PVFZf 1899.83800.00 1899.83"
2013-14,DEPT371,DEPT TOTAL,216,371,".HG[Z 0L5F8""D[g8 v ;FDFgI N[BZ[B G]\  S], 2533.682922.76 303","371 .HG[Z 0L5F8""D[g8 v ;FDFgI N[BZ[B G]\  S], 2533.682922.76 3033.20 1581.55 2280.07 2533.68"
2013-14,10301,"VEHICLE TAX (rev inc, dept 381)",216,381,"Z:TF4 U,LVM4 O]85FY",2532.82 3000.08 3637.64 10301 JFCG 8[Ù 5000.005000.00 4850.00
2013-14,13423,ROAD CUT RESTORATION CHARGES (rev inc),216,381,"Z:TF4 U,LVM4 O]85FY",734.51 830.00 1800.00 13423 Z:TF S5FT 5]Go :YF5G OL 1200.001000.00 1200.00
2013-14,DEPT381,DEPT TOTAL,216,381,"Z:TF4 U,LVM4 O]85FY G]\  S], 6221.003273.24 6338.32 6021.00 ","381 Z:TF4 U,LVM4 O]85FY G]\  S], 6221.003273.24 6338.32 6021.00 5452.64 6071.00"
2013-14,23306,PENALTY RECOVERED FROM CONTRACTORS (rev inc),221,609,h],"0.01 0.25 0.05 23306 SMg8=FÉ8;"" 5F;[YL D/[, N\0GL VFJS 0.050.05 0.05"
2013-14,DEPT371,DEPT TOTAL,251,371,".HG[Z 0L5F8""D[g8 v ;FDFgI N[BZ[B G]\  S], 7998.364792.79 559","371 .HG[Z 0L5F8""D[g8 v ;FDFgI N[BZ[B G]\  S], 7998.364792.79 5594.52 7673.82 8294.13 8148.36"
2013-14,38401,ROADS STREETS AND PAVEMENTS (rev exp),251,381,"Z:TF4 U,LVM4 O]85FY","367.60 572.49 616.50 38401 Z:TF U,LVM TYF O}85FY 635.00520.00 635.00"
2013-14,38407,FOOT-PATH PAVEMENTS (rev exp),251,381,"Z:TF4 U,LVM4 O]85FY",41.99 44.73 63.65 38407 O}85FY s5[JD[g8f 77.0050.00 77.00
2013-14,38413,POLE PAVEMENTS (rev exp),251,381,"Z:TF4 U,LVM4 O]85FY",11.66 16.04 26.00 38413 5M/ 5[JD[g8 34.5032.00 34.50
2013-14,DEPT381,DEPT TOTAL,251,381,"Z:TF4 U,LVM4 O]85FY G]\  S], 3381.462297.44 2682.49 2682.38 ","381 Z:TF4 U,LVM4 O]85FY G]\  S], 3381.462297.44 2682.49 2682.38 3194.83 3381.46"
2013-14,DEPT382,DEPT TOTAL,252,382,"5],M G]\  S], 0.000.00 0.00 0.00 0.00 0.00","382 5],M G]\  S], 0.000.00 0.00 0.00 0.00 0.00"
2013-14,DEPT371,DEPT TOTAL,282,371,".HG[Z 0L5F8""D[g8 v ;FDFgI N[BZ[B G]\  S], 5991.464614.84 292","371 .HG[Z 0L5F8""D[g8 v ;FDFgI N[BZ[B G]\  S], 5991.464614.84 2920.95 16150.36 4954.00 12176.46"
2013-14,64401,ROADS AND STREETS RESURFACING (capex),282,381,"Z:TF4 U,LVM4 O]85FY","1673.34 327.85 60.00 64401 Z:TF4 U,L v ZL;ZO[.;ÄU 100.001050.00 400.00"
2013-14,64406,ROADS AND STREETS - GENERAL (capex),282,381,"Z:TF4 U,LVM4 O]85FY","1353.27 616.20 1150.00 64406 Z:TF4 U,L4 HGZ, 4665.006427.53 7165.00"
2013-14,64414,TRAFFIC CONTROL BLOCK (capex),282,381,"Z:TF4 U,LVM4 O]85FY","152.95 87.46 100.00 64414 8=FOLS Sg8=M, a,MÉ; 100.00542.47 100.00"
2013-14,64452,70:20:10 SCHEME ROAD IN SOC (capex),283,381,"Z:TF4 U,LVM4 O]85FY","0.00 0.00 14600.00 64452 *_oZ_o!_ IMHGF C[9/ ;M;FI8LVMDF\  ZM0GL ;]lJWF VF5JF VT\U""T BR"" 1223.000.00 1223.00"
2013-14,DEPT381,DEPT TOTAL,283,381,"Z:TF4 U,LVM4 O]85FY G]\  S], 6223.003220.21 1108.98 9700.00 ","381 Z:TF4 U,LVM4 O]85FY G]\  S], 6223.003220.21 1108.98 9700.00 16300.00 10023.00"
2013-14,64402,OTHER BRIDGES (capex),283,382,"5],M","2008.84 392.41 500.00 64402 VgI 5], 6500.006315.00 7500.00"
2013-14,DEPT382,DEPT TOTAL,283,382,"5],M G]\  S], 6500.002008.84 392.41 6315.00 500.00 7500.00","382 5],M G]\  S], 6500.002008.84 392.41 6315.00 500.00 7500.00"
2013-14,64401,ROADS AND STREETS RESURFACING (capex),287,962,"hMG, S[5L8, JS"";","5981.77 5924.10 7273.74 64401 Z:TF4 U,L v ZL;ZO[.;ÄU 9623.199203.42 11498.19"
2013-14,64406,ROADS AND STREETS - GENERAL (capex),287,962,"hMG, S[5L8, JS"";","3545.63 3006.32 3922.29 64406 Z:TF4 U,L4 HGZ, 5103.865253.95 5103.86"
2013-14,64407,FOOTPATH AND PAVEMENTS (capex),288,962,"hMG, S[5L8, JS"";",1426.81 987.38 1952.46 64407 O]85FY4 5[JD[g8 2348.702236.29 2348.70
2013-14,64414,TRAFFIC CONTROL BLOCK (capex),288,962,"hMG, S[5L8, JS"";","0.00 0.00 0.00 64414 8=FOLS Sg8=M, a,MÉ; 5.000.00 5.00"
2013-14,DEPT962,DEPT TOTAL,288,962,"hMG, S[5L8, JS""; G]\  S], 35200.0022369.85 17705.43 38200.00","962 hMG, S[5L8, JS""; G]\  S], 35200.0022369.85 17705.43 38200.00 23600.00 37700.00"
2013-14,64402,OTHER BRIDGES (capex),288,964,8[1F O|L AMg0vZ__#,"0.00 0.00 0.00 64402 VgI 5], 0.000.00 0.00"
2013-14,DEPT964,DEPT TOTAL,288,964,"8[1F O|L AMg0vZ__# G]\  S], 0.000.00 0.00 0.00 0.00 0.00","964 8[1F O|L AMg0vZ__# G]\  S], 0.000.00 0.00 0.00 0.00 0.00"
2013-14,64402,OTHER BRIDGES (capex),288,966,8[1F O|L AMg0vZ__$,"716.37 -169.03 0.00 64402 VgI 5], 0.00100.00 0.00"
2013-14,64406,ROADS AND STREETS - GENERAL (capex),288,966,8[1F O|L AMg0vZ__$,"0.24 154.57 0.00 64406 Z:TF4 U,L4 HGZ, 0.0050.00 0.00"
2013-14,64407,FOOTPATH AND PAVEMENTS (capex),288,966,8[1F O|L AMg0vZ__$,0.00 0.00 0.00 64407 O]85FY4 5[JD[g8 0.000.00 0.00
2013-14,DEPT966,DEPT TOTAL,288,966,"8[1F O|L AMg0vZ__$ G]\  S], 0.00716.61 -14.46 150.00 0.00 0.","966 8[1F O|L AMg0vZ__$ G]\  S], 0.00716.61 -14.46 150.00 0.00 0.00"
2013-14,64402,OTHER BRIDGES (capex),289,967,H[PV[GPV[GPI]PVFZPV[DP  ÝMH[É8,"2044.60 695.82 260.00 64402 VgI 5], 100.00260.00 100.00"
2013-14,DEPT967,DEPT TOTAL,289,967,"H[PV[GPV[GPI]PVFZPV[DP  ÝMH[É8 G]\  S], 37500.0045582.63 410","967 H[PV[GPV[GPI]PVFZPV[DP  ÝMH[É8 G]\  S], 37500.0045582.63 41070.90 48300.00 35000.00 37500.00"
2013-14,64401,ROADS AND STREETS RESURFACING (capex),290,968,":JÂ6""D HI\TL D]bID\+L XC[ZL ÂJSF; IMHGF","1688.38 1940.66 1600.00 64401 Z:TF4 U,L v ZL;ZO[.;ÄU 500.000.00 500.00"
2013-14,64402,OTHER BRIDGES (capex),290,968,":JÂ6""D HI\TL D]bID\+L XC[ZL ÂJSF; IMHGF","5433.95 1153.36 2899.00 64402 VgI 5], 5000.007000.00 5000.00"
2013-14,64406,ROADS AND STREETS - GENERAL (capex),290,968,":JÂ6""D HI\TL D]bID\+L XC[ZL ÂJSF; IMHGF","289.62 2979.07 12017.06 64406 Z:TF4 U,L4 HGZ, 9932.8317000.00 9932.83"
2013-14,64407,FOOTPATH AND PAVEMENTS (capex),290,968,":JÂ6""D HI\TL D]bID\+L XC[ZL ÂJSF; IMHGF",0.00 8.33 25.00 64407 O]85FY4 5[JD[g8 10.000.00 10.00
2013-14,64414,TRAFFIC CONTROL BLOCK (capex),290,968,":JÂ6""D HI\TL D]bID\+L XC[ZL ÂJSF; IMHGF","2.02 0.52 1037.94 64414 8=FOLS Sg8=M, a,MÉ; 1000.000.00 1000.00"
2013-14,64453,R.C.C. ROAD (capex),290,968,":JÂ6""D HI\TL D]bID\+L XC[ZL ÂJSF; IMHGF",0.00 0.00 0.00 64453 VFZP;LP;LP ZM0 5000.000.00 5000.00
2013-14,DEPT968,DEPT TOTAL,291,968,":JÂ6""D HI\TL D]bID\+L XC[ZL ÂJSF; IMHGF G]\  S], 60000.00238","968 :JÂ6""D HI\TL D]bID\+L XC[ZL ÂJSF; IMHGF G]\  S], 60000.0023816.89 16079.41 50000.00 45825.00 60000.00"
2013-14,DEPT969,DEPT TOTAL,291,969,"H[PV[GPV[GPI]PVFZPV[DP  ÝMH[É8vZ G]\  S], 20000.000.00 0.00 ","969 H[PV[GPV[GPI]PVFZPV[DP  ÝMH[É8vZ G]\  S], 20000.000.00 0.00 15000.00 0.00 20000.00"
2013-14,DEPT968,DEPT TOTAL,292,968,":JÂ6""D HI\TL D]bID\+L XC[ZL ÂJSF; IMHGF G]\  S], 60000.00238","968 :JÂ6""D HI\TL D]bID\+L XC[ZL ÂJSF; IMHGF G]\  S], 60000.0023816.89 16079.41 50000.00 45825.00 60000.00"
2013-14,DEPT969,DEPT TOTAL,292,969,"H[PV[GPV[GPI]PVFZPV[DP  ÝMH[É8vZ G]\  S], 20000.000.00 0.00 ","969 H[PV[GPV[GPI]PVFZPV[DP  ÝMH[É8vZ G]\  S], 20000.000.00 0.00 15000.00 0.00 20000.00"
2013-14,86244,40% PUBLIC CONTRIB FOR ROADS (cap inc),296,381,"Z:TF4 U,LVM4 O]85FY","24.50 54.91 200.00 86244 $_@GF BR["" Z:TF SZJF 100.0030.00 100.00"
2013-14,86269,70:20:10 SCHEME ROAD CONTRIB (cap inc),296,381,"Z:TF4 U,LVM4 O]85FY","0.00 0.00 3500.00 86269 *_oZ_o!_ IMHGF C[9/ ;M;FI8LVMDF\  ZM0GL ;]lJWF VF5JF VT\U""T"
2013-14,DEPT381,DEPT TOTAL,296,381,"Z:TF4 U,LVM4 O]85FY G]\  S], 726.0036.69 66.70 67.25 3971.00","381 Z:TF4 U,LVM4 O]85FY G]\  S], 726.0036.69 66.70 67.25 3971.00 726.00"
2013-14,DEPT967,DEPT TOTAL,297,967,"H[PV[GPV[GPI]PVFZPV[DP  ÝMH[É8 G]\  S], 6236.6320413.96 1434","967 H[PV[GPV[GPI]PVFZPV[DP  ÝMH[É8 G]\  S], 6236.6320413.96 14346.57 21257.00 25695.98 6236.63"
2013-14,DEPT969,DEPT TOTAL,297,969,"H[PV[GPV[GPI]PVFZPV[DP  ÝMH[É8vZ G]\  S], 10000.000.00 0.00 ","969 H[PV[GPV[GPI]PVFZPV[DP  ÝMH[É8vZ G]\  S], 10000.000.00 0.00 7500.00 0.00 10000.00"
2014-15,DEPT371,DEPT TOTAL,60,371,CHECK ANGIO 2000 3000,371 CHECK ANGIO 2000 3000
2014-15,DEPT381,DEPT TOTAL,60,381,SUBCLA VIAN ANGIO 2250 3000,381 SUBCLA VIAN ANGIO 2250 3000
2014-15,DEPT382,DEPT TOTAL,60,382,SNRT 6000 8000,382 SNRT 6000 8000
2014-15,23306,PENALTY RECOVERED FROM CONTRACTORS (rev inc),260,153,";[g8=, JS""XM5vDLS[GLS, :8M;""","0.28 0.02 5.00 23306 SMg8=FÉ8;"" 5F;[YL D/[, N\0GL VFJS 5.005.00 5.00 5.00"
2014-15,23306,PENALTY RECOVERED FROM CONTRACTORS (rev inc),264,304,SMdI]GLS[XG  lJEFU,"0.00 0.00 0.00 23306 SMg8=FÉ8;"" 5F;[YL D/[, N\0GL VFJS 1.000.00 1.00 1.00"
2014-15,23306,PENALTY RECOVERED FROM CONTRACTORS (rev inc),265,351,Z:TF ;FO SZJF,"236.85 0.00 0.00 23306 SMg8=FÉ8;"" 5F;[YL D/[, N\0GL VFJS 0.000.00 0.00 0.00"
2014-15,23306,PENALTY RECOVERED FROM CONTRACTORS (rev inc),265,352,XC[ZGF SRZM p5F0JF v ;MPJ[PDP,"45.48 319.89 315.87 23306 SMg8=FÉ8;"" 5F;[YL D/[, N\0GL VFJS 320.00300.00 320.00 320.00"
2014-15,23306,PENALTY RECOVERED FROM CONTRACTORS (rev inc),266,371,".HG[Z 0L5F8""D[g8 v ;FDFgI N[BZ[B","193.81 211.64 200.00 23306 SMg8=FÉ8;"" 5F;[YL D/[, N\0GL VFJS 200.00220.00 200.00 200.00"
2014-15,23311,COST OF WORK DONE ON CAPITAL A/C LSR (rev inc),266,371,".HG[Z 0L5F8""D[g8 v ;FDFgI N[BZ[B","1690.35 3140.62 3000.00 23311 ,MG :8FO ZLSJZL sV[,PV[;PVFZf 3437.001899.83 3437.00 3437.00"
2014-15,DEPT371,DEPT TOTAL,266,371,".HG[Z 0L5F8""D[g8 v ;FDFgI N[BZ[B G]\  S], 4555.253033.20 378","371 .HG[Z 0L5F8""D[g8 v ;FDFgI N[BZ[B G]\  S], 4555.253033.20 3785.70 2533.68 4121.53 4555.25 4555.25"
2014-15,10301,"VEHICLE TAX (rev inc, dept 381)",266,381,"Z:TF4 U,LVM4 O]85FY",3000.08 4230.93 5000.00 10301 JFCG 8[Ù 6000.004850.00 6000.00 6000.00
2014-15,13423,ROAD CUT RESTORATION CHARGES (rev inc),266,381,"Z:TF4 U,LVM4 O]85FY",830.00 736.90 1000.00 13423 Z:TF S5FT 5]Go :YF5G OL 1200.001200.00 1200.00 1200.00
2014-15,DEPT381,DEPT TOTAL,266,381,"Z:TF4 U,LVM4 O]85FY G]\  S], 7218.006338.32 4977.26 6071.00 ","381 Z:TF4 U,LVM4 O]85FY G]\  S], 7218.006338.32 4977.26 6071.00 6013.00 7218.00 7218.00"
2014-15,23306,PENALTY RECOVERED FROM CONTRACTORS (rev inc),271,609,h],"0.25 0.21 0.05 23306 SMg8=FÉ8;"" 5F;[YL D/[, N\0GL VFJS 0.050.05 0.05 0.05"
2014-15,DEPT371,DEPT TOTAL,302,371,".HG[Z 0L5F8""D[g8 v ;FDFgI N[BZ[B G]\  S], 8445.545594.52 721","371 .HG[Z 0L5F8""D[g8 v ;FDFgI N[BZ[B G]\  S], 8445.545594.52 7217.35 8148.36 7599.34 8545.54 8545.54"
2014-15,38401,ROADS STREETS AND PAVEMENTS (rev exp),302,381,"Z:TF4 U,LVM4 O]85FY","572.49 690.51 700.00 38401 Z:TF U,LVM TYF O}85FY 780.00635.00 780.00 780.00"
2014-15,38407,FOOT-PATH PAVEMENTS (rev exp),302,381,"Z:TF4 U,LVM4 O]85FY",44.73 68.94 111.00 38407 O}85FY s5[JD[g8f 161.0077.00 161.00 161.00
2014-15,38413,POLE PAVEMENTS (rev exp),302,381,"Z:TF4 U,LVM4 O]85FY",16.04 26.47 39.50 38413 5M/ 5[JD[g8 71.5034.50 71.50 71.50
2014-15,DEPT381,DEPT TOTAL,302,381,"Z:TF4 U,LVM4 O]85FY G]\  S], 3409.872682.49 2938.35 3381.46 ","381 Z:TF4 U,LVM4 O]85FY G]\  S], 3409.872682.49 2938.35 3381.46 3132.11 3443.87 3443.87"
2014-15,DEPT371,DEPT TOTAL,335,371,".HG[Z 0L5F8""D[g8 v ;FDFgI N[BZ[B G]\  S], 22731.262920.95 29","371 .HG[Z 0L5F8""D[g8 v ;FDFgI N[BZ[B G]\  S], 22731.262920.95 2928.81 12176.46 7155.02 27781.26 27781.26"
2014-15,64401,ROADS AND STREETS RESURFACING (capex),335,381,"Z:TF4 U,LVM4 O]85FY","327.85 52.01 70.17 64401 Z:TF4 U,L v ZL;ZO[.;ÄU 0.00400.00 200.00 200.00"
2014-15,64406,ROADS AND STREETS - GENERAL (capex),335,381,"Z:TF4 U,LVM4 O]85FY","616.20 1634.18 2621.60 64406 Z:TF4 U,L4 HGZ, 3000.007165.00 3900.00 3900.00"
2014-15,64414,TRAFFIC CONTROL BLOCK (capex),335,381,"Z:TF4 U,LVM4 O]85FY","87.46 123.78 300.80 64414 8=FOLS Sg8=M, a,MÉ; 400.00100.00 400.00 400.00"
2014-15,64452,70:20:10 SCHEME ROAD IN SOC (capex),335,381,"Z:TF4 U,LVM4 O]85FY","0.00 12213.57 10300.00 64452 *_oZ_o!_ IMHGF C[9/ ;M;FI8LVMDF\  ZM0GL ;]lJWF VF5JF VT\U""T"
2014-15,DEPT381,DEPT TOTAL,335,381,"Z:TF4 U,LVM4 O]85FY G]\  S], 9500.001108.98 14326.69 10023.0","381 Z:TF4 U,LVM4 O]85FY G]\  S], 9500.001108.98 14326.69 10023.00 14887.57 10850.00 10850.00"
2014-15,64402,OTHER BRIDGES (capex),336,382,"5],M","392.41 141.71 1049.19 64402 VgI 5], 4000.007500.00 4000.00 4000.00"
2014-15,DEPT382,DEPT TOTAL,336,382,"5],M G]\  S], 4000.00392.41 141.71 7500.00 1049.19 4200.00 4","382 5],M G]\  S], 4000.00392.41 141.71 7500.00 1049.19 4200.00 4200.00"
2014-15,64401,ROADS AND STREETS RESURFACING (capex),340,962,"hMG, S[5L8, JS"";","5924.10 8168.52 5786.79 64401 Z:TF4 U,L v ZL;ZO[.;ÄU 8940.8911498.19 8940.89 8940.89"
2014-15,64406,ROADS AND STREETS - GENERAL (capex),340,962,"hMG, S[5L8, JS"";","3006.32 4153.83 3213.75 64406 Z:TF4 U,L4 HGZ, 4312.005103.86 5587.00 5587.00"
2014-15,64407,FOOTPATH AND PAVEMENTS (capex),340,962,"hMG, S[5L8, JS"";",987.38 1348.22 1888.36 64407 O]85FY4 5[JD[g8 2894.672348.70 2894.67 2894.67
2014-15,64414,TRAFFIC CONTROL BLOCK (capex),340,962,"hMG, S[5L8, JS"";","0.00 0.00 4.34 64414 8=FOLS Sg8=M, a,MÉ; 0.005.00 0.00 0.00"
2014-15,DEPT962,DEPT TOTAL,341,962,"hMG, S[5L8, JS""; G]\  S], 32000.0017705.43 23645.25 37700.00","962 hMG, S[5L8, JS""; G]\  S], 32000.0017705.43 23645.25 37700.00 23600.00 35930.00 35930.00"
2014-15,64402,OTHER BRIDGES (capex),341,966,8[1F O|L AMg0vZ__$,"-169.03 0.00 0.00 64402 VgI 5], 0.000.00 0.00 0.00"
2014-15,64406,ROADS AND STREETS - GENERAL (capex),341,966,8[1F O|L AMg0vZ__$,"154.57 0.00 0.00 64406 Z:TF4 U,L4 HGZ, 0.000.00 0.00 0.00"
2014-15,DEPT966,DEPT TOTAL,341,966,"8[1F O|L AMg0vZ__$ G]\  S], 0.00-14.46 0.00 0.00 0.00 0.00 0","966 8[1F O|L AMg0vZ__$ G]\  S], 0.00-14.46 0.00 0.00 0.00 0.00 0.00"
2014-15,64402,OTHER BRIDGES (capex),341,967,H[PV[GPV[GPI]PVFZPV[DP  ÝMH[É8,"695.82 23.42 100.00 64402 VgI 5], 5675.00100.00 5675.00 5675.00"
2014-15,DEPT967,DEPT TOTAL,341,967,"H[PV[GPV[GPI]PVFZPV[DP  ÝMH[É8 G]\  S], 42500.0041070.90 318","967 H[PV[GPV[GPI]PVFZPV[DP  ÝMH[É8 G]\  S], 42500.0041070.90 31876.51 37500.00 36000.00 42500.00 42500.00"
2014-15,64401,ROADS AND STREETS RESURFACING (capex),342,968,":JÂ6""D HI\TL D]bID\+L XC[ZL ÂJSF; IMHGF","1940.66 2084.15 3203.10 64401 Z:TF4 U,L v ZL;ZO[.;ÄU 500.00500.00 500.00 500.00"
2014-15,64402,OTHER BRIDGES (capex),342,968,":JÂ6""D HI\TL D]bID\+L XC[ZL ÂJSF; IMHGF","1153.36 946.89 2000.00 64402 VgI 5], 6500.005000.00 6500.00 6500.00"
2014-15,64406,ROADS AND STREETS - GENERAL (capex),342,968,":JÂ6""D HI\TL D]bID\+L XC[ZL ÂJSF; IMHGF","2979.07 15690.18 12000.00 64406 Z:TF4 U,L4 HGZ, 9700.009932.83 9700.00 9700.00"
2014-15,64407,FOOTPATH AND PAVEMENTS (capex),342,968,":JÂ6""D HI\TL D]bID\+L XC[ZL ÂJSF; IMHGF",8.33 17.54 90.00 64407 O]85FY4 5[JD[g8 10.0010.00 10.00 10.00
2014-15,64414,TRAFFIC CONTROL BLOCK (capex),342,968,":JÂ6""D HI\TL D]bID\+L XC[ZL ÂJSF; IMHGF","0.52 245.34 479.90 64414 8=FOLS Sg8=M, a,MÉ; 300.001000.00 300.00 300.00"
2014-15,64453,R.C.C. ROAD (capex),342,968,":JÂ6""D HI\TL D]bID\+L XC[ZL ÂJSF; IMHGF",0.00 0.00 1000.00 64453 VFZP;LP;LP ZM0 8000.005000.00 8000.00 8000.00
2014-15,DEPT968,DEPT TOTAL,343,968,":JÂ6""D HI\TL D]bID\+L XC[ZL ÂJSF; IMHGF G]\  S], 70000.00160","968 :JÂ6""D HI\TL D]bID\+L XC[ZL ÂJSF; IMHGF G]\  S], 70000.0016079.41 37732.41 60000.00 50000.00 70000.00 70000.00"
2014-15,DEPT969,DEPT TOTAL,343,969,"H[PV[GPV[GPI]PVFZPV[DP  ÝMH[É8vZ G]\  S], 0.000.00 0.00 2000","969 H[PV[GPV[GPI]PVFZPV[DP  ÝMH[É8vZ G]\  S], 0.000.00 0.00 20000.00 0.00 0.00 0.00"
2014-15,86244,40% PUBLIC CONTRIB FOR ROADS (cap inc),347,381,"Z:TF4 U,LVM4 O]85FY","54.91 183.33 44.04 86244 $_@GF BR["" Z:TF SZJF 0.00100.00 0.00 0.00"
2014-15,86269,70:20:10 SCHEME ROAD CONTRIB (cap inc),347,381,"Z:TF4 U,LVM4 O]85FY","0.00 4142.10 4000.00 86269 *_oZ_o!_ IMHGF C[9/ ;M;FI8LVMDF\  ZM0GL ;]lJWF VF5JF VT\U""T"
2014-15,86275,ROAD AT 80:20 SCHEME (cap inc),347,381,"Z:TF4 U,LVM4 O]85FY",0.00 0.00 200.00 86275 (_oZ_ :SLD C[9/ ZM0GF SFDM 40.000.00 90.00 90.00
2014-15,DEPT381,DEPT TOTAL,347,381,"Z:TF4 U,LVM4 O]85FY G]\  S], 3880.0066.70 4583.56 726.00 424","381 Z:TF4 U,LVM4 O]85FY G]\  S], 3880.0066.70 4583.56 726.00 4248.55 3930.00 3930.00"
2014-15,DEPT967,DEPT TOTAL,348,967,"H[PV[GPV[GPI]PVFZPV[DP  ÝMH[É8 G]\  S], 25052.0014346.57 127","967 H[PV[GPV[GPI]PVFZPV[DP  ÝMH[É8 G]\  S], 25052.0014346.57 12769.63 6236.63 15001.00 25052.00 25052.00"
2014-15,DEPT969,DEPT TOTAL,348,969,"H[PV[GPV[GPI]PVFZPV[DP  ÝMH[É8vZ G]\  S], 0.000.00 0.00 1000","969 H[PV[GPV[GPI]PVFZPV[DP  ÝMH[É8vZ G]\  S], 0.000.00 0.00 10000.00 0.00 0.00 0.00"
2015-16,23306,PENALTY RECOVERED FROM CONTRACTORS (rev inc),265,153,";[g8=, JS""XM5vDLS[GLS, :8M;""","0.02 0.26 0.50 23306 SMg8=FÉ8;"" 5F;[YL D/[, N\0GL VFJS 1.005.00 1.00 1.00"
2015-16,23306,PENALTY RECOVERED FROM CONTRACTORS (rev inc),269,302,"ZMXGL BFT] s,F.8 BFT]\f","0.00 3.54 0.00 23306 SMg8=FÉ8;"" 5F;[YL D/[, N\0GL VFJS 0.000.00 0.00 0.00"
2015-16,23306,PENALTY RECOVERED FROM CONTRACTORS (rev inc),269,304,SMdI]GLS[XG  lJEFU,"0.00 0.00 1.00 23306 SMg8=FÉ8;"" 5F;[YL D/[, N\0GL VFJS 1.001.00 1.00 1.00"
2015-16,23306,PENALTY RECOVERED FROM CONTRACTORS (rev inc),270,352,XC[ZGF SRZM p5F0JF v ;MPJ[PDP,"319.89 341.42 246.94 23306 SMg8=FÉ8;"" 5F;[YL D/[, N\0GL VFJS 320.00320.00 320.00 320.00"
2015-16,23306,PENALTY RECOVERED FROM CONTRACTORS (rev inc),271,371,".HG[Z 0L5F8""D[g8 v ;FDFgI N[BZ[B","211.64 315.02 200.00 23306 SMg8=FÉ8;"" 5F;[YL D/[, N\0GL VFJS 200.00200.00 200.00 200.00"
2015-16,23311,COST OF WORK DONE ON CAPITAL A/C LSR (rev inc),271,371,".HG[Z 0L5F8""D[g8 v ;FDFgI N[BZ[B","3140.62 2909.69 3437.00 23311 ,MG :8FO ZLSJZL sV[,PV[;PVFZf 3637.003437.00 3637.00 3637.00"
2015-16,DEPT371,DEPT TOTAL,271,371,".HG[Z 0L5F8""D[g8 v ;FDFgI N[BZ[B  v S], 6279.253785.70 3987.","371 .HG[Z 0L5F8""D[g8 v ;FDFgI N[BZ[B  v S], 6279.253785.70 3987.17 4555.25 5059.60 6279.25 6279.25"
2015-16,10301,"VEHICLE TAX (rev inc, dept 381)",271,381,"Z:TF4 U,LVM4 O]85FY",4230.93 5509.11 6000.00 10301 JFCG 8[Ù 6500.006000.00 6500.00 6500.00
2015-16,13423,ROAD CUT RESTORATION CHARGES (rev inc),271,381,"Z:TF4 U,LVM4 O]85FY",736.90 1120.96 1100.00 13423 Z:TF S5FT 5]Go :YF5G OL 1200.001200.00 1200.00 1200.00
2015-16,DEPT381,DEPT TOTAL,271,381,"Z:TF4 U,LVM4 O]85FY  v S], 7720.004977.26 9141.44 7218.00 71","381 Z:TF4 U,LVM4 O]85FY  v S], 7720.004977.26 9141.44 7218.00 7115.00 7720.00 7720.00"
2015-16,23306,PENALTY RECOVERED FROM CONTRACTORS (rev inc),275,609,h],"0.21 0.00 0.05 23306 SMg8=FÉ8;"" 5F;[YL D/[, N\0GL VFJS 0.050.05 0.05 0.05"
2015-16,DEPT371,DEPT TOTAL,303,371,".HG[Z 0L5F8""D[g8 v ;FDFgI N[BZ[B  v S], 8426.957217.35 6379.","371 .HG[Z 0L5F8""D[g8 v ;FDFgI N[BZ[B  v S], 8426.957217.35 6379.85 8545.54 8742.66 9002.95 9002.95"
2015-16,38401,ROADS STREETS AND PAVEMENTS (rev exp),303,381,"Z:TF4 U,LVM4 O]85FY","690.51 717.75 875.00 38401 Z:TF U,LVM TYF O}85FY 915.00780.00 915.00 915.00"
2015-16,38407,FOOT-PATH PAVEMENTS (rev exp),303,381,"Z:TF4 U,LVM4 O]85FY",68.94 94.72 97.00 38407 O}85FY s5[JD[g8f 111.00161.00 111.00 111.00
2015-16,38413,POLE PAVEMENTS (rev exp),303,381,"Z:TF4 U,LVM4 O]85FY",26.47 36.31 45.00 38413 5M/ 5[JD[g8 52.0071.50 52.00 52.00
2015-16,DEPT381,DEPT TOTAL,303,381,"Z:TF4 U,LVM4 O]85FY  v S], 3503.272938.35 3057.81 3443.87 32","381 Z:TF4 U,LVM4 O]85FY  v S], 3503.272938.35 3057.81 3443.87 3294.09 3503.27 3503.27"
2015-16,DEPT371,DEPT TOTAL,332,371,".HG[Z 0L5F8""D[g8 v ;FDFgI N[BZ[B  v S], 38848.682928.81 5120","371 .HG[Z 0L5F8""D[g8 v ;FDFgI N[BZ[B  v S], 38848.682928.81 5120.05 27781.26 22996.84 42923.68 42923.68"
2015-16,64401,ROADS AND STREETS RESURFACING (capex),332,381,"Z:TF4 U,LVM4 O]85FY","52.01 70.17 0.00 64401 Z:TF4 U,L v ZL;ZO[.;ÄU 0.00200.00 1300.00 1300.00"
2015-16,64406,ROADS AND STREETS - GENERAL (capex),332,381,"Z:TF4 U,LVM4 O]85FY","1634.18 1270.52 3600.00 64406 Z:TF4 U,L4 HGZ, 4100.003900.00 6850.00 6850.00"
2015-16,64410,NALA - GENERAL (capex),332,381,"Z:TF4 U,LVM4 O]85FY","0.00 0.00 0.00 64410 GF/F4 HGZ, 1200.000.00 1200.00 1200.00"
2015-16,64414,TRAFFIC CONTROL BLOCK (capex),332,381,"Z:TF4 U,LVM4 O]85FY","123.78 207.23 300.00 64414 8=FOLS Sg8=M, a,MÉ; 500.00400.00 500.00 500.00"
2015-16,64452,70:20:10 SCHEME ROAD IN SOC (capex),332,381,"Z:TF4 U,LVM4 O]85FY","12213.57 11893.15 8000.00 64452 *_oZ_o!_ IMHGF C[9/ ;M;FI8LVMDF\  ZM0GL ;]lJWF VF5JF VT\U""T BR"" 5000.006000.00 5000.00 5000.00"
2015-16,64453,R.C.C. ROAD (capex),332,381,"Z:TF4 U,LVM4 O]85FY",0.00 0.00 0.00 64453 VFZP;LP;LP ZM0 0.000.00 200.00 200.00
2015-16,DEPT381,DEPT TOTAL,332,381,"Z:TF4 U,LVM4 O]85FY  v S], 10915.0014326.69 14497.23 10850.0","381 Z:TF4 U,LVM4 O]85FY  v S], 10915.0014326.69 14497.23 10850.00 12050.00 15165.00 15165.00"
2015-16,64402,OTHER BRIDGES (capex),332,382,"5],M","141.71 276.60 1781.00 64402 VgI 5], 8800.004000.00 8800.00 8800.00"
2015-16,DEPT382,DEPT TOTAL,333,382,"5],M  v S], 8950.00141.71 276.60 4200.00 1806.00 9050.00 905","382 5],M  v S], 8950.00141.71 276.60 4200.00 1806.00 9050.00 9050.00"
2015-16,64401,ROADS AND STREETS RESURFACING (capex),337,962,"hMG, S[5L8, JS"";","8168.52 4341.13 3113.49 64401 Z:TF4 U,L v ZL;ZO[.;ÄU 5901.228940.89 6501.22 6501.22"
2015-16,64406,ROADS AND STREETS - GENERAL (capex),337,962,"hMG, S[5L8, JS"";","4153.83 2228.87 2274.48 64406 Z:TF4 U,L4 HGZ, 1523.595587.00 1523.59 1523.59"
2015-16,64407,FOOTPATH AND PAVEMENTS (capex),337,962,"hMG, S[5L8, JS"";",1348.22 1587.19 1147.89 64407 O]85FY4 5[JD[g8 1149.362894.67 1149.36 1149.36
2015-16,DEPT962,DEPT TOTAL,337,962,"hMG, S[5L8, JS"";  v S], 34000.0023645.25 20575.10 35930.00 1","962 hMG, S[5L8, JS"";  v S], 34000.0023645.25 20575.10 35930.00 14621.51 35200.00 35200.00"
2015-16,64402,OTHER BRIDGES (capex),337,966,8[1F O|L AMg0vZ__$,"0.00 63.56 0.00 64402 VgI 5], 0.000.00 0.00 0.00"
2015-16,DEPT966,DEPT TOTAL,337,966,"8[1F O|L AMg0vZ__$  v S], 0.000.00 63.56 0.00 0.00 0.00 0.00","966 8[1F O|L AMg0vZ__$  v S], 0.000.00 63.56 0.00 0.00 0.00 0.00"
2015-16,64402,OTHER BRIDGES (capex),338,967,H[PV[GPV[GPI]PVFZPV[DP  ÝMH[É8,"23.42 5.05 0.00 64402 VgI 5], 0.005675.00 0.00 0.00"
2015-16,DEPT967,DEPT TOTAL,338,967,"H[PV[GPV[GPI]PVFZPV[DP  ÝMH[É8  v S], 15700.0031876.51 26650","967 H[PV[GPV[GPI]PVFZPV[DP  ÝMH[É8  v S], 15700.0031876.51 26650.51 42500.00 21300.00 15700.00 15700.00"
2015-16,64401,ROADS AND STREETS RESURFACING (capex),339,968,":JÂ6""D HI\TL D]bID\+L XC[ZL ÂJSF; IMHGF","2084.15 2445.48 3000.00 64401 Z:TF4 U,L v ZL;ZO[.;ÄU 3000.00500.00 3000.00 3000.00"
2015-16,64402,OTHER BRIDGES (capex),339,968,":JÂ6""D HI\TL D]bID\+L XC[ZL ÂJSF; IMHGF","946.89 1475.40 2643.30 64402 VgI 5], 4500.006500.00 4500.00 4500.00"
2015-16,64406,ROADS AND STREETS - GENERAL (capex),339,968,":JÂ6""D HI\TL D]bID\+L XC[ZL ÂJSF; IMHGF","15690.18 17384.27 13306.35 64406 Z:TF4 U,L4 HGZ, 9690.569700.00 9690.56 9690.56"
2015-16,64407,FOOTPATH AND PAVEMENTS (capex),339,968,":JÂ6""D HI\TL D]bID\+L XC[ZL ÂJSF; IMHGF",17.54 128.24 200.00 64407 O]85FY4 5[JD[g8 200.0010.00 200.00 200.00
2015-16,64414,TRAFFIC CONTROL BLOCK (capex),339,968,":JÂ6""D HI\TL D]bID\+L XC[ZL ÂJSF; IMHGF","245.34 283.51 982.41 64414 8=FOLS Sg8=M, a,MÉ; 560.50300.00 560.50 560.50"
2015-16,64453,R.C.C. ROAD (capex),339,968,":JÂ6""D HI\TL D]bID\+L XC[ZL ÂJSF; IMHGF",0.00 0.00 1990.00 64453 VFZP;LP;LP ZM0 1907.508000.00 1907.50 1907.50
2015-16,DEPT968,DEPT TOTAL,340,968,":JÂ6""D HI\TL D]bID\+L XC[ZL ÂJSF; IMHGF  v S], 60000.0037732","968 :JÂ6""D HI\TL D]bID\+L XC[ZL ÂJSF; IMHGF  v S], 60000.0037732.41 51356.76 70000.00 60000.00 60000.00 60000.00"
2015-16,86244,40% PUBLIC CONTRIB FOR ROADS (cap inc),343,381,"Z:TF4 U,LVM4 O]85FY","183.33 45.37 0.00 86244 $_@GF BR["" Z:TF SZJF 0.000.00 0.00 0.00"
2015-16,86269,70:20:10 SCHEME ROAD CONTRIB (cap inc),343,381,"Z:TF4 U,LVM4 O]85FY","4142.10 2901.55 1200.00 86269 *_oZ_o!_ IMHGF C[9/ ;M;FI8LVMDF\  ZM0GL ;]lJWF VF5JF VT\U""T VFJS 500.003840.00 500.00 500.00"
2015-16,86275,ROAD AT 80:20 SCHEME (cap inc),343,381,"Z:TF4 U,LVM4 O]85FY",0.00 75.68 40.00 86275 (_oZ_ :SLD C[9/ ZM0GF SFDM 20.0090.00 20.00 20.00
2015-16,DEPT381,DEPT TOTAL,343,381,"Z:TF4 U,LVM4 O]85FY  v S], 520.004583.56 3027.11 3930.00 124","381 Z:TF4 U,LVM4 O]85FY  v S], 520.004583.56 3027.11 3930.00 1240.00 520.00 520.00"
2015-16,DEPT967,DEPT TOTAL,344,967,"H[PV[GPV[GPI]PVFZPV[DP  ÝMH[É8  v S], 1830.0012769.63 12333.","967 H[PV[GPV[GPI]PVFZPV[DP  ÝMH[É8  v S], 1830.0012769.63 12333.45 25052.00 5004.00 1830.00 1830.00"
2016-17,23306,PENALTY RECOVERED FROM CONTRACTORS (rev inc),216,153,";[g8=, JS""XM5vDLS[GLS, :8M;""","0.26 0.08 1.00 23306 SMg8=FÉ8;"" 5F;[YL D/[, N\0GL VFJS 1.001.00 1.00 1.00"
2016-17,23306,PENALTY RECOVERED FROM CONTRACTORS (rev inc),219,302,"ZMXGL BFT] s,F.8 BFT]\f","3.54 0.00 0.00 23306 SMg8=FÉ8;"" 5F;[YL D/[, N\0GL VFJS 0.000.00 0.00 0.00"
2016-17,23306,PENALTY RECOVERED FROM CONTRACTORS (rev inc),219,304,SMdI]GLS[XG  lJEFU,"0.00 0.00 0.50 23306 SMg8=FÉ8;"" 5F;[YL D/[, N\0GL VFJS 1.001.00 1.00 1.00"
2016-17,23306,PENALTY RECOVERED FROM CONTRACTORS (rev inc),221,352,XC[ZGF SRZM p5F0JF v ;MPJ[PDP,"341.42 365.40 317.16 23306 SMg8=FÉ8;"" 5F;[YL D/[, N\0GL VFJS 320.00320.00 320.00 320.00"
2016-17,23306,PENALTY RECOVERED FROM CONTRACTORS (rev inc),221,371,".HG[Z 0L5F8""D[g8 v ;FDFgI N[BZ[B","315.02 466.09 250.00 23306 SMg8=FÉ8;"" 5F;[YL D/[, N\0GL VFJS 250.00200.00 250.00 250.00"
2016-17,23311,COST OF WORK DONE ON CAPITAL A/C LSR (rev inc),221,371,".HG[Z 0L5F8""D[g8 v ;FDFgI N[BZ[B","2909.69 3636.07 3500.00 23311 ,MG :8FO ZLSJZL sV[,PV[;PVFZf 4000.003637.00 4000.00 4000.00"
2016-17,DEPT371,DEPT TOTAL,221,371,".HG[Z 0L5F8""D[g8 v ;FDFgI N[BZ[B  v S], 6668.803987.17 4739.","371 .HG[Z 0L5F8""D[g8 v ;FDFgI N[BZ[B  v S], 6668.803987.17 4739.99 6279.25 5315.80 6668.80 6668.80"
2016-17,10301,"VEHICLE TAX (rev inc, dept 381)",221,381,"Z:TF4 U,LVM4 O]85FY",5509.11 6210.91 6500.00 10301 JFCG 8[Ù 7000.006500.00 7000.00 7000.00
2016-17,13423,ROAD CUT RESTORATION CHARGES (rev inc),221,381,"Z:TF4 U,LVM4 O]85FY",1120.96 1177.48 1500.00 13423 Z:TF S5FT 5]Go :YF5G OL 2000.001200.00 2000.00 2000.00
2016-17,DEPT381,DEPT TOTAL,222,381,"Z:TF4 U,LVM4 O]85FY  v S], 9032.009141.44 7447.43 7720.00 80","381 Z:TF4 U,LVM4 O]85FY  v S], 9032.009141.44 7447.43 7720.00 8030.00 9032.00 9032.00"
2016-17,23306,PENALTY RECOVERED FROM CONTRACTORS (rev inc),222,401,C[<YBFT]\,"0.00 0.00 12.00 23306 SMg8=FÉ8;"" 5F;[YL D/[, N\0GL VFJS 15.000.00 15.00 15.00"
2016-17,23306,PENALTY RECOVERED FROM CONTRACTORS (rev inc),226,609,h],"0.00 0.00 0.05 23306 SMg8=FÉ8;"" 5F;[YL D/[, N\0GL VFJS 0.050.05 0.05 0.05"
2016-17,DEPT371,DEPT TOTAL,255,371,".HG[Z 0L5F8""D[g8 v ;FDFgI N[BZ[B  v S], 9740.896379.85 7247.","371 .HG[Z 0L5F8""D[g8 v ;FDFgI N[BZ[B  v S], 9740.896379.85 7247.57 9002.95 10201.99 10508.89 10508.89"
2016-17,38401,ROADS STREETS AND PAVEMENTS (rev exp),256,381,"Z:TF4 U,LVM4 O]85FY","717.75 795.64 896.67 38401 Z:TF U,LVM TYF O}85FY 1015.00915.00 1015.00 1015.00"
2016-17,38407,FOOT-PATH PAVEMENTS (rev exp),256,381,"Z:TF4 U,LVM4 O]85FY",94.72 78.15 110.00 38407 O}85FY s5[JD[g8f 130.00111.00 130.00 130.00
2016-17,38413,POLE PAVEMENTS (rev exp),256,381,"Z:TF4 U,LVM4 O]85FY",36.31 37.54 42.00 38413 5M/ 5[JD[g8 51.0052.00 51.00 51.00
2016-17,DEPT381,DEPT TOTAL,256,381,"Z:TF4 U,LVM4 O]85FY  v S], 3811.223057.81 3098.48 3503.27 32","381 Z:TF4 U,LVM4 O]85FY  v S], 3811.223057.81 3098.48 3503.27 3231.69 3811.22 3811.22"
2016-17,DEPT371,DEPT TOTAL,285,371,".HG[Z 0L5F8""D[g8 v ;FDFgI N[BZ[B  v S], 43575.005120.05 2818","371 .HG[Z 0L5F8""D[g8 v ;FDFgI N[BZ[B  v S], 43575.005120.05 28185.86 42923.68 43369.56 52175.00 52175.00"
2016-17,64401,ROADS AND STREETS RESURFACING (capex),285,381,"Z:TF4 U,LVM4 O]85FY","70.17 0.00 0.00 64401 Z:TF4 U,L v ZL;ZO[.;ÄU 0.001300.00 0.00 0.00"
2016-17,64406,ROADS AND STREETS - GENERAL (capex),285,381,"Z:TF4 U,LVM4 O]85FY","1270.52 4368.88 5270.46 64406 Z:TF4 U,L4 HGZ, 6700.006850.00 12000.00 12000.00"
2016-17,64410,NALA - GENERAL (capex),285,381,"Z:TF4 U,LVM4 O]85FY","0.00 0.00 0.00 64410 GF/F4 HGZ, 0.001200.00 0.00 0.00"
2016-17,64414,TRAFFIC CONTROL BLOCK (capex),285,381,"Z:TF4 U,LVM4 O]85FY","207.23 194.93 318.56 64414 8=FOLS Sg8=M, a,MÉ; 600.00500.00 600.00 600.00"
2016-17,64452,70:20:10 SCHEME ROAD IN SOC (capex),285,381,"Z:TF4 U,LVM4 O]85FY","11893.15 9075.81 7200.00 64452 *_oZ_o!_ IMHGF C[9/ ;M;FI8LVMDF\  ZM0GL ;]lJWF VF5JF VT\U""T BR"" 4300.005000.00 4300.00 4300.00"
2016-17,64453,R.C.C. ROAD (capex),285,381,"Z:TF4 U,LVM4 O]85FY",0.00 0.00 0.00 64453 VFZP;LP;LP ZM0 0.00200.00 300.00 300.00
2016-17,DEPT381,DEPT TOTAL,285,381,"Z:TF4 U,LVM4 O]85FY  v S], 12165.0014497.23 13729.81 15165.0","381 Z:TF4 U,LVM4 O]85FY  v S], 12165.0014497.23 13729.81 15165.00 12904.02 17765.00 17765.00"
2016-17,64402,OTHER BRIDGES (capex),285,382,"5],M","276.60 1154.62 1241.19 64402 VgI 5], 5500.008800.00 10000.00 10000.00"
2016-17,DEPT382,DEPT TOTAL,285,382,"5],M  v S], 5650.00276.60 1154.62 9050.00 1266.19 10150.00 1","382 5],M  v S], 5650.00276.60 1154.62 9050.00 1266.19 10150.00 10150.00"
2016-17,64401,ROADS AND STREETS RESURFACING (capex),290,962,"hMG, S[5L8, JS"";","4341.13 3196.37 4695.94 64401 Z:TF4 U,L v ZL;ZO[.;ÄU 7369.646501.22 7769.64 7769.64"
2016-17,64406,ROADS AND STREETS - GENERAL (capex),290,962,"hMG, S[5L8, JS"";","2228.87 2425.02 1008.33 64406 Z:TF4 U,L4 HGZ, 1262.751523.59 1262.75 1262.75"
2016-17,64407,FOOTPATH AND PAVEMENTS (capex),290,962,"hMG, S[5L8, JS"";",1587.19 947.30 922.75 64407 O]85FY4 5[JD[g8 1461.051149.36 1461.05 1461.05
2016-17,64414,TRAFFIC CONTROL BLOCK (capex),290,962,"hMG, S[5L8, JS"";","0.00 0.51 0.00 64414 8=FOLS Sg8=M, a,MÉ; 0.000.00 0.00 0.00"
2016-17,DEPT962,DEPT TOTAL,290,962,"hMG, S[5L8, JS"";  v S], 36000.0020575.10 14566.15 35200.00 1","962 hMG, S[5L8, JS"";  v S], 36000.0020575.10 14566.15 35200.00 14935.00 37100.00 37100.00"
2016-17,64402,OTHER BRIDGES (capex),290,966,8[1F O|L AMg0vZ__$,"63.56 0.00 0.00 64402 VgI 5], 0.000.00 0.00 0.00"
2016-17,DEPT966,DEPT TOTAL,290,966,"8[1F O|L AMg0vZ__$  v S], 0.0063.56 0.00 0.00 0.00 0.00 0.00","966 8[1F O|L AMg0vZ__$  v S], 0.0063.56 0.00 0.00 0.00 0.00 0.00"
2016-17,64402,OTHER BRIDGES (capex),291,967,H[PV[GPV[GPI]PVFZPV[DP  ÝMH[É8,"5.05 0.00 0.00 64402 VgI 5], 0.000.00 0.00 0.00"
2016-17,DEPT967,DEPT TOTAL,291,967,"H[PV[GPV[GPI]PVFZPV[DP  ÝMH[É8  v S], 9100.0026650.51 18068.","967 H[PV[GPV[GPI]PVFZPV[DP  ÝMH[É8  v S], 9100.0026650.51 18068.35 15700.00 12000.00 9100.00 9100.00"
2016-17,64401,ROADS AND STREETS RESURFACING (capex),292,968,":JÂ6""D HI\TL D]bID\+L XC[ZL ÂJSF; IMHGF","2445.48 4132.49 13085.65 64401 Z:TF4 U,L v ZL;ZO[.;ÄU 4500.003000.00 4500.00 4500.00"
2016-17,64402,OTHER BRIDGES (capex),292,968,":JÂ6""D HI\TL D]bID\+L XC[ZL ÂJSF; IMHGF","1475.40 3065.95 4500.00 64402 VgI 5], 5000.004500.00 5000.00 5000.00"
2016-17,64406,ROADS AND STREETS - GENERAL (capex),292,968,":JÂ6""D HI\TL D]bID\+L XC[ZL ÂJSF; IMHGF","17384.27 11221.12 5000.00 64406 Z:TF4 U,L4 HGZ, 4224.809690.56 4224.80 4224.80"
2016-17,64407,FOOTPATH AND PAVEMENTS (capex),292,968,":JÂ6""D HI\TL D]bID\+L XC[ZL ÂJSF; IMHGF",128.24 108.13 100.00 64407 O]85FY4 5[JD[g8 100.00200.00 100.00 100.00
2016-17,64410,NALA - GENERAL (capex),292,968,":JÂ6""D HI\TL D]bID\+L XC[ZL ÂJSF; IMHGF","0.00 0.00 672.71 64410 GF/F4 HGZ, 7000.000.00 7000.00 7000.00"
2016-17,64414,TRAFFIC CONTROL BLOCK (capex),292,968,":JÂ6""D HI\TL D]bID\+L XC[ZL ÂJSF; IMHGF","283.51 475.70 540.84 64414 8=FOLS Sg8=M, a,MÉ; 226.18560.50 226.18 226.18"
2016-17,64453,R.C.C. ROAD (capex),292,968,":JÂ6""D HI\TL D]bID\+L XC[ZL ÂJSF; IMHGF",0.00 1336.20 2244.27 64453 VFZP;LP;LP ZM0 1000.001907.50 1000.00 1000.00
2016-17,DEPT968,DEPT TOTAL,293,968,":JÂ6""D HI\TL D]bID\+L XC[ZL ÂJSF; IMHGF  v S], 60000.0051356","968 :JÂ6""D HI\TL D]bID\+L XC[ZL ÂJSF; IMHGF  v S], 60000.0051356.76 51507.98 60000.00 60000.00 60000.00 60000.00"
2016-17,DEPT969,DEPT TOTAL,293,969,"VD'T  v S], 5000.000.00 0.00 0.00 500.00 5000.00 5000.00","969 VD'T  v S], 5000.000.00 0.00 0.00 500.00 5000.00 5000.00"
2016-17,86244,40% PUBLIC CONTRIB FOR ROADS (cap inc),297,381,"Z:TF4 U,LVM4 O]85FY","45.37 0.00 0.00 86244 $_@GF BR["" Z:TF SZJF 0.000.00 0.00 0.00"
2016-17,86269,70:20:10 SCHEME ROAD CONTRIB (cap inc),297,381,"Z:TF4 U,LVM4 O]85FY","2901.55 1278.18 1000.00 86269 *_oZ_o!_ IMHGF C[9/ ;M;FI8LVMDF\  ZM0GL ;]lJWF VF5JF VT\U""T VFJS 200.00500.00 200.00 200.00"
2016-17,86275,ROAD AT 80:20 SCHEME (cap inc),297,381,"Z:TF4 U,LVM4 O]85FY",75.68 21.94 20.00 86275 (_oZ_ :SLD C[9/ ZM0GF SFDM 10.0020.00 10.00 10.00
2016-17,DEPT381,DEPT TOTAL,297,381,"Z:TF4 U,LVM4 O]85FY  v S], 210.003027.11 1300.12 520.00 1020","381 Z:TF4 U,LVM4 O]85FY  v S], 210.003027.11 1300.12 520.00 1020.00 210.00 210.00"
2016-17,DEPT967,DEPT TOTAL,298,967,"H[PV[GPV[GPI]PVFZPV[DP  ÝMH[É8  v S], 750.0012333.45 1138.09","967 H[PV[GPV[GPI]PVFZPV[DP  ÝMH[É8  v S], 750.0012333.45 1138.09 1830.00 4800.00 750.00 750.00"
2017-18,23306,PENALTY RECOVERED FROM CONTRACTORS (rev inc),229,153,";[g8=, JS""XM5vDLS[GLS, :8M;""","0.08 0.57 1.00 23306 SMg8=FÉ8;"" 5F;[YL D/[, N\0GL VFJS 1.001.00 1.00 1.00"
2017-18,23306,PENALTY RECOVERED FROM CONTRACTORS (rev inc),232,302,"ZMXGL BFT] s,F.8 BFT]\f","0.00 0.00 1.50 23306 SMg8=FÉ8;"" 5F;[YL D/[, N\0GL VFJS 1.750.00 1.75 1.75"
2017-18,23306,PENALTY RECOVERED FROM CONTRACTORS (rev inc),233,304,SMdI]GLS[XG  lJEFU,"0.00 0.00 0.50 23306 SMg8=FÉ8;"" 5F;[YL D/[, N\0GL VFJS 1.001.00 1.00 1.00"
2017-18,23306,PENALTY RECOVERED FROM CONTRACTORS (rev inc),234,352,XC[ZGF SRZM p5F0JF v ;MPJ[PDP,"365.40 327.05 335.00 23306 SMg8=FÉ8;"" 5F;[YL D/[, N\0GL VFJS 360.00320.00 360.00 360.00"
2017-18,23306,PENALTY RECOVERED FROM CONTRACTORS (rev inc),234,371,".HG[Z 0L5F8""D[g8 v ;FDFgI N[BZ[B","466.09 423.89 600.00 23306 SMg8=FÉ8;"" 5F;[YL D/[, N\0GL VFJS 650.00250.00 650.00 650.00"
2017-18,23311,COST OF WORK DONE ON CAPITAL A/C LSR (rev inc),234,371,".HG[Z 0L5F8""D[g8 v ;FDFgI N[BZ[B","3636.07 2587.22 2847.30 23311 ,MG :8FO ZLSJZL sV[,PV[;PVFZf 4600.004000.00 4600.00 4600.00"
2017-18,DEPT371,DEPT TOTAL,234,371,".HG[Z 0L5F8""D[g8 v ;FDFgI N[BZ[B  v S], 9336.804739.99 4207.","371 .HG[Z 0L5F8""D[g8 v ;FDFgI N[BZ[B  v S], 9336.804739.99 4207.02 6668.80 6700.10 9336.80 9336.80"
2017-18,10301,"VEHICLE TAX (rev inc, dept 381)",234,381,"Z:TF4 U,LVM4 O]85FY",6210.91 6935.34 7100.00 10301 JFCG 8[Ù 7700.007000.00 7700.00 7700.00
2017-18,13423,ROAD CUT RESTORATION CHARGES (rev inc),234,381,"Z:TF4 U,LVM4 O]85FY",1177.48 2360.23 2500.00 13423 Z:TF S5FT 5]Go :YF5G OL 3000.002000.00 3000.00 3000.00
2017-18,DEPT381,DEPT TOTAL,235,381,"Z:TF4 U,LVM4 O]85FY  v S], 11232.007447.43 9318.30 9032.00 1","381 Z:TF4 U,LVM4 O]85FY  v S], 11232.007447.43 9318.30 9032.00 10130.00 11232.00 11232.00"
2017-18,23306,PENALTY RECOVERED FROM CONTRACTORS (rev inc),235,401,C[<YBFT]\,"0.00 6.28 12.00 23306 SMg8=FÉ8;"" 5F;[YL D/[, N\0GL VFJS 15.0015.00 15.00 15.00"
2017-18,23306,PENALTY RECOVERED FROM CONTRACTORS (rev inc),239,609,h],"0.00 2.67 0.05 23306 SMg8=FÉ8;"" 5F;[YL D/[, N\0GL VFJS 0.050.05 0.05 0.05"
2017-18,DEPT371,DEPT TOTAL,269,371,".HG[Z 0L5F8""D[g8 v ;FDFgI N[BZ[B  v S], 10154.647247.57 9270","371 .HG[Z 0L5F8""D[g8 v ;FDFgI N[BZ[B  v S], 10154.647247.57 9270.85 10508.89 10679.48 11114.64 11114.64"
2017-18,38401,ROADS STREETS AND PAVEMENTS (rev exp),269,381,"Z:TF4 U,LVM4 O]85FY","795.64 843.65 949.00 38401 Z:TF U,LVM TYF O}85FY 1040.001015.00 1040.00 1040.00"
2017-18,38407,FOOT-PATH PAVEMENTS (rev exp),269,381,"Z:TF4 U,LVM4 O]85FY",78.15 98.82 122.00 38407 O}85FY s5[JD[g8f 126.00130.00 126.00 126.00
2017-18,38413,POLE PAVEMENTS (rev exp),269,381,"Z:TF4 U,LVM4 O]85FY",37.54 31.42 32.00 38413 5M/ 5[JD[g8 38.0051.00 38.00 38.00
2017-18,DEPT381,DEPT TOTAL,269,381,"Z:TF4 U,LVM4 O]85FY  v S], 3720.723098.48 3115.22 3811.22 33","381 Z:TF4 U,LVM4 O]85FY  v S], 3720.723098.48 3115.22 3811.22 3385.42 3720.72 3720.72"
2017-18,DEPT371,DEPT TOTAL,299,371,".HG[Z 0L5F8""D[g8 v ;FDFgI N[BZ[B  v S], 44398.0028185.86 460","371 .HG[Z 0L5F8""D[g8 v ;FDFgI N[BZ[B  v S], 44398.0028185.86 46025.84 52175.00 42952.00 49273.00 49273.00"
2017-18,64401,ROADS AND STREETS RESURFACING (capex),299,381,"Z:TF4 U,LVM4 O]85FY","0.00 0.24 1100.00 64401 Z:TF4 U,L v ZL;ZO[.;ÄU 0.000.00 1000.00 1000.00"
2017-18,64406,ROADS AND STREETS - GENERAL (capex),299,381,"Z:TF4 U,LVM4 O]85FY","4368.88 4213.94 3200.00 64406 Z:TF4 U,L4 HGZ, 6849.0012000.00 8349.00 8349.00"
2017-18,64410,NALA - GENERAL (capex),299,381,"Z:TF4 U,LVM4 O]85FY","0.00 0.00 0.00 64410 GF/F4 HGZ, 0.000.00 200.00 200.00"
2017-18,64414,TRAFFIC CONTROL BLOCK (capex),299,381,"Z:TF4 U,LVM4 O]85FY","194.93 261.39 350.00 64414 8=FOLS Sg8=M, a,MÉ; 600.00600.00 1100.00 1100.00"
2017-18,64452,70:20:10 SCHEME ROAD IN SOC (capex),299,381,"Z:TF4 U,LVM4 O]85FY","9075.81 7411.93 3100.00 64452 *_oZ_o!_ IMHGF C[9/ ;M;FI8LVMDF\  ZM0GL ;]lJWF VF5JF VT\U""T BR"" 3000.004300.00 3000.00 3000.00"
2017-18,64453,R.C.C. ROAD (capex),299,381,"Z:TF4 U,LVM4 O]85FY",0.00 0.00 0.00 64453 VFZP;LP;LP ZM0 0.00300.00 0.00 0.00
2017-18,DEPT381,DEPT TOTAL,299,381,"Z:TF4 U,LVM4 O]85FY  v S], 10800.0013729.81 11919.02 17765.0","381 Z:TF4 U,LVM4 O]85FY  v S], 10800.0013729.81 11919.02 17765.00 7850.00 14000.00 14000.00"
2017-18,64402,OTHER BRIDGES (capex),299,382,"5],M","1154.62 962.11 2000.00 64402 VgI 5], 6000.0010000.00 7850.00 7850.00"
2017-18,DEPT382,DEPT TOTAL,299,382,"5],M  v S], 6150.001154.62 962.11 10150.00 2025.00 8486.50 8","382 5],M  v S], 6150.001154.62 962.11 10150.00 2025.00 8486.50 8486.50"
2017-18,64401,ROADS AND STREETS RESURFACING (capex),303,962,"hMG, S[5L8, JS"";","3196.37 3223.46 4471.79 64401 Z:TF4 U,L v ZL;ZO[.;ÄU 7332.357769.64 7332.35 7332.35"
2017-18,64406,ROADS AND STREETS - GENERAL (capex),303,962,"hMG, S[5L8, JS"";","2425.02 1161.60 1060.19 64406 Z:TF4 U,L4 HGZ, 1908.451262.75 1908.45 1908.45"
2017-18,64407,FOOTPATH AND PAVEMENTS (capex),303,962,"hMG, S[5L8, JS"";",947.30 882.81 1593.10 64407 O]85FY4 5[JD[g8 2372.271461.05 2372.27 2372.27
2017-18,64414,TRAFFIC CONTROL BLOCK (capex),303,962,"hMG, S[5L8, JS"";","0.51 0.00 0.00 64414 8=FOLS Sg8=M, a,MÉ; 0.000.00 0.00 0.00"
2017-18,DEPT962,DEPT TOTAL,304,962,"hMG, S[5L8, JS"";  v S], 37000.0014566.15 12600.64 37100.00 1","962 hMG, S[5L8, JS"";  v S], 37000.0014566.15 12600.64 37100.00 14500.00 37000.00 37000.00"
2017-18,DEPT967,DEPT TOTAL,304,967,"H[PV[GPV[GPI]PVFZPV[DP  ÝMH[É8  v S], 6000.0018068.35 10104.","967 H[PV[GPV[GPI]PVFZPV[DP  ÝMH[É8  v S], 6000.0018068.35 10104.45 9100.00 7000.00 6000.00 6000.00"
2017-18,64401,ROADS AND STREETS RESURFACING (capex),305,968,":JÂ6""D HI\TL D]bID\+L XC[ZL ÂJSF; IMHGF","4132.49 12768.43 7000.00 64401 Z:TF4 U,L v ZL;ZO[.;ÄU 5000.004500.00 5000.00 5000.00"
2017-18,64402,OTHER BRIDGES (capex),305,968,":JÂ6""D HI\TL D]bID\+L XC[ZL ÂJSF; IMHGF","3065.95 3525.73 4200.00 64402 VgI 5], 4600.005000.00 4600.00 4600.00"
2017-18,64406,ROADS AND STREETS - GENERAL (capex),305,968,":JÂ6""D HI\TL D]bID\+L XC[ZL ÂJSF; IMHGF","11221.12 3399.96 2100.00 64406 Z:TF4 U,L4 HGZ, 2800.004224.80 2800.00 2800.00"
2017-18,64407,FOOTPATH AND PAVEMENTS (capex),305,968,":JÂ6""D HI\TL D]bID\+L XC[ZL ÂJSF; IMHGF",108.13 43.83 60.00 64407 O]85FY4 5[JD[g8 100.00100.00 100.00 100.00
2017-18,64410,NALA - GENERAL (capex),305,968,":JÂ6""D HI\TL D]bID\+L XC[ZL ÂJSF; IMHGF","0.00 494.09 1800.00 64410 GF/F4 HGZ, 5920.397000.00 5920.39 5920.39"
2017-18,64414,TRAFFIC CONTROL BLOCK (capex),305,968,":JÂ6""D HI\TL D]bID\+L XC[ZL ÂJSF; IMHGF","475.70 340.03 200.00 64414 8=FOLS Sg8=M, a,MÉ; 250.00226.18 250.00 250.00"
2017-18,64453,R.C.C. ROAD (capex),305,968,":JÂ6""D HI\TL D]bID\+L XC[ZL ÂJSF; IMHGF",1336.20 2059.93 600.00 64453 VFZP;LP;LP ZM0 100.001000.00 100.00 100.00
2017-18,DEPT968,DEPT TOTAL,306,968,":JÂ6""D HI\TL D]bID\+L XC[ZL ÂJSF; IMHGF  v S], 60000.0051507","968 :JÂ6""D HI\TL D]bID\+L XC[ZL ÂJSF; IMHGF  v S], 60000.0051507.98 64543.67 60000.00 63200.00 60000.00 60000.00"
2017-18,DEPT969,DEPT TOTAL,306,969,"VD'T  v S], 13000.000.00 0.00 5000.00 1800.00 13000.00 13000","969 VD'T  v S], 13000.000.00 0.00 5000.00 1800.00 13000.00 13000.00"
2017-18,86244,40% PUBLIC CONTRIB FOR ROADS (cap inc),310,381,"Z:TF4 U,LVM4 O]85FY","0.00 -35.67 0.00 86244 $_@GF BR["" Z:TF SZJF 0.000.00 0.00 0.00"
2017-18,86269,70:20:10 SCHEME ROAD CONTRIB (cap inc),310,381,"Z:TF4 U,LVM4 O]85FY","1278.18 769.44 700.00 86269 *_oZ_o!_ IMHGF C[9/ ;M;FI8LVMDF\  ZM0GL ;]lJWF VF5JF VT\U""T VFJS 800.00200.00 800.00 800.00"
2017-18,86275,ROAD AT 80:20 SCHEME (cap inc),310,381,"Z:TF4 U,LVM4 O]85FY",21.94 14.09 10.00 86275 (_oZ_ :SLD C[9/ ZM0GF SFDM 15.0010.00 15.00 15.00
2017-18,DEPT381,DEPT TOTAL,310,381,"Z:TF4 U,LVM4 O]85FY  v S], 815.001300.12 747.86 210.00 710.0","381 Z:TF4 U,LVM4 O]85FY  v S], 815.001300.12 747.86 210.00 710.00 815.00 815.00"
2017-18,DEPT967,DEPT TOTAL,311,967,"H[PV[GPV[GPI]PVFZPV[DP  ÝMH[É8  v S], 1605.001138.09 526.87 ","967 H[PV[GPV[GPI]PVFZPV[DP  ÝMH[É8  v S], 1605.001138.09 526.87 750.00 2450.00 1605.00 1605.00"
2018-19,23306,PENALTY RECOVERED FROM CONTRACTORS (rev inc),236,111,GF6F\ BFT]\,"0.00 0.00 1.00 23306 SMg8=FÉ8;"" 5F;[YL D/[, N\0GL VFJS 1.000.00 1.00 1.00"
2018-19,23306,PENALTY RECOVERED FROM CONTRACTORS (rev inc),238,153,";[g8=, JS""XM5vDLS[GLS, :8M;""","0.57 0.07 10.00 23306 SMg8=FÉ8;"" 5F;[YL D/[, N\0GL VFJS 10.001.00 10.00 10.00"
2018-19,23306,PENALTY RECOVERED FROM CONTRACTORS (rev inc),241,302,"ZMXGL BFT] s,F.8 BFT]\f","0.00 0.93 1.75 23306 SMg8=FÉ8;"" 5F;[YL D/[, N\0GL VFJS 1.751.75 1.75 1.75"
2018-19,23306,PENALTY RECOVERED FROM CONTRACTORS (rev inc),242,304,SMdI]GLS[XG  lJEFU,"0.00 0.00 0.50 23306 SMg8=FÉ8;"" 5F;[YL D/[, N\0GL VFJS 1.001.00 1.00 1.00"
2018-19,23306,PENALTY RECOVERED FROM CONTRACTORS (rev inc),243,352,XC[ZGM SRZM p5F0JF v ;MPJ[PDP,"327.05 226.97 360.00 23306 SMg8=FÉ8;"" 5F;[YL D/[, N\0GL VFJS 500.00360.00 500.00 500.00"
2018-19,23306,PENALTY RECOVERED FROM CONTRACTORS (rev inc),243,371,".HG[Z 0L5F8""D[g8 v ;FDFgI N[BZ[B","423.89 1084.75 800.00 23306 SMg8=FÉ8;"" 5F;[YL D/[, N\0GL VFJS 1400.00650.00 1400.00 1400.00"
2018-19,23311,COST OF WORK DONE ON CAPITAL A/C LSR (rev inc),243,371,".HG[Z 0L5F8""D[g8 v ;FDFgI N[BZ[B","2587.22 2728.01 2600.00 23311 ,MG :8FO ZLSJZL sV[,PV[;PVFZf 5000.004600.00 5000.00 5000.00"
2018-19,DEPT371,DEPT TOTAL,243,371,".HG[Z 0L5F8""D[g8 v ;FDFgI N[BZ[B  v S], 10061.804207.02 5828","371 .HG[Z 0L5F8""D[g8 v ;FDFgI N[BZ[B  v S], 10061.804207.02 5828.42 9336.80 5422.80 10061.80 10061.80"
2018-19,10301,"VEHICLE TAX (rev inc, dept 381)",243,381,"Z:TF4 U,LVM4 O]85FY",6935.34 7998.85 9200.00 10301 JFCG 8[Ù 10000.007700.00 10000.00 10000.00
2018-19,13423,ROAD CUT RESTORATION CHARGES (rev inc),243,381,"Z:TF4 U,LVM4 O]85FY",2360.23 3223.89 2800.00 13423 Z:TF S5FT 5]Go :YF5G OL 3000.003000.00 3000.00 3000.00
2018-19,DEPT381,DEPT TOTAL,244,381,"Z:TF4 U,LVM4 O]85FY  v S], 13015.009318.30 11629.14 11232.00","381 Z:TF4 U,LVM4 O]85FY  v S], 13015.009318.30 11629.14 11232.00 12010.00 13015.00 13015.00"
2018-19,23306,PENALTY RECOVERED FROM CONTRACTORS (rev inc),244,401,C[<YBFT]\,"6.28 2.64 12.00 23306 SMg8=FÉ8;"" 5F;[YL D/[, N\0GL VFJS 15.0015.00 15.00 15.00"
2018-19,23306,PENALTY RECOVERED FROM CONTRACTORS (rev inc),248,609,h],"2.67 0.00 0.40 23306 SMg8=FÉ8;"" 5F;[YL D/[, N\0GL VFJS 0.400.05 0.40 0.40"
2018-19,DEPT371,DEPT TOTAL,278,371,".HG[Z 0L5F8""D[g8 v ;FDFgI N[BZ[B  v S], 10639.569270.85 9266","371 .HG[Z 0L5F8""D[g8 v ;FDFgI N[BZ[B  v S], 10639.569270.85 9266.13 11114.64 11172.65 12575.56 12575.56"
2018-19,38401,ROADS STREETS AND PAVEMENTS (rev exp),278,381,"Z:TF4 U,LVM4 O]85FY","843.65 1074.82 1215.00 38401 Z:TF U,LVM TYF O}85FY 1300.001040.00 1300.00 1300.00"
2018-19,38407,FOOT-PATH PAVEMENTS (rev exp),278,381,"Z:TF4 U,LVM4 O]85FY",98.82 112.88 170.00 38407 O}85FY s5[JD[g8f 191.00126.00 191.00 191.00
2018-19,38413,POLE PAVEMENTS (rev exp),278,381,"Z:TF4 U,LVM4 O]85FY",31.42 23.94 44.00 38413 5M/ 5[JD[g8 48.0038.00 48.00 48.00
2018-19,DEPT381,DEPT TOTAL,278,381,"Z:TF4 U,LVM4 O]85FY  v S], 4091.923115.22 3286.08 3720.72 36","381 Z:TF4 U,LVM4 O]85FY  v S], 4091.923115.22 3286.08 3720.72 3682.65 4091.92 4091.92"
2018-19,DEPT371,DEPT TOTAL,308,371,".HG[Z 0L5F8""D[g8 v ;FDFgI N[BZ[B  v S], 41690.0046025.84 400","371 .HG[Z 0L5F8""D[g8 v ;FDFgI N[BZ[B  v S], 41690.0046025.84 40068.40 49273.00 32875.00 48424.12 48424.12"
2018-19,64401,ROADS AND STREETS RESURFACING (capex),308,381,"Z:TF4 U,LVM4 O]85FY","0.24 0.00 0.00 64401 Z:TF4 U,L v ZL;ZO[.;ÄU 0.001000.00 0.00 0.00"
2018-19,64406,ROADS AND STREETS - GENERAL (capex),308,381,"Z:TF4 U,LVM4 O]85FY","4213.94 1707.08 5000.00 64406 Z:TF4 U,L  v HGZ, 6200.008349.00 8200.00 8200.00"
2018-19,64410,NALA - GENERAL (capex),308,381,"Z:TF4 U,LVM4 O]85FY","0.00 0.00 0.00 64410 GF/F4 HGZ, 0.00200.00 300.00 300.00"
2018-19,64414,TRAFFIC CONTROL BLOCK (capex),308,381,"Z:TF4 U,LVM4 O]85FY","261.39 161.34 800.00 64414 8=FOLS Sg8=M, a,MÉ; 800.001100.00 1300.00 1300.00"
2018-19,64452,70:20:10 SCHEME ROAD IN SOC (capex),308,381,"Z:TF4 U,LVM4 O]85FY","7411.93 5057.89 5500.00 64452 *_oZ_o!_ IMHGF C[9/ ;M;FI8LVMDF\  ZM0GL ;]lJWF VF5JF VT\U""T BR"" 4200.003000.00 4200.00 4200.00"
2018-19,64453,R.C.C. ROAD (capex),308,381,"Z:TF4 U,LVM4 O]85FY",0.00 0.00 0.00 64453 VFZP;LP;LP ZM0 0.000.00 1500.00 1500.00
2018-19,64729,HOT MIX PLANT (capex),308,381,"Z:TF4 U,LVM4 O]85FY","0.00 0.00 0.00 64729 CM8DL1F %,Fg8 0.000.00 2000.00 2000.00"
2018-19,DEPT381,DEPT TOTAL,308,381,"Z:TF4 U,LVM4 O]85FY  v S], 11500.0011919.02 6943.72 14000.00","381 Z:TF4 U,LVM4 O]85FY  v S], 11500.0011919.02 6943.72 14000.00 11400.00 17800.00 17800.00"
2018-19,64402,OTHER BRIDGES (capex),308,382,"5],M","962.11 2442.69 2500.00 64402 VgI 5], 16000.007850.00 17200.00 17200.00"
2018-19,DEPT382,DEPT TOTAL,308,382,"5],M  v S], 16500.00962.11 2442.69 8486.50 2550.00 17700.00 ","382 5],M  v S], 16500.00962.11 2442.69 8486.50 2550.00 17700.00 17700.00"
2018-19,64401,ROADS AND STREETS RESURFACING (capex),312,962,"hMG, S[5L8, JS"";","3223.46 3733.88 3524.16 64401 Z:TF4 U,L v ZL;ZO[.;ÄU 7954.667332.35 7954.66 7954.66"
2018-19,64406,ROADS AND STREETS - GENERAL (capex),312,962,"hMG, S[5L8, JS"";","1161.60 1135.12 844.25 64406 Z:TF4 U,L  v HGZ, 1354.261908.45 1354.26 1354.26"
2018-19,64407,FOOTPATH AND PAVEMENTS (capex),312,962,"hMG, S[5L8, JS"";",882.81 1122.81 2013.16 64407 O]85FY4 5[JD[g8 2678.012372.27 2678.01 2678.01
2018-19,DEPT962,DEPT TOTAL,312,962,"hMG, S[5L8, JS"";  v S], 38000.0012600.64 14513.64 37000.00 1","962 hMG, S[5L8, JS"";  v S], 38000.0012600.64 14513.64 37000.00 16500.00 38000.00 38000.00"
2018-19,DEPT967,DEPT TOTAL,313,967,"H[PV[GPV[GPI]PVFZPV[DP  ÝMH[É8  v S], 3800.0010104.45 6101.7","967 H[PV[GPV[GPI]PVFZPV[DP  ÝMH[É8  v S], 3800.0010104.45 6101.71 6000.00 4100.00 3800.00 3800.00"
2018-19,64401,ROADS AND STREETS RESURFACING (capex),314,968,":JÂ6""D HI\TL D]bID\+L XC[ZL ÂJSF; IMHGF","12768.43 7556.64 7000.00 64401 Z:TF4 U,L v ZL;ZO[.;ÄU 6000.005000.00 6000.00 6000.00"
2018-19,64402,OTHER BRIDGES (capex),314,968,":JÂ6""D HI\TL D]bID\+L XC[ZL ÂJSF; IMHGF","3525.73 4708.32 10500.00 64402 VgI 5], 10000.004600.00 10000.00 10000.00"
2018-19,64406,ROADS AND STREETS - GENERAL (capex),314,968,":JÂ6""D HI\TL D]bID\+L XC[ZL ÂJSF; IMHGF","3399.96 2477.19 4500.00 64406 Z:TF4 U,L  v HGZ, 3500.002800.00 3500.00 3500.00"
2018-19,64407,FOOTPATH AND PAVEMENTS (capex),314,968,":JÂ6""D HI\TL D]bID\+L XC[ZL ÂJSF; IMHGF",43.83 27.76 200.00 64407 O]85FY4 5[JD[g8 200.00100.00 200.00 200.00
2018-19,64410,NALA - GENERAL (capex),314,968,":JÂ6""D HI\TL D]bID\+L XC[ZL ÂJSF; IMHGF","494.09 2715.55 2450.00 64410 GF/F4 HGZ, 2000.005920.39 2000.00 2000.00"
2018-19,64414,TRAFFIC CONTROL BLOCK (capex),314,968,":JÂ6""D HI\TL D]bID\+L XC[ZL ÂJSF; IMHGF","340.03 241.14 300.00 64414 8=FOLS Sg8=M, a,MÉ; 200.00250.00 200.00 200.00"
2018-19,64453,R.C.C. ROAD (capex),314,968,":JÂ6""D HI\TL D]bID\+L XC[ZL ÂJSF; IMHGF",2059.93 719.75 700.00 64453 VFZP;LP;LP ZM0 100.00100.00 100.00 100.00
2018-19,DEPT968,DEPT TOTAL,315,968,":JÂ6""D HI\TL D]bID\+L XC[ZL ÂJSF; IMHGF  v S], 60000.0064543","968 :JÂ6""D HI\TL D]bID\+L XC[ZL ÂJSF; IMHGF  v S], 60000.0064543.67 55061.66 60000.00 65000.00 60000.00 60000.00"
2018-19,DEPT969,DEPT TOTAL,315,969,"VD'T  v S], 23500.000.00 200.59 13000.00 6500.00 23500.00 23","969 VD'T  v S], 23500.000.00 200.59 13000.00 6500.00 23500.00 23500.00"
2018-19,86244,40% PUBLIC CONTRIB FOR ROADS (cap inc),318,381,"Z:TF4 U,LVM4 O]85FY","-35.67 0.00 0.00 86244 $_@GF BR["" Z:TF SZJF 0.000.00 0.00 0.00"
2018-19,86269,70:20:10 SCHEME ROAD CONTRIB (cap inc),318,381,"Z:TF4 U,LVM4 O]85FY","769.44 721.98 0.00 86269 *_oZ_o!_ IMHGF C[9/ ;M;FI8LVMDF\  ZM0GL ;]lJWF VF5JF VT\U""T VFJS 0.00800.00 0.00 0.00"
2018-19,86275,ROAD AT 80:20 SCHEME (cap inc),318,381,"Z:TF4 U,LVM4 O]85FY",14.09 14.23 0.00 86275 (_oZ_ :SLD C[9/ ZM0GF SFDM 0.0015.00 0.00 0.00
2018-19,DEPT381,DEPT TOTAL,318,381,"Z:TF4 U,LVM4 O]85FY  v S], 0.00747.86 735.11 815.00 0.00 0.0","381 Z:TF4 U,LVM4 O]85FY  v S], 0.00747.86 735.11 815.00 0.00 0.00 0.00"
2018-19,DEPT967,DEPT TOTAL,319,967,"H[PV[GPV[GPI]PVFZPV[DP  ÝMH[É8  v S], 0.00526.87 1222.12 160","967 H[PV[GPV[GPI]PVFZPV[DP  ÝMH[É8  v S], 0.00526.87 1222.12 1605.00 1000.00 0.00 0.00"
2019-20,23306,PENALTY RECOVERED FROM CONTRACTORS (rev inc),234,111,GF6F\ BFT]\GF6F\ BFT]\GF6F\ BFT]\GF6F\ BFT]\,"0.00 0.78 5.00 23306 SMg8=FÉ8;"" 5F;[YL D/[, N\0GL VFJS 1.00 1.00 1.00 1.00"
2019-20,23306,PENALTY RECOVERED FROM CONTRACTORS (rev inc),236,121,J:TL U6TZLJ:TL U6TZLJ:TL U6TZLJ:TL U6TZL,"0.07 4.32 10.00 23306 SMg8=FÉ8;"" 5F;[YL D/[, N\0GL VFJS 10.00 10.00 10.00 10.00"
2019-20,23306,PENALTY RECOVERED FROM CONTRACTORS (rev inc),239,302,"ZMXGL BFT] s,F.8 BFT]\fZMXGL BFT] s,F.8 BFT]\fZMXGL BFT] s,F","0.93 3.97 3.00 23306 SMg8=FÉ8;"" 5F;[YL D/[, N\0GL VFJS 5.00 1.75 5.00 5.00"
2019-20,23306,PENALTY RECOVERED FROM CONTRACTORS (rev inc),240,304,SMdI]GLS[XG  lJEFUSMdI]GLS[XG  lJEFUSMdI]GLS[XG  lJEFUSMdI]G,"0.00 0.00 0.00 23306 SMg8=FÉ8;"" 5F;[YL D/[, N\0GL VFJS 1.00 1.00 1.00 1.00"
2019-20,23306,PENALTY RECOVERED FROM CONTRACTORS (rev inc),241,332,BF/S]JFBF/S]JFBF/S]JFBF/S]JF,"226.97 213.70 500.00 23306 SMg8=FÉ8;"" 5F;[YL D/[, N\0GL VFJS 500.00 500.00 500.00 500.00"
2019-20,DEPT371,DEPT TOTAL,241,371,".HG[Z 0L5F8""D[g8 v ;FDFgI N[BZ[B.HG[Z 0L5F8""D[g8 v ;FDFgI N[","371 .HG[Z 0L5F8""D[g8 v ;FDFgI N[BZ[B.HG[Z 0L5F8""D[g8 v ;FDFgI N[BZ[B.HG[Z 0L5F8""D[g8 v ;FDFgI N[BZ[B.HG[Z 0L5F8""D[g8 v ;FDFgI N[BZ[B"
2019-20,23306,PENALTY RECOVERED FROM CONTRACTORS (rev inc),241,332,BF/S]JFBF/S]JFBF/S]JFBF/S]JF,"1084.75 453.66 1600.00 23306 SMg8=FÉ8;"" 5F;[YL D/[, N\0GL VFJS 1680.00 1400.00 1680.00 1680.00"
2019-20,23311,COST OF WORK DONE ON CAPITAL A/C LSR (rev inc),241,332,BF/S]JFBF/S]JFBF/S]JFBF/S]JF,"2728.01 2381.45 3500.00 23311 ,MG :8FO ZLSJZL sV[,PV[;PVFZf 5500.00 5000.00 5500.00 5500.00"
2019-20,DEPT371,DEPT TOTAL,241,371,".HG[Z 0L5F8""D[g8 v ;FDFgI N[BZ[B  v S],.HG[Z 0L5F8""D[g8 v ;F","371 .HG[Z 0L5F8""D[g8 v ;FDFgI N[BZ[B  v S],.HG[Z 0L5F8""D[g8 v ;FDFgI N[BZ[B  v S],.HG[Z 0L5F8""D[g8 v ;FDFgI N[BZ[B  v S],.HG[Z 0L5F8""D[g8 v ;FDFgI N[BZ[B  v S], 10706.80 5828.42 4119.17 10061.80 7438.80 10706.80 10706.80"
2019-20,DEPT381,DEPT TOTAL,242,381,"Z:TF4 U,LVM4 O]85FYZ:TF4 U,LVM4 O]85FYZ:TF4 U,LVM4 O]85FYZ:T","381 Z:TF4 U,LVM4 O]85FYZ:TF4 U,LVM4 O]85FYZ:TF4 U,LVM4 O]85FYZ:TF4 U,LVM4 O]85FY"
2019-20,10301,"VEHICLE TAX (rev inc, dept 381)",242,332,BF/S]JFBF/S]JFBF/S]JFBF/S]JF,7998.85 9485.13 10000.00 10301 JFCG 8[Ù 11489.26 10000.00 11439.26 11439.26
2019-20,13423,ROAD CUT RESTORATION CHARGES (rev inc),242,332,BF/S]JFBF/S]JFBF/S]JFBF/S]JF,3223.89 3646.28 1200.00 13423 Z:TF S5FT 5]Go :YF5G OL 500.00 3000.00 500.00 500.00
2019-20,DEPT381,DEPT TOTAL,242,381,"Z:TF4 U,LVM4 O]85FY  v S],Z:TF4 U,LVM4 O]85FY  v S],Z:TF4 U,","381 Z:TF4 U,LVM4 O]85FY  v S],Z:TF4 U,LVM4 O]85FY  v S],Z:TF4 U,LVM4 O]85FY  v S],Z:TF4 U,LVM4 O]85FY  v S], 12005.26 11629.14 13132.70 13015.00 11211.00 11955.26 11955.26"
2019-20,23306,PENALTY RECOVERED FROM CONTRACTORS (rev inc),242,401,C[<YBFT]\C[<YBFT]\C[<YBFT]\C[<YBFT]\,"2.64 12.75 23.00 23306 SMg8=FÉ8;"" 5F;[YL D/[, N\0GL VFJS 25.00 15.00 25.00 25.00"
2019-20,23306,PENALTY RECOVERED FROM CONTRACTORS (rev inc),246,609,h]h] h]h],"0.00 0.31 0.40 23306 SMg8=FÉ8;"" 5F;[YL D/[, N\0GL VFJS 0.40 0.40 0.40 0.40"
2019-20,DEPT371,DEPT TOTAL,275,371,".HG[Z 0L5F8""D[g8 v ;FDFgI N[BZ[B.HG[Z 0L5F8""D[g8 v ;FDFgI N[","371 .HG[Z 0L5F8""D[g8 v ;FDFgI N[BZ[B.HG[Z 0L5F8""D[g8 v ;FDFgI N[BZ[B.HG[Z 0L5F8""D[g8 v ;FDFgI N[BZ[B.HG[Z 0L5F8""D[g8 v ;FDFgI N[BZ[B"
2019-20,DEPT371,DEPT TOTAL,276,371,".HG[Z 0L5F8""D[g8 v ;FDFgI N[BZ[B  v S],.HG[Z 0L5F8""D[g8 v ;F","371 .HG[Z 0L5F8""D[g8 v ;FDFgI N[BZ[B  v S],.HG[Z 0L5F8""D[g8 v ;FDFgI N[BZ[B  v S],.HG[Z 0L5F8""D[g8 v ;FDFgI N[BZ[B  v S],.HG[Z 0L5F8""D[g8 v ;FDFgI N[BZ[B  v S], 11694.24 9266.13 9976.97 12575.56 12087.68 13395.24 13395.24"
2019-20,DEPT381,DEPT TOTAL,276,381,"Z:TF4 U,LVM4 O]85FYZ:TF4 U,LVM4 O]85FYZ:TF4 U,LVM4 O]85FYZ:T","381 Z:TF4 U,LVM4 O]85FYZ:TF4 U,LVM4 O]85FYZ:TF4 U,LVM4 O]85FYZ:TF4 U,LVM4 O]85FY"
2019-20,38401,ROADS STREETS AND PAVEMENTS (rev exp),276,372,"JS""XM5 G\PZ sZM,ZfJS""XM5 G\PZ sZM,ZfJS""XM5 G\PZ sZM,ZfJS""XM5","1074.82 1229.79 1363.24 38401 Z:TF U,LVM TYF O}85FY 1435.00 1300.00 1435.00 1435.00"
2019-20,38407,FOOT-PATH PAVEMENTS (rev exp),276,372,"JS""XM5 G\PZ sZM,ZfJS""XM5 G\PZ sZM,ZfJS""XM5 G\PZ sZM,ZfJS""XM5",112.88 161.24 197.60 38407 O}85FY s5[JD[g8f 223.00 191.00 223.00 223.00
2019-20,38413,POLE PAVEMENTS (rev exp),276,372,"JS""XM5 G\PZ sZM,ZfJS""XM5 G\PZ sZM,ZfJS""XM5 G\PZ sZM,ZfJS""XM5",23.94 37.15 41.00 38413 5M/ 5[JD[g8 50.00 48.00 50.00 50.00
2019-20,DEPT381,DEPT TOTAL,276,381,"Z:TF4 U,LVM4 O]85FY  v S],Z:TF4 U,LVM4 O]85FY  v S],Z:TF4 U,","381 Z:TF4 U,LVM4 O]85FY  v S],Z:TF4 U,LVM4 O]85FY  v S],Z:TF4 U,LVM4 O]85FY  v S],Z:TF4 U,LVM4 O]85FY  v S], 4479.83 3286.08 3814.86 4091.92 4228.59 4479.83 4479.83"
2019-20,DEPT371,DEPT TOTAL,304,371,".HG[Z 0L5F8""D[g8 v ;FDFgI N[BZ[B.HG[Z 0L5F8""D[g8 v ;FDFgI N[","371 .HG[Z 0L5F8""D[g8 v ;FDFgI N[BZ[B.HG[Z 0L5F8""D[g8 v ;FDFgI N[BZ[B.HG[Z 0L5F8""D[g8 v ;FDFgI N[BZ[B.HG[Z 0L5F8""D[g8 v ;FDFgI N[BZ[B"
2019-20,DEPT371,DEPT TOTAL,306,371,".HG[Z 0L5F8""D[g8 v ;FDFgI N[BZ[B  v S],.HG[Z 0L5F8""D[g8 v ;F","371 .HG[Z 0L5F8""D[g8 v ;FDFgI N[BZ[B  v S],.HG[Z 0L5F8""D[g8 v ;FDFgI N[BZ[B  v S],.HG[Z 0L5F8""D[g8 v ;FDFgI N[BZ[B  v S],.HG[Z 0L5F8""D[g8 v ;FDFgI N[BZ[B  v S], 71474.22 40068.40 30108.58 48424.12 37607.00 79974.22 79974.22"
2019-20,DEPT381,DEPT TOTAL,306,381,"Z:TF4 U,LVM4 O]85FYZ:TF4 U,LVM4 O]85FYZ:TF4 U,LVM4 O]85FYZ:T","381 Z:TF4 U,LVM4 O]85FYZ:TF4 U,LVM4 O]85FYZ:TF4 U,LVM4 O]85FYZ:TF4 U,LVM4 O]85FY"
2019-20,64406,ROADS AND STREETS - GENERAL (capex),306,326,"0=[G[H ,F.G0=[G[H ,F.G0=[G[H ,F.G0=[G[H ,F.G","1707.08 2715.84 3300.00 64406 Z:TF4 U,L  v HGZ, 8200.00 8200.00 11900.00 11900.00"
2019-20,64410,NALA - GENERAL (capex),306,326,"0=[G[H ,F.G0=[G[H ,F.G0=[G[H ,F.G0=[G[H ,F.G","0.00 0.00 0.00 64410 GF/F4 HGZ, 0.00 300.00 1000.00 1000.00"
2019-20,64414,TRAFFIC CONTROL BLOCK (capex),306,326,"0=[G[H ,F.G0=[G[H ,F.G0=[G[H ,F.G0=[G[H ,F.G","161.34 133.72 500.00 64414 8=FOLS Sg8=M, a,MÉ; 800.00 1300.00 800.00 800.00"
2019-20,64452,70:20:10 SCHEME ROAD IN SOC (capex),306,326,"0=[G[H ,F.G0=[G[H ,F.G0=[G[H ,F.G0=[G[H ,F.G","5057.89 6294.78 6300.00 64452 *_oZ_o!_ IMHGF C[9/ ;M;FI8LVMDF\  ZM0GL ;]lJWF VF5JF VT\U""T BR"" 4000.00 4200.00 4000.00 4000.00"
2019-20,64453,R.C.C. ROAD (capex),306,326,"0=[G[H ,F.G0=[G[H ,F.G0=[G[H ,F.G0=[G[H ,F.G",0.00 0.00 0.00 64453 VFZP;LP;LP ZM0 0.00 1500.00 0.00 0.00
2019-20,64729,HOT MIX PLANT (capex),306,326,"0=[G[H ,F.G0=[G[H ,F.G0=[G[H ,F.G0=[G[H ,F.G","0.00 0.00 0.00 64729 CM8DL1F %,Fg8 0.00 2000.00 1000.00 1000.00"
2019-20,DEPT381,DEPT TOTAL,306,381,"Z:TF4 U,LVM4 O]85FY  v S],Z:TF4 U,LVM4 O]85FY  v S],Z:TF4 U,","381 Z:TF4 U,LVM4 O]85FY  v S],Z:TF4 U,LVM4 O]85FY  v S],Z:TF4 U,LVM4 O]85FY  v S],Z:TF4 U,LVM4 O]85FY  v S], 13000.00 6943.72 9146.28 17800.00 10105.00 18700.00 18700.00"
2019-20,64402,OTHER BRIDGES (capex),306,382,"5],M5],M 5],M5],M","2442.69 1918.84 2100.00 64402 VgI 5], 16000.00 17200.00 19200.00 19200.00"
2019-20,DEPT382,DEPT TOTAL,306,382,"5],M  v S],5],M  v S],5],M  v S],5],M  v S], 17000.00 2442.6","382 5],M  v S],5],M  v S],5],M  v S],5],M  v S], 17000.00 2442.69 1918.84 17700.00 2200.00 20200.00 20200.00"
2019-20,DEPT962,DEPT TOTAL,309,962,"hMG, S[5L8, JS"";hMG, S[5L8, JS"";hMG, S[5L8, JS"";hMG, S[5L8, ","962 hMG, S[5L8, JS"";hMG, S[5L8, JS"";hMG, S[5L8, JS"";hMG, S[5L8, JS"";"
2019-20,64401,ROADS AND STREETS RESURFACING (capex),309,911,ÒPVMPÒP ;\;N;eIzLGL U|Fg8ÒPVMPÒP ;\;N;eIzLGL U|Fg8ÒPVMPÒP ;\,"3733.88 2366.23 4853.61 64401 Z:TF4 U,L v ZL;ZO[.;ÄU 8258.87 7954.66 8258.87 8258.87"
2019-20,64406,ROADS AND STREETS - GENERAL (capex),310,911,ÒPVMPÒP ;\;N;eIzLGL U|Fg8ÒPVMPÒP ;\;N;eIzLGL U|Fg8ÒPVMPÒP ;\,"1135.12 564.52 1150.26 64406 Z:TF4 U,L  v HGZ, 2350.68 1354.26 2350.68 2350.68"
2019-20,64407,FOOTPATH AND PAVEMENTS (capex),310,911,ÒPVMPÒP ;\;N;eIzLGL U|Fg8ÒPVMPÒP ;\;N;eIzLGL U|Fg8ÒPVMPÒP ;\,1122.81 1476.61 2290.61 64407 O]85FY4 5[JD[g8 3308.78 2678.01 3308.78 3308.78
2019-20,DEPT962,DEPT TOTAL,310,962,"hMG, S[5L8, JS"";  v S],hMG, S[5L8, JS"";  v S],hMG, S[5L8, JS","962 hMG, S[5L8, JS"";  v S],hMG, S[5L8, JS"";  v S],hMG, S[5L8, JS"";  v S],hMG, S[5L8, JS"";  v S], 45000.00 14513.64 12833.87 38000.00 18000.00 45000.00 45000.00"
2019-20,DEPT967,DEPT TOTAL,310,967,"H[PV[GPV[GPI]PVFZPV[DP  ÝMH[É8  v S],H[PV[GPV[GPI]PVFZPV[DP ","967 H[PV[GPV[GPI]PVFZPV[DP  ÝMH[É8  v S],H[PV[GPV[GPI]PVFZPV[DP  ÝMH[É8  v S],H[PV[GPV[GPI]PVFZPV[DP  ÝMH[É8  v S],H[PV[GPV[GPI]PVFZPV[DP  ÝMH[É8  v S], 1000.00 6101.71 2642.50 3800.00 1778.00 1000.00 1000.00"
2019-20,64401,ROADS AND STREETS RESURFACING (capex),311,968,":JÂ6""D HI\TL D]bID\+L XC[ZL ÂJSF; IMHGF:JÂ6""D HI\TL D]bID\+L","7556.64 7614.45 10000.00 64401 Z:TF4 U,L v ZL;ZO[.;ÄU 7500.00 6000.00 7500.00 7500.00"
2019-20,64402,OTHER BRIDGES (capex),311,968,":JÂ6""D HI\TL D]bID\+L XC[ZL ÂJSF; IMHGF:JÂ6""D HI\TL D]bID\+L","4708.32 9159.12 13000.00 64402 VgI 5], 10000.00 10000.00 10000.00 10000.00"
2019-20,64406,ROADS AND STREETS - GENERAL (capex),311,968,":JÂ6""D HI\TL D]bID\+L XC[ZL ÂJSF; IMHGF:JÂ6""D HI\TL D]bID\+L","2477.19 1601.88 3500.00 64406 Z:TF4 U,L  v HGZ, 4000.00 3500.00 4000.00 4000.00"
2019-20,64407,FOOTPATH AND PAVEMENTS (capex),311,968,":JÂ6""D HI\TL D]bID\+L XC[ZL ÂJSF; IMHGF:JÂ6""D HI\TL D]bID\+L",27.76 197.70 400.00 64407 O]85FY4 5[JD[g8 400.00 200.00 400.00 400.00
2019-20,64410,NALA - GENERAL (capex),311,968,":JÂ6""D HI\TL D]bID\+L XC[ZL ÂJSF; IMHGF:JÂ6""D HI\TL D]bID\+L","2715.55 2268.72 1500.00 64410 GF/F4 HGZ, 1500.00 2000.00 1500.00 1500.00"
2019-20,64414,TRAFFIC CONTROL BLOCK (capex),311,968,":JÂ6""D HI\TL D]bID\+L XC[ZL ÂJSF; IMHGF:JÂ6""D HI\TL D]bID\+L","241.14 359.69 400.00 64414 8=FOLS Sg8=M, a,MÉ; 200.00 200.00 200.00 200.00"
2019-20,64453,R.C.C. ROAD (capex),312,968,":JÂ6""D HI\TL D]bID\+L XC[ZL ÂJSF; IMHGF:JÂ6""D HI\TL D]bID\+L",719.75 721.20 700.00 64453 VFZP;LP;LP ZM0 4000.00 100.00 4000.00 4000.00
2019-20,DEPT968,DEPT TOTAL,312,968,":JÂ6""D HI\TL D]bID\+L XC[ZL ÂJSF; IMHGF  v S],:JÂ6""D HI\TL D","968 :JÂ6""D HI\TL D]bID\+L XC[ZL ÂJSF; IMHGF  v S],:JÂ6""D HI\TL D]bID\+L XC[ZL ÂJSF; IMHGF  v S],:JÂ6""D HI\TL D]bID\+L XC[ZL ÂJSF; IMHGF  v S],:JÂ6""D HI\TL D]bID\+L XC[ZL ÂJSF; IMHGF  v S], 75000.00 55061.66 50145.42 60000.00 70000.00 75000.00 75000.00"
2019-20,DEPT969,DEPT TOTAL,312,969,"VD'T  v S],VD'T  v S],VD'T  v S],VD'T  v S], 25000.00 200.59","969 VD'T  v S],VD'T  v S],VD'T  v S],VD'T  v S], 25000.00 200.59 5524.71 23500.00 15000.00 25000.00 25000.00"
2019-20,DEPT381,DEPT TOTAL,315,381,"Z:TF4 U,LVM4 O]85FYZ:TF4 U,LVM4 O]85FYZ:TF4 U,LVM4 O]85FYZ:T","381 Z:TF4 U,LVM4 O]85FYZ:TF4 U,LVM4 O]85FYZ:TF4 U,LVM4 O]85FYZ:TF4 U,LVM4 O]85FY"
2019-20,86269,70:20:10 SCHEME ROAD CONTRIB (cap inc),315,326,"0=[G[H ,F.G0=[G[H ,F.G0=[G[H ,F.G0=[G[H ,F.G","721.98 521.91 600.00 86269 *_oZ_o!_ IMHGF C[9/ ;M;FI8LVMDF\  ZM0GL ;]lJWF VF5JF VT\U""T VFJS 650.00 0.00 650.00 650.00"
2019-20,86275,ROAD AT 80:20 SCHEME (cap inc),315,326,"0=[G[H ,F.G0=[G[H ,F.G0=[G[H ,F.G0=[G[H ,F.G",14.23 3.86 0.00 86275 (_oZ_ :SLD C[9/ ZM0GF SFDM 0.00 0.00 0.00 0.00
2019-20,DEPT381,DEPT TOTAL,315,381,"Z:TF4 U,LVM4 O]85FY  v S],Z:TF4 U,LVM4 O]85FY  v S],Z:TF4 U,","381 Z:TF4 U,LVM4 O]85FY  v S],Z:TF4 U,LVM4 O]85FY  v S],Z:TF4 U,LVM4 O]85FY  v S],Z:TF4 U,LVM4 O]85FY  v S], 650.00 735.11 525.77 0.00 600.00 650.00 650.00"
2019-20,DEPT967,DEPT TOTAL,316,967,"H[PV[GPV[GPI]PVFZPV[DP  ÝMH[É8  v S],H[PV[GPV[GPI]PVFZPV[DP ","967 H[PV[GPV[GPI]PVFZPV[DP  ÝMH[É8  v S],H[PV[GPV[GPI]PVFZPV[DP  ÝMH[É8  v S],H[PV[GPV[GPI]PVFZPV[DP  ÝMH[É8  v S],H[PV[GPV[GPI]PVFZPV[DP  ÝMH[É8  v S], 100.00 1222.12 -911.90 0.00 595.00 100.00 100.00"
2024-25,23306,PENALTY RECOVERED FROM CONTRACTORS (rev inc),238,111,GF6F\ BFT]\GF6F\ BFT]\GF6F\ BFT]\GF6F\ BFT]\,"7.64 8.80 1.00 23306 SMg8=FÉ8;"" 5F;[YL D/[, N\0GL"
2024-25,23306,PENALTY RECOVERED FROM CONTRACTORS (rev inc),239,121,J:TL U6TZLJ:TL U6TZLJ:TL U6TZLJ:TL U6TZL,"2.84 8.05 8.00 23306 SMg8=FÉ8;"" 5F;[YL D/[, N\0GL"
2024-25,23306,PENALTY RECOVERED FROM CONTRACTORS (rev inc),240,121,J:TL U6TZLJ:TL U6TZLJ:TL U6TZLJ:TL U6TZL,"0.00 0.00 1.00 23306 SMg8=FÉ8;"" 5F;[YL D/[, N\0GL"
2024-25,23306,PENALTY RECOVERED FROM CONTRACTORS (rev inc),241,121,J:TL U6TZLJ:TL U6TZLJ:TL U6TZLJ:TL U6TZL,"0.00 0.00 3.00 23306 SMg8=FÉ8;"" 5F;[YL D/[, N\0GL"
2024-25,23306,PENALTY RECOVERED FROM CONTRACTORS (rev inc),243,302,"ZMXGL BFT] s,F.8 BFT]\fZMXGL BFT] s,F.8 BFT]\fZMXGL BFT] s,F","394.60 322.43 150.00 23306 SMg8=FÉ8;"" 5F;[YL D/[, N\0GL"
2024-25,23306,PENALTY RECOVERED FROM CONTRACTORS (rev inc),243,304,SMdI]GLS[XG  lJEFUSMdI]GLS[XG  lJEFUSMdI]GLS[XG  lJEFUSMdI]G,"0.00 0.00 2.00 23306 SMg8=FÉ8;"" 5F;[YL D/[, N\0GL"
2024-25,23306,PENALTY RECOVERED FROM CONTRACTORS (rev inc),244,332,BF/S]JFBF/S]JFBF/S]JFBF/S]JF,"257.90 255.38 350.00 23306 SMg8=FÉ8;"" 5F;[YL D/[, N\0GL"
2024-25,DEPT371,DEPT TOTAL,244,371,".HG[Z 0L5F8""D[g8 v ;FDFgI.HG[Z 0L5F8""D[g8 v ;FDFgI.HG[Z 0L5F","371 .HG[Z 0L5F8""D[g8 v ;FDFgI.HG[Z 0L5F8""D[g8 v ;FDFgI.HG[Z 0L5F8""D[g8 v ;FDFgI.HG[Z 0L5F8""D[g8 v ;FDFgI"
2024-25,23306,PENALTY RECOVERED FROM CONTRACTORS (rev inc),244,332,BF/S]JFBF/S]JFBF/S]JFBF/S]JF,"790.47 602.59 900.00 23306 SMg8=FÉ8;"" 5F;[YL D/[, N\0GL"
2024-25,23311,COST OF WORK DONE ON CAPITAL A/C LSR (rev inc),244,332,BF/S]JFBF/S]JFBF/S]JFBF/S]JF,"3292.06 5148.05 5000.00 23311 ,MG :8FO ZLSJZL sV[,PV[;PVFZf 1500.00 1500.00 1500.00 1500.00"
2024-25,DEPT371,DEPT TOTAL,244,371,".HG[Z 0L5F8""D[g8 v ;FDFgI N[BZ[BvS],.HG[Z 0L5F8""D[g8 v ;FDFg","371 .HG[Z 0L5F8""D[g8 v ;FDFgI N[BZ[BvS],.HG[Z 0L5F8""D[g8 v ;FDFgI N[BZ[BvS],.HG[Z 0L5F8""D[g8 v ;FDFgI N[BZ[BvS],.HG[Z 0L5F8""D[g8 v ;FDFgI N[BZ[BvS], 3666.28 5253.95 7074.74 3743.78 7399.88 3666.28 3666.28"
2024-25,DEPT381,DEPT TOTAL,244,381,"Z:TF4 U,LVM4 O]85FYZ:TF4 U,LVM4 O]85FYZ:TF4 U,LVM4 O]85FYZ:T","381 Z:TF4 U,LVM4 O]85FYZ:TF4 U,LVM4 O]85FYZ:TF4 U,LVM4 O]85FYZ:TF4 U,LVM4 O]85FY"
2024-25,10301,"VEHICLE TAX (rev inc, dept 381)",244,332,BF/S]JFBF/S]JFBF/S]JFBF/S]JF,13156.41 18652.98 21000.00 10301 JFCG 8[Ù 25000.00 17879.00 23500.00 23500.00
2024-25,13423,ROAD CUT RESTORATION CHARGES (rev inc),245,332,BF/S]JFBF/S]JFBF/S]JFBF/S]JF,360.16 427.32 425.00 13423 Z:TF S5FT 5]Go :YF5G OL 350.00 150.00 350.00 350.00
2024-25,DEPT381,DEPT TOTAL,245,381,"Z:TF4 U,LVM4 O]85FYvS],Z:TF4 U,LVM4 O]85FYvS],Z:TF4 U,LVM4 O","381 Z:TF4 U,LVM4 O]85FYvS],Z:TF4 U,LVM4 O]85FYvS],Z:TF4 U,LVM4 O]85FYvS],Z:TF4 U,LVM4 O]85FYvS], 25400.00 13582.90 19108.11 18079.00 21450.00 23900.00 23900.00"
2024-25,23306,PENALTY RECOVERED FROM CONTRACTORS (rev inc),245,401,C[<YBFT]\C[<YBFT]\C[<YBFT]\C[<YBFT]\,"39.68 50.80 50.00 23306 SMg8=FÉ8;"" 5F;[YL D/[, N\0GL"
2024-25,23306,PENALTY RECOVERED FROM CONTRACTORS (rev inc),246,411,-MZ +F; V\S]X lJEFU-MZ +F; V\S]X lJEFU-MZ +F; V\S]X lJEFU-MZ,"2.86 7.71 5.00 23306 SMg8=FÉ8;"" 5F;[YL D/[, N\0GL"
2024-25,23306,PENALTY RECOVERED FROM CONTRACTORS (rev inc),247,501,NJFBFGFNJFBFGFNJFBFGFNJFBFGF,"0.00 0.00 1.75 23306 SMg8=FÉ8;"" 5F;[YL D/[, N\0GL"
2024-25,23306,PENALTY RECOVERED FROM CONTRACTORS (rev inc),248,609,h]h] h]h],"0.10 0.00 0.30 23306 SMg8=FÉ8;"" 5F;[YL D/[, N\0GL"
2024-25,23306,PENALTY RECOVERED FROM CONTRACTORS (rev inc),248,611,:JLDÄU 5]<;:JLDÄU 5]<;:JLDÄU 5]<;:JLDÄU 5]<;,"0.00 0.00 1.00 23306 SMg8=FÉ8;"" 5F;[YL D/[, N\0GL"
2024-25,DEPT371,DEPT TOTAL,268,371,".HG[Z 0L5F8""D[g8 v ;FDFgI.HG[Z 0L5F8""D[g8 v ;FDFgI.HG[Z 0L5F","371 .HG[Z 0L5F8""D[g8 v ;FDFgI.HG[Z 0L5F8""D[g8 v ;FDFgI.HG[Z 0L5F8""D[g8 v ;FDFgI.HG[Z 0L5F8""D[g8 v ;FDFgI"
2024-25,DEPT371,DEPT TOTAL,270,371,".HG[Z 0L5F8""D[g8 v ;FDFgI N[BZ[BvS],.HG[Z 0L5F8""D[g8 v ;FDFg","371 .HG[Z 0L5F8""D[g8 v ;FDFgI N[BZ[BvS],.HG[Z 0L5F8""D[g8 v ;FDFgI N[BZ[BvS],.HG[Z 0L5F8""D[g8 v ;FDFgI N[BZ[BvS],.HG[Z 0L5F8""D[g8 v ;FDFgI N[BZ[BvS], 14298.08 10869.80 14120.97 16947.94 18761.22 17343.08 17343.08"
2024-25,DEPT381,DEPT TOTAL,270,381,"Z:TF4 U,LVM4 O]85FYZ:TF4 U,LVM4 O]85FYZ:TF4 U,LVM4 O]85FYZ:T","381 Z:TF4 U,LVM4 O]85FYZ:TF4 U,LVM4 O]85FYZ:TF4 U,LVM4 O]85FYZ:TF4 U,LVM4 O]85FY"
2024-25,38401,ROADS STREETS AND PAVEMENTS (rev exp),270,372,"JS""XM5 G\PZ sZM,ZfJS""XM5 G\PZ sZM,ZfJS""XM5 G\PZ sZM,ZfJS""XM5","910.65 1059.23 2187.95 38401 Z:TF U,LVM TYF O}85FY 2485.80 1304.00 2485.80 2485.80"
2024-25,38407,FOOT-PATH PAVEMENTS (rev exp),270,372,"JS""XM5 G\PZ sZM,ZfJS""XM5 G\PZ sZM,ZfJS""XM5 G\PZ sZM,ZfJS""XM5",143.11 187.42 337.66 38407 O}85FY s5[JD[g8f 419.00 298.00 419.00 419.00
2024-25,38413,POLE PAVEMENTS (rev exp),270,372,"JS""XM5 G\PZ sZM,ZfJS""XM5 G\PZ sZM,ZfJS""XM5 G\PZ sZM,ZfJS""XM5",26.56 35.87 68.00 38413 5M/ 5[JD[g8 89.60 65.00 89.60 89.60
2024-25,DEPT381,DEPT TOTAL,270,381,"Z:TF4 U,LVM4 O]85FYvS],Z:TF4 U,LVM4 O]85FYvS],Z:TF4 U,LVM4 O","381 Z:TF4 U,LVM4 O]85FYvS],Z:TF4 U,LVM4 O]85FYvS],Z:TF4 U,LVM4 O]85FYvS],Z:TF4 U,LVM4 O]85FYvS], 5701.50 3150.50 3524.67 4211.15 5239.29 5701.50 5701.50"
2024-25,DEPT371,DEPT TOTAL,290,371,".HG[Z 0L5F8""D[g8 v ;FDFgI.HG[Z 0L5F8""D[g8 v ;FDFgI.HG[Z 0L5F","371 .HG[Z 0L5F8""D[g8 v ;FDFgI.HG[Z 0L5F8""D[g8 v ;FDFgI.HG[Z 0L5F8""D[g8 v ;FDFgI.HG[Z 0L5F8""D[g8 v ;FDFgI"
2024-25,DEPT371,DEPT TOTAL,291,371,".HG[Z 0L5F8""D[g8 v ;FDFgI N[BZ[BvS],.HG[Z 0L5F8""D[g8 v ;FDFg","371 .HG[Z 0L5F8""D[g8 v ;FDFgI N[BZ[BvS],.HG[Z 0L5F8""D[g8 v ;FDFgI N[BZ[BvS],.HG[Z 0L5F8""D[g8 v ;FDFgI N[BZ[BvS],.HG[Z 0L5F8""D[g8 v ;FDFgI N[BZ[BvS], 79990.00 45072.40 75407.78 78096.79 100810.00 109690.00 109690.00"
2024-25,DEPT381,DEPT TOTAL,291,381,"Z:TF4 U,LVM4 O]85FYZ:TF4 U,LVM4 O]85FYZ:TF4 U,LVM4 O]85FYZ:T","381 Z:TF4 U,LVM4 O]85FYZ:TF4 U,LVM4 O]85FYZ:TF4 U,LVM4 O]85FYZ:TF4 U,LVM4 O]85FY"
2024-25,64401,ROADS AND STREETS RESURFACING (capex),291,326,"0=[G[H ,F.G0=[G[H ,F.G0=[G[H ,F.G0=[G[H ,F.G","0.00 0.00 1500.00 64401 Z:TF4 U,L v ZL;ZO[.;ÄU 3000.00 0.00 4000.00 4000.00"
2024-25,64406,ROADS AND STREETS - GENERAL (capex),291,326,"0=[G[H ,F.G0=[G[H ,F.G0=[G[H ,F.G0=[G[H ,F.G","4046.99 1545.63 1500.00 64406 Z:TF4 U,L  v HGZ, 30000.00 29400.00 36900.00 36900.00"
2024-25,64407,FOOTPATH AND PAVEMENTS (capex),291,326,"0=[G[H ,F.G0=[G[H ,F.G0=[G[H ,F.G0=[G[H ,F.G",0.00 0.00 500.00 64407 O]85FY4 5[JD[g8 900.00 0.00 2400.00 2400.00
2024-25,64414,TRAFFIC CONTROL BLOCK (capex),291,326,"0=[G[H ,F.G0=[G[H ,F.G0=[G[H ,F.G0=[G[H ,F.G","498.98 549.15 1000.00 64414 8=FOLS Sg8=M, a,MÉ; 2000.00 500.00 2000.00 2000.00"
2024-25,64452,70:20:10 SCHEME ROAD IN SOC (capex),291,326,"0=[G[H ,F.G0=[G[H ,F.G0=[G[H ,F.G0=[G[H ,F.G",4643.74 8479.76 7000.00 64452 *_oZ_o!_ IMHGF C[9/
2024-25,DEPT381,DEPT TOTAL,291,381,"Z:TF4 U,LVM4 O]85FYvS],Z:TF4 U,LVM4 O]85FYvS],Z:TF4 U,LVM4 O","381 Z:TF4 U,LVM4 O]85FYvS],Z:TF4 U,LVM4 O]85FYvS],Z:TF4 U,LVM4 O]85FYvS],Z:TF4 U,LVM4 O]85FYvS], 42900.00 9189.71 10574.54 34900.00 11500.00 52300.00 52300.00"
2024-25,64402,OTHER BRIDGES (capex),291,382,"5],M5],M 5],M5],M","3285.71 2037.44 1500.00 64402 VgI 5], 1950.00 2500.00 2050.00 2050.00"
2024-25,DEPT382,DEPT TOTAL,291,382,"5],MvS],5],MvS],5],MvS],5],MvS], 1950.00 3285.71 2037.44 250","382 5],MvS],5],MvS],5],MvS],5],MvS], 1950.00 3285.71 2037.44 2500.00 1500.00 2050.00 2050.00"
2024-25,DEPT962,DEPT TOTAL,293,962,"hMG, S[5L8, JS"";hMG, S[5L8, JS"";hMG, S[5L8, JS"";hMG, S[5L8, ","962 hMG, S[5L8, JS"";hMG, S[5L8, JS"";hMG, S[5L8, JS"";hMG, S[5L8, JS"";"
2024-25,64401,ROADS AND STREETS RESURFACING (capex),294,911,ÒPVMPÒP ;\;N;eIzLGL U|Fg8ÒPVMPÒP ;\;N;eIzLGL U|Fg8ÒPVMPÒP ;\,"7297.41 10083.86 10340.72 64401 Z:TF4 U,L v ZL;ZO[.;ÄU 13859.38 9121.57 13859.38 13859.38"
2024-25,64406,ROADS AND STREETS - GENERAL (capex),294,911,ÒPVMPÒP ;\;N;eIzLGL U|Fg8ÒPVMPÒP ;\;N;eIzLGL U|Fg8ÒPVMPÒP ;\,"2663.61 3129.47 2006.55 64406 Z:TF4 U,L  v HGZ, 7254.65 2275.27 7254.65 7254.65"
2024-25,64407,FOOTPATH AND PAVEMENTS (capex),294,911,ÒPVMPÒP ;\;N;eIzLGL U|Fg8ÒPVMPÒP ;\;N;eIzLGL U|Fg8ÒPVMPÒP ;\,3231.58 3002.62 2973.07 64407 O]85FY4 5[JD[g8 4596.00 3548.18 4596.00 4596.00
2024-25,64453,R.C.C. ROAD (capex),294,911,ÒPVMPÒP ;\;N;eIzLGL U|Fg8ÒPVMPÒP ;\;N;eIzLGL U|Fg8ÒPVMPÒP ;\,0.00 0.00 100.00 64453 VFZP;LP;LP ZM0 340.00 0.00 340.00 340.00
2024-25,DEPT962,DEPT TOTAL,295,962,"hMG, S[5L8, JS"";vS],hMG, S[5L8, JS"";vS],hMG, S[5L8, JS"";vS],","962 hMG, S[5L8, JS"";vS],hMG, S[5L8, JS"";vS],hMG, S[5L8, JS"";vS],hMG, S[5L8, JS"";vS], 65000.00 25529.58 30749.17 50000.00 31106.00 65000.00 65000.00"
2024-25,DEPT967,DEPT TOTAL,295,967,"H[PV[GPV[GPI]PVFZPV[DP  ÝMH[É8vS],H[PV[GPV[GPI]PVFZPV[DP  ÝM","967 H[PV[GPV[GPI]PVFZPV[DP  ÝMH[É8vS],H[PV[GPV[GPI]PVFZPV[DP  ÝMH[É8vS],H[PV[GPV[GPI]PVFZPV[DP  ÝMH[É8vS],H[PV[GPV[GPI]PVFZPV[DP  ÝMH[É8vS], 0.00 321.68 1064.32 50.00 115.00 0.00 0.00"
2024-25,64401,ROADS AND STREETS RESURFACING (capex),295,968,":JÂ6""D HI\TL D]bID\+L XC[ZL:JÂ6""D HI\TL D]bID\+L XC[ZL:JÂ6""D","9300.88 10942.49 5500.00 64401 Z:TF4 U,L v ZL;ZO[.;ÄU 10000.00 2500.00 10000.00 10000.00"
2024-25,64402,OTHER BRIDGES (capex),296,968,":JÂ6""D HI\TL D]bID\+L XC[ZL:JÂ6""D HI\TL D]bID\+L XC[ZL:JÂ6""D","12929.83 11021.42 14000.00 64402 VgI 5], 15000.00 12540.00 15000.00 15000.00"
2024-25,64406,ROADS AND STREETS - GENERAL (capex),296,968,":JÂ6""D HI\TL D]bID\+L XC[ZL:JÂ6""D HI\TL D]bID\+L XC[ZL:JÂ6""D","11519.84 18647.99 22500.00 64406 Z:TF4 U,L  v HGZ, 19000.00 10000.00 19000.00 19000.00"
2024-25,64407,FOOTPATH AND PAVEMENTS (capex),296,968,":JÂ6""D HI\TL D]bID\+L XC[ZL:JÂ6""D HI\TL D]bID\+L XC[ZL:JÂ6""D",741.96 121.81 700.00 64407 O]85FY4 5[JD[g8 1000.00 100.00 1000.00 1000.00
2024-25,64410,NALA - GENERAL (capex),296,968,":JÂ6""D HI\TL D]bID\+L XC[ZL:JÂ6""D HI\TL D]bID\+L XC[ZL:JÂ6""D","127.27 71.72 2200.00 64410 GF/F4 HGZ, 3000.00 3000.00 3000.00 3000.00"
2024-25,64414,TRAFFIC CONTROL BLOCK (capex),296,968,":JÂ6""D HI\TL D]bID\+L XC[ZL:JÂ6""D HI\TL D]bID\+L XC[ZL:JÂ6""D","25.10 221.72 1280.00 64414 8=FOLS Sg8=M, a,MÉ; 1250.00 750.00 1250.00 1250.00"
2024-25,64453,R.C.C. ROAD (capex),296,968,":JÂ6""D HI\TL D]bID\+L XC[ZL:JÂ6""D HI\TL D]bID\+L XC[ZL:JÂ6""D",1475.73 1877.29 4000.00 64453 VFZP;LP;LP ZM0 3000.00 300.00 3000.00 3000.00
2024-25,DEPT968,DEPT TOTAL,296,968,":JÂ6""D HI\TL D]bID\+L XC[ZL ÂJSF;:JÂ6""D HI\TL D]bID\+L XC[ZL","968 :JÂ6""D HI\TL D]bID\+L XC[ZL ÂJSF;:JÂ6""D HI\TL D]bID\+L XC[ZL ÂJSF;:JÂ6""D HI\TL D]bID\+L XC[ZL ÂJSF;:JÂ6""D HI\TL D]bID\+L XC[ZL ÂJSF; 181515.00 70350.75 111068.43 75000.00 150000.00 181515.00 181515.00"
2024-25,DEPT969,DEPT TOTAL,297,969,"VD'TvS],VD'TvS],VD'TvS],VD'TvS], 47500.00 10846.90 5686.01 1","969 VD'TvS],VD'TvS],VD'TvS],VD'TvS], 47500.00 10846.90 5686.01 17025.00 24725.00 47500.00 47500.00"
2024-25,DEPT381,DEPT TOTAL,300,381,"Z:TF4 U,LVM4 O]85FYZ:TF4 U,LVM4 O]85FYZ:TF4 U,LVM4 O]85FYZ:T","381 Z:TF4 U,LVM4 O]85FYZ:TF4 U,LVM4 O]85FYZ:TF4 U,LVM4 O]85FYZ:TF4 U,LVM4 O]85FY"
2024-25,86244,40% PUBLIC CONTRIB FOR ROADS (cap inc),300,326,"0=[G[H ,F.G0=[G[H ,F.G0=[G[H ,F.G0=[G[H ,F.G","2.10 0.00 0.00 86244 $_@GF BR["" Z:TF SZJF 0.00 0.00 0.00 0.00"
2024-25,86269,70:20:10 SCHEME ROAD CONTRIB (cap inc),300,326,"0=[G[H ,F.G0=[G[H ,F.G0=[G[H ,F.G0=[G[H ,F.G",236.77 107.46 400.00 86269 *_oZ_o!_ IMHGF C[9/
2024-25,86275,ROAD AT 80:20 SCHEME (cap inc),300,326,"0=[G[H ,F.G0=[G[H ,F.G0=[G[H ,F.G0=[G[H ,F.G",0.00 3.96 0.00 86275 (_oZ_ :SLD C[9/ ZM0GF SFDM 0.00 0.00 0.00 0.00
2024-25,DEPT381,DEPT TOTAL,300,381,"Z:TF4 U,LVM4 O]85FYvS],Z:TF4 U,LVM4 O]85FYvS],Z:TF4 U,LVM4 O","381 Z:TF4 U,LVM4 O]85FYvS],Z:TF4 U,LVM4 O]85FYvS],Z:TF4 U,LVM4 O]85FYvS],Z:TF4 U,LVM4 O]85FYvS], 500.00 238.87 111.42 700.00 400.00 500.00 500.00"
2024-25,DEPT967,DEPT TOTAL,301,967,"H[PV[GPV[GPI]PVFZPV[DP  ÝMH[É8vS],H[PV[GPV[GPI]PVFZPV[DP  ÝM","967 H[PV[GPV[GPI]PVFZPV[DP  ÝMH[É8vS],H[PV[GPV[GPI]PVFZPV[DP  ÝMH[É8vS],H[PV[GPV[GPI]PVFZPV[DP  ÝMH[É8vS],H[PV[GPV[GPI]PVFZPV[DP  ÝMH[É8vS], 10.00 13.66 38.27 10.00 30.00 10.00 10.00"
2025-26,23306,PENALTY RECOVERED FROM CONTRACTORS (rev inc),274,111,GF6F\ BFT]\GF6F\ BFT]\GF6F\ BFT]\GF6F\ BFT]\,"8.80 0.64 1.50 23306 SMg8=FÉ8;"" 5F;[YL D/[, N\0GL VFJS 1.00 1.00 1.00"
2025-26,23306,PENALTY RECOVERED FROM CONTRACTORS (rev inc),275,121,J:TL U6TZLJ:TL U6TZLJ:TL U6TZLJ:TL U6TZL,"0.00 0.29 0.00 23306 SMg8=FÉ8;"" 5F;[YL D/[, N\0GL VFJS 0.00 0.00 0.00"
2025-26,23306,PENALTY RECOVERED FROM CONTRACTORS (rev inc),275,121,J:TL U6TZLJ:TL U6TZLJ:TL U6TZLJ:TL U6TZL,"8.05 3.86 10.00 23306 SMg8=FÉ8;"" 5F;[YL D/[, N\0GL VFJS 10.00 10.00 10.00"
2025-26,23306,PENALTY RECOVERED FROM CONTRACTORS (rev inc),275,121,J:TL U6TZLJ:TL U6TZLJ:TL U6TZLJ:TL U6TZL,"0.00 12.10 15.00 23306 SMg8=FÉ8;"" 5F;[YL D/[, N\0GL VFJS 15.00 1.00 15.00"
2025-26,23306,PENALTY RECOVERED FROM CONTRACTORS (rev inc),277,121,J:TL U6TZLJ:TL U6TZLJ:TL U6TZLJ:TL U6TZL,"0.00 0.02 96.40 23306 SMg8=FÉ8;"" 5F;[YL D/[, N\0GL VFJS 106.04 3.60 106.04"
2025-26,23306,PENALTY RECOVERED FROM CONTRACTORS (rev inc),278,121,J:TL U6TZLJ:TL U6TZLJ:TL U6TZLJ:TL U6TZL,"0.00 0.05 0.00 23306 SMg8=FÉ8;"" 5F;[YL D/[, N\0GL VFJS 0.00 0.00 0.00"
2025-26,23306,PENALTY RECOVERED FROM CONTRACTORS (rev inc),278,302,"ZMXGL BFT] s,F.8 BFT]\fZMXGL BFT] s,F.8 BFT]\fZMXGL BFT] s,F","322.43 206.13 150.00 23306 SMg8=FÉ8;"" 5F;[YL D/[, N\0GL VFJS 15.00 5.00 15.00"
2025-26,23306,PENALTY RECOVERED FROM CONTRACTORS (rev inc),279,304,SMdI]GLS[XG  lJEFUSMdI]GLS[XG  lJEFUSMdI]GLS[XG  lJEFUSMdI]G,"0.00 0.00 2.00 23306 SMg8=FÉ8;"" 5F;[YL D/[, N\0GL VFJS 2.00 2.00 2.00"
2025-26,23306,PENALTY RECOVERED FROM CONTRACTORS (rev inc),279,304,SMdI]GLS[XG  lJEFUSMdI]GLS[XG  lJEFUSMdI]GLS[XG  lJEFUSMdI]G,"0.00 0.00 0.25 23306 SMg8=FÉ8;"" 5F;[YL D/[, N\0GL VFJS 0.00 0.00 0.00"
2025-26,23306,PENALTY RECOVERED FROM CONTRACTORS (rev inc),279,336,;]VZ[H S<FLGL\U >SJL%FD[g8;]VZ[H S<FLGL\U >SJL%FD[g8;]VZ[H S,"0.00 2.84 3.00 23306 SMg8=FÉ8;"" 5F;[YL D/[, N\0GL VFJS 3.00 0.00 3.00"
2025-26,23306,PENALTY RECOVERED FROM CONTRACTORS (rev inc),280,336,;]VZ[H S<FLGL\U >SJL%FD[g8;]VZ[H S<FLGL\U >SJL%FD[g8;]VZ[H S,"255.38 696.67 671.51 23306 SMg8=FÉ8;"" 5F;[YL D/[, N\0GL VFJS 700.00 350.00 700.00"
2025-26,DEPT371,DEPT TOTAL,280,371,".HG[Z 0L5F8""D[g8 v ;FDFgI N[BZ[B.HG[Z 0L5F8""D[g8 v ;FDFgI N[","371 .HG[Z 0L5F8""D[g8 v ;FDFgI N[BZ[B.HG[Z 0L5F8""D[g8 v ;FDFgI N[BZ[B.HG[Z 0L5F8""D[g8 v ;FDFgI N[BZ[B.HG[Z 0L5F8""D[g8 v ;FDFgI N[BZ[B"
2025-26,23306,PENALTY RECOVERED FROM CONTRACTORS (rev inc),280,336,;]VZ[H S<FLGL\U >SJL%FD[g8;]VZ[H S<FLGL\U >SJL%FD[g8;]VZ[H S,"602.59 1068.96 800.00 23306 SMg8=FÉ8;"" 5F;[YL D/[, N\0GL VFJS 880.00 800.00 880.00"
2025-26,23311,COST OF WORK DONE ON CAPITAL A/C LSR (rev inc),280,336,;]VZ[H S<FLGL\U >SJL%FD[g8;]VZ[H S<FLGL\U >SJL%FD[g8;]VZ[H S,"5148.05 7930.76 9320.00 23311 ,MG :8FO ZLSJZL sV[,PV[;PVFZf 9500.00 1500.00 9500.00"
2025-26,DEPT371,DEPT TOTAL,280,371,".HG[Z 0L5F8""D[g8 v ;FDFgI N[BZ[BvS],.HG[Z 0L5F8""D[g8 v ;FDFg","371 .HG[Z 0L5F8""D[g8 v ;FDFgI N[BZ[BvS],.HG[Z 0L5F8""D[g8 v ;FDFgI N[BZ[BvS],.HG[Z 0L5F8""D[g8 v ;FDFgI N[BZ[BvS],.HG[Z 0L5F8""D[g8 v ;FDFgI N[BZ[BvS], 12366.35 7074.74 10410.40 3666.28 11774.58 12366.35"
2025-26,DEPT381,DEPT TOTAL,280,381,"Z:TF4 U,LVM4 O]85FYZ:TF4 U,LVM4 O]85FYZ:TF4 U,LVM4 O]85FYZ:T","381 Z:TF4 U,LVM4 O]85FYZ:TF4 U,LVM4 O]85FYZ:TF4 U,LVM4 O]85FYZ:TF4 U,LVM4 O]85FY"
2025-26,10301,"VEHICLE TAX (rev inc, dept 381)",280,336,;]VZ[H S<FLGL\U >SJL%FD[g8;]VZ[H S<FLGL\U >SJL%FD[g8;]VZ[H S,18652.98 21636.26 23500.00 10301 JFCG 8[Ù 27500.00 23500.00 26500.00
2025-26,13423,ROAD CUT RESTORATION CHARGES (rev inc),280,336,;]VZ[H S<FLGL\U >SJL%FD[g8;]VZ[H S<FLGL\U >SJL%FD[g8;]VZ[H S,427.32 426.80 500.00 13423 Z:TF S5FT 5]Go :YF5G OL 700.00 350.00 700.00
2025-26,DEPT381,DEPT TOTAL,280,381,"Z:TF4 U,LVM4 O]85FYvS],Z:TF4 U,LVM4 O]85FYvS],Z:TF4 U,LVM4 O","381 Z:TF4 U,LVM4 O]85FYvS],Z:TF4 U,LVM4 O]85FYvS],Z:TF4 U,LVM4 O]85FYvS],Z:TF4 U,LVM4 O]85FYvS], 28208.00 19108.11 22082.78 23900.00 24007.50 27208.00"
2025-26,23306,PENALTY RECOVERED FROM CONTRACTORS (rev inc),280,382,"5],M5],M 5],M5],M","0.00 0.35 0.00 23306 SMg8=FÉ8;"" 5F;[YL D/[, N\0GL VFJS 0.00 0.00 0.00"
2025-26,DEPT382,DEPT TOTAL,280,382,"5],MvS],5],MvS],5],MvS],5],MvS], 0.00 0.00 0.35 0.00 0.00 0.","382 5],MvS],5],MvS],5],MvS],5],MvS], 0.00 0.00 0.35 0.00 0.00 0.00"
2025-26,23306,PENALTY RECOVERED FROM CONTRACTORS (rev inc),281,401,C[<YBFT]\C[<YBFT]\C[<YBFT]\C[<YBFT]\,"50.80 65.17 55.00 23306 SMg8=FÉ8;"" 5F;[YL D/[, N\0GL VFJS 50.00 50.00 50.00"
2025-26,23306,PENALTY RECOVERED FROM CONTRACTORS (rev inc),281,405,"ZFÚ=LI D[,[ZLIF GFA]NL h]\A[XZFÚ=LI D[,[ZLIF GFA]NL h]\A[XZF","0.00 30.44 30.00 23306 SMg8=FÉ8;"" 5F;[YL D/[, N\0GL VFJS 30.00 0.00 30.00"
2025-26,23306,PENALTY RECOVERED FROM CONTRACTORS (rev inc),282,411,-MZ +F; V\S]X lJEFU s;LPV[GP;LP0LPf-MZ +F; V\S]X lJEFU s;LPV,"7.71 0.67 5.10 23306 SMg8=FÉ8;"" 5F;[YL D/[, N\0GL VFJS 6.00 5.00 6.00"
2025-26,23306,PENALTY RECOVERED FROM CONTRACTORS (rev inc),282,432,"ST,BFGFST,BFGFST,BFGFST,BFGF","0.00 0.39 0.15 23306 SMg8=FÉ8;"" 5F;[YL D/[, N\0GL VFJS 0.15 0.00 0.15"
2025-26,23306,PENALTY RECOVERED FROM CONTRACTORS (rev inc),282,501,NJFBFGFNJFBFGFNJFBFGFNJFBFGF,"0.00 2.62 5.53 23306 SMg8=FÉ8;"" 5F;[YL D/[, N\0GL VFJS 6.00 0.00 6.00"
2025-26,23306,PENALTY RECOVERED FROM CONTRACTORS (rev inc),283,501,NJFBFGFNJFBFGFNJFBFGFNJFBFGF,"0.00 0.36 0.00 23306 SMg8=FÉ8;"" 5F;[YL D/[, N\0GL VFJS 0.00 0.00 0.00"
2025-26,23306,PENALTY RECOVERED FROM CONTRACTORS (rev inc),283,601,"5FS"" TYF AULRF5FS"" TYF AULRF5FS"" TYF AULRF5FS"" TYF AULRF","0.00 2.94 25.00 23306 SMg8=FÉ8;"" 5F;[YL D/[, N\0GL VFJS 5.00 0.00 5.00"
2025-26,23306,PENALTY RECOVERED FROM CONTRACTORS (rev inc),283,604,SF\SZLIF T/FJSF\SZLIF T/FJSF\SZLIF T/FJSF\SZLIF T/FJ,"0.00 1.13 7.50 23306 SMg8=FÉ8;"" 5F;[YL D/[, N\0GL VFJS 8.00 0.00 8.00"
2025-26,23306,PENALTY RECOVERED FROM CONTRACTORS (rev inc),284,609,h]h] h]h],"0.00 0.26 0.50 23306 SMg8=FÉ8;"" 5F;[YL D/[, N\0GL VFJS 0.50 0.50 0.50"
2025-26,23306,PENALTY RECOVERED FROM CONTRACTORS (rev inc),284,611,:JLDÄU 5]<;:JLDÄU 5]<;:JLDÄU 5]<;:JLDÄU 5]<;,"0.00 2.38 1.00 23306 SMg8=FÉ8;"" 5F;[YL D/[, N\0GL VFJS 1.00 1.00 1.00"
2025-26,23306,PENALTY RECOVERED FROM CONTRACTORS (rev inc),285,705,"jIFIFD lJnF,IjIFIFD lJnF,IjIFIFD lJnF,IjIFIFD lJnF,I","0.00 0.00 0.01 23306 SMg8=FÉ8;"" 5F;[YL D/[, N\0GL VFJS 0.00 0.00 0.00"
2025-26,23306,PENALTY RECOVERED FROM CONTRACTORS (rev inc),285,707,"5]:TSF,I5]:TSF,I5]:TSF,I5]:TSF,I","0.00 0.06 0.50 23306 SMg8=FÉ8;"" 5F;[YL D/[, N\0GL VFJS 0.25 0.00 0.25"
2025-26,DEPT371,DEPT TOTAL,304,371,".HG[Z 0L5F8""D[g8 v ;FDFgI N[BZ[B.HG[Z 0L5F8""D[g8 v ;FDFgI N[","371 .HG[Z 0L5F8""D[g8 v ;FDFgI N[BZ[B.HG[Z 0L5F8""D[g8 v ;FDFgI N[BZ[B.HG[Z 0L5F8""D[g8 v ;FDFgI N[BZ[B.HG[Z 0L5F8""D[g8 v ;FDFgI N[BZ[B"
2025-26,DEPT371,DEPT TOTAL,305,371,".HG[Z 0L5F8""D[g8 v ;FDFgI N[BZ[BvS],.HG[Z 0L5F8""D[g8 v ;FDFg","371 .HG[Z 0L5F8""D[g8 v ;FDFgI N[BZ[BvS],.HG[Z 0L5F8""D[g8 v ;FDFgI N[BZ[BvS],.HG[Z 0L5F8""D[g8 v ;FDFgI N[BZ[BvS],.HG[Z 0L5F8""D[g8 v ;FDFgI N[BZ[BvS], 17019.39 14120.97 16667.32 17343.08 20057.33 20064.39"
2025-26,DEPT381,DEPT TOTAL,305,381,"Z:TF4 U,LVM4 O]85FYZ:TF4 U,LVM4 O]85FYZ:TF4 U,LVM4 O]85FYZ:T","381 Z:TF4 U,LVM4 O]85FYZ:TF4 U,LVM4 O]85FYZ:TF4 U,LVM4 O]85FYZ:TF4 U,LVM4 O]85FY"
2025-26,38401,ROADS STREETS AND PAVEMENTS (rev exp),305,372,"JS""XM5 G\PZ sZM,ZfJS""XM5 G\PZ sZM,ZfJS""XM5 G\PZ sZM,ZfJS""XM5","1059.23 2096.07 2468.23 38401 Z:TF U,LVM TYF O}85FY 2990.00 2485.80 2990.00"
2025-26,38407,FOOT-PATH PAVEMENTS (rev exp),305,372,"JS""XM5 G\PZ sZM,ZfJS""XM5 G\PZ sZM,ZfJS""XM5 G\PZ sZM,ZfJS""XM5",187.42 302.06 516.00 38407 O}85FY s5[JD[g8f 660.00 419.00 660.00
2025-26,38413,POLE PAVEMENTS (rev exp),305,372,"JS""XM5 G\PZ sZM,ZfJS""XM5 G\PZ sZM,ZfJS""XM5 G\PZ sZM,ZfJS""XM5",35.87 60.57 86.50 38413 5M/ 5[JD[g8 102.50 89.60 102.50
2025-26,DEPT381,DEPT TOTAL,305,381,"Z:TF4 U,LVM4 O]85FYvS],Z:TF4 U,LVM4 O]85FYvS],Z:TF4 U,LVM4 O","381 Z:TF4 U,LVM4 O]85FYvS],Z:TF4 U,LVM4 O]85FYvS],Z:TF4 U,LVM4 O]85FYvS],Z:TF4 U,LVM4 O]85FYvS], 6525.02 3524.67 4992.28 5701.50 5640.22 6525.02"
2025-26,DEPT371,DEPT TOTAL,323,371,".HG[Z 0L5F8""D[g8 v ;FDFgI N[BZ[B.HG[Z 0L5F8""D[g8 v ;FDFgI N[","371 .HG[Z 0L5F8""D[g8 v ;FDFgI N[BZ[B.HG[Z 0L5F8""D[g8 v ;FDFgI N[BZ[B.HG[Z 0L5F8""D[g8 v ;FDFgI N[BZ[B.HG[Z 0L5F8""D[g8 v ;FDFgI N[BZ[B"
2025-26,DEPT371,DEPT TOTAL,325,371,".HG[Z 0L5F8""D[g8 v ;FDFgI N[BZ[BvS],.HG[Z 0L5F8""D[g8 v ;FDFg","371 .HG[Z 0L5F8""D[g8 v ;FDFgI N[BZ[BvS],.HG[Z 0L5F8""D[g8 v ;FDFgI N[BZ[BvS],.HG[Z 0L5F8""D[g8 v ;FDFgI N[BZ[BvS],.HG[Z 0L5F8""D[g8 v ;FDFgI N[BZ[BvS], 145635.00 75407.78 114854.66 109690.00 96575.00 172883.00"
2025-26,DEPT381,DEPT TOTAL,325,381,"Z:TF4 U,LVM4 O]85FYZ:TF4 U,LVM4 O]85FYZ:TF4 U,LVM4 O]85FYZ:T","381 Z:TF4 U,LVM4 O]85FYZ:TF4 U,LVM4 O]85FYZ:TF4 U,LVM4 O]85FYZ:TF4 U,LVM4 O]85FY"
2025-26,64401,ROADS AND STREETS RESURFACING (capex),325,326,"0=[G[H ,F.G0=[G[H ,F.G0=[G[H ,F.G0=[G[H ,F.G","0.00 943.57 500.00 64401 Z:TF4 U,L v ZL;ZO[.;ÄU 1500.00 4000.00 1500.00"
2025-26,64406,ROADS AND STREETS - GENERAL (capex),325,326,"0=[G[H ,F.G0=[G[H ,F.G0=[G[H ,F.G0=[G[H ,F.G","1545.63 -5990.51 30000.00 64406 Z:TF4 U,L  v HGZ, 20000.00 36900.00 27600.00"
2025-26,64407,FOOTPATH AND PAVEMENTS (capex),325,326,"0=[G[H ,F.G0=[G[H ,F.G0=[G[H ,F.G0=[G[H ,F.G",0.00 35.41 800.00 64407 O]85FY4 5[JD[g8 1000.00 2400.00 1000.00
2025-26,64410,NALA - GENERAL (capex),325,326,"0=[G[H ,F.G0=[G[H ,F.G0=[G[H ,F.G0=[G[H ,F.G","0.00 0.00 0.00 64410 GF/F4 HGZ, 0.00 0.00 2500.00"
2025-26,64414,TRAFFIC CONTROL BLOCK (capex),325,326,"0=[G[H ,F.G0=[G[H ,F.G0=[G[H ,F.G0=[G[H ,F.G","549.15 1417.09 1500.00 64414 8=FOLS Sg8=M, a,MÉ; 3500.00 2000.00 4700.00"
2025-26,64452,70:20:10 SCHEME ROAD IN SOC (capex),325,326,"0=[G[H ,F.G0=[G[H ,F.G0=[G[H ,F.G0=[G[H ,F.G",8479.76 8794.62 7000.00 64452 *_oZ_o!_ IMHGF C[9/ ;M;FI8LVMDF\
2025-26,64729,HOT MIX PLANT (capex),325,326,"0=[G[H ,F.G0=[G[H ,F.G0=[G[H ,F.G0=[G[H ,F.G","0.00 0.00 1500.00 64729 CM8DL1F %,Fg8 1500.00 0.00 1500.00"
2025-26,DEPT381,DEPT TOTAL,325,381,"Z:TF4 U,LVM4 O]85FYvS],Z:TF4 U,LVM4 O]85FYvS],Z:TF4 U,LVM4 O","381 Z:TF4 U,LVM4 O]85FYvS],Z:TF4 U,LVM4 O]85FYvS],Z:TF4 U,LVM4 O]85FYvS],Z:TF4 U,LVM4 O]85FYvS], 34700.00 10574.54 5200.18 52300.00 41300.00 46500.00"
2025-26,64402,OTHER BRIDGES (capex),325,382,"5],M5],M 5],M5],M","2037.44 1485.45 2500.00 64402 VgI 5], 3500.00 2050.00 5500.00"
2025-26,DEPT382,DEPT TOTAL,325,382,"5],MvS],5],MvS],5],MvS],5],MvS], 3500.00 2037.44 1485.45 205","382 5],MvS],5],MvS],5],MvS],5],MvS], 3500.00 2037.44 1485.45 2050.00 2500.00 5500.00"
2025-26,DEPT962,DEPT TOTAL,327,962,"hMG, S[5L8, JS"";hMG, S[5L8, JS"";hMG, S[5L8, JS"";hMG, S[5L8, ","962 hMG, S[5L8, JS"";hMG, S[5L8, JS"";hMG, S[5L8, JS"";hMG, S[5L8, JS"";"
2025-26,64401,ROADS AND STREETS RESURFACING (capex),328,911,ÒPVMPÒP ;\;N;eIzLGL U|Fg8ÒPVMPÒP ;\;N;eIzLGL U|Fg8ÒPVMPÒP ;\,"10083.86 12500.73 13050.00 64401 Z:TF4 U,L v ZL;ZO[.;ÄU 24265.00 13859.38 24265.00"
2025-26,64406,ROADS AND STREETS - GENERAL (capex),328,911,ÒPVMPÒP ;\;N;eIzLGL U|Fg8ÒPVMPÒP ;\;N;eIzLGL U|Fg8ÒPVMPÒP ;\,"3129.47 2583.25 3115.00 64406 Z:TF4 U,L  v HGZ, 10950.00 7254.65 10950.00"
2025-26,64407,FOOTPATH AND PAVEMENTS (capex),328,911,ÒPVMPÒP ;\;N;eIzLGL U|Fg8ÒPVMPÒP ;\;N;eIzLGL U|Fg8ÒPVMPÒP ;\,3002.62 3155.58 3810.00 64407 O]85FY4 5[JD[g8 5500.00 4596.00 5500.00
2025-26,64453,R.C.C. ROAD (capex),328,911,ÒPVMPÒP ;\;N;eIzLGL U|Fg8ÒPVMPÒP ;\;N;eIzLGL U|Fg8ÒPVMPÒP ;\,0.00 86.37 250.00 64453 VFZP;LP;LP ZM0 2100.00 340.00 2100.00
2025-26,DEPT962,DEPT TOTAL,328,962,"hMG, S[5L8, JS"";vS],hMG, S[5L8, JS"";vS],hMG, S[5L8, JS"";vS],","962 hMG, S[5L8, JS"";vS],hMG, S[5L8, JS"";vS],hMG, S[5L8, JS"";vS],hMG, S[5L8, JS"";vS], 100000.00 30749.17 35487.35 65000.00 43000.00 100000.00"
2025-26,DEPT967,DEPT TOTAL,328,967,"H[PV[GPV[GPI]PVFZPV[DP  ÝMH[É8vS],H[PV[GPV[GPI]PVFZPV[DP  ÝM","967 H[PV[GPV[GPI]PVFZPV[DP  ÝMH[É8vS],H[PV[GPV[GPI]PVFZPV[DP  ÝMH[É8vS],H[PV[GPV[GPI]PVFZPV[DP  ÝMH[É8vS],H[PV[GPV[GPI]PVFZPV[DP  ÝMH[É8vS], 0.00 1064.32 39.96 0.00 35.00 0.00"
2025-26,64401,ROADS AND STREETS RESURFACING (capex),329,968,":JÂ6""D HI\TL D]bID\+L XC[ZL ÂJSF;:JÂ6""D HI\TL D]bID\+L XC[ZL","10942.49 8241.41 6500.00 64401 Z:TF4 U,L v ZL;ZO[.;ÄU 10000.00 10000.00 10000.00"
2025-26,64402,OTHER BRIDGES (capex),329,968,":JÂ6""D HI\TL D]bID\+L XC[ZL ÂJSF;:JÂ6""D HI\TL D]bID\+L XC[ZL","11021.42 18511.66 21000.00 64402 VgI 5], 22500.00 15000.00 22500.00"
2025-26,64406,ROADS AND STREETS - GENERAL (capex),329,968,":JÂ6""D HI\TL D]bID\+L XC[ZL ÂJSF;:JÂ6""D HI\TL D]bID\+L XC[ZL","18647.99 39462.93 45000.00 64406 Z:TF4 U,L  v HGZ, 30000.00 19000.00 30000.00"
2025-26,64407,FOOTPATH AND PAVEMENTS (capex),329,968,":JÂ6""D HI\TL D]bID\+L XC[ZL ÂJSF;:JÂ6""D HI\TL D]bID\+L XC[ZL",121.81 654.58 750.00 64407 O]85FY4 5[JD[g8 1100.00 1000.00 1100.00
2025-26,64410,NALA - GENERAL (capex),329,968,":JÂ6""D HI\TL D]bID\+L XC[ZL ÂJSF;:JÂ6""D HI\TL D]bID\+L XC[ZL","71.72 1952.65 5578.52 64410 GF/F4 HGZ, 6000.00 3000.00 6000.00"
2025-26,64414,TRAFFIC CONTROL BLOCK (capex),329,968,":JÂ6""D HI\TL D]bID\+L XC[ZL ÂJSF;:JÂ6""D HI\TL D]bID\+L XC[ZL","221.72 665.81 1000.00 64414 8=FOLS Sg8=M, a,MÉ; 1580.00 1250.00 1580.00"
2025-26,64453,R.C.C. ROAD (capex),329,968,":JÂ6""D HI\TL D]bID\+L XC[ZL ÂJSF;:JÂ6""D HI\TL D]bID\+L XC[ZL",1877.29 4302.62 6000.00 64453 VFZP;LP;LP ZM0 10000.00 3000.00 10000.00
2025-26,DEPT968,DEPT TOTAL,330,968,":JÂ6""D HI\TL D]bID\+L XC[ZL ÂJSF; IMHGFvS],:JÂ6""D HI\TL D]bI","968 :JÂ6""D HI\TL D]bID\+L XC[ZL ÂJSF; IMHGFvS],:JÂ6""D HI\TL D]bID\+L XC[ZL ÂJSF; IMHGFvS],:JÂ6""D HI\TL D]bID\+L XC[ZL ÂJSF; IMHGFvS],:JÂ6""D HI\TL D]bID\+L XC[ZL ÂJSF; IMHGFvS], 257500.00 116023.11 182467.62 181515.00 187500.00 257500.00"
2025-26,DEPT969,DEPT TOTAL,330,969,"VD'TvS],VD'TvS],VD'TvS],VD'TvS], 65000.00 5686.01 14590.52 4","969 VD'TvS],VD'TvS],VD'TvS],VD'TvS], 65000.00 5686.01 14590.52 47500.00 64000.00 65000.00"
2025-26,DEPT381,DEPT TOTAL,333,381,"Z:TF4 U,LVM4 O]85FYZ:TF4 U,LVM4 O]85FYZ:TF4 U,LVM4 O]85FYZ:T","381 Z:TF4 U,LVM4 O]85FYZ:TF4 U,LVM4 O]85FYZ:TF4 U,LVM4 O]85FYZ:TF4 U,LVM4 O]85FY"
2025-26,86269,70:20:10 SCHEME ROAD CONTRIB (cap inc),333,326,"0=[G[H ,F.G0=[G[H ,F.G0=[G[H ,F.G0=[G[H ,F.G",107.46 64.17 100.00 86269 *_oZ_o!_ IMHGF C[9/ ;M;FI8LVMDF\
2025-26,86275,ROAD AT 80:20 SCHEME (cap inc),333,326,"0=[G[H ,F.G0=[G[H ,F.G0=[G[H ,F.G0=[G[H ,F.G",3.96 0.00 0.00 86275 (_oZ_ :SLD C[9/ ZM0GF SFDM 0.00 0.00 0.00
2025-26,DEPT381,DEPT TOTAL,333,381,"Z:TF4 U,LVM4 O]85FYvS],Z:TF4 U,LVM4 O]85FYvS],Z:TF4 U,LVM4 O","381 Z:TF4 U,LVM4 O]85FYvS],Z:TF4 U,LVM4 O]85FYvS],Z:TF4 U,LVM4 O]85FYvS],Z:TF4 U,LVM4 O]85FYvS], 500.00 111.42 64.17 500.00 100.00 500.00"
2025-26,DEPT967,DEPT TOTAL,334,967,"H[PV[GPV[GPI]PVFZPV[DP  ÝMH[É8vS],H[PV[GPV[GPI]PVFZPV[DP  ÝM","967 H[PV[GPV[GPI]PVFZPV[DP  ÝMH[É8vS],H[PV[GPV[GPI]PVFZPV[DP  ÝMH[É8vS],H[PV[GPV[GPI]PVFZPV[DP  ÝMH[É8vS],H[PV[GPV[GPI]PVFZPV[DP  ÝMH[É8vS], 60.00 38.27 28.32 10.00 120.00 60.00"
2026-27,23306,PENALTY RECOVERED FROM CONTRACTORS (rev inc),246,111,GF6F\ BFT]\GF6F\ BFT]\GF6F\ BFT]\GF6F\ BFT]\,"0.64 3.63 5.00 23306 SMg8=FÉ8;"" 5F;[YL D/[, N\0GL VFJS 1.00 1.00 1.00"
2026-27,23306,PENALTY RECOVERED FROM CONTRACTORS (rev inc),247,121,J:TL U6TZLJ:TL U6TZLJ:TL U6TZLJ:TL U6TZL,"0.29 0.00 0.00 23306 SMg8=FÉ8;"" 5F;[YL D/[, N\0GL VFJS 0.00 0.00 0.00"
2026-27,23306,PENALTY RECOVERED FROM CONTRACTORS (rev inc),247,121,J:TL U6TZLJ:TL U6TZLJ:TL U6TZLJ:TL U6TZL,"3.86 7.23 10.00 23306 SMg8=FÉ8;"" 5F;[YL D/[, N\0GL VFJS 10.00 10.00 10.00"
2026-27,23306,PENALTY RECOVERED FROM CONTRACTORS (rev inc),247,121,J:TL U6TZLJ:TL U6TZLJ:TL U6TZLJ:TL U6TZL,"12.10 8.19 15.00 23306 SMg8=FÉ8;"" 5F;[YL D/[, N\0GL VFJS 15.00 15.00 15.00"
2026-27,23306,PENALTY RECOVERED FROM CONTRACTORS (rev inc),249,121,J:TL U6TZLJ:TL U6TZLJ:TL U6TZLJ:TL U6TZL,"0.02 50.20 11.00 23306 SMg8=FÉ8;"" 5F;[YL D/[, N\0GL VFJS 120.00 106.04 120.00"
2026-27,23306,PENALTY RECOVERED FROM CONTRACTORS (rev inc),250,121,J:TL U6TZLJ:TL U6TZLJ:TL U6TZLJ:TL U6TZL,"0.05 0.00 0.00 23306 SMg8=FÉ8;"" 5F;[YL D/[, N\0GL VFJS 0.00 0.00 0.00"
2026-27,23306,PENALTY RECOVERED FROM CONTRACTORS (rev inc),251,302,"ZMXGL BFT] s,F.8 BFT]\fZMXGL BFT] s,F.8 BFT]\fZMXGL BFT] s,F","206.13 190.10 350.00 23306 SMg8=FÉ8;"" 5F;[YL D/[, N\0GL VFJS 200.00 15.00 200.00"
2026-27,23306,PENALTY RECOVERED FROM CONTRACTORS (rev inc),251,304,SMdI]GLS[XG  lJEFUSMdI]GLS[XG  lJEFUSMdI]GLS[XG  lJEFUSMdI]G,"0.00 0.00 2.00 23306 SMg8=FÉ8;"" 5F;[YL D/[, N\0GL VFJS 2.00 2.00 2.00"
2026-27,23306,PENALTY RECOVERED FROM CONTRACTORS (rev inc),251,304,SMdI]GLS[XG  lJEFUSMdI]GLS[XG  lJEFUSMdI]GLS[XG  lJEFUSMdI]G,"0.00 0.12 0.00 23306 SMg8=FÉ8;"" 5F;[YL D/[, N\0GL VFJS 0.00 0.00 0.00"
2026-27,23306,PENALTY RECOVERED FROM CONTRACTORS (rev inc),251,327,";]V[h OFD"";]V[h OFD"";]V[h OFD"";]V[h OFD""","0.00 0.12 0.15 23306 SMg8=FÉ8;"" 5F;[YL D/[, N\0GL VFJS 0.15 0.00 0.15"
2026-27,23306,PENALTY RECOVERED FROM CONTRACTORS (rev inc),252,336,;]VZ[H S<FLGL\U >SJL%FD[g8;]VZ[H S<FLGL\U >SJL%FD[g8;]VZ[H S,"2.84 1.22 3.00 23306 SMg8=FÉ8;"" 5F;[YL D/[, N\0GL VFJS 3.00 3.00 3.00"
2026-27,23306,PENALTY RECOVERED FROM CONTRACTORS (rev inc),252,336,;]VZ[H S<FLGL\U >SJL%FD[g8;]VZ[H S<FLGL\U >SJL%FD[g8;]VZ[H S,"696.67 811.51 700.00 23306 SMg8=FÉ8;"" 5F;[YL D/[, N\0GL VFJS 700.00 700.00 700.00"
2026-27,DEPT371,DEPT TOTAL,252,371,".HG[Z 0L5F8""D[g8 v ;FDFgI N[BZ[B.HG[Z 0L5F8""D[g8 v ;FDFgI N[","371 .HG[Z 0L5F8""D[g8 v ;FDFgI N[BZ[B.HG[Z 0L5F8""D[g8 v ;FDFgI N[BZ[B.HG[Z 0L5F8""D[g8 v ;FDFgI N[BZ[B.HG[Z 0L5F8""D[g8 v ;FDFgI N[BZ[B"
2026-27,23306,PENALTY RECOVERED FROM CONTRACTORS (rev inc),252,336,;]VZ[H S<FLGL\U >SJL%FD[g8;]VZ[H S<FLGL\U >SJL%FD[g8;]VZ[H S,"1068.96 1147.08 1500.00 23306 SMg8=FÉ8;"" 5F;[YL D/[, N\0GL VFJS 1500.00 880.00 1500.00"
2026-27,23311,COST OF WORK DONE ON CAPITAL A/C LSR (rev inc),252,336,;]VZ[H S<FLGL\U >SJL%FD[g8;]VZ[H S<FLGL\U >SJL%FD[g8;]VZ[H S,"7930.76 11006.33 10000.00 23311 ,MG :8FO ZLSJZL sV[,PV[;PVFZf 12500.00 9500.00 12500.00"
2026-27,DEPT371,DEPT TOTAL,252,371,".HG[Z 0L5F8""D[g8 v ;FDFgI N[BZ[BvS],.HG[Z 0L5F8""D[g8 v ;FDFg","371 .HG[Z 0L5F8""D[g8 v ;FDFgI N[BZ[BvS],.HG[Z 0L5F8""D[g8 v ;FDFgI N[BZ[BvS],.HG[Z 0L5F8""D[g8 v ;FDFgI N[BZ[BvS],.HG[Z 0L5F8""D[g8 v ;FDFgI N[BZ[BvS], 16320.35 10410.40 14561.73 12366.35 13515.35 16320.35"
2026-27,DEPT381,DEPT TOTAL,252,381,"Z:TF4 U,LVM4 O]85FYZ:TF4 U,LVM4 O]85FYZ:TF4 U,LVM4 O]85FYZ:T","381 Z:TF4 U,LVM4 O]85FYZ:TF4 U,LVM4 O]85FYZ:TF4 U,LVM4 O]85FYZ:TF4 U,LVM4 O]85FY"
2026-27,10301,"VEHICLE TAX (rev inc, dept 381)",252,336,;]VZ[H S<FLGL\U >SJL%FD[g8;]VZ[H S<FLGL\U >SJL%FD[g8;]VZ[H S,21636.26 22344.57 26500.00 10301 JFCG 8[Ù 30000.00 26500.00 30500.00
2026-27,13423,ROAD CUT RESTORATION CHARGES (rev inc),253,336,;]VZ[H S<FLGL\U >SJL%FD[g8;]VZ[H S<FLGL\U >SJL%FD[g8;]VZ[H S,426.80 338.63 250.00 13423 Z:TF S5FT 5]Go :YF5G OL 700.00 700.00 700.00
2026-27,DEPT381,DEPT TOTAL,253,381,"Z:TF4 U,LVM4 O]85FYvS],Z:TF4 U,LVM4 O]85FYvS],Z:TF4 U,LVM4 O","381 Z:TF4 U,LVM4 O]85FYvS],Z:TF4 U,LVM4 O]85FYvS],Z:TF4 U,LVM4 O]85FYvS],Z:TF4 U,LVM4 O]85FYvS], 30795.15 22082.78 22690.71 27208.00 26845.15 31295.15"
2026-27,23306,PENALTY RECOVERED FROM CONTRACTORS (rev inc),253,382,"5],M5],M 5],M5],M","0.35 0.00 0.00 23306 SMg8=FÉ8;"" 5F;[YL D/[, N\0GL VFJS 0.00 0.00 0.00"
2026-27,DEPT382,DEPT TOTAL,253,382,"5],MvS],5],MvS],5],MvS],5],MvS], 0.00 0.35 0.00 0.00 0.00 0.","382 5],MvS],5],MvS],5],MvS],5],MvS], 0.00 0.35 0.00 0.00 0.00 0.00"
2026-27,23306,PENALTY RECOVERED FROM CONTRACTORS (rev inc),253,401,C[<YBFT]\C[<YBFT]\C[<YBFT]\C[<YBFT]\,"65.17 56.39 68.74 23306 SMg8=FÉ8;"" 5F;[YL D/[, N\0GL VFJS 70.00 50.00 70.00"
2026-27,23306,PENALTY RECOVERED FROM CONTRACTORS (rev inc),254,405,"ZFÚ=LI D[,[ZLIF GFA]NL h]\A[XZFÚ=LI D[,[ZLIF GFA]NL h]\A[XZF","30.44 27.95 40.00 23306 SMg8=FÉ8;"" 5F;[YL D/[, N\0GL VFJS 40.00 30.00 40.00"
2026-27,23306,PENALTY RECOVERED FROM CONTRACTORS (rev inc),254,409,ZMUÝlTSFZS Z;L D}SJFGL IMHGFZMUÝlTSFZS Z;L D}SJFGL IMHGFZMUÝ,"0.00 0.05 0.00 23306 SMg8=FÉ8;"" 5F;[YL D/[, N\0GL VFJS 0.00 0.00 0.00"
2026-27,23306,PENALTY RECOVERED FROM CONTRACTORS (rev inc),254,411,-MZ +F; V\S]X lJEFU s;LPV[GP;LP0LPf-MZ +F; V\S]X lJEFU s;LPV,"0.67 5.51 11.83 23306 SMg8=FÉ8;"" 5F;[YL D/[, N\0GL VFJS 12.00 6.00 12.00"
2026-27,23306,PENALTY RECOVERED FROM CONTRACTORS (rev inc),254,432,"ST,BFGFST,BFGFST,BFGFST,BFGF","0.39 0.10 50.00 23306 SMg8=FÉ8;"" 5F;[YL D/[, N\0GL VFJS 0.15 0.15 0.15"
2026-27,23306,PENALTY RECOVERED FROM CONTRACTORS (rev inc),255,501,NJFBFGFNJFBFGFNJFBFGFNJFBFGF,"0.00 0.00 0.11 23306 SMg8=FÉ8;"" 5F;[YL D/[, N\0GL VFJS 0.10 0.00 0.10"
2026-27,23306,PENALTY RECOVERED FROM CONTRACTORS (rev inc),255,501,NJFBFGFNJFBFGFNJFBFGFNJFBFGF,"2.62 5.89 8.79 23306 SMg8=FÉ8;"" 5F;[YL D/[, N\0GL VFJS 10.00 6.00 10.00"
2026-27,23306,PENALTY RECOVERED FROM CONTRACTORS (rev inc),255,501,NJFBFGFNJFBFGFNJFBFGFNJFBFGF,"0.36 0.79 0.00 23306 SMg8=FÉ8;"" 5F;[YL D/[, N\0GL VFJS 0.00 0.00 0.00"
2026-27,23306,PENALTY RECOVERED FROM CONTRACTORS (rev inc),255,501,NJFBFGFNJFBFGFNJFBFGFNJFBFGF,"0.00 0.18 0.00 23306 SMg8=FÉ8;"" 5F;[YL D/[, N\0GL VFJS 0.00 0.00 0.00"
2026-27,23306,PENALTY RECOVERED FROM CONTRACTORS (rev inc),256,601,"5FS"" TYF AULRF5FS"" TYF AULRF5FS"" TYF AULRF5FS"" TYF AULRF","2.94 18.51 16.85 23306 SMg8=FÉ8;"" 5F;[YL D/[, N\0GL VFJS 10.00 5.00 10.00"
2026-27,23306,PENALTY RECOVERED FROM CONTRACTORS (rev inc),256,604,SF\SZLIF T/FJSF\SZLIF T/FJSF\SZLIF T/FJSF\SZLIF T/FJ,"1.13 8.57 8.00 23306 SMg8=FÉ8;"" 5F;[YL D/[, N\0GL VFJS 8.00 8.00 8.00"
2026-27,23306,PENALTY RECOVERED FROM CONTRACTORS (rev inc),256,609,h]h] h]h],"0.26 0.00 0.50 23306 SMg8=FÉ8;"" 5F;[YL D/[, N\0GL VFJS 0.50 0.50 0.50"
2026-27,23306,PENALTY RECOVERED FROM CONTRACTORS (rev inc),257,611,:JLDÄU 5]<;:JLDÄU 5]<;:JLDÄU 5]<;:JLDÄU 5]<;,"2.38 0.49 0.00 23306 SMg8=FÉ8;"" 5F;[YL D/[, N\0GL VFJS 0.00 1.00 0.00"
2026-27,23306,PENALTY RECOVERED FROM CONTRACTORS (rev inc),257,705,"jIFIFD lJnF,IjIFIFD lJnF,IjIFIFD lJnF,IjIFIFD lJnF,I","0.00 0.01 0.00 23306 SMg8=FÉ8;"" 5F;[YL D/[, N\0GL VFJS 0.00 0.00 0.00"
2026-27,23306,PENALTY RECOVERED FROM CONTRACTORS (rev inc),257,707,"5]:TSF,I5]:TSF,I5]:TSF,I5]:TSF,I","0.06 0.82 0.25 23306 SMg8=FÉ8;"" 5F;[YL D/[, N\0GL VFJS 0.25 0.25 0.25"
2026-27,DEPT371,DEPT TOTAL,277,371,".HG[Z 0L5F8""D[g8 v ;FDFgI N[BZ[B.HG[Z 0L5F8""D[g8 v ;FDFgI N[","371 .HG[Z 0L5F8""D[g8 v ;FDFgI N[BZ[B.HG[Z 0L5F8""D[g8 v ;FDFgI N[BZ[B.HG[Z 0L5F8""D[g8 v ;FDFgI N[BZ[B.HG[Z 0L5F8""D[g8 v ;FDFgI N[BZ[B"
2026-27,DEPT371,DEPT TOTAL,278,371,".HG[Z 0L5F8""D[g8 v ;FDFgI N[BZ[BvS],.HG[Z 0L5F8""D[g8 v ;FDFg","371 .HG[Z 0L5F8""D[g8 v ;FDFgI N[BZ[BvS],.HG[Z 0L5F8""D[g8 v ;FDFgI N[BZ[BvS],.HG[Z 0L5F8""D[g8 v ;FDFgI N[BZ[BvS],.HG[Z 0L5F8""D[g8 v ;FDFgI N[BZ[BvS], 19197.47 16667.32 18090.90 20064.39 19914.64 22342.47"
2026-27,DEPT381,DEPT TOTAL,278,381,"Z:TF4 U,LVM4 O]85FYZ:TF4 U,LVM4 O]85FYZ:TF4 U,LVM4 O]85FYZ:T","381 Z:TF4 U,LVM4 O]85FYZ:TF4 U,LVM4 O]85FYZ:TF4 U,LVM4 O]85FYZ:TF4 U,LVM4 O]85FY"
2026-27,38401,ROADS STREETS AND PAVEMENTS (rev exp),278,372,"JS""XM5 G\PZ sZM,ZfJS""XM5 G\PZ sZM,ZfJS""XM5 G\PZ sZM,ZfJS""XM5","2096.07 1979.92 2814.24 38401 Z:TF U,LVM TYF O}85FY 2995.00 2990.00 2995.00"
2026-27,38407,FOOT-PATH PAVEMENTS (rev exp),278,372,"JS""XM5 G\PZ sZM,ZfJS""XM5 G\PZ sZM,ZfJS""XM5 G\PZ sZM,ZfJS""XM5",302.06 317.53 546.12 38407 O}85FY s5[JD[g8f 657.00 660.00 657.00
2026-27,38413,POLE PAVEMENTS (rev exp),278,372,"JS""XM5 G\PZ sZM,ZfJS""XM5 G\PZ sZM,ZfJS""XM5 G\PZ sZM,ZfJS""XM5",60.57 31.32 88.00 38413 5M/ 5[JD[g8 103.00 102.50 103.00
2026-27,DEPT381,DEPT TOTAL,278,381,"Z:TF4 U,LVM4 O]85FYvS],Z:TF4 U,LVM4 O]85FYvS],Z:TF4 U,LVM4 O","381 Z:TF4 U,LVM4 O]85FYvS],Z:TF4 U,LVM4 O]85FYvS],Z:TF4 U,LVM4 O]85FYvS],Z:TF4 U,LVM4 O]85FYvS], 6519.70 4992.28 4862.27 6525.02 5964.45 6519.70"
2026-27,DEPT371,DEPT TOTAL,297,371,".HG[Z 0L5F8""D[g8 v ;FDFgI N[BZ[B.HG[Z 0L5F8""D[g8 v ;FDFgI N[","371 .HG[Z 0L5F8""D[g8 v ;FDFgI N[BZ[B.HG[Z 0L5F8""D[g8 v ;FDFgI N[BZ[B.HG[Z 0L5F8""D[g8 v ;FDFgI N[BZ[B.HG[Z 0L5F8""D[g8 v ;FDFgI N[BZ[B"
2026-27,DEPT371,DEPT TOTAL,298,371,".HG[Z 0L5F8""D[g8 v ;FDFgI N[BZ[BvS],.HG[Z 0L5F8""D[g8 v ;FDFg","371 .HG[Z 0L5F8""D[g8 v ;FDFgI N[BZ[BvS],.HG[Z 0L5F8""D[g8 v ;FDFgI N[BZ[BvS],.HG[Z 0L5F8""D[g8 v ;FDFgI N[BZ[BvS],.HG[Z 0L5F8""D[g8 v ;FDFgI N[BZ[BvS], 135921.69 114854.66 100656.33 172883.00 132209.85 179407.13"
2026-27,DEPT381,DEPT TOTAL,298,381,"Z:TF4 U,LVM4 O]85FYZ:TF4 U,LVM4 O]85FYZ:TF4 U,LVM4 O]85FYZ:T","381 Z:TF4 U,LVM4 O]85FYZ:TF4 U,LVM4 O]85FYZ:TF4 U,LVM4 O]85FYZ:TF4 U,LVM4 O]85FY"
2026-27,64401,ROADS AND STREETS RESURFACING (capex),298,326,"0=[G[H ,F.G0=[G[H ,F.G0=[G[H ,F.G0=[G[H ,F.G","943.57 728.28 3000.00 64401 Z:TF4 U,L v ZL;ZO[.;ÄU 1500.00 1500.00 1500.00"
2026-27,64406,ROADS AND STREETS - GENERAL (capex),298,326,"0=[G[H ,F.G0=[G[H ,F.G0=[G[H ,F.G0=[G[H ,F.G","-5990.51 9937.45 10000.00 64406 Z:TF4 U,L  v HGZ, 24065.00 27600.00 34665.00"
2026-27,64407,FOOTPATH AND PAVEMENTS (capex),298,326,"0=[G[H ,F.G0=[G[H ,F.G0=[G[H ,F.G0=[G[H ,F.G",35.41 0.00 250.00 64407 O]85FY4 5[JD[g8 575.00 1000.00 575.00
2026-27,64410,NALA - GENERAL (capex),298,326,"0=[G[H ,F.G0=[G[H ,F.G0=[G[H ,F.G0=[G[H ,F.G","0.00 0.00 250.00 64410 GF/F4 HGZ, 250.00 2500.00 1250.00"
2026-27,64414,TRAFFIC CONTROL BLOCK (capex),298,326,"0=[G[H ,F.G0=[G[H ,F.G0=[G[H ,F.G0=[G[H ,F.G","1417.09 1413.43 1100.00 64414 8=FOLS Sg8=M, a,MÉ; 3500.00 4700.00 3500.00"
2026-27,64452,70:20:10 SCHEME ROAD IN SOC (capex),298,326,"0=[G[H ,F.G0=[G[H ,F.G0=[G[H ,F.G0=[G[H ,F.G",8794.62 9011.68 7200.00 64452 *_oZ_o!_ IMHGF C[9/ ;M;FI8LVMDF\
2026-27,64453,R.C.C. ROAD (capex),298,326,"0=[G[H ,F.G0=[G[H ,F.G0=[G[H ,F.G0=[G[H ,F.G",0.00 0.00 50.00 64453 VFZP;LP;LP ZM0 100.00 0.00 100.00
2026-27,64729,HOT MIX PLANT (capex),298,326,"0=[G[H ,F.G0=[G[H ,F.G0=[G[H ,F.G0=[G[H ,F.G","0.00 1247.32 1390.42 64729 CM8DL1F %,Fg8 1393.82 1500.00 1393.82"
2026-27,DEPT381,DEPT TOTAL,298,381,"Z:TF4 U,LVM4 O]85FYvS],Z:TF4 U,LVM4 O]85FYvS],Z:TF4 U,LVM4 O","381 Z:TF4 U,LVM4 O]85FYvS],Z:TF4 U,LVM4 O]85FYvS],Z:TF4 U,LVM4 O]85FYvS],Z:TF4 U,LVM4 O]85FYvS], 41683.82 5200.18 22338.16 46500.00 23540.42 53283.82"
2026-27,64402,OTHER BRIDGES (capex),298,382,"5],M5],M 5],M5],M","1485.45 2468.00 5033.37 64402 VgI 5], 5500.00 5500.00 10500.00"
2026-27,DEPT382,DEPT TOTAL,298,382,"5],MvS],5],MvS],5],MvS],5],MvS], 5500.00 1485.45 2468.00 550","382 5],MvS],5],MvS],5],MvS],5],MvS], 5500.00 1485.45 2468.00 5500.00 5033.37 10500.00"
2026-27,64402,OTHER BRIDGES (capex),300,924,U]HZFT lJSl;T O\0U]HZFT lJSl;T O\0U]HZFT lJSl;T O\0U]HZFT lJ,"0.00 0.00 0.00 64402 VgI 5], 7500.00 0.00 7500.00"
2026-27,64414,TRAFFIC CONTROL BLOCK (capex),300,924,U]HZFT lJSl;T O\0U]HZFT lJSl;T O\0U]HZFT lJSl;T O\0U]HZFT lJ,"0.00 0.00 0.00 64414 8=FOLS Sg8=M, a,MÉ; 7500.00 0.00 7500.00"
2026-27,64402,OTHER BRIDGES (capex),300,925,"VA""G R[,[gH O\0VA""G R[,[gH O\0VA""G R[,[gH O\0VA""G R[,[gH O\0","0.00 0.00 0.00 64402 VgI 5], 1500.00 0.00 1500.00"
2026-27,64406,ROADS AND STREETS - GENERAL (capex),300,925,"VA""G R[,[gH O\0VA""G R[,[gH O\0VA""G R[,[gH O\0VA""G R[,[gH O\0","0.00 0.00 0.00 64406 Z:TF4 U,L  v HGZ, 5000.00 0.00 5000.00"
2026-27,DEPT962,DEPT TOTAL,301,962,"hMG, S[5L8, JS"";hMG, S[5L8, JS"";hMG, S[5L8, JS"";hMG, S[5L8, ","962 hMG, S[5L8, JS"";hMG, S[5L8, JS"";hMG, S[5L8, JS"";hMG, S[5L8, JS"";"
2026-27,64401,ROADS AND STREETS RESURFACING (capex),302,925,"VA""G R[,[gH O\0VA""G R[,[gH O\0VA""G R[,[gH O\0VA""G R[,[gH O\0","12500.73 12811.64 18319.93 64401 Z:TF4 U,L v ZL;ZO[.;ÄU 20675.26 24265.00 20675.26"
2026-27,64406,ROADS AND STREETS - GENERAL (capex),302,925,"VA""G R[,[gH O\0VA""G R[,[gH O\0VA""G R[,[gH O\0VA""G R[,[gH O\0","2583.25 2318.79 5242.68 64406 Z:TF4 U,L  v HGZ, 9731.72 10950.00 9731.72"
2026-27,64407,FOOTPATH AND PAVEMENTS (capex),302,925,"VA""G R[,[gH O\0VA""G R[,[gH O\0VA""G R[,[gH O\0VA""G R[,[gH O\0",3155.58 3108.51 6187.24 64407 O]85FY4 5[JD[g8 9065.46 5500.00 9065.46
2026-27,64453,R.C.C. ROAD (capex),302,925,"VA""G R[,[gH O\0VA""G R[,[gH O\0VA""G R[,[gH O\0VA""G R[,[gH O\0",86.37 0.00 651.04 64453 VFZP;LP;LP ZM0 1491.87 2100.00 1491.87
2026-27,DEPT962,DEPT TOTAL,302,962,"hMG, S[5L8, JS"";vS],hMG, S[5L8, JS"";vS],hMG, S[5L8, JS"";vS],","962 hMG, S[5L8, JS"";vS],hMG, S[5L8, JS"";vS],hMG, S[5L8, JS"";vS],hMG, S[5L8, JS"";vS], 111265.62 35487.35 36318.86 100000.00 70205.51 111265.62"
2026-27,DEPT967,DEPT TOTAL,302,967,"H[PV[GPV[GPI]PVFZPV[DP  ÝMH[É8vS],H[PV[GPV[GPI]PVFZPV[DP  ÝM","967 H[PV[GPV[GPI]PVFZPV[DP  ÝMH[É8vS],H[PV[GPV[GPI]PVFZPV[DP  ÝMH[É8vS],H[PV[GPV[GPI]PVFZPV[DP  ÝMH[É8vS],H[PV[GPV[GPI]PVFZPV[DP  ÝMH[É8vS], 125.00 39.96 19.98 0.00 175.00 125.00"
2026-27,64401,ROADS AND STREETS RESURFACING (capex),303,968,":JÂ6""D HI\TL D]bID\+L XC[ZL ÂJSF;:JÂ6""D HI\TL D]bID\+L XC[ZL","8241.41 4574.61 5000.00 64401 Z:TF4 U,L v ZL;ZO[.;ÄU 12500.00 10000.00 12500.00"
2026-27,64402,OTHER BRIDGES (capex),303,968,":JÂ6""D HI\TL D]bID\+L XC[ZL ÂJSF;:JÂ6""D HI\TL D]bID\+L XC[ZL","18511.66 22171.63 32418.43 64402 VgI 5], 40043.53 22500.00 40043.53"
2026-27,64406,ROADS AND STREETS - GENERAL (capex),303,968,":JÂ6""D HI\TL D]bID\+L XC[ZL ÂJSF;:JÂ6""D HI\TL D]bID\+L XC[ZL","39462.93 49765.56 42599.04 64406 Z:TF4 U,L  v HGZ, 42536.28 30000.00 42536.28"
2026-27,64407,FOOTPATH AND PAVEMENTS (capex),303,968,":JÂ6""D HI\TL D]bID\+L XC[ZL ÂJSF;:JÂ6""D HI\TL D]bID\+L XC[ZL",654.58 540.42 500.00 64407 O]85FY4 5[JD[g8 2000.00 1100.00 2000.00
2026-27,64410,NALA - GENERAL (capex),303,968,":JÂ6""D HI\TL D]bID\+L XC[ZL ÂJSF;:JÂ6""D HI\TL D]bID\+L XC[ZL","1952.65 7995.90 6510.51 64410 GF/F4 HGZ, 7582.09 6000.00 7582.09"
2026-27,64414,TRAFFIC CONTROL BLOCK (capex),303,968,":JÂ6""D HI\TL D]bID\+L XC[ZL ÂJSF;:JÂ6""D HI\TL D]bID\+L XC[ZL","665.81 743.97 500.00 64414 8=FOLS Sg8=M, a,MÉ; 2000.00 1580.00 2000.00"
2026-27,64453,R.C.C. ROAD (capex),303,968,":JÂ6""D HI\TL D]bID\+L XC[ZL ÂJSF;:JÂ6""D HI\TL D]bID\+L XC[ZL",4302.62 6140.81 8000.00 64453 VFZP;LP;LP ZM0 11000.00 10000.00 11000.00
2026-27,DEPT968,DEPT TOTAL,304,968,":JÂ6""D HI\TL D]bID\+L XC[ZL ÂJSF; IMHGFvS],:JÂ6""D HI\TL D]bI","968 :JÂ6""D HI\TL D]bID\+L XC[ZL ÂJSF; IMHGFvS],:JÂ6""D HI\TL D]bID\+L XC[ZL ÂJSF; IMHGFvS],:JÂ6""D HI\TL D]bID\+L XC[ZL ÂJSF; IMHGFvS],:JÂ6""D HI\TL D]bID\+L XC[ZL ÂJSF; IMHGFvS], 332500.00 182467.62 150226.33 257500.00 212391.32 332500.00"
2026-27,DEPT969,DEPT TOTAL,304,969,"VD'TvS],VD'TvS],VD'TvS],VD'TvS], 65106.49 14590.52 82752.26 ","969 VD'TvS],VD'TvS],VD'TvS],VD'TvS], 65106.49 14590.52 82752.26 65000.00 68859.60 65106.49"
2026-27,DEPT381,DEPT TOTAL,307,381,"Z:TF4 U,LVM4 O]85FYZ:TF4 U,LVM4 O]85FYZ:TF4 U,LVM4 O]85FYZ:T","381 Z:TF4 U,LVM4 O]85FYZ:TF4 U,LVM4 O]85FYZ:TF4 U,LVM4 O]85FYZ:TF4 U,LVM4 O]85FY"
2026-27,86269,70:20:10 SCHEME ROAD CONTRIB (cap inc),307,326,"0=[G[H ,F.G0=[G[H ,F.G0=[G[H ,F.G0=[G[H ,F.G",64.17 0.22 100.00 86269 *_oZ_o!_ IMHGF C[9/ ;M;FI8LVMDF\
2026-27,DEPT381,DEPT TOTAL,307,381,"Z:TF4 U,LVM4 O]85FYvS],Z:TF4 U,LVM4 O]85FYvS],Z:TF4 U,LVM4 O","381 Z:TF4 U,LVM4 O]85FYvS],Z:TF4 U,LVM4 O]85FYvS],Z:TF4 U,LVM4 O]85FYvS],Z:TF4 U,LVM4 O]85FYvS], 500.00 64.17 0.22 500.00 100.00 500.00"
2026-27,DEPT967,DEPT TOTAL,308,967,"H[PV[GPV[GPI]PVFZPV[DP  ÝMH[É8vS],H[PV[GPV[GPI]PVFZPV[DP  ÝM","967 H[PV[GPV[GPI]PVFZPV[DP  ÝMH[É8vS],H[PV[GPV[GPI]PVFZPV[DP  ÝMH[É8vS],H[PV[GPV[GPI]PVFZPV[DP  ÝMH[É8vS],H[PV[GPV[GPI]PVFZPV[DP  ÝMH[É8vS], 60.00 28.32 148.20 60.00 120.00 60.00"
2018-19-EN,23306,PENALTY RECOVERED FROM CONTRACTORS (rev inc),210,111,FINANCE DEPARTMENT,0.00 0.00 1.00 23306 PENALTY RECOVERED FROM CONTRACTORS 1.00 1.00 1.00 0.00
2018-19-EN,23306,PENALTY RECOVERED FROM CONTRACTORS (rev inc),212,153,CENTRAL WORKSHOP/MECHANICAL STORES,0.57 0.07 10.00 23306 PENALTY RECOVERED FROM CONTRACTOR S 10.00 10.00 10.00 1.00
2018-19-EN,23306,PENALTY RECOVERED FROM CONTRACTORS (rev inc),216,302,LIGHTING DEPARTMENT,0.00 0.93 1.75 23306 PENALTY RECOVERED FROM CONTRACTORS 1.75 1.75 1.75 1.75
2018-19-EN,23306,PENALTY RECOVERED FROM CONTRACTORS (rev inc),216,304,COMMUNICATION DEPTT.,0.00 0.00 0.50 23306 PENALTY RECOVERED FROM CONTRACTORS 1.00 1.00 1.00 1.00
2018-19-EN,23306,PENALTY RECOVERED FROM CONTRACTORS (rev inc),217,352,GARBAGE DISPOSAL,327.05 226.97 360.00 23306 PENALTY RECOVERED FROM CONTR ACTORS 500.00 500.00 500.00 360.00
2018-19-EN,23306,PENALTY RECOVERED FROM CONTRACTORS (rev inc),218,371,ENGG.DEPT. GENERAL SUPERVISION,423.89 1084.75 800.00 23306 PENALTY RECOVERED FROM CONT RACTORS 1400.00 1400.00 1400.00 650.00
2018-19-EN,23311,COST OF WORK DONE ON CAPITAL A/C LSR (rev inc),218,371,ENGG.DEPT. GENERAL SUPERVISION,2587.22 2728.01 2600.00 23311 COST OF WORK DONE ON CAPI TAL A/C (L.S.R.) 5000.00 5000.00 5000.00 4600.00
2018-19-EN,DEPT371,DEPT TOTAL,218,371,ENGG.DEPT. GENERAL SUPERVISION 10061.80 10061.80 10061 .80 4,371 ENGG.DEPT. GENERAL SUPERVISION 10061.80 10061.80 10061 .80 4207.02 5828.42 9336.80 5422.80
2018-19-EN,10301,"VEHICLE TAX (rev inc, dept 381)",218,381,"ROADS,STREETS, PAVEMENTS",6935.34 7998.85 9200.00 10301 VEHICLE TAX 10000.00 10000.00 10000.00 7700.00
2018-19-EN,13423,ROAD CUT RESTORATION CHARGES (rev inc),218,381,"ROADS,STREETS, PAVEMENTS",2360.23 3223.89 2800.00 13423 ROAD CUT RESTORATION CHAR GES 3000.00 3000.00 3000.00 3000.00
2018-19-EN,DEPT381,DEPT TOTAL,218,381,"ROADS,STREETS, PAVEMENTS 13015.00 13015.00 13015.00 9318.30 ","381 ROADS,STREETS, PAVEMENTS 13015.00 13015.00 13015.00 9318.30 11629.14 11232.00 12010.00"
2018-19-EN,23306,PENALTY RECOVERED FROM CONTRACTORS (rev inc),219,401,HEALTH DEPARTMENT,6.28 2.64 12.00 23306 PENALTY RECOVERED FROM CONTRACTOR S 15.00 15.00 15.00 15.00
2018-19-EN,23306,PENALTY RECOVERED FROM CONTRACTORS (rev inc),223,609,ZOO,2.67 0.00 0.40 23306 PENALTY RECOVERED FROM CONTRACTORS 0.40 0.40 0.40 0.05
2018-19-EN,DEPT371,DEPT TOTAL,252,371,ENGG.DEPT. GENERAL SUPERVISION 10639.56 12575.56 12575 .56 9,371 ENGG.DEPT. GENERAL SUPERVISION 10639.56 12575.56 12575 .56 9270.85 9266.13 11114.64 11172.65
2018-19-EN,38401,ROADS STREETS AND PAVEMENTS (rev exp),252,381,"ROADS,STREETS, PAVEMENTS",843.65 1074.82 1215.00 38401 ROADS STREETS AND PAVEMENT S 1300.00 1300.00 1300.00 1040.00
2018-19-EN,38407,FOOT-PATH PAVEMENTS (rev exp),252,381,"ROADS,STREETS, PAVEMENTS",98.82 112.88 170.00 38407 FOOT-PATH PAVEMENTS 191.00 191.00 191.00 126.00
2018-19-EN,38413,POLE PAVEMENTS (rev exp),252,381,"ROADS,STREETS, PAVEMENTS",31.42 23.94 44.00 38413 POLE PAVEMENTS 48.00 48.00 48.00 38.00
2018-19-EN,DEPT381,DEPT TOTAL,253,381,"ROADS,STREETS, PAVEMENTS 4091.92 4091.92 4091.92 3115.22 328","381 ROADS,STREETS, PAVEMENTS 4091.92 4091.92 4091.92 3115.22 3286.08 3720.72 3682.65"
2018-19-EN,DEPT371,DEPT TOTAL,282,371,ENGG.DEPT. GENERAL SUPERVISION 41690.00 48424.12 48424 .12 4,371 ENGG.DEPT. GENERAL SUPERVISION 41690.00 48424.12 48424 .12 46025.84 40068.40 49273.00 32875.00
2018-19-EN,64401,ROADS AND STREETS RESURFACING (capex),282,381,"ROADS,STREETS, PAVEMENTS",0.24 0.00 0.00 64401 ROADS AND STREETS RESURFACING 0.00 0 .00 0.00 1000.00
2018-19-EN,64406,ROADS AND STREETS - GENERAL (capex),282,381,"ROADS,STREETS, PAVEMENTS",4213.94 1707.08 5000.00 64406 ROADS AND STREETS- GENERA L 6200.00 8200.00 8200.00 8349.00
2018-19-EN,64410,NALA - GENERAL (capex),282,381,"ROADS,STREETS, PAVEMENTS",0.00 0.00 0.00 64410 NALA - GENERAL 0.00 300.00 300.00 200.00
2018-19-EN,64414,TRAFFIC CONTROL BLOCK (capex),282,381,"ROADS,STREETS, PAVEMENTS",261.39 161.34 800.00 64414 TRAFFIC CONTROL BLOCK 800.00 1300.00 1300.00 1100.00
2018-19-EN,64452,70:20:10 SCHEME ROAD IN SOC (capex),282,381,"ROADS,STREETS, PAVEMENTS",7411.93 5057.89 5500.00 64452 EXPENSE UNDER 70:20:10 GR ANT SCHEME CONTRI.
2018-19-EN,64453,R.C.C. ROAD (capex),282,381,"ROADS,STREETS, PAVEMENTS",0.00 0.00 0.00 64453 R.C.C. ROAD 0.00 1500.00 1500.00 0.00
2018-19-EN,64729,HOT MIX PLANT (capex),282,381,"ROADS,STREETS, PAVEMENTS",0.00 0.00 0.00 64729 HOT MIX PLANT 0.00 2000.00 2000.00 0.00
2018-19-EN,DEPT381,DEPT TOTAL,282,381,"ROADS,STREETS, PAVEMENTS 11500.00 17800.00 17800.00 11919.02","381 ROADS,STREETS, PAVEMENTS 11500.00 17800.00 17800.00 11919.02 6943.72 14000.00 11400.00"
2018-19-EN,64402,OTHER BRIDGES (capex),282,382,BRIDGES,962.11 2442.69 2500.00 64402 OTHER BRIDGES 16000.00 17200.00 17200.00 7850.00
2018-19-EN,DEPT382,DEPT TOTAL,282,382,BRIDGES 16500.00 17700.00 17700.00 962.11 2442.69 8486.50 25,382 BRIDGES 16500.00 17700.00 17700.00 962.11 2442.69 8486.50 2550.00
2018-19-EN,64401,ROADS AND STREETS RESURFACING (capex),286,962,ZONAL CAPITAL WORKS,3223.46 3733.88 3524.16 64401 ROADS AND STREETS RESURFA CING 7954.66 7954.66 7954.66 7332.35
2018-19-EN,64406,ROADS AND STREETS - GENERAL (capex),286,962,ZONAL CAPITAL WORKS,1161.60 1135.12 844.25 64406 ROADS AND STREETS- GENERAL 1354.26 1354.26 1354.26 1908.45
2018-19-EN,64407,FOOTPATH AND PAVEMENTS (capex),286,962,ZONAL CAPITAL WORKS,882.81 1122.81 2013.16 64407 FOOTPATH AND PAVEMENTS 2678.01 2678.01 2678.01 2372.27
2018-19-EN,DEPT962,DEPT TOTAL,287,962,ZONAL CAPITAL WORKS 38000.00 38000.00 38000.00 12600.64 1451,962 ZONAL CAPITAL WORKS 38000.00 38000.00 38000.00 12600.64 14513.64 37000.00 16500.00
2018-19-EN,DEPT967,DEPT TOTAL,287,967,JNNURM PROJECT 3800.00 3800.00 3800.00 10104.45 6101.71 6000,967 JNNURM PROJECT 3800.00 3800.00 3800.00 10104.45 6101.71 6000.00 4100.00
2018-19-EN,64401,ROADS AND STREETS RESURFACING (capex),288,968,WORKS TAKEN UNDER C.M. SWARNIM GUJARAT GRANT,12768.43 7556.64 7000.00 64401 ROADS AND STREETS RESURF ACING 6000.00 6000.00 6000.00 5000.00
2018-19-EN,64402,OTHER BRIDGES (capex),288,968,WORKS TAKEN UNDER C.M. SWARNIM GUJARAT GRANT,3525.73 4708.32 10500.00 64402 OTHER BRIDGES 10000.00 10000.00 10000.00 4600.00
2018-19-EN,64406,ROADS AND STREETS - GENERAL (capex),288,968,WORKS TAKEN UNDER C.M. SWARNIM GUJARAT GRANT,3399.96 2477.19 4500.00 64406 ROADS AND STREETS- GENERA L 3500.00 3500.00 3500.00 2800.00
2018-19-EN,64407,FOOTPATH AND PAVEMENTS (capex),288,968,WORKS TAKEN UNDER C.M. SWARNIM GUJARAT GRANT,43.83 27.76 200.00 64407 FOOTPATH AND PAVEMENTS 200.00 200.00 200.00 100.00
2018-19-EN,64410,NALA - GENERAL (capex),288,968,WORKS TAKEN UNDER C.M. SWARNIM GUJARAT GRANT,494.09 2715.55 2450.00 64410 NALA - GENERAL 2000.00 2000.00 2000.00 5920.39
2018-19-EN,64414,TRAFFIC CONTROL BLOCK (capex),288,968,WORKS TAKEN UNDER C.M. SWARNIM GUJARAT GRANT,340.03 241.14 300.00 64414 TRAFFIC CONTROL BLOCK 200.00 200.00 200.00 250.00
2018-19-EN,64453,R.C.C. ROAD (capex),288,968,WORKS TAKEN UNDER C.M. SWARNIM GUJARAT GRANT,2059.93 719.75 700.00 64453 R.C.C. ROAD 100.00 100.00 100.00 100.00
2018-19-EN,DEPT968,DEPT TOTAL,289,968,WORKS TAKEN UNDER C.M. SWARNIM GUJARAT GRANT 60000.0 0 60000,968 WORKS TAKEN UNDER C.M. SWARNIM GUJARAT GRANT 60000.0 0 60000.00 60000.00 64543.67 55061.66 60000.00 65000.00
2018-19-EN,DEPT969,DEPT TOTAL,289,969,AMRUT 23500.00 23500.00 23500.00 0.00 200.59 13000.00 6500.0,969 AMRUT 23500.00 23500.00 23500.00 0.00 200.59 13000.00 6500.00
2018-19-EN,86244,40% PUBLIC CONTRIB FOR ROADS (cap inc),292,381,"ROADS,STREETS, PAVEMENTS",-35.67 0.00 0.00 86244 40% PUBLIC CONTRIBUTION FOR ROAD S 0.00 0.00 0.00 0.00
2018-19-EN,86269,70:20:10 SCHEME ROAD CONTRIB (cap inc),292,381,"ROADS,STREETS, PAVEMENTS",769.44 721.98 0.00 86269 INCOME UNDER 70:20:10 GRANT SC HEME CONTRI. ROAD 0.00 0.00 0.00 800.00
2018-19-EN,86275,ROAD AT 80:20 SCHEME (cap inc),292,381,"ROADS,STREETS, PAVEMENTS",14.09 14.23 0.00 86275 ROAD AT 80:20 SCHEME 0.00 0.00 0.00 15.00
2018-19-EN,DEPT381,DEPT TOTAL,292,381,"ROADS,STREETS, PAVEMENTS 0.00 0.00 0.00 747.86 735.11 815.00","381 ROADS,STREETS, PAVEMENTS 0.00 0.00 0.00 747.86 735.11 815.00 0.00"
2018-19-EN,DEPT967,DEPT TOTAL,293,967,JNNURM PROJECT 0.00 0.00 0.00 526.87 1222.12 1605.00 1000.00,967 JNNURM PROJECT 0.00 0.00 0.00 526.87 1222.12 1605.00 1000.00
2018-19-EN,23306,PENALTY RECOVERED FROM CONTRACTORS (rev inc),294,111,FINANCE DEPARTMENT,0.00 0.00 1.00 23306 PENALTY RECOVERED FROM CONTRACTORS 1.00 1.00 1.00 0.00
2018-19-EN,23306,PENALTY RECOVERED FROM CONTRACTORS (rev inc),296,153,CENTRAL WORKSHOP/MECHANICAL STORES,0.57 0.07 10.00 23306 PENALTY RECOVERED FROM CONTRACTOR S 10.00 10.00 10.00 1.00
2018-19-EN,23306,PENALTY RECOVERED FROM CONTRACTORS (rev inc),300,302,LIGHTING DEPARTMENT,0.00 0.93 1.75 23306 PENALTY RECOVERED FROM CONTRACTORS 1.75 1.75 1.75 1.75
2018-19-EN,23306,PENALTY RECOVERED FROM CONTRACTORS (rev inc),300,304,COMMUNICATION DEPTT.,0.00 0.00 0.50 23306 PENALTY RECOVERED FROM CONTRACTORS 1.00 1.00 1.00 1.00
2018-19-EN,23306,PENALTY RECOVERED FROM CONTRACTORS (rev inc),301,352,GARBAGE DISPOSAL,327.05 226.97 360.00 23306 PENALTY RECOVERED FROM CONTR ACTORS 500.00 500.00 500.00 360.00
2018-19-EN,23306,PENALTY RECOVERED FROM CONTRACTORS (rev inc),302,371,ENGG.DEPT. GENERAL SUPERVISION,423.89 1084.75 800.00 23306 PENALTY RECOVERED FROM CONT RACTORS 1400.00 1400.00 1400.00 650.00
2018-19-EN,23311,COST OF WORK DONE ON CAPITAL A/C LSR (rev inc),302,371,ENGG.DEPT. GENERAL SUPERVISION,2587.22 2728.01 2600.00 23311 COST OF WORK DONE ON CAPI TAL A/C (L.S.R.) 5000.00 5000.00 5000.00 4600.00
2018-19-EN,DEPT371,DEPT TOTAL,302,371,ENGG.DEPT. GENERAL SUPERVISION 10061.80 10061.80 10061 .80 4,371 ENGG.DEPT. GENERAL SUPERVISION 10061.80 10061.80 10061 .80 4207.02 5828.42 9336.80 5422.80
2018-19-EN,10301,"VEHICLE TAX (rev inc, dept 381)",302,381,"ROADS,STREETS, PAVEMENTS",6935.34 7998.85 9200.00 10301 VEHICLE TAX 10000.00 10000.00 10000.00 7700.00
2018-19-EN,13423,ROAD CUT RESTORATION CHARGES (rev inc),302,381,"ROADS,STREETS, PAVEMENTS",2360.23 3223.89 2800.00 13423 ROAD CUT RESTORATION CHAR GES 3000.00 3000.00 3000.00 3000.00
2018-19-EN,DEPT381,DEPT TOTAL,302,381,"ROADS,STREETS, PAVEMENTS 13015.00 13015.00 13015.00 9318.30 ","381 ROADS,STREETS, PAVEMENTS 13015.00 13015.00 13015.00 9318.30 11629.14 11232.00 12010.00"
2018-19-EN,23306,PENALTY RECOVERED FROM CONTRACTORS (rev inc),303,401,HEALTH DEPARTMENT,6.28 2.64 12.00 23306 PENALTY RECOVERED FROM CONTRACTOR S 15.00 15.00 15.00 15.00
2018-19-EN,23306,PENALTY RECOVERED FROM CONTRACTORS (rev inc),307,609,ZOO,2.67 0.00 0.40 23306 PENALTY RECOVERED FROM CONTRACTORS 0.40 0.40 0.40 0.05
2018-19-EN,DEPT371,DEPT TOTAL,336,371,ENGG.DEPT. GENERAL SUPERVISION 10639.56 12575.56 12575 .56 9,371 ENGG.DEPT. GENERAL SUPERVISION 10639.56 12575.56 12575 .56 9270.85 9266.13 11114.64 11172.65
2018-19-EN,38401,ROADS STREETS AND PAVEMENTS (rev exp),336,381,"ROADS,STREETS, PAVEMENTS",843.65 1074.82 1215.00 38401 ROADS STREETS AND PAVEMENT S 1300.00 1300.00 1300.00 1040.00
2018-19-EN,38407,FOOT-PATH PAVEMENTS (rev exp),336,381,"ROADS,STREETS, PAVEMENTS",98.82 112.88 170.00 38407 FOOT-PATH PAVEMENTS 191.00 191.00 191.00 126.00
2018-19-EN,38413,POLE PAVEMENTS (rev exp),336,381,"ROADS,STREETS, PAVEMENTS",31.42 23.94 44.00 38413 POLE PAVEMENTS 48.00 48.00 48.00 38.00
2018-19-EN,DEPT381,DEPT TOTAL,337,381,"ROADS,STREETS, PAVEMENTS 4091.92 4091.92 4091.92 3115.22 328","381 ROADS,STREETS, PAVEMENTS 4091.92 4091.92 4091.92 3115.22 3286.08 3720.72 3682.65"
2018-19-EN,DEPT371,DEPT TOTAL,366,371,ENGG.DEPT. GENERAL SUPERVISION 41690.00 48424.12 48424 .12 4,371 ENGG.DEPT. GENERAL SUPERVISION 41690.00 48424.12 48424 .12 46025.84 40068.40 49273.00 32875.00
2018-19-EN,64401,ROADS AND STREETS RESURFACING (capex),366,381,"ROADS,STREETS, PAVEMENTS",0.24 0.00 0.00 64401 ROADS AND STREETS RESURFACING 0.00 0 .00 0.00 1000.00
2018-19-EN,64406,ROADS AND STREETS - GENERAL (capex),366,381,"ROADS,STREETS, PAVEMENTS",4213.94 1707.08 5000.00 64406 ROADS AND STREETS- GENERA L 6200.00 8200.00 8200.00 8349.00
2018-19-EN,64410,NALA - GENERAL (capex),366,381,"ROADS,STREETS, PAVEMENTS",0.00 0.00 0.00 64410 NALA - GENERAL 0.00 300.00 300.00 200.00
2018-19-EN,64414,TRAFFIC CONTROL BLOCK (capex),366,381,"ROADS,STREETS, PAVEMENTS",261.39 161.34 800.00 64414 TRAFFIC CONTROL BLOCK 800.00 1300.00 1300.00 1100.00
2018-19-EN,64452,70:20:10 SCHEME ROAD IN SOC (capex),366,381,"ROADS,STREETS, PAVEMENTS",7411.93 5057.89 5500.00 64452 EXPENSE UNDER 70:20:10 GR ANT SCHEME CONTRI.
2018-19-EN,64453,R.C.C. ROAD (capex),366,381,"ROADS,STREETS, PAVEMENTS",0.00 0.00 0.00 64453 R.C.C. ROAD 0.00 1500.00 1500.00 0.00
2018-19-EN,64729,HOT MIX PLANT (capex),366,381,"ROADS,STREETS, PAVEMENTS",0.00 0.00 0.00 64729 HOT MIX PLANT 0.00 2000.00 2000.00 0.00
2018-19-EN,DEPT381,DEPT TOTAL,366,381,"ROADS,STREETS, PAVEMENTS 11500.00 17800.00 17800.00 11919.02","381 ROADS,STREETS, PAVEMENTS 11500.00 17800.00 17800.00 11919.02 6943.72 14000.00 11400.00"
2018-19-EN,64402,OTHER BRIDGES (capex),366,382,BRIDGES,962.11 2442.69 2500.00 64402 OTHER BRIDGES 16000.00 17200.00 17200.00 7850.00
2018-19-EN,DEPT382,DEPT TOTAL,366,382,BRIDGES 16500.00 17700.00 17700.00 962.11 2442.69 8486.50 25,382 BRIDGES 16500.00 17700.00 17700.00 962.11 2442.69 8486.50 2550.00
2018-19-EN,64401,ROADS AND STREETS RESURFACING (capex),370,962,ZONAL CAPITAL WORKS,3223.46 3733.88 3524.16 64401 ROADS AND STREETS RESURFA CING 7954.66 7954.66 7954.66 7332.35
2018-19-EN,64406,ROADS AND STREETS - GENERAL (capex),370,962,ZONAL CAPITAL WORKS,1161.60 1135.12 844.25 64406 ROADS AND STREETS- GENERAL 1354.26 1354.26 1354.26 1908.45
2018-19-EN,64407,FOOTPATH AND PAVEMENTS (capex),370,962,ZONAL CAPITAL WORKS,882.81 1122.81 2013.16 64407 FOOTPATH AND PAVEMENTS 2678.01 2678.01 2678.01 2372.27
2018-19-EN,DEPT962,DEPT TOTAL,371,962,ZONAL CAPITAL WORKS 38000.00 38000.00 38000.00 12600.64 1451,962 ZONAL CAPITAL WORKS 38000.00 38000.00 38000.00 12600.64 14513.64 37000.00 16500.00
2018-19-EN,DEPT967,DEPT TOTAL,371,967,JNNURM PROJECT 3800.00 3800.00 3800.00 10104.45 6101.71 6000,967 JNNURM PROJECT 3800.00 3800.00 3800.00 10104.45 6101.71 6000.00 4100.00
2018-19-EN,64401,ROADS AND STREETS RESURFACING (capex),372,968,WORKS TAKEN UNDER C.M. SWARNIM GUJARAT GRANT,12768.43 7556.64 7000.00 64401 ROADS AND STREETS RESURF ACING 6000.00 6000.00 6000.00 5000.00
2018-19-EN,64402,OTHER BRIDGES (capex),372,968,WORKS TAKEN UNDER C.M. SWARNIM GUJARAT GRANT,3525.73 4708.32 10500.00 64402 OTHER BRIDGES 10000.00 10000.00 10000.00 4600.00
2018-19-EN,64406,ROADS AND STREETS - GENERAL (capex),372,968,WORKS TAKEN UNDER C.M. SWARNIM GUJARAT GRANT,3399.96 2477.19 4500.00 64406 ROADS AND STREETS- GENERA L 3500.00 3500.00 3500.00 2800.00
2018-19-EN,64407,FOOTPATH AND PAVEMENTS (capex),372,968,WORKS TAKEN UNDER C.M. SWARNIM GUJARAT GRANT,43.83 27.76 200.00 64407 FOOTPATH AND PAVEMENTS 200.00 200.00 200.00 100.00
2018-19-EN,64410,NALA - GENERAL (capex),372,968,WORKS TAKEN UNDER C.M. SWARNIM GUJARAT GRANT,494.09 2715.55 2450.00 64410 NALA - GENERAL 2000.00 2000.00 2000.00 5920.39
2018-19-EN,64414,TRAFFIC CONTROL BLOCK (capex),372,968,WORKS TAKEN UNDER C.M. SWARNIM GUJARAT GRANT,340.03 241.14 300.00 64414 TRAFFIC CONTROL BLOCK 200.00 200.00 200.00 250.00
2018-19-EN,64453,R.C.C. ROAD (capex),372,968,WORKS TAKEN UNDER C.M. SWARNIM GUJARAT GRANT,2059.93 719.75 700.00 64453 R.C.C. ROAD 100.00 100.00 100.00 100.00
2018-19-EN,DEPT968,DEPT TOTAL,373,968,WORKS TAKEN UNDER C.M. SWARNIM GUJARAT GRANT 60000.0 0 60000,968 WORKS TAKEN UNDER C.M. SWARNIM GUJARAT GRANT 60000.0 0 60000.00 60000.00 64543.67 55061.66 60000.00 65000.00
2018-19-EN,DEPT969,DEPT TOTAL,373,969,AMRUT 23500.00 23500.00 23500.00 0.00 200.59 13000.00 6500.0,969 AMRUT 23500.00 23500.00 23500.00 0.00 200.59 13000.00 6500.00
2018-19-EN,86244,40% PUBLIC CONTRIB FOR ROADS (cap inc),376,381,"ROADS,STREETS, PAVEMENTS",-35.67 0.00 0.00 86244 40% PUBLIC CONTRIBUTION FOR ROAD S 0.00 0.00 0.00 0.00
2018-19-EN,86269,70:20:10 SCHEME ROAD CONTRIB (cap inc),376,381,"ROADS,STREETS, PAVEMENTS",769.44 721.98 0.00 86269 INCOME UNDER 70:20:10 GRANT SC HEME CONTRI. ROAD 0.00 0.00 0.00 800.00
2018-19-EN,86275,ROAD AT 80:20 SCHEME (cap inc),376,381,"ROADS,STREETS, PAVEMENTS",14.09 14.23 0.00 86275 ROAD AT 80:20 SCHEME 0.00 0.00 0.00 15.00
2018-19-EN,DEPT381,DEPT TOTAL,376,381,"ROADS,STREETS, PAVEMENTS 0.00 0.00 0.00 747.86 735.11 815.00","381 ROADS,STREETS, PAVEMENTS 0.00 0.00 0.00 747.86 735.11 815.00 0.00"
2018-19-EN,DEPT967,DEPT TOTAL,377,967,JNNURM PROJECT 0.00 0.00 0.00 526.87 1222.12 1605.00 1000.00,967 JNNURM PROJECT 0.00 0.00 0.00 526.87 1222.12 1605.00 1000.00
2019-20-EN,23306,PENALTY RECOVERED FROM CONTRACTORS (rev inc),208,111,FINANCE DEPARTMENT,0.00 0.78 5.00 23306 PENALTY RECOVERED FROM CONTRACTORS 1.00 1.00 1.00 1.00
2019-20-EN,23306,PENALTY RECOVERED FROM CONTRACTORS (rev inc),210,153,CENTRAL WORKSHOP/MECHANICAL STORES,0.07 4.32 10.00 23306 PENALTY RECOVERED FROM CONTRACTOR S 10.00 10.00 10.00 10.00
2019-20-EN,23306,PENALTY RECOVERED FROM CONTRACTORS (rev inc),214,302,LIGHTING DEPARTMENT,0.93 3.97 3.00 23306 PENALTY RECOVERED FROM CONTRACTORS 5.00 5.00 5.00 1.75
2019-20-EN,23306,PENALTY RECOVERED FROM CONTRACTORS (rev inc),214,304,COMMUNICATION DEPTT.,0.00 0.00 0.00 23306 PENALTY RECOVERED FROM CONTRACTORS 1.00 1.00 1.00 1.00
2019-20-EN,23306,PENALTY RECOVERED FROM CONTRACTORS (rev inc),215,352,GARBAGE DISPOSAL,226.97 213.70 500.00 23306 PENALTY RECOVERED FROM CONTR ACTORS 500.00 500.00 500.00 500.00
2019-20-EN,23306,PENALTY RECOVERED FROM CONTRACTORS (rev inc),216,371,ENGG.DEPT. GENERAL SUPERVISION,1084.75 453.66 1600.00 23306 PENALTY RECOVERED FROM CON TRACTORS 1680.00 1680.00 1680.00 1400.00
2019-20-EN,23311,COST OF WORK DONE ON CAPITAL A/C LSR (rev inc),216,371,ENGG.DEPT. GENERAL SUPERVISION,2728.01 2381.45 3500.00 23311 COST OF WORK DONE ON CAPI TAL A/C (L.S.R.) 5500.00 5500.00 5500.00 5000.00
2019-20-EN,DEPT371,DEPT TOTAL,216,371,ENGG.DEPT. GENERAL SUPERVISION 10706.80 10706.80 10706 .80 5,371 ENGG.DEPT. GENERAL SUPERVISION 10706.80 10706.80 10706 .80 5828.42 4119.17 10061.80 7438.80
2019-20-EN,10301,"VEHICLE TAX (rev inc, dept 381)",216,381,"ROADS,STREETS, PAVEMENTS",7998.85 9485.13 10000.00 10301 VEHICLE TAX 11489.26 11439.26 11439.26 10000.00
2019-20-EN,13423,ROAD CUT RESTORATION CHARGES (rev inc),216,381,"ROADS,STREETS, PAVEMENTS",3223.89 3646.28 1200.00 13423 ROAD CUT RESTORATION CHAR GES 500.00 500.00 500.00 3000.00
2019-20-EN,DEPT381,DEPT TOTAL,216,381,"ROADS,STREETS, PAVEMENTS 12005.26 11955.26 11955.26 11629.14","381 ROADS,STREETS, PAVEMENTS 12005.26 11955.26 11955.26 11629.14 13132.70 13015.00 11211.00"
2019-20-EN,23306,PENALTY RECOVERED FROM CONTRACTORS (rev inc),217,401,HEALTH DEPARTMENT,2.64 12.75 23.00 23306 PENALTY RECOVERED FROM CONTRACTO RS 25.00 25.00 25.00 15.00
2019-20-EN,23306,PENALTY RECOVERED FROM CONTRACTORS (rev inc),221,609,ZOO,0.00 0.31 0.40 23306 PENALTY RECOVERED FROM CONTRACTORS 0.40 0.40 0.40 0.40
2019-20-EN,DEPT371,DEPT TOTAL,250,371,ENGG.DEPT. GENERAL SUPERVISION 11694.24 13395.24 13395 .24 9,371 ENGG.DEPT. GENERAL SUPERVISION 11694.24 13395.24 13395 .24 9266.13 9976.97 12575.56 12087.68
2019-20-EN,38401,ROADS STREETS AND PAVEMENTS (rev exp),250,381,"ROADS,STREETS, PAVEMENTS",1074.82 1229.79 1363.24 38401 ROADS STREETS AND PAVEMEN TS 1435.00 1435.00 1435.00 1300.00
2019-20-EN,38407,FOOT-PATH PAVEMENTS (rev exp),250,381,"ROADS,STREETS, PAVEMENTS",112.88 161.24 197.60 38407 FOOT-PATH PAVEMENTS 223.00 223.00 223.00 191.00
2019-20-EN,38413,POLE PAVEMENTS (rev exp),250,381,"ROADS,STREETS, PAVEMENTS",23.94 37.15 41.00 38413 POLE PAVEMENTS 50.00 50.00 50.00 48.00
2019-20-EN,DEPT381,DEPT TOTAL,250,381,"ROADS,STREETS, PAVEMENTS 4479.83 4479.83 4479.83 3286.08 381","381 ROADS,STREETS, PAVEMENTS 4479.83 4479.83 4479.83 3286.08 3814.86 4091.92 4228.59"
2019-20-EN,DEPT371,DEPT TOTAL,280,371,ENGG.DEPT. GENERAL SUPERVISION 71474.22 79974.22 79974 .22 4,371 ENGG.DEPT. GENERAL SUPERVISION 71474.22 79974.22 79974 .22 40068.40 30108.58 48424.12 37607.00
2019-20-EN,64406,ROADS AND STREETS - GENERAL (capex),280,381,"ROADS,STREETS, PAVEMENTS",1707.08 2715.84 3300.00 64406 ROADS AND STREETS- GENERA L 8200.00 11900.00 11900.00 8200.00
2019-20-EN,64410,NALA - GENERAL (capex),280,381,"ROADS,STREETS, PAVEMENTS",0.00 0.00 0.00 64410 NALA - GENERAL 0.00 1000.00 1000.00 300.00
2019-20-EN,64414,TRAFFIC CONTROL BLOCK (capex),280,381,"ROADS,STREETS, PAVEMENTS",161.34 133.72 500.00 64414 TRAFFIC CONTROL BLOCK 800.00 800.00 800.00 1300.00
2019-20-EN,64452,70:20:10 SCHEME ROAD IN SOC (capex),280,381,"ROADS,STREETS, PAVEMENTS",5057.89 6294.78 6300.00 64452 EXPENSE UNDER 70:20:10 GR ANT SCHEME CONTRI.
2019-20-EN,64453,R.C.C. ROAD (capex),280,381,"ROADS,STREETS, PAVEMENTS",0.00 0.00 0.00 64453 R.C.C. ROAD 0.00 0.00 0.00 1500.00
2019-20-EN,64729,HOT MIX PLANT (capex),280,381,"ROADS,STREETS, PAVEMENTS",0.00 0.00 0.00 64729 HOT MIX PLANT 0.00 1000.00 1000.00 2000.00
2019-20-EN,DEPT381,DEPT TOTAL,280,381,"ROADS,STREETS, PAVEMENTS 13000.00 18700.00 18700.00 6943.72 ","381 ROADS,STREETS, PAVEMENTS 13000.00 18700.00 18700.00 6943.72 9146.28 17800.00 10105.00"
2019-20-EN,64402,OTHER BRIDGES (capex),280,382,BRIDGES,2442.69 1918.84 2100.00 64402 OTHER BRIDGES 16000.00 19200.00 19200.00 17200.00
2019-20-EN,DEPT382,DEPT TOTAL,280,382,BRIDGES 17000.00 20200.00 20200.00 2442.69 1918.84 17700.00 ,382 BRIDGES 17000.00 20200.00 20200.00 2442.69 1918.84 17700.00 2200.00
2019-20-EN,64401,ROADS AND STREETS RESURFACING (capex),284,962,ZONAL CAPITAL WORKS,3733.88 2366.23 4853.61 64401 ROADS AND STREETS RESURFA CING 8258.87 8258.87 8258.87 7954.66
2019-20-EN,64406,ROADS AND STREETS - GENERAL (capex),284,962,ZONAL CAPITAL WORKS,1135.12 564.52 1150.26 64406 ROADS AND STREETS- GENERAL 2350.68 2350.68 2350.68 1354.26
2019-20-EN,64407,FOOTPATH AND PAVEMENTS (capex),284,962,ZONAL CAPITAL WORKS,1122.81 1476.61 2290.61 64407 FOOTPATH AND PAVEMENTS 3308.78 3308.78 3308.78 2678.01
2019-20-EN,DEPT962,DEPT TOTAL,285,962,ZONAL CAPITAL WORKS 45000.00 45000.00 45000.00 14513.64 1283,962 ZONAL CAPITAL WORKS 45000.00 45000.00 45000.00 14513.64 12833.87 38000.00 18000.00
2019-20-EN,DEPT967,DEPT TOTAL,285,967,JNNURM PROJECT 1000.00 1000.00 1000.00 6101.71 2642.50 3800.,967 JNNURM PROJECT 1000.00 1000.00 1000.00 6101.71 2642.50 3800.00 1778.00
2019-20-EN,64401,ROADS AND STREETS RESURFACING (capex),286,968,WORKS TAKEN UNDER C.M. SWARNIM GUJARAT GRANT,7556.64 7614.45 10000.00 64401 ROADS AND STREETS RESURF ACING 7500.00 7500.00 7500.00 6000.00
2019-20-EN,64402,OTHER BRIDGES (capex),286,968,WORKS TAKEN UNDER C.M. SWARNIM GUJARAT GRANT,4708.32 9159.12 13000.00 64402 OTHER BRIDGES 10000.00 10000.00 10000.00 10000.00
2019-20-EN,64406,ROADS AND STREETS - GENERAL (capex),286,968,WORKS TAKEN UNDER C.M. SWARNIM GUJARAT GRANT,2477.19 1601.88 3500.00 64406 ROADS AND STREETS- GENERA L 4000.00 4000.00 4000.00 3500.00
2019-20-EN,64407,FOOTPATH AND PAVEMENTS (capex),286,968,WORKS TAKEN UNDER C.M. SWARNIM GUJARAT GRANT,27.76 197.70 400.00 64407 FOOTPATH AND PAVEMENTS 400.00 400.00 400.00 200.00
2019-20-EN,64410,NALA - GENERAL (capex),286,968,WORKS TAKEN UNDER C.M. SWARNIM GUJARAT GRANT,2715.55 2268.72 1500.00 64410 NALA - GENERAL 1500.00 1500.00 1500.00 2000.00
2019-20-EN,64414,TRAFFIC CONTROL BLOCK (capex),286,968,WORKS TAKEN UNDER C.M. SWARNIM GUJARAT GRANT,241.14 359.69 400.00 64414 TRAFFIC CONTROL BLOCK 200.00 200.00 200.00 200.00
2019-20-EN,64453,R.C.C. ROAD (capex),286,968,WORKS TAKEN UNDER C.M. SWARNIM GUJARAT GRANT,719.75 721.20 700.00 64453 R.C.C. ROAD 4000.00 4000.00 4000.00 100.00
2019-20-EN,DEPT968,DEPT TOTAL,287,968,WORKS TAKEN UNDER C.M. SWARNIM GUJARAT GRANT 75000.0 0 75000,968 WORKS TAKEN UNDER C.M. SWARNIM GUJARAT GRANT 75000.0 0 75000.00 75000.00 55061.66 50145.42 60000.00 70000.00
2019-20-EN,DEPT969,DEPT TOTAL,287,969,AMRUT 25000.00 25000.00 25000.00 200.59 5524.71 23500.00 150,969 AMRUT 25000.00 25000.00 25000.00 200.59 5524.71 23500.00 15000.00
2019-20-EN,86269,70:20:10 SCHEME ROAD CONTRIB (cap inc),289,381,"ROADS,STREETS, PAVEMENTS",721.98 521.91 600.00 86269 INCOME UNDER 70:20:10 GRANT SCHEME CONTRI. ROAD 650.00 650.00 650.00 0.00
2019-20-EN,86275,ROAD AT 80:20 SCHEME (cap inc),290,381,"ROADS,STREETS, PAVEMENTS",14.23 3.86 0.00 86275 ROAD AT 80:20 SCHEME 0.00 0.00 0.00 0.00
2019-20-EN,DEPT381,DEPT TOTAL,290,381,"ROADS,STREETS, PAVEMENTS 650.00 650.00 650.00 735.11 525.77 ","381 ROADS,STREETS, PAVEMENTS 650.00 650.00 650.00 735.11 525.77 0.00 600.00"
2019-20-EN,DEPT967,DEPT TOTAL,290,967,JNNURM PROJECT 100.00 100.00 100.00 1222.12 -911.90 0.00 595,967 JNNURM PROJECT 100.00 100.00 100.00 1222.12 -911.90 0.00 595.00
2020-21-EN,23306,PENALTY RECOVERED FROM CONTRACTORS (rev inc),200,111,FINANCE DEPARTMENT,0.78 6.70 1.50 23306 PENALTY RECOVERED FROM CONTRACTORS 1.00 1.00 1.00 1.00
2020-21-EN,23306,PENALTY RECOVERED FROM CONTRACTORS (rev inc),202,153,CENTRAL WORKSHOP/MECHANICAL STORES,4.32 5.63 15.00 23306 PENALTY RECOVERED FROM CONTRACTOR S 10.00 10.00 10.00 10.00
2020-21-EN,23306,PENALTY RECOVERED FROM CONTRACTORS (rev inc),204,211,ESTATE AND CITY IMPROVEMENT DEPT,0.00 0.00 2.50 23306 PENALTY RECOVERED FROM CONTRACTORS 3.00 3.00 3.00 0.00
2020-21-EN,23306,PENALTY RECOVERED FROM CONTRACTORS (rev inc),206,302,LIGHTING DEPARTMENT,3.97 1.06 5.00 23306 PENALTY RECOVERED FROM CONTRACTORS 5.00 5.00 5.00 5.00
2020-21-EN,23306,PENALTY RECOVERED FROM CONTRACTORS (rev inc),206,304,COMMUNICATION DEPTT.,0.00 0.00 2.00 23306 PENALTY RECOVERED FROM CONTRACTORS 2.00 2.00 2.00 1.00
2020-21-EN,23306,PENALTY RECOVERED FROM CONTRACTORS (rev inc),207,352,GARBAGE DISPOSAL,213.70 318.69 500.00 23306 PENALTY RECOVERED FROM CONTR ACTORS 500.00 500.00 500.00 500.00
2020-21-EN,23306,PENALTY RECOVERED FROM CONTRACTORS (rev inc),208,371,ENGG.DEPT. GENERAL SUPERVISION,453.66 1466.55 1500.00 23306 PENALTY RECOVERED FROM CON TRACTORS 2016.00 2016.00 2016.00 1680.00
2020-21-EN,23311,COST OF WORK DONE ON CAPITAL A/C LSR (rev inc),208,371,ENGG.DEPT. GENERAL SUPERVISION,2381.45 1980.15 2500.00 23311 COST OF WORK DONE ON CAPI TAL A/C (L.S.R.) 3000.00 3000.00 3000.00 5500.00
2020-21-EN,DEPT371,DEPT TOTAL,208,371,ENGG.DEPT. GENERAL SUPERVISION 8940.96 8940.96 8940.964119.1,371 ENGG.DEPT. GENERAL SUPERVISION 8940.96 8940.96 8940.964119.17 4880.77 10706.80 7241.80
2020-21-EN,10301,"VEHICLE TAX (rev inc, dept 381)",208,381,"ROADS,STREETS, PAVEMENTS",9485.13 9177.30 9500.00 10301 VEHICLE TAX 12500.00 12450.00 12450.00 11439.26
2020-21-EN,13423,ROAD CUT RESTORATION CHARGES (rev inc),208,381,"ROADS,STREETS, PAVEMENTS",3646.28 1343.34 200.00 13423 ROAD CUT RESTORATION CHARG ES 150.00 150.00 150.00 500.00
2020-21-EN,DEPT381,DEPT TOTAL,208,381,"ROADS,STREETS, PAVEMENTS 12661.00 12611.00 12611.00 13132.70","381 ROADS,STREETS, PAVEMENTS 12661.00 12611.00 12611.00 13132.70 10523.29 11955.26 9706.00"
2020-21-EN,23306,PENALTY RECOVERED FROM CONTRACTORS (rev inc),209,401,HEALTH DEPARTMENT,12.75 19.06 25.00 23306 PENALTY RECOVERED FROM CONTRACT ORS 25.00 25.00 25.00 25.00
2020-21-EN,23306,PENALTY RECOVERED FROM CONTRACTORS (rev inc),210,411,CATTLE NUISANCE CONTROL DEPARTMENT,0.00 0.00 0.50 23306 PENALTY RECOVERED FROM CONTRACTORS 0.50 0.50 0.50 0.00
2020-21-EN,23306,PENALTY RECOVERED FROM CONTRACTORS (rev inc),213,609,ZOO,0.31 0.00 0.40 23306 PENALTY RECOVERED FROM CONTRACTORS 0.40 0.40 0.40 0.40
2020-21-EN,DEPT371,DEPT TOTAL,242,371,ENGG.DEPT. GENERAL SUPERVISION 12336.32 17447.32 17447 .32 9,371 ENGG.DEPT. GENERAL SUPERVISION 12336.32 17447.32 17447 .32 9976.97 11285.99 13395.24 12348.64
2020-21-EN,38401,ROADS STREETS AND PAVEMENTS (rev exp),242,381,"ROADS,STREETS, PAVEMENTS",1229.79 1286.55 1587.06 38401 ROADS STREETS AND PAVEMEN TS 1580.00 1580.00 1580.00 1435.00
2020-21-EN,38407,FOOT-PATH PAVEMENTS (rev exp),242,381,"ROADS,STREETS, PAVEMENTS",161.24 151.13 272.44 38407 FOOT-PATH PAVEMENTS 283.00 283.00 283.00 223.00
2020-21-EN,38413,POLE PAVEMENTS (rev exp),242,381,"ROADS,STREETS, PAVEMENTS",37.15 24.93 52.00 38413 POLE PAVEMENTS 58.00 58.00 58.00 50.00
2020-21-EN,DEPT381,DEPT TOTAL,242,381,"ROADS,STREETS, PAVEMENTS 4297.35 4297.35 4297.35 3814.86 386","381 ROADS,STREETS, PAVEMENTS 4297.35 4297.35 4297.35 3814.86 3866.10 4479.83 4176.96"
2020-21-EN,DEPT371,DEPT TOTAL,271,371,ENGG.DEPT. GENERAL SUPERVISION 104562.42 129012.42 129 012.4,371 ENGG.DEPT. GENERAL SUPERVISION 104562.42 129012.42 129 012.42 30108.58 27676.22 79974.22 42320.90
2020-21-EN,64406,ROADS AND STREETS - GENERAL (capex),271,381,"ROADS,STREETS, PAVEMENTS",2715.84 2461.71 5800.00 64406 ROADS AND STREETS- GENERA L 9075.93 9617.02 9617.02 11900.00
2020-21-EN,64410,NALA - GENERAL (capex),271,381,"ROADS,STREETS, PAVEMENTS",0.00 40.00 0.00 64410 NALA - GENERAL 0.00 0.00 0.00 1000.00
2020-21-EN,64414,TRAFFIC CONTROL BLOCK (capex),271,381,"ROADS,STREETS, PAVEMENTS",133.72 494.54 732.77 64414 TRAFFIC CONTROL BLOCK 909.55 909.55 909.55 800.00
2020-21-EN,64452,70:20:10 SCHEME ROAD IN SOC (capex),271,381,"ROADS,STREETS, PAVEMENTS",6294.78 6434.79 5000.00 64452 EXPENSE UNDER 70:20:10 GR ANT SCHEME CONTRI.
2020-21-EN,64729,HOT MIX PLANT (capex),271,381,"ROADS,STREETS, PAVEMENTS",0.00 0.00 100.00 64729 HOT MIX PLANT 200.00 200.00 200.00 1000.00
2020-21-EN,DEPT381,DEPT TOTAL,271,381,"ROADS,STREETS, PAVEMENTS 14185.48 14726.57 14726.57 9146.28 ","381 ROADS,STREETS, PAVEMENTS 14185.48 14726.57 14726.57 9146.28 9432.01 18700.00 11632.77"
2020-21-EN,64402,OTHER BRIDGES (capex),271,382,BRIDGES,1918.84 5726.39 1000.00 64402 OTHER BRIDGES 7500.00 11000.00 11000.00 19200.00
2020-21-EN,DEPT382,DEPT TOTAL,271,382,BRIDGES 8000.00 11500.00 11500.00 1918.84 5726.39 20200.00 1,382 BRIDGES 8000.00 11500.00 11500.00 1918.84 5726.39 20200.00 1250.00
2020-21-EN,64401,ROADS AND STREETS RESURFACING (capex),275,962,ZONAL CAPITAL WORKS,2366.23 4573.23 6093.19 64401 ROADS AND STREETS RESURFA CING 9191.24 9191.24 9191.24 8258.87
2020-21-EN,64406,ROADS AND STREETS - GENERAL (capex),275,962,ZONAL CAPITAL WORKS,564.52 1015.04 1985.46 64406 ROADS AND STREETS- GENERAL 2747.04 2747.04 2747.04 2350.68
2020-21-EN,64407,FOOTPATH AND PAVEMENTS (capex),275,962,ZONAL CAPITAL WORKS,1476.61 1996.26 2737.56 64407 FOOTPATH AND PAVEMENTS 3334.52 3334.52 3334.52 3308.78
2020-21-EN,64453,R.C.C. ROAD (capex),275,962,ZONAL CAPITAL WORKS,0.00 0.00 31.10 64453 R.C.C. ROAD 0.00 0.00 0.00 0.00
2020-21-EN,DEPT962,DEPT TOTAL,275,962,ZONAL CAPITAL WORKS 50000.00 50000.00 50000.00 12833.87 1921,962 ZONAL CAPITAL WORKS 50000.00 50000.00 50000.00 12833.87 19217.63 45000.00 20812.50
2020-21-EN,DEPT967,DEPT TOTAL,276,967,JNNURM PROJECT 821.12 821.12 821.12 2642.50 1227.00 1000.00 ,967 JNNURM PROJECT 821.12 821.12 821.12 2642.50 1227.00 1000.00 1186.17
2020-21-EN,64401,ROADS AND STREETS RESURFACING (capex),277,968,WORKS TAKEN UNDER C.M. SWARNIM GUJARAT GRANT,7614.45 9937.04 11500.00 64401 ROADS AND STREETS RESURF ACING 15000.00 15000.00 15000.00 7500.00
2020-21-EN,64402,OTHER BRIDGES (capex),277,968,WORKS TAKEN UNDER C.M. SWARNIM GUJARAT GRANT,9159.12 15528.82 12093.56 64402 OTHER BRIDGES 22600.33 22600.33 22600.33 10000.00
2020-21-EN,64406,ROADS AND STREETS - GENERAL (capex),277,968,WORKS TAKEN UNDER C.M. SWARNIM GUJARAT GRANT,1601.88 3665.70 2548.44 64406 ROADS AND STREETS- GENERA L 4030.00 4030.00 4030.00 4000.00
2020-21-EN,64407,FOOTPATH AND PAVEMENTS (capex),277,968,WORKS TAKEN UNDER C.M. SWARNIM GUJARAT GRANT,197.70 497.67 500.00 64407 FOOTPATH AND PAVEMENTS 400.00 400.00 400.00 400.00
2020-21-EN,64410,NALA - GENERAL (capex),277,968,WORKS TAKEN UNDER C.M. SWARNIM GUJARAT GRANT,2268.72 940.10 1707.68 64410 NALA - GENERAL 1525.58 1525.58 1525.58 1500.00
2020-21-EN,64414,TRAFFIC CONTROL BLOCK (capex),277,968,WORKS TAKEN UNDER C.M. SWARNIM GUJARAT GRANT,359.69 371.77 200.00 64414 TRAFFIC CONTROL BLOCK 200.00 200.00 200.00 200.00
2020-21-EN,64453,R.C.C. ROAD (capex),277,968,WORKS TAKEN UNDER C.M. SWARNIM GUJARAT GRANT,721.20 337.56 3574.55 64453 R.C.C. ROAD 4059.10 4059.10 4059.10 4000.00
2020-21-EN,DEPT968,DEPT TOTAL,278,968,WORKS TAKEN UNDER C.M. SWARNIM GUJARAT GRANT 115000. 00 1150,968 WORKS TAKEN UNDER C.M. SWARNIM GUJARAT GRANT 115000. 00 115000.00 115000.00 50145.42 66657.67 75000.00 85000.00
2020-21-EN,DEPT969,DEPT TOTAL,278,969,AMRUT 19935.00 19935.00 19935.00 5524.71 14471.17 25000.00 2,969 AMRUT 19935.00 19935.00 19935.00 5524.71 14471.17 25000.00 22597.00
2020-21-EN,86244,40% PUBLIC CONTRIB FOR ROADS (cap inc),280,381,"ROADS,STREETS, PAVEMENTS",0.00 2.57 0.00 86244 40% PUBLIC CONTRIBUTION FOR ROADS 0 .00 0.00 0.00 0.00
2020-21-EN,86269,70:20:10 SCHEME ROAD CONTRIB (cap inc),280,381,"ROADS,STREETS, PAVEMENTS",521.91 761.59 300.00 86269 INCOME UNDER 70:20:10 GRANT SCHEME CONTRI. ROAD 1000.00 1000.00 1000.00 650.00
2020-21-EN,86275,ROAD AT 80:20 SCHEME (cap inc),280,381,"ROADS,STREETS, PAVEMENTS",3.86 0.22 1.00 86275 ROAD AT 80:20 SCHEME 0.00 0.00 0.00 0.00
2020-21-EN,DEPT381,DEPT TOTAL,280,381,"ROADS,STREETS, PAVEMENTS 1000.00 1000.00 1000.00 525.77 764.","381 ROADS,STREETS, PAVEMENTS 1000.00 1000.00 1000.00 525.77 764.41 650.00 301.00"
2020-21-EN,DEPT967,DEPT TOTAL,281,967,JNNURM PROJECT 10.00 10.00 10.00 -911.90 543.72 100.00 55.00,967 JNNURM PROJECT 10.00 10.00 10.00 -911.90 543.72 100.00 55.00
2022-23-EN,23306,PENALTY RECOVERED FROM CONTRACTORS (rev inc),165,400,MLD and is supplied in the city. Work of new pumping station,b) No. of old patients 26708 26829 23306
2022-23-EN,23306,PENALTY RECOVERED FROM CONTRACTORS (rev inc),208,111,FINANCE DEPARTMENT,0.98 5.05 5.00 23306 PENALTY RECOVERED FROM
2022-23-EN,23306,PENALTY RECOVERED FROM CONTRACTORS (rev inc),209,153,CENTRAL,7.59 0.68 5.00 23306 PENALTY RECOVERED FROM
2022-23-EN,23306,PENALTY RECOVERED FROM CONTRACTORS (rev inc),211,211,ESTATE AND CITY,2.76 0.00 1.00 23306 PENALTY RECOVERED FROM
2022-23-EN,23306,PENALTY RECOVERED FROM CONTRACTORS (rev inc),213,302,LIGHTING DEPARTMENT,4.15 263.43 500.00 23306 PENALTY RECOVERED FROM
2022-23-EN,23306,PENALTY RECOVERED FROM CONTRACTORS (rev inc),213,304,COMMUNICATION DEPTT.,0.00 0.00 2.00 23306 PENALTY RECOVERED FROM
2022-23-EN,23306,PENALTY RECOVERED FROM CONTRACTORS (rev inc),214,352,GARBAGE DISPOSAL,276.91 237.70 250.00 23306 PENALTY RECOVERED FROM
2022-23-EN,23306,PENALTY RECOVERED FROM CONTRACTORS (rev inc),214,371,ENGG.DEPT. GENERAL,689.31 510.31 1000.00 23306 PENALTY RECOVERED FROM
2022-23-EN,23311,COST OF WORK DONE ON CAPITAL A/C LSR (rev inc),214,371,ENGG.DEPT. GENERAL,2117.91 2345.82 5000.00 23311 COST OF WORK DONE ON CAPITAL A/C
2022-23-EN,DEPT371,DEPT TOTAL,214,371,ENGG.DEPT. GENERAL 3571.96 4199.11 3584.63 4251.96 7386.96 3,371 ENGG.DEPT. GENERAL 3571.96 4199.11 3584.63 4251.96 7386.96 3571.96 3571.96
2022-23-EN,10301,"VEHICLE TAX (rev inc, dept 381)",214,381,"ROADS,STREETS, PAVEMENTS",8422.93 8832.79 10000.00 10301 VEHICLE TAX 10500.00 9925.00 10400.00 10400.00
2022-23-EN,13423,ROAD CUT RESTORATION CHARGES (rev inc),214,381,"ROADS,STREETS, PAVEMENTS",358.67 709.02 150.00 13423 ROAD CUT RESTORATION CHARGES 150.00 150.00 150.00 150.00
2022-23-EN,DEPT381,DEPT TOTAL,214,381,"ROADS,STREETS, 10750.50 8786.06 9879.23 10086.00 10250.50 10","381 ROADS,STREETS, 10750.50 8786.06 9879.23 10086.00 10250.50 10650.50 10650.50"
2022-23-EN,23306,PENALTY RECOVERED FROM CONTRACTORS (rev inc),215,401,HEALTH DEPARTMENT,13.34 52.25 50.00 23306 PENALTY RECOVERED FROM
2022-23-EN,23306,PENALTY RECOVERED FROM CONTRACTORS (rev inc),216,411,CATTLE NUISANCE CONTROL,0.49 6.47 10.00 23306 PENALTY RECOVERED FROM
2022-23-EN,23306,PENALTY RECOVERED FROM CONTRACTORS (rev inc),218,609,ZOO,0.10 0.17 0.40 23306 PENALTY RECOVERED FROM
2022-23-EN,DEPT371,DEPT TOTAL,240,371,ENGG.DEPT. GENERAL 11285.04 9794.76 13333.51 13753.09 13686.,371 ENGG.DEPT. GENERAL 11285.04 9794.76 13333.51 13753.09 13686.50 13946.04 13946.04
2022-23-EN,38401,ROADS STREETS AND PAVEMENTS (rev exp),240,381,"ROADS,STREETS, PAVEMENTS",1262.06 711.71 1260.00 38401 ROADS STREETS AND PAVEMENTS 1260.00 1710.00 1260.00 1260.00
2022-23-EN,38407,FOOT-PATH PAVEMENTS (rev exp),240,381,"ROADS,STREETS, PAVEMENTS",172.16 125.75 256.30 38407 FOOT-PATH PAVEMENTS 255.00 276.00 255.00 255.00
2022-23-EN,38413,POLE PAVEMENTS (rev exp),240,381,"ROADS,STREETS, PAVEMENTS",31.57 30.43 65.00 38413 POLE PAVEMENTS 65.00 68.00 65.00 65.00
2022-23-EN,DEPT381,DEPT TOTAL,240,381,"ROADS,STREETS, 3882.45 3645.30 3006.10 4446.42 3712.17 3882.","381 ROADS,STREETS, 3882.45 3645.30 3006.10 4446.42 3712.17 3882.45 3882.45"
2022-23-EN,DEPT371,DEPT TOTAL,262,371,ENGG.DEPT. GENERAL 104484.40 34734.90 45842.96 72335.00 6624,371 ENGG.DEPT. GENERAL 104484.40 34734.90 45842.96 72335.00 66243.50 109409.40 109409.40
2022-23-EN,64401,ROADS AND STREETS RESURFACING (capex),262,381,"ROADS,STREETS, PAVEMENTS",0.00 0.00 0.00 64401 ROADS AND STREETS RESURFACING 0.00 0.00 450.00 450.00
2022-23-EN,64406,ROADS AND STREETS - GENERAL (capex),262,381,"ROADS,STREETS, PAVEMENTS",3476.28 2953.20 4500.00 64406 ROADS AND STREETS- GENERAL 1005.00 7500.00 3755.00 3755.00
2022-23-EN,64414,TRAFFIC CONTROL BLOCK (capex),262,381,"ROADS,STREETS, PAVEMENTS",427.37 456.74 500.00 64414 TRAFFIC CONTROL BLOCK 500.00 500.00 800.00 800.00
2022-23-EN,64452,70:20:10 SCHEME ROAD IN SOC (capex),262,381,"ROADS,STREETS, PAVEMENTS",4793.35 3619.16 5000.00 64452 EXPENSE UNDER 70:20:10 GRANT
2022-23-EN,64453,R.C.C. ROAD (capex),262,381,"ROADS,STREETS, PAVEMENTS",0.00 0.00 0.00 64453 R.C.C. ROAD 0.00 1000.00 0.00 0.00
2022-23-EN,64729,HOT MIX PLANT (capex),262,381,"ROADS,STREETS, PAVEMENTS",0.00 0.00 0.00 64729 HOT MIX PLANT 300.00 600.00 800.00 800.00
2022-23-EN,DEPT381,DEPT TOTAL,262,381,"ROADS,STREETS, 6805.00 8697.00 7029.10 14600.00 10000.00 113","381 ROADS,STREETS, 6805.00 8697.00 7029.10 14600.00 10000.00 11305.00 11305.00"
2022-23-EN,64402,OTHER BRIDGES (capex),262,382,BRIDGES,709.88 2362.78 3500.00 64402 OTHER BRIDGES 3500.00 2500.00 7154.00 7154.00
2022-23-EN,DEPT382,DEPT TOTAL,262,382,"BRIDGESTotal, 3500.00 709.88 2362.78 2500.00 3500.00 7154.00","382 BRIDGESTotal, 3500.00 709.88 2362.78 2500.00 3500.00 7154.00 7154.00"
2022-23-EN,64401,ROADS AND STREETS RESURFACING (capex),265,962,ZONAL CAPITAL WORKS,6428.50 5157.91 5568.45 64401 ROADS AND STREETS RESURFACING 8932.41 9336.71 8932.41 8932.41
2022-23-EN,64406,ROADS AND STREETS - GENERAL (capex),265,962,ZONAL CAPITAL WORKS,1706.94 1298.46 2229.33 64406 ROADS AND STREETS- GENERAL 3372.98 3842.05 3372.98 3372.98
2022-23-EN,64407,FOOTPATH AND PAVEMENTS (capex),265,962,ZONAL CAPITAL WORKS,2387.58 1755.14 3018.31 64407 FOOTPATH AND PAVEMENTS 3849.88 3582.19 3849.88 3849.88
2022-23-EN,DEPT962,DEPT TOTAL,265,962,"ZONAL CAPITAL WORKSTotal, 50000.00 19913.20 16157.86 50000.0","962 ZONAL CAPITAL WORKSTotal, 50000.00 19913.20 16157.86 50000.00 22210.00 50000.00 50000.00"
2022-23-EN,DEPT967,DEPT TOTAL,265,967,"JNNURM PROJECTTotal, 75.00 800.14 372.57 125.00 451.50 75.00","967 JNNURM PROJECTTotal, 75.00 800.14 372.57 125.00 451.50 75.00 75.00"
2022-23-EN,64401,ROADS AND STREETS RESURFACING (capex),266,968,WORKS TAKEN UNDER C.M.,11104.47 9653.03 6500.00 64401 ROADS AND STREETS RESURFACING 4500.00 6000.00 4500.00 4500.00
2022-23-EN,64402,OTHER BRIDGES (capex),266,968,WORKS TAKEN UNDER C.M.,10430.40 7842.53 10000.00 64402 OTHER BRIDGES 11500.00 10000.00 11500.00 11500.00
2022-23-EN,64406,ROADS AND STREETS - GENERAL (capex),266,968,WORKS TAKEN UNDER C.M.,2978.01 4002.21 7000.00 64406 ROADS AND STREETS- GENERAL 1110.00 2000.00 1110.00 1110.00
2022-23-EN,64407,FOOTPATH AND PAVEMENTS (capex),266,968,WORKS TAKEN UNDER C.M.,392.99 555.32 650.00 64407 FOOTPATH AND PAVEMENTS 100.00 200.00 100.00 100.00
2022-23-EN,64410,NALA - GENERAL (capex),266,968,WORKS TAKEN UNDER C.M.,1122.12 761.32 200.00 64410 NALA - GENERAL 200.00 400.00 200.00 200.00
2022-23-EN,64414,TRAFFIC CONTROL BLOCK (capex),266,968,WORKS TAKEN UNDER C.M.,198.20 58.30 100.00 64414 TRAFFIC CONTROL BLOCK 100.00 100.00 100.00 100.00
2022-23-EN,64453,R.C.C. ROAD (capex),266,968,WORKS TAKEN UNDER C.M.,3428.25 2656.59 1000.00 64453 R.C.C. ROAD 260.00 1310.00 260.00 260.00
2022-23-EN,DEPT968,DEPT TOTAL,267,968,WORKS TAKEN UNDER C.M. 72000.00 71880.69 58537.73 61250.00 6,968 WORKS TAKEN UNDER C.M. 72000.00 71880.69 58537.73 61250.00 60000.00 72000.00 72000.00
2022-23-EN,DEPT969,DEPT TOTAL,267,969,"AMRUTTotal, 15950.00 22978.48 12028.66 18375.00 11950.00 159","969 AMRUTTotal, 15950.00 22978.48 12028.66 18375.00 11950.00 15950.00 15950.00"
2022-23-EN,86244,40% PUBLIC CONTRIB FOR ROADS (cap inc),269,381,"ROADS,STREETS, PAVEMENTS",0.00 2.04 0.00 86244 40% PUBLIC CONTRIBUTION FOR
2022-23-EN,86269,70:20:10 SCHEME ROAD CONTRIB (cap inc),269,381,"ROADS,STREETS, PAVEMENTS",393.20 396.49 500.00 86269 INCOME UNDER 70:20:10 GRANT
2022-23-EN,86275,ROAD AT 80:20 SCHEME (cap inc),269,381,"ROADS,STREETS, PAVEMENTS",0.98 1.47 0.00 86275 ROAD AT 80:20 SCHEME 0.00 0.00 0.00 0.00
2022-23-EN,DEPT381,DEPT TOTAL,269,381,"ROADS,STREETS, 1000.00 394.18 400.00 1000.00 500.00 1000.00 ","381 ROADS,STREETS, 1000.00 394.18 400.00 1000.00 500.00 1000.00 1000.00"
2022-23-EN,DEPT967,DEPT TOTAL,269,967,"JNNURM PROJECTTotal, 10.00 53.37 37.50 10.00 20.00 10.00 10.","967 JNNURM PROJECTTotal, 10.00 53.37 37.50 10.00 20.00 10.00 10.00"
2023-24-EN,23306,PENALTY RECOVERED FROM CONTRACTORS (rev inc),241,111,FINANCE DEPARTMENT,5.05 7.64 10.0023306 PENALTY RECOVERED FROM
2023-24-EN,23306,PENALTY RECOVERED FROM CONTRACTORS (rev inc),242,153,CENTRAL,0.68 2.84 7.0023306 PENALTY RECOVERED FROM
2023-24-EN,23306,PENALTY RECOVERED FROM CONTRACTORS (rev inc),244,211,ESTATE AND CITY,0.00 0.00 0.5023306 PENALTY RECOVERED FROM
2023-24-EN,23306,PENALTY RECOVERED FROM CONTRACTORS (rev inc),246,302,LIGHTING DEPARTMENT,263.43 394.60 250.0023306 PENALTY RECOVERED FROM
2023-24-EN,23306,PENALTY RECOVERED FROM CONTRACTORS (rev inc),246,304,COMMUNICATION DEPTT.,0.00 0.00 0.0023306 PENALTY RECOVERED FROM
2023-24-EN,23306,PENALTY RECOVERED FROM CONTRACTORS (rev inc),247,352,GARBAGE DISPOSAL,237.70 257.90 269.1523306 PENALTY RECOVERED FROM
2023-24-EN,23306,PENALTY RECOVERED FROM CONTRACTORS (rev inc),248,371,ENGG.DEPT. GENERAL,510.31 790.47 600.0023306 PENALTY RECOVERED FROM
2023-24-EN,23311,COST OF WORK DONE ON CAPITAL A/C LSR (rev inc),248,371,ENGG.DEPT. GENERAL,2345.82 3292.06 4000.0023311 COST OF WORK DONE ON
2023-24-EN,DEPT371,DEPT TOTAL,248,371,ENGG.DEPT. GENERAL 3743.783584.63 5253.95 3571.96 5685.91 37,371 ENGG.DEPT. GENERAL 3743.783584.63 5253.95 3571.96 5685.91 3743.78 3743.78
2023-24-EN,10301,"VEHICLE TAX (rev inc, dept 381)",248,381,"ROADS,STREETS, PAVEMENTS",8832.79 13156.41 15000.0010301 VEHICLE TAX 17000.0010400.00 17879.00 17879.00
2023-24-EN,13423,ROAD CUT RESTORATION CHARGES (rev inc),248,381,"ROADS,STREETS, PAVEMENTS",709.02 360.16 350.0013423 ROAD CUT RESTORATION
2023-24-EN,DEPT381,DEPT TOTAL,248,381,"ROADS,STREETS, PAVEMENTS 17200.009879.23 13582.90 10650.50 1","381 ROADS,STREETS, PAVEMENTS 17200.009879.23 13582.90 10650.50 15380.00 18079.00 18079.00"
2023-24-EN,23306,PENALTY RECOVERED FROM CONTRACTORS (rev inc),249,401,HEALTH DEPARTMENT,52.25 39.68 45.0023306 PENALTY RECOVERED FROM
2023-24-EN,23306,PENALTY RECOVERED FROM CONTRACTORS (rev inc),249,411,CATTLE NUISANCE CONTROL,6.47 2.86 10.0023306 PENALTY RECOVERED FROM
2023-24-EN,23306,PENALTY RECOVERED FROM CONTRACTORS (rev inc),251,609,ZOO,0.17 0.10 0.3023306 PENALTY RECOVERED FROM
2023-24-EN,DEPT371,DEPT TOTAL,274,371,ENGG.DEPT. GENERAL 12366.9413333.51 10869.80 13946.04 15387.,371 ENGG.DEPT. GENERAL 12366.9413333.51 10869.80 13946.04 15387.50 16947.94 16947.94
2023-24-EN,38401,ROADS STREETS AND PAVEMENTS (rev exp),274,381,"ROADS,STREETS, PAVEMENTS",711.71 910.65 1180.0038401 ROADS STREETS AND
2023-24-EN,38407,FOOT-PATH PAVEMENTS (rev exp),274,381,"ROADS,STREETS, PAVEMENTS",125.75 143.11 252.0038407 FOOT-PATH PAVEMENTS 298.00255.00 298.00 298.00
2023-24-EN,38413,POLE PAVEMENTS (rev exp),274,381,"ROADS,STREETS, PAVEMENTS",30.43 26.56 65.0038413 POLE PAVEMENTS 65.0065.00 65.00 65.00
2023-24-EN,DEPT381,DEPT TOTAL,274,381,"ROADS,STREETS, PAVEMENTS 4211.153006.10 3150.50 3882.45 3752","381 ROADS,STREETS, PAVEMENTS 4211.153006.10 3150.50 3882.45 3752.08 4211.15 4211.15"
2023-24-EN,86269,70:20:10 SCHEME ROAD CONTRIB (cap inc),290,706,MEDICAL COLLEGE,5684.886269.05 5684.88 5684.88
2023-24-EN,DEPT371,DEPT TOTAL,296,371,ENGG.DEPT. GENERAL 72440.0045842.96 45072.40 109409.40 49060,371 ENGG.DEPT. GENERAL 72440.0045842.96 45072.40 109409.40 49060.00 78096.79 78096.79
2023-24-EN,64401,ROADS AND STREETS RESURFACING (capex),296,381,"ROADS,STREETS, PAVEMENTS",0.00 0.00 0.0064401 ROADS AND STREETS
2023-24-EN,64406,ROADS AND STREETS - GENERAL (capex),296,381,"ROADS,STREETS, PAVEMENTS",2953.20 4046.99 2000.0064406 ROADS AND STREETS-
2023-24-EN,64414,TRAFFIC CONTROL BLOCK (capex),296,381,"ROADS,STREETS, PAVEMENTS",456.74 498.98 500.0064414 TRAFFIC CONTROL BLOCK 500.00800.00 500.00 500.00
2023-24-EN,64452,70:20:10 SCHEME ROAD IN SOC (capex),296,381,"ROADS,STREETS, PAVEMENTS",3619.16 4643.74 5100.0064452 EXPENSE UNDER 70:20:10
2023-24-EN,64729,HOT MIX PLANT (capex),296,381,"ROADS,STREETS, PAVEMENTS",0.00 0.00 0.0064729 HOT MIX PLANT 0.00800.00 0.00 0.00
2023-24-EN,DEPT381,DEPT TOTAL,296,381,"ROADS,STREETS, PAVEMENTS 7000.007029.10 9189.71 11305.00 760","381 ROADS,STREETS, PAVEMENTS 7000.007029.10 9189.71 11305.00 7600.00 34900.00 34900.00"
2023-24-EN,64402,OTHER BRIDGES (capex),296,382,BRIDGES,2362.78 3285.71 2500.0064402 OTHER BRIDGES 2000.007154.00 2500.00 2500.00
2023-24-EN,DEPT382,DEPT TOTAL,296,382,BRIDGES 2000.002362.78 3285.71 7154.00 2500.00 2500.00 2500.,382 BRIDGES 2000.002362.78 3285.71 7154.00 2500.00 2500.00 2500.00
2023-24-EN,64401,ROADS AND STREETS RESURFACING (capex),299,962,ZONAL CAPITAL WORKS,5157.91 7297.41 9047.6064401 ROADS AND STREETS
2023-24-EN,64406,ROADS AND STREETS - GENERAL (capex),299,962,ZONAL CAPITAL WORKS,1298.46 2663.61 2188.0764406 ROADS AND STREETS-
2023-24-EN,64407,FOOTPATH AND PAVEMENTS (capex),299,962,ZONAL CAPITAL WORKS,1755.14 3231.58 2849.7264407 FOOTPATH AND PAVEMENTS 3548.183849.88 3548.18 3548.18
2023-24-EN,64453,R.C.C. ROAD (capex),299,962,ZONAL CAPITAL WORKS,0.00 0.00 91.6564453 R.C.C. ROAD 0.000.00 0.00 0.00
2023-24-EN,DEPT962,DEPT TOTAL,299,962,ZONAL CAPITAL WORKS 50000.0016157.86 25529.58 50000.00 26400,962 ZONAL CAPITAL WORKS 50000.0016157.86 25529.58 50000.00 26400.00 50000.00 50000.00
2023-24-EN,DEPT967,DEPT TOTAL,300,967,JNNURM PROJECT 50.00372.57 321.68 75.00 480.00 50.00 50.00,967 JNNURM PROJECT 50.00372.57 321.68 75.00 480.00 50.00 50.00
2023-24-EN,64401,ROADS AND STREETS RESURFACING (capex),300,968,WORKS TAKEN UNDER C.M.,9653.03 9300.88 7500.0064401 ROADS AND STREETS
2023-24-EN,64402,OTHER BRIDGES (capex),300,968,WORKS TAKEN UNDER C.M.,7842.53 12929.83 7500.0064402 OTHER BRIDGES 12540.0011500.00 12540.00 12540.00
2023-24-EN,64406,ROADS AND STREETS - GENERAL (capex),300,968,WORKS TAKEN UNDER C.M.,4002.21 11519.84 9500.0064406 ROADS AND STREETS-
2023-24-EN,64407,FOOTPATH AND PAVEMENTS (capex),300,968,WORKS TAKEN UNDER C.M.,555.32 741.96 100.0064407 FOOTPATH AND PAVEMENTS 100.00100.00 100.00 100.00
2023-24-EN,64410,NALA - GENERAL (capex),300,968,WORKS TAKEN UNDER C.M.,761.32 127.27 1000.0064410 NALA - GENERAL 3000.00200.00 3000.00 3000.00
2023-24-EN,64414,TRAFFIC CONTROL BLOCK (capex),300,968,WORKS TAKEN UNDER C.M.,58.30 25.10 200.0064414 TRAFFIC CONTROL BLOCK 750.00100.00 750.00 750.00
2023-24-EN,64453,R.C.C. ROAD (capex),300,968,WORKS TAKEN UNDER C.M.,2656.59 1475.73 1000.0064453 R.C.C. ROAD 300.00260.00 300.00 300.00
2023-24-EN,DEPT968,DEPT TOTAL,301,968,WORKS TAKEN UNDER C.M. 75000.0058537.73 70350.75 72000.00 84,968 WORKS TAKEN UNDER C.M. 75000.0058537.73 70350.75 72000.00 84000.00 75000.00 75000.00
2023-24-EN,DEPT969,DEPT TOTAL,301,969,AMRUT 17025.0012028.66 10846.90 15950.00 5585.00 17025.00 17,969 AMRUT 17025.0012028.66 10846.90 15950.00 5585.00 17025.00 17025.00
2023-24-EN,86244,40% PUBLIC CONTRIB FOR ROADS (cap inc),303,381,"ROADS,STREETS, PAVEMENTS",2.04 2.10 0.0086244 40% PUBLIC CONTRIBUTION
2023-24-EN,86269,70:20:10 SCHEME ROAD CONTRIB (cap inc),303,381,"ROADS,STREETS, PAVEMENTS",396.49 236.77 500.0086269 INCOME UNDER 70:20:10
2023-24-EN,86275,ROAD AT 80:20 SCHEME (cap inc),303,381,"ROADS,STREETS, PAVEMENTS",1.47 0.00 0.0086275 ROAD AT 80:20 SCHEME 0.000.00 0.00 0.00
2023-24-EN,DEPT381,DEPT TOTAL,303,381,"ROADS,STREETS, PAVEMENTS 700.00400.00 238.87 1000.00 500.00 ","381 ROADS,STREETS, PAVEMENTS 700.00400.00 238.87 1000.00 500.00 700.00 700.00"
2023-24-EN,DEPT967,DEPT TOTAL,304,967,JNNURM PROJECT 10.0037.50 13.66 10.00 51.00 10.00 10.00,967 JNNURM PROJECT 10.0037.50 13.66 10.00 51.00 10.00 10.00
