{
"type": "FeatureCollection",
"name": "districts",
"crs": { "type": "name", "properties": { "name": "urn:ogc:def:crs:OGC:1.3:CRS84" } },
"features": [
{ "type": "Feature", "properties": { "district": "Central" }, "geometry": { "type": "Polygon", "coordinates": [ [ [ 77.179108885049303, 28.668121450670697 ], [ 77.176831741797898, 28.669769306513306 ], [ 77.177762097801804, 28.672649987143505 ], [ 77.178738460408994, 28.672680548160493 ], [ 77.179084433889798, 28.674293132812185 ], [ 77.177338990946595, 28.674809084231889 ], [ 77.177852991219709, 28.676554065145211 ], [ 77.177224360992497, 28.675231344812801 ], [ 77.175329825804297, 28.674900790145895 ], [ 77.174732067292695, 28.674248174696402 ], [ 77.172985708186204, 28.679321561851204 ], [ 77.167962834557798, 28.683916456700693 ], [ 77.168593404717996, 28.688637435559702 ], [ 77.168998417382696, 28.689320402937589 ], [ 77.173280320409006, 28.685162127785993 ], [ 77.175994906262403, 28.683639132042003 ], [ 77.174812870326605, 28.681978029795005 ], [ 77.176247518564196, 28.683890858523409 ], [ 77.177127140208611, 28.684069863899289 ], [ 77.183572227099702, 28.689558298286499 ], [ 77.1854301049501, 28.691492665980103 ], [ 77.185829660627604, 28.692786232224396 ], [ 77.188170420766795, 28.694603944783193 ], [ 77.189056607909293, 28.693723046720297 ], [ 77.188355525533112, 28.691076626944394 ], [ 77.191470840834199, 28.690304473066888 ], [ 77.193610017439198, 28.688959496753498 ], [ 77.197012081765209, 28.684668831667299 ], [ 77.197814624269199, 28.6844008098983 ], [ 77.200538910484994, 28.685934078975489 ], [ 77.204070673972026, 28.684941624324978 ], [ 77.204000304993201, 28.688194308910393 ], [ 77.202545179875202, 28.688401916227395 ], [ 77.206971044726998, 28.692216645856988 ], [ 77.212431028555997, 28.700168718528495 ], [ 77.214987230609793, 28.702376466718277 ], [ 77.21857527943061, 28.70763893939419 ], [ 77.220289730858894, 28.71267577778741 ], [ 77.222127863310604, 28.715786670538002 ], [ 77.220142103858805, 28.717098872453601 ], [ 77.218433003455914, 28.719507289303209 ], [ 77.2152002401792, 28.722347626113805 ], [ 77.215525975437203, 28.727443745189685 ], [ 77.215358302146598, 28.726643223485798 ], [ 77.206176933078794, 28.727100450531793 ], [ 77.19595853816331, 28.728250916347498 ], [ 77.195407699122597, 28.728747565770401 ], [ 77.1919144287466, 28.725674675290701 ], [ 77.192182166431095, 28.729005899490989 ], [ 77.190215165915504, 28.7317576927733 ], [ 77.186541923948496, 28.732888930136895 ], [ 77.184503391974005, 28.7355895505939 ], [ 77.179435963473196, 28.738129101932795 ], [ 77.176691914770899, 28.740487046417496 ], [ 77.175046146550898, 28.744667587023201 ], [ 77.175877372180906, 28.745596695452285 ], [ 77.175522266588104, 28.746026266190789 ], [ 77.177176804952396, 28.748250673765391 ], [ 77.1781156322008, 28.748167240512188 ], [ 77.177609134434903, 28.748784659462487 ], [ 77.1796736810103, 28.750578247111594 ], [ 77.182256083986005, 28.7509357179772 ], [ 77.182339377948395, 28.749644149772291 ], [ 77.182456743216505, 28.753691283039192 ], [ 77.181064656159705, 28.754940861436285 ], [ 77.178739839725907, 28.755158831771276 ], [ 77.179432626610605, 28.75794922454789 ], [ 77.177140973217703, 28.758288441660802 ], [ 77.174538329511805, 28.759679269681808 ], [ 77.174244364568807, 28.760563722972289 ], [ 77.175173140554307, 28.763133793159895 ], [ 77.174435071015907, 28.7655637801419 ], [ 77.171532306863796, 28.767306765543118 ], [ 77.172025251122903, 28.769599645589299 ], [ 77.171431548640399, 28.77134156627719 ], [ 77.172408052333495, 28.772726049010096 ], [ 77.179195243873593, 28.770308721231093 ], [ 77.186062556044106, 28.771132333441308 ], [ 77.1952830772384, 28.778024381693509 ], [ 77.198900625313996, 28.781687179956492 ], [ 77.198166109853304, 28.783853216851099 ], [ 77.207448277311315, 28.787770765465904 ], [ 77.206531682787997, 28.786075993512199 ], [ 77.207795752079093, 28.788141026691495 ], [ 77.214298084666396, 28.785236054630801 ], [ 77.216027109818697, 28.785199452472504 ], [ 77.218501598537102, 28.782353901615902 ], [ 77.218853961992394, 28.780245387315091 ], [ 77.217807528346896, 28.777934638304693 ], [ 77.217647011936904, 28.775334087119504 ], [ 77.221239424009696, 28.770358565017901 ], [ 77.218165005840405, 28.772270107351886 ], [ 77.221219864154406, 28.770356897059493 ], [ 77.220033192873998, 28.770307001995501 ], [ 77.218525589377407, 28.768471048397789 ], [ 77.218069870504294, 28.766671714193404 ], [ 77.218938120170193, 28.763759927016892 ], [ 77.222011822086913, 28.7587144332002 ], [ 77.222037967171204, 28.751497467003695 ], [ 77.221287155676706, 28.750869973933799 ], [ 77.223033351752505, 28.750658557336788 ], [ 77.221556816027302, 28.746749558457402 ], [ 77.222322685033404, 28.746941749632491 ], [ 77.221672880292402, 28.744904251931604 ], [ 77.222345703770998, 28.745632560804999 ], [ 77.222588456441699, 28.745008447661792 ], [ 77.223388205160305, 28.746937138297895 ], [ 77.22361092487651, 28.745899940703399 ], [ 77.223975701526911, 28.746192071532406 ], [ 77.226842331658005, 28.7449791510371 ], [ 77.227090949355201, 28.745589209386303 ], [ 77.227728526595101, 28.745505159775696 ], [ 77.227687647697394, 28.744694909625792 ], [ 77.228558560600007, 28.748377407023298 ], [ 77.227870516614203, 28.748783499505187 ], [ 77.238009463740397, 28.745713236511396 ], [ 77.241177019308097, 28.744114189926698 ], [ 77.241771919524297, 28.743245719319304 ], [ 77.241806482064902, 28.739348745358299 ], [ 77.240115688693905, 28.736051556455404 ], [ 77.240148714097202, 28.735301752530905 ], [ 77.241861044929294, 28.733849538014098 ], [ 77.241245881608506, 28.730025968825984 ], [ 77.238293609730903, 28.728975342717508 ], [ 77.237244791581176, 28.724990007364223 ], [ 77.2385334418192, 28.724325756934608 ], [ 77.236975799903604, 28.717305202159899 ], [ 77.237696392159094, 28.715669736075803 ], [ 77.236876583689565, 28.714490802614712 ], [ 77.237726639950694, 28.7123663825253 ], [ 77.242063615407503, 28.714191848442287 ], [ 77.2510467228594, 28.713134827547908 ], [ 77.251114078753005, 28.71192498492611 ], [ 77.252675370321299, 28.710429086396999 ], [ 77.250853406827304, 28.705891263863485 ], [ 77.246455715016197, 28.707161527778901 ], [ 77.241993931647599, 28.690765900979802 ], [ 77.244385272888906, 28.690003497686998 ], [ 77.246828198053294, 28.687907004608888 ], [ 77.249495128966402, 28.687657387378401 ], [ 77.248864218289199, 28.684705050708793 ], [ 77.250496215191006, 28.683293316155503 ], [ 77.250862565664406, 28.684220631945102 ], [ 77.25216972138, 28.683896178656401 ], [ 77.252326329028406, 28.684509478755107 ], [ 77.254925240240894, 28.684638068881792 ], [ 77.255196587781796, 28.683657168028599 ], [ 77.256720428287096, 28.684023265463395 ], [ 77.257730632855598, 28.683644124183701 ], [ 77.254381617454797, 28.670828247653002 ], [ 77.2537196227902, 28.671047668608505 ], [ 77.252366186553601, 28.669267414616805 ], [ 77.251169562115095, 28.669367240261902 ], [ 77.250094160518103, 28.665381276601693 ], [ 77.251833133299002, 28.662488112810703 ], [ 77.256513867059994, 28.660984761842801 ], [ 77.259404261726402, 28.659403417055511 ], [ 77.259507289371001, 28.658345861060088 ], [ 77.261217718447497, 28.656251579916404 ], [ 77.272208507058721, 28.662267771581401 ], [ 77.271668062378211, 28.661762544730596 ], [ 77.273857883467798, 28.6557380304845 ], [ 77.273632810319697, 28.65264830794051 ], [ 77.274547005346093, 28.651569989678499 ], [ 77.272037568901396, 28.650951569638888 ], [ 77.270693400214199, 28.649735146370901 ], [ 77.269936715178204, 28.647834849357093 ], [ 77.272017434565313, 28.647512350493201 ], [ 77.271897108806996, 28.643814162580497 ], [ 77.273348940305993, 28.6429996249779 ], [ 77.272518538659796, 28.641886790137391 ], [ 77.271779030184604, 28.641851453118701 ], [ 77.271244090092495, 28.6396307507693 ], [ 77.269600724293298, 28.638586433643798 ], [ 77.270335278914601, 28.636382642252602 ], [ 77.269894655321593, 28.633009702975599 ], [ 77.287410160908493, 28.608767772288399 ], [ 77.290439047533894, 28.602209248904796 ], [ 77.303196899596401, 28.58383817474099 ], [ 77.301521285392695, 28.581991979242598 ], [ 77.298378980133194, 28.580150537108707 ], [ 77.2997301970492, 28.578598304549903 ], [ 77.300073216435294, 28.576278200479205 ], [ 77.298490225811094, 28.571166683345794 ], [ 77.296668294898495, 28.573636553983189 ], [ 77.292145149685894, 28.577395567692989 ], [ 77.2918468309459, 28.580292508167094 ], [ 77.287846569924895, 28.585548179553605 ], [ 77.284925594153805, 28.586776713790982 ], [ 77.278114452803607, 28.585132846268699 ], [ 77.278355941818106, 28.5880110370768 ], [ 77.28080767017191, 28.589684415879692 ], [ 77.280425794072997, 28.5952015729941 ], [ 77.279221293367499, 28.598591655178499 ], [ 77.273910540345312, 28.601985966105492 ], [ 77.265392631977406, 28.595770168582199 ], [ 77.267294735013309, 28.592040313908395 ], [ 77.265199963824998, 28.591658982519192 ], [ 77.261244505492698, 28.599257790893091 ], [ 77.259652676029106, 28.601070825187694 ], [ 77.255940165691797, 28.6089011930171 ], [ 77.255682798371893, 28.613592626450501 ], [ 77.259461756509793, 28.614598985013199 ], [ 77.252636509411303, 28.612917105183691 ], [ 77.249216927127193, 28.614181640906988 ], [ 77.246751370304395, 28.621523212200898 ], [ 77.243824213386702, 28.625004859383299 ], [ 77.224586036448002, 28.635039636729701 ], [ 77.223632690738, 28.636394550273497 ], [ 77.222722722543807, 28.635228641671198 ], [ 77.219670830034005, 28.635472163013599 ], [ 77.218222639882796, 28.634370654766595 ], [ 77.204587280597906, 28.642414954422289 ], [ 77.204380180998896, 28.642998781529599 ], [ 77.1989242391235, 28.645234914488899 ], [ 77.198471688260796, 28.646094919026602 ], [ 77.196437268005894, 28.640989427611402 ], [ 77.194899208405005, 28.638591729067493 ], [ 77.190464269276006, 28.634097960157689 ], [ 77.188642394488994, 28.629593415251399 ], [ 77.186887547846894, 28.627573561219499 ], [ 77.181688262568898, 28.623660245418908 ], [ 77.177810751898306, 28.627038551022601 ], [ 77.176059803462906, 28.632877447019698 ], [ 77.175239414997804, 28.633265074535302 ], [ 77.175881143526794, 28.639787348213101 ], [ 77.175342109762198, 28.6402246035174 ], [ 77.175375067974002, 28.642069258311601 ], [ 77.178736638204199, 28.645615354855295 ], [ 77.1782436533653, 28.646259400166493 ], [ 77.181192509588314, 28.650312517332893 ], [ 77.179947512877305, 28.650814039478391 ], [ 77.180235380549902, 28.652855660298499 ], [ 77.178973822486, 28.652888005755099 ], [ 77.178361089946506, 28.652320683438202 ], [ 77.174736062582994, 28.653231829159296 ], [ 77.170825592908798, 28.652869769679604 ], [ 77.168562071062695, 28.653422951127396 ], [ 77.167900737546901, 28.656264441275802 ], [ 77.170519201672406, 28.660377068376995 ], [ 77.174030261780999, 28.663670930880297 ], [ 77.175275737509097, 28.665727021635004 ], [ 77.178179517639904, 28.667572686415596 ], [ 77.1781915271212, 28.668369018335184 ], [ 77.179108885049303, 28.668121450670697 ] ], [ [ 77.179108885049303, 28.668121450670697 ], [ 77.181104611055403, 28.669077627698094 ], [ 77.181121444722862, 28.669116652043311 ], [ 77.179108885049303, 28.668121450670697 ] ], [ [ 77.265800945550694, 28.6481384820272 ], [ 77.265938699640699, 28.649074527004505 ], [ 77.265906291460297, 28.649147924757493 ], [ 77.265800945550694, 28.6481384820272 ] ], [ [ 77.265800945550694, 28.6481384820272 ], [ 77.26646835518082, 28.646755412807629 ], [ 77.266469727113005, 28.646895704338288 ], [ 77.265800945550694, 28.6481384820272 ] ], [ [ 77.264123161508806, 28.652880856525183 ], [ 77.265662191015281, 28.649700761230971 ], [ 77.265485173064306, 28.650101669880492 ], [ 77.264123161508806, 28.652880856525183 ] ], [ [ 77.264560092502634, 28.643189408164879 ], [ 77.2644821633139, 28.643171041422995 ], [ 77.264464388330566, 28.64307419816808 ], [ 77.264560092502634, 28.643189408164879 ] ], [ [ 77.259357647481636, 28.631805303396312 ], [ 77.259219557120119, 28.631696434657204 ], [ 77.258682055195777, 28.63048493036769 ], [ 77.259357647481636, 28.631805303396312 ] ], [ [ 77.258366353670624, 28.629773353841912 ], [ 77.258311581931494, 28.6296499008943 ], [ 77.258356402137309, 28.628877717680204 ], [ 77.258366353670624, 28.629773353841912 ] ], [ [ 77.241614226059312, 28.663731528918767 ], [ 77.242836342719698, 28.662920993489699 ], [ 77.242949729326398, 28.662891107474668 ], [ 77.241614226059312, 28.663731528918767 ] ], [ [ 77.232251554586298, 28.723333202022395 ], [ 77.236593085913796, 28.722601616698292 ], [ 77.236596743749914, 28.722617531498518 ], [ 77.232251554586298, 28.723333202022395 ] ], [ [ 77.234480018405606, 28.719914064957205 ], [ 77.233944040658869, 28.720061881608373 ], [ 77.234474484676255, 28.719900563477069 ], [ 77.234480018405606, 28.719914064957205 ] ], [ [ 77.230842664215913, 28.681590258719428 ], [ 77.230832304132903, 28.681288409788689 ], [ 77.2328545929971, 28.673888036817097 ], [ 77.230842664215913, 28.681590258719428 ] ], [ [ 77.233613355062658, 28.717799534739708 ], [ 77.232164035278061, 28.714306831223055 ], [ 77.232181796852004, 28.714306744697101 ], [ 77.233613355062658, 28.717799534739708 ] ], [ [ 77.230204786607999, 28.72642497004659 ], [ 77.232099614428094, 28.720622806763789 ], [ 77.232127033405121, 28.720614468130506 ], [ 77.230204786607999, 28.72642497004659 ] ], [ [ 77.230135512546994, 28.728014879345004 ], [ 77.230810011802902, 28.7306081142967 ], [ 77.232113549322307, 28.735674792120101 ], [ 77.230135512546994, 28.728014879345004 ] ], [ [ 77.229890856352299, 28.699108633446329 ], [ 77.229816560716202, 28.6987730486881 ], [ 77.2301435536897, 28.696579661247299 ], [ 77.229890856352299, 28.699108633446329 ] ], [ [ 77.22811124102121, 28.726655468957496 ], [ 77.228118795001393, 28.726566298373005 ], [ 77.228643823399196, 28.726100870493294 ], [ 77.22811124102121, 28.726655468957496 ] ], [ [ 77.2209144477725, 28.645242833288698 ], [ 77.22151624310537, 28.65017975530116 ], [ 77.221516243105356, 28.65017975530116 ], [ 77.2209144477725, 28.645242833288698 ] ], [ [ 77.217259953140797, 28.663753866247195 ], [ 77.217876048298393, 28.665239580219591 ], [ 77.218567428373206, 28.666906792976508 ], [ 77.217259953140797, 28.663753866247195 ] ], [ [ 77.215983886516995, 28.665969654054209 ], [ 77.215941428907016, 28.665986035946297 ], [ 77.215447995885953, 28.666057129045647 ], [ 77.215983886516995, 28.665969654054209 ] ], [ [ 77.210275329844293, 28.666039067592102 ], [ 77.209896793065923, 28.666070775624103 ], [ 77.214686073375304, 28.664306819263395 ], [ 77.210275329844293, 28.666039067592102 ] ], [ [ 77.209279557381038, 28.668820282935688 ], [ 77.213378185226702, 28.666394990279301 ], [ 77.213502178671376, 28.666374750467497 ], [ 77.209279557381038, 28.668820282935688 ] ], [ [ 77.208159456843106, 28.669870577443994 ], [ 77.208599248656483, 28.669458193992014 ], [ 77.20834029944956, 28.669902414409162 ], [ 77.208159456843106, 28.669870577443994 ] ], [ [ 77.208604447632069, 28.683765512976816 ], [ 77.208680021969599, 28.683814402936797 ], [ 77.20856366249474, 28.683812007934357 ], [ 77.208604447632069, 28.683765512976816 ] ], [ [ 77.2078822478869, 28.6706252182525 ], [ 77.207976588028131, 28.670526351594592 ], [ 77.20787422597175, 28.670701950956019 ], [ 77.2078822478869, 28.6706252182525 ] ], [ [ 77.206942783172053, 28.665855577656458 ], [ 77.207022858979499, 28.6658890409214 ], [ 77.207570400432004, 28.666265645280895 ], [ 77.206942783172053, 28.665855577656458 ] ], [ [ 77.205323757450401, 28.67932463747259 ], [ 77.205720083506264, 28.678705399673831 ], [ 77.205717222475897, 28.678712503565993 ], [ 77.205323757450401, 28.67932463747259 ] ], [ [ 77.207366371221198, 28.779970098359698 ], [ 77.206215576682695, 28.783584055672932 ], [ 77.206208763076702, 28.783530342434503 ], [ 77.207366371221198, 28.779970098359698 ] ], [ [ 77.204819285031206, 28.682947025510995 ], [ 77.205342311023855, 28.684203821444587 ], [ 77.205326456318986, 28.68421302033267 ], [ 77.204819285031206, 28.682947025510995 ] ], [ [ 77.204997101979203, 28.681416720553969 ], [ 77.204737126891601, 28.680597053142588 ], [ 77.205007916471999, 28.681409944296803 ], [ 77.204997101979203, 28.681416720553969 ] ], [ [ 77.204410481477694, 28.679567327740102 ], [ 77.204426262898238, 28.679563134049165 ], [ 77.204378990555298, 28.680561417750095 ], [ 77.204410481477694, 28.679567327740102 ] ], [ [ 77.2031806728871, 28.6722891307551 ], [ 77.203045071703613, 28.67218344477012 ], [ 77.203446724436859, 28.672265408364897 ], [ 77.2031806728871, 28.6722891307551 ] ], [ [ 77.201590080234894, 28.656124225572601 ], [ 77.199495506298305, 28.654134529307086 ], [ 77.201622974252359, 28.656096576217713 ], [ 77.201590080234894, 28.656124225572601 ] ], [ [ 77.199785458647696, 28.760121505713677 ], [ 77.203269492085795, 28.759866577932193 ], [ 77.198839128295504, 28.760210919832797 ], [ 77.199785458647696, 28.760121505713677 ] ], [ [ 77.201318328594397, 28.670837641277682 ], [ 77.201173174479393, 28.670724509849002 ], [ 77.201177249975828, 28.670586441560229 ], [ 77.201318328594397, 28.670837641277682 ] ], [ [ 77.200337694364222, 28.669123181528331 ], [ 77.200358721765497, 28.669128998488798 ], [ 77.200412808653539, 28.66922530373429 ], [ 77.200337694364222, 28.669123181528331 ] ], [ [ 77.199615400384602, 28.670756125645699 ], [ 77.198336194128927, 28.670350530667573 ], [ 77.199182009297303, 28.670415534285304 ], [ 77.199615400384602, 28.670756125645699 ] ], [ [ 77.198279073772596, 28.754324987625907 ], [ 77.199066133696604, 28.757197783193508 ], [ 77.197246120942395, 28.751729263206947 ], [ 77.198279073772596, 28.754324987625907 ] ], [ [ 77.197122994131803, 28.738320073865001 ], [ 77.196986541290514, 28.738235311099956 ], [ 77.1983242245376, 28.737348325943298 ], [ 77.197122994131803, 28.738320073865001 ] ], [ [ 77.1932101652624, 28.660898776388301 ], [ 77.193252494501962, 28.660390602065458 ], [ 77.194382844869907, 28.664524889683296 ], [ 77.1932101652624, 28.660898776388301 ] ], [ [ 77.194382844869907, 28.664524889683296 ], [ 77.196009779251881, 28.667623103676249 ], [ 77.195989877359594, 28.667627694442693 ], [ 77.194382844869907, 28.664524889683296 ] ], [ [ 77.196518667020996, 28.743109328422101 ], [ 77.196364088377862, 28.74907905501648 ], [ 77.196317644957901, 28.748939508318394 ], [ 77.196518667020996, 28.743109328422101 ] ], [ [ 77.1929160987941, 28.736936173475208 ], [ 77.196136402260535, 28.735047563159771 ], [ 77.192193893484117, 28.737687523530873 ], [ 77.1929160987941, 28.736936173475208 ] ], [ [ 77.195774231350299, 28.755579510552799 ], [ 77.193986564504797, 28.752690614184807 ], [ 77.196121369132499, 28.755805080517447 ], [ 77.195774231350299, 28.755579510552799 ] ], [ [ 77.195276500704395, 28.733567152847201 ], [ 77.194952754326593, 28.732624674248999 ], [ 77.195282574669321, 28.733575366786248 ], [ 77.195276500704395, 28.733567152847201 ] ], [ [ 77.193118099382929, 28.658138450136114 ], [ 77.192448040443594, 28.656440058275699 ], [ 77.193085073336306, 28.657585009838897 ], [ 77.193118099382929, 28.658138450136114 ] ], [ [ 77.188760128495105, 28.641945917664899 ], [ 77.191572680941306, 28.640646527787094 ], [ 77.188134364344648, 28.642500453133245 ], [ 77.188760128495105, 28.641945917664899 ] ], [ [ 77.189480165863102, 28.635444217626496 ], [ 77.191414618983003, 28.639118027815687 ], [ 77.191424220356438, 28.639210875577351 ], [ 77.189480165863102, 28.635444217626496 ] ], [ [ 77.189769482286394, 28.740209772347399 ], [ 77.190906372304298, 28.739027002896055 ], [ 77.189187604766815, 28.741177448303034 ], [ 77.189769482286394, 28.740209772347399 ] ], [ [ 77.187527168199907, 28.643038534131101 ], [ 77.187582171445356, 28.642989791724794 ], [ 77.187533216432627, 28.643159255241059 ], [ 77.187527168199907, 28.643038534131101 ] ], [ [ 77.189266830939701, 28.742979818805413 ], [ 77.189113213778697, 28.741301162260193 ], [ 77.189158772859173, 28.74122539644133 ], [ 77.189266830939701, 28.742979818805413 ] ], [ [ 77.184708022243001, 28.744688059456099 ], [ 77.184265932981404, 28.745147546734803 ], [ 77.185311919214001, 28.744052407795699 ], [ 77.184708022243001, 28.744688059456099 ] ], [ [ 77.183022416248505, 28.674176782137 ], [ 77.183627858878722, 28.673804487341734 ], [ 77.1836425732821, 28.673859158930203 ], [ 77.183022416248505, 28.674176782137 ] ] ] } },
{ "type": "Feature", "properties": { "district": "East" }, "geometry": { "type": "Polygon", "coordinates": [ [ [ 77.282039931865896, 28.619400556114289 ], [ 77.280925583893307, 28.618163771122092 ], [ 77.279222563351695, 28.6197354439078 ], [ 77.269894655321593, 28.633009702975599 ], [ 77.270335278914601, 28.636382642252602 ], [ 77.269600724293298, 28.638586433643798 ], [ 77.271244090092495, 28.6396307507693 ], [ 77.271779030184604, 28.641851453118701 ], [ 77.272518538659796, 28.641886790137391 ], [ 77.273348940305993, 28.6429996249779 ], [ 77.271897108806996, 28.643814162580497 ], [ 77.272017434565313, 28.647512350493201 ], [ 77.269936715178204, 28.647834849357093 ], [ 77.270693400214199, 28.649735146370901 ], [ 77.272081574520001, 28.650984251923713 ], [ 77.2774768967911, 28.652423414633311 ], [ 77.277348914035812, 28.653805685265404 ], [ 77.2804084356479, 28.655297855140599 ], [ 77.285753430105302, 28.656723268414584 ], [ 77.287835163467605, 28.657920440192502 ], [ 77.289216984266105, 28.657874340608597 ], [ 77.293395204881705, 28.653752054799 ], [ 77.296850294611204, 28.648341256336089 ], [ 77.301706303720707, 28.643765021301999 ], [ 77.309035085816404, 28.642119349958993 ], [ 77.311233317596503, 28.641131968951012 ], [ 77.31200419599746, 28.639566120479465 ], [ 77.311496133301603, 28.641329399514298 ], [ 77.315365540077195, 28.640010523468295 ], [ 77.316280400563798, 28.641201426889491 ], [ 77.323697569297096, 28.634317608760188 ], [ 77.324652189368805, 28.634650081623199 ], [ 77.325994725748998, 28.633383717422504 ], [ 77.329596400016399, 28.631980836462791 ], [ 77.339703554735095, 28.624164103611601 ], [ 77.340331071080897, 28.622532511384701 ], [ 77.342562688904195, 28.621973389747808 ], [ 77.341490069370906, 28.617437595818892 ], [ 77.3424162042798, 28.608884893015691 ], [ 77.341676229054301, 28.6060562616479 ], [ 77.339125364525799, 28.603330462779095 ], [ 77.336766996507293, 28.6018141699819 ], [ 77.328356821711907, 28.600155402276801 ], [ 77.325169315205201, 28.598051687038708 ], [ 77.319775746588803, 28.597754821355899 ], [ 77.318874310262601, 28.597138800166199 ], [ 77.312208021590706, 28.596448457519788 ], [ 77.313293147741803, 28.596452949446498 ], [ 77.310509709001593, 28.590870663565802 ], [ 77.303196187754097, 28.583838984705501 ], [ 77.290172457024795, 28.602933238437188 ], [ 77.291621454540007, 28.603347543648201 ], [ 77.290313513289902, 28.603005801183691 ], [ 77.288288638854596, 28.607428859696093 ], [ 77.280924829493898, 28.618128250183588 ], [ 77.282001148077597, 28.619356201378501 ], [ 77.285556820805098, 28.614983351738999 ], [ 77.282039931865896, 28.619400556114289 ] ], [ [ 77.282039931865896, 28.619400556114289 ], [ 77.286353936011395, 28.621107042690493 ], [ 77.286352688031798, 28.621112379210416 ], [ 77.282039931865896, 28.619400556114289 ] ], [ [ 77.291621454540007, 28.603347543648201 ], [ 77.291635868125411, 28.603338533055702 ], [ 77.291602608961099, 28.603391948068424 ], [ 77.291621454540007, 28.603347543648201 ] ], [ [ 77.326697505339567, 28.616061770271521 ], [ 77.326736601141803, 28.616131040054608 ], [ 77.326534759899545, 28.61890886111474 ], [ 77.326697505339567, 28.616061770271521 ] ], [ [ 77.326847436843494, 28.627707269312399 ], [ 77.323932716723618, 28.625756676474719 ], [ 77.325664494199202, 28.622895694332591 ], [ 77.324037114579497, 28.625712136610094 ], [ 77.326847436843494, 28.627707269312399 ] ], [ [ 77.326168237923596, 28.615124016421294 ], [ 77.323032345837603, 28.615581821023898 ], [ 77.326170551030842, 28.615115305621632 ], [ 77.326168237923596, 28.615124016421294 ] ], [ [ 77.319094037811595, 28.614921640495602 ], [ 77.318711041755023, 28.614825322261822 ], [ 77.322126251723617, 28.614658154019295 ], [ 77.319094037811595, 28.614921640495602 ] ], [ [ 77.320056597822699, 28.625284329675285 ], [ 77.321662925065795, 28.624264790726802 ], [ 77.321691837115978, 28.624283811135218 ], [ 77.320056597822699, 28.625284329675285 ] ], [ [ 77.307862857110365, 28.611908440140258 ], [ 77.317312875143514, 28.614473702613953 ], [ 77.308084138076623, 28.612152802335714 ], [ 77.307862857110365, 28.611908440140258 ] ], [ [ 77.313744324110303, 28.637315049128699 ], [ 77.313742201999261, 28.637317339618743 ], [ 77.312643312421301, 28.635618123080008 ], [ 77.313744324110303, 28.637315049128699 ] ], [ [ 77.31239590718836, 28.638770456249187 ], [ 77.312408097486198, 28.6387456946795 ], [ 77.312695741190382, 28.638446831905398 ], [ 77.31239590718836, 28.638770456249187 ] ], [ [ 77.304938554614296, 28.630065953323001 ], [ 77.303243953520294, 28.627420992928105 ], [ 77.304951671829613, 28.630029794113693 ], [ 77.307600375243894, 28.631302730346498 ], [ 77.304938554614296, 28.630065953323001 ] ], [ [ 77.304840666253, 28.609045746116301 ], [ 77.301814746325505, 28.604401453332404 ], [ 77.304954866202721, 28.609153919136808 ], [ 77.304840666253, 28.609045746116301 ] ], [ [ 77.297076175572116, 28.615600306784344 ], [ 77.298241425926918, 28.616872938748998 ], [ 77.298196561386661, 28.616884885441404 ], [ 77.297076175572116, 28.615600306784344 ] ], [ [ 77.295842596603407, 28.605558300722493 ], [ 77.293896756805495, 28.604637631032301 ], [ 77.296070754631202, 28.605583665002499 ], [ 77.296666350433796, 28.606229415430803 ], [ 77.295839859752306, 28.605564504417394 ], [ 77.291592984470697, 28.611173025484401 ], [ 77.295842596603407, 28.605558300722493 ] ], [ [ 77.292711939749097, 28.618217591001795 ], [ 77.296669416358782, 28.61729153915508 ], [ 77.296236245465195, 28.6174068854708 ], [ 77.292711939749097, 28.618217591001795 ] ], [ [ 77.292823970172194, 28.6025959180668 ], [ 77.292156773306502, 28.603701113462893 ], [ 77.292816832472468, 28.602600258144683 ], [ 77.292823970172194, 28.6025959180668 ] ], [ [ 77.292782972508718, 28.639516899791303 ], [ 77.292831125294555, 28.639562929527084 ], [ 77.290915650431174, 28.638524548873662 ], [ 77.292782972508718, 28.639516899791303 ] ], [ [ 77.290123846336527, 28.605702069488547 ], [ 77.290486680466898, 28.605184155898836 ], [ 77.290221285330801, 28.605610386829895 ], [ 77.290123846336527, 28.605702069488547 ] ], [ [ 77.287694920079005, 28.636812956235804 ], [ 77.288301829997224, 28.63713548635608 ], [ 77.285265159130105, 28.635795480472826 ], [ 77.287694920079005, 28.636812956235804 ] ], [ [ 77.283525120845198, 28.630633879363366 ], [ 77.284813357090997, 28.627694754621409 ], [ 77.284627373164994, 28.628490045607194 ], [ 77.283525120845198, 28.630633879363366 ] ], [ [ 77.282538164573594, 28.632553467222596 ], [ 77.28132939685085, 28.634058728338633 ], [ 77.283147451518062, 28.631368430098814 ], [ 77.282538164573594, 28.632553467222596 ] ], [ [ 77.272872703599504, 28.630932802903789 ], [ 77.275432318598007, 28.631608317913301 ], [ 77.275660939422764, 28.631706774213356 ], [ 77.272872703599504, 28.630932802903789 ] ] ] } },
{ "type": "Feature", "properties": { "district": "New Delhi" }, "geometry": { "type": "Polygon", "coordinates": [ [ [ 77.065195484711907, 28.564161445859508 ], [ 77.065123841656998, 28.569691708424397 ], [ 77.067488069043705, 28.572501721993302 ], [ 77.067821539724207, 28.573759876871588 ], [ 77.068909324592198, 28.573929147172386 ], [ 77.069460746356995, 28.574927912675399 ], [ 77.075707191545206, 28.5734593040969 ], [ 77.081482295622848, 28.570978330994944 ], [ 77.096101105298914, 28.587998458664799 ], [ 77.096208175493103, 28.591487274463496 ], [ 77.099336345126503, 28.5909274871401 ], [ 77.100976430577404, 28.589939366058804 ], [ 77.1007169258326, 28.588813253251001 ], [ 77.1045259314741, 28.5872054661932 ], [ 77.106150877387904, 28.589342785530199 ], [ 77.104279898865698, 28.5915164575418 ], [ 77.105530779986296, 28.595168865250798 ], [ 77.103361771577497, 28.597237406202598 ], [ 77.099696068636504, 28.598764592404095 ], [ 77.100330643738999, 28.599887748144599 ], [ 77.098825814940497, 28.601019861615601 ], [ 77.101931963541404, 28.605016618334702 ], [ 77.101946270195796, 28.606336917003901 ], [ 77.102770488596505, 28.606259741265699 ], [ 77.103941903562003, 28.612761009483894 ], [ 77.115306338221899, 28.618184822145697 ], [ 77.116371502677296, 28.6200641796116 ], [ 77.115751087402003, 28.620550503147491 ], [ 77.118242748122796, 28.627305346839098 ], [ 77.119329769935703, 28.628077768753396 ], [ 77.121956016887594, 28.627708793553701 ], [ 77.122649156592317, 28.628627416598501 ], [ 77.121987604659296, 28.629099337114202 ], [ 77.122520078059694, 28.630459751238604 ], [ 77.121960955895403, 28.631719489677593 ], [ 77.125273268863893, 28.638940367814701 ], [ 77.129558505024804, 28.639407449306901 ], [ 77.133901662766405, 28.640973741820797 ], [ 77.136290170978299, 28.641030382898602 ], [ 77.145624966357005, 28.638196691278797 ], [ 77.147083166994705, 28.640205481483193 ], [ 77.1496803873045, 28.6372531755006 ], [ 77.153226233657719, 28.6394919429179 ], [ 77.161690079078298, 28.632998179117791 ], [ 77.165494031034797, 28.627957546945488 ], [ 77.172655840901399, 28.629988002908497 ], [ 77.176656726953496, 28.630103155438704 ], [ 77.177810751898306, 28.627038551022601 ], [ 77.1816829316232, 28.623664576664897 ], [ 77.181273717970797, 28.623235327148048 ], [ 77.186308015510406, 28.6269964272003 ], [ 77.188642394488994, 28.629593415251399 ], [ 77.190464269276006, 28.634097960157689 ], [ 77.194899208405005, 28.638591729067493 ], [ 77.196437268005894, 28.640989427611402 ], [ 77.198018488945394, 28.643981911791105 ], [ 77.198271083395198, 28.646039527687897 ], [ 77.1989242391235, 28.645234914488899 ], [ 77.204380180998896, 28.642998781529599 ], [ 77.204587280597906, 28.642414954422289 ], [ 77.218222639882796, 28.634370654766595 ], [ 77.219670830034005, 28.635472163013599 ], [ 77.222722722543807, 28.635228641671198 ], [ 77.223632690738, 28.636394550273497 ], [ 77.224586036448002, 28.635039636729701 ], [ 77.243824213386702, 28.625004859383299 ], [ 77.246751370304395, 28.621523212200898 ], [ 77.249216927127193, 28.614181640906988 ], [ 77.252636509411303, 28.612917105183691 ], [ 77.255682798371893, 28.613592626450501 ], [ 77.256066021500402, 28.6086681787116 ], [ 77.250387554699103, 28.607654598115595 ], [ 77.245541487046296, 28.605514430009599 ], [ 77.242587033372402, 28.608175426318294 ], [ 77.233147418737403, 28.602498083240899 ], [ 77.233374132510605, 28.595091169382197 ], [ 77.235505573314299, 28.592097834037098 ], [ 77.212089897159004, 28.589370100309893 ], [ 77.212217686012394, 28.588066353045601 ], [ 77.206095048412394, 28.587461936362391 ], [ 77.203256720577997, 28.58825275939251 ], [ 77.201628747415697, 28.5907988748036 ], [ 77.200494588183901, 28.591493154808699 ], [ 77.200159614847493, 28.587410530351502 ], [ 77.202137598879602, 28.580812572653002 ], [ 77.189199485075207, 28.581786277469899 ], [ 77.210174924938102, 28.580174849346101 ], [ 77.206048568611607, 28.565713400933102 ], [ 77.205879763272307, 28.562075842554204 ], [ 77.204225676999897, 28.563582337359492 ], [ 77.202415722756101, 28.562452583914304 ], [ 77.200843870317811, 28.562344813925701 ], [ 77.198991670315607, 28.569242564811596 ], [ 77.193434559422599, 28.56508359164469 ], [ 77.193083401054096, 28.563246963274306 ], [ 77.192363323348516, 28.562606579886598 ], [ 77.190963856931205, 28.562306244858103 ], [ 77.187750249894094, 28.562927206104799 ], [ 77.188107997797971, 28.563406494910488 ], [ 77.186532726246995, 28.562188783816406 ], [ 77.183178365731095, 28.560908121313094 ], [ 77.181280680818702, 28.55864943242619 ], [ 77.184175463904197, 28.557597945079795 ], [ 77.182361276894596, 28.556660448428001 ], [ 77.1816493666432, 28.555351602652493 ], [ 77.183740145042705, 28.55502606575779 ], [ 77.182913239570695, 28.551596547808394 ], [ 77.181139971378201, 28.548725120642501 ], [ 77.176215158296003, 28.547982718477794 ], [ 77.169594503455201, 28.547956112475205 ], [ 77.164488160111901, 28.545580109934193 ], [ 77.156382164201105, 28.545877972887901 ], [ 77.160268582109197, 28.545433953666496 ], [ 77.170412657388397, 28.5402426969397 ], [ 77.174886244566295, 28.535932102971003 ], [ 77.169502584387601, 28.533384243994799 ], [ 77.1640255779743, 28.526389678249195 ], [ 77.159471954756299, 28.525802388356599 ], [ 77.156213733126904, 28.521256472997099 ], [ 77.147120854191201, 28.523487903815198 ], [ 77.139402361788498, 28.523409563053594 ], [ 77.134187650909794, 28.524036633772301 ], [ 77.133390852708402, 28.520904382705993 ], [ 77.131176864346003, 28.517852969032102 ], [ 77.129505071645113, 28.506200251604646 ], [ 77.129696310080803, 28.506703006055691 ], [ 77.136712236832594, 28.504344226390987 ], [ 77.140867989558501, 28.5006515241888 ], [ 77.143374952086404, 28.497489531938005 ], [ 77.147539636748803, 28.499722096324007 ], [ 77.149376199142196, 28.499998811698404 ], [ 77.150003280269203, 28.499506011283998 ], [ 77.14780261131952, 28.4924124657459 ], [ 77.145194312407398, 28.488342558677395 ], [ 77.144396854612296, 28.4839322097381 ], [ 77.137303541917404, 28.48669772979289 ], [ 77.132658909513296, 28.487602222135497 ], [ 77.127053006670096, 28.486956404443099 ], [ 77.118565273594996, 28.488052482856993 ], [ 77.120721220891696, 28.495915153969612 ], [ 77.116970622673605, 28.496356365215206 ], [ 77.095921472652805, 28.506523707558397 ], [ 77.098527713904105, 28.511041906113793 ], [ 77.099685009264206, 28.510987953209195 ], [ 77.100943469570595, 28.514158871049307 ], [ 77.103596164629593, 28.51812350685319 ], [ 77.100872695745693, 28.520913254696207 ], [ 77.099856148851003, 28.521305782501084 ], [ 77.086972074708001, 28.531224686153799 ], [ 77.085578865112495, 28.53176226626509 ], [ 77.0867166364404, 28.535273111478801 ], [ 77.088916020623515, 28.538528187698802 ], [ 77.093752587610311, 28.537862974631594 ], [ 77.079188264639896, 28.540642596331796 ], [ 77.075674138570506, 28.542511773943197 ], [ 77.071307286578104, 28.543788757710008 ], [ 77.071100240829509, 28.547532704416799 ], [ 77.070539544948304, 28.548198081319999 ], [ 77.061176938051801, 28.552609470015501 ], [ 77.050629380784898, 28.558901582592796 ], [ 77.058765639112096, 28.571460510660604 ], [ 77.065110730039507, 28.569873777246698 ], [ 77.065195484711907, 28.564161445859508 ] ], [ [ 77.099856148851003, 28.521305782501084 ], [ 77.103513603684021, 28.524541225371696 ], [ 77.103019308028607, 28.524365669102401 ], [ 77.099856148851003, 28.521305782501084 ] ], [ [ 77.093752587610311, 28.537862974631594 ], [ 77.102632124082191, 28.537654505383184 ], [ 77.102631711870202, 28.537655225788694 ], [ 77.093752587610311, 28.537862974631594 ] ], [ [ 77.065195484711907, 28.564161445859508 ], [ 77.061985404924656, 28.564369099357133 ], [ 77.067662548108501, 28.561624064724196 ], [ 77.062237806375407, 28.564266282508399 ], [ 77.065195484711907, 28.564161445859508 ] ], [ [ 77.189236904041394, 28.564918934590199 ], [ 77.189254087409836, 28.565334402098461 ], [ 77.188978301310371, 28.56457247443555 ], [ 77.189236904041394, 28.564918934590199 ] ], [ [ 77.179948719443161, 28.581051578531401 ], [ 77.17934478624295, 28.581114243546104 ], [ 77.179539346499794, 28.581034504527199 ], [ 77.179948719443161, 28.581051578531401 ] ], [ [ 77.168582826151905, 28.5846388666873 ], [ 77.168581296861845, 28.584653160852628 ], [ 77.168056674783017, 28.582964962949319 ], [ 77.168582826151905, 28.5846388666873 ] ], [ [ 77.166410154774255, 28.57772670612755 ], [ 77.166124443442769, 28.577181008074071 ], [ 77.166379649748905, 28.577629657105199 ], [ 77.166410154774255, 28.57772670612755 ] ], [ [ 77.164767922951853, 28.560370160539385 ], [ 77.163030965467101, 28.5572384547369 ], [ 77.162445676139825, 28.556605554671442 ], [ 77.163024521575196, 28.557199876630602 ], [ 77.164767922951853, 28.560370160539385 ] ], [ [ 77.161585685098643, 28.62028216771348 ], [ 77.164819524744303, 28.623316021291 ], [ 77.161669505917899, 28.620430398503402 ], [ 77.161585685098643, 28.62028216771348 ] ], [ [ 77.161703231567415, 28.555802715465994 ], [ 77.161623223116138, 28.555588758416967 ], [ 77.161724448387588, 28.555825658182098 ], [ 77.161703231567415, 28.555802715465994 ] ], [ [ 77.160179631457794, 28.551728333596106 ], [ 77.159841237354641, 28.547229229892601 ], [ 77.160483581099172, 28.552541149833345 ], [ 77.160179631457794, 28.551728333596106 ] ], [ [ 77.157785291928178, 28.613702367497194 ], [ 77.157785558883447, 28.61370283177909 ], [ 77.155362816774499, 28.615423083560604 ], [ 77.157785291928178, 28.613702367497194 ] ], [ [ 77.156107547970862, 28.57394974053684 ], [ 77.154271343792431, 28.574774359381685 ], [ 77.156021689439996, 28.573966871767404 ], [ 77.156107547970862, 28.57394974053684 ] ], [ [ 77.149596203291296, 28.576873912908908 ], [ 77.149516732963463, 28.576858306283821 ], [ 77.149654116543886, 28.576847904712199 ], [ 77.149596203291296, 28.576873912908908 ] ], [ [ 77.148876011316162, 28.542765759939577 ], [ 77.148951572995102, 28.543444007585201 ], [ 77.148857635571929, 28.543961313023178 ], [ 77.148876011316162, 28.542765759939577 ] ], [ [ 77.14812366165846, 28.538029007271742 ], [ 77.148424274587896, 28.538710935104092 ], [ 77.148493893981282, 28.53933584432156 ], [ 77.14812366165846, 28.538029007271742 ] ], [ [ 77.147909300757149, 28.549183712575243 ], [ 77.147909152141693, 28.549184530987894 ], [ 77.147905597200634, 28.54918767734361 ], [ 77.147909300757149, 28.549183712575243 ] ], [ [ 77.146799158780496, 28.576324620786927 ], [ 77.144138594814706, 28.575802131130164 ], [ 77.145549526412196, 28.5759600527809 ], [ 77.146799158780496, 28.576324620786927 ] ], [ [ 77.145246700164364, 28.551540975408543 ], [ 77.144673425216496, 28.552048361293402 ], [ 77.14361775365974, 28.552599519022376 ], [ 77.145246700164364, 28.551540975408543 ] ], [ [ 77.145164397429014, 28.564304921847409 ], [ 77.145219034900776, 28.564303543730396 ], [ 77.145067887415621, 28.56439406857535 ], [ 77.145164397429014, 28.564304921847409 ] ], [ [ 77.143248130430393, 28.575702463927492 ], [ 77.141092226699811, 28.576425689646641 ], [ 77.142879492103205, 28.575661203264499 ], [ 77.143248130430393, 28.575702463927492 ] ], [ [ 77.141413182768304, 28.566620460965591 ], [ 77.141651148369448, 28.56649720751318 ], [ 77.141199637970288, 28.566881646830605 ], [ 77.141413182768304, 28.566620460965591 ] ], [ [ 77.136969207214406, 28.570333651691609 ], [ 77.138421204980943, 28.569247348448794 ], [ 77.136668065219382, 28.57074006235867 ], [ 77.136969207214406, 28.570333651691609 ] ], [ [ 77.137170921177798, 28.538846415588704 ], [ 77.137222555180841, 28.53887373768627 ], [ 77.13395536834966, 28.538536931303078 ], [ 77.137170921177798, 28.538846415588704 ] ], [ [ 77.136814261560502, 28.5551905689546 ], [ 77.135479580014021, 28.5553332978564 ], [ 77.134204304383658, 28.555115567702654 ], [ 77.136814261560502, 28.5551905689546 ] ], [ [ 77.135751783952799, 28.571976643396592 ], [ 77.136406496634763, 28.571093066139998 ], [ 77.136515254887101, 28.571310012415299 ], [ 77.135751783952799, 28.571976643396592 ] ], [ [ 77.136530992470597, 28.581392043872693 ], [ 77.136571640096989, 28.581299550169401 ], [ 77.136575301632604, 28.582338448943592 ], [ 77.136530992470597, 28.581392043872693 ] ], [ [ 77.128749914255295, 28.53939740025589 ], [ 77.132918569680299, 28.53843714351769 ], [ 77.132944880621167, 28.538439675842049 ], [ 77.128749914255295, 28.53939740025589 ] ], [ [ 77.132432194904297, 28.555064643330894 ], [ 77.132552074862062, 28.555068088271291 ], [ 77.127270345444302, 28.556135800358803 ], [ 77.132432194904297, 28.555064643330894 ] ], [ [ 77.128021172675503, 28.520843796393201 ], [ 77.130630136336606, 28.519304203585101 ], [ 77.130652771881088, 28.519299644741466 ], [ 77.128021172675503, 28.520843796393201 ] ], [ [ 77.124388600363204, 28.496517564382405 ], [ 77.122992077882969, 28.496196243555826 ], [ 77.1262256279594, 28.4965565180112 ], [ 77.124388600363204, 28.496517564382405 ] ], [ [ 77.1262256279594, 28.4965565180112 ], [ 77.127577578733806, 28.498645662774695 ], [ 77.129159784474396, 28.501929460773297 ], [ 77.1262256279594, 28.4965565180112 ] ], [ [ 77.115713522681915, 28.529538260835711 ], [ 77.121243819141796, 28.523795124109604 ], [ 77.116018663985898, 28.529419018467902 ], [ 77.115713522681915, 28.529538260835711 ] ], [ [ 77.122788606536332, 28.602849116129381 ], [ 77.122794883000196, 28.602866861350194 ], [ 77.12278645421766, 28.602871870913297 ], [ 77.122788606536332, 28.602849116129381 ] ], [ [ 77.1227309293334, 28.605514280684702 ], [ 77.122776694454132, 28.605511285568873 ], [ 77.120955221174896, 28.608079211499703 ], [ 77.1227309293334, 28.605514280684702 ] ], [ [ 77.121950016800611, 28.600840053280876 ], [ 77.122163230822608, 28.601081013844901 ], [ 77.122272713647263, 28.601390550701137 ], [ 77.121950016800611, 28.600840053280876 ] ], [ [ 77.119283326137406, 28.610182453711506 ], [ 77.120740573449396, 28.609340379919995 ], [ 77.119230514643405, 28.610281357372045 ], [ 77.119283326137406, 28.610182453711506 ] ], [ [ 77.114800316764203, 28.550039135494899 ], [ 77.110187848978697, 28.552927465296708 ], [ 77.109238309502047, 28.55340128342073 ], [ 77.114800316764203, 28.550039135494899 ] ], [ [ 77.114800316764203, 28.550039135494899 ], [ 77.11214287795498, 28.54622377139269 ], [ 77.116445598224004, 28.543839307503401 ], [ 77.112183386004602, 28.546252085448202 ], [ 77.114800316764203, 28.550039135494899 ] ], [ [ 77.113028409816692, 28.529480924631894 ], [ 77.112929348718396, 28.52947559319184 ], [ 77.106793505334807, 28.525706130001492 ], [ 77.113028409816692, 28.529480924631894 ] ], [ [ 77.108894794799298, 28.553572696506798 ], [ 77.108513817115593, 28.5537628035385 ], [ 77.104981851464302, 28.554679114276595 ], [ 77.108894794799298, 28.553572696506798 ] ], [ [ 77.106329322957805, 28.603043769692295 ], [ 77.107118568448897, 28.601624386891597 ], [ 77.108234418754904, 28.599672843919898 ], [ 77.106329322957805, 28.603043769692295 ] ], [ [ 77.106514420380165, 28.533298706385022 ], [ 77.103733682303854, 28.535982359414017 ], [ 77.104054069105814, 28.535494069051293 ], [ 77.106514420380165, 28.533298706385022 ] ], [ [ 77.09735419954481, 28.558697474192201 ], [ 77.094685168599, 28.560847980433703 ], [ 77.094448182425282, 28.560951860928853 ], [ 77.09735419954481, 28.558697474192201 ] ], [ [ 77.090842718916633, 28.562983426509213 ], [ 77.091396884355404, 28.562715933091198 ], [ 77.090989124789957, 28.563115929921455 ], [ 77.090842718916633, 28.562983426509213 ] ], [ [ 77.087002404472813, 28.564062174607894 ], [ 77.088874589820406, 28.563639127200101 ], [ 77.090368518907994, 28.563724721 ], [ 77.088429081477599, 28.563814901654606 ], [ 77.087002404472813, 28.564062174607894 ] ], [ [ 77.088498842479424, 28.564773243565 ], [ 77.088508030903597, 28.564899469561599 ], [ 77.084718498319205, 28.567734317415194 ], [ 77.088498842479424, 28.564773243565 ] ], [ [ 77.084219907782298, 28.563948502718397 ], [ 77.086342873996415, 28.564176485028639 ], [ 77.086181918011107, 28.564204382066094 ], [ 77.084219907782298, 28.563948502718397 ] ], [ [ 77.084382318270201, 28.568926028743096 ], [ 77.083381244037298, 28.569862948049401 ], [ 77.082722889556067, 28.570249644894304 ], [ 77.084382318270201, 28.568926028743096 ] ], [ [ 77.083100296002499, 28.554340170654388 ], [ 77.081747406885427, 28.553122350548044 ], [ 77.081852307440599, 28.553127647684907 ], [ 77.083100296002499, 28.554340170654388 ] ], [ [ 77.078946520087797, 28.5530213909929 ], [ 77.078740276521813, 28.552970500245031 ], [ 77.079421310146387, 28.553004890228088 ], [ 77.078946520087797, 28.5530213909929 ] ], [ [ 77.072006246013203, 28.550412834780097 ], [ 77.071887979913257, 28.550234250158912 ], [ 77.074425707060996, 28.550400997720004 ], [ 77.072006246013203, 28.550412834780097 ] ], [ [ 77.074425707060996, 28.550400997720004 ], [ 77.077729491411745, 28.552721088293982 ], [ 77.077315962827697, 28.552619049819203 ], [ 77.074425707060996, 28.550400997720004 ] ], [ [ 77.07237245398295, 28.562567570164976 ], [ 77.072379396091804, 28.562562996350696 ], [ 77.072953182120798, 28.5635098701031 ], [ 77.07237245398295, 28.562567570164976 ] ], [ [ 77.071422384699162, 28.563193524113803 ], [ 77.072509558907697, 28.564614801733601 ], [ 77.070331747820006, 28.561917646666799 ], [ 77.071422384699162, 28.563193524113803 ] ], [ [ 77.06942417141336, 28.567540362343909 ], [ 77.070777776905771, 28.56625687528831 ], [ 77.070189197285799, 28.567094953631095 ], [ 77.06942417141336, 28.567540362343909 ] ] ] } },
{ "type": "Feature", "properties": { "district": "North" }, "geometry": { "type": "Polygon", "coordinates": [ [ [ 77.059979988714801, 28.741379763742597 ], [ 77.055470359086996, 28.743041529455802 ], [ 77.050424665811704, 28.743083925283205 ], [ 77.047576049549505, 28.744708843934401 ], [ 77.050895752703994, 28.748551070717394 ], [ 77.047598917969793, 28.744851137095502 ], [ 77.034757471979603, 28.749589132847401 ], [ 77.029050158057601, 28.750106714088201 ], [ 77.023420590272707, 28.751733912448302 ], [ 77.022686784571505, 28.751486140600992 ], [ 77.016696839687199, 28.754906527194407 ], [ 77.015257112924701, 28.754978454261813 ], [ 77.014316654244894, 28.760378702485703 ], [ 77.011726075233199, 28.763249376362296 ], [ 77.013238722533401, 28.769831795245803 ], [ 77.012641313990102, 28.775018404483287 ], [ 77.013339091061098, 28.778814260853501 ], [ 76.998956703596903, 28.784304202057093 ], [ 76.991651461986507, 28.785008226296092 ], [ 76.982554029879694, 28.792887726184695 ], [ 76.980513277908003, 28.793410403731489 ], [ 76.978501966813695, 28.792440124506694 ], [ 76.967779810128704, 28.798149375399902 ], [ 76.968706621306296, 28.800332119191584 ], [ 76.966547682333001, 28.8008069712156 ], [ 76.967170044558998, 28.803838309798603 ], [ 76.970888263719402, 28.809871670972704 ], [ 76.969129779523996, 28.807167269778404 ], [ 76.9682954342572, 28.807530783348501 ], [ 76.966769533426614, 28.809245122983391 ], [ 76.967740723547095, 28.811298920937904 ], [ 76.965782061475906, 28.811911959034099 ], [ 76.966025794016403, 28.813380250576191 ], [ 76.961796563792802, 28.814873671386191 ], [ 76.964872984811706, 28.820395702168302 ], [ 76.963474089069194, 28.822261716796607 ], [ 76.964692751928496, 28.82417869118391 ], [ 76.964319552280415, 28.825457121848196 ], [ 76.965440481735101, 28.825512465748801 ], [ 76.965762595746, 28.827229892221901 ], [ 76.966927233292196, 28.827186853703108 ], [ 76.967011281350096, 28.828050703349401 ], [ 76.973081804938701, 28.826847630539902 ], [ 76.974793722859602, 28.8253401907638 ], [ 76.976682845173798, 28.822216136037017 ], [ 76.977382677812798, 28.822677735071206 ], [ 76.978964797728693, 28.821415747655301 ], [ 76.980971827267993, 28.821061648018492 ], [ 76.979986226968805, 28.8214497368532 ], [ 76.982821589497206, 28.824146436385696 ], [ 76.985913260944102, 28.829392956988912 ], [ 76.987239514485694, 28.8352973358278 ], [ 76.994814158993805, 28.839509461371286 ], [ 76.999508220416004, 28.838022018814701 ], [ 77.002060163758898, 28.839447724633803 ], [ 77.007079030719694, 28.840649899601605 ], [ 77.023332869590007, 28.839364816171098 ], [ 77.028146741462805, 28.836796944129599 ], [ 77.033078112768095, 28.835396945548496 ], [ 77.042160757743204, 28.830700437304898 ], [ 77.040232263195705, 28.832063139706992 ], [ 77.042606355824702, 28.834260422627406 ], [ 77.0427447690859, 28.835575698458094 ], [ 77.041841481241505, 28.837858687950501 ], [ 77.045129535410595, 28.840930850694399 ], [ 77.045104542203305, 28.846200710041302 ], [ 77.051020040425399, 28.854669220880599 ], [ 77.054545017913298, 28.862970873943183 ], [ 77.057811501161893, 28.867748354393605 ], [ 77.061159044035705, 28.871024050119392 ], [ 77.069436931635295, 28.867055834334504 ], [ 77.068009606601706, 28.865658159663099 ], [ 77.0694219909536, 28.866980014367702 ], [ 77.069775388633303, 28.867835823280199 ], [ 77.070283457402795, 28.867611467407698 ], [ 77.071749763786499, 28.868928843835803 ], [ 77.074612350295396, 28.867517824694893 ], [ 77.07642527460392, 28.869768200283012 ], [ 77.079390075101301, 28.871732058287641 ], [ 77.0776489838195, 28.877175226031699 ], [ 77.080547123507401, 28.879855430097901 ], [ 77.0826598917251, 28.883499627775997 ], [ 77.086831469866297, 28.880890609384601 ], [ 77.088079953485405, 28.876937275356692 ], [ 77.087560883233309, 28.875330216987393 ], [ 77.094566161475697, 28.871331413128296 ], [ 77.106696473352898, 28.869848744681601 ], [ 77.109827325140401, 28.8700704457546 ], [ 77.112390589349403, 28.866556491179896 ], [ 77.115694489619202, 28.864952733693599 ], [ 77.116442710759699, 28.863181531654494 ], [ 77.120027368516205, 28.8600168245706 ], [ 77.120835438116998, 28.859936440214213 ], [ 77.120864955752396, 28.858361492027605 ], [ 77.124898613691897, 28.85763478387419 ], [ 77.124709672147603, 28.858675386253299 ], [ 77.125482036981595, 28.859863243745501 ], [ 77.130100622505296, 28.861432479396399 ], [ 77.132220313808205, 28.863596011647104 ], [ 77.133089400102705, 28.862738627970998 ], [ 77.140316835317805, 28.862060119046699 ], [ 77.140903025947495, 28.860156027480901 ], [ 77.1425490575579, 28.859705800427708 ], [ 77.141991165961798, 28.8562409029539 ], [ 77.145309639392096, 28.853639197517388 ], [ 77.145192274654207, 28.852165843700305 ], [ 77.142249671662, 28.847854638404097 ], [ 77.141744079616004, 28.844686652745597 ], [ 77.141908222598943, 28.8433520990517 ], [ 77.142227024381796, 28.842499978387501 ], [ 77.142575576593501, 28.840256789222106 ], [ 77.142566017931699, 28.840040393954677 ], [ 77.142413752200198, 28.838860828248801 ], [ 77.143756977020374, 28.838313182374865 ], [ 77.154158655577703, 28.837446615342504 ], [ 77.157748578031104, 28.836689955595599 ], [ 77.159798893041199, 28.834939465823695 ], [ 77.157021573737097, 28.837391826948799 ], [ 77.1567186134655, 28.838849333733499 ], [ 77.159689056578898, 28.841269506964899 ], [ 77.166047164284393, 28.849161633439998 ], [ 77.167304742080404, 28.849019615134594 ], [ 77.169639579508797, 28.850416658777004 ], [ 77.172102572442, 28.849912584196002 ], [ 77.171943041886422, 28.846129870756148 ], [ 77.172291740817997, 28.851529544934799 ], [ 77.173060780936709, 28.857232324172905 ], [ 77.175404861389694, 28.858322343997997 ], [ 77.176409810893702, 28.857629550565896 ], [ 77.178109032943212, 28.858247091389494 ], [ 77.181424518728306, 28.857507750955705 ], [ 77.197705208880294, 28.859228240635797 ], [ 77.209914436594005, 28.857715766398901 ], [ 77.211543186955296, 28.856542596614805 ], [ 77.214235909042003, 28.855817619983799 ], [ 77.217320526553394, 28.851334846078899 ], [ 77.216648962208197, 28.841505396463205 ], [ 77.2220326013, 28.833920665298205 ], [ 77.222998152064207, 28.833382201601001 ], [ 77.222564480061195, 28.830083952526603 ], [ 77.224393407230195, 28.82532176561601 ], [ 77.221888068406102, 28.820457237088803 ], [ 77.220256769413893, 28.819142380590204 ], [ 77.218963421059712, 28.808238522535198 ], [ 77.205596437517301, 28.811208414261383 ], [ 77.2013018341937, 28.812941432692895 ], [ 77.200342148283994, 28.809660315818999 ], [ 77.200009735246994, 28.802557128860904 ], [ 77.199150786307499, 28.7998560028648 ], [ 77.1994068886018, 28.797335757533286 ], [ 77.204033656198803, 28.790819038752485 ], [ 77.207795752079093, 28.788141026691495 ], [ 77.198283131747047, 28.783900139562864 ], [ 77.198900625313996, 28.781687179956492 ], [ 77.1952830772384, 28.778024381693509 ], [ 77.186062556044106, 28.771132333441308 ], [ 77.180591094836799, 28.770255384053602 ], [ 77.175488602858593, 28.771288756778105 ], [ 77.172391020282305, 28.772723135784002 ], [ 77.173785318753005, 28.773305599407202 ], [ 77.172005677181502, 28.772609054428187 ], [ 77.171431249123302, 28.771079910561905 ], [ 77.172025251122903, 28.769599645589299 ], [ 77.171524030850307, 28.767401637766881 ], [ 77.174435071015907, 28.7655637801419 ], [ 77.175173140554307, 28.763133793159895 ], [ 77.174244364568807, 28.760563722972289 ], [ 77.174594572400906, 28.759609222167498 ], [ 77.170253959805805, 28.758815657218499 ], [ 77.174663099641094, 28.759523874263405 ], [ 77.177140973217703, 28.758288441660802 ], [ 77.179432626610605, 28.75794922454789 ], [ 77.178690161228801, 28.755231814561601 ], [ 77.181495629357201, 28.754739912899602 ], [ 77.182606007796906, 28.753237733654291 ], [ 77.182256083986005, 28.7509357179772 ], [ 77.179424293999816, 28.750401815324398 ], [ 77.177609134434903, 28.748784659462487 ], [ 77.1781156322008, 28.748167240512188 ], [ 77.177176804952396, 28.748250673765391 ], [ 77.175031359667202, 28.744394053453199 ], [ 77.176383868897005, 28.741141676912498 ], [ 77.1789946207941, 28.738413212568297 ], [ 77.184503391974005, 28.7355895505939 ], [ 77.186546061803199, 28.732887655814132 ], [ 77.190215165915504, 28.7317576927733 ], [ 77.192182166431095, 28.729005899490989 ], [ 77.191914465299789, 28.725675130089794 ], [ 77.195407699122597, 28.728747565770401 ], [ 77.19595853816331, 28.728250916347498 ], [ 77.206176933078794, 28.727100450531793 ], [ 77.215358302146598, 28.726643223485798 ], [ 77.2152002401792, 28.722347626113805 ], [ 77.218433003455914, 28.719507289303209 ], [ 77.220142103858805, 28.717098872453601 ], [ 77.222028076755095, 28.716217761129094 ], [ 77.21857527943061, 28.70763893939419 ], [ 77.215684115170404, 28.703378896698101 ], [ 77.212431028555997, 28.700168718528495 ], [ 77.206971044726998, 28.692216645856988 ], [ 77.202545179875202, 28.688401916227395 ], [ 77.204000304993201, 28.688194308910393 ], [ 77.204047862795406, 28.685151332581096 ], [ 77.200329579667297, 28.6859312637473 ], [ 77.197814624269199, 28.6844008098983 ], [ 77.197012081765209, 28.684668831667299 ], [ 77.193610017439198, 28.688959496753498 ], [ 77.191470840834199, 28.690304473066888 ], [ 77.188355525533112, 28.691076626944394 ], [ 77.189056607909293, 28.693723046720297 ], [ 77.188170420766795, 28.694603944783193 ], [ 77.185829660627604, 28.692786232224396 ], [ 77.185705751048104, 28.693955816752709 ], [ 77.184648354775618, 28.693874264550605 ], [ 77.182289957980998, 28.696391752850378 ], [ 77.179667231735706, 28.697563406328804 ], [ 77.179434040788294, 28.6989961300525 ], [ 77.181827706950301, 28.700194166476606 ], [ 77.181225534964398, 28.700960898387301 ], [ 77.177812317363106, 28.700045272449795 ], [ 77.175783792227605, 28.702189649524303 ], [ 77.1762104280985, 28.701669492293295 ], [ 77.173819651895798, 28.70013937995509 ], [ 77.172904547651598, 28.698848506546998 ], [ 77.171639642162006, 28.6985424315553 ], [ 77.170738648407806, 28.699841261707199 ], [ 77.168181484838698, 28.6990059453463 ], [ 77.162737842351319, 28.702793259659888 ], [ 77.1588781416377, 28.704298126993702 ], [ 77.164977442561707, 28.709672458671896 ], [ 77.162131287815001, 28.707393867421501 ], [ 77.161592574843795, 28.707788608473297 ], [ 77.161908630616693, 28.708315801567405 ], [ 77.161016892100804, 28.709802729209699 ], [ 77.162327441289804, 28.711631710198301 ], [ 77.164051294889205, 28.712624099403499 ], [ 77.164059608027102, 28.714377200943996 ], [ 77.162840528074994, 28.715920457287201 ], [ 77.163384765561204, 28.717092195988901 ], [ 77.161940237128604, 28.717207680127096 ], [ 77.160123056107196, 28.7188307571205 ], [ 77.161927668600001, 28.723218932258799 ], [ 77.164787115022961, 28.727536165952134 ], [ 77.164221470959205, 28.726973948998701 ], [ 77.162933576767301, 28.727679867596301 ], [ 77.160043605234094, 28.732552143558308 ], [ 77.158785018463007, 28.730892357400805 ], [ 77.157821715228806, 28.730869130500999 ], [ 77.151626627491098, 28.726712854252202 ], [ 77.145259059760804, 28.729142290842603 ], [ 77.141883808647606, 28.725891533510492 ], [ 77.1407451879315, 28.723802918778098 ], [ 77.140085035035199, 28.723751573507805 ], [ 77.140228090950899, 28.722474846767501 ], [ 77.139060812112504, 28.719704056085902 ], [ 77.137513779796606, 28.719958955856093 ], [ 77.132548829883604, 28.715809170477286 ], [ 77.130414622366501, 28.712284405949411 ], [ 77.131798182244395, 28.710458166809904 ], [ 77.131333533802106, 28.709219355239497 ], [ 77.130589725355406, 28.709361591146003 ], [ 77.125696835797598, 28.706027195112302 ], [ 77.121494209527199, 28.707257975864785 ], [ 77.120865789630599, 28.708996664948494 ], [ 77.1215516233747, 28.712124140415693 ], [ 77.119448523156805, 28.713520407494393 ], [ 77.120350724565398, 28.715032460927194 ], [ 77.119696607893601, 28.718029311495993 ], [ 77.118402729086199, 28.720802860068694 ], [ 77.115941723317206, 28.723454681828496 ], [ 77.112061773322196, 28.7306597227747 ], [ 77.109217508392305, 28.734411094197807 ], [ 77.109792057420805, 28.736356732545239 ], [ 77.109565419358205, 28.735842173315799 ], [ 77.106471379864203, 28.737300434382504 ], [ 77.103049320048996, 28.737726834752099 ], [ 77.101921188200194, 28.737170914529695 ], [ 77.095964222540601, 28.739398518273685 ], [ 77.094403037162706, 28.736838341245711 ], [ 77.092502783142308, 28.737557259212391 ], [ 77.089492592818004, 28.737670908458409 ], [ 77.085815875047302, 28.734127318970401 ], [ 77.081856817794204, 28.728059372648101 ], [ 77.076042069135497, 28.731167088719285 ], [ 77.068241384287802, 28.736282787926793 ], [ 77.068364985495606, 28.736836037824901 ], [ 77.066008070889794, 28.738071165313297 ], [ 77.064219088620206, 28.737899659937192 ], [ 77.059979988714801, 28.741379763742597 ] ], [ [ 77.172291740817997, 28.851529544934799 ], [ 77.176457801676804, 28.850198817158052 ], [ 77.176040877362198, 28.850457043544701 ], [ 77.172291740817997, 28.851529544934799 ] ], [ [ 77.170253959805805, 28.758815657218499 ], [ 77.169236543412694, 28.760400781063986 ], [ 77.170257768945405, 28.758667501836303 ], [ 77.170504594155005, 28.7563681639392 ], [ 77.170253959805805, 28.758815657218499 ] ], [ [ 77.202993998424887, 28.705579632052061 ], [ 77.203073249385994, 28.705520450398989 ], [ 77.206951973250597, 28.705229890551099 ], [ 77.202993998424887, 28.705579632052061 ] ], [ [ 77.206235224553595, 28.824606144435496 ], [ 77.1980372847231, 28.826777726928704 ], [ 77.198035281871682, 28.826777238615517 ], [ 77.206235224553595, 28.824606144435496 ] ], [ [ 77.198902286218001, 28.708705230999986 ], [ 77.200664690202998, 28.710684835991302 ], [ 77.198740950388498, 28.708755649223896 ], [ 77.200187370302501, 28.707675516941041 ], [ 77.198902286218001, 28.708705230999986 ] ], [ [ 77.202431091417026, 28.847539071555254 ], [ 77.202104349998208, 28.84759760052259 ], [ 77.202369629918493, 28.847539681020599 ], [ 77.202431091417026, 28.847539071555254 ] ], [ [ 77.197967161245401, 28.813466929576002 ], [ 77.19796584831137, 28.813467445118405 ], [ 77.199300142297204, 28.810268065491101 ], [ 77.197967161245401, 28.813466929576002 ] ], [ [ 77.199745046421199, 28.842189812600594 ], [ 77.198471523103308, 28.840651574074698 ], [ 77.198408331395385, 28.840439031196716 ], [ 77.199745046421199, 28.842189812600594 ] ], [ [ 77.196735130227694, 28.849179923560758 ], [ 77.1980607686356, 28.848480449923695 ], [ 77.198567792223002, 28.848369749673012 ], [ 77.196735130227694, 28.849179923560758 ] ], [ [ 77.192630902675972, 28.803682441455933 ], [ 77.192670670184597, 28.803643535421006 ], [ 77.196992228133496, 28.800724727623404 ], [ 77.192630902675972, 28.803682441455933 ] ], [ [ 77.196075531975097, 28.835457433562389 ], [ 77.196626594953159, 28.836065422080758 ], [ 77.197644061563096, 28.837868439025108 ], [ 77.196075531975097, 28.835457433562389 ] ], [ [ 77.191135760967498, 28.826297292149707 ], [ 77.188873583549992, 28.826478076455132 ], [ 77.193525036092296, 28.825677600132501 ], [ 77.191135760967498, 28.826297292149707 ] ], [ [ 77.188887950899598, 28.724639502020302 ], [ 77.181583749379172, 28.723707287193523 ], [ 77.182992788373099, 28.7238333244606 ], [ 77.188887950899598, 28.724639502020302 ] ], [ [ 77.189957590857105, 28.8152573720749 ], [ 77.189186278587641, 28.815088651703956 ], [ 77.190537802380092, 28.815166784750016 ], [ 77.189957590857105, 28.8152573720749 ] ], [ [ 77.189460112160702, 28.787556602050714 ], [ 77.187700056630504, 28.788676046061699 ], [ 77.189460951379047, 28.787555134329683 ], [ 77.189460112160702, 28.787556602050714 ] ], [ [ 77.189745242907506, 28.838150255516204 ], [ 77.19008836788197, 28.83792084764665 ], [ 77.187580746411498, 28.841036995272905 ], [ 77.189745242907506, 28.838150255516204 ] ], [ [ 77.187738816154905, 28.814738770909596 ], [ 77.189091764961105, 28.812314723831097 ], [ 77.188288155197711, 28.814152873197287 ], [ 77.187738816154905, 28.814738770909596 ] ], [ [ 77.188288155197711, 28.814152873197287 ], [ 77.189093491900579, 28.815068355119976 ], [ 77.189070648080204, 28.815063358158302 ], [ 77.188288155197711, 28.814152873197287 ] ], [ [ 77.188297852412759, 28.808066457322926 ], [ 77.188452538119094, 28.807770291135196 ], [ 77.188749623382591, 28.807479641556252 ], [ 77.188297852412759, 28.808066457322926 ] ], [ [ 77.187775584842413, 28.810460809451804 ], [ 77.187587774028898, 28.8094259960477 ], [ 77.187771271534103, 28.809074665870792 ], [ 77.187775584842413, 28.810460809451804 ] ], [ [ 77.182564917433737, 28.726531844468838 ], [ 77.182584802703204, 28.726545851563902 ], [ 77.185028247779996, 28.731332331274285 ], [ 77.182564917433737, 28.726531844468838 ] ], [ [ 77.186541167608326, 28.827360844885455 ], [ 77.186693181385706, 28.827303310994832 ], [ 77.186619944387999, 28.827340113144199 ], [ 77.186541167608326, 28.827360844885455 ] ], [ [ 77.180301605021299, 28.708829121260305 ], [ 77.183977986143802, 28.7119617412454 ], [ 77.184244574897434, 28.712321110308896 ], [ 77.180301605021299, 28.708829121260305 ] ], [ [ 77.186501642155406, 28.827357841070302 ], [ 77.186517285614528, 28.827367129926767 ], [ 77.183769617066005, 28.828090235816902 ], [ 77.186501642155406, 28.827357841070302 ] ], [ [ 77.183767987547398, 28.815654566028705 ], [ 77.185353986020189, 28.822663742659394 ], [ 77.184008451886498, 28.817160291368509 ], [ 77.183767987547398, 28.815654566028705 ] ], [ [ 77.184532276263695, 28.815216461806198 ], [ 77.18449728348061, 28.815236520307252 ], [ 77.18450440658512, 28.815052713751999 ], [ 77.184532276263695, 28.815216461806198 ] ], [ [ 77.184436971504695, 28.814656499523092 ], [ 77.184461678228729, 28.814801663665421 ], [ 77.184361733082511, 28.814607739576516 ], [ 77.184436971504695, 28.814656499523092 ] ], [ [ 77.182774099490601, 28.813578838027478 ], [ 77.183842939855438, 28.814271523992709 ], [ 77.183449848220903, 28.814264618279097 ], [ 77.182774099490601, 28.813578838027478 ] ], [ [ 77.180906627711295, 28.723646719271095 ], [ 77.179731591072866, 28.723873365677836 ], [ 77.179691251992253, 28.723814128355226 ], [ 77.180906627711295, 28.723646719271095 ] ], [ [ 77.183078907618196, 28.830114495239183 ], [ 77.181995807701796, 28.830838114431 ], [ 77.183101361958606, 28.830048688393365 ], [ 77.183078907618196, 28.830114495239183 ] ], [ [ 77.180648694328085, 28.832021735546284 ], [ 77.179721787556403, 28.834056443120815 ], [ 77.180027881414802, 28.832798595511502 ], [ 77.180648694328085, 28.832021735546284 ] ], [ [ 77.178835661793926, 28.844176030081073 ], [ 77.1773038889921, 28.844481930729899 ], [ 77.1808772262346, 28.843555286195311 ], [ 77.178835661793926, 28.844176030081073 ] ], [ [ 77.177016535603997, 28.724262087308805 ], [ 77.177361283958476, 28.724135064349309 ], [ 77.169976698354603, 28.727126892635695 ], [ 77.177016535603997, 28.724262087308805 ] ], [ [ 77.175723173877401, 28.778207200285589 ], [ 77.175735899257731, 28.778206928201993 ], [ 77.173037746436705, 28.783683295538903 ], [ 77.175723173877401, 28.778207200285589 ] ], [ [ 77.176082808406377, 28.844555148723586 ], [ 77.174809978432606, 28.844564306727364 ], [ 77.176077153127537, 28.844522450864062 ], [ 77.176082808406377, 28.844555148723586 ] ], [ [ 77.174660179132303, 28.844569254726292 ], [ 77.172529575203399, 28.833025989629999 ], [ 77.174660929431496, 28.844569229943271 ], [ 77.174660179132303, 28.844569254726292 ] ], [ [ 77.169720922127496, 28.809981847008888 ], [ 77.169675034466422, 28.809867308596974 ], [ 77.17052354296942, 28.811231843535996 ], [ 77.169720922127496, 28.809981847008888 ] ], [ [ 77.17052354296942, 28.811231843535996 ], [ 77.171394210629003, 28.811810176955003 ], [ 77.173389659520495, 28.813472719809894 ], [ 77.17052354296942, 28.811231843535996 ] ], [ [ 77.172624266254203, 28.79251399292718 ], [ 77.1717390612489, 28.7939434371225 ], [ 77.172719112867696, 28.791784703820195 ], [ 77.172624266254203, 28.79251399292718 ] ], [ [ 77.1709333782768, 28.783857963779401 ], [ 77.171331144574509, 28.784780196811049 ], [ 77.170938153854905, 28.7842670514801 ], [ 77.1709333782768, 28.783857963779401 ] ], [ [ 77.170831683866368, 28.794231180348014 ], [ 77.170644239318491, 28.794290621876804 ], [ 77.169922606452857, 28.794043395750755 ], [ 77.170831683866368, 28.794231180348014 ] ], [ [ 77.170603924865489, 28.794425509262712 ], [ 77.169851171603398, 28.797496511821667 ], [ 77.169980335558606, 28.796188481521302 ], [ 77.170603924865489, 28.794425509262712 ] ], [ [ 77.169026550495005, 28.801325939608802 ], [ 77.167080426759597, 28.803391008883899 ], [ 77.166937869613974, 28.803445049518327 ], [ 77.169026550495005, 28.801325939608802 ] ], [ [ 77.168462769597895, 28.784552416274281 ], [ 77.168063894331993, 28.784598399017295 ], [ 77.163125709720205, 28.783938289709692 ], [ 77.168462769597895, 28.784552416274281 ] ], [ [ 77.162621803169699, 28.755808453929902 ], [ 77.157764019196094, 28.754649792432385 ], [ 77.163200881919963, 28.755839829579831 ], [ 77.162621803169699, 28.755808453929902 ] ], [ [ 77.161549474465303, 28.829658968365695 ], [ 77.162068421434157, 28.828953495506447 ], [ 77.1620699470392, 28.828963501029094 ], [ 77.161549474465303, 28.829658968365695 ] ], [ [ 77.161583942979533, 28.827276800460286 ], [ 77.16188033158511, 28.827719927719293 ], [ 77.162063811801431, 28.828923263707889 ], [ 77.161583942979533, 28.827276800460286 ] ], [ [ 77.158062985752395, 28.748795420245507 ], [ 77.158059382326115, 28.748773605421594 ], [ 77.159823505993401, 28.7518621753802 ], [ 77.158062985752395, 28.748795420245507 ] ], [ [ 77.153823556135208, 28.819659443044099 ], [ 77.160849137495404, 28.826178201074299 ], [ 77.161242677722385, 28.826766578625993 ], [ 77.153823556135208, 28.819659443044099 ] ], [ [ 77.153823556135208, 28.819659443044099 ], [ 77.154644249576094, 28.815624763997498 ], [ 77.155249988420366, 28.81411507736324 ], [ 77.153823556135208, 28.819659443044099 ] ], [ [ 77.157243022092999, 28.742985098530465 ], [ 77.157672167255399, 28.743183830572399 ], [ 77.159013979244193, 28.742270322339699 ], [ 77.157671782849903, 28.743184165848199 ], [ 77.158743242942606, 28.74393850478619 ], [ 77.157243022092999, 28.742985098530465 ] ], [ [ 77.159013979244193, 28.742270322339699 ], [ 77.159277767603086, 28.741149833379023 ], [ 77.159304333280005, 28.7414177741909 ], [ 77.159013979244193, 28.742270322339699 ] ], [ [ 77.158743242942606, 28.74393850478619 ], [ 77.157771060516822, 28.746212157700079 ], [ 77.157892637547505, 28.745435269869798 ], [ 77.158743242942606, 28.74393850478619 ] ], [ [ 77.157705488909599, 28.746631165989495 ], [ 77.157745096587661, 28.746378069472044 ], [ 77.158038349717827, 28.748646275872002 ], [ 77.157705488909599, 28.746631165989495 ] ], [ [ 77.156407679952196, 28.811229755662804 ], [ 77.156440330326731, 28.811190842992641 ], [ 77.156404305383234, 28.811238166121704 ], [ 77.156407679952196, 28.811229755662804 ] ], [ [ 77.155026024390423, 28.762314793246471 ], [ 77.155032988364994, 28.762323173247097 ], [ 77.153717140107005, 28.764839679848702 ], [ 77.155026024390423, 28.762314793246471 ] ], [ [ 77.152840709134693, 28.761062183909786 ], [ 77.154473969651704, 28.761650485958207 ], [ 77.154672899521003, 28.761889865412382 ], [ 77.152840709134693, 28.761062183909786 ] ], [ [ 77.150073990534722, 28.789258999336212 ], [ 77.154066079855397, 28.788908588625915 ], [ 77.150542088393493, 28.789336071122698 ], [ 77.150073990534722, 28.789258999336212 ] ], [ [ 77.148327043191102, 28.740292574225187 ], [ 77.151945894297995, 28.74208453845679 ], [ 77.151619487923099, 28.742098805088503 ], [ 77.148327043191102, 28.740292574225187 ] ], [ [ 77.149155153373883, 28.759104445815741 ], [ 77.152270700783504, 28.761304147648193 ], [ 77.150468463702197, 28.760270327047198 ], [ 77.149155153373883, 28.759104445815741 ] ], [ [ 77.15235860588858, 28.776763565099451 ], [ 77.152301793367002, 28.776476567621565 ], [ 77.152397033369098, 28.776725626503776 ], [ 77.15235860588858, 28.776763565099451 ] ], [ [ 77.152202515901067, 28.776216950505297 ], [ 77.151372137927765, 28.775517519227105 ], [ 77.152141145213406, 28.776056462112496 ], [ 77.152202515901067, 28.776216950505297 ] ], [ [ 77.151090774244594, 28.766417841323808 ], [ 77.15114365443894, 28.766516173849819 ], [ 77.149007662732402, 28.765189907620204 ], [ 77.151090774244594, 28.766417841323808 ] ], [ [ 77.149919895702396, 28.774294288760299 ], [ 77.1502530379109, 28.7722720605951 ], [ 77.150080322559475, 28.774429417057661 ], [ 77.149919895702396, 28.774294288760299 ] ], [ [ 77.148626226582905, 28.781042428744701 ], [ 77.149134885690415, 28.780980797708608 ], [ 77.147298554435565, 28.781494511844535 ], [ 77.148626226582905, 28.781042428744701 ] ], [ [ 77.145975449180611, 28.78833777912693 ], [ 77.148757571979047, 28.789042252500138 ], [ 77.146935635329299, 28.788742272677901 ], [ 77.145975449180611, 28.78833777912693 ] ], [ [ 77.145993454397299, 28.780570647109904 ], [ 77.146425092385869, 28.781777942177815 ], [ 77.14635343405611, 28.781922625261871 ], [ 77.145993454397299, 28.780570647109904 ] ], [ [ 77.14500681427559, 28.78792972640418 ], [ 77.144430316221005, 28.787686867511088 ], [ 77.144282975514685, 28.787511467527214 ], [ 77.14500681427559, 28.78792972640418 ] ], [ [ 77.138428299820006, 28.790573126286301 ], [ 77.138063318564718, 28.79047466963198 ], [ 77.143977878538095, 28.7909588136175 ], [ 77.138428299820006, 28.790573126286301 ] ], [ [ 77.143250158644094, 28.7659136860111 ], [ 77.140875078297299, 28.767511776665803 ], [ 77.140653799135976, 28.767549344291808 ], [ 77.143250158644094, 28.7659136860111 ] ], [ [ 77.142412332106503, 28.838860851488501 ], [ 77.143712822666998, 28.838316860887602 ], [ 77.143756888694114, 28.838313189733366 ], [ 77.142412332106503, 28.838860851488501 ] ], [ [ 77.141641413939439, 28.801262355775791 ], [ 77.141964587856407, 28.801366448598998 ], [ 77.142214720307052, 28.801582396349655 ], [ 77.141641413939439, 28.801262355775791 ] ], [ [ 77.141939796723207, 28.843205341486055 ], [ 77.142574157545994, 28.840256811565002 ], [ 77.142225604267395, 28.842500000708704 ], [ 77.141939796723207, 28.843205341486055 ] ], [ [ 77.142574157545994, 28.840256811565002 ], [ 77.142514127095765, 28.839738968930675 ], [ 77.142564597824503, 28.840040417195691 ], [ 77.142574157545994, 28.840256811565002 ] ], [ [ 77.14046569489517, 28.801053885376096 ], [ 77.140554801706699, 28.800912363003793 ], [ 77.140967045035637, 28.801045144672432 ], [ 77.14046569489517, 28.801053885376096 ] ], [ [ 77.139177086537103, 28.822639721952999 ], [ 77.140067104243201, 28.823670134246903 ], [ 77.139162147896016, 28.822633065669752 ], [ 77.139177086537103, 28.822639721952999 ] ], [ [ 77.140067104243201, 28.823670134246903 ], [ 77.140577806354699, 28.825656914179795 ], [ 77.140574201211294, 28.825663996511409 ], [ 77.140067104243201, 28.823670134246903 ] ], [ [ 77.1376544654904, 28.8030463819175 ], [ 77.139242487856094, 28.802723840032417 ], [ 77.139157218789705, 28.802866418709304 ], [ 77.1376544654904, 28.8030463819175 ] ], [ [ 77.135885606162702, 28.787523716935986 ], [ 77.138901120031306, 28.786561313552578 ], [ 77.135882878640487, 28.787605886169676 ], [ 77.135885606162702, 28.787523716935986 ] ], [ [ 77.139446342763364, 28.836380429181784 ], [ 77.1395659812746, 28.836430030827405 ], [ 77.139569499548159, 28.836434808795701 ], [ 77.139446342763364, 28.836380429181784 ] ], [ [ 77.138796385601907, 28.832670566795802 ], [ 77.138426571143086, 28.833222876281688 ], [ 77.138813665798864, 28.832496241910498 ], [ 77.138796385601907, 28.832670566795802 ] ], [ [ 77.137327689064705, 28.7690218996825 ], [ 77.135227664622889, 28.768605309794172 ], [ 77.133816702699235, 28.768104368689073 ], [ 77.137327689064705, 28.7690218996825 ] ], [ [ 77.138408608146506, 28.822297307284398 ], [ 77.137071318797894, 28.822368215765209 ], [ 77.137048871486996, 28.822344702271074 ], [ 77.138408608146506, 28.822297307284398 ] ], [ [ 77.136679747171129, 28.835265026817801 ], [ 77.136993313955799, 28.835363413303302 ], [ 77.138342121910668, 28.835922623657012 ], [ 77.136679747171129, 28.835265026817801 ] ], [ [ 77.136968169308403, 28.822260166969166 ], [ 77.136348858459101, 28.821611440620902 ], [ 77.133142209939294, 28.81764761514237 ], [ 77.136968169308403, 28.822260166969166 ] ], [ [ 77.133072430191206, 28.7487428677703 ], [ 77.13405253030281, 28.747820398845899 ], [ 77.132619029620201, 28.749629708664497 ], [ 77.133072430191206, 28.7487428677703 ] ], [ [ 77.132904623584423, 28.748693417190015 ], [ 77.130279677736894, 28.748444513768202 ], [ 77.131817629835993, 28.748373093260799 ], [ 77.132904623584423, 28.748693417190015 ] ], [ [ 77.132189267898767, 28.834262559241683 ], [ 77.1333493298946, 28.834220056281595 ], [ 77.134015111798533, 28.834428955772378 ], [ 77.132189267898767, 28.834262559241683 ] ], [ [ 77.132705343582302, 28.7733963773955 ], [ 77.130468648851249, 28.771409185367411 ], [ 77.130458937620901, 28.771256249097 ], [ 77.132705343582302, 28.7733963773955 ] ], [ [ 77.131691357163021, 28.815854176552303 ], [ 77.129886340463102, 28.8115870600287 ], [ 77.131916264506629, 28.816132190638776 ], [ 77.131691357163021, 28.815854176552303 ] ], [ [ 77.129907157442631, 28.834758786702508 ], [ 77.131142474516295, 28.834300912206892 ], [ 77.131480292979447, 28.834288535036784 ], [ 77.129907157442631, 28.834758786702508 ] ], [ [ 77.130001324472104, 28.7854035213537 ], [ 77.130425318159169, 28.784534301736315 ], [ 77.130007455312949, 28.785467174203131 ], [ 77.130001324472104, 28.7854035213537 ] ], [ [ 77.127826705962804, 28.785206245011398 ], [ 77.127889033223383, 28.785249425919041 ], [ 77.123796307205495, 28.784027528468883 ], [ 77.127826705962804, 28.785206245011398 ] ], [ [ 77.122251093718873, 28.847761677527682 ], [ 77.123393454455993, 28.8507739910373 ], [ 77.122252778899806, 28.8477717270768 ], [ 77.122251093718873, 28.847761677527682 ] ], [ [ 77.119147404004238, 28.840361623492139 ], [ 77.122361554883994, 28.837555590081404 ], [ 77.119488902253906, 28.840352595189199 ], [ 77.119147404004238, 28.840361623492139 ] ], [ [ 77.121703605885799, 28.813451382445102 ], [ 77.119186557573201, 28.814301443264103 ], [ 77.119083795475518, 28.814306314180847 ], [ 77.121703605885799, 28.813451382445102 ] ], [ [ 77.117771485263589, 28.781678189079628 ], [ 77.117889250605103, 28.781690669532104 ], [ 77.120295948456203, 28.783148834925999 ], [ 77.117771485263589, 28.781678189079628 ] ], [ [ 77.120295948456203, 28.783148834925999 ], [ 77.120589765630356, 28.783894097426604 ], [ 77.120535425552902, 28.787252878219004 ], [ 77.120295948456203, 28.783148834925999 ] ], [ [ 77.118779329337784, 28.75017465596207 ], [ 77.118842147801303, 28.749963590785892 ], [ 77.11947296069917, 28.749427723257902 ], [ 77.118779329337784, 28.75017465596207 ] ], [ [ 77.1185489332359, 28.842252450742102 ], [ 77.117717441393665, 28.841539993501257 ], [ 77.120862065701402, 28.843981936930994 ], [ 77.1185489332359, 28.842252450742102 ] ], [ [ 77.118319628712015, 28.751795894136567 ], [ 77.118308468790403, 28.751756710963495 ], [ 77.118567544365945, 28.75088623707839 ], [ 77.118319628712015, 28.751795894136567 ] ], [ [ 77.118763145837789, 28.840697090398866 ], [ 77.118758951777707, 28.840831682452112 ], [ 77.117771492875406, 28.841562828022401 ], [ 77.118763145837789, 28.840697090398866 ] ], [ [ 77.113262796062401, 28.795705313181291 ], [ 77.113144565351945, 28.795482049686758 ], [ 77.117543128726894, 28.796501347890892 ], [ 77.113262796062401, 28.795705313181291 ] ], [ [ 77.115778639825095, 28.822696461439403 ], [ 77.115704460299071, 28.822720151058153 ], [ 77.117064820013894, 28.821800864935899 ], [ 77.115778639825095, 28.822696461439403 ] ], [ [ 77.114582209996016, 28.793305336377905 ], [ 77.112919209927597, 28.789079329526107 ], [ 77.114706287567699, 28.793301426652604 ], [ 77.115913813979105, 28.792991514516402 ], [ 77.112871893991596, 28.794120671090138 ], [ 77.114582209996016, 28.793305336377905 ] ], [ [ 77.115125719867194, 28.802193276547492 ], [ 77.115354685724199, 28.803122067602096 ], [ 77.115257775284306, 28.803312492538847 ], [ 77.115125719867194, 28.802193276547492 ] ], [ [ 77.1131064736919, 28.814418932651201 ], [ 77.111846595939895, 28.8151992266401 ], [ 77.111619176074839, 28.815111553276743 ], [ 77.1131064736919, 28.814418932651201 ] ], [ [ 77.11269402753355, 28.839480525281537 ], [ 77.112874711534801, 28.8394941399232 ], [ 77.113583104470052, 28.839793406713522 ], [ 77.11269402753355, 28.839480525281537 ] ], [ [ 77.110996608884435, 28.793560881829997 ], [ 77.112624613894525, 28.794101666886064 ], [ 77.112404620924593, 28.794084759778105 ], [ 77.110996608884435, 28.793560881829997 ] ], [ [ 77.110385348685242, 28.737703741482537 ], [ 77.110563957592333, 28.738016090044976 ], [ 77.110504407985303, 28.7379740538078 ], [ 77.110385348685242, 28.737703741482537 ] ], [ [ 77.111944271713995, 28.850527248638205 ], [ 77.109290271521004, 28.852638089535404 ], [ 77.108824147815596, 28.852792858817054 ], [ 77.111944271713995, 28.850527248638205 ] ], [ [ 77.1086016085669, 28.838288088608103 ], [ 77.110290888435898, 28.839299447391607 ], [ 77.109266160233702, 28.838728325549098 ], [ 77.1086016085669, 28.838288088608103 ] ], [ [ 77.10739906075024, 28.792365860772087 ], [ 77.105974005042327, 28.791942086274631 ], [ 77.106295187746596, 28.791999180067503 ], [ 77.10739906075024, 28.792365860772087 ] ], [ [ 77.107184216093216, 28.836019096130073 ], [ 77.100385356396401, 28.834874945073299 ], [ 77.107650449471095, 28.836070349477001 ], [ 77.107184216093216, 28.836019096130073 ] ], [ [ 77.107871650840409, 28.853109120940008 ], [ 77.107236337537003, 28.853320067052508 ], [ 77.106822909671038, 28.85335001266591 ], [ 77.107871650840409, 28.853109120940008 ] ], [ [ 77.103784157470997, 28.791782192588396 ], [ 77.101069822596585, 28.791070313377098 ], [ 77.105273600676625, 28.791817581619657 ], [ 77.103784157470997, 28.791782192588396 ] ], [ [ 77.103113318100299, 28.818003104760106 ], [ 77.103216320849739, 28.816901145883659 ], [ 77.103554505865901, 28.820781205021504 ], [ 77.103113318100299, 28.818003104760106 ] ], [ [ 77.098873318993896, 28.8146905153151 ], [ 77.099356852576605, 28.815722148098189 ], [ 77.0990502242243, 28.815272193142594 ], [ 77.099747675590294, 28.819305931986396 ], [ 77.098873318993896, 28.8146905153151 ] ], [ [ 77.099356852576605, 28.815722148098189 ], [ 77.102502255173206, 28.81401294694551 ], [ 77.102509151959282, 28.81401805655581 ], [ 77.099356852576605, 28.815722148098189 ] ], [ [ 77.099747675590294, 28.819305931986396 ], [ 77.099485482885498, 28.822967358282593 ], [ 77.099479606284675, 28.822990000360939 ], [ 77.099747675590294, 28.819305931986396 ] ], [ [ 77.100851631294702, 28.7760031918496 ], [ 77.099499089743531, 28.776803099981681 ], [ 77.099490523234905, 28.776795672724703 ], [ 77.100851631294702, 28.7760031918496 ] ], [ [ 77.094633424586505, 28.853685958237804 ], [ 77.101411678639138, 28.853741961651124 ], [ 77.1003885109034, 28.853816072246904 ], [ 77.094633424586505, 28.853685958237804 ] ], [ [ 77.099584026301613, 28.790680638726194 ], [ 77.099105120254094, 28.789993910906993 ], [ 77.099763087392589, 28.790727600458663 ], [ 77.099584026301613, 28.790680638726194 ] ], [ [ 77.097419385367715, 28.760660880586638 ], [ 77.097334222336841, 28.76074634793537 ], [ 77.097036467983685, 28.760419047728746 ], [ 77.097419385367715, 28.760660880586638 ] ], [ [ 77.097851997197594, 28.825847869673403 ], [ 77.096923869299218, 28.826440552841174 ], [ 77.098030078639795, 28.82562307173529 ], [ 77.097851997197594, 28.825847869673403 ] ], [ [ 77.09711752470804, 28.84278983083961 ], [ 77.097115509705404, 28.841381543846889 ], [ 77.097151013309897, 28.842753557483899 ], [ 77.09711752470804, 28.84278983083961 ] ], [ [ 77.088030884752797, 28.830178284210401 ], [ 77.087641661697589, 28.830221401545323 ], [ 77.092983156320898, 28.826927084671308 ], [ 77.088030884752797, 28.830178284210401 ] ], [ [ 77.092983156320898, 28.826927084671308 ], [ 77.096467428372634, 28.826732026521398 ], [ 77.096380177776496, 28.826787742936997 ], [ 77.092983156320898, 28.826927084671308 ] ], [ [ 77.091551579726996, 28.751427976408195 ], [ 77.093763290252497, 28.756821075989901 ], [ 77.092674572875495, 28.754600231796008 ], [ 77.091551579726996, 28.751427976408195 ] ], [ [ 77.092249288403707, 28.811699727250986 ], [ 77.092299578431167, 28.811840606649273 ], [ 77.086852321351401, 28.812002657833194 ], [ 77.092249288403707, 28.811699727250986 ] ], [ [ 77.0873376502973, 28.836039556026293 ], [ 77.087608757950719, 28.836026041992437 ], [ 77.087187402852379, 28.83609500644809 ], [ 77.0873376502973, 28.836039556026293 ] ], [ [ 77.085662383405904, 28.830440661951108 ], [ 77.084630561475606, 28.830376710105803 ], [ 77.086506020025482, 28.830347205609819 ], [ 77.085662383405904, 28.830440661951108 ] ], [ [ 77.084035364957245, 28.76318419520377 ], [ 77.083885332238793, 28.763367936677792 ], [ 77.083186788318201, 28.763022791303655 ], [ 77.084035364957245, 28.76318419520377 ] ], [ [ 77.083161478513759, 28.763010285916852 ], [ 77.083064475620503, 28.762962357506204 ], [ 77.081299816437294, 28.760879218205897 ], [ 77.083161478513759, 28.763010285916852 ] ], [ [ 77.082357009003999, 28.839198555163506 ], [ 77.082334294083552, 28.839167794932475 ], [ 77.084597854068505, 28.838842123839999 ], [ 77.082357009003999, 28.839198555163506 ] ], [ [ 77.081296476383699, 28.837659667518398 ], [ 77.0835065699642, 28.836997721637715 ], [ 77.081314872273339, 28.837686399906442 ], [ 77.081296476383699, 28.837659667518398 ] ], [ [ 77.079253202807493, 28.8307204589096 ], [ 77.079194788911579, 28.830706642591661 ], [ 77.082894701926705, 28.829946935021606 ], [ 77.079253202807493, 28.8307204589096 ] ], [ [ 77.0782084794849, 28.759399684421979 ], [ 77.080432590713798, 28.761027890957415 ], [ 77.078070910063261, 28.759400410879731 ], [ 77.0782084794849, 28.759399684421979 ] ], [ [ 77.081358941930333, 28.811264950405889 ], [ 77.081194098247394, 28.811261645747898 ], [ 77.080863878442287, 28.811033732688234 ], [ 77.081358941930333, 28.811264950405889 ] ], [ [ 77.0821410321592, 28.867631551357412 ], [ 77.081269985083694, 28.856717382532004 ], [ 77.082180479663606, 28.867914829248797 ], [ 77.080880260829872, 28.869510825175418 ], [ 77.0821410321592, 28.867631551357412 ] ], [ [ 77.077205656394398, 28.763083668716799 ], [ 77.077143849152392, 28.762633176800659 ], [ 77.0783232604619, 28.764355015218204 ], [ 77.077205656394398, 28.763083668716799 ] ], [ [ 77.0783232604619, 28.764355015218204 ], [ 77.078714366500904, 28.766688509563789 ], [ 77.078493095128565, 28.767059625676616 ], [ 77.0783232604619, 28.764355015218204 ] ], [ [ 77.077837140164704, 28.759401645339796 ], [ 77.077985676931206, 28.759400860967194 ], [ 77.077279022554293, 28.76116009090018 ], [ 77.077837140164704, 28.759401645339796 ] ], [ [ 77.074960576155405, 28.770592700962897 ], [ 77.075579478047899, 28.770055783212193 ], [ 77.074960465269584, 28.770593446243783 ], [ 77.074960576155405, 28.770592700962897 ] ], [ [ 77.076633857655295, 28.838877676983302 ], [ 77.076647386808261, 28.838870598346464 ], [ 77.076645129912123, 28.838894912730613 ], [ 77.076633857655295, 28.838877676983302 ] ], [ [ 77.073702914879107, 28.8343291730354 ], [ 77.076578652161444, 28.839611102341124 ], [ 77.076505752914599, 28.840396473125704 ], [ 77.073702914879107, 28.8343291730354 ] ], [ [ 77.074943328001211, 28.770708628490034 ], [ 77.074757656407201, 28.773467163089396 ], [ 77.074317188814405, 28.774917007355722 ], [ 77.074943328001211, 28.770708628490034 ] ], [ [ 77.074494701163147, 28.80674514471059 ], [ 77.073674632669807, 28.805257520173598 ], [ 77.074502800322094, 28.806738191565906 ], [ 77.074494701163147, 28.80674514471059 ] ], [ [ 77.074457666623459, 28.80677693893945 ], [ 77.074231902240101, 28.806970758129079 ], [ 77.071892639496895, 28.807453196408183 ], [ 77.074457666623459, 28.80677693893945 ] ], [ [ 77.073833318199661, 28.776509717121272 ], [ 77.073748668437403, 28.776788350497394 ], [ 77.07138250234614, 28.779903898257128 ], [ 77.073833318199661, 28.776509717121272 ] ], [ [ 77.073629572436602, 28.8294590296486 ], [ 77.073539617228704, 28.8286813457817 ], [ 77.073945026497853, 28.824283764289838 ], [ 77.073962679150696, 28.824330783401397 ], [ 77.073629572436602, 28.8294590296486 ] ], [ [ 77.072681588043594, 28.823212627227498 ], [ 77.073781384449546, 28.823628586115397 ], [ 77.073699917975105, 28.823630900095495 ], [ 77.072681588043594, 28.823212627227498 ] ], [ [ 77.072681588043594, 28.823212627227498 ], [ 77.071403320099932, 28.823732505659606 ], [ 77.071890691354497, 28.8233389314188 ], [ 77.072681588043594, 28.823212627227498 ] ], [ [ 77.071635000251703, 28.747315421500698 ], [ 77.071889835912799, 28.748345371975802 ], [ 77.071277006248522, 28.746348668697269 ], [ 77.071635000251703, 28.747315421500698 ] ], [ [ 77.071186330974612, 28.780162198500449 ], [ 77.0711756712507, 28.780176234234901 ], [ 77.067070370347295, 28.782992181005298 ], [ 77.071186330974612, 28.780162198500449 ] ], [ [ 77.069151949636606, 28.74177329387113 ], [ 77.069915806412794, 28.742672786571998 ], [ 77.070078210106018, 28.743111353208082 ], [ 77.069151949636606, 28.74177329387113 ] ], [ [ 77.069020390226399, 28.827925098213694 ], [ 77.069417501002505, 28.829201043931999 ], [ 77.068925496705191, 28.827836008197607 ], [ 77.069020390226399, 28.827925098213694 ] ], [ [ 77.069114738835594, 28.8263055875106 ], [ 77.068163533750294, 28.827120645430501 ], [ 77.068764742555899, 28.827685085462694 ], [ 77.067656353037805, 28.826809214578301 ], [ 77.068177917041695, 28.827105690177596 ], [ 77.069114738835594, 28.8263055875106 ] ], [ [ 77.066465903007298, 28.794226922261497 ], [ 77.06601886481667, 28.793053473131938 ], [ 77.068446853319202, 28.797286689614999 ], [ 77.066465903007298, 28.794226922261497 ] ], [ [ 77.064374487069699, 28.8471381607275 ], [ 77.066978501985403, 28.848679050359699 ], [ 77.067085087777343, 28.848864163634243 ], [ 77.064374487069699, 28.8471381607275 ] ], [ [ 77.060597097773297, 28.822254715509505 ], [ 77.059367141038805, 28.823826377477793 ], [ 77.0605362336062, 28.822185550457398 ], [ 77.062032075186494, 28.823872250340791 ], [ 77.060597097773297, 28.822254715509505 ] ], [ [ 77.062032075186494, 28.823872250340791 ], [ 77.063673201103299, 28.824366530546996 ], [ 77.063973792696927, 28.824711476386021 ], [ 77.062032075186494, 28.823872250340791 ] ], [ [ 77.062282866737249, 28.788309836100236 ], [ 77.062479547423195, 28.788463469724714 ], [ 77.063209435670331, 28.7893099681995 ], [ 77.062282866737249, 28.788309836100236 ] ], [ [ 77.061537715766505, 28.788013788701299 ], [ 77.06020581934655, 28.786691998599306 ], [ 77.062087453603013, 28.788157192601268 ], [ 77.061537715766505, 28.788013788701299 ] ], [ [ 77.058404857650103, 28.818492938638116 ], [ 77.060567163237494, 28.817088920785306 ], [ 77.058400149037936, 28.818501004021254 ], [ 77.058404857650103, 28.818492938638116 ] ], [ [ 77.058230539009216, 28.820791998930549 ], [ 77.0586949972338, 28.820726603464497 ], [ 77.057857742093091, 28.820872268715924 ], [ 77.058230539009216, 28.820791998930549 ] ], [ [ 77.054992926880544, 28.785563244060153 ], [ 77.057235760371896, 28.786030605322804 ], [ 77.055016940221705, 28.785576654657003 ], [ 77.054992926880544, 28.785563244060153 ] ], [ [ 77.056448242416337, 28.821123759542182 ], [ 77.056168742856897, 28.822434972151889 ], [ 77.056420446334911, 28.821128719074704 ], [ 77.056448242416337, 28.821123759542182 ] ], [ [ 77.043136506193704, 28.827589005856595 ], [ 77.043325420295474, 28.827477870877065 ], [ 77.043125533856397, 28.828292536656896 ], [ 77.043136506193704, 28.827589005856595 ] ], [ [ 77.038203690333788, 28.779990756184542 ], [ 77.038150925367702, 28.779995045042416 ], [ 77.036069498005205, 28.777217388509104 ], [ 77.038203690333788, 28.779990756184542 ] ], [ [ 77.030550132547802, 28.780825116121406 ], [ 77.034100677396395, 28.780703634825482 ], [ 77.032991474529197, 28.780904068156403 ], [ 77.030550132547802, 28.780825116121406 ] ], [ [ 77.026971745530204, 28.793929052332004 ], [ 77.026829630662604, 28.7947781136941 ], [ 77.026966777794698, 28.793892066426164 ], [ 77.026971745530204, 28.793929052332004 ] ], [ [ 77.022411468433603, 28.780907039460395 ], [ 77.023654248849198, 28.782958157661692 ], [ 77.02385390932217, 28.783566959223339 ], [ 77.022411468433603, 28.780907039460395 ] ], [ [ 77.010809739387895, 28.806187776826292 ], [ 77.011074135861733, 28.806046199697381 ], [ 77.010440078205605, 28.806641789767497 ], [ 77.010809739387895, 28.806187776826292 ] ], [ [ 77.006517350313104, 28.825559819083409 ], [ 77.006452516079605, 28.826068103485095 ], [ 77.006058564422077, 28.824273308221972 ], [ 77.006517350313104, 28.825559819083409 ] ], [ [ 77.003464619045999, 28.818870558142805 ], [ 77.005052511321693, 28.821452170375011 ], [ 77.005143630273821, 28.821707682856715 ], [ 77.003464619045999, 28.818870558142805 ] ], [ [ 76.999497640590207, 28.814828370101303 ], [ 77.002158741248806, 28.817889650254305 ], [ 77.002767176115114, 28.81867683581714 ], [ 77.002700950988597, 28.8186584410712 ], [ 76.999497640590207, 28.814828370101303 ] ], [ [ 76.982266838387005, 28.809249546065601 ], [ 76.984979438390198, 28.808154082962471 ], [ 76.982126792758663, 28.809350483355406 ], [ 76.982266838387005, 28.809249546065601 ] ], [ [ 76.983346390143836, 28.793656098895145 ], [ 76.983377668579493, 28.793686430421698 ], [ 76.98423758723132, 28.795960720124203 ], [ 76.983346390143836, 28.793656098895145 ] ] ] } },
{ "type": "Feature", "properties": { "district": "North East" }, "geometry": { "type": "Polygon", "coordinates": [ [ [ 77.241322779383395, 28.743991827414689 ], [ 77.233527615281602, 28.747321825074696 ], [ 77.227870516614203, 28.748783499505187 ], [ 77.228558560600007, 28.748377407023298 ], [ 77.227687647697394, 28.744694909625792 ], [ 77.227728526595101, 28.745505159775696 ], [ 77.227090949355201, 28.745589209386303 ], [ 77.226842331658005, 28.7449791510371 ], [ 77.223975701526911, 28.746192071532406 ], [ 77.22361092487651, 28.745899940703399 ], [ 77.223388205160305, 28.746937138297895 ], [ 77.222588456441699, 28.745008447661792 ], [ 77.222345703770998, 28.745632560804999 ], [ 77.221672880292402, 28.744904251931604 ], [ 77.223033351752505, 28.750658557336788 ], [ 77.221287155676706, 28.750869973933799 ], [ 77.222037967171204, 28.751497467003695 ], [ 77.222133486880907, 28.757798544074177 ], [ 77.218938120170193, 28.763759927016892 ], [ 77.218069870504294, 28.766671714193404 ], [ 77.218525589377407, 28.768471048397789 ], [ 77.220033192873998, 28.770307001995501 ], [ 77.221221476747573, 28.770356015444957 ], [ 77.221226937857907, 28.770820481675813 ], [ 77.217647011936904, 28.775334087119504 ], [ 77.217807528346896, 28.777934638304693 ], [ 77.218862627984606, 28.780321819923309 ], [ 77.218501598537102, 28.782353901615902 ], [ 77.216027109818697, 28.785199452472504 ], [ 77.228535254850598, 28.786532979817697 ], [ 77.234147667756602, 28.783718368914595 ], [ 77.221868074082721, 28.777390784481778 ], [ 77.225353811565796, 28.776868937334594 ], [ 77.231449709942396, 28.774414898023899 ], [ 77.2321614169377, 28.772829102716898 ], [ 77.231791829764902, 28.770791198400797 ], [ 77.235881849741503, 28.770733283594002 ], [ 77.236148693303605, 28.763580167764204 ], [ 77.235562472670495, 28.7609154924919 ], [ 77.247930957856099, 28.755562403948797 ], [ 77.250269142248214, 28.755180333864597 ], [ 77.256363538018405, 28.756203480593189 ], [ 77.256148023545293, 28.754353012354372 ], [ 77.259120227508404, 28.752248419110192 ], [ 77.259182081040095, 28.7500035911814 ], [ 77.256195270174601, 28.7438760957277 ], [ 77.254637015232504, 28.743710190352299 ], [ 77.255558527632104, 28.739013692284686 ], [ 77.260821987785306, 28.734164499547699 ], [ 77.271927976865896, 28.735459622518189 ], [ 77.272909175596098, 28.736269730236003 ], [ 77.276439252032304, 28.735449410409394 ], [ 77.285725596191995, 28.726215299489301 ], [ 77.286240288577602, 28.724685680292296 ], [ 77.2907672943102, 28.722384378139498 ], [ 77.288831014668403, 28.719567825610184 ], [ 77.289088663664501, 28.716820563629096 ], [ 77.286240952228994, 28.714534234434396 ], [ 77.287096386998101, 28.713256280155903 ], [ 77.287364206033402, 28.710265301196003 ], [ 77.288472931858607, 28.709518233780702 ], [ 77.289451652569298, 28.707576559872393 ], [ 77.291516620652899, 28.706153176926591 ], [ 77.296845857878296, 28.704515592126803 ], [ 77.298273361061405, 28.696565796458302 ], [ 77.297082896188599, 28.692318316807192 ], [ 77.292091741756593, 28.692951083373202 ], [ 77.286547409416997, 28.695845425256394 ], [ 77.284569706915704, 28.6933418061768 ], [ 77.281907733655103, 28.696052248832999 ], [ 77.282941503321297, 28.697795732134693 ], [ 77.281667338013705, 28.696149076730187 ], [ 77.279270810080803, 28.696962427941603 ], [ 77.279610470162666, 28.697985984178271 ], [ 77.275032821337206, 28.69678165063911 ], [ 77.271521454771673, 28.697084794745351 ], [ 77.272046125864705, 28.696958131237292 ], [ 77.270601509850493, 28.683066249355399 ], [ 77.269394730788406, 28.680462707142702 ], [ 77.270302607574607, 28.680008228305301 ], [ 77.270204383027902, 28.679275655482403 ], [ 77.268009439251401, 28.676869975226101 ], [ 77.269788451180204, 28.676100203455398 ], [ 77.268206677366194, 28.674700773281899 ], [ 77.269308500891711, 28.673827674561995 ], [ 77.268731881428806, 28.673448225514505 ], [ 77.269987241295595, 28.672869562096192 ], [ 77.266018290152402, 28.671058433918002 ], [ 77.259170445954908, 28.670561287193099 ], [ 77.258681600281193, 28.670071479201201 ], [ 77.254381617454797, 28.670828247653002 ], [ 77.257729986559298, 28.683643103182799 ], [ 77.2583257038049, 28.683390123726305 ], [ 77.257122623307595, 28.683968811980002 ], [ 77.255196587781796, 28.683657168028599 ], [ 77.254925240240894, 28.684638068881792 ], [ 77.252326329028406, 28.684509478755107 ], [ 77.25216972138, 28.683896178656401 ], [ 77.250862565664406, 28.684220631945102 ], [ 77.250496215191006, 28.683293316155503 ], [ 77.248864218289199, 28.684705050708793 ], [ 77.249306572899997, 28.687675035695747 ], [ 77.246828198053294, 28.687907004608888 ], [ 77.244385272888906, 28.690003497686998 ], [ 77.241993931647599, 28.690765900979802 ], [ 77.246455715016197, 28.707161527778901 ], [ 77.25293137035348, 28.705267207794737 ], [ 77.250904612601801, 28.706011448209107 ], [ 77.252675370321299, 28.710429086396999 ], [ 77.251114078753005, 28.71192498492611 ], [ 77.250933301400494, 28.713172971765896 ], [ 77.242064691450295, 28.714161384112 ], [ 77.243097459902799, 28.7149420270582 ], [ 77.237761566084501, 28.712291196982598 ], [ 77.236853263079695, 28.714497119547786 ], [ 77.237696392159094, 28.715669736075803 ], [ 77.236975799903604, 28.717305202159899 ], [ 77.2385334418192, 28.724325756934608 ], [ 77.237143363985396, 28.724995809680198 ], [ 77.238293609730903, 28.728975342717508 ], [ 77.241245881608506, 28.730025968825984 ], [ 77.241365222807403, 28.731041320563605 ], [ 77.241861044929294, 28.733849538014098 ], [ 77.240131322681094, 28.735326129212005 ], [ 77.241993708402902, 28.740216596599701 ], [ 77.241322779383395, 28.743991827414689 ] ], [ [ 77.241322779383395, 28.743991827414689 ], [ 77.243799722106033, 28.744433994505766 ], [ 77.243229709045195, 28.744487835694809 ], [ 77.241322779383395, 28.743991827414689 ] ], [ [ 77.254637015232504, 28.743710190352299 ], [ 77.251717159147205, 28.744364370906499 ], [ 77.251854848179804, 28.743732986800897 ], [ 77.251771986807697, 28.744198918826996 ], [ 77.254637015232504, 28.743710190352299 ] ], [ [ 77.251854848179804, 28.743732986800897 ], [ 77.249302869211306, 28.740877468619786 ], [ 77.249136265437187, 28.74048165060686 ], [ 77.251854848179804, 28.743732986800897 ] ], [ [ 77.241365222807403, 28.731041320563605 ], [ 77.244710278694612, 28.730425705495399 ], [ 77.244853678099005, 28.730455207882159 ], [ 77.241365222807403, 28.731041320563605 ] ], [ [ 77.285349617055502, 28.711727610422798 ], [ 77.283658247043221, 28.71149221766283 ], [ 77.285986736042588, 28.71168408513843 ], [ 77.285349617055502, 28.711727610422798 ] ], [ [ 77.281058703945504, 28.700701239736802 ], [ 77.282757496706608, 28.700495738095086 ], [ 77.281062746636934, 28.700734069829394 ], [ 77.281058703945504, 28.700701239736802 ] ], [ [ 77.279896514742205, 28.703770187538595 ], [ 77.280763950347094, 28.70356523382199 ], [ 77.279870709223346, 28.704013300078493 ], [ 77.279896514742205, 28.703770187538595 ] ], [ [ 77.278091324432793, 28.712933628995899 ], [ 77.277905555865317, 28.713018556938668 ], [ 77.280889337758438, 28.71126405955911 ], [ 77.278091324432793, 28.712933628995899 ] ], [ [ 77.279862741068598, 28.704088367677404 ], [ 77.279869131325782, 28.704028165374798 ], [ 77.2804521252245, 28.705846223105599 ], [ 77.279862741068598, 28.704088367677404 ] ], [ [ 77.277991679256445, 28.713450280866869 ], [ 77.278024836231907, 28.713516866560301 ], [ 77.277949066151976, 28.713885538343366 ], [ 77.277991679256445, 28.713450280866869 ] ], [ [ 77.277836800553274, 28.713139254130972 ], [ 77.276733816020794, 28.713316108758601 ], [ 77.277806864322272, 28.71307913632252 ], [ 77.277836800553274, 28.713139254130972 ] ], [ [ 77.27767930705528, 28.715198095585759 ], [ 77.277643118284118, 28.715374178002488 ], [ 77.273040381883391, 28.716388830750756 ], [ 77.27767930705528, 28.715198095585759 ] ], [ [ 77.265719897765109, 28.719273115857799 ], [ 77.2719700472841, 28.716663567893196 ], [ 77.272128317683212, 28.716622942506316 ], [ 77.265719897765109, 28.719273115857799 ] ], [ [ 77.271499800696375, 28.697090022365423 ], [ 77.271485948987603, 28.697106755639822 ], [ 77.271494813031893, 28.697091226462796 ], [ 77.271499800696375, 28.697090022365423 ] ], [ [ 77.271210367197099, 28.701160220769999 ], [ 77.2694482862385, 28.7016942562989 ], [ 77.269823284667808, 28.702174404156185 ], [ 77.269415443991136, 28.701655067657757 ], [ 77.271210367197099, 28.701160220769999 ] ], [ [ 77.265399132050305, 28.7027623347863 ], [ 77.267573552507912, 28.70216286334788 ], [ 77.265156945510057, 28.70289522573826 ], [ 77.265399132050305, 28.7027623347863 ] ], [ [ 77.266279028626101, 28.67890241650279 ], [ 77.265827750141796, 28.680889195651194 ], [ 77.266206016757252, 28.678325210338187 ], [ 77.266279028626101, 28.67890241650279 ] ], [ [ 77.266107600043298, 28.677547162400508 ], [ 77.266164889186157, 28.678000070221369 ], [ 77.261226533355895, 28.670879539666704 ], [ 77.266107600043298, 28.677547162400508 ] ], [ [ 77.264739000472417, 28.687937724449455 ], [ 77.26499188679341, 28.68782394704839 ], [ 77.264725986500522, 28.688239309784823 ], [ 77.264739000472417, 28.687937724449455 ] ], [ [ 77.264542942184093, 28.692481172454201 ], [ 77.264557850880919, 28.692135678828652 ], [ 77.264566953108599, 28.692506019433662 ], [ 77.264542942184093, 28.692481172454201 ] ], [ [ 77.261324574652306, 28.711245254208805 ], [ 77.261287116026352, 28.710865895459452 ], [ 77.264765341184599, 28.710670045715801 ], [ 77.2613080328846, 28.711028422756186 ], [ 77.261389694989575, 28.711576130886346 ], [ 77.261324574652306, 28.711245254208805 ] ], [ [ 77.260323977692494, 28.682148648604457 ], [ 77.260383338067911, 28.682140663552399 ], [ 77.261485581268204, 28.682540010660801 ], [ 77.260323977692494, 28.682148648604457 ] ], [ [ 77.261485581268204, 28.682540010660801 ], [ 77.263319805438101, 28.684488175128003 ], [ 77.263384518331733, 28.684645750932482 ], [ 77.261485581268204, 28.682540010660801 ] ], [ [ 77.261433962594097, 28.711801054750691 ], [ 77.261431189579667, 28.711786965053982 ], [ 77.263048483269898, 28.713189478753812 ], [ 77.261433962594097, 28.711801054750691 ] ], [ [ 77.259182556656853, 28.704118516939644 ], [ 77.259193265324583, 28.704113283108899 ], [ 77.261158442841406, 28.706692875227404 ], [ 77.259182556656853, 28.704118516939644 ] ], [ [ 77.258804753151963, 28.682388987052068 ], [ 77.258823151688404, 28.682350537047498 ], [ 77.259472705339718, 28.68226316024634 ], [ 77.258804753151963, 28.682388987052068 ] ], [ [ 77.258809753580195, 28.724338096299892 ], [ 77.260131651387098, 28.723369174905592 ], [ 77.257845808268172, 28.725448278679455 ], [ 77.258809753580195, 28.724338096299892 ] ], [ [ 77.259793551259904, 28.711925590347786 ], [ 77.259791801472801, 28.7123986437093 ], [ 77.258400205993695, 28.713206763316087 ], [ 77.256750294276301, 28.713754052816601 ], [ 77.259553027602706, 28.712516901723703 ], [ 77.259793551259904, 28.711925590347786 ] ], [ [ 77.256432453841299, 28.727076048596704 ], [ 77.256823087992132, 28.726626152585283 ], [ 77.256001603769747, 28.728054285601274 ], [ 77.256432453841299, 28.727076048596704 ] ], [ [ 77.255277589683104, 28.729698146002303 ], [ 77.255473789892335, 28.729252677108008 ], [ 77.254830773870495, 28.732357570864199 ], [ 77.255277589683104, 28.729698146002303 ] ], [ [ 77.252860159508316, 28.713649516246839 ], [ 77.253489838370811, 28.713778628878671 ], [ 77.253065720473401, 28.7137818257162 ], [ 77.251567971248093, 28.720293274623305 ], [ 77.252860159508316, 28.713649516246839 ] ], [ [ 77.25083507771501, 28.697621901879419 ], [ 77.253265744830372, 28.704008312521328 ], [ 77.250873984806205, 28.6979112340459 ], [ 77.25083507771501, 28.697621901879419 ] ], [ [ 77.248535037308272, 28.729945348545332 ], [ 77.246548635778723, 28.730801939506406 ], [ 77.246548622797803, 28.730801916573824 ], [ 77.248535037308272, 28.729945348545332 ] ], [ [ 77.24785077958488, 28.728833863063599 ], [ 77.246198369192697, 28.728049507078406 ], [ 77.247795192677103, 28.728743569539891 ], [ 77.24785077958488, 28.728833863063599 ] ], [ [ 77.247362638310094, 28.732822330092102 ], [ 77.246723739683304, 28.737272251726896 ], [ 77.247212861363508, 28.732452257111476 ], [ 77.247362638310094, 28.732822330092102 ] ], [ [ 77.235710007628896, 28.762474779366009 ], [ 77.235247728641014, 28.762458552510402 ], [ 77.233887804448401, 28.762297359726507 ], [ 77.235710007628896, 28.762474779366009 ] ], [ [ 77.231410325115306, 28.769007481851805 ], [ 77.232700823988793, 28.765660684625203 ], [ 77.231364683063404, 28.769425047698203 ], [ 77.231410325115306, 28.769007481851805 ] ] ] } },
{ "type": "Feature", "properties": { "district": "North West" }, "geometry": { "type": "Polygon", "coordinates": [ [ [ 76.969295401021796, 28.797071457612805 ], [ 76.978501966813695, 28.792440124506694 ], [ 76.980513277908003, 28.793410403731489 ], [ 76.982554029879694, 28.792887726184695 ], [ 76.991346679981902, 28.785215999662 ], [ 76.992913645390516, 28.784683732942604 ], [ 76.997847283405093, 28.784555844514916 ], [ 77.007553758012307, 28.781331092946495 ], [ 77.006028596171802, 28.777582093908705 ], [ 77.007618286397403, 28.781217496972605 ], [ 77.013339091061098, 28.778814260853501 ], [ 77.012641313990102, 28.775018404483287 ], [ 77.013238722533401, 28.769831795245803 ], [ 77.011726075233199, 28.763249376362296 ], [ 77.014316654244894, 28.760378702485703 ], [ 77.015184240967912, 28.754745069841039 ], [ 77.016696839687199, 28.754906527194407 ], [ 77.022686784571505, 28.751486140600992 ], [ 77.021607807039302, 28.7498995260969 ], [ 77.022889321830505, 28.751615376619991 ], [ 77.023713453254601, 28.7516682627062 ], [ 77.029050158057601, 28.750106714088201 ], [ 77.034757471979603, 28.749589132847401 ], [ 77.045569837007704, 28.745739368428797 ], [ 77.050424665811704, 28.743083925283205 ], [ 77.055470359086996, 28.743041529455802 ], [ 77.057920099537199, 28.7423516463734 ], [ 77.059979988714801, 28.741379763742597 ], [ 77.064219088620206, 28.737899659937192 ], [ 77.066008070889794, 28.738071165313297 ], [ 77.068364985495606, 28.736836037824901 ], [ 77.068241384287802, 28.736282787926793 ], [ 77.082355467996663, 28.727415709083569 ], [ 77.081856817794204, 28.728059372648101 ], [ 77.085815875047302, 28.734127318970401 ], [ 77.089492592818004, 28.737670908458409 ], [ 77.092502783142308, 28.737557259212391 ], [ 77.094403037162706, 28.736838341245711 ], [ 77.095964222540601, 28.739398518273685 ], [ 77.101921188200194, 28.737170914529695 ], [ 77.103049320048996, 28.737726834752099 ], [ 77.106471379864203, 28.737300434382504 ], [ 77.109565419358205, 28.735842173315799 ], [ 77.109217508392305, 28.734411094197807 ], [ 77.112061773322196, 28.7306597227747 ], [ 77.115941723317206, 28.723454681828496 ], [ 77.118402729086199, 28.720802860068694 ], [ 77.120350724565398, 28.715032460927194 ], [ 77.118579848959811, 28.712579571311597 ], [ 77.119448523156805, 28.713520407494393 ], [ 77.1215516233747, 28.712124140415693 ], [ 77.120865789630599, 28.708996664948494 ], [ 77.121266032674399, 28.707593571884399 ], [ 77.125696835797598, 28.706027195112302 ], [ 77.130589725355406, 28.709361591146003 ], [ 77.131337724401277, 28.709230527907387 ], [ 77.131798182244395, 28.710458166809904 ], [ 77.130414622366501, 28.712284405949411 ], [ 77.132548829883604, 28.715809170477286 ], [ 77.137513779796606, 28.719958955856093 ], [ 77.139060812112504, 28.719704056085902 ], [ 77.140228090950899, 28.722474846767501 ], [ 77.140085035035199, 28.723751573507805 ], [ 77.1407451879315, 28.723802918778098 ], [ 77.141883808647606, 28.725891533510492 ], [ 77.145259059760804, 28.729142290842603 ], [ 77.151626627491098, 28.726712854252202 ], [ 77.157821715228806, 28.730869130500999 ], [ 77.158785018463007, 28.730892357400805 ], [ 77.160043605234094, 28.732552143558308 ], [ 77.162933576767301, 28.727679867596301 ], [ 77.164221470959205, 28.726973948998701 ], [ 77.160123056107196, 28.7188307571205 ], [ 77.161940237128604, 28.717207680127096 ], [ 77.163384765561204, 28.717092195988901 ], [ 77.162840528074994, 28.715920457287201 ], [ 77.164059608027102, 28.714377200943996 ], [ 77.164051294889205, 28.712624099403499 ], [ 77.162327441289804, 28.711631710198301 ], [ 77.161016892100804, 28.709802729209699 ], [ 77.162131287815001, 28.707393867421501 ], [ 77.158908709736707, 28.704286208729293 ], [ 77.162737842351319, 28.702793259659888 ], [ 77.168181484838698, 28.6990059453463 ], [ 77.165953658271903, 28.698087874827099 ], [ 77.170738648407806, 28.699841261707199 ], [ 77.171639642162006, 28.6985424315553 ], [ 77.172904547651598, 28.698848506546998 ], [ 77.173819651895798, 28.70013937995509 ], [ 77.176225479583806, 28.701651927008111 ], [ 77.177812317363106, 28.700045272449795 ], [ 77.181225534964398, 28.700960898387301 ], [ 77.181827706950301, 28.700194166476606 ], [ 77.179434040788294, 28.6989961300525 ], [ 77.179667231735706, 28.697563406328804 ], [ 77.182289957980998, 28.696391752850378 ], [ 77.184648354775618, 28.693874264550605 ], [ 77.185705751048104, 28.693955816752709 ], [ 77.185829660627604, 28.692786232224396 ], [ 77.1854301049501, 28.691492665980103 ], [ 77.183624887400796, 28.689610266859702 ], [ 77.175976174656796, 28.683642375532997 ], [ 77.173280320409006, 28.685162127785993 ], [ 77.168998417382696, 28.689320402937589 ], [ 77.168593404717996, 28.688637435559702 ], [ 77.167962834557798, 28.683916456700693 ], [ 77.172985708186204, 28.679321561851204 ], [ 77.174732067292695, 28.674248174696402 ], [ 77.175329825804297, 28.674900790145895 ], [ 77.177132673632997, 28.675251526630095 ], [ 77.179084586626999, 28.674300515083996 ], [ 77.178738460408994, 28.672680548160493 ], [ 77.177781824599506, 28.672686099882693 ], [ 77.177572389603498, 28.6711426947966 ], [ 77.176859638199801, 28.670686485640395 ], [ 77.176831741797898, 28.669769306513306 ], [ 77.177721919507903, 28.669196729783994 ], [ 77.178243180828005, 28.667643834797705 ], [ 77.175122831887705, 28.665559733603406 ], [ 77.174030261780999, 28.663670930880297 ], [ 77.169644784424804, 28.659256844707997 ], [ 77.167945525704695, 28.656122433388202 ], [ 77.162184772969795, 28.658075669242596 ], [ 77.158918735802303, 28.658092785618493 ], [ 77.163913022539106, 28.662293542313105 ], [ 77.161596479395698, 28.666560511802501 ], [ 77.162172258119199, 28.666793492459494 ], [ 77.161823631252403, 28.667497719302986 ], [ 77.159754666436697, 28.6698719098674 ], [ 77.159901024021593, 28.670613646031288 ], [ 77.157323669302997, 28.671318556325094 ], [ 77.158023503447893, 28.671815950391601 ], [ 77.158302205001718, 28.673252558161298 ], [ 77.156948359795095, 28.674381048072004 ], [ 77.157701818469903, 28.674690489626506 ], [ 77.157517098089599, 28.675489920269506 ], [ 77.155929693860998, 28.6749855119198 ], [ 77.154550070815304, 28.673104038043405 ], [ 77.1535438283248, 28.673163277506404 ], [ 77.153324913841701, 28.672342471255295 ], [ 77.149393207959903, 28.672868153872599 ], [ 77.148502917245494, 28.669196885318598 ], [ 77.139370994759801, 28.671184294229395 ], [ 77.132663116862503, 28.677132949092503 ], [ 77.125153164882207, 28.680330780980302 ], [ 77.122067576220203, 28.682319017101399 ], [ 77.120764434904899, 28.683717729842492 ], [ 77.122182065235094, 28.685124817962691 ], [ 77.123038047061996, 28.687382985631398 ], [ 77.121306499233, 28.689069189386394 ], [ 77.119398880091879, 28.689671575534454 ], [ 77.118381218912404, 28.687220812892402 ], [ 77.114804466071107, 28.683056769339284 ], [ 77.107683786316599, 28.6885276544112 ], [ 77.103659607427701, 28.684678305942601 ], [ 77.101986739783797, 28.686614110526602 ], [ 77.097883527465498, 28.689296089768884 ], [ 77.095013300987503, 28.689001745882798 ], [ 77.092444953110501, 28.685980987223111 ], [ 77.087869351134898, 28.688841690658894 ], [ 77.083606343978701, 28.688397221835999 ], [ 77.082266348879813, 28.686454241031296 ], [ 77.078809864169699, 28.683757403800303 ], [ 77.076018993417307, 28.683022090061293 ], [ 77.073408832327601, 28.686029033896201 ], [ 77.064523525384502, 28.691988438202799 ], [ 77.056095392987999, 28.686832150028685 ], [ 77.054100279999901, 28.683415452995501 ], [ 77.048864264292803, 28.688236418528504 ], [ 77.046595622247693, 28.691468584386595 ], [ 77.045117896975697, 28.694974858764407 ], [ 77.040822726438805, 28.697564686214196 ], [ 77.037416274876804, 28.698459281332614 ], [ 77.0281100883021, 28.6961123167263 ], [ 77.012697402863196, 28.695311771197808 ], [ 77.009382493985797, 28.688255911725189 ], [ 77.002318657875506, 28.679808904268604 ], [ 77.000058197192999, 28.679207695158897 ], [ 76.995372232802893, 28.681706226721698 ], [ 76.983450383856621, 28.690053074528979 ], [ 76.978488572398007, 28.696019960019502 ], [ 76.976466508237905, 28.697455164305484 ], [ 76.976007917761294, 28.698322624206803 ], [ 76.976974167018625, 28.700602934218203 ], [ 76.974480858533994, 28.701349827353706 ], [ 76.974455244761401, 28.702050898637506 ], [ 76.972501949681302, 28.701843014805089 ], [ 76.971963199768396, 28.703336745285288 ], [ 76.972447473446096, 28.701350270923996 ], [ 76.968618048938794, 28.699260765245789 ], [ 76.966676903327894, 28.700083105176393 ], [ 76.948197517809106, 28.712987977121099 ], [ 76.951817120779211, 28.7191213979198 ], [ 76.955971987301297, 28.724015253734695 ], [ 76.959516222411693, 28.729701410995698 ], [ 76.960060469354701, 28.732735878216396 ], [ 76.958662655261591, 28.735406475951628 ], [ 76.955934692534797, 28.738227774219602 ], [ 76.958280347096803, 28.743228899640098 ], [ 76.950628390454, 28.750073585456686 ], [ 76.944502532238303, 28.753991760629905 ], [ 76.946006875435103, 28.758149385075995 ], [ 76.950394231839098, 28.7632896558565 ], [ 76.955435033691003, 28.7675764860182 ], [ 76.955397609576707, 28.768933966218814 ], [ 76.950741987783999, 28.774689089412487 ], [ 76.949811098273997, 28.777061489150601 ], [ 76.950066104499399, 28.783264125752304 ], [ 76.951647736594495, 28.787427754113693 ], [ 76.953824443343166, 28.790352276393481 ], [ 76.953336033976797, 28.791629728864898 ], [ 76.946039785478305, 28.797969358334591 ], [ 76.941890742848301, 28.798661669538401 ], [ 76.946283771359305, 28.806618023309994 ], [ 76.945914075358104, 28.81111916318148 ], [ 76.948354561411804, 28.815368755288102 ], [ 76.951013996919897, 28.818183142572604 ], [ 76.966112051022094, 28.813238692872599 ], [ 76.965782061475906, 28.811911959034099 ], [ 76.967740723547095, 28.811298920937904 ], [ 76.966769533426614, 28.809245122983391 ], [ 76.969129779523996, 28.807167269778404 ], [ 76.967170044558998, 28.803838309798603 ], [ 76.966547682333001, 28.8008069712156 ], [ 76.968706621306296, 28.800332119191584 ], [ 76.967779810128704, 28.798149375399902 ], [ 76.969295401021796, 28.797071457612805 ] ], [ [ 76.963283260285905, 28.790481434717396 ], [ 76.963744517293193, 28.790882687584311 ], [ 76.969295401021796, 28.797071457612805 ], [ 76.963283260285905, 28.790481434717396 ] ], [ [ 76.971963199768396, 28.703336745285288 ], [ 76.973088298068532, 28.705465065224132 ], [ 76.972424467057394, 28.704624208423191 ], [ 76.971963199768396, 28.703336745285288 ] ], [ [ 77.161329170504871, 28.696922569489359 ], [ 77.161283349382998, 28.696900200690891 ], [ 77.161183308877796, 28.696753676807081 ], [ 77.161329170504871, 28.696922569489359 ] ], [ [ 77.155413429638998, 28.692425491169701 ], [ 77.1551225552234, 28.693007504453501 ], [ 77.154756578178393, 28.686491047323692 ], [ 77.155119405431606, 28.692851700797206 ], [ 77.155413429638998, 28.692425491169701 ] ], [ [ 77.155413429638998, 28.692425491169701 ], [ 77.158915903153897, 28.691456421438588 ], [ 77.157383544485597, 28.692025121079901 ], [ 77.155413429638998, 28.692425491169701 ] ], [ [ 77.156262813799998, 28.700445960872802 ], [ 77.152449215408083, 28.700852983773864 ], [ 77.152458366416695, 28.700833503301094 ], [ 77.156262813799998, 28.700445960872802 ] ], [ [ 77.15224374095753, 28.694311939589955 ], [ 77.152948582144958, 28.694216003252194 ], [ 77.152949916036206, 28.694219851279499 ], [ 77.15224374095753, 28.694311939589955 ] ], [ [ 77.148956691038904, 28.694544950286371 ], [ 77.149538420055904, 28.694224208926599 ], [ 77.148984675832295, 28.694570536984994 ], [ 77.148956691038904, 28.694544950286371 ] ], [ [ 77.149538420055904, 28.694224208926599 ], [ 77.150061682971099, 28.69459648946906 ], [ 77.149945425742999, 28.694611649918702 ], [ 77.149538420055904, 28.694224208926599 ] ], [ [ 77.149754211040403, 28.709980422163699 ], [ 77.149305703872699, 28.704963329383396 ], [ 77.149355077397999, 28.704405708100598 ], [ 77.149754211040403, 28.709980422163699 ] ], [ [ 77.133009073137757, 28.710298529053009 ], [ 77.147015827230504, 28.705714442087782 ], [ 77.133015635726494, 28.7103067076748 ], [ 77.133009073137757, 28.710298529053009 ] ], [ [ 77.146772356073683, 28.703934133856091 ], [ 77.144877671873203, 28.697112962612895 ], [ 77.146745575150504, 28.703430530369996 ], [ 77.146772356073683, 28.703934133856091 ] ], [ [ 77.144331651596147, 28.69464759325373 ], [ 77.144281517213102, 28.694575499076098 ], [ 77.144722285372595, 28.694461577201398 ], [ 77.144331651596147, 28.69464759325373 ] ], [ [ 77.144722285372595, 28.694461577201398 ], [ 77.144411452125894, 28.694276573524373 ], [ 77.144437435137647, 28.694271716675591 ], [ 77.144722285372595, 28.694461577201398 ] ], [ [ 77.136179778842973, 28.696307814674444 ], [ 77.135614662277305, 28.6965033074123 ], [ 77.123828498492145, 28.698612733966264 ], [ 77.125346833873905, 28.6982117195924 ], [ 77.136179778842973, 28.696307814674444 ] ], [ [ 77.123731496012994, 28.698638353726501 ], [ 77.122038829730002, 28.699701432305499 ], [ 77.118556904241899, 28.701236428743414 ], [ 77.123731496012994, 28.698638353726501 ] ], [ [ 77.119491670789444, 28.689895036917978 ], [ 77.123547652013301, 28.694090475824698 ], [ 77.1197050801388, 28.690408975811803 ], [ 77.119491670789444, 28.689895036917978 ] ], [ [ 77.100183013336107, 28.706551121956203 ], [ 77.099511747455594, 28.7066145831465 ], [ 77.101093081402666, 28.70610758084629 ], [ 77.100183013336107, 28.706551121956203 ] ], [ [ 77.098097547397899, 28.6930199571879 ], [ 77.097454919383196, 28.69407723386901 ], [ 77.098762790986314, 28.691346262708301 ], [ 77.098097547397899, 28.6930199571879 ] ], [ [ 77.091676501134955, 28.707847900151116 ], [ 77.085025756219196, 28.700477614654901 ], [ 77.084987411405052, 28.70042000012409 ], [ 77.091676501134955, 28.707847900151116 ] ], [ [ 77.082897216383827, 28.726716413873774 ], [ 77.085372346475495, 28.721818868798703 ], [ 77.083242814984004, 28.726270311123205 ], [ 77.082897216383827, 28.726716413873774 ] ], [ [ 77.078114159573204, 28.699389165312692 ], [ 77.073152436136951, 28.701350603645022 ], [ 77.073359143109798, 28.701190630971702 ], [ 77.078114159573204, 28.699389165312692 ] ], [ [ 77.053526171470111, 28.717700927085396 ], [ 77.055018277843899, 28.719341549756201 ], [ 77.053111178256373, 28.717370341712925 ], [ 77.053526171470111, 28.717700927085396 ] ], [ [ 77.053526171470111, 28.717700927085396 ], [ 77.060862852427704, 28.712885888805289 ], [ 77.062176502459195, 28.712116259321302 ], [ 77.053526171470111, 28.717700927085396 ] ], [ [ 77.062319859248376, 28.734917008608974 ], [ 77.062340454791396, 28.734920759486002 ], [ 77.062381113735327, 28.734985231308318 ], [ 77.062319859248376, 28.734917008608974 ] ], [ [ 77.058163300476266, 28.724570643730718 ], [ 77.058349569580699, 28.724880345365808 ], [ 77.058354762089593, 28.724908387614022 ], [ 77.058163300476266, 28.724570643730718 ] ], [ [ 77.052505735460315, 28.716888043387044 ], [ 77.048711134274001, 28.715387151735197 ], [ 77.051956664610003, 28.716450651194695 ], [ 77.052505735460315, 28.716888043387044 ] ], [ [ 77.030273961675405, 28.720809034411495 ], [ 77.023370066272193, 28.724097470814701 ], [ 77.019424743274115, 28.725725605146494 ], [ 77.030273961675405, 28.720809034411495 ] ], [ [ 77.030273961675405, 28.720809034411495 ], [ 77.036135603585606, 28.719771958929901 ], [ 77.036165627146033, 28.719773266880097 ], [ 77.030273961675405, 28.720809034411495 ] ], [ [ 77.015132607028306, 28.714098616577601 ], [ 77.022218784689002, 28.711722323480984 ], [ 77.0211421021137, 28.712206210112694 ], [ 77.015132607028306, 28.714098616577601 ] ], [ [ 77.011222478344607, 28.7203234527082 ], [ 77.010804999768382, 28.719606186863217 ], [ 77.011651049639099, 28.72068916230409 ], [ 77.011222478344607, 28.7203234527082 ] ], [ [ 77.009205882860599, 28.716858759796704 ], [ 77.009140215135631, 28.716537201242712 ], [ 77.009442673275643, 28.717265587085084 ], [ 77.009205882860599, 28.716858759796704 ] ], [ [ 77.005798312097696, 28.711667736497393 ], [ 77.008446604743796, 28.713877457847698 ], [ 77.008456644618718, 28.713942536293647 ], [ 77.005798312097696, 28.711667736497393 ] ], [ [ 77.008151212007803, 28.750376576175505 ], [ 77.006221417894821, 28.751226070033855 ], [ 77.005940937745393, 28.750059610684001 ], [ 77.006274350980306, 28.751163942644201 ], [ 77.008151212007803, 28.750376576175505 ] ], [ [ 77.006802989463282, 28.759184795186496 ], [ 77.0068530825274, 28.759328366332898 ], [ 77.006086120823298, 28.769911585245893 ], [ 77.006802989463282, 28.759184795186496 ] ], [ [ 77.006200769451198, 28.74889639248498 ], [ 77.006399976718924, 28.748643212976642 ], [ 77.006550489352193, 28.749487651246202 ], [ 77.006200769451198, 28.74889639248498 ] ], [ [ 77.005809525419707, 28.756337439486604 ], [ 77.006543972693819, 28.758442430246713 ], [ 77.006383743506007, 28.758352643826289 ], [ 77.005809525419707, 28.756337439486604 ] ], [ [ 77.006008681749904, 28.752082887265804 ], [ 77.006217349932172, 28.751879726895389 ], [ 77.006153791327307, 28.756004337458297 ], [ 77.006008681749904, 28.752082887265804 ] ], [ [ 77.005853579094406, 28.747726209012502 ], [ 77.004741377118535, 28.746286202930314 ], [ 77.004979420827695, 28.746287200013889 ], [ 77.005853579094406, 28.747726209012502 ] ], [ [ 77.0039490238985, 28.740847936439497 ], [ 77.002111106077095, 28.741441383600698 ], [ 77.003912649882977, 28.740681127245342 ], [ 77.0039490238985, 28.740847936439497 ] ], [ [ 77.003874018283938, 28.740503964899851 ], [ 77.003434808654319, 28.739576911934304 ], [ 77.003748091455094, 28.739926471528801 ], [ 77.003874018283938, 28.740503964899851 ] ], [ [ 77.001077206960005, 28.707076319081793 ], [ 77.001087321678654, 28.706966135021545 ], [ 77.002485277638399, 28.712643829177999 ], [ 77.001077206960005, 28.707076319081793 ] ], [ [ 77.001296013835983, 28.705547850663173 ], [ 77.001202907970921, 28.705707002915716 ], [ 77.001212115934806, 28.70560669653231 ], [ 77.001296013835983, 28.705547850663173 ] ], [ [ 76.994711490971497, 28.751022186964995 ], [ 77.000103509339496, 28.748659565728502 ], [ 76.995181019813501, 28.750834441274808 ], [ 76.995756941006007, 28.751970064402311 ], [ 76.994711490971497, 28.751022186964995 ] ], [ [ 76.988939085524663, 28.759900827543845 ], [ 76.991876577593004, 28.759113691445688 ], [ 76.992747935697594, 28.759165745129 ], [ 76.988939085524663, 28.759900827543845 ] ], [ [ 76.993240848715899, 28.754949473844793 ], [ 76.9944268378472, 28.757995664851798 ], [ 76.994429051787648, 28.758087099514508 ], [ 76.993240848715899, 28.754949473844793 ] ], [ [ 76.993240848715899, 28.754949473844793 ], [ 76.994044879953648, 28.754378543941861 ], [ 76.994047339920897, 28.75440647727839 ], [ 76.993240848715899, 28.754949473844793 ] ], [ [ 76.991848384872895, 28.710919538446404 ], [ 76.991848963964983, 28.710919297291252 ], [ 76.991723184805394, 28.711645291669999 ], [ 76.991848384872895, 28.710919538446404 ] ], [ [ 76.985128595198702, 28.771897645007609 ], [ 76.987927945966803, 28.777404761622602 ], [ 76.985039793131065, 28.77179496331394 ], [ 76.985128595198702, 28.771897645007609 ] ], [ [ 76.987927945966803, 28.777404761622602 ], [ 76.987652911620401, 28.777630761589293 ], [ 76.98763901500881, 28.777621515815596 ], [ 76.987927945966803, 28.777404761622602 ] ], [ [ 76.985266530984305, 28.7161216273329 ], [ 76.984465719731901, 28.716829549148606 ], [ 76.982488547576807, 28.71765955673639 ], [ 76.985266530984305, 28.7161216273329 ] ], [ [ 76.979217087140498, 28.702752384248299 ], [ 76.979103584797457, 28.702639157267022 ], [ 76.983697778866386, 28.704975117488811 ], [ 76.979217087140498, 28.702752384248299 ] ], [ [ 76.981920174909504, 28.764853356713498 ], [ 76.983886629264632, 28.76338386003183 ], [ 76.983774504392301, 28.763609245842012 ], [ 76.981920174909504, 28.764853356713498 ] ], [ [ 76.982094578012379, 28.717477938009377 ], [ 76.982076094928416, 28.717982796567977 ], [ 76.981056465763501, 28.718197102486101 ], [ 76.982094578012379, 28.717477938009377 ] ], [ [ 76.979289815899705, 28.7160268474688 ], [ 76.979053811953506, 28.715742351947657 ], [ 76.979581598018413, 28.71617549095421 ], [ 76.979289815899705, 28.7160268474688 ] ], [ [ 76.974796829679804, 28.753383036088689 ], [ 76.978369120254797, 28.757792493776204 ], [ 76.973707636832202, 28.752437565410901 ], [ 76.974796829679804, 28.753383036088689 ] ], [ [ 76.974844061465902, 28.7291585989074 ], [ 76.974378628346699, 28.729155022029705 ], [ 76.972865158414095, 28.7287095374604 ], [ 76.974844061465902, 28.7291585989074 ] ], [ [ 76.970464168599008, 28.764068055285428 ], [ 76.970486043612112, 28.764069784824699 ], [ 76.970787854471951, 28.764155361119297 ], [ 76.970464168599008, 28.764068055285428 ] ], [ [ 76.957101401995203, 28.766189293249699 ], [ 76.960172155204901, 28.764852528008195 ], [ 76.960254786406921, 28.764834925464879 ], [ 76.957101401995203, 28.766189293249699 ] ], [ [ 76.958949272380394, 28.789534083307 ], [ 76.957570361126272, 28.789312897579507 ], [ 76.957632096110203, 28.789295767989891 ], [ 76.958949272380394, 28.789534083307 ] ] ] } },
{ "type": "Feature", "properties": { "district": "Shahadra" }, "geometry": { "type": "Polygon", "coordinates": [ [ [ 77.273701784414598, 28.652372644952607 ], [ 77.273857883467798, 28.6557380304845 ], [ 77.271668062378211, 28.661762544730596 ], [ 77.272235353688501, 28.662283397511192 ], [ 77.261228756648606, 28.656253741402686 ], [ 77.259507289371001, 28.658345861060088 ], [ 77.259312924878898, 28.659477259050291 ], [ 77.251833133299002, 28.662488112810703 ], [ 77.249939447304214, 28.665982373576796 ], [ 77.251169562115095, 28.669367240261902 ], [ 77.252366186553601, 28.669267414616805 ], [ 77.2537196227902, 28.671047668608505 ], [ 77.258681600281193, 28.670071479201201 ], [ 77.259170445954908, 28.670561287193099 ], [ 77.261870153611397, 28.670426992347299 ], [ 77.266018290152402, 28.671058433918002 ], [ 77.269987241295595, 28.672869562096192 ], [ 77.269455443385496, 28.673031327344486 ], [ 77.270158095901948, 28.673266565073813 ], [ 77.268731881428806, 28.673448225514505 ], [ 77.269308500891711, 28.673827674561995 ], [ 77.268206677366194, 28.674700773281899 ], [ 77.269788451180204, 28.676100203455398 ], [ 77.268009439251401, 28.676869975226101 ], [ 77.270188355020494, 28.679229524606797 ], [ 77.270302607574607, 28.680008228305301 ], [ 77.269394730788406, 28.680462707142702 ], [ 77.270601509850493, 28.683066249355399 ], [ 77.272309523804495, 28.682638940453103 ], [ 77.270572778384903, 28.683075428256295 ], [ 77.272046591425607, 28.696960474483994 ], [ 77.272758126988293, 28.697326003413195 ], [ 77.275032821337206, 28.69678165063911 ], [ 77.279765408188808, 28.69798404300969 ], [ 77.279270810080803, 28.696962427941603 ], [ 77.281905493908695, 28.6962197339531 ], [ 77.280312784818605, 28.692235910432395 ], [ 77.281907733655103, 28.696052248832999 ], [ 77.284493130693605, 28.693479136255505 ], [ 77.284234211408233, 28.692831434014309 ], [ 77.286547409416997, 28.695845425256394 ], [ 77.292091741756593, 28.692951083373202 ], [ 77.299314560009407, 28.691965926551493 ], [ 77.297082896188599, 28.692318316807192 ], [ 77.298273361061405, 28.696565796458302 ], [ 77.296702540500803, 28.703614963404299 ], [ 77.299133142520503, 28.708618612337901 ], [ 77.2990349732613, 28.709854620957099 ], [ 77.303290904476796, 28.711372395512285 ], [ 77.304784728015093, 28.712899813346795 ], [ 77.306229369231801, 28.713256965039296 ], [ 77.308197685762806, 28.712777881878392 ], [ 77.3098492827434, 28.713188024532997 ], [ 77.3166564485946, 28.712919821118291 ], [ 77.317734371427207, 28.713983745706585 ], [ 77.322063426008796, 28.712102462776901 ], [ 77.323088505674505, 28.713055193743305 ], [ 77.323950227901719, 28.712656877523607 ], [ 77.324451321829002, 28.713302730342203 ], [ 77.326238017173907, 28.712708923787297 ], [ 77.327141978030497, 28.713489916678395 ], [ 77.331077904286005, 28.713101667950902 ], [ 77.327162056815595, 28.710380893180499 ], [ 77.326484268443807, 28.710452105942103 ], [ 77.324455706173396, 28.707061133964501 ], [ 77.325631669180694, 28.704870305827491 ], [ 77.325737490751806, 28.702854176306705 ], [ 77.32527581964132, 28.7011037130905 ], [ 77.323270470389417, 28.698575262238602 ], [ 77.330818154013201, 28.689359403436104 ], [ 77.332922188680996, 28.681960198381812 ], [ 77.330095299108294, 28.6782210081412 ], [ 77.323902638432301, 28.677195555547396 ], [ 77.323304219981296, 28.671658974472702 ], [ 77.323721169700605, 28.668959992562485 ], [ 77.323000726930104, 28.667159226323395 ], [ 77.321636361471903, 28.666283285763907 ], [ 77.321036063297001, 28.664228400232993 ], [ 77.319878844574703, 28.651086350003002 ], [ 77.316174620898394, 28.640604515918799 ], [ 77.315406405516399, 28.640014177093704 ], [ 77.3077791949611, 28.642620261169299 ], [ 77.301659691721596, 28.643791325717999 ], [ 77.296850294611204, 28.648341256336089 ], [ 77.293395204881705, 28.653752054799 ], [ 77.289218222897105, 28.657881680085062 ], [ 77.287901696494288, 28.657919525222617 ], [ 77.285955461034902, 28.656795345016899 ], [ 77.279956261046706, 28.655096591209599 ], [ 77.277348914035812, 28.653805685265404 ], [ 77.2774768967911, 28.652423414633311 ], [ 77.274547005346093, 28.651569989678499 ], [ 77.273701784414598, 28.652372644952607 ] ], [ [ 77.299314560009407, 28.691965926551493 ], [ 77.299088350354097, 28.688431090445395 ], [ 77.299188430157315, 28.689795116063891 ], [ 77.299314560009407, 28.691965926551493 ] ], [ [ 77.308535242270978, 28.708501030000548 ], [ 77.310572569676296, 28.710105836917798 ], [ 77.313351755746197, 28.712994076182802 ], [ 77.308535242270978, 28.708501030000548 ] ], [ [ 77.304362168987453, 28.703389660501553 ], [ 77.307257473998888, 28.707309074058514 ], [ 77.305094852345803, 28.704653094489696 ], [ 77.304362168987453, 28.703389660501553 ] ], [ [ 77.305720068487503, 28.682822879711399 ], [ 77.302435528338478, 28.681695231864417 ], [ 77.302601822358199, 28.681603598608 ], [ 77.305720068487503, 28.682822879711399 ] ], [ [ 77.304400909003704, 28.689336300433503 ], [ 77.3043633852987, 28.689366756681732 ], [ 77.304368916361923, 28.689269170922113 ], [ 77.304400909003704, 28.689336300433503 ] ], [ [ 77.302526499192098, 28.700224244522001 ], [ 77.303075784248605, 28.700677429990701 ], [ 77.303545248812284, 28.701980969143758 ], [ 77.302526499192098, 28.700224244522001 ] ], [ [ 77.30213321904165, 28.681751946235444 ], [ 77.302407323303484, 28.681710773729407 ], [ 77.302477576511393, 28.6837927233729 ], [ 77.30213321904165, 28.681751946235444 ] ], [ [ 77.301218743717101, 28.696554729085452 ], [ 77.301216252457806, 28.696550379033699 ], [ 77.302223766486506, 28.691869588695109 ], [ 77.301218743717101, 28.696554729085452 ] ], [ [ 77.302249083366306, 28.698301536789799 ], [ 77.302257888267604, 28.698369206042386 ], [ 77.301496192418895, 28.697039189381076 ], [ 77.302249083366306, 28.698301536789799 ] ], [ [ 77.290082044374998, 28.677863518344697 ], [ 77.289425517110075, 28.67904447929449 ], [ 77.289403995386778, 28.679047813049596 ], [ 77.290082044374998, 28.677863518344697 ] ], [ [ 77.279795398130801, 28.681785450261305 ], [ 77.279369969718999, 28.679472715262122 ], [ 77.2798654318253, 28.681768451592301 ], [ 77.281744369371395, 28.681323787858901 ], [ 77.279795398130801, 28.681785450261305 ] ], [ [ 77.281744369371395, 28.681323787858901 ], [ 77.284249628308601, 28.681353594294599 ], [ 77.285423153412793, 28.6805122043103 ], [ 77.284244903830242, 28.681371308682067 ], [ 77.281744369371395, 28.681323787858901 ] ], [ [ 77.283962203951106, 28.692150990920396 ], [ 77.284020286867957, 28.692054674697804 ], [ 77.284020465100909, 28.692296734707881 ], [ 77.283962203951106, 28.692150990920396 ] ], [ [ 77.282789306424505, 28.669438634085001 ], [ 77.282626423521094, 28.668179236591289 ], [ 77.282790066041485, 28.66943894926489 ], [ 77.282789306424505, 28.669438634085001 ] ], [ [ 77.280916443742285, 28.683876343361437 ], [ 77.280919607086688, 28.683773654886227 ], [ 77.280942100473794, 28.683813435263392 ], [ 77.280916443742285, 28.683876343361437 ] ], [ [ 77.280006702191045, 28.686106951367567 ], [ 77.280313227640804, 28.684884070189604 ], [ 77.280578409924289, 28.684705173197514 ], [ 77.280006702191045, 28.686106951367567 ] ], [ [ 77.279966799288886, 28.686266143721834 ], [ 77.279968713627909, 28.686258506479412 ], [ 77.279971442238647, 28.686265496250712 ], [ 77.279966799288886, 28.686266143721834 ] ], [ [ 77.274319596940529, 28.669201794795573 ], [ 77.274340624297906, 28.669301669997999 ], [ 77.274269001886594, 28.66970686774366 ], [ 77.274319596940529, 28.669201794795573 ] ], [ [ 77.27397490385934, 28.672547355162923 ], [ 77.270549663251899, 28.673394845264998 ], [ 77.270540945770577, 28.673391989357395 ], [ 77.27397490385934, 28.672547355162923 ] ] ] } },
{ "type": "Feature", "properties": { "district": "South" }, "geometry": { "type": "MultiPolygon", "coordinates": [ [ [ [ 77.210292204647004, 28.409856031292701 ], [ 77.207148386621299, 28.409810146287899 ], [ 77.200011875374202, 28.408235011331794 ], [ 77.192518581788505, 28.408222480920696 ], [ 77.190528004713997, 28.407205494532509 ], [ 77.184373176977303, 28.410428013173199 ], [ 77.182028639325793, 28.409000895736405 ], [ 77.177938292827506, 28.407671309325398 ], [ 77.174755696545304, 28.404760953074302 ], [ 77.171445572961503, 28.406264226819701 ], [ 77.171135293618704, 28.409237646412105 ], [ 77.168961958793105, 28.411781346706899 ], [ 77.164842485053597, 28.414949986626588 ], [ 77.165927756101397, 28.425693419064892 ], [ 77.162295974801495, 28.428939373375901 ], [ 77.152676740355503, 28.433654986952803 ], [ 77.148309287983395, 28.437400043357901 ], [ 77.142444619779795, 28.437341935496303 ], [ 77.141077100666493, 28.436696069470599 ], [ 77.132326690128806, 28.43914341210969 ], [ 77.131415588022307, 28.440610356237208 ], [ 77.128905405606105, 28.440704344931898 ], [ 77.1236294078752, 28.445455658865509 ], [ 77.121847036162094, 28.4585070476273 ], [ 77.116836273560196, 28.462834563456401 ], [ 77.110777561024904, 28.471311989852904 ], [ 77.1129662890053, 28.471229864442993 ], [ 77.114686192519997, 28.48097052263779 ], [ 77.118565273594996, 28.488052482856993 ], [ 77.127265410134697, 28.486956417023293 ], [ 77.132658909513296, 28.487602222135497 ], [ 77.137303541917404, 28.48669772979289 ], [ 77.144296086467335, 28.483971496928408 ], [ 77.145053315094799, 28.487849097009391 ], [ 77.147886389273907, 28.492610985685097 ], [ 77.150008299412903, 28.499300313642802 ], [ 77.149479497845945, 28.499960073907566 ], [ 77.147716331444897, 28.499768113336099 ], [ 77.143374952086404, 28.497489531938005 ], [ 77.140867989558501, 28.5006515241888 ], [ 77.136712236832594, 28.504344226390987 ], [ 77.129369370247602, 28.5068245129834 ], [ 77.131176864346003, 28.517852969032102 ], [ 77.133585043203098, 28.521188602524994 ], [ 77.134187650909794, 28.524036633772301 ], [ 77.139402361788498, 28.523409563053594 ], [ 77.147120854191201, 28.523487903815198 ], [ 77.156213733126904, 28.521256472997099 ], [ 77.159471954756299, 28.525802388356599 ], [ 77.1640255779743, 28.526389678249195 ], [ 77.169502584387601, 28.533384243994799 ], [ 77.174168975475098, 28.535915998767599 ], [ 77.178810618769901, 28.535694024047 ], [ 77.174886244566295, 28.535932102971003 ], [ 77.171917548597193, 28.539108164472399 ], [ 77.160547941975807, 28.545435113748191 ], [ 77.165105699995394, 28.545692175272503 ], [ 77.169594503455201, 28.547956112475205 ], [ 77.176215158296003, 28.547982718477794 ], [ 77.181165022811598, 28.548690885220676 ], [ 77.182913239570695, 28.551596547808394 ], [ 77.183740145042705, 28.55502606575779 ], [ 77.181614092304898, 28.555078123594694 ], [ 77.181897553799502, 28.555890193934296 ], [ 77.182361276894596, 28.556660448428001 ], [ 77.184581232926433, 28.557498397975024 ], [ 77.181280680818702, 28.55864943242619 ], [ 77.183178365731095, 28.560908121313094 ], [ 77.187750249894094, 28.562927206104799 ], [ 77.1914389727513, 28.562303665739798 ], [ 77.192583425108694, 28.562735511510393 ], [ 77.193434559422599, 28.56508359164469 ], [ 77.198991670315607, 28.569242564811596 ], [ 77.201020967497072, 28.560129418211616 ], [ 77.200994191327098, 28.5623290807827 ], [ 77.202415722756101, 28.562452583914304 ], [ 77.204225676999897, 28.563582337359492 ], [ 77.209122348198306, 28.559026825848701 ], [ 77.21166214258561, 28.563232420734899 ], [ 77.2156957207673, 28.566311585923497 ], [ 77.216476912549695, 28.564842896283601 ], [ 77.218090514208015, 28.564178665611095 ], [ 77.217822001439401, 28.563052369693299 ], [ 77.219240661297619, 28.562377884699597 ], [ 77.220160278802098, 28.563508294836399 ], [ 77.221523251716604, 28.561704013742499 ], [ 77.222875765509002, 28.561285717482502 ], [ 77.223259398170796, 28.557198627728194 ], [ 77.221900470558793, 28.55725326937101 ], [ 77.223595992808399, 28.557174035690199 ], [ 77.224230816485502, 28.55614957979639 ], [ 77.223886251396664, 28.554820265792618 ], [ 77.226632096449606, 28.553969588483998 ], [ 77.2289701349046, 28.554222481419401 ], [ 77.231539490590905, 28.553243080910693 ], [ 77.2311876443746, 28.5490399931398 ], [ 77.2341485320175, 28.547253135697797 ], [ 77.235080798653811, 28.534214132892252 ], [ 77.246055828830706, 28.527647574973393 ], [ 77.244239875673003, 28.523489754393285 ], [ 77.243830970773402, 28.520846944978999 ], [ 77.244026524101074, 28.517095310589415 ], [ 77.244992093148596, 28.514311587710601 ], [ 77.242207638631299, 28.507989516323097 ], [ 77.241971628625294, 28.5051680180439 ], [ 77.242817499454503, 28.498807128621994 ], [ 77.245493780359894, 28.495124827282392 ], [ 77.2475040763278, 28.493844748518896 ], [ 77.249248324588805, 28.490778081444784 ], [ 77.249682367750495, 28.484256406838103 ], [ 77.249072032072505, 28.481540754004293 ], [ 77.248063144758305, 28.480652235347403 ], [ 77.243297109608406, 28.478819954368404 ], [ 77.235610014259507, 28.471148805954503 ], [ 77.232920110907997, 28.457912106658405 ], [ 77.234413534564609, 28.454717252869589 ], [ 77.241846394366206, 28.456176521586805 ], [ 77.244388350637493, 28.455321229605005 ], [ 77.246194733109903, 28.4534530105832 ], [ 77.248933869399096, 28.446957784654295 ], [ 77.249863493418701, 28.437770152734988 ], [ 77.248687430310795, 28.433129032363272 ], [ 77.252638718754795, 28.432908717564001 ], [ 77.249523983606494, 28.424467836057296 ], [ 77.238414880688595, 28.420825414838198 ], [ 77.228521006233407, 28.413908944280905 ], [ 77.2219523737255, 28.412445627143288 ], [ 77.216605515084893, 28.409727823570393 ], [ 77.216006320803899, 28.411460916820303 ], [ 77.210292204647004, 28.409856031292701 ] ], [ [ 77.243127239984702, 28.527751239193787 ], [ 77.243707523648013, 28.527661437799793 ], [ 77.243619997337603, 28.527700895352709 ], [ 77.243127239984702, 28.527751239193787 ] ], [ [ 77.235832878353193, 28.528062845001799 ], [ 77.24047825689297, 28.528021879465356 ], [ 77.238972130176606, 28.5281757568324 ], [ 77.235832878353193, 28.528062845001799 ] ], [ [ 77.235002686910306, 28.515363036987299 ], [ 77.235066695980521, 28.515371374338077 ], [ 77.230515448591603, 28.516344204508201 ], [ 77.235002686910306, 28.515363036987299 ] ], [ [ 77.228838039749803, 28.535867029078268 ], [ 77.2289028682343, 28.535849642576498 ], [ 77.229312554182499, 28.536791192480909 ], [ 77.228838039749803, 28.535867029078268 ] ], [ [ 77.229312554182499, 28.536791192480909 ], [ 77.232923513801097, 28.5349893088726 ], [ 77.2350005930995, 28.534242953109995 ], [ 77.229312554182499, 28.536791192480909 ] ], [ [ 77.227006286912101, 28.5177570321746 ], [ 77.231032218341895, 28.527088294920588 ], [ 77.2278771552416, 28.519833979982291 ], [ 77.227006286912101, 28.5177570321746 ] ], [ [ 77.223939471385705, 28.451509542030902 ], [ 77.226984267769097, 28.451101119968289 ], [ 77.228499687636699, 28.451146581601993 ], [ 77.223939471385705, 28.451509542030902 ] ], [ [ 77.224686288807405, 28.535868935044402 ], [ 77.225095026220501, 28.536870876566901 ], [ 77.225094338232665, 28.536888455082153 ], [ 77.224686288807405, 28.535868935044402 ] ], [ [ 77.217640122139599, 28.453202452203296 ], [ 77.221673930741403, 28.4518134365008 ], [ 77.221769789633839, 28.451800578206957 ], [ 77.217640122139599, 28.453202452203296 ] ], [ [ 77.221876447529397, 28.460622830047896 ], [ 77.220909049938811, 28.464842928050398 ], [ 77.220906172938797, 28.464847381820437 ], [ 77.221876447529397, 28.460622830047896 ] ], [ [ 77.221548611886703, 28.5519656403883 ], [ 77.223566056695688, 28.554429257716393 ], [ 77.218950777630596, 28.549541209549005 ], [ 77.221548611886703, 28.5519656403883 ] ], [ [ 77.221554127951975, 28.54228412540132 ], [ 77.222064184425093, 28.541317296799999 ], [ 77.221568230993796, 28.542280930151993 ], [ 77.221554127951975, 28.54228412540132 ] ], [ [ 77.219490021431923, 28.467039670011012 ], [ 77.219041292853703, 28.467734328992094 ], [ 77.215582218676388, 28.471079298655706 ], [ 77.219490021431923, 28.467039670011012 ] ], [ [ 77.218759871601435, 28.509527878767987 ], [ 77.218574376005606, 28.509573136009898 ], [ 77.218320402303092, 28.508954405368637 ], [ 77.218759871601435, 28.509527878767987 ] ], [ [ 77.212263480009199, 28.509730992569171 ], [ 77.212636609838398, 28.509747838986101 ], [ 77.218093968515703, 28.508402767458598 ], [ 77.212467492373705, 28.5097979984352 ], [ 77.213153270592699, 28.511296847422702 ], [ 77.212263480009199, 28.509730992569171 ] ], [ [ 77.212636609838398, 28.509747838986101 ], [ 77.212948400154986, 28.505962586171993 ], [ 77.212979563527199, 28.5061536488634 ], [ 77.212636609838398, 28.509747838986101 ] ], [ [ 77.218093968515703, 28.508402767458598 ], [ 77.218409861114907, 28.507716901108996 ], [ 77.218210619700471, 28.508686953032282 ], [ 77.218093968515703, 28.508402767458598 ] ], [ [ 77.213153270592699, 28.511296847422702 ], [ 77.212854538851147, 28.512153399471277 ], [ 77.212776756956899, 28.512049712310201 ], [ 77.213153270592699, 28.511296847422702 ] ], [ [ 77.202815687376315, 28.526881041320948 ], [ 77.202926131757806, 28.527292652142691 ], [ 77.202458789213196, 28.52849951115649 ], [ 77.202815687376315, 28.526881041320948 ] ], [ [ 77.202926131757806, 28.527292652142691 ], [ 77.217003112654695, 28.530604538653897 ], [ 77.214137857312394, 28.529999348989993 ], [ 77.202926131757806, 28.527292652142691 ] ], [ [ 77.217003112654695, 28.530604538653897 ], [ 77.216982646449253, 28.529959216845704 ], [ 77.217019030751999, 28.529965701110207 ], [ 77.217003112654695, 28.530604538653897 ] ], [ [ 77.214137857312394, 28.529999348989993 ], [ 77.213914758700398, 28.530821012093583 ], [ 77.213913855790196, 28.530820994142534 ], [ 77.214137857312394, 28.529999348989993 ] ], [ [ 77.217242301422999, 28.544674505613902 ], [ 77.216717307760632, 28.545036170495038 ], [ 77.214625398097098, 28.544827603569999 ], [ 77.217127667858094, 28.544726078971706 ], [ 77.217021750868298, 28.543770428606397 ], [ 77.217242301422999, 28.544674505613902 ] ], [ [ 77.215604689021305, 28.537805221917989 ], [ 77.216404524647359, 28.535618217960291 ], [ 77.216408243601563, 28.53561828560084 ], [ 77.216407678308911, 28.536457076842598 ], [ 77.215604689021305, 28.537805221917989 ] ], [ [ 77.213177914320298, 28.526888227710295 ], [ 77.21321747605208, 28.526861563875801 ], [ 77.215197552901699, 28.529641084633393 ], [ 77.213177914320298, 28.526888227710295 ] ], [ [ 77.204065398147108, 28.458420968527395 ], [ 77.195653130442395, 28.461024068853796 ], [ 77.213047155025293, 28.455355461022801 ], [ 77.204065398147108, 28.458420968527395 ] ], [ [ 77.212977695970096, 28.531162698844401 ], [ 77.213602389908203, 28.531366611167904 ], [ 77.212762866643189, 28.531128494404658 ], [ 77.212977695970096, 28.531162698844401 ] ], [ [ 77.213625164950599, 28.5386378754852 ], [ 77.212716754497791, 28.53866204057546 ], [ 77.212720028626194, 28.538656706868892 ], [ 77.213625164950599, 28.5386378754852 ] ], [ [ 77.212237559644535, 28.501647444065899 ], [ 77.212251915001303, 28.501692434434602 ], [ 77.212382044746548, 28.502490260138135 ], [ 77.212237559644535, 28.501647444065899 ] ], [ [ 77.213201011702097, 28.555127867806998 ], [ 77.212054482666389, 28.55458235489446 ], [ 77.212372691190694, 28.554580155686988 ], [ 77.213201011702097, 28.555127867806998 ] ], [ [ 77.210030462598297, 28.494730297282299 ], [ 77.207015183570405, 28.495687584114304 ], [ 77.211875573122299, 28.494017338543497 ], [ 77.210030462598297, 28.494730297282299 ] ], [ [ 77.212825219579386, 28.542564109382472 ], [ 77.212802188454404, 28.542554029056507 ], [ 77.21273962660743, 28.542439762775043 ], [ 77.212825219579386, 28.542564109382472 ] ], [ [ 77.2118733667443, 28.50971337936809 ], [ 77.212117892885885, 28.509724419464622 ], [ 77.209599082434806, 28.510950643557301 ], [ 77.2118733667443, 28.50971337936809 ] ], [ [ 77.212539980987401, 28.540624783795103 ], [ 77.212529709399817, 28.540679369798447 ], [ 77.212244638473095, 28.5394311394124 ], [ 77.212539980987401, 28.540624783795103 ] ], [ [ 77.212505514496598, 28.540807948078648 ], [ 77.212336873358637, 28.541704152841618 ], [ 77.212218092712803, 28.541487205558802 ], [ 77.212505514496598, 28.540807948078648 ] ], [ [ 77.20759290883062, 28.538110949862059 ], [ 77.21190394371429, 28.537433028129669 ], [ 77.211911556204797, 28.537452817617908 ], [ 77.20759290883062, 28.538110949862059 ] ], [ [ 77.2112950049613, 28.536261633324699 ], [ 77.211661516142996, 28.5368028115704 ], [ 77.211802090302072, 28.537168249224116 ], [ 77.2112950049613, 28.536261633324699 ] ], [ [ 77.21096426814681, 28.531607973203393 ], [ 77.210718029523221, 28.532503364137998 ], [ 77.210703183842782, 28.532511626685732 ], [ 77.21096426814681, 28.531607973203393 ] ], [ [ 77.204769317716995, 28.4788331320301 ], [ 77.209360578739705, 28.475577543172896 ], [ 77.198128451873146, 28.483981672030957 ], [ 77.204769317716995, 28.4788331320301 ] ], [ [ 77.210920286943605, 28.55404271011194 ], [ 77.210760763328437, 28.553966809555376 ], [ 77.210803536981402, 28.553960380787014 ], [ 77.210920286943605, 28.55404271011194 ] ], [ [ 77.200776792375876, 28.445298829552947 ], [ 77.207626565578707, 28.440689812355799 ], [ 77.200914395538305, 28.445259396684602 ], [ 77.200776792375876, 28.445298829552947 ] ], [ [ 77.203352995583202, 28.558251826198397 ], [ 77.207359534081107, 28.556022959293099 ], [ 77.207137936043907, 28.555563513840202 ], [ 77.209281261232206, 28.558345877170005 ], [ 77.207384723597499, 28.5560094328399 ], [ 77.203352995583202, 28.558251826198397 ] ], [ [ 77.204085334534795, 28.545058129725696 ], [ 77.206853700041805, 28.545066733580899 ], [ 77.207863169496093, 28.545308197408293 ], [ 77.204085334534795, 28.545058129725696 ] ], [ [ 77.204085334534795, 28.545058129725696 ], [ 77.204491131152579, 28.545387125580564 ], [ 77.204050477115089, 28.545050831253953 ], [ 77.204085334534795, 28.545058129725696 ] ], [ [ 77.206719930938405, 28.547194104393895 ], [ 77.207948238228695, 28.549822052580204 ], [ 77.206431600431955, 28.546960343102398 ], [ 77.206719930938405, 28.547194104393895 ] ], [ [ 77.202390437380188, 28.538777199816796 ], [ 77.202728818891401, 28.538785734725501 ], [ 77.207098594125839, 28.54024706939629 ], [ 77.202390437380188, 28.538777199816796 ] ], [ [ 77.206148669710004, 28.513075111176498 ], [ 77.205429232388397, 28.513570944608393 ], [ 77.204730671213099, 28.513589449097601 ], [ 77.206148669710004, 28.513075111176498 ] ], [ [ 77.201420426222043, 28.544627553960556 ], [ 77.201586526802998, 28.544534927555901 ], [ 77.203313196870909, 28.544896458983295 ], [ 77.201420426222043, 28.544627553960556 ] ], [ [ 77.201683001631395, 28.512993422378596 ], [ 77.202139894557604, 28.5135441037779 ], [ 77.200770830566071, 28.512688444474723 ], [ 77.201683001631395, 28.512993422378596 ] ], [ [ 77.201054809884099, 28.538851782081988 ], [ 77.201863388026766, 28.538763906188251 ], [ 77.197274362008699, 28.540239770873296 ], [ 77.201054809884099, 28.538851782081988 ] ], [ [ 77.200108259473893, 28.512466918545492 ], [ 77.200238499771075, 28.51251046346195 ], [ 77.194629587886595, 28.5113290897193 ], [ 77.200108259473893, 28.512466918545492 ] ], [ [ 77.200359285424256, 28.55471707733053 ], [ 77.200465052569001, 28.554898083570098 ], [ 77.200959887339195, 28.5566627495595 ], [ 77.200359285424256, 28.55471707733053 ] ], [ [ 77.200413100357693, 28.531316865684794 ], [ 77.200000008299213, 28.5321751874271 ], [ 77.199905166570403, 28.532227909479602 ], [ 77.200413100357693, 28.531316865684794 ] ], [ [ 77.197693446821205, 28.550797653965201 ], [ 77.200218339342399, 28.549783865466399 ], [ 77.198123451364623, 28.55089074812016 ], [ 77.197693446821205, 28.550797653965201 ] ], [ [ 77.197370890987585, 28.55350005152588 ], [ 77.197444860035205, 28.553469942610107 ], [ 77.199396673253005, 28.553193328497599 ], [ 77.197370890987585, 28.55350005152588 ] ], [ [ 77.199396673253005, 28.553193328497599 ], [ 77.198771437996811, 28.551999690068708 ], [ 77.19980736995619, 28.553772548255118 ], [ 77.199396673253005, 28.553193328497599 ] ], [ [ 77.19910268550062, 28.532674004775725 ], [ 77.19906111751348, 28.532697112216177 ], [ 77.19906026544372, 28.532695286134008 ], [ 77.19910268550062, 28.532674004775725 ] ], [ [ 77.194582680537494, 28.485643728253493 ], [ 77.19622514486322, 28.485405768959158 ], [ 77.196244645258815, 28.485445725142458 ], [ 77.194582680537494, 28.485643728253493 ] ], [ [ 77.193827551911795, 28.511817404632598 ], [ 77.195948874514102, 28.515544483059401 ], [ 77.193618023053872, 28.511449401550557 ], [ 77.193827551911795, 28.511817404632598 ] ], [ [ 77.196097186408323, 28.563309067372082 ], [ 77.195602285917701, 28.563462431951894 ], [ 77.195330129354147, 28.563464889293691 ], [ 77.196097186408323, 28.563309067372082 ] ], [ [ 77.194999888132003, 28.515844541297799 ], [ 77.19498098290498, 28.515846679522792 ], [ 77.195073383953925, 28.51582130279062 ], [ 77.194999888132003, 28.515844541297799 ] ], [ [ 77.188801158777608, 28.496569603092961 ], [ 77.189646088571706, 28.498042960621699 ], [ 77.193422355199601, 28.496047061469888 ], [ 77.189640456385007, 28.498050534744699 ], [ 77.190037624694526, 28.498864217006716 ], [ 77.188801158777608, 28.496569603092961 ] ], [ [ 77.192430983095974, 28.509342171892797 ], [ 77.192427063426905, 28.5093352137084 ], [ 77.193247488982493, 28.508137971676192 ], [ 77.192430983095974, 28.509342171892797 ] ], [ [ 77.193833492906805, 28.540560037771794 ], [ 77.192661858682953, 28.540983776875827 ], [ 77.193213964174404, 28.540617701850199 ], [ 77.193833492906805, 28.540560037771794 ] ], [ [ 77.193495097978001, 28.5553189113648 ], [ 77.192409562019435, 28.55557787803961 ], [ 77.193550550192853, 28.55529796 ], [ 77.193495097978001, 28.5553189113648 ] ], [ [ 77.192724041090941, 28.516466518892699 ], [ 77.192352257687475, 28.516593193078045 ], [ 77.192474167894105, 28.516535143278102 ], [ 77.192724041090941, 28.516466518892699 ] ], [ [ 77.19077477459382, 28.471489872475104 ], [ 77.190974102940004, 28.471454449747192 ], [ 77.191227490312798, 28.472185603011898 ], [ 77.19077477459382, 28.471489872475104 ] ], [ [ 77.188464059991517, 28.428944251566996 ], [ 77.189992768564522, 28.42862239827069 ], [ 77.190015133005616, 28.428638250807577 ], [ 77.188464059991517, 28.428944251566996 ] ], [ [ 77.188099499174399, 28.546810618736998 ], [ 77.188094545408319, 28.546796795276265 ], [ 77.192387278748598, 28.5479251991265 ], [ 77.188099499174399, 28.546810618736998 ] ], [ [ 77.188227778227485, 28.462734345776745 ], [ 77.1889888404435, 28.4623111596851 ], [ 77.190393105826658, 28.46203995043405 ], [ 77.188227778227485, 28.462734345776745 ] ], [ [ 77.189694737686494, 28.518002149158498 ], [ 77.190604356165281, 28.521864746309731 ], [ 77.189812422311604, 28.519562732366992 ], [ 77.189694737686494, 28.518002149158498 ] ], [ [ 77.189694737686494, 28.518002149158498 ], [ 77.190606042982793, 28.517424685510587 ], [ 77.191256185824727, 28.517115107970273 ], [ 77.189694737686494, 28.518002149158498 ] ], [ [ 77.191430961281341, 28.541807271432184 ], [ 77.191671012656002, 28.542063140934804 ], [ 77.191517294886594, 28.54233091063799 ], [ 77.191430961281341, 28.541807271432184 ] ], [ [ 77.19132753566771, 28.541179964070075 ], [ 77.191582689342809, 28.541352244720319 ], [ 77.191347042127475, 28.541298276598138 ], [ 77.19132753566771, 28.541179964070075 ] ], [ [ 77.190356484189195, 28.4995174673005 ], [ 77.190397681072398, 28.499601867723005 ], [ 77.190506460027905, 28.501267986588903 ], [ 77.190356484189195, 28.4995174673005 ] ], [ [ 77.190518020999207, 28.524066913866594 ], [ 77.19078244719023, 28.522620990715108 ], [ 77.190849488659495, 28.522905675112199 ], [ 77.190518020999207, 28.524066913866594 ] ], [ [ 77.188236640971496, 28.487271476859604 ], [ 77.186546549209311, 28.489046232793495 ], [ 77.187987354098695, 28.487368802259098 ], [ 77.188236640971496, 28.487271476859604 ] ], [ [ 77.18707930792192, 28.541964608130296 ], [ 77.189263634486807, 28.541871861897892 ], [ 77.186677708995376, 28.542146089066271 ], [ 77.18707930792192, 28.541964608130296 ] ], [ [ 77.187688928188294, 28.493570356628993 ], [ 77.188171856794, 28.495401754414104 ], [ 77.18814361215, 28.495349338450005 ], [ 77.187688928188294, 28.493570356628993 ] ], [ [ 77.187497983344656, 28.523106133263987 ], [ 77.187608236171897, 28.523602070851602 ], [ 77.188584257788804, 28.525761101659796 ], [ 77.187600343293198, 28.523813467535295 ], [ 77.187497983344656, 28.523106133263987 ] ], [ [ 77.188679108761406, 28.539344375555999 ], [ 77.187351512284593, 28.536713356483801 ], [ 77.188758925932248, 28.539399240004251 ], [ 77.188679108761406, 28.539344375555999 ] ], [ [ 77.185913176098296, 28.487198195358186 ], [ 77.177854176007756, 28.473477680445654 ], [ 77.18592021801426, 28.487197371144791 ], [ 77.185913176098296, 28.487198195358186 ] ], [ [ 77.182714475551506, 28.533443298399593 ], [ 77.186714033951574, 28.535302815709699 ], [ 77.186710178868196, 28.535303797677194 ], [ 77.182714475551506, 28.533443298399593 ] ], [ [ 77.182451761931205, 28.523004342534094 ], [ 77.1857283696731, 28.5218342258738 ], [ 77.185937918695544, 28.521832147451413 ], [ 77.182451761931205, 28.523004342534094 ] ], [ [ 77.1808835197875, 28.455725753084582 ], [ 77.183754348897807, 28.454853506916393 ], [ 77.180884245773669, 28.455969800638186 ], [ 77.1808835197875, 28.455725753084582 ] ], [ [ 77.181410973382796, 28.459712846828005 ], [ 77.181319282692613, 28.459450535440514 ], [ 77.181947266653367, 28.460583034195881 ], [ 77.181410973382796, 28.459712846828005 ] ], [ [ 77.181907795001493, 28.547675808804108 ], [ 77.1835425453407, 28.5478377306707 ], [ 77.181902412557619, 28.547683164480471 ], [ 77.181907795001493, 28.547675808804108 ] ], [ [ 77.180890954965804, 28.4582251630492 ], [ 77.180887401447578, 28.457030612159414 ], [ 77.181047337516361, 28.458672546788225 ], [ 77.180890954965804, 28.4582251630492 ] ], [ [ 77.17856899744956, 28.47331014777448 ], [ 77.177089843918125, 28.470783628083918 ], [ 77.177948744486997, 28.471865089117696 ], [ 77.17856899744956, 28.47331014777448 ] ], [ [ 77.178417947979298, 28.509057099465402 ], [ 77.178420604207261, 28.509065606573603 ], [ 77.177120544169298, 28.507518054194993 ], [ 77.178417947979298, 28.509057099465402 ] ], [ [ 77.176663865991799, 28.4457342425113 ], [ 77.176639984479507, 28.445742983179741 ], [ 77.176502896423116, 28.445015282586599 ], [ 77.176663865991799, 28.4457342425113 ] ], [ [ 77.175099386143302, 28.469411159112301 ], [ 77.176440217277602, 28.467618771342192 ], [ 77.1756328106664, 28.468949044729602 ], [ 77.175099386143302, 28.469411159112301 ] ], [ [ 77.167756424213607, 28.469689163731857 ], [ 77.168018382432294, 28.469508218365995 ], [ 77.172918898184705, 28.466958934465794 ], [ 77.167756424213607, 28.469689163731857 ] ], [ [ 77.168681976982725, 28.503120887931068 ], [ 77.163386492741552, 28.501898216314949 ], [ 77.168104154915099, 28.502921630226702 ], [ 77.168681976982725, 28.503120887931068 ] ], [ [ 77.166681429613206, 28.475950273256892 ], [ 77.158662622411597, 28.477141161447999 ], [ 77.167850807850144, 28.475583696643465 ], [ 77.166681429613206, 28.475950273256892 ] ], [ [ 77.1676330781562, 28.465937191595401 ], [ 77.167612093535936, 28.46593759859973 ], [ 77.1656013150305, 28.4628560547246 ], [ 77.1676330781562, 28.465937191595401 ] ], [ [ 77.167261528227172, 28.470942706940058 ], [ 77.167268715392879, 28.470807875728433 ], [ 77.1673156379441, 28.470924145136291 ], [ 77.167261528227172, 28.470942706940058 ] ], [ [ 77.167211601037891, 28.472885030496407 ], [ 77.167167026857399, 28.4727155524163 ], [ 77.167175633445126, 28.472554092850611 ], [ 77.167211601037891, 28.472885030496407 ] ], [ [ 77.16716198689646, 28.470543413145826 ], [ 77.166929478990909, 28.47026036896689 ], [ 77.167021975169817, 28.47019647803414 ], [ 77.16716198689646, 28.470543413145826 ] ], [ [ 77.165564171157797, 28.49454189482049 ], [ 77.165161001158594, 28.494020738186901 ], [ 77.1639728462291, 28.491284608996459 ], [ 77.165564171157797, 28.49454189482049 ] ], [ [ 77.163466835435699, 28.451108967807787 ], [ 77.162873396741801, 28.452139418680201 ], [ 77.163423903569921, 28.451098123774596 ], [ 77.163466835435699, 28.451108967807787 ] ], [ [ 77.162745876574803, 28.449474878576904 ], [ 77.16220166151912, 28.449834909102364 ], [ 77.163097361375407, 28.448747866810898 ], [ 77.162745876574803, 28.449474878576904 ] ], [ [ 77.161867645751599, 28.45024027844876 ], [ 77.162106770318104, 28.450765432976102 ], [ 77.161788313735698, 28.450336557638401 ], [ 77.161867645751599, 28.45024027844876 ] ], [ [ 77.162187477211006, 28.501638110964194 ], [ 77.162596681846068, 28.501726880719403 ], [ 77.154066107518332, 28.501136861111437 ], [ 77.162187477211006, 28.501638110964194 ] ], [ [ 77.162090059314167, 28.487430729114909 ], [ 77.161361027835, 28.486226603794691 ], [ 77.161233716959572, 28.485677880427737 ], [ 77.162090059314167, 28.487430729114909 ] ], [ [ 77.158708868863101, 28.484759227782295 ], [ 77.158766518385889, 28.484750292199042 ], [ 77.152893555264896, 28.488313459768595 ], [ 77.158708868863101, 28.484759227782295 ] ], [ [ 77.151830536316709, 28.5007638468099 ], [ 77.15041173820083, 28.500278788188528 ], [ 77.153079778851819, 28.500972288093877 ], [ 77.151830536316709, 28.5007638468099 ] ], [ [ 77.143627915407123, 28.475931489879926 ], [ 77.142369464605991, 28.469755000395899 ], [ 77.1425236553997, 28.4701434288739 ], [ 77.143627915407123, 28.475931489879926 ] ], [ [ 77.141754845582525, 28.468206687905251 ], [ 77.139742908582505, 28.464039662375693 ], [ 77.141007889035095, 28.466324998422493 ], [ 77.141754845582525, 28.468206687905251 ] ], [ [ 77.128334254747529, 28.451474035465143 ], [ 77.127907177188206, 28.451574729502795 ], [ 77.122945263690895, 28.451669685420701 ], [ 77.128334254747529, 28.451474035465143 ] ] ], [ [ [ 77.233016727920401, 28.555529674829895 ], [ 77.230864765013607, 28.556362346493898 ], [ 77.231133162338807, 28.559068417390694 ], [ 77.236762599157103, 28.557804621291901 ], [ 77.246677171743698, 28.558963871154699 ], [ 77.245847802786898, 28.556425438617193 ], [ 77.24684666941242, 28.553523956331301 ], [ 77.233016727920401, 28.555529674829895 ] ] ] ] } },
{ "type": "Feature", "properties": { "district": "South East" }, "geometry": { "type": "MultiPolygon", "coordinates": [ [ [ [ 77.226304437536101, 28.560348006695801 ], [ 77.231133162338807, 28.559068417390694 ], [ 77.230662277626479, 28.555558378825712 ], [ 77.230864765013607, 28.556362346493898 ], [ 77.236035028554895, 28.554809129649094 ], [ 77.246467419805597, 28.553646099294795 ], [ 77.248895641585605, 28.552080210915491 ], [ 77.2468062004085, 28.553584587920806 ], [ 77.245847802786898, 28.556425438617193 ], [ 77.246677171743698, 28.558963871154699 ], [ 77.250256844929297, 28.560563883862201 ], [ 77.246660227222094, 28.558958583279601 ], [ 77.2374464083113, 28.557669055464604 ], [ 77.221585699588701, 28.561695667947401 ], [ 77.220160278802098, 28.563508294836399 ], [ 77.219240661297619, 28.562377884699597 ], [ 77.217822001439401, 28.563052369693299 ], [ 77.218100848449396, 28.56416372542229 ], [ 77.216460383975601, 28.564852565863994 ], [ 77.215712754731598, 28.566302980312589 ], [ 77.216428877053303, 28.567380500112996 ], [ 77.215190492645803, 28.565750164883699 ], [ 77.21166214258561, 28.563232420734899 ], [ 77.209122348198306, 28.559026825848701 ], [ 77.205879763272307, 28.562075842554204 ], [ 77.206048568611607, 28.565713400933102 ], [ 77.210174924938102, 28.580174849346101 ], [ 77.202137598879602, 28.580812572653002 ], [ 77.200159614847493, 28.587410530351502 ], [ 77.200494588183901, 28.591493154808699 ], [ 77.201628747415697, 28.5907988748036 ], [ 77.203256720577997, 28.58825275939251 ], [ 77.206095048412394, 28.587461936362391 ], [ 77.212217686012394, 28.588066353045601 ], [ 77.212089897159004, 28.589370100309893 ], [ 77.235505573314299, 28.592097834037098 ], [ 77.233374132510605, 28.595091169382197 ], [ 77.233147418737403, 28.602498083240899 ], [ 77.242587033372402, 28.608175426318294 ], [ 77.245541487046296, 28.605514430009599 ], [ 77.250387554699103, 28.607654598115595 ], [ 77.256066021500402, 28.6086681787116 ], [ 77.259652676029106, 28.601070825187694 ], [ 77.261244505492698, 28.599257790893091 ], [ 77.2633869968315, 28.594282124462602 ], [ 77.265228571822803, 28.591663973428414 ], [ 77.259925184090903, 28.590544554307105 ], [ 77.267211250872293, 28.592023369564462 ], [ 77.265392631977406, 28.595770168582199 ], [ 77.273910540345312, 28.601985966105492 ], [ 77.276678397202602, 28.600609818351192 ], [ 77.279648614505902, 28.598079275683997 ], [ 77.280425794072997, 28.5952015729941 ], [ 77.28080767017191, 28.589684415879692 ], [ 77.278355941818106, 28.5880110370768 ], [ 77.278116476955645, 28.585156971158234 ], [ 77.284925594153805, 28.586776713790982 ], [ 77.287606511478415, 28.585689754122093 ], [ 77.289597804079406, 28.583615936451899 ], [ 77.2918468309459, 28.580292508167094 ], [ 77.292145149685894, 28.577395567692989 ], [ 77.294769275602903, 28.57540331941269 ], [ 77.296882010209004, 28.573413246152498 ], [ 77.298489991925805, 28.571168551843201 ], [ 77.297094460198693, 28.565969542372095 ], [ 77.297953594833203, 28.5646905109108 ], [ 77.301233918299204, 28.562695547837599 ], [ 77.301445205359002, 28.5608596597922 ], [ 77.300085081949504, 28.560327477528194 ], [ 77.299972771183405, 28.559756765279989 ], [ 77.304403569957302, 28.55189576710719 ], [ 77.312364471937599, 28.5465299089695 ], [ 77.314234558607595, 28.544532326821901 ], [ 77.320896651447001, 28.540897973724903 ], [ 77.322277097791016, 28.537824696683192 ], [ 77.324724027367296, 28.534916076079998 ], [ 77.330167370975104, 28.532282355685993 ], [ 77.333652643854606, 28.525748547271899 ], [ 77.337620593578706, 28.523099055067693 ], [ 77.347044285629295, 28.520833870855405 ], [ 77.347570469572403, 28.519053514061195 ], [ 77.345444068713107, 28.513250690866197 ], [ 77.336111796389901, 28.505189030206601 ], [ 77.335661834123002, 28.504374101982894 ], [ 77.336053092964093, 28.503564046558502 ], [ 77.332881050171295, 28.499037196662702 ], [ 77.327669565868504, 28.4918412467098 ], [ 77.326867936419205, 28.491191450535691 ], [ 77.326761364710705, 28.490094699316405 ], [ 77.316778815884902, 28.486541917149303 ], [ 77.315843493992801, 28.4846452111037 ], [ 77.314100433060602, 28.483606563691897 ], [ 77.306529288966203, 28.489387870324705 ], [ 77.300786448441599, 28.489850485951393 ], [ 77.300794445026028, 28.494157562761416 ], [ 77.29837418342062, 28.494287231357198 ], [ 77.295305539041394, 28.495941840053 ], [ 77.288141979756105, 28.496288150416191 ], [ 77.282998062746302, 28.494512347188795 ], [ 77.277049413394806, 28.493447490328201 ], [ 77.272059828722206, 28.490802290303701 ], [ 77.269974883061494, 28.488316770619296 ], [ 77.269450891109798, 28.486637862206095 ], [ 77.265785329228308, 28.486143815331101 ], [ 77.248063144758305, 28.480652235347403 ], [ 77.249157516200398, 28.481665755578998 ], [ 77.249620758192904, 28.483402824971204 ], [ 77.249248324588805, 28.490778081444784 ], [ 77.2475040763278, 28.493844748518896 ], [ 77.245493780359894, 28.495124827282392 ], [ 77.242817499454503, 28.498807128621994 ], [ 77.241858766014204, 28.505614999644902 ], [ 77.242207638631299, 28.507989516323097 ], [ 77.244992093148596, 28.514311587710601 ], [ 77.244033665663807, 28.517090460294892 ], [ 77.243830970773402, 28.520846944978999 ], [ 77.244239875673003, 28.523489754393285 ], [ 77.246237134717973, 28.52791558837411 ], [ 77.235081735144902, 28.534206601503101 ], [ 77.2341485320175, 28.547253135697797 ], [ 77.2311876443746, 28.5490399931398 ], [ 77.231539490590905, 28.553243080910693 ], [ 77.2289701349046, 28.554222481419401 ], [ 77.2293500046232, 28.554713087472301 ], [ 77.228959771264698, 28.554211691989895 ], [ 77.226632096449606, 28.553969588483998 ], [ 77.223790165952394, 28.5548909027283 ], [ 77.226304437536101, 28.560348006695801 ] ], [ [ 77.248895641585605, 28.552080210915491 ], [ 77.246528736472499, 28.550310168035899 ], [ 77.248548111266103, 28.551662567067392 ], [ 77.249070928673873, 28.552265650779042 ], [ 77.248895641585605, 28.552080210915491 ] ], [ [ 77.259925184090903, 28.590544554307105 ], [ 77.256879796575106, 28.589173527493905 ], [ 77.256970899128902, 28.588919748446006 ], [ 77.257181419557099, 28.5892206894572 ], [ 77.259925184090903, 28.590544554307105 ] ], [ [ 77.257181419557099, 28.5892206894572 ], [ 77.257732750306801, 28.5846173797026 ], [ 77.257752723283659, 28.584555189371667 ], [ 77.257181419557099, 28.5892206894572 ] ], [ [ 77.332881050171295, 28.499037196662702 ], [ 77.328461945084996, 28.503533603013292 ], [ 77.331649116379594, 28.500193117380899 ], [ 77.332881050171295, 28.499037196662702 ] ], [ [ 77.2293500046232, 28.554713087472301 ], [ 77.230543031755303, 28.55508491810129 ], [ 77.230563069979098, 28.555164479027479 ], [ 77.2293500046232, 28.554713087472301 ] ], [ [ 77.322931966519107, 28.525508789927692 ], [ 77.331632561273906, 28.524530383612699 ], [ 77.322714761956561, 28.525552693218497 ], [ 77.322931966519107, 28.525508789927692 ] ], [ [ 77.315886529815003, 28.499770744308304 ], [ 77.317662408178947, 28.499349016467562 ], [ 77.317554669052598, 28.499399966855002 ], [ 77.315886529815003, 28.499770744308304 ] ], [ [ 77.311014004802132, 28.499096498968285 ], [ 77.313536538623296, 28.498322798747601 ], [ 77.31113477549232, 28.499180052167194 ], [ 77.311014004802132, 28.499096498968285 ] ], [ [ 77.309191152750898, 28.5141788373328 ], [ 77.308047988888177, 28.514481281181428 ], [ 77.309404535610696, 28.514083029182789 ], [ 77.309191152750898, 28.5141788373328 ] ], [ [ 77.306693640998859, 28.499904786770578 ], [ 77.308126917460797, 28.498778878759705 ], [ 77.308663277727248, 28.498578072787971 ], [ 77.306693640998859, 28.499904786770578 ] ], [ [ 77.307128124792598, 28.527311164362303 ], [ 77.301621283155455, 28.527112649877186 ], [ 77.301621308309507, 28.5271126048962 ], [ 77.307128124792598, 28.527311164362303 ] ], [ [ 77.302887184474798, 28.497642679024196 ], [ 77.30607690076279, 28.500320212561043 ], [ 77.306072561097906, 28.5003231356859 ], [ 77.302887184474798, 28.497642679024196 ] ], [ [ 77.301120097579698, 28.508910456904594 ], [ 77.305036477169295, 28.505538199239194 ], [ 77.300971734085579, 28.509120050395364 ], [ 77.301120097579698, 28.508910456904594 ] ], [ [ 77.299093239704973, 28.540938591646217 ], [ 77.300403793975704, 28.541154125805601 ], [ 77.304733047946399, 28.542509176351604 ], [ 77.299093239704973, 28.540938591646217 ] ], [ [ 77.297752955514511, 28.515074873203648 ], [ 77.299763274820506, 28.510827243915699 ], [ 77.300851130105329, 28.509290427949278 ], [ 77.297752955514511, 28.515074873203648 ] ], [ [ 77.299381850223597, 28.497790550452692 ], [ 77.29832804492456, 28.499341594899921 ], [ 77.298916830363495, 28.498239589452091 ], [ 77.299381850223597, 28.497790550452692 ] ], [ [ 77.294338885138501, 28.538006247672499 ], [ 77.297212521357082, 28.540624040679521 ], [ 77.297212521357082, 28.540624040679525 ], [ 77.294338885138501, 28.538006247672499 ] ], [ [ 77.293599600470898, 28.519724975871789 ], [ 77.293736599269579, 28.519571596004983 ], [ 77.292188607427406, 28.522082729360498 ], [ 77.293599600470898, 28.519724975871789 ] ], [ [ 77.280330692674397, 28.560431922199594 ], [ 77.29475516503291, 28.57538868813279 ], [ 77.291234407283795, 28.571907396655401 ], [ 77.280330692674397, 28.560431922199594 ] ], [ [ 77.291234407283795, 28.571907396655401 ], [ 77.286163132848301, 28.57402737074484 ], [ 77.286164796760801, 28.5740257172653 ], [ 77.291234407283795, 28.571907396655401 ] ], [ [ 77.291575802191105, 28.535911350745192 ], [ 77.293252328820799, 28.536350951304701 ], [ 77.290988937568002, 28.535975754068481 ], [ 77.292055189006106, 28.534728573740601 ], [ 77.291575802191105, 28.535911350745192 ] ], [ [ 77.291722646051198, 28.506950416672797 ], [ 77.289648745129099, 28.507420435157599 ], [ 77.289278686952485, 28.507412291489821 ], [ 77.291722646051198, 28.506950416672797 ] ], [ [ 77.287841559638906, 28.507283629904588 ], [ 77.288378468760911, 28.507392480880753 ], [ 77.287854969239902, 28.507380960513288 ], [ 77.287841559638906, 28.507283629904588 ] ], [ [ 77.280670764138193, 28.528134519623691 ], [ 77.286144861025903, 28.524900819293098 ], [ 77.286567472489949, 28.524783505365221 ], [ 77.285577531530606, 28.525259140413802 ], [ 77.280670764138193, 28.528134519623691 ] ], [ [ 77.285294334092598, 28.555338465206564 ], [ 77.285139290174001, 28.555422260378108 ], [ 77.280149624969695, 28.555503597446393 ], [ 77.285294334092598, 28.555338465206564 ] ], [ [ 77.270132597705597, 28.538077012114599 ], [ 77.270535477731002, 28.537159860128096 ], [ 77.270165270932594, 28.538045665198403 ], [ 77.282908160811601, 28.5404687826288 ], [ 77.270154115600207, 28.538056367459195 ], [ 77.2715185353034, 28.539705697621791 ], [ 77.270132597705597, 28.538077012114599 ] ], [ [ 77.281408408611398, 28.578752282202892 ], [ 77.281519438327933, 28.578641948658035 ], [ 77.280400708152584, 28.580006661487111 ], [ 77.281408408611398, 28.578752282202892 ] ], [ [ 77.276865776039301, 28.557878176673395 ], [ 77.277187066210516, 28.556934336633496 ], [ 77.278532208818149, 28.55515502147987 ], [ 77.276865776039301, 28.557878176673395 ] ], [ [ 77.278573519504405, 28.582281134589294 ], [ 77.278812363286633, 28.581983823329821 ], [ 77.278707845886558, 28.582369435398405 ], [ 77.278573519504405, 28.582281134589294 ] ], [ [ 77.277374744472596, 28.531079552864707 ], [ 77.276741491363452, 28.532810312447815 ], [ 77.276740599956497, 28.532810289792703 ], [ 77.277374744472596, 28.531079552864707 ] ], [ [ 77.276209961579596, 28.558920254491799 ], [ 77.276018371985629, 28.558846533576705 ], [ 77.276321944256367, 28.558742315957836 ], [ 77.276209961579596, 28.558920254491799 ] ], [ [ 77.268805045414496, 28.586876080497934 ], [ 77.275813776984407, 28.584990550067097 ], [ 77.269056647169805, 28.586931128916003 ], [ 77.268805045414496, 28.586876080497934 ] ], [ [ 77.270444963652906, 28.563895735575894 ], [ 77.274696576942304, 28.565954926980599 ], [ 77.270483302296199, 28.563919724506089 ], [ 77.266545503146105, 28.566273660727589 ], [ 77.270444963652906, 28.563895735575894 ] ], [ [ 77.273093549948101, 28.575275973641897 ], [ 77.272846613057666, 28.574973661152221 ], [ 77.273108681082547, 28.575279371376929 ], [ 77.273093549948101, 28.575275973641897 ] ], [ [ 77.271478103610505, 28.573298263452898 ], [ 77.270093387415301, 28.570046718939199 ], [ 77.271633598828032, 28.57348862847395 ], [ 77.271478103610505, 28.573298263452898 ] ], [ [ 77.262094758479719, 28.563236820627903 ], [ 77.268302005218302, 28.567734652800301 ], [ 77.261785551574505, 28.563084734135291 ], [ 77.255795660922956, 28.559871295323337 ], [ 77.262094758479719, 28.563236820627903 ] ], [ [ 77.263912217939108, 28.53840056004989 ], [ 77.262061106550206, 28.538481931881027 ], [ 77.266334553599606, 28.537876481264298 ], [ 77.263912217939108, 28.53840056004989 ] ], [ [ 77.258243847902406, 28.584565376364669 ], [ 77.261282903591194, 28.585013403700106 ], [ 77.265978362570749, 28.586257625277977 ], [ 77.258243847902406, 28.584565376364669 ] ], [ [ 77.259543795431796, 28.538592588763393 ], [ 77.258941634943952, 28.538398894696837 ], [ 77.260603157097066, 28.538546020956051 ], [ 77.259543795431796, 28.538592588763393 ] ], [ [ 77.258396445169296, 28.527153607520699 ], [ 77.25869573149599, 28.526726851539618 ], [ 77.256762454666699, 28.531028129133986 ], [ 77.258396445169296, 28.527153607520699 ] ], [ [ 77.258124494838142, 28.538136049171037 ], [ 77.254439686742501, 28.5359247131729 ], [ 77.252229512817493, 28.535672852376496 ], [ 77.254608536136303, 28.53581965953159 ], [ 77.255331563141269, 28.533196814806399 ], [ 77.254573518266596, 28.5360033762143 ], [ 77.258124494838142, 28.538136049171037 ] ], [ [ 77.256933472358838, 28.581576904017549 ], [ 77.256869739948812, 28.581527321031551 ], [ 77.258591718091793, 28.581942791373791 ], [ 77.256933472358838, 28.581576904017549 ] ], [ [ 77.258591718091793, 28.581942791373791 ], [ 77.258006384859357, 28.584513421381867 ], [ 77.257781910568326, 28.584464308232388 ], [ 77.258591718091793, 28.581942791373791 ] ], [ [ 77.255170606140766, 28.559450438158148 ], [ 77.255018777458588, 28.559355988482547 ], [ 77.254268736520004, 28.557764520018608 ], [ 77.255170606140766, 28.559450438158148 ] ], [ [ 77.249411461812898, 28.577257225332605 ], [ 77.252979067548495, 28.578547532421709 ], [ 77.253052666807918, 28.578605619267513 ], [ 77.249411461812898, 28.577257225332605 ] ], [ [ 77.250823626412796, 28.534255307666022 ], [ 77.249886900764295, 28.533310814224905 ], [ 77.248489330294476, 28.531244871303794 ], [ 77.250823626412796, 28.534255307666022 ] ], [ [ 77.227400121721075, 28.575371637309388 ], [ 77.227357110851401, 28.5752109072086 ], [ 77.228654865725517, 28.575189588659299 ], [ 77.227400121721075, 28.575371637309388 ] ], [ [ 77.224373359182309, 28.566461237495794 ], [ 77.224313981960819, 28.566363744557943 ], [ 77.224333453934904, 28.566388056885099 ], [ 77.224373359182309, 28.566461237495794 ] ], [ [ 77.220998722295079, 28.577035059825072 ], [ 77.221916939747331, 28.576981196651801 ], [ 77.221234284899808, 28.577231187607698 ], [ 77.220998722295079, 28.577035059825072 ] ], [ [ 77.216749464047084, 28.567862874175468 ], [ 77.216881038760206, 28.568060849234101 ], [ 77.216855635664828, 28.56823344028987 ], [ 77.216749464047084, 28.567862874175468 ] ] ], [ [ [ 77.226304437536101, 28.560348006695801 ], [ 77.224271566198794, 28.556158624667599 ], [ 77.223775876915596, 28.556191248453192 ], [ 77.222765240803199, 28.559138959793408 ], [ 77.222925353348103, 28.5611757329653 ], [ 77.226304437536101, 28.560348006695801 ] ] ], [ [ [ 77.326867936419205, 28.491191450535691 ], [ 77.327534591684795, 28.491641938567003 ], [ 77.326922490108302, 28.490538387735398 ], [ 77.326827927853898, 28.490105560315399 ], [ 77.326867936419205, 28.491191450535691 ] ] ] ] } },
{ "type": "Feature", "properties": { "district": "South West" }, "geometry": { "type": "MultiPolygon", "coordinates": [ [ [ [ 76.864036890205497, 28.585904917015501 ], [ 76.867882598214393, 28.590625647148499 ], [ 76.871407660451496, 28.602041886772199 ], [ 76.877341324611805, 28.608831511407299 ], [ 76.880247447160997, 28.614972559160201 ], [ 76.8823964319363, 28.622793454687596 ], [ 76.885836287001595, 28.629572134064901 ], [ 76.888333606141302, 28.631955726387197 ], [ 76.892750553387003, 28.631799497199104 ], [ 76.906616240142398, 28.623467753579934 ], [ 76.906911577321907, 28.624832945668093 ], [ 76.908561362073712, 28.626988950421698 ], [ 76.914288806755494, 28.632349453642107 ], [ 76.919172536335296, 28.631784053074004 ], [ 76.920969165271501, 28.631036747629903 ], [ 76.924260812803396, 28.628138493009502 ], [ 76.927460199521605, 28.623563124163301 ], [ 76.9345695625357, 28.618354408855602 ], [ 76.935462547858705, 28.619057834715395 ], [ 76.937244363357806, 28.622006876674401 ], [ 76.941011506076705, 28.625264646485096 ], [ 76.942994762800893, 28.627997454699695 ], [ 76.944439916420762, 28.63322696471149 ], [ 76.9401922057679, 28.634931681723401 ], [ 76.936496897308004, 28.637831518452998 ], [ 76.924964334154595, 28.650146274727003 ], [ 76.930840182426195, 28.658463635020109 ], [ 76.932690125703303, 28.661992551011501 ], [ 76.933484362465194, 28.665410188457397 ], [ 76.935335170359807, 28.667860723290197 ], [ 76.943375706840399, 28.668350108104992 ], [ 76.945026239805699, 28.669359601492502 ], [ 76.948852761991404, 28.670188872924488 ], [ 76.952412698219703, 28.669605180915593 ], [ 76.954856696452495, 28.66654611730171 ], [ 76.962686659771407, 28.661355159417194 ], [ 76.967416437841607, 28.6594414315961 ], [ 76.968011504445599, 28.658508223551998 ], [ 76.977514505369612, 28.657061149607504 ], [ 76.979675966795895, 28.654293880235798 ], [ 76.983969796986997, 28.657783320252992 ], [ 76.984274555849495, 28.6574057655532 ], [ 76.987032889929793, 28.659079419899413 ], [ 76.988743315875396, 28.660821560271398 ], [ 76.993087496925199, 28.658299981032393 ], [ 76.992699646481597, 28.656306458481598 ], [ 76.996053483508703, 28.653802796709702 ], [ 77.0021475822425, 28.651284538993604 ], [ 76.999749723449, 28.649608665056096 ], [ 76.999855469836405, 28.6460143879616 ], [ 77.004265121840803, 28.634790101291301 ], [ 77.004922329406497, 28.631459598000788 ], [ 77.006897671635798, 28.627998586677997 ], [ 77.004605847011604, 28.6252187654698 ], [ 77.007796109167799, 28.624110687684695 ], [ 77.009332455265294, 28.625108272019808 ], [ 77.014186335534106, 28.625410055125592 ], [ 77.016010569343294, 28.627193856081398 ], [ 77.0220400684331, 28.62651612371889 ], [ 77.022862314767707, 28.623477430615299 ], [ 77.022354752646407, 28.620502256027837 ], [ 77.022512964355499, 28.620973829059203 ], [ 77.027889447046206, 28.619930737653799 ], [ 77.030487330809393, 28.619025203985604 ], [ 77.034182057736899, 28.616543047944702 ], [ 77.032633560860205, 28.6151880572768 ], [ 77.032623013785994, 28.613776908786296 ], [ 77.036358800057869, 28.603984481749752 ], [ 77.045610091661899, 28.600781143900988 ], [ 77.049960118939296, 28.598799838814902 ], [ 77.052952616207406, 28.596712160820001 ], [ 77.065833390278698, 28.592928741035404 ], [ 77.055404455402197, 28.596217329351191 ], [ 77.058459712828594, 28.598254478702898 ], [ 77.058639294885793, 28.599532731076504 ], [ 77.059510800542498, 28.598469506395691 ], [ 77.061324889271503, 28.598767420430399 ], [ 77.061940467884895, 28.599628696643794 ], [ 77.059686332259105, 28.6018390197972 ], [ 77.054394336439501, 28.605218609656188 ], [ 77.052328933672001, 28.607448692974295 ], [ 77.054394958148805, 28.610197484999091 ], [ 77.054766378073694, 28.611873868666098 ], [ 77.0517957003687, 28.616382548042498 ], [ 77.053120325842201, 28.618313050474999 ], [ 77.056660600531998, 28.617576641692605 ], [ 77.061194281565903, 28.6177643706453 ], [ 77.064089648169997, 28.621234868939403 ], [ 77.079529843740005, 28.61196932996037 ], [ 77.080534695461296, 28.613867855664193 ], [ 77.080866201477306, 28.613519858994799 ], [ 77.082640098829003, 28.6144630126899 ], [ 77.083773353564894, 28.614154005194596 ], [ 77.085525712173805, 28.6156106446773 ], [ 77.086342118353016, 28.615320486799103 ], [ 77.087341235651806, 28.616916993719201 ], [ 77.089303837993995, 28.617504912113588 ], [ 77.089539969001393, 28.618068542491393 ], [ 77.095586588697401, 28.616498505435999 ], [ 77.103941903562003, 28.612761009483894 ], [ 77.102770488596505, 28.606259741265699 ], [ 77.096130233534396, 28.606990450375093 ], [ 77.101946270195796, 28.606336917003901 ], [ 77.102191514188405, 28.605790860574999 ], [ 77.098825814940497, 28.601019861615601 ], [ 77.100330643738999, 28.599887748144599 ], [ 77.099696068636504, 28.598764592404095 ], [ 77.103240970007505, 28.597421791071802 ], [ 77.105530779986296, 28.595168865250798 ], [ 77.104279898865698, 28.5915164575418 ], [ 77.106150877387904, 28.589342785530199 ], [ 77.1045259314741, 28.5872054661932 ], [ 77.1007169258326, 28.588813253251001 ], [ 77.100976430577404, 28.589939366058804 ], [ 77.099336345126503, 28.5909274871401 ], [ 77.096036145928124, 28.591460373109513 ], [ 77.096101105298914, 28.587998458664799 ], [ 77.0811447313869, 28.5711766056763 ], [ 77.075073804442795, 28.573675793720199 ], [ 77.069622808523917, 28.574891761061071 ], [ 77.068909324592198, 28.573929147172386 ], [ 77.067821539724207, 28.573759876871588 ], [ 77.065584945690318, 28.569775613005501 ], [ 77.058765639112096, 28.571460510660604 ], [ 77.059300016757106, 28.572245499046801 ], [ 77.057400579708997, 28.569908240247706 ], [ 77.050642475296186, 28.558922152029211 ], [ 77.061176938051801, 28.552609470015501 ], [ 77.070539544948304, 28.548198081319999 ], [ 77.071100240829509, 28.547532704416799 ], [ 77.071307286578104, 28.543788757710008 ], [ 77.075674138570506, 28.542511773943197 ], [ 77.079188264639896, 28.540642596331796 ], [ 77.088916020623515, 28.538528187698802 ], [ 77.0867166364404, 28.535273111478801 ], [ 77.085578865112495, 28.53176226626509 ], [ 77.100872695745693, 28.520913254696207 ], [ 77.103596164629593, 28.51812350685319 ], [ 77.100943469570595, 28.514158871049307 ], [ 77.099685009264206, 28.510987953209195 ], [ 77.098527713904105, 28.511041906113793 ], [ 77.093132032716298, 28.514101271433496 ], [ 77.080421070541107, 28.517954404974901 ], [ 77.075007156283206, 28.518565804721799 ], [ 77.071795238268095, 28.520188409185195 ], [ 77.0711845312957, 28.517755951667304 ], [ 77.0668172593533, 28.512013655852101 ], [ 77.064271115824596, 28.512620426412692 ], [ 77.060014686105305, 28.512374726816798 ], [ 77.049814095137705, 28.515970152837099 ], [ 77.046242047331802, 28.5167044146759 ], [ 77.048512017753296, 28.520737986900397 ], [ 77.0429980026924, 28.524718802982193 ], [ 77.035434231949495, 28.528869086595702 ], [ 77.031763291029705, 28.531569447057688 ], [ 77.024038894042604, 28.533088243435994 ], [ 77.018004536597701, 28.537355355303408 ], [ 77.017742117194103, 28.538564363772498 ], [ 77.015435508956998, 28.539739727471808 ], [ 77.010217267383098, 28.540623936217596 ], [ 77.009469182296201, 28.539922035607102 ], [ 77.006653084707196, 28.541407168926401 ], [ 77.004784554189996, 28.5401625764577 ], [ 77.0051146267067, 28.538914365843201 ], [ 77.001913564864509, 28.533799653786502 ], [ 77.000842363701594, 28.5337094608741 ], [ 77.000226322591303, 28.532093747948188 ], [ 77.010559712767204, 28.525569516267293 ], [ 77.014549641261397, 28.523950825477495 ], [ 77.017039235419702, 28.520929128362901 ], [ 77.010181033675394, 28.514341955539294 ], [ 76.999991942461406, 28.518050240561394 ], [ 76.999827359106803, 28.518613947131101 ], [ 76.996307394415481, 28.519948027791465 ], [ 76.995189892299095, 28.516722921440302 ], [ 76.994124515002511, 28.517113047907099 ], [ 76.990680447440994, 28.5135180233687 ], [ 76.982758883985596, 28.517121530562999 ], [ 76.978101980753607, 28.521322272148097 ], [ 76.975902612736903, 28.518710354033299 ], [ 76.970749400209399, 28.515198310958194 ], [ 76.964892546990797, 28.512562515444788 ], [ 76.956023921500702, 28.506139277569499 ], [ 76.951672560768401, 28.5042211429441 ], [ 76.944351898467318, 28.504077736558902 ], [ 76.941662274970298, 28.504540538390092 ], [ 76.933486961678, 28.509696927872902 ], [ 76.928287647532201, 28.510009961406801 ], [ 76.927336453391604, 28.510510746366801 ], [ 76.920785308928799, 28.506980462379602 ], [ 76.918978922718907, 28.50905440427999 ], [ 76.914398412149296, 28.511672783431202 ], [ 76.912224428462494, 28.512353122879997 ], [ 76.910303922125493, 28.512077844764196 ], [ 76.907929146164406, 28.513807709452699 ], [ 76.903024556997096, 28.508931417226002 ], [ 76.900043936683005, 28.5093521423513 ], [ 76.898618145615501, 28.508744914491391 ], [ 76.892229738341001, 28.500825309019 ], [ 76.885447268175696, 28.501136168905191 ], [ 76.885685079864899, 28.502445854441302 ], [ 76.880409024921605, 28.505911986799493 ], [ 76.8814551615949, 28.509886093349792 ], [ 76.883994602682904, 28.513663516590501 ], [ 76.887126397712194, 28.520572982315301 ], [ 76.877028232238899, 28.524403716838499 ], [ 76.874581350612004, 28.527013854070493 ], [ 76.872900585032198, 28.531061730930293 ], [ 76.873445205186997, 28.532389762818795 ], [ 76.872009150242505, 28.53352402773179 ], [ 76.873749143812745, 28.534941612216144 ], [ 76.871419827475094, 28.533135097595199 ], [ 76.867380262111098, 28.535554994007196 ], [ 76.867752165089101, 28.536073268330107 ], [ 76.866075883067396, 28.541267050825603 ], [ 76.8650964602312, 28.5430988392825 ], [ 76.863548976261598, 28.544302232078895 ], [ 76.860275915631803, 28.545885713715204 ], [ 76.847709242300297, 28.549305998536092 ], [ 76.845272206234696, 28.550503250097208 ], [ 76.845102222371395, 28.552184026155704 ], [ 76.842409375948407, 28.556303974927296 ], [ 76.842428192325798, 28.563252203667101 ], [ 76.840596274881307, 28.569580331999799 ], [ 76.840688686684402, 28.571659109762599 ], [ 76.839389554308895, 28.572688377346893 ], [ 76.844328561252482, 28.571403116258349 ], [ 76.838979423568404, 28.573004307133399 ], [ 76.839533107219495, 28.582792344190899 ], [ 76.846111090896997, 28.584801038336199 ], [ 76.855441303727503, 28.585458794519489 ], [ 76.861607138593399, 28.585229914579791 ], [ 76.863592514421995, 28.585924559965694 ], [ 76.867245684418805, 28.585615817859701 ], [ 76.864036890205497, 28.585904917015501 ] ], [ [ 76.97733680639999, 28.525736841960178 ], [ 76.977274716199602, 28.525120741287296 ], [ 76.978101980753607, 28.521322272148097 ], [ 76.97733680639999, 28.525736841960178 ] ], [ [ 76.871798630992245, 28.585756835186043 ], [ 76.871132019068696, 28.585869484635602 ], [ 76.867245684418805, 28.585615817859701 ], [ 76.871798630992245, 28.585756835186043 ] ], [ [ 77.095007868597293, 28.591799010213048 ], [ 77.094972580415003, 28.591810631482396 ], [ 77.094961715683084, 28.591808945377974 ], [ 77.095007868597293, 28.591799010213048 ] ], [ [ 77.090263622813893, 28.591126989248895 ], [ 77.090673108287191, 28.591186842497518 ], [ 77.088970352292009, 28.591665896372906 ], [ 77.090263622813893, 28.591126989248895 ] ], [ [ 77.088285930090507, 28.59136594527299 ], [ 77.088287527643942, 28.591374424605394 ], [ 77.085200758687293, 28.592671956898403 ], [ 77.088285930090507, 28.59136594527299 ] ], [ [ 77.082753697644961, 28.604358843702983 ], [ 77.083068072269711, 28.604173982615499 ], [ 77.08039444609922, 28.606026308729199 ], [ 77.082753697644961, 28.604358843702983 ] ], [ [ 77.082774133993837, 28.60304620298831 ], [ 77.083564484279506, 28.604768797020803 ], [ 77.083068072269711, 28.604173982615499 ], [ 77.082774133993837, 28.60304620298831 ] ], [ [ 77.074738675661862, 28.52491358327979 ], [ 77.0792215758118, 28.5303110569299 ], [ 77.07502432659372, 28.525471688573202 ], [ 77.074738675661862, 28.52491358327979 ] ], [ [ 77.078044975344739, 28.600331708524202 ], [ 77.077965744639499, 28.600249234107185 ], [ 77.07796461162954, 28.600238765855142 ], [ 77.078044975344739, 28.600331708524202 ] ], [ [ 77.074849254259306, 28.596446371766692 ], [ 77.0754465437862, 28.597554384858899 ], [ 77.074843229221216, 28.596444558573115 ], [ 77.074849254259306, 28.596446371766692 ] ], [ [ 77.066314620276998, 28.60595513829951 ], [ 77.072030937647696, 28.607744053513795 ], [ 77.0718385427176, 28.606675676735893 ], [ 77.072026822037103, 28.607719068833401 ], [ 77.075391580867901, 28.608320441511498 ], [ 77.070630754049205, 28.607531991610397 ], [ 77.066314620276998, 28.60595513829951 ] ], [ [ 77.073054540447544, 28.605798284034574 ], [ 77.073058471884195, 28.605803563083395 ], [ 77.0718385427176, 28.606675676735893 ], [ 77.073054540447544, 28.605798284034574 ] ], [ [ 77.072303446601666, 28.604789731325354 ], [ 77.071729086319721, 28.604418273615398 ], [ 77.07143163526176, 28.60361908175393 ], [ 77.072303446601666, 28.604789731325354 ] ], [ [ 77.071241496167602, 28.603363767055804 ], [ 77.071293257206946, 28.603433270669427 ], [ 77.069239134218805, 28.60288839766859 ], [ 77.071241496167602, 28.603363767055804 ] ], [ [ 77.062475456055381, 28.538394056602932 ], [ 77.062489482624201, 28.53839753295799 ], [ 77.069728351295595, 28.543259409329 ], [ 77.062475456055381, 28.538394056602932 ] ], [ [ 77.057594016654406, 28.522139530948607 ], [ 77.055041706745726, 28.524185715432896 ], [ 77.060966241058793, 28.518312120327707 ], [ 77.057594016654406, 28.522139530948607 ] ], [ [ 77.047745573989502, 28.5888327330909 ], [ 77.046358916022996, 28.588897956454293 ], [ 77.046332369535705, 28.588842797169384 ], [ 77.047745573989502, 28.5888327330909 ] ], [ [ 77.04613608408394, 28.588434947910958 ], [ 77.046297277385705, 28.587875782796601 ], [ 77.046229025507898, 28.588628065080368 ], [ 77.04613608408394, 28.588434947910958 ] ], [ [ 77.045592331120645, 28.587161474250735 ], [ 77.045700104361401, 28.5867081265121 ], [ 77.046297277385705, 28.587875782796601 ], [ 77.045592331120645, 28.587161474250735 ] ], [ [ 77.043577944960603, 28.542261202737606 ], [ 77.043733051494542, 28.541621613078064 ], [ 77.043751719661358, 28.541646901496822 ], [ 77.043577944960603, 28.542261202737606 ] ], [ [ 77.043242064299662, 28.587136960210536 ], [ 77.043805725567694, 28.587439577566098 ], [ 77.043258294670906, 28.587179078252394 ], [ 77.039167913683002, 28.592516870251501 ], [ 77.043242064299662, 28.587136960210536 ] ], [ [ 77.038991043795704, 28.557505016072405 ], [ 77.037185429475798, 28.553259780784899 ], [ 77.038184248270596, 28.555563881985993 ], [ 77.038991043795704, 28.557505016072405 ] ], [ [ 77.038705316741201, 28.584701280083401 ], [ 77.0369289288261, 28.583187041663997 ], [ 77.036927150938212, 28.583181650163056 ], [ 77.038705316741201, 28.584701280083401 ] ], [ [ 77.036911282360705, 28.598060642178403 ], [ 77.036354705001912, 28.603666431769813 ], [ 77.036326504143801, 28.601476160755595 ], [ 77.036911282360705, 28.598060642178403 ] ], [ [ 77.035704775249997, 28.538072033038549 ], [ 77.033737916994696, 28.538248610727699 ], [ 77.035695001732805, 28.538063838460797 ], [ 77.035704775249997, 28.538072033038549 ] ], [ [ 77.029662585897398, 28.570861365403399 ], [ 77.024761262636716, 28.568589769322497 ], [ 77.024734734442944, 28.568570162907232 ], [ 77.029662585897398, 28.570861365403399 ] ], [ [ 77.033398589047394, 28.573643521988497 ], [ 77.032993002476204, 28.573474950409093 ], [ 77.029662585897398, 28.570861365403399 ], [ 77.033398589047394, 28.573643521988497 ] ], [ [ 77.031112613999255, 28.577267250952122 ], [ 77.031094812006202, 28.577193642132194 ], [ 77.032993002476204, 28.573474950409093 ], [ 77.031112613999255, 28.577267250952122 ] ], [ [ 77.031338573678923, 28.578201563493536 ], [ 77.032216971722903, 28.581085010838702 ], [ 77.031587029538599, 28.579228894679485 ], [ 77.031338573678923, 28.578201563493536 ] ], [ [ 77.021935964320207, 28.581887997484802 ], [ 77.021967808011084, 28.58187922377477 ], [ 77.022132116221897, 28.583824673154901 ], [ 77.021935964320207, 28.581887997484802 ] ], [ [ 77.021776427304914, 28.618778473155203 ], [ 77.021646975533116, 28.61855903192977 ], [ 77.021720000029106, 28.61861028344499 ], [ 77.021776427304914, 28.618778473155203 ] ], [ [ 77.020478141474499, 28.559727064005198 ], [ 77.020097068386349, 28.565959639482298 ], [ 77.020440563727476, 28.559364311848427 ], [ 77.020478141474499, 28.559727064005198 ] ], [ [ 77.020214888491495, 28.557185783727977 ], [ 77.020304716933111, 28.558052931535492 ], [ 77.019774136031259, 28.556321593388933 ], [ 77.020214888491495, 28.557185783727977 ] ], [ [ 77.019341168589705, 28.555472667259501 ], [ 77.019699526627733, 28.556175305548166 ], [ 77.018849894710485, 28.555147382208574 ], [ 77.019341168589705, 28.555472667259501 ] ], [ [ 77.01820212642312, 28.586967452412299 ], [ 77.018229807063264, 28.586534732074806 ], [ 77.019410008294102, 28.590516382299505 ], [ 77.01820212642312, 28.586967452412299 ] ], [ [ 77.018316320939206, 28.585182295375695 ], [ 77.018740564343105, 28.584586948082002 ], [ 77.018293781278146, 28.585534648850398 ], [ 77.018316320939206, 28.585182295375695 ] ], [ [ 77.01847512912623, 28.573599858521103 ], [ 77.018275948126558, 28.573876031470128 ], [ 77.018311582587899, 28.573730206173408 ], [ 77.01847512912623, 28.573599858521103 ] ], [ [ 77.017981767385379, 28.575079894030473 ], [ 77.018395392706793, 28.578808851774692 ], [ 77.017899781165497, 28.575415402535192 ], [ 77.017981767385379, 28.575079894030473 ] ], [ [ 77.014461981349186, 28.551067635174359 ], [ 77.015939467974704, 28.553220313929501 ], [ 77.014694177310204, 28.551601827876198 ], [ 77.014461981349186, 28.551067635174359 ] ], [ [ 77.016078034483897, 28.599753222024699 ], [ 77.014795499186604, 28.601523021368909 ], [ 77.011834745241302, 28.604250361282499 ], [ 77.016078034483897, 28.599753222024699 ] ], [ [ 77.015888852582506, 28.597612615105394 ], [ 77.016151028917307, 28.5987213316807 ], [ 77.016078034483897, 28.599753222024699 ], [ 77.015888852582506, 28.597612615105394 ] ], [ [ 77.014861942468499, 28.596310964095473 ], [ 77.015022775782995, 28.596431065819491 ], [ 77.015888852582506, 28.597612615105394 ], [ 77.014861942468499, 28.596310964095473 ] ], [ [ 77.012640846955861, 28.608690778815376 ], [ 77.012369616210407, 28.608480176424298 ], [ 77.012210126329137, 28.608140901668072 ], [ 77.012640846955861, 28.608690778815376 ] ], [ [ 77.010854745717694, 28.569770870400294 ], [ 77.006177136258913, 28.571820836988007 ], [ 77.0070191617733, 28.571387967469793 ], [ 77.010854745717694, 28.569770870400294 ] ], [ [ 77.010823647624605, 28.600763223262888 ], [ 77.010868338746064, 28.600800782772613 ], [ 77.00371276444487, 28.601187045065977 ], [ 77.010823647624605, 28.600763223262888 ] ], [ [ 77.009525989822706, 28.592190642365601 ], [ 77.005472900365007, 28.589073807072687 ], [ 77.00528756685253, 28.588873139862876 ], [ 77.009525989822706, 28.592190642365601 ] ], [ [ 77.008579356727324, 28.544863833394928 ], [ 77.002056502190698, 28.545393252306596 ], [ 77.007718848014605, 28.544732383619095 ], [ 77.008579356727324, 28.544863833394928 ] ], [ [ 77.003123047475299, 28.601290606769233 ], [ 76.996198357339296, 28.604296580583799 ], [ 77.002776045624202, 28.601351544650601 ], [ 77.003123047475299, 28.601290606769233 ] ], [ [ 76.997705009498503, 28.528978873022012 ], [ 76.9999797308719, 28.530040145422596 ], [ 76.997700901670029, 28.52898980413968 ], [ 76.997705009498503, 28.528978873022012 ] ], [ [ 76.998913420543701, 28.575554976949793 ], [ 77.000676995057759, 28.578176158637035 ], [ 77.000494030800894, 28.578152034340999 ], [ 76.997743391580897, 28.574036339603492 ], [ 76.998913420543701, 28.575554976949793 ] ], [ [ 76.998436251606691, 28.580588143729269 ], [ 76.998435840596898, 28.580577140835899 ], [ 77.000494030800894, 28.578152034340999 ], [ 76.998436251606691, 28.580588143729269 ] ], [ [ 76.998823611564106, 28.526800965492903 ], [ 76.998795932102084, 28.52685284271908 ], [ 76.995418400901897, 28.520718851176696 ], [ 76.998823611564106, 28.526800965492903 ] ], [ [ 76.99864208150963, 28.527141191603146 ], [ 76.997808472857344, 28.5287035523376 ], [ 76.998276513533497, 28.527458074897702 ], [ 76.99864208150963, 28.527141191603146 ] ], [ [ 76.99849705207734, 28.58152080711444 ], [ 76.998469996707115, 28.581491513299298 ], [ 76.998453552148348, 28.581051286013036 ], [ 76.99849705207734, 28.58152080711444 ] ], [ [ 76.992161080736821, 28.532770015450861 ], [ 76.997274662405204, 28.530124046130496 ], [ 76.994127674764997, 28.531980024626399 ], [ 76.992161080736821, 28.532770015450861 ] ], [ [ 76.991823489833195, 28.610596009664992 ], [ 76.993626983544203, 28.609297482605189 ], [ 76.991323086546103, 28.611181497966403 ], [ 76.991823489833195, 28.610596009664992 ] ], [ [ 76.981574505428796, 28.620115133917693 ], [ 76.987106721217003, 28.618032702350799 ], [ 76.981002259478529, 28.620442341827118 ], [ 76.981574505428796, 28.620115133917693 ] ], [ [ 76.986176959762901, 28.616495703076499 ], [ 76.990621234615503, 28.622064999875999 ], [ 76.987106721217003, 28.618032702350799 ], [ 76.986176959762901, 28.616495703076499 ] ], [ [ 76.993030177286002, 28.620296436868095 ], [ 76.99350213924258, 28.620133361438057 ], [ 76.990621234615503, 28.622064999875999 ], [ 76.993030177286002, 28.620296436868095 ] ], [ [ 76.981594555313393, 28.536480145324099 ], [ 76.990388261420634, 28.533482165987849 ], [ 76.987974480009598, 28.534451794258693 ], [ 76.981594555313393, 28.536480145324099 ] ], [ [ 76.990599031693904, 28.548338426512096 ], [ 76.989371777368987, 28.549147331912224 ], [ 76.989481901472104, 28.549035242977396 ], [ 76.990599031693904, 28.548338426512096 ] ], [ [ 76.990392388223896, 28.597235881977486 ], [ 76.984925129974144, 28.593859967292289 ], [ 76.984946726896197, 28.593844166889905 ], [ 76.990392388223896, 28.597235881977486 ] ], [ [ 76.989217980135052, 28.549303873192844 ], [ 76.986919274202862, 28.552144575799495 ], [ 76.986055956571022, 28.552522313508181 ], [ 76.989217980135052, 28.549303873192844 ] ], [ [ 76.986244752417406, 28.524892521834499 ], [ 76.986440652201566, 28.524803394680522 ], [ 76.984598918780421, 28.526192594474093 ], [ 76.986244752417406, 28.524892521834499 ] ], [ [ 76.984503343106397, 28.553201647082499 ], [ 76.984343189472114, 28.553208114593112 ], [ 76.984661275479553, 28.553132545038757 ], [ 76.984503343106397, 28.553201647082499 ] ], [ [ 76.982575590656054, 28.604895223873616 ], [ 76.982698754949595, 28.604896252390688 ], [ 76.982774630294259, 28.604992709682787 ], [ 76.982575590656054, 28.604895223873616 ] ], [ [ 76.980987955479293, 28.553343609560546 ], [ 76.980946641232478, 28.553345277960581 ], [ 76.980956445710603, 28.553342811839691 ], [ 76.980987955479293, 28.553343609560546 ] ], [ [ 76.980614954372115, 28.605039339898077 ], [ 76.980939823544702, 28.604881563953505 ], [ 76.981762968278503, 28.604888437848459 ], [ 76.980614954372115, 28.605039339898077 ] ], [ [ 76.970882951531493, 28.58875808766739 ], [ 76.981248400545098, 28.596549878582401 ], [ 76.979220906166404, 28.595303676298094 ], [ 76.970882951531493, 28.58875808766739 ] ], [ [ 76.978816897978504, 28.536516467628001 ], [ 76.979059051280046, 28.536413407972582 ], [ 76.974906460265004, 28.539441122858992 ], [ 76.978816897978504, 28.536516467628001 ] ], [ [ 76.978598817266203, 28.606606516865305 ], [ 76.979587757731196, 28.6055382081625 ], [ 76.980187643900635, 28.605246867478275 ], [ 76.978598817266203, 28.606606516865305 ] ], [ [ 76.955028234860904, 28.552335877362491 ], [ 76.969489596791007, 28.548102198793188 ], [ 76.957021047671901, 28.551894489711994 ], [ 76.953507267139287, 28.552960788803748 ], [ 76.955028234860904, 28.552335877362491 ] ], [ [ 76.978863618902523, 28.554702515106097 ], [ 76.978861928098979, 28.55471085243946 ], [ 76.969489596791007, 28.548102198793188 ], [ 76.978863618902523, 28.554702515106097 ] ], [ [ 76.975681504986994, 28.533148635385 ], [ 76.975398540713272, 28.532557769410676 ], [ 76.977203905233694, 28.535252635692689 ], [ 76.975681504986994, 28.533148635385 ] ], [ [ 76.976175103263003, 28.612712381287206 ], [ 76.976981553142906, 28.614908961249501 ], [ 76.974152800459095, 28.608972983352199 ], [ 76.976175103263003, 28.612712381287206 ] ], [ [ 76.976441270567605, 28.615111177803925 ], [ 76.97643546857087, 28.615098702268313 ], [ 76.976981553142906, 28.614908961249501 ], [ 76.976441270567605, 28.615111177803925 ] ], [ [ 76.975020092645252, 28.570079681575599 ], [ 76.972903755290147, 28.56934867756592 ], [ 76.974159906951002, 28.569686458729791 ], [ 76.975020092645252, 28.570079681575599 ] ], [ [ 76.974727562294746, 28.611295383402041 ], [ 76.974848989292099, 28.611276557644501 ], [ 76.974333805913005, 28.611517304727201 ], [ 76.974727562294746, 28.611295383402041 ] ], [ [ 76.973443638949107, 28.6082528833319 ], [ 76.972760865704899, 28.608246092780096 ], [ 76.972760910032406, 28.608237439749605 ], [ 76.973443638949107, 28.6082528833319 ] ], [ [ 76.974047730650895, 28.609105895924603 ], [ 76.974564660231906, 28.6103957593931 ], [ 76.973443638949107, 28.6082528833319 ], [ 76.974047730650895, 28.609105895924603 ] ], [ [ 76.974293049240202, 28.611362749289302 ], [ 76.974541298794392, 28.611324261259298 ], [ 76.968845435763939, 28.613064317316212 ], [ 76.974293049240202, 28.611362749289302 ] ], [ [ 76.971350588066301, 28.603655545708634 ], [ 76.971222006467798, 28.603532663643023 ], [ 76.971333152880703, 28.603619163897996 ], [ 76.971350588066301, 28.603655545708634 ] ], [ [ 76.970663064016847, 28.603097663868777 ], [ 76.963153309787103, 28.604396014438905 ], [ 76.970610278087193, 28.603056582953499 ], [ 76.970663064016847, 28.603097663868777 ] ], [ [ 76.969025037974106, 28.568305684358801 ], [ 76.969022873276316, 28.568308672725308 ], [ 76.969617500041394, 28.566481498012493 ], [ 76.969025037974106, 28.568305684358801 ] ], [ [ 76.970530345839293, 28.657067465293604 ], [ 76.970454048031385, 28.65751347727862 ], [ 76.966773698722207, 28.648962266400101 ], [ 76.970530345839293, 28.657067465293604 ] ], [ [ 76.967771917374066, 28.54150494182263 ], [ 76.968345932275298, 28.542009338377042 ], [ 76.968303524331247, 28.542030464309573 ], [ 76.967771917374066, 28.54150494182263 ] ], [ [ 76.965152044713264, 28.615116088407436 ], [ 76.965222803060101, 28.61506386768249 ], [ 76.967854884485632, 28.613611062551865 ], [ 76.965152044713264, 28.615116088407436 ] ], [ [ 76.955812203142202, 28.540634646268899 ], [ 76.964668728019006, 28.538437269804184 ], [ 76.955124239694499, 28.540918467562527 ], [ 76.955812203142202, 28.540634646268899 ] ], [ [ 76.959851099677209, 28.619028265628081 ], [ 76.964697186671259, 28.61545178048847 ], [ 76.961221244987499, 28.618288196904999 ], [ 76.959851099677209, 28.619028265628081 ] ], [ [ 76.960243207742906, 28.575132265145204 ], [ 76.963527143176606, 28.581559313033708 ], [ 76.960124340408854, 28.575204770916017 ], [ 76.962718543869499, 28.573292415918193 ], [ 76.960243207742906, 28.575132265145204 ] ], [ [ 76.960830451947004, 28.600975096081399 ], [ 76.960687026048532, 28.600568998647809 ], [ 76.960995265179136, 28.601217819764976 ], [ 76.960830451947004, 28.600975096081399 ] ], [ [ 76.960571709744798, 28.634828057774797 ], [ 76.960576508827955, 28.634850760582612 ], [ 76.956449706235105, 28.632891709831693 ], [ 76.960571709744798, 28.634828057774797 ] ], [ [ 76.959234173624523, 28.596455378673408 ], [ 76.958982842224344, 28.595743756590675 ], [ 76.959068421485696, 28.595860045531602 ], [ 76.959234173624523, 28.596455378673408 ] ], [ [ 76.958729149260577, 28.619634274644742 ], [ 76.958329653597318, 28.619850057776038 ], [ 76.958499881286201, 28.619738050157295 ], [ 76.958729149260577, 28.619634274644742 ] ], [ [ 76.957435241688003, 28.576050490255792 ], [ 76.956301888263681, 28.576141325369029 ], [ 76.957862571271107, 28.575916095452769 ], [ 76.957435241688003, 28.576050490255792 ] ], [ [ 76.957684893691095, 28.619117470116105 ], [ 76.957696260010408, 28.619126125107851 ], [ 76.954274531787803, 28.620667027237197 ], [ 76.957684893691095, 28.619117470116105 ] ], [ [ 76.952590678479154, 28.543325148855885 ], [ 76.95509013101595, 28.540932539195698 ], [ 76.953401317607302, 28.5428608997243 ], [ 76.952590678479154, 28.543325148855885 ] ], [ [ 76.953225386277111, 28.576387898415284 ], [ 76.952959726121193, 28.576409190335202 ], [ 76.951464735903699, 28.575699095905399 ], [ 76.953225386277111, 28.576387898415284 ] ], [ [ 76.951613568656697, 28.543884734953803 ], [ 76.949673693272231, 28.544531379218753 ], [ 76.951810486341301, 28.5437719611425 ], [ 76.951613568656697, 28.543884734953803 ] ], [ [ 76.951589738856597, 28.553748632849207 ], [ 76.950790556656102, 28.554211866967648 ], [ 76.945508735721006, 28.5485271771506 ], [ 76.950701767977506, 28.554113468442999 ], [ 76.951589738856597, 28.553748632849207 ] ], [ [ 76.950800151603204, 28.513593177620702 ], [ 76.950808486667398, 28.513614173131742 ], [ 76.947728077386301, 28.508211167947799 ], [ 76.950800151603204, 28.513593177620702 ] ], [ [ 76.952900184068781, 28.629923380263961 ], [ 76.952877132997401, 28.629904103535001 ], [ 76.952125683715295, 28.624435929162697 ], [ 76.952900184068781, 28.629923380263961 ] ], [ [ 76.95163491324152, 28.588179936789945 ], [ 76.951528765984406, 28.588361238880299 ], [ 76.950657107006506, 28.587935662849578 ], [ 76.95163491324152, 28.588179936789945 ] ], [ [ 76.950189513749606, 28.554560252580792 ], [ 76.946572222123194, 28.555205335381096 ], [ 76.950480069303424, 28.554391836360125 ], [ 76.950189513749606, 28.554560252580792 ] ], [ [ 76.941654120421518, 28.545869269500599 ], [ 76.948926144802471, 28.544780569416545 ], [ 76.943544769094004, 28.545639873221596 ], [ 76.941654120421518, 28.545869269500599 ] ], [ [ 76.946798094302096, 28.570320395927205 ], [ 76.946788981500546, 28.570331097483617 ], [ 76.946498383604705, 28.569358208830096 ], [ 76.946798094302096, 28.570320395927205 ] ], [ [ 76.944819523598625, 28.567993650060604 ], [ 76.945478724375107, 28.568302510825998 ], [ 76.946498383604705, 28.569358208830096 ], [ 76.944819523598625, 28.567993650060604 ] ], [ [ 76.939715803547472, 28.54654460532544 ], [ 76.939251006155686, 28.546713292264901 ], [ 76.939285325099505, 28.546694589841195 ], [ 76.939715803547472, 28.54654460532544 ] ], [ [ 76.938377442844995, 28.56698600175109 ], [ 76.938055821274801, 28.566671600100999 ], [ 76.935184869700507, 28.560355380503196 ], [ 76.938377442844995, 28.56698600175109 ] ], [ [ 76.937405823846106, 28.544203867267008 ], [ 76.937480311981005, 28.543567720631696 ], [ 76.937807269840818, 28.543421313170295 ], [ 76.937405823846106, 28.544203867267008 ] ], [ [ 76.934107290834504, 28.593026554288386 ], [ 76.936035067334913, 28.595157681051205 ], [ 76.934135450882593, 28.593072028417009 ], [ 76.934107290834504, 28.593026554288386 ] ], [ [ 76.938584874794898, 28.593831001414692 ], [ 76.937830380300099, 28.594426324176098 ], [ 76.936035067334913, 28.595157681051205 ], [ 76.938584874794898, 28.593831001414692 ] ], [ [ 76.937739393479404, 28.557726588148693 ], [ 76.937700834873041, 28.558168511075245 ], [ 76.937556984164203, 28.558873544363799 ], [ 76.937739393479404, 28.557726588148693 ] ], [ [ 76.932140187586697, 28.5898499863439 ], [ 76.931580170832959, 28.589425305524422 ], [ 76.932534223895601, 28.590086338026694 ], [ 76.934050742061174, 28.59293523675289 ], [ 76.932140187586697, 28.5898499863439 ] ], [ [ 76.928350546246307, 28.5705443347507 ], [ 76.932699386663899, 28.5681389229069 ], [ 76.932784948644084, 28.568125843260599 ], [ 76.928350546246307, 28.5705443347507 ] ], [ [ 76.930394527416993, 28.526646643697902 ], [ 76.930401172487507, 28.52663961248312 ], [ 76.931127652683301, 28.533361940117491 ], [ 76.930394527416993, 28.526646643697902 ] ], [ [ 76.930115540844099, 28.548098606142805 ], [ 76.930723966314773, 28.548980368766859 ], [ 76.930796984883003, 28.5493135350739 ], [ 76.930115540844099, 28.548098606142805 ] ], [ [ 76.926828594508294, 28.595981737472396 ], [ 76.926348913815559, 28.594184100756284 ], [ 76.927928618225096, 28.598127976291401 ], [ 76.926828594508294, 28.595981737472396 ] ], [ [ 76.927537511697295, 28.586359611894501 ], [ 76.927156837199306, 28.585987523083993 ], [ 76.927606918024182, 28.586412245205171 ], [ 76.927537511697295, 28.586359611894501 ] ], [ [ 76.925653690989762, 28.572759635572709 ], [ 76.925675958392446, 28.572741344270142 ], [ 76.927282710030696, 28.575405251550499 ], [ 76.925653690989762, 28.572759635572709 ] ], [ [ 76.926136036426399, 28.593386327953294 ], [ 76.927342990540367, 28.592675452770457 ], [ 76.926165307378184, 28.593496022878373 ], [ 76.926136036426399, 28.593386327953294 ] ], [ [ 76.923974498213795, 28.581273293275501 ], [ 76.926310958462807, 28.585160722196196 ], [ 76.926283167264202, 28.585133557796997 ], [ 76.923974498213795, 28.581273293275501 ] ], [ [ 76.922927750710727, 28.575018200296217 ], [ 76.923044106187504, 28.574903249080901 ], [ 76.923890265726442, 28.574208181031693 ], [ 76.922927750710727, 28.575018200296217 ] ], [ [ 76.922277848825473, 28.553028474685213 ], [ 76.923375798354499, 28.554579153464811 ], [ 76.923263601616497, 28.554700110344175 ], [ 76.922277848825473, 28.553028474685213 ] ], [ [ 76.923809479895198, 28.599873398881403 ], [ 76.912576277205417, 28.6044156004548 ], [ 76.900723564562398, 28.610725978693399 ], [ 76.912580473878094, 28.604413258704902 ], [ 76.923809479895198, 28.599873398881403 ] ], [ [ 76.921119236962994, 28.556087863786104 ], [ 76.918379479662306, 28.556613906112101 ], [ 76.918197765124816, 28.556629300502895 ], [ 76.921119236962994, 28.556087863786104 ] ], [ [ 76.922820860926663, 28.555177419517051 ], [ 76.92250258449738, 28.555520546459519 ], [ 76.921119236962994, 28.556087863786104 ], [ 76.922820860926663, 28.555177419517051 ] ], [ [ 76.915468215134993, 28.524983502711702 ], [ 76.915460445299928, 28.524989443119182 ], [ 76.919464045159117, 28.52058657005789 ], [ 76.915468215134993, 28.524983502711702 ] ], [ [ 76.906985204196033, 28.592003854410024 ], [ 76.911630996173699, 28.588022803082701 ], [ 76.907048923909301, 28.591975068014193 ], [ 76.906985204196033, 28.592003854410024 ] ], [ [ 76.917984100550996, 28.579902186935495 ], [ 76.920004552645878, 28.577906119107499 ], [ 76.91592833448, 28.582570047923699 ], [ 76.911630996173699, 28.588022803082701 ], [ 76.917984100550996, 28.579902186935495 ] ], [ [ 76.915745654103205, 28.546864894588801 ], [ 76.918889723795402, 28.547306678658298 ], [ 76.918901362185352, 28.547328419002046 ], [ 76.915745654103205, 28.546864894588801 ] ], [ [ 76.910659234152703, 28.5278822377601 ], [ 76.902641466630826, 28.530940090803817 ], [ 76.913422754715896, 28.526547354233792 ], [ 76.910659234152703, 28.5278822377601 ] ], [ [ 76.914857269737311, 28.609255196190759 ], [ 76.914500148783603, 28.607754920690091 ], [ 76.914857912298004, 28.609253918054307 ], [ 76.914857269737311, 28.609255196190759 ] ], [ [ 76.910134688213603, 28.544531815723275 ], [ 76.910246030001701, 28.5445008559063 ], [ 76.911117034504699, 28.545689501551195 ], [ 76.910134688213603, 28.544531815723275 ] ], [ [ 76.90895099665093, 28.55758192837456 ], [ 76.898370228899594, 28.560742398244692 ], [ 76.908770133401603, 28.557600162455802 ], [ 76.90895099665093, 28.55758192837456 ] ], [ [ 76.904696904803657, 28.54612481977701 ], [ 76.905348596324203, 28.5458626415654 ], [ 76.907620905302906, 28.54523080089454 ], [ 76.904696904803657, 28.54612481977701 ] ], [ [ 76.9041862210765, 28.593268339635895 ], [ 76.904183252049677, 28.593268188663099 ], [ 76.904323630261857, 28.593206262846802 ], [ 76.9041862210765, 28.593268339635895 ] ], [ [ 76.89217520724462, 28.5499619029206 ], [ 76.898949222854895, 28.547235844943394 ], [ 76.890457651987873, 28.550847611686617 ], [ 76.89217520724462, 28.5499619029206 ] ], [ [ 76.89890947040081, 28.547140280219811 ], [ 76.899863664723696, 28.547713394118496 ], [ 76.898949222854895, 28.547235844943394 ], [ 76.89890947040081, 28.547140280219811 ] ], [ [ 76.900960351983798, 28.547599397811069 ], [ 76.900897096110796, 28.547625595151999 ], [ 76.899863664723696, 28.547713394118496 ], [ 76.900960351983798, 28.547599397811069 ] ], [ [ 76.892120084376501, 28.5284793721809 ], [ 76.895787188061703, 28.533554207080922 ], [ 76.894199647601297, 28.531438810133196 ], [ 76.892120084376501, 28.5284793721809 ] ], [ [ 76.896211519244005, 28.562105929438999 ], [ 76.894503719306996, 28.563811523539652 ], [ 76.894515859616305, 28.563783789826296 ], [ 76.896211519244005, 28.562105929438999 ] ], [ [ 76.89395436709431, 28.534253216768903 ], [ 76.894713827967649, 28.537053974390822 ], [ 76.894510105027507, 28.536564225344893 ], [ 76.89395436709431, 28.534253216768903 ] ], [ [ 76.892084520590018, 28.569338018951367 ], [ 76.8921754840907, 28.571829341681202 ], [ 76.892071696784598, 28.569367314065193 ], [ 76.892084520590018, 28.569338018951367 ] ], [ [ 76.88902642832717, 28.577513658247202 ], [ 76.889093389163406, 28.577452539119101 ], [ 76.889443613205586, 28.577257681234755 ], [ 76.88902642832717, 28.577513658247202 ] ], [ [ 76.887521338836635, 28.579067462581804 ], [ 76.887690104088094, 28.578733400666191 ], [ 76.888561082684618, 28.577938406824785 ], [ 76.887521338836635, 28.579067462581804 ] ], [ [ 76.887539688922701, 28.552088725035581 ], [ 76.886827883193504, 28.552391481298301 ], [ 76.886701759801397, 28.552286405600022 ], [ 76.887539688922701, 28.552088725035581 ] ], [ [ 76.885657006879597, 28.559353243634522 ], [ 76.886782971442145, 28.555250479927306 ], [ 76.887062307926499, 28.555190626135399 ], [ 76.885657006879597, 28.559353243634522 ] ], [ [ 76.885175385199005, 28.563630302188397 ], [ 76.884474562951198, 28.562434047885294 ], [ 76.879912202477598, 28.5654761604249 ], [ 76.885704105138899, 28.561453795347898 ], [ 76.884435895487101, 28.562366723514398 ], [ 76.885175385199005, 28.563630302188397 ] ], [ [ 76.885568982642297, 28.559673984320497 ], [ 76.885604260257537, 28.559545440559614 ], [ 76.885704105138899, 28.561453795347898 ], [ 76.885568982642297, 28.559673984320497 ] ], [ [ 76.879354135263497, 28.542000295397738 ], [ 76.879304994464604, 28.539714256050797 ], [ 76.879604033019206, 28.540469876160888 ], [ 76.885085233410607, 28.5372321142804 ], [ 76.879378632914495, 28.540709214966899 ], [ 76.879354135263497, 28.542000295397738 ] ], [ [ 76.880738462847305, 28.545195774855145 ], [ 76.884469605147117, 28.550426756846115 ], [ 76.884467705381098, 28.550425174116398 ], [ 76.880738462847305, 28.545195774855145 ] ], [ [ 76.882148529876105, 28.5822006371817 ], [ 76.882886075651598, 28.583690505774108 ], [ 76.875963346303905, 28.571959003943096 ], [ 76.882148529876105, 28.5822006371817 ] ], [ [ 76.881515413102605, 28.584114815117793 ], [ 76.879790410600606, 28.584406319928128 ], [ 76.882886075651598, 28.583690505774108 ], [ 76.881515413102605, 28.584114815117793 ] ], [ [ 76.879664924133053, 28.543191912285181 ], [ 76.879367829564401, 28.542637356890094 ], [ 76.879367671394931, 28.542629998816309 ], [ 76.879664924133053, 28.543191912285181 ] ], [ [ 76.874446741990099, 28.535509950151102 ], [ 76.8763971465428, 28.537950124883302 ], [ 76.874369283995378, 28.535446844600955 ], [ 76.874446741990099, 28.535509950151102 ] ], [ [ 76.869193390188229, 28.55771778701186 ], [ 76.868652960367697, 28.557860833832368 ], [ 76.869073880882297, 28.557720605746098 ], [ 76.869193390188229, 28.55771778701186 ] ], [ [ 76.865933502061935, 28.558766811138476 ], [ 76.863421481842906, 28.560127062678106 ], [ 76.864715674536697, 28.559172525798001 ], [ 76.865933502061935, 28.558766811138476 ] ], [ [ 76.847278596696498, 28.570520063678092 ], [ 76.8470563547572, 28.570586588749283 ], [ 76.8549015686974, 28.564740570517692 ], [ 76.847278596696498, 28.570520063678092 ] ] ] ] } },
{ "type": "Feature", "properties": { "district": "West" }, "geometry": { "type": "Polygon", "coordinates": [ [ [ 77.052220510105698, 28.681201330906696 ], [ 77.055387337194304, 28.6849184325016 ], [ 77.056095392987999, 28.686832150028685 ], [ 77.064523525384502, 28.691988438202799 ], [ 77.073408832327601, 28.686029033896201 ], [ 77.076018993417307, 28.683022090061293 ], [ 77.078809864169699, 28.683757403800303 ], [ 77.082266348879813, 28.686454241031296 ], [ 77.083606343978701, 28.688397221835999 ], [ 77.087869351134898, 28.688841690658894 ], [ 77.0924144544706, 28.68601487369973 ], [ 77.095013300987503, 28.689001745882798 ], [ 77.097883527465498, 28.689296089768884 ], [ 77.101986739783797, 28.686614110526602 ], [ 77.103659607427701, 28.684678305942601 ], [ 77.107683786316599, 28.6885276544112 ], [ 77.114804466071107, 28.683056769339284 ], [ 77.118381218912404, 28.687220812892402 ], [ 77.119304461630506, 28.689701390905892 ], [ 77.121306499233, 28.689069189386394 ], [ 77.123038047061996, 28.687382985631398 ], [ 77.122182065235094, 28.685124817962691 ], [ 77.120764434904899, 28.683717729842492 ], [ 77.122067576220203, 28.682319017101399 ], [ 77.125153164882207, 28.680330780980302 ], [ 77.132663116862503, 28.677132949092503 ], [ 77.139370994759801, 28.671184294229395 ], [ 77.148502917245494, 28.669196885318598 ], [ 77.149393207959903, 28.672868153872599 ], [ 77.153324913841701, 28.672342471255295 ], [ 77.1535438283248, 28.673163277506404 ], [ 77.154550070815304, 28.673104038043405 ], [ 77.155929693860998, 28.6749855119198 ], [ 77.157286307069, 28.675426917911487 ], [ 77.157701818469903, 28.674690489626506 ], [ 77.156948359795095, 28.674381048072004 ], [ 77.158302205001718, 28.673252558161298 ], [ 77.158023503447893, 28.671815950391601 ], [ 77.157323669302997, 28.671318556325094 ], [ 77.159901024021593, 28.670613646031288 ], [ 77.159754666436697, 28.6698719098674 ], [ 77.161823631252403, 28.667497719302986 ], [ 77.162172258119199, 28.666793492459494 ], [ 77.161596479395698, 28.666560511802501 ], [ 77.163913022539106, 28.662293542313105 ], [ 77.157583741108027, 28.657328118092856 ], [ 77.158918735802303, 28.658092785618493 ], [ 77.162184772969795, 28.658075669242596 ], [ 77.167945525704695, 28.656122433388202 ], [ 77.168562071062695, 28.653422951127396 ], [ 77.169278785390006, 28.653077003633101 ], [ 77.172938521257294, 28.653390682727704 ], [ 77.178361089946506, 28.652320683438202 ], [ 77.178973822486, 28.652888005755099 ], [ 77.180235380549902, 28.652855660298499 ], [ 77.179947512877305, 28.650814039478391 ], [ 77.181192509588314, 28.650312517332893 ], [ 77.1782436533653, 28.646259400166493 ], [ 77.178736638204199, 28.645615354855295 ], [ 77.175375067974002, 28.642069258311601 ], [ 77.175855892914697, 28.639514375185989 ], [ 77.175239414997804, 28.633265074535302 ], [ 77.176059803462906, 28.632877447019698 ], [ 77.176656726953496, 28.630103155438704 ], [ 77.172655840901399, 28.629988002908497 ], [ 77.165494031034797, 28.627957546945488 ], [ 77.161690079078298, 28.632998179117791 ], [ 77.153251880287911, 28.639472265909344 ], [ 77.1496803873045, 28.6372531755006 ], [ 77.147121174850923, 28.640162277284894 ], [ 77.145624966357005, 28.638196691278797 ], [ 77.138597870954996, 28.640616718350493 ], [ 77.133901662766405, 28.640973741820797 ], [ 77.129558505024804, 28.639407449306901 ], [ 77.125273268863893, 28.638940367814701 ], [ 77.121960955895403, 28.631719489677593 ], [ 77.122520078059694, 28.630459751238604 ], [ 77.121987604659296, 28.629099337114202 ], [ 77.122649156592317, 28.628627416598501 ], [ 77.121956016887594, 28.627708793553701 ], [ 77.119329769935703, 28.628077768753396 ], [ 77.118242748122796, 28.627305346839098 ], [ 77.115751087402003, 28.620550503147491 ], [ 77.116371502677296, 28.6200641796116 ], [ 77.115306338221899, 28.618184822145697 ], [ 77.103941903562003, 28.612761009483894 ], [ 77.095586588697401, 28.616498505435999 ], [ 77.089539969001393, 28.618068542491393 ], [ 77.089303837993995, 28.617504912113588 ], [ 77.087341235651806, 28.616916993719201 ], [ 77.086342118353016, 28.615320486799103 ], [ 77.085525712173805, 28.6156106446773 ], [ 77.083839927920096, 28.614178641268801 ], [ 77.082640098829003, 28.6144630126899 ], [ 77.080866201477306, 28.613519858994799 ], [ 77.080534695461296, 28.613867855664193 ], [ 77.079695294565497, 28.611870044231399 ], [ 77.064195709349391, 28.62144303943316 ], [ 77.061194281565903, 28.6177643706453 ], [ 77.056660600531998, 28.617576641692605 ], [ 77.053120325842201, 28.618313050474999 ], [ 77.054071925997604, 28.6197348350894 ], [ 77.0517957003687, 28.616382548042498 ], [ 77.054894847980194, 28.611680329155398 ], [ 77.052328933672001, 28.607448692974295 ], [ 77.056766185096194, 28.603355219448407 ], [ 77.059686332259105, 28.6018390197972 ], [ 77.061940467884895, 28.599628696643794 ], [ 77.061324889271503, 28.598767420430399 ], [ 77.059807305880497, 28.59842300048 ], [ 77.058639294885793, 28.599532731076504 ], [ 77.058459712828594, 28.598254478702898 ], [ 77.055404455402197, 28.596217329351191 ], [ 77.051799138783196, 28.597229789655497 ], [ 77.049960118939296, 28.598799838814902 ], [ 77.0448084430937, 28.601131226181 ], [ 77.036321856984799, 28.6039972736008 ], [ 77.032623013785994, 28.613776908786296 ], [ 77.032822465050799, 28.615435632376503 ], [ 77.034137872912453, 28.616572731770081 ], [ 77.030487330809393, 28.619025203985604 ], [ 77.022512964355499, 28.620973829059203 ], [ 77.022862314767707, 28.623477430615299 ], [ 77.022083659126181, 28.626697269090823 ], [ 77.016010569343294, 28.627193856081398 ], [ 77.014186335534106, 28.625410055125592 ], [ 77.009332455265294, 28.625108272019808 ], [ 77.007796109167799, 28.624110687684695 ], [ 77.004605847011604, 28.6252187654698 ], [ 77.006897671635798, 28.627998586677997 ], [ 77.004922329406497, 28.631459598000788 ], [ 77.004265121840803, 28.634790101291301 ], [ 76.999991200560203, 28.645557011129291 ], [ 76.999749723449, 28.649608665056096 ], [ 77.002005664817176, 28.651361388464501 ], [ 76.996197927734499, 28.653739206261402 ], [ 76.992699646481597, 28.656306458481598 ], [ 76.993087496925199, 28.658299981032393 ], [ 76.988743315875396, 28.660821560271398 ], [ 76.987032889929793, 28.659079419899413 ], [ 76.984274555849495, 28.6574057655532 ], [ 76.983969796986997, 28.657783320252992 ], [ 76.979675966795895, 28.654293880235798 ], [ 76.977514505369612, 28.657061149607504 ], [ 76.968011504445599, 28.658508223551998 ], [ 76.967090406858802, 28.659602862978193 ], [ 76.962686659771407, 28.661355159417194 ], [ 76.954046660736793, 28.667199152943198 ], [ 76.953812033167097, 28.668651050525988 ], [ 76.955945808161701, 28.672811674911198 ], [ 76.956659320295401, 28.680647331792599 ], [ 76.9585493193171, 28.685709261208594 ], [ 76.963339757934307, 28.692366862670099 ], [ 76.963365120276507, 28.693999748738296 ], [ 76.967743876685702, 28.699537803714804 ], [ 76.968979331325698, 28.699226000640291 ], [ 76.972501949681302, 28.701843014805089 ], [ 76.9741933605291, 28.702028015884498 ], [ 76.974480858533994, 28.701349827353706 ], [ 76.9768112801775, 28.700439319372805 ], [ 76.976039847117917, 28.698126817909696 ], [ 76.978488572398007, 28.696019960019502 ], [ 76.983019050990507, 28.690478499652301 ], [ 76.995426406502986, 28.681692387973388 ], [ 77.000058197192999, 28.679207695158897 ], [ 77.002187856271107, 28.679693275586988 ], [ 77.009382493985797, 28.688255911725189 ], [ 77.012697402863196, 28.695311771197808 ], [ 77.0281100883021, 28.6961123167263 ], [ 77.037416274876804, 28.698459281332614 ], [ 77.041047311392205, 28.69748134710979 ], [ 77.045117896975697, 28.694974858764407 ], [ 77.046595622247693, 28.691468584386595 ], [ 77.048864264292803, 28.688236418528504 ], [ 77.054100279999901, 28.683415452995501 ], [ 77.052220510105698, 28.681201330906696 ] ], [ [ 77.051242125644762, 28.677697456079486 ], [ 77.051587457364406, 28.678834474865596 ], [ 77.052220510105698, 28.681201330906696 ], [ 77.051242125644762, 28.677697456079486 ] ], [ [ 77.160302248671499, 28.645863875808399 ], [ 77.162452970367426, 28.647183804292492 ], [ 77.162326131962004, 28.647250944476294 ], [ 77.160302248671499, 28.645863875808399 ] ], [ [ 77.160302248671499, 28.645863875808399 ], [ 77.154914492993967, 28.6407853171897 ], [ 77.156318049067806, 28.641860580495496 ], [ 77.160302248671499, 28.645863875808399 ] ], [ [ 77.15434107180694, 28.655393374171293 ], [ 77.154269152228096, 28.655350463237404 ], [ 77.151731004870101, 28.649876338070602 ], [ 77.15434107180694, 28.655393374171293 ] ], [ [ 77.11345608573275, 28.659299927700335 ], [ 77.113997802642118, 28.658637848000172 ], [ 77.114026701595407, 28.658903310797395 ], [ 77.11345608573275, 28.659299927700335 ] ], [ [ 77.113679788255297, 28.655716600720204 ], [ 77.111716175532706, 28.651395206366498 ], [ 77.112150378445307, 28.652087325278604 ], [ 77.113679788255297, 28.655716600720204 ] ], [ [ 77.106198884086567, 28.660946846483032 ], [ 77.112233504951107, 28.660794150796008 ], [ 77.107663224570302, 28.660957641718301 ], [ 77.106198884086567, 28.660946846483032 ] ], [ [ 77.101202462239286, 28.66082538820071 ], [ 77.101704934490016, 28.660913716726885 ], [ 77.101375211362694, 28.660911285981591 ], [ 77.101202462239286, 28.66082538820071 ] ], [ [ 77.096822924211907, 28.669075851916404 ], [ 77.099448116930603, 28.668351563101805 ], [ 77.099211966676108, 28.667557183789878 ], [ 77.099577350680931, 28.668321147636991 ], [ 77.096822924211907, 28.669075851916404 ] ], [ [ 77.083762555989495, 28.656242365957503 ], [ 77.090238440959794, 28.654653098946898 ], [ 77.091982504715006, 28.654512184629898 ], [ 77.083762555989495, 28.656242365957503 ] ], [ [ 77.089745133769313, 28.653836203903797 ], [ 77.089999676946789, 28.652363004783375 ], [ 77.090000033013894, 28.652363638434998 ], [ 77.089745133769313, 28.653836203903797 ] ], [ [ 77.085378375065801, 28.670905835649201 ], [ 77.085382243420128, 28.670903443351747 ], [ 77.086198057861395, 28.673873872107599 ], [ 77.085378375065801, 28.670905835649201 ] ], [ [ 77.078882705280037, 28.632625853634032 ], [ 77.079557953139002, 28.633810507745501 ], [ 77.080196550432802, 28.636234934623097 ], [ 77.078882705280037, 28.632625853634032 ] ], [ [ 77.080196550432802, 28.636234934623097 ], [ 77.083443270718703, 28.640908539926997 ], [ 77.081332514726796, 28.6379317755041 ], [ 77.080196550432802, 28.636234934623097 ] ], [ [ 77.076542126660428, 28.630324983172084 ], [ 77.076618184408403, 28.630371845888295 ], [ 77.078716630762543, 28.632334492680652 ], [ 77.076542126660428, 28.630324983172084 ] ], [ [ 77.064723520077806, 28.660572294852795 ], [ 77.069877388328194, 28.659105426552681 ], [ 77.065051797267301, 28.66053041129009 ], [ 77.066654445112405, 28.661641852410696 ], [ 77.064723520077806, 28.660572294852795 ] ], [ [ 77.067278028889163, 28.629707706163114 ], [ 77.067799248727354, 28.629267248308249 ], [ 77.067799957607207, 28.629276389836299 ], [ 77.067278028889163, 28.629707706163114 ] ], [ [ 77.059264610974921, 28.638475840011274 ], [ 77.058955530812796, 28.638536818200254 ], [ 77.059124317078499, 28.638425178429998 ], [ 77.059264610974921, 28.638475840011274 ] ], [ [ 77.058472772110278, 28.638856127774467 ], [ 77.058238761943059, 28.639132120871643 ], [ 77.058314117704199, 28.638961066060595 ], [ 77.058472772110278, 28.638856127774467 ] ], [ [ 77.0545043363377, 28.624866689219498 ], [ 77.054299067392648, 28.624866543521215 ], [ 77.056190069272105, 28.62356427563569 ], [ 77.0545043363377, 28.624866689219498 ] ], [ [ 77.056476456005399, 28.662280493023708 ], [ 77.049100918168605, 28.667344248812196 ], [ 77.055410973206577, 28.66280838683128 ], [ 77.056476456005399, 28.662280493023708 ] ], [ [ 77.055297077319366, 28.660452511743951 ], [ 77.0511531379112, 28.653463402956703 ], [ 77.055257061453602, 28.660279758915685 ], [ 77.055297077319366, 28.660452511743951 ] ], [ [ 77.048236618146618, 28.672654425085632 ], [ 77.050602767119003, 28.675592342029699 ], [ 77.050618192813545, 28.675643131758793 ], [ 77.048236618146618, 28.672654425085632 ] ], [ [ 77.046856555675106, 28.625811133754787 ], [ 77.041917216099804, 28.626531952829144 ], [ 77.042237121298399, 28.626403259169496 ], [ 77.046856555675106, 28.625811133754787 ] ], [ [ 77.046707541761194, 28.671525953271502 ], [ 77.04711549514677, 28.67182659082248 ], [ 77.0421047811395, 28.669504588988094 ], [ 77.046707541761194, 28.671525953271502 ] ], [ [ 77.035015853222603, 28.629075176006598 ], [ 77.032317773956194, 28.629679230648357 ], [ 77.035340319119939, 28.628953362646225 ], [ 77.035015853222603, 28.629075176006598 ] ], [ [ 77.031482182253157, 28.666140475283264 ], [ 77.032163817074107, 28.665451146779883 ], [ 77.034638685040605, 28.663675108342499 ], [ 77.031482182253157, 28.666140475283264 ] ], [ [ 77.029342705719998, 28.6528497632832 ], [ 77.030088961516995, 28.658610205312709 ], [ 77.030049833119506, 28.658417144800005 ], [ 77.029342705719998, 28.6528497632832 ] ], [ [ 77.029342705719998, 28.6528497632832 ], [ 77.030031927727904, 28.651636476529497 ], [ 77.032540734825304, 28.648172157916605 ], [ 77.029342705719998, 28.6528497632832 ] ], [ [ 77.030083954660157, 28.631234457912957 ], [ 77.030265303474195, 28.631055307296801 ], [ 77.031543436331745, 28.630198384483883 ], [ 77.030083954660157, 28.631234457912957 ] ], [ [ 77.03145305008097, 28.663784622050109 ], [ 77.030850948960193, 28.662369870821003 ], [ 77.030164435532797, 28.658982596034459 ], [ 77.03145305008097, 28.663784622050109 ] ], [ [ 77.030334554884092, 28.667036822527848 ], [ 77.028743484309018, 28.668279518340384 ], [ 77.027558806214358, 28.668848206769237 ], [ 77.030334554884092, 28.667036822527848 ] ], [ [ 77.022508756315901, 28.6284638018777 ], [ 77.025271819895096, 28.632598602462988 ], [ 77.025267540174795, 28.632787197846362 ], [ 77.022508756315901, 28.6284638018777 ] ], [ [ 77.024918893227806, 28.637069053002801 ], [ 77.025049906311807, 28.636051977663918 ], [ 77.024993731337275, 28.637399344660924 ], [ 77.024918893227806, 28.637069053002801 ] ], [ [ 77.021845326213551, 28.67159088427762 ], [ 77.021346968346904, 28.671830114118588 ], [ 77.021264997924305, 28.671851253056261 ], [ 77.021845326213551, 28.67159088427762 ] ], [ [ 77.02044491532375, 28.672062740010048 ], [ 77.017692145738806, 28.672772637834495 ], [ 77.017037706312891, 28.67280868010516 ], [ 77.02044491532375, 28.672062740010048 ] ], [ [ 77.007773219688488, 28.673851082964397 ], [ 77.0071083505985, 28.673917762831394 ], [ 77.0115756662954, 28.673109493773993 ], [ 77.007773219688488, 28.673851082964397 ] ], [ [ 77.007851491974819, 28.674321846349375 ], [ 77.008286734124994, 28.676589376785696 ], [ 77.008270700003877, 28.676843144755246 ], [ 77.007851491974819, 28.674321846349375 ] ], [ [ 76.989341194074498, 28.674467177366903 ], [ 76.991665626463103, 28.669979774119902 ], [ 76.989371912582172, 28.674518040971765 ], [ 76.989341194074498, 28.674467177366903 ] ], [ [ 76.991565312794705, 28.669287042549698 ], [ 76.989194662145096, 28.667020366309988 ], [ 76.989195610489176, 28.667004856238929 ], [ 76.991565312794705, 28.669287042549698 ] ], [ [ 76.989207830864785, 28.666804993238468 ], [ 76.989239077963404, 28.666293950117701 ], [ 76.989275566580673, 28.666235758550979 ], [ 76.989207830864785, 28.666804993238468 ] ] ] } }
]
}
