{
 "type": "FeatureCollection",
 "features": [
  {
   "type": "Feature",
   "geometry": {
    "type": "Point",
    "coordinates": [
     77.227381,
     28.635986
    ]
   },
   "properties": {
    "name": "Delhi Gate (GF)-Handicapped, (FF & SF)-Children Drug Rehabilitation Centre",
    "zone": "Central",
    "ward": "Minto Road",
    "capacity": 60,
    "sanctioned_capacity": 150,
    "shelter_type": "permanent",
    "seasonal": false,
    "day_service": false,
    "purpose": "Drug addicts",
    "operating_agency": "SPYM",
    "ns_code": "1",
    "area_sqft": "3229.28",
    "division": "C07",
    "cluster": "Cluster-1",
    "source": "https://delhishelterboard.in/occupancy-report/index-ag2.php (DUSIB 'District wise Night Shelters List', live occupancy report, fetched 2026-07-01 11:03 IST)",
    "geocode_confidence": "good",
    "notes": "Geocode hit falls within stated DUSIB district 'Central' polygon. Point-in-polygon matched to pre-2022 ward layer: 'Minto Road' (ward vintage is pre-2022 interim charges, not the 2022 unified-MCD 250-ward set)."
   }
  },
  {
   "type": "Feature",
   "geometry": {
    "type": "Point",
    "coordinates": [
     77.227381,
     28.635986
    ]
   },
   "properties": {
    "name": "Katra Maula Bux, Roshanara Road.",
    "zone": "Central",
    "ward": "Minto Road",
    "capacity": 124,
    "sanctioned_capacity": 310,
    "shelter_type": "permanent",
    "seasonal": false,
    "day_service": false,
    "purpose": "General",
    "operating_agency": "Jyoti Samajik Sewa Sanstha",
    "ns_code": "2",
    "area_sqft": "3299",
    "division": "C10",
    "cluster": "Cluster-4",
    "source": "https://delhishelterboard.in/occupancy-report/index-ag2.php (DUSIB 'District wise Night Shelters List', live occupancy report, fetched 2026-07-01 11:03 IST)",
    "geocode_confidence": "good",
    "notes": "Geocode hit falls within stated DUSIB district 'Central' polygon. Point-in-polygon matched to pre-2022 ward layer: 'Minto Road' (ward vintage is pre-2022 interim charges, not the 2022 unified-MCD 250-ward set)."
   }
  },
  {
   "type": "Feature",
   "geometry": {
    "type": "Point",
    "coordinates": [
     77.291452,
     28.696556
    ]
   },
   "properties": {
    "name": "Kabool Nagar Shahdra",
    "zone": "North East",
    "ward": "Kardam Puri",
    "capacity": 24,
    "sanctioned_capacity": 60,
    "shelter_type": "permanent",
    "seasonal": false,
    "day_service": false,
    "purpose": "General",
    "operating_agency": "Rachna Womens Development Association",
    "ns_code": "3",
    "area_sqft": "1033.36",
    "division": "C08",
    "cluster": "Cluster-10",
    "source": "https://delhishelterboard.in/occupancy-report/index-ag2.php (DUSIB 'District wise Night Shelters List', live occupancy report, fetched 2026-07-01 11:03 IST)",
    "geocode_confidence": "good",
    "notes": "Geocode hit falls within stated DUSIB district 'North East' polygon. Point-in-polygon matched to pre-2022 ward layer: 'Kardam Puri' (ward vintage is pre-2022 interim charges, not the 2022 unified-MCD 250-ward set)."
   }
  },
  {
   "type": "Feature",
   "geometry": {
    "type": "Point",
    "coordinates": [
     77.125775,
     28.822711
    ]
   },
   "properties": {
    "name": "Sarai Pipal Thala, 1st Floor, Adarsh Nagar",
    "zone": "North",
    "ward": "Bakhtawar Pur",
    "capacity": 80,
    "sanctioned_capacity": 200,
    "shelter_type": "permanent",
    "seasonal": false,
    "day_service": false,
    "purpose": "General",
    "operating_agency": "Maa Astha Samajik Vikas Sewa Sansthan",
    "ns_code": "4",
    "area_sqft": "5412",
    "division": "C11",
    "cluster": "Cluster-16",
    "source": "https://delhishelterboard.in/occupancy-report/index-ag2.php (DUSIB 'District wise Night Shelters List', live occupancy report, fetched 2026-07-01 11:03 IST)",
    "geocode_confidence": "good",
    "notes": "Geocode hit falls within stated DUSIB district 'North' polygon. Point-in-polygon matched to pre-2022 ward layer: 'Bakhtawar Pur' (ward vintage is pre-2022 interim charges, not the 2022 unified-MCD 250-ward set)."
   }
  },
  {
   "type": "Feature",
   "geometry": {
    "type": "Point",
    "coordinates": [
     77.227381,
     28.635986
    ]
   },
   "properties": {
    "name": "Shahzada Bagh",
    "zone": "Central",
    "ward": "Minto Road",
    "capacity": 88,
    "sanctioned_capacity": 220,
    "shelter_type": "permanent",
    "seasonal": false,
    "day_service": false,
    "purpose": "General",
    "operating_agency": "Jyoti Samajik Sewa Sanstha",
    "ns_code": "5",
    "area_sqft": "8626",
    "division": "C10",
    "cluster": "Cluster-4",
    "source": "https://delhishelterboard.in/occupancy-report/index-ag2.php (DUSIB 'District wise Night Shelters List', live occupancy report, fetched 2026-07-01 11:03 IST)",
    "geocode_confidence": "good",
    "notes": "Geocode hit falls within stated DUSIB district 'Central' polygon. Point-in-polygon matched to pre-2022 ward layer: 'Minto Road' (ward vintage is pre-2022 interim charges, not the 2022 unified-MCD 250-ward set)."
   }
  },
  {
   "type": "Feature",
   "geometry": {
    "type": "Point",
    "coordinates": [
     77.227381,
     28.635986
    ]
   },
   "properties": {
    "name": "S.P. Mukharjee Market",
    "zone": "Central",
    "ward": "Minto Road",
    "capacity": 28,
    "sanctioned_capacity": 70,
    "shelter_type": "permanent",
    "seasonal": false,
    "day_service": false,
    "purpose": "General",
    "operating_agency": "Jyoti Samajik Sewa Sanstha",
    "ns_code": "6",
    "area_sqft": "1313",
    "division": "C10",
    "cluster": "Cluster-4",
    "source": "https://delhishelterboard.in/occupancy-report/index-ag2.php (DUSIB 'District wise Night Shelters List', live occupancy report, fetched 2026-07-01 11:03 IST)",
    "geocode_confidence": "good",
    "notes": "Geocode hit falls within stated DUSIB district 'Central' polygon. Point-in-polygon matched to pre-2022 ward layer: 'Minto Road' (ward vintage is pre-2022 interim charges, not the 2022 unified-MCD 250-ward set)."
   }
  },
  {
   "type": "Feature",
   "geometry": {
    "type": "Point",
    "coordinates": [
     77.238722,
     28.65584
    ]
   },
   "properties": {
    "name": "Lahori Gate",
    "zone": "Central",
    "ward": "Chandni Chowk",
    "capacity": 140,
    "sanctioned_capacity": 350,
    "shelter_type": "permanent",
    "seasonal": false,
    "day_service": false,
    "purpose": "General",
    "operating_agency": "Sofia Educational and Welfare Society",
    "ns_code": "7",
    "area_sqft": "5955.23",
    "division": "C07",
    "cluster": "Cluster-2",
    "source": "https://delhishelterboard.in/occupancy-report/index-ag2.php (DUSIB 'District wise Night Shelters List', live occupancy report, fetched 2026-07-01 11:03 IST)",
    "geocode_confidence": "good",
    "notes": "Geocode hit falls within stated DUSIB district 'Central' polygon. Point-in-polygon matched to pre-2022 ward layer: 'Chandni Chowk' (ward vintage is pre-2022 interim charges, not the 2022 unified-MCD 250-ward set)."
   }
  },
  {
   "type": "Feature",
   "geometry": {
    "type": "Point",
    "coordinates": [
     77.126306,
     28.652182
    ]
   },
   "properties": {
    "name": "Raja Garden-08",
    "zone": "West",
    "ward": "Raja Garden",
    "capacity": 52,
    "sanctioned_capacity": 130,
    "shelter_type": "permanent",
    "seasonal": false,
    "day_service": false,
    "purpose": "General",
    "operating_agency": "Safe Approach for Nascent Termination of Social Hazard",
    "ns_code": "8",
    "area_sqft": "3856.81",
    "division": "C04",
    "cluster": "Cluster-7",
    "source": "https://delhishelterboard.in/occupancy-report/index-ag2.php (DUSIB 'District wise Night Shelters List', live occupancy report, fetched 2026-07-01 11:03 IST)",
    "geocode_confidence": "good",
    "notes": "Geocode hit falls within stated DUSIB district 'West' polygon. Point-in-polygon matched to pre-2022 ward layer: 'Raja Garden' (ward vintage is pre-2022 interim charges, not the 2022 unified-MCD 250-ward set)."
   }
  },
  {
   "type": "Feature",
   "geometry": {
    "type": "Point",
    "coordinates": [
     77.065268,
     28.719255
    ]
   },
   "properties": {
    "name": "R - Block Mangolpuri.",
    "zone": "North West",
    "ward": "Pooth Kalan",
    "capacity": 76,
    "sanctioned_capacity": 190,
    "shelter_type": "permanent",
    "seasonal": false,
    "day_service": false,
    "purpose": "General",
    "operating_agency": "Maa Astha Samajik Vikas Sewa Sansthan",
    "ns_code": "9",
    "area_sqft": "3988.31",
    "division": "C03",
    "cluster": "Cluster-16",
    "source": "https://delhishelterboard.in/occupancy-report/index-ag2.php (DUSIB 'District wise Night Shelters List', live occupancy report, fetched 2026-07-01 11:03 IST)",
    "geocode_confidence": "good",
    "notes": "Geocode hit falls within stated DUSIB district 'North West' polygon. Point-in-polygon matched to pre-2022 ward layer: 'Pooth Kalan' (ward vintage is pre-2022 interim charges, not the 2022 unified-MCD 250-ward set)."
   }
  },
  {
   "type": "Feature",
   "geometry": {
    "type": "Point",
    "coordinates": [
     77.22501,
     28.589739
    ]
   },
   "properties": {
    "name": "Nizamuddin Basti near Hazrat Nizamuddin Dargah (F.F.)",
    "zone": "South East",
    "ward": "Kasturba Nagar",
    "capacity": 120,
    "sanctioned_capacity": 300,
    "shelter_type": "permanent",
    "seasonal": false,
    "day_service": false,
    "purpose": "Women",
    "operating_agency": "SPYM",
    "ns_code": "10",
    "area_sqft": "4522",
    "division": "C05",
    "cluster": "Cluster-13",
    "source": "https://delhishelterboard.in/occupancy-report/index-ag2.php (DUSIB 'District wise Night Shelters List', live occupancy report, fetched 2026-07-01 11:03 IST)",
    "geocode_confidence": "good",
    "notes": "Geocode hit falls within stated DUSIB district 'South East' polygon. Point-in-polygon matched to pre-2022 ward layer: 'Kasturba Nagar' (ward vintage is pre-2022 interim charges, not the 2022 unified-MCD 250-ward set)."
   }
  },
  {
   "type": "Feature",
   "geometry": {
    "type": "Point",
    "coordinates": [
     77.227381,
     28.635986
    ]
   },
   "properties": {
    "name": "Fatehpuri Old Delhi Railway Station",
    "zone": "Central",
    "ward": "Minto Road",
    "capacity": 180,
    "sanctioned_capacity": 450,
    "shelter_type": "permanent",
    "seasonal": false,
    "day_service": false,
    "purpose": "General",
    "operating_agency": "Sofia Educational and Welfare Society",
    "ns_code": "11",
    "area_sqft": "8126.17",
    "division": "C07",
    "cluster": "Cluster-1",
    "source": "https://delhishelterboard.in/occupancy-report/index-ag2.php (DUSIB 'District wise Night Shelters List', live occupancy report, fetched 2026-07-01 11:03 IST)",
    "geocode_confidence": "good",
    "notes": "Geocode hit falls within stated DUSIB district 'Central' polygon. Point-in-polygon matched to pre-2022 ward layer: 'Minto Road' (ward vintage is pre-2022 interim charges, not the 2022 unified-MCD 250-ward set)."
   }
  },
  {
   "type": "Feature",
   "geometry": {
    "type": "Point",
    "coordinates": [
     77.227381,
     28.635986
    ]
   },
   "properties": {
    "name": "Prop. NO. 10615, Jhandewalan Road",
    "zone": "Central",
    "ward": "Minto Road",
    "capacity": 36,
    "sanctioned_capacity": 90,
    "shelter_type": "permanent",
    "seasonal": false,
    "day_service": false,
    "purpose": "General",
    "operating_agency": "Sadik Masih Medical Social Servant Society",
    "ns_code": "13",
    "area_sqft": "2282",
    "division": "C10",
    "cluster": "Cluster-3",
    "source": "https://delhishelterboard.in/occupancy-report/index-ag2.php (DUSIB 'District wise Night Shelters List', live occupancy report, fetched 2026-07-01 11:03 IST)",
    "geocode_confidence": "good",
    "notes": "Geocode hit falls within stated DUSIB district 'Central' polygon. Point-in-polygon matched to pre-2022 ward layer: 'Minto Road' (ward vintage is pre-2022 interim charges, not the 2022 unified-MCD 250-ward set)."
   }
  },
  {
   "type": "Feature",
   "geometry": {
    "type": "Point",
    "coordinates": [
     77.227381,
     28.635986
    ]
   },
   "properties": {
    "name": "Property No. 10788-89, Jhandewalan, Road",
    "zone": "Central",
    "ward": "Minto Road",
    "capacity": 28,
    "sanctioned_capacity": 70,
    "shelter_type": "permanent",
    "seasonal": false,
    "day_service": false,
    "purpose": "General",
    "operating_agency": "Sadik Masih Medical Social Servant Society",
    "ns_code": "14",
    "area_sqft": "1828",
    "division": "C10",
    "cluster": "Cluster-3",
    "source": "https://delhishelterboard.in/occupancy-report/index-ag2.php (DUSIB 'District wise Night Shelters List', live occupancy report, fetched 2026-07-01 11:03 IST)",
    "geocode_confidence": "good",
    "notes": "Geocode hit falls within stated DUSIB district 'Central' polygon. Point-in-polygon matched to pre-2022 ward layer: 'Minto Road' (ward vintage is pre-2022 interim charges, not the 2022 unified-MCD 250-ward set)."
   }
  },
  {
   "type": "Feature",
   "geometry": {
    "type": "Point",
    "coordinates": [
     77.227381,
     28.635986
    ]
   },
   "properties": {
    "name": "Prop. No. 6108, Gali Ravi Dass",
    "zone": "Central",
    "ward": "Minto Road",
    "capacity": 40,
    "sanctioned_capacity": 100,
    "shelter_type": "permanent",
    "seasonal": false,
    "day_service": false,
    "purpose": "General",
    "operating_agency": "Sadik Masih Medical Social Servant Society",
    "ns_code": "15",
    "area_sqft": "1462",
    "division": "C10",
    "cluster": "Cluster-3",
    "source": "https://delhishelterboard.in/occupancy-report/index-ag2.php (DUSIB 'District wise Night Shelters List', live occupancy report, fetched 2026-07-01 11:03 IST)",
    "geocode_confidence": "good",
    "notes": "Geocode hit falls within stated DUSIB district 'Central' polygon. Point-in-polygon matched to pre-2022 ward layer: 'Minto Road' (ward vintage is pre-2022 interim charges, not the 2022 unified-MCD 250-ward set)."
   }
  },
  {
   "type": "Feature",
   "geometry": {
    "type": "Point",
    "coordinates": [
     77.227381,
     28.635986
    ]
   },
   "properties": {
    "name": "Gali Tel Mill, Nabi Karim",
    "zone": "Central",
    "ward": "Minto Road",
    "capacity": 32,
    "sanctioned_capacity": 80,
    "shelter_type": "permanent",
    "seasonal": false,
    "day_service": false,
    "purpose": "General",
    "operating_agency": "Sadik Masih Medical Social Servant Society",
    "ns_code": "16",
    "area_sqft": "2103",
    "division": "C10",
    "cluster": "Cluster-3",
    "source": "https://delhishelterboard.in/occupancy-report/index-ag2.php (DUSIB 'District wise Night Shelters List', live occupancy report, fetched 2026-07-01 11:03 IST)",
    "geocode_confidence": "good",
    "notes": "Geocode hit falls within stated DUSIB district 'Central' polygon. Point-in-polygon matched to pre-2022 ward layer: 'Minto Road' (ward vintage is pre-2022 interim charges, not the 2022 unified-MCD 250-ward set)."
   }
  },
  {
   "type": "Feature",
   "geometry": {
    "type": "Point",
    "coordinates": [
     77.227381,
     28.635986
    ]
   },
   "properties": {
    "name": "Community Hall, Regharpura, Karol Bagh (Ladies Shelter)",
    "zone": "Central",
    "ward": "Minto Road",
    "capacity": 44,
    "sanctioned_capacity": 110,
    "shelter_type": "permanent",
    "seasonal": false,
    "day_service": false,
    "purpose": "Women",
    "operating_agency": "Jyoti Samajik Sewa Sanstha",
    "ns_code": "18",
    "area_sqft": "2197",
    "division": "C10",
    "cluster": "Cluster-4",
    "source": "https://delhishelterboard.in/occupancy-report/index-ag2.php (DUSIB 'District wise Night Shelters List', live occupancy report, fetched 2026-07-01 11:03 IST)",
    "geocode_confidence": "good",
    "notes": "Geocode hit falls within stated DUSIB district 'Central' polygon. Point-in-polygon matched to pre-2022 ward layer: 'Minto Road' (ward vintage is pre-2022 interim charges, not the 2022 unified-MCD 250-ward set)."
   }
  },
  {
   "type": "Feature",
   "geometry": {
    "type": "Point",
    "coordinates": [
     77.306799,
     28.697517
    ]
   },
   "properties": {
    "name": "Nand Nagari",
    "zone": "Shahdara",
    "ward": "Nand Nagri",
    "capacity": 48,
    "sanctioned_capacity": 120,
    "shelter_type": "porta-cabin",
    "seasonal": false,
    "day_service": false,
    "purpose": "General",
    "operating_agency": "Rachna Womens Development Association",
    "ns_code": "19",
    "area_sqft": "1793.76",
    "division": "C08",
    "cluster": "Cluster-10",
    "source": "https://delhishelterboard.in/occupancy-report/index-ag2.php (DUSIB 'District wise Night Shelters List', live occupancy report, fetched 2026-07-01 11:03 IST)",
    "geocode_confidence": "good",
    "notes": "Geocode hit falls within stated DUSIB district 'Shahdara' polygon. Point-in-polygon matched to pre-2022 ward layer: 'Nand Nagri' (ward vintage is pre-2022 interim charges, not the 2022 unified-MCD 250-ward set)."
   }
  },
  {
   "type": "Feature",
   "geometry": {
    "type": "Point",
    "coordinates": [
     77.227381,
     28.635986
    ]
   },
   "properties": {
    "name": "Kabir Basti Malka Ganj.",
    "zone": "Central",
    "ward": "Minto Road",
    "capacity": 44,
    "sanctioned_capacity": 110,
    "shelter_type": "permanent",
    "seasonal": false,
    "day_service": false,
    "purpose": "General",
    "operating_agency": "Jyoti Samajik Sewa Sanstha",
    "ns_code": "20",
    "area_sqft": "1718",
    "division": "C07",
    "cluster": "Cluster-5",
    "source": "https://delhishelterboard.in/occupancy-report/index-ag2.php (DUSIB 'District wise Night Shelters List', live occupancy report, fetched 2026-07-01 11:03 IST)",
    "geocode_confidence": "good",
    "notes": "Geocode hit falls within stated DUSIB district 'Central' polygon. Point-in-polygon matched to pre-2022 ward layer: 'Minto Road' (ward vintage is pre-2022 interim charges, not the 2022 unified-MCD 250-ward set)."
   }
  },
  {
   "type": "Feature",
   "geometry": {
    "type": "Point",
    "coordinates": [
     77.227381,
     28.635986
    ]
   },
   "properties": {
    "name": "Ist Floor community Hall Sarai Phoosh",
    "zone": "Central",
    "ward": "Minto Road",
    "capacity": 24,
    "sanctioned_capacity": 60,
    "shelter_type": "permanent",
    "seasonal": false,
    "day_service": false,
    "purpose": "General",
    "operating_agency": "Jyoti Samajik Sewa Sanstha",
    "ns_code": "21",
    "area_sqft": "901",
    "division": "C07",
    "cluster": "Cluster-5",
    "source": "https://delhishelterboard.in/occupancy-report/index-ag2.php (DUSIB 'District wise Night Shelters List', live occupancy report, fetched 2026-07-01 11:03 IST)",
    "geocode_confidence": "good",
    "notes": "Geocode hit falls within stated DUSIB district 'Central' polygon. Point-in-polygon matched to pre-2022 ward layer: 'Minto Road' (ward vintage is pre-2022 interim charges, not the 2022 unified-MCD 250-ward set)."
   }
  },
  {
   "type": "Feature",
   "geometry": {
    "type": "Point",
    "coordinates": [
     77.227381,
     28.635986
    ]
   },
   "properties": {
    "name": "Phool Mandi Building, Mori Gate",
    "zone": "Central",
    "ward": "Minto Road",
    "capacity": 100,
    "sanctioned_capacity": 250,
    "shelter_type": "permanent",
    "seasonal": false,
    "day_service": false,
    "purpose": "General",
    "operating_agency": "Jyoti Samajik Sewa Sanstha",
    "ns_code": "22",
    "area_sqft": "6190.98",
    "division": "C07",
    "cluster": "Cluster-5",
    "source": "https://delhishelterboard.in/occupancy-report/index-ag2.php (DUSIB 'District wise Night Shelters List', live occupancy report, fetched 2026-07-01 11:03 IST)",
    "geocode_confidence": "good",
    "notes": "Geocode hit falls within stated DUSIB district 'Central' polygon. Point-in-polygon matched to pre-2022 ward layer: 'Minto Road' (ward vintage is pre-2022 interim charges, not the 2022 unified-MCD 250-ward set)."
   }
  },
  {
   "type": "Feature",
   "geometry": {
    "type": "Point",
    "coordinates": [
     77.227381,
     28.635986
    ]
   },
   "properties": {
    "name": "759/1 Chabi Ganj Community center",
    "zone": "Central",
    "ward": "Minto Road",
    "capacity": 112,
    "sanctioned_capacity": 280,
    "shelter_type": "permanent",
    "seasonal": false,
    "day_service": false,
    "purpose": "General",
    "operating_agency": "Jyoti Samajik Sewa Sanstha",
    "ns_code": "23",
    "area_sqft": "4297",
    "division": "C07",
    "cluster": "Cluster-5",
    "source": "https://delhishelterboard.in/occupancy-report/index-ag2.php (DUSIB 'District wise Night Shelters List', live occupancy report, fetched 2026-07-01 11:03 IST)",
    "geocode_confidence": "good",
    "notes": "Geocode hit falls within stated DUSIB district 'Central' polygon. Point-in-polygon matched to pre-2022 ward layer: 'Minto Road' (ward vintage is pre-2022 interim charges, not the 2022 unified-MCD 250-ward set)."
   }
  },
  {
   "type": "Feature",
   "geometry": {
    "type": "Point",
    "coordinates": [
     77.225113,
     28.575935
    ]
   },
   "properties": {
    "name": "Kotla Mubarakpur, Ground Floor, De-addiction (Men)",
    "zone": "South East",
    "ward": "Kasturba Nagar",
    "capacity": 32,
    "sanctioned_capacity": 80,
    "shelter_type": "permanent",
    "seasonal": false,
    "day_service": false,
    "purpose": "General",
    "operating_agency": "SPYM",
    "ns_code": "24",
    "area_sqft": "2406",
    "division": "C05",
    "cluster": "Cluster-13",
    "source": "https://delhishelterboard.in/occupancy-report/index-ag2.php (DUSIB 'District wise Night Shelters List', live occupancy report, fetched 2026-07-01 11:03 IST)",
    "geocode_confidence": "good",
    "notes": "Geocode hit falls within stated DUSIB district 'South East' polygon. Point-in-polygon matched to pre-2022 ward layer: 'Kasturba Nagar' (ward vintage is pre-2022 interim charges, not the 2022 unified-MCD 250-ward set)."
   }
  },
  {
   "type": "Feature",
   "geometry": {
    "type": "Point",
    "coordinates": [
     77.224197,
     28.681568
    ]
   },
   "properties": {
    "name": "At Property No.1546-51/VIII.( Gali Borian, Ajmere Gate)",
    "zone": "Central",
    "ward": null,
    "capacity": 48,
    "sanctioned_capacity": 120,
    "shelter_type": "permanent",
    "seasonal": false,
    "day_service": false,
    "purpose": "General",
    "operating_agency": "Sofia Educational and Welfare Society",
    "ns_code": "25",
    "area_sqft": "1750",
    "division": "C07",
    "cluster": "Cluster-1",
    "source": "https://delhishelterboard.in/occupancy-report/index-ag2.php (DUSIB 'District wise Night Shelters List', live occupancy report, fetched 2026-07-01 11:03 IST)",
    "geocode_confidence": "approximate",
    "notes": "Geocoding (Nominatim/Photon) failed or was rate-limited for this address; placed at the centroid of DUSIB's stated district 'Central' as a fallback. Location is only accurate to district scale, not the actual site."
   }
  },
  {
   "type": "Feature",
   "geometry": {
    "type": "Point",
    "coordinates": [
     77.239381,
     28.662005
    ]
   },
   "properties": {
    "name": "Community Center Hanuman Mandir Yamuna Bazar (First Floor)",
    "zone": "Central",
    "ward": "Kashmere Gate",
    "capacity": 84,
    "sanctioned_capacity": 210,
    "shelter_type": "permanent",
    "seasonal": false,
    "day_service": false,
    "purpose": "Women",
    "operating_agency": "Sadik Masih Medical Social Servant Society",
    "ns_code": "26",
    "area_sqft": "3189",
    "division": "C07",
    "cluster": "Cluster-9",
    "source": "https://delhishelterboard.in/occupancy-report/index-ag2.php (DUSIB 'District wise Night Shelters List', live occupancy report, fetched 2026-07-01 11:03 IST)",
    "geocode_confidence": "good",
    "notes": "Geocode hit falls within stated DUSIB district 'Central' polygon. Point-in-polygon matched to pre-2022 ward layer: 'Kashmere Gate' (ward vintage is pre-2022 interim charges, not the 2022 unified-MCD 250-ward set)."
   }
  },
  {
   "type": "Feature",
   "geometry": {
    "type": "Point",
    "coordinates": [
     77.224197,
     28.681568
    ]
   },
   "properties": {
    "name": "Ganda Nallah (1st Floor) MCD Community Center, Kashmire Gate",
    "zone": "Central",
    "ward": null,
    "capacity": 40,
    "sanctioned_capacity": 100,
    "shelter_type": "permanent",
    "seasonal": false,
    "day_service": false,
    "purpose": "General",
    "operating_agency": "Jyoti Samajik Sewa Sanstha",
    "ns_code": "27",
    "area_sqft": "1493",
    "division": "C07",
    "cluster": "Cluster-5",
    "source": "https://delhishelterboard.in/occupancy-report/index-ag2.php (DUSIB 'District wise Night Shelters List', live occupancy report, fetched 2026-07-01 11:03 IST)",
    "geocode_confidence": "approximate",
    "notes": "Geocoding (Nominatim/Photon) failed or was rate-limited for this address; placed at the centroid of DUSIB's stated district 'Central' as a fallback. Location is only accurate to district scale, not the actual site."
   }
  },
  {
   "type": "Feature",
   "geometry": {
    "type": "Point",
    "coordinates": [
     77.207772,
     28.649834
    ]
   },
   "properties": {
    "name": "Commercial Building, Motia Khan",
    "zone": "Central",
    "ward": "Model Basti",
    "capacity": 216,
    "sanctioned_capacity": 540,
    "shelter_type": "permanent",
    "seasonal": false,
    "day_service": false,
    "purpose": "General",
    "operating_agency": "Sadik Masih Medical Social Servant Society",
    "ns_code": "28",
    "area_sqft": "11888",
    "division": "C10",
    "cluster": "Cluster-3",
    "source": "https://delhishelterboard.in/occupancy-report/index-ag2.php (DUSIB 'District wise Night Shelters List', live occupancy report, fetched 2026-07-01 11:03 IST)",
    "geocode_confidence": "good",
    "notes": "Geocode hit falls within stated DUSIB district 'Central' polygon. Point-in-polygon matched to pre-2022 ward layer: 'Model Basti' (ward vintage is pre-2022 interim charges, not the 2022 unified-MCD 250-ward set)."
   }
  },
  {
   "type": "Feature",
   "geometry": {
    "type": "Point",
    "coordinates": [
     77.224197,
     28.681568
    ]
   },
   "properties": {
    "name": "Chamelian Road, 6562/XIV",
    "zone": "Central",
    "ward": null,
    "capacity": 24,
    "sanctioned_capacity": 60,
    "shelter_type": "permanent",
    "seasonal": false,
    "day_service": false,
    "purpose": "General",
    "operating_agency": "Sadik Masih Medical Social Servant Society",
    "ns_code": "29",
    "area_sqft": "1829",
    "division": "C10",
    "cluster": "Cluster-3",
    "source": "https://delhishelterboard.in/occupancy-report/index-ag2.php (DUSIB 'District wise Night Shelters List', live occupancy report, fetched 2026-07-01 11:03 IST)",
    "geocode_confidence": "approximate",
    "notes": "Geocoding (Nominatim/Photon) failed or was rate-limited for this address; placed at the centroid of DUSIB's stated district 'Central' as a fallback. Location is only accurate to district scale, not the actual site."
   }
  },
  {
   "type": "Feature",
   "geometry": {
    "type": "Point",
    "coordinates": [
     77.224197,
     28.681568
    ]
   },
   "properties": {
    "name": "Property No. 9090/XV, Gali No.2, Multani Dhanda, Pahar Ganj.",
    "zone": "Central",
    "ward": null,
    "capacity": 12,
    "sanctioned_capacity": 30,
    "shelter_type": "permanent",
    "seasonal": false,
    "day_service": false,
    "purpose": "General",
    "operating_agency": "Sadik Masih Medical Social Servant Society",
    "ns_code": "30",
    "area_sqft": "697",
    "division": "C10",
    "cluster": "Cluster-3",
    "source": "https://delhishelterboard.in/occupancy-report/index-ag2.php (DUSIB 'District wise Night Shelters List', live occupancy report, fetched 2026-07-01 11:03 IST)",
    "geocode_confidence": "approximate",
    "notes": "Geocoding (Nominatim/Photon) failed or was rate-limited for this address; placed at the centroid of DUSIB's stated district 'Central' as a fallback. Location is only accurate to district scale, not the actual site."
   }
  },
  {
   "type": "Feature",
   "geometry": {
    "type": "Point",
    "coordinates": [
     77.224197,
     28.681568
    ]
   },
   "properties": {
    "name": "9386-87/XV, Pahar Ganj",
    "zone": "Central",
    "ward": null,
    "capacity": 20,
    "sanctioned_capacity": 50,
    "shelter_type": "permanent",
    "seasonal": false,
    "day_service": false,
    "purpose": "General",
    "operating_agency": "Sadik Masih Medical Social Servant Society",
    "ns_code": "32",
    "area_sqft": "1153",
    "division": "C10",
    "cluster": "Cluster-3",
    "source": "https://delhishelterboard.in/occupancy-report/index-ag2.php (DUSIB 'District wise Night Shelters List', live occupancy report, fetched 2026-07-01 11:03 IST)",
    "geocode_confidence": "approximate",
    "notes": "Geocoding (Nominatim/Photon) failed or was rate-limited for this address; placed at the centroid of DUSIB's stated district 'Central' as a fallback. Location is only accurate to district scale, not the actual site."
   }
  },
  {
   "type": "Feature",
   "geometry": {
    "type": "Point",
    "coordinates": [
     77.199049,
     28.682152
    ]
   },
   "properties": {
    "name": "L-Block, Pratap Nagar, Near Shastri Nagar",
    "zone": "Central",
    "ward": "Rana Pratap Bagh",
    "capacity": 88,
    "sanctioned_capacity": 220,
    "shelter_type": "permanent",
    "seasonal": false,
    "day_service": false,
    "purpose": "General",
    "operating_agency": "Jyoti Samajik Sewa Sanstha",
    "ns_code": "34",
    "area_sqft": "3791",
    "division": "C10",
    "cluster": "Cluster-4",
    "source": "https://delhishelterboard.in/occupancy-report/index-ag2.php (DUSIB 'District wise Night Shelters List', live occupancy report, fetched 2026-07-01 11:03 IST)",
    "geocode_confidence": "good",
    "notes": "Geocode hit falls within stated DUSIB district 'Central' polygon. Point-in-polygon matched to pre-2022 ward layer: 'Rana Pratap Bagh' (ward vintage is pre-2022 interim charges, not the 2022 unified-MCD 250-ward set)."
   }
  },
  {
   "type": "Feature",
   "geometry": {
    "type": "Point",
    "coordinates": [
     77.206187,
     28.677923
    ]
   },
   "properties": {
    "name": "Kharian Mohalla, Roshanara Road.",
    "zone": "Central",
    "ward": "Kamla Nagar",
    "capacity": 84,
    "sanctioned_capacity": 210,
    "shelter_type": "permanent",
    "seasonal": false,
    "day_service": false,
    "purpose": "Women",
    "operating_agency": "Jyoti Samajik Sewa Sanstha",
    "ns_code": "35",
    "area_sqft": "3695",
    "division": "C10",
    "cluster": "Cluster-4",
    "source": "https://delhishelterboard.in/occupancy-report/index-ag2.php (DUSIB 'District wise Night Shelters List', live occupancy report, fetched 2026-07-01 11:03 IST)",
    "geocode_confidence": "good",
    "notes": "Geocode hit falls within stated DUSIB district 'Central' polygon. Point-in-polygon matched to pre-2022 ward layer: 'Kamla Nagar' (ward vintage is pre-2022 interim charges, not the 2022 unified-MCD 250-ward set)."
   }
  },
  {
   "type": "Feature",
   "geometry": {
    "type": "Point",
    "coordinates": [
     77.272958,
     28.542203
    ]
   },
   "properties": {
    "name": "Kilokari Village near circle office, Ring Road",
    "zone": "South East",
    "ward": null,
    "capacity": 36,
    "sanctioned_capacity": 90,
    "shelter_type": "permanent",
    "seasonal": false,
    "day_service": false,
    "purpose": "Families",
    "operating_agency": "Janpahal",
    "ns_code": "36",
    "area_sqft": "2005",
    "division": "C05",
    "cluster": "Cluster-15",
    "source": "https://delhishelterboard.in/occupancy-report/index-ag2.php (DUSIB 'District wise Night Shelters List', live occupancy report, fetched 2026-07-01 11:03 IST)",
    "geocode_confidence": "approximate",
    "notes": "Geocoding (Nominatim/Photon) failed or was rate-limited for this address; placed at the centroid of DUSIB's stated district 'South East' as a fallback. Location is only accurate to district scale, not the actual site."
   }
  },
  {
   "type": "Feature",
   "geometry": {
    "type": "Point",
    "coordinates": [
     77.186286,
     28.64839
    ]
   },
   "properties": {
    "name": "Tank Road, Bapa Nagar, Karol Bagh.",
    "zone": "Central",
    "ward": "Karol Bagh",
    "capacity": 20,
    "sanctioned_capacity": 50,
    "shelter_type": "permanent",
    "seasonal": false,
    "day_service": false,
    "purpose": "General",
    "operating_agency": "Jyoti Samajik Sewa Sanstha",
    "ns_code": "37",
    "area_sqft": "3184",
    "division": "C10",
    "cluster": "Cluster-4",
    "source": "https://delhishelterboard.in/occupancy-report/index-ag2.php (DUSIB 'District wise Night Shelters List', live occupancy report, fetched 2026-07-01 11:03 IST)",
    "geocode_confidence": "good",
    "notes": "Geocode hit falls within stated DUSIB district 'Central' polygon. Point-in-polygon matched to pre-2022 ward layer: 'Karol Bagh' (ward vintage is pre-2022 interim charges, not the 2022 unified-MCD 250-ward set)."
   }
  },
  {
   "type": "Feature",
   "geometry": {
    "type": "Point",
    "coordinates": [
     77.207324,
     28.647482
    ]
   },
   "properties": {
    "name": "A-Block Motia Khan",
    "zone": "Central",
    "ward": "Model Basti",
    "capacity": 12,
    "sanctioned_capacity": 30,
    "shelter_type": "permanent",
    "seasonal": false,
    "day_service": false,
    "purpose": "General",
    "operating_agency": "Jyoti Samajik Sewa Sanstha",
    "ns_code": "38",
    "area_sqft": "702",
    "division": "C10",
    "cluster": "Cluster-4",
    "source": "https://delhishelterboard.in/occupancy-report/index-ag2.php (DUSIB 'District wise Night Shelters List', live occupancy report, fetched 2026-07-01 11:03 IST)",
    "geocode_confidence": "good",
    "notes": "Geocode hit falls within stated DUSIB district 'Central' polygon. Point-in-polygon matched to pre-2022 ward layer: 'Model Basti' (ward vintage is pre-2022 interim charges, not the 2022 unified-MCD 250-ward set)."
   }
  },
  {
   "type": "Feature",
   "geometry": {
    "type": "Point",
    "coordinates": [
     77.191338,
     28.666206
    ]
   },
   "properties": {
    "name": "Padam Nagar",
    "zone": "Central",
    "ward": "Kishan Ganj",
    "capacity": 8,
    "sanctioned_capacity": 20,
    "shelter_type": "permanent",
    "seasonal": false,
    "day_service": false,
    "purpose": "General",
    "operating_agency": "Jyoti Samajik Sewa Sanstha",
    "ns_code": "39",
    "area_sqft": "3802",
    "division": "C10",
    "cluster": "Cluster-4",
    "source": "https://delhishelterboard.in/occupancy-report/index-ag2.php (DUSIB 'District wise Night Shelters List', live occupancy report, fetched 2026-07-01 11:03 IST)",
    "geocode_confidence": "good",
    "notes": "Geocode hit falls within stated DUSIB district 'Central' polygon. Point-in-polygon matched to pre-2022 ward layer: 'Kishan Ganj' (ward vintage is pre-2022 interim charges, not the 2022 unified-MCD 250-ward set)."
   }
  },
  {
   "type": "Feature",
   "geometry": {
    "type": "Point",
    "coordinates": [
     77.047951,
     28.605974
    ]
   },
   "properties": {
    "name": "Sector-3, PH-I, Dwarka",
    "zone": "South West",
    "ward": "Matiala",
    "capacity": 28,
    "sanctioned_capacity": 70,
    "shelter_type": "permanent",
    "seasonal": false,
    "day_service": false,
    "purpose": "General",
    "operating_agency": "Safe Approach for Nascent Termination of Social Hazard",
    "ns_code": "41",
    "area_sqft": "1999.75",
    "division": "C01",
    "cluster": "Cluster-6",
    "source": "https://delhishelterboard.in/occupancy-report/index-ag2.php (DUSIB 'District wise Night Shelters List', live occupancy report, fetched 2026-07-01 11:03 IST)",
    "geocode_confidence": "good",
    "notes": "Geocode hit is near (<~3km) the stated district 'South West' polygon boundary. Point-in-polygon matched to pre-2022 ward layer: 'Matiala' (ward vintage is pre-2022 interim charges, not the 2022 unified-MCD 250-ward set)."
   }
  },
  {
   "type": "Feature",
   "geometry": {
    "type": "Point",
    "coordinates": [
     77.040281,
     28.607707
    ]
   },
   "properties": {
    "name": "Sector-3, PH-II, Dwarka",
    "zone": "South West",
    "ward": "Matiala",
    "capacity": 28,
    "sanctioned_capacity": 70,
    "shelter_type": "permanent",
    "seasonal": false,
    "day_service": false,
    "purpose": "Women",
    "operating_agency": "Safe Approach for Nascent Termination of Social Hazard",
    "ns_code": "42",
    "area_sqft": "1999.75",
    "division": "C01",
    "cluster": "Cluster-6",
    "source": "https://delhishelterboard.in/occupancy-report/index-ag2.php (DUSIB 'District wise Night Shelters List', live occupancy report, fetched 2026-07-01 11:03 IST)",
    "geocode_confidence": "good",
    "notes": "Geocode hit is near (<~3km) the stated district 'South West' polygon boundary. Point-in-polygon matched to pre-2022 ward layer: 'Matiala' (ward vintage is pre-2022 interim charges, not the 2022 unified-MCD 250-ward set)."
   }
  },
  {
   "type": "Feature",
   "geometry": {
    "type": "Point",
    "coordinates": [
     77.05856,
     28.551922
    ]
   },
   "properties": {
    "name": "Sector-1, Dwarka",
    "zone": "South West",
    "ward": "Bijwasan",
    "capacity": 28,
    "sanctioned_capacity": 70,
    "shelter_type": "permanent",
    "seasonal": false,
    "day_service": false,
    "purpose": "General",
    "operating_agency": "Safe Approach for Nascent Termination of Social Hazard",
    "ns_code": "43",
    "area_sqft": "1999.75",
    "division": "C01",
    "cluster": "Cluster-6",
    "source": "https://delhishelterboard.in/occupancy-report/index-ag2.php (DUSIB 'District wise Night Shelters List', live occupancy report, fetched 2026-07-01 11:03 IST)",
    "geocode_confidence": "good",
    "notes": "Geocode hit falls within stated DUSIB district 'South West' polygon. Point-in-polygon matched to pre-2022 ward layer: 'Bijwasan' (ward vintage is pre-2022 interim charges, not the 2022 unified-MCD 250-ward set)."
   }
  },
  {
   "type": "Feature",
   "geometry": {
    "type": "Point",
    "coordinates": [
     77.107724,
     28.793501
    ]
   },
   "properties": {
    "name": "Bawana Relocation Scheme Block E Bawana.",
    "zone": "North",
    "ward": null,
    "capacity": 28,
    "sanctioned_capacity": 70,
    "shelter_type": "permanent",
    "seasonal": false,
    "day_service": false,
    "purpose": "General",
    "operating_agency": "Maa Astha Samajik Vikas Sewa Sansthan",
    "ns_code": "45",
    "area_sqft": "2000",
    "division": "C12",
    "cluster": "Cluster-16",
    "source": "https://delhishelterboard.in/occupancy-report/index-ag2.php (DUSIB 'District wise Night Shelters List', live occupancy report, fetched 2026-07-01 11:03 IST)",
    "geocode_confidence": "approximate",
    "notes": "Geocoding (Nominatim/Photon) failed or was rate-limited for this address; placed at the centroid of DUSIB's stated district 'North' as a fallback. Location is only accurate to district scale, not the actual site."
   }
  },
  {
   "type": "Feature",
   "geometry": {
    "type": "Point",
    "coordinates": [
     77.090112,
     28.732849
    ]
   },
   "properties": {
    "name": "Rohini Sector-26, Rohini",
    "zone": "North West",
    "ward": "Pooth Kalan",
    "capacity": 28,
    "sanctioned_capacity": 70,
    "shelter_type": "permanent",
    "seasonal": false,
    "day_service": false,
    "purpose": "General",
    "operating_agency": "Maa Astha Samajik Vikas Sewa Sansthan",
    "ns_code": "46",
    "area_sqft": "2000",
    "division": "C12",
    "cluster": "Cluster-16",
    "source": "https://delhishelterboard.in/occupancy-report/index-ag2.php (DUSIB 'District wise Night Shelters List', live occupancy report, fetched 2026-07-01 11:03 IST)",
    "geocode_confidence": "good",
    "notes": "Geocode hit falls within stated DUSIB district 'North West' polygon. Point-in-polygon matched to pre-2022 ward layer: 'Pooth Kalan' (ward vintage is pre-2022 interim charges, not the 2022 unified-MCD 250-ward set)."
   }
  },
  {
   "type": "Feature",
   "geometry": {
    "type": "Point",
    "coordinates": [
     77.063957,
     28.655447
    ]
   },
   "properties": {
    "name": "Site & Services Plots at HMP Khayala",
    "zone": "West",
    "ward": null,
    "capacity": 20,
    "sanctioned_capacity": 50,
    "shelter_type": "permanent",
    "seasonal": false,
    "day_service": false,
    "purpose": "General",
    "operating_agency": "Safe Approach for Nascent Termination of Social Hazard",
    "ns_code": "48",
    "area_sqft": "677.88",
    "division": "C02",
    "cluster": "Cluster-7",
    "source": "https://delhishelterboard.in/occupancy-report/index-ag2.php (DUSIB 'District wise Night Shelters List', live occupancy report, fetched 2026-07-01 11:03 IST)",
    "geocode_confidence": "approximate",
    "notes": "Geocoding (Nominatim/Photon) failed or was rate-limited for this address; placed at the centroid of DUSIB's stated district 'West' as a fallback. Location is only accurate to district scale, not the actual site."
   }
  },
  {
   "type": "Feature",
   "geometry": {
    "type": "Point",
    "coordinates": [
     77.224197,
     28.681568
    ]
   },
   "properties": {
    "name": "At open air theater Community Hall at 2541-51/VIII, Gali Lajpat, Shankar Gali.",
    "zone": "Central",
    "ward": null,
    "capacity": 52,
    "sanctioned_capacity": 130,
    "shelter_type": "permanent",
    "seasonal": false,
    "day_service": false,
    "purpose": "General",
    "operating_agency": "Sofia Educational and Welfare Society",
    "ns_code": "49",
    "area_sqft": "1959",
    "division": "C07",
    "cluster": "Cluster-1",
    "source": "https://delhishelterboard.in/occupancy-report/index-ag2.php (DUSIB 'District wise Night Shelters List', live occupancy report, fetched 2026-07-01 11:03 IST)",
    "geocode_confidence": "approximate",
    "notes": "Geocoding (Nominatim/Photon) failed or was rate-limited for this address; placed at the centroid of DUSIB's stated district 'Central' as a fallback. Location is only accurate to district scale, not the actual site."
   }
  },
  {
   "type": "Feature",
   "geometry": {
    "type": "Point",
    "coordinates": [
     77.298735,
     28.677133
    ]
   },
   "properties": {
    "name": "Kasturba Nagar Shahdara Near Cremation Ground",
    "zone": "Shahdara",
    "ward": null,
    "capacity": 44,
    "sanctioned_capacity": 110,
    "shelter_type": "permanent",
    "seasonal": false,
    "day_service": false,
    "purpose": "General",
    "operating_agency": "Rachna Womens Development Association",
    "ns_code": "50",
    "area_sqft": "1614",
    "division": "C09",
    "cluster": "Cluster-10",
    "source": "https://delhishelterboard.in/occupancy-report/index-ag2.php (DUSIB 'District wise Night Shelters List', live occupancy report, fetched 2026-07-01 11:03 IST)",
    "geocode_confidence": "approximate",
    "notes": "Geocoding (Nominatim/Photon) failed or was rate-limited for this address; placed at the centroid of DUSIB's stated district 'Shahdara' as a fallback. Location is only accurate to district scale, not the actual site."
   }
  },
  {
   "type": "Feature",
   "geometry": {
    "type": "Point",
    "coordinates": [
     77.224197,
     28.681568
    ]
   },
   "properties": {
    "name": "At property No.2819/VIII, Turkman Gate, Gali Shanker",
    "zone": "Central",
    "ward": null,
    "capacity": 8,
    "sanctioned_capacity": 20,
    "shelter_type": "permanent",
    "seasonal": false,
    "day_service": false,
    "purpose": "Women",
    "operating_agency": "Sofia Educational and Welfare Society",
    "ns_code": "51",
    "area_sqft": "321",
    "division": "C07",
    "cluster": "Cluster-1",
    "source": "https://delhishelterboard.in/occupancy-report/index-ag2.php (DUSIB 'District wise Night Shelters List', live occupancy report, fetched 2026-07-01 11:03 IST)",
    "geocode_confidence": "approximate",
    "notes": "Geocoding (Nominatim/Photon) failed or was rate-limited for this address; placed at the centroid of DUSIB's stated district 'Central' as a fallback. Location is only accurate to district scale, not the actual site."
   }
  },
  {
   "type": "Feature",
   "geometry": {
    "type": "Point",
    "coordinates": [
     77.224197,
     28.681568
    ]
   },
   "properties": {
    "name": "At property No.797/VIII, Kundewalan.",
    "zone": "Central",
    "ward": null,
    "capacity": 16,
    "sanctioned_capacity": 40,
    "shelter_type": "permanent",
    "seasonal": false,
    "day_service": false,
    "purpose": "General",
    "operating_agency": "Sofia Educational and Welfare Society",
    "ns_code": "53",
    "area_sqft": "578",
    "division": "C07",
    "cluster": "Cluster-1",
    "source": "https://delhishelterboard.in/occupancy-report/index-ag2.php (DUSIB 'District wise Night Shelters List', live occupancy report, fetched 2026-07-01 11:03 IST)",
    "geocode_confidence": "approximate",
    "notes": "Geocoding (Nominatim/Photon) failed or was rate-limited for this address; placed at the centroid of DUSIB's stated district 'Central' as a fallback. Location is only accurate to district scale, not the actual site."
   }
  },
  {
   "type": "Feature",
   "geometry": {
    "type": "Point",
    "coordinates": [
     77.224197,
     28.681568
    ]
   },
   "properties": {
    "name": "3329-30/XI., Delhi Gate",
    "zone": "Central",
    "ward": null,
    "capacity": 20,
    "sanctioned_capacity": 50,
    "shelter_type": "permanent",
    "seasonal": false,
    "day_service": false,
    "purpose": "General",
    "operating_agency": "Sofia Educational and Welfare Society",
    "ns_code": "54",
    "area_sqft": "752",
    "division": "C07",
    "cluster": "Cluster-1",
    "source": "https://delhishelterboard.in/occupancy-report/index-ag2.php (DUSIB 'District wise Night Shelters List', live occupancy report, fetched 2026-07-01 11:03 IST)",
    "geocode_confidence": "approximate",
    "notes": "Geocoding (Nominatim/Photon) failed or was rate-limited for this address; placed at the centroid of DUSIB's stated district 'Central' as a fallback. Location is only accurate to district scale, not the actual site."
   }
  },
  {
   "type": "Feature",
   "geometry": {
    "type": "Point",
    "coordinates": [
     77.190689,
     28.481449
    ]
   },
   "properties": {
    "name": "Block-III Dakshinpuri, (F.F.) Near Thana Amedkar Road (Drug addicts)",
    "zone": "South",
    "ward": null,
    "capacity": 44,
    "sanctioned_capacity": 110,
    "shelter_type": "permanent",
    "seasonal": false,
    "day_service": false,
    "purpose": "Drug addicts",
    "operating_agency": "SPYM",
    "ns_code": "55",
    "area_sqft": "2152",
    "division": "C06",
    "cluster": "Cluster-14",
    "source": "https://delhishelterboard.in/occupancy-report/index-ag2.php (DUSIB 'District wise Night Shelters List', live occupancy report, fetched 2026-07-01 11:03 IST)",
    "geocode_confidence": "approximate",
    "notes": "Geocoding (Nominatim/Photon) failed or was rate-limited for this address; placed at the centroid of DUSIB's stated district 'South' as a fallback. Location is only accurate to district scale, not the actual site."
   }
  },
  {
   "type": "Feature",
   "geometry": {
    "type": "Point",
    "coordinates": [
     77.224197,
     28.681568
    ]
   },
   "properties": {
    "name": "At Ist floor property no.1675/VIII, Himmat Garh.",
    "zone": "Central",
    "ward": null,
    "capacity": 8,
    "sanctioned_capacity": 20,
    "shelter_type": "permanent",
    "seasonal": false,
    "day_service": false,
    "purpose": "General",
    "operating_agency": "Sofia Educational and Welfare Society",
    "ns_code": "56",
    "area_sqft": "370",
    "division": "C07",
    "cluster": "Cluster-1",
    "source": "https://delhishelterboard.in/occupancy-report/index-ag2.php (DUSIB 'District wise Night Shelters List', live occupancy report, fetched 2026-07-01 11:03 IST)",
    "geocode_confidence": "approximate",
    "notes": "Geocoding (Nominatim/Photon) failed or was rate-limited for this address; placed at the centroid of DUSIB's stated district 'Central' as a fallback. Location is only accurate to district scale, not the actual site."
   }
  },
  {
   "type": "Feature",
   "geometry": {
    "type": "Point",
    "coordinates": [
     77.22903,
     28.666553
    ]
   },
   "properties": {
    "name": "811/1 Kashmere Gate",
    "zone": "Central",
    "ward": "Kashmere Gate",
    "capacity": 8,
    "sanctioned_capacity": 20,
    "shelter_type": "permanent",
    "seasonal": false,
    "day_service": false,
    "purpose": "Children",
    "operating_agency": "Maa Astha Samajik Vikas Sewa Sansthan",
    "ns_code": "58",
    "area_sqft": "301",
    "division": "C07",
    "cluster": "Cluster-12",
    "source": "https://delhishelterboard.in/occupancy-report/index-ag2.php (DUSIB 'District wise Night Shelters List', live occupancy report, fetched 2026-07-01 11:03 IST)",
    "geocode_confidence": "good",
    "notes": "Geocode hit falls within stated DUSIB district 'Central' polygon. Point-in-polygon matched to pre-2022 ward layer: 'Kashmere Gate' (ward vintage is pre-2022 interim charges, not the 2022 unified-MCD 250-ward set)."
   }
  },
  {
   "type": "Feature",
   "geometry": {
    "type": "Point",
    "coordinates": [
     77.107724,
     28.793501
    ]
   },
   "properties": {
    "name": "Aruna colony Majnu ka Tilla Community Hall",
    "zone": "North",
    "ward": null,
    "capacity": 40,
    "sanctioned_capacity": 100,
    "shelter_type": "permanent",
    "seasonal": false,
    "day_service": false,
    "purpose": "General",
    "operating_agency": "Jyoti Samajik Sewa Sanstha",
    "ns_code": "59",
    "area_sqft": "1458",
    "division": "C07",
    "cluster": "Cluster-5",
    "source": "https://delhishelterboard.in/occupancy-report/index-ag2.php (DUSIB 'District wise Night Shelters List', live occupancy report, fetched 2026-07-01 11:03 IST)",
    "geocode_confidence": "approximate",
    "notes": "Geocoding (Nominatim/Photon) failed or was rate-limited for this address; placed at the centroid of DUSIB's stated district 'North' as a fallback. Location is only accurate to district scale, not the actual site."
   }
  },
  {
   "type": "Feature",
   "geometry": {
    "type": "Point",
    "coordinates": [
     77.257729,
     28.576544
    ]
   },
   "properties": {
    "name": "Sunlight Colony-I, Community Hall",
    "zone": "South East",
    "ward": "Bhogal",
    "capacity": 36,
    "sanctioned_capacity": 90,
    "shelter_type": "permanent",
    "seasonal": false,
    "day_service": false,
    "purpose": "General",
    "operating_agency": "Janpahal",
    "ns_code": "62",
    "area_sqft": "2289",
    "division": "C05",
    "cluster": "Cluster-15",
    "source": "https://delhishelterboard.in/occupancy-report/index-ag2.php (DUSIB 'District wise Night Shelters List', live occupancy report, fetched 2026-07-01 11:03 IST)",
    "geocode_confidence": "good",
    "notes": "Geocode hit falls within stated DUSIB district 'South East' polygon. Point-in-polygon matched to pre-2022 ward layer: 'Bhogal' (ward vintage is pre-2022 interim charges, not the 2022 unified-MCD 250-ward set)."
   }
  },
  {
   "type": "Feature",
   "geometry": {
    "type": "Point",
    "coordinates": [
     77.260667,
     28.549775
    ]
   },
   "properties": {
    "name": "Community Hall Kalkaji",
    "zone": "South East",
    "ward": "East Of Kailash",
    "capacity": 32,
    "sanctioned_capacity": 80,
    "shelter_type": "permanent",
    "seasonal": false,
    "day_service": false,
    "purpose": "General",
    "operating_agency": "Janpahal",
    "ns_code": "63",
    "area_sqft": "1878",
    "division": "C05",
    "cluster": "Cluster-15",
    "source": "https://delhishelterboard.in/occupancy-report/index-ag2.php (DUSIB 'District wise Night Shelters List', live occupancy report, fetched 2026-07-01 11:03 IST)",
    "geocode_confidence": "good",
    "notes": "Geocode hit falls within stated DUSIB district 'South East' polygon. Point-in-polygon matched to pre-2022 ward layer: 'East Of Kailash' (ward vintage is pre-2022 interim charges, not the 2022 unified-MCD 250-ward set)."
   }
  },
  {
   "type": "Feature",
   "geometry": {
    "type": "Point",
    "coordinates": [
     77.328117,
     28.68173
    ]
   },
   "properties": {
    "name": "F-Block, New Seemapuri",
    "zone": "Shahdara",
    "ward": "Dilshad Colony",
    "capacity": 20,
    "sanctioned_capacity": 50,
    "shelter_type": "permanent",
    "seasonal": false,
    "day_service": false,
    "purpose": "General",
    "operating_agency": "Rachna Womens Development Association",
    "ns_code": "64",
    "area_sqft": "797.63",
    "division": "C08",
    "cluster": "Cluster-10",
    "source": "https://delhishelterboard.in/occupancy-report/index-ag2.php (DUSIB 'District wise Night Shelters List', live occupancy report, fetched 2026-07-01 11:03 IST)",
    "geocode_confidence": "good",
    "notes": "Geocode hit falls within stated DUSIB district 'Shahdara' polygon. Point-in-polygon matched to pre-2022 ward layer: 'Dilshad Colony' (ward vintage is pre-2022 interim charges, not the 2022 unified-MCD 250-ward set)."
   }
  },
  {
   "type": "Feature",
   "geometry": {
    "type": "Point",
    "coordinates": [
     77.225113,
     28.575935
    ]
   },
   "properties": {
    "name": "Kotla Mubrakpur, First Floor (Drug addicts)",
    "zone": "South East",
    "ward": "Kasturba Nagar",
    "capacity": 32,
    "sanctioned_capacity": 80,
    "shelter_type": "permanent",
    "seasonal": false,
    "day_service": false,
    "purpose": "Drug addicts",
    "operating_agency": "SPYM",
    "ns_code": "65",
    "area_sqft": "2406",
    "division": "C05",
    "cluster": "Cluster-13",
    "source": "https://delhishelterboard.in/occupancy-report/index-ag2.php (DUSIB 'District wise Night Shelters List', live occupancy report, fetched 2026-07-01 11:03 IST)",
    "geocode_confidence": "good",
    "notes": "Geocode hit falls within stated DUSIB district 'South East' polygon. Point-in-polygon matched to pre-2022 ward layer: 'Kasturba Nagar' (ward vintage is pre-2022 interim charges, not the 2022 unified-MCD 250-ward set)."
   }
  },
  {
   "type": "Feature",
   "geometry": {
    "type": "Point",
    "coordinates": [
     77.211966,
     28.615099
    ]
   },
   "properties": {
    "name": "Hall No. 4, Fatehpuri",
    "zone": "Central",
    "ward": "Ndmc Charge 4",
    "capacity": 60,
    "sanctioned_capacity": 150,
    "shelter_type": "permanent",
    "seasonal": false,
    "day_service": false,
    "purpose": "General",
    "operating_agency": "Sofia Educational and Welfare Society",
    "ns_code": "66",
    "area_sqft": "244.54",
    "division": "C07",
    "cluster": "Cluster-2",
    "source": "https://delhishelterboard.in/occupancy-report/index-ag2.php (DUSIB 'District wise Night Shelters List', live occupancy report, fetched 2026-07-01 11:03 IST)",
    "geocode_confidence": "good",
    "notes": "Geocode hit is near (<~3km) the stated district 'Central' polygon boundary. Point-in-polygon matched to pre-2022 ward layer: 'Ndmc Charge 4' (ward vintage is pre-2022 interim charges, not the 2022 unified-MCD 250-ward set)."
   }
  },
  {
   "type": "Feature",
   "geometry": {
    "type": "Point",
    "coordinates": [
     77.043113,
     28.72527
    ]
   },
   "properties": {
    "name": "Night Shelter Bldg. Extn at R Block Mangolpuri",
    "zone": "North West",
    "ward": null,
    "capacity": 60,
    "sanctioned_capacity": 150,
    "shelter_type": "permanent",
    "seasonal": false,
    "day_service": false,
    "purpose": "General",
    "operating_agency": "Maa Astha Samajik Vikas Sewa Sansthan",
    "ns_code": "67",
    "area_sqft": "2835.69",
    "division": "C03",
    "cluster": "Cluster-16",
    "source": "https://delhishelterboard.in/occupancy-report/index-ag2.php (DUSIB 'District wise Night Shelters List', live occupancy report, fetched 2026-07-01 11:03 IST)",
    "geocode_confidence": "approximate",
    "notes": "Geocoding (Nominatim/Photon) failed or was rate-limited for this address; placed at the centroid of DUSIB's stated district 'North West' as a fallback. Location is only accurate to district scale, not the actual site."
   }
  },
  {
   "type": "Feature",
   "geometry": {
    "type": "Point",
    "coordinates": [
     77.175489,
     28.723657
    ]
   },
   "properties": {
    "name": "Azad Pur BVK",
    "zone": "North",
    "ward": "Jahangirpuri-I",
    "capacity": 28,
    "sanctioned_capacity": 70,
    "shelter_type": "permanent",
    "seasonal": false,
    "day_service": false,
    "purpose": "General",
    "operating_agency": "Maa Astha Samajik Vikas Sewa Sansthan",
    "ns_code": "68",
    "area_sqft": "2000",
    "division": "C07",
    "cluster": "Cluster-16",
    "source": "https://delhishelterboard.in/occupancy-report/index-ag2.php (DUSIB 'District wise Night Shelters List', live occupancy report, fetched 2026-07-01 11:03 IST)",
    "geocode_confidence": "good",
    "notes": "Geocode hit falls within stated DUSIB district 'North' polygon. Point-in-polygon matched to pre-2022 ward layer: 'Jahangirpuri-I' (ward vintage is pre-2022 interim charges, not the 2022 unified-MCD 250-ward set)."
   }
  },
  {
   "type": "Feature",
   "geometry": {
    "type": "Point",
    "coordinates": [
     77.304627,
     28.622129
    ]
   },
   "properties": {
    "name": "Trilokpuri BVK Block 31 mear Gas Godwn",
    "zone": "East",
    "ward": null,
    "capacity": 16,
    "sanctioned_capacity": 40,
    "shelter_type": "permanent",
    "seasonal": false,
    "day_service": false,
    "purpose": "General",
    "operating_agency": "Maa Astha Samajik Vikas Sewa Sansthan",
    "ns_code": "69",
    "area_sqft": "811",
    "division": "C09",
    "cluster": "Cluster-12",
    "source": "https://delhishelterboard.in/occupancy-report/index-ag2.php (DUSIB 'District wise Night Shelters List', live occupancy report, fetched 2026-07-01 11:03 IST)",
    "geocode_confidence": "approximate",
    "notes": "Geocoding (Nominatim/Photon) failed or was rate-limited for this address; placed at the centroid of DUSIB's stated district 'East' as a fallback. Location is only accurate to district scale, not the actual site."
   }
  },
  {
   "type": "Feature",
   "geometry": {
    "type": "Point",
    "coordinates": [
     77.256523,
     28.722723
    ]
   },
   "properties": {
    "name": "Seelampur BVK, Kabari Market.",
    "zone": "North East",
    "ward": null,
    "capacity": 32,
    "sanctioned_capacity": 80,
    "shelter_type": "permanent",
    "seasonal": false,
    "day_service": false,
    "purpose": "General",
    "operating_agency": "Rachna Womens Development Association",
    "ns_code": "70",
    "area_sqft": "1961.46",
    "division": "C08",
    "cluster": "Cluster-11",
    "source": "https://delhishelterboard.in/occupancy-report/index-ag2.php (DUSIB 'District wise Night Shelters List', live occupancy report, fetched 2026-07-01 11:03 IST)",
    "geocode_confidence": "approximate",
    "notes": "Geocoding (Nominatim/Photon) failed or was rate-limited for this address; placed at the centroid of DUSIB's stated district 'North East' as a fallback. Location is only accurate to district scale, not the actual site."
   }
  },
  {
   "type": "Feature",
   "geometry": {
    "type": "Point",
    "coordinates": [
     77.298735,
     28.677133
    ]
   },
   "properties": {
    "name": "Vishwas Nagar BVK Sanjay Amar Colony",
    "zone": "Shahdara",
    "ward": null,
    "capacity": 16,
    "sanctioned_capacity": 40,
    "shelter_type": "permanent",
    "seasonal": false,
    "day_service": false,
    "purpose": "General",
    "operating_agency": "Rachna Womens Development Association",
    "ns_code": "71",
    "area_sqft": "811",
    "division": "C09",
    "cluster": "Cluster-10",
    "source": "https://delhishelterboard.in/occupancy-report/index-ag2.php (DUSIB 'District wise Night Shelters List', live occupancy report, fetched 2026-07-01 11:03 IST)",
    "geocode_confidence": "approximate",
    "notes": "Geocoding (Nominatim/Photon) failed or was rate-limited for this address; placed at the centroid of DUSIB's stated district 'Shahdara' as a fallback. Location is only accurate to district scale, not the actual site."
   }
  },
  {
   "type": "Feature",
   "geometry": {
    "type": "Point",
    "coordinates": [
     77.076355,
     28.697886
    ]
   },
   "properties": {
    "name": "BVK  D-4 Block Sultanpuri.",
    "zone": "North West",
    "ward": "Sultanpuri  East",
    "capacity": 12,
    "sanctioned_capacity": 30,
    "shelter_type": "permanent",
    "seasonal": false,
    "day_service": false,
    "purpose": "General",
    "operating_agency": "Maa Astha Samajik Vikas Sewa Sansthan",
    "ns_code": "72",
    "area_sqft": "811.3",
    "division": "C03",
    "cluster": "Cluster-16",
    "source": "https://delhishelterboard.in/occupancy-report/index-ag2.php (DUSIB 'District wise Night Shelters List', live occupancy report, fetched 2026-07-01 11:03 IST)",
    "geocode_confidence": "good",
    "notes": "Geocode hit falls within stated DUSIB district 'North West' polygon. Point-in-polygon matched to pre-2022 ward layer: 'Sultanpuri  East' (ward vintage is pre-2022 interim charges, not the 2022 unified-MCD 250-ward set)."
   }
  },
  {
   "type": "Feature",
   "geometry": {
    "type": "Point",
    "coordinates": [
     76.967716,
     28.576251
    ]
   },
   "properties": {
    "name": "BVK Goyala Diary, Near Dwarka",
    "zone": "South West",
    "ward": null,
    "capacity": 20,
    "sanctioned_capacity": 50,
    "shelter_type": "permanent",
    "seasonal": false,
    "day_service": false,
    "purpose": "General",
    "operating_agency": "Safe Approach for Nascent Termination of Social Hazard",
    "ns_code": "74",
    "area_sqft": "1183.6",
    "division": "C01",
    "cluster": "Cluster-6",
    "source": "https://delhishelterboard.in/occupancy-report/index-ag2.php (DUSIB 'District wise Night Shelters List', live occupancy report, fetched 2026-07-01 11:03 IST)",
    "geocode_confidence": "approximate",
    "notes": "Geocoding (Nominatim/Photon) failed or was rate-limited for this address; placed at the centroid of DUSIB's stated district 'South West' as a fallback. Location is only accurate to district scale, not the actual site."
   }
  },
  {
   "type": "Feature",
   "geometry": {
    "type": "Point",
    "coordinates": [
     77.082375,
     28.60185
    ]
   },
   "properties": {
    "name": "Khazan Basti Maya Puri",
    "zone": "West",
    "ward": "Manglapuri",
    "capacity": 32,
    "sanctioned_capacity": 80,
    "shelter_type": "permanent",
    "seasonal": false,
    "day_service": false,
    "purpose": "General",
    "operating_agency": "Safe Approach for Nascent Termination of Social Hazard",
    "ns_code": "75",
    "area_sqft": "1183.6",
    "division": "C01",
    "cluster": "Cluster-6",
    "source": "https://delhishelterboard.in/occupancy-report/index-ag2.php (DUSIB 'District wise Night Shelters List', live occupancy report, fetched 2026-07-01 11:03 IST)",
    "geocode_confidence": "good",
    "notes": "Geocode hit is near (<~3km) the stated district 'West' polygon boundary. Point-in-polygon matched to pre-2022 ward layer: 'Manglapuri' (ward vintage is pre-2022 interim charges, not the 2022 unified-MCD 250-ward set)."
   }
  },
  {
   "type": "Feature",
   "geometry": {
    "type": "Point",
    "coordinates": [
     77.063957,
     28.655447
    ]
   },
   "properties": {
    "name": "BVK (Ist Floor) Water Tank No.2 Udyog Nagar, Peeragarhi",
    "zone": "West",
    "ward": null,
    "capacity": 36,
    "sanctioned_capacity": 90,
    "shelter_type": "permanent",
    "seasonal": false,
    "day_service": false,
    "purpose": "Children",
    "operating_agency": "Maa Astha Samajik Vikas Sewa Sansthan",
    "ns_code": "76",
    "area_sqft": "2152",
    "division": "C03",
    "cluster": "Cluster-12",
    "source": "https://delhishelterboard.in/occupancy-report/index-ag2.php (DUSIB 'District wise Night Shelters List', live occupancy report, fetched 2026-07-01 11:03 IST)",
    "geocode_confidence": "approximate",
    "notes": "Geocoding (Nominatim/Photon) failed or was rate-limited for this address; placed at the centroid of DUSIB's stated district 'West' as a fallback. Location is only accurate to district scale, not the actual site."
   }
  },
  {
   "type": "Feature",
   "geometry": {
    "type": "Point",
    "coordinates": [
     77.291348,
     28.695351
    ]
   },
   "properties": {
    "name": "Gokalpuri",
    "zone": "North East",
    "ward": "Kardam Puri",
    "capacity": 20,
    "sanctioned_capacity": 50,
    "shelter_type": "permanent",
    "seasonal": false,
    "day_service": false,
    "purpose": "General",
    "operating_agency": "Rachna Womens Development Association",
    "ns_code": "77",
    "area_sqft": "790.31",
    "division": "C08",
    "cluster": "Cluster-11",
    "source": "https://delhishelterboard.in/occupancy-report/index-ag2.php (DUSIB 'District wise Night Shelters List', live occupancy report, fetched 2026-07-01 11:03 IST)",
    "geocode_confidence": "good",
    "notes": "Geocode hit falls within stated DUSIB district 'North East' polygon. Point-in-polygon matched to pre-2022 ward layer: 'Kardam Puri' (ward vintage is pre-2022 interim charges, not the 2022 unified-MCD 250-ward set)."
   }
  },
  {
   "type": "Feature",
   "geometry": {
    "type": "Point",
    "coordinates": [
     77.107724,
     28.793501
    ]
   },
   "properties": {
    "name": "Sarai Pipal Thala, 2nd Floor (Shifted from Parcel House, Adarsh Nagar)",
    "zone": "North",
    "ward": null,
    "capacity": 80,
    "sanctioned_capacity": 200,
    "shelter_type": "permanent",
    "seasonal": false,
    "day_service": false,
    "purpose": "Children",
    "operating_agency": "Maa Astha Samajik Vikas Sewa Sansthan",
    "ns_code": "78",
    "area_sqft": "5412",
    "division": "C11",
    "cluster": "Cluster-12",
    "source": "https://delhishelterboard.in/occupancy-report/index-ag2.php (DUSIB 'District wise Night Shelters List', live occupancy report, fetched 2026-07-01 11:03 IST)",
    "geocode_confidence": "approximate",
    "notes": "Geocoding (Nominatim/Photon) failed or was rate-limited for this address; placed at the centroid of DUSIB's stated district 'North' as a fallback. Location is only accurate to district scale, not the actual site."
   }
  },
  {
   "type": "Feature",
   "geometry": {
    "type": "Point",
    "coordinates": [
     77.311365,
     28.683683
    ]
   },
   "properties": {
    "name": "GTB chowk Near GTB Hospital",
    "zone": "Shahdara",
    "ward": "Dilshad Garden",
    "capacity": 20,
    "sanctioned_capacity": 50,
    "shelter_type": "porta-cabin",
    "seasonal": false,
    "day_service": false,
    "purpose": "General",
    "operating_agency": "Rachna Womens Development Association",
    "ns_code": "80",
    "area_sqft": "775.03",
    "division": "C08",
    "cluster": "Cluster-10",
    "source": "https://delhishelterboard.in/occupancy-report/index-ag2.php (DUSIB 'District wise Night Shelters List', live occupancy report, fetched 2026-07-01 11:03 IST)",
    "geocode_confidence": "good",
    "notes": "Geocode hit falls within stated DUSIB district 'Shahdara' polygon. Point-in-polygon matched to pre-2022 ward layer: 'Dilshad Garden' (ward vintage is pre-2022 interim charges, not the 2022 unified-MCD 250-ward set)."
   }
  },
  {
   "type": "Feature",
   "geometry": {
    "type": "Point",
    "coordinates": [
     77.224494,
     28.704335
    ]
   },
   "properties": {
    "name": "Majnu ka Tilla",
    "zone": "North",
    "ward": "Timar Pur",
    "capacity": 20,
    "sanctioned_capacity": 50,
    "shelter_type": "porta-cabin",
    "seasonal": false,
    "day_service": false,
    "purpose": "General",
    "operating_agency": "Jyoti Samajik Sewa Sanstha",
    "ns_code": "81",
    "area_sqft": "800",
    "division": "C07",
    "cluster": "Cluster-5",
    "source": "https://delhishelterboard.in/occupancy-report/index-ag2.php (DUSIB 'District wise Night Shelters List', live occupancy report, fetched 2026-07-01 11:03 IST)",
    "geocode_confidence": "good",
    "notes": "Geocode hit is near (<~3km) the stated district 'North' polygon boundary. Point-in-polygon matched to pre-2022 ward layer: 'Timar Pur' (ward vintage is pre-2022 interim charges, not the 2022 unified-MCD 250-ward set)."
   }
  },
  {
   "type": "Feature",
   "geometry": {
    "type": "Point",
    "coordinates": [
     77.224197,
     28.681568
    ]
   },
   "properties": {
    "name": "At Himmat Garh, Ram Leela Ground.",
    "zone": "Central",
    "ward": null,
    "capacity": 20,
    "sanctioned_capacity": 50,
    "shelter_type": "porta-cabin",
    "seasonal": false,
    "day_service": false,
    "purpose": "General",
    "operating_agency": "Sofia Educational and Welfare Society",
    "ns_code": "83",
    "area_sqft": "800",
    "division": "C07",
    "cluster": "Cluster-1",
    "source": "https://delhishelterboard.in/occupancy-report/index-ag2.php (DUSIB 'District wise Night Shelters List', live occupancy report, fetched 2026-07-01 11:03 IST)",
    "geocode_confidence": "approximate",
    "notes": "Geocoding (Nominatim/Photon) failed or was rate-limited for this address; placed at the centroid of DUSIB's stated district 'Central' as a fallback. Location is only accurate to district scale, not the actual site."
   }
  },
  {
   "type": "Feature",
   "geometry": {
    "type": "Point",
    "coordinates": [
     77.208875,
     28.626481
    ]
   },
   "properties": {
    "name": "Bangla Sahib for Male",
    "zone": "New Delhi",
    "ward": "Ndmc Charge 4",
    "capacity": 20,
    "sanctioned_capacity": 50,
    "shelter_type": "porta-cabin",
    "seasonal": false,
    "day_service": false,
    "purpose": "General",
    "operating_agency": "SPYM",
    "ns_code": "84",
    "area_sqft": "801",
    "division": "C05",
    "cluster": "Cluster-13",
    "source": "https://delhishelterboard.in/occupancy-report/index-ag2.php (DUSIB 'District wise Night Shelters List', live occupancy report, fetched 2026-07-01 11:03 IST)",
    "geocode_confidence": "good",
    "notes": "Geocode hit falls within stated DUSIB district 'New Delhi' polygon. Point-in-polygon matched to pre-2022 ward layer: 'Ndmc Charge 4' (ward vintage is pre-2022 interim charges, not the 2022 unified-MCD 250-ward set)."
   }
  },
  {
   "type": "Feature",
   "geometry": {
    "type": "Point",
    "coordinates": [
     77.208875,
     28.626481
    ]
   },
   "properties": {
    "name": "Bangla Sahib-1",
    "zone": "New Delhi",
    "ward": "Ndmc Charge 4",
    "capacity": 20,
    "sanctioned_capacity": 50,
    "shelter_type": "porta-cabin",
    "seasonal": false,
    "day_service": false,
    "purpose": "Women",
    "operating_agency": "SPYM",
    "ns_code": "85",
    "area_sqft": "801",
    "division": "C05",
    "cluster": "Cluster-13",
    "source": "https://delhishelterboard.in/occupancy-report/index-ag2.php (DUSIB 'District wise Night Shelters List', live occupancy report, fetched 2026-07-01 11:03 IST)",
    "geocode_confidence": "good",
    "notes": "Geocode hit falls within stated DUSIB district 'New Delhi' polygon. Point-in-polygon matched to pre-2022 ward layer: 'Ndmc Charge 4' (ward vintage is pre-2022 interim charges, not the 2022 unified-MCD 250-ward set)."
   }
  },
  {
   "type": "Feature",
   "geometry": {
    "type": "Point",
    "coordinates": [
     77.228287,
     28.590562
    ]
   },
   "properties": {
    "name": "Lodhi Road near Indian Social Institute",
    "zone": "South East",
    "ward": "Kasturba Nagar",
    "capacity": 20,
    "sanctioned_capacity": 50,
    "shelter_type": "porta-cabin",
    "seasonal": false,
    "day_service": false,
    "purpose": "Women",
    "operating_agency": "SPYM",
    "ns_code": "86",
    "area_sqft": "775",
    "division": "C05",
    "cluster": "Cluster-13",
    "source": "https://delhishelterboard.in/occupancy-report/index-ag2.php (DUSIB 'District wise Night Shelters List', live occupancy report, fetched 2026-07-01 11:03 IST)",
    "geocode_confidence": "good",
    "notes": "Geocode hit falls within stated DUSIB district 'South East' polygon. Point-in-polygon matched to pre-2022 ward layer: 'Kasturba Nagar' (ward vintage is pre-2022 interim charges, not the 2022 unified-MCD 250-ward set)."
   }
  },
  {
   "type": "Feature",
   "geometry": {
    "type": "Point",
    "coordinates": [
     77.256192,
     28.550888
    ]
   },
   "properties": {
    "name": "Nehru Place, Opposite MTNL exchange",
    "zone": "South",
    "ward": "East Of Kailash",
    "capacity": 20,
    "sanctioned_capacity": 50,
    "shelter_type": "porta-cabin",
    "seasonal": false,
    "day_service": false,
    "purpose": "General",
    "operating_agency": "Janpahal",
    "ns_code": "88",
    "area_sqft": "807",
    "division": "C06",
    "cluster": "Cluster-15",
    "source": "https://delhishelterboard.in/occupancy-report/index-ag2.php (DUSIB 'District wise Night Shelters List', live occupancy report, fetched 2026-07-01 11:03 IST)",
    "geocode_confidence": "good",
    "notes": "Geocode hit is near (<~3km) the stated district 'South' polygon boundary. Point-in-polygon matched to pre-2022 ward layer: 'East Of Kailash' (ward vintage is pre-2022 interim charges, not the 2022 unified-MCD 250-ward set)."
   }
  },
  {
   "type": "Feature",
   "geometry": {
    "type": "Point",
    "coordinates": [
     77.223739,
     28.664203
    ]
   },
   "properties": {
    "name": "Mori Gate- BVK",
    "zone": "Central",
    "ward": "Chandni Chowk",
    "capacity": 20,
    "sanctioned_capacity": 50,
    "shelter_type": "permanent",
    "seasonal": false,
    "day_service": false,
    "purpose": "Children",
    "operating_agency": "Maa Astha Samajik Vikas Sewa Sansthan",
    "ns_code": "89",
    "area_sqft": "816.98",
    "division": "C07",
    "cluster": "Cluster-12",
    "source": "https://delhishelterboard.in/occupancy-report/index-ag2.php (DUSIB 'District wise Night Shelters List', live occupancy report, fetched 2026-07-01 11:03 IST)",
    "geocode_confidence": "good",
    "notes": "Geocode hit falls within stated DUSIB district 'Central' polygon. Point-in-polygon matched to pre-2022 ward layer: 'Chandni Chowk' (ward vintage is pre-2022 interim charges, not the 2022 unified-MCD 250-ward set)."
   }
  },
  {
   "type": "Feature",
   "geometry": {
    "type": "Point",
    "coordinates": [
     76.967716,
     28.576251
    ]
   },
   "properties": {
    "name": "District Centre, Behind Hilton Hotel, Janak puri",
    "zone": "South West",
    "ward": null,
    "capacity": 20,
    "sanctioned_capacity": 50,
    "shelter_type": "porta-cabin",
    "seasonal": false,
    "day_service": false,
    "purpose": "General",
    "operating_agency": "Safe Approach for Nascent Termination of Social Hazard",
    "ns_code": "90",
    "area_sqft": "914.6",
    "division": "C01",
    "cluster": "Cluster-6",
    "source": "https://delhishelterboard.in/occupancy-report/index-ag2.php (DUSIB 'District wise Night Shelters List', live occupancy report, fetched 2026-07-01 11:03 IST)",
    "geocode_confidence": "approximate",
    "notes": "Geocoding (Nominatim/Photon) failed or was rate-limited for this address; placed at the centroid of DUSIB's stated district 'South West' as a fallback. Location is only accurate to district scale, not the actual site."
   }
  },
  {
   "type": "Feature",
   "geometry": {
    "type": "Point",
    "coordinates": [
     77.206407,
     28.56857
    ]
   },
   "properties": {
    "name": "Safdarjung Near Safdarjang Airport Flyover",
    "zone": "New Delhi",
    "ward": "Ndmc Charge 7",
    "capacity": 20,
    "sanctioned_capacity": 50,
    "shelter_type": "porta-cabin",
    "seasonal": false,
    "day_service": false,
    "purpose": "Families",
    "operating_agency": "SPYM",
    "ns_code": "91",
    "area_sqft": "801",
    "division": "C05",
    "cluster": "Cluster-14",
    "source": "https://delhishelterboard.in/occupancy-report/index-ag2.php (DUSIB 'District wise Night Shelters List', live occupancy report, fetched 2026-07-01 11:03 IST)",
    "geocode_confidence": "good",
    "notes": "Geocode hit falls within stated DUSIB district 'New Delhi' polygon. Point-in-polygon matched to pre-2022 ward layer: 'Ndmc Charge 7' (ward vintage is pre-2022 interim charges, not the 2022 unified-MCD 250-ward set)."
   }
  },
  {
   "type": "Feature",
   "geometry": {
    "type": "Point",
    "coordinates": [
     77.089841,
     28.650744
    ]
   },
   "properties": {
    "name": "Sabzi Mandi Tilak Nagar TNS 1",
    "zone": "West",
    "ward": "Major Bhupindar Singh Nagar",
    "capacity": 20,
    "sanctioned_capacity": 50,
    "shelter_type": "porta-cabin",
    "seasonal": false,
    "day_service": false,
    "purpose": "General",
    "operating_agency": "Safe Approach for Nascent Termination of Social Hazard",
    "ns_code": "92",
    "area_sqft": "800.76",
    "division": "C01",
    "cluster": "Cluster-7",
    "source": "https://delhishelterboard.in/occupancy-report/index-ag2.php (DUSIB 'District wise Night Shelters List', live occupancy report, fetched 2026-07-01 11:03 IST)",
    "geocode_confidence": "good",
    "notes": "Geocode hit falls within stated DUSIB district 'West' polygon. Point-in-polygon matched to pre-2022 ward layer: 'Major Bhupindar Singh Nagar' (ward vintage is pre-2022 interim charges, not the 2022 unified-MCD 250-ward set)."
   }
  },
  {
   "type": "Feature",
   "geometry": {
    "type": "Point",
    "coordinates": [
     77.113721,
     28.632331
    ]
   },
   "properties": {
    "name": "Hari Nagar, Beri Wala Bagh",
    "zone": "West",
    "ward": "Hari Nagar",
    "capacity": 20,
    "sanctioned_capacity": 50,
    "shelter_type": "porta-cabin",
    "seasonal": false,
    "day_service": false,
    "purpose": "General",
    "operating_agency": "Safe Approach for Nascent Termination of Social Hazard",
    "ns_code": "93",
    "area_sqft": "876.94",
    "division": "C01",
    "cluster": "Cluster-6",
    "source": "https://delhishelterboard.in/occupancy-report/index-ag2.php (DUSIB 'District wise Night Shelters List', live occupancy report, fetched 2026-07-01 11:03 IST)",
    "geocode_confidence": "good",
    "notes": "Geocode hit falls within stated DUSIB district 'West' polygon. Point-in-polygon matched to pre-2022 ward layer: 'Hari Nagar' (ward vintage is pre-2022 interim charges, not the 2022 unified-MCD 250-ward set)."
   }
  },
  {
   "type": "Feature",
   "geometry": {
    "type": "Point",
    "coordinates": [
     77.148609,
     28.577165
    ]
   },
   "properties": {
    "name": "Munirka near Masjid Sec.- 4, R. K. Puram (Ladies)",
    "zone": "New Delhi",
    "ward": null,
    "capacity": 20,
    "sanctioned_capacity": 50,
    "shelter_type": "porta-cabin",
    "seasonal": false,
    "day_service": false,
    "purpose": "Women",
    "operating_agency": "SPYM",
    "ns_code": "94",
    "area_sqft": "801",
    "division": "C05",
    "cluster": "Cluster-14",
    "source": "https://delhishelterboard.in/occupancy-report/index-ag2.php (DUSIB 'District wise Night Shelters List', live occupancy report, fetched 2026-07-01 11:03 IST)",
    "geocode_confidence": "approximate",
    "notes": "Geocoding (Nominatim/Photon) failed or was rate-limited for this address; placed at the centroid of DUSIB's stated district 'New Delhi' as a fallback. Location is only accurate to district scale, not the actual site."
   }
  },
  {
   "type": "Feature",
   "geometry": {
    "type": "Point",
    "coordinates": [
     77.304627,
     28.622129
    ]
   },
   "properties": {
    "name": "Shakarpur (Laxmi Nagar) Near Railway flyover, Akshardham",
    "zone": "East",
    "ward": null,
    "capacity": 20,
    "sanctioned_capacity": 50,
    "shelter_type": "porta-cabin",
    "seasonal": false,
    "day_service": false,
    "purpose": "General",
    "operating_agency": "Maa Astha Samajik Vikas Sewa Sansthan",
    "ns_code": "95",
    "area_sqft": "775",
    "division": "C09",
    "cluster": "Cluster-12",
    "source": "https://delhishelterboard.in/occupancy-report/index-ag2.php (DUSIB 'District wise Night Shelters List', live occupancy report, fetched 2026-07-01 11:03 IST)",
    "geocode_confidence": "approximate",
    "notes": "Geocoding (Nominatim/Photon) failed or was rate-limited for this address; placed at the centroid of DUSIB's stated district 'East' as a fallback. Location is only accurate to district scale, not the actual site."
   }
  },
  {
   "type": "Feature",
   "geometry": {
    "type": "Point",
    "coordinates": [
     77.256523,
     28.722723
    ]
   },
   "properties": {
    "name": "Mansarover Park-1, Lal Bagh",
    "zone": "North East",
    "ward": null,
    "capacity": 20,
    "sanctioned_capacity": 50,
    "shelter_type": "porta-cabin",
    "seasonal": false,
    "day_service": false,
    "purpose": "General",
    "operating_agency": "Rachna Womens Development Association",
    "ns_code": "96",
    "area_sqft": "775.03",
    "division": "C08",
    "cluster": "Cluster-10",
    "source": "https://delhishelterboard.in/occupancy-report/index-ag2.php (DUSIB 'District wise Night Shelters List', live occupancy report, fetched 2026-07-01 11:03 IST)",
    "geocode_confidence": "approximate",
    "notes": "Geocoding (Nominatim/Photon) failed or was rate-limited for this address; placed at the centroid of DUSIB's stated district 'North East' as a fallback. Location is only accurate to district scale, not the actual site."
   }
  },
  {
   "type": "Feature",
   "geometry": {
    "type": "Point",
    "coordinates": [
     77.239381,
     28.662005
    ]
   },
   "properties": {
    "name": "Yamuna Bazar opp. Hanuman Mandir",
    "zone": "Central",
    "ward": "Kashmere Gate",
    "capacity": 20,
    "sanctioned_capacity": 50,
    "shelter_type": "porta-cabin",
    "seasonal": false,
    "day_service": false,
    "purpose": "General",
    "operating_agency": "Sadik Masih Medical Social Servant Society",
    "ns_code": "97",
    "area_sqft": "815.49",
    "division": "C07",
    "cluster": "Cluster-9",
    "source": "https://delhishelterboard.in/occupancy-report/index-ag2.php (DUSIB 'District wise Night Shelters List', live occupancy report, fetched 2026-07-01 11:03 IST)",
    "geocode_confidence": "good",
    "notes": "Geocode hit falls within stated DUSIB district 'Central' polygon. Point-in-polygon matched to pre-2022 ward layer: 'Kashmere Gate' (ward vintage is pre-2022 interim charges, not the 2022 unified-MCD 250-ward set)."
   }
  },
  {
   "type": "Feature",
   "geometry": {
    "type": "Point",
    "coordinates": [
     77.239381,
     28.662005
    ]
   },
   "properties": {
    "name": "Yamuna Bazar Old Bridge",
    "zone": "Central",
    "ward": "Kashmere Gate",
    "capacity": 20,
    "sanctioned_capacity": 50,
    "shelter_type": "porta-cabin",
    "seasonal": false,
    "day_service": false,
    "purpose": "General",
    "operating_agency": "Sadik Masih Medical Social Servant Society",
    "ns_code": "98",
    "area_sqft": "830.98",
    "division": "C07",
    "cluster": "Cluster-9",
    "source": "https://delhishelterboard.in/occupancy-report/index-ag2.php (DUSIB 'District wise Night Shelters List', live occupancy report, fetched 2026-07-01 11:03 IST)",
    "geocode_confidence": "good",
    "notes": "Geocode hit falls within stated DUSIB district 'Central' polygon. Point-in-polygon matched to pre-2022 ward layer: 'Kashmere Gate' (ward vintage is pre-2022 interim charges, not the 2022 unified-MCD 250-ward set)."
   }
  },
  {
   "type": "Feature",
   "geometry": {
    "type": "Point",
    "coordinates": [
     77.232961,
     28.650682
    ]
   },
   "properties": {
    "name": "Jama Masjid-1",
    "zone": "Central",
    "ward": "Jama Masjid",
    "capacity": 20,
    "sanctioned_capacity": 50,
    "shelter_type": "porta-cabin",
    "seasonal": false,
    "day_service": false,
    "purpose": "Women",
    "operating_agency": "Sofia Educational and Welfare Society",
    "ns_code": "99",
    "area_sqft": "877.45",
    "division": "C07",
    "cluster": "Cluster-2",
    "source": "https://delhishelterboard.in/occupancy-report/index-ag2.php (DUSIB 'District wise Night Shelters List', live occupancy report, fetched 2026-07-01 11:03 IST)",
    "geocode_confidence": "good",
    "notes": "Geocode hit falls within stated DUSIB district 'Central' polygon. Point-in-polygon matched to pre-2022 ward layer: 'Jama Masjid' (ward vintage is pre-2022 interim charges, not the 2022 unified-MCD 250-ward set)."
   }
  },
  {
   "type": "Feature",
   "geometry": {
    "type": "Point",
    "coordinates": [
     77.232961,
     28.650682
    ]
   },
   "properties": {
    "name": "Jama Masjid (ii) Male",
    "zone": "Central",
    "ward": "Jama Masjid",
    "capacity": 20,
    "sanctioned_capacity": 50,
    "shelter_type": "porta-cabin",
    "seasonal": false,
    "day_service": false,
    "purpose": "General",
    "operating_agency": "Sofia Educational and Welfare Society",
    "ns_code": "101",
    "area_sqft": "815.49",
    "division": "C07",
    "cluster": "Cluster-2",
    "source": "https://delhishelterboard.in/occupancy-report/index-ag2.php (DUSIB 'District wise Night Shelters List', live occupancy report, fetched 2026-07-01 11:03 IST)",
    "geocode_confidence": "good",
    "notes": "Geocode hit falls within stated DUSIB district 'Central' polygon. Point-in-polygon matched to pre-2022 ward layer: 'Jama Masjid' (ward vintage is pre-2022 interim charges, not the 2022 unified-MCD 250-ward set)."
   }
  },
  {
   "type": "Feature",
   "geometry": {
    "type": "Point",
    "coordinates": [
     77.208875,
     28.626481
    ]
   },
   "properties": {
    "name": "Gurudwara Bangla Sahib",
    "zone": "New Delhi",
    "ward": "Ndmc Charge 4",
    "capacity": 20,
    "sanctioned_capacity": 50,
    "shelter_type": "porta-cabin",
    "seasonal": false,
    "day_service": false,
    "purpose": "General",
    "operating_agency": "SPYM",
    "ns_code": "104",
    "area_sqft": "801",
    "division": "C05",
    "cluster": "Cluster-13",
    "source": "https://delhishelterboard.in/occupancy-report/index-ag2.php (DUSIB 'District wise Night Shelters List', live occupancy report, fetched 2026-07-01 11:03 IST)",
    "geocode_confidence": "good",
    "notes": "Geocode hit falls within stated DUSIB district 'New Delhi' polygon. Point-in-polygon matched to pre-2022 ward layer: 'Ndmc Charge 4' (ward vintage is pre-2022 interim charges, not the 2022 unified-MCD 250-ward set)."
   }
  },
  {
   "type": "Feature",
   "geometry": {
    "type": "Point",
    "coordinates": [
     77.148609,
     28.577165
    ]
   },
   "properties": {
    "name": "Hayaat Hotel, R.K. Puram opp. Fire Station",
    "zone": "New Delhi",
    "ward": null,
    "capacity": 20,
    "sanctioned_capacity": 50,
    "shelter_type": "porta-cabin",
    "seasonal": false,
    "day_service": false,
    "purpose": "General",
    "operating_agency": "SPYM",
    "ns_code": "106",
    "area_sqft": "801",
    "division": "C05",
    "cluster": "Cluster-14",
    "source": "https://delhishelterboard.in/occupancy-report/index-ag2.php (DUSIB 'District wise Night Shelters List', live occupancy report, fetched 2026-07-01 11:03 IST)",
    "geocode_confidence": "approximate",
    "notes": "Geocoding (Nominatim/Photon) failed or was rate-limited for this address; placed at the centroid of DUSIB's stated district 'New Delhi' as a fallback. Location is only accurate to district scale, not the actual site."
   }
  },
  {
   "type": "Feature",
   "geometry": {
    "type": "Point",
    "coordinates": [
     77.272958,
     28.542203
    ]
   },
   "properties": {
    "name": "Okhla Modi Mill  behind TATA Indicom",
    "zone": "South East",
    "ward": null,
    "capacity": 20,
    "sanctioned_capacity": 50,
    "shelter_type": "porta-cabin",
    "seasonal": false,
    "day_service": false,
    "purpose": "General",
    "operating_agency": "SPYM",
    "ns_code": "107",
    "area_sqft": "807",
    "division": "C06",
    "cluster": "Cluster-14",
    "source": "https://delhishelterboard.in/occupancy-report/index-ag2.php (DUSIB 'District wise Night Shelters List', live occupancy report, fetched 2026-07-01 11:03 IST)",
    "geocode_confidence": "approximate",
    "notes": "Geocoding (Nominatim/Photon) failed or was rate-limited for this address; placed at the centroid of DUSIB's stated district 'South East' as a fallback. Location is only accurate to district scale, not the actual site."
   }
  },
  {
   "type": "Feature",
   "geometry": {
    "type": "Point",
    "coordinates": [
     77.043113,
     28.72527
    ]
   },
   "properties": {
    "name": "Kela Godown, Azadpur opp Fortis hospital Shalimar Bagh",
    "zone": "North West",
    "ward": null,
    "capacity": 20,
    "sanctioned_capacity": 50,
    "shelter_type": "porta-cabin",
    "seasonal": false,
    "day_service": false,
    "purpose": "General",
    "operating_agency": "Jyoti Samajik Sewa Sanstha",
    "ns_code": "108",
    "area_sqft": "800",
    "division": "C11",
    "cluster": "Cluster-5",
    "source": "https://delhishelterboard.in/occupancy-report/index-ag2.php (DUSIB 'District wise Night Shelters List', live occupancy report, fetched 2026-07-01 11:03 IST)",
    "geocode_confidence": "approximate",
    "notes": "Geocoding (Nominatim/Photon) failed or was rate-limited for this address; placed at the centroid of DUSIB's stated district 'North West' as a fallback. Location is only accurate to district scale, not the actual site."
   }
  },
  {
   "type": "Feature",
   "geometry": {
    "type": "Point",
    "coordinates": [
     77.107724,
     28.793501
    ]
   },
   "properties": {
    "name": "Cement godown side Shakur Basti-II",
    "zone": "North",
    "ward": null,
    "capacity": 20,
    "sanctioned_capacity": 50,
    "shelter_type": "porta-cabin",
    "seasonal": false,
    "day_service": false,
    "purpose": "General",
    "operating_agency": "Safe Approach for Nascent Termination of Social Hazard",
    "ns_code": "109",
    "area_sqft": "800",
    "division": "C12",
    "cluster": "Cluster-7",
    "source": "https://delhishelterboard.in/occupancy-report/index-ag2.php (DUSIB 'District wise Night Shelters List', live occupancy report, fetched 2026-07-01 11:03 IST)",
    "geocode_confidence": "approximate",
    "notes": "Geocoding (Nominatim/Photon) failed or was rate-limited for this address; placed at the centroid of DUSIB's stated district 'North' as a fallback. Location is only accurate to district scale, not the actual site."
   }
  },
  {
   "type": "Feature",
   "geometry": {
    "type": "Point",
    "coordinates": [
     77.063957,
     28.655447
    ]
   },
   "properties": {
    "name": "Nilothi Extension near fish market, Near Dwarka",
    "zone": "West",
    "ward": null,
    "capacity": 20,
    "sanctioned_capacity": 50,
    "shelter_type": "porta-cabin",
    "seasonal": false,
    "day_service": false,
    "purpose": "General",
    "operating_agency": "Safe Approach for Nascent Termination of Social Hazard",
    "ns_code": "110",
    "area_sqft": "800.76",
    "division": "C01",
    "cluster": "Cluster-6",
    "source": "https://delhishelterboard.in/occupancy-report/index-ag2.php (DUSIB 'District wise Night Shelters List', live occupancy report, fetched 2026-07-01 11:03 IST)",
    "geocode_confidence": "approximate",
    "notes": "Geocoding (Nominatim/Photon) failed or was rate-limited for this address; placed at the centroid of DUSIB's stated district 'West' as a fallback. Location is only accurate to district scale, not the actual site."
   }
  },
  {
   "type": "Feature",
   "geometry": {
    "type": "Point",
    "coordinates": [
     77.304627,
     28.622129
    ]
   },
   "properties": {
    "name": "Chilla Goan dist Centre, Hilton Hotel (Mayur Vihar)",
    "zone": "East",
    "ward": null,
    "capacity": 20,
    "sanctioned_capacity": 50,
    "shelter_type": "porta-cabin",
    "seasonal": false,
    "day_service": false,
    "purpose": "General",
    "operating_agency": "Maa Astha Samajik Vikas Sewa Sansthan",
    "ns_code": "111",
    "area_sqft": "775",
    "division": "C09",
    "cluster": "Cluster-12",
    "source": "https://delhishelterboard.in/occupancy-report/index-ag2.php (DUSIB 'District wise Night Shelters List', live occupancy report, fetched 2026-07-01 11:03 IST)",
    "geocode_confidence": "approximate",
    "notes": "Geocoding (Nominatim/Photon) failed or was rate-limited for this address; placed at the centroid of DUSIB's stated district 'East' as a fallback. Location is only accurate to district scale, not the actual site."
   }
  },
  {
   "type": "Feature",
   "geometry": {
    "type": "Point",
    "coordinates": [
     77.089826,
     28.603908
    ]
   },
   "properties": {
    "name": "Nasirpur, Near Dwarka",
    "zone": "South West",
    "ward": "Manglapuri",
    "capacity": 20,
    "sanctioned_capacity": 50,
    "shelter_type": "porta-cabin",
    "seasonal": false,
    "day_service": false,
    "purpose": "General",
    "operating_agency": "Safe Approach for Nascent Termination of Social Hazard",
    "ns_code": "112",
    "area_sqft": "800.76",
    "division": "C01",
    "cluster": "Cluster-6",
    "source": "https://delhishelterboard.in/occupancy-report/index-ag2.php (DUSIB 'District wise Night Shelters List', live occupancy report, fetched 2026-07-01 11:03 IST)",
    "geocode_confidence": "good",
    "notes": "Geocode hit falls within stated DUSIB district 'South West' polygon. Point-in-polygon matched to pre-2022 ward layer: 'Manglapuri' (ward vintage is pre-2022 interim charges, not the 2022 unified-MCD 250-ward set)."
   }
  },
  {
   "type": "Feature",
   "geometry": {
    "type": "Point",
    "coordinates": [
     77.232961,
     28.650682
    ]
   },
   "properties": {
    "name": "Jama Masjid ( iii ) Family",
    "zone": "Central",
    "ward": "Jama Masjid",
    "capacity": 20,
    "sanctioned_capacity": 50,
    "shelter_type": "porta-cabin",
    "seasonal": false,
    "day_service": false,
    "purpose": "Families",
    "operating_agency": "Sofia Educational and Welfare Society",
    "ns_code": "113",
    "area_sqft": "815.49",
    "division": "C07",
    "cluster": "Cluster-2",
    "source": "https://delhishelterboard.in/occupancy-report/index-ag2.php (DUSIB 'District wise Night Shelters List', live occupancy report, fetched 2026-07-01 11:03 IST)",
    "geocode_confidence": "good",
    "notes": "Geocode hit falls within stated DUSIB district 'Central' polygon. Point-in-polygon matched to pre-2022 ward layer: 'Jama Masjid' (ward vintage is pre-2022 interim charges, not the 2022 unified-MCD 250-ward set)."
   }
  },
  {
   "type": "Feature",
   "geometry": {
    "type": "Point",
    "coordinates": [
     77.232961,
     28.650682
    ]
   },
   "properties": {
    "name": "Jama Masjid-IV",
    "zone": "Central",
    "ward": "Jama Masjid",
    "capacity": 20,
    "sanctioned_capacity": 50,
    "shelter_type": "porta-cabin",
    "seasonal": false,
    "day_service": false,
    "purpose": "Families",
    "operating_agency": "Sofia Educational and Welfare Society",
    "ns_code": "114",
    "area_sqft": "861.96",
    "division": "C07",
    "cluster": "Cluster-2",
    "source": "https://delhishelterboard.in/occupancy-report/index-ag2.php (DUSIB 'District wise Night Shelters List', live occupancy report, fetched 2026-07-01 11:03 IST)",
    "geocode_confidence": "good",
    "notes": "Geocode hit falls within stated DUSIB district 'Central' polygon. Point-in-polygon matched to pre-2022 ward layer: 'Jama Masjid' (ward vintage is pre-2022 interim charges, not the 2022 unified-MCD 250-ward set)."
   }
  },
  {
   "type": "Feature",
   "geometry": {
    "type": "Point",
    "coordinates": [
     77.239381,
     28.662005
    ]
   },
   "properties": {
    "name": "Hanuman Mandir Yamuna Bazar",
    "zone": "Central",
    "ward": "Kashmere Gate",
    "capacity": 20,
    "sanctioned_capacity": 50,
    "shelter_type": "porta-cabin",
    "seasonal": false,
    "day_service": false,
    "purpose": "General",
    "operating_agency": "Sadik Masih Medical Social Servant Society",
    "ns_code": "116",
    "area_sqft": "800",
    "division": "C07",
    "cluster": "Cluster-9",
    "source": "https://delhishelterboard.in/occupancy-report/index-ag2.php (DUSIB 'District wise Night Shelters List', live occupancy report, fetched 2026-07-01 11:03 IST)",
    "geocode_confidence": "good",
    "notes": "Geocode hit falls within stated DUSIB district 'Central' polygon. Point-in-polygon matched to pre-2022 ward layer: 'Kashmere Gate' (ward vintage is pre-2022 interim charges, not the 2022 unified-MCD 250-ward set)."
   }
  },
  {
   "type": "Feature",
   "geometry": {
    "type": "Point",
    "coordinates": [
     77.208875,
     28.626481
    ]
   },
   "properties": {
    "name": "Raza Bazar, Bangla Sahib",
    "zone": "New Delhi",
    "ward": "Ndmc Charge 4",
    "capacity": 20,
    "sanctioned_capacity": 50,
    "shelter_type": "porta-cabin",
    "seasonal": false,
    "day_service": false,
    "purpose": "Families",
    "operating_agency": "SPYM",
    "ns_code": "117",
    "area_sqft": "801",
    "division": "C05",
    "cluster": "Cluster-13",
    "source": "https://delhishelterboard.in/occupancy-report/index-ag2.php (DUSIB 'District wise Night Shelters List', live occupancy report, fetched 2026-07-01 11:03 IST)",
    "geocode_confidence": "good",
    "notes": "Geocode hit falls within stated DUSIB district 'New Delhi' polygon. Point-in-polygon matched to pre-2022 ward layer: 'Ndmc Charge 4' (ward vintage is pre-2022 interim charges, not the 2022 unified-MCD 250-ward set)."
   }
  },
  {
   "type": "Feature",
   "geometry": {
    "type": "Point",
    "coordinates": [
     77.304627,
     28.622129
    ]
   },
   "properties": {
    "name": "Nangli Khadar, Near Ramchirtr Manas temple Near Mayur vihar",
    "zone": "East",
    "ward": null,
    "capacity": 20,
    "sanctioned_capacity": 50,
    "shelter_type": "porta-cabin",
    "seasonal": false,
    "day_service": false,
    "purpose": "General",
    "operating_agency": "Maa Astha Samajik Vikas Sewa Sansthan",
    "ns_code": "118",
    "area_sqft": "775",
    "division": "C09",
    "cluster": "Cluster-12",
    "source": "https://delhishelterboard.in/occupancy-report/index-ag2.php (DUSIB 'District wise Night Shelters List', live occupancy report, fetched 2026-07-01 11:03 IST)",
    "geocode_confidence": "approximate",
    "notes": "Geocoding (Nominatim/Photon) failed or was rate-limited for this address; placed at the centroid of DUSIB's stated district 'East' as a fallback. Location is only accurate to district scale, not the actual site."
   }
  },
  {
   "type": "Feature",
   "geometry": {
    "type": "Point",
    "coordinates": [
     77.126306,
     28.652182
    ]
   },
   "properties": {
    "name": "Raja Garden-119",
    "zone": "West",
    "ward": "Raja Garden",
    "capacity": 20,
    "sanctioned_capacity": 50,
    "shelter_type": "porta-cabin",
    "seasonal": false,
    "day_service": false,
    "purpose": "Women",
    "operating_agency": "Safe Approach for Nascent Termination of Social Hazard",
    "ns_code": "119",
    "area_sqft": "781.18",
    "division": "C04",
    "cluster": "Cluster-7",
    "source": "https://delhishelterboard.in/occupancy-report/index-ag2.php (DUSIB 'District wise Night Shelters List', live occupancy report, fetched 2026-07-01 11:03 IST)",
    "geocode_confidence": "good",
    "notes": "Geocode hit falls within stated DUSIB district 'West' polygon. Point-in-polygon matched to pre-2022 ward layer: 'Raja Garden' (ward vintage is pre-2022 interim charges, not the 2022 unified-MCD 250-ward set)."
   }
  },
  {
   "type": "Feature",
   "geometry": {
    "type": "Point",
    "coordinates": [
     77.272958,
     28.542203
    ]
   },
   "properties": {
    "name": "Taimur Nagar, Okhla near Dhobi Ghat",
    "zone": "South East",
    "ward": null,
    "capacity": 20,
    "sanctioned_capacity": 50,
    "shelter_type": "porta-cabin",
    "seasonal": false,
    "day_service": false,
    "purpose": "General",
    "operating_agency": "SPYM",
    "ns_code": "122",
    "area_sqft": "801",
    "division": "C05",
    "cluster": "Cluster-14",
    "source": "https://delhishelterboard.in/occupancy-report/index-ag2.php (DUSIB 'District wise Night Shelters List', live occupancy report, fetched 2026-07-01 11:03 IST)",
    "geocode_confidence": "approximate",
    "notes": "Geocoding (Nominatim/Photon) failed or was rate-limited for this address; placed at the centroid of DUSIB's stated district 'South East' as a fallback. Location is only accurate to district scale, not the actual site."
   }
  },
  {
   "type": "Feature",
   "geometry": {
    "type": "Point",
    "coordinates": [
     77.166664,
     28.699432
    ]
   },
   "properties": {
    "name": "Wajirpur Industrial Area",
    "zone": "North",
    "ward": "Ashok Vihar",
    "capacity": 20,
    "sanctioned_capacity": 50,
    "shelter_type": "porta-cabin",
    "seasonal": false,
    "day_service": false,
    "purpose": "General",
    "operating_agency": "Maa Astha Samajik Vikas Sewa Sansthan",
    "ns_code": "124",
    "area_sqft": "807",
    "division": "C04",
    "cluster": "Cluster-16",
    "source": "https://delhishelterboard.in/occupancy-report/index-ag2.php (DUSIB 'District wise Night Shelters List', live occupancy report, fetched 2026-07-01 11:03 IST)",
    "geocode_confidence": "good",
    "notes": "Geocode hit is near (<~3km) the stated district 'North' polygon boundary. Point-in-polygon matched to pre-2022 ward layer: 'Ashok Vihar' (ward vintage is pre-2022 interim charges, not the 2022 unified-MCD 250-ward set)."
   }
  },
  {
   "type": "Feature",
   "geometry": {
    "type": "Point",
    "coordinates": [
     77.256523,
     28.722723
    ]
   },
   "properties": {
    "name": "Mansrover Park-2, Lal Bagh",
    "zone": "North East",
    "ward": null,
    "capacity": 20,
    "sanctioned_capacity": 50,
    "shelter_type": "porta-cabin",
    "seasonal": false,
    "day_service": false,
    "purpose": "Women",
    "operating_agency": "Rachna Womens Development Association",
    "ns_code": "125",
    "area_sqft": "775.03",
    "division": "C08",
    "cluster": "Cluster-10",
    "source": "https://delhishelterboard.in/occupancy-report/index-ag2.php (DUSIB 'District wise Night Shelters List', live occupancy report, fetched 2026-07-01 11:03 IST)",
    "geocode_confidence": "approximate",
    "notes": "Geocoding (Nominatim/Photon) failed or was rate-limited for this address; placed at the centroid of DUSIB's stated district 'North East' as a fallback. Location is only accurate to district scale, not the actual site."
   }
  },
  {
   "type": "Feature",
   "geometry": {
    "type": "Point",
    "coordinates": [
     77.260667,
     28.549775
    ]
   },
   "properties": {
    "name": "Kalkaji Mandir",
    "zone": "South East",
    "ward": "East Of Kailash",
    "capacity": 20,
    "sanctioned_capacity": 50,
    "shelter_type": "porta-cabin",
    "seasonal": false,
    "day_service": false,
    "purpose": "Women",
    "operating_agency": "Janpahal",
    "ns_code": "127",
    "area_sqft": "807",
    "division": "C06",
    "cluster": "Cluster-15",
    "source": "https://delhishelterboard.in/occupancy-report/index-ag2.php (DUSIB 'District wise Night Shelters List', live occupancy report, fetched 2026-07-01 11:03 IST)",
    "geocode_confidence": "good",
    "notes": "Geocode hit falls within stated DUSIB district 'South East' polygon. Point-in-polygon matched to pre-2022 ward layer: 'East Of Kailash' (ward vintage is pre-2022 interim charges, not the 2022 unified-MCD 250-ward set)."
   }
  },
  {
   "type": "Feature",
   "geometry": {
    "type": "Point",
    "coordinates": [
     77.251742,
     28.551574
    ]
   },
   "properties": {
    "name": "Nehru Place 1, Metro Station",
    "zone": "South",
    "ward": "Greater Kailash-I",
    "capacity": 20,
    "sanctioned_capacity": 50,
    "shelter_type": "porta-cabin",
    "seasonal": false,
    "day_service": false,
    "purpose": "General",
    "operating_agency": "Janpahal",
    "ns_code": "128",
    "area_sqft": "807",
    "division": "C06",
    "cluster": "Cluster-15",
    "source": "https://delhishelterboard.in/occupancy-report/index-ag2.php (DUSIB 'District wise Night Shelters List', live occupancy report, fetched 2026-07-01 11:03 IST)",
    "geocode_confidence": "good",
    "notes": "Geocode hit is near (<~3km) the stated district 'South' polygon boundary. Point-in-polygon matched to pre-2022 ward layer: 'Greater Kailash-I' (ward vintage is pre-2022 interim charges, not the 2022 unified-MCD 250-ward set)."
   }
  },
  {
   "type": "Feature",
   "geometry": {
    "type": "Point",
    "coordinates": [
     77.251755,
     28.551296
    ]
   },
   "properties": {
    "name": "Nehru Place 2, Metro Station",
    "zone": "South",
    "ward": "Greater Kailash-I",
    "capacity": 20,
    "sanctioned_capacity": 50,
    "shelter_type": "porta-cabin",
    "seasonal": false,
    "day_service": false,
    "purpose": "General",
    "operating_agency": "Janpahal",
    "ns_code": "129",
    "area_sqft": "807",
    "division": "C06",
    "cluster": "Cluster-15",
    "source": "https://delhishelterboard.in/occupancy-report/index-ag2.php (DUSIB 'District wise Night Shelters List', live occupancy report, fetched 2026-07-01 11:03 IST)",
    "geocode_confidence": "good",
    "notes": "Geocode hit is near (<~3km) the stated district 'South' polygon boundary. Point-in-polygon matched to pre-2022 ward layer: 'Greater Kailash-I' (ward vintage is pre-2022 interim charges, not the 2022 unified-MCD 250-ward set)."
   }
  },
  {
   "type": "Feature",
   "geometry": {
    "type": "Point",
    "coordinates": [
     77.269185,
     28.641278
    ]
   },
   "properties": {
    "name": "Geeta Colony, Shamsan Ghat",
    "zone": "East",
    "ward": "Kishan Kunj",
    "capacity": 20,
    "sanctioned_capacity": 50,
    "shelter_type": "porta-cabin",
    "seasonal": false,
    "day_service": false,
    "purpose": "General",
    "operating_agency": "Maa Astha Samajik Vikas Sewa Sansthan",
    "ns_code": "130",
    "area_sqft": "775",
    "division": "C09",
    "cluster": "Cluster-12",
    "source": "https://delhishelterboard.in/occupancy-report/index-ag2.php (DUSIB 'District wise Night Shelters List', live occupancy report, fetched 2026-07-01 11:03 IST)",
    "geocode_confidence": "good",
    "notes": "Geocode hit is near (<~3km) the stated district 'East' polygon boundary. Point-in-polygon matched to pre-2022 ward layer: 'Kishan Kunj' (ward vintage is pre-2022 interim charges, not the 2022 unified-MCD 250-ward set)."
   }
  },
  {
   "type": "Feature",
   "geometry": {
    "type": "Point",
    "coordinates": [
     77.279562,
     28.618
    ]
   },
   "properties": {
    "name": "Akshardham Temple near Metro Station",
    "zone": "East",
    "ward": "Pandav Nagar",
    "capacity": 20,
    "sanctioned_capacity": 50,
    "shelter_type": "porta-cabin",
    "seasonal": false,
    "day_service": false,
    "purpose": "Families",
    "operating_agency": "Maa Astha Samajik Vikas Sewa Sansthan",
    "ns_code": "131",
    "area_sqft": "775",
    "division": "C09",
    "cluster": "Cluster-12",
    "source": "https://delhishelterboard.in/occupancy-report/index-ag2.php (DUSIB 'District wise Night Shelters List', live occupancy report, fetched 2026-07-01 11:03 IST)",
    "geocode_confidence": "good",
    "notes": "Geocode hit is near (<~3km) the stated district 'East' polygon boundary. Point-in-polygon matched to pre-2022 ward layer: 'Pandav Nagar' (ward vintage is pre-2022 interim charges, not the 2022 unified-MCD 250-ward set)."
   }
  },
  {
   "type": "Feature",
   "geometry": {
    "type": "Point",
    "coordinates": [
     77.25053,
     28.668434
    ]
   },
   "properties": {
    "name": "Shastri Park (Red Light)",
    "zone": "North East",
    "ward": null,
    "capacity": 20,
    "sanctioned_capacity": 50,
    "shelter_type": "porta-cabin",
    "seasonal": false,
    "day_service": false,
    "purpose": "General",
    "operating_agency": "Rachna Womens Development Association",
    "ns_code": "132",
    "area_sqft": "775.03",
    "division": "C08",
    "cluster": "Cluster-11",
    "source": "https://delhishelterboard.in/occupancy-report/index-ag2.php (DUSIB 'District wise Night Shelters List', live occupancy report, fetched 2026-07-01 11:03 IST)",
    "geocode_confidence": "good",
    "notes": "Geocode hit is near (<~3km) the stated district 'North East' polygon boundary."
   }
  },
  {
   "type": "Feature",
   "geometry": {
    "type": "Point",
    "coordinates": [
     77.223739,
     28.664203
    ]
   },
   "properties": {
    "name": "Mori Gate Gole Chakar",
    "zone": "Central",
    "ward": "Chandni Chowk",
    "capacity": 20,
    "sanctioned_capacity": 50,
    "shelter_type": "porta-cabin",
    "seasonal": false,
    "day_service": false,
    "purpose": "General",
    "operating_agency": "Jyoti Samajik Sewa Sanstha",
    "ns_code": "136",
    "area_sqft": "830.99",
    "division": "C07",
    "cluster": "Cluster-5",
    "source": "https://delhishelterboard.in/occupancy-report/index-ag2.php (DUSIB 'District wise Night Shelters List', live occupancy report, fetched 2026-07-01 11:03 IST)",
    "geocode_confidence": "good",
    "notes": "Geocode hit falls within stated DUSIB district 'Central' polygon. Point-in-polygon matched to pre-2022 ward layer: 'Chandni Chowk' (ward vintage is pre-2022 interim charges, not the 2022 unified-MCD 250-ward set)."
   }
  },
  {
   "type": "Feature",
   "geometry": {
    "type": "Point",
    "coordinates": [
     77.063957,
     28.655447
    ]
   },
   "properties": {
    "name": "Raja Garden -II\nNear Raja Garden Chowk, Opposite City Square Mall.",
    "zone": "West",
    "ward": null,
    "capacity": 20,
    "sanctioned_capacity": 50,
    "shelter_type": "porta-cabin",
    "seasonal": false,
    "day_service": false,
    "purpose": "Families",
    "operating_agency": "Safe Approach for Nascent Termination of Social Hazard",
    "ns_code": "137",
    "area_sqft": "781.18",
    "division": "C04",
    "cluster": "Cluster-7",
    "source": "https://delhishelterboard.in/occupancy-report/index-ag2.php (DUSIB 'District wise Night Shelters List', live occupancy report, fetched 2026-07-01 11:03 IST)",
    "geocode_confidence": "approximate",
    "notes": "Geocoding (Nominatim/Photon) failed or was rate-limited for this address; placed at the centroid of DUSIB's stated district 'West' as a fallback. Location is only accurate to district scale, not the actual site."
   }
  },
  {
   "type": "Feature",
   "geometry": {
    "type": "Point",
    "coordinates": [
     77.043113,
     28.72527
    ]
   },
   "properties": {
    "name": "Kali Mandir, Sector - 3 Rohini  for Men",
    "zone": "North West",
    "ward": null,
    "capacity": 20,
    "sanctioned_capacity": 50,
    "shelter_type": "porta-cabin",
    "seasonal": false,
    "day_service": false,
    "purpose": "General",
    "operating_agency": "Maa Astha Samajik Vikas Sewa Sansthan",
    "ns_code": "138",
    "area_sqft": "796.24",
    "division": "C03",
    "cluster": "Cluster-16",
    "source": "https://delhishelterboard.in/occupancy-report/index-ag2.php (DUSIB 'District wise Night Shelters List', live occupancy report, fetched 2026-07-01 11:03 IST)",
    "geocode_confidence": "approximate",
    "notes": "Geocoding (Nominatim/Photon) failed or was rate-limited for this address; placed at the centroid of DUSIB's stated district 'North West' as a fallback. Location is only accurate to district scale, not the actual site."
   }
  },
  {
   "type": "Feature",
   "geometry": {
    "type": "Point",
    "coordinates": [
     77.298735,
     28.677133
    ]
   },
   "properties": {
    "name": "Ram Lila Ground Nand Nagri",
    "zone": "Shahdara",
    "ward": null,
    "capacity": 20,
    "sanctioned_capacity": 50,
    "shelter_type": "porta-cabin",
    "seasonal": false,
    "day_service": false,
    "purpose": "General",
    "operating_agency": "Rachna Womens Development Association",
    "ns_code": "141",
    "area_sqft": "775.03",
    "division": "C08",
    "cluster": "Cluster-10",
    "source": "https://delhishelterboard.in/occupancy-report/index-ag2.php (DUSIB 'District wise Night Shelters List', live occupancy report, fetched 2026-07-01 11:03 IST)",
    "geocode_confidence": "approximate",
    "notes": "Geocoding (Nominatim/Photon) failed or was rate-limited for this address; placed at the centroid of DUSIB's stated district 'Shahdara' as a fallback. Location is only accurate to district scale, not the actual site."
   }
  },
  {
   "type": "Feature",
   "geometry": {
    "type": "Point",
    "coordinates": [
     77.304627,
     28.622129
    ]
   },
   "properties": {
    "name": "Opp. Mayur Vihar metro station yamuna khadar",
    "zone": "East",
    "ward": null,
    "capacity": 20,
    "sanctioned_capacity": 50,
    "shelter_type": "porta-cabin",
    "seasonal": false,
    "day_service": false,
    "purpose": "General",
    "operating_agency": "Maa Astha Samajik Vikas Sewa Sansthan",
    "ns_code": "142",
    "area_sqft": "915",
    "division": "C09",
    "cluster": "Cluster-12",
    "source": "https://delhishelterboard.in/occupancy-report/index-ag2.php (DUSIB 'District wise Night Shelters List', live occupancy report, fetched 2026-07-01 11:03 IST)",
    "geocode_confidence": "approximate",
    "notes": "Geocoding (Nominatim/Photon) failed or was rate-limited for this address; placed at the centroid of DUSIB's stated district 'East' as a fallback. Location is only accurate to district scale, not the actual site."
   }
  },
  {
   "type": "Feature",
   "geometry": {
    "type": "Point",
    "coordinates": [
     77.040732,
     28.592236
    ]
   },
   "properties": {
    "name": "Sector-12, Dwarka",
    "zone": "South West",
    "ward": "Kakraula",
    "capacity": 20,
    "sanctioned_capacity": 50,
    "shelter_type": "porta-cabin",
    "seasonal": false,
    "day_service": false,
    "purpose": "General",
    "operating_agency": "Safe Approach for Nascent Termination of Social Hazard",
    "ns_code": "143",
    "area_sqft": "800.76",
    "division": "C01",
    "cluster": "Cluster-6",
    "source": "https://delhishelterboard.in/occupancy-report/index-ag2.php (DUSIB 'District wise Night Shelters List', live occupancy report, fetched 2026-07-01 11:03 IST)",
    "geocode_confidence": "good",
    "notes": "Geocode hit falls within stated DUSIB district 'South West' polygon. Point-in-polygon matched to pre-2022 ward layer: 'Kakraula' (ward vintage is pre-2022 interim charges, not the 2022 unified-MCD 250-ward set)."
   }
  },
  {
   "type": "Feature",
   "geometry": {
    "type": "Point",
    "coordinates": [
     77.063957,
     28.655447
    ]
   },
   "properties": {
    "name": "Madipur Sajjan Park",
    "zone": "West",
    "ward": null,
    "capacity": 20,
    "sanctioned_capacity": 50,
    "shelter_type": "porta-cabin",
    "seasonal": false,
    "day_service": false,
    "purpose": "General",
    "operating_agency": "Safe Approach for Nascent Termination of Social Hazard",
    "ns_code": "144",
    "area_sqft": "781.18",
    "division": "C04",
    "cluster": "Cluster-7",
    "source": "https://delhishelterboard.in/occupancy-report/index-ag2.php (DUSIB 'District wise Night Shelters List', live occupancy report, fetched 2026-07-01 11:03 IST)",
    "geocode_confidence": "approximate",
    "notes": "Geocoding (Nominatim/Photon) failed or was rate-limited for this address; placed at the centroid of DUSIB's stated district 'West' as a fallback. Location is only accurate to district scale, not the actual site."
   }
  },
  {
   "type": "Feature",
   "geometry": {
    "type": "Point",
    "coordinates": [
     77.285102,
     28.620955
    ]
   },
   "properties": {
    "name": "Ganesh Nagar near Mother Dairy, Laxmi Nagar",
    "zone": "East",
    "ward": "Shakarpur",
    "capacity": 20,
    "sanctioned_capacity": 50,
    "shelter_type": "porta-cabin",
    "seasonal": false,
    "day_service": false,
    "purpose": "General",
    "operating_agency": "Maa Astha Samajik Vikas Sewa Sansthan",
    "ns_code": "145",
    "area_sqft": "775",
    "division": "C09",
    "cluster": "Cluster-12",
    "source": "https://delhishelterboard.in/occupancy-report/index-ag2.php (DUSIB 'District wise Night Shelters List', live occupancy report, fetched 2026-07-01 11:03 IST)",
    "geocode_confidence": "good",
    "notes": "Geocode hit falls within stated DUSIB district 'East' polygon. Point-in-polygon matched to pre-2022 ward layer: 'Shakarpur' (ward vintage is pre-2022 interim charges, not the 2022 unified-MCD 250-ward set)."
   }
  },
  {
   "type": "Feature",
   "geometry": {
    "type": "Point",
    "coordinates": [
     77.279607,
     28.7017
    ]
   },
   "properties": {
    "name": "Panchsheel Garden Shahdra",
    "zone": "North East",
    "ward": "Yamuna Vihar",
    "capacity": 20,
    "sanctioned_capacity": 50,
    "shelter_type": "porta-cabin",
    "seasonal": false,
    "day_service": false,
    "purpose": "General",
    "operating_agency": "Rachna Womens Development Association",
    "ns_code": "146",
    "area_sqft": "775.03",
    "division": "C08",
    "cluster": "Cluster-11",
    "source": "https://delhishelterboard.in/occupancy-report/index-ag2.php (DUSIB 'District wise Night Shelters List', live occupancy report, fetched 2026-07-01 11:03 IST)",
    "geocode_confidence": "good",
    "notes": "Geocode hit falls within stated DUSIB district 'North East' polygon. Point-in-polygon matched to pre-2022 ward layer: 'Yamuna Vihar' (ward vintage is pre-2022 interim charges, not the 2022 unified-MCD 250-ward set)."
   }
  },
  {
   "type": "Feature",
   "geometry": {
    "type": "Point",
    "coordinates": [
     77.160568,
     28.564135
    ]
   },
   "properties": {
    "name": "Vasant Vihar Behind Pahari",
    "zone": "New Delhi",
    "ward": "Vasant Vihar",
    "capacity": 20,
    "sanctioned_capacity": 50,
    "shelter_type": "porta-cabin",
    "seasonal": false,
    "day_service": false,
    "purpose": "General",
    "operating_agency": "SPYM",
    "ns_code": "147",
    "area_sqft": "801",
    "division": "C05",
    "cluster": "Cluster-14",
    "source": "https://delhishelterboard.in/occupancy-report/index-ag2.php (DUSIB 'District wise Night Shelters List', live occupancy report, fetched 2026-07-01 11:03 IST)",
    "geocode_confidence": "good",
    "notes": "Geocode hit falls within stated DUSIB district 'New Delhi' polygon. Point-in-polygon matched to pre-2022 ward layer: 'Vasant Vihar' (ward vintage is pre-2022 interim charges, not the 2022 unified-MCD 250-ward set)."
   }
  },
  {
   "type": "Feature",
   "geometry": {
    "type": "Point",
    "coordinates": [
     77.304627,
     28.622129
    ]
   },
   "properties": {
    "name": "Nangli Chilla Khadar Village, Near Mayur Vihar",
    "zone": "East",
    "ward": null,
    "capacity": 20,
    "sanctioned_capacity": 50,
    "shelter_type": "porta-cabin",
    "seasonal": false,
    "day_service": false,
    "purpose": "General",
    "operating_agency": "Maa Astha Samajik Vikas Sewa Sansthan",
    "ns_code": "150",
    "area_sqft": "560",
    "division": "C09",
    "cluster": "Cluster-12",
    "source": "https://delhishelterboard.in/occupancy-report/index-ag2.php (DUSIB 'District wise Night Shelters List', live occupancy report, fetched 2026-07-01 11:03 IST)",
    "geocode_confidence": "approximate",
    "notes": "Geocoding (Nominatim/Photon) failed or was rate-limited for this address; placed at the centroid of DUSIB's stated district 'East' as a fallback. Location is only accurate to district scale, not the actual site."
   }
  },
  {
   "type": "Feature",
   "geometry": {
    "type": "Point",
    "coordinates": [
     77.232961,
     28.650682
    ]
   },
   "properties": {
    "name": "Jama Masjid",
    "zone": "Central",
    "ward": "Jama Masjid",
    "capacity": 20,
    "sanctioned_capacity": 50,
    "shelter_type": "porta-cabin",
    "seasonal": false,
    "day_service": false,
    "purpose": "General",
    "operating_agency": "Sofia Educational and Welfare Society",
    "ns_code": "160",
    "area_sqft": "815.49",
    "division": "C07",
    "cluster": "Cluster-2",
    "source": "https://delhishelterboard.in/occupancy-report/index-ag2.php (DUSIB 'District wise Night Shelters List', live occupancy report, fetched 2026-07-01 11:03 IST)",
    "geocode_confidence": "good",
    "notes": "Geocode hit falls within stated DUSIB district 'Central' polygon. Point-in-polygon matched to pre-2022 ward layer: 'Jama Masjid' (ward vintage is pre-2022 interim charges, not the 2022 unified-MCD 250-ward set)."
   }
  },
  {
   "type": "Feature",
   "geometry": {
    "type": "Point",
    "coordinates": [
     77.221605,
     28.66608
    ]
   },
   "properties": {
    "name": "Mori Gate Terminal - 1",
    "zone": "Central",
    "ward": "Kashmere Gate",
    "capacity": 28,
    "sanctioned_capacity": 70,
    "shelter_type": "porta-cabin",
    "seasonal": false,
    "day_service": false,
    "purpose": "General",
    "operating_agency": "Jyoti Samajik Sewa Sanstha",
    "ns_code": "161",
    "area_sqft": "816",
    "division": "C07",
    "cluster": "Cluster-5",
    "source": "https://delhishelterboard.in/occupancy-report/index-ag2.php (DUSIB 'District wise Night Shelters List', live occupancy report, fetched 2026-07-01 11:03 IST)",
    "geocode_confidence": "good",
    "notes": "Geocode hit falls within stated DUSIB district 'Central' polygon. Point-in-polygon matched to pre-2022 ward layer: 'Kashmere Gate' (ward vintage is pre-2022 interim charges, not the 2022 unified-MCD 250-ward set)."
   }
  },
  {
   "type": "Feature",
   "geometry": {
    "type": "Point",
    "coordinates": [
     77.089841,
     28.650744
    ]
   },
   "properties": {
    "name": "Sabzi Mandi Tilak Nagar TNS-2",
    "zone": "West",
    "ward": "Major Bhupindar Singh Nagar",
    "capacity": 28,
    "sanctioned_capacity": 70,
    "shelter_type": "porta-cabin",
    "seasonal": false,
    "day_service": false,
    "purpose": "General",
    "operating_agency": "Safe Approach for Nascent Termination of Social Hazard",
    "ns_code": "175",
    "area_sqft": "800.76",
    "division": "C01",
    "cluster": "Cluster-7",
    "source": "https://delhishelterboard.in/occupancy-report/index-ag2.php (DUSIB 'District wise Night Shelters List', live occupancy report, fetched 2026-07-01 11:03 IST)",
    "geocode_confidence": "good",
    "notes": "Geocode hit falls within stated DUSIB district 'West' polygon. Point-in-polygon matched to pre-2022 ward layer: 'Major Bhupindar Singh Nagar' (ward vintage is pre-2022 interim charges, not the 2022 unified-MCD 250-ward set)."
   }
  },
  {
   "type": "Feature",
   "geometry": {
    "type": "Point",
    "coordinates": [
     77.224197,
     28.681568
    ]
   },
   "properties": {
    "name": "Plot No.1 and 2 Asaf Ali Road near Police Bhawan",
    "zone": "Central",
    "ward": null,
    "capacity": 116,
    "sanctioned_capacity": 290,
    "shelter_type": "permanent",
    "seasonal": false,
    "day_service": false,
    "purpose": "Disabled Person",
    "operating_agency": "Sofia Educational and Welfare Society",
    "ns_code": "176",
    "area_sqft": "4257",
    "division": "C07",
    "cluster": "Cluster-1",
    "source": "https://delhishelterboard.in/occupancy-report/index-ag2.php (DUSIB 'District wise Night Shelters List', live occupancy report, fetched 2026-07-01 11:03 IST)",
    "geocode_confidence": "approximate",
    "notes": "Geocoding (Nominatim/Photon) failed or was rate-limited for this address; placed at the centroid of DUSIB's stated district 'Central' as a fallback. Location is only accurate to district scale, not the actual site."
   }
  },
  {
   "type": "Feature",
   "geometry": {
    "type": "Point",
    "coordinates": [
     77.239381,
     28.662005
    ]
   },
   "properties": {
    "name": "Priyadarshnay Colony Yamuna Bazar",
    "zone": "Central",
    "ward": "Kashmere Gate",
    "capacity": 24,
    "sanctioned_capacity": 60,
    "shelter_type": "permanent",
    "seasonal": false,
    "day_service": false,
    "purpose": "General",
    "operating_agency": "Sadik Masih Medical Social Servant Society",
    "ns_code": "177",
    "area_sqft": "1200",
    "division": "C07",
    "cluster": "Cluster-9",
    "source": "https://delhishelterboard.in/occupancy-report/index-ag2.php (DUSIB 'District wise Night Shelters List', live occupancy report, fetched 2026-07-01 11:03 IST)",
    "geocode_confidence": "good",
    "notes": "Geocode hit falls within stated DUSIB district 'Central' polygon. Point-in-polygon matched to pre-2022 ward layer: 'Kashmere Gate' (ward vintage is pre-2022 interim charges, not the 2022 unified-MCD 250-ward set)."
   }
  },
  {
   "type": "Feature",
   "geometry": {
    "type": "Point",
    "coordinates": [
     77.263563,
     28.572632
    ]
   },
   "properties": {
    "name": "Community center Parda Bagh (IInd Floor)",
    "zone": "Central",
    "ward": "Sri Niwaspuri",
    "capacity": 64,
    "sanctioned_capacity": 160,
    "shelter_type": "permanent",
    "seasonal": false,
    "day_service": false,
    "purpose": "Drug addicts",
    "operating_agency": "SPYM",
    "ns_code": "178",
    "area_sqft": "2690",
    "division": "C05",
    "cluster": "Cluster-14",
    "source": "https://delhishelterboard.in/occupancy-report/index-ag2.php (DUSIB 'District wise Night Shelters List', live occupancy report, fetched 2026-07-01 11:03 IST)",
    "geocode_confidence": "good",
    "notes": "Geocode hit is near (<~3km) the stated district 'Central' polygon boundary. Point-in-polygon matched to pre-2022 ward layer: 'Sri Niwaspuri' (ward vintage is pre-2022 interim charges, not the 2022 unified-MCD 250-ward set)."
   }
  },
  {
   "type": "Feature",
   "geometry": {
    "type": "Point",
    "coordinates": [
     77.111781,
     28.711416
    ]
   },
   "properties": {
    "name": "Rohini Avantika Sector 1 Ground Floor",
    "zone": "North West",
    "ward": "Rithala",
    "capacity": 20,
    "sanctioned_capacity": 50,
    "shelter_type": "permanent",
    "seasonal": false,
    "day_service": false,
    "purpose": "General",
    "operating_agency": "Maa Astha Samajik Vikas Sewa Sansthan",
    "ns_code": "179",
    "area_sqft": "5380",
    "division": "C12",
    "cluster": "Cluster-16",
    "source": "https://delhishelterboard.in/occupancy-report/index-ag2.php (DUSIB 'District wise Night Shelters List', live occupancy report, fetched 2026-07-01 11:03 IST)",
    "geocode_confidence": "good",
    "notes": "Geocode hit falls within stated DUSIB district 'North West' polygon. Point-in-polygon matched to pre-2022 ward layer: 'Rithala' (ward vintage is pre-2022 interim charges, not the 2022 unified-MCD 250-ward set)."
   }
  },
  {
   "type": "Feature",
   "geometry": {
    "type": "Point",
    "coordinates": [
     77.112238,
     28.656557
    ]
   },
   "properties": {
    "name": "BVK Raghubir Nagar (F Block Ext. Khayala near G.G.S. Hospital)",
    "zone": "West",
    "ward": "Raghubir Nagar",
    "capacity": 28,
    "sanctioned_capacity": 70,
    "shelter_type": "permanent",
    "seasonal": false,
    "day_service": false,
    "purpose": "General",
    "operating_agency": "Safe Approach for Nascent Termination of Social Hazard",
    "ns_code": "180",
    "area_sqft": "1644.02",
    "division": "C02",
    "cluster": "Cluster-7",
    "source": "https://delhishelterboard.in/occupancy-report/index-ag2.php (DUSIB 'District wise Night Shelters List', live occupancy report, fetched 2026-07-01 11:03 IST)",
    "geocode_confidence": "good",
    "notes": "Geocode hit falls within stated DUSIB district 'West' polygon. Point-in-polygon matched to pre-2022 ward layer: 'Raghubir Nagar' (ward vintage is pre-2022 interim charges, not the 2022 unified-MCD 250-ward set)."
   }
  },
  {
   "type": "Feature",
   "geometry": {
    "type": "Point",
    "coordinates": [
     77.076355,
     28.697886
    ]
   },
   "properties": {
    "name": "A- Block JJR Colony Sultanpuri",
    "zone": "North West",
    "ward": "Sultanpuri  East",
    "capacity": 48,
    "sanctioned_capacity": 120,
    "shelter_type": "permanent",
    "seasonal": false,
    "day_service": false,
    "purpose": "Families",
    "operating_agency": "Maa Astha Samajik Vikas Sewa Sansthan",
    "ns_code": "181",
    "area_sqft": "2415.29",
    "division": "C03",
    "cluster": "Cluster-16",
    "source": "https://delhishelterboard.in/occupancy-report/index-ag2.php (DUSIB 'District wise Night Shelters List', live occupancy report, fetched 2026-07-01 11:03 IST)",
    "geocode_confidence": "good",
    "notes": "Geocode hit falls within stated DUSIB district 'North West' polygon. Point-in-polygon matched to pre-2022 ward layer: 'Sultanpuri  East' (ward vintage is pre-2022 interim charges, not the 2022 unified-MCD 250-ward set)."
   }
  },
  {
   "type": "Feature",
   "geometry": {
    "type": "Point",
    "coordinates": [
     77.043113,
     28.72527
    ]
   },
   "properties": {
    "name": "Community Hall at A, B & C Block Mangolpuri",
    "zone": "North West",
    "ward": null,
    "capacity": 40,
    "sanctioned_capacity": 100,
    "shelter_type": "permanent",
    "seasonal": false,
    "day_service": false,
    "purpose": "General",
    "operating_agency": "Maa Astha Samajik Vikas Sewa Sansthan",
    "ns_code": "182",
    "area_sqft": "1472.55",
    "division": "C03",
    "cluster": "Cluster-16",
    "source": "https://delhishelterboard.in/occupancy-report/index-ag2.php (DUSIB 'District wise Night Shelters List', live occupancy report, fetched 2026-07-01 11:03 IST)",
    "geocode_confidence": "approximate",
    "notes": "Geocoding (Nominatim/Photon) failed or was rate-limited for this address; placed at the centroid of DUSIB's stated district 'North West' as a fallback. Location is only accurate to district scale, not the actual site."
   }
  },
  {
   "type": "Feature",
   "geometry": {
    "type": "Point",
    "coordinates": [
     77.043113,
     28.72527
    ]
   },
   "properties": {
    "name": "Community Hall at P-1 Block Sultanpuri",
    "zone": "North West",
    "ward": null,
    "capacity": 10,
    "sanctioned_capacity": 25,
    "shelter_type": "permanent",
    "seasonal": false,
    "day_service": false,
    "purpose": "General",
    "operating_agency": "Maa Astha Samajik Vikas Sewa Sansthan",
    "ns_code": "183",
    "area_sqft": "453.82",
    "division": "C03",
    "cluster": "Cluster-16",
    "source": "https://delhishelterboard.in/occupancy-report/index-ag2.php (DUSIB 'District wise Night Shelters List', live occupancy report, fetched 2026-07-01 11:03 IST)",
    "geocode_confidence": "approximate",
    "notes": "Geocoding (Nominatim/Photon) failed or was rate-limited for this address; placed at the centroid of DUSIB's stated district 'North West' as a fallback. Location is only accurate to district scale, not the actual site."
   }
  },
  {
   "type": "Feature",
   "geometry": {
    "type": "Point",
    "coordinates": [
     77.107724,
     28.793501
    ]
   },
   "properties": {
    "name": "Kabir Basti near Subzi Mandi Police Station (Women)",
    "zone": "North",
    "ward": null,
    "capacity": 40,
    "sanctioned_capacity": 100,
    "shelter_type": "permanent",
    "seasonal": false,
    "day_service": false,
    "purpose": "Recovery Shelter",
    "operating_agency": "Sofia Educational and Welfare Society",
    "ns_code": "191",
    "area_sqft": "1363",
    "division": "C07",
    "cluster": "Others",
    "source": "https://delhishelterboard.in/occupancy-report/index-ag2.php (DUSIB 'District wise Night Shelters List', live occupancy report, fetched 2026-07-01 11:03 IST)",
    "geocode_confidence": "approximate",
    "notes": "Geocoding (Nominatim/Photon) failed or was rate-limited for this address; placed at the centroid of DUSIB's stated district 'North' as a fallback. Location is only accurate to district scale, not the actual site."
   }
  },
  {
   "type": "Feature",
   "geometry": {
    "type": "Point",
    "coordinates": [
     77.257412,
     28.580662
    ]
   },
   "properties": {
    "name": "IFC, Pocket C, Ghazipur",
    "zone": "East",
    "ward": null,
    "capacity": 64,
    "sanctioned_capacity": 160,
    "shelter_type": "permanent",
    "seasonal": false,
    "day_service": false,
    "purpose": "General",
    "operating_agency": "Maa Astha Samajik Vikas Sewa Sansthan",
    "ns_code": "192",
    "area_sqft": "3066.6",
    "division": "C09",
    "cluster": "Cluster-12",
    "source": "https://delhishelterboard.in/occupancy-report/index-ag2.php (DUSIB 'District wise Night Shelters List', live occupancy report, fetched 2026-07-01 11:03 IST)",
    "geocode_confidence": "approximate",
    "notes": "Geocode hit falls outside the stated district 'East' polygon (~4.4 km away); geocoder likely matched a same-named or similarly-described locality elsewhere in Delhi. Coordinates kept but flagged approximate."
   }
  },
  {
   "type": "Feature",
   "geometry": {
    "type": "Point",
    "coordinates": [
     77.067249,
     28.719451
    ]
   },
   "properties": {
    "name": "Sector-22 Rohini Ground Floor",
    "zone": "North West",
    "ward": "Pooth Kalan",
    "capacity": 20,
    "sanctioned_capacity": 50,
    "shelter_type": "permanent",
    "seasonal": false,
    "day_service": false,
    "purpose": "General",
    "operating_agency": "Maa Astha Samajik Vikas Sewa Sansthan",
    "ns_code": "193",
    "area_sqft": "2464.04",
    "division": "C12",
    "cluster": "Cluster-16",
    "source": "https://delhishelterboard.in/occupancy-report/index-ag2.php (DUSIB 'District wise Night Shelters List', live occupancy report, fetched 2026-07-01 11:03 IST)",
    "geocode_confidence": "good",
    "notes": "Geocode hit falls within stated DUSIB district 'North West' polygon. Point-in-polygon matched to pre-2022 ward layer: 'Pooth Kalan' (ward vintage is pre-2022 interim charges, not the 2022 unified-MCD 250-ward set)."
   }
  },
  {
   "type": "Feature",
   "geometry": {
    "type": "Point",
    "coordinates": [
     77.047951,
     28.605974
    ]
   },
   "properties": {
    "name": "Dwarka, Sector-3, Phase-III, Second Floor",
    "zone": "South West",
    "ward": "Matiala",
    "capacity": 60,
    "sanctioned_capacity": 150,
    "shelter_type": "permanent",
    "seasonal": false,
    "day_service": false,
    "purpose": "General",
    "operating_agency": "Safe Approach for Nascent Termination of Social Hazard",
    "ns_code": "194",
    "area_sqft": "901.32",
    "division": "C01",
    "cluster": "Cluster-6",
    "source": "https://delhishelterboard.in/occupancy-report/index-ag2.php (DUSIB 'District wise Night Shelters List', live occupancy report, fetched 2026-07-01 11:03 IST)",
    "geocode_confidence": "good",
    "notes": "Geocode hit is near (<~3km) the stated district 'South West' polygon boundary. Point-in-polygon matched to pre-2022 ward layer: 'Matiala' (ward vintage is pre-2022 interim charges, not the 2022 unified-MCD 250-ward set)."
   }
  },
  {
   "type": "Feature",
   "geometry": {
    "type": "Point",
    "coordinates": [
     77.047951,
     28.605974
    ]
   },
   "properties": {
    "name": "Dwarka, Sector-3, Phase-III, Third Floor (Family)",
    "zone": "South West",
    "ward": "Matiala",
    "capacity": 60,
    "sanctioned_capacity": 150,
    "shelter_type": "permanent",
    "seasonal": false,
    "day_service": false,
    "purpose": "Families",
    "operating_agency": "Safe Approach for Nascent Termination of Social Hazard",
    "ns_code": "195",
    "area_sqft": "300.44",
    "division": "C01",
    "cluster": "Cluster-6",
    "source": "https://delhishelterboard.in/occupancy-report/index-ag2.php (DUSIB 'District wise Night Shelters List', live occupancy report, fetched 2026-07-01 11:03 IST)",
    "geocode_confidence": "good",
    "notes": "Geocode hit is near (<~3km) the stated district 'South West' polygon boundary. Point-in-polygon matched to pre-2022 ward layer: 'Matiala' (ward vintage is pre-2022 interim charges, not the 2022 unified-MCD 250-ward set)."
   }
  },
  {
   "type": "Feature",
   "geometry": {
    "type": "Point",
    "coordinates": [
     77.275,
     28.651089
    ]
   },
   "properties": {
    "name": "Geeta Colony, Ground Floor",
    "zone": "East",
    "ward": "Geeta Colony",
    "capacity": 42,
    "sanctioned_capacity": 104,
    "shelter_type": "permanent",
    "seasonal": false,
    "day_service": false,
    "purpose": "General",
    "operating_agency": "Maa Astha Samajik Vikas Sewa Sansthan",
    "ns_code": "196",
    "area_sqft": null,
    "division": "C09",
    "cluster": "Cluster-12",
    "source": "https://delhishelterboard.in/occupancy-report/index-ag2.php (DUSIB 'District wise Night Shelters List', live occupancy report, fetched 2026-07-01 11:03 IST)",
    "geocode_confidence": "good",
    "notes": "Geocode hit falls within stated DUSIB district 'East' polygon. Point-in-polygon matched to pre-2022 ward layer: 'Geeta Colony' (ward vintage is pre-2022 interim charges, not the 2022 unified-MCD 250-ward set)."
   }
  },
  {
   "type": "Feature",
   "geometry": {
    "type": "Point",
    "coordinates": [
     77.275,
     28.651089
    ]
   },
   "properties": {
    "name": "Geeta Colony, Third Floor (Family)",
    "zone": "East",
    "ward": "Geeta Colony",
    "capacity": 42,
    "sanctioned_capacity": 104,
    "shelter_type": "permanent",
    "seasonal": false,
    "day_service": false,
    "purpose": "Families",
    "operating_agency": "Maa Astha Samajik Vikas Sewa Sansthan",
    "ns_code": "197",
    "area_sqft": null,
    "division": "C09",
    "cluster": "Cluster-12",
    "source": "https://delhishelterboard.in/occupancy-report/index-ag2.php (DUSIB 'District wise Night Shelters List', live occupancy report, fetched 2026-07-01 11:03 IST)",
    "geocode_confidence": "good",
    "notes": "Geocode hit falls within stated DUSIB district 'East' polygon. Point-in-polygon matched to pre-2022 ward layer: 'Geeta Colony' (ward vintage is pre-2022 interim charges, not the 2022 unified-MCD 250-ward set)."
   }
  },
  {
   "type": "Feature",
   "geometry": {
    "type": "Point",
    "coordinates": [
     77.241717,
     28.59227
    ]
   },
   "properties": {
    "name": "Nizamuddin Basti near Hazrat Nizamuddin Dargah (G.F.)",
    "zone": "South East",
    "ward": "Nizamuddin",
    "capacity": 123,
    "sanctioned_capacity": 123,
    "shelter_type": "permanent",
    "seasonal": false,
    "day_service": false,
    "purpose": "Families",
    "operating_agency": "SPYM",
    "ns_code": "198",
    "area_sqft": "2212",
    "division": "C05",
    "cluster": "Cluster-13",
    "source": "https://delhishelterboard.in/occupancy-report/index-ag2.php (DUSIB 'District wise Night Shelters List', live occupancy report, fetched 2026-07-01 11:03 IST)",
    "geocode_confidence": "good",
    "notes": "Geocode hit falls within stated DUSIB district 'South East' polygon. Point-in-polygon matched to pre-2022 ward layer: 'Nizamuddin' (ward vintage is pre-2022 interim charges, not the 2022 unified-MCD 250-ward set)."
   }
  },
  {
   "type": "Feature",
   "geometry": {
    "type": "Point",
    "coordinates": [
     77.256523,
     28.722723
    ]
   },
   "properties": {
    "name": "Shastri Park (Theka) Near Wine Soap",
    "zone": "North East",
    "ward": null,
    "capacity": 20,
    "sanctioned_capacity": 50,
    "shelter_type": "porta-cabin",
    "seasonal": false,
    "day_service": false,
    "purpose": "General",
    "operating_agency": "Rachna Womens Development Association",
    "ns_code": "201",
    "area_sqft": "775.03",
    "division": "C08",
    "cluster": "Cluster-11",
    "source": "https://delhishelterboard.in/occupancy-report/index-ag2.php (DUSIB 'District wise Night Shelters List', live occupancy report, fetched 2026-07-01 11:03 IST)",
    "geocode_confidence": "approximate",
    "notes": "Geocoding (Nominatim/Photon) failed or was rate-limited for this address; placed at the centroid of DUSIB's stated district 'North East' as a fallback. Location is only accurate to district scale, not the actual site."
   }
  },
  {
   "type": "Feature",
   "geometry": {
    "type": "Point",
    "coordinates": [
     77.256523,
     28.722723
    ]
   },
   "properties": {
    "name": "Pushta Usmanpur Opp. Jag Pravesh Hospital (Women)",
    "zone": "North East",
    "ward": null,
    "capacity": 20,
    "sanctioned_capacity": 50,
    "shelter_type": "porta-cabin",
    "seasonal": false,
    "day_service": false,
    "purpose": "Women",
    "operating_agency": "Rachna Womens Development Association",
    "ns_code": "202",
    "area_sqft": "775.03",
    "division": "C08",
    "cluster": "Cluster-11",
    "source": "https://delhishelterboard.in/occupancy-report/index-ag2.php (DUSIB 'District wise Night Shelters List', live occupancy report, fetched 2026-07-01 11:03 IST)",
    "geocode_confidence": "approximate",
    "notes": "Geocoding (Nominatim/Photon) failed or was rate-limited for this address; placed at the centroid of DUSIB's stated district 'North East' as a fallback. Location is only accurate to district scale, not the actual site."
   }
  },
  {
   "type": "Feature",
   "geometry": {
    "type": "Point",
    "coordinates": [
     77.256523,
     28.722723
    ]
   },
   "properties": {
    "name": "Pusta Usmanpur near DDA Park.",
    "zone": "North East",
    "ward": null,
    "capacity": 20,
    "sanctioned_capacity": 50,
    "shelter_type": "porta-cabin",
    "seasonal": false,
    "day_service": false,
    "purpose": "General",
    "operating_agency": "Rachna Womens Development Association",
    "ns_code": "203",
    "area_sqft": "775.03",
    "division": "C08",
    "cluster": "Cluster-11",
    "source": "https://delhishelterboard.in/occupancy-report/index-ag2.php (DUSIB 'District wise Night Shelters List', live occupancy report, fetched 2026-07-01 11:03 IST)",
    "geocode_confidence": "approximate",
    "notes": "Geocoding (Nominatim/Photon) failed or was rate-limited for this address; placed at the centroid of DUSIB's stated district 'North East' as a fallback. Location is only accurate to district scale, not the actual site."
   }
  },
  {
   "type": "Feature",
   "geometry": {
    "type": "Point",
    "coordinates": [
     77.312567,
     28.612939
    ]
   },
   "properties": {
    "name": "Chand Cinema Kalyanvas",
    "zone": "East",
    "ward": "Kalyan Puri",
    "capacity": 20,
    "sanctioned_capacity": 50,
    "shelter_type": "porta-cabin",
    "seasonal": false,
    "day_service": false,
    "purpose": "General",
    "operating_agency": "Maa Astha Samajik Vikas Sewa Sansthan",
    "ns_code": "204",
    "area_sqft": "800",
    "division": "C09",
    "cluster": "Cluster-12",
    "source": "https://delhishelterboard.in/occupancy-report/index-ag2.php (DUSIB 'District wise Night Shelters List', live occupancy report, fetched 2026-07-01 11:03 IST)",
    "geocode_confidence": "good",
    "notes": "Geocode hit falls within stated DUSIB district 'East' polygon. Point-in-polygon matched to pre-2022 ward layer: 'Kalyan Puri' (ward vintage is pre-2022 interim charges, not the 2022 unified-MCD 250-ward set)."
   }
  },
  {
   "type": "Feature",
   "geometry": {
    "type": "Point",
    "coordinates": [
     77.298735,
     28.677133
    ]
   },
   "properties": {
    "name": "Near DLF corner road no - 70 new seemapuri",
    "zone": "Shahdara",
    "ward": null,
    "capacity": 20,
    "sanctioned_capacity": 50,
    "shelter_type": "porta-cabin",
    "seasonal": false,
    "day_service": false,
    "purpose": "General",
    "operating_agency": "Rachna Womens Development Association",
    "ns_code": "205",
    "area_sqft": "775.03",
    "division": "C08",
    "cluster": "Cluster-10",
    "source": "https://delhishelterboard.in/occupancy-report/index-ag2.php (DUSIB 'District wise Night Shelters List', live occupancy report, fetched 2026-07-01 11:03 IST)",
    "geocode_confidence": "approximate",
    "notes": "Geocoding (Nominatim/Photon) failed or was rate-limited for this address; placed at the centroid of DUSIB's stated district 'Shahdara' as a fallback. Location is only accurate to district scale, not the actual site."
   }
  },
  {
   "type": "Feature",
   "geometry": {
    "type": "Point",
    "coordinates": [
     77.102542,
     28.703724
    ]
   },
   "properties": {
    "name": "Kali Mandir, Sec-3, Rohini",
    "zone": "North West",
    "ward": "Rohini South",
    "capacity": 20,
    "sanctioned_capacity": 50,
    "shelter_type": "porta-cabin",
    "seasonal": false,
    "day_service": false,
    "purpose": "Women",
    "operating_agency": "Maa Astha Samajik Vikas Sewa Sansthan",
    "ns_code": "206",
    "area_sqft": "796.24",
    "division": "C03",
    "cluster": "Cluster-16",
    "source": "https://delhishelterboard.in/occupancy-report/index-ag2.php (DUSIB 'District wise Night Shelters List', live occupancy report, fetched 2026-07-01 11:03 IST)",
    "geocode_confidence": "good",
    "notes": "Geocode hit falls within stated DUSIB district 'North West' polygon. Point-in-polygon matched to pre-2022 ward layer: 'Rohini South' (ward vintage is pre-2022 interim charges, not the 2022 unified-MCD 250-ward set)."
   }
  },
  {
   "type": "Feature",
   "geometry": {
    "type": "Point",
    "coordinates": [
     77.217156,
     28.642342
    ]
   },
   "properties": {
    "name": "At New Delhi Railway Station near LNJP.",
    "zone": "Central",
    "ward": "Pahar Ganj",
    "capacity": 20,
    "sanctioned_capacity": 50,
    "shelter_type": "porta-cabin",
    "seasonal": false,
    "day_service": false,
    "purpose": "General",
    "operating_agency": "Sofia Educational and Welfare Society",
    "ns_code": "207",
    "area_sqft": "800",
    "division": "C07",
    "cluster": "Cluster-1",
    "source": "https://delhishelterboard.in/occupancy-report/index-ag2.php (DUSIB 'District wise Night Shelters List', live occupancy report, fetched 2026-07-01 11:03 IST)",
    "geocode_confidence": "good",
    "notes": "Geocode hit falls within stated DUSIB district 'Central' polygon. Point-in-polygon matched to pre-2022 ward layer: 'Pahar Ganj' (ward vintage is pre-2022 interim charges, not the 2022 unified-MCD 250-ward set)."
   }
  },
  {
   "type": "Feature",
   "geometry": {
    "type": "Point",
    "coordinates": [
     77.232961,
     28.650682
    ]
   },
   "properties": {
    "name": "Jama Masjid-5",
    "zone": "Central",
    "ward": "Jama Masjid",
    "capacity": 20,
    "sanctioned_capacity": 50,
    "shelter_type": "porta-cabin",
    "seasonal": false,
    "day_service": false,
    "purpose": "Families",
    "operating_agency": "Sofia Educational and Welfare Society",
    "ns_code": "209",
    "area_sqft": "815.49",
    "division": "C07",
    "cluster": "Cluster-2",
    "source": "https://delhishelterboard.in/occupancy-report/index-ag2.php (DUSIB 'District wise Night Shelters List', live occupancy report, fetched 2026-07-01 11:03 IST)",
    "geocode_confidence": "good",
    "notes": "Geocode hit falls within stated DUSIB district 'Central' polygon. Point-in-polygon matched to pre-2022 ward layer: 'Jama Masjid' (ward vintage is pre-2022 interim charges, not the 2022 unified-MCD 250-ward set)."
   }
  },
  {
   "type": "Feature",
   "geometry": {
    "type": "Point",
    "coordinates": [
     77.221605,
     28.66608
    ]
   },
   "properties": {
    "name": "Mori Gate Terminal - 2",
    "zone": "Central",
    "ward": "Kashmere Gate",
    "capacity": 20,
    "sanctioned_capacity": 50,
    "shelter_type": "porta-cabin",
    "seasonal": false,
    "day_service": false,
    "purpose": "General",
    "operating_agency": "Jyoti Samajik Sewa Sanstha",
    "ns_code": "210",
    "area_sqft": "816",
    "division": "C07",
    "cluster": "Cluster-5",
    "source": "https://delhishelterboard.in/occupancy-report/index-ag2.php (DUSIB 'District wise Night Shelters List', live occupancy report, fetched 2026-07-01 11:03 IST)",
    "geocode_confidence": "good",
    "notes": "Geocode hit falls within stated DUSIB district 'Central' polygon. Point-in-polygon matched to pre-2022 ward layer: 'Kashmere Gate' (ward vintage is pre-2022 interim charges, not the 2022 unified-MCD 250-ward set)."
   }
  },
  {
   "type": "Feature",
   "geometry": {
    "type": "Point",
    "coordinates": [
     77.224197,
     28.681568
    ]
   },
   "properties": {
    "name": "Porta Cabin Idgah Telephone Exchange",
    "zone": "Central",
    "ward": null,
    "capacity": 20,
    "sanctioned_capacity": 50,
    "shelter_type": "porta-cabin",
    "seasonal": false,
    "day_service": false,
    "purpose": "General",
    "operating_agency": "Sadik Masih Medical Social Servant Society",
    "ns_code": "211",
    "area_sqft": "807",
    "division": "C10",
    "cluster": "Cluster-3",
    "source": "https://delhishelterboard.in/occupancy-report/index-ag2.php (DUSIB 'District wise Night Shelters List', live occupancy report, fetched 2026-07-01 11:03 IST)",
    "geocode_confidence": "approximate",
    "notes": "Geocoding (Nominatim/Photon) failed or was rate-limited for this address; placed at the centroid of DUSIB's stated district 'Central' as a fallback. Location is only accurate to district scale, not the actual site."
   }
  },
  {
   "type": "Feature",
   "geometry": {
    "type": "Point",
    "coordinates": [
     77.16724,
     28.719342
    ]
   },
   "properties": {
    "name": "Near MAX Hospital Badli Mor",
    "zone": "North",
    "ward": "Sarai Pipal Thala",
    "capacity": 20,
    "sanctioned_capacity": 50,
    "shelter_type": "porta-cabin",
    "seasonal": false,
    "day_service": false,
    "purpose": "General",
    "operating_agency": "Maa Astha Samajik Vikas Sewa Sansthan",
    "ns_code": "212",
    "area_sqft": "800",
    "division": "C11",
    "cluster": "Cluster-16",
    "source": "https://delhishelterboard.in/occupancy-report/index-ag2.php (DUSIB 'District wise Night Shelters List', live occupancy report, fetched 2026-07-01 11:03 IST)",
    "geocode_confidence": "good",
    "notes": "Geocode hit falls within stated DUSIB district 'North' polygon. Point-in-polygon matched to pre-2022 ward layer: 'Sarai Pipal Thala' (ward vintage is pre-2022 interim charges, not the 2022 unified-MCD 250-ward set)."
   }
  },
  {
   "type": "Feature",
   "geometry": {
    "type": "Point",
    "coordinates": [
     77.272958,
     28.542203
    ]
   },
   "properties": {
    "name": "Badarpur Border Near Toll Plaza",
    "zone": "South East",
    "ward": null,
    "capacity": 20,
    "sanctioned_capacity": 50,
    "shelter_type": "porta-cabin",
    "seasonal": false,
    "day_service": false,
    "purpose": "General",
    "operating_agency": "SPYM",
    "ns_code": "213",
    "area_sqft": "796.24",
    "division": "C06",
    "cluster": "Cluster-14",
    "source": "https://delhishelterboard.in/occupancy-report/index-ag2.php (DUSIB 'District wise Night Shelters List', live occupancy report, fetched 2026-07-01 11:03 IST)",
    "geocode_confidence": "approximate",
    "notes": "Geocoding (Nominatim/Photon) failed or was rate-limited for this address; placed at the centroid of DUSIB's stated district 'South East' as a fallback. Location is only accurate to district scale, not the actual site."
   }
  },
  {
   "type": "Feature",
   "geometry": {
    "type": "Point",
    "coordinates": [
     77.3155,
     28.648851
    ]
   },
   "properties": {
    "name": "Anand Vihar -1 (Male)",
    "zone": "Shahdara",
    "ward": "I.P Extention",
    "capacity": 20,
    "sanctioned_capacity": 50,
    "shelter_type": "porta-cabin",
    "seasonal": false,
    "day_service": false,
    "purpose": "General",
    "operating_agency": "Rachna Womens Development Association",
    "ns_code": "214",
    "area_sqft": "800",
    "division": "C09",
    "cluster": "Cluster-11",
    "source": "https://delhishelterboard.in/occupancy-report/index-ag2.php (DUSIB 'District wise Night Shelters List', live occupancy report, fetched 2026-07-01 11:03 IST)",
    "geocode_confidence": "good",
    "notes": "Geocode hit falls within stated DUSIB district 'Shahdara' polygon. Point-in-polygon matched to pre-2022 ward layer: 'I.P Extention' (ward vintage is pre-2022 interim charges, not the 2022 unified-MCD 250-ward set)."
   }
  },
  {
   "type": "Feature",
   "geometry": {
    "type": "Point",
    "coordinates": [
     77.239381,
     28.662005
    ]
   },
   "properties": {
    "name": "Yamuna Bajar Near Hanuman Mandir",
    "zone": "Central",
    "ward": "Kashmere Gate",
    "capacity": 20,
    "sanctioned_capacity": 50,
    "shelter_type": "porta-cabin",
    "seasonal": false,
    "day_service": false,
    "purpose": "General",
    "operating_agency": "Sadik Masih Medical Social Servant Society",
    "ns_code": "215",
    "area_sqft": "800",
    "division": "C07",
    "cluster": "Cluster-9",
    "source": "https://delhishelterboard.in/occupancy-report/index-ag2.php (DUSIB 'District wise Night Shelters List', live occupancy report, fetched 2026-07-01 11:03 IST)",
    "geocode_confidence": "good",
    "notes": "Geocode hit falls within stated DUSIB district 'Central' polygon. Point-in-polygon matched to pre-2022 ward layer: 'Kashmere Gate' (ward vintage is pre-2022 interim charges, not the 2022 unified-MCD 250-ward set)."
   }
  },
  {
   "type": "Feature",
   "geometry": {
    "type": "Point",
    "coordinates": [
     77.242097,
     28.63436
    ]
   },
   "properties": {
    "name": "Dandi Park - I",
    "zone": "Central",
    "ward": "Daryaganj",
    "capacity": 20,
    "sanctioned_capacity": 50,
    "shelter_type": "porta-cabin",
    "seasonal": false,
    "day_service": false,
    "purpose": "General",
    "operating_agency": "Sadik Masih Medical Social Servant Society",
    "ns_code": "216",
    "area_sqft": "815.49",
    "division": "C07",
    "cluster": "Cluster-9",
    "source": "https://delhishelterboard.in/occupancy-report/index-ag2.php (DUSIB 'District wise Night Shelters List', live occupancy report, fetched 2026-07-01 11:03 IST)",
    "geocode_confidence": "good",
    "notes": "Geocode hit falls within stated DUSIB district 'Central' polygon. Point-in-polygon matched to pre-2022 ward layer: 'Daryaganj' (ward vintage is pre-2022 interim charges, not the 2022 unified-MCD 250-ward set)."
   }
  },
  {
   "type": "Feature",
   "geometry": {
    "type": "Point",
    "coordinates": [
     77.08958,
     28.576996
    ]
   },
   "properties": {
    "name": "Dandi Park - II",
    "zone": "Central",
    "ward": null,
    "capacity": 20,
    "sanctioned_capacity": 50,
    "shelter_type": "porta-cabin",
    "seasonal": false,
    "day_service": false,
    "purpose": "General",
    "operating_agency": "Sadik Masih Medical Social Servant Society",
    "ns_code": "217",
    "area_sqft": "775",
    "division": "C07",
    "cluster": "Cluster-9",
    "source": "https://delhishelterboard.in/occupancy-report/index-ag2.php (DUSIB 'District wise Night Shelters List', live occupancy report, fetched 2026-07-01 11:03 IST)",
    "geocode_confidence": "approximate",
    "notes": "Geocode hit falls outside the stated district 'Central' polygon (~11.3 km away); geocoder likely matched a same-named or similarly-described locality elsewhere in Delhi. Coordinates kept but flagged approximate."
   }
  },
  {
   "type": "Feature",
   "geometry": {
    "type": "Point",
    "coordinates": [
     77.272958,
     28.542203
    ]
   },
   "properties": {
    "name": "Near Sai Baba Mandir Lodhi road",
    "zone": "South East",
    "ward": null,
    "capacity": 20,
    "sanctioned_capacity": 50,
    "shelter_type": "porta-cabin",
    "seasonal": false,
    "day_service": false,
    "purpose": "Families",
    "operating_agency": "SPYM",
    "ns_code": "218",
    "area_sqft": "800",
    "division": "C05",
    "cluster": "Cluster-13",
    "source": "https://delhishelterboard.in/occupancy-report/index-ag2.php (DUSIB 'District wise Night Shelters List', live occupancy report, fetched 2026-07-01 11:03 IST)",
    "geocode_confidence": "approximate",
    "notes": "Geocoding (Nominatim/Photon) failed or was rate-limited for this address; placed at the centroid of DUSIB's stated district 'South East' as a fallback. Location is only accurate to district scale, not the actual site."
   }
  },
  {
   "type": "Feature",
   "geometry": {
    "type": "Point",
    "coordinates": [
     77.148609,
     28.577165
    ]
   },
   "properties": {
    "name": "Munirka near Masjid Sec.- 4, R. K. Puram (Men)",
    "zone": "New Delhi",
    "ward": null,
    "capacity": 20,
    "sanctioned_capacity": 50,
    "shelter_type": "porta-cabin",
    "seasonal": false,
    "day_service": false,
    "purpose": "General",
    "operating_agency": "SPYM",
    "ns_code": "220",
    "area_sqft": "775",
    "division": "C05",
    "cluster": "Cluster-14",
    "source": "https://delhishelterboard.in/occupancy-report/index-ag2.php (DUSIB 'District wise Night Shelters List', live occupancy report, fetched 2026-07-01 11:03 IST)",
    "geocode_confidence": "approximate",
    "notes": "Geocoding (Nominatim/Photon) failed or was rate-limited for this address; placed at the centroid of DUSIB's stated district 'New Delhi' as a fallback. Location is only accurate to district scale, not the actual site."
   }
  },
  {
   "type": "Feature",
   "geometry": {
    "type": "Point",
    "coordinates": [
     76.982624,
     28.610546
    ]
   },
   "properties": {
    "name": "At Ram Lila Ground ( Himmat Garh).",
    "zone": "Central",
    "ward": null,
    "capacity": 20,
    "sanctioned_capacity": 50,
    "shelter_type": "porta-cabin",
    "seasonal": false,
    "day_service": false,
    "purpose": "General",
    "operating_agency": "Sofia Educational and Welfare Society",
    "ns_code": "221",
    "area_sqft": "775",
    "division": "C07",
    "cluster": "Cluster-1",
    "source": "https://delhishelterboard.in/occupancy-report/index-ag2.php (DUSIB 'District wise Night Shelters List', live occupancy report, fetched 2026-07-01 11:03 IST)",
    "geocode_confidence": "approximate",
    "notes": "Geocode hit falls outside the stated district 'Central' polygon (~21.2 km away); geocoder likely matched a same-named or similarly-described locality elsewhere in Delhi. Coordinates kept but flagged approximate."
   }
  },
  {
   "type": "Feature",
   "geometry": {
    "type": "Point",
    "coordinates": [
     77.063957,
     28.655447
    ]
   },
   "properties": {
    "name": "Sabzi Mandi Tilak Nagar TNS-3",
    "zone": "West",
    "ward": null,
    "capacity": 20,
    "sanctioned_capacity": 50,
    "shelter_type": "porta-cabin",
    "seasonal": false,
    "day_service": false,
    "purpose": "General",
    "operating_agency": "Safe Approach for Nascent Termination of Social Hazard",
    "ns_code": "222",
    "area_sqft": "800.76",
    "division": "C01",
    "cluster": "Cluster-7",
    "source": "https://delhishelterboard.in/occupancy-report/index-ag2.php (DUSIB 'District wise Night Shelters List', live occupancy report, fetched 2026-07-01 11:03 IST)",
    "geocode_confidence": "approximate",
    "notes": "Geocoding (Nominatim/Photon) failed or was rate-limited for this address; placed at the centroid of DUSIB's stated district 'West' as a fallback. Location is only accurate to district scale, not the actual site."
   }
  },
  {
   "type": "Feature",
   "geometry": {
    "type": "Point",
    "coordinates": [
     77.13225,
     28.703268
    ]
   },
   "properties": {
    "name": "Near Britainia Chowk",
    "zone": "North West",
    "ward": "Pitampura South",
    "capacity": 20,
    "sanctioned_capacity": 50,
    "shelter_type": "porta-cabin",
    "seasonal": false,
    "day_service": false,
    "purpose": "General",
    "operating_agency": "Safe Approach for Nascent Termination of Social Hazard",
    "ns_code": "223",
    "area_sqft": "800",
    "division": "C02",
    "cluster": "Cluster-7",
    "source": "https://delhishelterboard.in/occupancy-report/index-ag2.php (DUSIB 'District wise Night Shelters List', live occupancy report, fetched 2026-07-01 11:03 IST)",
    "geocode_confidence": "good",
    "notes": "Geocode hit falls within stated DUSIB district 'North West' polygon. Point-in-polygon matched to pre-2022 ward layer: 'Pitampura South' (ward vintage is pre-2022 interim charges, not the 2022 unified-MCD 250-ward set)."
   }
  },
  {
   "type": "Feature",
   "geometry": {
    "type": "Point",
    "coordinates": [
     77.065701,
     28.619713
    ]
   },
   "properties": {
    "name": "Uttam Nagar East",
    "zone": "South West",
    "ward": "Bindapur",
    "capacity": 20,
    "sanctioned_capacity": 50,
    "shelter_type": "porta-cabin",
    "seasonal": false,
    "day_service": false,
    "purpose": "General",
    "operating_agency": "Safe Approach for Nascent Termination of Social Hazard",
    "ns_code": "224",
    "area_sqft": "800.76",
    "division": "C01",
    "cluster": "Cluster-6",
    "source": "https://delhishelterboard.in/occupancy-report/index-ag2.php (DUSIB 'District wise Night Shelters List', live occupancy report, fetched 2026-07-01 11:03 IST)",
    "geocode_confidence": "good",
    "notes": "Geocode hit falls within stated DUSIB district 'South West' polygon. Point-in-polygon matched to pre-2022 ward layer: 'Bindapur' (ward vintage is pre-2022 interim charges, not the 2022 unified-MCD 250-ward set)."
   }
  },
  {
   "type": "Feature",
   "geometry": {
    "type": "Point",
    "coordinates": [
     77.256523,
     28.722723
    ]
   },
   "properties": {
    "name": "Pusta Ushmanpur opp. Jag Pravesh Hospital",
    "zone": "North East",
    "ward": null,
    "capacity": 20,
    "sanctioned_capacity": 50,
    "shelter_type": "porta-cabin",
    "seasonal": false,
    "day_service": false,
    "purpose": "General",
    "operating_agency": "Rachna Womens Development Association",
    "ns_code": "225",
    "area_sqft": "775.03",
    "division": "C08",
    "cluster": "Cluster-11",
    "source": "https://delhishelterboard.in/occupancy-report/index-ag2.php (DUSIB 'District wise Night Shelters List', live occupancy report, fetched 2026-07-01 11:03 IST)",
    "geocode_confidence": "approximate",
    "notes": "Geocoding (Nominatim/Photon) failed or was rate-limited for this address; placed at the centroid of DUSIB's stated district 'North East' as a fallback. Location is only accurate to district scale, not the actual site."
   }
  },
  {
   "type": "Feature",
   "geometry": {
    "type": "Point",
    "coordinates": [
     77.13225,
     28.703268
    ]
   },
   "properties": {
    "name": "Near Britainia Chowk",
    "zone": "North West",
    "ward": "Pitampura South",
    "capacity": 28,
    "sanctioned_capacity": 70,
    "shelter_type": "porta-cabin",
    "seasonal": false,
    "day_service": false,
    "purpose": "Families",
    "operating_agency": "Safe Approach for Nascent Termination of Social Hazard",
    "ns_code": "226",
    "area_sqft": "800",
    "division": "C02",
    "cluster": "Cluster-7",
    "source": "https://delhishelterboard.in/occupancy-report/index-ag2.php (DUSIB 'District wise Night Shelters List', live occupancy report, fetched 2026-07-01 11:03 IST)",
    "geocode_confidence": "good",
    "notes": "Geocode hit falls within stated DUSIB district 'North West' polygon. Point-in-polygon matched to pre-2022 ward layer: 'Pitampura South' (ward vintage is pre-2022 interim charges, not the 2022 unified-MCD 250-ward set)."
   }
  },
  {
   "type": "Feature",
   "geometry": {
    "type": "Point",
    "coordinates": [
     77.22878,
     28.643685
    ]
   },
   "properties": {
    "name": "Behind Hanuman Mandir",
    "zone": "Central",
    "ward": "Minto Road",
    "capacity": 20,
    "sanctioned_capacity": 50,
    "shelter_type": "porta-cabin",
    "seasonal": false,
    "day_service": false,
    "purpose": "General",
    "operating_agency": "Sadik Masih Medical Social Servant Society",
    "ns_code": "228",
    "area_sqft": "800",
    "division": "C07",
    "cluster": "Cluster-9",
    "source": "https://delhishelterboard.in/occupancy-report/index-ag2.php (DUSIB 'District wise Night Shelters List', live occupancy report, fetched 2026-07-01 11:03 IST)",
    "geocode_confidence": "good",
    "notes": "Geocode hit falls within stated DUSIB district 'Central' polygon. Point-in-polygon matched to pre-2022 ward layer: 'Minto Road' (ward vintage is pre-2022 interim charges, not the 2022 unified-MCD 250-ward set)."
   }
  },
  {
   "type": "Feature",
   "geometry": {
    "type": "Point",
    "coordinates": [
     77.0575,
     28.581058
    ]
   },
   "properties": {
    "name": "Sector-10, Dwarka",
    "zone": "South West",
    "ward": "Matiala",
    "capacity": 20,
    "sanctioned_capacity": 50,
    "shelter_type": "porta-cabin",
    "seasonal": false,
    "day_service": false,
    "purpose": "General",
    "operating_agency": "Safe Approach for Nascent Termination of Social Hazard",
    "ns_code": "229",
    "area_sqft": "800.76",
    "division": "C01",
    "cluster": "Cluster-6",
    "source": "https://delhishelterboard.in/occupancy-report/index-ag2.php (DUSIB 'District wise Night Shelters List', live occupancy report, fetched 2026-07-01 11:03 IST)",
    "geocode_confidence": "good",
    "notes": "Geocode hit falls within stated DUSIB district 'South West' polygon. Point-in-polygon matched to pre-2022 ward layer: 'Matiala' (ward vintage is pre-2022 interim charges, not the 2022 unified-MCD 250-ward set)."
   }
  },
  {
   "type": "Feature",
   "geometry": {
    "type": "Point",
    "coordinates": [
     77.075484,
     28.62888
    ]
   },
   "properties": {
    "name": "Dhouli Piao, Vikaspuri",
    "zone": "South West",
    "ward": "Mahavir Nagar",
    "capacity": 20,
    "sanctioned_capacity": 50,
    "shelter_type": "porta-cabin",
    "seasonal": false,
    "day_service": false,
    "purpose": "General",
    "operating_agency": "Safe Approach for Nascent Termination of Social Hazard",
    "ns_code": "230",
    "area_sqft": "800.76",
    "division": "C01",
    "cluster": "Cluster-6",
    "source": "https://delhishelterboard.in/occupancy-report/index-ag2.php (DUSIB 'District wise Night Shelters List', live occupancy report, fetched 2026-07-01 11:03 IST)",
    "geocode_confidence": "good",
    "notes": "Geocode hit is near (<~3km) the stated district 'South West' polygon boundary. Point-in-polygon matched to pre-2022 ward layer: 'Mahavir Nagar' (ward vintage is pre-2022 interim charges, not the 2022 unified-MCD 250-ward set)."
   }
  },
  {
   "type": "Feature",
   "geometry": {
    "type": "Point",
    "coordinates": [
     77.208875,
     28.626481
    ]
   },
   "properties": {
    "name": "Bangla Sahib Gurudwara Site-5",
    "zone": "New Delhi",
    "ward": "Ndmc Charge 4",
    "capacity": 20,
    "sanctioned_capacity": 50,
    "shelter_type": "porta-cabin",
    "seasonal": false,
    "day_service": false,
    "purpose": "Families",
    "operating_agency": "SPYM",
    "ns_code": "233",
    "area_sqft": "801",
    "division": "C05",
    "cluster": "Cluster-13",
    "source": "https://delhishelterboard.in/occupancy-report/index-ag2.php (DUSIB 'District wise Night Shelters List', live occupancy report, fetched 2026-07-01 11:03 IST)",
    "geocode_confidence": "good",
    "notes": "Geocode hit falls within stated DUSIB district 'New Delhi' polygon. Point-in-polygon matched to pre-2022 ward layer: 'Ndmc Charge 4' (ward vintage is pre-2022 interim charges, not the 2022 unified-MCD 250-ward set)."
   }
  },
  {
   "type": "Feature",
   "geometry": {
    "type": "Point",
    "coordinates": [
     77.208875,
     28.626481
    ]
   },
   "properties": {
    "name": "Bangla Sahib Gurudwara Site-6",
    "zone": "New Delhi",
    "ward": "Ndmc Charge 4",
    "capacity": 20,
    "sanctioned_capacity": 50,
    "shelter_type": "porta-cabin",
    "seasonal": false,
    "day_service": false,
    "purpose": "Women",
    "operating_agency": "SPYM",
    "ns_code": "234",
    "area_sqft": "801",
    "division": "C05",
    "cluster": "Cluster-13",
    "source": "https://delhishelterboard.in/occupancy-report/index-ag2.php (DUSIB 'District wise Night Shelters List', live occupancy report, fetched 2026-07-01 11:03 IST)",
    "geocode_confidence": "good",
    "notes": "Geocode hit falls within stated DUSIB district 'New Delhi' polygon. Point-in-polygon matched to pre-2022 ward layer: 'Ndmc Charge 4' (ward vintage is pre-2022 interim charges, not the 2022 unified-MCD 250-ward set)."
   }
  },
  {
   "type": "Feature",
   "geometry": {
    "type": "Point",
    "coordinates": [
     77.272958,
     28.542203
    ]
   },
   "properties": {
    "name": "Sarai Kale Khan Near Bus Terminal Pota Cabin No. 2 (Parking Side)",
    "zone": "South East",
    "ward": null,
    "capacity": 72,
    "sanctioned_capacity": 180,
    "shelter_type": "porta-cabin",
    "seasonal": false,
    "day_service": false,
    "purpose": "Families",
    "operating_agency": "SPYM",
    "ns_code": "236",
    "area_sqft": "2690",
    "division": "C05",
    "cluster": "Cluster-15",
    "source": "https://delhishelterboard.in/occupancy-report/index-ag2.php (DUSIB 'District wise Night Shelters List', live occupancy report, fetched 2026-07-01 11:03 IST)",
    "geocode_confidence": "approximate",
    "notes": "Geocoding (Nominatim/Photon) failed or was rate-limited for this address; placed at the centroid of DUSIB's stated district 'South East' as a fallback. Location is only accurate to district scale, not the actual site."
   }
  },
  {
   "type": "Feature",
   "geometry": {
    "type": "Point",
    "coordinates": [
     77.190689,
     28.481449
    ]
   },
   "properties": {
    "name": "Leprosy colony Siriniwaspuri (3 Nos Cabins)",
    "zone": "South",
    "ward": null,
    "capacity": 20,
    "sanctioned_capacity": 50,
    "shelter_type": "porta-cabin",
    "seasonal": false,
    "day_service": false,
    "purpose": "General",
    "operating_agency": "Janpahal",
    "ns_code": "237",
    "area_sqft": "807",
    "division": "C06",
    "cluster": "Cluster-15",
    "source": "https://delhishelterboard.in/occupancy-report/index-ag2.php (DUSIB 'District wise Night Shelters List', live occupancy report, fetched 2026-07-01 11:03 IST)",
    "geocode_confidence": "approximate",
    "notes": "Geocoding (Nominatim/Photon) failed or was rate-limited for this address; placed at the centroid of DUSIB's stated district 'South' as a fallback. Location is only accurate to district scale, not the actual site."
   }
  },
  {
   "type": "Feature",
   "geometry": {
    "type": "Point",
    "coordinates": [
     77.17908,
     28.503444
    ]
   },
   "properties": {
    "name": "Opp. Chattarpur Mandir (4 Nos Cabins)",
    "zone": "South",
    "ward": "Chhatarpur",
    "capacity": 20,
    "sanctioned_capacity": 50,
    "shelter_type": "porta-cabin",
    "seasonal": false,
    "day_service": false,
    "purpose": "General",
    "operating_agency": "Janpahal",
    "ns_code": "238",
    "area_sqft": "1076",
    "division": "C06",
    "cluster": "Cluster-15",
    "source": "https://delhishelterboard.in/occupancy-report/index-ag2.php (DUSIB 'District wise Night Shelters List', live occupancy report, fetched 2026-07-01 11:03 IST)",
    "geocode_confidence": "good",
    "notes": "Geocode hit falls within stated DUSIB district 'South' polygon. Point-in-polygon matched to pre-2022 ward layer: 'Chhatarpur' (ward vintage is pre-2022 interim charges, not the 2022 unified-MCD 250-ward set)."
   }
  },
  {
   "type": "Feature",
   "geometry": {
    "type": "Point",
    "coordinates": [
     77.224197,
     28.681568
    ]
   },
   "properties": {
    "name": "Dandi Park - III Near Pusta",
    "zone": "Central",
    "ward": null,
    "capacity": 89,
    "sanctioned_capacity": 160,
    "shelter_type": "porta-cabin",
    "seasonal": false,
    "day_service": false,
    "purpose": "General",
    "operating_agency": "Sadik Masih Medical Social Servant Society",
    "ns_code": "240",
    "area_sqft": "2400",
    "division": "C07",
    "cluster": "Cluster-9",
    "source": "https://delhishelterboard.in/occupancy-report/index-ag2.php (DUSIB 'District wise Night Shelters List', live occupancy report, fetched 2026-07-01 11:03 IST)",
    "geocode_confidence": "approximate",
    "notes": "Geocoding (Nominatim/Photon) failed or was rate-limited for this address; placed at the centroid of DUSIB's stated district 'Central' as a fallback. Location is only accurate to district scale, not the actual site."
   }
  },
  {
   "type": "Feature",
   "geometry": {
    "type": "Point",
    "coordinates": [
     77.224197,
     28.681568
    ]
   },
   "properties": {
    "name": "Dandi Park - IV Near Pusta",
    "zone": "Central",
    "ward": null,
    "capacity": 101,
    "sanctioned_capacity": 190,
    "shelter_type": "porta-cabin",
    "seasonal": false,
    "day_service": false,
    "purpose": "General",
    "operating_agency": "Sadik Masih Medical Social Servant Society",
    "ns_code": "241",
    "area_sqft": "2400",
    "division": "C07",
    "cluster": "Cluster-9",
    "source": "https://delhishelterboard.in/occupancy-report/index-ag2.php (DUSIB 'District wise Night Shelters List', live occupancy report, fetched 2026-07-01 11:03 IST)",
    "geocode_confidence": "approximate",
    "notes": "Geocoding (Nominatim/Photon) failed or was rate-limited for this address; placed at the centroid of DUSIB's stated district 'Central' as a fallback. Location is only accurate to district scale, not the actual site."
   }
  },
  {
   "type": "Feature",
   "geometry": {
    "type": "Point",
    "coordinates": [
     77.319321,
     28.651112
    ]
   },
   "properties": {
    "name": "Anand Vihar -2 (Female)",
    "zone": "Shahdara",
    "ward": "I.P Extention",
    "capacity": 20,
    "sanctioned_capacity": 50,
    "shelter_type": "porta-cabin",
    "seasonal": false,
    "day_service": false,
    "purpose": "Women",
    "operating_agency": "Rachna Womens Development Association",
    "ns_code": "242",
    "area_sqft": "800",
    "division": "C09",
    "cluster": "Cluster-11",
    "source": "https://delhishelterboard.in/occupancy-report/index-ag2.php (DUSIB 'District wise Night Shelters List', live occupancy report, fetched 2026-07-01 11:03 IST)",
    "geocode_confidence": "good",
    "notes": "Geocode hit falls within stated DUSIB district 'Shahdara' polygon. Point-in-polygon matched to pre-2022 ward layer: 'I.P Extention' (ward vintage is pre-2022 interim charges, not the 2022 unified-MCD 250-ward set)."
   }
  },
  {
   "type": "Feature",
   "geometry": {
    "type": "Point",
    "coordinates": [
     77.224197,
     28.681568
    ]
   },
   "properties": {
    "name": "Geeta Ghat-1 Yamuna Bank Near Monestory Ring Road",
    "zone": "Central",
    "ward": null,
    "capacity": 84,
    "sanctioned_capacity": 210,
    "shelter_type": "porta-cabin",
    "seasonal": false,
    "day_service": false,
    "purpose": "Recovery Shelter",
    "operating_agency": "Sofia Educational and Welfare Society",
    "ns_code": "243",
    "area_sqft": "3300",
    "division": "C07",
    "cluster": "Others",
    "source": "https://delhishelterboard.in/occupancy-report/index-ag2.php (DUSIB 'District wise Night Shelters List', live occupancy report, fetched 2026-07-01 11:03 IST)",
    "geocode_confidence": "approximate",
    "notes": "Geocoding (Nominatim/Photon) failed or was rate-limited for this address; placed at the centroid of DUSIB's stated district 'Central' as a fallback. Location is only accurate to district scale, not the actual site."
   }
  },
  {
   "type": "Feature",
   "geometry": {
    "type": "Point",
    "coordinates": [
     77.224197,
     28.681568
    ]
   },
   "properties": {
    "name": "Geeta Ghat-2 Yamuna Bank Near Monestory Ring Road",
    "zone": "Central",
    "ward": null,
    "capacity": 84,
    "sanctioned_capacity": 210,
    "shelter_type": "porta-cabin",
    "seasonal": false,
    "day_service": false,
    "purpose": "General",
    "operating_agency": "Sofia Educational and Welfare Society",
    "ns_code": "244",
    "area_sqft": "3300",
    "division": "C07",
    "cluster": "Others",
    "source": "https://delhishelterboard.in/occupancy-report/index-ag2.php (DUSIB 'District wise Night Shelters List', live occupancy report, fetched 2026-07-01 11:03 IST)",
    "geocode_confidence": "approximate",
    "notes": "Geocoding (Nominatim/Photon) failed or was rate-limited for this address; placed at the centroid of DUSIB's stated district 'Central' as a fallback. Location is only accurate to district scale, not the actual site."
   }
  },
  {
   "type": "Feature",
   "geometry": {
    "type": "Point",
    "coordinates": [
     77.171084,
     28.554886
    ]
   },
   "properties": {
    "name": "Munirka (Family)",
    "zone": "New Delhi",
    "ward": "Munirka",
    "capacity": 20,
    "sanctioned_capacity": 50,
    "shelter_type": "porta-cabin",
    "seasonal": false,
    "day_service": false,
    "purpose": "Families",
    "operating_agency": "SPYM",
    "ns_code": "245",
    "area_sqft": "914.6",
    "division": "C05",
    "cluster": "Cluster-14",
    "source": "https://delhishelterboard.in/occupancy-report/index-ag2.php (DUSIB 'District wise Night Shelters List', live occupancy report, fetched 2026-07-01 11:03 IST)",
    "geocode_confidence": "good",
    "notes": "Geocode hit falls within stated DUSIB district 'New Delhi' polygon. Point-in-polygon matched to pre-2022 ward layer: 'Munirka' (ward vintage is pre-2022 interim charges, not the 2022 unified-MCD 250-ward set)."
   }
  },
  {
   "type": "Feature",
   "geometry": {
    "type": "Point",
    "coordinates": [
     77.283255,
     28.53816
    ]
   },
   "properties": {
    "name": "Jasola Opposite Church",
    "zone": "South East",
    "ward": "Sarita Vihar",
    "capacity": 20,
    "sanctioned_capacity": 50,
    "shelter_type": "porta-cabin",
    "seasonal": false,
    "day_service": false,
    "purpose": "General",
    "operating_agency": "SPYM",
    "ns_code": "246",
    "area_sqft": "914.6",
    "division": "C05",
    "cluster": "Cluster-14",
    "source": "https://delhishelterboard.in/occupancy-report/index-ag2.php (DUSIB 'District wise Night Shelters List', live occupancy report, fetched 2026-07-01 11:03 IST)",
    "geocode_confidence": "good",
    "notes": "Geocode hit falls within stated DUSIB district 'South East' polygon. Point-in-polygon matched to pre-2022 ward layer: 'Sarita Vihar' (ward vintage is pre-2022 interim charges, not the 2022 unified-MCD 250-ward set)."
   }
  },
  {
   "type": "Feature",
   "geometry": {
    "type": "Point",
    "coordinates": [
     77.063957,
     28.655447
    ]
   },
   "properties": {
    "name": "Sabzi Mandi Tilak Nagar TNS-4",
    "zone": "West",
    "ward": null,
    "capacity": 28,
    "sanctioned_capacity": 70,
    "shelter_type": "porta-cabin",
    "seasonal": false,
    "day_service": false,
    "purpose": "General",
    "operating_agency": "Safe Approach for Nascent Termination of Social Hazard",
    "ns_code": "248",
    "area_sqft": "750.50",
    "division": "C01",
    "cluster": "Cluster-7",
    "source": "https://delhishelterboard.in/occupancy-report/index-ag2.php (DUSIB 'District wise Night Shelters List', live occupancy report, fetched 2026-07-01 11:03 IST)",
    "geocode_confidence": "approximate",
    "notes": "Geocoding (Nominatim/Photon) failed or was rate-limited for this address; placed at the centroid of DUSIB's stated district 'West' as a fallback. Location is only accurate to district scale, not the actual site."
   }
  },
  {
   "type": "Feature",
   "geometry": {
    "type": "Point",
    "coordinates": [
     77.272958,
     28.542203
    ]
   },
   "properties": {
    "name": "Sarai Kale Khan in Parking, Double Storey at Ground Floor (Recovery Shelter)",
    "zone": "South East",
    "ward": null,
    "capacity": 20,
    "sanctioned_capacity": 50,
    "shelter_type": "porta-cabin",
    "seasonal": false,
    "day_service": false,
    "purpose": "Recovery Shelter",
    "operating_agency": "SPYM",
    "ns_code": "249",
    "area_sqft": "1744",
    "division": "C05",
    "cluster": "Cluster-14",
    "source": "https://delhishelterboard.in/occupancy-report/index-ag2.php (DUSIB 'District wise Night Shelters List', live occupancy report, fetched 2026-07-01 11:03 IST)",
    "geocode_confidence": "approximate",
    "notes": "Geocoding (Nominatim/Photon) failed or was rate-limited for this address; placed at the centroid of DUSIB's stated district 'South East' as a fallback. Location is only accurate to district scale, not the actual site."
   }
  },
  {
   "type": "Feature",
   "geometry": {
    "type": "Point",
    "coordinates": [
     77.258065,
     28.589189
    ]
   },
   "properties": {
    "name": "Sarai Kale Khan in Parking",
    "zone": "South East",
    "ward": "Nizamuddin",
    "capacity": 60,
    "sanctioned_capacity": 150,
    "shelter_type": "porta-cabin",
    "seasonal": false,
    "day_service": false,
    "purpose": "Families",
    "operating_agency": "SPYM",
    "ns_code": "250",
    "area_sqft": "2518",
    "division": "C05",
    "cluster": "Cluster-15",
    "source": "https://delhishelterboard.in/occupancy-report/index-ag2.php (DUSIB 'District wise Night Shelters List', live occupancy report, fetched 2026-07-01 11:03 IST)",
    "geocode_confidence": "good",
    "notes": "Geocode hit falls within stated DUSIB district 'South East' polygon. Point-in-polygon matched to pre-2022 ward layer: 'Nizamuddin' (ward vintage is pre-2022 interim charges, not the 2022 unified-MCD 250-ward set)."
   }
  },
  {
   "type": "Feature",
   "geometry": {
    "type": "Point",
    "coordinates": [
     77.272958,
     28.542203
    ]
   },
   "properties": {
    "name": "Sarai Kale Khan in Parking, Double Storey at 1st Floor",
    "zone": "South East",
    "ward": null,
    "capacity": 20,
    "sanctioned_capacity": 50,
    "shelter_type": "porta-cabin",
    "seasonal": false,
    "day_service": false,
    "purpose": "General",
    "operating_agency": "SPYM",
    "ns_code": "251",
    "area_sqft": "1744",
    "division": "C05",
    "cluster": "Cluster-15",
    "source": "https://delhishelterboard.in/occupancy-report/index-ag2.php (DUSIB 'District wise Night Shelters List', live occupancy report, fetched 2026-07-01 11:03 IST)",
    "geocode_confidence": "approximate",
    "notes": "Geocoding (Nominatim/Photon) failed or was rate-limited for this address; placed at the centroid of DUSIB's stated district 'South East' as a fallback. Location is only accurate to district scale, not the actual site."
   }
  },
  {
   "type": "Feature",
   "geometry": {
    "type": "Point",
    "coordinates": [
     77.224197,
     28.681568
    ]
   },
   "properties": {
    "name": "Porta Cabin-1, Dangal Maidan Parking near Town Hall Chandni Chowk.",
    "zone": "Central",
    "ward": null,
    "capacity": 40,
    "sanctioned_capacity": 100,
    "shelter_type": "porta-cabin",
    "seasonal": false,
    "day_service": false,
    "purpose": "General",
    "operating_agency": "Sofia Educational and Welfare Society",
    "ns_code": "252",
    "area_sqft": "1453 Sq. ft.",
    "division": "C07",
    "cluster": "Cluster-2",
    "source": "https://delhishelterboard.in/occupancy-report/index-ag2.php (DUSIB 'District wise Night Shelters List', live occupancy report, fetched 2026-07-01 11:03 IST)",
    "geocode_confidence": "approximate",
    "notes": "Geocoding (Nominatim/Photon) failed or was rate-limited for this address; placed at the centroid of DUSIB's stated district 'Central' as a fallback. Location is only accurate to district scale, not the actual site."
   }
  },
  {
   "type": "Feature",
   "geometry": {
    "type": "Point",
    "coordinates": [
     77.224197,
     28.681568
    ]
   },
   "properties": {
    "name": "Porta Cabin-2, Dangal Maidan Parking near Town Hall Chandni Chowk.",
    "zone": "Central",
    "ward": null,
    "capacity": 52,
    "sanctioned_capacity": 130,
    "shelter_type": "porta-cabin",
    "seasonal": false,
    "day_service": false,
    "purpose": "General",
    "operating_agency": "Sofia Educational and Welfare Society",
    "ns_code": "253",
    "area_sqft": "1937 Sq. ft.",
    "division": "C07",
    "cluster": "Cluster-2",
    "source": "https://delhishelterboard.in/occupancy-report/index-ag2.php (DUSIB 'District wise Night Shelters List', live occupancy report, fetched 2026-07-01 11:03 IST)",
    "geocode_confidence": "approximate",
    "notes": "Geocoding (Nominatim/Photon) failed or was rate-limited for this address; placed at the centroid of DUSIB's stated district 'Central' as a fallback. Location is only accurate to district scale, not the actual site."
   }
  },
  {
   "type": "Feature",
   "geometry": {
    "type": "Point",
    "coordinates": [
     77.258065,
     28.589189
    ]
   },
   "properties": {
    "name": "Sarai Kale Khan in Parking (Family)",
    "zone": "South East",
    "ward": "Nizamuddin",
    "capacity": 20,
    "sanctioned_capacity": 50,
    "shelter_type": "porta-cabin",
    "seasonal": false,
    "day_service": false,
    "purpose": "Families",
    "operating_agency": "SPYM",
    "ns_code": "254",
    "area_sqft": null,
    "division": "C05",
    "cluster": "Cluster-15",
    "source": "https://delhishelterboard.in/occupancy-report/index-ag2.php (DUSIB 'District wise Night Shelters List', live occupancy report, fetched 2026-07-01 11:03 IST)",
    "geocode_confidence": "good",
    "notes": "Geocode hit falls within stated DUSIB district 'South East' polygon. Point-in-polygon matched to pre-2022 ward layer: 'Nizamuddin' (ward vintage is pre-2022 interim charges, not the 2022 unified-MCD 250-ward set)."
   }
  },
  {
   "type": "Feature",
   "geometry": {
    "type": "Point",
    "coordinates": [
     77.258065,
     28.589189
    ]
   },
   "properties": {
    "name": "Sarai Kale Khan in Parking (Family)",
    "zone": "South East",
    "ward": "Nizamuddin",
    "capacity": 40,
    "sanctioned_capacity": 100,
    "shelter_type": "porta-cabin",
    "seasonal": false,
    "day_service": false,
    "purpose": "Families",
    "operating_agency": "SPYM",
    "ns_code": "255",
    "area_sqft": null,
    "division": "C05",
    "cluster": "Cluster-15",
    "source": "https://delhishelterboard.in/occupancy-report/index-ag2.php (DUSIB 'District wise Night Shelters List', live occupancy report, fetched 2026-07-01 11:03 IST)",
    "geocode_confidence": "good",
    "notes": "Geocode hit falls within stated DUSIB district 'South East' polygon. Point-in-polygon matched to pre-2022 ward layer: 'Nizamuddin' (ward vintage is pre-2022 interim charges, not the 2022 unified-MCD 250-ward set)."
   }
  },
  {
   "type": "Feature",
   "geometry": {
    "type": "Point",
    "coordinates": [
     77.069068,
     28.579409
    ]
   },
   "properties": {
    "name": "Sector 9, Dwarka",
    "zone": "South West",
    "ward": "Bijwasan",
    "capacity": 20,
    "sanctioned_capacity": 50,
    "shelter_type": "porta-cabin",
    "seasonal": false,
    "day_service": false,
    "purpose": "General",
    "operating_agency": "Safe Approach for Nascent Termination of Social Hazard",
    "ns_code": "258",
    "area_sqft": "800.76",
    "division": "C01",
    "cluster": "Cluster-6",
    "source": "https://delhishelterboard.in/occupancy-report/index-ag2.php (DUSIB 'District wise Night Shelters List', live occupancy report, fetched 2026-07-01 11:03 IST)",
    "geocode_confidence": "good",
    "notes": "Geocode hit falls within stated DUSIB district 'South West' polygon. Point-in-polygon matched to pre-2022 ward layer: 'Bijwasan' (ward vintage is pre-2022 interim charges, not the 2022 unified-MCD 250-ward set)."
   }
  },
  {
   "type": "Feature",
   "geometry": {
    "type": "Point",
    "coordinates": [
     77.148609,
     28.577165
    ]
   },
   "properties": {
    "name": "AIIMS near Footover Bridge Gate No.3, Opposite Side",
    "zone": "New Delhi",
    "ward": null,
    "capacity": 20,
    "sanctioned_capacity": 20,
    "shelter_type": "tent",
    "seasonal": true,
    "day_service": false,
    "purpose": "General",
    "operating_agency": "SPYM",
    "ns_code": "501",
    "area_sqft": "NA",
    "division": "C05",
    "cluster": "Cluster-14",
    "source": "https://delhishelterboard.in/occupancy-report/index-ag2.php (DUSIB 'District wise Night Shelters List', live occupancy report, fetched 2026-07-01 11:03 IST)",
    "geocode_confidence": "approximate",
    "notes": "Geocoding (Nominatim/Photon) failed or was rate-limited for this address; placed at the centroid of DUSIB's stated district 'New Delhi' as a fallback. Location is only accurate to district scale, not the actual site."
   }
  },
  {
   "type": "Feature",
   "geometry": {
    "type": "Point",
    "coordinates": [
     77.272958,
     28.542203
    ]
   },
   "properties": {
    "name": "Sarai Kale Khan Parking Side near NS 662",
    "zone": "South East",
    "ward": null,
    "capacity": 20,
    "sanctioned_capacity": 20,
    "shelter_type": "tent",
    "seasonal": true,
    "day_service": false,
    "purpose": "General",
    "operating_agency": "Janpahal",
    "ns_code": "502",
    "area_sqft": "600",
    "division": "C05",
    "cluster": "Cluster-15",
    "source": "https://delhishelterboard.in/occupancy-report/index-ag2.php (DUSIB 'District wise Night Shelters List', live occupancy report, fetched 2026-07-01 11:03 IST)",
    "geocode_confidence": "approximate",
    "notes": "Geocoding (Nominatim/Photon) failed or was rate-limited for this address; placed at the centroid of DUSIB's stated district 'South East' as a fallback. Location is only accurate to district scale, not the actual site."
   }
  },
  {
   "type": "Feature",
   "geometry": {
    "type": "Point",
    "coordinates": [
     77.124227,
     28.65233
    ]
   },
   "properties": {
    "name": "Raja Garden under flyover 1",
    "zone": null,
    "ward": null,
    "capacity": 20,
    "sanctioned_capacity": 20,
    "shelter_type": "tent",
    "seasonal": true,
    "day_service": false,
    "purpose": "General",
    "operating_agency": "Safe Approach for Nascent Termination of Social Hazard",
    "ns_code": "505",
    "area_sqft": "NA",
    "division": "C04",
    "cluster": "Cluster-7",
    "source": "https://delhishelterboard.in/occupancy-report/index-ag2.php (DUSIB 'District wise Night Shelters List', live occupancy report, fetched 2026-07-01 11:03 IST)",
    "geocode_confidence": "approximate",
    "notes": "District not resolvable against districts.geojson; geocoder hit used as-is without polygon cross-check."
   }
  },
  {
   "type": "Feature",
   "geometry": {
    "type": "Point",
    "coordinates": [
     77.190689,
     28.481449
    ]
   },
   "properties": {
    "name": "Nehru Place DDA Park near Flyover",
    "zone": "South",
    "ward": null,
    "capacity": 20,
    "sanctioned_capacity": 20,
    "shelter_type": "tent",
    "seasonal": true,
    "day_service": false,
    "purpose": "General",
    "operating_agency": "Janpahal",
    "ns_code": "507",
    "area_sqft": "600",
    "division": "C06",
    "cluster": "Cluster-15",
    "source": "https://delhishelterboard.in/occupancy-report/index-ag2.php (DUSIB 'District wise Night Shelters List', live occupancy report, fetched 2026-07-01 11:03 IST)",
    "geocode_confidence": "approximate",
    "notes": "Geocoding (Nominatim/Photon) failed or was rate-limited for this address; placed at the centroid of DUSIB's stated district 'South' as a fallback. Location is only accurate to district scale, not the actual site."
   }
  },
  {
   "type": "Feature",
   "geometry": {
    "type": "Point",
    "coordinates": [
     77.272958,
     28.542203
    ]
   },
   "properties": {
    "name": "Okhla Mandi-1 opposite Modi Flour Mill",
    "zone": "South East",
    "ward": null,
    "capacity": 20,
    "sanctioned_capacity": 20,
    "shelter_type": "tent",
    "seasonal": true,
    "day_service": false,
    "purpose": "General",
    "operating_agency": "SPYM",
    "ns_code": "509",
    "area_sqft": "NA",
    "division": "C06",
    "cluster": "Cluster-14",
    "source": "https://delhishelterboard.in/occupancy-report/index-ag2.php (DUSIB 'District wise Night Shelters List', live occupancy report, fetched 2026-07-01 11:03 IST)",
    "geocode_confidence": "approximate",
    "notes": "Geocoding (Nominatim/Photon) failed or was rate-limited for this address; placed at the centroid of DUSIB's stated district 'South East' as a fallback. Location is only accurate to district scale, not the actual site."
   }
  },
  {
   "type": "Feature",
   "geometry": {
    "type": "Point",
    "coordinates": [
     77.119097,
     28.69822
    ]
   },
   "properties": {
    "name": "Deepali Chowk Rohini",
    "zone": "North West",
    "ward": "Rohini East",
    "capacity": 20,
    "sanctioned_capacity": 20,
    "shelter_type": "tent",
    "seasonal": true,
    "day_service": false,
    "purpose": "General",
    "operating_agency": "Maa Astha Samajik Vikas Sewa Sansthan",
    "ns_code": "520",
    "area_sqft": "600",
    "division": "C12",
    "cluster": "Cluster-16",
    "source": "https://delhishelterboard.in/occupancy-report/index-ag2.php (DUSIB 'District wise Night Shelters List', live occupancy report, fetched 2026-07-01 11:03 IST)",
    "geocode_confidence": "good",
    "notes": "Geocode hit falls within stated DUSIB district 'North West' polygon. Point-in-polygon matched to pre-2022 ward layer: 'Rohini East' (ward vintage is pre-2022 interim charges, not the 2022 unified-MCD 250-ward set)."
   }
  },
  {
   "type": "Feature",
   "geometry": {
    "type": "Point",
    "coordinates": [
     77.206407,
     28.56857
    ]
   },
   "properties": {
    "name": "AIIMS Behind Hanger",
    "zone": "New Delhi",
    "ward": "Ndmc Charge 7",
    "capacity": 20,
    "sanctioned_capacity": 20,
    "shelter_type": "tent",
    "seasonal": true,
    "day_service": false,
    "purpose": "General",
    "operating_agency": "SPYM",
    "ns_code": "536",
    "area_sqft": "600",
    "division": "C05",
    "cluster": "Cluster-14",
    "source": "https://delhishelterboard.in/occupancy-report/index-ag2.php (DUSIB 'District wise Night Shelters List', live occupancy report, fetched 2026-07-01 11:03 IST)",
    "geocode_confidence": "good",
    "notes": "Geocode hit falls within stated DUSIB district 'New Delhi' polygon. Point-in-polygon matched to pre-2022 ward layer: 'Ndmc Charge 7' (ward vintage is pre-2022 interim charges, not the 2022 unified-MCD 250-ward set)."
   }
  },
  {
   "type": "Feature",
   "geometry": {
    "type": "Point",
    "coordinates": [
     77.254848,
     28.601466
    ]
   },
   "properties": {
    "name": "Nizamuddin near Flyover Tikona Park-1",
    "zone": "South East",
    "ward": "Nizamuddin",
    "capacity": 20,
    "sanctioned_capacity": 20,
    "shelter_type": "tent",
    "seasonal": true,
    "day_service": false,
    "purpose": "General",
    "operating_agency": "SPYM",
    "ns_code": "539",
    "area_sqft": "NA",
    "division": "C05",
    "cluster": "Cluster-13",
    "source": "https://delhishelterboard.in/occupancy-report/index-ag2.php (DUSIB 'District wise Night Shelters List', live occupancy report, fetched 2026-07-01 11:03 IST)",
    "geocode_confidence": "good",
    "notes": "Geocode hit falls within stated DUSIB district 'South East' polygon. Point-in-polygon matched to pre-2022 ward layer: 'Nizamuddin' (ward vintage is pre-2022 interim charges, not the 2022 unified-MCD 250-ward set)."
   }
  },
  {
   "type": "Feature",
   "geometry": {
    "type": "Point",
    "coordinates": [
     77.232961,
     28.650682
    ]
   },
   "properties": {
    "name": "Jama Masjid Meena Bazar 1",
    "zone": "Central",
    "ward": "Jama Masjid",
    "capacity": 20,
    "sanctioned_capacity": 20,
    "shelter_type": "tent",
    "seasonal": true,
    "day_service": false,
    "purpose": "Families",
    "operating_agency": "Sofia Educational and Welfare Society",
    "ns_code": "540",
    "area_sqft": "600",
    "division": "C07",
    "cluster": "Cluster-2",
    "source": "https://delhishelterboard.in/occupancy-report/index-ag2.php (DUSIB 'District wise Night Shelters List', live occupancy report, fetched 2026-07-01 11:03 IST)",
    "geocode_confidence": "good",
    "notes": "Geocode hit falls within stated DUSIB district 'Central' polygon. Point-in-polygon matched to pre-2022 ward layer: 'Jama Masjid' (ward vintage is pre-2022 interim charges, not the 2022 unified-MCD 250-ward set)."
   }
  },
  {
   "type": "Feature",
   "geometry": {
    "type": "Point",
    "coordinates": [
     77.043113,
     28.72527
    ]
   },
   "properties": {
    "name": "Britannia Chowk near NS 223",
    "zone": "North West",
    "ward": null,
    "capacity": 10,
    "sanctioned_capacity": 10,
    "shelter_type": "tent",
    "seasonal": true,
    "day_service": false,
    "purpose": "Families",
    "operating_agency": "Safe Approach for Nascent Termination of Social Hazard",
    "ns_code": "544",
    "area_sqft": "NA",
    "division": "C02",
    "cluster": "Cluster-7",
    "source": "https://delhishelterboard.in/occupancy-report/index-ag2.php (DUSIB 'District wise Night Shelters List', live occupancy report, fetched 2026-07-01 11:03 IST)",
    "geocode_confidence": "approximate",
    "notes": "Geocoding (Nominatim/Photon) failed or was rate-limited for this address; placed at the centroid of DUSIB's stated district 'North West' as a fallback. Location is only accurate to district scale, not the actual site."
   }
  },
  {
   "type": "Feature",
   "geometry": {
    "type": "Point",
    "coordinates": [
     77.208875,
     28.626481
    ]
   },
   "properties": {
    "name": "Bangla Sahib Gurudwara 1",
    "zone": "New Delhi",
    "ward": "Ndmc Charge 4",
    "capacity": 20,
    "sanctioned_capacity": 20,
    "shelter_type": "tent",
    "seasonal": true,
    "day_service": false,
    "purpose": "General",
    "operating_agency": "SPYM",
    "ns_code": "546",
    "area_sqft": "600",
    "division": "C05",
    "cluster": "Cluster-13",
    "source": "https://delhishelterboard.in/occupancy-report/index-ag2.php (DUSIB 'District wise Night Shelters List', live occupancy report, fetched 2026-07-01 11:03 IST)",
    "geocode_confidence": "good",
    "notes": "Geocode hit falls within stated DUSIB district 'New Delhi' polygon. Point-in-polygon matched to pre-2022 ward layer: 'Ndmc Charge 4' (ward vintage is pre-2022 interim charges, not the 2022 unified-MCD 250-ward set)."
   }
  },
  {
   "type": "Feature",
   "geometry": {
    "type": "Point",
    "coordinates": [
     77.208875,
     28.626481
    ]
   },
   "properties": {
    "name": "Bangla Sahib Gurudwara 2",
    "zone": "New Delhi",
    "ward": "Ndmc Charge 4",
    "capacity": 20,
    "sanctioned_capacity": 20,
    "shelter_type": "tent",
    "seasonal": true,
    "day_service": false,
    "purpose": "General",
    "operating_agency": "SPYM",
    "ns_code": "547",
    "area_sqft": "600",
    "division": "C05",
    "cluster": "Cluster-13",
    "source": "https://delhishelterboard.in/occupancy-report/index-ag2.php (DUSIB 'District wise Night Shelters List', live occupancy report, fetched 2026-07-01 11:03 IST)",
    "geocode_confidence": "good",
    "notes": "Geocode hit falls within stated DUSIB district 'New Delhi' polygon. Point-in-polygon matched to pre-2022 ward layer: 'Ndmc Charge 4' (ward vintage is pre-2022 interim charges, not the 2022 unified-MCD 250-ward set)."
   }
  },
  {
   "type": "Feature",
   "geometry": {
    "type": "Point",
    "coordinates": [
     77.148609,
     28.577165
    ]
   },
   "properties": {
    "name": "AIIMS near Footover Bridge, Gate No.3 (Opposite Side)",
    "zone": "New Delhi",
    "ward": null,
    "capacity": 20,
    "sanctioned_capacity": 20,
    "shelter_type": "tent",
    "seasonal": true,
    "day_service": false,
    "purpose": "General",
    "operating_agency": "SPYM",
    "ns_code": "550",
    "area_sqft": "NA",
    "division": "C05",
    "cluster": "Cluster-14",
    "source": "https://delhishelterboard.in/occupancy-report/index-ag2.php (DUSIB 'District wise Night Shelters List', live occupancy report, fetched 2026-07-01 11:03 IST)",
    "geocode_confidence": "approximate",
    "notes": "Geocoding (Nominatim/Photon) failed or was rate-limited for this address; placed at the centroid of DUSIB's stated district 'New Delhi' as a fallback. Location is only accurate to district scale, not the actual site."
   }
  },
  {
   "type": "Feature",
   "geometry": {
    "type": "Point",
    "coordinates": [
     77.256523,
     28.722723
    ]
   },
   "properties": {
    "name": "Old Yamuna Bridge (Iron Brigde) behind NS 98",
    "zone": "North East",
    "ward": null,
    "capacity": 20,
    "sanctioned_capacity": 20,
    "shelter_type": "tent",
    "seasonal": true,
    "day_service": false,
    "purpose": "General",
    "operating_agency": "Sadik Masih Medical Social Servant Society",
    "ns_code": "555",
    "area_sqft": "600",
    "division": "C07",
    "cluster": "Cluster-9",
    "source": "https://delhishelterboard.in/occupancy-report/index-ag2.php (DUSIB 'District wise Night Shelters List', live occupancy report, fetched 2026-07-01 11:03 IST)",
    "geocode_confidence": "approximate",
    "notes": "Geocoding (Nominatim/Photon) failed or was rate-limited for this address; placed at the centroid of DUSIB's stated district 'North East' as a fallback. Location is only accurate to district scale, not the actual site."
   }
  },
  {
   "type": "Feature",
   "geometry": {
    "type": "Point",
    "coordinates": [
     77.272958,
     28.542203
    ]
   },
   "properties": {
    "name": "Nizamuddin near Flyover Tikona Park-2",
    "zone": "South East",
    "ward": null,
    "capacity": 20,
    "sanctioned_capacity": 20,
    "shelter_type": "tent",
    "seasonal": true,
    "day_service": false,
    "purpose": "General",
    "operating_agency": "SPYM",
    "ns_code": "557",
    "area_sqft": "600",
    "division": "C05",
    "cluster": "Cluster-13",
    "source": "https://delhishelterboard.in/occupancy-report/index-ag2.php (DUSIB 'District wise Night Shelters List', live occupancy report, fetched 2026-07-01 11:03 IST)",
    "geocode_confidence": "approximate",
    "notes": "Geocoding (Nominatim/Photon) failed or was rate-limited for this address; placed at the centroid of DUSIB's stated district 'South East' as a fallback. Location is only accurate to district scale, not the actual site."
   }
  },
  {
   "type": "Feature",
   "geometry": {
    "type": "Point",
    "coordinates": [
     77.311365,
     28.683683
    ]
   },
   "properties": {
    "name": "GTB Hospital-1",
    "zone": "Shahdara",
    "ward": "Dilshad Garden",
    "capacity": 20,
    "sanctioned_capacity": 20,
    "shelter_type": "tent",
    "seasonal": true,
    "day_service": false,
    "purpose": "General",
    "operating_agency": "Rachna Womens Development Association",
    "ns_code": "564",
    "area_sqft": "600",
    "division": "C08",
    "cluster": "Cluster-10",
    "source": "https://delhishelterboard.in/occupancy-report/index-ag2.php (DUSIB 'District wise Night Shelters List', live occupancy report, fetched 2026-07-01 11:03 IST)",
    "geocode_confidence": "good",
    "notes": "Geocode hit falls within stated DUSIB district 'Shahdara' polygon. Point-in-polygon matched to pre-2022 ward layer: 'Dilshad Garden' (ward vintage is pre-2022 interim charges, not the 2022 unified-MCD 250-ward set)."
   }
  },
  {
   "type": "Feature",
   "geometry": {
    "type": "Point",
    "coordinates": [
     77.208875,
     28.626481
    ]
   },
   "properties": {
    "name": "Bangla Sahib Gurudwara 7",
    "zone": "New Delhi",
    "ward": "Ndmc Charge 4",
    "capacity": 20,
    "sanctioned_capacity": 20,
    "shelter_type": "tent",
    "seasonal": true,
    "day_service": false,
    "purpose": "General",
    "operating_agency": "SPYM",
    "ns_code": "571",
    "area_sqft": "600",
    "division": "C05",
    "cluster": "Cluster-13",
    "source": "https://delhishelterboard.in/occupancy-report/index-ag2.php (DUSIB 'District wise Night Shelters List', live occupancy report, fetched 2026-07-01 11:03 IST)",
    "geocode_confidence": "good",
    "notes": "Geocode hit falls within stated DUSIB district 'New Delhi' polygon. Point-in-polygon matched to pre-2022 ward layer: 'Ndmc Charge 4' (ward vintage is pre-2022 interim charges, not the 2022 unified-MCD 250-ward set)."
   }
  },
  {
   "type": "Feature",
   "geometry": {
    "type": "Point",
    "coordinates": [
     77.09944,
     28.637232
    ]
   },
   "properties": {
    "name": "AIIMS near Metro Station Gate No.2",
    "zone": "New Delhi",
    "ward": "Tilak Nagar",
    "capacity": 20,
    "sanctioned_capacity": 20,
    "shelter_type": "tent",
    "seasonal": true,
    "day_service": false,
    "purpose": "General",
    "operating_agency": "SPYM",
    "ns_code": "574",
    "area_sqft": "600",
    "division": "C05",
    "cluster": "Cluster-14",
    "source": "https://delhishelterboard.in/occupancy-report/index-ag2.php (DUSIB 'District wise Night Shelters List', live occupancy report, fetched 2026-07-01 11:03 IST)",
    "geocode_confidence": "good",
    "notes": "Geocode hit is near (<~3km) the stated district 'New Delhi' polygon boundary. Point-in-polygon matched to pre-2022 ward layer: 'Tilak Nagar' (ward vintage is pre-2022 interim charges, not the 2022 unified-MCD 250-ward set)."
   }
  },
  {
   "type": "Feature",
   "geometry": {
    "type": "Point",
    "coordinates": [
     77.207612,
     28.569016
    ]
   },
   "properties": {
    "name": "AIIMS Gate No.4 - 1",
    "zone": "New Delhi",
    "ward": "Ndmc Charge 7",
    "capacity": 20,
    "sanctioned_capacity": 20,
    "shelter_type": "tent",
    "seasonal": true,
    "day_service": false,
    "purpose": "General",
    "operating_agency": "SPYM",
    "ns_code": "575",
    "area_sqft": "600",
    "division": "C05",
    "cluster": "Cluster-14",
    "source": "https://delhishelterboard.in/occupancy-report/index-ag2.php (DUSIB 'District wise Night Shelters List', live occupancy report, fetched 2026-07-01 11:03 IST)",
    "geocode_confidence": "good",
    "notes": "Geocode hit is near (<~3km) the stated district 'New Delhi' polygon boundary. Point-in-polygon matched to pre-2022 ward layer: 'Ndmc Charge 7' (ward vintage is pre-2022 interim charges, not the 2022 unified-MCD 250-ward set)."
   }
  },
  {
   "type": "Feature",
   "geometry": {
    "type": "Point",
    "coordinates": [
     77.232961,
     28.650682
    ]
   },
   "properties": {
    "name": "Jama Masjid Meena Bazar 2",
    "zone": "Central",
    "ward": "Jama Masjid",
    "capacity": 20,
    "sanctioned_capacity": 20,
    "shelter_type": "tent",
    "seasonal": true,
    "day_service": false,
    "purpose": "General",
    "operating_agency": "Sofia Educational and Welfare Society",
    "ns_code": "576",
    "area_sqft": "600",
    "division": "C07",
    "cluster": "Cluster-2",
    "source": "https://delhishelterboard.in/occupancy-report/index-ag2.php (DUSIB 'District wise Night Shelters List', live occupancy report, fetched 2026-07-01 11:03 IST)",
    "geocode_confidence": "good",
    "notes": "Geocode hit falls within stated DUSIB district 'Central' polygon. Point-in-polygon matched to pre-2022 ward layer: 'Jama Masjid' (ward vintage is pre-2022 interim charges, not the 2022 unified-MCD 250-ward set)."
   }
  },
  {
   "type": "Feature",
   "geometry": {
    "type": "Point",
    "coordinates": [
     77.207612,
     28.569016
    ]
   },
   "properties": {
    "name": "AIIMS near Metro Station Gate No.4",
    "zone": "New Delhi",
    "ward": "Ndmc Charge 7",
    "capacity": 20,
    "sanctioned_capacity": 20,
    "shelter_type": "tent",
    "seasonal": true,
    "day_service": false,
    "purpose": "General",
    "operating_agency": "SPYM",
    "ns_code": "579",
    "area_sqft": "600",
    "division": "C05",
    "cluster": "Cluster-14",
    "source": "https://delhishelterboard.in/occupancy-report/index-ag2.php (DUSIB 'District wise Night Shelters List', live occupancy report, fetched 2026-07-01 11:03 IST)",
    "geocode_confidence": "good",
    "notes": "Geocode hit is near (<~3km) the stated district 'New Delhi' polygon boundary. Point-in-polygon matched to pre-2022 ward layer: 'Ndmc Charge 7' (ward vintage is pre-2022 interim charges, not the 2022 unified-MCD 250-ward set)."
   }
  },
  {
   "type": "Feature",
   "geometry": {
    "type": "Point",
    "coordinates": [
     77.311476,
     28.617848
    ]
   },
   "properties": {
    "name": "Lal Bahadur Shastri Hospital, Khichripur",
    "zone": "East",
    "ward": "Mayur Vihar Phase Ii",
    "capacity": 20,
    "sanctioned_capacity": 20,
    "shelter_type": "tent",
    "seasonal": true,
    "day_service": false,
    "purpose": "General",
    "operating_agency": "Maa Astha Samajik Vikas Sewa Sansthan",
    "ns_code": "581",
    "area_sqft": "600",
    "division": "C09",
    "cluster": "Cluster-12",
    "source": "https://delhishelterboard.in/occupancy-report/index-ag2.php (DUSIB 'District wise Night Shelters List', live occupancy report, fetched 2026-07-01 11:03 IST)",
    "geocode_confidence": "good",
    "notes": "Geocode hit falls within stated DUSIB district 'East' polygon. Point-in-polygon matched to pre-2022 ward layer: 'Mayur Vihar Phase Ii' (ward vintage is pre-2022 interim charges, not the 2022 unified-MCD 250-ward set)."
   }
  },
  {
   "type": "Feature",
   "geometry": {
    "type": "Point",
    "coordinates": [
     77.272958,
     28.542203
    ]
   },
   "properties": {
    "name": "Sarai Kale Khan (Parking Side)-1 near NS 662",
    "zone": "South East",
    "ward": null,
    "capacity": 20,
    "sanctioned_capacity": 20,
    "shelter_type": "tent",
    "seasonal": true,
    "day_service": false,
    "purpose": "General",
    "operating_agency": "Janpahal",
    "ns_code": "582",
    "area_sqft": "600",
    "division": "C05",
    "cluster": "Cluster-15",
    "source": "https://delhishelterboard.in/occupancy-report/index-ag2.php (DUSIB 'District wise Night Shelters List', live occupancy report, fetched 2026-07-01 11:03 IST)",
    "geocode_confidence": "approximate",
    "notes": "Geocoding (Nominatim/Photon) failed or was rate-limited for this address; placed at the centroid of DUSIB's stated district 'South East' as a fallback. Location is only accurate to district scale, not the actual site."
   }
  },
  {
   "type": "Feature",
   "geometry": {
    "type": "Point",
    "coordinates": [
     77.208098,
     28.56678
    ]
   },
   "properties": {
    "name": "AIIMS Metro Gate No.2",
    "zone": "New Delhi",
    "ward": "Ndmc Charge 7",
    "capacity": 30,
    "sanctioned_capacity": 30,
    "shelter_type": "tent",
    "seasonal": true,
    "day_service": false,
    "purpose": "General",
    "operating_agency": "SPYM",
    "ns_code": "584",
    "area_sqft": "600",
    "division": "C05",
    "cluster": "Cluster-14",
    "source": "https://delhishelterboard.in/occupancy-report/index-ag2.php (DUSIB 'District wise Night Shelters List', live occupancy report, fetched 2026-07-01 11:03 IST)",
    "geocode_confidence": "good",
    "notes": "Geocode hit is near (<~3km) the stated district 'New Delhi' polygon boundary. Point-in-polygon matched to pre-2022 ward layer: 'Ndmc Charge 7' (ward vintage is pre-2022 interim charges, not the 2022 unified-MCD 250-ward set)."
   }
  },
  {
   "type": "Feature",
   "geometry": {
    "type": "Point",
    "coordinates": [
     77.307459,
     28.685694
    ]
   },
   "properties": {
    "name": "GTB Hospital-2",
    "zone": "Shahdara",
    "ward": "Dilshad Garden",
    "capacity": 20,
    "sanctioned_capacity": 20,
    "shelter_type": "tent",
    "seasonal": true,
    "day_service": false,
    "purpose": "General",
    "operating_agency": "Rachna Womens Development Association",
    "ns_code": "588",
    "area_sqft": "600",
    "division": "C08",
    "cluster": "Cluster-10",
    "source": "https://delhishelterboard.in/occupancy-report/index-ag2.php (DUSIB 'District wise Night Shelters List', live occupancy report, fetched 2026-07-01 11:03 IST)",
    "geocode_confidence": "good",
    "notes": "Geocode hit falls within stated DUSIB district 'Shahdara' polygon. Point-in-polygon matched to pre-2022 ward layer: 'Dilshad Garden' (ward vintage is pre-2022 interim charges, not the 2022 unified-MCD 250-ward set)."
   }
  },
  {
   "type": "Feature",
   "geometry": {
    "type": "Point",
    "coordinates": [
     77.277688,
     28.671816
    ]
   },
   "properties": {
    "name": "Welcome-1 near Metro Station",
    "zone": "North East",
    "ward": "Raghubar Pura",
    "capacity": 20,
    "sanctioned_capacity": 20,
    "shelter_type": "tent",
    "seasonal": true,
    "day_service": false,
    "purpose": "General",
    "operating_agency": "Rachna Womens Development Association",
    "ns_code": "591",
    "area_sqft": "600",
    "division": "C08",
    "cluster": "Cluster-10",
    "source": "https://delhishelterboard.in/occupancy-report/index-ag2.php (DUSIB 'District wise Night Shelters List', live occupancy report, fetched 2026-07-01 11:03 IST)",
    "geocode_confidence": "good",
    "notes": "Geocode hit is near (<~3km) the stated district 'North East' polygon boundary. Point-in-polygon matched to pre-2022 ward layer: 'Raghubar Pura' (ward vintage is pre-2022 interim charges, not the 2022 unified-MCD 250-ward set)."
   }
  },
  {
   "type": "Feature",
   "geometry": {
    "type": "Point",
    "coordinates": [
     77.148609,
     28.577165
    ]
   },
   "properties": {
    "name": "AIIMS near Footover Bridge, Gate No. 3",
    "zone": "New Delhi",
    "ward": null,
    "capacity": 20,
    "sanctioned_capacity": 20,
    "shelter_type": "tent",
    "seasonal": true,
    "day_service": false,
    "purpose": "General",
    "operating_agency": "SPYM",
    "ns_code": "600",
    "area_sqft": "600",
    "division": "C05",
    "cluster": "Cluster-14",
    "source": "https://delhishelterboard.in/occupancy-report/index-ag2.php (DUSIB 'District wise Night Shelters List', live occupancy report, fetched 2026-07-01 11:03 IST)",
    "geocode_confidence": "approximate",
    "notes": "Geocoding (Nominatim/Photon) failed or was rate-limited for this address; placed at the centroid of DUSIB's stated district 'New Delhi' as a fallback. Location is only accurate to district scale, not the actual site."
   }
  },
  {
   "type": "Feature",
   "geometry": {
    "type": "Point",
    "coordinates": [
     77.148609,
     28.577165
    ]
   },
   "properties": {
    "name": "AIIMS near Footover Bridge, Gate No.3",
    "zone": "New Delhi",
    "ward": null,
    "capacity": 20,
    "sanctioned_capacity": 20,
    "shelter_type": "tent",
    "seasonal": true,
    "day_service": false,
    "purpose": "General",
    "operating_agency": "SPYM",
    "ns_code": "601",
    "area_sqft": "600",
    "division": "C05",
    "cluster": "Cluster-14",
    "source": "https://delhishelterboard.in/occupancy-report/index-ag2.php (DUSIB 'District wise Night Shelters List', live occupancy report, fetched 2026-07-01 11:03 IST)",
    "geocode_confidence": "approximate",
    "notes": "Geocoding (Nominatim/Photon) failed or was rate-limited for this address; placed at the centroid of DUSIB's stated district 'New Delhi' as a fallback. Location is only accurate to district scale, not the actual site."
   }
  },
  {
   "type": "Feature",
   "geometry": {
    "type": "Point",
    "coordinates": [
     77.208875,
     28.626481
    ]
   },
   "properties": {
    "name": "Bangla Sahib Gurudwara 8",
    "zone": "New Delhi",
    "ward": "Ndmc Charge 4",
    "capacity": 20,
    "sanctioned_capacity": 20,
    "shelter_type": "tent",
    "seasonal": true,
    "day_service": false,
    "purpose": "General",
    "operating_agency": "SPYM",
    "ns_code": "605",
    "area_sqft": "600",
    "division": "C05",
    "cluster": "Cluster-13",
    "source": "https://delhishelterboard.in/occupancy-report/index-ag2.php (DUSIB 'District wise Night Shelters List', live occupancy report, fetched 2026-07-01 11:03 IST)",
    "geocode_confidence": "good",
    "notes": "Geocode hit falls within stated DUSIB district 'New Delhi' polygon. Point-in-polygon matched to pre-2022 ward layer: 'Ndmc Charge 4' (ward vintage is pre-2022 interim charges, not the 2022 unified-MCD 250-ward set)."
   }
  },
  {
   "type": "Feature",
   "geometry": {
    "type": "Point",
    "coordinates": [
     77.148609,
     28.577165
    ]
   },
   "properties": {
    "name": "AIIMS Safdarjung Road Side outside Raj Griha Vishram Sadan, Gate No. 5",
    "zone": "New Delhi",
    "ward": null,
    "capacity": 20,
    "sanctioned_capacity": 20,
    "shelter_type": "tent",
    "seasonal": true,
    "day_service": false,
    "purpose": "General",
    "operating_agency": "SPYM",
    "ns_code": "608",
    "area_sqft": "600",
    "division": "C05",
    "cluster": "Cluster-14",
    "source": "https://delhishelterboard.in/occupancy-report/index-ag2.php (DUSIB 'District wise Night Shelters List', live occupancy report, fetched 2026-07-01 11:03 IST)",
    "geocode_confidence": "approximate",
    "notes": "Geocoding (Nominatim/Photon) failed or was rate-limited for this address; placed at the centroid of DUSIB's stated district 'New Delhi' as a fallback. Location is only accurate to district scale, not the actual site."
   }
  },
  {
   "type": "Feature",
   "geometry": {
    "type": "Point",
    "coordinates": [
     77.224197,
     28.681568
    ]
   },
   "properties": {
    "name": "Asif Ali Road Plot No.1 & 2 Police Station",
    "zone": "Central",
    "ward": null,
    "capacity": 30,
    "sanctioned_capacity": 30,
    "shelter_type": "tent",
    "seasonal": true,
    "day_service": false,
    "purpose": "General",
    "operating_agency": "Sofia Educational and Welfare Society",
    "ns_code": "609",
    "area_sqft": "600",
    "division": "C07",
    "cluster": "Cluster-1",
    "source": "https://delhishelterboard.in/occupancy-report/index-ag2.php (DUSIB 'District wise Night Shelters List', live occupancy report, fetched 2026-07-01 11:03 IST)",
    "geocode_confidence": "approximate",
    "notes": "Geocoding (Nominatim/Photon) failed or was rate-limited for this address; placed at the centroid of DUSIB's stated district 'Central' as a fallback. Location is only accurate to district scale, not the actual site."
   }
  },
  {
   "type": "Feature",
   "geometry": {
    "type": "Point",
    "coordinates": [
     77.272958,
     28.542203
    ]
   },
   "properties": {
    "name": "Sant Nagar near Red Light",
    "zone": "South East",
    "ward": null,
    "capacity": 20,
    "sanctioned_capacity": 20,
    "shelter_type": "tent",
    "seasonal": true,
    "day_service": false,
    "purpose": "General",
    "operating_agency": "Janpahal",
    "ns_code": "614",
    "area_sqft": null,
    "division": "C06",
    "cluster": "Cluster-15",
    "source": "https://delhishelterboard.in/occupancy-report/index-ag2.php (DUSIB 'District wise Night Shelters List', live occupancy report, fetched 2026-07-01 11:03 IST)",
    "geocode_confidence": "approximate",
    "notes": "Geocoding (Nominatim/Photon) failed or was rate-limited for this address; placed at the centroid of DUSIB's stated district 'South East' as a fallback. Location is only accurate to district scale, not the actual site."
   }
  },
  {
   "type": "Feature",
   "geometry": {
    "type": "Point",
    "coordinates": [
     77.304627,
     28.622129
    ]
   },
   "properties": {
    "name": "Lalita Park near Flyover DM Office East Pusta Road Geeta Colony",
    "zone": "East",
    "ward": null,
    "capacity": 20,
    "sanctioned_capacity": 20,
    "shelter_type": "tent",
    "seasonal": true,
    "day_service": false,
    "purpose": "General",
    "operating_agency": "Maa Astha Samajik Vikas Sewa Sansthan",
    "ns_code": "616",
    "area_sqft": null,
    "division": "C09",
    "cluster": "Cluster-12",
    "source": "https://delhishelterboard.in/occupancy-report/index-ag2.php (DUSIB 'District wise Night Shelters List', live occupancy report, fetched 2026-07-01 11:03 IST)",
    "geocode_confidence": "approximate",
    "notes": "Geocoding (Nominatim/Photon) failed or was rate-limited for this address; placed at the centroid of DUSIB's stated district 'East' as a fallback. Location is only accurate to district scale, not the actual site."
   }
  },
  {
   "type": "Feature",
   "geometry": {
    "type": "Point",
    "coordinates": [
     77.289057,
     28.603958
    ]
   },
   "properties": {
    "name": "Delhi Police Apartment Noida Link Road",
    "zone": "East",
    "ward": "Patparganj",
    "capacity": 20,
    "sanctioned_capacity": 20,
    "shelter_type": "tent",
    "seasonal": true,
    "day_service": false,
    "purpose": "General",
    "operating_agency": "Maa Astha Samajik Vikas Sewa Sansthan",
    "ns_code": "618",
    "area_sqft": "600",
    "division": "C09",
    "cluster": "Cluster-12",
    "source": "https://delhishelterboard.in/occupancy-report/index-ag2.php (DUSIB 'District wise Night Shelters List', live occupancy report, fetched 2026-07-01 11:03 IST)",
    "geocode_confidence": "good",
    "notes": "Geocode hit is near (<~3km) the stated district 'East' polygon boundary. Point-in-polygon matched to pre-2022 ward layer: 'Patparganj' (ward vintage is pre-2022 interim charges, not the 2022 unified-MCD 250-ward set)."
   }
  },
  {
   "type": "Feature",
   "geometry": {
    "type": "Point",
    "coordinates": [
     77.20747,
     28.566865
    ]
   },
   "properties": {
    "name": "AIIMS near Gate No.3",
    "zone": "New Delhi",
    "ward": "Ndmc Charge 7",
    "capacity": 20,
    "sanctioned_capacity": 20,
    "shelter_type": "tent",
    "seasonal": true,
    "day_service": false,
    "purpose": "General",
    "operating_agency": "SPYM",
    "ns_code": "619",
    "area_sqft": "600",
    "division": "C05",
    "cluster": "Cluster-14",
    "source": "https://delhishelterboard.in/occupancy-report/index-ag2.php (DUSIB 'District wise Night Shelters List', live occupancy report, fetched 2026-07-01 11:03 IST)",
    "geocode_confidence": "good",
    "notes": "Geocode hit is near (<~3km) the stated district 'New Delhi' polygon boundary. Point-in-polygon matched to pre-2022 ward layer: 'Ndmc Charge 7' (ward vintage is pre-2022 interim charges, not the 2022 unified-MCD 250-ward set)."
   }
  },
  {
   "type": "Feature",
   "geometry": {
    "type": "Point",
    "coordinates": [
     77.20747,
     28.566865
    ]
   },
   "properties": {
    "name": "AIIMS near Gate No.3",
    "zone": "New Delhi",
    "ward": "Ndmc Charge 7",
    "capacity": 20,
    "sanctioned_capacity": 20,
    "shelter_type": "tent",
    "seasonal": true,
    "day_service": false,
    "purpose": "General",
    "operating_agency": "SPYM",
    "ns_code": "620",
    "area_sqft": "600",
    "division": "C05",
    "cluster": "Cluster-14",
    "source": "https://delhishelterboard.in/occupancy-report/index-ag2.php (DUSIB 'District wise Night Shelters List', live occupancy report, fetched 2026-07-01 11:03 IST)",
    "geocode_confidence": "good",
    "notes": "Geocode hit is near (<~3km) the stated district 'New Delhi' polygon boundary. Point-in-polygon matched to pre-2022 ward layer: 'Ndmc Charge 7' (ward vintage is pre-2022 interim charges, not the 2022 unified-MCD 250-ward set)."
   }
  },
  {
   "type": "Feature",
   "geometry": {
    "type": "Point",
    "coordinates": [
     77.206407,
     28.56857
    ]
   },
   "properties": {
    "name": "AIIMS near HANGER (Behind Hanger)",
    "zone": "New Delhi",
    "ward": "Ndmc Charge 7",
    "capacity": 20,
    "sanctioned_capacity": 20,
    "shelter_type": "tent",
    "seasonal": true,
    "day_service": false,
    "purpose": "General",
    "operating_agency": "SPYM",
    "ns_code": "621",
    "area_sqft": "600",
    "division": "C05",
    "cluster": "Cluster-14",
    "source": "https://delhishelterboard.in/occupancy-report/index-ag2.php (DUSIB 'District wise Night Shelters List', live occupancy report, fetched 2026-07-01 11:03 IST)",
    "geocode_confidence": "good",
    "notes": "Geocode hit falls within stated DUSIB district 'New Delhi' polygon. Point-in-polygon matched to pre-2022 ward layer: 'Ndmc Charge 7' (ward vintage is pre-2022 interim charges, not the 2022 unified-MCD 250-ward set)."
   }
  },
  {
   "type": "Feature",
   "geometry": {
    "type": "Point",
    "coordinates": [
     77.148609,
     28.577165
    ]
   },
   "properties": {
    "name": "AIIMS near Footover Bridge Gate No.3",
    "zone": "New Delhi",
    "ward": null,
    "capacity": 20,
    "sanctioned_capacity": 20,
    "shelter_type": "tent",
    "seasonal": true,
    "day_service": false,
    "purpose": "General",
    "operating_agency": "SPYM",
    "ns_code": "622",
    "area_sqft": "600",
    "division": "C05",
    "cluster": "Cluster-14",
    "source": "https://delhishelterboard.in/occupancy-report/index-ag2.php (DUSIB 'District wise Night Shelters List', live occupancy report, fetched 2026-07-01 11:03 IST)",
    "geocode_confidence": "approximate",
    "notes": "Geocoding (Nominatim/Photon) failed or was rate-limited for this address; placed at the centroid of DUSIB's stated district 'New Delhi' as a fallback. Location is only accurate to district scale, not the actual site."
   }
  },
  {
   "type": "Feature",
   "geometry": {
    "type": "Point",
    "coordinates": [
     77.226827,
     28.644151
    ]
   },
   "properties": {
    "name": "Haj Manzil, Asaf Ali Road (Basement & Ground Floor).",
    "zone": "Central",
    "ward": "Minto Road",
    "capacity": 92,
    "sanctioned_capacity": 230,
    "shelter_type": "temporary",
    "seasonal": false,
    "day_service": false,
    "purpose": "General",
    "operating_agency": "Sofia Educational and Welfare Society",
    "ns_code": "626",
    "area_sqft": null,
    "division": "C07",
    "cluster": "Cluster-1",
    "source": "https://delhishelterboard.in/occupancy-report/index-ag2.php (DUSIB 'District wise Night Shelters List', live occupancy report, fetched 2026-07-01 11:03 IST)",
    "geocode_confidence": "good",
    "notes": "Geocode hit falls within stated DUSIB district 'Central' polygon. Point-in-polygon matched to pre-2022 ward layer: 'Minto Road' (ward vintage is pre-2022 interim charges, not the 2022 unified-MCD 250-ward set)."
   }
  },
  {
   "type": "Feature",
   "geometry": {
    "type": "Point",
    "coordinates": [
     77.224197,
     28.681568
    ]
   },
   "properties": {
    "name": "Open Air Theatre at Prop. no. 2541-51/VIII, Kali Masjid near DDA Flats",
    "zone": "Central",
    "ward": null,
    "capacity": 12,
    "sanctioned_capacity": 30,
    "shelter_type": "temporary",
    "seasonal": false,
    "day_service": false,
    "purpose": "General",
    "operating_agency": "Sofia Educational and Welfare Society",
    "ns_code": "627",
    "area_sqft": null,
    "division": "C07",
    "cluster": "Cluster-1",
    "source": "https://delhishelterboard.in/occupancy-report/index-ag2.php (DUSIB 'District wise Night Shelters List', live occupancy report, fetched 2026-07-01 11:03 IST)",
    "geocode_confidence": "approximate",
    "notes": "Geocoding (Nominatim/Photon) failed or was rate-limited for this address; placed at the centroid of DUSIB's stated district 'Central' as a fallback. Location is only accurate to district scale, not the actual site."
   }
  },
  {
   "type": "Feature",
   "geometry": {
    "type": "Point",
    "coordinates": [
     77.224197,
     28.681568
    ]
   },
   "properties": {
    "name": "Community Hall at Parda Bagh (Ground Floor).",
    "zone": "Central",
    "ward": null,
    "capacity": 12,
    "sanctioned_capacity": 30,
    "shelter_type": "temporary",
    "seasonal": false,
    "day_service": false,
    "purpose": "General",
    "operating_agency": "SPYM",
    "ns_code": "628",
    "area_sqft": null,
    "division": "C05",
    "cluster": "Cluster-14",
    "source": "https://delhishelterboard.in/occupancy-report/index-ag2.php (DUSIB 'District wise Night Shelters List', live occupancy report, fetched 2026-07-01 11:03 IST)",
    "geocode_confidence": "approximate",
    "notes": "Geocoding (Nominatim/Photon) failed or was rate-limited for this address; placed at the centroid of DUSIB's stated district 'Central' as a fallback. Location is only accurate to district scale, not the actual site."
   }
  },
  {
   "type": "Feature",
   "geometry": {
    "type": "Point",
    "coordinates": [
     77.224197,
     28.681568
    ]
   },
   "properties": {
    "name": "Community Hall at 759/Ward-I, Chabi Ganj (1st & 2nd Floor).",
    "zone": "Central",
    "ward": null,
    "capacity": 60,
    "sanctioned_capacity": 100,
    "shelter_type": "temporary",
    "seasonal": false,
    "day_service": false,
    "purpose": "General",
    "operating_agency": "Jyoti Samajik Sewa Sanstha",
    "ns_code": "629",
    "area_sqft": null,
    "division": "C07",
    "cluster": "Cluster-5",
    "source": "https://delhishelterboard.in/occupancy-report/index-ag2.php (DUSIB 'District wise Night Shelters List', live occupancy report, fetched 2026-07-01 11:03 IST)",
    "geocode_confidence": "approximate",
    "notes": "Geocoding (Nominatim/Photon) failed or was rate-limited for this address; placed at the centroid of DUSIB's stated district 'Central' as a fallback. Location is only accurate to district scale, not the actual site."
   }
  },
  {
   "type": "Feature",
   "geometry": {
    "type": "Point",
    "coordinates": [
     77.224197,
     28.681568
    ]
   },
   "properties": {
    "name": "CFC at Phool Mandi (1st & 2nd Floor).",
    "zone": "Central",
    "ward": null,
    "capacity": 60,
    "sanctioned_capacity": 100,
    "shelter_type": "temporary",
    "seasonal": false,
    "day_service": false,
    "purpose": "General",
    "operating_agency": "Jyoti Samajik Sewa Sanstha",
    "ns_code": "630",
    "area_sqft": null,
    "division": "C07",
    "cluster": "Cluster-5",
    "source": "https://delhishelterboard.in/occupancy-report/index-ag2.php (DUSIB 'District wise Night Shelters List', live occupancy report, fetched 2026-07-01 11:03 IST)",
    "geocode_confidence": "approximate",
    "notes": "Geocoding (Nominatim/Photon) failed or was rate-limited for this address; placed at the centroid of DUSIB's stated district 'Central' as a fallback. Location is only accurate to district scale, not the actual site."
   }
  },
  {
   "type": "Feature",
   "geometry": {
    "type": "Point",
    "coordinates": [
     77.643267,
     12.911789
    ]
   },
   "properties": {
    "name": "Munirka Near R.K. Puram SEC.3",
    "zone": "South",
    "ward": null,
    "capacity": 20,
    "sanctioned_capacity": 20,
    "shelter_type": "tent",
    "seasonal": true,
    "day_service": false,
    "purpose": "General",
    "operating_agency": "SPYM",
    "ns_code": "635",
    "area_sqft": null,
    "division": "C05",
    "cluster": "Cluster-14",
    "source": "https://delhishelterboard.in/occupancy-report/index-ag2.php (DUSIB 'District wise Night Shelters List', live occupancy report, fetched 2026-07-01 11:03 IST)",
    "geocode_confidence": "approximate",
    "notes": "Geocode hit falls outside the stated district 'South' polygon (~1720.5 km away); geocoder likely matched a same-named or similarly-described locality elsewhere in Delhi. Coordinates kept but flagged approximate."
   }
  },
  {
   "type": "Feature",
   "geometry": {
    "type": "Point",
    "coordinates": [
     77.235049,
     28.64014
    ]
   },
   "properties": {
    "name": "LNJP Hospital",
    "zone": "Central",
    "ward": "Minto Road",
    "capacity": 20,
    "sanctioned_capacity": 20,
    "shelter_type": "tent",
    "seasonal": true,
    "day_service": false,
    "purpose": "General",
    "operating_agency": "Sofia Educational and Welfare Society",
    "ns_code": "637",
    "area_sqft": "600",
    "division": "C07",
    "cluster": "Cluster-1",
    "source": "https://delhishelterboard.in/occupancy-report/index-ag2.php (DUSIB 'District wise Night Shelters List', live occupancy report, fetched 2026-07-01 11:03 IST)",
    "geocode_confidence": "good",
    "notes": "Geocode hit falls within stated DUSIB district 'Central' polygon. Point-in-polygon matched to pre-2022 ward layer: 'Minto Road' (ward vintage is pre-2022 interim charges, not the 2022 unified-MCD 250-ward set)."
   }
  },
  {
   "type": "Feature",
   "geometry": {
    "type": "Point",
    "coordinates": [
     77.28057,
     28.617251
    ]
   },
   "properties": {
    "name": "Noida Link Road Mayur Vihar Phase-I",
    "zone": "East",
    "ward": "Pandav Nagar",
    "capacity": 20,
    "sanctioned_capacity": 20,
    "shelter_type": "tent",
    "seasonal": true,
    "day_service": false,
    "purpose": "General",
    "operating_agency": "Maa Astha Samajik Vikas Sewa Sansthan",
    "ns_code": "638",
    "area_sqft": null,
    "division": "C09",
    "cluster": "Cluster-12",
    "source": "https://delhishelterboard.in/occupancy-report/index-ag2.php (DUSIB 'District wise Night Shelters List', live occupancy report, fetched 2026-07-01 11:03 IST)",
    "geocode_confidence": "good",
    "notes": "Geocode hit is near (<~3km) the stated district 'East' polygon boundary. Point-in-polygon matched to pre-2022 ward layer: 'Pandav Nagar' (ward vintage is pre-2022 interim charges, not the 2022 unified-MCD 250-ward set)."
   }
  },
  {
   "type": "Feature",
   "geometry": {
    "type": "Point",
    "coordinates": [
     77.20267,
     28.544623
    ]
   },
   "properties": {
    "name": "IIT Flyover East",
    "zone": "South",
    "ward": "Hauz Khas",
    "capacity": 20,
    "sanctioned_capacity": 20,
    "shelter_type": "tent",
    "seasonal": true,
    "day_service": false,
    "purpose": "General",
    "operating_agency": "SPYM",
    "ns_code": "639",
    "area_sqft": null,
    "division": "C05",
    "cluster": "Cluster-14",
    "source": "https://delhishelterboard.in/occupancy-report/index-ag2.php (DUSIB 'District wise Night Shelters List', live occupancy report, fetched 2026-07-01 11:03 IST)",
    "geocode_confidence": "good",
    "notes": "Geocode hit falls within stated DUSIB district 'South' polygon. Point-in-polygon matched to pre-2022 ward layer: 'Hauz Khas' (ward vintage is pre-2022 interim charges, not the 2022 unified-MCD 250-ward set)."
   }
  },
  {
   "type": "Feature",
   "geometry": {
    "type": "Point",
    "coordinates": [
     77.322294,
     28.616048
    ]
   },
   "properties": {
    "name": "Geeta Colony, Shamshan Ghat",
    "zone": "East",
    "ward": "Khichripur",
    "capacity": 20,
    "sanctioned_capacity": 20,
    "shelter_type": "tent",
    "seasonal": true,
    "day_service": false,
    "purpose": "General",
    "operating_agency": "Maa Astha Samajik Vikas Sewa Sansthan",
    "ns_code": "640",
    "area_sqft": null,
    "division": "C09",
    "cluster": "Cluster-12",
    "source": "https://delhishelterboard.in/occupancy-report/index-ag2.php (DUSIB 'District wise Night Shelters List', live occupancy report, fetched 2026-07-01 11:03 IST)",
    "geocode_confidence": "good",
    "notes": "Geocode hit falls within stated DUSIB district 'East' polygon. Point-in-polygon matched to pre-2022 ward layer: 'Khichripur' (ward vintage is pre-2022 interim charges, not the 2022 unified-MCD 250-ward set)."
   }
  },
  {
   "type": "Feature",
   "geometry": {
    "type": "Point",
    "coordinates": [
     77.28517,
     28.625069
    ]
   },
   "properties": {
    "name": "Ganesh Nagar",
    "zone": "East",
    "ward": "Shakarpur",
    "capacity": 10,
    "sanctioned_capacity": 10,
    "shelter_type": "tent",
    "seasonal": true,
    "day_service": false,
    "purpose": "General",
    "operating_agency": "Maa Astha Samajik Vikas Sewa Sansthan",
    "ns_code": "641",
    "area_sqft": null,
    "division": "C09",
    "cluster": "Cluster-12",
    "source": "https://delhishelterboard.in/occupancy-report/index-ag2.php (DUSIB 'District wise Night Shelters List', live occupancy report, fetched 2026-07-01 11:03 IST)",
    "geocode_confidence": "good",
    "notes": "Geocode hit falls within stated DUSIB district 'East' polygon. Point-in-polygon matched to pre-2022 ward layer: 'Shakarpur' (ward vintage is pre-2022 interim charges, not the 2022 unified-MCD 250-ward set)."
   }
  },
  {
   "type": "Feature",
   "geometry": {
    "type": "Point",
    "coordinates": [
     77.312567,
     28.612939
    ]
   },
   "properties": {
    "name": "Chand Cinema",
    "zone": "East",
    "ward": "Kalyan Puri",
    "capacity": 20,
    "sanctioned_capacity": 20,
    "shelter_type": "tent",
    "seasonal": true,
    "day_service": false,
    "purpose": "General",
    "operating_agency": "Maa Astha Samajik Vikas Sewa Sansthan",
    "ns_code": "642",
    "area_sqft": null,
    "division": "C09",
    "cluster": "Cluster-12",
    "source": "https://delhishelterboard.in/occupancy-report/index-ag2.php (DUSIB 'District wise Night Shelters List', live occupancy report, fetched 2026-07-01 11:03 IST)",
    "geocode_confidence": "good",
    "notes": "Geocode hit falls within stated DUSIB district 'East' polygon. Point-in-polygon matched to pre-2022 ward layer: 'Kalyan Puri' (ward vintage is pre-2022 interim charges, not the 2022 unified-MCD 250-ward set)."
   }
  },
  {
   "type": "Feature",
   "geometry": {
    "type": "Point",
    "coordinates": [
     77.111781,
     28.711416
    ]
   },
   "properties": {
    "name": "Avantika Rohini",
    "zone": "North West",
    "ward": "Rithala",
    "capacity": 10,
    "sanctioned_capacity": 10,
    "shelter_type": "tent",
    "seasonal": true,
    "day_service": false,
    "purpose": "General",
    "operating_agency": "Maa Astha Samajik Vikas Sewa Sansthan",
    "ns_code": "644",
    "area_sqft": null,
    "division": "C12",
    "cluster": "Cluster-16",
    "source": "https://delhishelterboard.in/occupancy-report/index-ag2.php (DUSIB 'District wise Night Shelters List', live occupancy report, fetched 2026-07-01 11:03 IST)",
    "geocode_confidence": "good",
    "notes": "Geocode hit falls within stated DUSIB district 'North West' polygon. Point-in-polygon matched to pre-2022 ward layer: 'Rithala' (ward vintage is pre-2022 interim charges, not the 2022 unified-MCD 250-ward set)."
   }
  },
  {
   "type": "Feature",
   "geometry": {
    "type": "Point",
    "coordinates": [
     77.189023,
     28.652998
    ]
   },
   "properties": {
    "name": "Parda Bagh",
    "zone": "Central",
    "ward": "Karol Bagh",
    "capacity": 20,
    "sanctioned_capacity": 20,
    "shelter_type": "tent",
    "seasonal": true,
    "day_service": false,
    "purpose": "General",
    "operating_agency": "SPYM",
    "ns_code": "650",
    "area_sqft": null,
    "division": "C05",
    "cluster": "Cluster-14",
    "source": "https://delhishelterboard.in/occupancy-report/index-ag2.php (DUSIB 'District wise Night Shelters List', live occupancy report, fetched 2026-07-01 11:03 IST)",
    "geocode_confidence": "good",
    "notes": "Geocode hit falls within stated DUSIB district 'Central' polygon. Point-in-polygon matched to pre-2022 ward layer: 'Karol Bagh' (ward vintage is pre-2022 interim charges, not the 2022 unified-MCD 250-ward set)."
   }
  },
  {
   "type": "Feature",
   "geometry": {
    "type": "Point",
    "coordinates": [
     77.108095,
     28.731296
    ]
   },
   "properties": {
    "name": "Kali Mandir Sector-3 Rohini.",
    "zone": "North West",
    "ward": "Rohini",
    "capacity": 20,
    "sanctioned_capacity": 20,
    "shelter_type": "tent",
    "seasonal": true,
    "day_service": false,
    "purpose": "General",
    "operating_agency": "Maa Astha Samajik Vikas Sewa Sansthan",
    "ns_code": "652",
    "area_sqft": null,
    "division": "C03",
    "cluster": "Cluster-16",
    "source": "https://delhishelterboard.in/occupancy-report/index-ag2.php (DUSIB 'District wise Night Shelters List', live occupancy report, fetched 2026-07-01 11:03 IST)",
    "geocode_confidence": "good",
    "notes": "Geocode hit falls within stated DUSIB district 'North West' polygon. Point-in-polygon matched to pre-2022 ward layer: 'Rohini' (ward vintage is pre-2022 interim charges, not the 2022 unified-MCD 250-ward set)."
   }
  },
  {
   "type": "Feature",
   "geometry": {
    "type": "Point",
    "coordinates": [
     77.108095,
     28.731296
    ]
   },
   "properties": {
    "name": "Kali Mandir Sector-3 Rohini.",
    "zone": "North West",
    "ward": "Rohini",
    "capacity": 20,
    "sanctioned_capacity": 20,
    "shelter_type": "tent",
    "seasonal": true,
    "day_service": false,
    "purpose": "General",
    "operating_agency": "Maa Astha Samajik Vikas Sewa Sansthan",
    "ns_code": "653",
    "area_sqft": null,
    "division": "C03",
    "cluster": "Cluster-16",
    "source": "https://delhishelterboard.in/occupancy-report/index-ag2.php (DUSIB 'District wise Night Shelters List', live occupancy report, fetched 2026-07-01 11:03 IST)",
    "geocode_confidence": "good",
    "notes": "Geocode hit falls within stated DUSIB district 'North West' polygon. Point-in-polygon matched to pre-2022 ward layer: 'Rohini' (ward vintage is pre-2022 interim charges, not the 2022 unified-MCD 250-ward set)."
   }
  },
  {
   "type": "Feature",
   "geometry": {
    "type": "Point",
    "coordinates": [
     77.043113,
     28.72527
    ]
   },
   "properties": {
    "name": "D-4 Sultanpuri BVK Courtyard NS-72",
    "zone": "North West",
    "ward": null,
    "capacity": 20,
    "sanctioned_capacity": 20,
    "shelter_type": "tent",
    "seasonal": true,
    "day_service": false,
    "purpose": "General",
    "operating_agency": "Maa Astha Samajik Vikas Sewa Sansthan",
    "ns_code": "655",
    "area_sqft": null,
    "division": "C03",
    "cluster": "Cluster-16",
    "source": "https://delhishelterboard.in/occupancy-report/index-ag2.php (DUSIB 'District wise Night Shelters List', live occupancy report, fetched 2026-07-01 11:03 IST)",
    "geocode_confidence": "approximate",
    "notes": "Geocoding (Nominatim/Photon) failed or was rate-limited for this address; placed at the centroid of DUSIB's stated district 'North West' as a fallback. Location is only accurate to district scale, not the actual site."
   }
  },
  {
   "type": "Feature",
   "geometry": {
    "type": "Point",
    "coordinates": [
     77.043113,
     28.72527
    ]
   },
   "properties": {
    "name": "Ramleela Maidan Jalebi Chowk Sultanpuri Mazra.",
    "zone": "North West",
    "ward": null,
    "capacity": 20,
    "sanctioned_capacity": 20,
    "shelter_type": "tent",
    "seasonal": true,
    "day_service": false,
    "purpose": "General",
    "operating_agency": "Maa Astha Samajik Vikas Sewa Sansthan",
    "ns_code": "656",
    "area_sqft": null,
    "division": "C03",
    "cluster": "Cluster-16",
    "source": "https://delhishelterboard.in/occupancy-report/index-ag2.php (DUSIB 'District wise Night Shelters List', live occupancy report, fetched 2026-07-01 11:03 IST)",
    "geocode_confidence": "approximate",
    "notes": "Geocoding (Nominatim/Photon) failed or was rate-limited for this address; placed at the centroid of DUSIB's stated district 'North West' as a fallback. Location is only accurate to district scale, not the actual site."
   }
  },
  {
   "type": "Feature",
   "geometry": {
    "type": "Point",
    "coordinates": [
     77.043113,
     28.72527
    ]
   },
   "properties": {
    "name": "A Block Sultanpuri Courtyard NS 181",
    "zone": "North West",
    "ward": null,
    "capacity": 20,
    "sanctioned_capacity": 20,
    "shelter_type": "tent",
    "seasonal": true,
    "day_service": false,
    "purpose": "General",
    "operating_agency": "Maa Astha Samajik Vikas Sewa Sansthan",
    "ns_code": "657",
    "area_sqft": null,
    "division": "C03",
    "cluster": "Cluster-16",
    "source": "https://delhishelterboard.in/occupancy-report/index-ag2.php (DUSIB 'District wise Night Shelters List', live occupancy report, fetched 2026-07-01 11:03 IST)",
    "geocode_confidence": "approximate",
    "notes": "Geocoding (Nominatim/Photon) failed or was rate-limited for this address; placed at the centroid of DUSIB's stated district 'North West' as a fallback. Location is only accurate to district scale, not the actual site."
   }
  },
  {
   "type": "Feature",
   "geometry": {
    "type": "Point",
    "coordinates": [
     77.272958,
     28.542203
    ]
   },
   "properties": {
    "name": "Nizamuddin near Flyover Tikona Park-3",
    "zone": "South East",
    "ward": null,
    "capacity": 20,
    "sanctioned_capacity": 20,
    "shelter_type": "tent",
    "seasonal": true,
    "day_service": false,
    "purpose": "General",
    "operating_agency": "SPYM",
    "ns_code": "661",
    "area_sqft": null,
    "division": "C05",
    "cluster": "Cluster-13",
    "source": "https://delhishelterboard.in/occupancy-report/index-ag2.php (DUSIB 'District wise Night Shelters List', live occupancy report, fetched 2026-07-01 11:03 IST)",
    "geocode_confidence": "approximate",
    "notes": "Geocoding (Nominatim/Photon) failed or was rate-limited for this address; placed at the centroid of DUSIB's stated district 'South East' as a fallback. Location is only accurate to district scale, not the actual site."
   }
  },
  {
   "type": "Feature",
   "geometry": {
    "type": "Point",
    "coordinates": [
     77.272958,
     28.542203
    ]
   },
   "properties": {
    "name": "Sarai Kale Khan Parking Side Hanger.",
    "zone": "South East",
    "ward": null,
    "capacity": 60,
    "sanctioned_capacity": 60,
    "shelter_type": "tent",
    "seasonal": true,
    "day_service": false,
    "purpose": "General",
    "operating_agency": "Janpahal",
    "ns_code": "662",
    "area_sqft": "600",
    "division": "C05",
    "cluster": "Cluster-15",
    "source": "https://delhishelterboard.in/occupancy-report/index-ag2.php (DUSIB 'District wise Night Shelters List', live occupancy report, fetched 2026-07-01 11:03 IST)",
    "geocode_confidence": "approximate",
    "notes": "Geocoding (Nominatim/Photon) failed or was rate-limited for this address; placed at the centroid of DUSIB's stated district 'South East' as a fallback. Location is only accurate to district scale, not the actual site."
   }
  },
  {
   "type": "Feature",
   "geometry": {
    "type": "Point",
    "coordinates": [
     77.124227,
     28.65233
    ]
   },
   "properties": {
    "name": "Raja Garden under flyover 2",
    "zone": "West",
    "ward": "Raja Garden",
    "capacity": 20,
    "sanctioned_capacity": 20,
    "shelter_type": "tent",
    "seasonal": true,
    "day_service": false,
    "purpose": "General",
    "operating_agency": "Safe Approach for Nascent Termination of Social Hazard",
    "ns_code": "664",
    "area_sqft": null,
    "division": "C04",
    "cluster": "Cluster-7",
    "source": "https://delhishelterboard.in/occupancy-report/index-ag2.php (DUSIB 'District wise Night Shelters List', live occupancy report, fetched 2026-07-01 11:03 IST)",
    "geocode_confidence": "good",
    "notes": "Geocode hit falls within stated DUSIB district 'West' polygon. Point-in-polygon matched to pre-2022 ward layer: 'Raja Garden' (ward vintage is pre-2022 interim charges, not the 2022 unified-MCD 250-ward set)."
   }
  },
  {
   "type": "Feature",
   "geometry": {
    "type": "Point",
    "coordinates": [
     77.208875,
     28.626481
    ]
   },
   "properties": {
    "name": "Bangla Sahib Gurudwara 3",
    "zone": "New Delhi",
    "ward": "Ndmc Charge 4",
    "capacity": 20,
    "sanctioned_capacity": 20,
    "shelter_type": "tent",
    "seasonal": true,
    "day_service": false,
    "purpose": "General",
    "operating_agency": "SPYM",
    "ns_code": "667",
    "area_sqft": null,
    "division": "C05",
    "cluster": "Cluster-13",
    "source": "https://delhishelterboard.in/occupancy-report/index-ag2.php (DUSIB 'District wise Night Shelters List', live occupancy report, fetched 2026-07-01 11:03 IST)",
    "geocode_confidence": "good",
    "notes": "Geocode hit falls within stated DUSIB district 'New Delhi' polygon. Point-in-polygon matched to pre-2022 ward layer: 'Ndmc Charge 4' (ward vintage is pre-2022 interim charges, not the 2022 unified-MCD 250-ward set)."
   }
  },
  {
   "type": "Feature",
   "geometry": {
    "type": "Point",
    "coordinates": [
     77.208875,
     28.626481
    ]
   },
   "properties": {
    "name": "Bangla Sahib Gurudwara 4",
    "zone": "New Delhi",
    "ward": "Ndmc Charge 4",
    "capacity": 20,
    "sanctioned_capacity": 20,
    "shelter_type": "tent",
    "seasonal": true,
    "day_service": false,
    "purpose": "General",
    "operating_agency": "SPYM",
    "ns_code": "668",
    "area_sqft": null,
    "division": "C05",
    "cluster": "Cluster-13",
    "source": "https://delhishelterboard.in/occupancy-report/index-ag2.php (DUSIB 'District wise Night Shelters List', live occupancy report, fetched 2026-07-01 11:03 IST)",
    "geocode_confidence": "good",
    "notes": "Geocode hit falls within stated DUSIB district 'New Delhi' polygon. Point-in-polygon matched to pre-2022 ward layer: 'Ndmc Charge 4' (ward vintage is pre-2022 interim charges, not the 2022 unified-MCD 250-ward set)."
   }
  },
  {
   "type": "Feature",
   "geometry": {
    "type": "Point",
    "coordinates": [
     77.272958,
     28.542203
    ]
   },
   "properties": {
    "name": "Nizamuddin near Flyover Tikona Park-4",
    "zone": "South East",
    "ward": null,
    "capacity": 20,
    "sanctioned_capacity": 20,
    "shelter_type": "tent",
    "seasonal": true,
    "day_service": false,
    "purpose": "Families",
    "operating_agency": "SPYM",
    "ns_code": "669",
    "area_sqft": null,
    "division": "C05",
    "cluster": "Cluster-13",
    "source": "https://delhishelterboard.in/occupancy-report/index-ag2.php (DUSIB 'District wise Night Shelters List', live occupancy report, fetched 2026-07-01 11:03 IST)",
    "geocode_confidence": "approximate",
    "notes": "Geocoding (Nominatim/Photon) failed or was rate-limited for this address; placed at the centroid of DUSIB's stated district 'South East' as a fallback. Location is only accurate to district scale, not the actual site."
   }
  },
  {
   "type": "Feature",
   "geometry": {
    "type": "Point",
    "coordinates": [
     77.190689,
     28.481449
    ]
   },
   "properties": {
    "name": "Chatterpur NS 238",
    "zone": "South",
    "ward": null,
    "capacity": 20,
    "sanctioned_capacity": 20,
    "shelter_type": "tent",
    "seasonal": true,
    "day_service": false,
    "purpose": "General",
    "operating_agency": "Janpahal",
    "ns_code": "671",
    "area_sqft": null,
    "division": "C06",
    "cluster": "Cluster-15",
    "source": "https://delhishelterboard.in/occupancy-report/index-ag2.php (DUSIB 'District wise Night Shelters List', live occupancy report, fetched 2026-07-01 11:03 IST)",
    "geocode_confidence": "approximate",
    "notes": "Geocoding (Nominatim/Photon) failed or was rate-limited for this address; placed at the centroid of DUSIB's stated district 'South' as a fallback. Location is only accurate to district scale, not the actual site."
   }
  },
  {
   "type": "Feature",
   "geometry": {
    "type": "Point",
    "coordinates": [
     77.260667,
     28.549775
    ]
   },
   "properties": {
    "name": "Kalkaji Mandir 1",
    "zone": "South East",
    "ward": "East Of Kailash",
    "capacity": 40,
    "sanctioned_capacity": 40,
    "shelter_type": "tent",
    "seasonal": true,
    "day_service": false,
    "purpose": "General",
    "operating_agency": "Janpahal",
    "ns_code": "672",
    "area_sqft": null,
    "division": "C06",
    "cluster": "Cluster-15",
    "source": "https://delhishelterboard.in/occupancy-report/index-ag2.php (DUSIB 'District wise Night Shelters List', live occupancy report, fetched 2026-07-01 11:03 IST)",
    "geocode_confidence": "good",
    "notes": "Geocode hit falls within stated DUSIB district 'South East' polygon. Point-in-polygon matched to pre-2022 ward layer: 'East Of Kailash' (ward vintage is pre-2022 interim charges, not the 2022 unified-MCD 250-ward set)."
   }
  },
  {
   "type": "Feature",
   "geometry": {
    "type": "Point",
    "coordinates": [
     77.257,
     28.550215
    ]
   },
   "properties": {
    "name": "Kalkaji Mandir 2 near Kalkaji Metro Station",
    "zone": "South East",
    "ward": "East Of Kailash",
    "capacity": 20,
    "sanctioned_capacity": 20,
    "shelter_type": "tent",
    "seasonal": true,
    "day_service": false,
    "purpose": "General",
    "operating_agency": "Janpahal",
    "ns_code": "673",
    "area_sqft": null,
    "division": "C06",
    "cluster": "Cluster-15",
    "source": "https://delhishelterboard.in/occupancy-report/index-ag2.php (DUSIB 'District wise Night Shelters List', live occupancy report, fetched 2026-07-01 11:03 IST)",
    "geocode_confidence": "good",
    "notes": "Geocode hit falls within stated DUSIB district 'South East' polygon. Point-in-polygon matched to pre-2022 ward layer: 'East Of Kailash' (ward vintage is pre-2022 interim charges, not the 2022 unified-MCD 250-ward set)."
   }
  },
  {
   "type": "Feature",
   "geometry": {
    "type": "Point",
    "coordinates": [
     77.272958,
     28.542203
    ]
   },
   "properties": {
    "name": "Modi Floor Mill-1 near T.C.S under flyover  Mathura Road",
    "zone": "South East",
    "ward": null,
    "capacity": 20,
    "sanctioned_capacity": 20,
    "shelter_type": "tent",
    "seasonal": true,
    "day_service": false,
    "purpose": "General",
    "operating_agency": "SPYM",
    "ns_code": "674",
    "area_sqft": null,
    "division": "C06",
    "cluster": "Cluster-14",
    "source": "https://delhishelterboard.in/occupancy-report/index-ag2.php (DUSIB 'District wise Night Shelters List', live occupancy report, fetched 2026-07-01 11:03 IST)",
    "geocode_confidence": "approximate",
    "notes": "Geocoding (Nominatim/Photon) failed or was rate-limited for this address; placed at the centroid of DUSIB's stated district 'South East' as a fallback. Location is only accurate to district scale, not the actual site."
   }
  },
  {
   "type": "Feature",
   "geometry": {
    "type": "Point",
    "coordinates": [
     77.262843,
     28.558247
    ]
   },
   "properties": {
    "name": "Okhla Mandi-2",
    "zone": "South",
    "ward": "East Of Kailash",
    "capacity": 20,
    "sanctioned_capacity": 20,
    "shelter_type": "tent",
    "seasonal": true,
    "day_service": false,
    "purpose": "General",
    "operating_agency": "SPYM",
    "ns_code": "675",
    "area_sqft": "600",
    "division": "C05",
    "cluster": "Cluster-14",
    "source": "https://delhishelterboard.in/occupancy-report/index-ag2.php (DUSIB 'District wise Night Shelters List', live occupancy report, fetched 2026-07-01 11:03 IST)",
    "geocode_confidence": "good",
    "notes": "Geocode hit is near (<~3km) the stated district 'South' polygon boundary. Point-in-polygon matched to pre-2022 ward layer: 'East Of Kailash' (ward vintage is pre-2022 interim charges, not the 2022 unified-MCD 250-ward set)."
   }
  },
  {
   "type": "Feature",
   "geometry": {
    "type": "Point",
    "coordinates": [
     77.272958,
     28.542203
    ]
   },
   "properties": {
    "name": "Lodhi Road-1 Footover Bridge Sai Baba Temple",
    "zone": "South East",
    "ward": null,
    "capacity": 20,
    "sanctioned_capacity": 20,
    "shelter_type": "tent",
    "seasonal": true,
    "day_service": false,
    "purpose": "General",
    "operating_agency": "SPYM",
    "ns_code": "676",
    "area_sqft": "600",
    "division": "C05",
    "cluster": "Cluster-13",
    "source": "https://delhishelterboard.in/occupancy-report/index-ag2.php (DUSIB 'District wise Night Shelters List', live occupancy report, fetched 2026-07-01 11:03 IST)",
    "geocode_confidence": "approximate",
    "notes": "Geocoding (Nominatim/Photon) failed or was rate-limited for this address; placed at the centroid of DUSIB's stated district 'South East' as a fallback. Location is only accurate to district scale, not the actual site."
   }
  },
  {
   "type": "Feature",
   "geometry": {
    "type": "Point",
    "coordinates": [
     77.224197,
     28.681568
    ]
   },
   "properties": {
    "name": "Mori Gate Terminal Khoa Mandi near NS 210",
    "zone": "Central",
    "ward": null,
    "capacity": 20,
    "sanctioned_capacity": 20,
    "shelter_type": "tent",
    "seasonal": true,
    "day_service": false,
    "purpose": "General",
    "operating_agency": "Jyoti Samajik Sewa Sanstha",
    "ns_code": "679",
    "area_sqft": "600",
    "division": "C07",
    "cluster": "Cluster-5",
    "source": "https://delhishelterboard.in/occupancy-report/index-ag2.php (DUSIB 'District wise Night Shelters List', live occupancy report, fetched 2026-07-01 11:03 IST)",
    "geocode_confidence": "approximate",
    "notes": "Geocoding (Nominatim/Photon) failed or was rate-limited for this address; placed at the centroid of DUSIB's stated district 'Central' as a fallback. Location is only accurate to district scale, not the actual site."
   }
  },
  {
   "type": "Feature",
   "geometry": {
    "type": "Point",
    "coordinates": [
     77.232994,
     28.642074
    ]
   },
   "properties": {
    "name": "Asaf Ali Road Opposite Delhi Stock Exchange",
    "zone": "Central",
    "ward": "Minto Road",
    "capacity": 20,
    "sanctioned_capacity": 20,
    "shelter_type": "tent",
    "seasonal": true,
    "day_service": false,
    "purpose": "General",
    "operating_agency": "Sofia Educational and Welfare Society",
    "ns_code": "681",
    "area_sqft": "600",
    "division": "C07",
    "cluster": "Cluster-1",
    "source": "https://delhishelterboard.in/occupancy-report/index-ag2.php (DUSIB 'District wise Night Shelters List', live occupancy report, fetched 2026-07-01 11:03 IST)",
    "geocode_confidence": "good",
    "notes": "Geocode hit falls within stated DUSIB district 'Central' polygon. Point-in-polygon matched to pre-2022 ward layer: 'Minto Road' (ward vintage is pre-2022 interim charges, not the 2022 unified-MCD 250-ward set)."
   }
  },
  {
   "type": "Feature",
   "geometry": {
    "type": "Point",
    "coordinates": [
     77.232961,
     28.650682
    ]
   },
   "properties": {
    "name": "Jama Masjid, Meena Bazar (Hanger)",
    "zone": "Central",
    "ward": "Jama Masjid",
    "capacity": 60,
    "sanctioned_capacity": 60,
    "shelter_type": "tent",
    "seasonal": true,
    "day_service": false,
    "purpose": "General",
    "operating_agency": "Sofia Educational and Welfare Society",
    "ns_code": "685",
    "area_sqft": null,
    "division": "C07",
    "cluster": "Cluster-2",
    "source": "https://delhishelterboard.in/occupancy-report/index-ag2.php (DUSIB 'District wise Night Shelters List', live occupancy report, fetched 2026-07-01 11:03 IST)",
    "geocode_confidence": "good",
    "notes": "Geocode hit falls within stated DUSIB district 'Central' polygon. Point-in-polygon matched to pre-2022 ward layer: 'Jama Masjid' (ward vintage is pre-2022 interim charges, not the 2022 unified-MCD 250-ward set)."
   }
  },
  {
   "type": "Feature",
   "geometry": {
    "type": "Point",
    "coordinates": [
     77.093704,
     28.692675
    ]
   },
   "properties": {
    "name": "A B & C Block Mangolpuri",
    "zone": "North West",
    "ward": "Mangolpuri  East",
    "capacity": 20,
    "sanctioned_capacity": 20,
    "shelter_type": "tent",
    "seasonal": true,
    "day_service": false,
    "purpose": "General",
    "operating_agency": "Maa Astha Samajik Vikas Sewa Sansthan",
    "ns_code": "687",
    "area_sqft": null,
    "division": "C03",
    "cluster": "Cluster-16",
    "source": "https://delhishelterboard.in/occupancy-report/index-ag2.php (DUSIB 'District wise Night Shelters List', live occupancy report, fetched 2026-07-01 11:03 IST)",
    "geocode_confidence": "good",
    "notes": "Geocode hit falls within stated DUSIB district 'North West' polygon. Point-in-polygon matched to pre-2022 ward layer: 'Mangolpuri  East' (ward vintage is pre-2022 interim charges, not the 2022 unified-MCD 250-ward set)."
   }
  },
  {
   "type": "Feature",
   "geometry": {
    "type": "Point",
    "coordinates": [
     77.318288,
     28.648984
    ]
   },
   "properties": {
    "name": "Anand Vihar, ISBT",
    "zone": "Shahdara",
    "ward": "I.P Extention",
    "capacity": 20,
    "sanctioned_capacity": 20,
    "shelter_type": "tent",
    "seasonal": true,
    "day_service": false,
    "purpose": "General",
    "operating_agency": "Rachna Womens Development Association",
    "ns_code": "691",
    "area_sqft": null,
    "division": "C09",
    "cluster": "Cluster-11",
    "source": "https://delhishelterboard.in/occupancy-report/index-ag2.php (DUSIB 'District wise Night Shelters List', live occupancy report, fetched 2026-07-01 11:03 IST)",
    "geocode_confidence": "good",
    "notes": "Geocode hit falls within stated DUSIB district 'Shahdara' polygon. Point-in-polygon matched to pre-2022 ward layer: 'I.P Extention' (ward vintage is pre-2022 interim charges, not the 2022 unified-MCD 250-ward set)."
   }
  },
  {
   "type": "Feature",
   "geometry": {
    "type": "Point",
    "coordinates": [
     77.239184,
     28.640831
    ]
   },
   "properties": {
    "name": "Delhi Gate 1 Asaf Ali Road (Stock Exchange)",
    "zone": "Central",
    "ward": "Minto Road",
    "capacity": 20,
    "sanctioned_capacity": 20,
    "shelter_type": "tent",
    "seasonal": true,
    "day_service": false,
    "purpose": "General",
    "operating_agency": "Sofia Educational and Welfare Society",
    "ns_code": "693",
    "area_sqft": "600",
    "division": "C07",
    "cluster": "Cluster-1",
    "source": "https://delhishelterboard.in/occupancy-report/index-ag2.php (DUSIB 'District wise Night Shelters List', live occupancy report, fetched 2026-07-01 11:03 IST)",
    "geocode_confidence": "good",
    "notes": "Geocode hit falls within stated DUSIB district 'Central' polygon. Point-in-polygon matched to pre-2022 ward layer: 'Minto Road' (ward vintage is pre-2022 interim charges, not the 2022 unified-MCD 250-ward set)."
   }
  },
  {
   "type": "Feature",
   "geometry": {
    "type": "Point",
    "coordinates": [
     77.208875,
     28.626481
    ]
   },
   "properties": {
    "name": "Bangla Sahib Gurudwara 5",
    "zone": "New Delhi",
    "ward": "Ndmc Charge 4",
    "capacity": 20,
    "sanctioned_capacity": 20,
    "shelter_type": "tent",
    "seasonal": true,
    "day_service": false,
    "purpose": "General",
    "operating_agency": "SPYM",
    "ns_code": "695",
    "area_sqft": null,
    "division": "C05",
    "cluster": "Cluster-13",
    "source": "https://delhishelterboard.in/occupancy-report/index-ag2.php (DUSIB 'District wise Night Shelters List', live occupancy report, fetched 2026-07-01 11:03 IST)",
    "geocode_confidence": "good",
    "notes": "Geocode hit falls within stated DUSIB district 'New Delhi' polygon. Point-in-polygon matched to pre-2022 ward layer: 'Ndmc Charge 4' (ward vintage is pre-2022 interim charges, not the 2022 unified-MCD 250-ward set)."
   }
  },
  {
   "type": "Feature",
   "geometry": {
    "type": "Point",
    "coordinates": [
     77.208875,
     28.626481
    ]
   },
   "properties": {
    "name": "Bangla Sahib Gurudwara 6",
    "zone": "New Delhi",
    "ward": "Ndmc Charge 4",
    "capacity": 20,
    "sanctioned_capacity": 20,
    "shelter_type": "tent",
    "seasonal": true,
    "day_service": false,
    "purpose": "General",
    "operating_agency": "SPYM",
    "ns_code": "696",
    "area_sqft": null,
    "division": "C05",
    "cluster": "Cluster-13",
    "source": "https://delhishelterboard.in/occupancy-report/index-ag2.php (DUSIB 'District wise Night Shelters List', live occupancy report, fetched 2026-07-01 11:03 IST)",
    "geocode_confidence": "good",
    "notes": "Geocode hit falls within stated DUSIB district 'New Delhi' polygon. Point-in-polygon matched to pre-2022 ward layer: 'Ndmc Charge 4' (ward vintage is pre-2022 interim charges, not the 2022 unified-MCD 250-ward set)."
   }
  },
  {
   "type": "Feature",
   "geometry": {
    "type": "Point",
    "coordinates": [
     77.249519,
     28.554835
    ]
   },
   "properties": {
    "name": "Sant Nagar",
    "zone": "South East",
    "ward": "Greater Kailash-I",
    "capacity": 20,
    "sanctioned_capacity": 20,
    "shelter_type": "tent",
    "seasonal": true,
    "day_service": false,
    "purpose": "General",
    "operating_agency": "Janpahal",
    "ns_code": "697",
    "area_sqft": null,
    "division": "C06",
    "cluster": "Cluster-15",
    "source": "https://delhishelterboard.in/occupancy-report/index-ag2.php (DUSIB 'District wise Night Shelters List', live occupancy report, fetched 2026-07-01 11:03 IST)",
    "geocode_confidence": "good",
    "notes": "Geocode hit falls within stated DUSIB district 'South East' polygon. Point-in-polygon matched to pre-2022 ward layer: 'Greater Kailash-I' (ward vintage is pre-2022 interim charges, not the 2022 unified-MCD 250-ward set)."
   }
  },
  {
   "type": "Feature",
   "geometry": {
    "type": "Point",
    "coordinates": [
     77.252953,
     28.549257
    ]
   },
   "properties": {
    "name": "Nehru Place DDA Park",
    "zone": "South",
    "ward": "Greater Kailash-I",
    "capacity": 20,
    "sanctioned_capacity": 20,
    "shelter_type": "tent",
    "seasonal": true,
    "day_service": false,
    "purpose": "General",
    "operating_agency": "Janpahal",
    "ns_code": "698",
    "area_sqft": "600",
    "division": "C06",
    "cluster": "Cluster-15",
    "source": "https://delhishelterboard.in/occupancy-report/index-ag2.php (DUSIB 'District wise Night Shelters List', live occupancy report, fetched 2026-07-01 11:03 IST)",
    "geocode_confidence": "good",
    "notes": "Geocode hit is near (<~3km) the stated district 'South' polygon boundary. Point-in-polygon matched to pre-2022 ward layer: 'Greater Kailash-I' (ward vintage is pre-2022 interim charges, not the 2022 unified-MCD 250-ward set)."
   }
  },
  {
   "type": "Feature",
   "geometry": {
    "type": "Point",
    "coordinates": [
     77.047951,
     28.605974
    ]
   },
   "properties": {
    "name": "Dwarka Sector-3 Phase-III Ground Floor",
    "zone": "South West",
    "ward": "Matiala",
    "capacity": 60,
    "sanctioned_capacity": 150,
    "shelter_type": "permanent",
    "seasonal": false,
    "day_service": false,
    "purpose": "General",
    "operating_agency": "Safe Approach for Nascent Termination of Social Hazard",
    "ns_code": "701",
    "area_sqft": null,
    "division": "C01",
    "cluster": "Cluster-6",
    "source": "https://delhishelterboard.in/occupancy-report/index-ag2.php (DUSIB 'District wise Night Shelters List', live occupancy report, fetched 2026-07-01 11:03 IST)",
    "geocode_confidence": "good",
    "notes": "Geocode hit is near (<~3km) the stated district 'South West' polygon boundary. Point-in-polygon matched to pre-2022 ward layer: 'Matiala' (ward vintage is pre-2022 interim charges, not the 2022 unified-MCD 250-ward set)."
   }
  },
  {
   "type": "Feature",
   "geometry": {
    "type": "Point",
    "coordinates": [
     77.047951,
     28.605974
    ]
   },
   "properties": {
    "name": "Dwarka Sector-3 Phase-III First Floor",
    "zone": "South West",
    "ward": "Matiala",
    "capacity": 60,
    "sanctioned_capacity": 150,
    "shelter_type": "permanent",
    "seasonal": false,
    "day_service": false,
    "purpose": "General",
    "operating_agency": "Safe Approach for Nascent Termination of Social Hazard",
    "ns_code": "702",
    "area_sqft": null,
    "division": "C01",
    "cluster": "Cluster-6",
    "source": "https://delhishelterboard.in/occupancy-report/index-ag2.php (DUSIB 'District wise Night Shelters List', live occupancy report, fetched 2026-07-01 11:03 IST)",
    "geocode_confidence": "good",
    "notes": "Geocode hit is near (<~3km) the stated district 'South West' polygon boundary. Point-in-polygon matched to pre-2022 ward layer: 'Matiala' (ward vintage is pre-2022 interim charges, not the 2022 unified-MCD 250-ward set)."
   }
  },
  {
   "type": "Feature",
   "geometry": {
    "type": "Point",
    "coordinates": [
     77.275,
     28.651089
    ]
   },
   "properties": {
    "name": "Geeta Colony First Floor",
    "zone": "East",
    "ward": "Geeta Colony",
    "capacity": 42,
    "sanctioned_capacity": 104,
    "shelter_type": "permanent",
    "seasonal": false,
    "day_service": false,
    "purpose": "General",
    "operating_agency": "Maa Astha Samajik Vikas Sewa Sansthan",
    "ns_code": "703",
    "area_sqft": null,
    "division": "C09",
    "cluster": "Cluster-12",
    "source": "https://delhishelterboard.in/occupancy-report/index-ag2.php (DUSIB 'District wise Night Shelters List', live occupancy report, fetched 2026-07-01 11:03 IST)",
    "geocode_confidence": "good",
    "notes": "Geocode hit falls within stated DUSIB district 'East' polygon. Point-in-polygon matched to pre-2022 ward layer: 'Geeta Colony' (ward vintage is pre-2022 interim charges, not the 2022 unified-MCD 250-ward set)."
   }
  },
  {
   "type": "Feature",
   "geometry": {
    "type": "Point",
    "coordinates": [
     77.275,
     28.651089
    ]
   },
   "properties": {
    "name": "Geeta Colony Second Floor",
    "zone": "East",
    "ward": "Geeta Colony",
    "capacity": 42,
    "sanctioned_capacity": 104,
    "shelter_type": "permanent",
    "seasonal": false,
    "day_service": false,
    "purpose": "General",
    "operating_agency": "Maa Astha Samajik Vikas Sewa Sansthan",
    "ns_code": "704",
    "area_sqft": null,
    "division": "C09",
    "cluster": "Cluster-12",
    "source": "https://delhishelterboard.in/occupancy-report/index-ag2.php (DUSIB 'District wise Night Shelters List', live occupancy report, fetched 2026-07-01 11:03 IST)",
    "geocode_confidence": "good",
    "notes": "Geocode hit falls within stated DUSIB district 'East' polygon. Point-in-polygon matched to pre-2022 ward layer: 'Geeta Colony' (ward vintage is pre-2022 interim charges, not the 2022 unified-MCD 250-ward set)."
   }
  },
  {
   "type": "Feature",
   "geometry": {
    "type": "Point",
    "coordinates": [
     77.148609,
     28.577165
    ]
   },
   "properties": {
    "name": "Bikaji Kama Place Opposite Hayat Hotel",
    "zone": "New Delhi",
    "ward": null,
    "capacity": 20,
    "sanctioned_capacity": 20,
    "shelter_type": "tent",
    "seasonal": true,
    "day_service": false,
    "purpose": "General",
    "operating_agency": "SPYM",
    "ns_code": "705",
    "area_sqft": null,
    "division": "C05",
    "cluster": "Cluster-14",
    "source": "https://delhishelterboard.in/occupancy-report/index-ag2.php (DUSIB 'District wise Night Shelters List', live occupancy report, fetched 2026-07-01 11:03 IST)",
    "geocode_confidence": "approximate",
    "notes": "Geocoding (Nominatim/Photon) failed or was rate-limited for this address; placed at the centroid of DUSIB's stated district 'New Delhi' as a fallback. Location is only accurate to district scale, not the actual site."
   }
  },
  {
   "type": "Feature",
   "geometry": {
    "type": "Point",
    "coordinates": [
     77.243298,
     28.541506
    ]
   },
   "properties": {
    "name": "R. K. Puram Near Hayat Hotel",
    "zone": "New Delhi",
    "ward": null,
    "capacity": 20,
    "sanctioned_capacity": 20,
    "shelter_type": "tent",
    "seasonal": true,
    "day_service": false,
    "purpose": "General",
    "operating_agency": "SPYM",
    "ns_code": "706",
    "area_sqft": null,
    "division": "C05",
    "cluster": "Cluster-14",
    "source": "https://delhishelterboard.in/occupancy-report/index-ag2.php (DUSIB 'District wise Night Shelters List', live occupancy report, fetched 2026-07-01 11:03 IST)",
    "geocode_confidence": "approximate",
    "notes": "Geocode hit falls outside the stated district 'New Delhi' polygon (~4.7 km away); geocoder likely matched a same-named or similarly-described locality elsewhere in Delhi. Coordinates kept but flagged approximate."
   }
  },
  {
   "type": "Feature",
   "geometry": {
    "type": "Point",
    "coordinates": [
     77.276458,
     28.701339
    ]
   },
   "properties": {
    "name": "Old Yamuna Bridge 2",
    "zone": "North East",
    "ward": "Yamuna Vihar",
    "capacity": 20,
    "sanctioned_capacity": 20,
    "shelter_type": "tent",
    "seasonal": true,
    "day_service": false,
    "purpose": "General",
    "operating_agency": "Sadik Masih Medical Social Servant Society",
    "ns_code": "707",
    "area_sqft": "600",
    "division": "C07",
    "cluster": "Cluster-9",
    "source": "https://delhishelterboard.in/occupancy-report/index-ag2.php (DUSIB 'District wise Night Shelters List', live occupancy report, fetched 2026-07-01 11:03 IST)",
    "geocode_confidence": "good",
    "notes": "Geocode hit falls within stated DUSIB district 'North East' polygon. Point-in-polygon matched to pre-2022 ward layer: 'Yamuna Vihar' (ward vintage is pre-2022 interim charges, not the 2022 unified-MCD 250-ward set)."
   }
  },
  {
   "type": "Feature",
   "geometry": {
    "type": "Point",
    "coordinates": [
     77.283035,
     28.619553
    ]
   },
   "properties": {
    "name": "Pandav Nagar",
    "zone": "East",
    "ward": "Pandav Nagar",
    "capacity": 20,
    "sanctioned_capacity": 20,
    "shelter_type": "tent",
    "seasonal": true,
    "day_service": false,
    "purpose": "General",
    "operating_agency": "Maa Astha Samajik Vikas Sewa Sansthan",
    "ns_code": "708",
    "area_sqft": null,
    "division": "C09",
    "cluster": "Cluster-12",
    "source": "https://delhishelterboard.in/occupancy-report/index-ag2.php (DUSIB 'District wise Night Shelters List', live occupancy report, fetched 2026-07-01 11:03 IST)",
    "geocode_confidence": "good",
    "notes": "Geocode hit falls within stated DUSIB district 'East' polygon. Point-in-polygon matched to pre-2022 ward layer: 'Pandav Nagar' (ward vintage is pre-2022 interim charges, not the 2022 unified-MCD 250-ward set)."
   }
  },
  {
   "type": "Feature",
   "geometry": {
    "type": "Point",
    "coordinates": [
     77.250522,
     28.504428
    ]
   },
   "properties": {
    "name": "Badarpur near Girl School (NTPC)",
    "zone": "South East",
    "ward": "Sangam Vihar East",
    "capacity": 20,
    "sanctioned_capacity": 20,
    "shelter_type": "tent",
    "seasonal": true,
    "day_service": false,
    "purpose": "General",
    "operating_agency": "SPYM",
    "ns_code": "709",
    "area_sqft": null,
    "division": "C06",
    "cluster": "Cluster-14",
    "source": "https://delhishelterboard.in/occupancy-report/index-ag2.php (DUSIB 'District wise Night Shelters List', live occupancy report, fetched 2026-07-01 11:03 IST)",
    "geocode_confidence": "good",
    "notes": "Geocode hit falls within stated DUSIB district 'South East' polygon. Point-in-polygon matched to pre-2022 ward layer: 'Sangam Vihar East' (ward vintage is pre-2022 interim charges, not the 2022 unified-MCD 250-ward set)."
   }
  },
  {
   "type": "Feature",
   "geometry": {
    "type": "Point",
    "coordinates": [
     77.298735,
     28.677133
    ]
   },
   "properties": {
    "name": "IHBAS Mental Hospital-1 near GTB Hospital",
    "zone": "Shahdara",
    "ward": null,
    "capacity": 20,
    "sanctioned_capacity": 20,
    "shelter_type": "tent",
    "seasonal": true,
    "day_service": false,
    "purpose": "General",
    "operating_agency": "Rachna Womens Development Association",
    "ns_code": "710",
    "area_sqft": null,
    "division": "C08",
    "cluster": "Cluster-10",
    "source": "https://delhishelterboard.in/occupancy-report/index-ag2.php (DUSIB 'District wise Night Shelters List', live occupancy report, fetched 2026-07-01 11:03 IST)",
    "geocode_confidence": "approximate",
    "notes": "Geocoding (Nominatim/Photon) failed or was rate-limited for this address; placed at the centroid of DUSIB's stated district 'Shahdara' as a fallback. Location is only accurate to district scale, not the actual site."
   }
  },
  {
   "type": "Feature",
   "geometry": {
    "type": "Point",
    "coordinates": [
     77.290193,
     28.603406
    ]
   },
   "properties": {
    "name": "Mayur Vihar Phase-I near Metro Station",
    "zone": "East",
    "ward": "Patparganj",
    "capacity": 20,
    "sanctioned_capacity": 20,
    "shelter_type": "tent",
    "seasonal": true,
    "day_service": false,
    "purpose": "General",
    "operating_agency": "Maa Astha Samajik Vikas Sewa Sansthan",
    "ns_code": "711",
    "area_sqft": null,
    "division": "C09",
    "cluster": "Cluster-12",
    "source": "https://delhishelterboard.in/occupancy-report/index-ag2.php (DUSIB 'District wise Night Shelters List', live occupancy report, fetched 2026-07-01 11:03 IST)",
    "geocode_confidence": "good",
    "notes": "Geocode hit falls within stated DUSIB district 'East' polygon. Point-in-polygon matched to pre-2022 ward layer: 'Patparganj' (ward vintage is pre-2022 interim charges, not the 2022 unified-MCD 250-ward set)."
   }
  },
  {
   "type": "Feature",
   "geometry": {
    "type": "Point",
    "coordinates": [
     77.17601,
     28.573354
    ]
   },
   "properties": {
    "name": "R.K. Puram Sector 12 near Vasant Vihar",
    "zone": "New Delhi",
    "ward": "R. K. Puram",
    "capacity": 20,
    "sanctioned_capacity": 20,
    "shelter_type": "tent",
    "seasonal": true,
    "day_service": false,
    "purpose": "General",
    "operating_agency": "SPYM",
    "ns_code": "712",
    "area_sqft": "600",
    "division": "C05",
    "cluster": "Cluster-14",
    "source": "https://delhishelterboard.in/occupancy-report/index-ag2.php (DUSIB 'District wise Night Shelters List', live occupancy report, fetched 2026-07-01 11:03 IST)",
    "geocode_confidence": "good",
    "notes": "Geocode hit falls within stated DUSIB district 'New Delhi' polygon. Point-in-polygon matched to pre-2022 ward layer: 'R. K. Puram' (ward vintage is pre-2022 interim charges, not the 2022 unified-MCD 250-ward set)."
   }
  },
  {
   "type": "Feature",
   "geometry": {
    "type": "Point",
    "coordinates": [
     77.279212,
     28.701063
    ]
   },
   "properties": {
    "name": "Old Yamuna Bridge 3",
    "zone": "North East",
    "ward": "Yamuna Vihar",
    "capacity": 20,
    "sanctioned_capacity": 20,
    "shelter_type": "tent",
    "seasonal": true,
    "day_service": false,
    "purpose": "General",
    "operating_agency": "Sadik Masih Medical Social Servant Society",
    "ns_code": "713",
    "area_sqft": "600",
    "division": "C07",
    "cluster": "Cluster-9",
    "source": "https://delhishelterboard.in/occupancy-report/index-ag2.php (DUSIB 'District wise Night Shelters List', live occupancy report, fetched 2026-07-01 11:03 IST)",
    "geocode_confidence": "good",
    "notes": "Geocode hit falls within stated DUSIB district 'North East' polygon. Point-in-polygon matched to pre-2022 ward layer: 'Yamuna Vihar' (ward vintage is pre-2022 interim charges, not the 2022 unified-MCD 250-ward set)."
   }
  },
  {
   "type": "Feature",
   "geometry": {
    "type": "Point",
    "coordinates": [
     77.282159,
     28.700775
    ]
   },
   "properties": {
    "name": "Old Yamuna Bridge 4",
    "zone": "North East",
    "ward": "Yamuna Vihar",
    "capacity": 20,
    "sanctioned_capacity": 20,
    "shelter_type": "tent",
    "seasonal": true,
    "day_service": false,
    "purpose": "General",
    "operating_agency": "Sadik Masih Medical Social Servant Society",
    "ns_code": "714",
    "area_sqft": "600",
    "division": "C07",
    "cluster": "Cluster-9",
    "source": "https://delhishelterboard.in/occupancy-report/index-ag2.php (DUSIB 'District wise Night Shelters List', live occupancy report, fetched 2026-07-01 11:03 IST)",
    "geocode_confidence": "good",
    "notes": "Geocode hit falls within stated DUSIB district 'North East' polygon. Point-in-polygon matched to pre-2022 ward layer: 'Yamuna Vihar' (ward vintage is pre-2022 interim charges, not the 2022 unified-MCD 250-ward set)."
   }
  },
  {
   "type": "Feature",
   "geometry": {
    "type": "Point",
    "coordinates": [
     77.2984,
     28.590469
    ]
   },
   "properties": {
    "name": "Holiday Inn Hotel Mayur Vihar",
    "zone": "East",
    "ward": "Trilok Puri",
    "capacity": 20,
    "sanctioned_capacity": 20,
    "shelter_type": "tent",
    "seasonal": true,
    "day_service": false,
    "purpose": "General",
    "operating_agency": "Maa Astha Samajik Vikas Sewa Sansthan",
    "ns_code": "717",
    "area_sqft": null,
    "division": "C09",
    "cluster": "Cluster-12",
    "source": "https://delhishelterboard.in/occupancy-report/index-ag2.php (DUSIB 'District wise Night Shelters List', live occupancy report, fetched 2026-07-01 11:03 IST)",
    "geocode_confidence": "good",
    "notes": "Geocode hit is near (<~3km) the stated district 'East' polygon boundary. Point-in-polygon matched to pre-2022 ward layer: 'Trilok Puri' (ward vintage is pre-2022 interim charges, not the 2022 unified-MCD 250-ward set)."
   }
  },
  {
   "type": "Feature",
   "geometry": {
    "type": "Point",
    "coordinates": [
     77.272958,
     28.542203
    ]
   },
   "properties": {
    "name": "Badarpur MCD Toll Plaza near NS 213",
    "zone": "South East",
    "ward": null,
    "capacity": 20,
    "sanctioned_capacity": 20,
    "shelter_type": "tent",
    "seasonal": true,
    "day_service": false,
    "purpose": "General",
    "operating_agency": "SPYM",
    "ns_code": "722",
    "area_sqft": null,
    "division": "C06",
    "cluster": "Cluster-14",
    "source": "https://delhishelterboard.in/occupancy-report/index-ag2.php (DUSIB 'District wise Night Shelters List', live occupancy report, fetched 2026-07-01 11:03 IST)",
    "geocode_confidence": "approximate",
    "notes": "Geocoding (Nominatim/Photon) failed or was rate-limited for this address; placed at the centroid of DUSIB's stated district 'South East' as a fallback. Location is only accurate to district scale, not the actual site."
   }
  },
  {
   "type": "Feature",
   "geometry": {
    "type": "Point",
    "coordinates": [
     77.148609,
     28.577165
    ]
   },
   "properties": {
    "name": "R.K. Puram Sector 12 near Auxilium Convent School",
    "zone": "New Delhi",
    "ward": null,
    "capacity": 20,
    "sanctioned_capacity": 20,
    "shelter_type": "tent",
    "seasonal": true,
    "day_service": false,
    "purpose": "General",
    "operating_agency": "SPYM",
    "ns_code": "727",
    "area_sqft": "600",
    "division": "C05",
    "cluster": "Cluster-14",
    "source": "https://delhishelterboard.in/occupancy-report/index-ag2.php (DUSIB 'District wise Night Shelters List', live occupancy report, fetched 2026-07-01 11:03 IST)",
    "geocode_confidence": "approximate",
    "notes": "Geocoding (Nominatim/Photon) failed or was rate-limited for this address; placed at the centroid of DUSIB's stated district 'New Delhi' as a fallback. Location is only accurate to district scale, not the actual site."
   }
  },
  {
   "type": "Feature",
   "geometry": {
    "type": "Point",
    "coordinates": [
     77.272958,
     28.542203
    ]
   },
   "properties": {
    "name": "Lodhi Road-2 near Bus Stop Sai Baba Temple",
    "zone": "South East",
    "ward": null,
    "capacity": 20,
    "sanctioned_capacity": 20,
    "shelter_type": "tent",
    "seasonal": true,
    "day_service": false,
    "purpose": "General",
    "operating_agency": "SPYM",
    "ns_code": "728",
    "area_sqft": "600",
    "division": "C05",
    "cluster": "Cluster-13",
    "source": "https://delhishelterboard.in/occupancy-report/index-ag2.php (DUSIB 'District wise Night Shelters List', live occupancy report, fetched 2026-07-01 11:03 IST)",
    "geocode_confidence": "approximate",
    "notes": "Geocoding (Nominatim/Photon) failed or was rate-limited for this address; placed at the centroid of DUSIB's stated district 'South East' as a fallback. Location is only accurate to district scale, not the actual site."
   }
  },
  {
   "type": "Feature",
   "geometry": {
    "type": "Point",
    "coordinates": [
     77.111781,
     28.711416
    ]
   },
   "properties": {
    "name": "Rohini Avantika Sector 1 First Floor",
    "zone": "North West",
    "ward": "Rithala",
    "capacity": 20,
    "sanctioned_capacity": 50,
    "shelter_type": "permanent",
    "seasonal": false,
    "day_service": false,
    "purpose": "General",
    "operating_agency": "Maa Astha Samajik Vikas Sewa Sansthan",
    "ns_code": "730",
    "area_sqft": null,
    "division": "C12",
    "cluster": "Cluster-16",
    "source": "https://delhishelterboard.in/occupancy-report/index-ag2.php (DUSIB 'District wise Night Shelters List', live occupancy report, fetched 2026-07-01 11:03 IST)",
    "geocode_confidence": "good",
    "notes": "Geocode hit falls within stated DUSIB district 'North West' polygon. Point-in-polygon matched to pre-2022 ward layer: 'Rithala' (ward vintage is pre-2022 interim charges, not the 2022 unified-MCD 250-ward set)."
   }
  },
  {
   "type": "Feature",
   "geometry": {
    "type": "Point",
    "coordinates": [
     77.111781,
     28.711416
    ]
   },
   "properties": {
    "name": "Rohini Avantika Sector 1 Second Floor",
    "zone": "North West",
    "ward": "Rithala",
    "capacity": 20,
    "sanctioned_capacity": 50,
    "shelter_type": "permanent",
    "seasonal": false,
    "day_service": false,
    "purpose": "General",
    "operating_agency": "Maa Astha Samajik Vikas Sewa Sansthan",
    "ns_code": "731",
    "area_sqft": null,
    "division": "C12",
    "cluster": "Cluster-16",
    "source": "https://delhishelterboard.in/occupancy-report/index-ag2.php (DUSIB 'District wise Night Shelters List', live occupancy report, fetched 2026-07-01 11:03 IST)",
    "geocode_confidence": "good",
    "notes": "Geocode hit falls within stated DUSIB district 'North West' polygon. Point-in-polygon matched to pre-2022 ward layer: 'Rithala' (ward vintage is pre-2022 interim charges, not the 2022 unified-MCD 250-ward set)."
   }
  },
  {
   "type": "Feature",
   "geometry": {
    "type": "Point",
    "coordinates": [
     77.111781,
     28.711416
    ]
   },
   "properties": {
    "name": "Rohini Avantika Sector 1 Third Floor",
    "zone": "North West",
    "ward": "Rithala",
    "capacity": 20,
    "sanctioned_capacity": 50,
    "shelter_type": "permanent",
    "seasonal": false,
    "day_service": false,
    "purpose": "General",
    "operating_agency": "Maa Astha Samajik Vikas Sewa Sansthan",
    "ns_code": "732",
    "area_sqft": null,
    "division": "C12",
    "cluster": "Cluster-16",
    "source": "https://delhishelterboard.in/occupancy-report/index-ag2.php (DUSIB 'District wise Night Shelters List', live occupancy report, fetched 2026-07-01 11:03 IST)",
    "geocode_confidence": "good",
    "notes": "Geocode hit falls within stated DUSIB district 'North West' polygon. Point-in-polygon matched to pre-2022 ward layer: 'Rithala' (ward vintage is pre-2022 interim charges, not the 2022 unified-MCD 250-ward set)."
   }
  },
  {
   "type": "Feature",
   "geometry": {
    "type": "Point",
    "coordinates": [
     77.067249,
     28.719451
    ]
   },
   "properties": {
    "name": "Sector-22 Rohini First Floor",
    "zone": "North West",
    "ward": "Pooth Kalan",
    "capacity": 20,
    "sanctioned_capacity": 50,
    "shelter_type": "permanent",
    "seasonal": false,
    "day_service": false,
    "purpose": "General",
    "operating_agency": "Maa Astha Samajik Vikas Sewa Sansthan",
    "ns_code": "733",
    "area_sqft": null,
    "division": "C12",
    "cluster": "Cluster-16",
    "source": "https://delhishelterboard.in/occupancy-report/index-ag2.php (DUSIB 'District wise Night Shelters List', live occupancy report, fetched 2026-07-01 11:03 IST)",
    "geocode_confidence": "good",
    "notes": "Geocode hit falls within stated DUSIB district 'North West' polygon. Point-in-polygon matched to pre-2022 ward layer: 'Pooth Kalan' (ward vintage is pre-2022 interim charges, not the 2022 unified-MCD 250-ward set)."
   }
  },
  {
   "type": "Feature",
   "geometry": {
    "type": "Point",
    "coordinates": [
     77.067249,
     28.719451
    ]
   },
   "properties": {
    "name": "Sector-22 Rohini Second Floor",
    "zone": "North West",
    "ward": "Pooth Kalan",
    "capacity": 20,
    "sanctioned_capacity": 50,
    "shelter_type": "permanent",
    "seasonal": false,
    "day_service": false,
    "purpose": "General",
    "operating_agency": "Maa Astha Samajik Vikas Sewa Sansthan",
    "ns_code": "734",
    "area_sqft": null,
    "division": "C12",
    "cluster": "Cluster-16",
    "source": "https://delhishelterboard.in/occupancy-report/index-ag2.php (DUSIB 'District wise Night Shelters List', live occupancy report, fetched 2026-07-01 11:03 IST)",
    "geocode_confidence": "good",
    "notes": "Geocode hit falls within stated DUSIB district 'North West' polygon. Point-in-polygon matched to pre-2022 ward layer: 'Pooth Kalan' (ward vintage is pre-2022 interim charges, not the 2022 unified-MCD 250-ward set)."
   }
  },
  {
   "type": "Feature",
   "geometry": {
    "type": "Point",
    "coordinates": [
     77.067249,
     28.719451
    ]
   },
   "properties": {
    "name": "Sector-22 Rohini Third Floor",
    "zone": "North West",
    "ward": "Pooth Kalan",
    "capacity": 20,
    "sanctioned_capacity": 50,
    "shelter_type": "permanent",
    "seasonal": false,
    "day_service": false,
    "purpose": "General",
    "operating_agency": "Maa Astha Samajik Vikas Sewa Sansthan",
    "ns_code": "735",
    "area_sqft": null,
    "division": "C12",
    "cluster": "Cluster-16",
    "source": "https://delhishelterboard.in/occupancy-report/index-ag2.php (DUSIB 'District wise Night Shelters List', live occupancy report, fetched 2026-07-01 11:03 IST)",
    "geocode_confidence": "good",
    "notes": "Geocode hit falls within stated DUSIB district 'North West' polygon. Point-in-polygon matched to pre-2022 ward layer: 'Pooth Kalan' (ward vintage is pre-2022 interim charges, not the 2022 unified-MCD 250-ward set)."
   }
  },
  {
   "type": "Feature",
   "geometry": {
    "type": "Point",
    "coordinates": [
     77.256021,
     28.550216
    ]
   },
   "properties": {
    "name": "Kalkaji Mandir 3",
    "zone": "South East",
    "ward": "East Of Kailash",
    "capacity": 20,
    "sanctioned_capacity": 20,
    "shelter_type": "tent",
    "seasonal": true,
    "day_service": false,
    "purpose": "General",
    "operating_agency": "Janpahal",
    "ns_code": "736",
    "area_sqft": "600",
    "division": "C06",
    "cluster": "Cluster-15",
    "source": "https://delhishelterboard.in/occupancy-report/index-ag2.php (DUSIB 'District wise Night Shelters List', live occupancy report, fetched 2026-07-01 11:03 IST)",
    "geocode_confidence": "good",
    "notes": "Geocode hit falls within stated DUSIB district 'South East' polygon. Point-in-polygon matched to pre-2022 ward layer: 'East Of Kailash' (ward vintage is pre-2022 interim charges, not the 2022 unified-MCD 250-ward set)."
   }
  },
  {
   "type": "Feature",
   "geometry": {
    "type": "Point",
    "coordinates": [
     77.26868,
     28.556379
    ]
   },
   "properties": {
    "name": "Modi Floor Mill-2",
    "zone": "South East",
    "ward": "Sri Niwaspuri",
    "capacity": 10,
    "sanctioned_capacity": 10,
    "shelter_type": "tent",
    "seasonal": true,
    "day_service": false,
    "purpose": "General",
    "operating_agency": "SPYM",
    "ns_code": "739",
    "area_sqft": null,
    "division": "C06",
    "cluster": "Cluster-14",
    "source": "https://delhishelterboard.in/occupancy-report/index-ag2.php (DUSIB 'District wise Night Shelters List', live occupancy report, fetched 2026-07-01 11:03 IST)",
    "geocode_confidence": "good",
    "notes": "Geocode hit falls within stated DUSIB district 'South East' polygon. Point-in-polygon matched to pre-2022 ward layer: 'Sri Niwaspuri' (ward vintage is pre-2022 interim charges, not the 2022 unified-MCD 250-ward set)."
   }
  },
  {
   "type": "Feature",
   "geometry": {
    "type": "Point",
    "coordinates": [
     77.262843,
     28.558247
    ]
   },
   "properties": {
    "name": "Okhla Mandi-3",
    "zone": "South",
    "ward": "East Of Kailash",
    "capacity": 20,
    "sanctioned_capacity": 20,
    "shelter_type": "tent",
    "seasonal": true,
    "day_service": false,
    "purpose": "General",
    "operating_agency": "SPYM",
    "ns_code": "740",
    "area_sqft": null,
    "division": "C05",
    "cluster": "Cluster-14",
    "source": "https://delhishelterboard.in/occupancy-report/index-ag2.php (DUSIB 'District wise Night Shelters List', live occupancy report, fetched 2026-07-01 11:03 IST)",
    "geocode_confidence": "good",
    "notes": "Geocode hit is near (<~3km) the stated district 'South' polygon boundary. Point-in-polygon matched to pre-2022 ward layer: 'East Of Kailash' (ward vintage is pre-2022 interim charges, not the 2022 unified-MCD 250-ward set)."
   }
  },
  {
   "type": "Feature",
   "geometry": {
    "type": "Point",
    "coordinates": [
     77.148609,
     28.577165
    ]
   },
   "properties": {
    "name": "AIIMS near Yusuf Sarai",
    "zone": "New Delhi",
    "ward": null,
    "capacity": 20,
    "sanctioned_capacity": 20,
    "shelter_type": "tent",
    "seasonal": true,
    "day_service": false,
    "purpose": "General",
    "operating_agency": "SPYM",
    "ns_code": "741",
    "area_sqft": null,
    "division": "C05",
    "cluster": "Cluster-14",
    "source": "https://delhishelterboard.in/occupancy-report/index-ag2.php (DUSIB 'District wise Night Shelters List', live occupancy report, fetched 2026-07-01 11:03 IST)",
    "geocode_confidence": "approximate",
    "notes": "Geocoding (Nominatim/Photon) failed or was rate-limited for this address; placed at the centroid of DUSIB's stated district 'New Delhi' as a fallback. Location is only accurate to district scale, not the actual site."
   }
  },
  {
   "type": "Feature",
   "geometry": {
    "type": "Point",
    "coordinates": [
     77.272958,
     28.542203
    ]
   },
   "properties": {
    "name": "Lodhi Road-3 near Sai Baba Mandir",
    "zone": "South East",
    "ward": null,
    "capacity": 20,
    "sanctioned_capacity": 20,
    "shelter_type": "tent",
    "seasonal": true,
    "day_service": false,
    "purpose": "General",
    "operating_agency": "SPYM",
    "ns_code": "742",
    "area_sqft": null,
    "division": "C05",
    "cluster": "Cluster-13",
    "source": "https://delhishelterboard.in/occupancy-report/index-ag2.php (DUSIB 'District wise Night Shelters List', live occupancy report, fetched 2026-07-01 11:03 IST)",
    "geocode_confidence": "approximate",
    "notes": "Geocoding (Nominatim/Photon) failed or was rate-limited for this address; placed at the centroid of DUSIB's stated district 'South East' as a fallback. Location is only accurate to district scale, not the actual site."
   }
  },
  {
   "type": "Feature",
   "geometry": {
    "type": "Point",
    "coordinates": [
     77.272958,
     28.542203
    ]
   },
   "properties": {
    "name": "Nizamuddin near Flyover Tikona Park-5",
    "zone": "South East",
    "ward": null,
    "capacity": 20,
    "sanctioned_capacity": 20,
    "shelter_type": "tent",
    "seasonal": true,
    "day_service": false,
    "purpose": "General",
    "operating_agency": "SPYM",
    "ns_code": "743",
    "area_sqft": null,
    "division": "C05",
    "cluster": "Cluster-13",
    "source": "https://delhishelterboard.in/occupancy-report/index-ag2.php (DUSIB 'District wise Night Shelters List', live occupancy report, fetched 2026-07-01 11:03 IST)",
    "geocode_confidence": "approximate",
    "notes": "Geocoding (Nominatim/Photon) failed or was rate-limited for this address; placed at the centroid of DUSIB's stated district 'South East' as a fallback. Location is only accurate to district scale, not the actual site."
   }
  },
  {
   "type": "Feature",
   "geometry": {
    "type": "Point",
    "coordinates": [
     77.126009,
     28.707265
    ]
   },
   "properties": {
    "name": "Welcome-4",
    "zone": "North East",
    "ward": null,
    "capacity": 20,
    "sanctioned_capacity": 20,
    "shelter_type": "tent",
    "seasonal": true,
    "day_service": false,
    "purpose": "General",
    "operating_agency": "Rachna Womens Development Association",
    "ns_code": "744",
    "area_sqft": null,
    "division": "C08",
    "cluster": "Cluster-10",
    "source": "https://delhishelterboard.in/occupancy-report/index-ag2.php (DUSIB 'District wise Night Shelters List', live occupancy report, fetched 2026-07-01 11:03 IST)",
    "geocode_confidence": "approximate",
    "notes": "Geocode hit falls outside the stated district 'North East' polygon (~11.4 km away); geocoder likely matched a same-named or similarly-described locality elsewhere in Delhi. Coordinates kept but flagged approximate."
   }
  },
  {
   "type": "Feature",
   "geometry": {
    "type": "Point",
    "coordinates": [
     77.304627,
     28.622129
    ]
   },
   "properties": {
    "name": "Chacha Nehru Hospital near Geeta Colony Flyover",
    "zone": "East",
    "ward": null,
    "capacity": 20,
    "sanctioned_capacity": 20,
    "shelter_type": "tent",
    "seasonal": true,
    "day_service": false,
    "purpose": "General",
    "operating_agency": "Maa Astha Samajik Vikas Sewa Sansthan",
    "ns_code": "745",
    "area_sqft": null,
    "division": "C09",
    "cluster": "Cluster-12",
    "source": "https://delhishelterboard.in/occupancy-report/index-ag2.php (DUSIB 'District wise Night Shelters List', live occupancy report, fetched 2026-07-01 11:03 IST)",
    "geocode_confidence": "approximate",
    "notes": "Geocoding (Nominatim/Photon) failed or was rate-limited for this address; placed at the centroid of DUSIB's stated district 'East' as a fallback. Location is only accurate to district scale, not the actual site."
   }
  },
  {
   "type": "Feature",
   "geometry": {
    "type": "Point",
    "coordinates": [
     77.304627,
     28.622129
    ]
   },
   "properties": {
    "name": "Chacha Nehru Hospital near Petrol Pump",
    "zone": "East",
    "ward": null,
    "capacity": 20,
    "sanctioned_capacity": 20,
    "shelter_type": "tent",
    "seasonal": true,
    "day_service": false,
    "purpose": "Families",
    "operating_agency": "Maa Astha Samajik Vikas Sewa Sansthan",
    "ns_code": "746",
    "area_sqft": null,
    "division": "C09",
    "cluster": "Cluster-12",
    "source": "https://delhishelterboard.in/occupancy-report/index-ag2.php (DUSIB 'District wise Night Shelters List', live occupancy report, fetched 2026-07-01 11:03 IST)",
    "geocode_confidence": "approximate",
    "notes": "Geocoding (Nominatim/Photon) failed or was rate-limited for this address; placed at the centroid of DUSIB's stated district 'East' as a fallback. Location is only accurate to district scale, not the actual site."
   }
  },
  {
   "type": "Feature",
   "geometry": {
    "type": "Point",
    "coordinates": [
     77.289217,
     28.60277
    ]
   },
   "properties": {
    "name": "Under DND Flyover Mayur Vihar",
    "zone": "East",
    "ward": "Trilok Puri",
    "capacity": 20,
    "sanctioned_capacity": 20,
    "shelter_type": "tent",
    "seasonal": true,
    "day_service": false,
    "purpose": "General",
    "operating_agency": "Maa Astha Samajik Vikas Sewa Sansthan",
    "ns_code": "747",
    "area_sqft": null,
    "division": "C09",
    "cluster": "Cluster-12",
    "source": "https://delhishelterboard.in/occupancy-report/index-ag2.php (DUSIB 'District wise Night Shelters List', live occupancy report, fetched 2026-07-01 11:03 IST)",
    "geocode_confidence": "good",
    "notes": "Geocode hit is near (<~3km) the stated district 'East' polygon boundary. Point-in-polygon matched to pre-2022 ward layer: 'Trilok Puri' (ward vintage is pre-2022 interim charges, not the 2022 unified-MCD 250-ward set)."
   }
  },
  {
   "type": "Feature",
   "geometry": {
    "type": "Point",
    "coordinates": [
     77.298735,
     28.677133
    ]
   },
   "properties": {
    "name": "IHBAS Mental Hospital-2 near GTB Hospital",
    "zone": "Shahdara",
    "ward": null,
    "capacity": 20,
    "sanctioned_capacity": 20,
    "shelter_type": "tent",
    "seasonal": true,
    "day_service": false,
    "purpose": "General",
    "operating_agency": "Rachna Womens Development Association",
    "ns_code": "748",
    "area_sqft": null,
    "division": "C08",
    "cluster": "Cluster-10",
    "source": "https://delhishelterboard.in/occupancy-report/index-ag2.php (DUSIB 'District wise Night Shelters List', live occupancy report, fetched 2026-07-01 11:03 IST)",
    "geocode_confidence": "approximate",
    "notes": "Geocoding (Nominatim/Photon) failed or was rate-limited for this address; placed at the centroid of DUSIB's stated district 'Shahdara' as a fallback. Location is only accurate to district scale, not the actual site."
   }
  },
  {
   "type": "Feature",
   "geometry": {
    "type": "Point",
    "coordinates": [
     77.093704,
     28.692675
    ]
   },
   "properties": {
    "name": "B Block Mangolpuri",
    "zone": "North West",
    "ward": "Mangolpuri  East",
    "capacity": 20,
    "sanctioned_capacity": 20,
    "shelter_type": "tent",
    "seasonal": true,
    "day_service": false,
    "purpose": "General",
    "operating_agency": "Maa Astha Samajik Vikas Sewa Sansthan",
    "ns_code": "752",
    "area_sqft": null,
    "division": "C03",
    "cluster": "Cluster-16",
    "source": "https://delhishelterboard.in/occupancy-report/index-ag2.php (DUSIB 'District wise Night Shelters List', live occupancy report, fetched 2026-07-01 11:03 IST)",
    "geocode_confidence": "good",
    "notes": "Geocode hit falls within stated DUSIB district 'North West' polygon. Point-in-polygon matched to pre-2022 ward layer: 'Mangolpuri  East' (ward vintage is pre-2022 interim charges, not the 2022 unified-MCD 250-ward set)."
   }
  },
  {
   "type": "Feature",
   "geometry": {
    "type": "Point",
    "coordinates": [
     77.043113,
     28.72527
    ]
   },
   "properties": {
    "name": "Keshav Puram near Britannia Chowk",
    "zone": "North West",
    "ward": null,
    "capacity": 20,
    "sanctioned_capacity": 20,
    "shelter_type": "tent",
    "seasonal": true,
    "day_service": false,
    "purpose": "General",
    "operating_agency": "Safe Approach for Nascent Termination of Social Hazard",
    "ns_code": "754",
    "area_sqft": null,
    "division": "C02",
    "cluster": "Cluster-7",
    "source": "https://delhishelterboard.in/occupancy-report/index-ag2.php (DUSIB 'District wise Night Shelters List', live occupancy report, fetched 2026-07-01 11:03 IST)",
    "geocode_confidence": "approximate",
    "notes": "Geocoding (Nominatim/Photon) failed or was rate-limited for this address; placed at the centroid of DUSIB's stated district 'North West' as a fallback. Location is only accurate to district scale, not the actual site."
   }
  },
  {
   "type": "Feature",
   "geometry": {
    "type": "Point",
    "coordinates": [
     77.043113,
     28.72527
    ]
   },
   "properties": {
    "name": "Britannia Chowk near NS 226",
    "zone": "North West",
    "ward": null,
    "capacity": 20,
    "sanctioned_capacity": 20,
    "shelter_type": "tent",
    "seasonal": true,
    "day_service": false,
    "purpose": "General",
    "operating_agency": "Safe Approach for Nascent Termination of Social Hazard",
    "ns_code": "755",
    "area_sqft": null,
    "division": "C02",
    "cluster": "Cluster-7",
    "source": "https://delhishelterboard.in/occupancy-report/index-ag2.php (DUSIB 'District wise Night Shelters List', live occupancy report, fetched 2026-07-01 11:03 IST)",
    "geocode_confidence": "approximate",
    "notes": "Geocoding (Nominatim/Photon) failed or was rate-limited for this address; placed at the centroid of DUSIB's stated district 'North West' as a fallback. Location is only accurate to district scale, not the actual site."
   }
  },
  {
   "type": "Feature",
   "geometry": {
    "type": "Point",
    "coordinates": [
     77.226012,
     28.698677
    ]
   },
   "properties": {
    "name": "Aruna colony Majnu ka Tilla First Floor",
    "zone": "North",
    "ward": "Majnu Ka Tila",
    "capacity": 50,
    "sanctioned_capacity": 50,
    "shelter_type": "temporary",
    "seasonal": false,
    "day_service": false,
    "purpose": "General",
    "operating_agency": "Jyoti Samajik Sewa Sanstha",
    "ns_code": "756",
    "area_sqft": null,
    "division": "C07",
    "cluster": "Cluster-5",
    "source": "https://delhishelterboard.in/occupancy-report/index-ag2.php (DUSIB 'District wise Night Shelters List', live occupancy report, fetched 2026-07-01 11:03 IST)",
    "geocode_confidence": "good",
    "notes": "Geocode hit is near (<~3km) the stated district 'North' polygon boundary. Point-in-polygon matched to pre-2022 ward layer: 'Majnu Ka Tila' (ward vintage is pre-2022 interim charges, not the 2022 unified-MCD 250-ward set)."
   }
  },
  {
   "type": "Feature",
   "geometry": {
    "type": "Point",
    "coordinates": [
     77.207324,
     28.647482
    ]
   },
   "properties": {
    "name": "A-Block Motia Khan First Floor",
    "zone": "Central",
    "ward": "Model Basti",
    "capacity": 30,
    "sanctioned_capacity": 30,
    "shelter_type": "temporary",
    "seasonal": false,
    "day_service": false,
    "purpose": "General",
    "operating_agency": "Jyoti Samajik Sewa Sanstha",
    "ns_code": "757",
    "area_sqft": null,
    "division": "C10",
    "cluster": "Cluster-4",
    "source": "https://delhishelterboard.in/occupancy-report/index-ag2.php (DUSIB 'District wise Night Shelters List', live occupancy report, fetched 2026-07-01 11:03 IST)",
    "geocode_confidence": "good",
    "notes": "Geocode hit falls within stated DUSIB district 'Central' polygon. Point-in-polygon matched to pre-2022 ward layer: 'Model Basti' (ward vintage is pre-2022 interim charges, not the 2022 unified-MCD 250-ward set)."
   }
  },
  {
   "type": "Feature",
   "geometry": {
    "type": "Point",
    "coordinates": [
     77.208114,
     28.672657
    ]
   },
   "properties": {
    "name": "Sarai Basti Ground Floor",
    "zone": "Central",
    "ward": "Malkaganj",
    "capacity": 40,
    "sanctioned_capacity": 40,
    "shelter_type": "temporary",
    "seasonal": false,
    "day_service": false,
    "purpose": "General",
    "operating_agency": "Jyoti Samajik Sewa Sanstha",
    "ns_code": "758",
    "area_sqft": null,
    "division": "C10",
    "cluster": "Cluster-4",
    "source": "https://delhishelterboard.in/occupancy-report/index-ag2.php (DUSIB 'District wise Night Shelters List', live occupancy report, fetched 2026-07-01 11:03 IST)",
    "geocode_confidence": "good",
    "notes": "Geocode hit falls within stated DUSIB district 'Central' polygon. Point-in-polygon matched to pre-2022 ward layer: 'Malkaganj' (ward vintage is pre-2022 interim charges, not the 2022 unified-MCD 250-ward set)."
   }
  },
  {
   "type": "Feature",
   "geometry": {
    "type": "Point",
    "coordinates": [
     77.263255,
     28.686912
    ]
   },
   "properties": {
    "name": "Welcome-5",
    "zone": "North East",
    "ward": "Braham Puri",
    "capacity": 20,
    "sanctioned_capacity": 20,
    "shelter_type": "tent",
    "seasonal": true,
    "day_service": false,
    "purpose": "General",
    "operating_agency": "Rachna Womens Development Association",
    "ns_code": "759",
    "area_sqft": null,
    "division": "C08",
    "cluster": "Cluster-10",
    "source": "https://delhishelterboard.in/occupancy-report/index-ag2.php (DUSIB 'District wise Night Shelters List', live occupancy report, fetched 2026-07-01 11:03 IST)",
    "geocode_confidence": "good",
    "notes": "Geocode hit falls within stated DUSIB district 'North East' polygon. Point-in-polygon matched to pre-2022 ward layer: 'Braham Puri' (ward vintage is pre-2022 interim charges, not the 2022 unified-MCD 250-ward set)."
   }
  },
  {
   "type": "Feature",
   "geometry": {
    "type": "Point",
    "coordinates": [
     77.224197,
     28.681568
    ]
   },
   "properties": {
    "name": "Gulabi Bagh 1 near Pratap Nagar Metro Station",
    "zone": "Central",
    "ward": null,
    "capacity": 20,
    "sanctioned_capacity": 20,
    "shelter_type": "tent",
    "seasonal": true,
    "day_service": false,
    "purpose": "General",
    "operating_agency": "Jyoti Samajik Sewa Sanstha",
    "ns_code": "761",
    "area_sqft": null,
    "division": "C10",
    "cluster": "Cluster-4",
    "source": "https://delhishelterboard.in/occupancy-report/index-ag2.php (DUSIB 'District wise Night Shelters List', live occupancy report, fetched 2026-07-01 11:03 IST)",
    "geocode_confidence": "approximate",
    "notes": "Geocoding (Nominatim/Photon) failed or was rate-limited for this address; placed at the centroid of DUSIB's stated district 'Central' as a fallback. Location is only accurate to district scale, not the actual site."
   }
  },
  {
   "type": "Feature",
   "geometry": {
    "type": "Point",
    "coordinates": [
     77.224197,
     28.681568
    ]
   },
   "properties": {
    "name": "Gulabi Bagh 2 near Pratap Nagar Metro Station",
    "zone": "Central",
    "ward": null,
    "capacity": 20,
    "sanctioned_capacity": 20,
    "shelter_type": "tent",
    "seasonal": true,
    "day_service": false,
    "purpose": "General",
    "operating_agency": "Jyoti Samajik Sewa Sanstha",
    "ns_code": "762",
    "area_sqft": null,
    "division": "C10",
    "cluster": "Cluster-4",
    "source": "https://delhishelterboard.in/occupancy-report/index-ag2.php (DUSIB 'District wise Night Shelters List', live occupancy report, fetched 2026-07-01 11:03 IST)",
    "geocode_confidence": "approximate",
    "notes": "Geocoding (Nominatim/Photon) failed or was rate-limited for this address; placed at the centroid of DUSIB's stated district 'Central' as a fallback. Location is only accurate to district scale, not the actual site."
   }
  },
  {
   "type": "Feature",
   "geometry": {
    "type": "Point",
    "coordinates": [
     77.107763,
     28.719867
    ]
   },
   "properties": {
    "name": "Rohini Sector 5 near Rithala Metro Station",
    "zone": "North West",
    "ward": "Rithala",
    "capacity": 20,
    "sanctioned_capacity": 20,
    "shelter_type": "tent",
    "seasonal": true,
    "day_service": false,
    "purpose": "General",
    "operating_agency": "Maa Astha Samajik Vikas Sewa Sansthan",
    "ns_code": "764",
    "area_sqft": null,
    "division": "C12",
    "cluster": "Cluster-16",
    "source": "https://delhishelterboard.in/occupancy-report/index-ag2.php (DUSIB 'District wise Night Shelters List', live occupancy report, fetched 2026-07-01 11:03 IST)",
    "geocode_confidence": "good",
    "notes": "Geocode hit falls within stated DUSIB district 'North West' polygon. Point-in-polygon matched to pre-2022 ward layer: 'Rithala' (ward vintage is pre-2022 interim charges, not the 2022 unified-MCD 250-ward set)."
   }
  },
  {
   "type": "Feature",
   "geometry": {
    "type": "Point",
    "coordinates": [
     77.064988,
     28.717851
    ]
   },
   "properties": {
    "name": "Rohini Sector 22 near Amar Vihar Thana",
    "zone": "North West",
    "ward": "Pooth Kalan",
    "capacity": 20,
    "sanctioned_capacity": 20,
    "shelter_type": "tent",
    "seasonal": true,
    "day_service": false,
    "purpose": "General",
    "operating_agency": "Maa Astha Samajik Vikas Sewa Sansthan",
    "ns_code": "765",
    "area_sqft": null,
    "division": "C12",
    "cluster": "Cluster-16",
    "source": "https://delhishelterboard.in/occupancy-report/index-ag2.php (DUSIB 'District wise Night Shelters List', live occupancy report, fetched 2026-07-01 11:03 IST)",
    "geocode_confidence": "good",
    "notes": "Geocode hit falls within stated DUSIB district 'North West' polygon. Point-in-polygon matched to pre-2022 ward layer: 'Pooth Kalan' (ward vintage is pre-2022 interim charges, not the 2022 unified-MCD 250-ward set)."
   }
  },
  {
   "type": "Feature",
   "geometry": {
    "type": "Point",
    "coordinates": [
     77.272958,
     28.542203
    ]
   },
   "properties": {
    "name": "Lodhi Road-4 near Sai Baba Mandir",
    "zone": "South East",
    "ward": null,
    "capacity": 10,
    "sanctioned_capacity": 10,
    "shelter_type": "tent",
    "seasonal": true,
    "day_service": false,
    "purpose": "General",
    "operating_agency": "SPYM",
    "ns_code": "771",
    "area_sqft": null,
    "division": "C05",
    "cluster": "Cluster-13",
    "source": "https://delhishelterboard.in/occupancy-report/index-ag2.php (DUSIB 'District wise Night Shelters List', live occupancy report, fetched 2026-07-01 11:03 IST)",
    "geocode_confidence": "approximate",
    "notes": "Geocoding (Nominatim/Photon) failed or was rate-limited for this address; placed at the centroid of DUSIB's stated district 'South East' as a fallback. Location is only accurate to district scale, not the actual site."
   }
  },
  {
   "type": "Feature",
   "geometry": {
    "type": "Point",
    "coordinates": [
     77.20747,
     28.566865
    ]
   },
   "properties": {
    "name": "AIIMS Gate No.3",
    "zone": "New Delhi",
    "ward": "Ndmc Charge 7",
    "capacity": 20,
    "sanctioned_capacity": 20,
    "shelter_type": "tent",
    "seasonal": true,
    "day_service": false,
    "purpose": "General",
    "operating_agency": "SPYM",
    "ns_code": "773",
    "area_sqft": null,
    "division": "C05",
    "cluster": "Cluster-14",
    "source": "https://delhishelterboard.in/occupancy-report/index-ag2.php (DUSIB 'District wise Night Shelters List', live occupancy report, fetched 2026-07-01 11:03 IST)",
    "geocode_confidence": "good",
    "notes": "Geocode hit is near (<~3km) the stated district 'New Delhi' polygon boundary. Point-in-polygon matched to pre-2022 ward layer: 'Ndmc Charge 7' (ward vintage is pre-2022 interim charges, not the 2022 unified-MCD 250-ward set)."
   }
  },
  {
   "type": "Feature",
   "geometry": {
    "type": "Point",
    "coordinates": [
     77.307459,
     28.685694
    ]
   },
   "properties": {
    "name": "GTB Hospital-3",
    "zone": "Shahdara",
    "ward": "Dilshad Garden",
    "capacity": 20,
    "sanctioned_capacity": 20,
    "shelter_type": "tent",
    "seasonal": true,
    "day_service": false,
    "purpose": "General",
    "operating_agency": "Rachna Womens Development Association",
    "ns_code": "774",
    "area_sqft": null,
    "division": "C08",
    "cluster": "Cluster-10",
    "source": "https://delhishelterboard.in/occupancy-report/index-ag2.php (DUSIB 'District wise Night Shelters List', live occupancy report, fetched 2026-07-01 11:03 IST)",
    "geocode_confidence": "good",
    "notes": "Geocode hit falls within stated DUSIB district 'Shahdara' polygon. Point-in-polygon matched to pre-2022 ward layer: 'Dilshad Garden' (ward vintage is pre-2022 interim charges, not the 2022 unified-MCD 250-ward set)."
   }
  },
  {
   "type": "Feature",
   "geometry": {
    "type": "Point",
    "coordinates": [
     77.298735,
     28.677133
    ]
   },
   "properties": {
    "name": "IHBAS Mental Hospital-3 near GTB Hospital",
    "zone": "Shahdara",
    "ward": null,
    "capacity": 20,
    "sanctioned_capacity": 20,
    "shelter_type": "tent",
    "seasonal": true,
    "day_service": false,
    "purpose": "General",
    "operating_agency": "Rachna Womens Development Association",
    "ns_code": "775",
    "area_sqft": null,
    "division": "C08",
    "cluster": "Cluster-10",
    "source": "https://delhishelterboard.in/occupancy-report/index-ag2.php (DUSIB 'District wise Night Shelters List', live occupancy report, fetched 2026-07-01 11:03 IST)",
    "geocode_confidence": "approximate",
    "notes": "Geocoding (Nominatim/Photon) failed or was rate-limited for this address; placed at the centroid of DUSIB's stated district 'Shahdara' as a fallback. Location is only accurate to district scale, not the actual site."
   }
  },
  {
   "type": "Feature",
   "geometry": {
    "type": "Point",
    "coordinates": [
     77.19327,
     28.561273
    ]
   },
   "properties": {
    "name": "Welcome-2",
    "zone": "North East",
    "ward": null,
    "capacity": 20,
    "sanctioned_capacity": 20,
    "shelter_type": "tent",
    "seasonal": true,
    "day_service": false,
    "purpose": "General",
    "operating_agency": "Rachna Womens Development Association",
    "ns_code": "776",
    "area_sqft": null,
    "division": "C08",
    "cluster": "Cluster-10",
    "source": "https://delhishelterboard.in/occupancy-report/index-ag2.php (DUSIB 'District wise Night Shelters List', live occupancy report, fetched 2026-07-01 11:03 IST)",
    "geocode_confidence": "approximate",
    "notes": "Geocode hit falls outside the stated district 'North East' polygon (~13.9 km away); geocoder likely matched a same-named or similarly-described locality elsewhere in Delhi. Coordinates kept but flagged approximate."
   }
  },
  {
   "type": "Feature",
   "geometry": {
    "type": "Point",
    "coordinates": [
     77.126451,
     28.70766
    ]
   },
   "properties": {
    "name": "Welcome-3",
    "zone": "North East",
    "ward": null,
    "capacity": 20,
    "sanctioned_capacity": 20,
    "shelter_type": "tent",
    "seasonal": true,
    "day_service": false,
    "purpose": "General",
    "operating_agency": "Rachna Womens Development Association",
    "ns_code": "777",
    "area_sqft": null,
    "division": "C08",
    "cluster": "Cluster-10",
    "source": "https://delhishelterboard.in/occupancy-report/index-ag2.php (DUSIB 'District wise Night Shelters List', live occupancy report, fetched 2026-07-01 11:03 IST)",
    "geocode_confidence": "approximate",
    "notes": "Geocode hit falls outside the stated district 'North East' polygon (~11.3 km away); geocoder likely matched a same-named or similarly-described locality elsewhere in Delhi. Coordinates kept but flagged approximate."
   }
  },
  {
   "type": "Feature",
   "geometry": {
    "type": "Point",
    "coordinates": [
     77.065459,
     28.625175
    ]
   },
   "properties": {
    "name": "Shivaji Park-1 Metro Station",
    "zone": "West",
    "ward": "Vikas Puri",
    "capacity": 20,
    "sanctioned_capacity": 20,
    "shelter_type": "tent",
    "seasonal": true,
    "day_service": false,
    "purpose": "General",
    "operating_agency": "Safe Approach for Nascent Termination of Social Hazard",
    "ns_code": "778",
    "area_sqft": null,
    "division": "C04",
    "cluster": "Cluster-7",
    "source": "https://delhishelterboard.in/occupancy-report/index-ag2.php (DUSIB 'District wise Night Shelters List', live occupancy report, fetched 2026-07-01 11:03 IST)",
    "geocode_confidence": "good",
    "notes": "Geocode hit falls within stated DUSIB district 'West' polygon. Point-in-polygon matched to pre-2022 ward layer: 'Vikas Puri' (ward vintage is pre-2022 interim charges, not the 2022 unified-MCD 250-ward set)."
   }
  },
  {
   "type": "Feature",
   "geometry": {
    "type": "Point",
    "coordinates": [
     77.285292,
     28.651461
    ]
   },
   "properties": {
    "name": "Shivaji Park-2 near Metro Station",
    "zone": "East",
    "ward": "Ghondli",
    "capacity": 20,
    "sanctioned_capacity": 20,
    "shelter_type": "tent",
    "seasonal": true,
    "day_service": false,
    "purpose": "General",
    "operating_agency": "Safe Approach for Nascent Termination of Social Hazard",
    "ns_code": "779",
    "area_sqft": null,
    "division": "C04",
    "cluster": "Cluster-7",
    "source": "https://delhishelterboard.in/occupancy-report/index-ag2.php (DUSIB 'District wise Night Shelters List', live occupancy report, fetched 2026-07-01 11:03 IST)",
    "geocode_confidence": "good",
    "notes": "Geocode hit falls within stated DUSIB district 'East' polygon. Point-in-polygon matched to pre-2022 ward layer: 'Ghondli' (ward vintage is pre-2022 interim charges, not the 2022 unified-MCD 250-ward set)."
   }
  },
  {
   "type": "Feature",
   "geometry": {
    "type": "Point",
    "coordinates": [
     77.09944,
     28.637232
    ]
   },
   "properties": {
    "name": "Madipur-2 near Metro Station",
    "zone": "West",
    "ward": "Tilak Nagar",
    "capacity": 20,
    "sanctioned_capacity": 20,
    "shelter_type": "tent",
    "seasonal": true,
    "day_service": false,
    "purpose": "General",
    "operating_agency": "Safe Approach for Nascent Termination of Social Hazard",
    "ns_code": "780",
    "area_sqft": null,
    "division": "C04",
    "cluster": "Cluster-7",
    "source": "https://delhishelterboard.in/occupancy-report/index-ag2.php (DUSIB 'District wise Night Shelters List', live occupancy report, fetched 2026-07-01 11:03 IST)",
    "geocode_confidence": "good",
    "notes": "Geocode hit falls within stated DUSIB district 'West' polygon. Point-in-polygon matched to pre-2022 ward layer: 'Tilak Nagar' (ward vintage is pre-2022 interim charges, not the 2022 unified-MCD 250-ward set)."
   }
  },
  {
   "type": "Feature",
   "geometry": {
    "type": "Point",
    "coordinates": [
     77.063957,
     28.655447
    ]
   },
   "properties": {
    "name": "Madipur-3 near Metro Station",
    "zone": "West",
    "ward": null,
    "capacity": 20,
    "sanctioned_capacity": 20,
    "shelter_type": "tent",
    "seasonal": true,
    "day_service": false,
    "purpose": "General",
    "operating_agency": "Safe Approach for Nascent Termination of Social Hazard",
    "ns_code": "781",
    "area_sqft": null,
    "division": "C04",
    "cluster": "Cluster-7",
    "source": "https://delhishelterboard.in/occupancy-report/index-ag2.php (DUSIB 'District wise Night Shelters List', live occupancy report, fetched 2026-07-01 11:03 IST)",
    "geocode_confidence": "approximate",
    "notes": "Geocoding (Nominatim/Photon) failed or was rate-limited for this address; placed at the centroid of DUSIB's stated district 'West' as a fallback. Location is only accurate to district scale, not the actual site."
   }
  },
  {
   "type": "Feature",
   "geometry": {
    "type": "Point",
    "coordinates": [
     77.207612,
     28.569016
    ]
   },
   "properties": {
    "name": "AIIMS Gate No.4 - 2",
    "zone": "New Delhi",
    "ward": "Ndmc Charge 7",
    "capacity": 20,
    "sanctioned_capacity": 20,
    "shelter_type": "tent",
    "seasonal": true,
    "day_service": false,
    "purpose": "General",
    "operating_agency": "SPYM",
    "ns_code": "784",
    "area_sqft": "600",
    "division": "C05",
    "cluster": "Cluster-14",
    "source": "https://delhishelterboard.in/occupancy-report/index-ag2.php (DUSIB 'District wise Night Shelters List', live occupancy report, fetched 2026-07-01 11:03 IST)",
    "geocode_confidence": "good",
    "notes": "Geocode hit is near (<~3km) the stated district 'New Delhi' polygon boundary. Point-in-polygon matched to pre-2022 ward layer: 'Ndmc Charge 7' (ward vintage is pre-2022 interim charges, not the 2022 unified-MCD 250-ward set)."
   }
  },
  {
   "type": "Feature",
   "geometry": {
    "type": "Point",
    "coordinates": [
     77.22878,
     28.643685
    ]
   },
   "properties": {
    "name": "Old Hanuman Mandir-1",
    "zone": "Central",
    "ward": "Minto Road",
    "capacity": 20,
    "sanctioned_capacity": 20,
    "shelter_type": "tent",
    "seasonal": true,
    "day_service": false,
    "purpose": "General",
    "operating_agency": "Sadik Masih Medical Social Servant Society",
    "ns_code": "785",
    "area_sqft": null,
    "division": "C07",
    "cluster": "Cluster-9",
    "source": "https://delhishelterboard.in/occupancy-report/index-ag2.php (DUSIB 'District wise Night Shelters List', live occupancy report, fetched 2026-07-01 11:03 IST)",
    "geocode_confidence": "good",
    "notes": "Geocode hit falls within stated DUSIB district 'Central' polygon. Point-in-polygon matched to pre-2022 ward layer: 'Minto Road' (ward vintage is pre-2022 interim charges, not the 2022 unified-MCD 250-ward set)."
   }
  },
  {
   "type": "Feature",
   "geometry": {
    "type": "Point",
    "coordinates": [
     77.22878,
     28.643685
    ]
   },
   "properties": {
    "name": "Old Hanuman Mandir-2",
    "zone": "Central",
    "ward": "Minto Road",
    "capacity": 20,
    "sanctioned_capacity": 20,
    "shelter_type": "tent",
    "seasonal": true,
    "day_service": false,
    "purpose": "General",
    "operating_agency": "Sadik Masih Medical Social Servant Society",
    "ns_code": "786",
    "area_sqft": null,
    "division": "C07",
    "cluster": "Cluster-9",
    "source": "https://delhishelterboard.in/occupancy-report/index-ag2.php (DUSIB 'District wise Night Shelters List', live occupancy report, fetched 2026-07-01 11:03 IST)",
    "geocode_confidence": "good",
    "notes": "Geocode hit falls within stated DUSIB district 'Central' polygon. Point-in-polygon matched to pre-2022 ward layer: 'Minto Road' (ward vintage is pre-2022 interim charges, not the 2022 unified-MCD 250-ward set)."
   }
  },
  {
   "type": "Feature",
   "geometry": {
    "type": "Point",
    "coordinates": [
     77.22878,
     28.643685
    ]
   },
   "properties": {
    "name": "Old Hanuman Mandir-3",
    "zone": "Central",
    "ward": "Minto Road",
    "capacity": 20,
    "sanctioned_capacity": 20,
    "shelter_type": "tent",
    "seasonal": true,
    "day_service": false,
    "purpose": "General",
    "operating_agency": "Sadik Masih Medical Social Servant Society",
    "ns_code": "787",
    "area_sqft": null,
    "division": "C07",
    "cluster": "Cluster-9",
    "source": "https://delhishelterboard.in/occupancy-report/index-ag2.php (DUSIB 'District wise Night Shelters List', live occupancy report, fetched 2026-07-01 11:03 IST)",
    "geocode_confidence": "good",
    "notes": "Geocode hit falls within stated DUSIB district 'Central' polygon. Point-in-polygon matched to pre-2022 ward layer: 'Minto Road' (ward vintage is pre-2022 interim charges, not the 2022 unified-MCD 250-ward set)."
   }
  },
  {
   "type": "Feature",
   "geometry": {
    "type": "Point",
    "coordinates": [
     77.224197,
     28.681568
    ]
   },
   "properties": {
    "name": "GB Pant Hospital-1 near Gate No.9",
    "zone": "Central",
    "ward": null,
    "capacity": 0,
    "sanctioned_capacity": 20,
    "shelter_type": "tent",
    "seasonal": true,
    "day_service": false,
    "purpose": "General",
    "operating_agency": "Sofia Educational and Welfare Society",
    "ns_code": "788",
    "area_sqft": "600",
    "division": "C07",
    "cluster": "Cluster-1",
    "source": "https://delhishelterboard.in/occupancy-report/index-ag2.php (DUSIB 'District wise Night Shelters List', live occupancy report, fetched 2026-07-01 11:03 IST)",
    "geocode_confidence": "approximate",
    "notes": "Geocoding (Nominatim/Photon) failed or was rate-limited for this address; placed at the centroid of DUSIB's stated district 'Central' as a fallback. Location is only accurate to district scale, not the actual site."
   }
  },
  {
   "type": "Feature",
   "geometry": {
    "type": "Point",
    "coordinates": [
     77.224197,
     28.681568
    ]
   },
   "properties": {
    "name": "GB Pant Hospital-2 near Gate No.9",
    "zone": "Central",
    "ward": null,
    "capacity": 0,
    "sanctioned_capacity": 20,
    "shelter_type": "tent",
    "seasonal": true,
    "day_service": false,
    "purpose": "General",
    "operating_agency": "Sofia Educational and Welfare Society",
    "ns_code": "789",
    "area_sqft": "600",
    "division": "C07",
    "cluster": "Cluster-1",
    "source": "https://delhishelterboard.in/occupancy-report/index-ag2.php (DUSIB 'District wise Night Shelters List', live occupancy report, fetched 2026-07-01 11:03 IST)",
    "geocode_confidence": "approximate",
    "notes": "Geocoding (Nominatim/Photon) failed or was rate-limited for this address; placed at the centroid of DUSIB's stated district 'Central' as a fallback. Location is only accurate to district scale, not the actual site."
   }
  },
  {
   "type": "Feature",
   "geometry": {
    "type": "Point",
    "coordinates": [
     77.234452,
     28.638898
    ]
   },
   "properties": {
    "name": "GB Pant Hospital-3 near Gate No.9",
    "zone": "Central",
    "ward": "Minto Road",
    "capacity": 0,
    "sanctioned_capacity": 20,
    "shelter_type": "tent",
    "seasonal": true,
    "day_service": false,
    "purpose": "General",
    "operating_agency": "Sofia Educational and Welfare Society",
    "ns_code": "790",
    "area_sqft": "600",
    "division": "C07",
    "cluster": "Cluster-1",
    "source": "https://delhishelterboard.in/occupancy-report/index-ag2.php (DUSIB 'District wise Night Shelters List', live occupancy report, fetched 2026-07-01 11:03 IST)",
    "geocode_confidence": "good",
    "notes": "Geocode hit falls within stated DUSIB district 'Central' polygon. Point-in-polygon matched to pre-2022 ward layer: 'Minto Road' (ward vintage is pre-2022 interim charges, not the 2022 unified-MCD 250-ward set)."
   }
  },
  {
   "type": "Feature",
   "geometry": {
    "type": "Point",
    "coordinates": [
     77.224197,
     28.681568
    ]
   },
   "properties": {
    "name": "GB Pant Hospital-4 near Gate No.9",
    "zone": "Central",
    "ward": null,
    "capacity": 0,
    "sanctioned_capacity": 20,
    "shelter_type": "tent",
    "seasonal": true,
    "day_service": false,
    "purpose": "General",
    "operating_agency": "Sofia Educational and Welfare Society",
    "ns_code": "791",
    "area_sqft": "600",
    "division": "C07",
    "cluster": "Cluster-1",
    "source": "https://delhishelterboard.in/occupancy-report/index-ag2.php (DUSIB 'District wise Night Shelters List', live occupancy report, fetched 2026-07-01 11:03 IST)",
    "geocode_confidence": "approximate",
    "notes": "Geocoding (Nominatim/Photon) failed or was rate-limited for this address; placed at the centroid of DUSIB's stated district 'Central' as a fallback. Location is only accurate to district scale, not the actual site."
   }
  },
  {
   "type": "Feature",
   "geometry": {
    "type": "Point",
    "coordinates": [
     77.148609,
     28.577165
    ]
   },
   "properties": {
    "name": "AIIMS Gate No.9 Opposite Safdarjung Hospital",
    "zone": "New Delhi",
    "ward": null,
    "capacity": 0,
    "sanctioned_capacity": 40,
    "shelter_type": "tent",
    "seasonal": true,
    "day_service": false,
    "purpose": "General",
    "operating_agency": "SPYM",
    "ns_code": "792",
    "area_sqft": "600",
    "division": "C05",
    "cluster": "Cluster-14",
    "source": "https://delhishelterboard.in/occupancy-report/index-ag2.php (DUSIB 'District wise Night Shelters List', live occupancy report, fetched 2026-07-01 11:03 IST)",
    "geocode_confidence": "approximate",
    "notes": "Geocoding (Nominatim/Photon) failed or was rate-limited for this address; placed at the centroid of DUSIB's stated district 'New Delhi' as a fallback. Location is only accurate to district scale, not the actual site."
   }
  },
  {
   "type": "Feature",
   "geometry": {
    "type": "Point",
    "coordinates": [
     77.148609,
     28.577165
    ]
   },
   "properties": {
    "name": "Safdarjung Hospital Opposite Gate No.9 (Tent-1)",
    "zone": "New Delhi",
    "ward": null,
    "capacity": 0,
    "sanctioned_capacity": 40,
    "shelter_type": "tent",
    "seasonal": true,
    "day_service": false,
    "purpose": "General",
    "operating_agency": "SPYM",
    "ns_code": "793",
    "area_sqft": "600",
    "division": "C05",
    "cluster": "Cluster-14",
    "source": "https://delhishelterboard.in/occupancy-report/index-ag2.php (DUSIB 'District wise Night Shelters List', live occupancy report, fetched 2026-07-01 11:03 IST)",
    "geocode_confidence": "approximate",
    "notes": "Geocoding (Nominatim/Photon) failed or was rate-limited for this address; placed at the centroid of DUSIB's stated district 'New Delhi' as a fallback. Location is only accurate to district scale, not the actual site."
   }
  },
  {
   "type": "Feature",
   "geometry": {
    "type": "Point",
    "coordinates": [
     77.148609,
     28.577165
    ]
   },
   "properties": {
    "name": "Safdarjung Hospital Opposite Gate No.9 (Tent-2)",
    "zone": "New Delhi",
    "ward": null,
    "capacity": 0,
    "sanctioned_capacity": 40,
    "shelter_type": "tent",
    "seasonal": true,
    "day_service": false,
    "purpose": "General",
    "operating_agency": "SPYM",
    "ns_code": "794",
    "area_sqft": "600",
    "division": "C05",
    "cluster": "Cluster-14",
    "source": "https://delhishelterboard.in/occupancy-report/index-ag2.php (DUSIB 'District wise Night Shelters List', live occupancy report, fetched 2026-07-01 11:03 IST)",
    "geocode_confidence": "approximate",
    "notes": "Geocoding (Nominatim/Photon) failed or was rate-limited for this address; placed at the centroid of DUSIB's stated district 'New Delhi' as a fallback. Location is only accurate to district scale, not the actual site."
   }
  },
  {
   "type": "Feature",
   "geometry": {
    "type": "Point",
    "coordinates": [
     77.148609,
     28.577165
    ]
   },
   "properties": {
    "name": "Safdarjung Hospital Opposite Gate No.9 (Tent-3)",
    "zone": "New Delhi",
    "ward": null,
    "capacity": 0,
    "sanctioned_capacity": 40,
    "shelter_type": "tent",
    "seasonal": true,
    "day_service": false,
    "purpose": "General",
    "operating_agency": "SPYM",
    "ns_code": "795",
    "area_sqft": "600",
    "division": "C05",
    "cluster": "Cluster-14",
    "source": "https://delhishelterboard.in/occupancy-report/index-ag2.php (DUSIB 'District wise Night Shelters List', live occupancy report, fetched 2026-07-01 11:03 IST)",
    "geocode_confidence": "approximate",
    "notes": "Geocoding (Nominatim/Photon) failed or was rate-limited for this address; placed at the centroid of DUSIB's stated district 'New Delhi' as a fallback. Location is only accurate to district scale, not the actual site."
   }
  },
  {
   "type": "Feature",
   "geometry": {
    "type": "Point",
    "coordinates": [
     77.148609,
     28.577165
    ]
   },
   "properties": {
    "name": "Safdarjung Hospital Opposite Gate No.9 (Tent-4)",
    "zone": "New Delhi",
    "ward": null,
    "capacity": 0,
    "sanctioned_capacity": 40,
    "shelter_type": "tent",
    "seasonal": true,
    "day_service": false,
    "purpose": "General",
    "operating_agency": "SPYM",
    "ns_code": "796",
    "area_sqft": "600",
    "division": "C05",
    "cluster": "Cluster-14",
    "source": "https://delhishelterboard.in/occupancy-report/index-ag2.php (DUSIB 'District wise Night Shelters List', live occupancy report, fetched 2026-07-01 11:03 IST)",
    "geocode_confidence": "approximate",
    "notes": "Geocoding (Nominatim/Photon) failed or was rate-limited for this address; placed at the centroid of DUSIB's stated district 'New Delhi' as a fallback. Location is only accurate to district scale, not the actual site."
   }
  },
  {
   "type": "Feature",
   "geometry": {
    "type": "Point",
    "coordinates": [
     77.148609,
     28.577165
    ]
   },
   "properties": {
    "name": "Safdarjung Hospital Opposite Gate No.9 (Tent-5)",
    "zone": "New Delhi",
    "ward": null,
    "capacity": 0,
    "sanctioned_capacity": 40,
    "shelter_type": "tent",
    "seasonal": true,
    "day_service": false,
    "purpose": "General",
    "operating_agency": "SPYM",
    "ns_code": "797",
    "area_sqft": "600",
    "division": "C05",
    "cluster": "Cluster-14",
    "source": "https://delhishelterboard.in/occupancy-report/index-ag2.php (DUSIB 'District wise Night Shelters List', live occupancy report, fetched 2026-07-01 11:03 IST)",
    "geocode_confidence": "approximate",
    "notes": "Geocoding (Nominatim/Photon) failed or was rate-limited for this address; placed at the centroid of DUSIB's stated district 'New Delhi' as a fallback. Location is only accurate to district scale, not the actual site."
   }
  },
  {
   "type": "Feature",
   "geometry": {
    "type": "Point",
    "coordinates": [
     77.148609,
     28.577165
    ]
   },
   "properties": {
    "name": "Safdarjung Hospital Opposite Gate No.9 (Tent-6)",
    "zone": "New Delhi",
    "ward": null,
    "capacity": 0,
    "sanctioned_capacity": 40,
    "shelter_type": "tent",
    "seasonal": true,
    "day_service": false,
    "purpose": "General",
    "operating_agency": "SPYM",
    "ns_code": "798",
    "area_sqft": "600",
    "division": "C05",
    "cluster": "Cluster-14",
    "source": "https://delhishelterboard.in/occupancy-report/index-ag2.php (DUSIB 'District wise Night Shelters List', live occupancy report, fetched 2026-07-01 11:03 IST)",
    "geocode_confidence": "approximate",
    "notes": "Geocoding (Nominatim/Photon) failed or was rate-limited for this address; placed at the centroid of DUSIB's stated district 'New Delhi' as a fallback. Location is only accurate to district scale, not the actual site."
   }
  },
  {
   "type": "Feature",
   "geometry": {
    "type": "Point",
    "coordinates": [
     77.148609,
     28.577165
    ]
   },
   "properties": {
    "name": "Safdarjung Hospital Opposite Gate No.9 (Tent-7)",
    "zone": "New Delhi",
    "ward": null,
    "capacity": 0,
    "sanctioned_capacity": 40,
    "shelter_type": "tent",
    "seasonal": true,
    "day_service": false,
    "purpose": "General",
    "operating_agency": "SPYM",
    "ns_code": "799",
    "area_sqft": "600",
    "division": "C05",
    "cluster": "Cluster-14",
    "source": "https://delhishelterboard.in/occupancy-report/index-ag2.php (DUSIB 'District wise Night Shelters List', live occupancy report, fetched 2026-07-01 11:03 IST)",
    "geocode_confidence": "approximate",
    "notes": "Geocoding (Nominatim/Photon) failed or was rate-limited for this address; placed at the centroid of DUSIB's stated district 'New Delhi' as a fallback. Location is only accurate to district scale, not the actual site."
   }
  },
  {
   "type": "Feature",
   "geometry": {
    "type": "Point",
    "coordinates": [
     77.148609,
     28.577165
    ]
   },
   "properties": {
    "name": "Safdarjung Hospital Opposite Gate No.9 (Tent-8)",
    "zone": "New Delhi",
    "ward": null,
    "capacity": 0,
    "sanctioned_capacity": 40,
    "shelter_type": "tent",
    "seasonal": true,
    "day_service": false,
    "purpose": "General",
    "operating_agency": "SPYM",
    "ns_code": "800",
    "area_sqft": "600",
    "division": "C05",
    "cluster": "Cluster-14",
    "source": "https://delhishelterboard.in/occupancy-report/index-ag2.php (DUSIB 'District wise Night Shelters List', live occupancy report, fetched 2026-07-01 11:03 IST)",
    "geocode_confidence": "approximate",
    "notes": "Geocoding (Nominatim/Photon) failed or was rate-limited for this address; placed at the centroid of DUSIB's stated district 'New Delhi' as a fallback. Location is only accurate to district scale, not the actual site."
   }
  },
  {
   "type": "Feature",
   "geometry": {
    "type": "Point",
    "coordinates": [
     77.148609,
     28.577165
    ]
   },
   "properties": {
    "name": "Safdarjung Hospital Opposite Gate No.9 (Tent-9)",
    "zone": "New Delhi",
    "ward": null,
    "capacity": 0,
    "sanctioned_capacity": 40,
    "shelter_type": "tent",
    "seasonal": true,
    "day_service": false,
    "purpose": "General",
    "operating_agency": "SPYM",
    "ns_code": "812",
    "area_sqft": "600",
    "division": "C05",
    "cluster": "Cluster-14",
    "source": "https://delhishelterboard.in/occupancy-report/index-ag2.php (DUSIB 'District wise Night Shelters List', live occupancy report, fetched 2026-07-01 11:03 IST)",
    "geocode_confidence": "approximate",
    "notes": "Geocoding (Nominatim/Photon) failed or was rate-limited for this address; placed at the centroid of DUSIB's stated district 'New Delhi' as a fallback. Location is only accurate to district scale, not the actual site."
   }
  },
  {
   "type": "Feature",
   "geometry": {
    "type": "Point",
    "coordinates": [
     77.148609,
     28.577165
    ]
   },
   "properties": {
    "name": "RML Hospital near Gate No.6 (Tent-1)",
    "zone": "New Delhi",
    "ward": null,
    "capacity": 0,
    "sanctioned_capacity": 30,
    "shelter_type": "tent",
    "seasonal": true,
    "day_service": false,
    "purpose": "General",
    "operating_agency": "SPYM",
    "ns_code": "813",
    "area_sqft": "600",
    "division": "C05",
    "cluster": "Cluster-13",
    "source": "https://delhishelterboard.in/occupancy-report/index-ag2.php (DUSIB 'District wise Night Shelters List', live occupancy report, fetched 2026-07-01 11:03 IST)",
    "geocode_confidence": "approximate",
    "notes": "Geocoding (Nominatim/Photon) failed or was rate-limited for this address; placed at the centroid of DUSIB's stated district 'New Delhi' as a fallback. Location is only accurate to district scale, not the actual site."
   }
  },
  {
   "type": "Feature",
   "geometry": {
    "type": "Point",
    "coordinates": [
     77.148609,
     28.577165
    ]
   },
   "properties": {
    "name": "RML Hospital near Gate No.6 (Tent-2)",
    "zone": "New Delhi",
    "ward": null,
    "capacity": 0,
    "sanctioned_capacity": 20,
    "shelter_type": "tent",
    "seasonal": true,
    "day_service": false,
    "purpose": "General",
    "operating_agency": "SPYM",
    "ns_code": "814",
    "area_sqft": "600",
    "division": "C05",
    "cluster": "Cluster-13",
    "source": "https://delhishelterboard.in/occupancy-report/index-ag2.php (DUSIB 'District wise Night Shelters List', live occupancy report, fetched 2026-07-01 11:03 IST)",
    "geocode_confidence": "approximate",
    "notes": "Geocoding (Nominatim/Photon) failed or was rate-limited for this address; placed at the centroid of DUSIB's stated district 'New Delhi' as a fallback. Location is only accurate to district scale, not the actual site."
   }
  },
  {
   "type": "Feature",
   "geometry": {
    "type": "Point",
    "coordinates": [
     77.148609,
     28.577165
    ]
   },
   "properties": {
    "name": "RML Hospital near Gate No.6 (Tent-3)",
    "zone": "New Delhi",
    "ward": null,
    "capacity": 0,
    "sanctioned_capacity": 20,
    "shelter_type": "tent",
    "seasonal": true,
    "day_service": false,
    "purpose": "General",
    "operating_agency": "SPYM",
    "ns_code": "815",
    "area_sqft": "600",
    "division": "C05",
    "cluster": "Cluster-13",
    "source": "https://delhishelterboard.in/occupancy-report/index-ag2.php (DUSIB 'District wise Night Shelters List', live occupancy report, fetched 2026-07-01 11:03 IST)",
    "geocode_confidence": "approximate",
    "notes": "Geocoding (Nominatim/Photon) failed or was rate-limited for this address; placed at the centroid of DUSIB's stated district 'New Delhi' as a fallback. Location is only accurate to district scale, not the actual site."
   }
  },
  {
   "type": "Feature",
   "geometry": {
    "type": "Point",
    "coordinates": [
     77.148609,
     28.577165
    ]
   },
   "properties": {
    "name": "RML Hospital near Gate No.6 (Tent-4)",
    "zone": "New Delhi",
    "ward": null,
    "capacity": 0,
    "sanctioned_capacity": 20,
    "shelter_type": "tent",
    "seasonal": true,
    "day_service": false,
    "purpose": "General",
    "operating_agency": "SPYM",
    "ns_code": "816",
    "area_sqft": "600",
    "division": "C05",
    "cluster": "Cluster-13",
    "source": "https://delhishelterboard.in/occupancy-report/index-ag2.php (DUSIB 'District wise Night Shelters List', live occupancy report, fetched 2026-07-01 11:03 IST)",
    "geocode_confidence": "approximate",
    "notes": "Geocoding (Nominatim/Photon) failed or was rate-limited for this address; placed at the centroid of DUSIB's stated district 'New Delhi' as a fallback. Location is only accurate to district scale, not the actual site."
   }
  },
  {
   "type": "Feature",
   "geometry": {
    "type": "Point",
    "coordinates": [
     77.148609,
     28.577165
    ]
   },
   "properties": {
    "name": "RML Hospital near Gate No.6 (Tent-5)",
    "zone": "New Delhi",
    "ward": null,
    "capacity": 0,
    "sanctioned_capacity": 30,
    "shelter_type": "tent",
    "seasonal": true,
    "day_service": false,
    "purpose": "General",
    "operating_agency": "SPYM",
    "ns_code": "817",
    "area_sqft": "600",
    "division": "C05",
    "cluster": "Cluster-13",
    "source": "https://delhishelterboard.in/occupancy-report/index-ag2.php (DUSIB 'District wise Night Shelters List', live occupancy report, fetched 2026-07-01 11:03 IST)",
    "geocode_confidence": "approximate",
    "notes": "Geocoding (Nominatim/Photon) failed or was rate-limited for this address; placed at the centroid of DUSIB's stated district 'New Delhi' as a fallback. Location is only accurate to district scale, not the actual site."
   }
  },
  {
   "type": "Feature",
   "geometry": {
    "type": "Point",
    "coordinates": [
     77.148609,
     28.577165
    ]
   },
   "properties": {
    "name": "RML Hospital near Gate No.6 (Tent-6)",
    "zone": "New Delhi",
    "ward": null,
    "capacity": 0,
    "sanctioned_capacity": 20,
    "shelter_type": "tent",
    "seasonal": true,
    "day_service": false,
    "purpose": "General",
    "operating_agency": "SPYM",
    "ns_code": "818",
    "area_sqft": "600",
    "division": "C05",
    "cluster": "Cluster-13",
    "source": "https://delhishelterboard.in/occupancy-report/index-ag2.php (DUSIB 'District wise Night Shelters List', live occupancy report, fetched 2026-07-01 11:03 IST)",
    "geocode_confidence": "approximate",
    "notes": "Geocoding (Nominatim/Photon) failed or was rate-limited for this address; placed at the centroid of DUSIB's stated district 'New Delhi' as a fallback. Location is only accurate to district scale, not the actual site."
   }
  },
  {
   "type": "Feature",
   "geometry": {
    "type": "Point",
    "coordinates": [
     77.148609,
     28.577165
    ]
   },
   "properties": {
    "name": "Lady Hardinge Hospital near Gate No.1 (Tent-1)",
    "zone": "New Delhi",
    "ward": null,
    "capacity": 0,
    "sanctioned_capacity": 30,
    "shelter_type": "tent",
    "seasonal": true,
    "day_service": false,
    "purpose": "General",
    "operating_agency": "SPYM",
    "ns_code": "819",
    "area_sqft": "600",
    "division": "C05",
    "cluster": "Cluster-13",
    "source": "https://delhishelterboard.in/occupancy-report/index-ag2.php (DUSIB 'District wise Night Shelters List', live occupancy report, fetched 2026-07-01 11:03 IST)",
    "geocode_confidence": "approximate",
    "notes": "Geocoding (Nominatim/Photon) failed or was rate-limited for this address; placed at the centroid of DUSIB's stated district 'New Delhi' as a fallback. Location is only accurate to district scale, not the actual site."
   }
  },
  {
   "type": "Feature",
   "geometry": {
    "type": "Point",
    "coordinates": [
     77.148609,
     28.577165
    ]
   },
   "properties": {
    "name": "Lady Hardinge Hospital near Gate No.1 (Tent-2)",
    "zone": "New Delhi",
    "ward": null,
    "capacity": 20,
    "sanctioned_capacity": 30,
    "shelter_type": "tent",
    "seasonal": true,
    "day_service": false,
    "purpose": "General",
    "operating_agency": "SPYM",
    "ns_code": "820",
    "area_sqft": "600",
    "division": "C05",
    "cluster": "Cluster-13",
    "source": "https://delhishelterboard.in/occupancy-report/index-ag2.php (DUSIB 'District wise Night Shelters List', live occupancy report, fetched 2026-07-01 11:03 IST)",
    "geocode_confidence": "approximate",
    "notes": "Geocoding (Nominatim/Photon) failed or was rate-limited for this address; placed at the centroid of DUSIB's stated district 'New Delhi' as a fallback. Location is only accurate to district scale, not the actual site."
   }
  },
  {
   "type": "Feature",
   "geometry": {
    "type": "Point",
    "coordinates": [
     77.148609,
     28.577165
    ]
   },
   "properties": {
    "name": "Lady Hardinge Hospital near Gate No.1 (Tent-3)",
    "zone": "New Delhi",
    "ward": null,
    "capacity": 0,
    "sanctioned_capacity": 30,
    "shelter_type": "tent",
    "seasonal": true,
    "day_service": false,
    "purpose": "General",
    "operating_agency": "SPYM",
    "ns_code": "821",
    "area_sqft": "600",
    "division": "C05",
    "cluster": "Cluster-13",
    "source": "https://delhishelterboard.in/occupancy-report/index-ag2.php (DUSIB 'District wise Night Shelters List', live occupancy report, fetched 2026-07-01 11:03 IST)",
    "geocode_confidence": "approximate",
    "notes": "Geocoding (Nominatim/Photon) failed or was rate-limited for this address; placed at the centroid of DUSIB's stated district 'New Delhi' as a fallback. Location is only accurate to district scale, not the actual site."
   }
  },
  {
   "type": "Feature",
   "geometry": {
    "type": "Point",
    "coordinates": [
     77.148609,
     28.577165
    ]
   },
   "properties": {
    "name": "Lady Hardinge Hospital near Gate No.1 (Tent-4)",
    "zone": "New Delhi",
    "ward": null,
    "capacity": 0,
    "sanctioned_capacity": 20,
    "shelter_type": "tent",
    "seasonal": true,
    "day_service": false,
    "purpose": "General",
    "operating_agency": "SPYM",
    "ns_code": "822",
    "area_sqft": "600",
    "division": "C05",
    "cluster": "Cluster-13",
    "source": "https://delhishelterboard.in/occupancy-report/index-ag2.php (DUSIB 'District wise Night Shelters List', live occupancy report, fetched 2026-07-01 11:03 IST)",
    "geocode_confidence": "approximate",
    "notes": "Geocoding (Nominatim/Photon) failed or was rate-limited for this address; placed at the centroid of DUSIB's stated district 'New Delhi' as a fallback. Location is only accurate to district scale, not the actual site."
   }
  },
  {
   "type": "Feature",
   "geometry": {
    "type": "Point",
    "coordinates": [
     77.148609,
     28.577165
    ]
   },
   "properties": {
    "name": "Lady Hardinge Hospital near Gate No.1 (Tent-5)",
    "zone": "New Delhi",
    "ward": null,
    "capacity": 0,
    "sanctioned_capacity": 20,
    "shelter_type": "tent",
    "seasonal": true,
    "day_service": false,
    "purpose": "General",
    "operating_agency": "SPYM",
    "ns_code": "823",
    "area_sqft": "600",
    "division": "C05",
    "cluster": "Cluster-13",
    "source": "https://delhishelterboard.in/occupancy-report/index-ag2.php (DUSIB 'District wise Night Shelters List', live occupancy report, fetched 2026-07-01 11:03 IST)",
    "geocode_confidence": "approximate",
    "notes": "Geocoding (Nominatim/Photon) failed or was rate-limited for this address; placed at the centroid of DUSIB's stated district 'New Delhi' as a fallback. Location is only accurate to district scale, not the actual site."
   }
  },
  {
   "type": "Feature",
   "geometry": {
    "type": "Point",
    "coordinates": [
     77.148609,
     28.577165
    ]
   },
   "properties": {
    "name": "Lady Hardinge Hospital near Gate No.1 (Tent-6)",
    "zone": "New Delhi",
    "ward": null,
    "capacity": 0,
    "sanctioned_capacity": 20,
    "shelter_type": "tent",
    "seasonal": true,
    "day_service": false,
    "purpose": "General",
    "operating_agency": "SPYM",
    "ns_code": "824",
    "area_sqft": "600",
    "division": "C05",
    "cluster": "Cluster-13",
    "source": "https://delhishelterboard.in/occupancy-report/index-ag2.php (DUSIB 'District wise Night Shelters List', live occupancy report, fetched 2026-07-01 11:03 IST)",
    "geocode_confidence": "approximate",
    "notes": "Geocoding (Nominatim/Photon) failed or was rate-limited for this address; placed at the centroid of DUSIB's stated district 'New Delhi' as a fallback. Location is only accurate to district scale, not the actual site."
   }
  },
  {
   "type": "Feature",
   "geometry": {
    "type": "Point",
    "coordinates": [
     77.148609,
     28.577165
    ]
   },
   "properties": {
    "name": "Lady Hardinge Hospital near Gate No.1 (Tent-7)",
    "zone": "New Delhi",
    "ward": null,
    "capacity": 0,
    "sanctioned_capacity": 20,
    "shelter_type": "tent",
    "seasonal": true,
    "day_service": false,
    "purpose": "General",
    "operating_agency": "SPYM",
    "ns_code": "825",
    "area_sqft": "600",
    "division": "C05",
    "cluster": "Cluster-13",
    "source": "https://delhishelterboard.in/occupancy-report/index-ag2.php (DUSIB 'District wise Night Shelters List', live occupancy report, fetched 2026-07-01 11:03 IST)",
    "geocode_confidence": "approximate",
    "notes": "Geocoding (Nominatim/Photon) failed or was rate-limited for this address; placed at the centroid of DUSIB's stated district 'New Delhi' as a fallback. Location is only accurate to district scale, not the actual site."
   }
  },
  {
   "type": "Feature",
   "geometry": {
    "type": "Point",
    "coordinates": [
     77.148609,
     28.577165
    ]
   },
   "properties": {
    "name": "Lady Hardinge Hospital near Gate No.1 (Tent-8)",
    "zone": "New Delhi",
    "ward": null,
    "capacity": 0,
    "sanctioned_capacity": 30,
    "shelter_type": "tent",
    "seasonal": true,
    "day_service": false,
    "purpose": "General",
    "operating_agency": "SPYM",
    "ns_code": "826",
    "area_sqft": "600",
    "division": "C05",
    "cluster": "Cluster-13",
    "source": "https://delhishelterboard.in/occupancy-report/index-ag2.php (DUSIB 'District wise Night Shelters List', live occupancy report, fetched 2026-07-01 11:03 IST)",
    "geocode_confidence": "approximate",
    "notes": "Geocoding (Nominatim/Photon) failed or was rate-limited for this address; placed at the centroid of DUSIB's stated district 'New Delhi' as a fallback. Location is only accurate to district scale, not the actual site."
   }
  },
  {
   "type": "Feature",
   "geometry": {
    "type": "Point",
    "coordinates": [
     77.124227,
     28.65233
    ]
   },
   "properties": {
    "name": "Raja Garden under flyover 3",
    "zone": "West",
    "ward": "Raja Garden",
    "capacity": 0,
    "sanctioned_capacity": 20,
    "shelter_type": "tent",
    "seasonal": true,
    "day_service": false,
    "purpose": "General",
    "operating_agency": "Safe Approach for Nascent Termination of Social Hazard",
    "ns_code": "827",
    "area_sqft": null,
    "division": "C04",
    "cluster": "Cluster-7",
    "source": "https://delhishelterboard.in/occupancy-report/index-ag2.php (DUSIB 'District wise Night Shelters List', live occupancy report, fetched 2026-07-01 11:03 IST)",
    "geocode_confidence": "good",
    "notes": "Geocode hit falls within stated DUSIB district 'West' polygon. Point-in-polygon matched to pre-2022 ward layer: 'Raja Garden' (ward vintage is pre-2022 interim charges, not the 2022 unified-MCD 250-ward set)."
   }
  },
  {
   "type": "Feature",
   "geometry": {
    "type": "Point",
    "coordinates": [
     77.252019,
     28.548238
    ]
   },
   "properties": {
    "name": "Nehru Place near Bus Stand-1",
    "zone": "South",
    "ward": "Greater Kailash-I",
    "capacity": 0,
    "sanctioned_capacity": 20,
    "shelter_type": "tent",
    "seasonal": true,
    "day_service": false,
    "purpose": "General",
    "operating_agency": "Janpahal",
    "ns_code": "828",
    "area_sqft": "600",
    "division": "C06",
    "cluster": "Cluster-15",
    "source": "https://delhishelterboard.in/occupancy-report/index-ag2.php (DUSIB 'District wise Night Shelters List', live occupancy report, fetched 2026-07-01 11:03 IST)",
    "geocode_confidence": "good",
    "notes": "Geocode hit is near (<~3km) the stated district 'South' polygon boundary. Point-in-polygon matched to pre-2022 ward layer: 'Greater Kailash-I' (ward vintage is pre-2022 interim charges, not the 2022 unified-MCD 250-ward set)."
   }
  },
  {
   "type": "Feature",
   "geometry": {
    "type": "Point",
    "coordinates": [
     77.190689,
     28.481449
    ]
   },
   "properties": {
    "name": "Nehru Place near Bus Stand-2",
    "zone": "South",
    "ward": null,
    "capacity": 0,
    "sanctioned_capacity": 10,
    "shelter_type": "tent",
    "seasonal": true,
    "day_service": false,
    "purpose": "General",
    "operating_agency": "Janpahal",
    "ns_code": "829",
    "area_sqft": "600",
    "division": "C06",
    "cluster": "Cluster-15",
    "source": "https://delhishelterboard.in/occupancy-report/index-ag2.php (DUSIB 'District wise Night Shelters List', live occupancy report, fetched 2026-07-01 11:03 IST)",
    "geocode_confidence": "approximate",
    "notes": "Geocoding (Nominatim/Photon) failed or was rate-limited for this address; placed at the centroid of DUSIB's stated district 'South' as a fallback. Location is only accurate to district scale, not the actual site."
   }
  },
  {
   "type": "Feature",
   "geometry": {
    "type": "Point",
    "coordinates": [
     77.190689,
     28.481449
    ]
   },
   "properties": {
    "name": "Nehru Place near Bus Stand-3",
    "zone": "South",
    "ward": null,
    "capacity": 0,
    "sanctioned_capacity": 20,
    "shelter_type": "tent",
    "seasonal": true,
    "day_service": false,
    "purpose": "General",
    "operating_agency": "Janpahal",
    "ns_code": "830",
    "area_sqft": "600",
    "division": "C06",
    "cluster": "Cluster-15",
    "source": "https://delhishelterboard.in/occupancy-report/index-ag2.php (DUSIB 'District wise Night Shelters List', live occupancy report, fetched 2026-07-01 11:03 IST)",
    "geocode_confidence": "approximate",
    "notes": "Geocoding (Nominatim/Photon) failed or was rate-limited for this address; placed at the centroid of DUSIB's stated district 'South' as a fallback. Location is only accurate to district scale, not the actual site."
   }
  },
  {
   "type": "Feature",
   "geometry": {
    "type": "Point",
    "coordinates": [
     77.206407,
     28.56857
    ]
   },
   "properties": {
    "name": "Subway at AIIMS Safdarjung",
    "zone": "New Delhi",
    "ward": "Ndmc Charge 7",
    "capacity": 0,
    "sanctioned_capacity": 0,
    "shelter_type": "tent",
    "seasonal": true,
    "day_service": false,
    "purpose": "General",
    "operating_agency": "SPYM",
    "ns_code": "831",
    "area_sqft": "600",
    "division": "C05",
    "cluster": "Cluster-14",
    "source": "https://delhishelterboard.in/occupancy-report/index-ag2.php (DUSIB 'District wise Night Shelters List', live occupancy report, fetched 2026-07-01 11:03 IST)",
    "geocode_confidence": "good",
    "notes": "Geocode hit falls within stated DUSIB district 'New Delhi' polygon. Point-in-polygon matched to pre-2022 ward layer: 'Ndmc Charge 7' (ward vintage is pre-2022 interim charges, not the 2022 unified-MCD 250-ward set)."
   }
  },
  {
   "type": "Feature",
   "geometry": {
    "type": "Point",
    "coordinates": [
     77.199375,
     28.572508
    ]
   },
   "properties": {
    "name": "Kidwai Nagar Community Hall NDMC",
    "zone": "New Delhi",
    "ward": "Ndmc Charge 7",
    "capacity": 0,
    "sanctioned_capacity": 30,
    "shelter_type": "summer-seasonal",
    "seasonal": true,
    "day_service": false,
    "purpose": "General",
    "operating_agency": "SPYM",
    "ns_code": "832",
    "area_sqft": null,
    "division": "C05",
    "cluster": "Cluster-14",
    "source": "https://delhishelterboard.in/occupancy-report/index-ag2.php (DUSIB 'District wise Night Shelters List', live occupancy report, fetched 2026-07-01 11:03 IST)",
    "geocode_confidence": "good",
    "notes": "Geocode hit falls within stated DUSIB district 'New Delhi' polygon. Point-in-polygon matched to pre-2022 ward layer: 'Ndmc Charge 7' (ward vintage is pre-2022 interim charges, not the 2022 unified-MCD 250-ward set)."
   }
  },
  {
   "type": "Feature",
   "geometry": {
    "type": "Point",
    "coordinates": [
     77.148609,
     28.577165
    ]
   },
   "properties": {
    "name": "Laxmi Bai Nagar Community Hall NDMC",
    "zone": "New Delhi",
    "ward": null,
    "capacity": 0,
    "sanctioned_capacity": 50,
    "shelter_type": "summer-seasonal",
    "seasonal": true,
    "day_service": false,
    "purpose": "General",
    "operating_agency": "SPYM",
    "ns_code": "833",
    "area_sqft": null,
    "division": "C05",
    "cluster": "Cluster-14",
    "source": "https://delhishelterboard.in/occupancy-report/index-ag2.php (DUSIB 'District wise Night Shelters List', live occupancy report, fetched 2026-07-01 11:03 IST)",
    "geocode_confidence": "approximate",
    "notes": "Geocoding (Nominatim/Photon) failed or was rate-limited for this address; placed at the centroid of DUSIB's stated district 'New Delhi' as a fallback. Location is only accurate to district scale, not the actual site."
   }
  },
  {
   "type": "Feature",
   "geometry": {
    "type": "Point",
    "coordinates": [
     77.177024,
     28.585315
    ]
   },
   "properties": {
    "name": "Moti Bagh Community Hall NDMC",
    "zone": "New Delhi",
    "ward": "Ndmc Charge 9",
    "capacity": 0,
    "sanctioned_capacity": 80,
    "shelter_type": "summer-seasonal",
    "seasonal": true,
    "day_service": false,
    "purpose": "General",
    "operating_agency": "SPYM",
    "ns_code": "834",
    "area_sqft": null,
    "division": "C05",
    "cluster": "Cluster-14",
    "source": "https://delhishelterboard.in/occupancy-report/index-ag2.php (DUSIB 'District wise Night Shelters List', live occupancy report, fetched 2026-07-01 11:03 IST)",
    "geocode_confidence": "good",
    "notes": "Geocode hit falls within stated DUSIB district 'New Delhi' polygon. Point-in-polygon matched to pre-2022 ward layer: 'Ndmc Charge 9' (ward vintage is pre-2022 interim charges, not the 2022 unified-MCD 250-ward set)."
   }
  },
  {
   "type": "Feature",
   "geometry": {
    "type": "Point",
    "coordinates": [
     77.199375,
     28.572508
    ]
   },
   "properties": {
    "name": "Mandir Marg Community Hall NDMC",
    "zone": "New Delhi",
    "ward": "Ndmc Charge 7",
    "capacity": 0,
    "sanctioned_capacity": 30,
    "shelter_type": "summer-seasonal",
    "seasonal": true,
    "day_service": false,
    "purpose": "General",
    "operating_agency": "SPYM",
    "ns_code": "835",
    "area_sqft": null,
    "division": "C05",
    "cluster": "Cluster-14",
    "source": "https://delhishelterboard.in/occupancy-report/index-ag2.php (DUSIB 'District wise Night Shelters List', live occupancy report, fetched 2026-07-01 11:03 IST)",
    "geocode_confidence": "good",
    "notes": "Geocode hit falls within stated DUSIB district 'New Delhi' polygon. Point-in-polygon matched to pre-2022 ward layer: 'Ndmc Charge 7' (ward vintage is pre-2022 interim charges, not the 2022 unified-MCD 250-ward set)."
   }
  },
  {
   "type": "Feature",
   "geometry": {
    "type": "Point",
    "coordinates": [
     77.199375,
     28.572508
    ]
   },
   "properties": {
    "name": "Kaka Nagar Community Hall NDMC",
    "zone": "New Delhi",
    "ward": "Ndmc Charge 7",
    "capacity": 0,
    "sanctioned_capacity": 70,
    "shelter_type": "summer-seasonal",
    "seasonal": true,
    "day_service": false,
    "purpose": "General",
    "operating_agency": "SPYM",
    "ns_code": "836",
    "area_sqft": null,
    "division": "C05",
    "cluster": "Cluster-14",
    "source": "https://delhishelterboard.in/occupancy-report/index-ag2.php (DUSIB 'District wise Night Shelters List', live occupancy report, fetched 2026-07-01 11:03 IST)",
    "geocode_confidence": "good",
    "notes": "Geocode hit falls within stated DUSIB district 'New Delhi' polygon. Point-in-polygon matched to pre-2022 ward layer: 'Ndmc Charge 7' (ward vintage is pre-2022 interim charges, not the 2022 unified-MCD 250-ward set)."
   }
  },
  {
   "type": "Feature",
   "geometry": {
    "type": "Point",
    "coordinates": [
     77.148609,
     28.577165
    ]
   },
   "properties": {
    "name": "Bapu Dham Community Hall NDMC",
    "zone": "New Delhi",
    "ward": null,
    "capacity": 0,
    "sanctioned_capacity": 50,
    "shelter_type": "summer-seasonal",
    "seasonal": true,
    "day_service": false,
    "purpose": "General",
    "operating_agency": "SPYM",
    "ns_code": "837",
    "area_sqft": null,
    "division": "C05",
    "cluster": "Cluster-14",
    "source": "https://delhishelterboard.in/occupancy-report/index-ag2.php (DUSIB 'District wise Night Shelters List', live occupancy report, fetched 2026-07-01 11:03 IST)",
    "geocode_confidence": "approximate",
    "notes": "Geocoding (Nominatim/Photon) failed or was rate-limited for this address; placed at the centroid of DUSIB's stated district 'New Delhi' as a fallback. Location is only accurate to district scale, not the actual site."
   }
  },
  {
   "type": "Feature",
   "geometry": {
    "type": "Point",
    "coordinates": [
     77.148609,
     28.577165
    ]
   },
   "properties": {
    "name": "Khan Market Community Hall NDMC",
    "zone": "New Delhi",
    "ward": null,
    "capacity": 0,
    "sanctioned_capacity": 46,
    "shelter_type": "summer-seasonal",
    "seasonal": true,
    "day_service": false,
    "purpose": "General",
    "operating_agency": "SPYM",
    "ns_code": "838",
    "area_sqft": null,
    "division": "C05",
    "cluster": "Cluster-14",
    "source": "https://delhishelterboard.in/occupancy-report/index-ag2.php (DUSIB 'District wise Night Shelters List', live occupancy report, fetched 2026-07-01 11:03 IST)",
    "geocode_confidence": "approximate",
    "notes": "Geocoding (Nominatim/Photon) failed or was rate-limited for this address; placed at the centroid of DUSIB's stated district 'New Delhi' as a fallback. Location is only accurate to district scale, not the actual site."
   }
  },
  {
   "type": "Feature",
   "geometry": {
    "type": "Point",
    "coordinates": [
     77.007543,
     28.834771
    ]
   },
   "properties": {
    "name": "Lodhi Road Community Hall NDMC",
    "zone": "New Delhi",
    "ward": null,
    "capacity": 0,
    "sanctioned_capacity": 55,
    "shelter_type": "summer-seasonal",
    "seasonal": true,
    "day_service": false,
    "purpose": "General",
    "operating_agency": "SPYM",
    "ns_code": "839",
    "area_sqft": null,
    "division": "C05",
    "cluster": "Cluster-14",
    "source": "https://delhishelterboard.in/occupancy-report/index-ag2.php (DUSIB 'District wise Night Shelters List', live occupancy report, fetched 2026-07-01 11:03 IST)",
    "geocode_confidence": "approximate",
    "notes": "Geocode hit falls outside the stated district 'New Delhi' polygon (~25.4 km away); geocoder likely matched a same-named or similarly-described locality elsewhere in Delhi. Coordinates kept but flagged approximate."
   }
  },
  {
   "type": "Feature",
   "geometry": {
    "type": "Point",
    "coordinates": [
     77.148609,
     28.577165
    ]
   },
   "properties": {
    "name": "Green Park Community Hall MCD",
    "zone": "New Delhi",
    "ward": null,
    "capacity": 0,
    "sanctioned_capacity": 50,
    "shelter_type": "summer-seasonal",
    "seasonal": true,
    "day_service": false,
    "purpose": "General",
    "operating_agency": "SPYM",
    "ns_code": "840",
    "area_sqft": null,
    "division": "C05",
    "cluster": "Cluster-14",
    "source": "https://delhishelterboard.in/occupancy-report/index-ag2.php (DUSIB 'District wise Night Shelters List', live occupancy report, fetched 2026-07-01 11:03 IST)",
    "geocode_confidence": "approximate",
    "notes": "Geocoding (Nominatim/Photon) failed or was rate-limited for this address; placed at the centroid of DUSIB's stated district 'New Delhi' as a fallback. Location is only accurate to district scale, not the actual site."
   }
  },
  {
   "type": "Feature",
   "geometry": {
    "type": "Point",
    "coordinates": [
     77.214041,
     28.54689
    ]
   },
   "properties": {
    "name": "Primary Co. Ed School Green Park School MCD",
    "zone": "New Delhi",
    "ward": "Shapur Jat",
    "capacity": 0,
    "sanctioned_capacity": 25,
    "shelter_type": "summer-seasonal",
    "seasonal": true,
    "day_service": false,
    "purpose": "General",
    "operating_agency": "SPYM",
    "ns_code": "841",
    "area_sqft": null,
    "division": "C05",
    "cluster": "Cluster-14",
    "source": "https://delhishelterboard.in/occupancy-report/index-ag2.php (DUSIB 'District wise Night Shelters List', live occupancy report, fetched 2026-07-01 11:03 IST)",
    "geocode_confidence": "good",
    "notes": "Geocode hit is near (<~3km) the stated district 'New Delhi' polygon boundary. Point-in-polygon matched to pre-2022 ward layer: 'Shapur Jat' (ward vintage is pre-2022 interim charges, not the 2022 unified-MCD 250-ward set)."
   }
  },
  {
   "type": "Feature",
   "geometry": {
    "type": "Point",
    "coordinates": [
     77.006938,
     28.831966
    ]
   },
   "properties": {
    "name": "Primary Co. Ed School Arjun Nagar School MCD",
    "zone": "New Delhi",
    "ward": null,
    "capacity": 0,
    "sanctioned_capacity": 35,
    "shelter_type": "summer-seasonal",
    "seasonal": true,
    "day_service": false,
    "purpose": "General",
    "operating_agency": "SPYM",
    "ns_code": "842",
    "area_sqft": null,
    "division": "C05",
    "cluster": "Cluster-14",
    "source": "https://delhishelterboard.in/occupancy-report/index-ag2.php (DUSIB 'District wise Night Shelters List', live occupancy report, fetched 2026-07-01 11:03 IST)",
    "geocode_confidence": "approximate",
    "notes": "Geocode hit falls outside the stated district 'New Delhi' polygon (~25.1 km away); geocoder likely matched a same-named or similarly-described locality elsewhere in Delhi. Coordinates kept but flagged approximate."
   }
  },
  {
   "type": "Feature",
   "geometry": {
    "type": "Point",
    "coordinates": [
     77.006938,
     28.831966
    ]
   },
   "properties": {
    "name": "Primary Co. Ed School Gautam Nagar School MCD",
    "zone": "New Delhi",
    "ward": null,
    "capacity": 0,
    "sanctioned_capacity": 40,
    "shelter_type": "summer-seasonal",
    "seasonal": true,
    "day_service": false,
    "purpose": "General",
    "operating_agency": "SPYM",
    "ns_code": "843",
    "area_sqft": null,
    "division": "C05",
    "cluster": "Cluster-14",
    "source": "https://delhishelterboard.in/occupancy-report/index-ag2.php (DUSIB 'District wise Night Shelters List', live occupancy report, fetched 2026-07-01 11:03 IST)",
    "geocode_confidence": "approximate",
    "notes": "Geocode hit falls outside the stated district 'New Delhi' polygon (~25.1 km away); geocoder likely matched a same-named or similarly-described locality elsewhere in Delhi. Coordinates kept but flagged approximate."
   }
  },
  {
   "type": "Feature",
   "geometry": {
    "type": "Point",
    "coordinates": [
     77.206724,
     28.662613
    ]
   },
   "properties": {
    "name": "Primary Co. Ed School Humayunpur School MCD",
    "zone": "New Delhi",
    "ward": "Deputy Ganj",
    "capacity": 0,
    "sanctioned_capacity": 25,
    "shelter_type": "summer-seasonal",
    "seasonal": true,
    "day_service": false,
    "purpose": "General",
    "operating_agency": "SPYM",
    "ns_code": "844",
    "area_sqft": null,
    "division": "C05",
    "cluster": "Cluster-14",
    "source": "https://delhishelterboard.in/occupancy-report/index-ag2.php (DUSIB 'District wise Night Shelters List', live occupancy report, fetched 2026-07-01 11:03 IST)",
    "geocode_confidence": "good",
    "notes": "Geocode hit is near (<~3km) the stated district 'New Delhi' polygon boundary. Point-in-polygon matched to pre-2022 ward layer: 'Deputy Ganj' (ward vintage is pre-2022 interim charges, not the 2022 unified-MCD 250-ward set)."
   }
  }
 ]
}