{"type": "FeatureCollection", "crs": {"type": "name", "properties": {"name": "urn:ogc:def:crs:OGC:1.3:CRS84"}}, "features": [{"type": "Feature", "properties": {"bus": "yes", "highway": "bus_stop", "name": "Deccan Corner", "name:mr": "डेक्कन कॉर्नर", "public_transport": "stop_position", "osm_id": "node/248156037"}, "geometry": {"type": "Point", "coordinates": [73.8411516, 18.5133826]}}, {"type": "Feature", "properties": {"highway": "bus_stop", "name": "Noble Hospital", "osm_id": "node/605257600"}, "geometry": {"type": "Point", "coordinates": [73.9276916, 18.5024023]}}, {"type": "Feature", "properties": {"bus": "yes", "highway": "bus_stop", "name": "Raste Wada", "name:mr": "रास्ते वाडा", "public_transport": "stop_position", "osm_id": "node/633121822"}, "geometry": {"type": "Point", "coordinates": [73.8647837, 18.5211848]}}, {"type": "Feature", "properties": {"bus": "yes", "highway": "bus_stop", "name": "Collector Kacheri", "name:mr": "कलेक्टर कचेरी", "public_transport": "stop_position", "osm_id": "node/672219354"}, "geometry": {"type": "Point", "coordinates": [73.8721359, 18.5244565]}}, {"type": "Feature", "properties": {"bench": "yes", "bus": "yes", "highway": "bus_stop", "name": "Collector Kacheri", "name:en": "Collector Kacheri", "name:mr": "कलेक्टर कचेरी", "public_transport": "stop_position", "shelter": "yes", "osm_id": "node/672220644"}, "geometry": {"type": "Point", "coordinates": [73.8716998, 18.5244012]}}, {"type": "Feature", "properties": {"highway": "bus_stop", "name": "Swargate PMPML Depot", "osm_id": "node/678693424"}, "geometry": {"type": "Point", "coordinates": [73.8613881, 18.5005006]}}, {"type": "Feature", "properties": {"bus": "yes", "highway": "bus_stop", "name": "Akurdi Village BS", "public_transport": "platform", "osm_id": "node/680016403"}, "geometry": {"type": "Point", "coordinates": [73.7791926, 18.649813]}}, {"type": "Feature", "properties": {"bus": "yes", "highway": "bus_stop", "name": "Dahanukar Colony (Ram Mandir)", "name:mr": "डहाणूकर कॉलनी (राम मंदिर)", "public_transport": "stop_position", "osm_id": "node/763446411"}, "geometry": {"type": "Point", "coordinates": [73.8102718, 18.4956415]}}, {"type": "Feature", "properties": {"bench": "yes", "bus": "yes", "highway": "bus_stop", "name": "Kumbare Park", "name:mr": "कुंबरे पार्क", "public_transport": "stop_position", "shelter": "yes", "osm_id": "node/763448439"}, "geometry": {"type": "Point", "coordinates": [73.7981352, 18.5031794]}}, {"type": "Feature", "properties": {"bus": "yes", "highway": "bus_stop", "name": "Balewadi Phata", "name:en": "Balewadi Phata", "name:mr": "बालेवाडी फाटा", "public_transport": "platform", "osm_id": "node/865754945"}, "geometry": {"type": "Point", "coordinates": [73.7829572, 18.5635705]}}, {"type": "Feature", "properties": {"bus": "yes", "highway": "bus_stop", "name": "Paud Phata", "name:mr": "पौड फाटा", "public_transport": "stop_position", "osm_id": "node/865828962"}, "geometry": {"type": "Point", "coordinates": [73.8243601, 18.5054496]}}, {"type": "Feature", "properties": {"bus": "yes", "departures_board": "no", "highway": "bus_stop", "name": "Balewadi Gaon", "name:en": "Balewadi Gaon", "name:mr": "बालेवाडी गांव", "public_transport": "platform", "osm_id": "node/871501131"}, "geometry": {"type": "Point", "coordinates": [73.7797577, 18.5762113]}}, {"type": "Feature", "properties": {"bench": "yes", "bin": "no", "bus": "yes", "highway": "bus_stop", "lit": "yes", "name": "Baner Phata", "name:en": "Baner Phata", "name:mr": "बाणेर फाटा", "operator": "PMPML", "public_transport": "platform", "shelter": "yes", "osm_id": "node/871529595"}, "geometry": {"type": "Point", "coordinates": [73.809021, 18.5500105]}}, {"type": "Feature", "properties": {"bus": "yes", "highway": "bus_stop", "name": "Sai Chowk", "public_transport": "platform", "shelter": "yes", "osm_id": "node/1011184954"}, "geometry": {"type": "Point", "coordinates": [73.7858079, 18.5435299]}}, {"type": "Feature", "properties": {"highway": "bus_stop", "name": "Dandekar Bridge", "osm_id": "node/1054647784"}, "geometry": {"type": "Point", "coordinates": [73.8466642, 18.5011157]}}, {"type": "Feature", "properties": {"highway": "bus_stop", "name": "Pandavnagar", "osm_id": "node/1063806007"}, "geometry": {"type": "Point", "coordinates": [73.7826234, 18.544023]}}, {"type": "Feature", "properties": {"highway": "bus_stop", "name": "Panchavati", "osm_id": "node/1065043546"}, "geometry": {"type": "Point", "coordinates": [73.8096596, 18.5390016]}}, {"type": "Feature", "properties": {"highway": "bus_stop", "name": "NCL", "osm_id": "node/1065043550"}, "geometry": {"type": "Point", "coordinates": [73.8117625, 18.5394695]}}, {"type": "Feature", "properties": {"bench": "yes", "bus": "yes", "highway": "bus_stop", "name": "IMD Colony", "public_transport": "platform", "shelter": "yes", "osm_id": "node/1065043553"}, "geometry": {"type": "Point", "coordinates": [73.8048526, 18.5378421]}}, {"type": "Feature", "properties": {"highway": "bus_stop", "name": "Pashan", "osm_id": "node/1065043556"}, "geometry": {"type": "Point", "coordinates": [73.7960554, 18.5369875]}}, {"type": "Feature", "properties": {"bus": "yes", "highway": "bus_stop", "name": "Rangehills Corner", "public_transport": "platform", "osm_id": "node/1065834431"}, "geometry": {"type": "Point", "coordinates": [73.8336457, 18.5390267]}}, {"type": "Feature", "properties": {"bench": "yes", "bin": "no", "bus": "yes", "highway": "bus_stop", "lit": "no", "name": "PMC Mangala", "public_transport": "platform", "shelter": "yes", "osm_id": "node/1065838850"}, "geometry": {"type": "Point", "coordinates": [73.854079, 18.5239213]}}, {"type": "Feature", "properties": {"highway": "bus_stop", "name": "Sutarwadi", "osm_id": "node/1065896629"}, "geometry": {"type": "Point", "coordinates": [73.7814207, 18.5386289]}}, {"type": "Feature", "properties": {"highway": "bus_stop", "name": "Vishwakarma Nagar", "osm_id": "node/1067961977"}, "geometry": {"type": "Point", "coordinates": [73.7876496, 18.5429523]}}, {"type": "Feature", "properties": {"highway": "bus_stop", "name": "Abhinav College", "shelter": "yes", "osm_id": "node/1067961979"}, "geometry": {"type": "Point", "coordinates": [73.7795815, 18.5447222]}}, {"type": "Feature", "properties": {"bus": "yes", "highway": "bus_stop", "name": "Pratik Nagar", "name:mr": "प्रतीक नगर", "public_transport": "stop_position", "osm_id": "node/1109153495"}, "geometry": {"type": "Point", "coordinates": [73.8093982, 18.5081499]}}, {"type": "Feature", "properties": {"bus": "yes", "highway": "bus_stop", "name": "Kothrud Depot", "name:mr": "कोथरुड डेपो", "public_transport": "stop_position", "osm_id": "node/1109210919"}, "geometry": {"type": "Point", "coordinates": [73.7950431, 18.5078508]}}, {"type": "Feature", "properties": {"highway": "bus_stop", "local_ref": "Vanaz Corner ST pickup", "name": "State Transport Bus stop", "public_transport": "platform", "osm_id": "node/1109210921"}, "geometry": {"type": "Point", "coordinates": [73.8025744, 18.5068404]}}, {"type": "Feature", "properties": {"bus": "yes", "highway": "bus_stop", "name": "Nal Stop", "name:mr": "नळ स्टॉप", "public_transport": "stop_position", "osm_id": "node/1223958268"}, "geometry": {"type": "Point", "coordinates": [73.8319633, 18.5089079]}}, {"type": "Feature", "properties": {"bus": "yes", "highway": "bus_stop", "name": "Lohgaon", "network": "PMPML", "operator": "PMPML", "public_transport": "platform", "shelter": "yes", "osm_id": "node/1226588499"}, "geometry": {"type": "Point", "coordinates": [73.9245544, 18.5957701]}}, {"type": "Feature", "properties": {"bus": "yes", "highway": "bus_stop", "name": "Garware Mahavidyalay", "name:mr": "गरवारे महाविद्यालय", "public_transport": "stop_position", "osm_id": "node/1455235579"}, "geometry": {"type": "Point", "coordinates": [73.838844, 18.5123529]}}, {"type": "Feature", "properties": {"bus": "yes", "highway": "bus_stop", "name": "Ambegaon", "public_transport": "platform", "osm_id": "node/1703097167"}, "geometry": {"type": "Point", "coordinates": [73.8375551, 18.451118]}}, {"type": "Feature", "properties": {"bus": "yes", "highway": "bus_stop", "name": "Shewale", "public_transport": "platform", "osm_id": "node/1743974575"}, "geometry": {"type": "Point", "coordinates": [73.832473, 18.5625343]}}, {"type": "Feature", "properties": {"alt_name": "Dhayari", "amenity": "bus_station", "highway": "bus_stop", "name": "JK Hill Park Bus Stop", "osm_id": "node/1762191454"}, "geometry": {"type": "Point", "coordinates": [73.8110435, 18.4513059]}}, {"type": "Feature", "properties": {"bench": "no", "highway": "bus_stop", "local_ref": "Rural Police HQ", "shelter": "no", "osm_id": "node/1827286839"}, "geometry": {"type": "Point", "coordinates": [73.8200467, 18.5405299]}}, {"type": "Feature", "properties": {"highway": "bus_stop", "name": "Donje Phata", "osm_id": "node/1868705570"}, "geometry": {"type": "Point", "coordinates": [73.7665893, 18.4121837]}}, {"type": "Feature", "properties": {"addr:city": "Pune", "addr:country": "IN", "addr:postcode": "411048", "addr:state": "Maharashtra", "addr:street": "Vitthal Rao Shivarkar Marg", "amenity": "bus_station", "building": "roof", "highway": "bus_stop", "name": "Indira Vasahat", "osm_id": "node/2006306826"}, "geometry": {"type": "Point", "coordinates": [73.900633, 18.481568]}}, {"type": "Feature", "properties": {"addr:city": "Pune", "addr:country": "IN", "addr:postcode": "411018", "addr:state": "Maharashtra", "addr:street": "Vitthal Rao Shivarkar Marg", "highway": "bus_stop", "name": "Borde Nagar", "osm_id": "node/2036485114"}, "geometry": {"type": "Point", "coordinates": [73.9004015, 18.4848996]}}, {"type": "Feature", "properties": {"highway": "bus_stop", "name": "Jambhulkar Chowk", "osm_id": "node/2036701176"}, "geometry": {"type": "Point", "coordinates": [73.8999973, 18.4952055]}}, {"type": "Feature", "properties": {"bus": "yes", "highway": "bus_stop", "name": "SNDT", "name:mr": "एस एन डी टी", "public_transport": "stop_position", "osm_id": "node/2085669819"}, "geometry": {"type": "Point", "coordinates": [73.8285677, 18.5081769]}}, {"type": "Feature", "properties": {"bus": "yes", "highway": "bus_stop", "name": "Garware Mahavidyalay", "name:mr": "गरवारे महाविद्यालय", "public_transport": "stop_position", "osm_id": "node/2085669844"}, "geometry": {"type": "Point", "coordinates": [73.8397526, 18.5128652]}}, {"type": "Feature", "properties": {"bus": "yes", "highway": "bus_stop", "name": "Deccan Corner", "name:mr": "डेक्कन कॉर्नर", "public_transport": "stop_position", "osm_id": "node/2085669850"}, "geometry": {"type": "Point", "coordinates": [73.8410905, 18.513455]}}, {"type": "Feature", "properties": {"bench": "yes", "bus": "yes", "departures_board": "timetable", "highway": "bus_stop", "name": "Pune University", "name:mr": "पुणे विद्यापीठ", "network": "PMPML", "operator": "PMPML", "public_transport": "platform", "shelter": "yes", "osm_id": "node/2086912327"}, "geometry": {"type": "Point", "coordinates": [73.8277261, 18.5418522]}}, {"type": "Feature", "properties": {"bench": "yes", "bus": "yes", "departures_board": "yes", "highway": "bus_stop", "name": "Pune University", "name:mr": "पुणे विद्यापीठ", "network": "PMPML", "operator": "PMPML", "public_transport": "platform", "shelter": "yes", "osm_id": "node/2086912362"}, "geometry": {"type": "Point", "coordinates": [73.8256999, 18.5429264]}}, {"type": "Feature", "properties": {"bench": "yes", "bin": "no", "bus": "yes", "highway": "bus_stop", "public_transport": "platform", "shelter": "yes", "osm_id": "node/2087084423"}, "geometry": {"type": "Point", "coordinates": [73.8288952, 18.5125841]}}, {"type": "Feature", "properties": {"bus": "yes", "highway": "bus_stop", "name": "Jog Hospital", "name:mr": "जोग हॉस्पिटल", "public_transport": "stop_position", "osm_id": "node/2088125809"}, "geometry": {"type": "Point", "coordinates": [73.8217809, 18.5091844]}}, {"type": "Feature", "properties": {"bus": "yes", "highway": "bus_stop", "name": "Vanaz Corner", "name:mr": "वनाझ कॉर्नर", "public_transport": "stop_position", "osm_id": "node/2092676651"}, "geometry": {"type": "Point", "coordinates": [73.8077089, 18.5071912]}}, {"type": "Feature", "properties": {"bus": "yes", "highway": "bus_stop", "name": "Vanaz Corner", "name:mr": "वनाझ कॉर्नर", "public_transport": "stop_position", "osm_id": "node/2092676679"}, "geometry": {"type": "Point", "coordinates": [73.8079861, 18.5076422]}}, {"type": "Feature", "properties": {"addr:street": "Swami Vivekanand Road", "highway": "bus_stop", "name": "Indira Nagar Bus Stop", "osm_id": "node/2147389184"}, "geometry": {"type": "Point", "coordinates": [73.8639307, 18.4687483]}}, {"type": "Feature", "properties": {"bus": "yes", "highway": "bus_stop", "name": "Nashik phata", "name:mr": "नाशिक फाटा", "public_transport": "stop_position", "osm_id": "node/2215897992"}, "geometry": {"type": "Point", "coordinates": [73.8225501, 18.6073179]}}, {"type": "Feature", "properties": {"bus": "yes", "highway": "bus_stop", "name": "Sonya Maruti Chowk", "name:mr": "सोन्या मारुती चौक", "public_transport": "stop_position", "osm_id": "node/2259729638"}, "geometry": {"type": "Point", "coordinates": [73.8591744, 18.5159878]}}, {"type": "Feature", "properties": {"bus": "yes", "highway": "bus_stop", "name": "KEM Hospital", "name:mr": "केईएम रुग्णालय", "public_transport": "stop_position", "osm_id": "node/2259729678"}, "geometry": {"type": "Point", "coordinates": [73.8674762, 18.5204468]}}, {"type": "Feature", "properties": {"bench": "yes", "bin": "yes", "bus": "yes", "highway": "bus_stop", "lit": "yes", "name": "Padmavati Bus Stop", "public_transport": "platform", "shelter": "yes", "wheelchair": "yes", "osm_id": "node/2262882760"}, "geometry": {"type": "Point", "coordinates": [73.8562369, 18.4754429]}}, {"type": "Feature", "properties": {"bus": "yes", "highway": "bus_stop", "name": "15 August Chowk", "name:mr": "१५ ऑगस्ट चौक", "public_transport": "stop_position", "osm_id": "node/2266620664"}, "geometry": {"type": "Point", "coordinates": [73.8663642, 18.5223321]}}, {"type": "Feature", "properties": {"bus": "yes", "covered": "yes", "highway": "bus_stop", "layer": "-1", "name": "Kothrud Stand", "name:mr": "कोथरूड स्टँड", "public_transport": "stop_position", "osm_id": "node/2279233397"}, "geometry": {"type": "Point", "coordinates": [73.8134087, 18.4999434]}}, {"type": "Feature", "properties": {"bus": "yes", "highway": "bus_stop", "name": "Hadapsar", "operator": "PMPML", "place": "locality", "public_transport": "platform", "osm_id": "node/2280623602"}, "geometry": {"type": "Point", "coordinates": [73.9379146, 18.5007741]}}, {"type": "Feature", "properties": {"bus": "yes", "highway": "bus_stop", "name": "Vishrambag Wada", "name:mr": "विश्रामबागवाडा", "operator": "PMPML", "public_transport": "stop_position", "osm_id": "node/2358247540"}, "geometry": {"type": "Point", "coordinates": [73.8528438, 18.5136511]}}, {"type": "Feature", "properties": {"bus": "yes", "highway": "bus_stop", "name": "Vishrambag Wada", "name:mr": "विश्रामबागवाडा", "operator": "PMPML", "public_transport": "platform", "osm_id": "node/2358247541"}, "geometry": {"type": "Point", "coordinates": [73.8528447, 18.5136795]}}, {"type": "Feature", "properties": {"bus": "yes", "highway": "bus_stop", "name": "Guruganesh Nagar", "name:mr": "गुरुगणेश नगर", "public_transport": "stop_position", "osm_id": "node/2455119582"}, "geometry": {"type": "Point", "coordinates": [73.7995615, 18.5028438]}}, {"type": "Feature", "properties": {"bus": "yes", "highway": "bus_stop", "name": "Guruganesh Nagar", "name:mr": "गुरुगणेश नगर", "public_transport": "stop_position", "osm_id": "node/2455119590"}, "geometry": {"type": "Point", "coordinates": [73.7994865, 18.502962]}}, {"type": "Feature", "properties": {"bench": "yes", "bus": "yes", "highway": "bus_stop", "name": "Kumbare Park", "name:mr": "कुंबरे पार्क", "public_transport": "stop_position", "shelter": "yes", "osm_id": "node/2455119598"}, "geometry": {"type": "Point", "coordinates": [73.7981466, 18.5030721]}}, {"type": "Feature", "properties": {"highway": "bus_stop", "name": "Apple hospital bus stop", "name:mr": "अॅपल रुग्णालय बस स्थानक", "website": "https://www.pmpml.org", "osm_id": "node/2572819971"}, "geometry": {"type": "Point", "coordinates": [73.7813309, 18.5885743]}}, {"type": "Feature", "properties": {"bus": "yes", "highway": "bus_stop", "name": "Kokane Chowk", "name:mr": "कोकणे चौक", "public_transport": "stop_position", "osm_id": "node/2680535548"}, "geometry": {"type": "Point", "coordinates": [73.7911733, 18.5968638]}}, {"type": "Feature", "properties": {"bus": "yes", "highway": "bus_stop", "name": "काटे पाटील चौक", "name:en": "Kate Patil chowk", "name:mr": "काटे पाटील चौक", "public_transport": "stop_position", "osm_id": "node/2680535692"}, "geometry": {"type": "Point", "coordinates": [73.8076053, 18.5991037]}}, {"type": "Feature", "properties": {"bus": "yes", "highway": "bus_stop", "name": "Maruti Mandir", "name:mr": "मारुती मंदिर", "public_transport": "stop_position", "osm_id": "node/2787978003"}, "geometry": {"type": "Point", "coordinates": [73.8201261, 18.5036332]}}, {"type": "Feature", "properties": {"bus": "yes", "highway": "bus_stop", "name": "Maruti Mandir", "name:mr": "मारुती मंदिर", "public_transport": "stop_position", "osm_id": "node/2787979370"}, "geometry": {"type": "Point", "coordinates": [73.8202879, 18.5036045]}}, {"type": "Feature", "properties": {"bus": "yes", "highway": "bus_stop", "name": "Karve Putala", "name:mr": "कर्वे पुतळा", "public_transport": "stop_position", "shelter": "yes", "osm_id": "node/2787995165"}, "geometry": {"type": "Point", "coordinates": [73.8165041, 18.5023184]}}, {"type": "Feature", "properties": {"bus": "yes", "highway": "bus_stop", "name": "More Vidyalaya", "name:mr": "मोरे विद्यालय", "public_transport": "stop_position", "shelter": "yes", "osm_id": "node/2788028603"}, "geometry": {"type": "Point", "coordinates": [73.8195239, 18.5104613]}}, {"type": "Feature", "properties": {"bus": "yes", "highway": "bus_stop", "name": "LIC Colony", "name:mr": "एल आय सी कॉलनी", "public_transport": "stop_position", "osm_id": "node/2788056298"}, "geometry": {"type": "Point", "coordinates": [73.8185112, 18.5108084]}}, {"type": "Feature", "properties": {"highway": "bus_stop", "name": "Rakshalekha Society", "name:mr": "रक्षालेखा सोसायटी", "osm_id": "node/2801208413"}, "geometry": {"type": "Point", "coordinates": [73.8387012, 18.4986966]}}, {"type": "Feature", "properties": {"highway": "bus_stop", "name": "Rakshalekha Society", "name:mr": "रक्षालेखा सोसायटी", "osm_id": "node/2801208414"}, "geometry": {"type": "Point", "coordinates": [73.838861, 18.4987169]}}, {"type": "Feature", "properties": {"bus": "yes", "highway": "bus_stop", "name": "Alka Talkies", "name:mr": "अलका टॉकीज", "public_transport": "stop_position", "osm_id": "node/2864314826"}, "geometry": {"type": "Point", "coordinates": [73.8447895, 18.5128912]}}, {"type": "Feature", "properties": {"bus": "yes", "highway": "bus_stop", "name": "Alka Talkies", "name:mr": "अलका टॉकीज", "public_transport": "stop_position", "osm_id": "node/2864314827"}, "geometry": {"type": "Point", "coordinates": [73.8449935, 18.5133175]}}, {"type": "Feature", "properties": {"bus": "yes", "highway": "bus_stop", "name": "Ambedkar Bhavan", "name:mr": "आंबेडकर भवन", "public_transport": "platform", "osm_id": "node/2864314828"}, "geometry": {"type": "Point", "coordinates": [73.8673735, 18.524099]}}, {"type": "Feature", "properties": {"bus": "yes", "highway": "bus_stop", "name": "Ambedkar Bhavan", "name:mr": "आंबेडकर भवन", "public_transport": "stop_position", "osm_id": "node/2864314829"}, "geometry": {"type": "Point", "coordinates": [73.8674666, 18.5241044]}}, {"type": "Feature", "properties": {"bus": "yes", "highway": "bus_stop", "name": "Anandnagar", "name:mr": "आनंदनगर", "public_transport": "stop_position", "osm_id": "node/2864314830"}, "geometry": {"type": "Point", "coordinates": [73.8144337, 18.5095652]}}, {"type": "Feature", "properties": {"bus": "yes", "highway": "bus_stop", "name": "Anandnagar", "name:mr": "आनंदनगर", "public_transport": "stop_position", "osm_id": "node/2864314831"}, "geometry": {"type": "Point", "coordinates": [73.8144315, 18.5097081]}}, {"type": "Feature", "properties": {"bench": "yes", "bin": "no", "bus": "yes", "highway": "bus_stop", "lit": "yes", "name": "Gandhi Bhavan", "name:mr": "गांधी भवन", "public_transport": "platform", "shelter": "yes", "osm_id": "node/2864314832"}, "geometry": {"type": "Point", "coordinates": [73.8033806, 18.4960452]}}, {"type": "Feature", "properties": {"bus": "yes", "highway": "bus_stop", "name": "Gandhi Bhavan", "name:mr": "गांधी भवन", "public_transport": "stop_position", "osm_id": "node/2864314833"}, "geometry": {"type": "Point", "coordinates": [73.8033959, 18.4961031]}}, {"type": "Feature", "properties": {"bus": "yes", "highway": "bus_stop", "name": "Apollo Talkies", "name:mr": "अपोलो टॉकीज", "public_transport": "stop_position", "osm_id": "node/2864314835"}, "geometry": {"type": "Point", "coordinates": [73.8645808, 18.5194896]}}, {"type": "Feature", "properties": {"bus": "yes", "highway": "bus_stop", "name": "Appa Balwant Chowk (Hujurpaga)", "name:mr": "अप्पा बळवंत चौक (हुजूरपागा)", "public_transport": "stop_position", "osm_id": "node/2864314836"}, "geometry": {"type": "Point", "coordinates": [73.8537471, 18.5148942]}}, {"type": "Feature", "properties": {"bus": "yes", "highway": "bus_stop", "name": "Chitrashala", "name:mr": "चित्रशाळा", "public_transport": "stop_position", "osm_id": "node/2864314837"}, "geometry": {"type": "Point", "coordinates": [73.8467444, 18.5130861]}}, {"type": "Feature", "properties": {"bus": "yes", "highway": "bus_stop", "name": "Chitrashala", "name:mr": "चित्रशाळा", "public_transport": "platform", "osm_id": "node/2864314838"}, "geometry": {"type": "Point", "coordinates": [73.8467406, 18.5131254]}}, {"type": "Feature", "properties": {"bus": "yes", "highway": "bus_stop", "name": "City Post", "name:mr": "सिटी पोस्ट", "public_transport": "stop_position", "osm_id": "node/2864314839"}, "geometry": {"type": "Point", "coordinates": [73.8566591, 18.5157161]}}, {"type": "Feature", "properties": {"bus": "yes", "highway": "bus_stop", "name": "Commonwealth", "name:mr": "कॉमनवेल्थ", "public_transport": "stop_position", "osm_id": "node/2864314840"}, "geometry": {"type": "Point", "coordinates": [73.8515993, 18.5143807]}}, {"type": "Feature", "properties": {"bus": "yes", "highway": "bus_stop", "name": "Dakshinmukhi Maruti", "name:mr": "दक्षिणमुखी मारुती", "public_transport": "platform", "osm_id": "node/2864314841"}, "geometry": {"type": "Point", "coordinates": [73.8539004, 18.5177947]}}, {"type": "Feature", "properties": {"bus": "yes", "highway": "bus_stop", "name": "Dakshinmukhi Maruti", "name:mr": "दक्षिणमुखी मारुती", "public_transport": "stop_position", "osm_id": "node/2864314842"}, "geometry": {"type": "Point", "coordinates": [73.8539774, 18.517793]}}, {"type": "Feature", "properties": {"bench": "yes", "bus": "yes", "highway": "bus_stop", "name": "GPO", "name:mr": "जी पी ओ", "public_transport": "platform", "shelter": "yes", "osm_id": "node/2864314843"}, "geometry": {"type": "Point", "coordinates": [73.8755069, 18.5235332]}}, {"type": "Feature", "properties": {"bus": "yes", "highway": "bus_stop", "name": "Gananjay Society", "name:mr": "गणंजय सोसायटी", "public_transport": "stop_position", "osm_id": "node/2864314844"}, "geometry": {"type": "Point", "coordinates": [73.8048194, 18.5001396]}}, {"type": "Feature", "properties": {"bus": "yes", "name": "Gananjay Society", "name:mr": "गणंजय सोसायटी", "public_transport": "platform", "osm_id": "node/2864314845"}, "geometry": {"type": "Point", "coordinates": [73.8048813, 18.5001564]}}, {"type": "Feature", "properties": {"bus": "yes", "highway": "bus_stop", "name": "Ganpati Chowk", "name:mr": "गणपती चौक", "public_transport": "platform", "osm_id": "node/2864314846"}, "geometry": {"type": "Point", "coordinates": [73.8549154, 18.5148843]}}, {"type": "Feature", "properties": {"bus": "yes", "highway": "bus_stop", "name": "Ganpati Chowk", "name:mr": "गणपती चौक", "public_transport": "stop_position", "osm_id": "node/2864314847"}, "geometry": {"type": "Point", "coordinates": [73.8549032, 18.5149638]}}, {"type": "Feature", "properties": {"bus": "yes", "highway": "bus_stop", "name": "Garware Mahavidyalay", "name:mr": "गरवारे महाविद्यालय", "public_transport": "platform", "osm_id": "node/2864314848"}, "geometry": {"type": "Point", "coordinates": [73.8397219, 18.5129259]}}, {"type": "Feature", "properties": {"bus": "yes", "highway": "bus_stop", "name": "Gokhale Hall", "name:mr": "गोखले हॉल", "public_transport": "stop_position", "osm_id": "node/2864314849"}, "geometry": {"type": "Point", "coordinates": [73.8491322, 18.5140682]}}, {"type": "Feature", "properties": {"bus": "yes", "highway": "bus_stop", "name": "Ideal Colony", "name:mr": "आयडियल कॉलनी", "public_transport": "stop_position", "osm_id": "node/2864314852"}, "geometry": {"type": "Point", "coordinates": [73.817114, 18.5102141]}}, {"type": "Feature", "properties": {"bus": "yes", "highway": "bus_stop", "name": "Jay Bhavani Nagar", "name:mr": "जय भवानी नगर", "public_transport": "stop_position", "osm_id": "node/2864314853"}, "geometry": {"type": "Point", "coordinates": [73.8125209, 18.5093847]}}, {"type": "Feature", "properties": {"bus": "yes", "highway": "bus_stop", "name": "Jay Bhavani Nagar", "name:mr": "जय भवानी नगर", "public_transport": "stop_position", "osm_id": "node/2864314854"}, "geometry": {"type": "Point", "coordinates": [73.8125146, 18.5095335]}}, {"type": "Feature", "properties": {"bus": "yes", "highway": "bus_stop", "name": "Jilha Parishad", "name:mr": "जिल्हा परिषद", "public_transport": "stop_position", "osm_id": "node/2864314855"}, "geometry": {"type": "Point", "coordinates": [73.8692408, 18.5234025]}}, {"type": "Feature", "properties": {"bus": "yes", "highway": "bus_stop", "name": "Kasba Peth Police Chowki", "name:mr": "कसबा पेठ पोलीस चौकी", "public_transport": "stop_position", "osm_id": "node/2864314856"}, "geometry": {"type": "Point", "coordinates": [73.8558408, 18.5205286]}}, {"type": "Feature", "properties": {"bus": "yes", "highway": "bus_stop", "name": "Kasba Peth Police Chowki", "name:mr": "कसबा पेठ पोलीस चौकी", "public_transport": "platform", "osm_id": "node/2864314857"}, "geometry": {"type": "Point", "coordinates": [73.8558757, 18.5205611]}}, {"type": "Feature", "properties": {"bus": "yes", "highway": "bus_stop", "name": "Lal Mahal", "name:mr": "लाल महाल", "public_transport": "stop_position", "osm_id": "node/2864314858"}, "geometry": {"type": "Point", "coordinates": [73.8566475, 18.5185508]}}, {"type": "Feature", "properties": {"bench": "yes", "bus": "yes", "name": "Mahesh Vidyalaya", "name:mr": "महेश विद्यालय", "public_transport": "platform", "shelter": "yes", "osm_id": "node/2864314859"}, "geometry": {"type": "Point", "coordinates": [73.8022593, 18.4998549]}}, {"type": "Feature", "properties": {"bus": "yes", "highway": "bus_stop", "name": "Mahesh Vidyalaya", "name:mr": "महेश विद्यालय", "public_transport": "stop_position", "osm_id": "node/2864314860"}, "geometry": {"type": "Point", "coordinates": [73.8022036, 18.4998645]}}, {"type": "Feature", "properties": {"bus": "yes", "highway": "bus_stop", "name": "Mahesh Vidyalaya", "name:mr": "महेश विद्यालय", "public_transport": "stop_position", "osm_id": "node/2864314861"}, "geometry": {"type": "Point", "coordinates": [73.8020954, 18.499877]}}, {"type": "Feature", "properties": {"bench": "yes", "bus": "yes", "name": "Mahesh Vidyalaya", "name:mr": "महेश विद्यालय", "public_transport": "platform", "shelter": "yes", "osm_id": "node/2864314862"}, "geometry": {"type": "Point", "coordinates": [73.8019863, 18.4998824]}}, {"type": "Feature", "properties": {"bus": "yes", "highway": "bus_stop", "name": "More Vidyalaya", "name:mr": "मोरे विद्यालय", "public_transport": "stop_position", "osm_id": "node/2864314863"}, "geometry": {"type": "Point", "coordinates": [73.8209852, 18.510085]}}, {"type": "Feature", "properties": {"bus": "yes", "highway": "bus_stop", "name": "Nal Stop", "name:mr": "नळ स्टॉप", "public_transport": "stop_position", "osm_id": "node/2864314864"}, "geometry": {"type": "Point", "coordinates": [73.8320531, 18.509133]}}, {"type": "Feature", "properties": {"bus": "yes", "highway": "bus_stop", "name": "Paud Phata", "name:mr": "पौड फाटा", "public_transport": "stop_position", "osm_id": "node/2864314865"}, "geometry": {"type": "Point", "coordinates": [73.82385, 18.5068943]}}, {"type": "Feature", "properties": {"bus": "yes", "highway": "bus_stop", "name": "Paud Phata", "name:mr": "पौड फाटा", "public_transport": "stop_position", "osm_id": "node/2864314866"}, "geometry": {"type": "Point", "coordinates": [73.8233481, 18.5073528]}}, {"type": "Feature", "properties": {"bus": "yes", "highway": "bus_stop", "name": "Petrol Pump (Karve Road)", "name:mr": "पेट्रोल पंप (कर्वे रस्ता)", "public_transport": "stop_position", "osm_id": "node/2864314867"}, "geometry": {"type": "Point", "coordinates": [73.8348422, 18.5105082]}}, {"type": "Feature", "properties": {"bus": "yes", "highway": "bus_stop", "name": "Petrol Pump (Karve Road)", "name:mr": "पेट्रोल पंप (कर्वे रस्ता)", "public_transport": "stop_position", "osm_id": "node/2864314868"}, "geometry": {"type": "Point", "coordinates": [73.8350321, 18.5104965]}}, {"type": "Feature", "properties": {"bus": "yes", "highway": "bus_stop", "name": "Phadke Houd", "name:mr": "फडके हौद", "public_transport": "stop_position", "osm_id": "node/2864314869"}, "geometry": {"type": "Point", "coordinates": [73.8601444, 18.5188684]}}, {"type": "Feature", "properties": {"bus": "yes", "name": "Pratik Nagar", "name:mr": "प्रतीक नगर", "public_transport": "platform", "osm_id": "node/2864314870"}, "geometry": {"type": "Point", "coordinates": [73.8094705, 18.5080789]}}, {"type": "Feature", "properties": {"bus": "yes", "highway": "bus_stop", "name": "Pune Station Bus Stand", "name:mr": "पुणे स्टेशन बस स्थानक", "public_transport": "stop_position", "osm_id": "node/2864314871"}, "geometry": {"type": "Point", "coordinates": [73.872967, 18.5276102]}}, {"type": "Feature", "properties": {"bus": "yes", "highway": "bus_stop", "name": "Raste Wada", "name:mr": "रास्ते वाडा", "public_transport": "platform", "osm_id": "node/2864314872"}, "geometry": {"type": "Point", "coordinates": [73.8648477, 18.521175]}}, {"type": "Feature", "properties": {"bus": "yes", "highway": "bus_stop", "name": "Raste Wada", "name:mr": "रास्ते वाडा", "public_transport": "platform", "osm_id": "node/2864314873"}, "geometry": {"type": "Point", "coordinates": [73.8647408, 18.5211941]}}, {"type": "Feature", "properties": {"bus": "yes", "highway": "bus_stop", "name": "Sadashiv Peth Houd", "name:mr": "सदाशिव पेठ हौद", "public_transport": "stop_position", "osm_id": "node/2864314874"}, "geometry": {"type": "Point", "coordinates": [73.8506376, 18.5135108]}}, {"type": "Feature", "properties": {"bus": "yes", "highway": "bus_stop", "name": "Sadhu Vaswani Chowk", "name:mr": "साधु वास्वाणी चौक", "public_transport": "stop_position", "osm_id": "node/2864314875"}, "geometry": {"type": "Point", "coordinates": [73.8765892, 18.5255769]}}, {"type": "Feature", "properties": {"bus": "yes", "highway": "bus_stop", "name": "Sahajanand", "name:mr": "सहजानंद", "public_transport": "stop_position", "osm_id": "node/2864314876"}, "geometry": {"type": "Point", "coordinates": [73.8020771, 18.4963603]}}, {"type": "Feature", "properties": {"bus": "yes", "highway": "bus_stop", "name": "Sahajanand", "name:mr": "सहजानंद", "public_transport": "stop_position", "osm_id": "node/2864314877"}, "geometry": {"type": "Point", "coordinates": [73.8019682, 18.4963634]}}, {"type": "Feature", "properties": {"bench": "yes", "bin": "no", "bus": "yes", "highway": "bus_stop", "name": "Sassoon Hospital", "name:en": "Sassoon Hospital", "name:mr": "ससून रुग्णालय", "public_transport": "platform", "shelter": "yes", "osm_id": "node/2864314878"}, "geometry": {"type": "Point", "coordinates": [73.8715502, 18.5250469]}}, {"type": "Feature", "properties": {"bus": "yes", "highway": "bus_stop", "name": "Shaniwarwada", "name:mr": "शनिवारवाडा", "public_transport": "stop_position", "osm_id": "node/2864314879"}, "geometry": {"type": "Point", "coordinates": [73.8544934, 18.5196781]}}, {"type": "Feature", "properties": {"bus": "yes", "highway": "bus_stop", "name": "Shivtirth Nagar", "name:mr": "शिवतीर्थ नगर", "public_transport": "stop_position", "osm_id": "node/2864314880"}, "geometry": {"type": "Point", "coordinates": [73.8097254, 18.5083378]}}, {"type": "Feature", "properties": {"bus": "yes", "highway": "bus_stop", "name": "Sonya Maruti Chowk", "name:mr": "सोन्या मारुती चौक", "public_transport": "platform", "osm_id": "node/2864314881"}, "geometry": {"type": "Point", "coordinates": [73.8591721, 18.5159403]}}, {"type": "Feature", "properties": {"bus": "yes", "highway": "bus_stop", "name": "Vanaz Corner", "name:mr": "वनाझ कॉर्नर", "public_transport": "platform", "osm_id": "node/2864314885"}, "geometry": {"type": "Point", "coordinates": [73.8077817, 18.5072076]}}, {"type": "Feature", "properties": {"bus": "yes", "highway": "bus_stop", "name": "Vijay Talkies", "name:mr": "विजय टॉकीज", "public_transport": "stop_position", "osm_id": "node/2864314886"}, "geometry": {"type": "Point", "coordinates": [73.8461613, 18.5137283]}}, {"type": "Feature", "properties": {"bus": "yes", "name": "Vivekanand Society", "name:mr": "विवेकानंद सोसायटी", "public_transport": "platform", "osm_id": "node/2864314887"}, "geometry": {"type": "Point", "coordinates": [73.8055057, 18.5040538]}}, {"type": "Feature", "properties": {"bus": "yes", "highway": "bus_stop", "name": "Vivekanand Society", "name:mr": "विवेकानंद सोसायटी", "public_transport": "stop_position", "osm_id": "node/2864314888"}, "geometry": {"type": "Point", "coordinates": [73.8054527, 18.5040593]}}, {"type": "Feature", "properties": {"bus": "yes", "highway": "bus_stop", "name": "15 August Chowk", "name:mr": "१५ ऑगस्ट चौक", "public_transport": "platform", "osm_id": "node/2864316826"}, "geometry": {"type": "Point", "coordinates": [73.8663741, 18.5222667]}}, {"type": "Feature", "properties": {"bus": "yes", "highway": "bus_stop", "name": "15 August Chowk", "name:mr": "१५ ऑगस्ट चौक", "public_transport": "platform", "osm_id": "node/2864316827"}, "geometry": {"type": "Point", "coordinates": [73.866343, 18.5223998]}}, {"type": "Feature", "properties": {"bus": "yes", "name": "Dahanukar Colony", "name:mr": "डहाणूकर कॉलनी", "public_transport": "platform", "osm_id": "node/2868690832"}, "geometry": {"type": "Point", "coordinates": [73.8127293, 18.4952556]}}, {"type": "Feature", "properties": {"bus": "yes", "name": "Dahanukar Colony", "name:mr": "डहाणूकर कॉलनी", "public_transport": "platform", "osm_id": "node/2868690834"}, "geometry": {"type": "Point", "coordinates": [73.8127423, 18.4953567]}}, {"type": "Feature", "properties": {"bus": "yes", "highway": "bus_stop", "name": "Gandhibhavan Corner", "name:mr": "गांधीभवन कॉर्नर", "public_transport": "stop_position", "osm_id": "node/2868690835"}, "geometry": {"type": "Point", "coordinates": [73.8133194, 18.4949314]}}, {"type": "Feature", "properties": {"bus": "yes", "highway": "bus_stop", "light_rail": "yes", "name": "Gandhibhavan Corner", "name:mr": "गांधीभवन कॉर्नर", "public_transport": "stop_position", "subway": "yes", "osm_id": "node/2868690836"}, "geometry": {"type": "Point", "coordinates": [73.8133582, 18.4957595]}}, {"type": "Feature", "properties": {"highway": "bus_stop", "name": "Karve Putala", "name:mr": "कर्वे पुतळा", "osm_id": "node/2868690837"}, "geometry": {"type": "Point", "coordinates": [73.8151114, 18.5017568]}}, {"type": "Feature", "properties": {"bus": "yes", "highway": "bus_stop", "name": "Kothrud Stand", "name:mr": "कोथरूड स्टँड", "public_transport": "stop_position", "osm_id": "node/2868690838"}, "geometry": {"type": "Point", "coordinates": [73.8137365, 18.4992732]}}, {"type": "Feature", "properties": {"bus": "yes", "highway": "bus_stop", "name": "Paud Phata", "name:mr": "पौड फाटा", "public_transport": "stop_position", "osm_id": "node/2868690839"}, "geometry": {"type": "Point", "coordinates": [73.8242118, 18.5055329]}}, {"type": "Feature", "properties": {"bus": "yes", "description": "For buses going towards Karve Putala / कर्वे पुतळ्याकडे जाणाऱ्या बससाठी", "highway": "bus_stop", "name": "SNDT", "name:mr": "एस एन डी टी", "note": "For buses going towards Karve Putala / कर्वे पुतळ्याकडे जाणाऱ्या बससाठी", "public_transport": "stop_position", "osm_id": "node/2868690840"}, "geometry": {"type": "Point", "coordinates": [73.8284528, 18.5071341]}}, {"type": "Feature", "properties": {"bus": "yes", "highway": "bus_stop", "name": "Alka Talkies", "name:mr": "अलका टॉकीज", "public_transport": "platform", "osm_id": "node/2870389528"}, "geometry": {"type": "Point", "coordinates": [73.8450142, 18.513303]}}, {"type": "Feature", "properties": {"bus": "yes", "highway": "bus_stop", "name": "Alka Talkies", "name:mr": "अलका टॉकीज", "public_transport": "stop_position", "osm_id": "node/2870389529"}, "geometry": {"type": "Point", "coordinates": [73.8443831, 18.5134183]}}, {"type": "Feature", "properties": {"bus": "yes", "highway": "bus_stop", "name": "Appa Balwant Chowk", "name:mr": "अप्पा बळवंत चौक", "public_transport": "stop_position", "osm_id": "node/2870389530"}, "geometry": {"type": "Point", "coordinates": [73.8531058, 18.5164089]}}, {"type": "Feature", "properties": {"bus": "yes", "highway": "bus_stop", "name": "Bharati Nagar", "name:mr": "भारती नगर", "public_transport": "platform", "osm_id": "node/2870389531"}, "geometry": {"type": "Point", "coordinates": [73.7970293, 18.5076602]}}, {"type": "Feature", "properties": {"bus": "yes", "highway": "bus_stop", "name": "Bharati Nagar", "name:mr": "भारती नगर", "public_transport": "stop_position", "osm_id": "node/2870389532"}, "geometry": {"type": "Point", "coordinates": [73.7970411, 18.5077269]}}, {"type": "Feature", "properties": {"bus": "yes", "highway": "bus_stop", "name": "Bharati Nagar", "name:mr": "भारती नगर", "public_transport": "stop_position", "osm_id": "node/2870389533"}, "geometry": {"type": "Point", "coordinates": [73.7970494, 18.5078301]}}, {"type": "Feature", "properties": {"bus": "yes", "highway": "bus_stop", "name": "Kachra Depot", "name:mr": "कचरा डेपो", "public_transport": "stop_position", "osm_id": "node/2870389534"}, "geometry": {"type": "Point", "coordinates": [73.7993259, 18.5074591]}}, {"type": "Feature", "properties": {"bus": "yes", "highway": "bus_stop", "name": "Kachra Depot", "name:mr": "कचरा डेपो", "public_transport": "stop_position", "osm_id": "node/2870389535"}, "geometry": {"type": "Point", "coordinates": [73.7998674, 18.5075375]}}, {"type": "Feature", "properties": {"bus": "yes", "highway": "bus_stop", "name": "Kanyashala", "name:mr": "कन्याशाळा", "public_transport": "platform", "osm_id": "node/2870389536"}, "geometry": {"type": "Point", "coordinates": [73.8508081, 18.5163274]}}, {"type": "Feature", "properties": {"bus": "yes", "highway": "bus_stop", "name": "Kanyashala", "name:mr": "कन्याशाळा", "public_transport": "stop_position", "osm_id": "node/2870389537"}, "geometry": {"type": "Point", "coordinates": [73.8508112, 18.5164014]}}, {"type": "Feature", "properties": {"bus": "yes", "highway": "bus_stop", "name": "Kanyashala", "name:mr": "कन्याशाळा", "public_transport": "platform", "osm_id": "node/2870389538"}, "geometry": {"type": "Point", "coordinates": [73.8508089, 18.5164585]}}, {"type": "Feature", "properties": {"bus": "yes", "highway": "bus_stop", "name": "Kesariwada", "name:mr": "केसरीवाडा", "public_transport": "platform", "osm_id": "node/2870389539"}, "geometry": {"type": "Point", "coordinates": [73.8490922, 18.5161391]}}, {"type": "Feature", "properties": {"bus": "yes", "highway": "bus_stop", "name": "Kesariwada", "name:mr": "केसरीवाडा", "public_transport": "stop_position", "osm_id": "node/2870389540"}, "geometry": {"type": "Point", "coordinates": [73.8490922, 18.516199]}}, {"type": "Feature", "properties": {"bus": "yes", "highway": "bus_stop", "name": "Kothrud Depot", "name:mr": "कोथरुड डेपो", "public_transport": "platform", "osm_id": "node/2870389541"}, "geometry": {"type": "Point", "coordinates": [73.7950301, 18.5077706]}}, {"type": "Feature", "properties": {"bus": "yes", "highway": "bus_stop", "name": "Kothrud Depot", "name:mr": "कोथरुड डेपो", "public_transport": "stop_position", "osm_id": "node/2870389542"}, "geometry": {"type": "Point", "coordinates": [73.7957057, 18.5079364]}}, {"type": "Feature", "properties": {"bus": "yes", "highway": "bus_stop", "name": "Mati Ganapati", "name:mr": "माती गणपती", "public_transport": "stop_position", "osm_id": "node/2870389543"}, "geometry": {"type": "Point", "coordinates": [73.8467218, 18.5157742]}}, {"type": "Feature", "properties": {"bus": "yes", "highway": "bus_stop", "name": "Mati Ganapati", "name:mr": "माती गणपती", "public_transport": "platform", "osm_id": "node/2870389544"}, "geometry": {"type": "Point", "coordinates": [73.8475353, 18.5159612]}}, {"type": "Feature", "properties": {"bus": "yes", "highway": "bus_stop", "name": "Mati Ganapati", "name:mr": "माती गणपती", "public_transport": "stop_position", "osm_id": "node/2870389545"}, "geometry": {"type": "Point", "coordinates": [73.8475116, 18.5160293]}}, {"type": "Feature", "properties": {"bus": "yes", "highway": "bus_stop", "name": "Nana Wada", "name:mr": "नाना वाडा", "public_transport": "stop_position", "wheelchair": "yes", "osm_id": "node/2870389546"}, "geometry": {"type": "Point", "coordinates": [73.8562164, 18.5183421]}}, {"type": "Feature", "properties": {"bus": "yes", "highway": "bus_stop", "name": "Paramhans Corner", "name:mr": "परमहंस कॉर्नर", "public_transport": "stop_position", "osm_id": "node/2870389547"}, "geometry": {"type": "Point", "coordinates": [73.8042777, 18.5070168]}}, {"type": "Feature", "properties": {"bus": "yes", "highway": "bus_stop", "name": "Paramhans Corner", "name:mr": "परमहंस कॉर्नर", "public_transport": "stop_position", "osm_id": "node/2870389548"}, "geometry": {"type": "Point", "coordinates": [73.8039608, 18.5071357]}}, {"type": "Feature", "properties": {"bus": "yes", "name": "Shastrinagar", "name:mr": "शास्त्रीनगर", "public_transport": "platform", "osm_id": "node/2870389549"}, "geometry": {"type": "Point", "coordinates": [73.8039741, 18.5043079]}}, {"type": "Feature", "properties": {"bus": "yes", "highway": "bus_stop", "name": "Shastrinagar", "name:mr": "शास्त्रीनगर", "public_transport": "stop_position", "osm_id": "node/2870389550"}, "geometry": {"type": "Point", "coordinates": [73.8039771, 18.5043491]}}, {"type": "Feature", "properties": {"bus": "yes", "highway": "bus_stop", "name": "Vasant Talkies", "name:mr": "वसंत टॉकीज", "public_transport": "stop_position", "osm_id": "node/2870389551"}, "geometry": {"type": "Point", "coordinates": [73.8562412, 18.5175013]}}, {"type": "Feature", "properties": {"bench": "yes", "bin": "no", "bus": "yes", "highway": "bus_stop", "public_transport": "platform", "shelter": "yes", "osm_id": "node/3376012874"}, "geometry": {"type": "Point", "coordinates": [73.8291643, 18.5162246]}}, {"type": "Feature", "properties": {"bus": "yes", "highway": "bus_stop", "public_transport": "platform", "osm_id": "node/3376049720"}, "geometry": {"type": "Point", "coordinates": [73.8312717, 18.5190151]}}, {"type": "Feature", "properties": {"bus": "yes", "highway": "bus_stop", "public_transport": "platform", "osm_id": "node/3377423144"}, "geometry": {"type": "Point", "coordinates": [73.8767304, 18.5251916]}}, {"type": "Feature", "properties": {"bench": "yes", "bin": "no", "highway": "bus_stop", "shelter": "yes", "osm_id": "node/3476057893"}, "geometry": {"type": "Point", "coordinates": [73.9242753, 18.5144797]}}, {"type": "Feature", "properties": {"addr:city": "Pune", "addr:postcode": "411041", "addr:street": "DSK Vishwa Road", "bench": "yes", "bus": "yes", "highway": "bus_stop", "name": "DSK Vishwa Road", "public_transport": "platform", "shelter": "yes", "osm_id": "node/3504367616"}, "geometry": {"type": "Point", "coordinates": [73.8037137, 18.4470544]}}, {"type": "Feature", "properties": {"addr:street": "Narhe-Dhayari Road", "highway": "bus_stop", "name": "Shree/Oneness Controls", "osm_id": "node/3506824327"}, "geometry": {"type": "Point", "coordinates": [73.8214983, 18.4449182]}}, {"type": "Feature", "properties": {"bus": "yes", "highway": "bus_stop", "name": "Vitthalwadi Jagat Naka", "public_transport": "platform", "website": "https://pmpml.org/", "osm_id": "node/3506849385"}, "geometry": {"type": "Point", "coordinates": [73.8331955, 18.4910236]}}, {"type": "Feature", "properties": {"bus": "yes", "covered": "yes", "highway": "bus_stop", "name": "Sales Tax Office", "operator": "PMPML", "public_transport": "platform", "shelter": "no", "osm_id": "node/3686791977"}, "geometry": {"type": "Point", "coordinates": [73.8899727, 18.5548956]}}, {"type": "Feature", "properties": {"addr:street": "DSK Vishwa Road", "bench": "no", "bus": "yes", "highway": "bus_stop", "name": "DSK Vishwa Main Gate;DSK VIshwa Main Gate Bus Stop", "network": "PMPML", "operator": "PMPML", "public_transport": "platform", "shelter": "no;yes", "osm_id": "node/3718634778"}, "geometry": {"type": "Point", "coordinates": [73.7997794, 18.4471004]}}, {"type": "Feature", "properties": {"bus": "yes", "highway": "bus_stop", "name": "Bhosari-Sadguru Nagar Bus Depot", "public_transport": "platform", "osm_id": "node/3842308493"}, "geometry": {"type": "Point", "coordinates": [73.8494433, 18.6320904]}}, {"type": "Feature", "properties": {"highway": "bus_stop", "name": "DIAT", "osm_id": "node/4153573589"}, "geometry": {"type": "Point", "coordinates": [73.7659054, 18.4256584]}}, {"type": "Feature", "properties": {"highway": "bus_stop", "name:en": "Navsahyadri bus stop", "operator": "PMC", "osm_id": "node/4359520989"}, "geometry": {"type": "Point", "coordinates": [73.8282438, 18.4955755]}}, {"type": "Feature", "properties": {"highway": "bus_stop", "name": "Vishal Nagar", "name:en": "Vishal Nagar", "name:mr": "विशाल नगर बस स्थानक", "operator": "PMPML", "shelter": "yes", "tactile_paving": "no", "osm_id": "node/4359880110"}, "geometry": {"type": "Point", "coordinates": [73.7841586, 18.58822]}}, {"type": "Feature", "properties": {"highway": "bus_stop", "name:en": "Golibar Maidan busstop", "osm_id": "node/4407012691"}, "geometry": {"type": "Point", "coordinates": [73.8780126, 18.5026904]}}, {"type": "Feature", "properties": {"bus": "yes", "description": "For buses going towards Paud road / पौड रस्त्याकडे जाणाऱ्या बससाठी", "highway": "bus_stop", "name": "SNDT", "name:mr": "एस एन डी टी", "note": "For buses going towards Paud road / पौड रस्त्याकडे जाणाऱ्या बससाठी", "public_transport": "stop_position", "osm_id": "node/4415723151"}, "geometry": {"type": "Point", "coordinates": [73.8289997, 18.5073892]}}, {"type": "Feature", "properties": {"bench": "yes", "bin": "no", "highway": "bus_stop", "lit": "no", "name": "Kendriya Vidyalaya Bus Stop", "name:en": "Kendriya Vidyalaya Bus Stop", "name:mr": "केंद्रीय विद्यालय", "operator": "PMPML", "shelter": "no", "osm_id": "node/4520573390"}, "geometry": {"type": "Point", "coordinates": [73.8185384, 18.5553512]}}, {"type": "Feature", "properties": {"bench": "yes", "highway": "bus_stop", "name": "Kendriya Vidyalaya Bus Stop", "name:en": "Kendriya Vidyalaya Bus Stop", "name:mr": "केंद्रीय विद्यालय", "operator": "PMPML", "shelter": "yes", "osm_id": "node/4520573690"}, "geometry": {"type": "Point", "coordinates": [73.815989, 18.5528813]}}, {"type": "Feature", "properties": {"bench": "yes", "bin": "no", "check_date:shelter": "2023-01-26", "highway": "bus_stop", "lit": "no", "name": "Bremen Chowk bus stop", "network": "PMPML", "operator": "PMPML", "shelter": "yes", "osm_id": "node/4616977774"}, "geometry": {"type": "Point", "coordinates": [73.8158101, 18.5594497]}}, {"type": "Feature", "properties": {"bench": "yes", "bin": "no", "highway": "bus_stop", "lit": "no", "name": "Bremen Chowk bus stop", "network": "PMPML", "operator": "PMPML", "shelter": "no", "source": "local knowledge", "osm_id": "node/4616978809"}, "geometry": {"type": "Point", "coordinates": [73.8152579, 18.5598505]}}, {"type": "Feature", "properties": {"bench": "no", "bin": "no", "check_date:shelter": "2023-01-03", "highway": "bus_stop", "lit": "yes", "name": "MSRTC bus stop", "shelter": "no", "osm_id": "node/4616980288"}, "geometry": {"type": "Point", "coordinates": [73.8138495, 18.5616389]}}, {"type": "Feature", "properties": {"highway": "bus_stop", "name:en": "MILIT Gate", "osm_id": "node/4634647192"}, "geometry": {"type": "Point", "coordinates": [73.7690536, 18.4309769]}}, {"type": "Feature", "properties": {"highway": "bus_stop", "osm_id": "node/4666604389"}, "geometry": {"type": "Point", "coordinates": [73.8525199, 18.4993574]}}, {"type": "Feature", "properties": {"bus": "yes", "highway": "bus_stop", "name": "Patil Colony / Abhiruchi Mall", "operator": "PMPL", "public_transport": "platform", "osm_id": "node/4805790723"}, "geometry": {"type": "Point", "coordinates": [73.8150696, 18.463068]}}, {"type": "Feature", "properties": {"bus": "yes", "highway": "bus_stop", "name": "Vadgaon BK Bridge", "operator": "PMPML", "public_transport": "platform", "osm_id": "node/4846861222"}, "geometry": {"type": "Point", "coordinates": [73.8183264, 18.4671456]}}, {"type": "Feature", "properties": {"bus": "yes", "highway": "bus_stop", "public_transport": "platform", "osm_id": "node/4846864322"}, "geometry": {"type": "Point", "coordinates": [73.8238539, 18.477733]}}, {"type": "Feature", "properties": {"highway": "bus_stop", "name:en": "Khdakwasla", "osm_id": "node/4872493521"}, "geometry": {"type": "Point", "coordinates": [73.7732243, 18.4387878]}}, {"type": "Feature", "properties": {"bus": "yes", "check_date": "2026-03-11", "highway": "bus_stop", "internet_access": "yes", "internet_access:fee": "yes", "name": "Sangvi Gaon Bus Stand", "network": "Pune Mahanagar Parivahan Mahamandal Limited", "network:wikidata": "Q7260109", "operator": "Pune Mahanagar Parivahan Mahamandal Limited", "public_transport": "platform", "osm_id": "node/5005664235"}, "geometry": {"type": "Point", "coordinates": [73.8259842, 18.5751179]}}, {"type": "Feature", "properties": {"highway": "bus_stop", "name:en": "Swar gate", "osm_id": "node/5104468321"}, "geometry": {"type": "Point", "coordinates": [73.8578268, 18.5004434]}}, {"type": "Feature", "properties": {"highway": "bus_stop", "name:en": "Suncity Bus Stop Home", "osm_id": "node/5320264921"}, "geometry": {"type": "Point", "coordinates": [73.8161816, 18.4752985]}}, {"type": "Feature", "properties": {"highway": "bus_stop", "name": "Kondhwa Bus Stand", "osm_id": "node/5331712304"}, "geometry": {"type": "Point", "coordinates": [73.8901174, 18.4616911]}}, {"type": "Feature", "properties": {"bench": "yes", "highway": "bus_stop", "name": "Kondhwa Bus Stand", "shelter": "yes", "osm_id": "node/5331712305"}, "geometry": {"type": "Point", "coordinates": [73.890512, 18.4611959]}}, {"type": "Feature", "properties": {"bus": "yes", "highway": "bus_stop", "name": "Wipro Company Circle", "name:en": "Wipro Company Circle", "name:hi": "विप्रो कंपनी सर्कल", "name:mr": "विप्रो कंपनी सर्कल", "network": "Pune Mahanagar Parivahan Mahamandal Limited", "network:wikidata": "Q7260109", "operator": "Pune Mahanagar Parivahan Mahamandal Ltd", "public_transport": "platform", "shelter": "yes", "osm_id": "node/5518857951"}, "geometry": {"type": "Point", "coordinates": [73.7190344, 18.5970468]}}, {"type": "Feature", "properties": {"bench": "yes", "bus": "yes", "departures_board": "timetable", "highway": "bus_stop", "name": "Wakad Chowk BRTS Stop", "name:mr": "वाकड चौक BRTS स्थानक", "network": "PMPML", "operator": "PMPML", "public_transport": "platform", "shelter": "yes", "wheelchair": "yes", "wikidata": "Q7260109", "wikipedia": "en:Pune Mahanagar Parivahan Mahamandal Limited", "osm_id": "node/5518866210"}, "geometry": {"type": "Point", "coordinates": [73.7616948, 18.5924133]}}, {"type": "Feature", "properties": {"bus": "yes", "highway": "bus_stop", "name": "Janak Baba Dargah", "public_transport": "platform", "osm_id": "node/5613507622"}, "geometry": {"type": "Point", "coordinates": [73.9440402, 18.5654818]}}, {"type": "Feature", "properties": {"bench": "yes", "covered": "yes", "highway": "bus_stop", "name": "Kaivilas Bhai Burat Bus stop", "shelter": "yes", "osm_id": "node/5839779120"}, "geometry": {"type": "Point", "coordinates": [73.8220847, 18.4914276]}}, {"type": "Feature", "properties": {"bus": "yes", "highway": "bus_stop", "name": "Lakshmi Nagar", "note": "area: Sahakar Nagar", "public_transport": "platform", "shelter": "no", "osm_id": "node/5982741585"}, "geometry": {"type": "Point", "coordinates": [73.8498176, 18.4923891]}}, {"type": "Feature", "properties": {"highway": "bus_stop", "name": "sarang society", "operator": "PMPML", "public_transport": "platform", "shelter": "yes", "osm_id": "node/5982741586"}, "geometry": {"type": "Point", "coordinates": [73.849857, 18.4899588]}}, {"type": "Feature", "properties": {"highway": "bus_stop", "osm_id": "node/6038661594"}, "geometry": {"type": "Point", "coordinates": [73.8092348, 18.555923]}}, {"type": "Feature", "properties": {"bench": "yes", "bin": "no", "bus": "yes", "check_date:shelter": "2023-02-06", "from": "Pune Municipal Corporation", "highway": "bus_stop", "lit": "yes", "name": "Mhasoba Gate", "name:en": "Mhasoba Gate", "name:mr": "म्हसोबा गेट", "network": "PMPML", "operator": "PMPML", "passenger_information_display": "no", "public_transport": "platform", "shelter": "yes", "surface": "cobblestone", "osm_id": "node/6045966843"}, "geometry": {"type": "Point", "coordinates": [73.8422295, 18.5323493]}}, {"type": "Feature", "properties": {"bench": "yes", "bin": "no", "bus": "yes", "highway": "bus_stop", "lit": "yes", "name": "Pumping Station Khairewadi", "public_transport": "platform", "shelter": "yes", "osm_id": "node/6046025724"}, "geometry": {"type": "Point", "coordinates": [73.8387526, 18.5347779]}}, {"type": "Feature", "properties": {"highway": "bus_stop", "name:en": "Khese Park", "osm_id": "node/6123882602"}, "geometry": {"type": "Point", "coordinates": [73.9124955, 18.5872076]}}, {"type": "Feature", "properties": {"bus": "yes", "highway": "bus_stop", "public_transport": "platform", "osm_id": "node/6128879904"}, "geometry": {"type": "Point", "coordinates": [73.7811589, 18.5642133]}}, {"type": "Feature", "properties": {"bus": "yes", "highway": "bus_stop", "name": "Rajyog Society", "name:en": "Rajyog Society", "name:mr": "राजयोग सोसायटी", "public_transport": "platform", "osm_id": "node/6128879918"}, "geometry": {"type": "Point", "coordinates": [73.7712022, 18.5661699]}}, {"type": "Feature", "properties": {"bench": "yes", "bin": "no", "bus": "yes", "highway": "bus_stop", "public_transport": "platform", "shelter": "yes", "osm_id": "node/6131097721"}, "geometry": {"type": "Point", "coordinates": [73.8074522, 18.5639148]}}, {"type": "Feature", "properties": {"bus": "yes", "highway": "bus_stop", "public_transport": "platform", "osm_id": "node/6168664138"}, "geometry": {"type": "Point", "coordinates": [73.8804387, 18.5360173]}}, {"type": "Feature", "properties": {"bus": "yes", "highway": "bus_stop", "name:en": "Kusalkar putala, PMPL", "public_transport": "platform", "osm_id": "node/6283615890"}, "geometry": {"type": "Point", "coordinates": [73.8270677, 18.5291463]}}, {"type": "Feature", "properties": {"bench": "yes", "bus": "yes", "highway": "bus_stop", "name": "Emcure Hinjawadi Road", "name:en": "Emcure Hinjawadi Road", "name:hi": "एमक्युअर हिंजवडी रोड", "name:mr": "एमक्युअर हिंजवडी रोड", "network": "Pune Mahanagar Parivahan Mahamandal Limited", "network:wikidata": "Q7260109", "operator": "Pune Mahanagar Parivahan Mahamandal Ltd", "public_transport": "platform", "shelter": "yes", "website": "https://www.pmpml.org", "osm_id": "node/6735965172"}, "geometry": {"type": "Point", "coordinates": [73.7128372, 18.5960293]}}, {"type": "Feature", "properties": {"bench": "yes", "bin": "no", "bus": "yes", "highway": "bus_stop", "name": "Infosys Phase 2", "name:en": "Infosys Phase 2", "name:mr": "इन्फोसिस फेज २", "network": "Pune Mahanagar Parivahan Mahamandal Limited", "network:wikidata": "Q7260109", "operator": "Pune Mahanagar Parivahan Mahamandal Ltd", "public_transport": "platform", "shelter": "yes", "website": "https://www.pmpml.org", "osm_id": "node/6735989258"}, "geometry": {"type": "Point", "coordinates": [73.7076507, 18.5933129]}}, {"type": "Feature", "properties": {"bus": "yes", "highway": "bus_stop", "name": "Tata Johnson", "name:en": "Tata Johnson", "network": "Pune Mahanagar Parivahan Mahamandal Limited", "network:wikidata": "Q7260109", "operator": "Pune Mahanagar Parivahan Mahamandal Ltd", "public_transport": "platform", "website": "https://www.pmpml.org", "osm_id": "node/6735999721"}, "geometry": {"type": "Point", "coordinates": [73.7280769, 18.5945319]}}, {"type": "Feature", "properties": {"bus": "yes", "highway": "bus_stop", "name": "शिवाजी चौक", "name:en": "Shivaji Chowk", "network": "Pune Mahanagar Parivahan Mahamandal Ltd", "operator": "Pune Mahanagar Parivahan Mahamandal Ltd", "public_transport": "platform", "shelter": "no", "website": "https://www.pmpml.org", "osm_id": "node/6736007354"}, "geometry": {"type": "Point", "coordinates": [73.7368768, 18.5936535]}}, {"type": "Feature", "properties": {"highway": "bus_stop", "name": "Vishal Nagar", "name:en": "Vishal Nagar", "name:mr": "विशाल नगर बस स्थानक", "operator": "PMPML", "shelter": "yes", "tactile_paving": "no", "website": "https://www.pmpml.org", "osm_id": "node/6736008247"}, "geometry": {"type": "Point", "coordinates": [73.7847443, 18.5883312]}}, {"type": "Feature", "properties": {"bus": "yes", "highway": "bus_stop", "name": "Hinjawadi Jakat Naka", "name:en": "Hinjawadi Jakat Naka", "name:mr": "हिंजवडी जकात नाका", "operator": "Pune Mahanagar Parivahan Mahamandal Ltd", "public_transport": "platform", "website": "https://www.pmpml.org", "osm_id": "node/6736013662"}, "geometry": {"type": "Point", "coordinates": [73.7469406, 18.5909767]}}, {"type": "Feature", "properties": {"bench": "yes", "bus": "yes", "highway": "bus_stop", "name": "Savtamali Mandir", "name:en": "Savtamali Mandir", "name:mr": "सावतामाळी मंदिर", "network": "Pune Mahanagar Parivahan Mahamandal Limited", "network:wikidata": "Q7260109", "operator": "Pune Mahanagar Parivahan Mahamandal Ltd", "public_transport": "platform", "shelter": "yes", "website": "https://www.pmpml.org", "osm_id": "node/6736015125"}, "geometry": {"type": "Point", "coordinates": [73.7543007, 18.5920443]}}, {"type": "Feature", "properties": {"bench": "yes", "bin": "no", "highway": "bus_stop", "lit": "yes", "name": "Wakad Phata bus stop", "shelter": "yes", "website": "https://www.pmpml.org", "osm_id": "node/6736078144"}, "geometry": {"type": "Point", "coordinates": [73.7893839, 18.5877403]}}, {"type": "Feature", "properties": {"bench": "yes", "bin": "yes", "bus": "yes", "highway": "bus_stop", "lit": "yes", "name": "Rakshak Chowk bus stop", "name:mr": "रक्षक चौक", "public_transport": "platform", "shelter": "yes", "website": "https://www.pmpml.org", "osm_id": "node/6736099516"}, "geometry": {"type": "Point", "coordinates": [73.7986382, 18.5811334]}}, {"type": "Feature", "properties": {"bench": "yes", "bin": "no", "bus": "yes", "highway": "bus_stop", "lit": "yes", "public_transport": "platform", "shelter": "yes", "osm_id": "node/6897634385"}, "geometry": {"type": "Point", "coordinates": [73.8300745, 18.5302357]}}, {"type": "Feature", "properties": {"bus": "yes", "highway": "bus_stop", "public_transport": "platform", "osm_id": "node/6994138429"}, "geometry": {"type": "Point", "coordinates": [73.73328, 18.5861947]}}, {"type": "Feature", "properties": {"bench": "yes", "bus": "yes", "highway": "bus_stop", "name": "Siemens", "name:en": "Siemens", "public_transport": "platform", "shelter": "yes", "osm_id": "node/6994138430"}, "geometry": {"type": "Point", "coordinates": [73.732812, 18.5903878]}}, {"type": "Feature", "properties": {"bus": "yes", "highway": "bus_stop", "public_transport": "platform", "osm_id": "node/6994138431"}, "geometry": {"type": "Point", "coordinates": [73.7326179, 18.5930015]}}, {"type": "Feature", "properties": {"bus": "yes", "highway": "bus_stop", "public_transport": "platform", "osm_id": "node/6994138432"}, "geometry": {"type": "Point", "coordinates": [73.7324761, 18.5936556]}}, {"type": "Feature", "properties": {"highway": "bus_stop", "name:en": "Neeta Bus Stop (Goa)", "osm_id": "node/7036192285"}, "geometry": {"type": "Point", "coordinates": [73.8552546, 18.4970748]}}, {"type": "Feature", "properties": {"bus": "yes", "departures_board": "no", "highway": "bus_stop", "name": "Raviraj Hotel", "name:mr": "रविराज हॉटेल", "network": "PMPML", "operator": "PMPML", "public_transport": "platform", "ref": "1", "shelter": "no", "osm_id": "node/7590035189"}, "geometry": {"type": "Point", "coordinates": [73.8241571, 18.5833239]}}, {"type": "Feature", "properties": {"bench": "yes", "bus": "yes", "departures_board": "timetable", "highway": "bus_stop", "name": "Raviraj Hotel", "name:mr": "रविराज हॉटेल", "network": "PMPML", "operator": "PMPML", "public_transport": "platform", "ref": "2", "shelter": "yes", "osm_id": "node/7590035190"}, "geometry": {"type": "Point", "coordinates": [73.8242458, 18.5834676]}}, {"type": "Feature", "properties": {"bench": "yes", "bus": "yes", "departures_board": "timetable", "highway": "bus_stop", "name": "Ramkrushna Mangal Karyalay", "name:mr": "रामकृष्ण मंगल कार्यालय", "network": "PMPML", "operator": "PMPML", "public_transport": "platform", "ref": "2", "shelter": "yes", "osm_id": "node/7590035191"}, "geometry": {"type": "Point", "coordinates": [73.8215323, 18.5860259]}}, {"type": "Feature", "properties": {"bus": "yes", "departures_board": "no", "highway": "bus_stop", "name": "Ramkrushna Mangal Karyalay", "name:mr": "रामकृष्ण मंगल कार्यालय", "network": "PMPML", "operator": "PMPML", "public_transport": "platform", "ref": "1", "shelter": "no", "osm_id": "node/7590035192"}, "geometry": {"type": "Point", "coordinates": [73.8218858, 18.5855181]}}, {"type": "Feature", "properties": {"bench": "no", "bus": "yes", "highway": "bus_stop", "name": "Pooja Hospital", "name:mr": "पूजा रुग्णालय", "network": "PMPML", "operator": "PMPML", "public_transport": "platform", "ref": "1", "shelter": "no", "osm_id": "node/7590057563"}, "geometry": {"type": "Point", "coordinates": [73.8199757, 18.5889036]}}, {"type": "Feature", "properties": {"bench": "no", "bus": "yes", "departures_board": "yes", "highway": "bus_stop", "name": "Pooja Hospital", "name:mr": "पूजा रुग्णालय", "network": "PMPML", "operator": "PMPML", "public_transport": "platform", "ref": "2", "shelter": "no", "osm_id": "node/7590057564"}, "geometry": {"type": "Point", "coordinates": [73.8200867, 18.5888228]}}, {"type": "Feature", "properties": {"bench": "yes", "bus": "yes", "departures_board": "timetable", "highway": "bus_stop", "name": "Suvarna Park", "name:mr": "सुवर्णा पार्क", "network": "PMPML", "operator": "PMPML", "public_transport": "platform", "ref": "2", "shelter": "yes", "osm_id": "node/7590085485"}, "geometry": {"type": "Point", "coordinates": [73.8195868, 18.5911932]}}, {"type": "Feature", "properties": {"bench": "no", "bus": "yes", "departures_board": "no", "highway": "bus_stop", "name": "Suvarna Park", "name:mr": "सुवर्णा पार्क", "public_transport": "platform", "ref": "1", "shelter": "no", "osm_id": "node/7590085486"}, "geometry": {"type": "Point", "coordinates": [73.8195063, 18.5912745]}}, {"type": "Feature", "properties": {"bench": "no", "bus": "yes", "departures_board": "no", "highway": "bus_stop", "name": "Navin Manapa School", "name:mr": "नविन मनपा शाळा", "network": "PMPML", "operator": "PMPML", "public_transport": "platform", "ref": "3", "shelter": "no", "osm_id": "node/7590101276"}, "geometry": {"type": "Point", "coordinates": [73.818732, 18.5920042]}}, {"type": "Feature", "properties": {"bench": "yes", "bus": "yes", "departures_board": "timetable", "highway": "bus_stop", "name": "Pimple Gurav", "name:mr": "पिंपळेगुरव", "network": "PMPML", "operator": "PMPML", "public_transport": "platform", "ref": "1", "shelter": "yes", "osm_id": "node/7590103285"}, "geometry": {"type": "Point", "coordinates": [73.8188741, 18.5930389]}}, {"type": "Feature", "properties": {"bench": "yes", "bus": "yes", "departures_board": "timetable", "highway": "bus_stop", "name": "Pimple Gurav", "name:mr": "पिंपळेगुरव", "network": "PMPML", "operator": "PMPML", "public_transport": "platform", "ref": "2", "shelter": "yes", "osm_id": "node/7590103287"}, "geometry": {"type": "Point", "coordinates": [73.8185818, 18.5931278]}}, {"type": "Feature", "properties": {"bench": "yes", "bus": "yes", "departures_board": "timetable", "highway": "bus_stop", "name": "Pulgate", "network": "PMPML", "operator": "PMPML", "public_transport": "platform", "shelter": "yes", "osm_id": "node/7596719872"}, "geometry": {"type": "Point", "coordinates": [73.8821368, 18.5060341]}}, {"type": "Feature", "properties": {"bench": "no", "bin": "no", "bus": "yes", "departures_board": "timetable", "highway": "bus_stop", "lit": "no", "name": "Aundh Gaon", "network": "PMPML", "operator": "PMPML", "public_transport": "platform", "shelter": "yes", "wikidata": "Q7260109", "wikipedia": "en:Pune Mahanagar Parivahan Mahamandal Limited", "osm_id": "node/7597447244"}, "geometry": {"type": "Point", "coordinates": [73.8120453, 18.5665501]}}, {"type": "Feature", "properties": {"bench": "yes", "bin": "no", "bus": "yes", "departures_board": "yes", "highway": "bus_stop", "lit": "no", "name": "Aundh Gaon", "network": "PMPML", "operator": "PMPML", "public_transport": "platform", "shelter": "yes", "wikidata": "Q7260109", "wikipedia": "en:Pune Mahanagar Parivahan Mahamandal Limited", "osm_id": "node/7597447245"}, "geometry": {"type": "Point", "coordinates": [73.8120597, 18.565738]}}, {"type": "Feature", "properties": {"bench": "yes", "bus": "yes", "departures_board": "no", "highway": "bus_stop", "lit": "yes", "name": "Kalewadi Phata", "name:mr": "काळेवाडी फाटा", "operator": "PMPML", "shelter": "yes", "tactile_paving": "yes", "wheelchair": "yes", "osm_id": "node/7600640290"}, "geometry": {"type": "Point", "coordinates": [73.7779335, 18.6045974]}}, {"type": "Feature", "properties": {"bench": "yes", "bus": "yes", "departures_board": "timetable", "highway": "bus_stop", "name": "Pimple Saudagar", "network": "Pune Mahanagar Parivahan Mahamandal Ltd", "network:wikidata": "Q7260109", "operator": "PMPML", "public_transport": "platform", "ref": "3054", "shelter": "yes", "osm_id": "node/7628339382"}, "geometry": {"type": "Point", "coordinates": [73.8027923, 18.6010447]}}, {"type": "Feature", "properties": {"bench": "yes", "bus": "yes", "departures_board": "timetable", "highway": "bus_stop", "name": "Pimple Saudagar", "network": "Pune Mahanagar Parivahan Mahamandal Ltd", "network:wikidata": "Q7260109", "operator": "PMPML", "public_transport": "platform", "ref": "3055", "shelter": "yes", "osm_id": "node/7628339383"}, "geometry": {"type": "Point", "coordinates": [73.8030334, 18.6007308]}}, {"type": "Feature", "properties": {"bench": "no", "bus": "yes", "departures_board": "yes", "highway": "bus_stop", "name": "Magzine Chowk", "network": "PMPML", "operator": "PMPML", "public_transport": "platform", "ref": "5636", "shelter": "yes", "wikidata": "Q7260109", "wikipedia": "en:Pune Mahanagar Parivahan Mahamandal Limited", "osm_id": "node/7628764450"}, "geometry": {"type": "Point", "coordinates": [73.8747511, 18.6339646]}}, {"type": "Feature", "properties": {"bus": "yes", "departures_board": "no", "highway": "bus_stop", "name": "Magzine Chowk", "network": "PMPML", "operator": "PMPML", "public_transport": "platform", "ref": "2951", "shelter": "no", "wikidata": "Q7260109", "wikipedia": "en:Pune Mahanagar Parivahan Mahamandal Limited", "osm_id": "node/7628764452"}, "geometry": {"type": "Point", "coordinates": [73.8748982, 18.6338373]}}, {"type": "Feature", "properties": {"bus": "yes", "departures_board": "yes", "highway": "bus_stop", "name": "Magzine Chowk", "network": "PMPML", "operator": "PMPML", "public_transport": "platform", "ref": "2952", "shelter": "no", "wikidata": "Q7260109", "osm_id": "node/7628764454"}, "geometry": {"type": "Point", "coordinates": [73.8751346, 18.6330548]}}, {"type": "Feature", "properties": {"bus": "yes", "departures_board": "yes", "highway": "bus_stop", "name": "Magzine Chowk", "network": "PMPML", "operator": "PMPML", "public_transport": "platform", "ref": "5636", "shelter": "no", "wikidata": "Q7260109", "wikipedia": "en:Pune Mahanagar Parivahan Mahamandal Limited", "osm_id": "node/7628764455"}, "geometry": {"type": "Point", "coordinates": [73.8743942, 18.6330979]}}, {"type": "Feature", "properties": {"bench": "yes", "bus": "yes", "departures_board": "timetable", "highway": "bus_stop", "name": "Swargate", "network": "PMPML", "operator": "PMPML", "public_transport": "platform", "ref": "3131", "shelter": "yes", "wikidata": "Q7260109", "wikipedia": "en:Pune Mahanagar Parivahan Mahamandal Limited", "osm_id": "node/7635224853"}, "geometry": {"type": "Point", "coordinates": [73.8578427, 18.4986771]}}, {"type": "Feature", "properties": {"bench": "yes", "bus": "yes", "departures_board": "timetable", "highway": "bus_stop", "name": "Swargate", "network": "PMPML", "operator": "PMPML", "public_transport": "platform", "ref": "4349", "shelter": "yes", "wikidata": "Q7260109", "wikipedia": "en:Pune Mahanagar Parivahan Mahamandal Limited", "osm_id": "node/7635224854"}, "geometry": {"type": "Point", "coordinates": [73.8580866, 18.4994549]}}, {"type": "Feature", "properties": {"bench": "yes", "bus": "yes", "departures_board": "timetable", "highway": "bus_stop", "name": "Swargate", "network": "PMPML", "operator": "PMPML", "public_transport": "platform", "ref": "4350", "shelter": "yes", "wikidata": "Q7260109", "wikipedia": "en:Pune Mahanagar Parivahan Mahamandal Limited", "osm_id": "node/7635224856"}, "geometry": {"type": "Point", "coordinates": [73.8585049, 18.4989302]}}, {"type": "Feature", "properties": {"bench": "yes", "bus": "yes", "departures_board": "timetable", "highway": "bus_stop", "name": "Bhosari Gaon", "network": "PMPML", "operator": "PMPML", "public_transport": "platform", "shelter": "yes", "wikidata": "Q7260109", "wikipedia": "en:Pune Mahanagar Parivahan Mahamandal Limited", "osm_id": "node/7682976844"}, "geometry": {"type": "Point", "coordinates": [73.851119, 18.6237985]}}, {"type": "Feature", "properties": {"bench": "yes", "bus": "yes", "departures_board": "timetable", "highway": "bus_stop", "name": "Bhosari Terminal", "network": "PMPML", "operator": "PMPML", "public_transport": "platform", "shelter": "yes", "wikidata": "Q7260109", "wikipedia": "en:Pune Mahanagar Parivahan Mahamandal Limited", "osm_id": "node/7682976845"}, "geometry": {"type": "Point", "coordinates": [73.8514606, 18.6245395]}}, {"type": "Feature", "properties": {"bench": "yes", "bin": "no", "bus": "yes", "departures_board": "timetable", "highway": "bus_stop", "lit": "no", "name": "Pune University", "name:mr": "पुणे विद्यापीठ", "network": "PMPML", "operator": "PMPML", "public_transport": "platform", "shelter": "yes", "osm_id": "node/7812504402"}, "geometry": {"type": "Point", "coordinates": [73.827077, 18.5436062]}}, {"type": "Feature", "properties": {"bench": "yes", "bus": "yes", "departures_board": "timetable", "highway": "bus_stop", "name": "Pune University", "name:mr": "पुणे विद्यापीठ", "network": "PMPML", "operator": "PMPML", "public_transport": "platform", "shelter": "yes", "osm_id": "node/7812504403"}, "geometry": {"type": "Point", "coordinates": [73.8255443, 18.5428369]}}, {"type": "Feature", "properties": {"bench": "yes", "bin": "no", "bus": "yes", "departures_board": "timetable", "highway": "bus_stop", "lit": "no", "name": "Pune University", "name:en": "Pune University", "name:mr": "पुणे विद्यापीठ", "network": "PMPML", "operator": "PMPML", "public_transport": "platform", "shelter": "yes", "osm_id": "node/7812504406"}, "geometry": {"type": "Point", "coordinates": [73.8299276, 18.5415896]}}, {"type": "Feature", "properties": {"bench": "yes", "bin": "yes", "bus": "yes", "check_date:shelter": "2026-05-18", "departures_board": "timetable", "highway": "bus_stop", "lit": "no", "name": "Pune Railway Station", "name:mr": "पुणे रेल्वे स्टेशन", "network": "PMPNL", "operator": "PMPML", "public_transport": "platform", "shelter": "yes", "osm_id": "node/7813253122"}, "geometry": {"type": "Point", "coordinates": [73.8749691, 18.528552]}}, {"type": "Feature", "properties": {"bench": "yes", "bin": "yes", "bus": "yes", "check_date:shelter": "2026-05-18", "departures_board": "timetable", "highway": "bus_stop", "lit": "no", "name": "Pune Railway Station", "name:mr": "पुणे रेल्वे स्टेशन", "network": "PMPML", "operator": "PMPML", "public_transport": "platform", "shelter": "yes", "osm_id": "node/7813253123"}, "geometry": {"type": "Point", "coordinates": [73.8748898, 18.5285494]}}, {"type": "Feature", "properties": {"bus": "yes", "highway": "bus_stop", "name": "Chinchwade Farm", "network": "307, 310, 322", "public_transport": "platform", "osm_id": "node/7843109304"}, "geometry": {"type": "Point", "coordinates": [73.7676895, 18.633338]}}, {"type": "Feature", "properties": {"bus": "yes", "highway": "bus_stop", "name": "Akurdi Railway Station", "network": "Red Bus", "public_transport": "platform", "osm_id": "node/7843127846"}, "geometry": {"type": "Point", "coordinates": [73.7653526, 18.6489881]}}, {"type": "Feature", "properties": {"bus": "yes", "highway": "bus_stop", "name": "Akurdi Railway Station", "network": "303, 322, 322 (Ladies)", "public_transport": "platform", "osm_id": "node/7843127847"}, "geometry": {"type": "Point", "coordinates": [73.7652694, 18.6490357]}}, {"type": "Feature", "properties": {"bus": "yes", "highway": "bus_stop", "name": "Shree Khandoba Chowk Akurdi", "public_transport": "platform", "osm_id": "node/7843127850"}, "geometry": {"type": "Point", "coordinates": [73.7853682, 18.6497377]}}, {"type": "Feature", "properties": {"bus": "yes", "highway": "bus_stop", "public_transport": "platform", "wheelchair": "no", "osm_id": "node/8035317727"}, "geometry": {"type": "Point", "coordinates": [73.8539771, 18.4633074]}}, {"type": "Feature", "properties": {"bench": "no", "bus": "yes", "from": "Pune Municipal Corporation", "highway": "bus_stop", "lit": "no", "name": "Mhasoba Gate", "name:en": "Mhasoba Gate", "name:mr": "म्हसोबा गेट", "network": "PMPML", "operator": "PMPML", "passenger_information_display": "no", "public_transport": "platform", "shelter": "no", "osm_id": "node/8441745290"}, "geometry": {"type": "Point", "coordinates": [73.8404741, 18.5338459]}}, {"type": "Feature", "properties": {"bus": "yes", "departures_board": "no", "highway": "bus_stop", "name": "Vishrantwadi", "network": "PMPML", "operator": "PMPML", "public_transport": "platform", "shelter": "yes", "osm_id": "node/9350842858"}, "geometry": {"type": "Point", "coordinates": [73.8813476, 18.5731845]}}, {"type": "Feature", "properties": {"bus": "yes", "highway": "bus_stop", "name": "Lohgaon", "network": "PMPML", "operator": "PMPML", "public_transport": "platform", "shelter": "yes", "osm_id": "node/9350893515"}, "geometry": {"type": "Point", "coordinates": [73.9247019, 18.5958799]}}, {"type": "Feature", "properties": {"bench": "yes", "bin": "no", "bus": "yes", "highway": "bus_stop", "lit": "no", "name": "Health Centre", "public_transport": "platform", "shelter": "yes", "osm_id": "node/9546560196"}, "geometry": {"type": "Point", "coordinates": [73.828007, 18.5485137]}}, {"type": "Feature", "properties": {"bus": "yes", "highway": "bus_stop", "name": "University gate", "public_transport": "platform", "osm_id": "node/9546560197"}, "geometry": {"type": "Point", "coordinates": [73.8287098, 18.5426929]}}, {"type": "Feature", "properties": {"bench": "yes", "bin": "no", "bus": "yes", "highway": "bus_stop", "lit": "no", "name": "Girls' Hostel", "public_transport": "platform", "shelter": "yes", "osm_id": "node/9546560198"}, "geometry": {"type": "Point", "coordinates": [73.8281451, 18.5514754]}}, {"type": "Feature", "properties": {"bus": "yes", "highway": "bus_stop", "public_transport": "platform", "osm_id": "node/9546624587"}, "geometry": {"type": "Point", "coordinates": [73.825525, 18.5545058]}}, {"type": "Feature", "properties": {"bus": "yes", "highway": "bus_stop", "public_transport": "platform", "osm_id": "node/9546624588"}, "geometry": {"type": "Point", "coordinates": [73.8224216, 18.5557212]}}, {"type": "Feature", "properties": {"bus": "yes", "highway": "bus_stop", "name": "Pashan", "public_transport": "platform", "osm_id": "node/9555748522"}, "geometry": {"type": "Point", "coordinates": [73.7977034, 18.5381403]}}, {"type": "Feature", "properties": {"bus": "yes", "highway": "bus_stop", "name": "Pashan", "public_transport": "platform", "osm_id": "node/9555748524"}, "geometry": {"type": "Point", "coordinates": [73.7958473, 18.5376292]}}, {"type": "Feature", "properties": {"bus": "yes", "highway": "bus_stop", "name": "Kokate aali", "public_transport": "platform", "osm_id": "node/9555748525"}, "geometry": {"type": "Point", "coordinates": [73.793825, 18.5392669]}}, {"type": "Feature", "properties": {"bus": "yes", "highway": "bus_stop", "name": "दत्त मंदीर पाषाण रस्ता", "name:en": "Dutta Mandir Pashan Road", "network": "Pune Mahanagar Parivahan Mahamandal Ltd", "network:wikidata": "Q7260109", "operator": "Pune Mahanagar Parivahan Mahamandal Ltd", "operator:wikidata": "Q7260109", "public_transport": "platform", "ref": "S35", "wikipedia": "en:Pune Mahanagar Parivahan Mahamandal Limited", "osm_id": "node/9555748526"}, "geometry": {"type": "Point", "coordinates": [73.7927896, 18.5410673]}}, {"type": "Feature", "properties": {"bus": "yes", "highway": "bus_stop", "name": "दत्त मंदीर पाषाण रस्ता", "name:en": "Datta Mandir Pashan Road", "network": "Pune Mahanagar Parivahan Mahamandal Ltd", "network:wikidata": "Q7260109", "operator": "Pune Mahanagar Parivahan Mahamandal Ltd", "operator:wikidata": "Q7260109", "public_transport": "platform", "ref": "S32", "osm_id": "node/9555748527"}, "geometry": {"type": "Point", "coordinates": [73.7927896, 18.5413496]}}, {"type": "Feature", "properties": {"bus": "yes", "highway": "bus_stop", "name": "Balaji Mandir", "public_transport": "platform", "osm_id": "node/9555748528"}, "geometry": {"type": "Point", "coordinates": [73.7911776, 18.5421557]}}, {"type": "Feature", "properties": {"bus": "yes", "highway": "bus_stop", "name": "Balaji Mandir", "public_transport": "platform", "osm_id": "node/9555748529"}, "geometry": {"type": "Point", "coordinates": [73.7910864, 18.541965]}}, {"type": "Feature", "properties": {"bench": "yes", "bus": "yes", "highway": "bus_stop", "name": "Sai Chowk", "public_transport": "platform", "shelter": "yes", "osm_id": "node/9555748531"}, "geometry": {"type": "Point", "coordinates": [73.785714, 18.5433407]}}, {"type": "Feature", "properties": {"alt_name": "Panchwati", "bus": "yes", "highway": "bus_stop", "name": "Panchvati", "name:mr": "पंचवटी", "public_transport": "platform", "osm_id": "node/9556066811"}, "geometry": {"type": "Point", "coordinates": [73.8095682, 18.5392135]}}, {"type": "Feature", "properties": {"alt_name": "Panchwati", "bus": "yes", "highway": "bus_stop", "name": "Panchvati", "name:mr": "पंचवटी", "operator": "PMPML", "public_transport": "platform", "shelter": "yes", "osm_id": "node/9556066812"}, "geometry": {"type": "Point", "coordinates": [73.8093348, 18.5389719]}}, {"type": "Feature", "properties": {"bus": "yes", "highway": "bus_stop", "name": "NCL", "operator": "PMPML", "public_transport": "platform", "shelter": "yes", "osm_id": "node/9556066813"}, "geometry": {"type": "Point", "coordinates": [73.8119688, 18.5396267]}}, {"type": "Feature", "properties": {"bus": "yes", "highway": "platform", "name": "SNDT", "name:mr": "एस एन डी टी", "public_transport": "platform", "osm_id": "node/9603810738"}, "geometry": {"type": "Point", "coordinates": [73.8289002, 18.5075509]}}, {"type": "Feature", "properties": {"bus": "yes", "highway": "bus_stop", "name": "SNDT", "name:mr": "एस एन डी टी", "public_transport": "stop_position", "osm_id": "node/9603810739"}, "geometry": {"type": "Point", "coordinates": [73.8289274, 18.5074957]}}, {"type": "Feature", "properties": {"bus": "yes", "highway": "bus_stop", "name": "Maharashtra Housing Board Bus Stop", "public_transport": "platform", "osm_id": "node/9644737055"}, "geometry": {"type": "Point", "coordinates": [73.8966809, 18.5617384]}}, {"type": "Feature", "properties": {"bus": "yes", "highway": "bus_stop", "name": "Nagpurchawl Bus Stop", "public_transport": "platform", "osm_id": "node/9644749116"}, "geometry": {"type": "Point", "coordinates": [73.8931842, 18.5632318]}}, {"type": "Feature", "properties": {"bus": "yes", "highway": "bus_stop", "name": "DMart Balewadi", "name:en": "DMart Balewadi", "name:mr": "डी मार्ट बालेवाडी", "public_transport": "platform", "osm_id": "node/9825097760"}, "geometry": {"type": "Point", "coordinates": [73.7689519, 18.5669824]}}, {"type": "Feature", "properties": {"bus": "yes", "highway": "bus_stop", "name": "DMart Balewadi", "name:en": "DMart Balewadi", "name:mr": "डी मार्ट बालेवाडी", "public_transport": "platform", "osm_id": "node/9825097761"}, "geometry": {"type": "Point", "coordinates": [73.7693194, 18.566697]}}, {"type": "Feature", "properties": {"bus": "yes", "highway": "bus_stop", "name": "Mankar Chowk", "name:en": "Mankar Chowk", "name:hi": "मानकर चौक", "name:mr": "मानकर चौक", "public_transport": "platform", "osm_id": "node/9887954431"}, "geometry": {"type": "Point", "coordinates": [73.774229, 18.589742]}}, {"type": "Feature", "properties": {"bus": "yes", "highway": "bus_stop", "name": "तापकीर चौक", "name:en": "Tapkir chowk", "name:mr": "तापकीर चौक", "public_transport": "platform", "shelter": "yes", "osm_id": "node/10109217032"}, "geometry": {"type": "Point", "coordinates": [73.7841624, 18.6118232]}}, {"type": "Feature", "properties": {"addr:city": "Pune", "addr:postcode": "411041", "addr:street": "DSK Vishwa Road", "amenity": "bus_station", "bus": "yes", "highway": "bus_stop", "internet_access": "no", "name": "DSK Vishwa Bus Stand;DSK Vishwa Bus Stop", "network": "PMPML", "operator": "PMPML", "public_transport": "station", "osm_id": "node/10115879727"}, "geometry": {"type": "Point", "coordinates": [73.7990024, 18.4432672]}}, {"type": "Feature", "properties": {"bus": "yes", "highway": "bus_stop", "name": "C Bhausaheb Chavan Nagar Bus Stop", "network": "PMPML", "operator": "PMPML", "public_transport": "platform", "osm_id": "node/10115879728"}, "geometry": {"type": "Point", "coordinates": [73.8016884, 18.446917]}}, {"type": "Feature", "properties": {"bus": "yes", "highway": "bus_stop", "name": "Kumar Pebble Park Bus Stop", "public_transport": "platform", "shelter": "yes", "osm_id": "node/10169271619"}, "geometry": {"type": "Point", "coordinates": [73.9347951, 18.4729949]}}, {"type": "Feature", "properties": {"bus": "yes", "highway": "bus_stop", "name": "Umbrya Ganapati Chowk", "operator": "PMPML", "public_transport": "platform", "osm_id": "node/10172945802"}, "geometry": {"type": "Point", "coordinates": [73.8102021, 18.4474738]}}, {"type": "Feature", "properties": {"bus": "yes", "highway": "bus_stop", "name": "Azad Mandal Bus Stop", "operator": "PMPML", "public_transport": "platform", "osm_id": "node/10172945803"}, "geometry": {"type": "Point", "coordinates": [73.8109561, 18.4506165]}}, {"type": "Feature", "properties": {"bus": "yes", "highway": "bus_stop", "name": "Ganesh Nagar Bus Stop", "operator": "PMPML", "public_transport": "platform", "osm_id": "node/10172945804"}, "geometry": {"type": "Point", "coordinates": [73.8111919, 18.4521205]}}, {"type": "Feature", "properties": {"bus": "yes", "highway": "bus_stop", "name": "Raikar Vasti Bus Stop", "operator": "PMPML", "public_transport": "platform", "osm_id": "node/10172945805"}, "geometry": {"type": "Point", "coordinates": [73.811509, 18.4538636]}}, {"type": "Feature", "properties": {"bus": "yes", "highway": "bus_stop", "name": "Raikar Vasti Bus Stop", "operator": "PMPML", "public_transport": "platform", "osm_id": "node/10172945806"}, "geometry": {"type": "Point", "coordinates": [73.8117326, 18.4540256]}}, {"type": "Feature", "properties": {"bus": "yes", "highway": "bus_stop", "name": "Ganesh Nagar Bus Stop", "operator": "PMPML", "public_transport": "platform", "osm_id": "node/10172945807"}, "geometry": {"type": "Point", "coordinates": [73.8113585, 18.4521976]}}, {"type": "Feature", "properties": {"bus": "yes", "highway": "bus_stop", "name": "Sanas School", "operator": "PMPML", "public_transport": "platform", "osm_id": "node/10172945808"}, "geometry": {"type": "Point", "coordinates": [73.8126473, 18.4605466]}}, {"type": "Feature", "properties": {"bus": "yes", "highway": "bus_stop", "name": "Dhayari Phata", "operator": "PMPML", "public_transport": "platform", "osm_id": "node/10172945809"}, "geometry": {"type": "Point", "coordinates": [73.812814, 18.4604657]}}, {"type": "Feature", "properties": {"bus": "yes", "highway": "bus_stop", "name": "Dhayari Ph.", "operator": "PMPML", "public_transport": "platform", "osm_id": "node/10172945810"}, "geometry": {"type": "Point", "coordinates": [73.8128384, 18.4611636]}}, {"type": "Feature", "properties": {"bus": "yes", "highway": "bus_stop", "name": "Sanas Ground", "operator": "PMPML", "public_transport": "platform", "osm_id": "node/10172945811"}, "geometry": {"type": "Point", "coordinates": [73.8132052, 18.4612807]}}, {"type": "Feature", "properties": {"bus": "yes", "highway": "bus_stop", "name": "Patil Colony / Abhiruchi Mall", "operator": "PMPML", "public_transport": "platform", "osm_id": "node/10172945812"}, "geometry": {"type": "Point", "coordinates": [73.815433, 18.4641486]}}, {"type": "Feature", "properties": {"bus": "yes", "highway": "bus_stop", "name": "Vadgaon BK Bridge", "operator": "PMPML", "public_transport": "platform", "osm_id": "node/10172945813"}, "geometry": {"type": "Point", "coordinates": [73.8173877, 18.4666418]}}, {"type": "Feature", "properties": {"bus": "yes", "highway": "bus_stop", "name": "Indian Hume Pipe Company", "operator": "PMPML", "public_transport": "platform", "osm_id": "node/10172945814"}, "geometry": {"type": "Point", "coordinates": [73.8204146, 18.4704935]}}, {"type": "Feature", "properties": {"bus": "yes", "highway": "bus_stop", "name": "Indian Hume Pipe Company", "operator": "PMPML", "public_transport": "platform", "osm_id": "node/10172945815"}, "geometry": {"type": "Point", "coordinates": [73.82064, 18.4704685]}}, {"type": "Feature", "properties": {"bus": "yes", "highway": "bus_stop", "name": "Manik Baug", "operator": "PMPML", "public_transport": "platform", "osm_id": "node/10172945816"}, "geometry": {"type": "Point", "coordinates": [73.8216942, 18.4735946]}}, {"type": "Feature", "properties": {"bus": "yes", "highway": "bus_stop", "name": "Manikaug", "operator": "PMPML", "public_transport": "platform", "osm_id": "node/10172956417"}, "geometry": {"type": "Point", "coordinates": [73.8217783, 18.4733258]}}, {"type": "Feature", "properties": {"bus": "yes", "highway": "bus_stop", "name": "Anand Nagar", "operator": "PMPML", "public_transport": "platform", "osm_id": "node/10172956418"}, "geometry": {"type": "Point", "coordinates": [73.823807, 18.4782576]}}, {"type": "Feature", "properties": {"bus": "yes", "highway": "bus_stop", "name": "Ranka", "operator": "PMPML", "public_transport": "platform", "osm_id": "node/10172956419"}, "geometry": {"type": "Point", "coordinates": [73.826352, 18.4820208]}}, {"type": "Feature", "properties": {"bus": "yes", "highway": "bus_stop", "name": "Rajaram Bridge", "operator": "PMPML", "public_transport": "platform", "osm_id": "node/10172956420"}, "geometry": {"type": "Point", "coordinates": [73.8286246, 18.4874651]}}, {"type": "Feature", "properties": {"bus": "yes", "highway": "bus_stop", "name": "Rajaram Brdg", "operator": "PMPML", "public_transport": "platform", "osm_id": "node/10172956421"}, "geometry": {"type": "Point", "coordinates": [73.8291206, 18.4875808]}}, {"type": "Feature", "properties": {"bus": "yes", "highway": "bus_stop", "name": "Vitthalvadi", "operator": "PMPML", "public_transport": "platform", "osm_id": "node/10172956422"}, "geometry": {"type": "Point", "coordinates": [73.8279864, 18.4850441]}}, {"type": "Feature", "properties": {"bus": "yes", "departures_board": "realtime", "highway": "bus_stop", "name": "Kesanand Phata Bus Stop", "operator": "PMPML", "public_transport": "platform", "ref": "5", "osm_id": "node/10219140954"}, "geometry": {"type": "Point", "coordinates": [73.9875743, 18.5807162]}}, {"type": "Feature", "properties": {"bus": "yes", "highway": "bus_stop", "name": "Kesnand Phata", "public_transport": "platform", "osm_id": "node/10219198230"}, "geometry": {"type": "Point", "coordinates": [73.9877113, 18.5806973]}}, {"type": "Feature", "properties": {"bus": "yes", "highway": "bus_stop", "name": "Patwardhan Baug", "public_transport": "stop_position", "osm_id": "node/10222895354"}, "geometry": {"type": "Point", "coordinates": [73.8324717, 18.4976012]}}, {"type": "Feature", "properties": {"bus": "yes", "highway": "bus_stop", "name": "Kalpataru Society", "name:mr": "कल्पतरू सोसायटी", "public_transport": "stop_position", "osm_id": "node/10230168178"}, "geometry": {"type": "Point", "coordinates": [73.8160938, 18.6019249]}}, {"type": "Feature", "properties": {"bus": "yes", "highway": "bus_stop", "name": "Nashik phata", "name:mr": "नाशिक फाटा", "public_transport": "stop_position", "osm_id": "node/10230168180"}, "geometry": {"type": "Point", "coordinates": [73.8236234, 18.6109502]}}, {"type": "Feature", "properties": {"bus": "yes", "highway": "bus_stop", "name": "Vishwa Shanti Colony", "name:mr": "विश्व शांती कॉलनी पी.के. चौक", "public_transport": "stop_position", "osm_id": "node/10230168182"}, "geometry": {"type": "Point", "coordinates": [73.7990888, 18.5981366]}}, {"type": "Feature", "properties": {"bus": "yes", "highway": "bus_stop", "name": "Govind yashada Chowk", "name:mr": "गोविंद यशदा चौक", "public_transport": "stop_position", "osm_id": "node/10230168183"}, "geometry": {"type": "Point", "coordinates": [73.8035777, 18.5973287]}}, {"type": "Feature", "properties": {"bus": "yes", "departures_board": "no", "highway": "bus_stop", "name": "Kalewadi Phata", "name:mr": "काळेवाडी फाटा", "operator": "PMPML", "public_transport": "stop_position", "shelter": "yes", "osm_id": "node/10230168185"}, "geometry": {"type": "Point", "coordinates": [73.7766737, 18.6026434]}}, {"type": "Feature", "properties": {"bus": "yes", "highway": "bus_stop", "name": "Sutardara", "public_transport": "platform", "osm_id": "node/10243761322"}, "geometry": {"type": "Point", "coordinates": [73.8078251, 18.5154515]}}, {"type": "Feature", "properties": {"bench": "yes", "bus": "yes", "highway": "bus_stop", "name": "Mangalwar Peth Gadital", "public_transport": "platform", "shelter": "yes", "osm_id": "node/10246145056"}, "geometry": {"type": "Point", "coordinates": [73.8647756, 18.5270232]}}, {"type": "Feature", "properties": {"bus": "yes", "highway": "bus_stop", "name": "Mangalwar Peth Gadital", "public_transport": "platform", "osm_id": "node/10246145057"}, "geometry": {"type": "Point", "coordinates": [73.8645224, 18.5270055]}}, {"type": "Feature", "properties": {"bus": "yes", "highway": "bus_stop", "name": "Hotel Woodland", "public_transport": "stop_position", "osm_id": "node/10246254344"}, "geometry": {"type": "Point", "coordinates": [73.8748013, 18.5247685]}}, {"type": "Feature", "properties": {"bus": "yes", "highway": "bus_stop", "name": "Council Hall", "public_transport": "stop_position", "osm_id": "node/10246254373"}, "geometry": {"type": "Point", "coordinates": [73.8779455, 18.524777]}}, {"type": "Feature", "properties": {"bus": "yes", "highway": "bus_stop", "lit": "no", "name": "मानकर चौक", "name:en": "Mankar chowk", "name:mr": "मानकर चौक", "public_transport": "platform", "shelter": "yes", "tactile_paving": "no", "osm_id": "node/10258392450"}, "geometry": {"type": "Point", "coordinates": [73.7732913, 18.5906389]}}, {"type": "Feature", "properties": {"bus": "yes", "highway": "bus_stop", "name": "संतोष नगर", "name:en": "Santosh Nagar", "name:mr": "संतोष नगर", "public_transport": "platform", "shelter": "yes", "osm_id": "node/10269917157"}, "geometry": {"type": "Point", "coordinates": [73.7719663, 18.6077259]}}, {"type": "Feature", "properties": {"bus": "yes", "highway": "bus_stop", "name": "MITCON Bus Stop", "public_transport": "platform", "osm_id": "node/10285662728"}, "geometry": {"type": "Point", "coordinates": [73.7658234, 18.5750647]}}, {"type": "Feature", "properties": {"bus": "yes", "highway": "bus_stop", "name": "Moze College Bus Stop", "public_transport": "platform", "osm_id": "node/10285662729"}, "geometry": {"type": "Point", "coordinates": [73.7698866, 18.5749887]}}, {"type": "Feature", "properties": {"bus": "yes", "highway": "bus_stop", "name": "Sai Chowk", "name:en": "Sai Chowk", "name:mr": "साई चौक", "public_transport": "platform", "osm_id": "node/10285662730"}, "geometry": {"type": "Point", "coordinates": [73.770678, 18.5747301]}}, {"type": "Feature", "properties": {"bench": "yes", "bin": "no", "bus": "yes", "highway": "bus_stop", "name": "MITCON Company", "name:en": "MITCON Company", "public_transport": "platform", "shelter": "yes", "osm_id": "node/10285662751"}, "geometry": {"type": "Point", "coordinates": [73.7667764, 18.5751288]}}, {"type": "Feature", "properties": {"bench": "yes", "bin": "yes", "highway": "bus_stop", "lit": "yes", "name": "Aundh Hospital", "shelter": "yes", "website": "https://pmpml.org", "osm_id": "node/10302575666"}, "geometry": {"type": "Point", "coordinates": [73.8031734, 18.5768883]}}, {"type": "Feature", "properties": {"bus": "yes", "highway": "bus_stop", "name": "Fursungi Bus Stop", "network": "Hadapsar-Fursungi", "operator": "PMPML", "public_transport": "platform", "ref": "H-8", "shelter": "yes", "osm_id": "node/10582053893"}, "geometry": {"type": "Point", "coordinates": [73.9752078, 18.4735113]}}, {"type": "Feature", "properties": {"bench": "yes", "bus": "yes", "departures_board": "no", "highway": "bus_stop", "lit": "yes", "name": "Rahatani Phata", "name:mr": "रहाटणी फाटा", "operator": "PMPML", "shelter": "yes", "tactile_paving": "yes", "wheelchair": "yes", "osm_id": "node/10590934021"}, "geometry": {"type": "Point", "coordinates": [73.7803213, 18.6073316]}}, {"type": "Feature", "properties": {"bench": "yes", "bin": "no", "bus": "yes", "departures_board": "no", "highway": "bus_stop", "lit": "no", "name": "Kaspate Vasti Shala", "name:mr": "कस्पटे वस्ती शाळा", "public_transport": "stop_position", "shelter": "yes", "tactile_paving": "no", "osm_id": "node/10590934028"}, "geometry": {"type": "Point", "coordinates": [73.7735725, 18.59443]}}, {"type": "Feature", "properties": {"bench": "yes", "bus": "yes", "departures_board": "no", "highway": "bus_stop", "lit": "yes", "name": "Dhangarbaba Mandir", "name:en": "Dhangarbaba Mandir", "name:mr": "धनगरबाबा मंदिर", "operator": "PMPML", "shelter": "yes", "tactile_paving": "yes", "wheelchair": "yes", "osm_id": "node/10590934029"}, "geometry": {"type": "Point", "coordinates": [73.7832737, 18.6109718]}}, {"type": "Feature", "properties": {"bench": "no", "bin": "no", "bus": "yes", "departures_board": "no", "highway": "bus_stop", "lit": "no", "name": "Kaspate Vasti Shala", "name:mr": "कस्पटे वस्ती शाळा", "public_transport": "stop_position", "shelter": "no", "tactile_paving": "no", "osm_id": "node/10590934031"}, "geometry": {"type": "Point", "coordinates": [73.7737076, 18.5944711]}}, {"type": "Feature", "properties": {"bus": "yes", "highway": "bus_stop", "name": "Kalas", "public_transport": "platform", "osm_id": "node/10610464541"}, "geometry": {"type": "Point", "coordinates": [73.8763899, 18.5799648]}}, {"type": "Feature", "properties": {"bench": "yes", "bus": "yes", "highway": "bus_stop", "name": "Anand Park ITI Road", "name:en": "Anand Park ITI Road", "name:mr": "आनंद पार्क आय टी आय रोड", "public_transport": "platform", "shelter": "yes", "osm_id": "node/10648169751"}, "geometry": {"type": "Point", "coordinates": [73.8092899, 18.5564699]}}, {"type": "Feature", "properties": {"bench": "yes", "bus": "yes", "highway": "bus_stop", "name": "Ma Na Pa Bus Stop", "public_transport": "platform", "shelter": "yes", "osm_id": "node/10722854891"}, "geometry": {"type": "Point", "coordinates": [73.8551732, 18.5237519]}}, {"type": "Feature", "properties": {"bus": "yes", "highway": "bus_stop", "name": "Chhatrapati Shivaji Maharaj Statue", "name:en": "Chhatrapati Shivaji Maharaj Statue", "name:mr": "छत्रपती शिवाजी महाराज पुतळा", "public_transport": "platform", "osm_id": "node/10722854892"}, "geometry": {"type": "Point", "coordinates": [73.8529471, 18.526204]}}, {"type": "Feature", "properties": {"bus": "yes", "highway": "bus_stop", "name": "Balewadi Stadium", "name:en": "Balewadi Stadium", "name:mr": "बालेवाडी स्टेडीयम", "public_transport": "platform", "osm_id": "node/10722921456"}, "geometry": {"type": "Point", "coordinates": [73.7638583, 18.5747416]}}, {"type": "Feature", "properties": {"bench": "yes", "bus": "yes", "highway": "bus_stop", "name": "Hinjawadi MSRTC Bus Stand", "name:en": "Hinjawadi MSRTC Bus Stand", "name:mr": "हिंजवडी मरामापम बस थांबा", "public_transport": "platform", "shelter": "yes", "osm_id": "node/10725512714"}, "geometry": {"type": "Point", "coordinates": [73.7570676, 18.5913804]}}, {"type": "Feature", "properties": {"bus": "yes", "highway": "bus_stop", "name": "Sant Tukaram Mangal Karyalaya", "public_transport": "platform", "osm_id": "node/10726412388"}, "geometry": {"type": "Point", "coordinates": [73.7507956, 18.60442]}}, {"type": "Feature", "properties": {"bus": "yes", "highway": "bus_stop", "name": "Shivneri bus stop", "public_transport": "platform", "osm_id": "node/10726423377"}, "geometry": {"type": "Point", "coordinates": [73.7504314, 18.6092261]}}, {"type": "Feature", "properties": {"bus": "yes", "highway": "bus_stop", "name": "Bhumkar Vasti Bus Stop", "public_transport": "platform", "osm_id": "node/10726437583"}, "geometry": {"type": "Point", "coordinates": [73.749845, 18.6033064]}}, {"type": "Feature", "properties": {"bus": "yes", "highway": "bus_stop", "name": "Bhumkar Nagar", "public_transport": "platform", "osm_id": "node/10726443000"}, "geometry": {"type": "Point", "coordinates": [73.7494134, 18.6030272]}}, {"type": "Feature", "properties": {"bus": "yes", "highway": "bus_stop", "name": "Bijli Nagar", "network": "322, 322 (ladies)", "public_transport": "platform", "osm_id": "node/10748064043"}, "geometry": {"type": "Point", "coordinates": [73.7693083, 18.6442614]}}, {"type": "Feature", "properties": {"bench": "yes", "bus": "yes", "description": "Route Bus Number: 52, 52A, 50", "highway": "bus_stop", "name": "Kolhewadi / CWPRS Main Gate PMPML Bus Stop", "network": "PMPML", "operator": "PMPML", "public_transport": "platform", "shelter": "yes", "osm_id": "node/10766095481"}, "geometry": {"type": "Point", "coordinates": [73.7849623, 18.4447807]}}, {"type": "Feature", "properties": {"bench": "yes", "bus": "yes", "description": "Route Bus Number: 52, 52A, 50", "highway": "bus_stop", "name": "Kolhewadi / CWPRS Main Gate PMPML Bus Stop", "network": "PMPML", "operator": "PMPML", "public_transport": "platform", "shelter": "yes", "osm_id": "node/10766095482"}, "geometry": {"type": "Point", "coordinates": [73.7851702, 18.4446253]}}, {"type": "Feature", "properties": {"bench": "yes", "bus": "yes", "departures_board": "no", "description": "Route Bus Number: 52, 52A, 50", "highway": "bus_stop", "name": "Kirkatwadi PMPML Bus Stop", "network": "PMPML", "operator": "PMPML", "public_transport": "platform", "shelter": "yes", "osm_id": "node/10766095483"}, "geometry": {"type": "Point", "coordinates": [73.7888904, 18.4463007]}}, {"type": "Feature", "properties": {"bench": "yes", "bus": "yes", "description": "Route Bus Number: 52, 52A, 50", "highway": "bus_stop", "name": "Kirkatwadi PMPML Bus Stop", "network": "PMPML", "operator": "PMPML", "public_transport": "platform", "shelter": "yes", "osm_id": "node/10766095484"}, "geometry": {"type": "Point", "coordinates": [73.7890265, 18.446964]}}, {"type": "Feature", "properties": {"bus": "yes", "highway": "bus_stop", "name": "Bharat Jyoti Bus Stop", "public_transport": "platform", "shelter": "yes", "osm_id": "node/10772958286"}, "geometry": {"type": "Point", "coordinates": [73.8635676, 18.4717266]}}, {"type": "Feature", "properties": {"bus": "yes", "highway": "bus_stop", "name": "Bharat Jyoti Bus Stop", "public_transport": "platform", "shelter": "yes", "osm_id": "node/10773036828"}, "geometry": {"type": "Point", "coordinates": [73.8630277, 18.4721812]}}, {"type": "Feature", "properties": {"bus": "yes", "highway": "bus_stop", "name:en": "Abhinav College", "public_transport": "platform", "shelter": "yes", "osm_id": "node/10799577805"}, "geometry": {"type": "Point", "coordinates": [73.7785126, 18.5452526]}}, {"type": "Feature", "properties": {"alt_name": "Radha Hotel", "alt_name:en": "Radha Hotel", "alt_name:hi": "राधा हॉटेल", "alt_name:mr": "राधा हॉटेल", "bench": "yes", "bin": "no", "bus": "yes", "highway": "bus_stop", "name": "Radha Chowk", "name:en": "Radha Chowk", "name:hi": "राधा चौक", "name:mr": "राधा चौक", "public_transport": "platform", "shelter": "yes", "osm_id": "node/10807064971"}, "geometry": {"type": "Point", "coordinates": [73.7650405, 18.5698312]}}, {"type": "Feature", "properties": {"bench": "no", "bin": "yes", "bus": "yes", "departures_board": "no", "highway": "bus_stop", "lit": "yes", "name": "Shivaji Chowk", "name:en": "Shivaji Chowk", "name:hi": "शिवाजी चौक", "name:mr": "शिवाजी चौक", "public_transport": "platform", "shelter": "no", "osm_id": "node/10807071475"}, "geometry": {"type": "Point", "coordinates": [73.7391175, 18.5913375]}}, {"type": "Feature", "properties": {"bench": "no", "bus": "yes", "highway": "bus_stop", "name": "Infosys Circle Phase 1", "name:en": "Infosys Circle Phase 1", "public_transport": "platform", "shelter": "yes", "osm_id": "node/10807081509"}, "geometry": {"type": "Point", "coordinates": [73.7333108, 18.5865002]}}, {"type": "Feature", "properties": {"bench": "yes", "bin": "yes", "bus": "yes", "highway": "bus_stop", "lit": "yes", "name": "Shivaji Chowk", "name:en": "Shivaji Chowk", "name:hi": "शिवाजी चौक", "name:mr": "शिवाजी चौक", "public_transport": "platform", "shelter": "no", "osm_id": "node/10807084239"}, "geometry": {"type": "Point", "coordinates": [73.7388897, 18.5907618]}}, {"type": "Feature", "properties": {"bench": "yes", "bin": "no", "bus": "yes", "highway": "bus_stop", "name": "Kunal icon society", "name:en": "Kunal icon society", "name:mr": "कुणाल आयकॉन सोसायटी", "public_transport": "platform", "shelter": "yes", "osm_id": "node/10871041756"}, "geometry": {"type": "Point", "coordinates": [73.7910072, 18.5940357]}}, {"type": "Feature", "properties": {"bench": "yes", "bin": "no", "bus": "yes", "highway": "bus_stop", "lit": "yes", "name": "Mahabaleshwar Hotel", "name:en": "Mahabaleshwar Hotel", "name:mr": "महाबळेश्वर हॉटेल", "network": "Pune Mahanagar Parivahan Mahamandal Limited", "network:wikidata": "Q7260109", "operator": "Pune Mahanagar Parivahan Mahamandal Limited", "public_transport": "platform", "ref": "S46", "shelter": "yes", "osm_id": "node/11111744741"}, "geometry": {"type": "Point", "coordinates": [73.7987268, 18.5548675]}}, {"type": "Feature", "properties": {"bench": "no", "bin": "no", "bus": "yes", "highway": "bus_stop", "name": "Mahabaleshwar Hotel", "name:en": "Mahabaleshwar Hotel", "name:mr": "महाबळेश्वर हॉटेल", "network": "Pune Mahanagar Parivahan Mahamandal Limited", "network:wikidata": "Q7260109", "operator": "Pune Mahanagar Parivahan Mahamandal Limited", "public_transport": "platform", "ref": "S33", "shelter": "yes", "osm_id": "node/11111744742"}, "geometry": {"type": "Point", "coordinates": [73.7987084, 18.55507]}}, {"type": "Feature", "properties": {"bus": "yes", "highway": "bus_stop", "name": "Keshav Nagar Bus Stop", "operator": "PMC", "public_transport": "platform", "osm_id": "node/11145740240"}, "geometry": {"type": "Point", "coordinates": [73.9442523, 18.534906]}}, {"type": "Feature", "properties": {"bus": "yes", "highway": "bus_stop", "name": "Lagad Mala PMPML Bus Stop", "operator": "PMPML", "public_transport": "platform", "osm_id": "node/11292638606"}, "geometry": {"type": "Point", "coordinates": [73.8080676, 18.45823]}}, {"type": "Feature", "properties": {"bus": "yes", "highway": "bus_stop", "name": "Lagad Mala PMPML Bus Stop", "operator": "PMPML", "public_transport": "platform", "osm_id": "node/11292638607"}, "geometry": {"type": "Point", "coordinates": [73.8079482, 18.4580052]}}, {"type": "Feature", "properties": {"bus": "yes", "highway": "bus_stop", "name": "Chandani Chowk MSRTC", "network": "MSRTC", "operator": "MSRTC", "public_transport": "platform", "osm_id": "node/11301588931"}, "geometry": {"type": "Point", "coordinates": [73.7812335, 18.5074941]}}, {"type": "Feature", "properties": {"bus": "yes", "highway": "bus_stop", "name": "Vitbhatti Pashan", "public_transport": "stop_position", "osm_id": "node/11436625766"}, "geometry": {"type": "Point", "coordinates": [73.780834, 18.5443616]}}, {"type": "Feature", "properties": {"bus": "yes", "highway": "bus_stop", "name": "Vitbhatti Pashan", "public_transport": "stop_position", "osm_id": "node/11436625767"}, "geometry": {"type": "Point", "coordinates": [73.780867, 18.5444681]}}, {"type": "Feature", "properties": {"bus": "yes", "highway": "bus_stop", "name": "Vadgaon BK Highway Bridge", "public_transport": "platform", "osm_id": "node/12064374627"}, "geometry": {"type": "Point", "coordinates": [73.8188517, 18.4638279]}}, {"type": "Feature", "properties": {"bus": "yes", "highway": "bus_stop", "name": "Vadgaon BK Highway Bridge", "public_transport": "platform", "osm_id": "node/12064374628"}, "geometry": {"type": "Point", "coordinates": [73.8195653, 18.4633903]}}, {"type": "Feature", "properties": {"bus": "yes", "highway": "bus_stop", "name": "Navale Bridge", "public_transport": "platform", "osm_id": "node/12064374629"}, "geometry": {"type": "Point", "coordinates": [73.8231277, 18.4599857]}}, {"type": "Feature", "properties": {"bus": "yes", "highway": "bus_stop", "name": "Krushnai Mangal Karyalaya", "public_transport": "platform", "osm_id": "node/12064374630"}, "geometry": {"type": "Point", "coordinates": [73.825376, 18.4589452]}}, {"type": "Feature", "properties": {"bus": "yes", "highway": "bus_stop", "name": "Hotel Srushti Bypass Road", "public_transport": "platform", "osm_id": "node/12064374631"}, "geometry": {"type": "Point", "coordinates": [73.8312554, 18.4563806]}}, {"type": "Feature", "properties": {"bus": "yes", "highway": "bus_stop", "name": "Hotel Srushti Bypass Road", "public_transport": "platform", "osm_id": "node/12064374632"}, "geometry": {"type": "Point", "coordinates": [73.8309073, 18.4566994]}}, {"type": "Feature", "properties": {"bus": "yes", "highway": "bus_stop", "name": "Ambegaon BK", "public_transport": "platform", "osm_id": "node/12064374633"}, "geometry": {"type": "Point", "coordinates": [73.8370091, 18.4544594]}}, {"type": "Feature", "properties": {"bus": "yes", "highway": "bus_stop", "name": "Ambegaon BK", "public_transport": "platform", "osm_id": "node/12064374634"}, "geometry": {"type": "Point", "coordinates": [73.8351202, 18.4553377]}}, {"type": "Feature", "properties": {"addr:street": "DSK Vishwa Road", "bench": "no", "bus": "yes", "highway": "bus_stop", "name": "DSK Vishwa Main Gate;DSK VIshwa Main Gate Bus Stop", "network": "PMPML", "operator": "PMPML", "public_transport": "platform", "shelter": "no;yes", "osm_id": "node/12079553630"}, "geometry": {"type": "Point", "coordinates": [73.7999078, 18.446535]}}, {"type": "Feature", "properties": {"bus": "yes", "highway": "bus_stop", "name": "C Bhausaheb Chavan Nagar Bus Stop", "network": "PMPML", "operator": "PMPML", "public_transport": "platform", "osm_id": "node/12079553631"}, "geometry": {"type": "Point", "coordinates": [73.8015494, 18.4468155]}}, {"type": "Feature", "properties": {"addr:city": "Pune", "addr:postcode": "411041", "addr:street": "DSK Vishwa Road", "bench": "yes", "bus": "yes", "highway": "bus_stop", "name": "DSK Vishwa Road", "public_transport": "platform", "shelter": "yes", "osm_id": "node/12079553632"}, "geometry": {"type": "Point", "coordinates": [73.8036136, 18.4469926]}}, {"type": "Feature", "properties": {"bus": "yes", "highway": "bus_stop", "public_transport": "platform", "osm_id": "node/12651972104"}, "geometry": {"type": "Point", "coordinates": [73.8373996, 18.5621008]}}, {"type": "Feature", "properties": {"bus": "yes", "highway": "bus_stop", "name": "Wonder City (Katraj)", "operator": "PMPML", "public_transport": "platform", "shelter": "yes", "osm_id": "node/12895623505"}, "geometry": {"type": "Point", "coordinates": [73.8534763, 18.4499361]}}, {"type": "Feature", "properties": {"bus": "yes", "highway": "bus_stop", "name": "Wonder City (Katraj)", "network": "PMPML", "public_transport": "platform", "shelter": "yes", "osm_id": "node/12895623506"}, "geometry": {"type": "Point", "coordinates": [73.8533816, 18.4495819]}}, {"type": "Feature", "properties": {"bench": "yes", "bin": "yes", "bus": "yes", "highway": "bus_stop", "lit": "yes", "public_transport": "platform", "shelter": "yes", "osm_id": "node/13002093578"}, "geometry": {"type": "Point", "coordinates": [73.8302744, 18.5343608]}}, {"type": "Feature", "properties": {"bench": "yes", "bus": "yes", "highway": "bus_stop", "lit": "yes", "public_transport": "platform", "shelter": "yes", "osm_id": "node/13002101234"}, "geometry": {"type": "Point", "coordinates": [73.8350599, 18.5298278]}}, {"type": "Feature", "properties": {"bench": "yes", "bus": "yes", "highway": "bus_stop", "lit": "yes", "public_transport": "platform", "shelter": "yes", "osm_id": "node/13002119042"}, "geometry": {"type": "Point", "coordinates": [73.8298442, 18.5301555]}}, {"type": "Feature", "properties": {"bus": "yes", "highway": "bus_stop", "name": "Chaturshringi temple Bus stop", "public_transport": "platform", "osm_id": "node/13120226348"}, "geometry": {"type": "Point", "coordinates": [73.8300459, 18.5379131]}}, {"type": "Feature", "properties": {"bus": "yes", "departures_board": "no", "highway": "bus_stop", "name": "District Court Bus Stop", "network": "PMPML", "operator": "PMPML", "public_transport": "platform", "shelter": "no", "osm_id": "node/13271104284"}, "geometry": {"type": "Point", "coordinates": [73.8576874, 18.5271142]}}, {"type": "Feature", "properties": {"bus": "yes", "highway": "bus_stop", "name": "RND Bus Stop", "public_transport": "platform", "osm_id": "node/13380357586"}, "geometry": {"type": "Point", "coordinates": [73.8766068, 18.5771688]}}, {"type": "Feature", "properties": {"bus": "yes", "highway": "bus_stop", "name": "Dighi Bus Stop", "public_transport": "platform", "ref": "S12", "osm_id": "node/13380465651"}, "geometry": {"type": "Point", "coordinates": [73.8729335, 18.6131481]}}, {"type": "Feature", "properties": {"bus": "yes", "highway": "bus_stop", "public_transport": "platform", "osm_id": "node/13380495304"}, "geometry": {"type": "Point", "coordinates": [73.8639978, 18.593925]}}, {"type": "Feature", "properties": {"bus": "yes", "highway": "bus_stop", "public_transport": "platform", "osm_id": "node/13380495305"}, "geometry": {"type": "Point", "coordinates": [73.8731731, 18.5973752]}}, {"type": "Feature", "properties": {"bus": "yes", "highway": "bus_stop", "name": "Dighi Bus Stop", "public_transport": "platform", "ref": "S29", "osm_id": "node/13380496883"}, "geometry": {"type": "Point", "coordinates": [73.8727986, 18.6134271]}}, {"type": "Feature", "properties": {"bus": "yes", "highway": "bus_stop", "name": "Vishrantwadi Bus stop", "public_transport": "platform", "osm_id": "node/13380882386"}, "geometry": {"type": "Point", "coordinates": [73.8793844, 18.5726561]}}, {"type": "Feature", "properties": {"bus": "yes", "highway": "bus_stop", "public_transport": "platform", "osm_id": "node/13381064952"}, "geometry": {"type": "Point", "coordinates": [73.8771963, 18.5742141]}}, {"type": "Feature", "properties": {"bus": "yes", "highway": "bus_stop", "public_transport": "platform", "osm_id": "node/13382589986"}, "geometry": {"type": "Point", "coordinates": [73.9124845, 18.5587678]}}, {"type": "Feature", "properties": {"bus": "yes", "highway": "bus_stop", "public_transport": "platform", "osm_id": "node/13384688348"}, "geometry": {"type": "Point", "coordinates": [73.8404487, 18.5563653]}}, {"type": "Feature", "properties": {"bus": "yes", "highway": "bus_stop", "public_transport": "platform", "osm_id": "node/13384688353"}, "geometry": {"type": "Point", "coordinates": [73.8432386, 18.5525591]}}, {"type": "Feature", "properties": {"bus": "yes", "highway": "bus_stop", "public_transport": "platform", "osm_id": "node/13384706799"}, "geometry": {"type": "Point", "coordinates": [73.8423692, 18.5562482]}}, {"type": "Feature", "properties": {"bus": "yes", "highway": "bus_stop", "public_transport": "platform", "osm_id": "node/13384711685"}, "geometry": {"type": "Point", "coordinates": [73.8424856, 18.5560192]}}, {"type": "Feature", "properties": {"bus": "yes", "highway": "bus_stop", "name": "Shadal baba darga Bus stop", "public_transport": "platform", "osm_id": "node/13384721517"}, "geometry": {"type": "Point", "coordinates": [73.8777699, 18.5445282]}}, {"type": "Feature", "properties": {"bus": "yes", "highway": "bus_stop", "public_transport": "platform", "osm_id": "node/13389962122"}, "geometry": {"type": "Point", "coordinates": [73.846978, 18.5572994]}}, {"type": "Feature", "properties": {"bus": "yes", "highway": "bus_stop", "public_transport": "platform", "osm_id": "node/13389968380"}, "geometry": {"type": "Point", "coordinates": [73.8465877, 18.5569859]}}, {"type": "Feature", "properties": {"bench": "yes", "bus": "yes", "highway": "bus_stop", "name": "Thorya Paduka Temple", "operator": "PMPML", "public_transport": "platform", "shelter": "yes", "osm_id": "node/13392305498"}, "geometry": {"type": "Point", "coordinates": [73.876977, 18.6403704]}}, {"type": "Feature", "properties": {"bench": "yes", "bus": "yes", "highway": "bus_stop", "name": "Mauli Nagar", "operator": "PMPML", "public_transport": "platform", "shelter": "yes", "osm_id": "node/13392333096"}, "geometry": {"type": "Point", "coordinates": [73.8747603, 18.6369364]}}, {"type": "Feature", "properties": {"bench": "yes", "bus": "yes", "highway": "bus_stop", "name": "Magzine Chowk", "operator": "PMPML", "public_transport": "platform", "shelter": "yes", "osm_id": "node/13392357058"}, "geometry": {"type": "Point", "coordinates": [73.8749615, 18.6327382]}}, {"type": "Feature", "properties": {"bench": "yes", "bus": "yes", "highway": "bus_stop", "name": "Balaji Mandir", "operator": "PMPML", "public_transport": "platform", "shelter": "yes", "osm_id": "node/13392357779"}, "geometry": {"type": "Point", "coordinates": [73.880484, 18.6461559]}}, {"type": "Feature", "properties": {"alt_name": "Datta Mandir", "alt_name:en": "Datta Mandir", "alt_name:mr": "दत्त मंदिर", "bench": "no", "bus": "yes", "highway": "bus_stop", "name": "Baner Odha", "name:en": "Baner Odha", "name:mr": "बाणेर ओढा", "public_transport": "platform", "shelter": "no", "osm_id": "node/13418325144"}, "geometry": {"type": "Point", "coordinates": [73.7856961, 18.5616689]}}, {"type": "Feature", "properties": {"bus": "yes", "highway": "bus_stop", "name": "Balewadi Phata", "name:en": "Balewadi Phata", "name:mr": "बालेवाडी फाटा", "public_transport": "platform", "osm_id": "node/13418325145"}, "geometry": {"type": "Point", "coordinates": [73.782517, 18.5636522]}}, {"type": "Feature", "properties": {"bench": "no", "bus": "yes", "highway": "bus_stop", "name": "Prabhavee Tech Park", "name:en": "Prabhavee Tech Park", "name:mr": "प्रभावी टेक पार्क", "public_transport": "platform", "shelter": "no", "osm_id": "node/13418325146"}, "geometry": {"type": "Point", "coordinates": [73.7788814, 18.5642855]}}, {"type": "Feature", "properties": {"bus": "yes", "highway": "bus_stop", "name": "Kalamkar Vasti", "name:en": "Kalamkar Vasti", "name:mr": "कळमकर वस्ती", "public_transport": "platform", "osm_id": "node/13418325148"}, "geometry": {"type": "Point", "coordinates": [73.7755344, 18.564355]}}, {"type": "Feature", "properties": {"bus": "yes", "highway": "bus_stop", "name": "Sadanand Hotel", "name:en": "Sadanand Hotel", "name:mr": "सदानंद हॉटेल", "public_transport": "platform", "osm_id": "node/13418325181"}, "geometry": {"type": "Point", "coordinates": [73.7670082, 18.5683887]}}, {"type": "Feature", "properties": {"bus": "yes", "highway": "bus_stop", "name": "Rajyog Society", "name:en": "Rajyog Society", "name:mr": "राजयोग सोसायटी", "public_transport": "platform", "osm_id": "node/13418738391"}, "geometry": {"type": "Point", "coordinates": [73.7707138, 18.5661793]}}, {"type": "Feature", "properties": {"alt_name": "Radha Hotel", "alt_name:en": "Radha Hotel", "alt_name:mr": "राधा हॉटेल", "bus": "yes", "highway": "bus_stop", "name": "Radha Chowk", "name:en": "Radha Chowk", "name:mr": "राधा चौक", "public_transport": "platform", "osm_id": "node/13418738394"}, "geometry": {"type": "Point", "coordinates": [73.7642171, 18.5696127]}}, {"type": "Feature", "properties": {"alt_name": "Radha Hotel", "alt_name:en": "Radha Hotel", "alt_name:mr": "राधा हॉटेल", "bus": "yes", "highway": "bus_stop", "name": "Radha Chowk", "name:en": "Radha Chowk", "name:mr": "राधा चौक", "public_transport": "platform", "osm_id": "node/13418738395"}, "geometry": {"type": "Point", "coordinates": [73.7642567, 18.5698061]}}, {"type": "Feature", "properties": {"bus": "yes", "highway": "bus_stop", "name": "Shitaladevi Nagar", "name:en": "Shitaladevi Nagar", "name:mr": "शितळादेवी नगर", "public_transport": "platform", "osm_id": "node/13418738396"}, "geometry": {"type": "Point", "coordinates": [73.7587496, 18.5721903]}}, {"type": "Feature", "properties": {"bus": "yes", "highway": "bus_stop", "name": "Shitaladevi Nagar", "name:en": "Shitaladevi Nagar", "name:mr": "शितळादेवी नगर", "public_transport": "platform", "osm_id": "node/13418738397"}, "geometry": {"type": "Point", "coordinates": [73.7587689, 18.5723443]}}, {"type": "Feature", "properties": {"bus": "yes", "highway": "bus_stop", "name": "Suryamukhi Ganesh Mandir", "name:en": "Suryamukhi Ganesh Mandir", "public_transport": "platform", "osm_id": "node/13418759407"}, "geometry": {"type": "Point", "coordinates": [73.7562532, 18.5737498]}}, {"type": "Feature", "properties": {"bus": "yes", "highway": "bus_stop", "name": "Suryamukhi Ganesh Mandir", "name:en": "Suryamukhi Ganesh Mandir", "name:mr": "सुर्यमुखी गणेश मंदिर", "public_transport": "platform", "osm_id": "node/13418759408"}, "geometry": {"type": "Point", "coordinates": [73.756487, 18.5737171]}}, {"type": "Feature", "properties": {"bench": "yes", "bus": "yes", "highway": "bus_stop", "name": "Sutar Vasti", "name:en": "Sutar Vasti", "name:mr": "सुतार वस्ती", "public_transport": "platform", "shelter": "yes", "osm_id": "node/13418759409"}, "geometry": {"type": "Point", "coordinates": [73.7506649, 18.5685555]}}, {"type": "Feature", "properties": {"bus": "yes", "highway": "bus_stop", "public_transport": "platform", "osm_id": "node/13418759475"}, "geometry": {"type": "Point", "coordinates": [73.742014, 18.5669668]}}, {"type": "Feature", "properties": {"bus": "yes", "highway": "bus_stop", "name": "Waghjai Nagar Mhalunge", "name:en": "Waghjai Nagar Mhalunge", "name:mr": "वाघजाई नगर म्हाळुंगे", "public_transport": "platform", "osm_id": "node/13418759476"}, "geometry": {"type": "Point", "coordinates": [73.7394944, 18.566164]}}, {"type": "Feature", "properties": {"bus": "yes", "name": "Swargate", "public_transport": "platform", "osm_id": "node/13429998538"}, "geometry": {"type": "Point", "coordinates": [73.8590294, 18.4999769]}}, {"type": "Feature", "properties": {"bench": "yes", "bin": "yes", "bus": "yes", "highway": "bus_stop", "lit": "yes", "name": "Kapil Malhar", "name:en": "Kapil Malhar", "name:mr": "कपिल मल्हार", "public_transport": "platform", "shelter": "yes", "osm_id": "node/13460700035"}, "geometry": {"type": "Point", "coordinates": [73.7916339, 18.5589378]}}, {"type": "Feature", "properties": {"bus": "yes", "highway": "bus_stop", "name": "More Baug / Sawant Vihar BRT", "operator": "PMPML", "public_transport": "platform", "shelter": "yes", "osm_id": "node/13556630797"}, "geometry": {"type": "Point", "coordinates": [73.8582561, 18.4494051]}}, {"type": "Feature", "properties": {"bus": "yes", "highway": "bus_stop", "name": "Katraj", "operator": "PMPML", "public_transport": "platform", "osm_id": "node/13556637825"}, "geometry": {"type": "Point", "coordinates": [73.858481, 18.4475906]}}, {"type": "Feature", "properties": {"bus": "yes", "highway": "bus_stop", "name": "Katraj", "operator": "PMPML", "public_transport": "platform", "osm_id": "node/13556651711"}, "geometry": {"type": "Point", "coordinates": [73.8586593, 18.4468092]}}, {"type": "Feature", "properties": {"bus": "yes", "highway": "bus_stop", "name": "Katraj", "operator": "PMPML", "public_transport": "platform", "osm_id": "node/13556651712"}, "geometry": {"type": "Point", "coordinates": [73.8590746, 18.4467624]}}, {"type": "Feature", "properties": {"bus": "yes", "highway": "bus_stop", "name": "Katraj (Bypass) Bus Stop", "public_transport": "platform", "osm_id": "node/13556711604"}, "geometry": {"type": "Point", "coordinates": [73.8577264, 18.448409]}}, {"type": "Feature", "properties": {"bus": "yes", "highway": "bus_stop", "name": "Datta Nagar Katraj Dehu Road Bypass", "public_transport": "platform", "osm_id": "node/13556724492"}, "geometry": {"type": "Point", "coordinates": [73.8499642, 18.4508339]}}, {"type": "Feature", "properties": {"bus": "yes", "highway": "bus_stop", "name": "Datta Nagar Katraj Dehu Road Bypass", "public_transport": "platform", "osm_id": "node/13556724493"}, "geometry": {"type": "Point", "coordinates": [73.8488598, 18.4508998]}}, {"type": "Feature", "properties": {"bus": "yes", "highway": "bus_stop", "name": "Trimurti Garden", "public_transport": "platform", "osm_id": "node/13556724494"}, "geometry": {"type": "Point", "coordinates": [73.8440192, 18.4523348]}}, {"type": "Feature", "properties": {"bus": "yes", "highway": "bus_stop", "name": "Trimurti Garden", "public_transport": "platform", "osm_id": "node/13556724495"}, "geometry": {"type": "Point", "coordinates": [73.8442876, 18.4525184]}}, {"type": "Feature", "properties": {"bus": "yes", "highway": "bus_stop", "name": "Abhinav College Ambegaon BK", "public_transport": "platform", "osm_id": "node/13556724496"}, "geometry": {"type": "Point", "coordinates": [73.8400852, 18.4534878]}}, {"type": "Feature", "properties": {"bus": "yes", "highway": "bus_stop", "name": "Abhinav College Ambegaon BK", "public_transport": "platform", "osm_id": "node/13556724497"}, "geometry": {"type": "Point", "coordinates": [73.8398885, 18.453794]}}, {"type": "Feature", "properties": {"bus": "yes", "highway": "bus_stop", "name": "Shivsrushti Ambegaon BK", "public_transport": "platform", "osm_id": "node/13556724498"}, "geometry": {"type": "Point", "coordinates": [73.8358649, 18.4554889]}}, {"type": "Feature", "properties": {"bus": "yes", "highway": "bus_stop", "name": "Shivsrushti Ambegaon BK", "public_transport": "platform", "osm_id": "node/13556724499"}, "geometry": {"type": "Point", "coordinates": [73.8359008, 18.455566]}}, {"type": "Feature", "properties": {"bus": "yes", "highway": "bus_stop", "name": "Indu Lawns Bus Stop", "public_transport": "platform", "osm_id": "node/13556724500"}, "geometry": {"type": "Point", "coordinates": [73.8353436, 18.4576169]}}, {"type": "Feature", "properties": {"bus": "yes", "highway": "bus_stop", "name": "Indu Lawns Bus Stop", "public_transport": "platform", "osm_id": "node/13556728901"}, "geometry": {"type": "Point", "coordinates": [73.8353779, 18.4575408]}}, {"type": "Feature", "properties": {"bus": "yes", "highway": "bus_stop", "name": "Vishwa Vihar Society", "public_transport": "platform", "osm_id": "node/13556728902"}, "geometry": {"type": "Point", "coordinates": [73.8355888, 18.4589354]}}, {"type": "Feature", "properties": {"bus": "yes", "highway": "bus_stop", "name": "Vishwa Vihar Society", "public_transport": "platform", "osm_id": "node/13556728903"}, "geometry": {"type": "Point", "coordinates": [73.8356299, 18.458836]}}, {"type": "Feature", "properties": {"bus": "yes", "highway": "bus_stop", "name": "Saurabh Palace", "public_transport": "platform", "osm_id": "node/13556728904"}, "geometry": {"type": "Point", "coordinates": [73.8359449, 18.4610934]}}, {"type": "Feature", "properties": {"bus": "yes", "highway": "bus_stop", "name": "Saurabh Palace", "public_transport": "platform", "osm_id": "node/13556728905"}, "geometry": {"type": "Point", "coordinates": [73.836029, 18.4610332]}}, {"type": "Feature", "properties": {"bus": "yes", "highway": "bus_stop", "name": "Sinhgad College (Ambegaon BK)", "public_transport": "platform", "osm_id": "node/13556728908"}, "geometry": {"type": "Point", "coordinates": [73.8364369, 18.4628809]}}, {"type": "Feature", "properties": {"bus": "yes", "highway": "bus_stop", "name": "Sinhgad College (Ambegaon BK)", "public_transport": "platform", "osm_id": "node/13556728910"}, "geometry": {"type": "Point", "coordinates": [73.8363803, 18.4628565]}}, {"type": "Feature", "properties": {"bus": "yes", "highway": "bus_stop", "name": "Bharati Vidyapeeth", "operator": "PMPML", "public_transport": "platform", "shelter": "yes", "osm_id": "node/13577528831"}, "geometry": {"type": "Point", "coordinates": [73.8513859, 18.4572881]}}, {"type": "Feature", "properties": {"bus": "yes", "highway": "bus_stop", "name": "Icchapurti Ganesh Mandir Bus Stop", "operator": "PMPML", "public_transport": "platform", "shelter": "no", "osm_id": "node/13577528832"}, "geometry": {"type": "Point", "coordinates": [73.8510149, 18.4556392]}}, {"type": "Feature", "properties": {"bus": "yes", "highway": "bus_stop", "name": "Thorve School", "operator": "PMPML", "public_transport": "platform", "osm_id": "node/13577528833"}, "geometry": {"type": "Point", "coordinates": [73.851371, 18.4540122]}}, {"type": "Feature", "properties": {"bus": "yes", "highway": "bus_stop", "name": "Bharati Vidyapeeth School", "operator": "PMPML", "public_transport": "platform", "osm_id": "node/13577528834"}, "geometry": {"type": "Point", "coordinates": [73.8534034, 18.4566331]}}, {"type": "Feature", "properties": {"bus": "yes", "highway": "bus_stop", "name": "Rajaram Gas Agency", "public_transport": "platform", "osm_id": "node/13577528835"}, "geometry": {"type": "Point", "coordinates": [73.853686, 18.4547969]}}, {"type": "Feature", "properties": {"bus": "yes", "highway": "bus_stop", "name": "Rajaram Gas Agency", "public_transport": "platform", "osm_id": "node/13577528836"}, "geometry": {"type": "Point", "coordinates": [73.8538901, 18.4545193]}}, {"type": "Feature", "properties": {"bus": "yes", "highway": "bus_stop", "name": "Katraj Dairy", "public_transport": "platform", "osm_id": "node/13577528837"}, "geometry": {"type": "Point", "coordinates": [73.8580786, 18.4544323]}}, {"type": "Feature", "properties": {"bus": "yes", "highway": "bus_stop", "name": "Katraj Dairy", "public_transport": "platform", "osm_id": "node/13577528838"}, "geometry": {"type": "Point", "coordinates": [73.8580864, 18.4542876]}}, {"type": "Feature", "properties": {"bus": "yes", "highway": "bus_stop", "name": "Venutai Chavan College", "public_transport": "platform", "osm_id": "node/13577556362"}, "geometry": {"type": "Point", "coordinates": [73.8337052, 18.4691008]}}, {"type": "Feature", "properties": {"bus": "yes", "highway": "bus_stop", "name": "Venutai Chavan College", "public_transport": "platform", "osm_id": "node/13577556363"}, "geometry": {"type": "Point", "coordinates": [73.8334999, 18.4692091]}}, {"type": "Feature", "properties": {"bus": "yes", "highway": "bus_stop", "name": "Venutai Chavan College Paytha", "public_transport": "platform", "osm_id": "node/13577556364"}, "geometry": {"type": "Point", "coordinates": [73.8328628, 18.4687021]}}, {"type": "Feature", "properties": {"bus": "yes", "highway": "bus_stop", "name": "Venutai Chavan College Paytha", "public_transport": "platform", "osm_id": "node/13577556365"}, "geometry": {"type": "Point", "coordinates": [73.8328566, 18.4687966]}}, {"type": "Feature", "properties": {"bus": "yes", "highway": "bus_stop", "name": "Brahma Chaitanya", "public_transport": "platform", "osm_id": "node/13577556366"}, "geometry": {"type": "Point", "coordinates": [73.8283542, 18.4676108]}}, {"type": "Feature", "properties": {"bus": "yes", "highway": "bus_stop", "name": "Brahma Chaitanya", "public_transport": "platform", "osm_id": "node/13577556367"}, "geometry": {"type": "Point", "coordinates": [73.8282928, 18.4674967]}}, {"type": "Feature", "properties": {"bus": "yes", "highway": "bus_stop", "name": "Jadhavnagar Galli No.11", "public_transport": "platform", "osm_id": "node/13577556368"}, "geometry": {"type": "Point", "coordinates": [73.8244336, 18.4666311]}}, {"type": "Feature", "properties": {"bus": "yes", "highway": "bus_stop", "name": "Jadhavnagar Galli No.11", "public_transport": "platform", "osm_id": "node/13577556369"}, "geometry": {"type": "Point", "coordinates": [73.8245781, 18.4666028]}}, {"type": "Feature", "properties": {"bus": "yes", "highway": "bus_stop", "name": "Vadgaon Budruk Bus Stand", "public_transport": "platform", "osm_id": "node/13577556370"}, "geometry": {"type": "Point", "coordinates": [73.8217951, 18.4674799]}}, {"type": "Feature", "properties": {"bus": "yes", "highway": "bus_stop", "name": "Vadgaon Budruk", "public_transport": "platform", "osm_id": "node/13577556371"}, "geometry": {"type": "Point", "coordinates": [73.822115, 18.4674272]}}, {"type": "Feature", "properties": {"bus": "yes", "highway": "bus_stop", "name": "Ganga Goel Society", "public_transport": "platform", "osm_id": "node/13577556372"}, "geometry": {"type": "Point", "coordinates": [73.8231284, 18.4701253]}}, {"type": "Feature", "properties": {"bus": "yes", "highway": "bus_stop", "name": "Bhekrainagar Depot", "public_transport": "platform", "osm_id": "node/13577621813"}, "geometry": {"type": "Point", "coordinates": [73.9532582, 18.4843203]}}, {"type": "Feature", "properties": {"bus": "yes", "highway": "bus_stop", "name": "Ganganagar Saswad Road", "public_transport": "platform", "osm_id": "node/13577621814"}, "geometry": {"type": "Point", "coordinates": [73.9518451, 18.487881]}}, {"type": "Feature", "properties": {"bus": "yes", "highway": "bus_stop", "name": "Ganganagar Saswad Road", "public_transport": "platform", "osm_id": "node/13577621815"}, "geometry": {"type": "Point", "coordinates": [73.9515801, 18.4879509]}}, {"type": "Feature", "properties": {"bus": "yes", "highway": "bus_stop", "name": "IBM", "public_transport": "platform", "osm_id": "node/13577621816"}, "geometry": {"type": "Point", "coordinates": [73.9505071, 18.4893616]}}, {"type": "Feature", "properties": {"bus": "yes", "highway": "bus_stop", "name": "IBM", "public_transport": "platform", "osm_id": "node/13577621817"}, "geometry": {"type": "Point", "coordinates": [73.9506412, 18.4894438]}}, {"type": "Feature", "properties": {"bus": "yes", "highway": "bus_stop", "name": "Satyapuram / Tukai Darshan", "public_transport": "platform", "osm_id": "node/13577621818"}, "geometry": {"type": "Point", "coordinates": [73.9489198, 18.4914355]}}, {"type": "Feature", "properties": {"bus": "yes", "highway": "bus_stop", "name": "Satyapuram / Tukai Darshan", "public_transport": "platform", "osm_id": "node/13577621819"}, "geometry": {"type": "Point", "coordinates": [73.9491227, 18.491412]}}, {"type": "Feature", "properties": {"bench": "yes", "bus": "yes", "highway": "bus_stop", "name": "Wakad Bridge", "name:en": "Wakad Bridge", "name:mr": "वाकड ब्रीज", "public_transport": "platform", "shelter": "yes", "osm_id": "node/13582724606"}, "geometry": {"type": "Point", "coordinates": [73.7569422, 18.59177]}}, {"type": "Feature", "properties": {"bench": "yes", "bus": "yes", "highway": "bus_stop", "name": "Wakad Bridge", "name:en": "Wakad Bridge", "name:mr": "वाकड ब्रीज", "public_transport": "platform", "shelter": "yes", "osm_id": "node/13582724607"}, "geometry": {"type": "Point", "coordinates": [73.7579242, 18.5907859]}}, {"type": "Feature", "properties": {"bench": "yes", "bin": "no", "bus": "yes", "highway": "bus_stop", "name": "Hinjawadi Jakat Naka", "name:en": "Hinjawadi Jakat Naka", "name:mr": "हिंजवडी जकात नाका", "public_transport": "platform", "shelter": "yes", "osm_id": "node/13582741397"}, "geometry": {"type": "Point", "coordinates": [73.7504804, 18.5909433]}}, {"type": "Feature", "properties": {"bus": "yes", "highway": "bus_stop", "name": "Trimurti Bungalow", "name:en": "Trimurti Bungalow", "name:hi": "त्रिमूर्ती बंगलो", "name:mr": "त्रिमूर्ती बंगलो", "public_transport": "platform", "osm_id": "node/13583137991"}, "geometry": {"type": "Point", "coordinates": [73.8012033, 18.5544256]}}, {"type": "Feature", "properties": {"bench": "yes", "bin": "no", "bus": "yes", "highway": "bus_stop", "name": "Green Park", "name:en": "Green Park", "name:hi": "ग्रीन पार्क", "name:mr": "ग्रीन पार्क", "public_transport": "platform", "shelter": "yes", "osm_id": "node/13583153808"}, "geometry": {"type": "Point", "coordinates": [73.8038368, 18.551965]}}, {"type": "Feature", "properties": {"bench": "yes", "bus": "yes", "highway": "bus_stop", "name": "Someshwarwadi Phata", "name:en": "Someshwarwadi Phata", "name:mr": "सोमेश्वरवाडी फाटा", "public_transport": "platform", "shelter": "yes", "osm_id": "node/13583153809"}, "geometry": {"type": "Point", "coordinates": [73.8050764, 18.5511127]}}, {"type": "Feature", "properties": {"bench": "yes", "bin": "yes", "bus": "yes", "highway": "bus_stop", "name": "Ambedkar Nagar Baner", "name:en": "Ambedkar Nagar Baner", "name:mr": "अंबेडकर नगर बाणेर", "public_transport": "platform", "shelter": "yes", "osm_id": "node/13583153862"}, "geometry": {"type": "Point", "coordinates": [73.795528, 18.5551742]}}, {"type": "Feature", "properties": {"bench": "no", "bus": "yes", "highway": "bus_stop", "lit": "yes", "name": "Baner Phata", "name:en": "Baner Phata", "name:mr": "बाणेर फाटा", "operator": "PMPML", "public_transport": "platform", "shelter": "no", "osm_id": "node/13585356688"}, "geometry": {"type": "Point", "coordinates": [73.8100813, 18.5499736]}}, {"type": "Feature", "properties": {"bus": "yes", "highway": "bus_stop", "name": "Marketyard", "operator": "PMPML", "public_transport": "platform", "osm_id": "node/13585519604"}, "geometry": {"type": "Point", "coordinates": [73.8713942, 18.4837043]}}, {"type": "Feature", "properties": {"bus": "yes", "highway": "bus_stop", "name": "Marketyard", "operator": "PMPML", "public_transport": "platform", "osm_id": "node/13585519605"}, "geometry": {"type": "Point", "coordinates": [73.8715384, 18.4837662]}}, {"type": "Feature", "properties": {"bus": "yes", "highway": "bus_stop", "name": "Godown Gultekdi", "operator": "PMPML", "public_transport": "platform", "osm_id": "node/13585519606"}, "geometry": {"type": "Point", "coordinates": [73.8705767, 18.4876944]}}, {"type": "Feature", "properties": {"bus": "yes", "highway": "bus_stop", "name": "Wakhar Mahamandal Marketyard", "operator": "PMPML", "public_transport": "platform", "osm_id": "node/13585519607"}, "geometry": {"type": "Point", "coordinates": [73.8700477, 18.4899323]}}, {"type": "Feature", "properties": {"bus": "yes", "highway": "bus_stop", "name": "Wakhar Mahamandal Marketyard", "operator": "PMPML", "public_transport": "platform", "osm_id": "node/13585519608"}, "geometry": {"type": "Point", "coordinates": [73.8699158, 18.4899037]}}, {"type": "Feature", "properties": {"bus": "yes", "highway": "bus_stop", "name": "P&T Colony / Giridhar Bhavan", "operator": "PMPML", "public_transport": "platform", "osm_id": "node/13585519609"}, "geometry": {"type": "Point", "coordinates": [73.8693738, 18.492782]}}, {"type": "Feature", "properties": {"bus": "yes", "highway": "bus_stop", "name": "P&T Colony / Giridhar Bhavan", "operator": "PMPML", "public_transport": "platform", "osm_id": "node/13585519610"}, "geometry": {"type": "Point", "coordinates": [73.8691437, 18.4932971]}}, {"type": "Feature", "properties": {"bus": "yes", "highway": "bus_stop", "name": "Dias Plot", "operator": "PMPML", "public_transport": "platform", "osm_id": "node/13585519611"}, "geometry": {"type": "Point", "coordinates": [73.8691865, 18.4959564]}}, {"type": "Feature", "properties": {"bus": "yes", "highway": "bus_stop", "name": "Dias Plot", "operator": "PMPML", "public_transport": "platform", "osm_id": "node/13585519612"}, "geometry": {"type": "Point", "coordinates": [73.8693798, 18.4957662]}}, {"type": "Feature", "properties": {"bus": "yes", "highway": "bus_stop", "name": "Apsara Talkies", "operator": "PMPML", "public_transport": "platform", "osm_id": "node/13585519613"}, "geometry": {"type": "Point", "coordinates": [73.8692878, 18.4997366]}}, {"type": "Feature", "properties": {"bus": "yes", "highway": "bus_stop", "name": "Apsara Talkies", "public_transport": "platform", "osm_id": "node/13585519614"}, "geometry": {"type": "Point", "coordinates": [73.8694996, 18.5001346]}}, {"type": "Feature", "properties": {"bus": "yes", "highway": "bus_stop", "name": "Chandani Chowk", "operator": "PMPML", "public_transport": "platform", "osm_id": "node/13586876711"}, "geometry": {"type": "Point", "coordinates": [73.7810091, 18.5075453]}}, {"type": "Feature", "properties": {"bus": "yes", "highway": "bus_stop", "name": "Chandani Chowk", "operator": "PMPML", "public_transport": "platform", "osm_id": "node/13586876712"}, "geometry": {"type": "Point", "coordinates": [73.7808748, 18.5079149]}}, {"type": "Feature", "properties": {"bus": "yes", "highway": "bus_stop", "name": "Chandani Chowk", "operator": "PMPML", "public_transport": "platform", "osm_id": "node/13586876713"}, "geometry": {"type": "Point", "coordinates": [73.7827506, 18.5084205]}}, {"type": "Feature", "properties": {"bus": "yes", "highway": "bus_stop", "name": "Ved Bhavan", "operator": "PMPML", "public_transport": "platform", "osm_id": "node/13586876714"}, "geometry": {"type": "Point", "coordinates": [73.7871427, 18.5070546]}}, {"type": "Feature", "properties": {"bus": "yes", "highway": "bus_stop", "name": "Vedant Colony", "public_transport": "platform", "osm_id": "node/13586876715"}, "geometry": {"type": "Point", "coordinates": [73.7921639, 18.5046976]}}, {"type": "Feature", "properties": {"bus": "yes", "highway": "bus_stop", "name": "Vedant Colony Bypass Road", "public_transport": "platform", "osm_id": "node/13586876716"}, "geometry": {"type": "Point", "coordinates": [73.7924411, 18.5021828]}}, {"type": "Feature", "properties": {"bus": "yes", "highway": "bus_stop", "name": "Wonder Futura Complex", "public_transport": "platform", "osm_id": "node/13586876717"}, "geometry": {"type": "Point", "coordinates": [73.7891395, 18.4983173]}}, {"type": "Feature", "properties": {"bus": "yes", "highway": "bus_stop", "name": "Wonder Futura Complex", "public_transport": "platform", "osm_id": "node/13586876718"}, "geometry": {"type": "Point", "coordinates": [73.7891578, 18.497956]}}, {"type": "Feature", "properties": {"bus": "yes", "highway": "bus_stop", "name": "Digambar Marble / PICT School", "name:en": "Digambar Marble / PICT School", "name:mr": "दिगंबर मार्बल / पीआयसीटी स्कूल", "public_transport": "platform", "osm_id": "node/13597493256"}, "geometry": {"type": "Point", "coordinates": [73.7613795, 18.5813109]}}, {"type": "Feature", "properties": {"bench": "no", "bus": "yes", "highway": "bus_stop", "public_transport": "platform", "shelter": "no", "osm_id": "node/13597860224"}, "geometry": {"type": "Point", "coordinates": [73.7732156, 18.5653696]}}, {"type": "Feature", "properties": {"bench": "no", "bus": "yes", "highway": "bus_stop", "name": "Kalamkar Vasti", "name:en": "Kalamkar Vasti", "name:mr": "कळमकर वस्ती", "public_transport": "platform", "shelter": "no", "osm_id": "node/13598166296"}, "geometry": {"type": "Point", "coordinates": [73.775963, 18.5644475]}}, {"type": "Feature", "properties": {"bench": "yes", "bus": "yes", "highway": "bus_stop", "name": "Balewadi Phata", "name:en": "Balewadi Phata", "name:mr": "बालेवाडी फाटा", "public_transport": "platform", "shelter": "yes", "osm_id": "node/13598173618"}, "geometry": {"type": "Point", "coordinates": [73.7832251, 18.5634175]}}, {"type": "Feature", "properties": {"bench": "no", "bus": "yes", "highway": "bus_stop", "name": "Balewadi Phata", "name:en": "Balewadi Phata", "name:mr": "बालेवाडी फाटा", "public_transport": "platform", "shelter": "no", "osm_id": "node/13598173619"}, "geometry": {"type": "Point", "coordinates": [73.7825814, 18.5640237]}}, {"type": "Feature", "properties": {"alt_name": "Datta Mandir", "alt_name:en": "Datta Mandir", "alt_name:mr": "दत्त मंदिर", "bench": "yes", "bus": "yes", "highway": "bus_stop", "name": "Baner Odha", "name:en": "Baner Odha", "name:mr": "बाणेर ओढा", "public_transport": "platform", "shelter": "yes", "osm_id": "node/13598173620"}, "geometry": {"type": "Point", "coordinates": [73.7854051, 18.5615316]}}, {"type": "Feature", "properties": {"bench": "no", "bus": "yes", "highway": "bus_stop", "name": "Baner Gaon", "name:en": "Baner Gaon", "name:mr": "बाणेर गांव", "public_transport": "platform", "shelter": "no", "osm_id": "node/13598173642"}, "geometry": {"type": "Point", "coordinates": [73.7890924, 18.559708]}}, {"type": "Feature", "properties": {"bench": "no", "bin": "no", "bus": "yes", "highway": "bus_stop", "name": "Baner Gaon", "name:en": "Baner Gaon", "name:mr": "बाणेर गांव", "public_transport": "platform", "shelter": "no", "osm_id": "node/13598173643"}, "geometry": {"type": "Point", "coordinates": [73.789376, 18.5598023]}}, {"type": "Feature", "properties": {"bench": "yes", "bin": "no", "bus": "yes", "highway": "bus_stop", "name": "Sindh Colony Baner Road", "name:en": "Sindh Colony Baner Road", "name:mr": "सिंद्ध कॉलनी बाणेर रोड", "public_transport": "platform", "shelter": "yes", "osm_id": "node/13598173721"}, "geometry": {"type": "Point", "coordinates": [73.8142849, 18.5480063]}}, {"type": "Feature", "properties": {"bench": "yes", "bus": "yes", "highway": "bus_stop", "name": "Sakal Nagar Baner Road", "name:en": "Sakal Nagar Baner Road", "name:mr": "सकाळ नगर बाणेर रोड", "public_transport": "platform", "shelter": "yes", "osm_id": "node/13598173722"}, "geometry": {"type": "Point", "coordinates": [73.8195866, 18.5464664]}}, {"type": "Feature", "properties": {"bus": "yes", "highway": "bus_stop", "name": "Chavan Nagar Baner Road", "name:en": "Chavan Nagar Baner Road", "name:mr": "चव्हाण नगर बाणेर रोड", "public_transport": "platform", "osm_id": "node/13598173723"}, "geometry": {"type": "Point", "coordinates": [73.8235126, 18.5447963]}}, {"type": "Feature", "properties": {"bench": "yes", "bus": "yes", "departures_board": "timetable", "highway": "bus_stop", "name": "Pune University", "name:en": "Pune University", "name:mr": "पुणे विद्यापीठ", "network": "PMPML", "operator": "PMPML", "public_transport": "platform", "shelter": "yes", "osm_id": "node/13598251060"}, "geometry": {"type": "Point", "coordinates": [73.8265087, 18.5416946]}}, {"type": "Feature", "properties": {"bench": "yes", "bus": "yes", "highway": "bus_stop", "name": "Mhasoba Gate", "public_transport": "platform", "shelter": "yes", "osm_id": "node/13598368671"}, "geometry": {"type": "Point", "coordinates": [73.840543, 18.5335361]}}, {"type": "Feature", "properties": {"bus": "yes", "highway": "bus_stop", "name": "Pumping Station Khairewadi", "public_transport": "platform", "osm_id": "node/13598368672"}, "geometry": {"type": "Point", "coordinates": [73.8389289, 18.5349068]}}, {"type": "Feature", "properties": {"bench": "yes", "bus": "yes", "highway": "bus_stop", "name": "Simla Office Shivajinagar", "public_transport": "platform", "shelter": "yes", "osm_id": "node/13598401780"}, "geometry": {"type": "Point", "coordinates": [73.8477869, 18.5307848]}}, {"type": "Feature", "properties": {"bench": "yes", "bin": "no", "bus": "yes", "highway": "bus_stop", "name": "Simla Office Shivajinagar", "public_transport": "platform", "shelter": "yes", "osm_id": "node/13598401781"}, "geometry": {"type": "Point", "coordinates": [73.8475349, 18.5306487]}}, {"type": "Feature", "properties": {"bench": "yes", "bin": "no", "bus": "yes", "highway": "bus_stop", "name": "Pune Station", "name:en": "Pune Station", "name:mr": "पुणे स्टेशन", "public_transport": "platform", "shelter": "yes", "osm_id": "node/13598402094"}, "geometry": {"type": "Point", "coordinates": [73.8729945, 18.5271848]}}, {"type": "Feature", "properties": {"bench": "yes", "bus": "yes", "highway": "bus_stop", "name": "Sai Chowk", "name:en": "Sai Chowk", "name:mr": "साई चौक", "public_transport": "platform", "shelter": "yes", "osm_id": "node/13601971305"}, "geometry": {"type": "Point", "coordinates": [73.7712017, 18.5747168]}}, {"type": "Feature", "properties": {"bench": "no", "bin": "no", "bus": "yes", "highway": "bus_stop", "public_transport": "platform", "shelter": "no", "osm_id": "node/13601971306"}, "geometry": {"type": "Point", "coordinates": [73.7738149, 18.5737349]}}, {"type": "Feature", "properties": {"bus": "yes", "highway": "bus_stop", "name": "Dasara Chowk", "name:en": "Dasara Chowk", "name:hi": "दसरा चौक", "name:mr": "दसरा चौक", "public_transport": "platform", "osm_id": "node/13601971307"}, "geometry": {"type": "Point", "coordinates": [73.7753357, 18.573661]}}, {"type": "Feature", "properties": {"bench": "no", "bus": "yes", "highway": "bus_stop", "public_transport": "platform", "shelter": "no", "osm_id": "node/13601971312"}, "geometry": {"type": "Point", "coordinates": [73.7776499, 18.5751319]}}, {"type": "Feature", "properties": {"bench": "no", "bus": "yes", "departures_board": "no", "highway": "bus_stop", "name": "Balewadi Gaon", "name:en": "Balewadi Gaon", "name:mr": "बालेवाडी गांव", "public_transport": "platform", "shelter": "no", "osm_id": "node/13601971321"}, "geometry": {"type": "Point", "coordinates": [73.7796773, 18.5761659]}}, {"type": "Feature", "properties": {"bench": "no", "bus": "yes", "highway": "bus_stop", "name": "Laxmi Mata Mandir Balewadi", "name:en": "Laxmi Mata Mandir Balewadi", "name:mr": "लक्ष्मी माता मंदिर बालेवाडी", "public_transport": "platform", "shelter": "no", "osm_id": "node/13601971322"}, "geometry": {"type": "Point", "coordinates": [73.7807537, 18.5731742]}}, {"type": "Feature", "properties": {"bench": "yes", "bin": "no", "bus": "yes", "highway": "bus_stop", "name": "Era Bakery", "name:en": "Era Bakery", "name:mr": "ईरा बेकरी", "public_transport": "platform", "shelter": "yes", "osm_id": "node/13601971330"}, "geometry": {"type": "Point", "coordinates": [73.7811767, 18.570124]}}, {"type": "Feature", "properties": {"bench": "no", "bin": "no", "bus": "yes", "highway": "bus_stop", "name": "Era Bakery", "name:en": "Era Bakery", "name:mr": "ईरा बेकरी", "public_transport": "platform", "shelter": "no", "osm_id": "node/13601971331"}, "geometry": {"type": "Point", "coordinates": [73.7811739, 18.5696948]}}, {"type": "Feature", "properties": {"bench": "no", "bus": "yes", "highway": "bus_stop", "name": "Chakankar Mala", "name:en": "Chakankar Mala", "name:hi": "चाकणकर मला", "name:mr": "चाकणकर मळा", "public_transport": "platform", "shelter": "no", "osm_id": "node/13601971336"}, "geometry": {"type": "Point", "coordinates": [73.7824153, 18.5664112]}}, {"type": "Feature", "properties": {"bench": "yes", "bin": "no", "bus": "yes", "highway": "bus_stop", "name": "Abhimanshree Baner Road", "name:en": "Abhimanshree Baner Road", "name:mr": "अभिमानश्री बाणेर रोड", "public_transport": "platform", "shelter": "yes", "osm_id": "node/13602362802"}, "geometry": {"type": "Point", "coordinates": [73.8166137, 18.5471715]}}, {"type": "Feature", "properties": {"bench": "yes", "bin": "no", "bus": "yes", "highway": "bus_stop", "name": "Abhimanshree Baner Road", "name:en": "Abhimanshree Baner Road", "name:mr": "अभिमानश्री बाणेर रोड", "public_transport": "platform", "shelter": "yes", "osm_id": "node/13602362803"}, "geometry": {"type": "Point", "coordinates": [73.8162789, 18.5474647]}}, {"type": "Feature", "properties": {"bench": "yes", "bin": "no", "bus": "yes", "highway": "bus_stop", "name": "JM Road Engineering Hostel", "name:en": "JM Road Engineering Hostel", "public_transport": "platform", "shelter": "yes", "osm_id": "node/13602440667"}, "geometry": {"type": "Point", "coordinates": [73.8514843, 18.5275809]}}, {"type": "Feature", "properties": {"bench": "yes", "bin": "no", "bus": "yes", "highway": "bus_stop", "name": "Chhatrapati Shivaji Maharaj Statue", "name:en": "Chhatrapati Shivaji Maharaj Statue", "name:mr": "छत्रपती शिवाजी महाराज पुतळा", "public_transport": "platform", "shelter": "yes", "osm_id": "node/13602440668"}, "geometry": {"type": "Point", "coordinates": [73.8525934, 18.5263497]}}, {"type": "Feature", "properties": {"bench": "yes", "bin": "no", "bus": "yes", "highway": "bus_stop", "name": "Rangehills Corner", "public_transport": "platform", "shelter": "yes", "osm_id": "node/13605635899"}, "geometry": {"type": "Point", "coordinates": [73.8334986, 18.5387273]}}, {"type": "Feature", "properties": {"alt_name": "Bata Showroom", "alt_name:en": "Bata Showroom", "alt_name:mr": "बाटा शोरूम", "bench": "yes", "bus": "yes", "highway": "bus_stop", "name": "Kundan Garden", "name:en": "Kundan Garden", "name:mr": "कुंदन गार्डन", "public_transport": "platform", "shelter": "yes", "osm_id": "node/13605940269"}, "geometry": {"type": "Point", "coordinates": [73.7945082, 18.5565756]}}, {"type": "Feature", "properties": {"bench": "no", "bus": "yes", "highway": "bus_stop", "name": "DMart Hinjawadi", "name:en": "DMart Hinjawadi", "name:hi": "डी मार्ट हिंजवडी", "name:mr": "डी मार्ट हिंजवडी", "public_transport": "platform", "shelter": "no", "osm_id": "node/13607210203"}, "geometry": {"type": "Point", "coordinates": [73.7443767, 18.5910489]}}, {"type": "Feature", "properties": {"bench": "yes", "bus": "yes", "highway": "bus_stop", "name": "DMart Hinjawadi", "name:en": "DMart Hinjawadi", "name:hi": "डी मार्ट हिंजवडी", "name:mr": "डी मार्ट हिंजवडी", "public_transport": "platform", "shelter": "yes", "osm_id": "node/13607210204"}, "geometry": {"type": "Point", "coordinates": [73.7443827, 18.5912429]}}, {"type": "Feature", "properties": {"bench": "no", "bin": "no", "bus": "yes", "highway": "bus_stop", "name": "Mezza Nine", "name:en": "Mezza Nine", "name:mr": "मेझा नाईन", "public_transport": "platform", "shelter": "no", "osm_id": "node/13607210207"}, "geometry": {"type": "Point", "coordinates": [73.7379816, 18.5920078]}}, {"type": "Feature", "properties": {"bench": "yes", "bus": "yes", "highway": "bus_stop", "name": "Bank of Maharashtra Hinjawadi", "name:en": "Bank of Maharashtra Hinjawadi", "name:mr": "बँक ऑफ महाराष्ट्र हिंजवडी", "public_transport": "platform", "shelter": "yes", "osm_id": "node/13607210210"}, "geometry": {"type": "Point", "coordinates": [73.7315117, 18.5938808]}}, {"type": "Feature", "properties": {"bench": "yes", "bus": "yes", "highway": "bus_stop", "name": "Wipro Company Circle", "name:en": "Wipro Company Circle", "name:hi": "विप्रो कंपनी सर्कल", "name:mr": "विप्रो कंपनी सर्कल", "public_transport": "platform", "shelter": "yes", "osm_id": "node/13607210225"}, "geometry": {"type": "Point", "coordinates": [73.7180986, 18.5967058]}}, {"type": "Feature", "properties": {"bench": "no", "bus": "yes", "highway": "bus_stop", "name": "Infosys Phase 2", "name:en": "Infosys Phase 2", "name:mr": "इन्फोसिस फेज २", "public_transport": "platform", "shelter": "no", "osm_id": "node/13607210227"}, "geometry": {"type": "Point", "coordinates": [73.708149, 18.5934439]}}, {"type": "Feature", "properties": {"bus": "yes", "highway": "bus_stop", "name": "Power House Hinjawadi", "name:en": "Power House Hinjawadi", "name:mr": "पॉवर हाऊस हिंजवडी", "public_transport": "platform", "osm_id": "node/13607210228"}, "geometry": {"type": "Point", "coordinates": [73.7058288, 18.5895899]}}, {"type": "Feature", "properties": {"bus": "yes", "highway": "bus_stop", "name": "Power House Hinjawadi", "name:en": "Power House Hinjawadi", "name:mr": "पॉवर हाऊस हिंजवडी", "public_transport": "platform", "osm_id": "node/13607210229"}, "geometry": {"type": "Point", "coordinates": [73.7052654, 18.5892976]}}, {"type": "Feature", "properties": {"bus": "yes", "highway": "bus_stop", "name": "Sadanand Hotel", "name:en": "Sadanand Hotel", "name:mr": "सदानंद हॉटेल", "public_transport": "platform", "osm_id": "node/13608215939"}, "geometry": {"type": "Point", "coordinates": [73.7670821, 18.5685713]}}, {"type": "Feature", "properties": {"bench": "yes", "bus": "yes", "highway": "bus_stop", "name": "Tata Motors", "name:en": "Tata Motors", "name:hi": "टाटा मोटर्स", "name:mr": "टाटा मोटर्स", "public_transport": "platform", "shelter": "yes", "osm_id": "node/13612126996"}, "geometry": {"type": "Point", "coordinates": [73.7000292, 18.5868924]}}, {"type": "Feature", "properties": {"bench": "yes", "bin": "yes", "bus": "yes", "highway": "bus_stop", "name": "Bus Stop", "public_transport": "platform", "wheelchair": "no", "osm_id": "node/13620640258"}, "geometry": {"type": "Point", "coordinates": [73.8760592, 18.4615753]}}, {"type": "Feature", "properties": {"bus": "yes", "highway": "bus_stop", "name": "Karve Putala", "network": "PMPML", "operator": "PMPML", "public_transport": "platform", "shelter": "yes", "osm_id": "node/13620973259"}, "geometry": {"type": "Point", "coordinates": [73.8169464, 18.5022662]}}, {"type": "Feature", "properties": {"bus": "yes", "highway": "bus_stop", "public_transport": "platform", "osm_id": "node/13624387976"}, "geometry": {"type": "Point", "coordinates": [73.844358, 18.5134865]}}, {"type": "Feature", "properties": {"bench": "yes", "bus": "yes", "highway": "bus_stop", "name": "Wakad Bus Stop", "public_transport": "platform", "shelter": "yes", "osm_id": "node/13631327581"}, "geometry": {"type": "Point", "coordinates": [73.7616092, 18.5924269]}}, {"type": "Feature", "properties": {"bus": "yes", "highway": "bus_stop", "name": "Mankar Chowk", "name:en": "Mankar Chowk", "name:hi": "मानकर चौक", "name:mr": "मानकर चौक", "public_transport": "platform", "osm_id": "node/13631453231"}, "geometry": {"type": "Point", "coordinates": [73.7744765, 18.5896661]}}, {"type": "Feature", "properties": {"bus": "yes", "highway": "bus_stop", "name": "Vishal Nagar", "public_transport": "platform", "osm_id": "node/13631453232"}, "geometry": {"type": "Point", "coordinates": [73.7841907, 18.5882004]}}, {"type": "Feature", "properties": {"bench": "yes", "bus": "yes", "highway": "bus_stop", "name": "Mount Vert Society Wakad", "name:en": "Mount Vert Society Wakad", "name:mr": "मॉन्ट व्हर्ट सोसायटी वाकड", "public_transport": "platform", "shelter": "yes", "osm_id": "node/13632425434"}, "geometry": {"type": "Point", "coordinates": [73.7697489, 18.5900879]}}, {"type": "Feature", "properties": {"bus": "yes", "highway": "bus_stop", "name": "Apple Hospital", "public_transport": "platform", "osm_id": "node/13632649973"}, "geometry": {"type": "Point", "coordinates": [73.7805234, 18.588597]}}, {"type": "Feature", "properties": {"bus": "yes", "highway": "bus_stop", "name": "Lohegaon Bus Stop", "public_transport": "platform", "osm_id": "node/13648773326"}, "geometry": {"type": "Point", "coordinates": [73.9212508, 18.5929563]}}, {"type": "Feature", "properties": {"bus": "yes", "highway": "bus_stop", "name": "Mental Corner", "public_transport": "platform", "osm_id": "node/13650180484"}, "geometry": {"type": "Point", "coordinates": [73.8786711, 18.5663635]}}, {"type": "Feature", "properties": {"bus": "yes", "highway": "bus_stop", "name": "Mental Corner", "public_transport": "platform", "osm_id": "node/13650200836"}, "geometry": {"type": "Point", "coordinates": [73.878702, 18.5664118]}}, {"type": "Feature", "properties": {"bus": "yes", "highway": "bus_stop", "name": "Sathe Biscuit Bus Stop", "public_transport": "platform", "osm_id": "node/13650205401"}, "geometry": {"type": "Point", "coordinates": [73.8789287, 18.5702746]}}, {"type": "Feature", "properties": {"bus": "yes", "highway": "bus_stop", "name": "Emcure Hinjawadi Road", "name:en": "Emcure Hinjawadi Road", "name:hi": "एमक्युअर हिंजवडी रोड", "name:mr": "एमक्युअर हिंजवडी रोड", "network": "Pune Mahanagar Parivahan Mahamandal Limited", "network:wikidata": "Q7260109", "operator": "Pune Mahanagar Parivahan Mahamandal Ltd", "public_transport": "platform", "website": "https://www.pmpml.org", "osm_id": "node/13665653277"}, "geometry": {"type": "Point", "coordinates": [73.7125612, 18.5956806]}}, {"type": "Feature", "properties": {"bench": "no", "bus": "yes", "highway": "bus_stop", "name": "Tata Johnson", "name:en": "Tata Johnson", "network": "Pune Mahanagar Parivahan Mahamandal Limited", "network:wikidata": "Q7260109", "operator": "Pune Mahanagar Parivahan Mahamandal Ltd", "public_transport": "platform", "shelter": "no", "website": "https://www.pmpml.org", "osm_id": "node/13665666009"}, "geometry": {"type": "Point", "coordinates": [73.7285245, 18.5942442]}}, {"type": "Feature", "properties": {"bench": "no", "bus": "yes", "highway": "bus_stop", "name": "Bank of Maharashtra Hinjawadi", "name:en": "Bank of Maharashtra Hinjawadi", "name:mr": "बँक ऑफ महाराष्ट्र हिंजवडी", "public_transport": "platform", "shelter": "no", "osm_id": "node/13665666010"}, "geometry": {"type": "Point", "coordinates": [73.732845, 18.5940868]}}, {"type": "Feature", "properties": {"bench": "no", "bin": "no", "bus": "yes", "highway": "bus_stop", "name": "Hinjawadi Jakat Naka", "name:en": "Hinjawadi Jakat Naka", "public_transport": "platform", "shelter": "no", "osm_id": "node/13665666018"}, "geometry": {"type": "Point", "coordinates": [73.7499093, 18.590699]}}, {"type": "Feature", "properties": {"bench": "yes", "bin": "no", "bus": "yes", "highway": "bus_stop", "name": "Savtamali Mandir", "name:en": "Savtamali Mandir", "name:mr": "सावतामाळी देऊळ", "network": "Pune Mahanagar Parivahan Mahamandal Limited", "network:wikidata": "Q7260109", "operator": "Pune Mahanagar Parivahan Mahamandal Ltd", "public_transport": "platform", "shelter": "yes", "website": "https://www.pmpml.org", "osm_id": "node/13665666020"}, "geometry": {"type": "Point", "coordinates": [73.7530685, 18.5911811]}}, {"type": "Feature", "properties": {"bench": "yes", "bus": "yes", "highway": "bus_stop", "name": "Tata Motors", "name:en": "Tata Motors", "name:hi": "टाटा मोटर्स", "name:mr": "टाटा मोटर्स", "public_transport": "platform", "shelter": "yes", "osm_id": "node/13691738273"}, "geometry": {"type": "Point", "coordinates": [73.7001823, 18.5867006]}}, {"type": "Feature", "properties": {"bench": "yes", "bin": "yes", "bus": "yes", "highway": "bus_stop", "lit": "yes", "name": "IT Park Road", "name:en": "IT Park Road", "public_transport": "platform", "shelter": "yes", "osm_id": "node/13691738274"}, "geometry": {"type": "Point", "coordinates": [73.7375575, 18.5882209]}}, {"type": "Feature", "properties": {"alt_name": "Radha Hotel", "alt_name:en": "Radha Hotel", "alt_name:mr": "राधा हॉटेल", "bench": "yes", "bin": "no", "bus": "yes", "highway": "bus_stop", "name": "Radha Chowk", "name:en": "Radha Chowk", "name:mr": "राधा चौक", "public_transport": "platform", "shelter": "yes", "osm_id": "node/13695507493"}, "geometry": {"type": "Point", "coordinates": [73.7665147, 18.56817]}}, {"type": "Feature", "properties": {"bench": "yes", "bus": "yes", "highway": "bus_stop", "name": "Ramwadi Jakat Naka", "name:en": "Ramwadi Jakat Naka", "name:mr": "रामवाडी जकात नाका", "public_transport": "platform", "shelter": "yes", "osm_id": "node/13755228771"}, "geometry": {"type": "Point", "coordinates": [73.9053075, 18.5546924]}}, {"type": "Feature", "properties": {"alt_name": "Bata Showroom", "alt_name:en": "Bata Showroom", "alt_name:mr": "बाटा शोरूम", "bench": "no", "bus": "yes", "highway": "bus_stop", "name": "Kundan Garden", "name:en": "Kundan Garden", "name:mr": "कुंदन गार्डन", "public_transport": "platform", "shelter": "no", "osm_id": "node/13762832074"}, "geometry": {"type": "Point", "coordinates": [73.7941342, 18.5566925]}}, {"type": "Feature", "properties": {"bench": "no", "bin": "no", "bus": "yes", "highway": "bus_stop", "name": "Ambedkar Nagar Baner", "name:en": "Ambedkar Nagar Baner", "name:mr": "अंबेडकर नगर बाणेर", "public_transport": "platform", "shelter": "no", "osm_id": "node/13762832075"}, "geometry": {"type": "Point", "coordinates": [73.7959363, 18.5552544]}}, {"type": "Feature", "properties": {"bus": "yes", "highway": "bus_stop", "name": "Prabhavee Tech Park", "name:en": "Prabhavee Tech Park", "name:mr": "प्रभावी टेक पार्क", "public_transport": "platform", "osm_id": "node/13767096879"}, "geometry": {"type": "Point", "coordinates": [73.7793195, 18.564032]}}, {"type": "Feature", "properties": {"alt_name": "Radha Hotel", "alt_name:en": "Radha Hotel", "alt_name:hi": "राधा हॉटेल", "alt_name:mr": "राधा हॉटेल", "bench": "yes", "bin": "no", "bus": "yes", "highway": "bus_stop", "name": "Radha Chowk", "name:en": "Radha Chowk", "name:hi": "राधा चौक", "name:mr": "राधा चौक", "public_transport": "platform", "shelter": "yes", "osm_id": "node/13767535926"}, "geometry": {"type": "Point", "coordinates": [73.7651939, 18.5715819]}}, {"type": "Feature", "properties": {"bench": "no", "bin": "no", "bus": "yes", "highway": "bus_stop", "name": "Sutar Vasti", "name:en": "Sutar Vasti", "name:mr": "सुतार वस्ती", "public_transport": "platform", "shelter": "no", "osm_id": "node/13770332863"}, "geometry": {"type": "Point", "coordinates": [73.7509791, 18.5685253]}}, {"type": "Feature", "properties": {"bench": "no", "bin": "no", "bus": "yes", "highway": "bus_stop", "name": "Green Hills Colony", "name:en": "Green Hills Colony", "public_transport": "platform", "shelter": "no", "osm_id": "node/13770332864"}, "geometry": {"type": "Point", "coordinates": [73.7448313, 18.5679733]}}, {"type": "Feature", "properties": {"bench": "no", "bin": "no", "bus": "yes", "highway": "bus_stop", "public_transport": "platform", "shelter": "no", "osm_id": "node/13770332865"}, "geometry": {"type": "Point", "coordinates": [73.742162, 18.5668421]}}, {"type": "Feature", "properties": {"bench": "no", "bin": "no", "bus": "yes", "highway": "bus_stop", "name": "Waghjai Nagar Mhalunge", "name:en": "Waghjai Nagar Mhalunge", "name:mr": "वाघजाई नगर म्हाळुंगे", "public_transport": "platform", "shelter": "no", "osm_id": "node/13770332866"}, "geometry": {"type": "Point", "coordinates": [73.7393677, 18.566015]}}, {"type": "Feature", "properties": {"bench": "yes", "bus": "yes", "highway": "bus_stop", "name": "Blue Ridge", "name:en": "Blue Ridge", "public_transport": "platform", "shelter": "yes", "osm_id": "node/13770362251"}, "geometry": {"type": "Point", "coordinates": [73.7373205, 18.5782614]}}, {"type": "Feature", "properties": {"bus": "yes", "highway": "bus_stop", "name": "Dhankawadi", "name:mr": "धनकवडी", "network": "Pune Mahanagar Parivahan Mahamandal Limited", "network:wikidata": "Q7260109", "operator": "Pune Mahanagar Parivahan Mahamandal Limited", "public_transport": "platform", "osm_id": "node/13781681733"}, "geometry": {"type": "Point", "coordinates": [73.850152, 18.4654198]}}, {"type": "Feature", "properties": {"bus": "yes", "highway": "bus_stop", "name": "Dhankawadi", "name:mr": "धनकवडी", "network": "Pune Mahanagar Parivahan Mahamandal Limited", "network:wikidata": "Q7260109", "operator": "Pune Mahanagar Parivahan Mahamandal Limited", "public_transport": "platform", "osm_id": "node/13781681734"}, "geometry": {"type": "Point", "coordinates": [73.8500047, 18.4654467]}}, {"type": "Feature", "properties": {"bus": "yes", "highway": "bus_stop", "name": "Gulab Nagar", "name:mr": "गुलाब नगर", "network": "Pune Mahanagar Parivahan Mahamandal Limited", "network:wikidata": "Q7260109", "operator": "Pune Mahanagar Parivahan Mahamandal Limited", "public_transport": "platform", "osm_id": "node/13781681735"}, "geometry": {"type": "Point", "coordinates": [73.8537407, 18.465961]}}, {"type": "Feature", "properties": {"bus": "yes", "highway": "bus_stop", "name": "Gulab Nagar", "name:mr": "गुलाब नगर", "network": "Pune Mahanagar Parivahan Mahamandal Limited", "network:wikidata": "Q7260109", "operator": "Pune Mahanagar Parivahan Mahamandal Limited", "public_transport": "platform", "osm_id": "node/13781681736"}, "geometry": {"type": "Point", "coordinates": [73.8538299, 18.465875]}}, {"type": "Feature", "properties": {"bus": "yes", "highway": "bus_stop", "name": "Daulatnagar Dhankawadi Road", "name:mr": "दौलतनगर धनकवडी रोड", "network": "Pune Mahanagar Parivahan Mahamandal Limited", "network:wikidata": "Q7260109", "operator": "Pune Mahanagar Parivahan Mahamandal Limited", "public_transport": "platform", "osm_id": "node/13781681737"}, "geometry": {"type": "Point", "coordinates": [73.8563526, 18.4640797]}}, {"type": "Feature", "properties": {"bus": "yes", "highway": "bus_stop", "name": "E-Square", "public_transport": "platform", "osm_id": "node/13787881122"}, "geometry": {"type": "Point", "coordinates": [73.8361388, 18.5369886]}}, {"type": "Feature", "properties": {"bus": "yes", "highway": "bus_stop", "name": "E-Square", "public_transport": "platform", "osm_id": "node/13787881123"}, "geometry": {"type": "Point", "coordinates": [73.8348818, 18.5376169]}}, {"type": "Feature", "properties": {"bus": "yes", "highway": "bus_stop", "name": "Chandramani Nagar Sangvi", "network": "Pune Mahanagar Parivahan Mahamandal Limited", "network:wikidata": "Q7260109", "operator": "Pune Mahanagar Parivahan Mahamandal Limited", "public_transport": "platform", "osm_id": "node/13791004871"}, "geometry": {"type": "Point", "coordinates": [73.8235866, 18.574869]}}, {"type": "Feature", "properties": {"bus": "yes", "highway": "bus_stop", "name": "Chandramani Nagar Sangvi", "network": "Pune Mahanagar Parivahan Mahamandal Limited", "network:wikidata": "Q7260109", "operator": "Pune Mahanagar Parivahan Mahamandal Limited", "public_transport": "platform", "osm_id": "node/13791004877"}, "geometry": {"type": "Point", "coordinates": [73.8235827, 18.5749489]}}, {"type": "Feature", "properties": {"bus": "yes", "highway": "bus_stop", "name": "Makan Hospital", "network": "Pune Mahanagar Parivahan Mahamandal Limited", "network:wikidata": "Q7260109", "operator": "Pune Mahanagar Parivahan Mahamandal Limited", "public_transport": "platform", "osm_id": "node/13791004878"}, "geometry": {"type": "Point", "coordinates": [73.8191655, 18.5759887]}}, {"type": "Feature", "properties": {"bus": "yes", "highway": "bus_stop", "name": "Makan Hospital", "network": "Pune Mahanagar Parivahan Mahamandal Limited", "network:wikidata": "Q7260109", "operator": "Pune Mahanagar Parivahan Mahamandal Limited", "public_transport": "platform", "osm_id": "node/13791004879"}, "geometry": {"type": "Point", "coordinates": [73.8195727, 18.5761095]}}, {"type": "Feature", "properties": {"bus": "yes", "highway": "bus_stop", "name": "PWD Colony Navi Sangvi", "network": "Pune Mahanagar Parivahan Mahamandal Limited", "network:wikidata": "Q7260109", "operator": "Pune Mahanagar Parivahan Mahamandal Limited", "public_transport": "platform", "osm_id": "node/13791004881"}, "geometry": {"type": "Point", "coordinates": [73.8168302, 18.5754738]}}, {"type": "Feature", "properties": {"bus": "yes", "highway": "bus_stop", "name": "PWD Colony Navi Sangvi", "network": "Pune Mahanagar Parivahan Mahamandal Limited", "network:wikidata": "Q7260109", "operator": "Pune Mahanagar Parivahan Mahamandal Limited", "public_transport": "platform", "osm_id": "node/13791004882"}, "geometry": {"type": "Point", "coordinates": [73.8170419, 18.5755309]}}, {"type": "Feature", "properties": {"bus": "yes", "highway": "bus_stop", "name": "PWD Panyachi Taki", "network": "Pune Mahanagar Parivahan Mahamandal Limited", "network:wikidata": "Q7260109", "operator": "Pune Mahanagar Parivahan Mahamandal Limited", "public_transport": "platform", "osm_id": "node/13791004883"}, "geometry": {"type": "Point", "coordinates": [73.8151136, 18.5752905]}}, {"type": "Feature", "properties": {"bus": "yes", "highway": "bus_stop", "name": "PWD Panyachi Taki", "network": "Pune Mahanagar Parivahan Mahamandal Limited", "network:wikidata": "Q7260109", "operator": "Pune Mahanagar Parivahan Mahamandal Limited", "public_transport": "platform", "osm_id": "node/13791004884"}, "geometry": {"type": "Point", "coordinates": [73.8150779, 18.5753529]}}, {"type": "Feature", "properties": {"bus": "yes", "highway": "bus_stop", "name": "PWD Panyachi Taki Navi Sangvi", "network": "Pune Mahanagar Parivahan Mahamandal Limited", "network:wikidata": "Q7260109", "operator": "Pune Mahanagar Parivahan Mahamandal Limited", "public_transport": "platform", "osm_id": "node/13791004885"}, "geometry": {"type": "Point", "coordinates": [73.8153389, 18.5756135]}}, {"type": "Feature", "properties": {"bus": "yes", "highway": "bus_stop", "name": "Navi Sangvi", "network": "Pune Mahanagar Parivahan Mahamandal Limited", "network:wikidata": "Q7260109", "operator": "Pune Mahanagar Parivahan Mahamandal Limited", "public_transport": "platform", "osm_id": "node/13791004886"}, "geometry": {"type": "Point", "coordinates": [73.8120576, 18.5762158]}}, {"type": "Feature", "properties": {"bus": "yes", "highway": "bus_stop", "name": "Navi Sangvi", "network": "Pune Mahanagar Parivahan Mahamandal Limited", "network:wikidata": "Q7260109", "operator": "Pune Mahanagar Parivahan Mahamandal Limited", "public_transport": "platform", "osm_id": "node/13791004887"}, "geometry": {"type": "Point", "coordinates": [73.8119877, 18.5762713]}}, {"type": "Feature", "properties": {"bus": "yes", "highway": "bus_stop", "name": "B.R.Gholap Vidyalaya", "network": "Pune Mahanagar Parivahan Mahamandal Limited", "network:wikidata": "Q7260109", "operator": "Pune Mahanagar Parivahan Mahamandal Limited", "public_transport": "platform", "osm_id": "node/13791004888"}, "geometry": {"type": "Point", "coordinates": [73.8085304, 18.5752695]}}, {"type": "Feature", "properties": {"bus": "yes", "highway": "bus_stop", "name": "B.R.Gholap Vidyalaya", "network": "Pune Mahanagar Parivahan Mahamandal Limited", "network:wikidata": "Q7260109", "operator": "Pune Mahanagar Parivahan Mahamandal Limited", "public_transport": "platform", "osm_id": "node/13791004889"}, "geometry": {"type": "Point", "coordinates": [73.8083455, 18.5750109]}}, {"type": "Feature", "properties": {"bus": "yes", "highway": "bus_stop", "name": "Sangvi Phata (Non BRT Stop)", "network": "Pune Mahanagar Parivahan Mahamandal Limited", "network:wikidata": "Q7260109", "operator": "Pune Mahanagar Parivahan Mahamandal Limited", "public_transport": "platform", "osm_id": "node/13791004890"}, "geometry": {"type": "Point", "coordinates": [73.8071423, 18.572935]}}, {"type": "Feature", "properties": {"bus": "yes", "highway": "bus_stop", "name": "Chaturshrungi Mandir Paytha", "network": "Pune Mahanagar Parivahan Mahamandal Limited", "network:wikidata": "Q7260109", "operator": "Pune Mahanagar Parivahan Mahamandal Limited", "public_transport": "platform", "shelter": "yes", "osm_id": "node/13838663904"}, "geometry": {"type": "Point", "coordinates": [73.8297859, 18.539825]}}, {"type": "Feature", "properties": {"bus": "yes", "highway": "bus_stop", "name": "Chaturshrungi Mandir", "network": "Pune Mahanagar Parivahan Mahamandal Limited", "network:wikidata": "Q7260109", "operator": "Pune Mahanagar Parivahan Mahamandal Limited", "public_transport": "platform", "osm_id": "node/13838663905"}, "geometry": {"type": "Point", "coordinates": [73.8296571, 18.5394914]}}, {"type": "Feature", "properties": {"bench": "no", "bin": "no", "bus": "yes", "highway": "bus_stop", "lit": "no", "name": "अलंकार टॉकीज", "name:en": "Alankar Talkies", "name:mr": "अलंकार टॉकीज", "public_transport": "platform", "shelter": "no", "osm_id": "node/13844495369"}, "geometry": {"type": "Point", "coordinates": [73.8762508, 18.528834]}}, {"type": "Feature", "properties": {"bus": "yes", "highway": "bus_stop", "name": "Hinjawadi Gavthan", "name:en": "Hinjawadi Gavthan", "name:mr": "हिंजवडी गावठाण", "network": "PMPML", "operator": "PMPML", "public_transport": "platform", "osm_id": "node/13852176936"}, "geometry": {"type": "Point", "coordinates": [73.7395583, 18.594558]}}, {"type": "Feature", "properties": {"bench": "yes", "bus": "yes", "highway": "bus_stop", "name": "Sant Tukaram Mangal Karyalay", "name:en": "Sant Tukaram Mangal Karyalay", "name:mr": "संत तुकाराम मंगल कार्यालय", "public_transport": "platform", "shelter": "yes", "osm_id": "node/13852176942"}, "geometry": {"type": "Point", "coordinates": [73.7437694, 18.5988939]}}, {"type": "Feature", "properties": {"highway": "bus_stop", "name": "Swargare", "osm_id": "node/13857149701"}, "geometry": {"type": "Point", "coordinates": [73.8495471, 18.507812]}}, {"type": "Feature", "properties": {"bench": "yes", "bin": "no", "highway": "bus_stop", "lit": "yes", "name": "Dutt Mandir Bus Stop", "shelter": "yes", "osm_id": "node/13878523101"}, "geometry": {"type": "Point", "coordinates": [73.9213289, 18.5467491]}}, {"type": "Feature", "properties": {"bench": "yes", "highway": "bus_stop", "name": "Matchwell Company Bus Stop", "shelter": "yes", "osm_id": "node/13878531103"}, "geometry": {"type": "Point", "coordinates": [73.9185536, 18.5495366]}}, {"type": "Feature", "properties": {"bus": "yes", "highway": "bus_stop", "public_transport": "platform", "osm_id": "node/13880502526"}, "geometry": {"type": "Point", "coordinates": [73.8387038, 18.5711183]}}, {"type": "Feature", "properties": {"bus": "yes", "highway": "bus_stop", "name": "Sainakwadi Bus Stop", "public_transport": "platform", "osm_id": "node/13880509101"}, "geometry": {"type": "Point", "coordinates": [73.9162903, 18.5536867]}}, {"type": "Feature", "properties": {"bus": "yes", "highway": "bus_stop", "name": "Vrundavan Bus Stop", "public_transport": "platform", "osm_id": "node/13880509102"}, "geometry": {"type": "Point", "coordinates": [73.915167, 18.55458]}}, {"type": "Feature", "properties": {"bench": "no", "bin": "no", "bus": "yes", "highway": "bus_stop", "name": "Wadgaon Sheri Phata Bus Stop", "public_transport": "platform", "shelter": "no", "osm_id": "node/13880509201"}, "geometry": {"type": "Point", "coordinates": [73.9115193, 18.5583818]}}, {"type": "Feature", "properties": {"bench": "yes", "bin": "no", "highway": "bus_stop", "name": "Gunjan Corner Bus Stop", "shelter": "yes", "osm_id": "node/13880514802"}, "geometry": {"type": "Point", "coordinates": [73.889263, 18.5458133]}}, {"type": "Feature", "properties": {"bus": "yes", "highway": "bus_stop", "name": "Wadia Bungla", "public_transport": "platform", "shelter": "yes", "osm_id": "node/13880516801"}, "geometry": {"type": "Point", "coordinates": [73.8921166, 18.5480153]}}, {"type": "Feature", "properties": {"highway": "bus_stop", "name": "Wadgaon Sheri Last Stop", "shelter": "yes", "osm_id": "node/13884413402"}, "geometry": {"type": "Point", "coordinates": [73.9230756, 18.5435268]}}, {"type": "Feature", "properties": {"bench": "yes", "bin": "no", "bus": "yes", "highway": "bus_stop", "name": "Ramwadi Gaon", "public_transport": "platform", "shelter": "yes", "osm_id": "node/13884425001"}, "geometry": {"type": "Point", "coordinates": [73.909712, 18.557629]}}, {"type": "Feature", "properties": {"bus": "yes", "highway": "bus_stop", "name": "Shastri Nagar Nagar Road", "public_transport": "platform", "osm_id": "node/13887242001"}, "geometry": {"type": "Point", "coordinates": [73.8958911, 18.5517194]}}, {"type": "Feature", "properties": {"bench": "no", "bin": "no", "bus": "yes", "highway": "bus_stop", "name": "Green Hills Colony", "name:en": "Green Hills Colony", "public_transport": "platform", "shelter": "no", "osm_id": "node/13901740098"}, "geometry": {"type": "Point", "coordinates": [73.7448186, 18.5680865]}}, {"type": "Feature", "properties": {"bench": "yes", "bus": "yes", "highway": "bus_stop", "name": "Mount Vert Society Wakad", "name:en": "Mount Vert Society Wakad", "name:mr": "मॉन्ट व्हर्ट सोसायटी वाकड", "public_transport": "platform", "shelter": "yes", "osm_id": "node/13906955664"}, "geometry": {"type": "Point", "coordinates": [73.7695401, 18.5900447]}}, {"type": "Feature", "properties": {"bench": "no", "bus": "yes", "highway": "bus_stop", "name": "Laxmi Mata Mandir Balewadi", "name:en": "Laxmi Mata Mandir Balewadi", "name:mr": "लक्ष्मी माता मंदिर बालेवाडी", "public_transport": "platform", "shelter": "no", "osm_id": "node/13920500443"}, "geometry": {"type": "Point", "coordinates": [73.7808993, 18.5730626]}}, {"type": "Feature", "properties": {"bus": "yes", "highway": "bus_stop", "name": "Ingawale Chowk", "name:en": "Ingawale Chowk", "public_transport": "platform", "osm_id": "node/13920500485"}, "geometry": {"type": "Point", "coordinates": [73.7906687, 18.5717832]}}, {"type": "Feature", "properties": {"bench": "no", "bin": "no", "bus": "yes", "highway": "bus_stop", "name": "Petrol Pump Pimple Nilakh", "name:en": "Petrol Pump Pimple Nilakh", "name:mr": "पेट्रोल पंप पिंपळे निलख", "public_transport": "platform", "shelter": "no", "osm_id": "node/13920500486"}, "geometry": {"type": "Point", "coordinates": [73.7872444, 18.5777164]}}, {"type": "Feature", "properties": {"bench": "yes", "bin": "no", "bus": "yes", "highway": "bus_stop", "name": "Trimurti Bungalow", "name:en": "Trimurti Bungalow", "name:hi": "त्रिमूर्ती बंगलो", "name:mr": "त्रिमूर्ती बंगलो", "public_transport": "platform", "shelter": "yes", "osm_id": "node/13920500487"}, "geometry": {"type": "Point", "coordinates": [73.8015433, 18.5544924]}}, {"type": "Feature", "properties": {"alt_name": "Someshwarwadi Phata", "alt_name:en": "Someshwarwadi Phata", "alt_name:mr": "सोमेश्वरवाडी फाटा", "bench": "yes", "bus": "yes", "highway": "bus_stop", "name": "Green Park", "name:en": "Green Park", "name:hi": "ग्रीन पार्क", "name:mr": "ग्रीन पार्क", "public_transport": "platform", "shelter": "yes", "osm_id": "node/13920500493"}, "geometry": {"type": "Point", "coordinates": [73.8039485, 18.552105]}}, {"type": "Feature", "properties": {"bench": "yes", "bin": "no", "bus": "yes", "highway": "bus_stop", "lit": "yes", "name": "Baner Phata", "name:en": "Baner Phata", "name:mr": "बाणेर फाटा", "operator": "PMPML", "public_transport": "platform", "shelter": "yes", "osm_id": "node/13920500494"}, "geometry": {"type": "Point", "coordinates": [73.8094599, 18.5511325]}}, {"type": "Feature", "properties": {"bus": "yes", "highway": "bus_stop", "name": "Sanewadi", "name:en": "Sanewadi", "name:hi": "सानेवाडी", "name:mr": "सानेवाडी", "public_transport": "platform", "osm_id": "node/13920500495"}, "geometry": {"type": "Point", "coordinates": [73.809432, 18.5534947]}}, {"type": "Feature", "properties": {"bench": "no", "bus": "yes", "highway": "bus_stop", "name": "Sanewadi", "name:en": "Sanewadi", "name:hi": "सानेवाडी", "name:mr": "सानेवाडी", "public_transport": "platform", "shelter": "no", "osm_id": "node/13920500496"}, "geometry": {"type": "Point", "coordinates": [73.809591, 18.5534136]}}, {"type": "Feature", "properties": {"bus": "yes", "highway": "bus_stop", "name": "Anand Park ITI Road", "name:en": "Anand Park ITI Road", "name:mr": "आनंद पार्क आय टी आय रोड", "public_transport": "platform", "osm_id": "node/13920500497"}, "geometry": {"type": "Point", "coordinates": [73.8091253, 18.5564648]}}, {"type": "Feature", "properties": {"bench": "yes", "bus": "yes", "highway": "bus_stop", "name": "ITI Aundh", "name:en": "ITI Aundh", "name:mr": "आय टी आय औंध", "public_transport": "platform", "shelter": "yes", "osm_id": "node/13920500498"}, "geometry": {"type": "Point", "coordinates": [73.8089571, 18.5593133]}}, {"type": "Feature", "properties": {"bench": "yes", "bus": "yes", "highway": "bus_stop", "name": "ITI Aundh", "name:en": "ITI Aundh", "name:mr": "आय टी आय औंध", "public_transport": "platform", "shelter": "yes", "osm_id": "node/13920500499"}, "geometry": {"type": "Point", "coordinates": [73.8091519, 18.5593308]}}]}