register_year,serial,zone,ward_token,ward,length_m,width_m,dlp_or_completion_date,contractor,consultant,road_desc_raw
2017-18,1,North,lhtuzt,12 NARODA,109.0,121.0,24-02-22,N.C.C. Infra Pvt Ltd,,"lhtuzt lhtuzt Jtuzobtk xe.ve.121,109 <ubs ltul xe.ve. rJM<th <ubs Jtuzobtk swœe swœe søgtyu htuz hemhVum fhJtlt ftb (xe.ve121 btk Vt.Ãjtux lk-33 &e 90/2 mw^e he d{z fhe hemhVum fhJtlt ftb 433.20 4.50 yul.me.me RL£t.«t.je 24-02-22 yÕfuNCtR m"
2017-18,2,North,lhtuzt,12 NARODA,512.0,13.0,09-05-21,N.C.C. Infra Pvt Ltd,,"lhtuzt lhtuzt Jtuzobtk xe.ve.1,2 <ubs dtgºte vkvekd &e rNJ œNol &R yuBvj vtfo mtumtgxe mw^eltu htuz <ubs Jtuzobtk swœe swœe søgtyu htuz hemhVum fhJtlt ftb 512.00 13.00 yul.me.me RL£t.«t.je 09-05-21 yÕfuNCtR mtujkfe rJsgCtR «egœNeo lgltcul m"
2017-18,3,North,lhtuzt,12 NARODA,351.7,10.0,25-02-22,K.E.C.L.,,lhtuzt W•thÍtul lhtuzt Jtuzo btk nheîth &e btunlldh ath hM<t <&t mðglthtgK lu¤egt Jt¤tu htuz nuJe vuJh vuaJfo fhJtlwk fhJtlwk ftb 351.70 10.00 fu.R.me.yuj 25-02-22 yÕfuNCtR mtujkfe rJsgCtR «egœNeo lgltcul me. Fhtze.
2017-18,4,North,lhtuzt,12 NARODA,777.0,10.0,10-05-21,N.C.C. Infra Pvt Ltd,,lhtuzt W•th Ítul lhtuzt Jtuzobtk dujuûte rmlubtk&e rœveft xtJh <ubs lhtuzt vtKele xtkfe&e lhtuzt vkatg< yturVm mw^elt htuz Wvh <&t Jtuzobtk yLg sdgtytuyu vuJh bNel îtht nuJevuaJfo fhJtle (lhtuzt Jtuzo btk œnudtb htuz &e nkmvwht dtb mw^e ltu
2017-18,5,North,lhtuzt,12 NARODA,341.82,7.0,07-04-21,N.C.C. Infra Pvt Ltd,,lhtuzt W•th Ítul lhtuzt Jtuzolt Jtuzobtk xe.ve hM<tytu (1)nhe Mxuxm&e gwd humezuLme ath hM<t mw^e 341.82 7.60 yul.me.me RL£t.«t.je 07-04-21 yÕfuNCtR mtujkfe rJsgCtR «egœNeo lgltcul me. Fhtze.
2017-18,6,North,lhtuzt,12 NARODA,529.0,10.0,10-04-21,N.C.C. Infra Pvt Ltd,,lhtuzt (2)xe.ve.2 btk JuKwltœ mtumtgxe &e bwljtRx &e R.zçÕgw.yum.fJtxom mw^e 529.00 7.80 yul.me.me RL£t.«t.je 10-04-21 yÕfuNCtR mtujkfe rJsgCtR «egœNeo lgltcul me. Fhtze.
2017-18,7,North,lhtuzt,12 NARODA,279.0,11.0,11-05-21,N.C.C. Infra Pvt Ltd,,lhtuzt (3)gwlegl cukkf &e dkkdtCwJl &e rnjtule ftuBvjuût mw^e 279.00 8.37 yul.me.me RL£t.«t.je 11-05-21 yÕfuNCtR mtujkfe rJsgCtR «egœNeo lgltcul me. Fhtze.
2017-18,8,North,lhtuzt,12 NARODA,24.0,674.0,15-05-21,K.E.C.L.,,lhtuzt W.Ítul lhtuzt Jtuzobtk nheœNol ath hM<t &e Ne<jlt&«Cw mtumtgxe mw^elt 24 bexh vntu¤tRlt htuz vh lJe ltkFJtbtk ytJuj Mx[tub Jtuxh jtRl Jt¤t Ctd Wvh 6 bexh vntu¤tRbtk yuf mtRz d{tWxekd fhe hemhVuN fhJtlt ftb 674.00 4.50 fu.R.me.yuj 15-
2017-18,9,North,lhtuzt,12 NARODA,121.0,121.0,25-02-19,K.E.C.L.,,lhtuzt W•th Ítul lhtuzt Jtuzobtk z[tVx xe.ve. 121btk ytJuj swœt swœt hM<tytu ctc<u yuMxux Ft<t îtht b¤uj yrC«tglu ægtlu jR (1) xe.ve-121btk yuV.ve 55/1 &e yuV.ve 162 mw^eltu htuz <&t (mtkœevle Mfwj &e vtkshtvtu¤) 157.50 4.50 fu.R.me.yuj 25-
2017-18,10,North,lhtuzt,12 NARODA,121.0,160.0,07-01-22,K.E.C.L.,,lhtuzt (2) xe.ve Mfeb lk:-121btk yuV.ve 160 &e yuV.ve lk:-76 mw^eltu htuz (<wjme Vjux htuz) 480.00 4.50 fu.R.me.yuj 07-01-22 yÕfuNCtR mtujkfe rJsgCtR «egœNeo lgltcul me. Fhtze.
2017-18,11,North,lhtuzt,12 NARODA,121.0,153.0,07-01-22,K.E.C.L.,,lhtuzt (3) xe.ve-121btk yuV.ve 153 &e yuV.ve 58 mw^eltk htuz (fumh ntRxm &e37.50 bexh htuz) 206.00 4.50 fu.R.me.yuj 07-01-22 yÕfuNCtR mtujkfe rJsgCtR «egœNeo lgltcul me. Fhtze.
2017-18,12,North,lhtuzt,12 NARODA,121.0,850.0,09-01-22,K.E.C.L.,,lhtuzt (4) lhtuzt-2 ltul xe.ve. xe.ve. 121btk ytJuj lhtuzt MbNtl &e bejl vtfo &R m^ebt<tltk bkrœh mw^eltk htuzlu he-d{uz fhe hemhVuRm fhJtlt ftb 850.00 10.00 fu.R.me.yuj 09-01-22 yÕfuNCtR mtujkfe rJsgCtR «egœNeo lgltcul me. Fhtze.
2017-18,13,North,lhtuzt,12 NARODA,121.0,121.0,23-02-22,K.E.C.L.,,lhtuzt W•th Ítul lhtuzt Jtuzobtk z[tVx xe.ve. 121btk ytJuj swœt swœt hM<tytu ctc<u yuMxux Ft<t îtht b¤uj yrC«tglu ægtlu jR (1) xe.ve-121btk yuV.ve 78 &e yuV.ve 148 mw^eltu htuz (ctjtS ftuloh &e mth&e ckøjtuÍ &R 108 <hVltu htuz) 431.45 4.50 
2017-18,14,North,lhtuzt,12 NARODA,121.0,142.0,23-02-22,K.E.C.L.,,lhtuzt (2) xe.ve Mfeb lk:-121btk yuV.ve 142 &e yuV.ve lk:-108mw^eltu htuz (ctjtS ftuloh &e nkmvwhtdtb <hVltu htuz) 435.00 4.80 fu.R.me.yuj 23-02-22 yÕfuNCtR mtujkfe rJsgCtR «egœNeo lgltcul me. Fhtze.
2017-18,15,North,lhtuzt,12 NARODA,70.0,1.0,02-05-21,(?) Infracon variant (verify),,lhtuzt (2)xe.ve Mfeb lk:-70 btk yuV.ve 01 &e yuV.ve lk:- 5 mw^eltu htuz(btÁr< dtRxm vtmultu htuz) 91.70 5.05 yt»tem RL£tftul 02-05-21 yÕfuNCtR mtujkfe rJsgCtR «egœNeo lgltcul me. Fhtze.
2017-18,16,North,lhtuzt,12 NARODA,75.0,15.0,02-05-21,,,lhtuzt (5) xe.ve-75 btk yuV.ve 15/1 &e yuV.ve 16(ckmevtfo vtmultu htuz) 100.19 5.18 02-05-21 yÕfuNCtR mtujkfe rJsgCtR «egœNeo lgltcul me. Fhtze.
2017-18,17,North,lhtuzt,12 NARODA,75.0,70.0,29-01-22,N.C.C. Infra Pvt Ltd,,"lhtuzt W•th Ítul lhtuzt Jtuzobtk z[tVx xe.ve. 75,70 <&t 71 btk ytJuj swœt swœt hM<tytu ctc<u yuMxux Ft<t îtht b¤uj yrC«tglu ægtlu jR (1)xe.ve-75 btk yuV.ve 103 &e yuV.ve 52/1 &R yuV.ve 60 mw^eltu htuz Ntk<efwks <hVltu WCtu htuz) 240.00 4.20"
2017-18,18,North,lhtuzt,12 NARODA,75.0,52.0,29-01-22,N.C.C. Infra Pvt Ltd,,lhtuzt 3) xe.ve-75 btk yuV.ve 52/3 &e yuV.ve 55 mw^eltu htuz(Ntk<efwks vtmultu ytztu htuz) 380.00 4.25 yul.me.me RL£t.«t.je 29-01-22 yÕfuNCtR mtujkfe rJsgCtR «egœNeo lgltcul me. Fhtze.
2017-18,19,North,lhtuzt,12 NARODA,75.0,60.0,26-02-22,N.C.C. Infra Pvt Ltd,,lhtuzt ((4) xe.ve-75 btk yuV.ve 60 &e yuV.ve 62 mw^eltu htuz(dòll rJjt ylu M&tvðg yujedLm Jåaultu htuz) 180.00 4.20 yul.me.me RL£t.«t.je 26-02-22 yÕfuNCtR mtujkfe rJsgCtR «egœNeo lgltcul me. Fhtze.
2017-18,20,North,lhtuzt,12 NARODA,202.0,2.0,,(?) Infracon variant (verify),,lhtuzt W•th Ítul lhtuzt Jtuzobtk ytkcuµh aJtKt &e ©eS ckøjtuÍ ath hM<t mw^eltu htuz JtRzlekd fhe hemhVum fhJtlt ftb 202.00 8.39 yt»tem RL£tftul 02/01/202 yÕfuNCtR mtujkfe rJsgCtR «egœNeo lgltcul me. Fhtze.
2017-18,21,North,lhtuzt,12 NARODA,506.5,10.5,25-02-22,N.C.C. Infra Pvt Ltd,,lhtuzt lhtuzt Jtuzobt ©ehtb aif &e b^wJl øjtuhe mw^e ltu htuz JtRzlekd fhe vtftu fhJtlwk ftb 506.50 10.50 yul.me.me RL£t.«t.je 25-02-22 yÕfuNCtR mtujkfe rJsgCtR «egœNeo lgltcul me. Fhtze.
2017-18,22,North,lhtuzt,12 NARODA,320.0,1.0,01-01-22,(?) Infracon variant (verify),,lhtuzt W•thÍtul lhtuzt Jtuzo btk Ne<jlt& «Cw mtumtgxe &e Fthefx fultj mw^e ltu htuz he-d{uz fhe hemhVum fhJtlwk ftb 320.00 8.86 yt»tem RL£tftul 01-01-22 yÕfuNCtR mtujkfe rJsgCtR «egœNeo lgltcul me. Fhtze.
2017-18,23,North,lhtuzt,12 NARODA,435.0,17.0,17-05-21,,,lhtuzt W•thÍtul lhtuzt Jtuzo btk Lgw ybhvtfo mtumtgxe &e ©æ^t vtfo mtumtgxe mw^e ltu htuz he-d{uz fhe hemhVum fhJtlwk ftb 435.00 5.45 17-05-21 rJsgCtR «egœNeo lgltcul me. Fhtze. lgltcul me. Fhtze.
2017-18,24,North,lhtuzt,12 NARODA,37.5,30.0,02-06-21,,,lhtuzt W•thÍtul lhtuzt Jtuzo btk 37.50 be. &e ctjtS vtfo &R 30.00 be lt xe.ve. htuz lu stuz<tu hM<tu (W•thÍtul lhtuzt Jtuzo btk jûberJjt &e htbœuJ ldh ChJtmz Jtm mw^e ltu htuz he-d{uz fhe hemhVum fhJtlwk ftb) 291.00 4.00 yul.me.me.RLVt.«t.j
2017-18,25,North,fwcuhldh,14 KUBERNAGR,405.0,29.0,29-05-21,,,misvwh fwcuhldh ftumud &e mk<tu»teldh ºtK hM<t mw^e (JtRzled lw ftb) 405.00 3.65 yul.me.me.RLVt.«t.je 29-05-21 ©e htulfCtR «òv<e ©e ybe< CtR ytuÍt ©e me.fu.Fhtze
2017-18,26,North,mhœthldh,11 SARDARNAGAR,657.0,6.0,06-06-21,,,mhœthldh ytuÍtulmexe vh»tu•tble atje &e fcehldh mw^eltu htuz 657.00 9.00 yul.me.me.RLVt.«t.je 06-06-21 S<uL÷ Jmigt rlju»tCtR vxuj me.fu.Fhtze jkctE vntu¤tE yt.E. yt.me.E. zu.me.R. 2017-18 ylw. lkk. Ítul Jtuzo htuzlwkk ltb ¾tuLx[[t.lwkk ltb 
2017-18,27,North,mhœthldh,11 SARDARNAGAR,415.0,19.0,19-02-21,,,mhœthldh Cwr<gt ckdjtu htuz 415.00 7.50 yul.me.me.RLVt.«t.je 19-02-21 bturn< dtk^e rlju»tCtR vxuj me.fu.Fhtze
2017-18,28,North,ctvwldh,26 BAPUNAGAR,250.0,,,,,ctvwldh cshkdmtumtgue <&e sbltldh htuz 250.00 6.00 yt»tuem RLV£t CwhtCtR œumtR bltusCtR bsbwœth yth.me.bun<t
2017-18,29,North,mhmvwh,27 SARASPUR-RAKHIYAL,249.1,11.8,11-06-20,,,mhmvwh- hrFgtj ctj CJtl yturVm mtbultu htuz 249.10 11.80 ytftN RL£t «tu.«t.je 11-06-20 vhuNCtR vxKe ytR.ze.htXtuz yth.me.bun<t
2017-18,30,South,bKeldh,37 MANINAGAR,50.0,27.0,27-04-21,Ashish Infracon Pvt Ltd,,bKeldh Jmk<ldh atufXt&e gwdtLzt vtfo htuxheCJl dje 50.00 7.40 ytNe»t RL£tftul «t.je. 27-04-21 bnuNCtR Xtfh rahtdCtR c{{nbCè vhuNCtR Ntn
2017-18,31,South,bKeldh,37 MANINAGAR,400.0,23.0,23-04-21,Ashish Infracon Pvt Ltd,,bKeldh NeÕvt xujmo vtmule dje (Jfej Jtze) 400.00 4.00 ytNe»t RL£tftul «t.je. 23-04-21 bnuNCtR Xtfh rahtdCtR c{{nbCè vhuNCtR Ntn
2017-18,32,South,bKeldh,37 MANINAGAR,500.0,22.0,22-04-21,Ashish Infracon Pvt Ltd,,bKeldh sdtCtR xe.ve htuz 500.00 4.00 ytNe»t RL£tftul «t.je. 22-04-21 bnuNCtR Xtfh rahtdCtR c{{nbCè vhuNCtR Ntn
2017-18,33,South,bKeldh,37 MANINAGAR,71.0,26.0,26-04-21,Ashish Infracon Pvt Ltd,,bKeldh œevf yvtxo.&e ceythxeyum htuz yul NeNh yuvtxobuLx &e mtule muLxh (dKuN dje) 71.00 4.25 ytNe»t RL£tftul «t.je. 26-04-21 bnuNCtR Xtfh rahtdCtR c{{nbCè vhuNCtR Ntn
2017-18,34,South,bKeldh,37 MANINAGAR,148.0,26.0,26-04-21,Ashish Infracon Pvt Ltd,,bKeldh Dljûbe mtumtgxe xe.ve htuz 148.00 3.95 ytNe»t RL£tftul «t.je. 26-04-21 bnuNCtR Xtfh rahtdCtR c{{nbCè vhuNCtR Ntn
2017-18,35,South,bKeldh,37 MANINAGAR,446.0,28.0,28-04-21,Ashish Infracon Pvt Ltd,,bKeldh Bgw.mJoLx mtumtgxelt ngt< ltul xe.ve ntuR vkhk<w ònuh yJh sJhlt hM<t ntuR ngt< hM<t 446.00 6.30 ytNe»t RL£tftul «t.je. 28-04-21 bnuNCtR Xtfh rahtdCtR c{{nbCè vhuNCtR Ntn
2017-18,36,South,bKeldh,37 MANINAGAR,190.0,24.0,24-04-21,Ashish Infracon Pvt Ltd,,bKeldh dwYîtht f]»Kfwks yuvtxobuLx&e lt&tjtj ÍDzegt c{es 190.00 4.60 ytNe»t RL£tftul «t.je. 24-04-21 bnuNCtR Xtfh rahtdCtR c{{nbCè vhuNCtR Ntn
2017-18,37,South,bKeldh,37 MANINAGAR,400.0,9.04,09.04.2021,Ashish Infracon Pvt Ltd,,bKeldh nehtCtR fLgt Mfwj&e dkdtDh mtumtgxe 400.00 7.00 ytNe»t RL£tftul «t.je. 09.04.2021 bnuNCtR Xtfh rahtdCtR c{{nbCè vhuNCtR Ntn
2017-18,38,South,bKeldh,37 MANINAGAR,500.0,11.0,23.02.2021,Ashish Infracon Pvt Ltd,,bKeldh sgÂnkœ Mfwj&e blvmkœ ftuBvjuût ythtDlt f[tum htuz 500.00 11.00 ytNe»t RL£tftul «t.je. 23.02.2021 bnuNCtR Xtfh rahtdCtR c{{nbCè vhuNCtR Ntn
2017-18,39,South,bKeldh,37 MANINAGAR,320.0,23.02,23.02.2021,Ashish Infracon Pvt Ltd,,bKeldh fjde yuuvtxobuLx&e ykctSbt<t bkÂœh htz <ubs lw<l NÂ¾< mtumtgxe htuz 320.00 9.00 ytNe»t RL£tftul «t.je. 23.02.2021 bnuNCtR Xtfh rahtdCtR c{{nbCè vhuNCtR Ntn
2017-18,40,South,bKeldh,37 MANINAGAR,480.0,13.02,13.02.2021,Ashish Infracon Pvt Ltd,,bKeldh ©eldh mtumtgxe&e nhuf]»K mtumtgxe &R neLœw mbts Jtze mwDe <ubs ylk< mtumtgxelt xe.ve htuz 480.00 6.50 ytNe»t RL£tftul «t.je. 13.02.2021 bnuNCtR Xtfh rahtdCtR c{{nbCè vhuNCtR Ntn jkctE vntu¤tE yt.E. yt.me.E. zu.me.R. 2017-18 ylw. lkk.
2017-18,41,South,cnuhtbvwht,35 BAHERAMPURA,400.0,12.0,12-04-21,,,cnuhtbvwht lJe Jmtn<btkk ytJuj RLzegt ftujtule &e Xtftuh Jtm mwDe ònuh yJh sJhltu htuz 400.00 6.00 htujh muLxh 12-04-21 yÂlj Ntn ylkk< vxuj yNtufCtR mfNult
2017-18,42,South,cnuhtbvwht,35 BAHERAMPURA,750.0,13.0,13-04-21,,,cnuhtbvwht ftuÍe ntuxj&e ceythxeyum Yx stuz<tu htuz 750.00 6.00 htujh muLxh 13-04-21 yÂlj Ntn ylkk< vxuj yNtufCtR mfNult
2017-18,43,South,cnuhtbvwht,35 BAHERAMPURA,700.0,7.0,07-04-21,,,cnuhtbvwht nwÕjzegt nlwbtl ath hM<t&e cnuhtbvwht vtujem atufe mwDe 700.00 6.00 htujh muLxh 07-04-21 yhc RhVtl sd< ftuLx[tfxh yNtufCtR mfNult
2017-18,44,South,cnuhtbvwht,35 BAHERAMPURA,900.0,27.0,27-03-21,,,cnuhtbvwht hbuN lmohe&e mtublt& bntœuJ mwDe 900.00 5.00 htujh muLxh 27-03-21 yÂlj Ntn sd< ftuLx[tfxh yNtufCtR mfNult
2017-18,45,South,cnuhtbvwht,35 BAHERAMPURA,400.0,6.0,06-04-21,,,cnuhtbvwht ftuBgwlexe ntuj &e akœl mtumtgxe mwDe 400.00 5.00 htujh muLxh 06-04-21 yhc RhVtl sd< ftuLx[tfxh yNtufCtR mfNult
2017-18,46,South,cnuhtbvwht,35 BAHERAMPURA,300.0,10.0,10-04-21,,,cnuhtbvwht mk<tu»tldh &e fœbuhhmwjle œhdtn mw^e ltu htuz 300.00 6.50 htujh muLxh 10-04-21 yhc RhVtl sd< ftuLx[tfxh yNtufCtR mfNult
2017-18,47,South,cnuhtbvwht,35 BAHERAMPURA,2500.0,3.0,03-05-21,,,cnuhtbvwht lJe Jmtn<btkk ytJuj vÂhJth cufhele mtbultu buRl htuz&e bnu<tldh htu ntWm mwDe ònuh yJh sJhltu htuz 2500.00 6.00 htujh muLxh 03-05-21 yÂlj Ntn sd< ftuLx[tfxh yNtufCtR mfNult
2017-18,48,South,cnuhtbvwht,35 BAHERAMPURA,450.0,,,,,cnuhtbvwht ybl Mfwj &e Lgw ViÍjldh mtuZj <¤tJ 450.00 4.00 htujh muLxh - yÂlj Ntn ylk<CtR vxuj yNtufCtR mfNult
2017-18,49,South,cnuhtbvwht,35 BAHERAMPURA,220.0,14.02,14.02.2021,,,cnuhtbvwht yub.yum.Vtbo &e hÍtldh buRl htuz 220.00 4.00 htujh muLxh 14.02.2021 yÂlj Ntn ylk<CtR vxuj yNtufCtR mfNult
2017-18,50,South,cnuhtbvwht,35 BAHERAMPURA,350.0,6.02,06.02.2021,,,cnuhtbvwht ablvwht &e rJsg jûbe mtumtgxe buRl htuz 350.00 6.00 htujh muLxh 06.02.2021 yhc RhVtl sd< ftuLx[tfxh yNtufCtR mfNult
2017-18,51,South,œtKejebzt,36 DANILIMDA,350.0,12.0,17-04-21,,,œtKejebzt ¾jtmef Mfwjlt ath hM<t&e atgtomele atje mwDeltu htuz 350.00 12.00 htujh muLxh 17-04-21 «ftNCtR Cukukukò¤egt ylk<CtR vxuj yNtufCtR mfNult
2017-18,52,South,œtKejebzt,36 DANILIMDA,250.0,16.0,16-04-21,,,œtKejebzt atugtomele atje lt¤t htuz <&t Jtuzolt yLg hM<t Wvh 250.00 4.50 htujh muLxh 16-04-21 «ftNCtR Cukukukò¤egt ylk<CtR vxuj yNtufCtR mfNult
2017-18,53,South,œtKejebzt,36 DANILIMDA,650.0,11.2,10-05-21,,,œtKejebzt akztu¤t<¤tJ &e ykctbt<tlt bkrœh mw^e 650.00 11.20 htujh muLxh 10-05-21 «ftNCtR Cukukukò¤egt ylk<CtR vxuj yNtufCtR mfNult
2017-18,54,South,œtKejebzt,36 DANILIMDA,300.0,7.02,07.02.2021,,,œtKejebzt vrhrût<jtjldh &e vehfbtj ¢tum htuz 300.00 9.50 htujh muLxh 07.02.2021 «ftNCtR Cukukukò¤egt ylk<CtR vxuj yNtufCtR mfNult
2017-18,55,South,œtKejebzt,36 DANILIMDA,670.0,12.0,04.02.2021,,,œtKejebzt vrhrût<jtjldh &e CwjtCtR vtujem atufe 670.00 12.00 htujh muLxh 04.02.2021 «ftNCtR Cukukukò¤egt ylk<CtR vxuj yNtufCtR mfNult jkctE vntu¤tE yt.E. yt.me.E. zu.me.R. 2017-18 ylw. lkk. Ítul Jtuzo htuzlwkk ltb ¾tuLx[[t.lwkk ltb DLP vwwK
2017-18,56,South,FtuFht,44 KHOKHRA,1153.0,12.5,03-02-21,Ashish Infracon Pvt Ltd,,FtuFht bKeldh huÕJu f[tumekd&e lt&tjtj ÍDzegt c{es leau mwDe (bKeldh ¢tumed &e nuc{tul Mfwj mw^e ltu 1153.00 12.50 ytNe»t RL£tftul «t.je. 03-02-21 vjfCtR mhJigt Ch<CtR ati^he vhuNCtR Ntn 57 bKeldh huÕJu f[tumekd&e lt&tjtj ÍDzegt c{es leau m
2017-18,58,South,FtuFht,44 KHOKHRA,203.0,11.5,15-04-22,Ashish Infracon Pvt Ltd,,FtuFht jtjCtR muLxh &e nheytubrnLœw ntRMfwj mw^e ltu htuz 203.00 11.50 ytNe»t RL£tftul «t.je. 15-04-22 vjfCtR mhJigt Ch<CtR ati^he XtftuhCtR JmtJt
2017-18,59,South,FtuFht,44 KHOKHRA,126.0,3.02,03.02.2021,Ashish Infracon Pvt Ltd,,FtuFht ctsFuzt &e b^wfws mtumtgxe htuz 126.00 5.40 ytNe»t RL£tftul «t.je. 03.02.2021 vjfCtR mhJigt Ch<CtR ati^he vhuNCtR Ntn
2017-18,60,South,FtuFht,44 KHOKHRA,185.0,6.02,06.02.2021,Ashish Infracon Pvt Ltd,,FtuFht mwCt»tatuf &e jtjCtR muLxh mw^eltu htuz (stzuò mfoj mw^e ltu htuz ) (nuJe vuaJfo /vuJh bNel ) 185.00 9.50 ytNe»t RL£tftul «t.je. 06.02.2021 vjfCtR mhJigt Ch<CtR ati^he vhuNCtR Ntn
2017-18,61,South,FtuFht,44 KHOKHRA,180.0,11.1,11.10.2020,Ashish Infracon Pvt Ltd,,FtuFht Rzje ¢tum htuz &e mkSJle mw^eltu htuz (nuJe vuaJfo /vuJh bNel ) 180.00 8.80 ytNe»t RL£tftul «t.je. 11.10.2020 vjfCtR mhJigt Ch<CtR ati^he vhuNCtR Ntn
2017-18,62,South,FtuFht,44 KHOKHRA,287.0,8.02,08.02.2021,Ashish Infracon Pvt Ltd,,FtuFht bKegtmt lt swœt swœt htuz 287.00 5.50 ytNe»t RL£tftul «t.je. 08.02.2021 vjfCtR mhJigt Ch<CtR ati^he vhuNCtR Ntn
2017-18,63,South,FtuFht,44 KHOKHRA,160.0,12.1,12.10.2020,Ashish Infracon Pvt Ltd,,FtuFht Rzje ¢tum htuz &e Rjts mw^eltu htuz (nuJe vuaJfo /vuJh bNel ) 160.00 9.30 ytNe»t RL£tftul «t.je. 12.10.2020 vjfCtR mhJigt Ch<CtR ati^he vhuNCtR Ntn
2017-18,64,South,RLîvwhe,42 INDRAPURI,618.6,10.0,10-01-22,Ashish Infracon Pvt Ltd,,RLîvwhe hrJ vtl vtjoh &e sgNrf< ftujtule hejtRLmJ xtJh &R bkdjb mtumtgxe lu stuz<tu htuz 618.60 8.28 ytNe»t RL£tftul «t.je. 10-01-22 silefCtR mthkd hbuNCtR cthigt xe.yu.JmtJt
2017-18,65,South,RLîvwhe,42 INDRAPURI,223.4,10.0,10-01-22,Ashish Infracon Pvt Ltd,,RLîvwhe hf<ve<egtldhltu htuz 223.40 3.69 ytNe»t RL£tftul «t.je. 10-01-22 hsleftk<CtR bufJtl hbuNCtR cthigt xe.yu.JmtJt
2017-18,66,South,RLîvwhe,42 INDRAPURI,200.0,13.0,13-02-22,Ashish Infracon Pvt Ltd,,RLîvwhe hextldh mtumtgxe xe.ve htuz 200.00 5.88 ytNe»t RL£tftul «t.je. 13-02-22 hsleftk<CtR bufJtl hbuNCtR cthigt xe.yu.JmtJt
2017-18,67,South,RLîvwhe,42 INDRAPURI,507.1,8.0,08-01-22,Ashish Infracon Pvt Ltd,,RLîvwhe Rµhf]vtmtumtgxe Mxtubo Jtuxh vkved &R h^wJeh &R ybhlt& mtumtgxe buœtl mtbultu htuz 507.10 5.26 ytNe»t RL£tftul «t.je. 08-01-22 silefCtR mthkd hbuNCtR cthigt xe.yu.JmtJt
2017-18,68,South,Rmlvwh,45 ISANPUR,338.0,14.0,14-10-20,Ashish Infracon Pvt Ltd,,Rmlvwh jje<t mtumtgxe&e atufme mtumtgxe mwDeltu hM<tu 338.00 5.20 ytNe»t RL£tftul «t.je. 14-10-20 yljCtR Ntn mw»btcul vxuj ©ev<e btY<e
2017-18,69,South,Rmlvwh,45 ISANPUR,400.0,10.0,20-05-21,Ashish Infracon Pvt Ltd,,Rmlvwh btu<ectd nlwbtl &e æJle mtumtgxe mw^e 400.00 10.00 ytNe»t RL£tftul «t.je. 20-05-21 CtJuNCtR vxuj mw»btcul vxuj ©ev<e btY<e jkctE vntu¤tE yt.E. yt.me.E. zu.me.R. 2017-18 ylw. lkk. Ítul Jtuzo htuzlwkk ltb ¾tuLx[[t.lwkk ltb DLP vwwKo &l
2017-18,70,South,Rmlvwh,45 ISANPUR,240.0,19.0,19-05-21,Ashish Infracon Pvt Ltd,,Rmlvwh æJle mtumtgxe &e Lgw Jtuxh vkved MxuNl mw^e 240.00 9.20 ytNe»t RL£tftul «t.je. 19-05-21 CtJuNCtR vxuj mw»btcul vxuj ©ev<e btY<e
2017-18,71,South,Rmlvwh,45 ISANPUR,163.1,24.0,24-05-21,Ashish Infracon Pvt Ltd,,Rmlvwh NtfwkL•tj yuvtxo buLx &e ltduµh bntœuJ htuz 163.10 9.40 ytNe»t RL£tftul «t.je. 24-05-21 yljCtR Ntn mw»btcul vxuj ©ev<e btY<e
2017-18,72,South,Rmlvwh,45 ISANPUR,610.0,16.0,11-03-22,Ashish Infracon Pvt Ltd,,Rmlvwh Mb]Â< bkÂœh vtKele xtkfe &e vthm ldhltu hM<tu 610.00 16.00 ytNe»t RL£tftul «t.je. 11-03-22 yljCtR Ntn mw»btcul vxuj vhuNCtR Ntn
2017-18,73,South,Rmlvwh,45 ISANPUR,690.0,21.0,21-02-21,Ashish Infracon Pvt Ltd,,Rmlvwh Rµh ftkm &e ybwj ftuloh mw^e ltu hM<tu 690.00 9.00 ytNe»t RL£tftul «t.je. 21-02-21 yljCtR Ntn mw»btcul vxuj vhuNCtR Ntn
2017-18,74,South,JxJt,47 VATVA,500.0,2.0,02-04-21,Ashish Infracon Pvt Ltd,,JxJt htbldh &R Sgt bMSœ mwDe 500.00 7.50 ytNe»t RL£tftul «t.je. 02-04-21 rJlg vxuj hbuNCtR cthigt ©ev<e btY<e
2017-18,75,South,JxJt,47 VATVA,312.0,10.0,16-03-22,Ashish Infracon Pvt Ltd,,JxJt nelt Jtuht Mfwj&e vwrl<ldh huÕJu jtRl <hV ltu hM<tu 312.00 10.00 ytNe»t RL£tftul «t.je. 16-03-22 rJlg vxuj rfhK «òvr< vhuNCtR Ntn
2017-18,76,South,JxJt,47 VATVA,492.0,10.0,26-12-21,Ashish Infracon Pvt Ltd,,JxJt nelt Jtuht Mfwj &e ÂJmtbtu Vjuxle mtbu&e lejdehe vtfo-vtmultu htuz 492.00 10.00 ytNe»t RL£tftul «t.je. 26-12-21 rJlg vxuj rfhK «òvr< vhuNCtR Ntn
2017-18,77,South,JxJt,47 VATVA,1675.0,1.0,01-01-22,Nar Narayan Infrastructure Pvt Ltd,,JxJt ntubdtzo yturVm &e bntœuJvwht dtbze htuz 1675.00 9.00 lhlthtgK RL£tMx[fah «t.je. 01-01-22 rJlg vxuj c{esuN htJj rfhK «òvr< yNtufCtR mfNult vhuNCtR Ntn
2017-18,78,South,JxJt,47 VATVA,400.0,30.03,30.03.2021,,,JxJt JtkœhJx <¤tJ &e ve.ze.vkzgt htuz&e <e&og 400.00 7.50 ytrN»t RL£tftul «t.rj. 30.03.2021 rJlgCtR vxuj hbuNCtR ctrhgt yNtufCtR mfNult
2017-18,79,South,JxJt,47 VATVA,650.0,17.0,21.12.2021,,,JxJt yum.yuj.yub xtkfe &e yGgÃvt bkrœh htuz 650.00 17.00 ytrN»t RL£tftul «t.rj. 21.12.2021 rJlgCtR vxuj rfhKCtR «òvr< vhuNCtR Ntn
2017-18,80,South,jtkCt,46 LAMBHA,201.0,25.0,25-05-21,Ashish Infracon Pvt Ltd,,"jtkCt jtkCt Jtuzobtk ytJuj ytftN bux[tu mexe mtbu&e Rmlvwh vçjef Mfwj mw^eltu hM<tu,sjthtb yuMxuxJt¤tu htuz 201.00 4.00 ytNe»t RL£tftul «t.je. 25-05-21 ©e rœluNCtR vthde ©e fÕvuNCtR ÍtÍYrfgt yNtufCtR mfNult"
2017-18,81,South,jtkCt,46 LAMBHA,83.0,25.0,25-05-21,Ashish Infracon Pvt Ltd,,jtkCt ytubfth yuMxux htuz 83.00 4.70 ytNe»t RL£tftul «t.je. 25-05-21 ©e rœluNCtR vthde ©e fÕvuNCtR ÍtÍYrfgt yNtufCtR mfNult
2017-18,82,South,jtkCt,46 LAMBHA,400.0,28.0,28-05-21,Ashish Infracon Pvt Ltd,,jtkCt lthtuj mfoj &e dwsht< øjtm htuz 400.00 4.10 ytNe»t RL£tftul «t.je. 28-05-21 ©e rœluNCtR vthde ©e fÕvuNCtR ÍtÍYrfgt yNtufCtR mfNult jkctE vntu¤tE yt.E. yt.me.E. zu.me.R. 2017-18 ylw. lkk. Ítul Jtuzo htuzlwkk ltb ¾tuLx[[t.lwkk ltb DLP v
2017-18,119,West,atkœFuzt,03 CHANDKHEDA,200.0,1.06,01.06.2020,,,atkœFuzt mngtud mtumtgxe htuz 200.00 5.10 htugj RL£t 01.06.2020 r>Ã<uN atintK bunwj Fhtze yub.ve.vhbth
2017-18,120,West,atkœFuzt,03 CHANDKHEDA,800.0,27.05,27.05.2020,,,atkœFuzt swœt swœt hM<t dw.ntW.ctuzo 800.00 5.00 htugj RL£t 27.05.2020 r>Ã<uN atintK bunwj Fhtze yub.ve.vhbth
2017-18,121,West,atkœFuzt,03 CHANDKHEDA,800.0,14.05,14.05.2020,,,atkœFuzt Jtzelt& atufze &e Jem< bkœeh 800.00 5.10 htugj RL£t 14.05.2020 r>Ã<uN atintK bunwj Fhtze yub.ve.vhbth
2017-18,122,West,atkœFuzt,03 CHANDKHEDA,560.0,12.05,12.05.2020,,,atkœFuzt œuJlkœ &e fJeNt zwvjuût 560.00 5.20 htugj RL£t 12.05.2020 r>Ã<uN atintK bunwj Fhtze yub.ve.vhbth
2017-18,123,West,atkœFuzt,03 CHANDKHEDA,710.0,16.05,16.05.2020,,,atkœFuzt Mlun ÃjtÍt ath hM<t &e gtudeldh & mk<tu»tldh vtKele xtkfe &e ytR.ytu.me htuz 710.00 5.20 htugj RL£t 16.05.2020 r>Ã<uN atintK bunwj Fhtze yub.ve.vhbth
2017-18,124,West,atkœFuzt,03 CHANDKHEDA,500.0,17.05,17.05.2020,,,atkœFuzt ytR.xe.ytR htuz 500.00 5.20 htugj RL£t 17.05.2020 r>Ã<uN atintK bunwj Fhtze yub.ve.vhbth jkctE vntu¤tE yt.E. yt.me.E. zu.me.R. 2017-18 ylw. lkk. Ítul Jtuzo htuzlwkk ltb ¾tuLx[[t.lwkk ltb DLP vwwKo &lth <theF fhuj ftbdehele htuzle f
2017-18,125,West,atkœFuzt,03 CHANDKHEDA,200.0,18.05,18.05.2020,,,atkœFuzt Ftuzegth ldh &e bntJeh fjelef 200.00 5.10 htugj RL£t 18.05.2020 r>Ã<uN atintK bunwj Fhtze yub.ve.vhbth
2017-18,126,West,atkœFuzt,03 CHANDKHEDA,1765.0,26.04,26.04.2020,,,atkœFuzt dt^eldh ntRJu &e atkœFuzt mcÍtulj ytuVem(dtk^elh ntRJu &e Cthuµh zuhe) 1765.00 5.00 S.ve.ait^he 26.04.2020 r>Ã<uN atintK bunwj Fhtze yub.ve.vhbth
2017-18,127,West,atkœFuzt,03 CHANDKHEDA,290.0,22.05,22.05.2020,,,atkœFuzt atkœFuzt ytuVem &e ht^u huMxtuhLx 290.00 5.00 htugj RL£t 22.05.2020 r>Ã<uN atintK bunwj Fhtze yub.ve.vhbth
2017-18,128,West,atkœFuzt,03 CHANDKHEDA,190.0,2.06,02.06.2020,,,atkœFuzt akîbKe Vjux htuz 190.00 5.10 htugj RL£t 02.06.2020 r>Ã<uN atintK bunwj Fhtze yub.ve.vhbth
2017-18,129,West,atkœFuzt,03 CHANDKHEDA,780.0,1.06,01.06.2020,,,atkœFuzt mwgtol ckøjtu &e yuj ytR S Mfeb 780.00 5.20 htugj RL£t 01.06.2020 r>Ã<uN atintK bunwj Fhtze yub.ve.vhbth
2017-18,130,West,atkœFuzt,03 CHANDKHEDA,180.0,15.05,15.05.2020,,,atkœFuzt gtudeldh ath hM<t &e ykceftldh 180.00 5.20 htugj RL£t 15.05.2020 r>Ã<uN atintK bunwj Fhtze yub.ve.vhbth
2017-18,131,West,Mxurzgb,10 S.P.STADIUM,1500.0,12.0,11-12-20,M/s L.G. Chaudhary,,Mxurzgb ythceytR&e akœ[ldh mtumtgxe mw^e 1500.00 12.00 yuj.S. ati^he 11-12-20 htfuN vxuj ytrN»t vxuj yua.xe.bnu<t
2017-18,132,West,Mxurzgb,10 S.P.STADIUM,375.0,12.0,08-12-20,M/s L.G. Chaudhary,,Mxurzgb lJSJl «um&e yt©b htuz mw^e 375.00 12.00 yuj.S. ati^he 08-12-20 WLl<e vxuuj ytrN»t vxuj yua.xe.bnu<t
2017-18,133,West,lthKvwht,09 NARANPURA,425.0,3.0,03-05-20,,,lthKvwht mtkRctct bkrœh le yuV.ve. lk.309le cLlu ctswltk hM<t 425.00 7.50 S.ve.me. 03-05-20 fÕvuN ÍttkÍÁrfgt rnhul cthtux yua.xe.bnu<t
2017-18,134,West,lthKvwht,09 NARANPURA,263.0,4.0,04-05-20,,,lthKvwht rJsgldh sil œuhtmh&e rJsgldh Mfwj 263.00 8.50 S.ve.me. 04-05-20 fÕvuN ÍttkÍÁrfgt rnhul cthtux yua.xe.bnu<t
2017-18,135,West,lthKvwht,09 NARANPURA,300.0,5.0,05-05-20,,,lthKvwht ze.fu.vxuj ath hM<t&e vjegzldh htuzjûbeldh mtumtgxe 300.00 7.00 S.ve.me. 05-05-20 fÕvuN ÍttkÍÁrfgt rnhul cthtux yua.xe.bnu<t
2017-18,136,West,lthKvwht,09 NARANPURA,825.0,10.5,06-06-20,,,lthKvwht ytmw<ut»t yuvtxobuLx&e muLx ÍurJgmo ºtK hM<t mw^e 825.00 10.50 S.ve.me. 06-06-20 fÕvuN ÍttkÍÁrfgt rnhul cthtux yua.xe.bnu<t
2017-18,137,West,lthKvwht,09 NARANPURA,665.0,7.0,07-05-20,,,lthKvwht mhdb ath hM<t&e vtgj vtgj vtxeo Ãjtux 665.00 8.50 S.ve.me. 07-05-20 fÕvuN ÍttkÍÁrfgt rnhul cthtux yua.xe.bnu<t
2017-18,138,West,lthKvwht,09 NARANPURA,425.0,8.0,08-06-20,,,lthKvwht mÃ<fo vtxeo Ãjtux&e atbwkkztldh 425.00 7.50 S.ve.me. 08-06-20 fÕvuN ÍttkÍÁrfgt rnhul cthtux yua.xe.bnu<t
2017-18,139,West,lthKvwht,09 NARANPURA,376.0,15.0,28-12-20,,,lthKvwht akkœ[[eft zuhe&e JlefhK Ãjtux mw^eltu htuz 376.00 15.00 yuj.S.me. 28-12-20 Wðf»to Wvtægtg btirjfrmkn Ítjt yua.xe.bnu<t jkctE vntu¤tE yt.E. yt.me.E. zu.me.R. 2017-18 ylw. lkk. Ítul Jtuzo htuzlwkk ltb ¾tuLx[[t.lwkk ltb DLP vwwKo &lth
2017-18,140,West,lthKvwht,09 NARANPURA,132.0,348.0,19-12-20,,,lthKvwht vtJl vtxoe Ãjtux&e 132 Vwx mw^eltu htuz 348.00 8.50 yuj.S.me. 19-12-20 Wðf»to Wvtægtg btirjfrmkn Ítjt yua.xe.bnu<t
2017-18,141,West,htKev,05 RANIP,400.0,10.0,,,,htKev mJuoµh bkrœh &e yûthvwh»ttu]•tb ctuh 400.00 10.00 htugj RL£tMx[fah 24/04/2020 «¿tuN vkatj «ftN rJkÍwzt yub.ve.vhbth
2017-18,142,West,htKev,05 RANIP,250.0,27.0,,,,htKev Lgw r<Yvr< &e rJCwr< &e mk<tu»teldh mtumt. 250.00 8.50 htugj RL£tMx[fah 27/04/2020 «¿tuN vkatj «ftN rJkÍwzt yub.ve.vhbth
2017-18,143,West,htKev,05 RANIP,335.0,5.0,05-01-20,,,htKev rNJfwks athhM<t &e c^wldh 335.00 9.00 htugj RL£tMx[fah 05-01-20 «¿tuN vkatj «ftN rJkÍwzt yub.ve.vhbth
2017-18,144,West,htKev,05 RANIP,670.0,12.0,12-11-20,,,htKev ctjfw»K bkrœh &e studmovtfo 670.00 9.00 htugj RL£tMx[fah 12-11-20 «¿tuN vkatj «ftN rJkÍwzt yub.ve.vhbth
2017-18,145,West,htKev,05 RANIP,170.0,2.0,02-06-21,,,htKev me<thtb yuJLgw &e gtuduµh nej 170.00 7.00 htugj RL£tMx[fah 02-06-21 «¿tuN vkatj «ftN rJkÍwzt yub.ve.vhbth
2017-18,146,West,htKev,05 RANIP,275.0,2.0,02-07-21,,,htKev dtgºteldh 275.00 6.00 htugj RL£tMx[fah 02-07-21 «¿tuN vkatj «ftN rJkÍwzt yub.ve.vhbth
2017-18,147,West,htKev,05 RANIP,140.0,4.0,04-01-21,,,htKev ylwhts Vjux &e lu<jœu mtumt. 140.00 7.00 htugj RL£tMx[fah 04-01-21 «¿tuN vkatj «ftN rJkÍwzt yub.ve.vhbth
2017-18,148,West,htKev,05 RANIP,600.0,21.0,,,,htKev dtgºte bkrœh &e Wrbgt ntuMvexj 600.00 7.00 htugj RL£tMx[fah 21/05/2020 «¿tuN vkatj «ftN rJkÍwzt yub.ve.vhbth
2017-18,149,West,htKev,05 RANIP,535.0,6.0,06-09-20,,,htKev aulvwh cmMxuLz &e vev¤uµh mtumt. 535.00 5.50 htugj RL£tMx[fah 06-09-20 «¿tuN vkatj «ftN rJkÍwzt yub.ve.vhbth
2017-18,150,West,htKev,05 RANIP,240.0,4.0,04-02-21,,,htKev ylwhts Vjux &e mkMfth nej Vjux 240.00 5.00 htugj RL£tMx[fah 04-02-21 «¿tuN vkatj «ftN rJkÍwzt yub.ve.vhbth
2017-18,151,West,htKev,05 RANIP,530.0,6.0,06-01-21,,,htKev mwkœhJl Vjux &e ftb^ulw mtumt. 530.00 7.50 htugj RL£tMx[fah 06-01-21 «¿tuN vkatj «ftN rJkÍwzt yub.ve.vhbth
2017-18,152,West,vtjze,30 PALDI,200.0,29.05,29.05.20,,,vtjze suXtCtR vtfo Vjux &e htbrJnth ath hM<t mw^e 200.00 5.50 Cdeh& yumtumeyuNl 29.05.20 aehtd fltzt ylej «òvr< yth.xe.htXJt
2017-18,153,West,vtjze,30 PALDI,250.0,30.05,30.05.20,,,vtjze V<unvwht Bgw.Nt¤t &e V<unvwht ath hM<t mw^e 250.00 8.00 Cdeh& yumtumeyuNl 30.05.20 aehtd fltzt ylej «òvr< yth.xe.htXJt
2017-18,154,West,vtjze,30 PALDI,130.0,9.04,09.04.21,,,vtjze WÕjtmcul Íjuhe Jt¤tu htuz 130.00 6.00 yuÕt.S ait^he 09.04.21 aehtd fltzt ylej «òvr< yth.xe.htXJt
2017-18,155,West,vtjze,30 PALDI,240.0,5.02,05.02.21,,,vtjze ©eftkk< Ôgtm fjtmem &e Je.yth.Ntn Mfwj mw^e 240.00 6.00 yuÕt.S ait^he 05.02.21 aehtd fltzt ylej «òvr< yth.xe.htXJt
2017-18,156,West,vtjze,30 PALDI,250.0,8.04,08.04.21,,,vtjze Nthœtfwkks mtumtgxelt swœt swœt xe.ve. hM<tytu 250.00 6.00 yuÕt.S ait^he 08.04.21 aehtd fltzt ylej «òvr< yth.xe.htXJt jkctE vntu¤tE yt.E. yt.me.E. zu.me.R. 2017-18 ylw. lkk. Ítul Jtuzo htuzlwkk ltb ¾tuLx[[t.lwkk ltb DLP vwwKo &lth <th
2017-18,157,West,vtjze,30 PALDI,300.0,23.11,23.11.20,,,vtjze vrhbj yLzhvtm &e ytkkctJtze Bgw.Nt¤t mw^eltu hM<tu 300.00 7.00 Cdeh& yumtumeyuNl 23.11.20 aehtd fltzt ylej «òvr< yth.xe.htXJt
2017-18,158,West,vtjze,30 PALDI,360.0,27.11,27.11.20,,,vtjze mtuihtÐ[[ mtumtgxe &e Cwœhvwht mw^eltu hM<tu 360.00 5.50 Cdeh& yumtumeyuNl 27.11.20 aehtd fltzt ylej «òvr< yth.xe.htXJt
2017-18,159,West,vtjze,30 PALDI,200.0,26.11,26.11.20,,,vtjze mwœtbt rhmtuox &e btœjvwh yLzhc{es mw^e 200.00 8.00 Cdeh& yumtumeyuNl 26.11.20 aehtd fltzt ylej «òvr< yth.xe.htXJt
2017-18,160,West,vtjze,30 PALDI,250.0,26.05,26.05.20,,,vtjze f]vtmtdh mtumtgxe &e sul mwvh btfuox mw^e 250.00 6.00 Cdeh& yumtumeyuNl 26.05.20 aehtd fltzt ylej «òvr< yth.xe.htXJt
2017-18,161,West,vtjze,30 PALDI,520.0,2.01,02.01.21,,,vtjze ftuahc yt©b &e ftdœeJtz mw^e 520.00 6.00 yuÕt.S ait^he 02.01.21 aehtd fltzt ylej «òvr< yth.xe.htXJt
2017-18,162,West,vtjze,30 PALDI,300.0,2.01,02.01.21,,,vtjze ftuahc dtb<¤ sw>t sw>t htuuz 300.00 6.00 yuÕt.S ait^he 02.01.21 aehtd fltzt ylej «òvr< yth.xe.htXJt
2017-18,163,West,vtjze,30 PALDI,220.0,1.04,01.04.21,,,vtjze rºtfbjtjle atje &e nlwbtl bkkrœh mw^e 220.00 4.00 yuÕt.S ait^he 01.04.21 aehtd fltzt ylej «òvr< yth.xe.htXJt
2017-18,164,West,vtjze,30 PALDI,525.0,1.04,01.04.21,,,vtjze vkkfs mtumtgxe &e ce.yth.xe.yum. mw^e 525.00 6.00 yuÕt.S ait^he 01.04.21 aehtd fltzt ylej «òvr< yth.xe.htXJt
2017-18,165,West,vtjze,30 PALDI,220.0,1.04,01.04.21,,,vtjze htsldh mtumtgxe &e yul.ytR.ze.mw^e 220.00 8.00 yuÕt.S ait^he 01.04.21 aehtd fltzt ylej «òvr< yth.xe.htXJt
2017-18,166,West,vtjze,30 PALDI,150.0,12.04,12.04.21,,,vtjze vtjze ycol nuÕ& muLxh &e f]r<ft mtumtgxe 150.00 7.00 Cdeh& yumtumeyuNl 12.04.21 aehtd fltzt ylej «òvr< yth.xe.htXJt
2017-18,167,West,vtjze,30 PALDI,150.0,13.04,13.04.21,,,vtjze mwCœ[[t ntuMvexj &e melegh mexeÍl vtfo mw^e 150.00 6.00 Cdeh& yumtumeyuNl 13.04.21 aehtd fltzt ylej «òvr< yth.xe.htXJt
2017-18,168,West,JtmKt,31 VASNA,600.0,21.0,21-05-20,,,JtmKt ftuXthe ntuMvexj &e lthtgKldh htuz 600.00 8.00 Cdeh& yumtumeguxm 21-05-20 ysg vxuj S<uL÷ ztCe yth.xe.htXJt
2017-18,169,West,JtmKt,31 VASNA,300.0,21.0,21-05-20,,,JtmKt irzJtRl jtRV Mfwj &e Mlun nturMvxj (ce.yth.xe.yum) 300.00 7.00 Cdeh& yumtumeguxm 21-05-20 ysg vxuj S<uL÷ ztCe yth.xe.htXJt
2017-18,170,West,JtmKt,31 VASNA,330.0,25.0,25-05-20,,,JtmKt rzJtRl jtRV Mfwj &e btunlbtuhthe Vjux 330.00 5.00 Cdeh& yumtumeguxm 25-05-20 ysg vxuj S<uL÷ ztCe yth.xe.htXJt
2017-18,171,West,JtmKt,31 VASNA,1150.0,18.0,11-06-20,,,JtmKt NtnJtze Jtu.ze.MxuNl &e mns mfoj htuz 1150.00 18.00 Cdeh& yumtumeguxm 11-06-20 ysg vxuj S<uL÷ ztCe yth.xe.htXJt
2017-18,172,West,JtmKt,31 VASNA,165.0,11.0,11-06-20,,,JtmKt ckme^h dtzol htuz 165.00 9.70 Cdeh& yumtumeguxm 11-06-20 ysg vxuj S<uL÷ ztCe yth.xe.htXJt jkctE vntu¤tE yt.E. yt.me.E. zu.me.R. 2017-18 ylw. lkk. Ítul Jtuzo htuzlwkk ltb ¾tuLx[[t.lwkk ltb DLP vwwKo &lth <theF fhuj ftbdehele htuzle ftb
2017-18,173,West,mtchb<e,04 SABARMATI,550.0,12.0,22.02.2021,,,mtchb<e ©æ^t ckøjtum htuz 550.00 12.00 htugj RL£t.«t.je 22.02.2021 rJbj vxuj bdlCtE <cegtz yub.ve.vhbth
2017-18,174,West,lJhkdvwht,18 NAVRANGPURA,625.0,10.0,13.05.20,,,lJhkdvwht mknòlœ ftujus &e yufmtRÍ atufe &R fu<J vux[tuj vkv mw^e 625.00 10.00 Cdeh& yumtumeyuxm 13.05.20 sgr>v rbMºte htbtS Xtftuh yth.xe.htXJt
2017-18,175,West,lJhkdvwht,18 NAVRANGPURA,357.0,18.06,18.06.20,,,lJhkdvwht mtihC dtzol ath hM<t &e ftRÍul ntuMvexj Jt¤tu htuz 357.00 9.50 Cdeh& yumtumeyuxm 18.06.20 sgr>v rbMºte htbtS Xtftuh yth.xe.htXJt
2017-18,176,West,lJhkdvwht,18 NAVRANGPURA,160.0,10.0,18.06.20,,,lJhkdvwht mtihC mtumt. cm MxuLz &e mnòlkœ humezuLme mw^e 160.00 10.00 Cdeh& yumtumeyuxm 18.06.20 sgr>v rbMºte htbtS Xtftuh yth.xe.htXJt
2017-18,177,West,lJhkdvwht,18 NAVRANGPURA,175.0,14.06,14.06.20,,,lJhkdvwht murJgh ntuMvexj &e lt&tjtj mtumt. ltu vtA¤ltu hM<tu 175.00 9.30 Cdeh& yumtumeyuxm 14.06.20 sgr>v rbMºte htbtS Xtftuh yth.xe.htXJt
2017-18,178,West,lJhkdvwht,18 NAVRANGPURA,204.0,17.04,17.04.21,M/s L.G. Chaudhary,,lJhkdvwht sil >uhtmh ¢tum JÕzle mtbu 204.00 7.50 bummo yuj.S.ati^he 17.04.21 sgr>v rbMºte htbtS Xtftuh yth.xe.htXJt
2017-18,179,West,lJhkdvwht,18 NAVRANGPURA,200.0,10.05,19.04.21,M/s L.G. Chaudhary,,lJhkdvwht muLx ÍuJegmo ath hM<t &e a¢^the htuzMxtuh ath hM<t 200.00 10.05 bummo yuj.S.ati^he 19.04.21 sgr>v rbMºte htbtS Xtftuh yth.xe.htXJt
2017-18,180,West,lJhkdvwht,18 NAVRANGPURA,207.0,6.05,06.05.20,,,lJhkdvwht ytÍtœ mtumt. CtJldhe dtkXegt Jt¤tu hM<tu 207.00 6.60 Cdeh& yumtumeyuxm 06.05.20 sgr>v rbMºte htbtS Xtftuh yth.xe.htXJt
2017-18,181,West,lJhkdvwht,18 NAVRANGPURA,304.0,2.02,02.02.21,M/s L.G. Chaudhary,,lJhkdvwht mknòlœ ftujusle vtA¤ &e slv& Ntuved muLxh &e ytR.ytR.yub htuz mw^e 304.00 9.00 bummo yuj.S.ati^he 02.02.21 sgr>v rbMºte htbtS Xtftuh yth.xe.htXJt
2017-18,182,West,lJhkdvwht,18 NAVRANGPURA,492.0,8.12,08.12.20,,,lJhkdvwht dehehts ztuyuMf cukf &e akLœ[jtuf vtKele vhc &R btultjemt &R ytkctJtze mfoj mw^e 492.00 6.80 Cdeh& yumtumeyuxm 08.12.20 sgr>v rbMºte htbtS Xtftuh yth.xe.htXJt
2017-18,183,West,lJhkdvwht,18 NAVRANGPURA,159.0,31.03,31.03.21,M/s L.G. Chaudhary,,lJhkdvwht vkaJxe rJM<thbtk mwgoh& ftuBvjuût cukf ytuV RLzegt le Jåau Jt¤e WCe ºtK hM<t mw^e dje 159.00 6.20 bummo yuj.S.ati^he 31.03.21 sgr>v rbMºte htbtS Xtftuh yth.xe.htXJt
2017-18,184,West,lJhkdvwht,18 NAVRANGPURA,320.0,9.12,09.12.20,,,lJhkdvwht vxuj mtumt.œuhtmhJt¤e dje &e fu.ve. ntuMxuj <&t N<vºt <hVle dje 320.00 4.05 Cdeh& yumtumeyuxm 09.12.20 sgr>v rbMºte htbtS Xtftuh yth.xe.htXJt
2017-18,185,West,lJhkdvwht,18 NAVRANGPURA,79.0,14.05,14.05.20,,,lJhkdvwht Ntjebth mtumtgxe Jt¤tu xe.ve. htuz yt©b htuz 79.00 7.10 Cdeh& yumtumeyuxm 14.05.20 sgr>v rbMºte htbtS Xtftuh yth.xe.htXJt
2017-18,186,West,lJhkdvwht,18 NAVRANGPURA,147.0,14.05,14.05.20,,,lJhkdvwht beXtF¤e huÕJu ¢tumed &e yt©b htuz <hV ltu htuz 147.00 8.90 Cdeh& yumtumeyuxm 14.05.20 sgr>v rbMºte htbtS Xtftuh yth.xe.htXJt
2017-18,187,West,lJt,06 NEW WADAJ,1100.0,10.0,21-09-20,M/s L.G. Chaudhary,,lJt Jtzs yFcthldh mfoj&e ©elt& yu.yub.xe.yum. zuvtu htuz 1100.00 10.00 yuj.S.ati^he 21-09-20 rJNtj Jztjegt m<tGþ yæJGtwo yua.xe.bnu<t jkctE vntu¤tE yt.E. yt.me.E. zu.me.R. 2017-18 ylw. lkk. Ítul Jtuzo htuzlwkk ltb ¾tuLx[[t.lwkk ltb DLP vwwK
2017-18,188,West,lJt,06 NEW WADAJ,800.0,13.5,02-12-20,M/s L.G. Chaudhary,,lJt Jtzs htKev ©eSldh rJCtd-2 &e rhÂæ^ rmÂæ^ Mþ^eltu htuz 800.00 13.50 yuj.S.ati^he 02-12-20 rJNtj Jztjegt m<tGþ yæJGtwo yua.xe.bnu<t
2017-18,189,West,lthKvwht/ctu,09 NARANPURA,900.0,18.0,12-04-22,Nar Narayan Infrastructure Pvt Ltd,,lthKvwht/ctu zfœuJ yu.R.me.c{es&e rJJuftlkœ atuf mw^e 900.00 18.00 lhlthtgtK RL£tMx[fah «t.je. 12-04-22 ©e «¿tuN xkzuj ©e yrb< ckmj ©e ve.ze.vxuj
2017-18,190,West,lJhkdvwht,18 NAVRANGPURA,750.0,12.0,18-04-21,,,lJhkdvwht lubelt& mtumtgxe &e yu.yub. yu. Mw^e 750.00 12.00 htugj RL£t yuLSleghekd «t. je. 18-04-21 ©e bgwhvxuj/hbu N vhbth ©e yrb< ckmj/ i/c rlhs vwhturn< ©e ve.ze.vxuj
2017-18,191,West,lJhkdvwht,18 NAVRANGPURA,650.0,15.0,01-05-21,,,lJhkdvwht MJt<e mtumtgxe &e jFwze mfoj mw^eltu htuz 650.00 15.00 htugj RL£t yuLSleghekd «t. je. 01-05-21 ©e bgwh vxuj/ ©e mksg vxuj ©e yrb< ckmj ©e ve.ze.vxuj
2017-18,192,West,atkœFuzt,03 CHANDKHEDA,800.0,15.0,11-01-22,,,atkœFuzt fze ltdrhf mnfthe cukf&e bKe«Cw Mfwj mw^e 800.00 15.00 htugj RL£t yuLSleghekd «t. je. 11-01-22 ©e bgwh vxuj/ ©e mksg vxuj ©e yrb< ckmj ©e ve.ze.vxuj
2017-18,193,West,mtchb<e,04 SABARMATI,550.0,18.0,10-04-22,,,mtchb<e mngtud ÃjtÍt&e bt^J ÃjtÍt (ze.ce.yub.) 550.00 18.00 htugj RL£t yuLSleghekd «t. je. 10-04-22 ©e mksgCtR vxuj ©e yrb< ckmj ©e ve.ze.vxuj
2017-18,194,West,htKev,05 RANIP,250.0,20.0,28-01-22,,,"htKev, lJt Jtzs htKev c{es &e cjtujldh ath hM<t mw^eltu htuz 250.00 20.00 htugj RL£t yuLSleghekd «t. je. 28-01-22 ©e bgwh vxuj/ ©e mksg vxuj ©e yrb< ckmj ©e ve.ze.vxuj"
2017-18,195,West,lJt,06 NEW WADAJ,250.0,15.0,20-02-22,,,lJt Jtzs Jtzs yu.yub.xe.yum. zuvtu&e fehKvtfo mtumtgxe mw^eltu htuz 250.00 15.00 htugj RL£t yuLSleghekd «t. je. 20-02-22 ©e bgwh vxuj/ ©e mksg vxuj ©e yrb< ckmj ©e ve.ze.vxuj
2017-18,196,West,lthKvwht,09 NARANPURA,300.0,15.0,29-01-22,,,lthKvwht lboœt Ãjtux &e mtujt buRl htuz 300.00 15.00 htugj RL£t yuLSleghekd «t. je. 29-01-22 ©e bgwh vxuj/ ©e mksg vxuj ©e yrb< ckmj ©e ve.ze.vxuj
2017-18,197,West,lJt,06 NEW WADAJ,900.0,15.0,20-11-21,,,lJt Jtzs htKev MJebekdvwj &e rlKoogldh yLzhvtm 900.00 15.00 Cdeh& yumtumeyux 20-11-21 ©e bgwh vxuj/ ©e mksg vxuj ©e yrb< ckmj ©e ve.ze.vxuj
2017-18,198,West,htKev,05 RANIP,600.0,15.0,11-01-22,,,htKev htKev c{es &e aulvwh Vtxf 600.00 15.00 Cdeh& yumtumeyux 11-01-22 ©e bgwh vxuj/ ©e mksg vxuj ©e yrb< ckmj ©e ve.ze.vxuj jkctE vntu¤tE yt.E. yt.me.E. zu.me.R. 2017-18 ylw. lkk. Ítul Jtuzo htuzlwkk ltb ¾tuLx[[t.lwkk ltb DLP vwwKo &lth <t
2017-18,199,West,lJhkdvwht,18 NAVRANGPURA,850.0,16.0,25-12-21,,,lJhkdvwht btKufctd mtumtgxe&e vtuvxjtjœtKedtzol 850.00 16.00 Cdeh& yumtumeyux 25-12-21 ©e bgwh vxuj ©e yrb< ckmj ©e ve.ze.vxuj
2017-18,200,West,JtmKt,31 VASNA,850.0,18.0,01-01-22,,,JtmKt sgœev xtJh &e bjtJ <¤tJ 850.00 18.00 Cdeh& yumtumeyux 01-01-22 ©e bgwhp vxuj ©e yrb< ckmj ©e ve.ze.vxuj
2017-18,201,West,lthKvwht,09 NARANPURA,132.0,450.0,29-12-21,,,lthKvwht mukx ÍurJgmo Mfwj&e 132 Vqx hekd htuz (Jt¤elt& atuf) (AuÕjtu vxxtu) 450.00 5.00 Cdeh& yumtumeyux 29-12-21 ©e mksg vxuj ©e yrb< ckmj ©e ve.ze.vxuj
2017-18,202,West,Mxurzgb,10 S.P.STADIUM,150.0,15.0,26-03-21,,,Mxurzgb WMbtlvwwht ath hM<t&e WMbtlvwht yLzh c{es 150.00 15.00 Cdeh& yumtumeyux 26-03-21 ©e bgwh vxuj/ ©e mksg vxuj ©e yrb< ckmj ©e ve.ze.vxuj
2017-18,203,West,lJhkdvwht,18 NAVRANGPURA,150.0,24.0,27-03-21,,,lJhkdvwht RLfbxuût ath hM<t&e dtk^e c{eslt yu«ta mw^e 150.00 24.00 Cdeh& yumtumeyux 27-03-21 ©e bgwh vxuj/ ©e mksg vxuj ©e yrb< ckmj ©e ve.ze.vxuj
2017-18,204,West,vtjze,30 PALDI,190.0,15.0,29-03-21,,,vtjze xtWl ntuj&e yujemc{es yu«tua mw^eltu mrJom htuz 190.00 15.00 Cdeh& yumtumeyux 29-03-21 ©e bgwh vxuj/ ©e mksg vxuj ©e yrb< ckmj ©e ve.ze.vxuj
2017-18,205,West,vtjze,30 PALDI,550.0,20.0,28-11-21,,,vtjze bthJtzele atje&e yle<t mtumtgxe &R J»tto Vjuxlt Atvht 550.00 20.00 Cdeh& yumtumeyux 28-11-21 ©e bgwh vxuj ©e yrb< ckmj ©e ve.ze.vxuj
2017-18,206,West,lJhkdvwht,18 NAVRANGPURA,400.0,16.0,21-02-21,,,lJhkdvwht beXtF¤e A hM<t&e lJhkdvwht ath hM<t 400.00 16.00 Cdeh& yumtumeyux 21-02-21 ©e bgwh vxuj/ ©e mksg vxuj ©e yrb< ckmj ©e ve.ze.vxuj
2017-18,207,North-West,ctuzfœuJ,19 BODAKDEV,38.0,2.05,02.05.2020,,,ctuzfœuJ ~gtbJt¤e djeltu htuz hemhVum fhJtlwwk ftb. 38.00 1.40 ytftN RL£t. 02.05.2020 CtrJf vxuj «KJ vkrz< «Kg Ntn
2017-18,208,North-West,ctuzfœuJ,19 BODAKDEV,45.0,25.4,,,,ctuzfœuJ «uMxeÍ xtJh mtbule dje(RLœ[«M& &e mwCt»t vtfo) mww^eltu htuz hemhVum fhJtlwwk ftb. 45.00 1.80 ytftN RL£t. 25.4.2020 CtrJf vxuj «KJ vkrz< «Kg Ntn
2017-18,209,North-West,ctuzfœuJ,19 BODAKDEV,150.0,12.0,,,,ctuzfœuJ bœh zuhe &e ytb{vtje (fjde) mww^eltu htuz hemhVum fhJtlwwk ftb. 150.00 12.00 ytftN RL£t. 12.5.2020 CtrJf vxuj «KJ vkrz< «Kg Ntn
2017-18,210,North-West,ctuzfœuJ,19 BODAKDEV,100.0,10.0,,,,ctuzfœuJ Mxjeokd yuLfjuJ &e dwwÁîthtle vtA¤ltu htuz hemhVum fhJtlwwk ftb. 100.00 10.00 ytftN RL£t. 12.5.2020 CtrJf vxuj «KJ vkrz< «Kg Ntn
2017-18,211,North-West,ctuzfœuJ,19 BODAKDEV,350.0,23.4,,,,ctuzfœuJ JMºttvwwh vwwhtune< muLzJea Jt¤e djeltu htuz hemhVum fhJtlwwk ftb. 350.00 6.00 ytftN RL£t. 23.4.2020 CtrJf vxuj «KJ vkrz< «Kg Ntn jkctE vntu¤tE yt.E. yt.me.E. zu.me.R. 2017-18 ylw. lkk. Ítul Jtuzo htuzlwkk ltb ¾tuLx[[t.lwkk ltb DLP
2017-18,212,North-West,ctuzfœuJ,19 BODAKDEV,250.0,14.5,,,,"ctuzfœuJ bœh zuhe &e fjde &e rNhtubKe ytb{vtje-1,2 mww^eltu htuz hemhVum fhJtlwwk ftb. 250.00 9.00 ytftN RL£t. 14.5.2020 CtrJf vxuj «KJ vkrz< «Kg Ntn"
2017-18,213,North-West,ctuzfœuJ,19 BODAKDEV,515.0,24.4,,,,ctuzfœuJ ctuzfœuJ Jtuzobtk ycol nuÕ& muuLxh &e mwwFevwwht htuz 515.00 9.30 ytftN RL£t. 24.4.2020 CtrJf vxuj «KJ vkrz< «Kg Ntn
2017-18,214,North-West,ctuzfœuJ,19 BODAKDEV,212.0,1175.0,,,,ctuzfœuJ ctuzfœuJ Jtuzobtk ytkcje dtb xe.ve.-212 htsv& fjc htuz ylu bntft¤e bkrœh &e rmk^wwCJllu stuz<tu htuz hemhVum fhJtlwwk ftb. 1175.00 6.00 ytftN RL£t. 11.5.2020 CtrJf vxuj «KJ vkrz< «Kg Ntn
2017-18,215,North-West,ctuzfœuJ,19 BODAKDEV,212.0,42.0,,,,"ctuzfœuJ ctuzfœuJ Jtuzobtk xe.ve.-212 ,yuV.ve.-42 &e htsv& fjc &e yum.ve.hekd htuz mww^elt htuzlu hemhVum fhJtlwwk ftb. 445.00 9.00 ytftN RL£t. 23.5.2020 CtrJf vxuj «KJ vkrz< «Kg Ntn"
2017-18,216,North-West,ctuzfœuJ,19 BODAKDEV,675.0,,,,,ctuzfœuJ ctuzfœuJ Jtuzobtk Vtuhb xtJh &e yd{Jtj MJex btxo ylu ytlkœ NeJ yuvtxobuLx htuz 675.00 9.00 ytftN RL£t. 6.5.2020 CtrJf vxuj «KJ vkrz< «Kg Ntn
2017-18,217,North-West,ctuzfœuJ,19 BODAKDEV,270.0,18.5,,,,ctuzfœuJ yul.yuV.ze. mfoj &e fKtoJ<e btuxmo &R WIAA mÃ<f VjuxJt¤tu htuz hemhVum fhJtlwwk ftb. 270.00 6.00 ytftN RL£t. 18.5.2020 CtrJf vxuj «KJ vkrz< «Kg Ntn
2017-18,218,North-West,ctuzfœuJ,19 BODAKDEV,415.0,17.5,,,,ctuzfœuJ ctuzfœuJ Jtuzobtk mðgtd{n AtJKe &e Áœ[ ckøjtuÍ 415.00 9.20 ytftN RL£t. 17.5.2020 CtrJf vxuj «KJ vkrz< «Kg Ntn
2017-18,219,North-West,ctuzfœuJ,19 BODAKDEV,1270.0,,,,,ctuzfœuJ ctuzfœuJ Jtuzobtk RMftul &e ctuvj - ytkcje ce.yth.xe.yum. &e mk<wwh ckøjtuÍ &R rmk^wwCJl mww^eltu htuz hemhVum fhJtlwwk ftb. 1270.00 6.00 ytftN RL£t. 1.5.2020 CtrJf vxuj «KJ vkrz< «Kg Ntn
2017-18,220,North-West,&j<us,08 THALTEJ,510.0,20.5,,,,&j<us &j<us JtuzobtkMJtd< d{elrJjt ckøjtuÍ &e &j<us Vtgh MxuNl &e ytrœlt& ckøjtuÍ ylu SJlœev mfoj 510.00 7.00 ytftN RL£t. 20.5.2020 rlfws ytœuNht y<wj vxuj bltus mtujkfe
2017-18,221,North-West,&j<us,08 THALTEJ,405.0,26.5,,,,&j<us &j<us JtuzobtkMJtd< ftJgtksje ckøjtuÍ &e vtfo Ôgww Vjux 405.00 9.00 S.ve.me. 26.5.2020 mtihC vxuj yr<»t ati^he y<wj vxuj
2017-18,222,North-West,Dtxjtuzegt,07 GHATLODIA,270.0,12.0,07.05.2020,,,Dtxjtuzegt rJ^t<t &e hðlbKe mtumtgxe htuz 270.00 12.00 ytftN RL£t. 07.05.2020 CtJelCtR vxuj lJelCtR vxuj y<wjCtR vxuj
2017-18,223,North-West,Dtxjtuzegt,07 GHATLODIA,265.0,12.0,05.05.2020,,,Dtxjtuzegt mJtuoœg rJ.3 &e mwgto Vjux htuz 265.00 12.00 ytftN RL£t. 05.05.2020 CtJelCtR vxuj lJelCtR vxuj y<wjCtR vxuj
2017-18,224,North-West,Dtxjtuzegt,07 GHATLODIA,200.0,3.05,03.05.2020,,,Dtxjtuzegt rlbtoK Vjux &e ftlj xultbuLx htuz 200.00 9.00 ytftN RL£t. 03.05.2020 CtJelCtR vxuj lJelCtR vxuj y<wjCtR vxuj jkctE vntu¤tE yt.E. yt.me.E. zu.me.R. 2017-18 ylw. lkk. Ítul Jtuzo htuzlwkk ltb ¾tuLx[[t.lwkk ltb DLP vwwKo &lth <theF f
2017-18,225,North-West,Dtxjtuzegt,07 GHATLODIA,1109.0,22.05,22.05.2020,,,Dtxjtuzegt NleœuJ bkœeh&e Jt^uµhe mtumtgxe htuz(hujJu vuhujj htuz) 1109.00 9.00 ytftN RL£t. 22.05.2020 CtJelCtR vxuj lJelCtR vxuj y<wjCtR vxuj
2017-18,226,North-West,Dtxjtuzegt,07 GHATLODIA,558.0,10.0,01.05.2020,,,Dtxjtuzegt CtrJl xultbuLx &e mðfth mtumtgxe mw^eltu htuz 558.00 10.00 ytftN RL£t. 01.05.2020 CtJelCtR vxuj lJelCtR vxuj y<wjCtR vxuj
2017-18,227,North-West,Dtxjtuzegt,07 GHATLODIA,750.0,12.0,13.05.2020,,,Dtxjtuzegt fboathe me. xtRv &e fboathe ath hM<t 750.00 12.00 ytftN RL£t. 13.05.2020 CtJelCtR vxuj lJelCtR vxuj y<wjCtR vxuj
2017-18,228,North-West,atkœjtuzegt,02 CHANDLODIA,150.0,20.4,,,,atkœjtuzegt ©eS humezuLme htuz atkœjtuzegt Jtuzo. 150.00 6.00 S.ve.me. 20.4.20 htunlCtR rbMºte Ch<CtR JtDzegt bltusCtR mtujkfe
2017-18,229,North-West,atkœjtuzegt,02 CHANDLODIA,130.0,22.4,,,,atkœjtuzegt vh»ttu<b ldh &e rJµtm mexe htuz 130.00 6.00 S.ve.me. 22.4.20 htunlCtR rbMºte Ch<CtR JtDzegt bltusCtR mtujkfe
2017-18,230,North-West,atkœjtuzegt,02 CHANDLODIA,170.0,20.4,,,,atkœjtuzegt mk<tu»teldh &e ~gtbrJjt htuz <&t vua Jfo 170.00 6.00 S.ve.me. 20.4.20 htunlCtR rbMºte Ch<CtR JtDzegt bltusCtR mtujkfe
2017-18,231,North-West,atkœjtuzegt,02 CHANDLODIA,950.0,15.0,,,,atkœjtuzegt CtdJ< ftuBvjuût ath hM<t &e Nwfl ckøjtuÍ htuz 950.00 15.00 S.ve.me. 8.5.20 htunlCtR rbMºte Ch<CtR JtDzegt «KgCtR Ntn
2017-18,232,North-West,atkœjtuzegt,02 CHANDLODIA,600.0,,,,,atkœjtuzegt atkœjtuzegt Jtuzobtk dKuN dtuÕz &e rlbtoK Vjux mw^e htuz hemhVum fhJtlwwk ftb. 600.00 4.50 S.ve.me. 5.6.20 rn<u»tCtR Ztu¤fegt Ch<CtR JtDzegt «KgCtR Ntn
2017-18,233,North-West,atkœjtuzegt,02 CHANDLODIA,300.0,,,,,atkœjtuzegt atkœjtuzegt Jtuzobtk Ntgtult ath hMt<t &e Wd<e mtumtgxe mw^e htuz hemhVum fhJtlwwk ftb. 300.00 7.00 S.ve.me. 7.6.20 htunlCtR rbMºte Ch<CtR JtDzegt «KgCtR Ntn
2017-18,234,North-West,dtu<t,01 GOTA,180.0,18.04,18.04.2020,,,dtu<t dtu<t Jtuzobtk mtdh mkde< ntRftuxo xukf &e Jk]œtJl mtumt. Htuz 180.00 6.00 S.ve.me. 18.04.2020 ¢wwltj Ntn yrb<CtR vxuj «Kg Ntn
2017-18,235,North-West,dtu<t,01 GOTA,150.0,10.05,10.05.2020,,,"dtu<t dtu<t Jtuzobtk mtdh mkde< yuhegt,©ehkd mtumt. &e Jk]œtJl mtumtgxe 150.00 6.00 S.ve.me. 10.05.2020 ¢wwltj Ntn yrb<CtR vxuj «Kg Ntn"
2017-18,236,North-West,dtu<t,01 GOTA,56.0,150.0,24.05.2020,,,"dtu<t dtu<t Jtuzobtk xe.ve.-56,ntbole Vtbo htuz ylu swwœe swwœe søgtyu 150.00 6.00 ytftN RL£t. 24.05.2020 ¢wwltj Ntn yrb<CtR vxuj «Kg Ntn"
2017-18,237,North-West,"dtu<t,atkœjtu",01 GOTA,1500.0,26.0,17-03-22,,,"dtu<t,atkœjtu zegt mtujt CtdJ< &e atK¾gvwhe c{es mw^e 1500.00 26.00 htugj RL£t yuLSleghekd «t. je. 17-03-22 ©e «¿tuN xkzuj ©e yrb< ckmj ©e ve.ze.vxuj"
2017-18,238,North-West,atkœjtuzegt,02 CHANDLODIA,900.0,20.0,15-03-22,,,atkœjtuzegt rmÕJh Mxth ath hM<t &e bkdjNtkr< vtxeo Ãjtux &R ytR.me.ce. vtfo mw^e. 900.00 20.00 htugj RL£t yuLSleghekd «t. je. 15-03-22 ©e «¿tuN xkzuj ©e yrb< ckmj ©e ve.ze.vxuj
2017-18,239,North-West,lthKvwht,09 NARANPURA,250.0,24.0,19-09-20,,,lthKvwht NtMºte ldh htuz 250.00 24.00 f¤&egt yuLSleghekd yuLz fLMx[fNl «t. je. 19-09-20 ©e «¿tuN xkzuj - ©e ve.ze.vxuj jkctE vntu¤tE yt.E. yt.me.E. zu.me.R. 2017-18 ylw. lkk. Ítul Jtuzo htuzlwkk ltb ¾tuLx[[t.lwkk ltb DLP vwwKo &lth <theF fh
2017-18,240,North-West,dtu<t,01 GOTA,250.0,12.0,20-09-20,,,dtu<t mtujt c{es&e mtgLm mexe htuz 250.00 12.00 f¤&egt yuLSleghekd yuLz fLMx[fNl «t. je. 20-09-20 ©e «¿tuN xkzuj - ©e ve.ze.vxuj
2017-18,241,North-West,ctuzfœuJ,19 BODAKDEV,200.0,12.0,23-09-20,,,ctuzfœuJ m•tt^th&e mtj nturMvxj 200.00 12.00 f¤&egt yuLSleghekd yuLz fLMx[fNl «t. je. 23-09-20 ©e «¿tuN xkzuj - ©e ve.ze.vxuj
2017-18,242,North-West,dtu<t,01 GOTA,1320.0,10.0,23-11-21,,,dtu<t atKfgvwhe c{es&e fthdej vux[tuj vBv mw^e 1320.00 10.00 f¤&egt yuLSleghekd yuLz fLMx[fNl «t. je. 23-11-21 ©e «¿tuN xkzuj ©e yrb< ckmj ©e ve.ze.vxuj
2017-18,243,North-West,&j<us,08 THALTEJ,4700.0,22.0,22-05-21,,,&j<us Cth<e yt©b dhlt¤t&e yum.ve.hekd htuz 4700.00 7.00 f¤&egt yuLSleghekd yuLz fLMx[fNl «t. je. 22-05-21 ©e «¿tuN xkzuj ©e yrb< ckmj ©e ve.ze.vxuj
2017-18,244,South-West,b¾<bvwht,,240.0,27.11,27.11.21,"(?) Construction & Infrastructure (gap-year firm, verify)",,b¾<bvwht Fuztj bLmwhue ntuj &ue ducl Ntn œhdtn htuz 240.00 5.50 halt RL£tMx[¾ah «t.je 27.11.21 bunwj «òvr< yNhVCtR Jtuht nhdturJkœCtR œumtR
2017-18,245,South-West,stu^vwh,20 JODHPUR,350.0,10.5,,,,stu^vwh buzrjLf nturMvxj &e Nuºtwksg xtJh htuz 350.00 9.00 ytftN RLV[t. 10.5.2020 Wœgrmkkn htXJt CtJuN Ôgtm y<wjCtR vxuj
2017-18,246,South-West,stu^vwh,20 JODHPUR,500.0,12.0,,,,stu^vwh Nuj vux[tuj vkv &e ythe ckøjtuÍ htuz 500.00 12.00 ytftN RLV[t. 25.5.2020 Wœgrmkkn htXJt CtJuN Ôgtm y<wjCtR vxuj
2017-18,247,South-West,stu^vwh,20 JODHPUR,500.0,15.0,,,,stu^vwh ze-btxo &e ©æ^t Mfqj htuz 500.00 15.00 ytftN RLV[t. 30.5.2020 Wœgrmkkn htXJt CtJuN Ôgtm y<wjCtR vxuj
2017-18,248,South-West,stu^vwh,20 JODHPUR,250.0,10.0,,,,stu^vwh hðlbrK vtxeo Ãjtux &e «CtJ ckøjtuÍ htuz 250.00 10.00 ytftN RLV[t. 1.6.2020 Wœgrmkkn htXJt CtJuN Ôgtm y<wjCtR vxuj
2017-18,249,South-West,mhFus,33 SARKHEJ,120.0,28.5,,,,mhFus Nuºtwksg mtumtgxe xe.ve htuz 120.00 6.00 ytftN RLV[t. 28.5.2020 ykfwh vxuj Niju»t vwòht nhdturJkœCtR œumtR
2017-18,250,South-West,mhFus,33 SARKHEJ,350.0,30.5,,,,mhFus JMºttvwh Vtxf &e Ctlw htb Vtxf 350.00 4.50 ytftN RLV[t. 30.5.2020 ykfwh vxuj Niju»t vwòht nhdturJkœCtR œumtR
2017-18,251,South-West,mhFus,33 SARKHEJ,490.0,,,,,mhFus nhK mfoj &e rvgwNldh 490.00 7.00 ytftN RLV[t. 3.6.2020 ykfwh vxuj Niju»t vwòht nhdturJkœCtR œumtR
2017-18,252,South-West,mhFus,33 SARKHEJ,390.0,16.6,,,,mhFus bfhct huÕJu ¢tumekd&e bfhct dtb<¤ 390.00 6.50 ytftN RLV[t. 16.6.2020 fehexCtR vxuj Niju»t vwòht nhdturJkœCtR œumtR
2017-18,253,South-West,mhFus,33 SARKHEJ,235.0,98.0,,,,mhFus j¾Íhegt Vjux&e Rbtœ xtJh htuz 235.00 98.00 ytftN RLV[t. 25.6.2020 ykfwh vxuj Niju»t vwòht nhdturJkœCtR œumtR
2017-18,254,South-West,Jusjvwh,32 VEJALPUR,350.0,2017.0,,,,Jusjvwh ^lksg xtJh&e yJSctvt yuJLgw hrtuz 350.00 8.00 ytftN RLV[t. 1.6.2020 blmwFCtR vhbth rcbj CtR œtuNe nhdturJkœCtR œumtR jkctE vntu¤tE yt.E. yt.me.E. zu.me.R. 2017-18 ylw. lkk. Ítul Jtuzo htuzlwkk ltb ¾tuLx[[t.lwkk ltb DLP vwwKo &lth <t
2017-18,255,South-West,Jusjvwh,32 VEJALPUR,285.0,,,,,Jusjvwh sj<hkd vtujem atufe &e Íjf Vjux htuz 285.00 7.00 ytftN RLV[t. 1.6.2020 blmwFCtR vhbth rcbj CtR œtuNe nhdturJkœCtR œumtR
2017-18,256,South-West,Jusjvwh,32 VEJALPUR,400.0,,,,,Jusjvwh N¾<eldh&e lejfkX vujum htuz 400.00 7.00 ytftN RLV[t. 1.6.2020 blmwFCtR vhbth rcbj CtR œtuNe nhdturJkœCtR œumtR
2017-18,257,South-West,Jusjvwh,32 VEJALPUR,400.0,,,,,Jusjvwh mwgoldh&e vtµlt& htuz 400.00 7.00 ytftN RLV[t. 1.6.2020 blmwFCtR vhbth rcbj CtR œtuNe nhdturJkœCtR œumtR
2017-18,258,South-West,stu^vwh,20 JODHPUR,210.0,20.09,20.09.2021,Nar Narayan Infrastructure Pvt Ltd,,stu^vwh stu^vwh Jtuzobtkk rnjxl humezLme &e rhØe ckdjtu mw^eltu htuz <&t yLg søgtyu hemhVuRm fhJtlt ftb 210.00 8.00 lhlthtgK RL£t. 20.09.2021 Wœgrmkkn htXJt CtJuN Ôgtm dtuvtjCtR vxuj
2017-18,259,South-West,mhFus,33 SARKHEJ,1550.0,15.0,13-12-21,,,mhFus htuvzt <¤tJ &e xtuhuLx Vtxf &e vtujem atufe (ze.ce.yub.) 1550.00 15.00 htugj RL£t yuLSleghekd «t. je. 13-12-21 ©e htsuN ytuzegt/ ©e «¿tuN xkzuj ©e yrb< ckmj ©e ve.ze.vxuj
2017-18,260,South-West,mhFus,33 SARKHEJ,500.0,15.0,04-02-22,,,mhFus ÍtjtJtze &e yum.S.ntRJu 500.00 15.00 htugj RL£t yuLSleghekd «t. je. 04-02-22 ©e htsuN ytuzegt/ ©e «¿tuN xkzuj ©e yrb< ckmj ©e ve.ze.vxuj
2017-18,261,South-West,stu^vwh,20 JODHPUR,2700.0,17.0,06-05-21,,,stu^vwh nhK mfoj &e ~gtbj ath hM<t&e ftbuµh ckøjtu 2700.00 17.00 f¤&egt yuLSleghekd yuLz fLMx[fNl «t. je. 06-05-21 ©e «¿tuN xkzuj ©e yrb< ckmj/ i/c rlhsCtR vwhturn< ©e ve.ze.vxuj
2017-18,262,South-West,stu^vwh,20 JODHPUR,1250.0,17.0,02-05-21,,,stu^vwh yum.S.ntRJu&e «njtœldh &R nhK mfoj 1250.00 17.00 f¤&egt yuLSleghekd yuLz fLMx[fNl «t. je. 02-05-21 ©e «¿tuN xkzuj ©e yrb< ckmj/ i/c rlhsCtR vwhturn< ©e ve.ze.vxuj
2017-18,263,South-West,mhFus,33 SARKHEJ,500.0,15.0,,Nar Narayan Infrastructure Pvt Ltd,,mhFus ftuvtuohux htuz 500.00 15.00 lhlthtgtK RL£tMx[fah «t.je. sql -2020 ©e bgwh vxuj ©e ce.ze.vxuj ©e ve.ze.vxuj
2017-18,264,Central,ymthJt,15 ASARWA,800.0,14.0,04-05-20,,,ymthJt atbwkzt c{es &e mk<tu»te mfoj &e ymthJt afjt mw^eltu hM<tu 800.00 14.00 Cdeh& yumtumeyuxm 04-05-20 ©e biºtug JtDujt ©e beluN.ze.Ntn ©e.mksg su.mw&th
2017-18,265,Central,ymthJt,15 ASARWA,1080.0,14.0,20-04-20,,,ymthJt atbwkzt c{es &e ytub ldh huÕJu ¢tumekd 1080.00 14.00 Cdeh& yumtumeyuxm 20-04-20 ©e biºtug JtDujt ©e beluN.ze.Ntn ©e.mksg su.mw&th jkctE vntu¤tE yt.E. yt.me.E. zu.me.R. 2017-18 ylw. lkk. Ítul Jtuzo htuzlwkk ltb ¾tuLx[[t.lwkk ltb DLP v
2017-18,266,Central,œhegtvwh,21 DARIYAPUR,700.0,12.0,12-05-20,,,œrhgtvwh œhegtvwh œhJtò &e Jmk< melubt &R œdtn mfoj htuz 700.00 12.00 Cdeh& yumtumeyuxm 12-05-20 ©e biºtug JtDujt ©e beluN.ze.Ntn ©e.mksg su.mw&th
2017-18,267,Central,Ntnectd,16 SHAHIBAG,900.0,15.0,21-04-20,,,Ntnectd fjtve ctJjt &e htunuœtm mfoj &e fjtveldh AuÕjt cm MxuLz mw^eltu hM<tu. 900.00 15.00 Cdeh& yumtumeyuxm 21-04-20 ©e biºtug JtDujt ©e beluN.ze.Ntn ©e.mksg su.mw&th
2017-18,268,Central,Ntnectd,16 SHAHIBAG,950.0,15.0,20-05-21,Nar Narayan Infrastructure Pvt Ltd,,Ntnectd vwle<ldj ¢tumekd &e JxJt S.ytR.ze.me. htuz 950.00 15.00 lhlthtgtK RL£tMx[fah «t.je. 20-05-21 ©e mwCt»t vxuj ©e beluN.ze.Ntn ©e.mksg su.mw&th 128423fwj
2018-19,1,North,RLzegt,22 INDIA COLONY,438.55,,,,,RLzegt ftujtule yNtuf bej lur¤gt htuz 438.55 8.00 yul.me.me.«t.je. nt ©e chkzt Ctlwœev ©e vhuNCtR ait^he ©eyub.yuj.vhbth
2018-19,2,North,RLzegt,22 INDIA COLONY,120.0,,,,,RLzegt ftujtule atbwkzt c{es mrJom htuz (atbwkztle atje) 120.00 6.00 yul.me.me.«t.je. nt ©e chkzt Ctlwœev ©e rljuNCtR vxuj ©eyub.yuj.vhbth
2018-19,3,North,fwcuhldh,14 KUBERNAGR,572.6,3.05,03.05.2021,N.C.C. Infra Pvt Ltd,,fwcuhldh Jtuzo bntœuJldh buRl htuz 572.60 6.75 yul.me.me RL£t.«t.je 03.05.2021 nheNCtR JKÍtht bwfuNCtR vxuj me.fu.Fhtze
2018-19,4,North,fwcuhldh,14 KUBERNAGR,405.7,5.05,05.05.2021,N.C.C. Infra Pvt Ltd,,fwcuhldh Jtuzo btgt rmlubt buRl htuz 405.70 8.60 yul.me.me RL£t.«t.je 05.05.2021 nheNCtR JKÍtht bwfuNCtR vxuj me.fu.Fhtze
2018-19,5,North,fwcuhldh,14 KUBERNAGR,270.0,12.12,12.12.2021,N.C.C. Infra Pvt Ltd,,fwcuhldh Jtuzo Nkfh CwJl htuz(ckdjt yuhegt) 270.00 8.00 yul.me.me RL£t.«t.je 12.12.2021 S<uLîCtR vxuj bwfuNCtR vxuj me.fu.Fhtze
2018-19,6,North,fwcuhldh,14 KUBERNAGR,550.0,18.05,18.05.2021,N.C.C. Infra Pvt Ltd,,fwcuhldh Jtuzo me Jtuzo vthC{b Jt¤tu htuz 550.00 5.00 yul.me.me RL£t.«t.je 18.05.2021 nheNCtR JKÍtht bwfuNCtR vxuj me.fu.Fhtze
2018-19,7,North,fwcuhldh,14 KUBERNAGR,1150.0,14.12,14.12.2021,N.C.C. Infra Pvt Ltd,,fwcuhldh Jtuzo mwFhtb œhcth ntuj Jt¤tu htuz 1150.00 5.00 yul.me.me RL£t.«t.je 14.12.2021 nheNCtR JKÍtht bwfuNCtR vxuj me.fu.Fhtze
2018-19,8,North,lhtuzt,12 NARODA,259.0,24.1,,N.C.C. Infra Pvt Ltd,,lhtuzt vkfsckøjt&e yrhnk< mtumtgxe mw^e swœe swœe søgt yuu htuz hemhVum fhJtlt ftb 259.00 5.00 yul.me.me RL£t.«t.je 24.1.2022 yÕfuNCtR mtujkfe rJsgCtR «egœNeo lgltcul me. Fhtze.
2018-19,9,North,lhtuzt,12 NARODA,148.0,27.1,,N.C.C. Infra Pvt Ltd,,lhtuzt gwrlgl cuLf&e yswol ftuBvjuût <&t swœe swœe søgt yuu htuz hemhVum fhJtlt ftb 148.00 4.00 yul.me.me RL£t.«t.je 27.1.2022 yÕfuNCtR mtujkfe rJsgCtR «egœNeo lgltcul me. Fhtze.
2018-19,10,North,lhtuzt,12 NARODA,176.0,30.11,30.11.2021,N.C.C. Infra Pvt Ltd,,lhtuzt bt^J Wægtl &e vtgjldh <&t swœe swœe søgt yuu htuz hemhVum fhJtlt ftb 176.00 6.00 yul.me.me RL£t.«t.je 30.11.2021 yÕfuNCtR mtujkfe rJsgCtR «egœNeo lgltcul me. Fhtze.
2018-19,11,North,lhtuzt,12 NARODA,130.0,27.1,,N.C.C. Infra Pvt Ltd,,lhtuzt dwlJk<ldh &e nlwbk< bkrœh <&t swœe swœe søgt yuu htuz hemhVum fhJtlt ftb 130.00 5.00 yul.me.me RL£t.«t.je 27.1.2022 yÕfuNCtR mtujkfe rJsgCtR «egœNeo lgltcul me. Fhtze.
2018-19,12,North,lhtuzt,12 NARODA,120.0,28.12,28.12.2021,N.C.C. Infra Pvt Ltd,,lhtuzt «Cwvtfo&e bt^Jctd <&t swe swœe søgt yu htuz hemhVum fhJtlt ftb 120.00 6.00 yul.me.me RL£t.«t.je 28.12.2021 yÕfuNCtR mtujkfe rJsgCtR «egœNeo lgltcul me. Fhtze.
2018-19,13,North,lhtuzt,12 NARODA,580.0,12.0,,N.C.C. Infra Pvt Ltd,,lhtuzt Fturzgth bkrœh &e Njel Mfwj mw^e htuz hemhVum fhJtlt ftb 580.00 12.00 yul.me.me RL£t.«t.je 3.1.2022 yÕfuNCtR mtujkfe rJsgCtR «egœNeo lgltcul me. Fhtze.
2018-19,14,North,lhtuzt,12 NARODA,770.0,21.2,,N.C.C. Infra Pvt Ltd,,lhtuzt bekjekd Jfo htuL hemhVum btunlldh &e lJgwd ftu{m htuz 770.00 9.00 yul.me.me RL£t.«t.je 21.2.2022 yÕfuNCtR mtujkfe rJsgCtR «egœNeo lgltcul me. Fhtze.
2018-19,15,North,lhtuzt,12 NARODA,250.0,,,N.C.C. Infra Pvt Ltd,,lhtuzt Vwz vtuRLx &e MJtbelthtgK bkrœh 250.00 8.00 yul.me.me RL£t.«t.je 4.12.2021 yÕfuNCtR mtujkfe rJsgCtR «egœNeo lgltcul me. Fhtze.
2018-19,16,North,lhtuzt,12 NARODA,90.0,2018.0,,N.C.C. Infra Pvt Ltd,,lhtuzt rJægtbkrœh Mfwjle ctswbtk 90.00 4.00 yul.me.me RL£t.«t.je 5.12.2021 yÕfuNCtR mtujkfe rJsgCtR «egœNeo lgltcul me. Fhtze. Jtuzo htuzlwkk ltb ¾tuLx[[t.lwkk ltb DLP vwwKo &lth <theF fhuj ftbdehele htuzle ftbdehe fhtJlth yr^fthelwkk ltbyl
2018-19,17,North,mhœthldh,11 SARDARNAGAR,557.0,19.0,19-02-21,N.C.C. Infra Pvt Ltd,,mhœthldh sgtur< ntuxj &e ykrcftldh ChJtzJtm mw^eltu htuz 557.00 6.50 yul.me.me RL£tMx[fah «t.je 19-02-21 S<uL÷ Jmigt rlju»tCtR vxuj me.fu.Fhtze
2018-19,18,North,mhœthldh,11 SARDARNAGAR,92.0,17.0,17-02-21,N.C.C. Infra Pvt Ltd,,mhœthldh mwfu<w ckøjtuÍ &e hKbw¾<uµh mw^eltu htuz 92.00 7.00 yul.me.me RL£tMx[fah «t.je 17-02-21 hbuNCtR atbwkzegt rlju»tCtR vxuj me.fu.Fhtze
2018-19,19,North,mhœthldh,11 SARDARNAGAR,150.0,31.0,31-05-21,N.C.C. Infra Pvt Ltd,,mhœthldh mwCtmldh ltu bul htuz 150.00 5.00 yul.me.me RL£tMx[fah «t.je 31-05-21 S<uL÷ Jmigt rlju»tCtR vxuj me.fu.Fhtze
2018-19,20,North,mhœthldh,11 SARDARNAGAR,225.0,5.0,05-06-21,N.C.C. Infra Pvt Ltd,,mhœthldh ht^t MJtbe mtumtgxe vtmultu xe.ve htuz 225.00 8.00 yul.me.me RL£tMx[fah «t.je 05-06-21 S<uL÷ Jmigt rlju»tCtR vxuj me.fu.Fhtze
2018-19,21,North,mhœthldh,11 SARDARNAGAR,67.0,193.0,23-05-21,N.C.C. Infra Pvt Ltd,,mhœthldh xe.ve-67 <ts ntuxjle vtmultu htuz 193.00 5.50 yul.me.me RL£tMx[fah «t.je 23-05-21 hbuNCtR atbwkzegt rlju»tCtR vxuj me.fu.Fhtze
2018-19,22,North,mhœthldh,11 SARDARNAGAR,855.0,10.8,29-12-21,N.C.C. Infra Pvt Ltd,,mhœthldh ytR.xe.ytR ykzhvtm &e ntubdtzo buœtl mw^eltu htuz 855.00 10.80 yul.me.me RL£tMx[fah «t.je 29-12-21 S<uL÷ Jmigt rœvf mkDJe me.fu.Fhtze
2018-19,23,North,X¬hldh,,100.0,178.3,18.04.21,N.C.C. Infra Pvt Ltd,,X¬hldh 100 Vqx MJåA<t mfoj&e Lgw Bgwrlrmvj Mfwj htuz 178.30 9.75 yul.me.me RL£tMx[fah «t.je 18.04.21 mtimCCtR vxuj rœvfCtR mkDJe lgltcul Fhtze
2018-19,24,North,X¬hldh,,252.4,20.04,20.04.21,N.C.C. Infra Pvt Ltd,,X¬hldh h<lct htuz Wvh ytJuj cîelthtgK ¢tum htuz &e le^evtfo mtumt. mw^eltu htuz 252.40 7.93 yul.me.me RL£tMx[fah «t.je 20.04.21 mtimCCtR vxuj rœvfCtR mkDJe lgltcul Fhtze
2018-19,25,North,X¬hldh,,111.7,21.04,21.04.21,N.C.C. Infra Pvt Ltd,,X¬hldh ytmtbCtR le atje Jt¤tu htuz 111.70 4.20 yul.me.me RL£tMx[fah «t.je 21.04.21 mtimCCtR vxuj rœvfCtR mkDJe lgltcul Fhtze
2018-19,26,North,X¬hldh,,171.6,21.04,21.04.21,N.C.C. Infra Pvt Ltd,,X¬hldh rJbjvtfo htuz 171.60 7.52 yul.me.me RL£tMx[fah «t.je 21.04.21 mtimCCtR vxuj rœvfCtR mkDJe lgltcul Fhtze jkctE vntu¤tE yt.E. yt.me.E. zu.me.R. Jtuzo htuzlwkk ltb ¾tuLx[[t.lwkk ltb DLP vwwKo &lth <theF fhuj ftbdehele htuzle ftbdehe fht
2018-19,27,North,X¬hldh,,405.4,22.04,22.04.21,N.C.C. Infra Pvt Ltd,,X¬hldh gtuduµh Vjux &e Nwfl xultbuLx mw^eltu htuz 405.40 8.00 yul.me.me RL£tMx[fah «t.je 22.04.21 mtimCCtR vxuj rœvfCtR mkDJe lgltcul Fhtze
2018-19,28,North,mhœth,11 SARDARNAGAR,845.0,10.0,07.05.21,N.C.C. Infra Pvt Ltd,,X¬hldh mhœth atuf &e bt^J btuj mw^eltu htuz 845.00 10.00 yul.me.me RL£tMx[fah «t.je 07.05.21 mtimCCtR vxuj rœvfCtR mkDJe lgltcul Fhtze
2018-19,29,North,X¬hldh,,476.67,17.05,17.05.21,(?) Infracon variant (verify),,X¬hldh Cr¾<ldh ¢tum htuz &e b^wJl øjtuhe Jt¤tu htuz 476.67 4.80 yt»tem RL£tftul 17.05.21 mtimCCtR vxuj rœvfCtR mkDJe lgltcul Fhtze
2018-19,30,North,X¬hldh,,100.0,81.3,03.01.22,N.C.C. Infra Pvt Ltd,,X¬hldh 100 Vqx htuz &e jJ ckøjtuÍ xe.ve htuz 81.30 9.10 yul.me.me RL£t.«t.je 03.01.22 mtimCCtR vxuj vhuNCtR ati^he lgltcul Fhtze
2018-19,31,North,X¬hldh,,104.5,3.01,03.01.22,N.C.C. Infra Pvt Ltd,,X¬hldh òlfe ntRxm &e yûth^tb xultbuLx htuz 104.50 8.50 yul.me.me RL£t.«t.je 03.01.22 mtimCCtR vxuj vhuNCtR ati^he lgltcul Fhtze
2018-19,32,North,mhmvwh,27 SARASPUR-RAKHIYAL,59.95,15.84,13.03.21,N.C.C. Infra Pvt Ltd,,mhmvwh- hrFgtj yuJhuMx ath hM<t vtmu ^tctJt¤e atje vtmu 59.95 15.84 yul.me.me RL£t.«t.je 13.03.21 rahtdCtR JmtJt ytR.ze.htXtuz yth.me.bun<t
2018-19,33,North,mhmvwh,27 SARASPUR-RAKHIYAL,250.0,17.04,17.04.21,N.C.C. Infra Pvt Ltd,,mhmvwh- hrFgtj htSJldh&e yL<tuœgldh mtumtgxe mw^e 250.00 9.77 yul.me.me RL£t.«t.je 17.04.21 dti<b «òvr< ytR.ze.htXtuz yth.me.bun<t
2018-19,34,North,mhmvwh,27 SARASPUR-RAKHIYAL,449.2,25.05,25.05.21,N.C.C. Infra Pvt Ltd,,mhmvwh- hrFgtj Nthœtcul ath hM<t&e ytkkcuzfh ntuj mw^e 449.20 8.16 yul.me.me RL£t.«t.je 25.05.21 dti<b «òvr< ytR.ze.htXtuz yth.me.bun<t
2018-19,35,North,ctvwldh,26 BAPUNAGAR,236.2,22.04,22.04.22,N.C.C. Infra Pvt Ltd,,ctvwldh htuz hemhVum ytlkœVjux xgwcJujMxuNl&e btÁr< ¾jtm ¢tum htuz &e vthel vtl muLxh 236.20 7.20 yul.me.me RL£t.«t.je 22.04.22 yhrJœCtR Chtzegt le<el CtR Ntn ytR.ze.htXtuz
2018-19,36,North,RLzegt,22 INDIA COLONY,700.0,24.0,14-05-21,,,RLzegt ftujtule ~gtb rNFh &e yrlj Mx[tao 700.00 24.00 Cdeh& yumtumeyuxm 14-05-21 v]ÚJej cthtux bnuN htsvw< yub.yuj.vhbth
2018-19,37,North,fwcuh,14 KUBERNAGR,1400.0,18.0,06-02-21,,,fwcuh ldh RLze¾Jev &e htòJeh mfoj 1400.00 18.00 Cdeh& yumtumeyuxm 06-02-21 rahtd dtkdtuj bnuN htsvw< yub.yuj.vhbth
2018-19,38,South,bKeldh,37 MANINAGAR,375.0,30.0,30-11-21,N.C.C. Infra Pvt Ltd,,bKeldh «ftNldh xe.ve.htuz vife belt Ntuvekkkkd muLxh &e mJeoj Vjux mw^e 375.00 5.04 yul.me.me.RL£tMvu m «t.je. 30-11-21 bnuNCtR Xtfh rahtdCtR c{{nbCè vhuNCtR Ntn
2018-19,39,South,bKeldh,37 MANINAGAR,360.0,26.0,26-11-21,N.C.C. Infra Pvt Ltd,,bKeldh htbctd vtujem MxuNlle mtbu.ytR.ce.ve vux[tuj vkkkv &e ytCt juctuhuxhe mw^e 360.00 4.50 yul.me.me.RL£tMvu m «t.je. 26-11-21 bnuNCtR Xtfh rahtdCtR c{{nbCè vhuNCtR Ntn
2018-19,40,South,bKeldh,37 MANINAGAR,426.0,23.0,23-11-21,N.C.C. Infra Pvt Ltd,,bKeldh Vwxctuj d{tWLz &e studKebt<tlt bkkkrœh mw^e ltu xe.ve. htuz 426.00 7.00 yul.me.me.RL£tMvu m «t.je. 23-11-21 bnuNCtR Xtfh rahtdCtR c{{nbCè vhuNCtR Ntn
2018-19,41,South,bKeldh,37 MANINAGAR,253.0,23.0,23-11-21,N.C.C. Infra Pvt Ltd,,bKeldh neht ftuÕz[ekfm &R sgldh cebt Ntuvekd muLxh mw^e ltu htuz 253.00 5.50 yul.me.me.RL£tMvu m «t.je. 23-11-21 bnuNCtR Xtfh rahtdCtR c{{nbCè vhuNCtR Ntn jkctE vntu¤tE yt.E. yt.me.E. zu.me.R. Jtuzo htuzlwkk ltb ¾tuLx[[t.lwkk ltb DLP vwwKo 
2018-19,42,South,bKeldh,37 MANINAGAR,141.4,24.0,24-12-21,N.C.C. Infra Pvt Ltd,,bKeldh xe.ze.ftuBvjuût le Yçm Mfwj le djeJt¤tu htuz 141.40 4.10 yul.me.me.RL£tMvu m «t.je. 24-12-21 bnuNCtR Xtfh rahtdCtR c{{nbCè vhuNCtR Ntn
2018-19,43,South,bKeldh,37 MANINAGAR,197.1,23.0,23-12-21,N.C.C. Infra Pvt Ltd,,bKeldh bntœuJ Cigt ckøjtuÍ &e ©eS vtfo mw^eltu htuz 197.10 3.70 yul.me.me.RL£tMvu m «t.je. 23-12-21 bnuNCtR Xtfh rahtdCtR c{{nbCè vhuNCtR Ntn
2018-19,44,South,bKeldh,37 MANINAGAR,457.6,21.0,21-12-21,N.C.C. Infra Pvt Ltd,,bKeldh ztuo.Nbto œJtFtlt &e ctjf]»K nJuje &R isil œuhtmh mw^eltu htuz 457.60 4.50 yul.me.me.RL£tMvu m «t.je. 21-12-21 bnuNCtR Xtfh rahtdCtR c{{nbCè vhuNCtR Ntn
2018-19,45,South,bKeldh,37 MANINAGAR,459.0,11.0,29-10-21,N.C.C. Infra Pvt Ltd,,bKeldh hbKldh ce.yth.xe.yum. &e hbKldh xufht &R swle ytht^lt ath hM<t mw^eltu htuz 459.00 11.00 yul.me.me.RL£tMvu m «t.je. 29-10-21 bnuNCtR Xtfh rahtdCtR c{{nbCè vhuNCtR Ntn
2018-19,46,South,bKeldh,37 MANINAGAR,171.9,17.0,17-12-21,N.C.C. Infra Pvt Ltd,,bKeldh dtuvtj attuf ytCt juctuhuxhe &e œuJtkd mtumtgxe xe.ve.htuz 171.90 5.14 yul.me.me.RL£tMvu m «t.je. 17-12-21 bnuNCtR Xtfh rahtdCtR c{{nbCè vhuNCtR Ntn
2018-19,47,South,bKeldh,37 MANINAGAR,394.0,18.0,18-12-21,N.C.C. Infra Pvt Ltd,,bKeldh mJtuoœg mtumtgxe xe.ve. htuz 394.00 5.60 yul.me.me.RL£tMvu m «t.je. 18-12-21 bnuNCtR Xtfh rahtdCtR c{{nbCè vhuNCtR Ntn
2018-19,48,South,bKeldh,37 MANINAGAR,127.5,19.0,19-12-21,N.C.C. Infra Pvt Ltd,,bKeldh œwl Mfwj vqò yuvtxobuLx xe.ve. htuz 127.50 7.60 yul.me.me.RL£tMvu m «t.je. 19-12-21 bnuNCtR Xtfh rahtdCtR c{{nbCè vhuNCtR Ntn
2018-19,49,South,bKeldh,37 MANINAGAR,168.2,25.0,25-12-21,N.C.C. Infra Pvt Ltd,,bKeldh bwr¾< buœtl swœt-swœt xe.ve. htuz v]ÚJe ntuxj lSf 168.20 5.83 yul.me.me.RL£tMvu m «t.je. 25-12-21 bnuNCtR Xtfh rahtdCtR c{{nbCè vhuNCtR Ntn
2018-19,50,South,bKeldh,37 MANINAGAR,112.0,26.0,26-12-21,N.C.C. Infra Pvt Ltd,,bKeldh bKefKouµh bntœuJ lSf bwr¾<buœtl xe.ve. htuz 112.00 6.65 yul.me.me.RL£tMvu m «t.je. 26-12-21 bnuNCtR Xtfh rahtdCtR c{{nbCè vhuNCtR Ntn
2018-19,51,South,bKeldh,37 MANINAGAR,195.4,27.0,27-12-21,N.C.C. Infra Pvt Ltd,,bKeldh vwrl< yt©b ltk vtA¤ltk Ctdu dtuvtj r¢»lt yuvtxobuLx &e v<htJt¤e atje 195.40 5.20 yul.me.me.RL£tMvu m «t.je. 27-12-21 bnuNCtR Xtfh rahtdCtR c{{nbCè vhuNCtR Ntn
2018-19,52,South,bKeldh,37 MANINAGAR,465.0,6.0,06-03-22,N.C.C. Infra Pvt Ltd,,bKeldh W•tbldh dtb swœt-swœt xe.ve.hM<t 465.00 6.00 yul.me.me.RL£tMvu m «t.je. 06-03-22 bnuNCtR Xtfh rahtdCtR c{{nbCè vhuNCtR Ntn
2018-19,53,South,bKeldh,37 MANINAGAR,252.0,8.0,08-03-22,N.C.C. Infra Pvt Ltd,,bKeldh sdtCtR vtfobtkk ytJuj vxuj CwJl&e jje<fwkkks mw^e 252.00 4.23 yul.me.me.RL£tMvu m «t.je. 08-03-22 bnuNCtR Xtfh rahtdCtR c{{nbCè vhuNCtR Ntn
2018-19,54,South,bKeldh,37 MANINAGAR,57.0,14.0,14-04-22,N.C.C. Infra Pvt Ltd,,bKeldh mhœth vxuj ntRMfwj xe.ve. htuz 57.00 6.03 yul.me.me.RL£tMvu m «t.je. 14-04-22 rnbtkNwkCtR vhbth rahtdCtR c{{nbCè vhuNCtR Ntn
2018-19,55,South,bKeldh,37 MANINAGAR,122.0,29.0,29-05-22,N.C.C. Infra Pvt Ltd,,bKeldh sJtnh ftujtule xe.ve.htuz 122.00 4.00 yul.me.me.RL£tMvu m «t.je. 29-05-22 rnbtkNwkCtR vhbth rahtdCtR c{{nbCè vhuNCtR Ntn
2018-19,56,South,bKeldh,37 MANINAGAR,329.3,10.0,10-01-22,N.C.C. Infra Pvt Ltd,,bKeldh sgldh xe.ve.htuz 329.30 6.00 yul.me.me.RL£tMvu m «t.je. 10-01-22 bnuNCtR Xtfh rahtdCtR c{{nbCè vhuNCtR Ntn
2018-19,57,South,bKeldh,37 MANINAGAR,205.0,14.0,14-04-22,Ashish Infracon Pvt Ltd,,bKeldh rJCqr< mtumt.&e beht ath hM<t &R cuMx ntRMfwj mfoj mw^e 205.00 7.00 ytNe»t RL£tftul «t.je. 14-04-22 rnbtkNwkCtR vhbth rahtdCtR c{{nbCè vhuNCtR Ntn jkctE vntu¤tE yt.E. yt.me.E. zu.me.R. Jtuzo htuzlwkk ltb ¾tuLx[[t.lwkk ltb DLP vwwKo &
2018-19,58,South,bKeldh,37 MANINAGAR,290.0,7.0,07-03-22,N.C.C. Infra Pvt Ltd,,bKeldh ylk< mtumtgxeltk xe.ve. htuz (jûbevwht le atje xe.ve.htuz lu cœju) 290.00 4.65 yul.me.me.RL£tMvu m «t.je. 07-03-22 bnuNCtR Xtfh rahtdCtR c{{nbCè vhuNCtR Ntn
2018-19,59,South,cnuhtbvwht,35 BAHERAMPURA,1354.2,23.0,23-02-22,Nar Narayan Infrastructure Pvt Ltd,,cnuhtbvwht mtublt& bntœuJ bkœeh &e rJNtjt ntRJu mw^e 1354.20 4.50 lhlthtgK RL£tMx[fah «t.je. 23-02-22 yÂlj Ntn btneh CtR bjuf sd< ftuLx[tfxh
2018-19,60,South,cnuhtbvwht,35 BAHERAMPURA,275.0,27.0,27-02-22,Nar Narayan Infrastructure Pvt Ltd,,cnuhtbvwht rcmtuht &e lJhkd z[ulus vkBvekd mw^e ltu htuz 275.00 4.50 lhlthtgK RL£tMx[fah «t.je. 27-02-22 yÂlj Ntn btneh CtR bjuf sd< ftuLx[tfxh
2018-19,61,South,cnuhtbvwht,35 BAHERAMPURA,350.0,27.0,27-10-21,Nar Narayan Infrastructure Pvt Ltd,,cnuhtbvwht nbeœJtze &e bgwh vtfo &R ce.yth.xe.yum htuz mw^e 350.00 4.45 lhlthtgK RL£tMx[fah «t.je. 27-10-21 yhc RhVtl ylkk< vxuj yNtufCtR mfNult
2018-19,62,South,œtKejebzt,36 DANILIMDA,163.0,7.0,07-03-22,Nar Narayan Infrastructure Pvt Ltd,,œtKejebzt Lgw Jtuzo yturVm (œtKejebzt) htuz (bntJeh Mfwj Jt¤tu htuz) 163.00 6.43 lhlthtgK RL£tMx[fah «t.je. 07-03-22 «ftNCtR Cukukukò¤egt Wmbtldle buDhSgt sd< ftuLx[tfxh
2018-19,63,South,œtKejebzt,36 DANILIMDA,302.0,7.0,07-03-22,Nar Narayan Infrastructure Pvt Ltd,,œtKejebzt akztu¤t <¤tJ (Ítht humezuLme atufeœthctJt le œhdtn) 302.00 4.17 lhlthtgK RL£tMx[fah «t.je. 07-03-22 «ftNCtR Cukukukò¤egt Wmbtldle buDhSgt sd< ftuLx[tfxh
2018-19,64,South,œtKejebzt,36 DANILIMDA,116.0,19.0,19-04-22,Nar Narayan Infrastructure Pvt Ltd,,œtKejebzt CSgtJt¤e atje htuz (hmwjtctœ &e sgtur< vtfo mtumtgxe mw^eltu xe.ve htuz) 116.00 5.00 lhlthtgK RL£tMx[fah «t.je. 19-04-22 «ftNCtR Cukukukò¤egt Wmbtldle buDhSgt sd< ftuLx[tfxh
2018-19,65,South,œtKejebzt,36 DANILIMDA,105.0,19.0,19-04-22,Nar Narayan Infrastructure Pvt Ltd,,œtKejebzt vtlJt¤e atje buRl xe.ve.htuz (QkxJt¤e atje htuz ltk cœju ) 105.00 5.50 lhlthtgK RL£tMx[fah «t.je. 19-04-22 «ftNCtR Cukukukò¤egt Wmbtldle buDhSgt sd< ftuLx[tfxh
2018-19,66,South,œtKejebzt,36 DANILIMDA,570.0,23.0,23-04-22,Nar Narayan Infrastructure Pvt Ltd,,œtKejebzt rf<eofwks mtumtgxe xe.ve.htuz 570.00 4.80 lhlthtgK RL£tMx[fah «t.je. 23-04-22 «ftNCtR Cukukukò¤egt Wmbtldle buDhSgt sd< ftuLx[tfxh
2018-19,67,South,FtuFht,44 KHOKHRA,165.0,27.0,27-11-21,Nar Narayan Infrastructure Pvt Ltd,,FtuFht ftNe rJµlt& bkrœh &e ve yuLz xe. mtumt.<hV ltu hM<tu 165.00 6.00 lhlthtgK RL£tMx[fah «t.je. 27-11-21 vjfCtR mhJigt Ch<CtR ati^he XtftuhCtR JmtJt
2018-19,68,South,FtuFht,44 KHOKHRA,210.0,28.0,28-11-21,Nar Narayan Infrastructure Pvt Ltd,,FtuFht ftNe rJµlt& bkrœh &e b^wfwks mtumt.<hV s<tu htuz 210.00 7.30 lhlthtgK RL£tMx[fah «t.je. 28-11-21 vjfCtR mhJigt Ch<CtR ati^he XtftuhCtR JmtJt jkctE vntu¤tE yt.E. yt.me.E. zu.me.R. Jtuzo htuzlwkk ltb ¾tuLx[[t.lwkk ltb DLP vwwKo &lth <t
2018-19,69,South,FtuFht,44 KHOKHRA,160.0,10.0,05-12-21,Nar Narayan Infrastructure Pvt Ltd,,FtuFht btune< zuhe &e ykcu bt<t mw^eltu htuz 160.00 10.00 lhlthtgK RL£tMx[fah «t.je. 05-12-21 vjfCtR mhJigt Ch<CtR ati^he XtftuhCtR JmtJt
2018-19,70,South,FtuFht,44 KHOKHRA,144.0,14.0,14-12-21,Nar Narayan Infrastructure Pvt Ltd,,FtuFht dwsht< nt.ctuzo çjtuf lk.100 vtmu <ubs yLg søgtyu 144.00 6.00 lhlthtgK RL£tMx[fah «t.je. 14-12-21 vjfCtR mhJigt Ch<CtR ati^he XtftuhCtR JmtJt
2018-19,71,South,FtuFht,44 KHOKHRA,563.4,11.3,26-11-21,Nar Narayan Infrastructure Pvt Ltd,,FtuFht swle vkòc luNlj cukf &e mtublt& mtumtgxe &R ftNe rJµlt& bkœeh mw^eltu htuz 563.40 11.30 lhlthtgK RL£tMx[fah «t.je. 26-11-21 vjfCtR mhJigt Ch<CtR ati^he XtftuhCtR JmtJt
2018-19,72,South,FtuFht,44 KHOKHRA,118.0,23.0,23-11-21,Nar Narayan Infrastructure Pvt Ltd,,FtuFht rfrµgl mtumtgxe &e <tbej Mfwj <hV s<tu htuz 118.00 4.85 lhlthtgK RL£tMx[fah «t.je. 23-11-21 vjfCtR mhJigt Ch<CtR ati^he XtftuhCtR JmtJt
2018-19,73,South,FtuFht,44 KHOKHRA,220.0,29.0,29-11-21,Nar Narayan Infrastructure Pvt Ltd,,FtuFht mhœth vtfo mtumtgxe &e aao mw^eltu htuz 220.00 4.95 lhlthtgK RL£tMx[fah «t.je. 29-11-21 vjfCtR mhJigt Ch<CtR ati^he XtftuhCtR JmtJt
2018-19,74,South,FtuFht,44 KHOKHRA,509.0,14.0,14-12-21,Nar Narayan Infrastructure Pvt Ltd,,FtuFht ycol nuÕ& muLxh &e swle vkòc luNlj mw^eltu htuz 509.00 6.81 lhlthtgK RL£tMx[fah «t.je. 14-12-21 vjfCtR mhJigt Ch<CtR ati^he XtftuhCtR JmtJt
2018-19,75,South,FtuFht,44 KHOKHRA,249.0,15.0,15-12-21,Nar Narayan Infrastructure Pvt Ltd,,"FtuFht bKegtmt lt ctfe hnuj htuz, 249.00 5.42 lhlthtgK RL£tMx[fah «t.je. 15-12-21 vjfCtR mhJigt Ch<CtR ati^he XtftuhCtR JmtJt"
2018-19,76,South,FtuFht,44 KHOKHRA,389.0,4.0,04-12-21,Nar Narayan Infrastructure Pvt Ltd,,FtuFht ©evtœJtze &e ytNeoJtœ ntuMvexj &R fwkClt& <hV s<tu htuz 389.00 4.50 lhlthtgK RL£tMx[fah «t.je. 04-12-21 rlju»t CtR «òvr< Ch<CtR ati^he XtftuhCtR JmtJt
2018-19,77,South,FtuFht,44 KHOKHRA,288.0,22.0,22-11-21,Nar Narayan Infrastructure Pvt Ltd,,FtuFht îthfuN Vjux &e vqlb Vjux &R CdJ<e CwJl <hV s<tu htuz 288.00 3.50 lhlthtgK RL£tMx[fah «t.je. 22-11-21 vjfCtR mhJigt Ch<CtR ati^he XtftuhCtR JmtJt
2018-19,78,South,FtuFht,44 KHOKHRA,355.0,2.0,02-12-21,Nar Narayan Infrastructure Pvt Ltd,,FtuFht œrûtKe vnuje dje 355.00 4.85 lhlthtgK RL£tMx[fah «t.je. 02-12-21 rlju»t CtR «òvr< Ch<CtR ati^he XtftuhCtR JmtJt
2018-19,79,South,FtuFht,44 KHOKHRA,246.0,30.0,30-11-21,Nar Narayan Infrastructure Pvt Ltd,,FtuFht œrûtKe ceS dje 246.00 6.33 lhlthtgK RL£tMx[fah «t.je. 30-11-21 rlju»t CtR «òvr< Ch<CtR ati^he XtftuhCtR JmtJt jkctE vntu¤tE yt.E. yt.me.E. zu.me.R. Jtuzo htuzlwkk ltb ¾tuLx[[t.lwkk ltb DLP vwwKo &lth <theF fhuj ftbdehele htuzle ftbde
2018-19,80,South,FtuFht,44 KHOKHRA,128.0,5.0,05-04-22,Nar Narayan Infrastructure Pvt Ltd,,FtuFht vÕjJ ntuMvexj le vtA¤ ltk Ctdu ytJujtu htuz 128.00 lhlthtgK RL£tMx[fah «t.je. 05-04-22 vjfCtR mhJigt Ch<CtR ati^he XtftuhCtR JmtJt
2018-19,81,South,FtuFht,44 KHOKHRA,151.25,7.0,07-04-22,Nar Narayan Infrastructure Pvt Ltd,,FtuFht Dtuztmh dtb<¤ le ytswctswlt hM<t 151.25 9.00 lhlthtgK RL£tMx[fah «t.je. 07-04-22 rlju»t CtR «òvr< Ch<CtR ati^he XtftuhCtR JmtJt
2018-19,82,South,FtuFht,44 KHOKHRA,151.4,11.82,08-04-22,Nar Narayan Infrastructure Pvt Ltd,,FtuFht Dtuztmhdtb &e rJ^tdithe mtumtgxe mw^eltu htuz 151.40 11.82 lhlthtgK RL£tMx[fah «t.je. 08-04-22 rlju»t CtR «òvr< Ch<CtR ati^he XtftuhCtR JmtJt
2018-19,83,South,FtuFht,44 KHOKHRA,245.0,9.0,09-04-22,Nar Narayan Infrastructure Pvt Ltd,,FtuFht ^tuztmh rJM<th btk rJ^tdithe mtumt. &e ck^l mtumt. mw^eltu htuz 245.00 6.75 lhlthtgK RL£tMx[fah «t.je. 09-04-22 rlju»t CtR «òvr< Ch<CtR ati^he XtftuhCtR JmtJt
2018-19,84,South,RLîvwhe,42 INDRAPURI,481.0,8.0,08-03-22,Nar Narayan Infrastructure Pvt Ltd,,RLîvwhe fwNtCtW Xtfhu ntuj&e mðgmtkkkR &R fultj mw^e 481.00 7.63 lhlthtgK RL£tMx[fah «t.je. 08-03-22 hsleftk<CtR bufJtl hbuNCtR cthigt xe.yu.JmtJt
2018-19,85,South,RLîvwhe,42 INDRAPURI,185.0,6.0,06-04-22,Nar Narayan Infrastructure Pvt Ltd,,RLîvwhe cr¤gtldh &e «dr<ldh htuz ybhtRJtze yuhegt 185.00 7.00 lhlthtgK RL£tMx[fah «t.je. 06-04-22 silefCtR mthkd hbuNCtR cthigt xe.yu.JmtJt
2018-19,86,South,Rmlvwh,45 ISANPUR,500.0,8.0,08-02-22,N.C.C. Infra Pvt Ltd,,Rmlvwh Nrf< yuMxux Jt¤tu htuz 500.00 5.50 yul.me.me.RL£tMvu m «t.je. 08-02-22 CtJuNCtR vxuj mw»btcul vxuj vhuNCtR Ntn
2018-19,87,South,Rmlvwh,45 ISANPUR,336.0,12.0,12-02-22,N.C.C. Infra Pvt Ltd,,Rmlvwh rNJb mtumtgxe &e rºtNwj mtumt.mw^e ltu htuz 336.00 5.63 yul.me.me.RL£tMvu m «t.je. 12-02-22 yljCtR Ntn mw»btcul vxuj vhuNCtR Ntn
2018-19,88,South,Rmlvwh,45 ISANPUR,180.0,13.0,13-02-22,N.C.C. Infra Pvt Ltd,,Rmlvwh Jukœtk< Mfwj &e sg©e r¢»lt mtumtgxeu mw^e. 180.00 7.38 yul.me.me.RL£tMvu m «t.je. 13-02-22 yljCtR Ntn mw»btcul vxuj vhuNCtR Ntn
2018-19,89,South,Rmlvwh,45 ISANPUR,173.3,5.0,05-02-22,N.C.C. Infra Pvt Ltd,,Rmlvwh gN ftuBvjuût &e ht^tldh xe.ve.htuz 173.30 8.11 yul.me.me.RL£tMvu m «t.je. 05-02-22 yljCtR Ntn mw»btcul vxuj vhuNCtR Ntn
2018-19,90,South,Rmlvwh,45 ISANPUR,225.0,30.0,30-04-22,N.C.C. Infra Pvt Ltd,,Rmlvwh æJrl mtumtgxe &e Nrf< mtumtgxe mw^eltu htuz 225.00 8.00 yul.me.me.RL£tMvu m «t.je. 30-04-22 CtJuNCtR vxuj mw»btcul vxuj vhuNCtR Ntn
2018-19,91,South,Rmlvwh,45 ISANPUR,222.1,8.0,08-02-22,N.C.C. Infra Pvt Ltd,,Rmlvwh dKuN Vufxhe &e òduµhe mtumt. rJCtd-2 &R abwkzt ldh rJCtd -2 mw^eltu hM<ttu 222.10 4.24 yul.me.me.RL£tMvu m «t.je. 08-02-22 CtJuNCtR vxuj mw»btcul vxuj vhuNCtR Ntn
2018-19,92,South,JxJt,47 VATVA,1122.7,20.0,20-02-22,N.C.C. Infra Pvt Ltd,,JxJt Dtuzmh ath hM<t &e Mb]r<bkrœh &R bwhje^h mtumtgxe <hVltu htuz(fultj mrJom htuz) 1122.70 8.75 yul.me.me.RL£tMvu m «t.je. 20-02-22 rJlg vxuj rfhK «òvr< vhuNCtR Ntn jkctE vntu¤tE yt.E. yt.me.E. zu.me.R. Jtuzo htuzlwkk ltb ¾tuLx[[t.lwkk lt
2018-19,93,South,JxJt,47 VATVA,382.0,26.0,26-04-22,N.C.C. Infra Pvt Ltd,,JxJt rcbj Vtbo mtbu Bgwrl. dtzol Ãjtux &e ztftuhlt& mw^eltu htuz 382.00 7.83 yul.me.me.RL£tMvu m «t.je. 26-04-22 rJlg vxuj c{esuN htJj rfhK «òvr< vhuNCtR Ntn
2018-19,94,South,JxJt,47 VATVA,560.0,5.0,05-05-22,N.C.C. Infra Pvt Ltd,,JxJt Bgwrl. vtxeoÃjtux &e ^ljûbe &R dtbze htuz <hVlt hM<tlu hed{uz fhe hemhVum fhJtlt ftb 560.00 5.85 yul.me.me.RL£tMvu m «t.je. 05-05-22 rJlg vxuj rfhK «òvr< vhuNCtR Ntn
2018-19,95,South,jtkCt,46 LAMBHA,1180.0,1.0,01-02-22,Nar Narayan Infrastructure Pvt Ltd,,jtkCt jtkCtdtb bkœeh &e jtkCtdtb cm MxuLz mw^elt htuz vh z[ulus «tusu¾x îtht ltkFJtbtk ytJuj z[ulus jtRlltk Yx vh htuz WMM juJju vtftu fhJtltk ftb ctc<. 1180.00 7.05 lhlthtgK RL£tMx[fah «t.je. 01-02-22 rœÔguNCtR Cw< gtuduN CtR bÕntuºtt xe.y
2018-19,96,South,jtkCt,46 LAMBHA,225.0,24.0,24-04-22,Nar Narayan Infrastructure Pvt Ltd,,jtkCt «r<CtvÕm ftuBvjuût &e Yce btuxmo mw^eltu hM<tu 225.00 4.70 lhlthtgK RL£tMx[fah «t.je. 24-04-22 –r»tCtR ©ebt¤e fÕvuNCtR ÍtÍYrfgt xe.yu.JmtJt
2018-19,97,South,jtkCt,46 LAMBHA,217.0,24.0,24-04-22,Nar Narayan Infrastructure Pvt Ltd,,jtkCt «òvr<Jtm («btuœbntsl lt Dh) &e Nrf<ldh mw^eltu hM<tu 217.00 4.50 lhlthtgK RL£tMx[fah «t.je. 24-04-22 –r»tCtR ©ebt¤e fÕvuNCtR ÍtÍYrfgt xe.yu.JmtJt
2018-19,98,South,jtkCt,46 LAMBHA,1731.0,4.0,04-05-22,Nar Narayan Infrastructure Pvt Ltd,,jtkCt œuJ ntuxj &e hekdhtuz <hV s<t bwÏg ntRJu Wvh vev¤sdtbbtk mhfthe lu¤egtJt¤tu ctgvtm hM<tu 1731.00 8.45 lhlthtgK RL£tMx[fah «t.je. 04-05-22 ykkrf<CtR «òvr< fÕvuNCtR ÍtÍYrfgt xe.yu.JmtJt
2018-19,99,South,jtkCt,46 LAMBHA,328.0,30.0,30-05-22,Nar Narayan Infrastructure Pvt Ltd,,jtkCt øgtmvwh buRl duxle ztce ctswltu ngt< yJh sJhltu hM<tu zçÕgw.yub.yub juJju vtftu fhe hemhVum fhJt 328.00 3.85 lhlthtgK RL£tMx[fah «t.je. 30-05-22 ykkrf<CtR «òvr< fÕvuNCtR ÍtÍYrfgt xe.yu.JmtJt
2018-19,100,South,jtkCt,46 LAMBHA,1547.0,28.0,28-05-22,Nar Narayan Infrastructure Pvt Ltd,,jtkCt jtkCtJtuzobtk ytJuj xe.ve luNlj ntRJu &e heNe< humezuLme &R JxJt <hV s<e bwÏg fultj mw^eltu hM<tu hemhVuRm fhJtltk ftb 1547.00 6.37 lhlthtgK RL£tMx[fah «t.je. 28-05-22 rœluNCtR vthde gtuduN CtR bÕntuºtt xe.yu.JmtJt
2018-19,101,South,RLîvwhe,42 INDRAPURI,400.0,15.0,17-04-21,,,RLîvwhe htbhtßg ldh &e NeJ vtfo mw^e 400.00 15.00 Cdeh& yumtumeyuxm 17-04-21 sguN œtuNe bnuN htsvw< yub.yuj.vhbth
2018-19,102,South,RLîvwhe,42 INDRAPURI,650.0,12.0,17-04-21,,,RLîvwhe dwYf]vt Mfwj &e œhcth ldh &R fultj mw^e 650.00 12.00 Cdeh& yumtumeyuxm 17-04-21 sguN œtuNe bnuN htsvw< yub.yuj.vhbth
2018-19,103,South,bKeldh,37 MANINAGAR,700.0,15.0,14-04-21,,,bKeldh cuMx ntRMfwj &e dtuh^ol Jtze xufht 700.00 15.00 Cdeh& yumtumeyuxm 14-04-21 sguN œtuNe bnuN htsvw< yub.yuj.vhbth
2018-19,104,South,jtkCt,46 LAMBHA,3000.0,14.0,03-12-21,Nar Narayan Infrastructure Pvt Ltd,,jtkCt œuJ ntuxj &e vev¤sdtb &R fbtuzdtb &R yum.ve.hekd htuz 3000.00 14.00 ytrN»t RL£tftul «t.je. 03-12-21 rJhj vxuj bnuN htsvw< rfhex vhbth jkctE vntu¤tE yt.E. yt.me.E. zu.me.R. Jtuzo htuzlwkk ltb ¾tuLx[[t.lwkk ltb DLP vwwKo &lth <theF fhuj
2018-19,153,West,Mxurzgb,10 S.P.STADIUM,435.0,12.0,30-11-21,,,Mxurzgb MJtbelthtgK bkr>h &e MJtd< yuvtboxuLx 435.00 12.00 Cdeh& yumtumeyuxm 30-11-21 fhK vxuj ytrN»t vxuj yua.xe.bnu<t
2018-19,154,West,Mxurzgb,10 S.P.STADIUM,160.0,19.0,19-02-22,,,Mxurzgb dti<b ldh mtumtgxe htuz <&t Ntkr<ldhlt xe ve htuz 160.00 8.00 Cdeh& yumtumeyuxm 19-02-22 ûtwr< NuX ytrN»t vxuj yua.xe.bnu<t
2018-19,155,West,Mxurzgb,10 S.P.STADIUM,110.0,3.0,03-06-22,M/s L.G. Chaudhary,,Mxurzgb ftdtuo btuxmo&e ztuje zuhe mw^eltu htuz 110.00 8.00 yuj.S. ati^he 03-06-22 htfuN vxuj ytrN»t vxuj yua.xe.bnu<t jkctE vntu¤tE yt.E. yt.me.E. zu.me.R. Jtuzo htuzlwkk ltb ¾tuLx[[t.lwkk ltb DLP vwwKo &lth <theF fhuj ftbdehele htuzle ftb
2018-19,156,West,Mxurzgb,10 S.P.STADIUM,100.0,12.0,12-06-22,M/s L.G. Chaudhary,,Mxurzgb fjufxh fauhe mrJom htuz 100.00 8.00 yuj.S. ati^he 12-06-22 htfuN vxuj ytrN»t vxuj yua.xe.bnu<t
2018-19,157,West,Mxurzgb,10 S.P.STADIUM,110.0,10.0,10-06-22,M/s L.G. Chaudhary,,Mxurzgb Ft>e d{tb W¼tud &e yt©b htuz (dkdthalt Vjux) 110.00 6.00 yuj.S. ati^he 10-06-22 htfuN vxuj ytrN»t vxuj yua.xe.bnu<t
2018-19,158,West,Mxurzgb,10 S.P.STADIUM,280.0,24.0,24-05-22,M/s L.G. Chaudhary,,Mxurzgb blMþFldh xe.ve.htuz 280.00 6.00 yuj.S. ati^he 24-05-22 fhK vxuj ytrN»t vxuj yua.xe.bnu<t
2018-19,159,West,lthKvwht,09 NARANPURA,460.0,11.5,25-11-21,,,lthKvwht yswol yuvtxobuLx&e MJt<kkºtgmultle ldh mw^eltu htuz 460.00 11.50 Cdeh& yumtumeyuxm 25-11-21 Wðf»to Wvtægtg btirjfrmkn Ítjt yua.xe.bnu<t
2018-19,160,West,lthKvwht,09 NARANPURA,350.0,13.0,27-02-22,,,lthKvwht ze.fu.vxuj ntuj &e bnu<t aJtKtmw^eltu htuz 350.00 13.00 Cdeh& yumtumeyuxm 27-02-22 Wðf»to Wvtægtg btirjfrmkn Ítjt yua.xe.bnu<t
2018-19,161,West,lthKvwht,09 NARANPURA,190.0,13.0,01-03-22,M/s L.G. Chaudhary,,lthKvwht xujeVtul yuûauLs &e bkkdjbwÂ<o mw^eltu htuz 190.00 13.00 yuj.S. ati^he 01-03-22 Wðf»to Wvtægtg btirjfrmkn Ítjt yua.xe.bnu<t
2018-19,162,West,lthKvwht,09 NARANPURA,440.0,11.5,10-03-22,,,lthKvwht ytœeµh ftuBvjuût &e le^e yuvtxobuLx mw^e ltu htuz 440.00 11.50 Cdeh& yumtumeyuxm 10-03-22 Wðf»to Wvtægtg btirjfrmkn Ítjt yua.xe.bnu<t
2018-19,163,West,lthKvwht,09 NARANPURA,423.0,25.0,25-11-21,M/s L.G. Chaudhary,,lthKvwht rJsgldh ntWm´d Jmtn< 423.00 5.00 yuj.S. ati^he 25-11-21 Wðf»to Wvtægtg btirjfrmkn Ítjt yua.xe.bnu<t
2018-19,164,West,lthKvwht,09 NARANPURA,120.0,18.0,18-12-21,M/s L.G. Chaudhary,,lthKvwht hÎþfw¤ yuvtxobuLx 120.00 6.00 yuj.S. ati^he 18-12-21 Wðf»to Wvtægtg btirjfrmkn Ítjt yua.xe.bnu<t
2018-19,165,West,lthKvwht,09 NARANPURA,125.0,22.0,22-12-21,M/s L.G. Chaudhary,,lthKvwht aeºtfwx yuvtxobuLx 125.00 5.00 yuj.S. ati^he 22-12-21 Wðf»to Wvtægtg btirjfrmkn Ítjt yua.xe.bnu<t
2018-19,166,West,lthKvwht,09 NARANPURA,350.0,21.0,21-12-21,M/s L.G. Chaudhary,,lthKvwht jûbefwvt yuvtxobuLx <&t Mþgto yuvtxobuLx 350.00 6.00 yuj.S. ati^he 21-12-21 Wðf»to Wvtægtg btirjfrmkn Ítjt yua.xe.bnu<t
2018-19,167,West,lthKvwht,09 NARANPURA,210.0,22.0,22-02-22,M/s L.G. Chaudhary,,lthKvwht Mþgto ntWm´d Jmtn< 210.00 6.00 yuj.S. ati^he 22-02-22 Wðf»to Wvtægtg btirjfrmkn Ítjt yua.xe.bnu<t
2018-19,168,West,htKev,05 RANIP,250.0,6.0,06-10-22,,,htKev ytlkœ vtxeoÃjtux &e vkaJxe ckøjtuÍ 250.00 7.00 Cdeh& yumtumeyuxm 06-10-22 «¿tuN vkatj bunwj Fhtze yub.ve.vhbth
2018-19,169,West,htKev,05 RANIP,350.0,22.0,22-05-22,,,htKev fw»Kb humezuLme &e rlòlkœ mtumt. 350.00 4.50 Cdeh& yumtumeyuxm 22-05-22 «¿tuN vkatj bunwj Fhtze yub.ve.vhbth
2018-19,170,West,atkœFuzt,03 CHANDKHEDA,700.0,15.0,15-12-21,M/s L.G. Chaudhary,,atkœFuzt jtuzo luMx&e ylbtuj ckøjtuÍ 700.00 8.00 yuj.S.ati^he 15-12-21 r>Ã<uN atintK bunwj Fhtze yub.ve.vhbth
2018-19,171,West,atkœFuzt,03 CHANDKHEDA,300.0,28.0,28-11-21,M/s L.G. Chaudhary,,atkœFuzt mtfth Mfwj htuz 300.00 7.50 yuj.S.ati^he 28-11-21 r>Ã<uN atintK bunwj Fhtze yub.ve.vhbth
2018-19,172,West,atkœFuzt,03 CHANDKHEDA,720.0,4.0,04-12-21,M/s L.G. Chaudhary,,atkœFuzt MJtd< Mxuxm&e Lgw me.S.htuz 720.00 9.00 yuj.S.ati^he 04-12-21 r>Ã<uN atintK bunwj Fhtze yub.ve.vhbth
2018-19,173,West,atkœFuzt,03 CHANDKHEDA,900.0,4.0,04-02-22,M/s L.G. Chaudhary,,atkœFuzt muLx stumuV Mfwj&e JÕjCvtfo htuz 900.00 7.00 yuj.S.ati^he 04-02-22 r>Ã<uN atintK bunwj Fhtze yub.ve.vhbth jkctE vntu¤tE yt.E. yt.me.E. zu.me.R. Jtuzo htuzlwkk ltb ¾tuLx[[t.lwkk ltb DLP vwwKo &lth <theF fhuj ftbdehele htuzle ftbdehe
2018-19,174,West,atkœFuzt,03 CHANDKHEDA,1200.0,29.0,29-10-21,M/s L.G. Chaudhary,,atkœFuzt ytR.ytu.me.Vtxf&e JÕÕtCvtfo(ytR.ytu.me.Vtxf&e ze fucel cm MxuLz) 1200.00 6.00 yuj.S.ati^he 29-10-21 r>Ã<uN atintK bunwj Fhtze yub.ve.vhbth
2018-19,175,West,atkœFuzt,03 CHANDKHEDA,700.0,7.0,07-12-21,M/s L.G. Chaudhary,,atkœFuzt œwl çjtuÍb Mfwj&e c¤egtœuJ bkkrœh 700.00 7.00 yuj.S.ati^he 07-12-21 r>Ã<uN atintK bunwj Fhtze yub.ve.vhbth
2018-19,176,West,atkœFuzt,03 CHANDKHEDA,350.0,14.0,14-12-21,M/s L.G. Chaudhary,,atkœFuzt RNtl meÕJh htuz 350.00 7.00 yuj.S.ati^he 14-12-21 r>Ã<uN atintK bunwj Fhtze yub.ve.vhbth
2018-19,177,West,atkœFuzt,03 CHANDKHEDA,200.0,5.0,05-03-22,Disha Construction,,atkœFuzt de<tksje htuz 200.00 6.50 rœNt fLMx[¾Nl 05-03-22 r>Ã<uN atintK bunwj Fhtze yub.ve.vhbth
2018-19,178,West,atkœFuzt,03 CHANDKHEDA,550.0,14.0,07-01-22,Disha Construction,,atkœFuzt mbo& zwÃjuût&e Lgw me.S.htuz 550.00 14.00 rœNt fLMx[¾Nl 07-01-22 r>Ã<uN atintK bunwj Fhtze yub.ve.vhbth
2018-19,179,West,atkœFuzt,03 CHANDKHEDA,450.0,26.0,26-11-21,M/s L.G. Chaudhary,,atkœFuzt œuJlkœl ntRx &e yuj ytR S Mfeb 450.00 6.00 yuj.S.ati^he 26-11-21 r>Ã<uN atintK bunwj Fhtze yub.ve.vhbth
2018-19,180,West,atkœFuzt,03 CHANDKHEDA,300.0,3.0,03-12-21,Disha Construction,,atkœFuzt mtleæg Vjtuht&e MJtd< Mxuxm 300.00 6.00 rœNt fLMx[¾Nl 03-12-21 r>Ã<uN atintK bunwj Fhtze yub.ve.vhbth
2018-19,181,West,atkœFuzt,03 CHANDKHEDA,260.0,3.0,03-01-22,Disha Construction,,atkœFuzt ©elt& ckøjtÍ htuz 260.00 7.00 rœNt fLMx[¾Nl 03-01-22 r>Ã<uN atintK bunwj Fhtze yub.ve.vhbth
2018-19,182,West,atkœFuzt,03 CHANDKHEDA,120.0,2.0,02-02-22,M/s L.G. Chaudhary,,atkœFuzt yûth yuVtuzo Mfeb htuz 120.00 8.00 yuj.S.ati^he 02-02-22 r>Ã<uN atintK bunwj Fhtze yub.ve.vhbth
2018-19,183,West,atkœFuzt,03 CHANDKHEDA,240.0,7.0,07-03-22,Disha Construction,,atkœFuzt ©e hkd mexe&e ctjtSJejt 240.00 6.50 rœNt fLMx[¾Nl 07-03-22 r>Ã<uN atintK Mþrlj 5ksJtKe yub.ve.vhbth
2018-19,184,West,atkœFuzt,03 CHANDKHEDA,350.0,8.0,08-03-22,Disha Construction,,atkœFuzt yuj.ytR.S.Mfeb &e ºtevœt Vjux 350.00 6.50 rœNt fLMx[¾Nl 08-03-22 r>Ã<uN atintK Mþrlj 5ksJtKe yub.ve.vhbth
2018-19,185,West,atkœFuzt,03 CHANDKHEDA,330.0,13.0,13-03-22,Disha Construction,,atkœFuzt rœuÔg vwks ckøjtÍ&e EWS fJtxom 330.00 7.00 rœNt fLMx[¾Nl 13-03-22 r>Ã<uN atintK Mþrlj 5ksJtKe yub.ve.vhbth
2018-19,186,West,atkœFuzt,03 CHANDKHEDA,350.0,18.0,18-04-22,Disha Construction,,atkœFuzt ~gtbvwò-4 &e Vtgh MxuNl 350.00 7.00 rœNt fLMx[¾Nl 18-04-22 r>Ã<uN atintK Mþrlj 5ksJtKe yub.ve.vhbth
2018-19,187,West,atkœFuzt,03 CHANDKHEDA,500.0,19.0,19-04-22,M/s L.G. Chaudhary,,atkœFuzt ©ehkd mexe&e ztgbkzJejt&e dtk^eldh ntRJu(J]œtkJl Vjux&e yÐbkdj) 500.00 6.50 yuj.S.ati^he 19-04-22 r>Ã<uN atintK Mþrlj 5ksJtKe yub.ve.vhbth
2018-19,188,West,atkœFuzt,03 CHANDKHEDA,310.0,11.0,11-04-22,M/s L.G. Chaudhary,,atkœFuzt ztgbkzJejt&e ytubfth ckøjtuÍ 310.00 6.50 yuj.S.ati^he 11-04-22 r>Ã<uN atintK Mþrlj 5ksJtKe yub.ve.vhbth
2018-19,189,West,atkœFuzt,03 CHANDKHEDA,320.0,15.0,15-04-22,M/s L.G. Chaudhary,,atkœFuzt J]œtJklvj&e ©elt& ckøjtuÍ 320.00 6.50 yuj.S.ati^he 15-04-22 r>Ã<uN atintK Mþrlj 5ksJtKe yub.ve.vhbth
2018-19,190,West,atkœFuzt,03 CHANDKHEDA,250.0,16.0,16-04-22,M/s L.G. Chaudhary,,atkœFuzt ©elt& ckøjtÍ &e mwJoKJejt &e dtk^eldh ntRJu 250.00 6.50 yuj.S.ati^he 16-04-22 r>Ã<uN atintK Mþrlj 5ksJtKe yub.ve.vhbth
2018-19,191,West,atkœFuzt,03 CHANDKHEDA,540.0,18.0,18-04-22,M/s L.G. Chaudhary,,atkœFuzt cjJk<rmkn ckøjtuÍ&e dtk^eldh ntRJu 540.00 7.00 yuj.S.ati^he 18-04-22 r>Ã<uN atintK Mþrlj 5ksJtKe yub.ve.vhbth jkctE vntu¤tE yt.E. yt.me.E. zu.me.R. Jtuzo htuzlwkk ltb ¾tuLx[[t.lwkk ltb DLP vwwKo &lth <theF fhuj ftbdehele htuzle ftb
2018-19,192,West,vtjze,30 PALDI,510.0,12.0,04-12-21,,,vtjze Nthœt mtumtgxe&e ytuvuht mtumtgxe 510.00 12.00 Cdeh& yumtumeyuxm 04-12-21 rahtd fltzt yrlj «òvr< yth.xe.htXJt
2018-19,193,West,vtjze,30 PALDI,110.0,8.0,08-01-22,,,vtjze vrhbj sul mkk^ 110.00 8.00 Cdeh& yumtumeyuxm 08-01-22 rahtd fltzt yrlj «òvr< yth.xe.htXJt
2018-19,194,West,vtjze,30 PALDI,200.0,24.0,24-10-21,,,vtjze rœvfwkks mtumtgxe htuz 200.00 8.00 Cdeh& yumtumeyuxm 24-10-21 rahtd fltzt yrlj «òvr< yth.xe.htXJt
2018-19,195,West,vtjze,30 PALDI,200.0,10.0,26-10-21,,,vtjze Ne<jctd mtumtgxeJt¤tu htuz 200.00 10.00 Cdeh& yumtumeyuxm 26-10-21 rahtd fltzt yrlj «òvr< yth.xe.htXJt
2018-19,196,West,vtjze,30 PALDI,250.0,10.0,23-10-21,,,vtjze jûbeJ^of œuhtmhJt¤tu htuz 250.00 10.00 Cdeh& yumtumeyuxm 23-10-21 rahtd fltzt yrlj «òvr< yth.xe.htXJt
2018-19,197,West,vtjze,30 PALDI,350.0,8.0,08-04-22,,,vtjze œNtvtuhJtz mtumtgxe swœt swœt htuz 350.00 7.00 Cdeh& yumtumeyuxm 08-04-22 rahtd fltzt yrlj «òvr< yth.xe.htXJt
2018-19,198,West,vtjze,30 PALDI,250.0,10.0,25-10-21,,,vtjze xtujfldh &e ~gtbhðl &R htbcje Mfwj mw^eltu htuz 250.00 10.00 Cdeh& yumtumeyuxm 25-10-21 rahtd fltzt yrlj «òvr< yth.xe.htXJt
2018-19,199,West,vtjze,30 PALDI,350.0,10.0,22-01-22,,,vtjze fijtm mtumtgxe &e bkkdjvtfo yuvtxobuLx mw^eltu htuz 350.00 10.00 Cdeh& yumtumeyuxm 22-01-22 rahtd fltzt yrlj «òvr< yth.xe.htXJt
2018-19,200,West,vtjze,30 PALDI,250.0,1.0,01-02-22,,,vtjze htbrJnth mtumtgxe ath hM<t &e sul bhaLx mtumtgxe 250.00 8.00 Cdeh& yumtumeyuxm 01-02-22 rahtd fltzt yrlj «òvr< yth.xe.htXJt
2018-19,201,West,vtjze,30 PALDI,370.0,10.0,24-01-22,,,vtjze htbrJnth mtumtgxe &e yrcjt»tt Vjux mw^eltu htuz 370.00 10.00 Cdeh& yumtumeyuxm 24-01-22 rahtd fltzt yrlj «òvr< yth.xe.htXJt
2018-19,202,West,vtjze,30 PALDI,160.0,20.0,20-10-21,,,vtjze rJbjlt& mtumtgxe &e mhMJ<e mtumtgxeJt¤tu htuz 160.00 5.00 Cdeh& yumtumeyuxm 20-10-21 rahtd fltzt yrlj «òvr< yth.xe.htXJt
2018-19,203,West,vtjze,30 PALDI,550.0,9.0,09-12-21,,,vtjze Je.yum ntuRMvxj &e Mbmtl &R mhœth c{es &e mhMJ<e mtumtgxeJt¤tu htuz 550.00 7.00 Cdeh& yumtumeyuxm 09-12-21 rahtd fltzt yrlj «òvr< yth.xe.htXJt
2018-19,204,West,vtjze,30 PALDI,450.0,5.0,05-04-22,,,vtjze siuilldhlt swœt swœt hM<t 450.00 7.00 yuÕt.S ait^he 05-04-22 rahtd fltzt yrlj «òvr< yth.xe.htXJt
2018-19,205,West,JtmKt,31 VASNA,300.0,16.0,16-04-21,M/s L.G. Chaudhary,,JtmKt dtuœtJhe htuz Mxtuh &e rJn<ldh mw^e <&t yLg xe.ve htuz 300.00 4.00 yuj.S.ati^he 16-04-21 ysg vxuj S<uL÷ ztCe yth.xe.htXJt
2018-19,206,West,JtmKt,31 VASNA,150.0,12.0,29-05-21,M/s L.G. Chaudhary,,JtmKt btÁ<e mrJom MxuNl &e MJtbelthtgK vtfo-3 150.00 12.00 yuj.S.ati^he 29-05-21 ysg vxuj S<uL÷ ztCe yth.xe.htXJt
2018-19,207,West,JtmKt,31 VASNA,230.0,3.0,03-05-21,M/s L.G. Chaudhary,,JtmKt ht^tf]»K bkœeh &e JtrÕbfe Jtm (dwÃ<tldh) 230.00 8.00 yuj.S.ati^he 03-05-21 ysg vxuj S<uL÷ ztCe yth.xe.htXJt
2018-19,208,West,JtmKt,31 VASNA,460.0,11.0,11-05-21,M/s L.G. Chaudhary,,JtmKt ybhœev Mfwj &e ctjt Vjux(RLxhlj htuz) 460.00 7.00 yuj.S.ati^he 11-05-21 ysg vxuj S<uL÷ ztCe yth.xe.htXJt jkctE vntu¤tE yt.E. yt.me.E. zu.me.R. Jtuzo htuzlwkk ltb ¾tuLx[[t.lwkk ltb DLP vwwKo &lth <theF fhuj ftbdehele htuzle ftbdehe fht
2018-19,209,West,JtmKt,31 VASNA,400.0,2.0,02-05-21,M/s L.G. Chaudhary,,JtmKt lthtgKldh &e Ctøgjûbe Vjux &e hts yuLfjuJ mw^eltu htuz 400.00 8.00 yuj.S.ati^he 02-05-21 ysg vxuj S<uL÷ ztCe yth.xe.htXJt
2018-19,210,West,JtmKt,31 VASNA,450.0,12.0,22-04-21,M/s L.G. Chaudhary,,JtmKt nhul vkzgt dtzol &e ce.yth.xe.yum htuz 450.00 12.00 yuj.S.ati^he 22-04-21 ysg vxuj S<uL÷ ztCe yth.xe.htXJt
2018-19,211,West,JtmKt,31 VASNA,407.0,25.0,25-04-21,M/s L.G. Chaudhary,,JtmKt Ávt Vjux &e jtJég mtumtgxe 407.00 9.50 yuj.S.ati^he 25-04-21 ysg vxuj S<uL÷ ztCe yth.xe.htXJt
2018-19,212,West,JtmKt,31 VASNA,50.0,12.0,12-04-21,M/s L.G. Chaudhary,,JtmKt WvjJ mtumtgxe htuz 50.00 5.00 yuj.S.ati^he 12-04-21 ysg vxuj S<uL÷ ztCe yth.xe.htXJt
2018-19,213,West,JtmKt,31 VASNA,400.0,18.0,11-01-22,M/s L.G. Chaudhary,,JtmKt ytkcuzfh c{es &e rnd¤ts bt<tlt bkœeh( hkdmtdh htuz) 400.00 18.00 yuj.S.ati^he 11-01-22 ysg vxuj rnhul Ntn yth.xe.htXJt
2018-19,214,West,mtchb<e,04 SABARMATI,700.0,10.0,15-11-21,,,mtchb<e ytb{fws mtu. &e sg Cth< aJtKt mw^eltu htuz 700.00 10.00 Cdeh& yumtumeyuxm 15-11-21 rJbj vxuj bdlCtE <cegtz yub.ve.vhbth
2018-19,215,West,mtchb<e,04 SABARMATI,220.0,12.0,17-11-21,,,mtchb<e mtchb<e ftujus &e yu.ze.me cukf mw^eltu htuz 220.00 12.00 Cdeh& yumtumeyuxm 17-11-21 rJbj vxuj bdlCtE <cegtz yub.ve.vhbth
2018-19,216,West,mtchb<e,04 SABARMATI,200.0,15.0,15-01-22,M/s L.G. Chaudhary,,mtchb<e ytuzt juf &e 4 ze MfuJh btuj mw^eltu htuz 200.00 8.00 yuj.S.ati^he 15-01-22 rJbj vxuj bdlCtE <cegtz yub.ve.vhbth
2018-19,217,West,mtchb<e,04 SABARMATI,300.0,18.0,18-01-22,M/s L.G. Chaudhary,,mtchb<e dkdthtb Vjux &e ceythxeyum mw^eltu htuz 300.00 5.00 yuj.S.ati^he 18-01-22 rJbj vxuj bdlCtE <cegtz yub.ve.vhbth
2018-19,218,West,mtchb<e,04 SABARMATI,250.0,18.0,18-01-22,M/s L.G. Chaudhary,,mtchb<e ctœNtnle atje &e fijtbt<tlt b®œh mw^eltu htuz 250.00 5.00 yuj.S.ati^he 18-01-22 rJbj vxuj bdlCtE <cegtz yub.ve.vhbth
2018-19,219,West,mtchb<e,04 SABARMATI,210.0,21.0,21-01-22,M/s L.G. Chaudhary,,mtchb<e Âlbo< ckøjtum &e hejtgLm btuj mw^eltu htuz 210.00 5.00 yuj.S.ati^he 21-01-22 rJbj vxuj bdlCtE <cegtz yub.ve.vhbth
2018-19,220,West,mtchb<e,04 SABARMATI,550.0,12.0,24-01-22,M/s L.G. Chaudhary,,mtchb<e ©æ^t ckøjtum htuz 550.00 12.00 yuj.S.ati^he 24-01-22 rJbj vxuj bdlCtE <cegtz yub.ve.vhbth
2018-19,221,West,mtchb<e,04 SABARMATI,150.0,10.0,10-02-22,M/s L.G. Chaudhary,,mtchb<e silldh &e meæ^t&o Vjux htuz 150.00 6.00 yuj.S.ati^he 10-02-22 rJbj vxuj bdlCtE <cegtz yub.ve.vhbth
2018-19,222,West,mtchb<e,04 SABARMATI,150.0,10.0,10-02-22,M/s L.G. Chaudhary,,mtchb<e silldh &e ÂNJjtjle atje htuz 150.00 5.00 yuj.S.ati^he 10-02-22 rJbj vxuj bdlCtE <cegtz yub.ve.vhbth
2018-19,223,West,mtchb<e,04 SABARMATI,800.0,18.0,11-02-22,,,mtchb<e afje VwJtht &e htbldh mw^eltu htuz 800.00 18.00 Cdeh& yumtumeyuxm 11-02-22 rJbj vxuj bdlCtE <cegtz yub.ve.vhbth
2018-19,224,West,mtchb<e,04 SABARMATI,310.0,6.0,06-03-22,M/s L.G. Chaudhary,,mtchb<e ÂfhK btuxmo &e œuJ btdtÕgt ckøjtum. mw^eltu htuz 310.00 6.00 yuj.S.ati^he 06-03-22 rJbj vxuj bdlCtE <cegtz yub.ve.vhbth
2018-19,225,West,mtchb<e,04 SABARMATI,220.0,24.0,24-04-22,M/s L.G. Chaudhary,,mtchb<e ~gtbmuluxhe &e btuxuht dtb mw^eltu htuz 220.00 8.00 yuj.S.ati^he 24-04-22 rJbj vxuj bdlCtE <cegtz yub.ve.vhbth
2018-19,226,West,mtchb<e,04 SABARMATI,120.0,8.0,08-03-22,M/s L.G. Chaudhary,,mtchb<e yu©Jtogt ckøjtum htuz 120.00 8.00 yuj.S.ati^he 08-03-22 rJbj vxuj bdlCtE <cegtz yub.ve.vhbth jkctE vntu¤tE yt.E. yt.me.E. zu.me.R. Jtuzo htuzlwkk ltb ¾tuLx[[t.lwkk ltb DLP vwwKo &lth <theF fhuj ftbdehele htuzle ftbdehe fhtJlth yr^ft
2018-19,227,West,lJhkdvwht,18 NAVRANGPURA,265.0,1.0,01-11-21,,,lJhkdvwht mbvoK ytuVemh fJtxmole vtmu&e J{s yuvtxobuLx &R ^bogwd mtumtgxe mw^eltu hM<tu 265.00 6.50 Cdeh& yumtumeyuxm 01-11-21 sgr>v rbMºte «ftN rJkÍwzt yth.xe.htXJt
2018-19,228,West,lJhkdvwht,18 NAVRANGPURA,157.7,10.0,10-01-22,,,lJhkdvwht huRlctu Vjux ath hM<t &e vtujexuflefle Jt¤t htuz Wvh ytJuj yum.ce.ytR. cuLf <hV ltu hM<tu 157.70 7.00 Cdeh& yumtumeyuxm 10-01-22 sgr>v rbMºte «ftN rJkÍwzt yth.xe.htXJt
2018-19,229,West,lJhkdvwht,18 NAVRANGPURA,210.0,25.0,25-01-22,,,lJhkdvwht lnuYldh mfoj vtmu ytJuj nlwbtlS bkœehle vtmu vkaœuJ bkœeh&e Bgwrl.Nt¤t buRl htuz mw^e 210.00 6.50 Cdeh& yumtumeyuxm 25-01-22 sgr>v rbMºte «ftN rJkÍwzt yth.xe.htXJt
2018-19,230,West,lJhkdvwht,18 NAVRANGPURA,265.0,27.0,27-12-21,M/s L.G. Chaudhary,,lJhkdvwht vhebj dtzol faht vuxe &e ytkctJtze còh mw^e 265.00 6.50 bummo yuj.S.ati^he 27-12-21 sgr>v rbMºte «ftN rJkÍwzt yth.xe.htXJt
2018-19,231,West,lJhkdvwht,18 NAVRANGPURA,159.0,26.0,26-01-22,,,lJhkdvwht me.S.htuz Wvh ytJuj ce.yum.yul.yuj.ytuVemle vtA¤&e NkCw ftuVecth <hV s<tk ath hM<t mw^e bltuh Vjux mw^eltu hM<tu 159.00 4.00 Cdeh& yumtumeyuxm 26-01-22 sgr>v rbMºte «ftN rJkÍwzt yth.xe.htXJt
2018-19,232,West,lJhkdvwht,18 NAVRANGPURA,609.0,13.0,13-02-22,,,lJhkdvwht vrùb Ítul lJhkkdvwht Jtuzobtk Nthœt mfoj &e vÕjJe xtJh ath hM<t &R yth.fu.CtSvtkWle mtbu mw^e htuz 609.00 9.80 Cdeh& yumtumeyuxm 13-02-22 sgr>v rbMºte «ftN rJkÍwzt yth.xe.htXJt
2018-19,233,West,lJhkdvwht,18 NAVRANGPURA,115.0,15.0,15-02-22,,,lJhkdvwht beXtF¤e yLzhvtm vtmu beXtF¤e dtb dtzolle vtA¤&e bntðbtk dtk^e Mfwj <hV s<tu ykceft zuhe Jt¤tu hM<tu 115.00 3.80 Cdeh& yumtumeyuxm 15-02-22 sgr>v rbMºte «ftN rJkÍwzt yth.xe.htXJt
2018-19,234,West,lJhkdvwht,18 NAVRANGPURA,176.8,16.0,16-02-22,,,lJhkdvwht rnLœw ftujtule ykœhlt swœt swœt xe.ve.hM<tytu 176.80 6.00 Cdeh& yumtumeyuxm 16-02-22 sgr>v rbMºte «ftN rJkÍwzt yth.xe.htXJt
2018-19,235,West,lJhkdvwht,18 NAVRANGPURA,271.0,15.0,15-03-22,,,lJhkdvwht VjtJhfwks mtumtgxele mtbu jje<fwks mtumtgxeltu xe.ve.hM<tu 271.00 5.00 Cdeh& yumtumeyuxm 15-03-22 sgr>v rbMºte «ftN rJkÍwzt
2018-19,236,West,lJhkdvwht,18 NAVRANGPURA,155.0,14.0,14-02-22,,,lJhkdvwht vrùb Ítul lJhkkdvwht Jtuzobtk vkaJxe vtka hM<t &e yuxjtLxt xtJh ath hM<t <hV s<tk ztct nt&u ytJuj yt»teN ckdjt &e mwhBg yuvtxobuLx mw^eltu ngt< htuz 155.00 5.60 Cdeh& yumtumeyuxm 14-02-22 sgr>v rbMºte «ftN rJkÍwzt yth.xe.htXJt
2018-19,237,West,lJtJtzs,06 NEW WADAJ,210.0,3.0,03-01-22,M/s L.G. Chaudhary,,lJtJtzs Ôgtmldh&e htulfvtfo mtumtgxe Mþ^e 210.00 5.50 yuj.S. ati^he 03-01-22 rfNtuh CtJmth ^Jj atintK yua.xe.bnu<t
2018-19,238,West,lJtJtzs,06 NEW WADAJ,530.0,26.0,26-04-21,,,lJtJtzs f]»Kldh ELxhlj htuz 530.00 5.00 Cdeh& yumtumeyuxm 26-04-21 rJNtj Jztjegt ^Jj atintK yua.xe.bnu<t
2018-19,239,West,lJtJtzs,06 NEW WADAJ,200.0,22.0,22-02-22,M/s L.G. Chaudhary,,lJtJtzs Nkfhldh mtumtgxe Jt¤tu htuz 200.00 5.00 yuj.S. ati^he 22-02-22 rJNtj Jztjegt ^Jj atintK yua.xe.bnu<t jkctE vntu¤tE yt.E. yt.me.E. zu.me.R. Jtuzo htuzlwkk ltb ¾tuLx[[t.lwkk ltb DLP vwwKo &lth <theF fhuj ftbdehele htuzle ftbdehe fhtJl
2018-19,240,West,lJtJtzs,06 NEW WADAJ,900.0,10.5,14-05-22,M/s L.G. Chaudhary,,lJtJtzs rlKogldh hðlßgtu< ftuBvjuût&e yswol yt©b htuz 900.00 10.50 yuj.S. ati^he 14-05-22 rfNtuh CtJmth ^Jj atintK yua.xe.bnu<t
2018-19,241,West,lJtJtzs,06 NEW WADAJ,410.0,2.0,02-05-21,,,lJtJtzs rlKogldh mu¾xh-8 MJtbelthtgK bkr>h&e Ftuzegth zuhe Mþ^eltu htuz 410.00 8.50 Cdeh& yumtumeyuxm 02-05-21 rfNtuh CtJmth ^Jj atintK yua.xe.bnu<t
2018-19,242,West,lJtJtzs,06 NEW WADAJ,350.0,12.0,18-05-22,M/s L.G. Chaudhary,,lJtJtzs swltJtzs yu.yub.xe.yum. zuvtule vtA¤ Jt¤tu htuz 350.00 12.00 yuj.S. ati^he 18-05-22 rJNtj Jztjegt ^Jj atintK yua.xe.bnu<t
2018-19,243,West,lthKvwht,09 NARANPURA,500.0,19.0,23-02-22,M/s L.G. Chaudhary,,lthKvwht CtrJl ath hM<t&e Ftuzegth bt<t bkrœh mw^eltu htuz 500.00 19.00 yuj.S.ati^he 23-02-22 ©e mksg vxuj ©e yrb< ckmj ©e ve.ze.vxuj
2018-19,244,West,lthKvwht,09 NARANPURA,300.0,10.0,19-02-22,M/s L.G. Chaudhary,,lthKvwht ykfwh ath hM<t&e rJsgldh ath hM<t mw^eltu htuz ( L.H.S.) 300.00 10.00 yuj.S.ati^he 19-02-22 ©e mksg vxuj ©e yrb< ckmj ©e ve.ze.vxuj
2018-19,245,North-West,ctuzfœuJ,19 BODAKDEV,1000.0,12.0,,K.E.C.L.,,ctuzfœuJ ctuzfœuJ Jtuzobtk jtz mtumtgxe &e lunÁvtfo VwwJtht JMºttvwwh htuz hemhVum fhJtlwwk ftb. 1000.00 12.00 fu.R.me.yuj 2.01.2022 CtrJf vxuj lJelCtR vkatj yth.ze.fhl
2018-19,246,North-West,ctuzfœuJ,19 BODAKDEV,800.0,12.0,,K.E.C.L.,,ctuzfœuJ ctuzfœuJ Jtuzobtk mhfthe Jmtn< htuz hemhVum fhJtlwwk ftb. 800.00 12.00 fu.R.me.yuj 2.01.2022 CtrJf vxuj lJelCtR vkatj yth.ze.fhl
2018-19,247,North-West,ctuzfœuJ,19 BODAKDEV,1100.0,15.0,,K.E.C.L.,,ctuzfœuJ ctuzfœuJ Jtuzobtk xe.S.ce. &e Nh½g ckøjtuÍ &R SJhts xtJh mkœuN «um htuz hemhVum fhJtlwwk ftb. 1100.00 15.00 fu.R.me.yuj 2.01.2022 CtrJf vxuj lJelCtR vkatj yth.ze.fhl
2018-19,248,North-West,ctuzfœuJ,19 BODAKDEV,2100.0,12.0,15.10.2020,,,ctuzfœuJ ctuzfœuJ Jtuzobtk btlme mfoj &e fKtoJ<e fth ylu vrhJth mtumtgxe &e rNJtlkœ yt©b mww^e htuz hemhVum fhJtlwwk ftb. 2100.00 12.00 ytNe»t RL£t. 15.10.2020 CtrJf vxuj «KJ vkrz< ylu lJelCtR vkatj «Kg Ntn ylu yth.ze.fhl
2018-19,249,North-West,ctuzfœuJ,19 BODAKDEV,800.0,12.0,25.05.2021,,,ctuzfœuJ ctuzfœuJ Jtuzobtk btlJ bkrœh &e rJJuftlkœ mfoj mww^e htuz hemhVum fhJtlwwk ftb. 800.00 12.00 ytNe»t RL£t. 25.05.2021 CtrJf vxuj «KJ vkrz< ylu lJelCtR vkatj «Kg Ntn ylu yth.ze.fhl
2018-19,250,North-West,ctuzfœuJ,19 BODAKDEV,400.0,,,K.E.C.L.,,ctuzfœuJ ctuzfœuJ Jtuzobtk ytjg &e yuj.su.ftujus htuz hemhVum fhJtlwwk ftb. 400.00 9.00 fu.R.me.yuj 2.01.2022 CtrJf vxuj «KJ vkrz< ylu lJelCtR vkatj «Kg Ntn ylu yth.ze.fhl
2018-19,251,North-West,ctuzfœuJ,19 BODAKDEV,1650.0,18.0,22.01.2022,K.E.C.L.,,ctuzfœuJ ctuzfœuJ Jtuzobtk yuj.ytR.S. ylu R.zcÕgw. yum. ytJtm hed{uz ylu hemhVum fhJtlwwk ftb. 1650.00 18.00 fu.R.me.yuj 22.01.2022 CtrJf vxuj rl^ecul däh yth.ze.fhl
2018-19,252,North-West,ctuzfœuJ,19 BODAKDEV,440.0,12.0,28.02.2022,K.E.C.L.,,ctuzfœuJ ctuzfœuJ Jtuzobtk btÁ<elkœl &e su.ce.yth. ntWm htuz hemhVum fhJtlwwk ftb. 440.00 12.00 fu.R.me.yuj 28.02.2022 CtrJf vxuj rl^ecul däh yth.ze.fhl
2018-19,253,North-West,&j<us,08 THALTEJ,2150.0,13.0,,Nar Narayan Infrastructure Pvt Ltd,,&j<us &j<us Jtuzobtk yu{Jjtul ntuxj &e buvj ftWlxe htuz hemhVum fhJtlwwk ftb. 2150.00 13.00 lhlthtgK RL£t. 6.2.2021 mtihC vxuj rlhsCtR vwwhtune< yth.ze.fhl
2018-19,254,North-West,&j<us,08 THALTEJ,286.0,11.11,11.11.2020,Nar Narayan Infrastructure Pvt Ltd,,&j<us &j<us Jtuzobtk RLxtm Vtbto &e yu.ze.ce. vtKele xtkfke htuz hemhVum fhJtlwwk ftb. 286.00 6.00 lhlthtgK RL£t. 11.11.2020 mtihC vxuj rlhsCtR vwwhtune< yth.ze.fhl jkctE vntu¤tE yt.E. yt.me.E. zu.me.R. Jtuzo htuzlwkk ltb ¾tuLx[[t.lwkk ltb 
2018-19,255,North-West,&j<us,08 THALTEJ,212.0,11.11,11.11.2020,Nar Narayan Infrastructure Pvt Ltd,,&j<us &j<us Jtuzobtk lkœlJl ckøjtuÍ &e yu.ze.ce. vtKele xtkfke htuz hemhVum fhJtlwwk ftb. 212.00 7.00 lhlthtgK RL£t. 11.11.2020 mtihC vxuj rlhsCtR vwwhtune< yth.ze.fhl
2018-19,256,North-West,&j<us,08 THALTEJ,114.0,15.0,10.11.2020,Nar Narayan Infrastructure Pvt Ltd,,&j<us &j<us Jtuzobtk dKuN ftuvtuohux ntWm &e lkœlJl ckøjtuÍ htuz hemhVum fhJtlwwk ftb. 114.00 15.00 lhlthtgK RL£t. 10.11.2020 mtihC vxuj rlhsCtR vwwhtune< yth.ze.fhl
2018-19,257,North-West,&j<us,08 THALTEJ,285.0,,,Nar Narayan Infrastructure Pvt Ltd,,&j<us &j<us Jtuzobtk RLxtm Vtbto &e Fu<jtytvt xe Mxtuj htuz hemhVum fhJtlwwk ftb. 285.00 6.00 lhlthtgK RL£t. 7.11.2020 mtihC vxuj rlhsCtR vwwhtune< yth.ze.fhl
2018-19,258,North-West,&j<us,08 THALTEJ,650.0,26.5,,Nar Narayan Infrastructure Pvt Ltd,,&j<us &j<us Jtuzobtk Wœdb Mfwwj &e sg ykcœuldh &R mwwJtm yuvtxobuLx htuz hemhVum fhJtlwwk ftb. 650.00 9.00 lhlthtgK RL£t. 26.5.2021 mtihC vxuj rlhsCtR vwwhtune< yth.ze.fhl
2018-19,259,North-West,&j<us,08 THALTEJ,525.0,,,,,&j<us &j<us Jtuzobtk u R.zcÕgw. yum. fJtxom dtuJ^ol ckøjtuÍ &e nujeftulegt Vjux htuz hemhVum fhJtlwwk ftb. 525.00 7.00 ytNe»t RL£t. 5.5.2022 htfuN Cdtuht rlhsCtR vwwhtune< yth.ze.fhl
2018-19,260,North-West,Dtxjtuzegt,07 GHATLODIA,425.0,14.8,13.05.2022,,,Dtxjtuzegt Dtxjtuzegt Jtuzobtk ©eS yuvtxobuLx &e b^wwJ]kœ mtumtgxe htuz hemhVum fhJtlwwk ftb. 425.00 14.80 htujh muLxh 13.05.2022 lhuLœ[CtR bfJtKt vhuNCtR vxKe bwwfuNCtR ltgf
2018-19,261,North-West,Dtxjtuzegt,07 GHATLODIA,403.0,15.05,15.05.2022,,,Dtxjtuzegt Dtxjtuzegt Jtuzobtk yua.ve. vux[tuj vkv &e Rµhftftldh htuz hemhVum fhJtlwwk ftb. 403.00 8.60 htujh muLxh 15.05.2022 lhuLœ[CtR bfJtKt vhuNCtR vxKe bwwfuNCtR ltgf
2018-19,262,North-West,Dtxjtuzegt,07 GHATLODIA,180.0,15.05,15.05.2022,,,Dtxjtuzegt Dtxjtuzegt Jtuzobtk Rµhftftldh &e CtrJl xultbuLx htuz hemhVum fhJtlwwk ftb. 180.00 4.30 htujh muLxh 15.05.2022 lhuLœ[CtR bfJtKt vhuNCtR vxKe bwwfuNCtR ltgf
2018-19,263,North-West,Dtxjtuzegt,07 GHATLODIA,120.0,15.05,15.05.2022,,,Dtxjtuzegt Dtxjtuzegt Jtuzobtk bkœtfele &e yrœ<e xultbuLx htuz hemhVum fhJtlwwk ftb. 120.00 8.10 htujh muLxh 15.05.2022 lhuLœ[CtR bfJtKt vhuNCtR vxKe bwwfuNCtR ltgf
2018-19,264,North-West,Dtxjtuzegt,07 GHATLODIA,386.0,14.0,12.05.2022,,,Dtxjtuzegt Dtxjtuzegt Jtuzobtk ftjwwvwwh cukf &e mJtuoœg ftuBvjuût htuz hemhVum fhJtlwwk ftb. 386.00 14.00 htujh muLxh 12.05.2022 lhuLœ[CtR bfJtKt vhuNCtR vxKe bwwfuNCtR ltgf
2018-19,265,North-West,Dtxjtuzegt,07 GHATLODIA,386.0,19.05,19.05.2022,,,Dtxjtuzegt Dtxjtuzegt Jtuzobtk œNol ftuBvjuût &e Lgw mqgolthtgK mtumtgxe htuz hemhVum fhJtlwwk ftb. 386.00 7.60 htujh muLxh 19.05.2022 lhuLœ[CtR bfJtKt vhuNCtR vxKe bwwfuNCtR ltgf
2018-19,266,North-West,Dtxjtuzegt,07 GHATLODIA,230.0,16.05,16.05.2022,,,Dtxjtuzegt Dtxjtuzegt Jtuzobtk mJtuoœg Mfwwj &e dtuvtjldh htuz hemhVum fhJtlwwk ftb. 230.00 8.90 htujh muLxh 16.05.2022 lhuLœ[CtR bfJtKt vhuNCtR vxKe bwwfuNCtR ltgf
2018-19,267,North-West,Dtxjtuzegt,07 GHATLODIA,538.0,18.05,18.05.2022,,,Dtxjtuzegt Dtxjtuzegt Jtuzobtk hLltvtfo &e fboatheldh rJCtd- 2 htuz hemhVum fhJtlwwk ftb. 538.00 7.70 htujh muLxh 18.05.2022 lhuLœ[CtR bfJtKt vhuNCtR vxKe bwwfuNCtR ltgf
2018-19,268,North-West,Dtxjtuzegt,07 GHATLODIA,642.0,15.6,10.06.2022,,,Dtxjtuzegt Dtxjtuzegt Jtuzobtk rNJNrf< ntuj &e ml yul Mxuv htuz hemhVum fhJtlwwk ftb. 642.00 15.60 htujh muLxh 10.06.2022 lhuLœ[CtR bfJtKt vhuNCtR vxKe bwwfuNCtR ltgf jkctE vntu¤tE yt.E. yt.me.E. zu.me.R. Jtuzo htuzlwkk ltb ¾tuLx[[t.lwkk lt
2018-19,269,North-West,Dtxjtuzegt,07 GHATLODIA,372.0,14.05,14.05.2022,,,Dtxjtuzegt Dtxjtuzegt Jtuzobtk mtchftkXt ltgf ldh &e rlKogldh yLzhvtm mJeom htuz hemhVum fhJtlwwk ftb. 372.00 9.75 htujh muLxh 14.05.2022 lhuLœ[CtR bfJtKt vhuNCtR vxKe bwwfuNCtR ltgf
2018-19,270,North-West,Dtxjtuzegt,07 GHATLODIA,967.0,16.0,10.06.2022,Nar Narayan Infrastructure Pvt Ltd,,Dtxjtuzegt Dtxjtuzegt Jtuzobtk fboathe ¢tum htuz &e mJtuoœg ftuBvjuût &R mtkRctct bkrœh htuz hemhVum fhJtlwwk ftb. 967.00 16.00 lhlthtgK RL£t. 10.06.2022 lhuLœ[CtR bfJtKt vhuNCtR vxKe bwwfuNCtR ltgf
2018-19,271,North-West,atkœjtuzegt,02 CHANDLODIA,700.0,22.1,22.10.2021,Nar Narayan Infrastructure Pvt Ltd,,atkœjtuzegt atkœjtuzegt Jtuzobtk ºttdz bntœuJ bkrœh &e nrhslJtm htuz hemhVum fhJtlwwk ftb. 700.00 4.50 lhlthtgK RL£t. 22.10.2021 rn<u»tCtR Ztu¤fegt Ch<CtR JtDzegt bwwfuNCtR ltgf
2018-19,272,North-West,dtu<t,01 GOTA,350.0,2.03,02.03.2022,,,dtu<t dtu<t Jtuzobtk mVj rJJtl &e yum.S. ntRJu htuz hemhVum fhJtlwwk ftb. 350.00 6.00 yul.me.me. 02.03.2022 htslCtR r¢vtj yrb<CtR vxuj yth.ze.fhl
2018-19,273,North-West,dtu<t,01 GOTA,500.0,2.03,02.03.2022,,,dtu<t dtu<t Jtuzobtk mb]î fuvexj htuz hemhVum fhJtlwwk ftb. 500.00 6.20 yul.me.me. 02.03.2022 htslCtR r¢vtj yrb<CtR vxuj yth.ze.fhl
2018-19,274,North-West,dtu<t,01 GOTA,450.0,11.03,11.03.2022,,,dtu<t dtu<t Jtuzobtk yJ^ humezuLme &e mtgLm mexe htuz hemhVum fhJtlwwk ftb. 450.00 6.00 yul.me.me. 11.03.2022 htslCtR r¢vtj yrb<CtR vxuj yth.ze.fhl
2018-19,275,North-West,dtu<t,01 GOTA,220.0,20.05,20.05.2022,,,dtu<t dtu<t Jtuzobtk ck^l x[tgudj htuz hemhVum fhJtlwwk ftb. 220.00 9.00 yul.me.me. 20.05.2022 ¢wwltj Ntn yrb<CtR vxuj yth.ze.fhl
2018-19,276,North-West,dtu<t,01 GOTA,221.0,200.0,11.03.2022,,,dtu<t dtu<t Jtuzobtk xe.ve.-221 M&tvÚg Vjux htuz hemhVum fhJtlwwk ftb. 200.00 6.00 yul.me.me. 11.03.2022 htslCtR r¢vtj yrb<CtR vxuj yth.ze.fhl
2018-19,277,North-West,dtu<t,01 GOTA,180.0,2.03,02.03.2022,,,dtu<t dtu<t Jtuzobtk mtdh mkde< ntuBm htuz hemhVum fhJtlwwk ftb. 180.00 6.00 yul.me.me. 02.03.2022 htslCtR r¢vtj yrb<CtR vxuj yth.ze.fhl
2018-19,278,North-West,dtu<t,01 GOTA,650.0,4.02,04.02.2022,,,dtu<t dtu<t Jtuzobtk fwwbwwœldh &e mufxh-5 htuz hemhVum fhJtlwwk ftb. 650.00 7.00 yul.me.me. 04.02.2022 ¢wwltj Ntn yrb<CtR vxuj yth.ze.fhl
2018-19,279,North-West,dtu<t,01 GOTA,250.0,,,,,dtu<t dtu<t Jtuzobtk mtujt dtb «tgbhe Mfwwj &e bntft¤e bkrœh &R fultj mww^eltu htuz hemhVum fhJtlwwk ftb. 250.00 4.00 ytNe»t RL£t. - htslCtR r¢vtj yrb<CtR vxuj «Kg Ntn
2018-19,280,North-West,&j<us,08 THALTEJ,42.0,700.0,17-03-22,,,&j<us Jl-42 &e htsv& htuz mw^e 700.00 15.00 Cdeh& yumtumeyux 17-03-22 ©e v{¿tuN xkzuj ©e yrb< ckmj ©e ve.ze.vxuj
2018-19,281,South-West,bf<bvwht,34 MAKTAMPURA,85.0,1030.0,25-10-21,"(?) Construction & Infrastructure (gap-year firm, verify)",,bf<bvwht ltÍ vtjoh &ue xue.vue85 1030.00 7.50 halt RL£t.«t.jue 25-10-21 bunwj «òvr< yNhVCtR Jtuht nhdturJkœCtR œumtR
2018-19,282,South-West,bf<bvwht,34 MAKTAMPURA,330.0,26.0,26-11-21,"(?) Construction & Infrastructure (gap-year firm, verify)",,bf<bvwht Ftœueb mtumt &ue yj ybuel mtumt 330.00 7.50 halt RL£t.«t.jue 26-11-21 bunwj «òvr< yNhVCtR Jtuht nhdturJkœCtR œumtR jkctE vntu¤tE yt.E. yt.me.E. zu.me.R. Jtuzo htuzlwkk ltb ¾tuLx[[t.lwkk ltb DLP vwwKo &lth <theF fhuj ftbdehele htuzl
2018-19,286,South-West,mhFus,33 SARKHEJ,150.0,31.05,31.05.21,"(?) Construction & Infrastructure (gap-year firm, verify)",,mhFus ¾Jtxmo htuz(CJtle Atgt mtumtgxe ctswltu htuz( 150.00 7.00 halt RL£tMx[¾ah «t.je 31.05.21 ykfwh vxuj Niju»t vwòht nhdturJkœCtR œumtR
2018-19,287,South-West,mhFus,33 SARKHEJ,1270.0,21.11,21.11.21,"(?) Construction & Infrastructure (gap-year firm, verify)",,mhFus Wòjt atufze &e fuNJ yuvtxobuLx &e huÕJu ¢tumekd htuz( DBM + BC ) 1270.00 7.50 halt RL£tMx[¾ah «t.je 21.11.21 ykfwh vxuj Niju»t vwòht yua.su.œumtR / dtuvtjCtR vxuj
2018-19,288,South-West,mhFus,33 SARKHEJ,145.0,21.11,21.11.21,"(?) Construction & Infrastructure (gap-year firm, verify)",,mhFus ftk<b ckøjtu xe.ve.htuz( DBM + BC ) 145.00 7.50 halt RL£tMx[¾ah «t.je 21.11.21 ykfwh vxuj Niju»t vwòht nhdturJkœCtR œumtR
2018-19,289,South-West,mhFus,33 SARKHEJ,100.0,230.0,22.11.21,"(?) Construction & Infrastructure (gap-year firm, verify)",,mhFus mðgb ntRxm &e 100 Vwx htuz (DBM + BC) 230.00 7.00 halt RL£tMx[¾ah «t.je 22.11.21 ykfwh vxuj Niju»t vwòht nhdturJkœCtR œumtR
2018-19,290,South-West,stu^vwh,20 JODHPUR,120.0,10.09,10.09.2021,Nar Narayan Infrastructure Pvt Ltd,,stu^vwh lJt vrùb Ítullt stu^vwh Jtuzobtkk bgwhvkkF mtumtgxe &e Wbegt Jesg mw^e ltuu htuz <&t yLg søgtyu htuz bekkjekkd fhe hemhVuRm fhJtlt ftb ctc<. 120.00 9.00 lhlthtgK RL£t. 10.09.2021 Wœgrmkkn htXJt CtJuN Ôgtm dtuvtjCtR vxuj
2018-19,291,South-West,stu^vwh,20 JODHPUR,200.0,12.09,12.09.2021,Nar Narayan Infrastructure Pvt Ltd,,stu^vwh lJt vrùb Ítullt stu^vwh Jtuzobtkk ytizt dtzol&e bÕnth ckkøjtuÍ mw^e ltuu htuz <&t yLg søgtyu htuz bekkjekkd fhe hemhVuRm fhJtlt ftb ctc<. 200.00 9.00 lhlthtgK RL£t. 12.09.2021 Wœgrmkkn htXJt CtJuN Ôgtm dtuvtjCtR vxuj
2018-19,292,South-West,stu^vwh,20 JODHPUR,300.0,10.0,15.09.2021,Nar Narayan Infrastructure Pvt Ltd,,stu^vwh lJt vrùb Ítullt stu^vwh Jtuzobtkk mkwœhb ckkøjtuÍ&e ytlkkœlefu<l Mfwj mw^e ltuu htuz <&t yLg søgtyu htuz bekkjekkd fhe hemhVuRm fhJtlt ftb ctc<. 300.00 10.00 lhlthtgK RL£t. 15.09.2021 Wœgrmkkn htXJt CtJuN Ôgtm dtuvtjCtR vxuj
2018-19,293,South-West,stu^vwh,20 JODHPUR,325.0,10.0,20.11.2021,,,stu^vwh lJt vrùb Ítullt stu^vwh Jtuzobtkk mt<ðg ntRxTm&e jtuxTm Mfwj mw^eltuu htuz <&t yLg søgtyu hemhVuRm fhJtlt ftb ctc<. 325.00 10.00 halt RL£Mx[[¾ah 20.11.2021 Wœgrmkkn htXJt CtJuN Ôgtm dtuvtjCtR vxuj jkctE vntu¤tE yt.E. yt.me.E. zu.me.
2018-19,294,South-West,stu^vwh,20 JODHPUR,230.0,12.0,23.11.2021,,,stu^vwh lJt vrµbÍtullt stu^vwh Jtuzobtk ytJuj J{s^tb nJuje&e œuJlkœl yuJLgw mw^e <&t yLg xe.ve.hM<t Wvh Mx[tub Jtuxh z[ulus jtRl lkFtgt ctœ ònuh yJh sJh lt hM<tlu Syumce-Juxbeût fhe ze.ce.yub juJj mw^e hemhVum fhJtlt ftb ctc<. 230.00 12.00 
2018-19,295,South-West,stu^vwh,20 JODHPUR,700.0,10.0,05.12.2021,,,stu^vwh lJt vrµbÍtullt stu^vwh Jtuzobtk ytJuj mwkœhJl &e yNtufldh mw^e <&t yLg xe.ve. hM<tlu Syumce- Juxbeût fhe ze.ce.yub juJj mw^e hemhVum fhJtlt ftb ctc<. 700.00 10.00 ytrN»t RL£tftul. 05.12.2021 Wœgrmkkn htXJt CtJuN Ôgtm dtuvtjCtR vxuj
2018-19,296,South-West,stu^vwh,20 JODHPUR,11.0,750.0,15.05.2021,,,stu^vwh stu^vwh Jtuzobtk rfhK btuxmo &e mu<w ckdjtuÍ &Rlu heJuht 11 mw^elt xe.ve.hM<tlu hemhVum fhJtlt ftb ctc<. (Vf< ce.me.juJju htuz fhJtltu Au.) 750.00 16.00 halt RL£Mx[[¾ah 15.05.2021 Wœgrmkkn htXJt CtJuN Ôgtm dtuvtjCtR vxuj
2018-19,297,South-West,stu^vwh,20 JODHPUR,300.0,20.12,20.12.2021,,,stu^vwh lJt vrµb Ítullt stu^vwh Jtuzobtk ytJuj mtrlæg ckøjtuÍ &e ~gtbj htu ntWm mw^elt xe.ve. hM<t vh Syumce-Juxbeût &e JtRzlekd fhe ze.ce.yub juJj mw^e hed{uzekd fhJtlwk ftb 300.00 6.00 ytrN»t RL£tftul. 20.12.2021 Wœgrmkkn htXJt CtJuN Ôgtm
2018-19,298,South-West,stu^vwh,20 JODHPUR,260.0,11.0,15.06.2021,Nar Narayan Infrastructure Pvt Ltd,,stu^vwh stu^vwh Jtuzobtkk vuadele mfoj &e stu^vwh ytuVem &R mt<ðg ntRx mw^eltu htuz <&t yLg søgtyu hemhVuRm fhJtlt ftb 260.00 11.00 lhlthtgK RL£t. 15.06.2021 Wœgrmkkn htXJt CtJuN Ôgtm dtuvtjCtR vxuj
2018-19,299,South-West,stu^vwh,20 JODHPUR,700.0,16.0,12.05.2021,Nar Narayan Infrastructure Pvt Ltd,,stu^vwh stu^vwh Jtuzobtkk ©ugm vtfo mtumtgxe &e hðltfh yjurxgh ytkdl vtxeo Ãjtux &R <us^tht rJCtd-2 mw^eltu htuz <&t yLg søgtyu hemhVuRm fhJtlt ftb 700.00 16.00 lhlthtgK RL£t. 12.05.2021 Wœgrmkkn htXJt CtJuN Ôgtm dtuvtjCtR vxuj
2018-19,300,South-West,stu^vwh,20 JODHPUR,230.0,10.0,12.05.2021,Nar Narayan Infrastructure Pvt Ltd,,stu^vwh stu^vwh Jtuzobtkk raºtjuFt mtumtgxe &e Nkºtwsg xtJh mw^eltu htuz <&t yLg søgtyu hemhVuRm fhJtlt ftb 230.00 10.00 lhlthtgK RL£t. 12.05.2021 Wœgrmkkn htXJt CtJuN Ôgtm dtuvtjCtR vxuj
2018-19,301,South-West,stu^vwh,20 JODHPUR,1500.0,23.05,23.05.2021,Nar Narayan Infrastructure Pvt Ltd,,stu^vwh stu^vwh Jtuzobtkk lkœlJl btulhevtuÍ &e lmohe &R yfÕÃg ckdjtu mw^eltu htuz <&t yLg søgtyu hemhVuRm fhJtlt ftb 1500.00 7.50 lhlthtgK RL£t. 23.05.2021 Wœgrmkkn htXJt CtJuN Ôgtm dtuvtjCtR vxuj
2018-19,302,South-West,stu^vwh,20 JODHPUR,750.0,12.0,,,,stu^vwh mkfh yuvtxobuLx &e mr¾< rJ¼tjg &e fuLgwd mfoj htuz 750.00 12.00 ytNeN R 26.2.2023 Wœgrmkkn htXJt CtJuN Ôgtm y<wjCtR vxuj jkctE vntu¤tE yt.E. yt.me.E. zu.me.R. Jtuzo htuzlwkk ltb ¾tuLx[[t.lwkk ltb DLP vwwKo &lth <theF fhuj ftbdehele 
2018-19,303,Central,Ftrzgt,,466.0,17.02,17.02.2021,,,Ftrzgt nehtjtjle atje &e LGþ xuûtxtEÕm bejle atje 466.00 4.50 17.02.2021 sgleN fk&thegt ytNe»t yth.vxuj rfNtuhCtE ltrzgt
2018-19,304,Central,ymthJt,15 ASARWA,305.0,,,,,ymthJt Ctøgtuœg Vjux&e de<tldh mtumtgxe mw^e 305.00 7.20 ytrN»t aitntK
2018-19,305,Central,ymthJt,15 ASARWA,140.0,,,,,ymthJt buDKeldh Ntf btfuox htuz 140.00 8.00 lunj vhbth
2018-19,306,Central,ymthJt,15 ASARWA,128.0,110.0,,,,ymthJt buDKeldh Ntf btfuoxo&e çjtuf lk 128 mw^e 110.00 8.00 lunj vhbth
2018-19,307,Central,ymthJt,15 ASARWA,180.0,,,,,ymthJt mqgoldh Atvht&e Lgw rlhksl mtumtgxe mw^e 180.00 8.20 lunj vhbth
2018-19,308,Central,ymthJt,15 ASARWA,325.0,,,,,ymthJt dtk^eldh mtumtgxe&e mhœth atuf mw^e 325.00 9.70 lunj vhbth
2018-19,309,Central,ymthJt,15 ASARWA,180.0,,,,,ymthJt de<tldh mtumtgxe&e dwjcdo mtumtgxe mw^e 180.00 6.00 ytrN»t aitntK
2018-19,310,Central,Ntnectd,16 SHAHIBAG,1440.0,,,,,Ntnectd rdh^hldh swlt htuz Mxtuh &e yub.yuj.yu. atufe mw^e cklu ctsw 1440.00 9.20
2018-19,311,Central,Ntnectd,16 SHAHIBAG,245.0,,,,,Ntnectd rdh^hldh swlt htuz Mxtuh &e cr¤gt rjbze ath hM<t 245.00 7.00
2018-19,312,Central,Ntnectd,16 SHAHIBAG,120.0,,,,,Ntnectd cr¤gt jebze ath hM<t &e bksw©e bej ytkFle nturMvxj mw^e dux mw^e (ztce ctsw) 120.00 7.20
2018-19,313,Central,ymthJt,15 ASARWA,1600.0,24.0,01-06-21,Nar Narayan Infrastructure Pvt Ltd,,ymthJt zVlt¤t &e DuJh ftuBjuût &R htsM&tl nturMvxj &R jtzjtveh ce{s mw^e 1600.00 24.00 lhlthtgtK RL£tMx[fah «t.je. 01-06-21 ©e mwCt»t vxuj ©e beluN.ze.Ntn ©e.mksg su.mw&th
2018-19,314,Central,Ntnectd,16 SHAHIBAG,650.0,18.0,04-01-22,Nar Narayan Infrastructure Pvt Ltd,,Ntnectd ytubldh mfoj &e hðlmtdh ath hM<t 650.00 18.00 lhlthtgtK RL£tMx[fah «t.je. 04-01-22 ©e biºtug JtDujt ©e beluN.ze.Ntn ©e.mksg su.mw&th 04.04.2022 fÕvuNCtR vxuj hbKCtR vxuj yuj.me.vxuj fwj 135437 halt fLMx[fNl EL£tMx[fah 06.05.2022 yB\
2019-20,79,North-West,dtu<t,01 GOTA,1800.0,12.0,01.06.22,,,dtu<t bntðbt dtk^e Jmtn< buRl htuz <&t œM<tJus fuahe htuz 1800 12 yuj.S. ait^he 01.06.22 htsl r¢vtj yrb< yul. vxuj yth.ze. fhK
2019-20,80,North-West,dtu<t,01 GOTA,1350.0,12.0,01.06.22,,,dtu<t Jmk<ldh xtWlNev lu Vh<u bwÏg htuz 1350 12 yuj.S. ait^he 01.06.22 htsl r¢vtj yrb< yul. vxuj yth.ze. fhK
2019-20,81,North-West,dtu<t,01 GOTA,350.0,3.06,03.06.22,,,dtu<t mVj rJJtl mtumtgxu &e yum.S. ntRJu mw^eltu htuz 350 6 yul.me.me. 03.06.22 htsl r¢vtj yrb< yul. vxuj yth.ze. fhK
2019-20,82,North-West,dtu<t,01 GOTA,500.0,30.11,30.11.22,,,dtu<t mb]æ^ fuvexj htuz 500 6.2 yul.me.me. 30.11.22 htsl r¢vtj yrb< yul. vxuj yth.ze. fhK
2019-20,83,North-West,dtu<t,01 GOTA,450.0,21.05,21.05.22,,,dtu<t yJ^ humezuLme &e mtgLm mexe buRl htuz 450 6 yul.me.me. 21.05.22 htsl r¢vtj yrb< yul. vxuj yth.ze. fhK
2019-20,84,North-West,dtu<t,01 GOTA,220.0,7.01,07.01.23,,,dtu<t ck^l x[tg yudj Vh<u htuz 220 9 yul.me.me. 07.01.23 f]Ktj Ntn yrb< yul. vxuj yth.ze. fhK ©e v{øluN CtR xkzuj ©e yrb<CtR ckmj ©e yrb<CtR ckmj lJt Jtzs yuvuût fLMx[fNl ©e mksgCtR vxuj ©e yrb<CtR ckmj ©e vhuNCtR vxuj
2019-20,85,North-West,dtu<t,01 GOTA,200.0,3.03,03.03.22,Maruti Infracreation Pvt Ltd,,dtu<t d{el buztu &e S.ze. vtxeo Ãjtux htuz 200 6 btYr< RL£tfeyuNl «t.je. 03.03.22 htsl r¢vtj yrb< yul. vxuj yth.ze. fhK
2019-20,86,North-West,dtu<t,01 GOTA,180.0,5.02,05.02.22,,,dtu<t mtdh mkde< ntuBm htuz 180 6 yul.me.me. 05.02.22 htsl r¢vtj yrb< yul. vxuj yth.ze. fhK
2019-20,87,North-West,dtu<t,01 GOTA,5.0,650.0,22.04.22,,,dtu<t fwbwœldh &e mufxh 05 buRl htuz 650 7 yul.me.me. 22.04.22 f]Ktj Ntn yrb< yul. vxuj yth.ze. fhK
2019-20,88,North-West,dtu<t,01 GOTA,2.0,6.0,30.11.22,Maruti Infracreation Pvt Ltd,,dtu<t mufxh 02 &e mufxh 06mw^eltu htuz 150 6 btYr< RL£tfeyuNl «t.je. 30.11.22 f]Ktj Ntn yrb< yul. vxuj yth.ze. fhK
2019-20,89,North-West,dtu<t,01 GOTA,1300.0,25.01,25.01.23,,,"dtu<t yum,S, ntRJu &e œuJldh dtb &R Jtzejtj Vufxhe &e ytJtm mw^eltu htuz 1300 9 yul.me.me. 25.01.23 f]Ktj Ntn yrb< yul. vxuj yth.ze. fhK"
2019-20,90,North-West,dtu<t,01 GOTA,2.0,525.0,21.01.23,Maruti Infracreation Pvt Ltd,,dtu<t mufxh 02 &e ytubfthuµh bntœuJ mw^eltu htuz 525 9 btYr< RL£tfeyuNl «t.je. 21.01.23 f]Ktj Ntn yrb< yul. vxuj yth.ze. fhK
2019-20,91,North-West,dtu<t,01 GOTA,320.0,21.01,21.01.23,Maruti Infracreation Pvt Ltd,,dtu<t mtjel nturMvxj &e J@ yujed{m mw^eltu htuz 320 9 btYr< RL£tfeyuNl «t.je. 21.01.23 htsl r¢vtj yrb< yul. vxuj yth.ze. fhK
2019-20,92,North-West,dtu<t,01 GOTA,130.0,21.01,21.01.23,Maruti Infracreation Pvt Ltd,,dtu<t ztufxh ntWm &e me.fu. vtxeo Ãjtux mw^eltu htuz 130 7 btYr< RL£tfeyuNl «t.je. 21.01.23 htsl r¢vtj yrb< yul. vxuj yth.ze. fhK
2019-20,93,North-West,dtu<t,01 GOTA,650.0,,,Maruti Infracreation Pvt Ltd,,dtu<t rMJrKob nufÍt &e Wd<e ^tb mw^eltu htuz 650 6 btYr< RL£tfeyuNl «t.je. ftb atjwk htsl r¢vtj yrb< yul. vxuj yth.ze. fhK
2019-20,94,North-West,dtu<t,01 GOTA,130.0,21.01,21.01.23,Maruti Infracreation Pvt Ltd,,dtu<t S.yum.me. ckuf &e hðlb Mxuxm mw^eltu htuz 130 7 btYr< RL£tfeyuNl «t.je. 21.01.23 htsl r¢vtj yrb< yul. vxuj yth.ze. fhK
2019-20,95,North-West,dtu<t,01 GOTA,330.0,21.01,21.01.23,Maruti Infracreation Pvt Ltd,,dtu<t J@ yujedLm &e bnuLœT NtuYb yum.S. ntRJu mw^eltu htuz 330 7 btYr< RL£tfeyuNl «t.je. 21.01.23 htsl r¢vtj yrb< yul. vxuj yth.ze. fhK
2019-20,96,North-West,dtu<t,01 GOTA,330.0,,,Maruti Infracreation Pvt Ltd,,dtu<t mtdh mde< Vjux &e vtjb øjtuhe mw^eltu htuz 330 7 btYr< RL£tfeyuNl «t.je. ftb atjwk htsl r¢vtj yrb< yul. vxuj yth.ze. fhK
2019-20,97,North-West,dtu<t,01 GOTA,215.0,6.03,06.03.23,Maruti Infracreation Pvt Ltd,,dtu<t yum.S. ceÍluN ntuBm &e yum.S.ntRJu mw^eltu htuz 215 7 btYr< RL£tfeyuNl «t.je. 06.03.23 htsl r¢vtj yrb< yul. vxuj yth.ze. fhK
2019-20,98,North-West,dtu<t,01 GOTA,1500.0,6.03,06.03.23,Maruti Infracreation Pvt Ltd,,dtu<t dtu<t dtb &e htugj ntuBm &e rJJuN humezuLme &e Qjtuaegt ntuxuj mw^eltu htuz 1500 9 btYr< RL£tfeyuNl «t.je. 06.03.23 f]Ktj Ntn yrb< yul. vxuj yth.ze. fhK
2019-20,99,North-West,atkkœjtuzegt,,640.0,5.05,05.05.2022,"(?) Construction & Infrastructure (gap-year firm, verify)",,"atkkœjtuzegt atkkœjtuzegt c{es&e CJlvwht htuz,JtmwwCtR Dh&e cnwah bt<t bkkrœh htuz,atkkœjtuzegt <¤tJ &e atkkœjtuzegt c{es 640 9 halt RL£t. 05.05.2022 ^buoNCtR vxuj Ch<CtR Jtdzegt bwwfuNCtR ltgf"
2019-20,100,North-West,atkkœjtuzegt,,420.0,8.05,08.05.2022,"(?) Construction & Infrastructure (gap-year firm, verify)",,atkkœjtuzegt Jkkœubt<hb xtWlNev &e vw»vhts htuz 420 8 halt RL£t. 08.05.2022 htunlCtR rbMºte Ch<CtR Jtdzegt bwwfuNCtR ltgf
2019-20,101,North-West,atkkœjtuzegt,,380.0,10.05,10.05.2022,"(?) Construction & Infrastructure (gap-year firm, verify)",,atkkœjtuzegt ytR.ze.vxuj Mfwj &e ytkkdKJtze htuz 380 9 halt RL£t. 10.05.2022 htunlCtR rbMºte Ch<CtR Jtdzegt bwwfuNCtR ltgf
2019-20,102,North-West,atkkœjtuzegt,,70.0,10.05,10.05.2022,"(?) Construction & Infrastructure (gap-year firm, verify)",,atkkœjtuzegt RNtl Vjux &e dKuNvtfo-3 htuz 70 7 halt RL£t. 10.05.2022 htunlCtR rbMºte Ch<CtR Jtdzegt bwwfuNCtR ltgf
2019-20,103,North-West,atkkœjtuzegt,,330.0,10.0,11.05.2022,"(?) Construction & Infrastructure (gap-year firm, verify)",,atkkœjtuzegt xtuhLx vtJh yturVm &e dtufwj zuhe htuz 330 10 halt RL£t. 11.05.2022 htunlCtR rbMºte Ch<CtR Jtdzegt bwwfuNCtR ltgf
2019-20,104,North-West,atkkœjtuzegt,,380.0,20.1,20.10.2022,Maruti Infracreation Pvt Ltd,,atkkœjtuzegt Ntgtult Mfwj &e œuJmexe htuz 380 9 btY<e RL£t¢eyuNl «t.je. 20.10.2022 htunlCtR rbMºte Ch<CtR Jtdzegt bwwfuNCtR ltgf
2019-20,105,North-West,atkkœjtuzegt,,320.0,22.1,22.10.2022,Maruti Infracreation Pvt Ltd,,atkkœjtuzegt hJeòvtfo &e atkkœjtuzegt huÕJu MxuNl htuz 320 9 btY<e RL£t¢eyuNl «t.je. 22.10.2022 htunlCtR rbMºte Ch<CtR Jtdzegt bwwfuNCtR ltgf
2019-20,106,North-West,atkkœjtuzegt,,160.0,10.0,22.10.2022,Maruti Infracreation Pvt Ltd,,atkkœjtuzegt NeJbJuje &e btubtRldh htuz 160 10 btY<e RL£t¢eyuNl «t.je. 22.10.2022 ^buoNCtR vxuj Ch<CtR Jtdzegt bwwfuNCtR ltgf
2019-20,107,North-West,atkkœjtuzegt,,350.0,11.12,11.12.2022,,,atkkœjtuzegt Nwfl Mxuxm &e ytRmece ytRjuLz htuz 350 9 htujh muLxh 11.12.2022 ^buoNCtR vxuj Ch<CtR Jtdzegt bwwfuNCtR ltgf
2019-20,108,North-West,atkkœjtuzegtatkkœjtuzegt,,985.0,15.0,01.03.2023,"(?) Construction & Infrastructure (gap-year firm, verify)",,atkkœjtuzegtatkkœjtuzegt <¤tJ &e NwCbkkdj humezuLme &e ytRmece ytRjuLz htuz 985 15 halt RL£t. 01.03.2023 ^buoNCtR vxuj bltusCtR bsbwœth Ch<CtR Jtdzegt
2019-20,109,North-West,atkkœjtuzegt,,240.0,2.03,02.03.2023,Maruti Infracreation Pvt Ltd,,atkkœjtuzegt ytkkdKJtze &e mtublt&ldh htuz 240 9 btY<e RL£t¢eyuNl «t.je. 02.03.2023 htunlCtR rbMºte bltusCtR bsbwœth Ch<CtR Jtdzegt
2019-20,110,North-West,atkkœjtuzegt,,300.0,300.0,06.01.2023,"(?) Construction & Infrastructure (gap-year firm, verify)",,"atkkœjtuzegt atkkœjtuzegt <¤tJle Vh<ultu htuz,(dtgºteldh mtumtgxe&e 300 lkk.ctuh,300 lkk.ctuh &e NeJfuœth,NeJfuœth&e dtuvef]»Kt mtumtgxe) 900 12 halt RL£t. 06.01.2023 ^buoNCtR vxuj bltusCtR bsbwœth Ch<CtR Jtdzegt"
2019-20,111,North-West,atkkœjtuzegt,,369.0,26.11,26.11.2022,,,atkkœjtuzegt yjFlkkœt mtumtgxe &e R.zçÕgw.yum fJtxom htuz 369 7 yulmeme 26.11.2022 ^buoNCtR vxuj Ch<CtR Jtdzegt bwwfuNCtR ltgf
2019-20,112,North-West,atkkœjtuzegt,,1025.0,8.02,08.02.2023,Maruti Infracreation Pvt Ltd,,atkkœjtuzegt dtuœhus dtzol mexe vtmu ELxhluNlj øjtucj Mfwj &e ºttdz <hV xe.ve. htuz hed{uz fhe hemhVum fhJtlt ftb 1025 7 btY<e RL£t¢eyuNl «t.je. 08.02.2023 rn<uNCtR ^tu¤rfgt bltusCtR bsbwœth Ch<CtR Jtdzegt
2019-20,113,North-West,atkkœjtuzegt,,120.0,21.02,21.02.2023,M/s L.G. Chaudhary,,atkkœjtuzegt mBgf dujuûte &e rmVtul mtumtgxe htuz 120 3.7 yuj.S.ati^he 21.02.2023 rn<uNCtR ^tu¤rfgt bltusCtR bsbwœth Ch<CtR Jtdzegt
2019-20,114,North-West,atkkœjtuzegt,,270.0,22.05,22.05.2022,,,atkkœjtuzegt d{elvtfo &e rJ^w<vtfo htuz 270 4 htujh muLxh 22.05.2022 rn<uNCtR ^tu¤rfgt Ch<CtR Jtdzegt bwwfuNCtR ltgf
2019-20,115,North-West,ctuzfœuJ,19 BODAKDEV,750.0,18.0,,M/s L.G. Chaudhary,,ctuzfœuJ lJt vrµbÍtullt ctuzfœuJ Jtuzobtk ytJuj yum.S.ntRJu&e ctuzfœuuJ ytizt vtxeo Jt¤t htuzlu hed{uz fhe hemhVum fhJtlt ftb. 750 18 yuj.S.ati^he 15/06/2022. CtrJfCtR vxuj rl^ecul däh yth.ze. fhK
2019-20,116,North-West,ctuzfœuJ,19 BODAKDEV,710.0,12.0,,M/s L.G. Chaudhary,,ctuzfœuJ W•th vrµbÍtullt ctuzfœuJ Jtuzobtk b^h rbÕf vujumle mtbu ytJuj mbCtJ «um Jt¤tu htuz <&t fuNJvtfo mtumtgxe Jt¤tu htuz hemhVum fhJtlt ftb. 710 12 yuj.S.ati^he 05/06/2022. CtrJfCtR vxuj lrJlCtR vkatj yth.ze. fhK
2019-20,117,North-West,ctuzfœuJ,19 BODAKDEV,400.0,12.0,,M/s L.G. Chaudhary,,ctuzfœuJ lJt vrµbÍtullt ctuzfœuJ Jtuzobtk ytJuj ytkcje dtb MbNtl Jt¤tu hM<tu hed{uz fhe hemhVum fhJtlt ftb. 400 12 yuj.S.ati^he 31/05/2022. CtrJfCtR vxuj rl^ecul däh yth.ze. fhK
2019-20,118,North-West,ctuzfœuJ,19 BODAKDEV,1000.0,10.0,,,,ctuzfœuJ lJt vrµbÍtullt ctuzfœuJ Jtuzobtk ctuzfœuJ rJM<thbtk ytJuj htbœuJveh bkrœh&e ctuzfœuJ Vtgh MxuNl &R sSm ckdjtu htzlu stuz<t hM<tlu Syumce- Juxbeût fhuue ze.ce.yub fhe ce.me juJj mw^e hemhVum fhJtlt ftb. 1000 10 yul.me.me./fj&e gt yu
2019-20,119,North-West,ctuzfœuJ,19 BODAKDEV,650.0,16.0,,,,ctuzfœuJ lJt vrµbÍtullt ctuzfœuJ Jtuzobtk bubldh rJM<thbtk ytJuj Jt¤elt& atuf&e ctuzfœuJ Jtuzo yturVm mw^elt htuzlu hed{uz fhe hemhVum fhJtlt ftb. 650 16 yul.me.me.(ze.c e.yub) 02/02/2023. CtrJfCtR vxuj lrJlCtR vkatj yth.ze. fhK
2019-20,120,North-West,ctuzfœuJ,19 BODAKDEV,376.0,12.0,,,,ctuzfœuJ lJt vrµbÍtullt ctuzfœuJ Jtuzobtk ctuzfœuJ rJM<thbtk ytJuj ÍtkÍh ckdjtu&e ctuzfœuJ Vtgh MxuNl &R htsJkN xtJh &R btuzj htuzlu stuz<t hM<tlu hemhVum fhJtlt ftb. 376 9 yul.me.me. 12/05/2022. CtrJfCtR vxuj lrJlCtR vkatj yth.ze. fhK
2019-20,121,North-West,ctuzfœuJ,19 BODAKDEV,200.0,20.0,,M/s L.G. Chaudhary,,ctuzfœuJ W•th vrµbÍtullt ctuzfœuJ Jtuzobtk ytJuj bltuhbtk ftuBvjuût &R ce.yth.xe.yum lu stuz<t htuzlu hed{uz fhe hemhVum fhJtlt ftb. 200 8 yuj.S.ati^he 20/02/2023. CtrJfCtR vxuj lrJlCtR vkatjRl. Ch<CtR Jtdzegt
2019-20,122,North-West,ctuzfœuJW•th,19 BODAKDEV,12.0,11.0,,M/s L.G. Chaudhary,,ctuzfœuJW•th vrµbÍtullt ctuzfœuJ Jtuzobtk xtRb Mfuh 2 le mtblt htuzlu hed{uz fhe hemhVum fhJtlt ftb.200 12 yuj.S.ati^he 11/02/2023. CtrJfCtR vxuj rl^ecul däh Rl. Ch<CtR Jtdzegt
2019-20,123,North-West,ctuzfœuJW•th,19 BODAKDEV,800.0,15.0,,M/s L.G. Chaudhary,,ctuzfœuJW•th vrµbÍtullt ctuzfœuJ Jtuzobtk btuœe buLNl htuzlu hed{uz fhe hemhVum fhJtlt ftb. 800 15 yuj.S.ati^he 30/11/2022. CtrJfCtR vxuj rl^ecul däh yth.ze. fhK
2019-20,124,North-West,Dtxjtuzegt,07 GHATLODIA,285.0,10.0,16.05.2022,,,Dtxjtuzegt W<h v.Ítul (lJt vr©bÍtul) Dtxjtuzegt Jtuzobt yth<e xultbuLx &e mJtuoœg Mfqj mw^eltu xe.ve.htuz ceme juJju hemhVum fhJtlwk ftb 285 10 htujh muLxh 16.05.2022 lhuLœTCtR bfJtKt vhuNCtR vxKe bwwfuNCtR ltgf
2019-20,125,North-West,Dtxjtuzegt,07 GHATLODIA,190.0,29.05,29.05.2022,,,Dtxjtuzegt W<h v.Ítul (lJt vr©bÍtul) Dtxjtuzegt Jtuzobt dtuvtjldh ºtK hM<t&e atkœjtuzegt huÕJu vuhujh htuzhemhVum fhJtlw ftb 190 8 htujh muLxh 29.05.2022 lhuLœTCtR bfJtKt vhuNCtR vxKe bwwfuNCtR ltgf
2019-20,126,North-West,Dtxjtuzegt,07 GHATLODIA,780.0,3.06,03.06.2022,,,Dtxjtuzegt W<h v.Ítul (lJt vr©bÍtul) Dtxjtuzegt Jtuzobtk ytJuj yjftvwhe mtumtgxe&e g¿tvwY»t mtumtgxe <&t vkaœuJ bkrœh mw^eltu xe.ve.htuz JtRzuled fhe vwhuvwhe vntu¤tRbtk hemhVum fhJtlt ftb 780 8 htujh muLxh 03.06.2022 lhuLœTCtR bfJtKt vhuNC
2019-20,127,North-West,DtxjtuzegtW<h,07 GHATLODIA,583.0,9.06,09.06.2022,,,DtxjtuzegtW<h v.Ítul Îttxjtuzegt Jtuzobt atkœjtuzegt ce[s mrJom htuz hemhVum fhJtlw ftb 583 7.8 htujh muLxh 09.06.2022 lhuLœTCtR bfJtKt vhuNCtR vxKe bwwfuNCtR ltgf
2019-20,128,North-West,DtxjtuzegtW<h,07 GHATLODIA,768.0,12.11,12.11.2022,,,DtxjtuzegtW<h v.Ítul Îttxjtuzegt Jtuzobt JtDu©Jhe cm MxuLz &e atKfgvwhe ce[s mw^eltu htuz hemhVum fhJtlw ftb768 9 htujh muLxh 12.11.2022 lhuLœTCtR bfJtKt vhuNCtR vxKe bwwfuNCtR ltgf
2019-20,129,North-West,Dtxjtuzegt,07 GHATLODIA,680.0,10.0,03.12.2022,Maruti Infracreation Pvt Ltd,,Dtxjtuzegt W<h v.Ítul (lJt vr©bÍtul) Dtxjtuzegt Jtuzobt ytJuj Dtxjtuzegt dtb ath hM<t&e lq<l Mfqj mw^eltu xe.ve. htuz hemhVum fhJtlt ftb 680 10 btY<e RL£t¢eyuNl «t.je. 03.12.2022 lhuLœTCtR bfJtKt vhuNCtR vxKe bwwfuNCtR ltgf
2019-20,130,North-West,Dtxjtuzegt,07 GHATLODIA,300.0,9.12,09.12.2022,Maruti Infracreation Pvt Ltd,,Dtxjtuzegt W<h v.Ítul Îttxjtuzegt Jtuzobt ltjkœt Mfqj&e rlðgtlkœele mtumtgxe mw^eltu htuz hemhVum fhJtlw ftb 300 7.5 btY<e RL£t¢eyuNl «t.je. 09.12.2022 lhuLœTCtR bfJtKt vhuNCtR vxKe bwwfuNCtR ltgf
2019-20,131,North-West,DtxjtuzegtW<h,07 GHATLODIA,350.0,9.12,09.12.2022,Maruti Infracreation Pvt Ltd,,DtxjtuzegtW<h v.Ítul Îttxjtuzegt Jtuzobt mtBCJe Vjux&e vt&o Vjux mw^eltu htuz hemhVum fhJtlw ftb 350 9 btY<e RL£t¢eyuNl «t.je. 09.12.2022 lhuLœTCtR bfJtKt vhuNCtR vxKe bwwfuNCtR ltgf
2019-20,132,North-West,Dtxjtuzegt,07 GHATLODIA,200.0,10.12,10.12.2022,Maruti Infracreation Pvt Ltd,,Dtxjtuzegt W<h v.Ítul Îttxjtuzegt Jtuzobt Lgw Wrbgt rJsg mtumtgxe&e hLltvtfo mtumtgxe mw^eltu ltul xe.ve. (lu¤egt htuz) htuz hemhVum fhJtlw ftb 200 8 btY<e RL£t¢eyuNl «t.je. 10.12.2022 lhuLœTCtR bfJtKt vhuNCtR vxKe bwwfuNCtR ltgf
2019-20,133,North-West,Dtxjtuzegt,07 GHATLODIA,850.0,11.0,24.12.2022,Maruti Infracreation Pvt Ltd,,Dtxjtuzegt fu.fu.ldh mufxh-1 &e b^J]kœ ºtK hM<t 850 11 btY<e RL£t¢eyuNl «t.je. 24.12.2022 lhuLœTCtR bfJtKt vhuNCtR vxKe bwwfuNCtR ltgf
2019-20,134,North-West,Dtxjtuzegtyswold{el&e,07 GHATLODIA,1000.0,16.0,06.01.2023,Maruti Infracreation Pvt Ltd,,Dtxjtuzegtyswold{el&e vtxeœth atuf &R JtDuµhe mtumtgxe mw^eltu htuz 1000 16 btY<e RL£t¢eyuNl «t.je. 06.01.2023 lhuLœTCtR bfJtKt vhuNCtR vxKe bwwfuNCtR ltgf
2019-20,135,North-West,Dtxjtuzegt,07 GHATLODIA,285.0,10.0,27.12.2022,Maruti Infracreation Pvt Ltd,,Dtxjtuzegt b^wJ]kœ ºtK hM<t &e Jtmwftll Vjux 285 10 btY<e RL£t¢eyuNl «t.je. 27.12.2022 lhuLœTCtR bfJtKt vhuNCtR vxKe bwwfuNCtR ltgf
2019-20,136,North-West,Dtxjtuzegt,07 GHATLODIA,750.0,12.0,03.02.2023,Maruti Infracreation Pvt Ltd,,Dtxjtuzegt fboathe me. xtRv &e fboathe f[tum htuz 750 12 btY<e RL£t¢eyuNl «t.je. 03.02.2023 lhuLœTCtR bfJtKt vhuNCtR vxKe bwwfuNCtR ltgf
2019-20,137,North-West,DtxjtuzegtCtJel,07 GHATLODIA,558.0,10.0,16.02.2023,Maruti Infracreation Pvt Ltd,,DtxjtuzegtCtJel xultbuLx&e mðfth mtumtgxe mw^eltu xe.ve. htuz 558 10 btY<e RL£t¢eyuNl «t.je. 16.02.2023 lhuLœTCtR bfJtKt vhuNCtR vxKe bwwfuNCtR ltgf
2019-20,138,North-West,DtxjtuzegtW<h,07 GHATLODIA,90.0,1.03,01.03.2023,Maruti Infracreation Pvt Ltd,,DtxjtuzegtW<h v.Ítul Îttxjtuzegt Jtuzobt fb¤ yuvtxobuLx htuz hemhVum fhJtlw ftb 90 6 btY<e RL£t¢eyuNl «t.je. 01.03.2023 lhuLœTCtR bfJtKt vhuNCtR vxKe bwwfuNCtR ltgf
2019-20,139,North-West,Dtxjtuzegt,07 GHATLODIA,120.0,1.03,01.03.2023,Maruti Infracreation Pvt Ltd,,Dtxjtuzegt W<h v.Ítul Îttxjtuzegt Jtuzobt ycwoœtœuJe htz atkœjtuzegt huÕJu MxuNl mtbultu htuz hemhVum fhJtlw ftb 120 6 btY<e RL£t¢eyuNl «t.je. 01.03.2023 lhuLœTCtR bfJtKt vhuNCtR vxKe bwwfuNCtR ltgf
2019-20,140,North-West,&j<us,08 THALTEJ,253.0,29.0,29-01-23,Ashish Infracon Pvt Ltd,,&j<us ytlkœrlfu<l Mfwj &e JulurNglrJjt mw^eltu htuz hed{{uz fhe hemhVuum 253 7.2 ytNe»t RL£tftul «t.je. 29-01-23 mtihCCtR/ htfuNCtR lehsCtR yth.ze.fhuK
2019-20,141,North-West,&j<us,08 THALTEJ,219.0,19.0,19-04-22,,,&j<us ytuûtVtuzo xtJh- c{nbtfwbthe &e yuLSlegh RLzegtje. mw^eltu htuz hed{uzekd <&t hemhVum fhJt219 6.5 htujh muLxh 19-04-22 mtihCCtR lehsCtR yth.ze.fhuK
2019-20,142,North-West,&j<us,08 THALTEJ,450.0,14.0,20-04-22,Ashish Infracon Pvt Ltd,,&j<us htugj yuLfjuJ &e MJtd< vtfo &R sjmt vtxeo Ãjtux mw^eltu htuz hed{uzekd <&t hemhVum fhJt 450 14 ytNe»t RL£tftul «t.je. 20-04-22 mtihCCtR/ htfuNCtR lehsCtR yth.ze.fhuK
2019-20,143,North-West,&j<us,08 THALTEJ,308.0,14.0,14-03-23,Ashish Infracon Pvt Ltd,,&j<us Ndwl ¾jtmef &e lboœt ytJtm mw^eltu htuz hed{uzekd <&t hemhVum fhJt 308 7 ytNe»t RL£tftul «t.je. 14-03-23 mtihCCtR/ htfuNCtR lehsCtR yth.ze.fhuK
2019-20,144,North-West,&j<us,08 THALTEJ,448.0,30.0,30-12-21,,,&j<us rJµtm Vjux &e vtfo yuJLgw mtumtgxe htuz hemhVum fhJt 448 9 fj&egt yuLSleghekd 30-12-21 mtihCCtR lehsCtR yth.ze.fhuK
2019-20,145,North-West,&j<us,08 THALTEJ,290.0,18.0,18-03-23,Ashish Infracon Pvt Ltd,,&j<us yufjÔg Mvtuxo mkfwj Jtufekd x[uf htuz d{tWxekd fhe hemhVum fhJt 290 4.5 ytNe»t RL£tftul «t.je. 18-03-23 mtihCCtR/ htfuNCtR lehsCtR yth.ze.fhuK
2019-20,146,North-West,&j<us,08 THALTEJ,105.0,29.0,29-11-22,Ashish Infracon Pvt Ltd,,&j<us Vwz mtuÕgwNl &e rmrhl VurMxJj mw^e ytJuj hM<t vh d{tWxekd juJju htuz fhe hemhVum fhJt 105 5 ytNe»t RL£tftul «t.je. 29-11-22 mtihCCtR/ htfuNCtR lehsCtR yth.ze.fhuK
2019-20,147,North-West,&j<us,08 THALTEJ,1115.0,17.0,17-05-22,Ashish Infracon Pvt Ltd,,&j<us r¢»lt vhtuXt &e J{wœtJl -3 &e ytuhlux vtfo&e mek^wCJl lu stuz<tu htuz hemhVum fhJtlt 1115 9 ytNe»t RL£tftul «t.je. 17-05-22 mtihCCtR/ htfuNCtR lehsCtR yth.ze.fhuK
2019-20,148,North-West,&j<us,08 THALTEJ,868.0,27.0,27-01-23,Ashish Infracon Pvt Ltd,,&j<us buvj ftWLx[e -2 &e ytuhlux-3 &e mek^wCJl htuz lu stuz<tu htuz hemhVum fhJtlt 868 9 ytNe»t RL£tftul «t.je. 27-01-23 mtihCCtR/ htfuNCtR lehsCtR yth.ze.fhuK
2019-20,149,North-West,&j<us,08 THALTEJ,702.0,15.0,15-03-23,Ashish Infracon Pvt Ltd,,&j<us yum.ve.hekd htuz Nejs c{es &e GIHED ntWm htuz xeve.htuz hed{uzekd fhe hemhVum fhJt 702 8.5 ytNe»t RL£tftul «t.je. 15-03-23 mtihCCtR/ htfuNCtR lehsCtR yth.ze.fhuK
2019-20,150,North-West,&j<us,08 THALTEJ,548.0,16.0,16-03-23,Ashish Infracon Pvt Ltd,,&j<us vtheò< ytJtm &e mek^wCJl mw^eltu htuz xeve.htuz hed{uzekd fhe hemhVum fhJt 548 8.5 ytNe»t RL£tftul «t.je. 16-03-23 mtihCCtR/ htfuNCtR lehsCtR yth.ze.fhuK
2019-20,151,North-West,&j<us,08 THALTEJ,722.0,17.0,17-03-23,Ashish Infracon Pvt Ltd,,&j<us vtheò< ytJtm &e mek^wCJl yth.me.me htuz <&t ¢e»lt vhtuXt &e mek^wCJl yth.me.me htuz lu stuz<t xeve.htuz hed{uzekd fhe hemhVum fhJt 722 8.5 ytNe»t RL£tftul «t.je. 17-03-23 mtihCCtR/ htfuNCtR lehsCtR yth.ze.fhuK
2019-20,152,North-West,&j<us,08 THALTEJ,667.0,25.0,25-05-22,,,&j<us Nejs htuz &e yt©g yhtRm <&t <ulu stuz<tu htuz htuz hed{uzed fhe hemhVum fhJt 667 9 btY<e RL£t¢eguNl «t.je. 25-05-22 mtihCCtR/ htfuNCtR lehsCtR yth.ze.fhuK
2019-20,153,North-West,&j<us,08 THALTEJ,216.0,405.0,23-02-23,,,&j<us xeve 216 & xe.ve. 405 Jåaultu huÕJu vuhujj htuz <&t rœÔg sgtu< Mfwj vtmultu htuz hed{uzed fhe hemhVum fhJt 2356 9 btY<e RL£t¢eguNl «t.je. 23-02-23 mtihCCtR/ htfuNCtR lehsCtR yth.ze.fhuK
2019-20,154,North-West,&j<us,08 THALTEJ,667.0,28.0,28-02-23,Ashish Infracon Pvt Ltd,,&j<us nebtjgt btuj &e mkSJle ntuMvexj mw^eltu htuz hemhVum fhJtlt ftb 667 8 ytNe»t RL£tftul «t.je. 28-02-23 mtihCCtR/ htfuNCtR lehsCtR yth.ze.fhuK
2019-20,155,North-West,&j<us,08 THALTEJ,255.0,12.0,12-10-22,,,&j<us htkdKebt<t bkœeh&e NuKctRldh c{es vuhujj htuz hemhVum fhJtlt ftb 255 8.5 btY<e RL£t¢eguNl «t.je. 12-10-22 mtihCCtR/ htfuNCtR lehsCtR yth.ze.fhuK
2019-20,156,North-West,&j<us,08 THALTEJ,977.0,18.0,18-04-22,,,&j<us Mfwb Mfwj &e mlhtRÍ vtfo <&t mtunb xtJh&e z[tRJ Rl <hV ltu htuz hemhVum fhJt 977 6.5 htujh muLxh 18-04-22 mtihCCtR/ htfuNCtR lehsCtR yth.ze.fhuK
2019-20,157,North-West,&j<us,08 THALTEJ,298.0,14.0,14-11-22,Ashish Infracon Pvt Ltd,,&j<us Íuch Mfwj &e mwgtud humezuLme htuz ltu htuz hemhVum fhJt 298 7.2 ytNe»t RL£tftul «t.je. 14-11-22 mtihCCtR/ htfuNCtR lehsCtR yth.ze.fhuK
2019-20,158,North-West,&j<us,08 THALTEJ,700.0,10.0,15-10-2022,,,&j<us mwh^tht mfoj &e mwCt»t atuf(ztce ctsw) 700 10 yuvuût fLMx[fNl 15-10-2022
2019-20,159,North-West,&j<us,08 THALTEJ,450.0,15.0,01-01-2023,M/s L.G. Chaudhary,,&j<us dtuJ^ol vtxeo Ãjtux &e yuJjtul ntuxj 450 15 yuj.S.ati^he 01-01-2023
2019-20,160,North-West,ctuzfœuJJMºttvwh,19 BODAKDEV,250.0,15.0,21-01-2022,Disha Construction,,ctuzfœuJJMºttvwh juf&e ytRytRyub c{es <hVltu me.me. htuz 250 15 rœNt fLMx[fNl 21-01-2022 ©e v{øluN CtR xkzuj ©e yrb<CtR ckmj©e vhuNCtR vxuj/©e yrb<CtR ckmj ©e v{øluN CtR xkzuj ©e yrb<CtR ckmj ©e vhuNCtR vxuj
2019-20,161,South-West,stu^vwh,20 JODHPUR,250.0,15.12,15.12.2022,Nar Narayan Infrastructure Pvt Ltd,,stu^vwh stu^vwh Jtuzobtkk mkMfw< yuvtxobuLx &e RNtL<-2 mw^eltu htuz 250 7 lhlthtgK RL£t. 15.12.2022 RLatso rlhJ vxuj CtJuN Ôgtm nhdtuJl œumtR
2019-20,162,South-West,stu^vwh,20 JODHPUR,250.0,15.0,13.12.2022,Nar Narayan Infrastructure Pvt Ltd,,stu^vwh stu^vwh Jtuzobtkk lboœt Jmtn< &e yum.S.ntRJu mw^eltu htuz 250 15 lhlthtgK RL£t. 13.12.2022 RLatso rlhJ vxuj CtJuN Ôgtm nhdtuJl œumtR
2019-20,163,South-West,stu^vwh,20 JODHPUR,210.0,16.12,16.12.2022,Nar Narayan Infrastructure Pvt Ltd,,stu^vwh stu^vwh Jtuzobtkk rnjxl humezLme &e rhØe ckdjtu mw^eltu htuz 210 8 lhlthtgK RL£t. 16.12.2022 RLatso rlhJ vxuj CtJuN Ôgtm nhdtuJl œumtR
2019-20,164,South-West,stu^vwh,20 JODHPUR,250.0,22.12,22.12.2022,Nar Narayan Infrastructure Pvt Ltd,,stu^vwh stu^vwh Jtuzobtkk nuJl vtfo &e fti~tÕg ckøjtuÍ mw^eltu htuz 250 9 lhlthtgK RL£t. 22.12.2022 RLatso rlhJ vxuj CtJuN Ôgtm nhdtuJl œumtR
2019-20,165,South-West,stu^vwh,20 JODHPUR,500.0,12.0,21.12.2022,Nar Narayan Infrastructure Pvt Ltd,,stu^vwh stu^vwh Jtuzobtkk xtuhuLx vtJh ath hM<t&e bntuœg ^tb mw^eltu htuz 500 12 lhlthtgK RL£t. 21.12.2022 RLatso rlhJ vxuj CtJuN Ôgtm nhdtuJl œumtR
2019-20,166,South-West,stu^vwh,20 JODHPUR,570.0,23.1,23.10.2022,Nar Narayan Infrastructure Pvt Ltd,,stu^vwh stu^vwh Jtuzobtkk rJMJu¹Jh bntœuJ bkœeh&e rNJhksle ce{s mrJommw^eltu htuz 570 7 lhlthtgK RL£t. 23.10.2022 RLatso rlhJ vxuj CtJuN Ôgtm nhdtuJl œumtR
2019-20,167,South-West,stu^vwh,20 JODHPUR,680.0,25.02,25.02.2023,Nar Narayan Infrastructure Pvt Ltd,,stu^vwh ytb{Jl &e frJ<t yuvtxobuLx mw^eltuu htuz 680 8 lhlthtgK RL£t. 25.02.2023 RLatso rlhJ vxuj CtJuN Ôgtm dtuvtj vxuj
2019-20,168,South-West,stu^vwh,20 JODHPUR,1290.0,18.02,18.02.2023,Nar Narayan Infrastructure Pvt Ltd,,stu^vwh bgwhvkF &e ytjtv &e hðltfh-1 mw^eltuu htuz 1290 9 lhlthtgK RL£t. 18.02.2023 RLatso rlhJ vxuj CtJuN Ôgtm dtuvtj vxuj
2019-20,169,South-West,stu^vwh,20 JODHPUR,260.0,12.0,13.02.2023,Nar Narayan Infrastructure Pvt Ltd,,stu^vwh nmwCtR vtfo &e nu<Je xtJh mw^eltu htuz 260 12 lhlthtgK RL£t. 13.02.2023 RLatso rlhJ vxuj CtJuN Ôgtm dtuvtj vxuj
2019-20,170,South-West,stu^vwh,20 JODHPUR,550.0,12.0,11.02.2023,Nar Narayan Infrastructure Pvt Ltd,,stu^vwh ybebkdj Vjux &e mwCœNol <&t yJehðlb yNtufldh mw^eltu htuz 550 12 lhlthtgK RL£t. 11.02.2023 RLatso rlhJ vxuj CtJuN Ôgtm dtuvtj vxuj
2019-20,171,South-West,stu^vwh,20 JODHPUR,350.0,16.0,07.01.2023,Nar Narayan Infrastructure Pvt Ltd,,stu^vwh heœ^e xtJh &e ytubfthu¹Jh mw^eltu htuz 350 16 lhlthtgK RL£t. 07.01.2023 Rlatso rlhJ vxuj CtJuN Ôgtm dtuvtj vxuj
2019-20,172,South-West,mhFus,33 SARKHEJ,205.0,,30.05.22,,,mhFus Mvevt &e yum.S.ntRJulu stuz<tu htuz 205 8 lhlthtgK RLVtMxah «t.je.30.05.22 ykfwhCtR vxuj Niju»t CtR vwòht dtuvtj CtR vxuj
2019-20,173,South-West,mhFus,33 SARKHEJ,380.0,,02.06.22,,,mhFus JMºttvwh Vtxf&e Ctlwhtb Vtxf mw^e 380 8 lhlthtgK RLVtMxah «t.je.02.06.22 ykfwhCtR vxuj Niju»t CtR vwòht dtuvtj CtR vxuj
2019-20,174,South-West,mhFus,33 SARKHEJ,310.0,,11.02.23,,,mhFus jtuFkzJtjt vtxeo Ãjtux&e ytuNegl Jejt mw^e 310 7.5 lhlthtgK RLVtMxah «t.je.11.02.23 ykfwhCtR vxuj Niju»t CtR vwòhtnhdtuJl CtR œumtR ylu dtuvtj CtR vxuj
2019-20,175,South-West,mhFus,33 SARKHEJ,330.0,,09.02.23,,,mhFus yfNt yuBcegN htuz 330 4.6 lhlthtgK RLVtMxah «t.je.09.02.23 ykfwhCtR vxuj Niju»t CtR vwòhtnhdtuJl CtR œumtR ylu dtuvtj CtR vxuj
2019-20,176,South-West,mhFus,33 SARKHEJ,1180.0,,15.02.23,,,mhFus jfÍwhegt Vjux&e ctdu Vt<ebt &e dwjNl bnuh Mfwj mww^e 1180 5.6 lhlthtgK RLVtMxah «t.je.15.02.23 ykfwhCtR vxuj Niju»t CtR vwòhtnhdtuJl CtR œumtR ylu dtuvtj CtR vxuj
2019-20,177,South-West,mhFus,33 SARKHEJ,400.0,,01.02.23,,,mhFus mœCtJlt mfoj&e ctdu rlNtk< mw^e (sbKe ctswyu) 400 4.5lhlthtgK RLVtMxah «t.je.01.02.23 ykfwhCtR vxuj Niju»t CtR vwòhtnhdtuJl CtR œumtR ylu dtuvtj CtR vxuj
2019-20,178,South-West,mhFus,33 SARKHEJ,600.0,,05.02.23,,,mhFus mœCtJlt mfoj&e ctdu rlNtk< mw^e (ztCe ctswyu) 600 5.4lhlthtgK RLVtMxah «t.je.05.02.23 ykfwhCtR vxuj Niju»t CtR vwòht dtuvtj CtR vxuj
2019-20,179,South-West,mhFus,33 SARKHEJ,300.0,,28.01.23,,,mhFus muJe Mx[txt &e xe xuf Rlzegt ftuj muLxh mw^e 300 5.9 lhlthtgK RLVtMxah «t.je.28.01.23 mksg «òvr< Niju»t CtR vwòhtnhdtuJl CtR œumtR ylu dtuvtj CtR vxuj
2019-20,180,South-West,mhFus,33 SARKHEJ,310.0,,27.01.23,,,mhFus Ntk<evwht atufze budt btujle ctsw Jt¤tu htuz 310 6 lhlthtgK RLVtMxah «t.je.27.01.23 ykfwhCtR vxuj Niju»t CtR vwòhtnhdtuJl CtR œumtR ylu dtuvtj CtR vxuj
2019-20,181,South-West,mhFus,33 SARKHEJ,320.0,,23.01.23,,,mhFus Wsjt mfoj vtmu dtuvtj ntuxuj&e heLd htuz mw^e 320 6 lhlthtgK RLVtMxah «t.je.23.01.23 ykfwhCtR vxuj/ mksg «òvr< Niju»t CtR vwòhtnhdtuJl CtR œumtR ylu dtuvtj CtR vxuj
2019-20,182,South-West,mhFus,33 SARKHEJ,340.0,,01.02.23,,,mhFus ybwj dtzol &e yth.su.ve. ntWm &e nherJjt htuz 340 7.5lhlthtgK RLVtMxah «t.je.01.02.23 ykfwhCtR vxuj Niju»t CtR vwòht dtuvtj CtR vxuj
2019-20,183,South-West,mhFus,33 SARKHEJ,410.0,,14.02.23,,,mhFus ftœhe vtxeo buRl htuz 410 6.6 lhlthtgK RLVtMxah «t.je.14.02.23 ykfwhCtR vxuj Niju»t CtR vwòht dtuvtj CtR vxuj
2019-20,184,South-West,Jusjvwhak÷btije,32 VEJALPUR,1450.0,18.0,24.05.2022,,,"Jusjvwhak÷btije Mfwj&e mthtCtR vkvekd MxuNl htuz, Jusjvwh Jtuzo 1450 18 rœNt fkMx[¾Nl 24.05.2022 blmwFCtR vhbth y<wjCtR vxuj nhdtuJlCtR œumtR"
2019-20,185,South-West,JusjvwhlJrl^e,32 VEJALPUR,410.0,28.12,,Nar Narayan Infrastructure Pvt Ltd,,"JusjvwhlJrl^e mtumtgxe &e ytgfh rJnth htuz, Jujsvwh Jtuzo 410 7 lh lthtgK RL£t. «t.je. 28.12.2022blmwFCtR vhbth y<wjCtR vxuj nhdtuJlCtR œumtR"
2019-20,186,South-West,JusjvwhcwxCJtle,32 VEJALPUR,450.0,28.12,,Nar Narayan Infrastructure Pvt Ltd,,"JusjvwhcwxCJtle bkrœh &e yth.yth.rîJuœe Mfwj htuz, Jusjvwh Jtuzo 450 7.5 lh lthtgK RL£t. «t.je. 28.12.2022blmwFCtR vhbth y<wjCtR vxuj nhdtuJlCtR œumtR"
2019-20,187,South-West,Jusjvwh,32 VEJALPUR,150.0,17.12,,Nar Narayan Infrastructure Pvt Ltd,,Jusjvwh ^lksg ath hM<t&e ~gtbj 3.ce htuz 150 8 lh lthtgK RL£t. «t.je. 17.12.2022blmwFCtR vhbth y<wjCtR vxuj nhdtuJlCtR œumtR
2019-20,188,South-West,bf<bvwhtbf<bvwht,34 MAKTAMPURA,266.0,19.12,,Nar Narayan Infrastructure Pvt Ltd,,bf<bvwhtbf<bvwht Mfqj mtbu&e cnth rlf¤<tu yj fbj vtmultu cntheM<t <hV s<tu htuz 266 5 lhlthtgK RL£tMx[fah «t.je19.12.2022 bunwjCtR «òvr< yNhVCtR Jtuht nhdtuJlCtR œumtR
2019-20,189,South-West,bf<bvwht,34 MAKTAMPURA,543.0,4.06,,Nar Narayan Infrastructure Pvt Ltd,,bf<bvwht œ.v.Ítullt b¾<bvwht Jtuzobtkk WMbtle ntYle mtumt. &R ytÕVt zwÃjuût <hV rlf¤<tu hM<tu <&t yLg hM<tytulu d{tWxed juJju vtftu fhe hemhVum fhJtlt ftb ctc<. 543 5.5 lhlthtgK RL£tMx[fah «t.je04.06.2022 bunwjCtR «òvr< yNhVCtR Jtuht nhdtuJ
2019-20,190,South-West,bf<bvwht,34 MAKTAMPURA,274.0,26.12,,Nar Narayan Infrastructure Pvt Ltd,,bf<bvwht Íjf Vjux&e lÍhu Rjtne&e ytgNt bMSœ htuz. 274 5 lhlthtgK RL£tMx[fah «t.je26.12.2022 bunwjCtR «òvr< yNhVCtR Jtuht nhdtuJlCtR œumtR
2019-20,191,South-West,bf<bvwht,34 MAKTAMPURA,240.0,4.03,,Nar Narayan Infrastructure Pvt Ltd,,bf<bvwht yj bwftb&e su Jtuzo. 240 6.5 lhlthtgK RL£tMx[fah «t.je04.03.2023 bunwjCtR «òvr< yNhVCtR Jtuht nhdtuJlCtR œumtR
2019-20,192,South-West,bf<bvwht,34 MAKTAMPURA,294.0,29.11,,"(?) Construction & Infrastructure (gap-year firm, verify)",,bf<bvwht òJuœ vtfo htuz. 294 5.5 halt fLMx[fNl yuLz RL£tMx[fah29.11.2022 lhuLœ[CtR ztbtuh yNhVCtR Jtuht nhdtuJlCtR œumtR
2019-20,193,South-West,bf<bvwht,34 MAKTAMPURA,445.0,29.11,,"(?) Construction & Infrastructure (gap-year firm, verify)",,bf<bvwht ftdœe vtfo&e yilj nf mtumtgxe. 445 5.6 halt fLMx[fNl yuLz RL£tMx[fah29.11.2022 lhuLœ[CtR ztbtuh yNhVCtR Jtuht nhdtuJlCtR œumtR
2019-20,194,South-West,bf<bvwht,34 MAKTAMPURA,285.0,425.0,,,,bf<bvwht 285 yub.yuj.ze.lJe CtXt Mfqj <hV s<tu hM<tu 425 7.5halt fLMx[fNl yuLz RL£tMx[fah29.11.2022 lhuLœ[CtR ztbtuh yNhVCtR Jtuht nhdtuJlCtR œumtR
2019-20,195,South-West,bf<bvwhtNtkkr<rlfu<l&e,34 MAKTAMPURA,645.0,28.12,,Nar Narayan Infrastructure Pvt Ltd,,bf<bvwhtNtkkr<rlfu<l&e ÍbÍb Vjux mw^eltu htuz <&t yLg hM<t hemhVum fhJtlt ftb ctc<.(ce.me.)645 4.5 lhlthtgK RL£tMx[fah «t.je28.12.2022 bunwjCtR «òvr< yNhVCtR Jtuht nhdtuJlCtR œumtR
2019-20,196,South-West,mhFus,33 SARKHEJ,550.0,18.0,26-02-2023,M/s L.G. Chaudhary,,mhFus JMºttvwh huÕJu ¢tumekd &e htnwj xtJh ath hM<t mw^eltu htuz 550 18 yuj.S.ati^he 26-02-2023
2019-20,197,South-West,mhFus,33 SARKHEJ,2500.0,20.0,07-03-2023,Nar Narayan Infrastructure Pvt Ltd,,mhFus YMCA &e yum.ve. hekd htuz 2500 20 yuvuût fLMx[fNl 07-03-2023 198 vqJoÍtul ybhtRJtze fefwCtRle atje&e biºtevtfo mw^e 300 10 lhlthtgK RLVt[ «t.je 15-11-2022 mwCt»tCtR bwrlgt mwlejCtR vxuj bltusCtR mtujkfe 199 vqJoÍtul ybhtRJtze biºtevt¾
2019-20,251,South,bKeldh,37 MANINAGAR,57.0,14.0,,N.C.C. Infra Pvt Ltd,,bKeldh mhœth vxuj ntRMfwj xe.ve. htuz 57 6.03 yul.me.me.RL£tM vum «t.je. 14/04/2022 rnbtkNwkCtR vhbthrahtdCtR c{{nbCè vhuN ve. Ntn
2019-20,252,South,bKeldh,37 MANINAGAR,122.0,29.0,,N.C.C. Infra Pvt Ltd,,bKeldh sJtnh ftujtule xe.ve.htuz 122 4.00 yul.me.me.RL£tM vum «t.je. 29/05/2022 rnbtkNwkCtR vhbthrahtdCtR c{{nbCè vhuN ve. Ntn
2019-20,253,South,bKeldhrJCqr<,37 MANINAGAR,205.0,14.0,,Ashish Infracon Pvt Ltd,,bKeldhrJCqr< mtumt.&e beht ath hM<t &R cuMx ntRMfwj mfoj mw^e 205 7.00 ytNe»t RL£tftul «t.je. 14/04/2022 rnbtkNwkCtR vhbthrahtdCtR c{{nbCè vhuN ve. Ntn
2019-20,254,South,brKldhhbKldh,,141.0,2.0,02-02-2023,Nar Narayan Infrastructure Pvt Ltd,,"brKldhhbKldh mtumtgxe,Nwfl d{eLm yuvtxobuLx Jt¤e dje 141 4.35 lhlthtgK RL£tMx[fah «t.je. 02-02-2023 rnbtkNwkCtR vhbthrahtdCtR c{{nbCè vhuN ve. Ntn"
2019-20,255,South,brKldhhbKldh,,65.0,2.0,02-02-2023,Nar Narayan Infrastructure Pvt Ltd,,"brKldhhbKldh mtumtgxe,«bwFf]vt yuvtxobuLxle ctsw Jt¤e dje 65 4.55 lhlthtgK RL£tMx[fah «t.je. 02-02-2023 rnbtkNwkCtR vhbthrahtdCtR c{{nbCè vhuN ve. Ntn"
2019-20,256,South,brKldhlq<l,,247.0,31.0,,Nar Narayan Infrastructure Pvt Ltd,,"brKldhlq<l vtxeœth mtumtgxe,RLzmRLz cukf &e dtuvtj fwks mtumtgxe mw^e 247 4.53 lhlthtgK RL£tMx[fah «t.je. 31/1/2023 rnbtkNwkCtR vhbthrahtdCtR c{{nbCè vhuN ve. Ntn"
2019-20,257,South,brKldh,,149.0,2.0,02-01-2023,Nar Narayan Infrastructure Pvt Ltd,,brKldh vqrKobt mtumtgxe xe.ve.htuz 149 4.74 lhlthtgK RL£tMx[fah «t.je. 02-01-2023 rnbtkNwkCtR vhbthrahtdCtR c{{nbCè vhuN ve. Ntn
2019-20,258,South,brKldh,,275.0,2.0,02-06-2023,Nar Narayan Infrastructure Pvt Ltd,,brKldh ytb{fwks mtumtgxeltu xe.ve.htuz 275 5.68 lhlthtgK RL£tMx[fah «t.je. 02-06-2023 rnbtkNwkCtR vhbthrahtdCtR c{{nbCè vhuN ve. Ntn lhlthtgK RL£tMx[fah «t.je. mwCt»t vxuj rbluN Ntn mksg mw&th
2019-20,259,South,brKldh,,329.0,1.0,01-11-2023,Nar Narayan Infrastructure Pvt Ltd,,"brKldh rJsg ÃjtÍtle vtA¤le dje,Juœ bkrœhle atje 329 4.57 lhlthtgK RL£tMx[fah «t.je. 01-11-2023 rnbtkNwkCtR vhbthrahtdCtR c{{nbCè vhuN ve. Ntn"
2019-20,260,South,brKldhvwrl<,,314.0,2.0,02-05-2023,Nar Narayan Infrastructure Pvt Ltd,,"brKldhvwrl< yt©b rJM<th,ytNeoJtœ Vjux &e œuJ yujedLm Vjux mw^eltu xe.ve.htuz 314 5.36 lhlthtgK RL£tMx[fah «t.je. 02-05-2023 rnbtkNwkCtR vhbthrahtdCtR c{{nbCè vhuN ve. Ntn"
2019-20,261,South,brKldh,,291.0,1.0,01-03-2023,,,brKldh aelwCtR ftujtule xu.ve.htuz 291 5.63 htujh muLxh 01-03-2023 rnbtkNwkCtR vhbth rahtdCtR c{{nbCè vhuN ve. Ntn
2019-20,262,South,brKldh,,569.0,2.0,02-12-2023,,,brKldh œuzfe htuz Mxtuh&e huÕJu ftujtule atufXt mw^e 569 6.40 htujh muLxh 02-12-2023 rnbtkNwkCtR vhbthrahtdCtR c{{nbCè vhuN ve. Ntn
2019-20,263,South,brKldh,,112.0,1.0,01-03-2023,,,brKldh ytirœågldh xe.ve.htuz 112 4.88 htujh muLxh 01-03-2023 rnbtkNwkCtR vhbth rahtdCtR c{{nbCè vhuN ve. Ntn
2019-20,264,South,brKldh,,639.0,15.0,,,,brKldh vkaJxe mtumtgxelt xe.ve.htuz 639 4.45 htujh muLxh 15/02/2023 rnbtkNwkCtR vhbth rahtdCtR c{{nbCè vhuN ve. Ntn
2019-20,265,South,brKldh,,828.0,20.0,,,,brKldh ^ljûbe mtumtgxelt xe.ve.htuz 828 4.80 htujh muLxh 20/02/2023 rnbtkNwkCtR vhbth rahtdCtR c{{nbCè vhuN ve. Ntn
2019-20,266,South,FtuFhtbKeldh,44 KHOKHRA,1153.0,12.5,,Ashish Infracon Pvt Ltd,,FtuFhtbKeldh huÕJu f[tumekd&e lt&tjtj ÍDzegt c{es leau mwDe(nuc{tul Mfwj &e lt&tjtj c{es mw^e ) 1153 12.50 ytNe»t RL£tftul «t.je. 21/04/2022 vjfCtR mhJigt Ch<CtR ati^he XtftuhCtR JmtJt
2019-20,267,South,FtuFhtjtjCtR,44 KHOKHRA,203.0,11.5,,Ashish Infracon Pvt Ltd,,FtuFhtjtjCtR muLxh &e nheytubrnLœw ntRMfwj mw^e ltu htuz 203 11.50 ytNe»t RL£tftul «t.je. 15/04/2022 vjfCtR mhJigt Ch<CtR ati^he XtftuhCtR JmtJt
2019-20,268,South,FtuFht,44 KHOKHRA,128.0,4.0,04-05-2022,Nar Narayan Infrastructure Pvt Ltd,,FtuFht vÕjJ ntuMvexj le vtA¤ ltk Ctdu ytJujtu htuz 128 lhlthtgK RL£tMx[fah «t.je. 04-05-2022 vjfCtR mhJigt Ch<CtR ati^he XtftuhCtR JmtJt
2019-20,269,South,FtuFht,44 KHOKHRA,151.0,4.0,04-07-2022,Nar Narayan Infrastructure Pvt Ltd,,FtuFht Dtuztmh dtb<¤ le ytswctswlt hM<t 151 9.00 lhlthtgK RL£tMx[fah «t.je. 04-07-2022 rlju»t CtR «òvr< Ch<CtR ati^he XtftuhCtR JmtJt
2019-20,270,South,FtuFht,44 KHOKHRA,151.0,11.82,04-08-2022,Nar Narayan Infrastructure Pvt Ltd,,FtuFht Dtuztmhdtb &e rJ^tdithe mtumtgxe mw^eltu htuz 151 11.82 lhlthtgK RL£tMx[fah «t.je. 04-08-2022 rlju»t CtR «òvr< Ch<CtR ati^he XtftuhCtR JmtJt
2019-20,271,South,FtuFht^tuztmh,44 KHOKHRA,245.0,4.0,04-09-2022,Nar Narayan Infrastructure Pvt Ltd,,FtuFht^tuztmh rJM<th btk rJ^tdithe mtumt. &e ck^l mtumt. mw^eltu htuz 245 6.75 lhlthtgK RL£tMx[fah «t.je. 04-09-2022 rlju»t CtR «òvr< Ch<CtR ati^he XtftuhCtR JmtJt
2019-20,272,South,FtuFht,44 KHOKHRA,259.0,2.0,02-05-2023,,,FtuFht jûbelthtgK rJM<th lt htuz (dje lk 1) 259 4.68 htujh muLxh 02-05-2023 vjfCtR mhJigt Ch<CtR ati^he XtftuhCtR JmtJt
2019-20,273,South,FtuFht,44 KHOKHRA,340.0,2.0,02-03-2023,,,FtuFht jûbelthtgK rJM<th lt htuz (dje lk 2) 340 4.50 htujh muLxh 02-03-2023 vjfCtR mhJigt Ch<CtR ati^he XtftuhCtR JmtJt
2019-20,274,South,FtuFht,44 KHOKHRA,60.0,2.0,02-05-2023,,,FtuFht jûbelthtgK rJM<th lt htuz (yLg djeytu ) 60 4.40 htujh muLxh 02-05-2023 vjfCtR mhJigt Ch<CtR ati^he XtftuhCtR JmtJt
2019-20,275,South,FtuFht,44 KHOKHRA,72.0,29.0,,,,FtuFht ybhytrN»t Vjux vtmu ltu htuz 72 4.28 htujh muLxh 29/01/2023 vjfCtR mhJigt Ch<CtR ati^he XtftuhCtR JmtJt
2019-20,276,South,FtuFht,44 KHOKHRA,85.0,30.0,,,,FtuFht htsuLî vtfo mtumtgxe vtmu ltu htuz 85 3.00 htujh muLxh 30/1/2023 vjfCtR mhJigt Ch<CtR ati^he XtftuhCtR JmtJt
2019-20,277,South,FtuFht,44 KHOKHRA,89.0,29.0,,,,FtuFht fÕgtK Mfwj &e htbœuJ veh bkœeh <hV s<tu htuz 89 7.01 htujh muLxh 29/01/2023 vjfCtR mhJigt Ch<CtR ati^he XtftuhCtR JmtJt
2019-20,278,South,FtuFhtlJœwdto,44 KHOKHRA,525.0,2.0,02-02-2023,,,FtuFhtlJœwdto mttumt &e dtuMJtbe mbts mtumtgxe &e <hV s<tu htuz 525 7.84 htujh muLxh 02-02-2023 vjfCtR mhJigt Ch<CtR ati^he XtftuhCtR JmtJt
2019-20,279,South,œtKejebztCSgtJt¤e,36 DANILIMDA,116.0,19.0,,Nar Narayan Infrastructure Pvt Ltd,,œtKejebztCSgtJt¤e atje htuz (hmwjtctœ &e sgtur< vtfo mtumtgxe mw^eltu xe.ve htuz) 116 5.00 lhlthtgK RL£tMx[fah «t.je. 19/04/2022 «ftNCtR Cukukukò¤egt Wmbtldle buDhSgt sd<CtR ftuLx[tfxh
2019-20,280,South,œtKejebztvtlJt¤e,36 DANILIMDA,105.0,19.0,,Nar Narayan Infrastructure Pvt Ltd,,œtKejebztvtlJt¤e atje buRl xe.ve.htuz (QkxJt¤e atje htuz ltk cœju ) 105 5.50 lhlthtgK RL£tMx[fah «t.je. 19/04/2022 «ftNCtR Cukukukò¤egt Wmbtldle buDhSgt sd<CtR ftuLx[tfxh
2019-20,281,South,œtKejebzt,36 DANILIMDA,570.0,23.0,,Nar Narayan Infrastructure Pvt Ltd,,œtKejebzt rf<eofwks mtumtgxe xe.ve.htuz 570 4.80 lhlthtgK RL£tMx[fah «t.je. 23/04/2022 «ftNCtR Cukukukò¤egt Wmbtldle buDhSgt sd<CtR ftuLx[tfxh
2019-20,282,South,RLœ[vwhe,,185.0,4.0,04-06-2022,Nar Narayan Infrastructure Pvt Ltd,,RLœ[vwhe cr¤gtldh &e «dr<ldh htuz ybhtRJtze yuhegt 185 7.00 lhlthtgK RL£tMx[fah «t.je. 04-06-2022 silefCtR mthkd hbuNCtR cthigtXtftuhCtR JmtJt
2019-20,283,South,Rmlvwh,45 ISANPUR,225.0,30.0,30-04-2022,N.C.C. Infra Pvt Ltd,,Rmlvwh æJrl mtumtgxe &e Nrf< mtumtgxe mw^eltu htuz 225 8.00yul.me.me.RL£tM vum «t.je. 30-04-2022 CtJuNCtR vxuj mw»btcul vxuj vhuN ve. Ntn
2019-20,284,South,Rmlvwh,45 ISANPUR,172.0,17.0,,,,Rmlvwh ctvt me<thtble bZwje &R atufmevtfo mw^eltu htuz 172 6.50Cdeh& yumtumeyux 17/11/2022 ylj Ntn mw»btcul vxuj vhuN ve. Ntn
2019-20,285,South,Rmlvwh,45 ISANPUR,141.0,18.0,,,,Rmlvwh X¬h zuhelt Ftkat &R jje<t mtumtgxe htuz 141 6.80 Cdeh& yumtumeyux 18/11/2022 ylj Ntn mw»btcul vxuj vhuN ve. Ntn
2019-20,286,South,Rmlvwh,45 ISANPUR,247.0,22.0,,,,Rmlvwh œhcth mtRfj &R ChJtzJtm mw^elt htuz 247 8.05 Cdeh& yumtumeyux 22/11/2022 ylj Ntn mw»btcul vxuj vhuN ve. Ntn
2019-20,287,South,Rmlvwh,45 ISANPUR,96.0,20.0,,,,Rmlvwh htsbkrœh mtumtgxe htuz 96 6.65 Cdeh& yumtumeyux 20/11/2022 ylj Ntn mw»btcul vxuj vhuN ve. Ntn
2019-20,288,South,Rmlvwh,45 ISANPUR,32.0,21.0,,,,Rmlvwh rNJb Mfwj htuz 32 8.87 Cdeh& yumtumeyux 21/11/2022 ylj Ntn mw»btcul vxuj vhuN ve. Ntn
2019-20,289,South,Rmlvwh,45 ISANPUR,360.0,26.0,,,,Rmlvwh ftuBVe ntuxuj &e htsctd mtumtgxe mw^eltu htuz 360 6.10 Cdeh& yumtumeyux 26/11/2022 ylj Ntn mw»btcul vxuj vhuN ve. Ntn
2019-20,290,South,JxJt,47 VATVA,382.0,26.0,,N.C.C. Infra Pvt Ltd,,JxJt rcbj Vtbo mtbu Bgwrl. dtzol Ãjtux &e ztftuhlt& mw^eltu htuz 382 7.83 yul.me.me.RL£tM vum «t.je. 26/04/2022 rJlg vxuj c{esuN htJj rfhK «òvr< vhuN ve. Ntn
2019-20,291,South,JxJt,47 VATVA,1139.0,5.0,05-05-2022,N.C.C. Infra Pvt Ltd,,JxJt Bgwrl. vtxeoÃjtux &e ^ljûbe &R dtbze htuz <hVlt hM<tlu hed{uz fhe hemhVum fhJtlt ftb 1139 5.85 yul.me.me.RL£tM vum «t.je. 05-05-2022 rJlg vxuj rfhK «òvr< vhuN ve. Ntn
2019-20,292,South,JxJt,47 VATVA,840.0,3.0,03-05-2023,Nar Narayan Infrastructure Pvt Ltd,,JxJt œuJebt<t bkrœh &e ntubdtzo ytuVem &R JxJt <¤tJ 840 9.00 lhlthtgK RL£tMx[fah «t.je. 03-05-2023 rJlg vxuj rfhK «òvr< vhuN ve. Ntn
2019-20,293,South,jtkCt,46 LAMBHA,225.0,24.0,,Nar Narayan Infrastructure Pvt Ltd,,jtkCt «r<CtvÕm ftuBvjuût &e Yce btuxmo mw^eltu hM<tu 225 4.7 lhlthtgK RL£tMx[fah «t.je. 24/04/2022 ©e –r»tCtR ©ebt¤e ©e fÕvuNCtR ÍtÍYrfgt XtftuhCtR JmtJt
2019-20,294,South,jtkCt,46 LAMBHA,217.0,24.0,,Nar Narayan Infrastructure Pvt Ltd,,jtkCt «òvr<Jtm («btuœbntsl lt Dh) &e Nrf<ldh mw^eltu hM<tu 217 4.5 lhlthtgK RL£tMx[fah «t.je. 24/04/2022 ©e –r»tCtR ©ebt¤e ©e fÕvuNCtR ÍtÍYrfgt XtftuhCtR JmtJt
2019-20,295,South,jtkCt,46 LAMBHA,1731.0,5.0,05-04-2022,Nar Narayan Infrastructure Pvt Ltd,,jtkCt œuJ ntuxj &e hekdhtuz <hV s<t bwÏg ntRJu Wvh vev¤sdtbbtk mhfthe lu¤egtJt¤tu ctgvtm hM<tu 1731 8.45 lhlthtgK RL£tMx[fah «t.je. 05-04-2022©e ykkrf<CtR «òvr< ©e fÕvuNCtR ÍtÍYrfgt XtftuhCtR JmtJt
2019-20,296,South,jtkCt,46 LAMBHA,328.0,30.0,,Nar Narayan Infrastructure Pvt Ltd,,jtkCt øgtmvwh buRl duxle ztce ctswltu ngt< yJh sJhltu hM<tu zçÕgw.yub.yub juJju vtftu fhe hemhVum fhJt 328 3.85 lhlthtgK RL£tMx[fah «t.je. 30/5/2022 ©e ykkrf<CtR «òvr< ©e fÕvuNCtR ÍtÍYrfgt XtftuhCtR JmtJt
2019-20,297,South,jtkCt,46 LAMBHA,1547.0,28.0,,Nar Narayan Infrastructure Pvt Ltd,,jtkCt jtkCtJtuzobtk ytJuj xe.ve luNlj ntRJu &e heNe< humezuLme &R JxJt <hV s<e bwÏg fultj mw^eltu hM<tu hemhVuRm fhJtltk ftb 1547 6.37 lhlthtgK RL£tMx[fah «t.je. 28/05/2022©e rœluNCtR vthde ©e gtuduN CtR bÕntuºtt XtftuhCtR JmtJt
2019-20,298,South,jtkkCt,,896.0,2.0,02-01-2023,,,jtkkCt dtgºte ftuBÃjût &e Rlœehtldh -1 896 3.80 Cdeh& yumtumeyux 02-01-2023©e rœÔguNCtR Cw< ©e gtuduN CtR bÕntuºtt XtftuhCtR JmtJt
2019-20,299,South,jtkCt,46 LAMBHA,,,,,,jtkkCt jtkCt dtb cmMxuNl &e RLœehtldh -1 Cdeh& yumtumeyux ©e rœÔguNCtR Cw< ©e gtuduN CtR bÕntuºtt XtftuhCtR JmtJt
2019-20,300,South,jtkkCt,,1795.0,21.0,,,,jtkkCt RLœehtldh -1 ath hM<t &e xleod Cdeh& yumtumeyux ©e rœÔguNCtR Cw< ©e gtuduN CtR bÕntuºtt XtftuhCtR JmtJt 1795 6.50 21/10/2022
2019-20,301,South,jtkkCt,,,,,,,jtkkCt RLœehtldh -1 xleod &e RLœeht ldh-2 cm MxuNl Cdeh& yumtumeyux ©e rœÔguNCtR Cw< ©e gtuduN CtR bÕntuºtt XtftuhCtR JmtJt
2019-20,302,South,jtkkCt,,,,,,,jtkkCt RLœehtldh-2 cmMxuNlRLœeht ldh-2 nlwbtl bkrœh Cdeh& yumtumeyux ©e rœÔguNCtR Cw< ©e gtuduN CtR bÕntuºtt XtftuhCtR JmtJt
2019-20,303,South,jtkkCt,,935.0,2.0,02-01-2023,,,jtkkCt jûbevwht dtb <hV s<tu buRl htuz 935 3.80 Cdeh& yumtumeyux 02-01-2023©e rœÔguNCtR Cw< ©e gtuduN CtR bÕntuºtt XtftuhCtR JmtJt
2019-20,304,South,JxJt,47 VATVA,1100.0,14.0,,,,JxJt rbzftu rc{s &e ccwlvtujem atufe htuz 1100 14 halt RLV{tMx[fah 23/01/2023 sguNCtR œtuNe bnuNCtR htsvw< fehex vhbth
2019-20,305,South,JxJt,47 VATVA,400.0,12.0,,N.C.C. Infra Pvt Ltd,,JxJt fuzejt rc{s &e studom vtfo 400 12 yul.me.me. RL£tMvuN «t.je15/12/2022 rJhj vxuj bnuNCtR htsvw< fehex vhbth
2019-20,306,South,cnuhtbvwht,35 BAHERAMPURA,1100.0,21.0,,,,cnuhtbvwht ftNehtb xuûtxtRjm &e ftuÍe ntuxj 1100 21 halt RLV{tMx[fah 16/05/2022 sguNCtR œtuNe bnuNCtR htsvw< fehex vhbth
2019-20,307,Central,Ntnvwh,17 SHAHPUR,410.0,28.02,,"(?) Construction & Infrastructure (gap-year firm, verify)",,Ntnvwh Ntnvwh ycol nuÕ& muLxh&e çntR muLxh åttufXt 410 8.00 halt fkLMx[fNl yuLz EL£tMxT[fah28.02.2023 Ch<CtR atintK vw<wj <tht rfNtuhCtE ltzegt
2019-20,308,Central,Ntnvwh,17 SHAHPUR,455.0,23.02,,"(?) Construction & Infrastructure (gap-year firm, verify)",,Ntnvwh bntft¤e bkœeh htuz 455 8.00 halt fkLMx[fNl yuLz EL£tMxT[fah23.02.2023 rblu»tCtR vtœhegt vw<wj <tht rfNtuhCtE ltzegt
2019-20,309,Central,Ntnvwh,17 SHAHPUR,360.0,10.0,,"(?) Construction & Infrastructure (gap-year firm, verify)",,Ntnvwh bknuœefwJt ath hM<t&e bt^wvwht vtujem MxuNl htuz 360 10.00halt fkLMx[fNl yuLz EL£tMxT[fah25.02.2023 bÍnhCtR vXtK vw<wj <tht rfNtuhCtE ltzegt
2019-20,310,Central,Ftzegt,28 KHADIA,400.0,10.0,,"(?) Construction & Infrastructure (gap-year firm, verify)",,Ftzegt mtkfze Nuhe btKufatuf &e ZtjdhJtz ath hM<t 400 10.00 halt fkLMx[fNl yuLz EL£tMxT[fah28.01.2023 sgleN fk&thegt ytrN»t yth.vxuj rfNtuhCtE ltzegt
2019-20,311,Central,Ftzegt,28 KHADIA,115.0,12.0,,"(?) Construction & Infrastructure (gap-year firm, verify)",,Ftzegt btKufatuf &e r<jf buœtl 115 12.00 halt fkLMx[fNl yuLz EL£tMxT[fah29.01.2023 sgleN fk&thegt ytrN»t yth.vxuj rfNtuhCtE ltzegt
2019-20,312,Central,Ntnectdbtunl,16 SHAHIBAG,290.0,18.0,,"(?) Construction & Infrastructure (gap-year firm, verify)",,Ntnectdbtunl rmlubt mfoj &e mk<t»tebt<tltk bkœeh Jt¤t xe skfNl mw^e 290 18.00 halt fLMx[¾Nl yuLz RL£tMx[¾ah - fÕvuNCtR.fu. vxuj hbKCtR yub.vxuj yuuj.me.vxuj ELatso brl»tCtE Ntn
2019-20,313,Central,ymthJt,15 ASARWA,305.0,31.07,,"(?) Construction & Infrastructure (gap-year firm, verify)",,ymthJt Ctøgtuœg Vjux&e de<tldh mtumtgxe mw^e 305 7.20 halt fLMx[[fNl yuLz RL£tMx[fah31.07.2022 yrN»tCtR aitntKELatso yb]<CtR «òv<erJsgCtE vxuj
2019-20,314,Central,ymthJt,15 ASARWA,140.0,31.07,,"(?) Construction & Infrastructure (gap-year firm, verify)",,ymthJt buDKeldh Ntf btfuox htuz 140 8.00 halt fLMx[[fNl yuLz RL£tMx[fah31.07.2022 yrN»tCtR aitntKELatso yb]<CtR «òv<erJsgCtE vxuj 1795 6.50 21/10/2022
2019-20,315,Central,ymthJt,15 ASARWA,128.0,110.0,,"(?) Construction & Infrastructure (gap-year firm, verify)",,ymthJt buDKeldh Ntf btfuoxo&e çjtuf lk 128 mw^e 110 7.00 halt fLMx[[fNl yuLz RL£tMx[fah31.07.2022 yrN»tCtR aitntKELatso yb]<CtR «òv<erJsgCtE vxuj
2019-20,316,Central,ymthJt,15 ASARWA,180.0,31.07,,"(?) Construction & Infrastructure (gap-year firm, verify)",,ymthJt mqgoldh Atvht&e Lgw rlhksl mtumtgxe mw^e 180 5.20 halt fLMx[[fNl yuLz RL£tMx[fah31.07.2022 yrN»tCtR aitntKELatso yb]<CtR «òv<erJsgCtE vxuj
2019-20,317,Central,ymthJt,15 ASARWA,325.0,31.07,,"(?) Construction & Infrastructure (gap-year firm, verify)",,ymthJt dtk^eldh mtumtgxe&e mhœth atuf mw^e 325 9.70 halt fLMx[[fNl yuLz RL£tMx[fah31.07.2022 yrN»tCtR aitntKELatso yb]<CtR «òv<erJsgCtE vxuj
2019-20,318,Central,ymthJt,15 ASARWA,180.0,31.07,,"(?) Construction & Infrastructure (gap-year firm, verify)",,ymthJt de<tldh mtumtgxe&e dwjcdo mtumtgxe mw^e 180 6.00 halt fLMx[[fNl yuLz RL£tMx[fah31.07.2022 yrN»tCtR aitntKELatso yb]<CtR «òv<erJsgCtE vxuj
2019-20,319,Central,ymthJt,15 ASARWA,254.0,30.11,,,,ymthJt vqò ntuMvexj &e studuµhe Atvht &R mhœthatuf 254 8.00halt fLMx[[fNl yuLz RL£tMx[fah30.11.2022 lunjcul vhbth«ftNCtR cjmthegt rJsgCtE vxuj
2019-20,320,Central,ymthJt,15 ASARWA,379.0,10.0,,"(?) Construction & Infrastructure (gap-year firm, verify)",,ymthJt Ntgtult Nt¤t&e ybhldh mw^e 379 10.00 halt fLMx[[fNl yuLz RL£tMx[fah30.11.2022 lunjcul vhbth«ftNCtR cjmthegt rJsgCtE vxuj
2019-20,321,Central,ymthJt,15 ASARWA,81.0,250.0,,"(?) Construction & Infrastructure (gap-year firm, verify)",,ymthJt rJXXjœth vtxeoÃjtux&e buDtKeldh vtKele xtkfe mw^eltu htuz (çjtuf lkk 9 &e 81) 250 9.15 halt fLMx[[fNl yuLz RL£tMx[fah31.12.2022 lunjcul vhbth«ftNCtR cjmthegt rJsgCtE vxuj
2019-20,322,Central,ymthJt,15 ASARWA,24.0,26.0,,"(?) Construction & Infrastructure (gap-year firm, verify)",,ymthJt buDtKeldh dw.nt.ctuzo çjtuf lk. 24 &e 26 100 6.00 halt fLMx[[fNl yuLz RL£tMx[fah31.12.2022 lunjcul vhbth«ftNCtR cjmthegt rJsgCtE vxuj
2019-20,323,Central,ymthJt,15 ASARWA,38.0,180.0,,"(?) Construction & Infrastructure (gap-year firm, verify)",,ymthJt ybhßgtu< Mfqj Jt¤tu htuz(çjtuf lkk 38 &e 8) 180 6.00 halt fLMx[[fNl yuLz RL£tMx[fah31.12.2022 lunjcul vhbth«ftNCtR cjmthegt rJsgCtE vxuj
2019-20,324,Central,ymthJt,15 ASARWA,245.0,31.12,,,,ymthJt htuneœtm mtumtgxe dux&e fjtveldh ctJjt mw^e 245 8.50halt fLMx[[fNl yuLz RL£tMx[fah31.12.2022 yb]<CtR «òv<e«ftNCtR cjmthegt ELatso brl»tCtR Ntn
2019-20,325,Central,ymthJt,15 ASARWA,800.0,17.0,,,,ymthJt kkfjtveldh ath hM<t&e mtRctct mtumtgxe htuz 800 17.00halt fLMx[[fNl yuLz RL£tMx[fah31.01.2023 lunjcul vhbth«ftNCtR cjmthegt ELatso brl»tCtR Ntn
2019-20,326,Central,ymthJt,15 ASARWA,650.0,18.0,24-11-2021,Nar Narayan Infrastructure Pvt Ltd,,ymthJt ytubldh mfoj &e hðlmtdh ath hM<t 650 18 lhlthtgtK RL£tMx[fah «t.je. 24-11-2021
2019-20,327,Central,NtrnctdhejtgLm,,550.0,18.0,15-04-2021,,,NtrnctdhejtgLm btfuox &e nlwbtl vwht ce.yth.xe.yum. Cm MxuLz 550 18 Cdeh& yumtumeyuxm 15-04-2021
2019-20,328,North,lhtuzt,12 NARODA,242.0,23.1,23.10.2022,K.E.C.L.,,lhtuzt mðglthtgK lu¤egt &e fwbthNt¤t htuz &e sÕvt vkvekd 242 8.47 fu.R.me.yuj. 23.10.2022 yÕ¾uN mtujkfe rJsg «egœNeo lgltcul Fhtze
2019-20,329,North,lhtuzt,12 NARODA,180.0,23.4,,,,lhtuzt dòll rJjt &e fultj vuhujj 180 4.2 yul.me.me. 23.4.2022 yÕ¾uN mtujkfe rJsg «egœNeo lgltcul Fhtze biºtug JtDujt rbluN Ntn mksg mw&th
2019-20,330,North,lhtuzt,12 NARODA,336.0,30.12,30.12.2022,,,lhtuzt Ne<jlt& «Cw &e Fthefx fultj 336 9.49 yul.me.me. 30.12.2022 yÕ¾uN mtujkfe rJsg «egœNeo lgltcul Fhtze
2019-20,331,North,lhtuzt,12 NARODA,41.0,434.0,,,,lhtuzt œuJ ytNe»t- 41 434 4 yul.me.me. 1.1.2023 yÕ¾uN mtujkfe rJsg «egœNeo lgltcul Fhtze
2019-20,332,North,lhtuzt,12 NARODA,435.0,12.2,,,,lhtuzt nkmvwht cm MxuLz &e nkmvwht dtb <hV ltu hM<tu 435 5 yul.me.me. 12.2.2023 yÕ¾uN mtujkfe «KJ vkze< lgltcul Fhtze
2019-20,333,North,lhtuzt,12 NARODA,236.0,21.12,21.12.2022,,,lhtuzt œnudtb mfoj &e swlwk sft< ltfwk 236 9.82 yul.me.me. 21.12.2022 yÕ¾uN mtujkfe rJsg «egœNeo lgltcul Fhtze
2019-20,334,North,lhtuzt,12 NARODA,166.0,29.12,29.12.2022,,,lhtuzt «Cwvtfo ath hM<t &e dtgºte ath hM<t 166 9.98 yul.me.me. 29.12.2022 yÕ¾uN mtujkfe rJsg «egœNeo lgltcul Fhtze
2019-20,335,North,lhtuzt,12 NARODA,115.0,23.1,,,,lhtuzt dòll rJjt &e ybwj vtjoh htuz 115 8.5 yul.me.me. 23.1.2023 yÕ¾uN mtujkfe rJsg «egœNeo lgltcul Fhtze
2019-20,336,North,lhtuzt,12 NARODA,495.0,27.12,27.12.2022,,,lhtuzt ©e htb atuf &e b^wJl øjtuhe 495 9.61 yul.me.me. 27.12.2022 yÕ¾uN mtujkfe rJsg «egœNeo lgltcul Fhtze
2019-20,337,North,lhtuzt,12 NARODA,245.0,22.1,,,,lhtuzt Nuxxe vtl vtjoh &e fwbthNt¤t mw^eltu htuz(ChJtz Jtmltu buRl htuz) 245 8.5 yul.me.me. 22.1.2023 yÕ¾uN mtujkfe rJsg «egœNeo lgltcul Fhtze
2019-20,338,North,lhtuzt,12 NARODA,425.0,24.4,,,,lhtuzt ybhvtfo &e ©Øt vtfo mw^e ltu htuz <ubs ht^t JÕjC mtumtgxe &e fultj <hV ltu htuz 425 4.7 yul.me.me. 24.4.2022 yÕ¾uN mtujkfe rJsg «egœNeo lgltcul Fhtze
2019-20,339,North,lhtuzt,12 NARODA,220.0,20.11,20.11.2022,,,lhtuzt ytkcuµh atJtlt &e ©eS ckøjtuÍ <&t btunlldh ath hM<t &enrhîth mtumtgxe mw^eltu htuz 220 9.2 yul.me.me. 20.11.2022 yÕ¾uN mtujkfe rJsg «egœNeo lgltcul Fhtze
2019-20,340,North,lhtuzt,12 NARODA,148.0,108.0,,,,lhtuzt xe.ve.121 btk yuV.ve.78 &e 148 mw^e (108 &e ytuaeoz) 408 5 yul.me.me. 11.2.2023 yÕ¾uN mtujkfe «KJ vkze< lgltcul Fhtze
2019-20,341,North,RrLzgtftujtu,,550.0,24.02,24.02.2023,,,RrLzgtftujtu le œevf mtgfj htuz 550 7.5 yul.me.me. RLVt Ãt{t. 24.02.2023©e yrùlCtR ztbtuh ©e rljuNCtR vxuj ©e yth.ce.vxuj
2019-20,342,North,mhmvwh,27 SARASPUR-RAKHIYAL,350.0,15.0,24.02.2023,N.C.C. Infra Pvt Ltd,,mhmvwh- hrFgtj dtiœtKe mfoj &e htgvwhbej mfoj &e ce.yth.xe.yum htuz mw^e 350 15.00 yul.me.me. RL£tMvum «t.je.24.02.2023 dti<bCtR «òvr< ytR.ze.htXtuz yth.ce.vxuj
2019-20,343,North,mhmvwh,27 SARASPUR-RAKHIYAL,270.0,17.0,27.02.2023,N.C.C. Infra Pvt Ltd,,mhmvwh- hrFgtj dtiœtKe mfoj &e nebtœ[ebej ºtK hM<t mw^e 270 17.00 yul.me.me. RL£tMvum «t.je.27.02.2023 dti<bCtR «òvr< ytR.ze.htXtuz yth.ce.vxuj
2019-20,344,North,fwcuhldh,14 KUBERNAGR,165.0,17.5,01-02-2023,N.C.C. Infra Pvt Ltd,,fwcuhldh œtœlmtn œhcth Jt¤tu htuz 165 17.5 yul.me.me. RL£tMvum «t.je.01-02-2023©e søœeNCtR buJtzt ©e bwfuNCtR yul. vxuj ©e aeblCtR fu.Fhtze
2019-20,345,North,misvwh,,1047.0,13.5,20-11-2022,N.C.C. Infra Pvt Ltd,,misvwh rnhtJtze htuz 1047 13.5 yul.me.me. RL£tMvum «t.je.20-11-2022 œeluNCtR atu^he ©e yrb< ytuÍt©e aeblCtR fu.Fhtze
2019-20,346,North,mhœthldh,11 SARDARNAGAR,699.0,2.0,01-02-2023,N.C.C. Infra Pvt Ltd,,mhœthldh «dr<vtfo&e <wjmevtfo mw^eltu htuz 699 7.9 yul.me.me. RL£tMvum «t.je.01-02-2023 S<uL÷CtR Jmigt WbkdCtR vxuj©e aeblCtR fu.Fhtze
2019-20,347,North,mhœthldh,11 SARDARNAGAR,51.0,70.0,01-02-2023,N.C.C. Infra Pvt Ltd,,mhœthldh heJuht 51 Jt¤tu htuz 70 7.8 yul.me.me. RL£tMvum «t.je.01-02-2023 S<uL÷CtR Jmigt WbkdCtR vxuj©e aeblCtR fu.Fhtze
2019-20,348,North,X¬hldhfultj,,1174.0,18.04,18.04.2022,N.C.C. Infra Pvt Ltd,,"X¬hldhfultj mJeom htuz (vw»vf vkvekd &e ChJtz Jtm rJCtd-2) 1174 6.28, 8.22, 5.65 yul.me.me. RL£t. «t.je. 18.04.2022 mtihC vxuj vhuNCtR ati^he lgltcul Fhtze"
2019-20,349,North,836,,836.0,15.0,,,,836 15.00
2019-20,350,North,150,,150.0,,,,,150 6.79
2019-20,351,North,X¬hldh,,81.0,21.11,21.11.2022,N.C.C. Infra Pvt Ltd,,X¬hldh jJ ckøjtuÍ xe.ve. htuuz 81 9.00 yul.me.me. RL£t. «t.je. 21.11.2022 mtihC vxuj vhuNCtR ati^he lgltcul Fhtze
2019-20,352,North,X¬hldh,,236.0,7.01,07.01.2023,N.C.C. Infra Pvt Ltd,,X¬hldh jtCt&o mtumt. htuz 236 5.58 yul.me.me. RL£t. «t.je. 07.01.2023 mtihC vxuj vhuNCtR ati^he lgltcul Fhtze
2019-20,353,North,X¬hldh,,383.0,11.21,11.01.2023,N.C.C. Infra Pvt Ltd,,X¬hldh ltucj Mfwj htuz 383 11.21 yul.me.me. RL£t. «t.je. 11.01.2023 mtihC vxuj vhuNCtR ati^he lgltcul Fhtze
2019-20,354,North,X¬hldhmhœth,,1087.0,14.08,03.03.2023,N.C.C. Infra Pvt Ltd,,X¬hldhmhœth atuf &e bntft¤e bkœeh mw^e (yum.yth.ve htuz) 1087 14.08 yul.me.me. RL£t. «t.je. 03.03.2023 mtihC vxuj vhuNCtR ati^he lgltcul Fhtze
2019-20,355,North,X¬hldh,,225.0,2.03,02.03.2023,N.C.C. Infra Pvt Ltd,,X¬hldh dehehts htuz 225 8.17 yul.me.me. RL£t. «t.je. 02.03.2023 mtihC vxuj vhuNCtR ati^he lgltcul Fhtze
2019-20,356,North,lhtuzt,12 NARODA,2700.0,30.0,,,,lhtuzt lhtuzt vtxegt mJeom htuz 2700 6 Cdeh& yumtumeyuxm 30/05/2022 mr<»t JtDujt bnuNCtR htsvw< fehex vhbth
2019-20,357,North,RLzegt,22 INDIA COLONY,5200.0,15.0,,,,RLzegt ftujtule ftjwvwh rc{s &e lhtuzt vtxegt 5200 15 fj&egt yuLS. yuLz fkMx[fNl je.19/11/2022 mr<»t JtDujt bnuNCtR htsvw< fehex vhbth
2019-20,358,North,lhtuzt,12 NARODA,1365.0,14.0,,,,lhtuzt jûbe rJjt &e S.R.ce 1365 14 Cdeh& yumtumeyuxm 18/10/2022 mr<»t JtDujt bnuNCtR htsvw< fehex vhbth
2019-20,359,North,ctvw,26 BAPUNAGAR,1000.0,18.0,01-09-2023,,,ctvw ldh jtjcntœwh Mxurzgb &e jebzt mfoj &e Vwxjt œuJj 1000 18fj&egt yuLS. yuLz fkMx[fNl je.01-09-2023 mr<»t JtDujt bnuNCtR htsvw< fehex vhbth
2019-20,360,North,lhtuzt,12 NARODA,108.0,1300.0,11-05-2022,,,lhtuzt nheœNol &e 108 hekdhtuz 1300 15 Cdeh& yumtumeyuxm 11-05-2022 mr<»t JtDujt bnuNCtR htsvw< fehex vhbth
2019-20,361,North,lhtuzt,12 NARODA,915.0,24.0,19.12.2022,N.C.C. Infra Pvt Ltd,,lhtuzt lJgwd &e yum.yth.ve. 915 24 Cdeh& yumtumeyuxm 22/02/2023 v]ÚJej cthtux bnuNCtR htsvw< fehex vhbth 361 fwj 174919 X¬hldhfÕgtK atuf &e rJ¢bvtfo &R ce.yth.xe.yum mJeom htuz mw^e yul.me.me. RL£t. «t.je. 19.12.2022 mtihC vxuj vhuNCtR ati^
2020-21,111,North-West,atkœjturzgtrJµfbto,02 CHANDLODIA,600.0,12.0,21.02.2024,M/s L.G. Chaudhary,,atkœjturzgtrJµfbto bkrœh &e ©eS hume. 600 12.00 yuj.S. ati^he 21.02.2024 ^buoNCtR vxuj Ch<CtR JtDzegt bwfuNCtR ltgf
2020-21,112,North-West,atkœjturzgt,02 CHANDLODIA,520.0,12.0,18.12.2023,Maruti Infracreation Pvt Ltd,,atkœjturzgt r<Yv<e Mfwj &e f]»lldh &e ^h<e ath hM<t 520 12.00 btYr< RL£t¢eyuNl «t.je. 18.12.2023 ^buoNCtR vxuj Ch<CtR JtDzegt bwfuNCtR ltgf
2020-21,113,North-West,atkœjturzgtylbtuj,02 CHANDLODIA,420.0,12.0,15.10.2023,M/s L.G. Chaudhary,,atkœjturzgtylbtuj ytdbl &e Ntgtult <ejf 420 12.00 yuj.S. ati^he 15.10.2023 htunlCtR beMºte Ch<CtR JtDzegt bwfuNCtR ltgf
2020-21,114,North-West,atkœjturzgt,02 CHANDLODIA,430.0,20.02,20.02.2024,N.C.C. Infra Pvt Ltd,,atkœjturzgt Mxuxm RÕßRgb &e muhulexe Mvum 430 6.00 yul.me.me.RL£tMvum «t.je. 20.02.2024 bunwjCtR «òv<e Ch<CtR JtDzegt bwfuNCtR ltgf
2020-21,115,North-West,atkœjturzgt,02 CHANDLODIA,65.0,350.0,29.10.2023,M/s L.G. Chaudhary,,atkœjturzgt xe.ve -65 btk lJt Fwjujt htuz 350 4.50 yuj.S. ati^he 29.10.2023 rn<uNCtR ^tu¤fegt Ch<CtR JtDzegt bwfuNCtR ltgf
2020-21,116,North-West,ctuzfœuJ,19 BODAKDEV,540.0,12.0,08.02.2024,M/s L.G. Chaudhary,,ctuzfœuJ bubldh ytuVem &e yth.yub.yum.juf &e aLœ[bwFe mtumtgxe htuz 540 12.00 yuj.S. ati^he 08.02.2024 CtrJfCtR vxuj lrJlCtR vkatj bwfuNCtR ltgf
2020-21,117,North-West,ctuzfœuJ,19 BODAKDEV,800.0,18.0,02.01.2024,M/s L.G. Chaudhary,,ctuzfœuJ ybuozt rcÕzekd&e rd<tksje vtxeo Ãjtux&e yûth Mxuzegt mw^eltu htuz 800 18.00 yuj.S. ati^he 02.01.2024 CtrJfCtR vxuj le^ecul däh bwfuNCtR ltgf
2020-21,118,North-West,ctuzfœuJ,19 BODAKDEV,200.0,12.0,27.10.2023,M/s L.G. Chaudhary,,ctuzfœuJ msol xtJh&e bubldh buRl htuzluu stuz<tu htuz 200 12.00 yuj.S. ati^he 27.10.2023 CtrJfCtR vxuj lrJlCtR vkatj bwfuNCtR ltgf
2020-21,119,North-West,ctuzfœuJ,19 BODAKDEV,500.0,26.01,26.01.2024,M/s L.G. Chaudhary,,ctuzfœuJ ycol nuÕ& muLxh&e mlrJjt htu-ntWm mw^eltu htuz 500 9.00 yuj.S. ati^he 26.01.2024 CtrJfCtR vxuj lrJlCtR vkatj bwfuNCtR ltgf
2020-21,120,North-West,ctuzfœuJ,19 BODAKDEV,170.0,28.11,28.11.2023,M/s L.G. Chaudhary,,ctuzfœuJ ftuKtfo frh»bt &R lnuÁvtfo rnkztu¤t yuvtxobuLx mw^eltu htuz. 170 9.00 yuj.S. ati^he 28.11.2023 CtrJfCtR vxuj lrJlCtR vkatj bwfuNCtR ltgf
2020-21,121,North-West,ctuzfœuJ,19 BODAKDEV,170.0,8.11,08.11.2023,M/s L.G. Chaudhary,,ctuzfœuJ vxuj ntuMxuj&e rljœev ftuBvjuût mw^eltu htuz 170 9.00 yuj.S. ati^he 08.11.2023 CtrJfCtR vxuj lrJlCtR vkatj bwfuNCtR ltgf
2020-21,122,North-West,ctuzfœuJ,19 BODAKDEV,450.0,12.0,27.11.2023,M/s L.G. Chaudhary,,ctuzfœuJ husuLme xtJh &e mtihtÐ[t dtkXegt h& mw^eltu htuz450 12.00 yuj.S. ati^he 27.11.2023 CtrJfCtR vxuj lrJlCtR vkatj bwfuNCtR ltgf
2020-21,123,North-West,ctuzfœuJ,19 BODAKDEV,25.11,,25.11.2023,M/s L.G. Chaudhary,,ctuzfœuJ Nijhts ftuBvjuût&e ©e nrh ftuBvjuût mw^eltu htuz.170 9.00 yuj.S. ati^he 25.11.2023 CtrJfCtR vxuj lrJlCtR vkatj bwfuNCtR ltgf
2020-21,124,North-West,Dtxjtuzegt,07 GHATLODIA,500.0,12.0,09.11.2023,Maruti Infracreation Pvt Ltd,,Dtxjtuzegt MJtbelthtgK bkrœh&e mitkœgorlnth Vjux &R mbvKo xtJh mw^eltu htuz 500 12.00 btYr< RL£t¢eyuNl «t.je. 09.11.2023 lhuLœ[CtR bfJtKt vhuNCtR vxKe bwwfuNCtR ltgf
2020-21,125,North-West,Dtxjtuzegt,07 GHATLODIA,260.0,12.0,29.12.2023,Maruti Infracreation Pvt Ltd,,Dtxjtuzegt ce.yum. yul.yuj. yturVm &e mitkœgorlnth Vjux mw^eltu htuz 260 12.00 btYr< RL£t¢eyuNl «t.je. 29.12.2023 lhuLœ[CtR bfJtKt vhuNCtR vxKe bwwfuNCtR ltgf
2020-21,126,North-West,Dtxjtuzegt,07 GHATLODIA,280.0,20.1,20.10.2023,Maruti Infracreation Pvt Ltd,,Dtxjtuzegt rlbtoK yuvtxobuLx&e ftlj xultbuLx mw^eltu htuz 280 9.00 btYr< RL£t¢eyuNl «t.je. 20.10.2023 lhuLœ[CtR bfJtKt vhuNCtR vxKe bwwfuNCtR ltgf
2020-21,127,North-West,Dtxjtuzegt,07 GHATLODIA,280.0,12.0,04.11.2023,Maruti Infracreation Pvt Ltd,,Dtxjtuzegt mJtuoœg rJ-3 &e mqgto Vjux mw^eltu htuz 280 12.00 btYr< RL£t¢eyuNl «t.je. 04.11.2023 lhuLœ[CtR bfJtKt vhuNCtR vxKe bwwfuNCtR ltgf
2020-21,128,North-West,Dtxjtuzegt,07 GHATLODIA,270.0,12.0,04.11.2023,Maruti Infracreation Pvt Ltd,,Dtxjtuzegt rJ^t<t mtumtgxe hðlbKe mtumtgxe mw^eltu htuz 270 12.00 btYr< RL£t¢eyuNl «t.je. 04.11.2023 lhuLœ[CtR bfJtKt vhuNCtR vxKe bwwfuNCtR ltgf
2020-21,129,North-West,Dtxjtuzegt,07 GHATLODIA,1150.0,26.12,26.12.2023,Maruti Infracreation Pvt Ltd,,Dtxjtuzegt NrlœuJ bkrœh&e JtDuµhe mtumtgxe mw^eltu htuz 1150 9.00 btYr< RL£t¢eyuNl «t.je. 26.12.2023 lhuLœ[CtR bfJtKt vhuNCtR vxKe bwwfuNCtR ltgf
2020-21,130,North-West,dtu<t,01 GOTA,200.0,3.01,03.01.2024,Maruti Infracreation Pvt Ltd,,dtu<t xe.ve.28btk ytJuj yum.S.ntRJu &e Ne<j hch mw^e 200 6.00 btYr< RL£t¢eyuNl «t.je. 03.01.2024 f]]Ktj fu. Ntn yrb< yuLt. vxuj yth.ze. fhK
2020-21,131,North-West,dtu<t,01 GOTA,500.0,14.12,14.12.2023,Maruti Infracreation Pvt Ltd,,dtu<t kk xe.ve.30 btk ytJuj Ntgtult f]vt ckøtjtuÍ &e œuJmexe ckøjtuÍ mw^e z[ulus «tusufx îtht ltFJtbtk ytJuj z[ulus jtRl lt Wvhlt Ctdbtk htuz hed{uz fhe hemhVum fhJtlt ftb 500 6.00 btYr< RL£t¢eyuNl «t.je. 14.12.2023 f]]Ktj fu. Ntn yrb< yuLt
2020-21,132,North-West,dtu<t,01 GOTA,270.0,2.03,02.03.2024,Maruti Infracreation Pvt Ltd,,dtu<t mtgLm mexe wrJM<thbtk su.ce.yth. &e yuzece xtkfe 270 7.00 btYr< RL£t¢eyuNl «t.je. 02.03.2024 rJvwj ve.vxuj yrb< yuLt. vxuj yth.ze. fhuK
2020-21,133,North-West,dtu<t,01 GOTA,270.0,15.02,15.02.2024,Maruti Infracreation Pvt Ltd,,dtu<t yuzece xtkfe &e bwhje^h vtxeo Ãjtux 270 7.00 btYr< RL£t¢eyuNl «t.je. 15.02.2024 rJvwj ve.vxuj yrb< yuLt. vxuj yth.ze. fhuK
2020-21,134,North-West,dtu<t,01 GOTA,750.0,4.03,04.03.2024,Maruti Infracreation Pvt Ltd,,dtu<t d{el buztu &e hekd htuz 750 9.00 btYr< RL£t¢eyuNl «t.je. 04.03.2024 rJvwj ve.vxuj yrb< yuLt. vxuj yth.ze. fhuK
2020-21,135,North-West,dtu<t,01 GOTA,990.0,17.1,17.10.2023,Maruti Infracreation Pvt Ltd,,dtu<t MJrKob nuûtt &e Jmk<ldh ntWmekd 990 6.00 btYr< RL£t¢eyuNl «t.je. 17.10.2023 r¢vtj htsl yrb< yuLt. vxuj yth.ze. fhuK
2020-21,136,North-West,dtu<t,01 GOTA,560.0,18.1,18.10.2023,Maruti Infracreation Pvt Ltd,,dtu<t MJrKob nuûtt &e Wd<e^tb 560 6.00 btYr< RL£t¢eyuNl «t.je. 18.10.2023 r¢vtj htsl yrb< yuLt. vxuj yth.ze. fhuK
2020-21,137,North-West,&j<us,08 THALTEJ,560.0,14.0,26.10.2023,N.C.C. Infra Pvt Ltd,,&j<us W•th vrùb Ítullt &j<us Jtuzobtk ©e lthtgK ckkøjtuÍ &e sgrnkkœ mwvh btfuox o mw^eltu htuz hemhVum fhJtlt ftb 560 14.00 yul.me.me.RL£tMvum «t.je. 26.10.2023 MtithC CtR vxuj lehs su vwhtune< yth.ze.fhuK
2020-21,138,North-West,&j<us,08 THALTEJ,120.0,26.1,26.10.2023,N.C.C. Infra Pvt Ltd,,&j<us W•th vrùb Ítullt &j<us Jtuzobtk rlmdo ckkøjtu &e dehlth yuvtxobuLx o mw^eltu htuz hemhVum fhJtlt ftb120 8.00 yul.me.me.RL£tMvum «t.je. 26.10.2023 MtithC CtR vxuj lehs su vwhtune< yth.ze.fhuK
2020-21,139,North-West,&j<us,08 THALTEJ,265.0,26.02,26.02.2024,N.C.C. Infra Pvt Ltd,,&j<us W•th vrùb Ítullt &j<us Jtuzobtk rNJ^tht yuvtxobuLx&e rlmod ckkøjtuÍmw^eltu htuz hemhVum fhJtlt ftb 265 8.00 yul.me.me.RL£tMvum «t.je. 26.02.2024 MtithC CtR vxuj lehs su vwhtune< yth.ze.fhuK
2020-21,140,North-West,&j<us,08 THALTEJ,150.0,26.02,26.02.2024,N.C.C. Infra Pvt Ltd,,&j<us W•th vrùb Ítullt &j<us Jtuzobtk rNJ^tht yuvtxobuLx &e lthtgK ^tb ckkøjtuÍ mw^eltu htuz hemhVum fhJtlt ftb 150 8.00 yul.me.me.RL£tMvum «t.je. 26.02.2024 MtithC CtR vxuj lehs su vwhtune< yth.ze.fhuK
2020-21,141,North-West,&j<us,08 THALTEJ,260.0,27.1,27.10.2023,N.C.C. Infra Pvt Ltd,,&j<us W•th vrùb Ítullt &j<us Jtuzobtk ytuhtrJjt &e y&o yumuLm mw^eltu htuz hemhVum fhJtlt ftb 260 9.00 yul.me.me.RL£tMvum «t.je. 27.10.2023 MtithC CtR vxuj lehs su vwhtune< yth.ze.fhuK
2020-21,142,North-West,&j<us,08 THALTEJ,465.0,10.0,10.10.2023,M/s L.G. Chaudhary,,&j<us W•th vrùb Ítullt &j<us Jtuzobtk îthfuN humezuLme &e htuxjt fuL÷ htuz mw^eltu htuz hemhVum fhJtlt ftb465 10.00 yuj.S. ati^he 10.10.2023 MtithC CtR vxuj lehs su vwhtune< yth.ze.fhuK
2020-21,143,North-West,&j<us,08 THALTEJ,300.0,3.12,03.12.2023,M/s L.G. Chaudhary,,&j<us W•th vrùb Ítullt &j<us Jtuzobtk rºtNjt fwxeh humezuLme mw^eltu htuz hemhVum fhJtlt ftb 300 9.00 yuj.S. ati^he 03.12.2023 MtithC CtR vxuj lehs su vwhtune< yth.ze.fhuK
2020-21,144,North-West,&j<us,08 THALTEJ,225.0,3.1,03.10.2023,N.C.C. Infra Pvt Ltd,,&j<us W•th vrùb Ítullt &j<us Jtuzobtk ytJuj vwhNtu•tb-h ckdjtule mtbu &e xtRb MfJuh-2 mw^eltu htuz hemhVum fhJtlt ftb 225 6.00 yul.me.me.RL£tMvum «t.je. 03.10.2023 MtithC CtR vxuj lehs su vwhtune< yth.ze.fhuK
2020-21,145,North-West,&j<us,08 THALTEJ,850.0,12.12,12.12.2023,Maruti Infracreation Pvt Ltd,,&j<us W•th vrùb Ítullt &j<us Jtuzobtk ytJuj ytJuj jtJeN d{el vtxeo Ãjtux &e «uhKt rJægtjgltu mw^eltu htuz hemhVum fhJtlt ftb 850 7.50 btYr< RL£t¢eyuNl «t.je. 12.12.2023 htfuN ve.Cdtuht lehs su vwhtune< yth.ze.fhuK
2020-21,146,North-West,&j<us,08 THALTEJ,301.0,393.0,07.03.2026,,,&j<us W•th vrùb Ítullt &j<us Jtuzobtk ytJuj Jtuzobtk xe.ve.Mfeb 301 (Ctzs-nuc<vwh-Nejs)btk yum.ve.hekd htuz &e mJuo lk 393 Jt¤tu xe.ve. mw^eltu htuz hemhVum fhJtlt ftb 1100 5.00 yth.fu.me.RL£trcÕz «t.je. 07.03.2026 htfuN ve.Cdtuht lehs su v
2020-21,147,North-West,&j<us,08 THALTEJ,650.0,11.0,12.02.2024,Maruti Infracreation Pvt Ltd,,&j<us W•th vrùb Ítullt &j<us Jtuzobtk Lgw rlrf<t mtumtgxe &e sgk< vtfo mtumtgxe &e gwdtLzt mtumtgxe &e MJtrb rJJuftlkœ btdo mw^eltu htuz hemhVum fhJtlt ftb 650 11.00 btYr< RL£t¢eyuNl «t.je. 12.02.2024 MtithC CtR vxuj lehs su vwhtune< yth.ze
2020-21,148,North-West,&j<us,08 THALTEJ,500.0,10.0,19.01.2023,M/s L.G. Chaudhary,,&j<us W•th vrùb Ítullt &j<us Jtuzobtk Lgw rlrf<t mtumtgxe &e yua.ce.ftÃtzegt Mfwj &e rJ©tbldh Mbe<t xtJh mw^eltu htuz hemhVum fhJtlt ftb 500 10.00 yuj.S. ati^he 19.01.2023 MtithC CtR vxuj lehs su vwhtune< yth.ze.fhuK
2020-21,149,North-West,&j<us,08 THALTEJ,830.0,10.0,27.12.2023,N.C.C. Infra Pvt Ltd,,&j<us W•th vrùb Ítullt &j<us Jtuzobtk ytJuj yuutuzt Mvtuxo mkfwj &e <wjev ckdjtu &R RLî«M& humezuLme mw^eltu htuz <&t<wjev ckdjtu &e SJlœev mfoj mw^eltu htuz hemhVum fhJtlt ftb 830 10.00 yul.me.me.RL£tMvum «t.je. 27.12.2023 MtithC CtR vxuj 
2020-21,150,North-West,&j<us,08 THALTEJ,805.0,2.01,02.01.2024,Maruti Infracreation Pvt Ltd,,&j<us W•th vrùb Ítullt &j<us Jtuzobtk ytJujfuBcu d{tLz ntuxj &R mlmux ckdjtuÍ &e ytlkœ ckdjtuÍ &e <wjme ckdjtuÍ &e Ntjel ckdjtuÍ &e mtubuMJh ckdjtuÍ &e yum.S. ntRJu mrJom mw^eltu htuz hemhVum fhJtlt ftb 805 9.00 btYr< RL£t¢eyuNl «t.je. 02.0
2020-21,151,North-West,ctuzfœuJ,19 BODAKDEV,500.0,11.12,11.12.2022,N.C.C. Infra Pvt Ltd,,ctuzfœuJ JMºttvwh mb{tx zuhe&e &e lunÁvtfo htuz 500 9.00 yul.me.me.RL£tMvum «t.je. 11.12.2022 CtrJfCtR vxuj lrJlCtR vkatj bwfuNCtR ltgf
2020-21,152,North-West,ctuzfœuJ,19 BODAKDEV,175.0,6.11,06.11.2023,M/s L.G. Chaudhary,,ctuzfœuJ nlwbtl bkœeh ath hM<t&e ylef yuvtxobuLx mw^eltu htuz 175 9.00 yuj.S. ati^he 06.11.2023 CtrJfCtR vxuj lrJlCtR vkatj bwfuNCtR ltgf
2020-21,153,North-West,ctuzfœuJ,19 BODAKDEV,850.0,14.0,10.12.2022,N.C.C. Infra Pvt Ltd,,ctuzfœuJ Vtuhb xtJh htuz 850 14.00 yul.me.me.RL£tMvum «t.je. 10.12.2022 CtrJfCtR vxuj lrJlCtR vkatj bwfuNCtR ltgf
2020-21,154,North-West,ctuzfœuJ,19 BODAKDEV,200.0,12.0,11.10.2023,N.C.C. Infra Pvt Ltd,,ctuzfœuJ yu.R.me.c{es &e akœ[bwFe mtumtgxe htuz 200 12.00 yul.me.me.RL£tMvum «t.je. 11.10.2023 CtrJfCtR vxuj lrJlCtR vkatj bwfuNCtR ltgf
2020-21,155,North-West,dtu<t,01 GOTA,400.0,31.1,31.10.2023,Maruti Infracreation Pvt Ltd,,dtu<t mb]Ø fuvexj &e nu<ck^w htuz 400 7.00 btYr< RL£t¢eyuNl «t.je. 31.10.2023 rJvwj ve.vxuj yrb< yuLt. vxuj yth.ze. fhuK
2020-21,156,North-West,dtu<t,01 GOTA,42.0,150.0,30.01.2024,Maruti Infracreation Pvt Ltd,,dtu<t 42 vtfo Ôgw Mxuxm &e fultj htuz 150 6.00 btYr< RL£t¢eyuNl «t.je. 30.01.2024 rJvwj ve.vxuj yrb< yuLt. vxuj yth.ze. fhuK
2020-21,157,North-West,dtu<t,01 GOTA,245.0,12.0,29.01.2024,Maruti Infracreation Pvt Ltd,,dtu<t S.ze.vtxeo Ãjtux&e fultj htuz 245 12.00 btYr< RL£t¢eyuNl «t.je. 29.01.2024 rJvwj ve.vxuj yrb< yuLt. vxuj yth.ze. fhuK
2020-21,158,North-West,dtu<t,01 GOTA,240.0,18.02,18.02.2024,N.C.C. Infra Pvt Ltd,,dtu<t Lgw ycol nuÕ& muLxh htuz 240 9.00 yul.me.me.RL£tMvum «t.je. 18.02.2024 f]]Ktj fu. Ntn yrb< yuLt. vxuj yth.ze. fhuK 159 W•th vrùb dtu<t meBm nturMvxj ath hM<t&e mhœth ytJtm &R dtu<t dtu^the fuultj mw^eltu htuz 1760 14.50 yuj.S.ati^he 0
2020-21,161,South-West,mhFus,33 SARKHEJ,84.0,1120.0,29.01.2024,,,mhFus xe.ve. 84 ( ce )btk migœJtze &e ze.yu.Je. Mfwj&e huÕJu f{tumekd mw^e 1120 6.35 lhlthtgK RLVt. «t.je. 29.01.2024 mksg «òvr< Niju»t CtR vwòht dtuvtj CtR vxuj
2020-21,162,South-West,mhFus,33 SARKHEJ,25.0,100.0,16.12.2023,Disha Construction,,mhFus z[tVx xe.ve. 25 (Jusjvwh)btk ytJuj f]»K^ttb ytJtm&e mVj vheJuN ath hM<t&e RLœ[«M& 5-6&e yua.ze.yuV.me. cuf (100Vwx htuz ) mw^elt htuz. 945 6.85 rœNt fLMx[fNl 16.12.2023 ytNe»t CtR CtJmth Niju»t CtR vwòht dtuvtj CtR vxuj
2020-21,163,South-West,mhFus,33 SARKHEJ,25.0,880.0,12.12.2023,Disha Construction,,mhFus z[tVx xe.ve. 25 (Jusjvwh)btk ytJuj yum.S. ntRJu mJeom htuz&e hbtzt ntuxuj&e ytNeoJtœ vthm&e sjthtb vhtuXt ntWm mw^elt htuz. 880 10.00 rœNt fLMx[fNl 12.12.2023 ytNe»t CtR CtJmth Niju»t CtR vwòht dtuvtj CtR vxuj
2020-21,164,South-West,mhFus,33 SARKHEJ,25.0,416.0,17.03.2024,,,mhFus z[tVx xe.ve. 25 (Jusjvwh)btk ytJuj htsJejtm ckøjtuÍ&e Mvevt mw^elt htuz. 416 9.20 lhlthtgK RLVtMxah «t.je. 17.03.2024 ytNe»t CtR CtJmth Niju»t CtR vwòht dtuvtj CtR vxuj
2020-21,165,South-West,stu^vwh,20 JODHPUR,800.0,15.0,07.10.2023,,,stu^vwh vkadle mfoj&e c{tLz Vufxhe mw^eltu htuz 800 15.00 btY<e RL£tMx[¾ah «t. je. 07.10.2023 rJlg vxuj CtJuN Ôgtm dtuvtjCtR vxuj
2020-21,166,South-West,stu^vwh,20 JODHPUR,319.0,1.11,01.11.23,Nar Narayan Infrastructure Pvt Ltd,,stu^vwh rNJtlkœ yuvtxobuLx &e hrJhr~b mtumtgxe mw^eltu htuz 319 8.50 lhlthtgK RL£t. «t. je. 01.11.23 rlhJ vxuj CtJuN Ôgtm dtuvtjCtR vxuj
2020-21,167,South-West,stu^vwh,20 JODHPUR,488.0,6.11,06.11.2023,,,stu^vwh muLxtumt vtfo ath hM<t&e ^e çjem Vjux mw^eltu htuz 488 9.00 btY<e RL£tMx[¾ah «t. je. 06.11.2023 rlhJ vxuj CtJuN Ôgtm dtuvtjCtR vxuj
2020-21,168,South-West,stu^vwh,20 JODHPUR,555.0,16.12,16.12.2023,,,stu^vwh htXe ntuMvexj&e Ndwl ftmt mw^eltu htuz 555 9.50 btY<e RL£tMx[¾ah «t. je. 16.12.2023 rJlg vxuj CtJuN Ôgtm dtuvtjCtR vxuj
2020-21,169,South-West,stu^vwh,20 JODHPUR,733.0,15.0,08.01.2024,Nar Narayan Infrastructure Pvt Ltd,,stu^vwh stu^vwh ath hM<t&e ©Øt Mfwj ath hM<t mw^eltu htuz 733 15.00 lhlthtgK RL£t. «t. je. 08.01.2024 rJlg vxuj CtJuN Ôgtm dtuvtjCtR vxuj
2020-21,170,South-West,stu^vwh,20 JODHPUR,221.0,24.01,24.01.2024,,,stu^vwh vheJth ckkøjtuÍ&e hðlbKe vtxeo Ãjtux mw^eltu htuz 221 7.50 btY<e RL£tMx[¾ah «t. je. 24.01.2024 rJlg vxuj CtJuN Ôgtm dtuvtjCtR vxuj
2020-21,171,South-West,stu^vwh,20 JODHPUR,357.0,1.02,01.02.2024,,,stu^vwh ytœuN Vjux&e vtfo Ôgw mw^eltu htuz 357 9.00 btY<e RL£tMx[¾ah «t. je. 01.02.2024 rJlg vxuj CtJuN Ôgtm dtuvtjCtR vxuj
2020-21,172,South-West,stu^vwh,20 JODHPUR,113.0,3.02,03.02.2024,,,stu^vwh ze-btxo&e bu Vjuh mw^eltu htuz 113 8.00 btY<e RL£tMx[¾ah «t. je. 03.02.2024 rJlg vxuj CtJuN Ôgtm dtuvtjCtR vxuj
2020-21,173,South-West,stu^vwh,20 JODHPUR,418.0,3.02,03.02.2024,,,stu^vwh btY<e ytfuoz&e bgwhvkkF mw^eltu htuz 418 7.50 btY<e RL£tMx[¾ah «t. je. 03.02.2024 rJlg vxuj CtJuN Ôgtm dtuvtjCtR vxuj
2020-21,174,South-West,stu^vwh,20 JODHPUR,188.0,10.5,06.02.2024,,,stu^vwh lboœt Jmtn<&e mehel jtRV mw^eltu htuz 188 10.50 btY<e RL£tMx[¾ah «t. je. 06.02.2024 rJlg vxuj CtJuN Ôgtm dtuvtjCtR vxuj
2020-21,175,South-West,stu^vwh,20 JODHPUR,188.0,7.02,07.02.2024,,,stu^vwh ybj<tm&e JtRz ykkudj mw^eltu htuz 188 6.00 btY<e RL£tMx[¾ah «t. je. 07.02.2024 rJlg vxuj CtJuN Ôgtm dtuvtjCtR vxuj
2020-21,176,South-West,stu^vwh,20 JODHPUR,370.0,13.03,13.03.2024,,,stu^vwh mb<t-mtubuµh-2 &e Ymel mw^eltu htuz 370 9.50 btY<e RL£tMx[¾ah «t. je. 13.03.2024 rJlg vxuj CtJuN Ôgtm dtuvtjCtR vxuj
2020-21,177,South-West,stu^vwh,20 JODHPUR,320.0,13.03,13.03.2024,,,stu^vwh mukkLxtleo M¾Juh&e yrJ ckkøjtuÍ &R mwfe<eo yujedLm mw^eltu htuz 320 9.50 btY<e RL£tMx[¾ah «t. je. 13.03.2024 rJlg vxuj CtJuN Ôgtm dtuvtjCtR vxuj
2020-21,178,South-West,stu^vwh,20 JODHPUR,92.0,17.03,17.03.2024,,,stu^vwh mbev&e yJ^ yuuvtxobuLx mw^eltu htuz 92 8.50 btY<e RL£tMx[¾ah «t. je. 17.03.2024 rJlg vxuj CtJuN Ôgtm dtuvtjCtR vxuj
2020-21,179,South-West,stu^vwh,20 JODHPUR,510.0,17.03,17.03.2024,,,stu^vwh Jkkœl vtxeo Ãjtux&e <us^tht ckkøjtuÍ &R mwdb yuvtxobuLx mw^eltu htuz 510 9.50 btY<e RL£tMx[¾ah «t. je. 17.03.2024 rJlg vxuj CtJuN Ôgtm dtuvtjCtR vxuj
2020-21,180,South-West,bf<bvwht,34 MAKTAMPURA,1400.0,3.0,,"(?) Construction & Infrastructure (gap-year firm, verify)",,bf<bvwht fultj &e lœe <hV 1400 3.00 halt fkLMx[¾Nl yuLz RL£t. 03/01/2024 rn<u»t CtR ^tu¤fegt rœjtJhrmkn nXejt rJsgCtR vxuj
2020-21,181,South-West,bf<bvwht,34 MAKTAMPURA,325.0,1.0,,"(?) Construction & Infrastructure (gap-year firm, verify)",,bf<bvwht (1)jtjctd fc{M<tl&e dwjÍth vtfo-3 325 4.50 halt fkLMx[¾Nl yuLz RL£t. 01/11/2023 lhuLîCtR ztbtuh rœjtJhrmkn nXejt rJsgCtR vxuj
2020-21,182,South-West,bf<bvwht,34 MAKTAMPURA,160.0,3.0,,"(?) Construction & Infrastructure (gap-year firm, verify)",,"bf<bvwht (4)bMSœu FiV&e hMmelt fthFtlt, 160 4.50 halt fkLMx[¾Nl yuLz RL£t. 03/11/2023 lhuLîCtR ztbtuh rœjtJhrmkn nXejt rJsgCtR vxuj"
2020-21,183,South-West,bf<bvwht,34 MAKTAMPURA,185.0,4.0,,"(?) Construction & Infrastructure (gap-year firm, verify)",,bf<bvwht (5)Rc{tneb bMSœ&e hMmelt fthFtlt mw^elt htuz 185 4.50 halt fkLMx[¾Nl yuLz RL£t. 04/11/2023 lhuLîCtR ztbtuh rœjtJhrmkn nXejt rJsgCtR vxuj
2020-21,184,South-West,bf<bvwht,34 MAKTAMPURA,807.0,24.0,,Disha Construction,,bf<bvwht btijtlt ytÍtœ&e Nkkfhle fexje 807 5.00 rœNt fLMx[fNl 24/12/2023 rn<u»t CtR ^tu¤fegt rœjtJhrmkn nXejt rJsgCtR vxuj
2020-21,185,South-West,bf<bvwht,34 MAKTAMPURA,780.0,27.0,,Disha Construction,,bf<bvwht htugj yfch &R duclNtn œhdtn&e bthJuj cufhe 780 7.50 rœNt fLMx[fNl 27/12/2023 rn<u»t CtR ^tu¤fegt rœjtJhrmkn nXejt rJsgCtR vxuj
2020-21,186,South-West,bf<bvwht,34 MAKTAMPURA,250.0,19.0,,Disha Construction,,bf<bvwht ytgNt bMSœ &R bthJuj cufhe &e me Jtuzo 250 4.50 rœNt fLMx[fNl 19/03/2024 rn<u»t CtR ^tu¤fegt rœjtJhrmkn nXejt rJsgCtR vxuj
2020-21,187,South-West,bf<bvwht,34 MAKTAMPURA,290.0,7.0,,Nar Narayan Infrastructure Pvt Ltd,,bf<bvwht <el c•te&e gN ftuBvuût htuz 290 7.50 lhlthtgK RL£tMx[fah «t.je 07/12/2023 rn<u»t CtR ^tu¤fegt rœjtJhrmkn nXejt rJsgCtR vxuj
2020-21,188,South-West,bf<bvwht,34 MAKTAMPURA,210.0,11.0,,Nar Narayan Infrastructure Pvt Ltd,,bf<bvwht <el c•te&e mtneM<t htuz 210 7.50 lhlthtgK RL£tMx[fah «t.je 11/12/2023 rn<u»t CtR ^tu¤fegt rœjtJhrmkn nXejt rJsgCtR vxuj
2020-21,189,South-West,Jusjvwh,32 VEJALPUR,230.0,15.0,25.10.2023,,,Jusjvwh ~gtbt«mtœ bwFSo c{es &e Nrf< rJ¼tjg htuz 230 15.00 œeNt fLx[¾Nl 25.10.2023 bunwjCtR fu «òvr< y<wjCtR vxuj rJsgCtR vxuj
2020-21,190,South-West,Jusjvwh,32 VEJALPUR,380.0,15.0,08.11.2023,,,Jusjvwh ctvt©e yuJLgw &e ^lksg xtJh htuz 380 15.00 œeNt fLx[¾Nl 08.11.2023 blmwFCtR vhbth y<wjCtR vxuj rJsgCtR vxuj
2020-21,191,South-West,Jusjvwh,32 VEJALPUR,850.0,18.02,18.02.2024,,,Jusjvwh ytubfthuµh Vjux &e mtdh mb{tx yuuuvtxobuLx 850 8.00 œeNt fLx[¾Nl 18.02.2024 bunwjCtR fu «òvr< y<wjCtR vxuj rJsgCtR vxuj
2020-21,192,South-West,Jusjvwh,32 VEJALPUR,750.0,20.03,20.03.2024,Nar Narayan Infrastructure Pvt Ltd,,Jusjvwh yMbtfb Vjux &e xtuhuLx vtJh mc MxuNl htuz 750 8.00 lh lthtgK RL£t. «t.je. 20.03.2024 bunwjCtR fu «òvr< y<wjCtR vxuj rJsgCtR vxuj
2020-21,193,South-West,Jusjvwh,32 VEJALPUR,275.0,15.0,19.03.2024,R.K.C. Infrabuild Pvt Ltd,,Jusjvwh sj<hkd vtujem atufe &e Íjf Vjux htuz 275 15.00 lh lthtgK RL£t. «t.je. 19.03.2024 bunwjCtR fu «òvr< y<wjCtR vxuj rJsgCtR vxuj 194 œrûtK vrùb stu^vwh bwb<vwht lt¤t&e lebt Vtbo 100 Vqx htuz mw^e 900 20.00 halt RL£tMx[fah je. 06/01/2024
2020-21,266,South,brKldh,,413.0,5.0,,,,brKldh akœ[«ftN mtumtgxe &e ftkfhegt dw.Nt¤tlk.7/8 mw^eltu xe.ve. htuz 413 6.12 htujh muLxh 05/03/2023 ©e rnbtkNw vhbth ©e rahtdCtR c{ñCè ©e vhuNCtR ve. Ntn
2020-21,267,South,brKldh,,181.0,22.0,,,,brKldh «uhKt vtfo mtumtgxe xe.ve. htuz 181 5.00 htujh muLxh 22/02/2024 ©e rnbtkNw vhbth©e œûtuNCtR vxuj ©e vhuNCtR ve. Ntn
2020-21,268,South,brKldh,,221.0,1.0,,Nar Narayan Infrastructure Pvt Ltd,,"brKldh Nuj vuxtu[j vkvle ctswle dje,©e ytub ykrcft mtumtgxe &e lujmLm Mfwj mw^e 221 4.50 lhlthtgK RL£tMx[fah «t.je. 01/11/2024 ©e rnbtkNw vhbth ©e œûtuNCtR vxuj ©e vhuNCtR ve. Ntn"
2020-21,269,South,bKeldh,37 MANINAGAR,236.0,10.0,,,,bKeldh JfejJtze xe.ve.htuz 236 4.20 htujh muLxh 10/10/2023 ©e rnbtkNw vhbth ©e rahtdCtR c{ñCè ©e vhuNCtR ve. Ntn
2020-21,270,South,bKeldh,37 MANINAGAR,195.0,7.0,,,,bKeldh akœ[tJ<e /fKtoJ<e mtumtgxeltk xe.ve.htuz 195 6.07 htujh muLxh 07/10/2023 ©e rnbtkNw vhbth ©e rahtdCtR c{ñCè ©e vhuNCtR ve. Ntn
2020-21,271,South,bKeldh,37 MANINAGAR,207.0,8.0,,,,bKeldh akœ[tJ<e /fKtoJ<e mtumtgxeltk xe.ve.htuz le djeytu 207 5.22 htujh muLxh 08/10/2023 ©e rnbtkNw vhbth ©e rahtdCtR c{ñCè ©e vhuNCtR ve. Ntn
2020-21,272,South,bKeldh,37 MANINAGAR,180.0,9.0,,,,bKeldh dtuvtjfkws mtumtgxelt dux &e Wbkd mtumtgxeltk xe.ve.htuz 180 5.86 htujh muLxh 09/10/2023 ©e rnbtkNw vhbth ©e rahtdCtR c{ñCè ©e vhuNCtR ve. Ntn
2020-21,273,South,bKeldh,37 MANINAGAR,191.0,20.0,,,,bKeldh htbKldh xufht rJM<th le cu djelt htuz 191 4.10 htujh muLxh 20/10/2023 ©e rnbtkNw vhbth ©e rahtdCtR c{ñCè ©e vhuNCtR ve. Ntn
2020-21,274,South,bKeldh,37 MANINAGAR,149.0,24.0,,,,bKeldh ytRzegj ftujtule xTe.ve.uhM<t 149 4.46 htujh muLxh 24/01/2024 ©e rnbtkNw vhbth©e œûtuNCtR vxuj ©e vhuNCtR ve. Ntn
2020-21,275,South,bKeldh,37 MANINAGAR,241.0,7.0,,,,bKeldh «tKfwwks mtumtgxe xe.ve.htuz 241 4.55 htujh muLxh 07/10/2023 ©e rnbtkNw vhbth ©e rahtdCtR c{ñCè ©e vhuNCtR ve. Ntn
2020-21,276,South,bKeldh,37 MANINAGAR,268.0,23.0,,,,bKeldh dwÁîtht mtbu fÕgtKldh mtumtgxe xe.ve.htuz 268 4.37 htujh muLxh 23/01/2024 ©e rnbtkNw vhbth©e œûtuNCtR vxuj ©e vhuNCtR ve. Ntn
2020-21,277,South,cnuhtbvwhtyth.yub,35 BAHERAMPURA,508.0,16.0,,,,cnuhtbvwhtyth.yub vtl vtjoh&e Fswhelt Ítz mwDe 508 4.23 htujh muLxh 16/12/2023 ©e bnuN Xtfh ©e btnehCtR bjuf ©e rœvf CtR mkDJe
2020-21,278,South,cnuhtbvwht,35 BAHERAMPURA,628.0,23.0,,,,cnuhtbvwht ybl Mfwj &e Ânbtjgt cufhe &R dwjbntuh xultbuLx mw^e 628 5.73 htujh muLxh 23/12/2023 ©e bnuN Xtfh ©e btnehCtR bjuf ©e rœvf CtR mkDJe
2020-21,279,South,cnuhtbvwht,35 BAHERAMPURA,334.0,10.0,,,,cnuhtbvwht mk<tu»tldh &e mk<tu»tldh &e htb hnueb xufht &R fœbu hmwj œhdtn mw^e 334 7.70 htujh muLxh 10/01/2024 ©e RhVtl yhc ©e btnehCtR bjuf ©e rœvf CtR mkDJe
2020-21,280,South,œtKejebzt,36 DANILIMDA,140.0,11.01,11.01.2024,,,œtKejebzt dturJkœldh&e bwcthf htu-ntWm mw^eltu htuz 140 6.90 htujh muLxh 11.01.2024 ©e f]KtjCtR dßsh ©e RbhtlCtR bjuf ©e rœvfCtR mkDJe
2020-21,281,South,œtKejebzt,36 DANILIMDA,376.0,17.1,17.10.2023,,,œtKejebzt rJµfwks mtumtgxe RLxhlj htuz 376 3.90 htujh muLxh 17.10.2023 ©e f]KtjCtR dßsh ©e RbhtlCtR bjuf ©e rœvfCtR mkDJe
2020-21,282,South,œtKejebzt,36 DANILIMDA,81.0,18.1,18.10.2023,,,œtKejebzt lwhuynubœe mtumtgxe xe.ve.htuz 81 4.80 htujh muLxh 18.10.2023 ©e f]KtjCtR dßsh ©e RbhtlCtR bjuf ©e rœvfCtR mkDJe
2020-21,283,South,œtKejebzt,36 DANILIMDA,348.0,7.02,07.02.2024,,,œtKejebzt œultcukf &e htsuLœ[ vtfo mtumtgxe &R ce.yth.xe.yum.lu stuz<tu htuz 348 8.25 htujh muLxh 07.02.2024 ©e f]KtjCtR dßsh ©e RbhtlCtR bjuf ©e rœvfCtR mkDJe
2020-21,284,South,œtKejebzt,36 DANILIMDA,297.0,4.1,04.10.2023,,,œtKejebzt bkdj vtfo mtumtgxe &e Dl~gtb mtumtgxekk mw^eltu htuz 297 3.95 htujh muLxh 04.10.2023 ©e f]KtjCtR dßsh ©e RbhtlCtR bjuf ©e rœvfCtR mkDJe
2020-21,285,South,cnuhtbvwhtAevt,35 BAHERAMPURA,353.0,18.0,,,,cnuhtbvwhtAevt mtumtgxe &e rmfkœh btfuox buRl htuz 353 6.10 htujh muLxh 18/01/2024 ©e RhVtl yhc ©e btnehCtR bjuf ©e rœvf CtR mkDJe
2020-21,286,South,cnuhtbvwht,35 BAHERAMPURA,280.0,7.0,,,,cnuhtbvwht Fturzgth ldh &e flwCtR Xtftuh le œwftl mw^e s<tu hM<tu 280 5.15 htujh muLxh 07/12/2023 ©e RhVtl yhc ©e btnehCtR bjuf ©e rœvf CtR mkDJe
2020-21,287,South,cnuhtbvwht,35 BAHERAMPURA,777.0,29.0,,,,cnuhtbvwht yÕjtnldh ºtK c•te &e yvltldh vXtK le atje mw^e 777 4.24 htujh muLxh 29/12/2023 ©e RhVtl yhc ©e btnehCtR bjuf ©e rœvf CtR mkDJe
2020-21,288,South,FtuFht,44 KHOKHRA,367.0,22.0,,,,FtuFht vkze< œelœgtj ftgtojg &e «Cwfwks mtumtgxe <hV ltu htuz 367 7.66 htujh muLxh 22/10/2023 ©e vjfCtR mhJigt ©e bwfuNCtR vxuj ©e XtftuhCtR JmtJt
2020-21,289,South,FtuFht,44 KHOKHRA,142.0,10.0,,,,FtuFht xefxtuf vtjoh &e muLx òumuV Mfwj <hV ltu htz 142 7.75 htujh muLxh 10/02/2024 ©e vjfCtR mhJigt ©e bwfuNCtR vxuj ©e XtftuhCtR JmtJt
2020-21,290,South,FtuFht,44 KHOKHRA,150.0,11.0,,,,FtuFht YûbKe cul ntuMvexj &e œuJ afjt atuf mw^e ltu htuz 150 8.75 htujh muLxh 11/02/2024 ©e vjfCtR mhJigt ©e bwfuNCtR vxuj ©e XtftuhCtR JmtJt
2020-21,291,South,FtuFht,44 KHOKHRA,78.0,11.0,,,,FtuFht œuJ afjt atuf &e ykcu bt<t mw^eltu <ubs ctcwCtR le nJuje <hV ltu htuz <ubs Jtuzo lt yLg xe.ve. hM<t 78 7.55 htujh muLxh 11/02/2024 ©e vjfCtR mhJigt ©e bwfuNCtR vxuj ©e XtftuhCtR JmtJt
2020-21,292,South,FtuFht,44 KHOKHRA,975.0,8.0,,Vimal Construction,,FtuFht Dtuztmh fultj mbtk<h htuz 975 6.00 rJbj fLMx[fNl 08/03/2024 ©e vjfCtR mhJigt ©e bwfuNCtR vxuj ©e XtftuhCtR JmtJt
2020-21,293,South,RLîvwhe,42 INDRAPURI,519.0,11.0,,Nar Narayan Infrastructure Pvt Ltd,,RLîvwhe mwhujegt htuz &e dKuN xultbuLx &e fultj 519 8.30 lhlthtgK RL£tMx[fah «t.je. 11/01/2024 ©e hsleftk< bufJtl ©e hbuNCtR cthegt ©e XtftuhCtR JmtJt
2020-21,294,South,RLœ[vwhe,,135.0,11.0,,Vimal Construction,,RLœ[vwhe pCh<vtxeo &e ytubldh mtumtgxe ltu Ftatu 135 6.38 rJbj fLMx[fNl 11/02/2024 ©e hsleftk< bufJtl ©e hbuNCtR cthegt ©e XtftuhCtR JmtJt
2020-21,295,South,RLœ[vwhe,,145.0,9.0,,Vimal Construction,,RLœ[vwhe pytubldh mtumtgxe ltu Ftat &e dtgºtefws mtumtgxe mw^e 145 5.98 rJbj fLMx[fNl 09/02/2024 ©e hsleftk< bufJtl ©e hbuNCtR cthegt ©e XtftuhCtR JmtJt
2020-21,296,South,RLœ[vwhe,,84.0,9.0,,Vimal Construction,,RLœ[vwhe CdJ<eldh htuz &e jûbeldh &R ybhlt& mtumtgxe mw^e 84 4.86 rJbj fLMx[fNl 09/02/2024 ©e hsleftk< bufJtl ©e hbuNCtR cthegt ©e XtftuhCtR JmtJt
2020-21,297,South,RLœ[vwhe,,133.0,11.0,,Vimal Construction,,RLœ[vwhe htbhtßgldh &e NeJvtfo &R fultj mw^e 133 7.78 rJbj fLMx[fNl 11/02/2024 ©e s irlfCtR mthkd ©e hbuNCtR cthegt ©e XtftuhCtR JmtJt
2020-21,298,South,RLœ[vwhe,,232.0,11.0,,Vimal Construction,,RLœ[vwhe œeÔgfws mtumtgxe htuz lu cœju (vqJoœev mtumtgxe &e mb{txldh mw^e ltu htuz) 232 5.92 rJbj fLMx[fNl 11/02/2024 ©e hsleftk< bufJtl ©e hbuNCtR cthegt ©e XtftuhCtR JmtJt
2020-21,299,South,JxJt,47 VATVA,1050.0,4.12,04.12.2023,Nar Narayan Infrastructure Pvt Ltd,,JxJt JxJt <¤tJ vtA¤ båAeveh btfoux &e awlthtJtm &R lJtvwht&e sil yt©b <hVlt xe.ve hM<t 1050 6.50 lhlthtgK RL£tMx[fah «t.je. 04.12.2023 ©e rc{suNCtR htJj ©e rfhKCtR «òvr< ©e rœvfCtR mkDJe
2020-21,300,South,JxJt,47 VATVA,185.0,19.1,19.10.2023,Nar Narayan Infrastructure Pvt Ltd,,JxJt veflef vtfo &e btlJ ldh xkfth-4 <hVlt hM<tu 185 4.25 lhlthtgK RL£tMx[fah «t.je. 19.10.2023 ©e rc{suNCtR htJj ©e rfhKCtR «òvr< ©e rœvfCtR mkDJe
2020-21,301,South,JxJt,47 VATVA,170.0,10.0,24.10.2023,Nar Narayan Infrastructure Pvt Ltd,,JxJt JxJt <¤tJ &e bntÕûbe <¤tJ mw^e lt cœju ( œuJe bt<t bkrœh atuf)ltu htuz fhuj Au. 170 10.00 lhlthtgK RL£tMx[fah «t.je. 24.10.2023 ©e rc{suNCtR htJj ©e rfhKCtR «òvr< ©e rœvfCtR mkDJe
2020-21,302,South,JxJt,47 VATVA,224.0,26.1,26.10.2023,Nar Narayan Infrastructure Pvt Ltd,,"JxJt f]»Kt vtfo ,ytht^lt vtfo xe.ve.htuz 224 7.00 lhlthtgK RL£tMx[fah «t.je. 26.10.2023 ©e rJlgCtR vxuj ©e rfhKCtR «òvr< ©e rœvfCtR mkDJe"
2020-21,303,South,JxJt,47 VATVA,445.0,19.1,19.10.2023,Nar Narayan Infrastructure Pvt Ltd,,JxJt Dtuztmh Mb]r<bkrœh fultj htuz 445 6.00 lhlthtgK RL£tMx[fah «t.je. 19.10.2023 ©e rJlgCtR vxuj ©e rfhKCtR «òvr< ©e rœvfCtR mkDJe
2020-21,304,South,JxJt,47 VATVA,535.0,7.12,07.12.2023,Nar Narayan Infrastructure Pvt Ltd,,JxJt mrJ<tldh &e ztftuhlt& mtumtgxe <hV s<tu hM<tu 535 3.70 lhlthtgK RL£tMx[fah «t.je. 07.12.2023 ©e CtJuNCtR vxuj ©e rfhKCtR «òvr< ©e rœvfCtR mkDJe
2020-21,305,South,JxJt,47 VATVA,690.0,23.03,23.03.2024,Vimal Construction,,JxJt ChJtz Jtm &e <e&uog htuz 690 6.00 rJbj fLMx[fNl 23.03.2024 ©e CtJuNCtR vxuj ©e rfhKCtR «òvr< ©e rœvfCtR mkDJe
2020-21,306,South,JxJt,47 VATVA,690.0,11.03,11.03.2026,,,JxJt JxJt Jtuzobtk fijtN <e&o yuvtxobuLx&e fwNtj ytJtm &R ^ljûbe&e dtbze <hV s<t hM<tlu stuz<tu hM<tuu690 7.00 yth.fu.me. RL£t 11.03.2026 ©e CtJuNCtR vxuj ©e rfhKCtR «òvr< ©e rœvfCtR mkDJe
2020-21,307,South,JxJt,47 VATVA,960.0,6.12,06.12.2023,Nar Narayan Infrastructure Pvt Ltd,,JxJt JxJt Jtuzobtk mjtb bxl &e XtftuhJtm &e JKfhJtm <hVltu htuz 960 5.10 lhlthtgK RL£tMx[fah «t.je. 06.12.2023 ©e rc{suNCtR htJj ©e rfhKCtR «òvr< ©e rœvfCtR mkDJe
2020-21,308,South,JxJt,47 VATVA,500.0,26.11,26.11.2023,Nar Narayan Infrastructure Pvt Ltd,,JxJt rlbo¤ldh dtzol&e œuJebt<t bkrœh 500 9.00 lhlthtgK RL£tMx[fah «t.je. 26.11.2023 ©e rc{suNCtR htJj ©e rfhKCtR «òvr< ©e rœvfCtR mkDJe
2020-21,309,South,JxJt,47 VATVA,175.0,6.12,06.12.2023,Nar Narayan Infrastructure Pvt Ltd,,JxJt ChJtz Jtm båAw bt<t bkrœh htuz 175 3.00 lhlthtgK RL£tMx[fah «t.je. 06.12.2023 ©e rc{suNCtR htJj ©e rfhKCtR «òvr< ©e rœvfCtR mkDJe
2020-21,310,South,JxJt,47 VATVA,84.0,24.1,24.10.2023,Nar Narayan Infrastructure Pvt Ltd,,JxJt lJt^ht htuz 84 8.10 lhlthtgK RL£tMx[fah «t.je. 24.10.2023 ©e rc{suNCtR htJj ©e rfhKCtR «òvr< ©e rœvfCtR mkDJe
2020-21,311,South,Rmlvwh,45 ISANPUR,385.0,23.0,,,,Rmlvwh æJle vtKele xtkfe &R ht^urfml ftuBvjuût mw^eltu htuz. 385 7.00 yth.fu.me. RL£t 23/10/2023 fÕve<CtR vkatj mw»btcul vxuj vhuNCtR Ntn
2020-21,312,South,jtkCt,46 LAMBHA,420.0,29.0,,Vimal Construction,,jtkCt fbtuz dtbltk swœt-swœt hM<tytu 420 7.15 rJbj fLMx[fNl 29/01/2024 ©e rœÔguNCtR Cw< ©e WMbtldle buDhSgt ©e XtftuhCtR JmtJt
2020-21,313,South,jtkCt,46 LAMBHA,159.0,9.0,,,,jtkCt «uhKt mtumtgxe &e vw»v xultbuLx mw^e ltu htuz (htKe m<e) 159 7.10 htujh muLxh 09/10/2023 ©e mwhuNCtR œ•t ©e gtuduNCtR bÕntuºtt ©e XtftuhCtR JmtJt
2020-21,314,South,jtkCt,46 LAMBHA,620.0,16.0,,Vimal Construction,,jtkCt œrûtKÍtul jtkkCt Jtuzobtk yuf<tvtfo &e fultj mw^e sYhegt< bwscltk Ctdbtk htuz hed{uz fhe hemhVum fhJtltk ftb ctc<. 620 4.75 rJbj fLMx[fNl 16/03/2024 ©e rœluNCtR vthde ©e gtuduNCtR bÕntuºtt ©e XtftuhCtR JmtJt
2020-21,315,South,jtkCt,46 LAMBHA,1090.0,22.0,,Vimal Construction,,jtkCt vev¤s nlwbtl bkkrœh&e misvwh hturn<Jtm xrlokd mw^eltu hM<tu 1090 6.30 rJbj fLMx[fNl 22/01/2024 ©e ykrf<CtR «òvr< ©e fÕvuNCtR ÍtkÍYfegt ©e XtftuhCtR JmtJt
2020-21,316,South,jtkCt,46 LAMBHA,810.0,19.0,,Vimal Construction,,jtkCt vqò ckøjtuÍ &e vwòldh mw^e ltu hM<tu <&t <ulu stuz<t hM<t 810 7.90 rJbj fLMx[fNl 19/01/2024 ©e rœluNCtR vthde ©e gtuduNCtR bÕntuºtt ©e XtftuhCtR JmtJt
2020-21,317,South,jtkkCt,,320.0,5.0,,,,jtkkCt vev¤sdtbbtkk XtftuhJtm htuz 320 5.00 htujh muLxh 05/01/2024 ©e ykrf<CtR «òvr< ©e fÕvuNCtR ÍtkÍYfegt ©e XtftuhCtR JmtJt
2020-21,318,South,jtkkCt,,58.0,180.0,,,,jtkkCt xe.ve 58 btk ytJuj heNe< humezuLme&e MJM<ef mexe &R luNlj ntRJu lu stuz<tu hM<tu zcÕgw.yub.yub. juJju cltJe ze.ce.yub juJju vtftu fhtJtJlw ftb 180 5.00 Cdeh& yumtumeyux 25/01/2023 ©e rœluNCtR vthde ©e gtuduNCtR bÕntuºtt ©e XtftuhCtR 
2020-21,319,South,jtkkCt,,14.0,2.0,,,,"jtkkCt luNluj ntR-Ju&e ©ehtb humezLme &e f¤N humezLme mw^eltu hM<tu, Cdeh& yumtumeyux 14/02/2024 ©e rœluNCtR vthde ©e gtuduNCtR bÕntuºtt ©e XtftuhCtR JmtJt"
2020-21,320,South,jtkkCt,,30.0,12.0,,,,jtkkCt he^b humezLme&e lûtºt ntRxm mw^eltu hM<tu Cdeh& yumtumeyux 30/12/2024 ©e rœluNCtR vthde ©e gtuduNCtR bÕntuºtt ©e XtftuhCtR JmtJt
2020-21,321,South,jtkkCt,,522.0,14.0,,,,"jtkkCt mb]ræ^ humezLme&e fKtoJ<e-4 mw^eltu hM<tu, 522 4.70 Cdeh& yumtumeyux 14/02/2024 ©e rœluNCtR vthde ©e gtuduNCtR bÕntuºtt ©e XtftuhCtR JmtJt"
2020-21,322,South,jtkkCt,,558.0,11.0,,,,jtkkCt jtCt dtb vhcze &e Ftuzegth ldh &e hekdhtuz <&t ChJtz Jtm &e hekd htuz <hV buRl htuz 558 5.60 Cdeh& yumtumeyux 11/03/2024 ©e rœÔguNCtR Cw< ©e gtuduNCtR bÕntuºtt ©e XtftuhCtR JmtJt
2020-21,323,South,jtkkCt,,751.0,11.0,,,,jtkkCt RLœeht ldh-2 cm MxuNl &e sl œuhtmh buRl htuz 751 5.25 Cdeh& yumtumeyux 11/03/2024 ©e rœÔguNCtR Cw< ©e gtuduNCtR bÕntuºtt ©e XtftuhCtR JmtJt
2020-21,324,South,jtkCt,46 LAMBHA,2000.0,15.5,,Maruti Construction,,jtkCt vev¤sdtb&e fbtuzdtb mw^eltu htuz ve.¾gw.me htuz cltJJtlwk ftb 2000 15.50 btY<e fLMx[¾Nl fkw. 21/12/2023 rJhj vxuj bnuN htsvq< fehexCtR vhbth
2020-21,325,South,œtKejebzt,36 DANILIMDA,600.0,1.0,,Maruti Construction,,œtKejebzt akztu¤t vtujem atufe &e b¬t bMSœ mw^eltu htuz ve.¾gw.me htuz cltJJtlwk ftb 600 7.50 btY<e fLMx[¾Nl fkw. 01/04/2023 sguN œtu»te bnuN htsvq< fehexCtR vhbth
2020-21,326,South,œtKejebzt,36 DANILIMDA,600.0,24.0,,,,œtKejebzt cnuhtbvwht vtujem atufe &e dti<bldh ath hM<t mw^eltu htuz ve.¾gw.me htuz cltJJtlwk ftb 600 24.00 yth.fu.me RLVt[ «t.je. 15/03/2026 sguN œtu»te btuijef Ítjt fehexCtR vhbth
2020-21,327,Central,Ntnectd,16 SHAHIBAG,380.0,8.07,08.07.2023,"(?) Construction & Infrastructure (gap-year firm, verify)",,Ntnectd ctcwvwht ºtK hM<t&e rdh^hldh vtxeo Ãjtux mw^e 380 9.50 halt fLMx[fNl yuLz EL£tMx[fah 08.07.2023 fÕvuNfwbth fu. vxujS<uNCtR yua. œtbtKe (ELatso) ble»tCtR Ntn
2020-21,328,Central,Ntnectd,16 SHAHIBAG,250.0,10.5,19.03.2024,,,Ntnectd 250 10.50 btY<e EL£t¢eyuNl «t.je. 19.03.2024 fÕvuNfwbth fu. vxuj Nhœfwbth yub. vxuj yuj. me. vxuj
2020-21,329,Central,Ntnectd,16 SHAHIBAG,50.0,19.03,19.03.2024,,,Ntnectd 50 6.00 btY<e EL£t¢eyuNl «t.je. 19.03.2024 fÕvuNfwbth fu. vxuj Nhœfwbth yub. vxuj yuj. me. vxuj
2020-21,330,Central,ymthJt,15 ASARWA,450.0,10.1,10.10.2023,"(?) Construction & Infrastructure (gap-year firm, verify)",,ymthJt buDtKeldh dw.nt.ctuzo çjtuf lk. 3 &e gw.me.ze muLxh mw^e 450 9.00 halt fLMx[fNl yuLz EL£tMx[fah 10.10.2023 lunjcul vhbth htsuNCtE ytE.vxuj brl»tCtR Ntn
2020-21,331,Central,Ntnvwh,17 SHAHPUR,470.0,6.12,06.12.2023,,,Ntnvwh fuLœTeg rJægtjg &e yûth^tb xtJh 470 7.50 btY<e EL£t¢eyuNl «t.je. 06.12.2023 belu»tCtR vtœhegt vw<wj <tht rfNtuhCtR ltzegt
2020-21,332,Central,Ntnvwh,17 SHAHPUR,400.0,11.5,20.01.2024,,,"Ntnvwh btuhAtv Vufxhe htuz 400 11.50 btY<e EL£t¢eyuNl «t.je. 20.01.2024 belu»tCtR vtœhegt, fÕvuN meœvht vw<wj <tht rfNtuhCtR ltzegt"
2020-21,333,Central,Ntnvwh,17 SHAHPUR,480.0,11.5,,,,"Ntnvwh btKuf xe Mxtuj &e Ntnvwh mc Ítul yturVm mw^e 480 11.50 btY<e EL£t¢eyuNl «t.je. 18.01.2024belu»tCtR vtœhegt, fÕvuN meœvht vw<wj <tht rfNtuhCtR ltzegt"
2020-21,334,Central,Ntnvwh,17 SHAHPUR,410.0,17.12,17.12.2023,R.K.C. Infrabuild Pvt Ltd,,Ntnvwh Jtzejtj ytRm Vufxhe htuz 410 8.50 btY<e EL£t¢eyuNl «t.je. 17.12.2023 fÕvuN meœvht vw<wj <tht rfNtuhCtR ltzegt 335 bæg ymthJt rJXXjldh ath hM<t&e VtuhurLmf ath hM<t 1000 30.00 ythfume RL£tceÕz «t.je21/1/2026 ©e biºtug Jt^ujt ©e rbluNC
2020-21,338,North,mhmvwh,27 SARASPUR-RAKHIYAL,481.0,16.02,16.02.2024,,,mhmvwh- hrFgtj ytkcuzfh ntuj &e ytatCtR atje htuz 481 8.90 yul.me.me. RlV[t 16.02.2024 ©e dti<bCtR «òvr< ©e RµhCtR ze. htXtuz ©e htsuLœ[CtR.ce.vxuj
2020-21,339,North,mhmvwh,27 SARASPUR-RAKHIYAL,715.0,6.02,06.02.2024,,,mhmvwh- hrFgtj lqh bnuj ntuxj &e ycolldh ath hM<t 715 6.72 yul.me.me. RlV[t 06.02.2024 ©e dti<bCtR «òvr< ©e RµhCtR ze. htXtuz ©e htsuLœ[CtR.ce.vxuj
2020-21,340,North,RLzegtftujtule,22 INDIA COLONY,754.0,28.1,28.10.2023,,,RLzegtftujtule W•thÍtul Rlzegt ftujtule Jtuzobtk CdJ<e Mfwj &e mwhsvtfo mtumtgxe &R «r<f ath hM<t ðgt&ek rnkd¤ts bt<t bkrœh &R Rlzegt ftujtule buRl htuz mw^eltu hM<tu hemhVum fhJt. 754 6.00 yul.me.me. RlV[t 28.10.2023 ©e ztbtuh yµelCtR ©e v
2020-21,341,North,RLzegtftujtule,22 INDIA COLONY,681.0,14.1,14.10.2023,,,RLzegtftujtule W•thÍtul Rlzegt ftujtule Jtuzobtk Rlzegt ftujtule buRl htuz stuz<t Rlzegt ftujtule rJM<thlt swœt swœt hM<tytu hemhVum fhJt ylu ltlt mt¾zt hM<tytu nuLz juRkd&e hemhVum fhJtlw ftb. 681 6.00 yul.me.me. RlV[t 14.10.2023 ©e ztbtuh
2020-21,342,North,misvwh,,120.0,29.12,29.12.2023,,,misvwh yvlt ^h mtumtgxe htuz hts jûbe mtumtgxe ctswbt 120 6.83 yul.me.me. RlV[t 29.12.2023 ©e htulfCtR «òvr< ©e S.me.dZJe ©e me.fu Fhtze
2020-21,343,North,misvwh,,142.0,29.12,29.12.2023,,,misvwh bgqh vtfo htuz luNlj nuLzjwble ctswbt 142 5.13 yul.me.me. RlV[t 29.12.2023 ©e htulfCtR «òvr< ©e S.me.dZJe ©e me.fu Fhtze
2020-21,344,North,misvwh,,410.0,,,,,misvwh nehtJtze htuz&e lejefkX mtutgxe&e cshkd yt©b ylu lejfkX mtumtgxe &e nehtJtze <hVltu hM<tu 410 7.50 yul.me.me. RlV[t 6.12.2023 ©e œeluNCtR ait^he ©e S.me.dZJe ©e me.fu Fhtze
2020-21,345,North,misvwh,,225.0,11.5,10.12.2023,,,misvwh W<h Ítul misvwh Jtuzobt fÕgtKldh vu yuLz gwÍ &e «Ctfh xultbuLx mw^eltu htuz 225 11.50 yul.me.me. RlV[t 10.12.2023 ©e œeluNCtR ait^he ©e S.me.dZJe ©e me.fu Fhtze
2020-21,346,North,misvwh,,960.0,10.5,19.12.2023,,,misvwh mwntlt mfoj vtmu ytJuj ykceftldh &e «Ctfh &R Vœuje 960 10.50 yul.me.me. RlV[t 19.12.2023 ©e œeluNCtR ait^he ©e S.me.dZJe ©e me.fu Fhtze
2020-21,347,North,mhœthldhyu¾Jt,11 SARDARNAGAR,672.0,30.1,30.10.2023,,,mhœthldhyu¾Jt vtujtheN htuz 672 8.66 yul.me.me. RlV[t 30.10.2023 S<uL÷ Jmigt Wbkd vxuj me. fu. Fhtze
2020-21,348,North,mhœthldhSjlœev,11 SARDARNAGAR,159.0,18.2,,,,mhœthldhSjlœev ntuMvexj&e CejJtm xtkfe 159 5.30 yul.me.me. RlV[t 18.2.2024 S<uL÷ Jmigt Wbkd vxuj me. fu. Fhtze
2020-21,349,North,mhœthldhCejJtm,11 SARDARNAGAR,379.0,24.2,,,,mhœthldhCejJtm dti Nt¤t htuz 379 6.58 yul.me.me. RlV[t 24.2.2024 S<uL÷ Jmigt Wbkd vxuj me. fu. Fhtze
2020-21,350,North,mhœthldhkftu<hvwh,11 SARDARNAGAR,325.0,13.0,,,,mhœthldhkftu<hvwh dtb htuz 325 13.00 yul.me.me. RlV[t 23.2.2024 S<uL÷ Jmigt Wbkd vxuj me. fu. Fhtze
2020-21,351,North,fwcuhldh,14 KUBERNAGR,785.0,12.0,17.02.2024,,,"fwcuhldh W•thÍtul fwcuhldh Jtuzobtk Jmk<Ntn œhcth &e suXtCtRle œwftl Íwjujtj bkrœh œultcukf yuVJtuzo,ytnwò vtfo mwFhtb Vjux su.su. CJl mw^eltu ztbh htuz fhJtlt ftb ctc<. 785 12.00 yul.me.me. RlV[t 17.02.2024 ©e sdœeNCtR buJtzt ©e S<uLœ[ CtR"
2020-21,352,North,fwcuhldh,14 KUBERNAGR,1950.0,16.45,,,,fwcuhldh W•thÍtul fwcuhldhJtuzobtk htbuµh ath hM<t &R jebzt cm MxuLz &R CtdoJ xultbuLx &R htuz &R rmk^w Vjux ºtK hM<t mw^eltu xe.ve.hM<tu hemhVum fhJtlt ftb ctc<. 1950 16.45 yul.me.me. RlV[t ftb atjw ceme ctfe ©e.bnuNCtR yub vhbth (1)©e bwf
2020-21,353,North,X¬hldh,,509.0,10.01,26.10.2023,,,X¬hldh W•thÍtullt X¬hldh Jtuzobtk ytJuj vhebj vtuRLx &e yûth^tb xultbuLx mw^eltu htuz 509 10.01 yul.me.me. RlV[t 26.10.2023 ©e mtihCfwbth vxuj ©e vhuNCtR ati^he ©e lgltcul Fhtze
2020-21,354,North,X¬hldh,,266.0,11.01,29.10.2023,,,X¬hldh W•thÍtullt X¬hldh Jtuzobtk ytJuj NeJb Mfwj &e rJ¢bvtfo ath hM<t mw^eltu htuz 266 11.01 yul.me.me. RlV[t 29.10.2023 ©e mtihCfwbth vxuj ©e vhuNCtR ati^he ©e lgltcul Fhtze
2020-21,355,North,X¬hldh,,260.0,31.1,31.10.2023,,,X¬hldh W•thÍtullt X¬hldh Jtuzobtk ytJuj mk< htuneœtmldhu &e h<lct htuz mw^e dtb<¤ yuhegt 260 7.05 yul.me.me. RlV[t 31.10.2023 ©e mtihCfwbth vxuj ©e vhuNCtR ati^he ©e lgltcul Fhtze
2020-21,356,North,X¬hldh,,208.0,1.11,01.11.2023,,,X¬hldh W•thÍtullt X¬hldh Jtuzobtk ytJuj lhCuhtb ldh &e ybe^tht ftuBvjuût mw^eltu htuz dtb<¤ yuhegt208 6.25 yul.me.me. RlV[t 01.11.2023 ©e mtihCfwbth vxuj ©e vhuNCtR ati^he ©e lgltcul Fhtze
2020-21,357,North,X¬hldh,,474.0,6.02,06.02.2024,,,X¬hldh W•thÍtullt X¬hldh Jtuzobtk ytJuj ht^tf»K bkrœh&e NeJ yuvtxobuLx mw^elt htuzlu hemhVum fhJtlt ftb ctc<. 474 8.50 yul.me.me. RlV[t 06.02.2024 ©e mtihCfwbth vxuj ©e vhuNCtR ati^he ©e lgltcul Fhtze
2020-21,358,North,X¬hldh,,60.0,7.02,07.02.2024,,,"X¬hldh W•thÍtullt X¬hldh Jtuzobtk ytJuj h<lct xe.ve htuz, rJbjvtfo xe.ve htuz lu stuz<t ytk<hef hM<tytu suJt fu (1)h<lldh mtumt. (fthFtlt Jt¤tu htuz, blœev auBch Jt¤tu htuz), 60 5.05 yul.me.me. RlV[t 07.02.2024 ©e mtihCfwbth vxuj ©e vhuNCtR"
2020-21,359,North,X¬hldh,,110.0,7.02,07.02.2024,,,"X¬hldh W•thÍtullt X¬hldh Jtuzobtk ytJuj h<lct xe.ve htuz, rJbjvtfo xe.ve htuz lu stuz<t ytk<hef hM<tytu suJt fu (2)hcthe Jtm - sg dtudt bnthts (fw¤œuJe vtl vtjoh &e jtFKuS rfhtKt Mxtumo mw^e), 110 5.12 yul.me.me. RlV[t 07.02.2024 ©e mtihCfw"
2020-21,360,North,X¬hldh,,115.0,8.02,08.02.2024,,,X¬hldh W•thÍtullt X¬hldh Jtuzobtk ytJuj rJbjvtfo xe.ve htuz <&t rlftuj xe.ve htuzlu stuz<t ytk<hef hM<tytu suJt fu (3)RLîS< mtumt. htuz (rlftuj dtb htuz Wvh ytJuj mhœth vxuj btujle mtbultu Ftkatu - Ftuzj vtl muLxh&e CdJ<e f]vt Vjux &R ht^u 
2020-21,361,North,X¬hldh,,605.0,11.02,11.02.2024,,,X¬hldh W•th Ítul X¬hldh Jtuzobtk rJbjvtfo htuz vh ytJuj nhenh bkrœh &e rJbjvtfo mw^e 605 9.70 yul.me.me. RlV[t 11.02.2024 ©e mtihCfwbth vxuj ©e vhuNCtR ati^he ©e lgltcul Fhtze
2020-21,362,North,X¬hldh,,225.0,14.02,14.02.2024,,,X¬hldh W•th Ítul X¬hldh Jtuzobtk ytJuj dehehts humezuLme Jt¤tu htuz 225 8.15 yul.me.me. RlV[t 14.02.2024 ©e mtihCfwbth vxuj ©e vhuNCtR ati^he ©e lgltcul Fhtze
2020-21,363,North,lhtuzt,12 NARODA,555.0,10.1,10.10.2023,,,"lhtuzt xe.ve.2 vkvekd MxuNl &e ÔgtmJtze fultj , ytrœµh &e ht^eft fultj &R lJgwd sk¾Nl &R yum.yth.ve. &R fultj fjJxo htuz 555 5.00 yul.me.me. RlV[t 10.10.2023 ©e yÕfuN mtujkfe ©e «KJ vkze< ©e lgltcul Fhtze"
2020-21,364,North,lhtuzt,12 NARODA,328.0,,,,,lhtuzt vltrmgt Vjux&e rbjlvtfo ath hM<t 328 5.00 yul.me.me. RlV[t 6.10.2023 ©e yÕfuN mtujkfe ©e «KJ vkze< ©e lgltcul Fhtze
2020-21,365,North,lhtuzt,12 NARODA,416.0,10.0,,,,lhtuzt mðglthtgK lu¤egt &e fwbthNt¤t htuz &e sÕvt vkvekd 416 10.00 yul.me.me. RlV[t 9.10.2023 ©e yÕfuN mtujkfe ©e «KJ vkze< ©e lgltcul Fhtze
2020-21,366,North,lhtuzt,12 NARODA,115.0,,,,,lhtuzt dòll rJjt &e ybwj vtjoh htuz 115 8.50 yul.me.me. RlV[t 9.10.2023 ©e yÕfuN mtujkfe ©e «KJ vkze< ©e lgltcul Fhtze
2020-21,367,North,lhtuzt,12 NARODA,316.0,,,,,lhtuzt bntœuJ Vjux &e mtkœevle Mfwj 316 4.50 yul.me.me. RlV[t 9.1.2024 ©e yÕfuN mtujkfe ©e «KJ vkze< ©e lgltcul Fhtze
2020-21,368,North,lhtuzt,12 NARODA,150.0,,,,,lhtuzt rJltgj Jtxeft &e «njtœ humezuLme 150 8.00 yul.me.me. RlV[t 4.10.2023 ©e yÕfuN mtujkfe ©e «KJ vkze< ©e lgltcul Fhtze
2020-21,369,North,lhtuzt,12 NARODA,76.0,,,,,lhtuzt vtJl Vjux xe.ve. htuz 76 4.00 yul.me.me. RlV[t 9.10.2023 ©e yÕfuN mtujkfe ©e «KJ vkze< ©e lgltcul Fhtze
2020-21,370,North,lhtuzt,12 NARODA,200.0,17.3,,,,lhtuzt lhtuzt œnudtb htuz vtmu ytJuj ~gtb mðJ Vjux &e dKuN Vjux mw^eltu htuz 200 4.10 yul.me.me. RlV[t 17.3.2024 ©e yÕfuN mtujkfe ©e «KJ vkze< ©e lgltcul Fhtze
2020-21,371,North,lhtuzt,12 NARODA,166.0,,,,,lhtuzt dòll rJjt &e mtulwk ckøjtuÍ htuz 166 4.90 yul.me.me. RlV[t 7.10.2023 ©e yÕfuN mtujkfe ©e «KJ vkze< ©e lgltcul Fhtze
2020-21,372,North,lhtuzt,12 NARODA,149.0,461.0,,,,lhtuzt xe.ve.121 btk yuV.ve.61 &e 149 mw^e 461 4.01 yul.me.me. RlV[t 18.3.2024 ©e yÕfuN mtujkfe ©e «KJ vkze< ©e lgltcul Fhtze
2020-21,373,North,lhtuzt,12 NARODA,225.0,,,,,lhtuzt dtuzeSvtfo &e dti<b Vjux mw^e <&t MJtd< Vjux &e ftuXthele atje mw^e lt htuzlu he d{uz fhe hemhVum fhJtlt ftb 225 7.51 yul.me.me. RlV[t 7.1.2024 ©e yÕfuN mtujkfe ©e «KJ vkze< ©e lgltcul Fhtze
2020-21,374,North,lhtuzt,12 NARODA,270.0,,,,,"lhtuzt lhtuzt Jtuzobt NeJb ckøjtuÍ ,mtk•tlwk ckøjtuÍ lt htuzlu he d{uz fhe hemuhVum fhJt 270 5.00 yul.me.me. RlV[t 9.1.2024 ©e yÕfuN mtujkfe ©e «KJ vkze< ©e lgltcul Fhtze"
2020-21,375,North,lhtuzt,12 NARODA,2500.0,13.0,,,,lhtuzt lhtuzt MbNtl &e hekd htuz 2500 13.00 yth.fu.me RLVt[ «t.je.17/02/2026 mr<»t JtDujt btuijef Ítjt fehexCtR vhbth
2020-21,376,North,lhtuzt,12 NARODA,2000.0,18.0,,,,lhtuzt xtgtuxtu Ntu Yb &e ltucjldh ºtK hM<t mw^eltu htuz2000 18.00 yth.fu.me RLVt[ «t.je.17/02/2026 mr<»t JtDujt bnuN htsvq< fehexCtR vhbth
2020-21,377,North,lhtuzt,12 NARODA,910.0,15.0,,,,lhtuzt rJXjÃjtÍt ftuBÃjût &e mtW& RLxhluNlj mœdwY mfYj &R htuRj huÍtuRj mw^eltu htuz 910 6.00 yth.fu.me RLVt[ «t.je. 15/02/2026 mr<»t JtDujt btuijef Ítjt fehexCtR vhbth
2022-23,1,North-West,ctuzfœuJ-1,19 BODAKDEV,830.0,15.0,08.06.2025,M/s L.G. Chaudhary,,ctuzfœuJ-1 W•th vrùb Ítulbtkk ctuzfœuJ Jtuzo btkk ChJtzJtm &e yrlf yuvtxo &e Ctøgtuœg cukf mw^eltu htuz hed{uz fhe hemVum fhJtlw ftb. 830 15 yuj.S.ati^he 08.06.2025 CtrJfCtR vxuj lJelCtR vkatj bwfuNCtR ltgf «KgCtR Ntn sguN yu. œjtj
2022-23,2,North-West,ctuzfœuJ-1,19 BODAKDEV,680.0,4.01,04.01.2026,M/s L.G. Chaudhary,,ctuzfœuJ-1 W•th vrµb Ítul ctuzfœuJ Jtuzobtk ytJuj ht<htKe ckøjtuÍ&e nmwCtR CeFwCtR ckøjtuÍ&e ctdu©e Vjux &e ce.yth.xe.yum. htuzlu stuz<tu htuz hemhVum fhJtlw ftb. 680 7 yuj.S.ati^he 04.01.2026 CtrJfCtR vxuj lJelCtR vkatj bwfuNCtR ltgf «KgCt
2022-23,3,North-West,ctuzfœuJ-1,19 BODAKDEV,380.0,6.01,06.01.2026,M/s L.G. Chaudhary,,ctuzfœuJ-1 W•th vrµb Ítul ctuzfœuJ Jtuzobtk ytJuj vthbuµh bntœuJ bkrœhle mtbu ytJuj hts<ejf htu-ntWm &e jtz mtumtgxe htuzlu stuz<t htuzlu hemhVum fhJtlw ftb. 380 7 yuj.S.ati^he 06.01.2026 CtrJfCtR vxuj lJelCtR vkatj bwfuNCtR ltgf «KgCtR Ntn
2022-23,4,North-West,ctuzfœuJ-1,19 BODAKDEV,330.0,10.0,12.11.2025,M/s L.G. Chaudhary,,ctuzfœuJ-1 W•th vrµb Ítullt ctuzfœuJ Jtuzobtk ytJuj yût< yuJLgw &e Jtmwvwßg ckøjtuÍ&e &e yum.S.ntRJu mrJom htuzlu stuz<tu htuz hemhVum fhJtlw ftb. 330 10 yuj.S.ati^he 12.11.2025 CtrJfCtR vxuj lJelCtR vkatj bwfuNCtR ltgf «KgCtR Ntn sguN yu. 
2022-23,5,North-West,ctuzfœuJ-2,19 BODAKDEV,450.0,15.0,05.06.2025,Maruti Infracreation Pvt Ltd,,ctuzfœuJ-2 W•th vrµb Ítullt ctuzfœuJ Jtuzobtk ctcwj vtxeo Ãjtux &e ctjuµh vtxeo Ãjtux mw^eltu htuz hemhVum fhJtlw ftb. 450 15 btYr< RL£t¢eyuNl «t.je. 05.06.2025 CtrJfCtR vxuj le^ecul däh bwfuNCtR ltgf «KgCtR Ntn sguN yu. œjtj
2022-23,6,North-West,ctuzfœuJ-2,19 BODAKDEV,187.0,12.0,03.05.2025,Maruti Infracreation Pvt Ltd,,ctuzfœuJ-2 W•th vrµb Ítullt ctuzfœuJ Jtuzobtk yth.fu.vtxeo Ãjtux &e vheF yuMxux &e hekd htuz mw^eltu htuz hemhVum fhJtlw ftb. 187 12 btYr< RL£t¢eyuNl «t.je. 03.05.2025 CtrJfCtR vxuj le^ecul däh bwfuNCtR ltgf «KgCtR Ntn sguN yu. œjtj
2022-23,7,North-West,atkœjturzgt,02 CHANDLODIA,850.0,22.04,22.04.2025,Maruti Infracreation Pvt Ltd,,atkœjturzgt W•th vrùb Ítullt atkkœjtuzegt Jtuzobtkk dKuN sulumem &e NeJt btuxmo mw^e htuz hed{uz fhe hemhVum fhJtlw ftb. 850 8 btYr< RL£t¢eyuNl «t.je. 22.04.2025 bunwj «òvr< Ch<CtR Jtdzegt bwfuNCtR ltgf «KgCtR Ntn sguN yu. œjtj
2022-23,8,North-West,atkœjturzgt,02 CHANDLODIA,200.0,31.05,31.05.2025,Maruti Infracreation Pvt Ltd,,atkœjturzgt W•th vrµb Ítullt atkœjtuzegt Jtuzobtk Jkœubt<hb R.zcÕgwwk yum. fJtoxh &e yt R.me.ce. ytRjuLz htuz hemhVum fhJtlw ftb. 200 6 btYr< RL£t¢eyuNl «t.je. 31.05.2025 htunl rbMºte Ch<CtR Jtdzegt bwfuNCtR ltgf «KgCtR Ntn sguN yu. œjtj
2022-23,9,North-West,atkœjturzgt,02 CHANDLODIA,18.06,,18.06.2025,Maruti Infracreation Pvt Ltd,,atkœjturzgt W•th vrµb Ítullt atkœjtuzegt Jtuzobtk yjFlkœt htuz &e <eo& yujedLm mw^eltu htuz hemhVum fhJtlw ftb.250 9 btYr< RL£t¢eyuNl «t.je. 18.06.2025 ^buoNCtR vxuj Ch<CtR Jtdzegt bwfuNCtR ltgf «KgCtR Ntn sguN yu. œjtj
2022-23,10,North-West,atkœjturzgt,02 CHANDLODIA,850.0,25.05,25.05.2025,Maruti Infracreation Pvt Ltd,,atkœjturzgt W•th vrµb Ítullt atkœjtuzegt Jtuzobtk yu.xe.yum. yturVm &e ztu. Ctctmtnuc ytkcuzfh gwrlJomexe &e rlhbt rJægiJnth mw^eltu htuz hemhVum fhJtlwk ftb. 850 8 btYr< RL£t¢eyuNl «t.je. 25.05.2025 bunwj «òvr< Ch<CtR Jtdzegt bwfuNCtR ltgf
2022-23,11,North-West,atkœjturzgt,02 CHANDLODIA,250.0,12.0,10.02.2026,Maruti Infracreation Pvt Ltd,,atkœjturzgt W•th vrùb Ítullt atkkœjtuzegt Jtuzobt ©eS humezuLme&e guœwze dhlt¤t mw^eltu htuz hemhVum fhJtlw ftb. 250 12 btYr< RL£t¢eyuNl «t.je. 10.02.2026 ^buoNCtR vxuj Ch<CtR Jtdzegt bwfuNCtR ltgf «KgCtR Ntn sguN yu. œjtj J»to-2022-23 lt œ
2022-23,12,North-West,atkœjturzgt,02 CHANDLODIA,22.02,,22.02.2026,Maruti Infracreation Pvt Ltd,,atkœjturzgt W•th vrµb Ítullt atkœjtuzegt Jtuzobtk ©eS humezLme &e fxthegt Ntu Yb mw^eltu htuz hemhVum fhJtlw ftb.130 9 btYr< RL£t¢eyuNl «t.je. 22.02.2026 ^buoNCtR vxuj Ch<CtR Jtdzegt bwfuNCtR ltgf «KgCtR Ntn sguN yu. œjtj
2022-23,13,North-West,atkœjturzgt,02 CHANDLODIA,300.0,14.0,21.02.2026,Maruti Infracreation Pvt Ltd,,atkœjturzgt W•th vrµb Ítullt atkœjtuzegt Jtuzobt Jkœubt<hb ath hM<t &e Jkœubt<hb Vtxf mw^eltu htuz vntu¤tu fhe htuz hemhVum fhJtlw ftb. 300 14 btYr< RL£t¢eyuNl «t.je. 21.02.2026 htunl rbMºte Ch<CtR Jtdzegt bwfuNCtR ltgf «KgCtR Ntn sguN yu. 
2022-23,14,North-West,atkœjtuzegt,02 CHANDLODIA,100.0,630.0,11.02.2026,Maruti Infracreation Pvt Ltd,,atkœjtuzegt W.v.Ítulltk atkkœjtuzegt Jtuzobtk œuJ humezuLme &e vjo- 100 &e xujuLx Mfwj mw^eltu htuz hed{uz fhe he mhVum fhJtlw ftb. 630 6 btYr< RL£t¢eyuNl «t.je. 11.02.2026 bunwj «òvr< Ch<CtR Jtdzegt bwfuNCtR ltgf «KgCtR Ntn sguN yu. œjtj
2022-23,15,North-West,atkœjtuzegt,02 CHANDLODIA,660.0,12.02,12.02.2026,Maruti Infracreation Pvt Ltd,,atkœjtuzegt W.v.Ítulltk atkkœjtuzegt Jtuzobtk mtleæg htugj &e mðgbuJ htugj-3 &e CdJ<e Vtbo mw^eltu htuz hed{uz fhe he mhVum fhJtlw ftb. 660 5.5 btYr< RL£t¢eyuNl «t.je. 12.02.2026 bunwj «òvr< Ch<CtR Jtdzegt bwfuNCtR ltgf «KgCtR Ntn sguN yu. 
2022-23,16,North-West,atkœjtuzegt,02 CHANDLODIA,650.0,25.02,25.02.2026,Maruti Infracreation Pvt Ltd,,atkœjtuzegt W.v.Ítulltk atkkœjtuzegt Jtuzob dKuN vhemh &e ytR.ytu.me. &e lthtgK vtfo mw^eltu htuz hed{uz fhe he mhVum fhJtlw ftb. 650 7 btYr< RL£t¢eyuNl «t.je. 25.02.2026 bunwj «òvr< Ch<CtR Jtdzegt bwfuNCtR ltgf «KgCtR Ntn sguN yu. œjtj
2022-23,17,North-West,dtu<t-1,01 GOTA,30.0,725.0,31.05.2025,Maruti Infracreation Pvt Ltd,,dtu<t-1 W•th vrùb Ítullt dtu<t Jtuzobtkk xe.ve. 30btk ytJuj dtu<t dtb yu«tua &e rmÕJh ytuf ftujus sk¾Nl mw^eltu xe.ve. htuz hed{uz fhe hemhVum fhJtlw ftb. 725 9 btYr< RL£t¢eyuNl «t.je. 31.05.2025 ©e f]Ktj Ntn ©e yrb< vxuj ©e brl»ttcul Ntn ©
2022-23,18,North-West,dtu<t-1,01 GOTA,340.0,19.04,19.04.2025,Maruti Infracreation Pvt Ltd,,dtu<t-1 W•th vrùb Ítullt dtu<t Jtuzobtkk mtuj rJM<thbtk ytJuj dwjtc humezuLme &e Wbegt rJjt ckøjtuÍ mw^eltu htuz hed{uz fhe hemhVum fhJtlw ftb. 340 7 btYr< RL£t¢eyuNl «t.je. 19.04.2025 ©e rJvwjCtR vxuj ©e yrb< vxuj ©e brl»ttcul Ntn ©e «Kg N
2022-23,19,North-West,dtu<t-1,01 GOTA,1350.0,6.09,06.09.2027,Keystone Infrastructure Pvt Ltd,,dtu<t-1 W•th vrùb Ítullt dtu<t Jtuzobtkk nuc<vwh huÕJu ¢tumekd &e meBm mw^elt c{es lu vuhujj htuz hed{uz fhe hemhVum fhJtlw ftb. 1350 9 yth.fu.me. RL£t. «t.je. 06.09.2027 ©e rJvwjCtR vxuj ©e yrb< vxuj ©e brl»ttcul Ntn ©e «Kg Ntn fe Mxtul
2022-23,20,North-West,dtu<t-1,01 GOTA,610.0,24.09,24.09.2025,Maruti Infracreation Pvt Ltd,,dtu<t-1 W•th vrùb Ítullt dtu<t Jtuzobtkk mtujt dtb rJM<thbtk ytJuj rjkfl Vtbto &e rz[b humezuLme htuz <&t ©entuBm humezuLme mw^eltu htuz ylu Nr¾< yujedLm &e mtujt dtblu stuz<t xe.ve. htuz hed{uz fhe hemhVum fhJtlw ftb. 610 6 btYr< RL£t¢eyuN
2022-23,21,North-West,dtu<t-2,01 GOTA,32.0,1200.0,27.05.2025,N.C.C. Infra Pvt Ltd,,dtu<t-2 W•th vrùb Ítullt dtu<t Jtuzobtkk xe.ve.-32 rJM<thbtk mebk^h Mxuxm&e gwrlf yirNgtlt &R Jkœubt<hb Vtxf mw^eltu htuz hemhVum fhJtlw ftb. 1200 9 yul.me.me. RL£tMvuN «t.je. 27.05.2025 ©e yrb< vxuj ©e bltus bsbwœth ©e brl»ttcul Ntn ©e «Kg
2022-23,22,North-West,dtu<t-2,01 GOTA,282.0,9.05,09.05.2025,N.C.C. Infra Pvt Ltd,,"dtu<t-2 W•th vrùb Ítullt dtu<t Jtuzobtkk dtu<t c{es&e ytudKs dtb<hV s<t htuz Wvh ytJuj yujem humezLme &e ©eS ckdjtuÍ lu stuz<tu htuz <&t ytudKs dtb, Jmk<ldh yluu bntðbt dtk^e rJM<thbtk swœt swœt htuzcuÍjuJju vtft fhe hemhVum fhJtlw ftb. 282"
2022-23,23,North-West,dtu<t-2,01 GOTA,500.0,22.03,22.03.2026,Nar Narayan Infrastructure Pvt Ltd,,dtu<t-2 W•th vrùb Ítullt dtu<t Jtuzobt yum.S. ntRJu vtmu mVj rJJtl &e yhtRÍ Vjtuhm &e MJrKob ckøjtuÍlu stuz<tu htuz hed{uz fhe hemhVum fhJtlw ftb. 500 7 lh lthtgK RL£tMx[¾ah v{t.je. 22.03.2026 ©e vjf Ntn ©e bltus bsbwœth ©e brl»ttcul Ntn ©e
2022-23,24,North-West,&j<us,08 THALTEJ,100.0,849.0,24.02.2026,,,"&j<us W•thvrùbÍtul&j<usJtuzobt(1)r¢»ltzJujekkd&e htugj fœkkBc ckkøjtuÍ&e 100 Vwx nuc<vwh htuz, (2)vthmbKe yuvtxobuLx&e yuJjtul ntuxj htuz, (3)ctudlJejt&e yuJjtul ntuxj mw^eltu htuz hed{uz fhe hemhVum fhJtlw ftb. 849 9.32, 8, 6.5 ytrN»t RL£t"
2022-23,25,North-West,&j<us,08 THALTEJ,100.0,1027.0,03.02.2026,,,"&j<us W•thvrµbÍtullt&j<usJtuzobtkytJuj(1)100 Vwx nuc<vwh htuz&e &j<us Vtgh MxuNl htuz&e ytœeðg humezuLme htuz (2)ytœeðg humezuLme&e ytkcje MxuNl htuz&e &j<us-Nejs htuz hed{uzekd fhe hemhVum fhJtlw ftb. 1027 13.76, 9.96 ytrN»t RL£tftul «t. j"
2022-23,26,North-West,&j<us,08 THALTEJ,1047.0,14.51,12.10.2025,Maruti Infracreation Pvt Ltd,,&j<us W•thvrµbÍtullt&j<usJtuzobtkytJujctœNtn rJjt &e Ntjed{tb Ãjm&e mtubvtuj mtumtgxe &e rmk^wCJl htuz hed{uzekd fhe hemhVum fhJtlw ftb. 1047 14.51 btYr< RL£t¢eyuNl «t.je. 12.10.2025 rlhJ vxuj / htfuNCtR CdtuhtrlhsCtR vwhtune< brl»ttcul Ntn
2022-23,27,North-West,&j<us,08 THALTEJ,260.0,26.09,26.09.2025,Maruti Infracreation Pvt Ltd,,&j<us W•thvrùbÍtul&j<usJtuzobtkyum.S.ntRJumrJom htuz &e NwCb fuLmh muLxh&e lkœlJl ckøjtuÍ mw^eltu htuz hed{uz fhe hemhVum fhJtlw ftb. 260 8.39 btYr< RL£t¢eyuNl «t.je. 26.09.2025 rlhJ vxuj / htfuNCtR CdtuhtrlhsCtR vwhtune< brl»ttcul Ntn©e «K
2022-23,28,North-West,&j<us,08 THALTEJ,1055.0,8.02,08.02.2026,Keystone Infrastructure Pvt Ltd,,&j<us W•thvrùbÍtul&j<usJtuzobtkrmyuMxtceÍlum Ítul&e WvJl ckøjtuÍ &R òLJe ckøjtuÍ &R ml humezuLme &R ytaeoz humezLme &R Nejs &j<us htuz hemhVum fhJtlw ftb. 1055 8.68 ytrN»t RL£tftul «t. je. 08.02.2026 rlhJ vxuj rlhsCtR vwhtune< brl»ttcul Ntn
2022-23,42,North,mhœthldh,11 SARDARNAGAR,390.0,30.11,30.11.2025,N.C.C. Infra Pvt Ltd,,mhœthldh ftu<hvwh dtb &e yûth^tb mtumtgxe mw^eltu htuz 390 9.40yul.me.me.RL£tMvum «t.je. 30.11.2025 hbuN atbwkzegt bdlCtR <rcgtz me.fu.Fhtze nebtkNw bnu<tbuxuMx yuLSrlghekd mJeom
2022-23,43,North,mhœthldh,11 SARDARNAGAR,464.0,11.4,,N.C.C. Infra Pvt Ltd,,mhœthldh ntkmtuj vtujem atufe &e VwJtht mfoj htuz 464 11.40 yul.me.me.RL£tMvum «t.je. 17.4.2025 S<uLœ[ Jmigt CeFtCtR vhbth me.fu.Fhtze n»toœ xe.bnu<t d{el zeÍtRl yuLz yukSrlghekd mrJom «t.je.
2022-23,44,North,mhœthldh,11 SARDARNAGAR,435.0,19.1,,N.C.C. Infra Pvt Ltd,,mhœthldh fumhJtxeft htuz 435 6.00 yul.me.me.RL£tMvum «t.je. 19.1.2026 S<uLœ[ Jmigt bdlCtR <rcgtz me.fu.Fhtze nebtkNw bnu<t buxuMx yuLSrlghekd mJeom
2022-23,45,North,mhœthldh,11 SARDARNAGAR,487.0,,,N.C.C. Infra Pvt Ltd,,mhœthldh S Jtuzo ytR.xe.ytR. dux &e dwYîtht htuz 487 7.15 yul.me.me.RL£tMvum «t.je. 4.5.2025 S<uLœ[ Jmigt CeFtCtR vhbth me.fu.Fhtze n»toœ xe.bnu<t d{el zeÍtRl yuLz yukSrlghekd mrJom «t.je.
2022-23,46,North,mhœthldh,11 SARDARNAGAR,276.0,27.09,27.09.2025,N.C.C. Infra Pvt Ltd,,mhœthldh vuhuztRÍ mtumtgxe&e sg ykcu htuntWm mw^e 276 9.00 yul.me.me.RL£tMvum «t.je. 27.09.2025 S<uLœ[ Jmigt bdlCtR <rcgtz me.fu.Fhtzen»toœ xe.bnu<t nebtkNw bnu<t d{el zeÍtRl yuLz yukSrlghekd mrJom «t.je.
2022-23,47,North,fwcuhldh,14 KUBERNAGR,450.0,1.06,01.06.2025,N.C.C. Infra Pvt Ltd,,fwcuhldh jebzt MxuLz&e dwY¾]vt Jtuxh zeMx[eçgwNl MxuNl mw^eltu htuz hemhVum fhJtlwk ftb 450.00 7.00 yul.me.me. RL£t Mvum «t.je. 01.06.2025 bnuN vhbth S<uLœT vkatj me.fu.Fhtze n»toœ xe.bnu<t d{el zeÍtRl yuLz yuLSleghekd mrJom «t.je.
2022-23,48,North,lhtuzt,12 NARODA,650.0,10.0,10.04.2025,Nar Narayan Infrastructure Pvt Ltd,,lhtuzt œuJhts humezuLme &e rœÔgSJl mðmkd &e ytNeoJtœ yuJLgw &e jûberJjt-2 mw^e lt htuzlu he d{uz fhe hemhVum fhJtlt ftb 650.00 10.00 lhlthtgK RL£t v{t.je 10.04.2025 CtJuN vxuj «KJ vkze< lgltcul Fhtze n»toœ xe.bnu<td{el zeÍtRl yuLz yuLSleghe
2022-23,49,North,lhtuzt,12 NARODA,75.0,389.0,15.06.2025,Nar Narayan Infrastructure Pvt Ltd,,lhtuzt W•thÍtul lhtuzt Jtuzo btk xe.ve.Mfeb lk- 75 btk ytJuj œnudtb htuz &e Fthefx fultj mw^e <&t hed{uz fhe hemhVum fhJtlt ftb 389.00 6.00 lhlthtgK RL£t v{t.je 15.06.2025 CtJuN vxuj «KJ vkze< lgltcul Fhtze n»toœ xe.bnu<td{el zeÍtRl yuLz yu
2022-23,50,North,lhtuzt,12 NARODA,800.0,12.0,28.05.2025,Nar Narayan Infrastructure Pvt Ltd,,lhtuzt W•thÍtul lhtuzt Jtuzo bt ht^eft fultj &e mðgb vkved <&t ytcuzfh ytJttm &e Lgw «ub mtdh mtumtgxe mw^elt htuz lu hemhVum fhJtlt ftb ctc< 800.00 12.00 lhlthtgK RL£t v{t.je 28.05.2025 CtJuN vxuj «KJ vkze< lgltcul Fhtze n»toœ xe.bnu<td{el
2022-23,51,North,lhtuzt,12 NARODA,850.0,16.28,09.06.2025,Nar Narayan Infrastructure Pvt Ltd,,lhtuzt W•th Ítul lhtuzt Jtuzobtk xe.ve. Mfeb lk- 1 btk ytJuj ytR.xe.ytR. yLzhvtm &e Wbt Mfwj &R mk<tu»teldh mfoj mw^e lt htuz lu stuz<t hM<tytulu hemVum fhJtlt ftb 850.00 16.28 lhlthtgK RL£t v{t.je 09.06.2025 CtJuN vxuj «KJ vkze< lgltcul Fh
2022-23,52,North,lhtuzt,12 NARODA,1600.0,11.0,17.06.2025,Nar Narayan Infrastructure Pvt Ltd,,lhtuzt W•thÍtul lhtuzt Jtuzo btk (y)mk<tu»teldh mfoj &e rCûtwfd]n mw^elt htuzlu hemhVum fhJtlt ftb 1600.00 11.00 lhlthtgK RL£t v{t.je 17.06.2025 CtJuN vxuj «KJ vkze< lgltcul Fhtze n»toœ xe.bnu<td{el zeÍtRl yuLz yuLSleghekd mJeom
2022-23,53,North,misvwh,,337.0,23.11,23.11.2025,,,misvwh yvhftujtule &e NeJtS vtfo ath hM<t &R htSJdtk^e CJllt vtA¤lt dux mw^eltu htuz337.00 9.00 yul.me.me RLV{tMvum «t.je. 23.11.2025 fÕvuN vhbth dKv<œtl dXJe ©e aebljtj Fhtze nebtkNw bnu<t d{el zeÍtRl yuLz yuLSleghekd mrJom «t.je. ylu buxu
2022-23,54,North,misvwh,,172.0,15.11,15.11.2025,,,misvwh dtuve melubtk &e ytcuzfhldh htuz mw^eltu lJtu Ftujuj xe.ve htuz 172.00 9.00 yul.me.me RLV{tMvum «t.je. 15.11.2025 fÕvuN vhbth dKv<œtl dXJe ©e aebljtj Fhtze nebtkNw bnu<t d{el zeÍtRl yuLz yuLSleghekd mrJom «t.je. ylu buxuMx yuLSlehekd
2022-23,55,North,X¬hldh,,400.0,20.05,20.05.2025,Nar Narayan Infrastructure Pvt Ltd,,X¬hldh ^hKe^h htuz vtµlt& 400.00 7.17 lhlthtgK RL£tMx[¾ah «t.je. 20.05.2025 mtihCfwbth vxuj vhuNfwbth ati^he lgltcul Fhtze n»toœ xe.bnu<td{el zeÍtRl yuLz yuLS. mJeom «t.je.
2022-23,56,North,X¬hldh,,463.0,3.06,03.06.2025,Nar Narayan Infrastructure Pvt Ltd,,X¬hldh msol ckøjtuÍ &e ctuhmu mfoj mw^eltu htuz 463.00 7.94 lhlthtgK RL£tMx[¾ah «t.je. 03.06.2025 mtihCfwbth vxuj vhuNfwbth ati^he lgltcul Fhtze n»toœ xe.bnu<td{el zeÍtRl yuLz yuLS. mJeom «t.je.
2022-23,57,North,X¬hldh,,207.0,28.01,28.01.2026,Nar Narayan Infrastructure Pvt Ltd,,X¬hldh yJle yuJegtul &e ~gtb yuJLgw mw^e <ubs Lgw Jtuxh zMx[eçgwNl &e ~gtb humezuLme Jt¤t htuzlu hed{uz fhe hemhVum fhJtlt ftb 207.00 9.52 lhlthtgK RL£tMx[¾ah «t.je. 28.01.2026 ybe<fwbth œmtzegt vhuNfwbth ati^he lgltcul Fhtze nebtkNw bnu<tb
2022-23,58,North,X¬hldh,,240.0,18.02,18.02.2025,,,X¬hldh vtµolt& fultj&e vtKele xtkfe &E heûtt MxuLz mw^eltu htuz 240.00 8.00 yul.me.me RLV{tMvum «t.je. 18.02.2025 mtihCfwbth vxuj vhuNfwbth ati^he lgltcul Fhtze n»toœ xe.bnu<td{el zeÍtRl yuLz yuLS. mJeom «t.je.
2022-23,59,North,X¬hldh,,250.0,,,,,X¬hldh vtµolt& vkauMJh bkœehle cLlu mtRzle dje (nuLz juRkd) 250.00 3.80 yul.me.me RLV{tMvum «t.je. mtihCfwbth vxuj vhuNfwbth ati^he lgltcul Fhtze n»toœ xe.bnu<td{el zeÍtRl yuLz yuLS. mJeom «t.je.
2022-23,60,North,X¬hldh,,200.0,15.0,15-06-25,Nar Narayan Infrastructure Pvt Ltd,,X¬hldh vtµolt& bMxh yturVm&e NeJb Vjux mw^eltu htuz (nuLz juRkd) 200.00 3.50 lhlthtgK RL£tMx[[fah «t.je. 15-06-25 mtihCfwbth vxuj vhuNfwbth ati^he lgltcul Fhtze n»toœ xe.bnu<td{el zeÍtRl yuLz yuLS. mJeom «t.je.
2022-23,61,North,RLzegt,22 INDIA COLONY,1000.0,,,Nar Narayan Infrastructure Pvt Ltd,,RLzegt ftujtule ze btxo &e mturlgt rmhtbef mw^eltu htuz hemhVum fhJtlwk ftb 1000.00 7.50 lhlthtgK RL£tMx[[fah «t.je. 2.12.2025 yrµl ztbtuh rljuN vxuj yth.ce. vxuj nebtkNw bnu<t buxuMx yuLSlehekd
2022-23,62,North,RLzegt,22 INDIA COLONY,840.0,24.06,24.06.2025,Nar Narayan Infrastructure Pvt Ltd,,RLzegt ftujtule ze btxo&e Lgw mtublt& mtumtgxe mw^e ltu htuz <&t fKtoJ<e Vjux &e rœvuN vtfo mw^e ltu htuz 840.00 7.30 lhlthtgK RL£tMx[[fah «t.je. 24.06.2025 yrµl ztbtuh rljuN vxuj yth.ce. vxuj nebtkNw bnu<t d{el zeÍtRl yuLz yuLSleghekd mrJo
2022-23,63,North,RLzegt,22 INDIA COLONY,200.0,26.11,26.11.2025,Nar Narayan Infrastructure Pvt Ltd,,RLzegt ftujtule vqòjtjle atje htuz 200.00 4.70 lhlthtgK RL£tMx[[fah «t.je. 26.11.2025 yrµl ztbtuh rljuN vxuj yth.ce. vxuj nebtkNw bnu<t buxuMx yuLSlehekd
2022-23,64,North,RLzegt,22 INDIA COLONY,960.0,26.11,26.11.2025,Nar Narayan Infrastructure Pvt Ltd,,RLzegt ftujtule xe.ve.12 athhM<t&e nhS œumtRle atje &R lhtuzt ce.yth.xe.yum. htuz &e &e MJtbe lthtgK ctJtle atje (ytctvwht atje htuz ) 960.00 9.00 lhlthtgK RL£tMx[[fah «t.je. 26.11.2025 yrµl ztbtuh rljuN vxuj yth.ce. vxuj nebtkNw bnu<t buxu
2022-23,65,North,mhmvwh,27 SARASPUR-RAKHIYAL,220.0,14.06,14.06.2025,Keystone Infrastructure Pvt Ltd,,mhmvwh hrFgtj vxuj vtujem jtRl atje htuz 220.00 8.00 lhlthtgK RL£tMx[¾ah «t.je. 14.06.2025 S<uNCtR œtbtKe «ftNCtR cjmthegt yth.ce. vxuj n»toœ xe.bnu<td{el zeÍtRl yuLz yuLS. mJeom «t.je. 66 htuz «tusufx/ W<h ctvwldhyum.ve yturVm &e båAe btfu
2022-23,69,South-West,stu^vwh,20 JODHPUR,260.0,30.03,30.03.2026,Nar Narayan Infrastructure Pvt Ltd,,stu^vwh ythtune f{uMx &e yhtune yujedLm mw^eltu hM<tu 260.00 7.00 lhlthtgK RL£tMx[¾ah «t. je. 30.03.2026 hbuN vhbth CeFtCtR Je vhbth rJsgCtR vxuj rJsgCtR vxuj sguN œjtj
2022-23,70,South-West,mhFus,33 SARKHEJ,550.0,26.0,26-03-26,Nar Narayan Infrastructure Pvt Ltd,,mhFus Xtftuh mbts MbNtl&e fwkwks luMx htuz 550.00 9.00 lhlthtgK RL£tMx[¾ah «t. je. 26-03-26 yt»teNCtR CtJmth œejtJhmekn nXejt rJsgCtR vxuj rJsgCtR vxuj sguN œjtj
2022-23,71,South-West,stu^vwh,20 JODHPUR,160.0,3.03,03.03.2026,Nar Narayan Infrastructure Pvt Ltd,,stu^vwh mtubuµh ckøjtu&e NeJhksle ce.yth.xe.yumlu stuz<tu hM<tu 160.00 9.00 lhlthtgK RL£tMx[¾ah «t. je. 03.03.2026 htnwj mtJjegt CeFtCtR Je vhbth rJsgCtR vxuj rJsgCtR vxuj sguN œjtj
2022-23,72,South-West,stu^vwh,20 JODHPUR,270.0,21.02,21.02.2026,Nar Narayan Infrastructure Pvt Ltd,,stu^vwh ra•tJl ckdjtu vtmultu hM<tu 270.00 7.00 lhlthtgK RL£tMx[¾ah «t. je. 21.02.2026 hbuN vhbth CeFtCtR Je vhbth rJsgCtR vxuj rJsgCtR vxuj sguN œjtj
2022-23,73,South-West,mhFus,33 SARKHEJ,600.0,20.0,20-02-26,Nar Narayan Infrastructure Pvt Ltd,,mhFus ÍJuhe d{eLm&e RBvehegj ntRxm htuz 600.00 9.00 lhlthtgK RL£tMx[¾ah «t. je. 20-02-26 yt»teNCtR CtJmth œejtJhmekn nXejt rJsgCtR vxuj rJsgCtR vxuj sguN œjtj
2022-23,74,South-West,mhFus,33 SARKHEJ,850.0,14.0,14-02-25,,,mhFus yum.ve.S. RJtLm htuz 850.00 9.00 rœørJsg fLMx[fNl 14-02-25 yt»teNCtR CtJmth œejtJhmekn nXejt rJsgCtR vxuj rJsgCtR vxuj sguN œjtj
2022-23,75,South-West,stu^vwh,20 JODHPUR,880.0,17.02,17.02.2026,Nar Narayan Infrastructure Pvt Ltd,,stu^vwh mujec{uNl mexe muLxh &e mhfthe xgwcJuj htuz 880.00 7.50 lhlthtgK RL£tMx[¾ah «t. je. 17.02.2026 hbuN vhbth CeFtCtR Je vhbth rJsgCtR vxuj rJsgCtR vxuj sguN œjtj
2022-23,76,South-West,mhFus,33 SARKHEJ,400.0,12.0,15-02-26,Nar Narayan Infrastructure Pvt Ltd,,mhFus vtujemnuz fJtxmo &e bh^t fuLœT ºtK hM<t &R bfhct Vtxf mw^eltu htuz 400.00 12.00lhlthtgK RL£tMx[¾ah «t. je. 15-02-26 ytftN œumtR œejtJhmekn nXejt rJsgCtR vxuj rJsgCtR vxuj sguN œjtj
2022-23,77,South-West,mhFus,33 SARKHEJ,600.0,18.0,,Nar Narayan Infrastructure Pvt Ltd,,mhFus œuJCwbe &e bt^J hume.htuz 600.00 6.00 lhlthtgK RL£tMx[¾ah «t. je. 2/18/2026 yt»teNCtR CtJmth œejtJhmekn nXejt rJsgCtR vxuj rJsgCtR vxuj sguN œjtj
2022-23,78,South-West,mhFus,33 SARKHEJ,300.0,14.0,14-10-25,Nar Narayan Infrastructure Pvt Ltd,,mhFus sjœev ytRftul &e mðgœev ntRx Jt¤tu htuz 300.00 9.00 lhlthtgK RL£tMx[¾ah «t. je. 14-10-25 ytftN œumtR œejtJhmekn nXejt rJsgCtR vxuj rJsgCtR vxuj sguN œjtj
2022-23,79,South-West,bf<bvwht,34 MAKTAMPURA,134.0,1.0,01-02-26,Nar Narayan Infrastructure Pvt Ltd,,bf<bvwht yuV.ze. Mfwj &e hunlwbtk mtumtgxe 134.00 5.00 lhlthtgK RL£tMx[¾ah «t. je. 01-02-26 rn<uNCtR ^tu¤rfgt œw»gk<CtR vxuj mkksgCtR mw&th rJsgCtR vxuj sguN œjtj
2022-23,80,South-West,mhFus,33 SARKHEJ,300.0,23.0,23-11-25,Nar Narayan Infrastructure Pvt Ltd,,mhFus mhFus htuÍt ath hM<t&e htuÍt <hVltu htuz 300.00 9.00 lhlthtgK RL£tMx[¾ah «t. je. 23-11-25 ytftN œumtR œejtJhmekn nXejt rJsgCtR vxuj rJsgCtR vxuj sguN œjtj
2022-23,81,South-West,mhFus,33 SARKHEJ,205.0,30.0,30-01-26,Nar Narayan Infrastructure Pvt Ltd,,mhFus œuJ ytuhb &e sJuj yuluût mw^eltu htuz 205.00 7.00 lhlthtgK RL£tMx[¾ah «t. je. 30-01-26 hebtcul œw^egt œejtJhmekn nXejt rJsgCtR vxuj rJsgCtR vxuj sguN œjtj
2022-23,82,South-West,mhFus,33 SARKHEJ,190.0,1.0,01-02-26,Nar Narayan Infrastructure Pvt Ltd,,mhFus Nuj vux[tuj vkv &e ftbuµh Mfwj mw^eltu htuz 190.00 7.00 lhlthtgK RL£tMx[¾ah «t. je. 01-02-26 hebtcul œw^egt œejtJhmekn nXejt rJsgCtR vxuj rJsgCtR vxuj sguN œjtj
2022-23,83,South-West,bf<bvwht,34 MAKTAMPURA,93.0,200.0,27-01-26,Nar Narayan Infrastructure Pvt Ltd,,bf<bvwht xe.ve-93 ynumtl vtfo 200.00 9.00 lhlthtgK RL£tMx[¾ah «t. je. 27-01-26 rn<uNCtR ^tu¤rfgt œw»gk<CtR vxuj mkksgCtR mw&th rJsgCtR vxuj sguN œjtj
2022-23,84,South-West,mhFus,33 SARKHEJ,600.0,10.0,23-01-26,Nar Narayan Infrastructure Pvt Ltd,,mhFus nhK mfoj &e rvgw»tldh mw^e ltu htuz 600.00 10.00lhlthtgK RL£tMx[¾ah «t. je. 23-01-26 hebtcul œw^egt œejtJhmekn nXejt rJsgCtR vxuj rJsgCtR vxuj sguN œjtj
2022-23,85,South-West,mhFus,33 SARKHEJ,220.0,28.0,28-12-25,Nar Narayan Infrastructure Pvt Ltd,,mhFus Nthœt rNNw rJnth &e mb{tx vtl vtjoh 220.00 5.00 lhlthtgK RL£tMx[¾ah «t. je. 28-12-25 htsuN ytuzegt œejtJhmekn nXejt rJsgCtR vxuj rJsgCtR vxuj sguN œjtj
2022-23,86,South-West,mhFus,33 SARKHEJ,156.0,28.0,28-12-25,Nar Narayan Infrastructure Pvt Ltd,,mhFus mb{tx vtl vtjoh &e f]T»Kldh mtumtgxe mw^eltu htuz156.00 5.00 lhlthtgK RL£tMx[¾ah «t. je. 28-12-25 htsuN ytuzegt œejtJhmekn nXejt rJsgCtR vxuj rJsgCtR vxuj sguN œjtj
2022-23,87,South-West,mhFus,33 SARKHEJ,250.0,28.0,28-12-25,Nar Narayan Infrastructure Pvt Ltd,,mhFus rNûtK mkfwj Jt¤tu htuz 250.00 6.00 lhlthtgK RL£tMx[¾ah «t. je. 28-12-25 htsuN ytuzegt œejtJhmekn nXejt rJsgCtR vxuj rJsgCtR vxuj sguN œjtj
2022-23,88,South-West,mhFus,33 SARKHEJ,205.3,28.0,28-12-25,Nar Narayan Infrastructure Pvt Ltd,,mhFus nheJejt &e rmæ^erJltgf mw^eltu htuz 205.30 6.00 lhlthtgK RL£tMx[¾ah «t. je. 28-12-25 htsuN ytuzegt œejtJhmekn nXejt rJsgCtR vxuj rJsgCtR vxuj sguN œjtj
2022-23,89,South-West,mhFus,33 SARKHEJ,445.0,28.0,28-12-25,Nar Narayan Infrastructure Pvt Ltd,,mhFus nheJejt Vjux &e athCwò rfhtKt mw^e 445.00 5.20 lhlthtgK RL£tMx[¾ah «t. je. 28-12-25 htsuN ytuzegt œejtJhmekn nXejt rJsgCtR vxuj rJsgCtR vxuj sguN œjtj
2022-23,90,South-West,mhFus,33 SARKHEJ,580.0,28.0,28-12-25,Nar Narayan Infrastructure Pvt Ltd,,"mhFus œNt bt<t bkrœh &e b^wJl ath hM<t &e Yne vtl vtjoh &e rmæ^e rJltgf zwÃjuût mw^e 580.00 8.00 lhlthtgK RL£tMx[¾ah «t. je. 28-12-25 mksg «òvr<, htsuN ytuzegt NijuN vwòht, œejtJhmekn nXejt dtuvtj vxuj, rJsgCtR vxuj ybe< vxuj, rJsgCtR vxuj "
2022-23,91,South-West,mhFus,33 SARKHEJ,170.0,28.0,28-12-25,Nar Narayan Infrastructure Pvt Ltd,,"mhFus Nthœt rNNw rJnth &e bntft¤e «tuJeÍl Mxtuh 170.00 5.00 lhlthtgK RL£tMx[¾ah «t. je. 28-12-25 htsuN ytuzegt NijuN vwòht, œejtJhmekn nXejt dtuvtj vxuj, rJsgCtR vxuj ybe< vxuj, rJsgCtR vxuj sguN œjtj"
2022-23,92,South-West,mhFus,33 SARKHEJ,205.0,28.0,28-12-25,Nar Narayan Infrastructure Pvt Ltd,,"mhFus bntft¤e «tuJeÍl Mxtuh &e rmæ^erJltgf zwÃjuût205.00 5.00 lhlthtgK RL£tMx[¾ah «t. je. 28-12-25 htsuN ytuzegt NijuN vwòht, œejtJhmekn nXejt dtuvtj vxuj, rJsgCtR vxuj ybe< vxuj, rJsgCtR vxuj sguN œjtj"
2022-23,93,South-West,mhFus,33 SARKHEJ,340.0,28.0,28-12-25,Nar Narayan Infrastructure Pvt Ltd,,"mhFus nlwbtlS bkœeh &e Nthœt rNNw rJnth Mfwj &e b^wJl skkL¾Nl htuz 340.00 4.70 lhlthtgK RL£tMx[¾ah «t. je. 28-12-25 mksg «òvr<, htsuN ytuzegt NijuN vwòht, œejtJhmekn nXejt dtuvtj vxuj, rJsgCtR vxuj ybe< vxuj, rJsgCtR vxuj sguN œjtj"
2022-23,94,South-West,mhFus,33 SARKHEJ,410.0,28.0,28-12-25,Nar Narayan Infrastructure Pvt Ltd,,"mhFus Y»tefuN Mfwj &e œNt bt<t bkrœh mw^e 410.00 8.20 lhlthtgK RL£tMx[¾ah «t. je. 28-12-25 mksg «òvr<, htsuN ytuzegt NijuN vwòht, œejtJhmekn nXejt dtuvtj vxuj, rJsgCtR vxuj ybe< vxuj, rJsgCtR vxuj sguN œjtj"
2022-23,95,South-West,stu^vwh,20 JODHPUR,650.0,11.0,16.12.2025,Nar Narayan Infrastructure Pvt Ltd,,stu^vwh rJm<ldh &e lboœt Jmtn<lu stuz<tu hM<tu 650.00 11.00lhlthtgK RL£tMx[¾ah «t. je. 16.12.2025 htnwj mtJjegt CeFtCtR Je vhbth rJsgCtR vxuj rJsgCtR vxuj sguN œjtj
2022-23,96,South-West,mhFus,33 SARKHEJ,365.0,28.0,28-12-25,Nar Narayan Infrastructure Pvt Ltd,,"mhFus ctvt me<thtbath hM<t &e nheJejt mtumtgxe mw^e365.00 5.20 lhlthtgK RL£tMx[¾ah «t. je. 28-12-25 htsuN ytuzegt NijuN vwòht, œejtJhmekn nXejt dtuvtj vxuj, rJsgCtR vxuj ybe< vxuj, rJsgCtR vxuj sguN œjtj"
2022-23,97,South-West,mhFus,33 SARKHEJ,265.0,28.0,28-12-25,Nar Narayan Infrastructure Pvt Ltd,,"mhFus ctvt me<thtb ath hM<t &e rmæ^e rJltgf zwÃjuût265.00 4.70 lhlthtgK RL£tMx[¾ah «t. je. 28-12-25 htsuN ytuzegt NijuN vwòht, œejtJhmekn nXejt dtuvtj vxuj, rJsgCtR vxuj ybe< vxuj, rJsgCtR vxuj sguN œjtj"
2022-23,98,South-West,mhFus,33 SARKHEJ,510.0,11.0,11-12-25,Nar Narayan Infrastructure Pvt Ltd,,mhFus yuMxujt Vjux &e JeJegtlt Vtbo 510.00 9.00 lhlthtgK RL£tMx[¾ah «t. je. 11-12-25 yt»teNCtR CtJmth œejtJhmekn nXejt rJsgCtR vxuj rJsgCtR vxuj sguN œjtj
2022-23,99,South-West,stu^vwh,20 JODHPUR,259.0,2.02,02.02.2025,Nar Narayan Infrastructure Pvt Ltd,,stu^vwh mbLJg humezLme &e me.yuLz ce fth JtuN mw^eltu hM<tu 259.00 7.50 lhlthtgK RL£tMx[¾ah «t. je. 02.02.2025 hbuN vhbth CeFtCtR Je vhbth rJsgCtR vxuj rJsgCtR vxuj sguN œjtj
2022-23,100,South-West,mhFus,33 SARKHEJ,570.0,10.0,25-11-25,Nar Narayan Infrastructure Pvt Ltd,,mhFus nwumule cufhe&e mtigœJtze <jtJze &R btxjtJt¤e dje mw^eltu htuz 570.00 10.00lhlthtgK RL£tMx[¾ah «t. je. 25-11-25 ytftN œumtR œejtJhmekn nXejt rJsgCtR vxuj rJsgCtR vxuj sguN œjtj
2022-23,101,South-West,stu^vwh,20 JODHPUR,300.0,12.0,08.05.2025,Nar Narayan Infrastructure Pvt Ltd,,stu^vwh vkkkadele mfoj&e fumh vtxeo Ãjtux htuz 300.00 12.00lhlthtgK RL£tMx[¾ah «t. je. 08.05.2025 rJlg vxuj ze.yth. vxuj rJsgCtR vxuj ybe< vxuj sguN œjtj
2022-23,102,South-West,stu^vwh,20 JODHPUR,120.0,4.05,04.05.2025,Nar Narayan Infrastructure Pvt Ltd,,stu^vwh ybl-aelth ckkøjtuÍ htuz rfhK btuxmole mtbule dje htuz(sil œuhtmhJt¤e) 120.00 9.00 lhlthtgK RL£tMx[¾ah «t. je. 04.05.2025 rJlg vxuj ze.yth. vxuj rJsgCtR vxuj ybe< vxuj sguN œjtj
2022-23,103,South-West,stu^vwh,20 JODHPUR,250.0,12.0,04.05.2025,Nar Narayan Infrastructure Pvt Ltd,,stu^vwh «njtœldh dtzolle vtA¤ (vkkBvekkd MxuNl Jt¤tu) htuz 250.00 12.00lhlthtgK RL£tMx[¾ah «t. je. 04.05.2025 rJlg vxuj ze.yth. vxuj rJsgCtR vxuj ybe< vxuj sguN œjtj
2022-23,104,South-West,stu^vwh,20 JODHPUR,370.0,12.0,11.05.2025,Nar Narayan Infrastructure Pvt Ltd,,stu^vwh ctjtS dtzol &e lkœlJl-5 &R yJ^ yvtoxbuLx mw^e ltu htuz 370.00 12.00lhlthtgK RL£tMx[¾ah «t. je. 11.05.2025 rJlg vxuj ze.yth. vxuj rJsgCtR vxuj ybe< vxuj sguN œjtj
2022-23,105,South-West,stu^vwh,20 JODHPUR,350.0,10.05,10.05.2025,Nar Narayan Infrastructure Pvt Ltd,,stu^vwh ytNeoJtœ ckdjtu &e rhæ^e ckdjtu mw^eltu htuz 350.00 9.00 lhlthtgK RL£tMx[¾ah «t. je. 10.05.2025 rJlg vxuj ze.yth. vxuj rJsgCtR vxuj ybe< vxuj sguN œjtj
2022-23,106,South-West,stu^vwh,20 JODHPUR,100.0,1257.0,18.04.2025,,,stu^vwh RMftul c{es ce.yth.xe.yum Yx &e rablCtR RLMxexgwx&e ¢tWl ÃjtÍt &R 100 Vwx htuz mw^e yum.S.ntRJu mbtk<h hM<tu 1257.0010.00 btYr< RL£tMx[fah 18.04.2025 rJlg vxuj ze.yth. vxuj rJsgCtR vxuj rJsgCtR vxuj sguN œjtj
2022-23,107,South-West,mhFus,33 SARKHEJ,650.0,15.0,15-02-25,,,mhFus yuvtujtu RLxhluNlj Mfwj htuz 650.00 9.00 rœørJsg fLMx[fNl 15-02-25 yt»teNCtR CtJmth œejtJhmekn nXejt rJsgCtR vxuj rJsgCtR vxuj sguN œjtj
2022-23,108,South-West,mhFus,33 SARKHEJ,480.0,30.0,30-05-26,Nar Narayan Infrastructure Pvt Ltd,,mhFus z[tVx xe.ve.201 btk ytJuj Ntk<evwht mfoj vtmu ckme^h dtiNtjt lu stuz<tu htuz 480.00 7.00 lhlthtgK RL£tMx[¾ah «t. je. 30-05-26 yt»teNCtR CtJmth NijuN vwòht dtuvtjCtR vxuj ybe< vxuj sguN œjtj
2022-23,109,South-West,mhFus,33 SARKHEJ,160.0,25.0,25-06-25,,,mhFus btlme Vjux htuz (HO000212210556) 160.00 8.00 rœørJsg fLMx[fNl 25-06-25 yt»teNCtR CtJmth œejtJhmekn nXejt rJsgCtR vxuj rJsgCtR vxuj sguN œjtj
2022-23,110,South-West,mhFus,33 SARKHEJ,500.0,19.0,19-06-25,Nar Narayan Infrastructure Pvt Ltd,,mhFus ftuvtuohuxh htuz &e y&o ckøjtuÍ &R nuhexuÍ MftgÍ &R vtkat <¤tJ mw^eltu htuz 500.00 9.00 lhlthtgK RL£tMx[¾ah «t. je. 19-06-25 hebtcul œw^egt œejtJhmekn nXejt rJsgCtR vxuj rJsgCtR vxuj sguN œjtj
2022-23,111,South-West,mhFus,33 SARKHEJ,200.0,22.0,22-06-25,Nar Narayan Infrastructure Pvt Ltd,,mhFus œwdto Vjux &e J]œtkJl mtumtgxe mw^eltu htuz 200.00 4.00 lhlthtgK RL£tMx[¾ah «t. je. 22-06-25 hebtcul œw^egt œejtJhmekn nXejt rJsgCtR vxuj rJsgCtR vxuj sguN œjtj
2022-23,112,South-West,mhFus,33 SARKHEJ,390.0,15.0,15-10-25,Nar Narayan Infrastructure Pvt Ltd,,mhFus Ctlwhtb ¢tumekd&e JMºttvwh huÕJu ¢tumekd 390.00 9.00 lhlthtgK RL£tMx[¾ah «t. je. 15-10-25 hebtcul œw^egt œejtJhmekn nXejt rJsgCtR vxuj rJsgCtR vxuj sguN œjtj
2022-23,113,South-West,mhFus,33 SARKHEJ,200.0,22.0,22-06-25,Nar Narayan Infrastructure Pvt Ltd,,mhFus vNwvtj fuLœ[ htuz 200.00 8.00 lhlthtgK RL£tMx[¾ah «t. je. 22-06-25 ytftN œumtR œejtJhmekn nXejt rJsgCtR vxuj rJsgCtR vxuj sguN œjtj
2022-23,114,South-West,Jusjvwh,32 VEJALPUR,450.0,12.0,10-04-25,,,Jusjvwh mwgTldh ath hM<t &e mebtntuj 450.00 12.00 htujh muLxh 10-04-25 nmbwFCtR vkatj y<wjCtR vxuj mkksgCtR mw&th rJsgCtR vxuj sguN œjtj
2022-23,115,South-West,mhFus,33 SARKHEJ,370.0,9.0,09-05-26,Nar Narayan Infrastructure Pvt Ltd,,mhFus yum.S ntRJu &e yuj.su. ftujuslu stuz<tu htuz 370.00 6.30 lhlthtgK RL£tMx[¾ah «t. je. 09-05-26 ytNe»tCtR CtJmth NijuN vwòht dtuvtjCtR vxuj ybe< vxuj sguN œjtj
2022-23,116,South-West,mhFus,33 SARKHEJ,1180.0,15.0,15-10-25,Nar Narayan Infrastructure Pvt Ltd,,mhFus JMºttvwh huÕJu ¢tumekd&e xtuhuLx ¢tumekd&e 1180.0012.00lhlthtgK RL£tMx[¾ah «t. je. 15-10-25 hebtcul œw^egt œejtJhmekn nXejt rJsgCtR vxuj rJsgCtR vxuj sguN œjtj
2022-23,117,South-West,Jusjvwh,32 VEJALPUR,450.0,12.0,12-04-25,,,Jusjvwh Nrf<ldh&e xexulegb mexe muLxh mw^eltu htuz450.00 12.00 htujh muLxh 12-04-25 nmbwFCtR vkatj y<wjCtR vxuj mkksgCtR mw&th rJsgCtR vxuj sguN œjtj
2022-23,118,South-West,mhFus,33 SARKHEJ,630.0,18.0,15-10-25,Nar Narayan Infrastructure Pvt Ltd,,"mhFus xtuhuLx ¢tumekd&e bfhct ¢tumekd huÕJu vuhujj htuz630.00 18.00lhlthtgK RL£tMx[¾ah «t. je. 15-10-25 hebtcul œw^egt, yt»teN CtJmth NijuN vwòht, œejtJhmekn nXejt dtuvtj vxuj, rJsgCtR vxuj ybe< vxuj, rJsgCtR vxuj sguN œjtj"
2022-23,119,South-West,stu^vwh,20 JODHPUR,825.0,12.0,09.11.2025,Nar Narayan Infrastructure Pvt Ltd,,stu^vwh RMftul yuBvtuhegtu &e fKtoJ<e vdhFtk mw^eltu htuz825.00 12.00lhlthtgK RL£tMx[¾ah «t. je. 09.11.2025 htnwj mtJjegt CeFtCtR Je vhbth rJsgCtR vxuj rJsgCtR vxuj sguN œjtj
2022-23,120,South-West,stu^vwh,20 JODHPUR,270.0,6.11,06.11.2025,Nar Narayan Infrastructure Pvt Ltd,,stu^vwh jtufbtLg ftujus &e ltuJuût xtkfe mw^e ltu htuz 270.00 7.50 lhlthtgK RL£tMx[¾ah «t. je. 06.11.2025 htnwj mtJjegt CeFtCtR Je vhbth rJsgCtR vxuj rJsgCtR vxuj sguN œjtj
2022-23,121,South-West,stu^vwh,20 JODHPUR,556.0,8.11,08.11.2025,,,stu^vwh Bgwrl.dtzol&e fKoJ<e ¾jc vtA¤ Ntk<e v&lu stuz<tu hM<tu 556.00 7.50 btYr< RL£tMx[fah 08.11.2025 hbuN vhbth CeFtCtR Je vhbth/ze.yth. vxujrJsgCtR vxuj rJsgCtR vxuj sguN œjtj
2022-23,122,South-West,stu^vwh,20 JODHPUR,230.0,10.11,10.11.2025,,,stu^vwh ytb{NeheÍ ckdjtu &e yum.S ntRJu mrJom htuz mw^e ltu htuz 230.00 9.00 btYr< RL£tMx[fah 10.11.2025 hbuN vhbth CeFtCtR Je vhbth rJsgCtR vxuj rJsgCtR vxuj sguN œjtj
2022-23,123,South-West,stu^vwh,20 JODHPUR,450.0,12.11,12.11.2025,Nar Narayan Infrastructure Pvt Ltd,,stu^vwh buzekjef ntuMvexj &e Nuºtwskg xtJh mw^eltu htuz450.00 9.00 lhlthtgK RL£tMx[¾ah «t. je. 12.11.2025 htnwj mtJjegt CeFtCtR Je vhbth rJsgCtR vxuj rJsgCtR vxuj sguN œjtj
2022-23,124,South-West,stu^vwh,20 JODHPUR,250.0,8.05,08.05.2025,Nar Narayan Infrastructure Pvt Ltd,,stu^vwh htbœuJldh «tRbhe Mfwj &e stu^vwh fwks mtumtgxe mw^eltu htuz 250.00 7.00 lhlthtgK RL£tMx[¾ah «t. je. 08.05.2025 rJlg vxuj ze.yth. vxuj rJsgCtR vxuj rJsgCtR vxuj sguN œjtj
2022-23,125,South-West,stu^vwh,20 JODHPUR,600.0,15.02,15.02.2026,Nar Narayan Infrastructure Pvt Ltd,,stu^vwh dtjt ytuhb &e bwb<vwht dtblu stuz<tu hM<tu 600.00 9.00 lhlthtgK RL£tMx[¾ah «t. je. 15.02.2026 hbuN vhbth CeFtCtR Je vhbth rJsgCtR vxuj rJsgCtR vxuj sguN œjtj
2022-23,126,South-West,stu^vwh,20 JODHPUR,227.0,27.11,27.11.2025,,,stu^vwh Ntk<e v& &e lkœlJl lu stuz<tu hM<tu 227.00 6.50 btYr< RL£tMx[fah 27.11.2025 hbuN vhbth CeFtCtR Je vhbth rJsgCtR vxuj rJsgCtR vxuj sguN œjtj
2022-23,127,South-West,bf<bvwht,34 MAKTAMPURA,401.0,90.0,31-12-27,Keystone Infrastructure Pvt Ltd,,bf<bvwht bwmÆtYv ldh halt gtuslt ytkkf xe.ve.Mfeb 401 ce (ctfhtuj-ctœhctœ) lt ykkr<b Fkz ykf 90 &e 97/2/2 mw^eltu btdo cltJJtlt ftb ctc<. 1060.00 8.00 yth.fu.me 31-12-27 ybe<CtR Nbto œw»gk<CtR vxuj mkksgCtR mw&th rJsgCtR vxuj feMxtul RL£t
2022-23,128,South-West,stu^vwh,20 JODHPUR,533.0,11.0,10-01-26,Nar Narayan Infrastructure Pvt Ltd,,stu^vwh sjthtb vhtuXt &e muhul Vjux 533.00 11.00lhlthtgK RL£tMx[¾ah «t. je. 10-01-26 htnwj mtJjegt CeFtCtR Je vhbth rJsgCtR vxuj rJsgCtR vxuj sguN œjtj
2022-23,129,South-West,stu^vwh,20 JODHPUR,780.0,11.0,13-01-26,Nar Narayan Infrastructure Pvt Ltd,,stu^vwh htXe ntuMvexj &e «bwF humezuLme &R yCejt»tt yuvtxobuLx mw^eltu htuz 780.00 11.00lhlthtgK RL£tMx[¾ah «t. je. 13-01-26 htnwj mtJjegt CeFtCtR Je vhbth rJsgCtR vxuj rJsgCtR vxuj sguN œjtj
2022-23,130,South-West,bf<bvwht,34 MAKTAMPURA,93.0,370.0,03-02-26,Nar Narayan Infrastructure Pvt Ltd,,bf<bvwht œ.v.Ítullt bf<bvwht Jtuzobtkk xe.ve-93 btkk ytJuj dwjÍth vtfo -3 btkk hed{uz fhe hemhVuum fhJtlt ftb ctc<. 370.00 6.00 lhlthtgK RL£tMx[¾ah «t. je. 03-02-26 rn<uNCtR ^tu¤rfgt œw»gk<CtR vxuj mkksgCtR mw&th rJsgCtR vxuj sguN œjtj
2022-23,131,South-West,bf<bvwht,34 MAKTAMPURA,580.0,19.0,19-02-26,Nar Narayan Infrastructure Pvt Ltd,,bf<bvwht chV le Vufxhe &e lNubl mtumt 580.00 6.00 lhlthtgK RL£tMx[¾ah «t. je. 19-02-26 rn<uNCtR ^tu¤rfgt œw»gk<CtR vxuj mkksgCtR mw&th rJsgCtR vxuj sguN œjtj
2022-23,132,South-West,bf<bvwht,34 MAKTAMPURA,265.0,31.0,03-01-28,Keystone Infrastructure Pvt Ltd,,bf<bvwht lNubl &e htugj vtfo 265.00 5.00 lhlthtgK RL£tMx[¾ah «t. je. 31/02/2026 rn<uNCtR ^tu¤rfgt œw»gk<CtR vxuj mkksgCtR mw&th rJsgCtR vxuj sguN œjtj 133 htuz «tusufx/ œrûtK vrùb mhFus yuvjJwz hekd htuz&e lkœlctd <hVltu htuz 710 15 yth.fu.
2022-23,140,South,brKldh,,350.0,15.0,25-04-25,,,brKldh JtKeßg CJl mfoj&e vthme ydegthe htuz Mxtuh mw^e 350.00 15.00 htujh muLxh 25-04-25 nebtkNwCtR vhbth œûtuNCtR vxuj vhuNCtR Ntn vhuNCtR Ntn ^Jj yuLSlegmo
2022-23,141,South,brKldh,,200.0,16.0,28-04-25,,,brKldh lt&tjtj Ídzegt c{es &e brKldh huÕJu MxuNl mw^eltu htuz 200.00 16.00 htujh muLxh 28-04-25 nebtkNwCtR vhbth œûtuNCtR vxuj vhuNCtR Ntn vhuNCtR Ntn ^Jj yuLSlegmo
2022-23,142,South,brKldh,,345.0,12.0,20-05-25,,,brKldh sjthtb mtumtgxe &e htbctd MJtbelthtgK bkrœh mw^eltu htuz 345.00 12.00 htujh muLxh 20-05-25 nebtkNwCtR vhbth œûtuNCtR vxuj vhuNCtR Ntn vhuNCtR Ntn ^Jj yuLSlegmo
2022-23,143,South,bKeldh,37 MANINAGAR,285.0,13.0,13-05-25,,,bKeldh sgrnkœ ath hM<t &e W•tbldh ybqj vtjoh htuz285.00 13.00 htujh muLxh 13-05-25 nebtkNwCtR vhbth œûtuNCtR vxuj vhuNCtR Ntn vhuNCtR Ntn ^Jj yuLSlegmo
2022-23,144,South,bKeldh,37 MANINAGAR,440.0,11.0,,,,bKeldh sgrnkœ ath hM<t &e hbKldh xufht mww^eltu htuz440.00 7.20 htujh muLxh 11-05-25nebtkNwCtR vhbth œûtuNCtR vxuj vhuNCtR Ntn vhuNCtR Ntn ^Jj yuLSlegmo
2022-23,145,South,œtKejebzt,36 DANILIMDA,23.0,5.0,23-05-25,,,œtKejebzt CebhtJ atuf &e atbwkzt ldh htujh muLxh 23-05-25 fwKtoj däh Rbhtl.yum.bjuf ylejCtR «òv<e vhuNCtR Ntn ^Jj yuLSlegmo
2022-23,146,South,œtKejebzt,36 DANILIMDA,23.0,5.0,23-05-25,,,œtKejebzt atbwkztldh &e ytlkœ cufhe htuz htujh muLxh 23-05-25 fwKtoj däh Rbhtl.yum.bjuf ylejCtR «òv<e vhuNCtR Ntn ^Jj yuLSlegmo
2022-23,147,South,FtuFht,44 KHOKHRA,7.0,2200.0,28-05-25,Vimal Construction,,FtuFht dwsht< ntWmekd ctuzolt swœt sœwt mt< (07) htuz2200.00 6.00 rJbj fLMx[fNl 28-05-25 vjfCtR mhJigt bwfuNCtR vxuj XtftuhCtR JmtJt vhuNCtR Ntn ^Jj yuLSlegmo
2022-23,148,South,FtuFht,44 KHOKHRA,132.0,250.0,25-12-25,Vimal Construction,,FtuFht òzuò mfoj &e 132 Vwx hekd htuz 250.00 12.00 rJbj fLMx[fNl 25-12-25 vjfCtR mhJigtbwfuNCtR vxuj XtftuhCtR JmtJtvhuNCtR Ntn -
2022-23,149,South,FtuFht,44 KHOKHRA,1150.0,23.0,23-11-25,Vimal Construction,,FtuFht bKegtmt rJM<thlt sœt swœt htuz 1150.00 4.5 rJbj fLMx[fNl 23-11-25 vjfCtR mhJigtbwfuNCtR vxuj XtftuhCtR JmtJtvhuNCtR Ntn ^Jj yuLSlegmo
2022-23,150,South,RLîvwhe,42 INDRAPURI,450.0,25.0,25-02-25,Vimal Construction,,RLîvwhe vkaœuJ bkœeh &e btY<e xultbuLx 450.00 7.1 rJbj fLMx[fNl 25-02-25 silefCtR mthkdfÕvuNCtR «òvr<XtftuhCtR JmtJtvhuNCtR Ntn ^Jj yuLSlegmo
2022-23,151,South,RLœ[vwhe,,400.0,20.0,20-10-25,Keystone Infrastructure Pvt Ltd,,RLœ[vwhe vkaœuJ mfoj &e Rµhf]vt ath hM<t &e Fthefx fultj mrJom htuz mw^e 400.00 7.0 rJbj fLMx[fNl 20-10-25 silefCtR mthkd fÕvuNCtR «òvr< XtftuhCtR JmtJt vhuNCtR Ntn ^Jj yuLSlegmo 152 htuz «tusufx/ œrûtK œtKejebztNtnytjb œhJtò &e akztu¤t vux
2022-23,156,Central,ymthJt,15 ASARWA,415.0,12.0,,Maruti Construction,,ymthJt mk<tu»te bt<t bkœeh&e ymthJt mtumtgxe 415.00 12.0 btYr< fLMx[fNl ftwk. ze.ce.yub.juJju htuz fhuj Au. n»to vxuj ytE.ze.htXtuz fu.yum.ltrzgt yu.yub.mfmult buxuMx yuLSlegh´d
2022-23,157,Central,ymthJt,15 ASARWA,280.0,10.0,29.05.2025,Maruti Construction,,ymthJt ymthJt lJe mcÍtulj ytuVem 280.00 10.0 btYr< fLMx[fNl ftwk. 29.05.2025 n»to vxuj ytE.ze.htXtuz fu.yum.ltrzgt yu.yub.mfmult buxuMx yuLSlegh´d 130.00 4.00
2022-23,158,Central,ymthJt,15 ASARWA,450.0,14.0,28.05.2025,Maruti Construction,,ymthJt ymthJt c{es &e dtb<¤ &e ymthJt afjt (Jkœu bt<hb mfoj) 450.00 14.0 btYr< fLMx[fNl ftwk.28.05.2025 n»to vxuj ytE.ze.htXtuz fu.yum.ltrzgt yu.yub.mfmult buxuMx yuLSlegh´d
2022-23,159,Central,ymthJt,15 ASARWA,400.0,16.0,28.05.2025,Maruti Construction,,ymthJt ymthJt afjt(Jkœu bt<hb mfoj)&e btunl rmlubt mfoj 400.00 16.0 btYr< fLMx[fNl ftwk.28.05.2025 n»to vxuj ytE.ze.htXtuz fu.yum.ltrzgt yu.yub.mfmult buxuMx yuLSlegh´d
2022-23,160,Central,ymthJt,15 ASARWA,400.0,10.0,,Maruti Construction,,ymthJt ablvwht mfooj&e atbwkzt bkœeh (rc{s leaultk ckle mrJom htuz) 400.00 10.0 btYr< fLMx[fNl ftwk.nuJe vua Jfo fhuj Au. n»to vxuj ytE.ze.htXtuz fu.yum.ltrzgt yu.yub.mfmult buxuMx yuLSlegh´d
2022-23,161,Central,>rhgtÃþh,,1325.0,,19.06.2025,Maruti Construction,,>rhgtÃþh «mwr< dn &e Ntnvwh y¨t &E Ntnvwh btÎgtbef atufXt buRl htuz 1325.00 7.5 btYr< fLMx[fNl ftwk.19.06.2025<usm CtJmth Y»tefwbth ©ebt¤eELat.yNhVCtE Ôntuht yu.yub.mfmult buxuMx yuLSlegh´d
2022-23,162,Central,Ntnectd,16 SHAHIBAG,700.0,12.0,13.12.2025,Maruti Construction,,Ntnectd ykctS bt<tlt Jtm &e bt^wvwht mfoj &R œrhgtvwh œhJtò mfoj 700.00 12.0 btYr< fLMx[fNl ftwk.13.12.2025 ^Jj mtujkfe Nh> yub.vxuj yuj.me.vxuj yuV.yub.rbMºte buxuMx yuLSlegh´d
2022-23,163,Central,Ntnectd,16 SHAHIBAG,400.0,16.0,08.01.2026,Maruti Construction,,Ntnectd <ujegtbej faht vuxe &e atuFt còh (ftavexegt nlwbtl bkœeh) 400.00 16.0 btYr< fLMx[fNl ftwk.08.01.2026 ^Jj mtujkfe Nh> yub.vxuj yuj.me.vxuj yuV.yub.rbMºte buxuMx yuLSlegh´d
2022-23,164,Central,Ntnectd,16 SHAHIBAG,450.0,15.0,12.01.2026,Maruti Construction,,Ntnectd <ujegtbej faht vuxe &e ftjwvwh vu yuLz vtfeokd vtmu (c{es vtmu) 450.00 15.0 btYr< fLMx[fNl ftwk.12.01.2026 ^Jj mtujkfe Nh> yub.vxuj yuj.me.vxuj yuV.yub.rbMºte buxuMx yuLSlegh´d
2022-23,165,Central,Ntnectd,16 SHAHIBAG,220.0,10.0,11.01.2026,Maruti Construction,,Ntnectd ftjwvwh mfoj &e nuc<Ftl atje mw^e (ftjwvwh c{es mrJom htuz) 220.00 10.0 btYr< fLMx[fNl ftwk.11.01.2026 ^Jj mtujkfe Nh> yub.vxuj yuj.me.vxuj yuV.yub.rbMºte buxuMx yuLSlegh´d
2022-23,166,Central,Ftrzgt,,350.0,10.0,,Maruti Construction,,Ftrzgt htgvwh œhJtò&e htgvwh afÕtt 350.00 10.0 btYr< fLMx[fNl ftwk. 14.04.2025sgleN fk&thegt ELat.sgleN fk&thegt yuj.me.vxuj yuV.yub.rbMºte buxuMx yuLSlegh´d
2022-23,167,Central,Ftrzgt,,260.0,21.05,,Maruti Construction,,Ftrzgt Cw<le ytkcje vux[tuj vkv&e ©ehtb xe Mxtuj 260.00 7.0 btYr< fLMx[fNl ftwk. 21.05.2025sgleN fk&thegt ELat.sgleN fk&thegt yuj.me.vxuj yuV.yub.rbMºte buxuMx yuLSlegh´d
2022-23,168,Central,Ftrzgt,,200.0,10.11,10.11.2025,,,Ftrzgt E.me. htuz Fbtmt 200.00 6.0 btYr< EL£t¢eyuNl 10.11.2025 bturn< dtk^e ELat.sgleN fk&thegt ELat.yNhVCtE Ôntuht yuV.yub.rbMºte buxuMx yuLSlegh´d
2022-23,169,Central,Ftrzgt,,220.0,13.04,,Maruti Construction,,Ftrzgt mthkdvwh œhJtò &e Vh<t rJmtbt 220.00 7.5 btYr< fLMx[fNl ftwk. 13.04.2026yrb< >mtzegt lrJlCtE vkatj ELat.yNhVCtE Ôntuht yuV.yub.rbMºte buxuMx yuLSlegh´d
2022-23,170,Central,Ntnvwh,17 SHAHPUR,1000.0,15.1,15.10.2025,Maruti Construction,,sbtj5wh Ntnvwh bej fkvtWLzlt ytk<rhf hM<t 1000.00 7.3 btYr< fLMx[fNl ftwk. 15.10.2025 bGþh vkatj yth.ytE.vxuj ELat.yNhVCtE Ôntuht yuV.yub.rbMºte buxuMx yuLSlegh´d
2022-23,171,Central,sbtj5wh,,350.0,12.5,20.10.2025,Maruti Construction,,sbtj5wh xtuhuLx vtJh ath hM<t &e cntE muLxh 350.00 12.5 btYr< fLMx[fNl ftwk. 20.10.2025 bGþh vkatj yth.ytE.vxuj ELat.yNhVCtE Ôntuht yuV.yub.rbMºte buxuMx yuLSlegh´d
2022-23,172,Central,sbtj5wh,,155.0,,,Maruti Construction,,sbtj5wh yu.ve.yub.me.lt dux lkch-2 &e me.yul.ytE.aao 155.00 7.0 btYr< fLMx[fNl ftwk.20.04.2025bnuN «òvr< yth.ytE.vxujELat.yNhVCtE Ôntuht yu.yub.mfmult buxuMx yuLSlegh´d
2022-23,173,Central,sbtj5wh,,380.0,12.5,,Maruti Construction,,sbtj5wh sd>eN bkr>h &e mtublt& Cwœhltu ythtu 380.00 12.5 btYr< fLMx[fNl ftwk. 21.04.2025bnuN «òvr< yth.ytE.vxujELat.yNhVCtE Ôntuht yu.yub.mfmult buxuMx yuLSlegh´d
2022-23,174,Central,sbtj5wh,,300.0,25.04,,Maruti Construction,,sbtj5wh FtYlt¤t &e Cîatuf 300.00 6.0 btYr< fLMx[fNl ftwk. 25.04.2025bnuN «òvr< yth.ytE.vxujELat.yNhVCtE Ôntuht yu.yub.mfmult buxuMx yuLSlegh´d
2022-23,175,Central,sbtj5wh,,250.0,27.04,15-04-27,Apex Protech LLP,Marsh Planning & Engineering Services Pvt Ltd,sbtj5wh vuNLx ntWm htunejtJtz 250.00 7.0 btYr< fLMx[fNl ftwk. 27.04.2025bnuN «òvr< yth.ytE.vxujELat.yNhVCtE Ôntuht yu.yub.mfmult buxuMx yuLSlegh´d 176 htuz «tusufx/ bæg Ftzegt ftdzt veX skfNl&e JtrKsg CJl mfoj 800 24 ythfume RL£trcÕx «t. je
2024-25,1,West,JtmKt,31 VASNA,230.0,10.6,17-04-27,M/s L.G. Chaudhary,Marsh Planning & Engineering Services Pvt Ltd,JtmKt WbtMþ> ath hM<t &e ©ugtkNlt& mtumtgxe ath hM<t Mþ^e 230.0 10.60 17-04-27 bummo yuj.S.ati^he btNo Ãjtlekd yuLz yuLSleghekd mrJom «t.je. belu»tCtR «¿tuNCtR su.Je Ntn }r»t vkzgt
2024-25,2,West,lthKÃþht,09 NARANPURA,260.0,20.0,20-10-27,Apex Protech LLP,Marsh Planning & Engineering Services Pvt Ltd,lthKÃþht rmL>wh Mvum &e Ntk<e yuvtxobuLx 260.0 9.00 20-10-27 yu5uût «tuxufx yuj.yuj.ve. btNo Ãjtlekd yuLz yuLSleghekd mrJom «t.je. ^JjCtR vkatj bitrjfrmkn Ítjt bnuN vxuj }r»t vkzgt
2024-25,3,West,lthKÃþht,09 NARANPURA,290.0,15.0,07-01-28,Apex Protech LLP,Marsh Planning & Engineering Services Pvt Ltd,lthKÃþht fezÍ ftuloh &e ybekfwks mw^eltu htuz 290.0 15.00 07-01-28 yu5uût «tuxufx yuj.yuj.ve. btNo Ãjtlekd yuLz yuLSleghekd mrJom «t.je. belu»tCtR ^JjCtR bnuN vxuj }r»t vkzgt
2024-25,4,West,lthKÃþht,09 NARANPURA,510.0,15.0,09-01-28,Apex Protech LLP,Marsh Planning & Engineering Services Pvt Ltd,lthKÃþht ybefwks &e lJhkd mfoj mw^eltu htuz 510.0 15.00 09-01-28 yu5uût «tuxufx yuj.yuj.ve. btNo Ãjtlekd yuLz yuLSleghekd mrJom «t.je. belu»tCtR ^JjCtR bnuN vxuj }r»t vkzgt
2024-25,5,West,lJt,06 NEW WADAJ,600.0,15.3,,Apex Protech LLP,Marsh Planning & Engineering Services Pvt Ltd,lJt Jtzs S.yum.xe. ¢tum´d&e cjtujldh c{es Mþ^eltu htuz 600.0 15.30 11-05-27yu5uût «tuxufx yuj.yuj.ve. btNo Ãjtlekd yuLz yuLSleghekd mrJom «t.je. mtihCCtE vxuj htsuNCtE ybel bnuL÷CtE vhbth }r»t vkzgt
2024-25,6,West,atkœFuzt,03 CHANDKHEDA,485.0,20.4,,Apex Protech LLP,Marsh Planning & Engineering Services Pvt Ltd,atkœFuzt cnwah f]vt ckøjtuÍ &e dtk^eldh ntRJu mw^e ltu htuz 485.0 20.40 30-04-29yu5uût «tuxufx yuj.yuj.ve. btNo Ãjtlekd yuLz yuLSleghekd mrJom «t.je. rœÃ<uN atintK fÕvuN ÍtkÍYfegt bnuN vxuj }r»t vkzgt
2024-25,7,West,atkœFuzt,03 CHANDKHEDA,630.0,10.0,10-12-27,Apex Protech LLP,Marsh Planning & Engineering Services Pvt Ltd,atkœFuzt yrJaj mtumtgxe &e rJm<bt<t bkœeh htuz 630.0 10.00 10-12-27 yu5uût «tuxufx yuj.yuj.ve. btNo Ãjtlekd yuLz yuLSleghekd mrJom «t.je. rœÃ<uN atintK fÕvuN ÍtkÍYfegt bnuN vxuj }r»t vkzgt
2024-25,8,West,atkœFuzt,03 CHANDKHEDA,470.0,29.0,29-04-27,Apex Protech LLP,Marsh Planning & Engineering Services Pvt Ltd,atkœFuzt òlfe Mfwj &e mtkRctct lt bkœeh mw^e(vwY»ttu<b vtfo Jt¤tu htuz) 470.0 7.00 29-04-27 yu5uût «tuxufx yuj.yuj.ve. btNo Ãjtlekd yuLz yuLSleghekd mrJom «t.je. rœÃ<uN atintK fÕvuN ÍtkÍYfegt bnuN vxuj }r»t vkzgt
2024-25,9,West,Mxuzegb,10 S.P.STADIUM,1510.0,22.0,22-04-27,Apex Protech LLP,Marsh Planning & Engineering Services Pvt Ltd,Mxuzegb y.Bgw.ftu.ltk vrùbÍtullt mhœth vxuj Mxuzegb Jtuzobtk RBI cukf &e WMbtlvwht Jtuxh ze.MxuNl &e yub.ve. atje mw^elt htuzlu he-d{uz fhe he-mhVum fhJtlt <&t sYhegt< bwsc Vqxvt& hevuhekd <ubs lJe cltJJtlt ftb 1510.0 9.00 22-04-27 yu5uût «
2024-25,10,West,Mxuzegb,10 S.P.STADIUM,80.0,12.0,20-04-27,Apex Protech LLP,Marsh Planning & Engineering Services Pvt Ltd,Mxuzegb y.Bgw.ftu.ltk vrùbÍtullt mhœth vxuj Mxuzegb Jtuzobtk WMbtlvwht htuz Mxtumo &e Ftuzegthle atje mw^elt dtb<¤lt htuz fusu xe.ve.htuzbtk mbtJuN &<tu l&e <uJt htuzlu ngt< mhVum vh htuzle vntu¤tR yufmbtl hnu <uhe<u he-d{uz fhe he-mhVum fh
2024-25,11,West,JtmKt,31 VASNA,160.0,16.0,16-06-27,M/s L.G. Chaudhary,Marsh Planning & Engineering Services Pvt Ltd,JtmKt શહદવન પાણીની ટાંક થી બી.આર.ટ.એસ.રોડ Ʌુધીનો રોડ 160.0 7.60 16-06-27 bummo yuj.S.ati^he btNo Ãjtlekd yuLz yuLSleghekd mrJom «t.je. belu»tCtR htsuNCtR bnuN vxuj }r»t vkzgt ybœtJtœ Bgwrlmevj ftuvtuohuNl ftuLx[tfhlwk ltb ve.yub.me. yusL
2024-25,12,West,atk>Fuzt,03 CHANDKHEDA,300.0,14.0,14-04-27,Apex Protech LLP,Marsh Planning & Engineering Services Pvt Ltd,atk>Fuzt Ȥુજરાત હાઉસӄગ બોડ½માં આવેલ Ʌુભાષનગર વાળો રોડ 300.0 6.00 14-04-27 yu5uût «tuxufx yuj.yuj.ve. btNo Ãjtlekd yuLz yuLSleghekd mrJom «t.je. rœÃ<uN atintK fÕvuN ÍtkÍYfegt bnuN vxuj }r»t vkzgt
2024-25,13,West,lJhkdÃþht,18 NAVRANGPURA,80.0,18.0,18-05-27,M/s L.G. Chaudhary,Marsh Planning & Engineering Services Pvt Ltd,lJhkdÃþht પિĔમ ઝોન નવરંગȶુરા વોડ½માં ƨતƥય ƨપાઈન હોƨપટલ પાસે આવેલ 9.00 મીટરનો ટ.પી. રોડ પાકો કર રસરફ°શ કરવાનો કામ 80.0 6.00 18-05-27 bummo yuj.S.ati^he btNo Ãjtlekd yuLz yuLSleghekd mrJom «t.je. yCg JKÍtht ^Jj Duxegt rahtdCtR vkatj }r»t 
2024-25,14,West,lJhkdÃþht,18 NAVRANGPURA,12.0,180.0,24-04-27,M/s L.G. Chaudhary,Marsh Planning & Engineering Services Pvt Ltd,lJhkdÃþht પિĔમ ઝોન નવરંગȶુરા વોડ½માં પતંગ હોટલ ની બđે બાȩુ રવર̇ƛટને જોડતો 12.00 મીટરનો ટ.પી. રોડ રસરફ°શ કરવાનાં કામ 180.0 9.00 24-04-27 bummo yuj.S.ati^he btNo Ãjtlekd yuLz yuLSleghekd mrJom «t.je. yCg JKÍtht ^Jj Duxegt rahtdCtR vkatj }r
2024-25,15,West,lJt,06 NEW WADAJ,420.0,21.0,21-06-27,Apex Protech LLP,Marsh Planning & Engineering Services Pvt Ltd,lJt Jtzs ભાવના રો હાઉસ વાળો ટ.પી. રોડ ર˴ેડ કર રસરફ°સ કરવાȵું કામ 420.0 9.20 21-06-27 yu5uût «tuxufx yuj.yuj.ve. btNo Ãjtlekd yuLz yuLSleghekd mrJom «t.je. nubk<CtE JtD htsuNCtE ybel bnuL÷CtE vhbth }r»t vkzgt
2024-25,16,West,5tjze,30 PALDI,501.0,25.0,25-04-27,M/s L.G. Chaudhary,Marsh Planning & Engineering Services Pvt Ltd,5tjze nehtctd ¢tum´d &e bnul<Ãþht Mþ^eltu htuz 501.0 7.50 25-04-27 bummo yuj.S.ati^he btNo Ãjtlekd yuLz yuLSleghekd mrJom «t.je. ytftN œumtR rnhulCtR Ntn su.Je Ntn }r»t vkzgt
2024-25,17,West,5tjze,30 PALDI,280.0,,,M/s L.G. Chaudhary,Marsh Planning & Engineering Services Pvt Ltd,5tjze heJh humezLme&e ftuahc dtb œ•ttKeJtm mw^eltu xtdtuhntujle vtA¤ltu htuz 280.0 7.04 bummo yuj.S.ati^he btNo Ãjtlekd yuLz yuLSleghekd mrJom «t.je. ytftN œumtR/n»to bnu<thtsuN ati^he bnuN vxuj }r»t vkzgt
2024-25,18,West,5tjze,30 PALDI,210.0,,,M/s L.G. Chaudhary,Marsh Planning & Engineering Services Pvt Ltd,5tjze muVhtul yuvtxobuLx&e vthmctd mw^eltu htuz 210.0 9.60 bummo yuj.S.ati^he btNo Ãjtlekd yuLz yuLSleghekd mrJom «t.je. ytftN œumtR/n»to bnu<thtsuN ati^he bnuN vxuj }r»t vkzgt
2024-25,19,West,5tjze,30 PALDI,170.0,,,M/s L.G. Chaudhary,Marsh Planning & Engineering Services Pvt Ltd,5tjze Ntlu cwhntl&e ftuahcdtb htuÍ yuvtxobuLx mw^eltu htuz 170.0 9.60 bummo yuj.S.ati^he btNo Ãjtlekd yuLz yuLSleghekd mrJom «t.je. n»to bnu<t htsuN ati^he bnuN vxuj }r»t vkzgt
2024-25,20,West,5tjze,30 PALDI,220.0,,,M/s L.G. Chaudhary,Marsh Planning & Engineering Services Pvt Ltd,5tjze òVhe xtJh&e bwLmelt ckdjt mw^eltu htuz 220.0 7.04 bummo yuj.S.ati^he btNo Ãjtlekd yuLz yuLSleghekd mrJom «t.je. n»to bnu<t htsuN ati^he bnuN vxuj }r»t vkzgt
2024-25,21,West,5tjze,30 PALDI,240.0,,,M/s L.G. Chaudhary,Marsh Planning & Engineering Services Pvt Ltd,5tjze luNlj Vjux&e d^eh Vjux mw^eltu htuz 240.0 9.60 bummo yuj.S.ati^he btNo Ãjtlekd yuLz yuLSleghekd mrJom «t.je. ytftN œumtR/n»to bnu<thtsuN ati^he bnuN vxuj }r»t vkzgt
2024-25,22,West,5tjze,30 PALDI,290.0,,,M/s L.G. Chaudhary,Marsh Planning & Engineering Services Pvt Ltd,5tjze vtfo yujedLm yuvtxobuLx&e akœl buzefjle œwftl mw^eltu yt©b htuzlu b¤<tu htuz 290.0 9.60 bummo yuj.S.ati^he btNo Ãjtlekd yuLz yuLSleghekd mrJom «t.je. ytftN œumtR/n»to bnu<thtsuN ati^he bnuN vxuj }r»t vkzgt
2024-25,23,West,5tjze,30 PALDI,130.0,15.3,,M/s L.G. Chaudhary,Marsh Planning & Engineering Services Pvt Ltd,5tjze bœelt ntRxm&e ytNeoJtœ fjelmo mw^eltu yt©b htuzlu b¤<tu htuz 130.0 15.30 bummo yuj.S.ati^he btNo Ãjtlekd yuLz yuLSleghekd mrJom «t.je. ytftN œumtR/n»to bnu<thtsuN ati^he bnuN vxuj }r»t vkzgt
2024-25,24,West,Mxuzegb,10 S.P.STADIUM,825.0,12.5,15-05-27,Apex Protech LLP,,Mxuzegb Mxuzegb Jtuzobtk lthKÃþht huÕJu ¢tum´d &e ytÍt>njJtE Mþ^eltu htuz hemhVum fhJtlt ftb ctc<. 825.0 12.50 15-05-27 yu5uût «tuxufx yuj.yuj.ve. feMxtul htfuN 5xuj ^JjCtR bnuN vxuj }r»t vkzgt 24-11-27 jkctR vntu¤tR yt.R yt.me.R zu.mexe Rs
2024-25,25,West,htKev,05 RANIP,400.0,4.0,04-12-27,Apex Protech LLP,Marsh Planning & Engineering Services Pvt Ltd,htKev vr©bÍtullt swlt htKev Jtuzobtk ytJuj lJ rlbtoK Mfwj vtmu vzuj cu{f ztWl <&t lJ rlbtoK &e htKev Ntf btfoux mw^e lJe ltFJtbtk ytJuj z[ulus vtRv Ctdbtk nuJe vuaJfo fhe btuxhucj fhJtle ftbdehe btxu 400.0 5.00 04-12-27 yu5uût «tuxufx yuj.y
2024-25,26,West,htKev,05 RANIP,600.0,11.0,11-05-26,Apex Protech LLP,Marsh Planning & Engineering Services Pvt Ltd,htKev vrµb Ítulbtkk htKev Jtuzobtk swlt htKev rJM<thbtk ytJuj cjtujldh mfoj vtmu vzuj cu{f ztWl <&t lJe ltFJtbtk ytJuj z[ulus vtRv Ctdbtk <&t <ulu mjøl htKev mfoj &e htKev Jtuzo ytuVem &R htKev Ntf btfuox mw^e nuJe vuaJfo fhe btuxhucj fhJtl
2024-25,27,West,htKev,05 RANIP,105.0,20.0,21-11-27,Apex Protech LLP,Marsh Planning & Engineering Services Pvt Ltd,htKev vr©bÍtullt htKev Jtuzobtk lJt htKev rJM<thbtk ytJuj aulvwh dtb &e nwzftu ytJtm mw^eltu cuÍJfo mt&u cltJJtltk ftblt 105.0 20.00 21-11-27 yu5uût «tuxufx yuj.yuj.ve. btNo Ãjtlekd yuLz yuLSleghekd mrJom «t.je. mthkd sirlffwbth rfhK «òvr< 
2024-25,28,West,htKev,05 RANIP,600.0,14.4,01-06-28,Apex Protech LLP,,htKev vr©bÍtullt htKev Jtuzobtk htKev rJM<thbtk ytJuj cjtujldh c{esle leau&e ykl< Mftg &e lubelt& mtumtgxe mw^eltu htuz JtRzulekd fhe hemhVuN fhJtlt ftb 600.0 14.40 01-06-28 yu5uût «tuxufx yuj.yuj.ve. rf-Mxtul RLV[tMx[fah mthkd sirlffwbth r
2024-25,29,West,htKev,05 RANIP,400.0,14.4,02-06-25,Apex Protech LLP,Marsh Planning & Engineering Services Pvt Ltd,"htKev vr©bÍtullt lJt htKev rJM<thbtk ytJuj btKfe mfoj &e mhœth atuf &R Ftuzegth bkrœh mw^eltu htuz cuÍJfo , JtRzulekd ylu hemhVuN fhJtlt ftb 400.0 14.40 02-06-25 yu5uût «tuxufx yuj.yuj.ve. btNo Ãjtlekd yuLz yuLSleghekd mrJom «t.je. mthkd si"
2024-25,30,West,atk>Fuzt,03 CHANDKHEDA,455.0,2.0,02-10-27,Apex Protech LLP,Marsh Planning & Engineering Services Pvt Ltd,atk>Fuzt m nòlkœ Vjux &e ce.yth.xe.yum. htuz mw^eltu htuz 455.0 9.00 02-10-27 yu5uût «tuxufx yuj.yuj.ve. btNo Ãjtlekd yuLz yuLSleghekd mrJom «t.je. rœÃ<uN atintK fÕvuN ÍtkÍYfegt bnuN vxuj }r»t vkzgt
2024-25,31,West,atk>Fuzt,03 CHANDKHEDA,550.0,14.0,14-11-27,Apex Protech LLP,Marsh Planning & Engineering Services Pvt Ltd,atk>Fuzt ©e mswo ntRxm &e rnht^l atufze &e juLzbtfo jtuxm mw^eltu htuz 550.0 14.00 14-11-27 yu5uût «tuxufx yuj.yuj.ve. btNo Ãjtlekd yuLz yuLSleghekd mrJom «t.je. rœÃ<uN atintK fÕvuN ÍtkÍYfegt bnuN vxuj }r»t vkzgt
2024-25,32,West,htKev,05 RANIP,170.0,4.0,04-04-28,Apex Protech LLP,Marsh Planning & Engineering Services Pvt Ltd,htKev vrµbÍtulbtkk htKev Jtuzobtk me<thtb yuJLgw &e rf»Kb Mxuxm mw^eltu htuz bejukd fhe hemhVuN fhe hemhVum fhJtlt ftb 170.0 8.00 04-04-28 yu5uût «tuxufx yuj.yuj.ve. btNo Ãjtlekd yuLz yuLSleghekd mrJom «t.je. mthkd sirlffwbth rfhK «òvr< rah
2024-25,33,West,mtchb<e,04 SABARMATI,3.0,230.0,03-10-27,Apex Protech LLP,Marsh Planning & Engineering Services Pvt Ltd,mtchb<e rf»Kt ckkøjtuÍ-03 &e dKuN humezuLme htuz 230.0 7.00 03-10-27 yu5uût «tuxufx yuj.yuj.ve. btNo Ãjtlekd yuLz yuLSleghekd mrJom «t.je. bnuN «òvr< / htfuN m&Jtht bnuN 5hbth bnuN vxuj }r»t vkzgt
2024-25,34,West,mtchb<e,04 SABARMATI,2.0,290.0,03-10-27,Apex Protech LLP,Marsh Planning & Engineering Services Pvt Ltd,mtchb<e œuJb-02 &e rJXj MfJuh htuz 290.0 7.00 03-10-27 yu5uût «tuxufx yuj.yuj.ve. btNo Ãjtlekd yuLz yuLSleghekd mrJom «t.je. bnuN «òvr< / htfuN m&Jtht bnuN 5hbth bnuN vxuj }r»t vkzgt jkctR vntu¤tR yt.R yt.me.R zu.mexe Rsluh yuze.mexe Rsluhf
2024-25,35,West,mtchb<e,04 SABARMATI,180.0,13.0,13-12-27,Apex Protech LLP,Marsh Planning & Engineering Services Pvt Ltd,mtchb<e mwhBgt ntuBm htuz 180.0 7.00 13-12-27 yu5uût «tuxufx yuj.yuj.ve. btNo Ãjtlekd yuLz yuLSleghekd mrJom «t.je. htfuN m&Jtht ^JjCtR bnuN vxuj }r»t vkzgt
2024-25,36,West,lJhkdvwht,18 NAVRANGPURA,185.0,8.0,08-01-28,M/s L.G. Chaudhary,Marsh Planning & Engineering Services Pvt Ltd,"lJhkdvwht yhJekkœ me<tœj &e ycol nuÕ& mw^eltu xe.ve. htuz 185.0 7.00 08-01-28 bummo yuj.S.ati^he btNo Ãjtlekd yuLz yuLSleghekd mrJom «t.je. ytftN œumtR, yCgrmkn JKÍtht ^JjCtR bnuN vxuj }r»t vkzgt"
2024-25,37,West,Mxuzegb,10 S.P.STADIUM,150.0,12.0,12-02-28,Apex Protech LLP,Marsh Planning & Engineering Services Pvt Ltd,Mxuzegb ^lSCtE ftuBÃju»t &e vkaNej mtumtgxe 150.0 9.00 12-02-28 yu5uût «tuxufx yuj.yuj.ve. btNo Ãjtlekd yuLz yuLSleghekd mrJom «t.je. belu»tCtR ^JjCtR bnuN vxuj }r»t vkzgt
2024-25,38,West,Mxuzegb,10 S.P.STADIUM,200.0,12.0,12-02-28,Apex Protech LLP,Marsh Planning & Engineering Services Pvt Ltd,Mxuzegb WMbtlÃþht dtzol &e bjeftCtE mthtCtElt Dh Mþ^e 200.0 9.00 12-02-28 yu5uût «tuxufx yuj.yuj.ve. btNo Ãjtlekd yuLz yuLSleghekd mrJom «t.je. htfuN 5xuj / belu»tCtR ^JjCtR bnuN vxuj }r»t vkzgt
2024-25,39,West,vtjze,30 PALDI,424.0,2.0,02-02-28,M/s L.G. Chaudhary,Marsh Planning & Engineering Services Pvt Ltd,vtjze vrµbÍtullt d{tbtu^tud dtk^e ntx dtk^efwks &e ftuahc dtb <hVltu hM<t <&t d{tbtu^tud dtk^e ntx &e lw<l mJtuoœg mtumtgxe yum.yuj.gw ftujus <hV s<tu hM<tlu he-mhVum fhJtlt ftb. 424.0 8.00 02-02-28 bummo yuj.S.ati^he btNo Ãjtlekd yuLz yuLS
2024-25,40,West,vtjze,30 PALDI,110.0,8.0,08-12-27,M/s L.G. Chaudhary,Marsh Planning & Engineering Services Pvt Ltd,vtjze vrµb Ítulbtk vtjze Jtuzobtk bntjûbe bkrœh&e htbcje Nt¤t Jt¤tu hM<tu bejekd fhe hemhVum fhJtlt ftb. 110.0 9.00 08-12-27 bummo yuj.S.ati^he btNo Ãjtlekd yuLz yuLSleghekd mrJom «t.je. n»toCtR ^JjCtR bnuN vxuj }r»t vkzgt
2024-25,41,West,vtjze,30 PALDI,930.0,10.0,22-12-27,M/s L.G. Chaudhary,Marsh Planning & Engineering Services Pvt Ltd,vtjze vrµb Ítulbtk vtjze Jtuzobtk vhebj ykzhvtm mrJom htuz&e mkSJle nturMvxj &R lJt Nthœt bkrœh Jt¤tu htuz hemhVum fhJtlt <&t Vwxvt& cltJJtlt ftb. 930.0 10.00 22-12-27 bummo yuj.S.ati^he btNo Ãjtlekd yuLz yuLSleghekd mrJom «t.je. n»toCtR ^J
2024-25,42,West,vtjze,30 PALDI,307.0,10.0,30-01-28,M/s L.G. Chaudhary,Marsh Planning & Engineering Services Pvt Ltd,vtjze vrµbÍtul lt vtjze Jtuzobtkk œNtvtuhJtz &e lJfth ntuMvexj &e yum.ce.ytR mw^eltu htuz 307.0 10.00 30-01-28 bummo yuj.S.ati^he btNo Ãjtlekd yuLz yuLSleghekd mrJom «t.je. n»toCtR ^JjCtR bnuN vxuj }r»t vkzgt
2024-25,43,West,vtjze,30 PALDI,250.0,11.0,11-02-28,M/s L.G. Chaudhary,Marsh Planning & Engineering Services Pvt Ltd,vtjze mwntm Vjux&e V<unvwht Jtuxh zeMx[e. Mxu. &e ycol nuÕ& muLxh mw^eltu htuz 250.0 7.00 11-02-28 bummo yuj.S.ati^he btNo Ãjtlekd yuLz yuLSleghekd mrJom «t.je. n»toCtR ^JjCtR bnuN vxuj }r»t vkzgt
2024-25,44,West,vtjze,30 PALDI,136.0,11.0,11-02-28,M/s L.G. Chaudhary,Marsh Planning & Engineering Services Pvt Ltd,vtjze ybhœev Vjux&e fÕv yuvt. mw^eltu htuz 136.0 7.00 11-02-28 bummo yuj.S.ati^he btNo Ãjtlekd yuLz yuLSleghekd mrJom «t.je. n»toCtR ^JjCtR bnuN vxuj }r»t vkzgt
2024-25,45,West,JtmKt,31 VASNA,315.0,26.0,26-10-27,M/s L.G. Chaudhary,Marsh Planning & Engineering Services Pvt Ltd,JtmKt vrùbÍtullt JtmKt Jtuzobtk ytJuj akœ[ldh yuvtxobuLx &e «œev Vjux <hV s<tu hM<tu 9.20 bexh vntu¤tR ^htJ<tu xe.ve htuzbtk bejekd fhe hemhVum fhJtlt ftb ylu lJe Vwxvt& cltJJtlt ftb. 315.0 7.20 26-10-27 bummo yuj.S.ati^he btNo Ãjtlekd yuLz
2024-25,46,West,mtchb<e,04 SABARMATI,440.0,12.0,21-12-27,Apex Protech LLP,Marsh Planning & Engineering Services Pvt Ltd,mtchb<e vrùlÍtul mtchb<e Jtuzobtk btuxuht rJM<thbtk ytJuj MvNo rzJtRl &e vtxeœth atuf mw^eltu htuz hemhVum fhJtlt ftb. 440.0 12.00 21-12-27 yu5uût «tuxufx yuj.yuj.ve. btNo Ãjtlekd yuLz yuLSleghekd mrJom «t.je. htfuN m&Jtht ^JjCtR bnuN vxuj 
2024-25,47,West,atk>Fuzt,03 CHANDKHEDA,175.0,23.0,23-12-27,Apex Protech LLP,Marsh Planning & Engineering Services Pvt Ltd,atk>Fuzt vtgm vhemh &e atkœFuzt dtb<¤ mw^eltu htuz 175.0 9.00 23-12-27 yu5uût «tuxufx yuj.yuj.ve. btNo Ãjtlekd yuLz yuLSleghekd mrJom «t.je. htfuN m&Jtht ^JjCtR bnuN vxuj }r»t vkzgt
2024-25,48,West,atk>Fuzt,03 CHANDKHEDA,465.0,24.0,24-01-28,Apex Protech LLP,Marsh Planning & Engineering Services Pvt Ltd,atk>Fuzt ftixeÕg Vjux &e Rzl vhbuµh mw^eltu htuz 465.0 7.00 24-01-28 yu5uût «tuxufx yuj.yuj.ve. btNo Ãjtlekd yuLz yuLSleghekd mrJom «t.je. htfuN m&Jtht ^JjCtR bnuN vxuj }r»t vkzgt
2024-25,49,West,mtchb<e,04 SABARMATI,310.0,20.0,20-12-27,Apex Protech LLP,Marsh Planning & Engineering Services Pvt Ltd,mtchb<e vrµb Ítul mtchb<e Jtuzo btkk ytJuj mtchb<e rJM<thbtkk ytJuj ftbœth rJbt gtuslt &e Mbw<e bkœeh mw^eltu htuz hemhVum fhJtlt ftb 310.0 9.00 20-12-27 yu5uût «tuxufx yuj.yuj.ve. btNo Ãjtlekd yuLz yuLSleghekd mrJom «t.je. htfuN m&Jtht ^Jj
2024-25,50,West,રાણીપ,05 RANIP,270.0,21.0,21-09-27,Apex Protech LLP,Marsh Planning & Engineering Services Pvt Ltd,રાણીપ Ĥંȸુ ચોક થી કાળગામ Ӕડર પાસ Ʌુધીનો રોડ 270.0 5.00 21-09-27 yu5uût «tuxufx yuj.yuj.ve. btNo Ãjtlekd yuLz yuLSleghekd mrJom «t.je. mthkd sirlffwbth rfhK «òvr< bnuN CtR vxuj }r»t vkzgt
2024-25,51,West,રાણીપ,05 RANIP,500.0,21.0,21-09-27,Apex Protech LLP,Marsh Planning & Engineering Services Pvt Ltd,રાણીપ કાળ ગામ તળાવથી Ĥંȸુ ચોક Ʌુધીનો રોડ 500.0 5.00 21-09-27 yu5uût «tuxufx yuj.yuj.ve. btNo Ãjtlekd yuLz yuLSleghekd mrJom «t.je. mthkd sirlffwbth rfhK «òvr< bnuN CtR vxuj }r»t vkzgt
2024-25,52,West,રાણીપ,05 RANIP,200.0,21.0,21-09-27,Apex Protech LLP,Marsh Planning & Engineering Services Pvt Ltd,રાણીપ રાણીપ શાક માક²ટ થી ભાƊયોદય બҪક Ʌુધીનો રોડ 200.0 8.00 21-09-27 yu5uût «tuxufx yuj.yuj.ve. btNo Ãjtlekd yuLz yuLSleghekd mrJom «t.je. mthkd sirlffwbth rfhK «òvr< bnuN CtR vxuj }r»t vkzgt
2024-25,53,West,રાણીપ,05 RANIP,400.0,1.0,01-10-27,Apex Protech LLP,Marsh Planning & Engineering Services Pvt Ltd,રાણીપ કાળગામ Ӕડર પાસ થી લǛમીબેન ના ઘર Ʌુધી 400.0 9.00 01-10-27 yu5uût «tuxufx yuj.yuj.ve. btNo Ãjtlekd yuLz yuLSleghekd mrJom «t.je. mthkd sirlffwbth rfhK «òvr< bnuN CtR vxuj }r»t vkzgt
2024-25,54,West,JtmKt,31 VASNA,150.0,22.0,22-09-27,M/s L.G. Chaudhary,Marsh Planning & Engineering Services Pvt Ltd,JtmKt MJtbelthtgK vtfo 3 htuz 150.0 9.00 22-09-27 bummo yuj.S.ati^he btNo Ãjtlekd yuLz yuLSleghekd mrJom «t.je. belu»tCtR rnhulCtR Ntn su.Je Ntn }r»t vkzgt
2024-25,55,West,lJhkdÃþht,18 NAVRANGPURA,160.0,7.0,07-10-27,M/s L.G. Chaudhary,Marsh Planning & Engineering Services Pvt Ltd,"lJhkdÃþht Bgwle . Btfuox, me.S htuz vtmu 160.0 5.00 07-10-27 bummo yuj.S.ati^he btNo Ãjtlekd yuLz yuLSleghekd mrJom «t.je. yCg JKÍtht ^JjCtR Duxegt bnuN vxuj }r»t vkzgt"
2024-25,56,West,lJhkdvwht,18 NAVRANGPURA,231.0,1.0,01-01-28,M/s L.G. Chaudhary,Marsh Planning & Engineering Services Pvt Ltd,lJhkdvwht b^wheft ntujle ctswbtkk ytJuj xe.ve. htuz 231.0 6.30 01-01-28 bummo yuj.S.ati^he btNo Ãjtlekd yuLz yuLSleghekd mrJom «t.je. yCg JKÍtht ^JjCtR bnuN vxuj }r»t vkzgt
2024-25,57,West,lJhkdvwhtlJhkdvwht,18 NAVRANGPURA,480.0,16.0,16-12-27,M/s L.G. Chaudhary,Marsh Planning & Engineering Services Pvt Ltd,"lJhkdvwhtlJhkdvwht Jtuzobtk mwfl ytfuoz&e hesuLme vtfo, <ejf-1 yuvtxobuLx htuz <&t MJod yuvtxobuLx htuz 480.0 7.00 16-12-27 bummo yuj.S.ati^he btNo Ãjtlekd yuLz yuLSleghekd mrJom «t.je. rJNtj Jztjegt ^JjCtR bnuN vxuj }r»t vkzgt"
2024-25,58,West,lJhkdvwht,18 NAVRANGPURA,162.0,1.0,01-01-28,M/s L.G. Chaudhary,Marsh Planning & Engineering Services Pvt Ltd,lJhkdvwht MJht ctuRÍ ntuMxuj&e vkòc vhtuXt 162.0 9.50 01-01-28 bummo yuj.S.ati^he btNo Ãjtlekd yuLz yuLSleghekd mrJom «t.je. yCg JKÍtht ^JjCtR bnuN vxuj }r»t vkzgt jkctR vntu¤tR yt.R yt.me.R zu.mexe Rsluh yuze.mexe RsluhftuLx[tfhlwk ltb ve.
2024-25,59,West,vtjze,30 PALDI,365.0,16.0,16-01-28,M/s L.G. Chaudhary,Marsh Planning & Engineering Services Pvt Ltd,vtjze vrùb Ítulbtk vtjze Jtuzobtk fÕvJ]ût ckøjtu &e yNtufldh mtkmf]<ef fuLœ[ &e rJftmd{wn htuz mw^elt htuz hemhVum fhJtlt ftb. 365.0 7.00 16-01-28 bummo yuj.S.ati^he btNo Ãjtlekd yuLz yuLSleghekd mrJom «t.je. n»toCtR ^JjCtR bnuN vxuj }r»t v
2024-25,60,West,lJhkdvwhtlJhkdvwht,18 NAVRANGPURA,500.0,15.0,15-02-28,M/s L.G. Chaudhary,Marsh Planning & Engineering Services Pvt Ltd,lJhkdvwhtlJhkdvwht Jtuzobtk ytÍtœ mfoj&e ytR.ytR.yub.brnjt vturjm MxuNl mw^eltu htuz 500.0 9.00 15-02-28 bummo yuj.S.ati^he btNo Ãjtlekd yuLz yuLSleghekd mrJom «t.je. ytftN œumtR ^JjCtR bnuN vxuj }r»t vkzgt
2024-25,61,West,vtjze,30 PALDI,215.0,18.0,18-01-28,M/s L.G. Chaudhary,Marsh Planning & Engineering Services Pvt Ltd,vtjze vrùb Ítulbtk vtjze Jtuzobtk yNtufldh fntl ckøjtu &e vtjze vtujem MxuNl &e ytuluMx huMxtuhuLx mw^elt htuz hemhVum fhJtlt ftb. 215.0 7.00 18-01-28 bummo yuj.S.ati^he btNo Ãjtlekd yuLz yuLSleghekd mrJom «t.je. n»toCtR ^JjCtR bnuN vxuj }r
2024-25,62,West,lJhkdvwht,18 NAVRANGPURA,248.0,3.0,03-01-28,M/s L.G. Chaudhary,Marsh Planning & Engineering Services Pvt Ltd,lJhkdvwht yum.me.S. ntuÂMvxj &e vtA¤ ytJuj vxuj ytuxtu mrJomm (gtuftuntbt xtgmo) &e htsnkm Vjux &E EL÷Ãþhe Vjux &E JiNtje sJujmo Mþ^eltu htuz 248.0 7.00 03-01-28 bummo yuj.S.ati^he btNo Ãjtlekd yuLz yuLSleghekd mrJom «t.je. n»toCtR ^JjCtR b
2024-25,63,West,lJhkdvwht,18 NAVRANGPURA,30.0,15.0,12-02-28,M/s L.G. Chaudhary,Marsh Planning & Engineering Services Pvt Ltd,lJhkdvwht vrùb Ítul lJhkdÃþht Jtuzobtk ldhe ntuÂMvxj ylu Cth<e mtumtgxelt Jåaultu 30.0 bexhltu vntu¤tEltu xe.ve.ntjbtk 15.0 bexhltu ÏþÕjtu htuz hemhVum fhJtlt ftb ctc<. 137.0 15.00 12-02-28 bummo yuj.S.ati^he btNo Ãjtlekd yuLz yuLSleghekd m
2024-25,64,West,vtjze,30 PALDI,700.0,23.0,23-02-28,M/s L.G. Chaudhary,Marsh Planning & Engineering Services Pvt Ltd,vtjze vtjze Jtuzobtk yul.ytE.ze. &e J»tto Vjux Mþ^eltu htuz hemhVum fhJtlt ftb ctc<. 700.0 9.00 23-02-28 bummo yuj.S.ati^he btNo Ãjtlekd yuLz yuLSleghekd mrJom «t.je. n»toCtR ^JjCtR bnuN vxuj }r»t vkzgt
2024-25,65,West,lJt,06 NEW WADAJ,430.0,25.0,25-03-28,Apex Protech LLP,Marsh Planning & Engineering Services Pvt Ltd,lJt Jtzs mwCt»tldh&e dtk^eldh xufht &R dtuh^lvtfo mw^elt htuzlu hed{uz fhe hemhVum fhJtlwk <&t <ulu ytlwmkdef yLg ftbdehe fhtJJtlt ftb 430.0 9.20 25-03-28 yu5uût «tuxufx yuj.yuj.ve. btNo Ãjtlekd yuLz yuLSleghekd mrJom «t.je. ybe< œmtzegt ^J
2024-25,66,West,vtjze,30 PALDI,400.0,12.0,05-12-29,R.K.C. Infrabuild Pvt Ltd,,vtjze vtjze ath hM<t &e sjthtb bkrœh 400.0 12.00 05-12-29 yth.fu.me. RL£tceÕx «t. je. btmo Ãjtlekd yuLz yuLSleghekd mrJomemhtulf «òv<e y<wj vxuj ©e dtuvtjCtR vxuj ©e «KgCtR Ntn
2024-25,67,West,vtjze,30 PALDI,500.0,13.0,08-12-29,R.K.C. Infrabuild Pvt Ltd,,vtjze vtjze ath hM<t &e mhœth c{es 500.0 13.00 08-12-29 yth.fu.me. RL£tceÕx «t. je. btmo Ãjtlekd yuLz yuLSleghekd mrJomemhtulf «òv<e y<wj vxuj ©e dtuvtjCtR vxuj ©e «KgCtR Ntn
2024-25,68,West,lJhkdvwht,18 NAVRANGPURA,2600.0,13.5,26-04-29,R.K.C. Infrabuild Pvt Ltd,,lJhkdvwht nuÕbux ¢tum htuz &e yFcthldh mfoj 2600.0 13.50 26-04-29 yth.fu.me. RL£tceÕx «t. je. btmo Ãjtlekd yuLz yuLSleghekd mrJomemhtulf «òv<e y<wj vxuj ©e dtuvtjCtR vxuj ©e «KgCtR Ntn
2024-25,69,West,atkœFuzt,03 CHANDKHEDA,1600.0,22.0,22-03-30,R.K.C. Infrabuild Pvt Ltd,,"atkœFuzt Lgw me. S. htuz 1600.0 9.50 22-03-30 yth.fu.me. RL£tceÕx «t. je. btmo Ãjtlekd yuLz yuLSleghekd mrJomemhtulf «òv<e y<wj vxuj ©e dtuvtjCtR vxuj, ©e btijefCtR Ôgtm, ©e «KgCtR Ntn"
2024-25,70,West,atkœFuzt,03 CHANDKHEDA,153.0,52.0,12-11-29,,,atkœFuzt Íwkztj ce.yth.xe.yum. zuvtu. 153.0 52.00 12-11-29 bejl htuz ceÕz xuf yuj.yuj.ve. sguN yu.œjtj htulf «òv<e y<wj vxuj btirjf Ôgtm ©e «KgCtR Ntn jkctR vntu¤tR yt.R yt.me.R zu.mexe Rsluh yuze.mexe RsluhftuLx[tfhlwk ltb ve.yub.me. yusLm
2024-25,71,West,htKev,05 RANIP,980.0,10.0,10-02-30,R.K.C. Infrabuild Pvt Ltd,,"htKev «bwF ckøjtuÍ &e aulvwh ykzhvtm 980.0 10.00 10-02-30 yth.fu.me. RL£tceÕx «t. je. btmo Ãjtlekd yuLz yuLSleghekd mrJomemhtulf «òv<e y<wj vxuj ©e dtuvtjCtR vxuj, ©e btijefCtR Ôgtm, ©e «KgCtR Ntn"
2024-25,72,West,lthKvwht,09 NARANPURA,680.0,13.0,03-03-30,,,lthKvwht mðgt-2 &e vÕjJ ath hM<t mw^eltu htuz 680.0 13.00 03-03-30 bejl htuz ceÕz xuf yuj.yuj.ve. sguN yu.œjtj htulf «òv<e y<wj vxuj btirjf Ôgtm ©e «KgCtR Ntn
2024-25,73,North-West,dtu<t,01 GOTA,600.0,7.04,07.04.2027,Nar Narayan Infrastructure Pvt Ltd,Marsh Planning & Engineering Services Pvt Ltd,dtu<t W•th vrµb Ítullt dtu<t Jtuzobtk Jmk<ldh xtWlNevbtk NeJ vtfo &e mwgoœev mtumtgxe <hVltu htuz JtRzulekd fhe hemhVum fhJtlt ftb 600.0 7.00 07.04.2027 lh lthtgK RL£tMx[¾ah v{t.je. btNo Ãjtlekd yuLz yuLS. mJeomem «t.je. Ãt{njtœCtR œuJzt rœ
2024-25,74,North-West,dtu<t,01 GOTA,427.0,9.04,09.04.2027,Nar Narayan Infrastructure Pvt Ltd,Marsh Planning & Engineering Services Pvt Ltd,dtu<t W•th vrµb Ítullt dtu<t Jtuzobtk mtgLm mexe htuz ytu¾mesl vtfo &e yt©g nuJl &e yJ^ ckdjtu &e Juœtk< VjtuhLm mw^eltu htuz cuÍJfo fhe hemhVum fhJtlt ftb 427.0 7.00 09.04.2027 lh lthtgK RL£tMx[¾ah v{t.je. btNo Ãjtlekd yuLz yuLS. mJeomem «
2024-25,75,North-West,dtu<t,01 GOTA,210.0,10.04,10.04.2027,Nar Narayan Infrastructure Pvt Ltd,Marsh Planning & Engineering Services Pvt Ltd,dtu<t W•th vrµb Ítullt dtu<t Jtuzobtk yum.S.ntRJu vh ytJuj fthdej vux[tuj vkv le mtbu ytJuj Nv& nu¾Nt &e dKuN buhezgl mw^elt mrJom htuzlu cuÍJfo fhe hemhVum fhJtlt ftb 210.0 6.00 10.04.2027 lh lthtgK RL£tMx[¾ah v{t.je. btNo Ãjtlekd yuLz yuL
2024-25,76,North-West,atkœjtuzegt,02 CHANDLODIA,210.0,11.04,11.04.2027,Nar Narayan Infrastructure Pvt Ltd,Marsh Planning & Engineering Services Pvt Ltd,atkœjtuzegt W.v.Ítulltk atkkœjtuzegt Jtuzobtk xe.ve.45/ce btk ytJuj mk<hturnœtm &e ycwoœtldh mw^eltu htuz cuÍJfo fhe hemhVum fhJtlt ftb 210.0 8.00 11.04.2027 lh lthtgK RL£tMx[¾ah v{t.je. btNo Ãjtlekd yuLz yuLS. mJeomem «t.je. S<uLœT[CtR vxu
2024-25,77,North-West,ctuzfœuJ,19 BODAKDEV,305.0,14.04,14.04.2027,N.C.C. Infra Pvt Ltd,Marsh Planning & Engineering Services Pvt Ltd,ctuzfœuJ W•th vrùb Ítullt ctuzfœuJ Jtuzobtkk øJtjegt çjwb cuLfJux &e yujul RLMxexgwx mw^elt htuzlu bejekd fhe hemhVum fhJtlw ftb. 305.0 9.00 14.04.2027 yul.me.me. RL£tMvum «t.je btNo Ãjtlekd yuLz yuLS. mJeomem «t.je. WrJoNCtR dtk^e ysgCtR v
2024-25,78,North-West,atkœjtuzegt,02 CHANDLODIA,290.0,15.04,15.04.2027,Nar Narayan Infrastructure Pvt Ltd,Marsh Planning & Engineering Services Pvt Ltd,atkœjtuzegt W.v.Ítulltk atkkœjtuzegt Jtuzobtk xe.ve.45/ce btk ytJuj htr^ft vtfo &e ycwoœtldh-2 mw^eltu htuz cuÍJfo fhe hemhVum fhJtlt ftb 290.0 8.00 15.04.2027 lh lthtgK RL£tMx[¾ah v{t.je. btNo Ãjtlekd yuLz yuLS. mJeomem «t.je. S<uLœT[CtR v
2024-25,79,North-West,atkœjtuzegt,02 CHANDLODIA,435.0,9.04,09.04.2027,Fortune Builders,Marsh Planning & Engineering Services Pvt Ltd,atkœjtuzegt W.v.Ítulltk atkkœjtuzegt Jtuzobtk vhbuµh ath hM<t&e WbtCJtle Vtxf htuz cuÍJfo fhe hemhVum fhJtlt ftb 435.0 8.50 09.04.2027 Vtuhågwl rcÕzmo btNo Ãjtlekd yuLz yuLS. mJeomem «t.je. ytrN»tCtR atintK nheNCtR atJzt ble»ttcul Ntn rJsgC
2024-25,80,North-West,&j<us,08 THALTEJ,615.0,12.0,19.04.2027,Nar Narayan Infrastructure Pvt Ltd,Marsh Planning & Engineering Services Pvt Ltd,&j<us W•th vrùb Ítullt &j<us Jtuzobtkk hejtgLm Mbtxo &e Mfwb Mfwj &e mtdh yuvtxobuLx mw^eltu htuz JtRzulekd fhe hemhVum fhJtlt ftb 615.0 12.00 19.04.2027 lh lthtgK RL£tMx[¾ah v{t.je. btNo Ãjtlekd yuLz yuLS. mJeomem «t.je. lehJ vxuj lJelCtR 
2024-25,81,North-West,ctuzfœuJ,19 BODAKDEV,415.0,14.0,26.05.2027,Fortune Builders,Marsh Planning & Engineering Services Pvt Ltd,ctuzfœuJ W•th vrµb Ítullt ctuzfœuJ Jtuzobtk htsv& ¾jc htuz Wvh ytJuj ycol atuf &e mwbwFrJjt htuz ath hM<t mw^eltu htuz u cuÍJfo fhe hemhVum fhJtlt ftb 415.0 14.00 26.05.2027 Vtuhågwl rcÕzmo btNo Ãjtlekd yuLz yuLS. mJeomem «t.je. WrJoNCtR dt
2024-25,82,North-West,ctuzfœuJ,19 BODAKDEV,470.0,12.0,04.05.2027,Nar Narayan Infrastructure Pvt Ltd,Marsh Planning & Engineering Services Pvt Ltd,ctuzfœuJ W•th vrùb Ítulltk ctuzfœuJ Jtuzobt aeV sMxem ckdjtu &e bfhkœ œuNtR jtRc{uhe ylu SBluNegb mw^eltu htuz hemhVum fhJtlt ftb 470.0 12.00 04.05.2027 lh lthtgK RL£tMx[¾ah v{t.je. btNo Ãjtlekd yuLz yuLS. mJeomem «t.je. WrJoNCtR dtk^e ysgC
2024-25,83,North-West,ctuzfœuJ,19 BODAKDEV,690.0,14.0,08.05.2027,Nar Narayan Infrastructure Pvt Ltd,Marsh Planning & Engineering Services Pvt Ltd,ctuzfœuJ W•th vrùb Ítulltk ctuzfœuJ Jtuzobt mk<wh ckdjtuÍ ath hM<t&e rNJtjef d{el ckøjtuÍ &e ytkcje dtblu stuz<t htuzlu cuÍJfo fhe hemhVum fhJtlt ftb 690.0 14.00 08.05.2027 lh lthtgK RL£tMx[¾ah v{t.je. btNo Ãjtlekd yuLz yuLS. mJeomem «t.je.
2024-25,84,North-West,atkœjtuzegt,02 CHANDLODIA,450.0,21.05,21.05.2027,Nar Narayan Infrastructure Pvt Ltd,Marsh Planning & Engineering Services Pvt Ltd,atkœjtuzegt W.v.Ítulltk atkkœjtuzegt Jtuzobtk dKuN dtuÕz&e yCg hðlt &R rlbtoK jtRV MxtRj mw^eltu htuz cuÍJfo fhe hemhVum fhJtlt ftb 450.0 9.00 21.05.2027 lh lthtgK RL£tMx[¾ah v{t.je. btNo Ãjtlekd yuLz yuLS. mJeomem «t.je. ytrN»tCtR atintK n
2024-25,85,North-West,atkœjtuzegt,02 CHANDLODIA,210.0,21.05,21.05.2027,Keystone Infrastructure Pvt Ltd,,atkœjtuzegt W.v.Ítulltk atkkœjtuzegt Jtuzobtk gN yuJtlt&e sd<vwh c{es leau mw^e huÕJu vuhujj htuz cuÍJfo fhe hemhVum fhJtlt ftb 210.0 8.00 21.05.2027 lh lthtgK RL£tMx[¾ah v{t.je. fe Mxtul ytrN»tCtR atintK nheNCtR atJzt ble»ttcul Ntn rJsgCtR
2024-25,86,North-West,&j<us,08 THALTEJ,290.0,23.05,23.05.2027,N.C.C. Infra Pvt Ltd,,&j<us W•th vrùb Ítullt &j<us Jtuzobtkk ctuzj ftuvtuohux ntWm&e huÕJu vuhujj&e Nejs yum.ve.hekd htuz huÕJu ytuJh c{es mrJom htuz mw^elt htuzlu cuÍJfo fhe hemhVum fhJtlt ftb 290.0 9.00 23.05.2027 yul.me.me. RL£tMvum «t.je fe Mxtul lehJ vxuj l
2024-25,87,North-West,&j<us,08 THALTEJ,230.0,22.05,22.05.2027,Nar Narayan Infrastructure Pvt Ltd,Marsh Planning & Engineering Services Pvt Ltd,&j<us W•th v.Ítullt &j<us Jtuzbt ctuvj/Dwbtk rJM<thlt rœÔgßgtu< Mfwj htuz &e rNJtjg htu-ntWm mw^eltu htuz cuÍ Jfo fhe hemhVum fhJtlw ftb. 230.0 7.00 22.05.2027 lh lthtgK RL£tMx[¾ah v{t.je. btNo Ãjtlekd yuLz yuLS. mJeomem «t.je. rJlgCtR vxuj
2024-25,88,North-West,atkœjtuzegt,02 CHANDLODIA,950.0,23.05,23.05.2027,Keystone Infrastructure Pvt Ltd,,atkœjtuzegt W.v.Ítulltk atkkœjtuzegt Jtuzobtk yum.ve.hekd htuz &e btjtcth yu¾mtuxeft &e btjtcth ftWLxe-2 mw^eltu htuzu cuÍJfo fhe hemhVum fhJtlt ftb 950.0 9.00 23.05.2027 lh lthtgK RL£tMx[¾ah v{t.je. fe Mxtul ytrN»tCtR atintK nheNCtR atJzt 
2024-25,89,North-West,atkœjtuzegt,02 CHANDLODIA,950.0,29.05,29.05.2027,Keystone Infrastructure Pvt Ltd,,atkœjtuzegt W.v.Ítulltk atkkœjtuzegt Jtuzobt dKuN yubhjuLz &e Wbt NhKb mw^eltu htuz cuÍJfo fhe hemhVum fhJtlt ftb 950.0 6.00 29.05.2027 lh lthtgK RL£tMx[¾ah v{t.je. fe Mxtul ytrN»tCtR atintK nheNCtR atJzt ble»ttcul Ntn rJsgCtR vxuj
2024-25,90,North-West,ctuzfœuJ,19 BODAKDEV,450.0,2.06,02.06.2027,Nar Narayan Infrastructure Pvt Ltd,Marsh Planning & Engineering Services Pvt Ltd,ctuzfœuJ W•th vrùb Ítulltk ctuzfœuJ Jtuzobt ytkcje rJM<thbtk ytJuj ybtgt ckdjtu &e brKhðl ckdjtu mw^eltu htuz cuÍJfo fhe hemhVum fhJtlt ftb 450.0 9.00 02.06.2027 lh lthtgK RL£tMx[¾ah v{t.je. btNo Ãjtlekd yuLz yuLS. mJeomem «t.je. WrJoNCtR d
2024-25,91,North-West,ctuzfœuJ,19 BODAKDEV,883.0,22.06,22.06.2027,Fortune Builders,Marsh Planning & Engineering Services Pvt Ltd,ctuzfœuJ W•th vrùb Ítulltk ctuzfœuJ Jtuzobt ytkcje ze.btxo &e hKAtuzvwht &e ycol atuf mw^eltu htuz cuÍJfo fhe hemhVum fhJtlt ftb 883.0 7.50 22.06.2027 Vtuhågwl rcÕzmo btNo Ãjtlekd yuLz yuLS. mJeomem «t.je. WrJoNCtR dtk^e ysgCtR vxuj «KJCtR 
2024-25,92,North-West,ctuzfœuJ,19 BODAKDEV,675.0,4.06,04.06.2027,Keystone Infrastructure Pvt Ltd,,ctuzfœuJ W•th vrùb Ítulltk ctuzfœuJ Jtuzobtk ytkdl dtzol huMxtuhLx &e rNJtjef d{el ckdjtu &e hKAtuzvwht ytcje dtblu stuz<tu htuz cuÍJfo fhe hemhVum fhJtlt ftb 675.0 9.00 04.06.2027 lh lthtgK RL£tMx[¾ah v{t.je. fe Mxtul WrJoNCtR dtk^e ysgCtR
2024-25,93,North-West,dtu<t,01 GOTA,32.0,135.0,09.10.2027,Nar Narayan Infrastructure Pvt Ltd,,dtu<t W•th vrµb Ítullt dtu<t Jtuzobtk xe.ve.-32 rJM<thbtk dtu<t <¤tJ vtmu lJtu FwÕjtu fhJtbtk ytJuj htuz cuÍJfo fhe hemhVum fhJtlt ftb 135.0 8.00 09.10.2027 lh lthtgK RL£tMx[¾ah v{t.je. sguN yu. œjtj rJbjcCtR rœluNCtR vxuj brl»ttcul NtnrJsg
2024-25,94,North-West,dtu<t,01 GOTA,375.0,9.1,09.10.2027,Nar Narayan Infrastructure Pvt Ltd,Marsh Planning & Engineering Services Pvt Ltd,dtu<t W•th vrµb Ítullt dtu<t Jtuzobtk dtu<t bjuhegt yturVm&e dtu<t dtb&e nlwbtlvwht mw^eltu htuzlu stuz<tu htuz cuÍJfo fhe hemhVum fhJtlt ftb 375.0 8.00 09.10.2027 lh lthtgK RL£tMx[¾ah v{t.je. btNo Ãjtlekd yuLz yuLS. mJeomem «t.je. rJbjCtR 
2024-25,95,North-West,ctuzfœuJ,19 BODAKDEV,12.0,410.0,22.10.2027,N.C.C. Infra Pvt Ltd,,ctuzfœuJ W•th vrùb Ítulltk ctuzfœuJ Jtuzobtk htsv& hkdtuje htuz Wvh xe.ve.212(ytkcje) btk ytJuj NeJtjef Jejtle ctswltu 12 be ltu xe.ve.htuz cuÍJfo fhe hemhVum fhJtlt ftb 410.0 7.00 22.10.2027 yul.me.me. RL£tMvum «t.je fe Mxtul WrJoNCtR dtk^
2024-25,96,North-West,&j<us,08 THALTEJ,607.0,16.11,16.11.2027,N.C.C. Infra Pvt Ltd,,&j<us W•th v.Ítullt &j<us Jtuzbt r¢»lt©g ckdjtuÍ&e meBm c{es mw^eltu htuz ylu meBm c{es&e lkœlJl ckøjtuÍ mw^eltu htuz bejekd fhe hemhVum fhJtlw ftb. 607.0 7.00 16.11.2027 yul.me.me. RL£tMvum «t.je fe Mxtul lehJ vxuj lJelCtR vkatj ble»ttcul 
2024-25,97,North-West,dtu<t,01 GOTA,30.0,270.0,07.12.2027,Keystone Infrastructure Pvt Ltd,,dtu<t W•th vrµb Ítullt dtu<t Jtuzobt Ãjtb øjtuhe &e 30 be. xe.ve.htuzlu stuz<tu htuz cuÍJfo fhe hemhVum fhJtlt ftb 270.0 7.00 07.12.2027 lh lthtgK RL£tMx[¾ah v{t.je. fe Mxtul bgwh vxuj lrJlCtR vkatj brl»ttcul Ntn «KJCtR vkrz<
2024-25,98,North-West,ctuzfœuJ,19 BODAKDEV,689.0,14.0,24.11.2027,N.C.C. Infra Pvt Ltd,,ctuzfœuJ W•th vrùb Ítullt ctuzfœuJ Jtuzobtkk rmk^wCJh htuz Wvh ytJuj bÕxejuJj vtfeod&e ytizt dtzol &e yu.yub.me.Ãjtux mw^eltu htuz JtRzulekd fhe hemhVum fhJtlw ftb. 689.0 14.00 24.11.2027 yul.me.me. RL£tMvum «t.je fe Mxtul WrJoNCtR dtk^e ys
2024-25,99,North-West,atkœjtuzegt,02 CHANDLODIA,210.0,5.12,05.12.2027,Keystone Infrastructure Pvt Ltd,,atkœjtuzegt W.v.Ítulltk atkkœjtuzegt Jtuzobt fuNJb ntRxmo &e Ntµ< Rxuhlegt htuz cuÍJfo fhe hemhVum fhJtlt ftb 210.0 7.00 05.12.2027 lh lthtgK RL£tMx[¾ah v{t.je. fe Mxtul dti<bCtR «òvr< lJelCtR vkatj «KJCtR vkze< dtuvtjCtR vxuj
2024-25,100,North-West,ctuzfœuJ,19 BODAKDEV,250.0,20.12,20.12.2027,Fortune Builders,Marsh Planning & Engineering Services Pvt Ltd,ctuzfœuJ W•th vrùb Ítulltk ctuzfœuJ Jtuzobt xe.ve.50 rJM<thbtk ytJuj yuvef ntuMvexj &e xtuzjmo zul «eMfwj mw^elt htuzlu cuÍJfo fhe hemhVum fhJtlt ftb 250.0 9.00 20.12.2027 Vtuhågwl rcÕzmo btNo Ãjtlekd yuLz yuLS. mJeomem «t.je. WrJoNCtR dtk^
2024-25,101,North-West,atkœjtuzegt,02 CHANDLODIA,565.0,10.12,10.12.2027,Keystone Infrastructure Pvt Ltd,,atkœjtuzegt W.v.Ítulltk atkkœjtuzegt Jtuzobtk NeJbdum &e ytœNo ftbœth mtumtgxe mw^eltu htuz JtRzlekd fhe hemhVum fhJtlw ftb. 565.0 8.50 10.12.2027 Vtuhågwl rcÕzmo fe Mxtul S<uLœT[CtR vxuj nheNCtR atJzt «KJCtR vkze</ble»ttcul Ntn rJsgCtR vxu
2024-25,102,North-West,ctuzfœuJ,19 BODAKDEV,230.0,25.03,25.03.2027,Fortune Builders,Marsh Planning & Engineering Services Pvt Ltd,ctuzfœuJ W•th vrùb Ítullt ctuzfœuJ Jtuzobtkk z[tVx xe.ve.31(gwleJmeoxe-2 stu VuhVth) btk ytJuj S.yub.ze.me.htuz &e ftmt Ôgtubt Vjux mw^eltu htuz cuÍJfo fhe hemhVum fhJtlt ftb 230.0 7.00 25.03.2027 Vtuhågwl rcÕzmo btNo Ãjtlekd yuLz yuLS. mJe
2024-25,103,North-West,ctuzfœuJ,19 BODAKDEV,180.0,18.12,18.12.2027,Fortune Builders,Marsh Planning & Engineering Services Pvt Ltd,ctuzfœuJ W•th vrùb Ítulltk ctuzfœuJ Jtuzobtk Mftgzuf ath hM<t&e vtµo jfÍwhegt sil œuhtmh mw^eltu htuz cuÍJfo fhe hemhVum fhJtlt ftb 180.0 7.00 18.12.2027 Vtuhågwl rcÕzmo btNo Ãjtlekd yuLz yuLS. mJeomem «t.je. Wðf»toCtR Wvtægtg lJelcCtR vkat
2024-25,104,North-West,ctuzfœuJ,19 BODAKDEV,315.0,14.0,07.01.2028,Nar Narayan Infrastructure Pvt Ltd,Marsh Planning & Engineering Services Pvt Ltd,ctuzfœuJ W•th vrùb Ítullt ctuzfœuJ Jtuzobtkk mtubvtuj skfNl&e yuhem jtRVMxtRj mw^elt htuzlu JtRzulekd fhe hemhVum fhJtlw ftb. 315.0 14.00 07.01.2028 lh lthtgK RL£tMx[¾ah v{t.je. btNo Ãjtlekd yuLz yuLS. mJeomem «t.je. Wðf»toCtR Wvtægtg/ <Lbg
2024-25,105,North-West,&j<us,08 THALTEJ,530.0,5.01,05.01.2028,Keystone Infrastructure Pvt Ltd,,&j<us W•th vrùb Ítullt &j<us Jtuzo btk Wbegt bt<tlt bkkkrœh&e Ntjel humezuLme mw^eltu htuz <&t hts humezuLme&e ytudMx ntub&e Nejs ltkkœtuje mw^eltu htuz hemhVum fhJtlt ftb ctc<. 530.0 7.00 05.01.2028 lh lthtgK RL£tMx[¾ah v{t.je. fe Mxtul <L
2024-25,106,North-West,dtu<t,01 GOTA,940.0,12.0,20.01.2028,Keystone Infrastructure Pvt Ltd,,dtu<t W•th vrµb Ítullt dtu<t Jtuzo Rµh humezuLme &e rmÕJh vhe¢bt &e hts ntuBm mw^e ltu htuzlu cuÍJfo fhe hemhVum fhJtlt ftb 940.0 12.00 20.01.2028 lh lthtgK RL£tMx[¾ah v{t.je. fe Mxtul bgwh vxuj lrJlCtR vkatj brl»ttcul Ntn «KJCtR vkrz<
2024-25,107,North-West,&j<us,08 THALTEJ,537.0,14.0,30.01.2028,N.C.C. Infra Pvt Ltd,,&j<us W•th vrùb Ítulltk &j<us Jtuzobtk Lgw rlrf<t mfoj &e mwœNol xtJh &e bKeCœ[ yuvtxobuLx mw^eltu htuz bejekd <&t JtRzulekd fhe hemhVum fhJtlt ftb 537.0 14.00 30.01.2028 yul.me.me. RL£tMvum «t.je fe Mxtul <Lbg ve. vkzgt lrJlCtR vkatj brl»t
2024-25,108,North-West,dtu<t,01 GOTA,375.0,29.01,29.01.2028,Keystone Infrastructure Pvt Ltd,,dtu<t W•th vrùb Ítullt dtu<t Jtuzobt ytur¾msl vtfo &e ytgol yuBceml ath hM<t mw^eltu htuz cuÍJfo fhe hemhVum fhJtlt ftb 375.0 7.00 29.01.2028 lh lthtgK RL£tMx[¾ah v{t.je. fe Mxtul nmbwF mtujkfe rœvfCtR vxuj brl»ttcul Ntn «KJCtR vkrz<
2024-25,109,North-West,dtu<t,01 GOTA,18.0,370.0,31.01.2028,Ashish Infracon Pvt Ltd,,dtu<t W•th vrµb Ítullt dtu<t Jtuzobt rmæ^ebuLml&e ctvwle Jtze <hVltu 18 be. Ltu xe.ve.htuz cuÍJfo fhe hemhVum fhJtlt ftb 370.0 5.00 31.01.2028 ytr»tN RL£tftul «t.je. fe Mxtul nmbwF mtujkfe rœvfCtR vxuj brl»ttcul Ntn «KJCtR vkrz<
2024-25,110,North-West,ctuzfœuJ,19 BODAKDEV,480.0,1.02,01.02.2028,Keystone Infrastructure Pvt Ltd,,ctuzfœuJ W•th vrùb Ítullt ctuzfœuJ Jtuzobt yum.ve.hekd htuz ytgol yuBcme &e btmo ¾LmjxLx ytuVem mw^e ltu htuzlu cuÍJfo mt&u lJtu cltJJtlt ftb 480.0 7.00 / 5.00 01.02.2028 lh lthtgK RL£tMx[¾ah v{t.je. fe Mxtul WrJoNCtR dtk^e lJelcCtR vkatj b
2024-25,111,North-West,dtu<t,01 GOTA,245.0,14.0,07.02.2028,N.C.C. Infra Pvt Ltd,,dtu<t W•th vrµb Ítullt dtu<t Jtuzobt fu.yul.ve.yum.mfoj &e huÕJu jtRl mw^elt htuzlu cuÍJfo fhe hemhVum fhJtlt ftb 245.0 14.00 07.02.2028 yul.me.me. RL£tMvum «t.je fe Mxtul nmbwF mtujkfe rœvfCtR vxuj brl»ttcul Ntn «KJCtR vkrz< jkctR vntu¤tR 
2024-25,112,North-West,&j<us,08 THALTEJ,1238.0,14.02,14.02.2028,Nar Narayan Infrastructure Pvt Ltd,Marsh Planning & Engineering Services Pvt Ltd,&j<us W•th vrùb Ítullt &j<us Jtuzobtkk nuc<vwh huÕJu ¢tumekd &e meBm c{es mw^eltu huÕJu vuhujj htuz cuÍ Jfo fhe hemhVum fhJtlw ftb. 1238.0 9.00 14.02.2028 lh lthtgK RL£tMx[¾ah v{t.je. btNo Ãjtlekd yuLz yuLS. mJeomem «t.je. <Lbg ve. vkzgt lr
2024-25,113,North-West,atkœjtuzegt,02 CHANDLODIA,300.0,19.02,19.02.2028,Ashish Infracon Pvt Ltd,,atkœjtuzegt W.v.Ítulltk atkkœjtuzegt Jtuzobt mnòlkkœ ntbtuole&e dKuN dtuÕz htuz buRl htuz mw^eltu htuz JtRzulekd fhe hemhVum fhJtlt ftb 300.0 7.00 19.02.2028 ytr»tN RL£tftul «t.je. fe Mxtul dti<bCtR «òvr< lJelCtR vkatj «KJCtR vkze< dtuvtjCt
2024-25,114,North-West,atkœjtuzegt,02 CHANDLODIA,165.0,19.02,19.02.2028,Ashish Infracon Pvt Ltd,,atkœjtuzegt W.v.Ítulltk atkkœjtuzegt Jtuzobt ctmej Mftg jtRl &e <wjme ntRxm mw^eltu cuÍJfo fhe hemhVum fhJtlt ftb 165.0 7.00 19.02.2028 ytr»tN RL£tftul «t.je. fe Mxtul dti<bCtR «òvr< lJelCtR vkatj «KJCtR vkze< dtuvtjCtR vxuj
2024-25,115,North-West,&j<us,08 THALTEJ,875.0,19.02,19.02.2028,Nar Narayan Infrastructure Pvt Ltd,Marsh Planning & Engineering Services Pvt Ltd,&j<us W•th v.Ítullt &j<us Jtuzbt S.R.ce.yturVm &e nhe ytub humezuLme mw^eltu htuz hedu{z fhe hemhVum fhJtlw ftb. 875.0 7.00 19.02.2028 lh lthtgK RL£tMx[¾ah v{t.je. btNo Ãjtlekd yuLz yuLS. mJeomem «t.je. <Lbg ve. vkzgt lrJlCtR vkatj brl»ttcu
2024-25,116,North-West,&j<us,08 THALTEJ,550.0,14.0,09.03.2028,N.C.C. Infra Pvt Ltd,,&j<us W•th vrùb Ítullt &j<us Jtuzobt <ts MftgjtRl ntuxuj&e vtheò< ytJtm mw^eltu htuz JtRzulekd fhe hemhVum fhJtlt ftb 550.0 14.00 09.03.2028 yul.me.me. RL£tMvum «t.je fe Mxtul <Lbg ve. vkzgt lrJlCtR vkatj brl»ttcul Ntn «KJCtR vkrz<
2024-25,117,North-West,atkœjturzgt,02 CHANDLODIA,520.0,30.0,,,,"atkœjturzgt yum veythyth &e mtdt ntRxm 520.0 30.00 10/19/2029 yth.fu.me. RLV[trcÕx «t. je. btNo yuLSleghekd yuLz «t.je. rahtd ltgf ybe< yu. vxujdtuvtjCtR vxuj, btijefCtR Ôgtm©e «KgCtR Ntn"
2024-25,118,North-West,atkœjturzgt,02 CHANDLODIA,1600.0,30.0,,,,"atkœjturzgt ytub vtxeo Ãjtux&e mðgbuJ -3 &E yum.ve.hekd htuz mw^e 1600.0 30.00 10/25/2029 yth.fu.me. RLV[trcÕx «t. je. btNo yuLSleghekd yuLz «t.je. ytNe»tCtR CtJmth/ rahtd ltgf ybe< yu. vxujdtuvtjCtR vxuj, btijefCtR Ôgtm©e «KgCtR Ntn"
2024-25,119,North-West,&j<us,08 THALTEJ,750.0,30.0,,,,"&j<us ytgobl ckøjtu &e nuc<vwh dtb 750.0 30.00 11/22/2029 yth.fu.me. RLV[trcÕx «t. je. btNo yuLSleghekd yuLz «t.je. ytNe»tCtR CtJmth/ rahtd ltgf ybe< yu. vxujdtuvtjCtR vxuj, btijefCtR Ôgtm©e «KgCtR Ntn"
2024-25,120,North-West,atkœjturzgt,02 CHANDLODIA,900.0,30.0,,,,"atkœjturzgt ºttdz Jtuxh vkved MxuNl&e mtrlæg Vjux ath hM<t mw^e 900.0 30.00 11/12/2029 yth.fu.me. RLV[trcÕx «t. je. btNo yuLSleghekd yuLz «t.je. ytNe»tCtR CtJmth/ rahtd ltgf ybe< yul. vxujdtuvtjCtR vxuj, btijefCtR Ôgtm©e «KgCtR Ntn"
2024-25,121,North-West,atkœjturzgt,02 CHANDLODIA,1200.0,24.0,,,,"atkœjturzgt mtrlæg Vjux ath hM<t &e ytb{fwks ckøjtuÍ, yum.ve.hekd htuz mw^e 1200.0 24.00 11/8/2029 yth.fu.me. RLV[trcÕx «t. je. btNo yuLSleghekd yuLz «t.je. rahtd ltgf ybe< yul. vxujdtuvtjCtR vxuj, btijefCtR Ôgtm©e «KgCtR Ntn"
2024-25,122,North-West,atkœjturzgt,02 CHANDLODIA,307.0,600.0,,,,"atkœjturzgt 307 humezuLme &e œuJ humezuLme ºttdz 600.0 24.00 11/20/2029 yth.fu.me. RLV[trcÕx «t. je. btNo yuLSleghekd yuLz «t.je. rahtd ltgf ybe< yul. vxujdtuvtjCtR vxuj, btijefCtR Ôgtm©e «KgCtR Ntn jkctR vntu¤tR yt.R yt.me.R zu.mexe Rsluh "
2024-25,123,North-West,&j<us/ctuzf,08 THALTEJ,2000.0,30.0,,,,&j<us/ctuzf œuJ mtj ntuMvexj ¢tum htuz &e nuÕbux ¢tum htuz 2000.0 30.00 9/12/2029 yth.fu.me. RLV[trcÕx «t. je. btNo yuLSleghekd yuLz «t.je. rahtd ltgf ybe< yul. vxuj btijefCtR Ôgtm ©e «KgCtR Ntn
2024-25,124,North-West,dtu<t,01 GOTA,1550.0,30.0,,,,"dtu<t lejdehe Vjux &e mtdh mkde< 3 &e me^e rJjt htuz 1550.0 30.00 12/13/2029 yth.fu.me. RLV[trcÕx «t. je. btNo yuLSleghekd yuLz «t.je. rahtd ltgf ybe< yul. vxujdtuvtjCtR vxuj, btijefCtR Ôgtm©e «KgCtR Ntn"
2024-25,125,North-West,dtu<t,01 GOTA,700.0,30.0,,,,"dtu<t fthdej sk¾Nl &e mtdh mkde< mtujt dtb 700.0 30.00 12/29/2029 yth.fu.me. RLV[trcÕx «t. je. btNo yuLSleghekd yuLz «t.je. ytNe»tCtR CtJmth/ rahtd ltgf ybe< yul. vxujdtuvtjCtR vxuj, btijefCtR Ôgtm©e «KgCtR Ntn"
2024-25,126,North-West,dtu<t,01 GOTA,600.0,30.0,,,,dtu<t meÕJh ytuf ftujus ¢tum htuz &e mnòlkœ yuMxux htuz 600.0 30.00 1/17/2030 yth.fu.me. RLV[trcÕx «t. je. btNo yuLSleghekd yuLz «t.je. rahtd ltgf ybe< yul. vxuj btijefCtR Ôgtm ©e «KgCtR Ntn
2024-25,127,North-West,ctuzfœuJ,19 BODAKDEV,3080.0,30.0,,,,"ctuzfœuJ htsv& ¾jc &e yumveythyth 3080.0 30.00 2/6/2030 yth.fu.me. RLV[trcÕx «t. je. btNo yuLSleghekd yuLz «t.je. ytNe»tCtR CtJmth/ rahtd ltgf ybe< yul. vxujdtuvtjCtR vxuj, btijefCtR Ôgtm©e «KgCtR Ntn"
2024-25,128,North-West,dtu<t,01 GOTA,221.0,220.0,03-06-27,R.K.C. Infrabuild Pvt Ltd,Marsh Planning & Engineering Services Pvt Ltd,dtu<t xe.ve. 221 yum.ve.hekd htuz &e ytuzt htuzlu òuz<tu htuz 220.0 30.00 2/10/2030 rbjl htuz ceÕzxuf yujyujve sguN yu œjtj rahtd ltgf ybe< yul. vxuj btijefCtR Ôgtm ©e «KgCtR Ntn 129 œrûtK vrùb Ítul mhFus mhFus Jtuzobtk mðgœev ntRxm &e mtrl
2024-25,157,East,htbtuj,48 RAMOL HATHIJAN,107.0,315.0,10-04-27,Maruti Construction,Marsh Planning & Engineering Services Pvt Ltd,htbtuj nt&esK vwJoÍtul htbtuj nt&esK Jtuzobtk ytJuj xe.ve. 107 Ft<u ytJuj Lgw bKeldhltu ©elkœmexe-6 Ft<ultu xe.ve.htuz JtRzlekd mt&u hed{uz fhe hemhVum fhJtlt ftb 315.0 9.00 10-04-27 btY<e fLmx[¾Nl btNo Ãjtlekd yuLz yLSleghekd mrJomem Ch<Ct
2024-25,158,East,dtub<evwh,38 GOMTIPUR,81.0,300.0,04-06-27,Maruti Construction,Marsh Planning & Engineering Services Pvt Ltd,dtub<evwh dtub<evwh Jtuzobtk htsvwh rJM<thbtk dwsht< ctuxjekd ath hM<t&e mwkœhbldh çjtuf lk 81 mw^elt xe.ve.htuzlu cuÍ juJj&e vtftu fhe hed{uz fhe hemhVum fhJtlwk ftb 300.0 14.40 04-06-27 btY<e fLmx[¾Nl btNo Ãjtlekd yuLz yuLSleghekd mrJom «
2024-25,159,East,ytuZJ,40 ODHAV,310.0,16.0,16-04-27,Maruti Construction,,ytuZJ ytuZJ Jtuzobtk hcthe Jmtn< rJM<thbtk ytJuj studKe bt<t bkrœh &e ht^u~gtb lur¤gwk mw^elt hM<tlu hed{uz fhe hemhVum fhJtlwk ftb (^tht mÇg©e lw csux) 310.0 6.50 16-04-27 btY<e fLmx[¾Nl ytub yuLSleghekd biºtugCtR Jt^ujt biºtugCtR Jt^ujt b
2024-25,160,East,CtRvwht,43 BHAIPURA HATKESHWAR,175.0,30.0,30-04-27,Maruti Construction,,CtRvwht ^{wJ Mfwjle mtbu ytJuj ^ehs ntWmekd vtKe xtkfe lu stuz<tu ònuh hM<tu 175.0 7.00 30-04-27 btY<e fLmx[¾Nl btNo fLMjxLxme sdœeNCtR vxuj bnuNCtR htsvq< bnuNCtR htsvq< htsuNCtR htXJt
2024-25,161,East,htbtuj,48 RAMOL HATHIJAN,695.0,2.0,02-05-27,Maruti Construction,Marsh Planning & Engineering Services Pvt Ltd,htbtuj nt&esK vqJoÍtullt htbtuj nt&esK Jtuzobtk ytJuj sNtuœtldh rJM<thbtk ELîvwhe xtWlNev Ft<u lejfkX humezuLme &e ctvt me<thtb atuf mw^eltu htuz hed{uz fhe hemhVum fhJtlt ftb 695.0 9.00 02-05-27 btY<e fLmx[¾Nl btNo Ãjtlekd yuLz yuLSleghekd
2024-25,162,East,JMºttj,41 VASTRAL,290.0,3.0,03-05-27,Maruti Construction,Marsh Planning & Engineering Services Pvt Ltd,JMºttj vqJoÍtullt JMºttj Jtuzobtk ytJuj bll zwÃjuût xe.ve. hM<tlu cuÍJfo&e hed{uz fhe hemhVum fhJtlt ftb <&t htuzle cklu mtEz Jtuj xw Jtuj Vwxvt& fhJtlt ftb 290.0 9.00 03-05-27 btY<e fLmx[¾Nl btNo Ãjtlekd yuLz yuLSleghekd mrJom «t.je. mksgC
2024-25,163,East,JMºttj,41 VASTRAL,530.0,11.0,11-06-27,Vimal Construction,,JMºttj vqJoÍtullt JMºttj Jtuzobtk ytJuj MJtbelthtgK vtfo &e Wrbgt zwÃjuût ath hM<t mw^elt xe.ve. hM<tlu cuÍJfo&e hed{uz fhe hemhVum fhJtlt ftb <&t htuzle cklu mtEz Jtuj xw Jtuj Vwxvt& fhJtlt ftb 530.0 9.00 11-06-27 rJbj fLmx[¾Nl ytub yuLSle
2024-25,164,East,rJhtxldh,,1180.0,12.0,22-06-27,Maruti Construction,Marsh Planning & Engineering Services Pvt Ltd,rJhtxldh rJhtxldh Jtuzobtk ytJuj Mfuxekd hekd&e mœdwY dtzol&e NeJ vtfo mtumgxe &E bwr¾<^tb vtujem atufe mw^eltu htuz JtEzlekd fhe hemhVum fhJt 1180.0 12 (9) 22-06-27 btY<e fLmx[¾Nl btNo Ãjtlekd yuLz yuLSleghekd mrJom «t.je. mksgCtR vxuj yrb
2024-25,165,East,CtRvwht,43 BHAIPURA HATKESHWAR,450.0,23.0,23-10-27,Maruti Construction,,"CtRvwht dtuhlt fwJt&e ce.yth.xe.yum. mrJom htuz mw^e stuz<tu xe.ve. htuz cuÍ Jfo fhe htuz hemhVum fhJtlt ftb 450.0 9.00 23-10-27 btY<e fLmx[¾Nl btNo fLMjxLxme sdœeNCtR vxuj(cuÍJfo), «e<wjCtR Ntn bnuNCtR htsvq< bnuNCtR htsvq< htsuNCtR htXJt"
2024-25,166,East,CtRvwht,43 BHAIPURA HATKESHWAR,230.0,23.0,23-10-27,Maruti Construction,,"CtRvwht ^{wJ Mfwj &e «d<e vtfo rJCtd - 2 bltunhfwks mtumgxelu stuz<tu xe.ve. htuz (^tht mÇg©e lw csux) 230.0 7.50 23-10-27 btY<e fLmx[¾Nl btNo fLMjxLxme sdœeNCtR vxuj(cuÍJfo), «e<wjCtR Ntn bnuNCtR htsvq< bnuNCtR htsvq< htsuNCtR htXJt"
2024-25,167,East,rlftuj,24 NIKOL,380.0,7.0,07-10-27,Nar Narayan Infrastructure Pvt Ltd,,rlftuj hts ELzMx[egj &e muÕm ELzMx[egj xe.ve. htuz 380.0 9.00 07-10-27 lhlthtgK EL£t ytub yuLSleghekd mksgCtR vxuj yrb<CtR ckmj Wðf»toCtR CtCtuh htsuNCtR htXJt jkctR vntu¤tR yt.R yt.me.R zu.mexe Rsluh yuze.mexe RsluhftuLx[tfhlwk ltb ve.yub.
2024-25,168,East,rlftuj,24 NIKOL,610.0,19.0,19-10-27,Maruti Construction,Marsh Planning & Engineering Services Pvt Ltd,rlftuj MJÃlmwÐe &e mt&of dtzol htuz 610.0 9.00 19-10-27 btY<e fLmx[¾Nl btNo Ãjtlekd yuLz yuLSleghekd mrJom «t.je. mksgCtR vxuj yrb<CtR ckmj Wðf»toCtR CtCtuh htsuNCtR htXJt
2024-25,169,East,htbtuj,48 RAMOL HATHIJAN,270.0,10.0,10-11-27,Maruti Construction,Marsh Planning & Engineering Services Pvt Ltd,htbtuj nt&esK vt&o ckøjtuÍ &e ~gtb ftuloh mw^eltu htuz (ytWxh d{tu&) 270.0 9.00 10-11-27 btY<e fLmx[¾Nl btNo Ãjtlekd yuLz yuLSleghekd mrJom «t.je. mksgCtR vxuj yrb<CtR ckmj Wðf»toCtR CtCtuh htsuNCtR htXJt
2024-25,170,East,JMºttj,41 VASTRAL,413.0,11.0,11-11-27,Vimal Construction,,JMºttj ©e^h ntExm ath hM<t &e yvoK Mfwj mw^eltu htuz 413.0 9.00 11-11-27 rJbj fLmx[¾Nl ytub yuLSleghekd mksgCtR vxuj yrb<CtR ckmj Wðf»toCtR CtCtuh htsuNCtR htXJt
2024-25,171,East,rlftuj,24 NIKOL,520.0,13.0,13-11-27,Maruti Construction,,rlftuj (1) «<e»Xt ckøjtuÍ &e fuBm ftuloh htuz (2) dKuN yuBvtgh &e ctjbwfwLœ d{eLm htuz (ytWxh d{tu&) 520.0 9.00 13-11-27 btY<e fLmx[¾Nl ytub yuLSleghekd mksgCtR vxuj yrb<CtR ckmj Wðf»toCtR CtCtuh htsuNCtR htXJt
2024-25,172,East,rJhtxldh,,165.0,7.0,07-02-28,Vimal Construction,,rJhtxldh X¬hldh ath hM<t&e jejtldh vtKele xtkfe mw^eltu htuz (mrJom htuz) 165.0 7.00 07-02-28 rJbj fLmx[¾Nl ytub yuLSleghekd mksgCtR vxuj yrb<CtR ckmj Wðf»toCtR CtCtuh htsuNCtR htXJt
2024-25,173,East,rlftuj,24 NIKOL,590.0,14.0,18-11-27,Nar Narayan Infrastructure Pvt Ltd,,rlftuj fXJtzt vtujem atufe &e btÍ «tuz¾x xe.ve. htuz 590.0 14.00 18-11-27 lhlthtgK EL£t ytub yuLSleghekd mksgCtR vxuj yrb<CtR ckmj Wðf»toCtR CtCtuh htsuNCtR htXJt
2024-25,174,East,htbtuj,48 RAMOL HATHIJAN,775.0,12.0,06-12-27,Nar Narayan Infrastructure Pvt Ltd,Marsh Planning & Engineering Services Pvt Ltd,htbtuj nt&esK vqJoÍtullt htbtuj nt&esK Jtuzobtk cawCtR fwJt rJM<thbtk ytJuj Juxefl vtujem MxuNl &e lJSJl ath hM<t mw^eltu htuz 775.0 12.00 06-12-27 lhlthtgK EL£t btNo Ãjtlekd yuLz yuLSleghekd mrJom «t.je. mksgCtR vxuj yrb<CtR ckmj Wðf»toCtR
2024-25,175,East,JMºttj,41 VASTRAL,690.0,5.0,05-12-27,Maruti Construction,,JMºttj zwl Mfwj &e fe{N ntuBm &e yum.ve. hekd htuz (ytWxh d{tu&) 690.0 7.00 05-12-27 btY<e fLmx[¾Nl ytub yuLSleghekd mksgCtR vxuj yrb<CtR ckmj Wðf»toCtR CtCtuh htsuNCtR htXJt
2024-25,176,East,JMºttj,41 VASTRAL,1068.0,24.0,24-12-27,Maruti Construction,Marsh Planning & Engineering Services Pvt Ltd,JMºttj ht^u auBch &e ftumbtum rJjt htuz 1068.0 7.00 24-12-27 btY<e fLmx[¾Nl btNo Ãjtlekd yuLz yuLSleghekd mrJom «t.je. mksgCtR vxuj yrb<CtR ckmj Wðf»toCtR CtCtuh htsuNCtR htXJt
2024-25,177,East,JMºttj,41 VASTRAL,470.0,11.0,11-01-28,Vimal Construction,,JMºttj dtuve zuhe &e nhS vtfo mw^eltu htuz 470.0 7.00 11-01-28 rJbj fLmx[¾Nl ytub yuLSleghekd mksgCtR vxuj yrb<CtR ckmj Wðf»toCtR CtCtuh htsuNCtR htXJt
2024-25,178,East,htbtuj,48 RAMOL HATHIJAN,220.0,26.0,26-12-27,Nar Narayan Infrastructure Pvt Ltd,Marsh Planning & Engineering Services Pvt Ltd,htbtuj nt&esK ctju¹Jh ckøjtuÍ &e yum.ve. hekd htuz mw^eltu htuz (ytWxh d{tu&) 220.0 7.00 26-12-27 lhlthtgK EL£t btNo Ãjtlekd yuLz yuLSleghekd mrJom «t.je. mksgCtR vxuj yrb<CtR ckmj Wðf»toCtR CtCtuh htsuNCtR htXJt
2024-25,179,East,htbtuj,48 RAMOL HATHIJAN,710.0,26.0,26-12-27,Nar Narayan Infrastructure Pvt Ltd,Marsh Planning & Engineering Services Pvt Ltd,htbtuj nt&esK ht^u~gtb ntWNekd &e œuJf]vt rzJtEl <hV ltu htuz (ytWxh d{tu&) 710.0 7.00 26-12-27 lhlthtgK EL£t btNo Ãjtlekd yuLz yuLSleghekd mrJom «t.je. mksgCtR vxuj yrb<CtR ckmj Wðf»toCtR CtCtuh htsuNCtR htXJt
2024-25,180,East,ytuZJ,40 ODHAV,640.0,27.0,27-12-27,Maruti Construction,,ytuZJ bntjûbe cufhe &e mwvh ntEMfwj &E ykrcftldh Mfwj mw^eltu htuz (ytWxh d{tu&) 640.0 9.00 27-12-27 btY<e fLmx[¾Nl ytub yuLSleghekd mksgCtR vxuj yrb<CtR ckmj Wðf»toCtR CtCtuh htsuNCtR htXJt
2024-25,181,East,ytuZJ,40 ODHAV,630.0,27.0,27-12-27,Maruti Construction,,ytuZJ ykrcftldh vtKele xtkfe &e nlwbtl bkrœh&e cujt vtfo mw^elt xe.ve. htuz (ytWxh d{tu&) 630.0 9.00 27-12-27 btY<e fLmx[¾Nl ytub yuLSleghekd mksgCtR vxuj yrb<CtR ckmj Wðf»toCtR CtCtuh htsuNCtR htXJt
2024-25,182,East,dtub<evqh,,310.0,12.0,01-01-28,Vimal Construction,,dtub<evqh xtuve bej &e htsvwh vtuMx yturVm mw^eltu htuz 310.0 12.00 01-01-28 rJbj fLmx[¾Nl ytub yuLSleghekd mksgCtR vxuj yrb<CtR ckmj Wðf»toCtR CtCtuh htsuNCtR htXJt jkctR vntu¤tR yt.R yt.me.R zu.mexe Rsluh yuze.mexe RsluhftuLx[tfhlwk ltb v
2024-25,183,East,JMºttj,41 VASTRAL,110.0,31.0,31-12-27,Maruti Construction,Marsh Planning & Engineering Services Pvt Ltd,JMºttj vqJoÍtul JMºttj Jtuzobtk ytJuj zwl Mfwj htuz &e yth.xe.ytu. buEl htuzlu stuz<tu xe.ve. htuz lu hemhVum fhJtlw ftb 110.0 7.00 31-12-27 btY<e fLmx[¾Nl btNo Ãjtlekd yuLz yuLSleghekd mrJom «t.je. ytNe»tCtR vxuj fu<lCtR rbMºte sgCtR Wvtæg
2024-25,184,East,JMºttj,41 VASTRAL,870.0,12.0,12-02-28,Vimal Construction,,JMºttj (1) dtuvelt Zt¤ &e Wbegtldh mw^eltu htuz (2)œuJef]vt &e me<thtb mexe mw^eltu htuz 870.0 7(9) 12-02-28 rJbj fLmx[¾Nl ytub yuLSleghekd mksgCtR vxuj yrb<CtR ckmj Wðf»toCtR CtCtuh htsuNCtR htXJt
2024-25,185,East,htbtuj,48 RAMOL HATHIJAN,595.0,18.0,18-01-28,Nar Narayan Infrastructure Pvt Ltd,Marsh Planning & Engineering Services Pvt Ltd,htbtuj nt&esK Ntjel ntExm - 5 htuz (ytWxh d{tu&) 595.0 7.00 18-01-28 lhlthtgK EL£t btNo Ãjtlekd yuLz yuLSleghekd mrJom «t.je. mksgCtR vxuj yrb<CtR ckmj Wðf»toCtR CtCtuh htsuNCtR htXJt
2024-25,186,East,htbtuj,48 RAMOL HATHIJAN,220.0,5.0,05-02-28,Nar Narayan Infrastructure Pvt Ltd,Marsh Planning & Engineering Services Pvt Ltd,htbtuj nt&esK htbtuj vrçjf Mfwj &e ce.ce. bhegb htuz (ytWxh d{tu&) 220.0 7.00 05-02-28 lhlthtgK EL£t btNo Ãjtlekd yuLz yuLSleghekd mrJom «t.je. mksgCtR vxuj yrb<CtR ckmj Wðf»toCtR CtCtuh htsuNCtR htXJt
2024-25,187,East,rlftuj,24 NIKOL,195.0,5.0,05-01-28,Vimal Construction,,rlftuj r¢»t y<wÕg &e jejt ntEx mw^eltu htuz 195.0 7.00 05-01-28 rJbj fLmx[¾Nl ytub yuLSleghekd mksgCtR vxuj yrb<CtR ckmj Wðf»toCtR CtCtuh htsuNCtR htXJt
2024-25,188,East,htbtuj,48 RAMOL HATHIJAN,1200.0,1.0,01-03-28,Maruti Construction,,htbtuj nt&esK Fthefx fultj &e htbtuj dtb mw^eltu htuz (yu¾m«um ntRJu vuhujj htuz) 1200.0 9.00 01-03-28 btY<e fLmx[¾Nl ytub yuLSleghekd mksgCtR vxuj yrb<CtR ckmj Wðf»toCtR CtCtuh htsuNCtR htXJt
2024-25,189,East,htbtuj,48 RAMOL HATHIJAN,323.0,19.0,19-02-28,Nar Narayan Infrastructure Pvt Ltd,,htbtuj nt&esK suXt ChJtz &e ve.yuV. Mfwj &E Fturzgth zuhe mw^eltu htuz 323.0 5.00 19-02-28 lhlthtgK EL£t ytub yuLSleghekd yrµlCtR ztbtuh yrb<CtR ckmj Wðf»toCtR CtCtuh htsuNCtR htXJt
2024-25,190,East,htbtuj,48 RAMOL HATHIJAN,285.0,8.0,08-03-28,Nar Narayan Infrastructure Pvt Ltd,,htbtuj nt&esK mhœth mtuzt Ntuv htuz 285.0 7.00 08-03-28 lhlthtgK EL£t ytub yuLSleghekd yrµlCtR ztbtuh yrb<CtR ckmj Wðf»toCtR CtCtuh htsuNCtR htXJt
2024-25,191,East,CtRvwht,43 BHAIPURA HATKESHWAR,3250.0,10.0,24-02-28,Maruti Construction,,CtRvwht rJhtxldh ath hM<t&e me.xe.yub. rc{s mw^e(yth.yua.yum. mrJom htuz) 3250.0 10.00 24-02-28 btY<e fLmx[¾Nl ytub yuLSleghekd mksgCtR vxuj yrb<CtR ckmj Wðf»toCtR CtCtuh htsuNCtR htXJt
2024-25,192,East,dtub<evwh,38 GOMTIPUR,2420.0,24.0,,,,dtub<evwh hrFgtj ath hM<t&e ylwvb rmlubt &R FtuFht c{es mw^eltu htuz 2420.0 24 &e30 4/8/2029 yth.fu.me. RL£trcÕx «t. je. btmo Ãjtlekd yuLz yuLSghekd ©e dithtkdCtR vxuj ©e WbkdCtR vxuj ©e dtuvtjCtR vxuj ©e «KgCtR Ntn
2024-25,193,East,dtub<evwh,38 GOMTIPUR,4240.0,35.0,,,,"dtub<evwh, CtRvwht, ybhtRJtze dwsht< ctuxjekd &e ltdhJujlt nlwbtl &e MJrM<f &R ntxfuµh c{es &e dwÁS c{es mw^e 4240.0 35.00 2/1/2030 yth.fu.me. RL£trcÕx «t. je. btmo Ãjtlekd yuLz yuLSghekd ©e dithtkdCtR vxuj ©e ytrN»tCtR CtJmth ©e bitrjfCtR "
2024-25,194,East,rJhtxldh,,990.0,24.0,,Keystone Infrastructure Pvt Ltd,,"rJhtxldh ybhlt&mfoj&e bkdjvtkzu ntuj&e SJlJtze mw^e 990.0 24.00 3/25/2028 JÁK «tuftul «t. je. feMxtul RL£tMx[fah©e frJ<tcul bun<t ©e ytrN»tCtR CtJmth ©e bitrjfCtR Ôgtm , ©e dtuvtjCtR vxuj ©e «KgCtR Ntn"
2024-25,195,South,ખોખરા,44 KHOKHRA,73.0,15.0,22-04-27,,,"ખોખરા દëણ ઝોનના ખોખરા વોડ½માં એƨટ°ટ ખાતા Ďારા ટ.પીƨકમ નં.પર (નોથ½ થોડાસર) ના Ⱥૂળખંડ નં.73/1, 73/2 માંથી પસાર થતા 15 મીટર પહોળાઈના ટ.પી. રƨતામાં આવતા બાંધકામ ટ.પી.ƨકમ અમલી કરણ કર, ȳુર કર ȣુƣલો કર આપેલ એવલોન કોટ½ યાડ½ થી ક°ડલાલેબ સસ"
2024-25,196,South,ખોખરા,44 KHOKHRA,890.0,26.0,26-10-27,R.K.C. Infrabuild Pvt Ltd,,ખોખરા દëણ ઝોનના ખોખરાવોડ½ માં આવેલ આવકાર હોલ થી ઘોડાસર ચાર રƨતા Ʌુધીનો ઉભો ખારકટ ક°નાલ વાળો સિવસ રોડ ર સરફ°સ કરવાના કામ બાબત. 890.0 7.50 26-10-27 આર.ક°.સી. ઇƛ̇ા બƣટ.̆ા.લી. માશ½ Ɯલાનӄગ એƛડ એƛĥનીરӄગ સિવસ ̆ા.લી. મહ°ƛ̃ ડ.ȢુરȢુટયા Ӕકત ચ
2024-25,197,South,ખોખરા,44 KHOKHRA,240.0,10.55,01-02-28,Keystone Infrastructure Pvt Ltd,,ખોખરા દëણ ઝોનના ખોખરા વોડ½માં બેȸુ ટ ƨટોલ થી ƛȻુ લાલભાઈ સેƛટર Ʌુધીનો રોડ ર˴ેડ કર રસરફ°સ કરવાના કામ બાબત. 240.0 10.55 01-02-28 વĮણ ̆ોકોન ̆ા.લી. ક ƨટોન ઈƛ̇ાƨ˼ƈચર મહ°ƛ̃ ડ.ȢુરȢુટયા Ӕકત ચૌધર ̆ િવણ હડયલ હમાંɃુ મહ°તા
2024-25,198,South,ખોખરા,44 KHOKHRA,1140.0,10.7,17-04-27,,,ખોખરા દëણ ઝોનના ખોખરા વોડ½માં લǛમી નારાયણ સોસાયટ થી ખો˳રા સક½લ Ʌુધીનો ટ.પી.રોડ ર˴ેડ કર રસરફ°સ કરવાના કામ બાબત. 1140.0 10.70 17-04-27 રોલર સેƛટર માશ½ Ɯલાનӄગ એƛડ એƛĥનીરӄગ સિવસ ̆ા.લી. મહ°ƛ̃ ડ.ȢુરȢુટયા Ӕકત ચૌધર ઠાકોર વસવા ̆ેમલ શેઠ
2024-25,199,South,ખોખરા,44 KHOKHRA,200.0,1.0,01-02-28,Keystone Infrastructure Pvt Ltd,,ખોખરા દëણ ઝોનના ખોખરાવોડ½માં ધારાસƟય̒ીના ફાળવેલ ƨપેƦયલ બȐટ પૈક (1) બંધન સોસાયટ ટ.પી રોડ 9.0 મીટર પહોળાઈનો હયાત રોડ મીલӄગ કર રસરફ°સ કરવાના કામ બાબત. 200.0 6.50 01-02-28 વĮણ ̆ોકોન ̆ા.લી. ક ƨટોન ઈƛ̇ાƨ˼ƈચર મહ°ƛ̃ ડ.ȢુરȢુટયા Ӕકત ચૌધર ̆
2024-25,200,South,ઇƛ̃ȶુર,,346.0,8.0,08-10-27,Vimal Construction,,ઇƛ̃ȶુર દëણ ઝોન ઇƛ̃ȶુરવોડ½માં આવેલ અȸુ½દાનગર ˼°નેજ પંપીગ ƨટ°શન થી જોગેĖર બાગ સોસાયટ Ʌુધીનો ટ.પી. રોડ રસરફ°સ કરવાના કામ બાબત. 346.0 6.88 08-10-27 િવમલ કƛƨ˼કશન માશ½ Ɯલાનӄગ એƛડ એƛĥનીરӄગ સિવસ ̆ા.લી. મહ°ƛ̃ ડ.ȢુરȢુટયા દપેશ કબોડ ઠાકોર વ
2024-25,201,South,ઇƛ̃ȶુર,,385.0,20.0,20-10-27,Vimal Construction,,ઇƛ̃ȶુર દëણ ઝોન ઇƛ̃ȶુરવોડ½માં આવેલ કµલાસȢુંજ સોસાયટ થી ̆કાશ ટ°નામેƛટ થઈ ગાંધી લે̆ેસી સેવા સંઘ Ʌુધી રોડ રસરફ°સ કરવાના કામ 385.0 6.00 20-10-27 િવમલ કƛƨ˼કશન માશ½ Ɯલાનӄગ એƛડ એƛĥનીરӄગ સિવસ ̆ા.લી. મહ°ƛ̃ ડ.ȢુરȢુટયા દપેશ કબોડ ઠાકોર વસવા ̆ે
2024-25,202,South,ઈસનȶુર,,370.0,10.0,01-03-28,R.K.C. Infrabuild Pvt Ltd,,ઈસનȶુર દëણ ઝોનના ઇસનȶુર વોડ½માં આવેલ ઇસનȶુર સબઝોનલ ઓફસ થી ઇસનȶુર ̈જ કોન½ર Ʌુધીનો રોડ પેડ°ƨ˼યન ફ°ƛડલી ડઝાઈન કર રસરફ°સ કરવાના કામ બાબત. 370.0 10.00 01-03-28 આર.ક°.સી. ઇƛ̇ા બƣટ.̆ા.લી. માશ½ Ɯલાનӄગ એƛડ એƛĥનીરӄગ સિવસ ̆ા.લી. મહ°ƛ̃ ડ.ȢુરȢ
2024-25,203,South,ઈસનȶુર,,1050.0,25.0,25-11-28,R.K.C. Infrabuild Pvt Ltd,,ઈસનȶુર દëણ ઝોનના ઈસનȶુર વોડ½માં ઘોડાસર ચાર રƨતા થી આવકાર હોલ Ʌુધીનો ઉબો ખારક°ટ ક°નાલ વાળો સિવસ રોડ રસરફ°સ કરવાના કામ બાબત. 1050.0 7.50 25-11-28 આર.ક°.સી. ઇƛ̇ા બƣટ.̆ા.લી. માશ½ Ɯલાનӄગ એƛડ એƛĥનીરӄગ સિવસ ̆ા.લી. મહ°ƛ̃ ડ.ȢુરȢુટયા Ӕકત ચૌધ
2024-25,204,South,JxJt,47 VATVA,300.0,4.0,04-05-27,Vimal Construction,,JxJt JxJt Jtuzobtk œuJebt<t vBvekd MxuNl &e mlhtRÍ ntub mw^eltu htuz 300.0 5.50 04-05-27 rJbj fLMx[¾Nl btmo Ãjtlekd & yuLSleghekd mrJomem «t.je. f]Ktj Ntn lrJlCtR vxuj yrljCtR «òvr< «ubjCtR NuX
2024-25,205,South,JxJt,47 VATVA,6.0,695.0,10-03-27,Vimal Construction,,JxJt œrûtK Ítul JxJt Jtuzobtk lJt mbtrJÐ fhJtbtk ytJuj jtkCt rJM<thbtk ytJuj MJtrblthtgK 7 &e fKtoJ<e-06 mww^eltu fultj vuhujj htuz cuÍJfo fhe hM<tu hemhVum fhJtlt ftb 695.0 6.50 10-03-27 rJbj fLMx[¾Nl btmo Ãjtlekd & yuLSleghekd mrJomem «t.
2024-25,206,South,JxJt,47 VATVA,15.0,44.0,01-05-27,Vimal Construction,,"JxJt œrûtK Ítul JxJt Jtuzobtk lJt mbtrJÐ fhJtbtk ytJuj jtkCt ymjtje mfoj vtmu ytJuj «^tlbkºte d]n ytJtm gtuslt yk<do< VuÍ-5 vufus-15 xe.ve.74 ymjtje yuV.ve.43,44 btk 253 R.zcÕgw.yum. ytJtmtu cltJJtle ftbbtk ctng RL£tMx[fah vife vtftu htuz c"
2024-25,207,South,JxJt,47 VATVA,2.0,480.0,17-06-27,Vimal Construction,,JxJt œrûtK Ítul JxJt Jtuzobtk lJt mbtrJÐ fhJtbtk ytJuj jtkCt rJM<thbtk <e&o-02 &e yxj rcnthe JtsvtR htuzlu stuz<tu htuz cltJJtlt ftb ctc< 480.0 10.00 17-06-27 rJbj fLMx[¾Nl btmo Ãjtlekd & yuLSleghekd mrJomem «t.je. f]Ktj Ntn lrJlCtR vxuj yr
2024-25,208,South,JxJt,47 VATVA,430.0,14.0,14-02-30,R.K.C. Infrabuild Pvt Ltd,,JxJt œrûtK Ítul JxJt Jtuzobtk J{s humezuLme&e ygÃvt bkœeh mw^eltu htuz cuÍJfo fhe hM<tu hemhVum fhJtlt ftb 430.0 7.04 14-02-30 yth.fu.me.RL£tceÕ z «t.je. btmo Ãjtlekd & yuLSleghekd mrJomem «t.je. Ch<CtR mzt< bunwjCtR FhtzeyrljCtR «òvr< rnbt
2024-25,209,South,JxJt,47 VATVA,996.0,26.0,26-02-28,Vimal Construction,,JxJt œrûtK Ítul JxJt Jtuzobtk Juxefl vtujem atufe&e yum.yuj.yub mw^eltu mw^eltu htuz cuÍJfo fhe hM<tu hemhVum fhJtlt ftb 996.0 9.93 26-02-28 rJbj fLMx[¾Nl yLJgt fLMx[¾Nl fLmÕxLme «t.je.Ch<CtR mzt< bunwjCtR FhtzeyrljCtR «òvr< rnbtkNwCtR bnu<
2024-25,210,South,JxJt,47 VATVA,582.0,13.0,13-02-28,Vimal Construction,,JxJt œrûtK Ítul JxJt Jtuzobtk ^lvtjuµh mtumtgxe&e JxJt huÕJu ¢tumekd mw^eltu htuz hed{uz fhe hemhVum fhJtlt ftb 582.0 7.18 13-02-28 rJbj fLMx[¾Nl yLJgt fLMx[¾Nl fLmÕxLme «t.je.Ch<CtR mzt< bunwjCtR FhtzeyrljCtR «òvr< rnbtkNwCtR bnu<t
2024-25,211,South,jtkCt,46 LAMBHA,741.5,25.0,25-02-28,Keystone Infrastructure Pvt Ltd,,jtkCt œrûtK Ítul jtkCt Jtuzobtk øgtmvwh dhlt¤t&e øgtmvwh dtbltk dux mw^eltu htuz hed{uz fhe hemhVum fhJtlt ftb 741.5 8.00 25-02-28 JYK «tuftul «t.je. feMxtul «t.je. Ch<CtR mzt< mkœevCtR htXtuz XtftuhCtR JmtJt rnbtkNwCtR bnu<t
2024-25,212,South,bKeldh,37 MANINAGAR,180.0,19.0,19-04-27,Vimal Construction,,bKeldh W•tbldh dtb <¤ltu xe.ve. htuz 180.0 4.20 19-04-27 rJbj fkLmx[¾Nl btmo Ãjtlekd yuLz yuLSleyhekd ©e œuJtkdCtR JtDujt ©e œûtuNCtR vxuj ©e œeltcul aintK ©e «ubj NuX 55.0 105.0
2024-25,214,South,bKeldh,37 MANINAGAR,167.0,13.0,13-11-27,Vimal Construction,,bKeldh bw¾<ebuœtl xe.ve. htuz 167.0 6.42 13-11-27 rJbj fkLmx[¾Nl btmo Ãjtlekd yuLz yuLSleyhekd ©e yrljCtR vxuj ©e œûtuNCtR vxuj ©e œeltcul aintK nebtNwkCtR bnu<t 195.0 125.0
2024-25,216,South,bKeldh,37 MANINAGAR,237.0,11.0,11-12-27,Vimal Construction,,bKeldh „dto Mfwjle dje 237.0 4.81 11-12-27 rJbj fkLmx[¾Nl btmo Ãjtlekd yuLz yuLSleyhekd ©e yrljCtR vxuj ©e œûtuNCtR vxuj ©e œeltcul aintK nebtNwkCtR bnu<t
2024-25,217,South,bKeldh,37 MANINAGAR,170.0,16.0,16-12-27,Vimal Construction,,bKeldh sdtCtR vtfo xe.ve. htuz 170.0 4.65 16-12-27 rJbj fkLmx[¾Nl btmo Ãjtlekd yuLz yuLSleyhekd ©e yrljCtR vxuj ©e œûtuNCtR vxuj ©e œeltcul aintK nebtNwkCtR bnu<t
2024-25,218,South,œtKejebzt,36 DANILIMDA,280.0,31.0,31-07-27,Vimal Construction,Marsh Planning & Engineering Services Pvt Ltd,œtKejebzt Ntnytjb œhJtò &e Ntnytjb œhdtn mw^e 280.0 6.00 31-07-27 rJbj fLMx[¾Nl btNo Ãjtlekd yuLz yuLSleghekd mksgCtR «òvr< Niju»tCtR vwòht mjbtlCtR NuF «ubjCtR NuX rJbj fkLmx[¾Nl btmo Ãjtlekd yuLz yuLSleyhekd ©e yrljCtR vxuj ©e œûtuNCtR vx
2024-25,219,South,œtKejebztbswhdtb&e,36 DANILIMDA,820.0,9.0,09-02-27,Vimal Construction,Marsh Planning & Engineering Services Pvt Ltd,œtKejebztbswhdtb&e rºtbw<eo bkœeh &R bgwh ntuxuj ath hM<t mw^e 820.0 6.10 09-02-27 rJbj fLMx[¾Nl btNo Ãjtlekd yuLz yuLSleghekd mksgCtR «òvr< Niju»tCtR vwòht mjbtlCtR NuF «ubjCtR NuX
2024-25,220,South,cnuhtbvwhtftNehtb,35 BAHERAMPURA,480.0,10.0,18-12-27,Vimal Construction,Marsh Planning & Engineering Services Pvt Ltd,cnuhtbvwhtftNehtb ºtK hM<t &e d{el cwxJt¤e antje &R ÏJtòldh <hVltk hM<t 480.0 10.00 18-12-27 rJbj fLMx[¾Nl btNo Ãjtlekd yuLz yuLSleghekd mtuyucCtR vxuj S<ulCtR mjtœ mjbtlCtR NuF nebtNwkCtR bnu<t
2024-25,221,South,cnuhtbvwhtlJe,35 BAHERAMPURA,400.0,20.0,20-11-27,Vimal Construction,Marsh Planning & Engineering Services Pvt Ltd,cnuhtbvwhtlJe Jmtn<btk yfNtldh &e Ntnytjb bMSœ mw^eltu htuz 400.0 8.00 20-11-27 rJbj fLMx[¾Nl btNo Ãjtlekd yuLz yuLSleghekd mtuyucCtR vxuj S<ulCtR mjtœ mjbtlCtR NuF nebtNwkCtR bnu<t
2024-25,222,South,cnuhtbvwhtrmfkœh,35 BAHERAMPURA,380.0,10.5,07-02-28,Vimal Construction,Marsh Planning & Engineering Services Pvt Ltd,cnuhtbvwhtrmfkœh btfuox ºtK hM<t &e vxuj buœtl ºtK hM<t mw^eltu htuz 380.0 10.50 07-02-28 rJbj fLMx[¾Nl btNo Ãjtlekd yuLz yuLSleghekd mtuyucCtR vxuj S<ulCtR mjtœ mjbtlCtR NuF nebtNwkCtR bnu<t
2024-25,223,South,cnuhtbvwht,35 BAHERAMPURA,37.0,300.0,24-01-30,,Marsh Planning & Engineering Services Pvt Ltd,"cnuhtbvwht œtKejebztJtuzobtk ytJuj ntjbtk yuMxux ÂJCtd <hV&e œctKtu œwh fhe FtujJtbtk ytJuj xe.ve-37, mu¾xh-2 btk Dw{Jldh-yu¾<tldh &e Ntnytjb htuÍt <hV mwDeltu 9 bexh vntu¤tRltu xe.ve htuz cuÍJfo fhe hemhVum fhJt 300.0 6.00 24-01-30 yth.fu."
2024-25,224,South,cnuhtbvwht,35 BAHERAMPURA,2000.0,10.0,10-07-29,,,cnuhtbvwht dwjtcldh mltbMSœ &e mtublt& bntœuJ 2000.0 7.50 10-07-29 yth.fu.me. RLV[t. btNo Ãjtrlkd yuLz yurLSleghekd ©e mr<»tCtR JtDujt ©e Niju»tCtR vwòht ©e mjbtlCtR NuF ©e «ubjCtR NuX
2024-25,225,South,cnuhtbvwht,35 BAHERAMPURA,1400.0,26.0,26-01-29,,,cnuhtbvwht htbuN lmohe &e ftNerJMJlt& bkrœh htuz 1400.0 7.00 26-01-29 yth.fu.me. RLV[t. btNo Ãjtrlkd yuLz yurLSleghekd ©e mr<»tCtR JtDujt ©e Niju»tCtR vwòht ©e mjbtlCtR NuF ©e «ubjCtR NuX
2024-25,226,South,Rmlvwh,45 ISANPUR,350.0,24.0,06.10.29,,,"Rmlvwh Mb]r<bkrœh ÔgtgtbNt¤t&e meæ^lt& mtumtgxe mw^eltu htuz 350.0 24.00 06.10.29 yth.fu.me RLV[trcÕx «t. je. btmo Ãjtlekd yuLz yuLS. mrJomem «t. je. atintK S<uLœ[ su. ©eb<e buDjcul ltgf, ©e ytrN»tCtR CtJmth ©e dtuvtjCtRvxuj, ©e btijefCtR Ô"
2024-25,227,South,jtkCt,46 LAMBHA,1650.0,30.0,05.01.30,,,"jtkCt lthtuj xrlokd&e mœtle ^tce mw^eltu htuz 1650.0 30.00 05.01.30 yth.fu.me RLV[trcÕx «t. je. btmo Ãjtlekd yuLz yuLS. mrJomem «t. je. ©e atintK S<uLœ[ su. ©eb<e buDjcul ltgf, ©e ytrN»tCtR CtJmth ©e dtuvtjCtR vxuj, ©e btijefCtR Ôgtm, ©e «K"
2024-25,228,South,œtKejebzt,36 DANILIMDA,370.0,24.0,26.05.29,,,œtKejebzt Ntnytjb œhJtò&e beht ath hM<t mw^eltu htuz 370.0 24.00 26.05.29 yth.fu.me RLV[trcÕx «t. je. btmo Ãjtlekd yuLz yuLS. mrJomem «t. je. ©e atintK S<uLœ[ su. ©eb<e buDjcul ltgf ©e dtuvtjCtR vxuj ©e «KgCtR Ntn
2024-25,229,South,œtKejebztyum.xe.&e,36 DANILIMDA,1800.0,30.0,,,,œtKejebztyum.xe.&e CwjtCtR vtfo&e Ntnytjb œhJtò mw^eltu htuz 1800.0 30.00 24.5.29 yth.fu.me RLV[trcÕx «t. je. btmo Ãjtlekd yuLz yuLS. mrJomem «t. je. ©e atintK S<uLœ[ su. ©eb<e buDjcul ltgf ©e dtuvtjCtR vxuj ©e «KgCtR Ntn
2024-25,230,South,bKeldh,37 MANINAGAR,1000.0,24.0,28.10.29,,,"bKeldh f]»Kctd&e sJtnhatuf &R rnhtCtR xtJh&e fultj mw^eltu htuz 1000.0 24.00 28.10.29 yth.fu.me RLV[trcÕx «t. je. btmo Ãjtlekd yuLz yuLS. mrJomem «t. je. ©e atintK S<uLœ[ su. ©eb<e buDjcul ltgf, ©e ytrN»tCtR CtJmth ©e dtuvtjCtR vxuj, ©e bti"
2024-25,231,South,cnuhtbvwht,35 BAHERAMPURA,2430.0,36.6,,,,"cnuhtbvwht ytkcuzfh rc{s&e bkd¤rJftm mtu.&e Ntnytjb xtujltft mw^eltu htuz 2430.0 36.60 3.1.30 (yujyuayum, ceythxeyum) yth.fu.me RLV[trcÕx «t. je. btmo Ãjtlekd yuLz yuLS. mrJomem «t. je. ©e atintK S<uLœ[ su. ©e ytrN»tCtR CtJmth ©e dtuvtjCtR "
2024-25,232,South,jtkCt,46 LAMBHA,5650.0,,,Keystone Infrastructure Pvt Ltd,,"jtkCt, Rmlvwh, RLœ[vwhe lthtuj mfoj&e mexeyub &R htsuLœ[ vtfo (ce.yth.xe.yum. jul) mw^eltu htuz 5650.0 8.20 9.12.27 JYl «tuftul «t. je. rfMxtul RL£tMx[fah ©e atintK S<uLœ[ su. ©e ytNe»tCtR CtJmth ©e btijefCtR Ôgtm ©e «KgCtR Ntn"
2024-25,233,South,bKeldh,37 MANINAGAR,900.0,30.0,19.12.27,Keystone Infrastructure Pvt Ltd,,"bKeldh, œtKejebzt yÃmht xtufeÍ&e Ntn ytjb xtujltft (ce.yth.xe.yum. jul mt&u) mw^eltu htuz 900.0 30.00 19.12.27 JYl «tuftul «t. je. rfMxtul RL£tMx[fah ©e atintK S<uLœ[ su. ©e ytNe»tCtR CtJmth ©e btijefCtR Ôgtm ©e «KgCtR Ntn"
2024-25,234,Central,Ntnectd,16 SHAHIBAG,650.0,25.1,25.10.27,Maruti Construction,,Ntnectd Rœdtn vtujem atufe &e rF{M<e fc{M<tl (rdh^hldh c{eslt cLlu ctswlt mrJom htuz)650.0 7.50 25.10.27 btYr< fLMx[fNl buxuMx yuLSlegh´d «t.je. ^Jj mtujkfe BþfuN ztuzegt yuj.me.vxuj yrb< yul.vxuj
2024-25,235,Central,NtnÃþh,17 SHAHPUR,220.0,7.06,07.06.27,,,NtnÃþh lJe vtujem frbNlh yturVm nuz fJtxmo vtA¤ltu htuz 220.0 7.00 07.06.27 yuj.S.ait^he buxuMx yuLSlegh´d «t.je. rnbtk~þ 5kzât }»te ©ebt¤e gb<ecul atu^he yrb< yul.vxuj
2024-25,236,Central,Ftrzgt,,950.0,12.0,22.10.27,Maruti Construction,,Ftrzgt btæþctd dtzol &e bMf<e btfuox &E ftÕþÃþh >hJtò 950.0 12.00 22.10.27 btYr< fLMx[fNl buxuMx yuLSlegh´d «t.je. htfuN Cdtuht Nh>CtE vxuj Ch<CtE Jtdzegt yrb< yul.vxuj
2024-25,237,Central,ymthJt,15 ASARWA,824.0,18.0,19.10.27,,,ymthJt ymthJt c{ñathelt znujt &e ymthJt bej Ítkvt Mþ^e (mrJom htuz) 824.0 18.00 19.10.27 yuj.S.ait^he buxuMx yuLSlegh´d «t.je. vt&o ytdÍt ytE.ze. htXtuz yuj.me.vxuj yrb< yul.vxuj
2024-25,238,Central,ymthJt,15 ASARWA,276.0,13.15,15.11.27,Maruti Construction,,ymthJt ymthJt Jtuzobtk ymthJt dtb<¤ rJM<thbtk ymthJt afjt (Jk>u bt<hb mfoj) fnthlt& mfoj Mþ^eltu xe.ve. htuz bej´d fhe hemhVum fhJt. 276.0 13.15 15.11.27 btYr< fLMx[fNl buxuMx yuLSlegh´d «t.je. vt&o ytdÍt ytE.ze. htXtuzELat.yNhVCtE Ôntuht y
2024-25,239,Central,>rhgtÃþh,,1520.0,16.0,10.11.27,Maruti Construction,,>rhgtÃþh >rhgtÃþh Jtuzobtk r>Õne >hJtò &e Jes¤e Dh Mþ^e htuz hed{uz fhe hemhVum fhJt. 1520.0 16.00 10.11.27 btYr< fLMx[fNl buxuMx yuLSlegh´d «t.je. yÕvuN ftuÐe ytE.ze. htXtuzELat.yNhVCtE Ôntuht yrb< yul.vxuj
2024-25,240,Central,NtnÃþh,17 SHAHPUR,250.0,20.12,20.12.27,Maruti Construction,,NtnÃþh ^tuceDtx ath hM<t &e Nrl>uJ bkr>h 250.0 7.00 20.12.27 btYr< fLMx[fNl buxuMx yuLSlegh´d «t.je. vt&o ytdÍt ytE.ze. htXtuz ELat.yNhVCtE Ôntuht yrb< yul.vxuj
2024-25,241,Central,ymthJt,15 ASARWA,369.0,12.0,10.06.27,,,ymthJt fjtveldh rJM<thbtk fjtve MxuåGþ &e fjtm-4 MxtV fJtxmo (swlt yub.yuj.yu. fJtxmo) Mþ^eltu xe.ve.htuz bej´d fhe hed{uz fhe hemhVum fhJt. 369.0 12.00 10.06.27 yuj.S.ait^he buxuMx yuLSlegh´d «t.je. vt&o ytdÍt MþhuN >•t ELat.yNhVCtE Ôntuht
2024-25,242,Central,Ntnectd,16 SHAHIBAG,18.0,7.01,07.01.28,Maruti Construction,,Ntnectd Ntnectd Jtuzobtk ybhÃþht ath hM<t &e bt^Ãþht ycol nuÕ& muLxh Mþ^eltu htuz hemhVum fhJt.180.0 18.00 07.01.28 btYr< fLMx[fNl buxuMx yuLSlegh´d «t.je.sg>ev fwCthtKt MþhuN >•t ELat.yNhVCtE Ôntuht yrb< yul.vxuj
2024-25,243,Central,Ntnectd,16 SHAHIBAG,425.0,7.01,07.01.28,Maruti Construction,,Ntnectd Ntnectd vtuMx yturVm &e meÕJh vtfo 425.0 9.00 07.01.28 btYr< fLMx[fNl buxuMx yuLSlegh´d «t.je. sg>ev fwCthtKt MþhuN >•t ELat.yNhVCtE Ôntuht yrb< yul.vxuj
2024-25,244,Central,>rhgtÃþh,,405.0,22.02,22.02.28,Maruti Construction,,>rhgtÃþh >rhgtÃþh Jtuzobtk <kçþ atufe &e zcdhJtz vtujem atufe Mþ^e htuz hed{uz fhe hemhVum fhJt. 405.0 8.00 22.02.28 btYr< fLMx[fNl buxuMx yuLSlegh´d «t.je. vt&o ytdÍt ytE.ze. htXtuzELat.yNhVCtE Ôntuht yrb< yul.vxuj
2024-25,245,Central,sbtjÃþh,29 JAMALPUR,375.0,12.0,17.02.28,Maruti Construction,,sbtjÃþh rlNt< huuMxtuhLx C÷ &e Jes¤e Dh ath hm<t 375.0 12.00 17.02.28 btYr< fLMx[fNl buxuMx yuLSlegh´d «t.je. vt&o ytdÍt ytE.ze. htXtuzELat.yNhVCtE Ôntuht yrb< yul.vxuj jkctR vntu¤tR yt.R yt.me.R zu.mexe Rsluh yuze.mexe RsluhftuLx[tfhlwk lt
2024-25,246,Central,>rhgtÃþh,,465.0,5.02,05.02.28,Maruti Construction,,>rhgtÃþh >rhgtÃþh Jtuzobtk «ub >hJtò &e >rhgtÃþh >hJtò (ftuxle htkd) 465.0 6.50 05.02.28 btYr< fLMx[fNl buxuMx yuLSlegh´d «t.je. vt&o ytdÍt ytE.ze. htXtuzELat.yNhVCtE Ôntuht yrb< yul.vxuj
2024-25,247,Central,NtnÃþh,17 SHAHPUR,1400.0,15.0,03.01.28,Maruti Construction,,NtnÃþh Ntnvwh Jtuzobtk œw^uNJh rJM<thbtk ceythxeyum ath hM<t (dle le fexje) &e jtjt ftft ntuj &R ytkcuzfh atuf 1400.0 15.00 03.01.28 btYr< fLMx[fNl buxuMx yuLSlegh´d «t.je. yuÕvuN ftuÐe ytE.ze. htXtuzELat.yNhVCtE Ôntuht yrb< yul.vxuj
2024-25,248,Central,Ntnectd,16 SHAHIBAG,447.0,3.02,03.02.28,Maruti Construction,,Ntnectd Gþ.yul.bnu<t ntxo ELMxexGþx &e fåAe CJl &e yrhnk< xtJh htuz 447.0 9.00 03.02.28 btYr< fLMx[fNl buxuMx yuLSlegh´d «t.je. sg>ev fwCthtKt MþhuN >•t ELat.yNhVCtE Ôntuht yrb< yul.vxuj
2024-25,249,Central,>rhgtÃþh,,950.0,12.0,12.04.28,Maruti Construction,,>rhgtÃþh œrhgtÃþh Jtuzobtk «ub œhJtò &e rœÕne afjt (òuzol htuz) hed{uz fhe hemhVum fhJt. 950.0 12.00 12.04.28 btYr< fLMx[fNl buxuMx yuLSlegh´d «t.je. vt&o ytdÍt ytE.ze. htXtuzELat.yNhVCtE Ôntuht yrb< yul.vxuj
2024-25,250,Central,sbtjÃþh,29 JAMALPUR,140.0,7.03,07.03.28,Maruti Construction,,sbtjÃþh NtnÃþh bej fBvtWLz dux lkch-4 &e yVÍjFtlle bMS> 140.0 8.00 07.03.28 btYr< fLMx[fNl buxuMx yuLSlegh´d «t.je. vt&o ytdÍt ytE.ze. htXtuzELat.yNhVCtE Ôntuht yrb< yul.vxuj
2024-25,251,Central,Ftzegt,28 KHADIA,650.0,30.0,07.02.2029,,,"Ftzegt ytMxtuzegt œhJtò yum.xe ath hM<t &R Cw< le ytkcje mw^eltu htuz 650.0 30.00 07.02.2029 yth.fu.me. RLV[trcÕx «t. je. buxuMx yuLS.mJeom ̒ી સંજયભાઇ પટ°લ ̒ીમતી મેઘલબેન,̒ી અȱુલભાઇ પટ°લ ̒ી ગોપાલભાઇ પટ°લ, ̒ી મૌલકભાઈ ƥયાસ ©e «KgCtR Ntn"
2024-25,252,Central,NtnectdNtnectd,16 SHAHIBAG,1150.0,30.0,25.01.2030,,,"NtnectdNtnectd yLzhvtm &e zVlt¤t ath hM<t mw^eltu htuz 1150.0 30.00 25.01.2030 yth.fu.me. RLV[trcÕx «t. je. buxuMx yuLS.mJeom ̒ી સંજયભાઇ પટ°લ ̒ીમતી મેઘલબેન,̒ી અȱુલભાઇ પટ°લ ̒ી ગોપાલભાઇ પટ°લ, ̒ી મૌલકભાઈ ƥયાસ ©e «KgCtR Ntn"
2024-25,253,Central,Ftzegt,28 KHADIA,2850.0,30.0,26.04.2029,,,"Ftzegt/ sbtjvwh mthkdvwh œhJtò&e r<jfctd mw^e ce.yth.xe.yum.ftuheztuh 2850.0 30.00 26.04.2029 yth.fu.me. RLV[trcÕx «t. je. buxuMx yuLS.mJeom ̒ી સંજયભાઇ પટ°લ ̒ી અȱુલભાઇ પટ°લ ̒ી ગોપાલભાઇ પટ°લ, ̒ી મૌલકભાઈ ƥયાસ ©e «KgCtR Ntn"
2024-25,254,Central,Ntnectd/Nt,16 SHAHIBAG,560.0,30.0,30.04.2029,,,"Ntnectd/Nt nvwh lbM<u mfoj &e rœÕne œhJtò mw^e ltu htuz 560.0 30.00 30.04.2029 yth.fu.me. RLV[trcÕx «t. je. buxuMx yuLS.mJeom ̒ી સંજયભાઇ પટ°લ ̒ી અȱુલભાઇ પટ°લ ̒ી ગોપાલભાઇ પટ°લ,̒ી મૌલકભાઈ ƥયાસ ©e «KgCtR Ntn"
2024-25,255,North,mhœthldh,11 SARDARNAGAR,1031.0,12.0,18.04.2027,,,mhœthldh mhœthldh Jtuzobtk dtuÕzl ckøjtuÍ &e r¢»lt ytRftul &R mwœtbt fwxeh mw^e bwÏg hM<tlu stuz<tu htuz hemhVum fhJtlwk ftb 1031.0 12.00 18.04.2027 bumom yuj.S.atu^he btmo Ãjtlekd yuLz yuLSrlghekd mrJomem je.«ftN htXtuz neh btuœe aeblCtR F
2024-25,256,North,mhœthldh,11 SARDARNAGAR,1025.0,12.0,02.04.2028,Apex Protech LLP,,"mhœthldh W•th Ítul mhœthldh Jtuzobtk (1) hKbwf<uµh ath hM<t &e œNol Vjux &R su.ve.heJhÔgw &R RLœeht c{es mw^e ylu (2) RMftul ckøjtuÍ &e ©e bntjûtbe jtRV mw^elt htuz hemhVum fhJt <&t htuz le ckLlu mtRz RLxhjtufed Vwxvt&, cltJJtlt ftb 1025.0 "
2024-25,258,North,ctvwldh,26 BAPUNAGAR,232.0,14.12,14.12.2027,M/s L.G. Chaudhary,,ctvwldh W•th Ítul ctvwldh Jtuzobtk vhel vtl vtjoh &e ytlkœ Vjux vtujem atufe htuz hed{uz fhe hemhVum fhJtlw ftb 232.0 9.00 14.12.2027 yuj.S.ati^he btmo Ãjtlekd yuLz yuLSleghekd mrJomem «t.je. rnhul dtkdtuj nehCtR btuœe aeblCtR Fhtze htFecul
2024-25,259,North,ctvwldh,26 BAPUNAGAR,216.0,10.0,18.12.2027,M/s L.G. Chaudhary,,ctvwldh W•th Ítul ctvwldh Jtuzobtk bwhje^h «turJÍl Mxtuh &e ytlkœ Jtuxh rzMx[eçgwNl MxuNl mw^e htuz hed{uz fhe hemhVum fhJtlw ftb 216.0 10.00 18.12.2027 yuj.S.ati^he btmo Ãjtlekd yuLz yuLSleghekd mrJomem «t.je. rnhul dtkdtuj nehCtR btuœe ae
2024-25,261,North,mhmvwh,27 SARASPUR-RAKHIYAL,614.0,10.01,10.01.2028,M/s L.G. Chaudhary,,mhmvwh hrFgtj W•thÍtullt mhmvwh-hrFgtj Jtuzobtkk CdJ<eldh &e vkze<ldh htuz Mxtuh &R ftjwvwh c{es mw^eltu RkxJtzt buRl htuz 614.0 9.00 10.01.2028 Btummo yuj.S. ati^he btmo Ãjtlekd yuLz yuLSleghekd mrJomem «t.je. htfuN yum.Fjtm S<uN yua.œtbt½
2024-25,263,North,X¬hldh,,300.0,15.05,15.05.2027,Apex Protech LLP,,X¬hldh W•th Ítulbtk Xffhldh Jtuzobtk Nneœ mfoj &e vw»vb xultbuLx htuz mw^elu htuzlu he d{uz fhe hemhVum fhJtlt ftb 300.0 yuJhus 7.43 15.05.2027 yuvuût «tuxuf yuj.yuj.ve btmo Ãjtlekd yuLz yuLSleghekd mJeom «t.je. ybe<CtR œmtzegt sguNCtR C{nb
2024-25,264,North,X¬hldh,,131.0,15.05,15.05.2027,Apex Protech LLP,,X¬hldh W•th Ítulbtk Xffhldh Jtuzobtk Nwfl ckøjtuÍ &e bt<] ckøjtuÍ xe.ve. htuzlu he d{uz fhe hemhVum fhJtlt ftb 131.0 yuJhus 8.45 15.05.2027 yuvuût «tuxuf yuj.yuj.ve btmo Ãjtlekd yuLz yuLSleghekd mJeom «t.je. ybe<CtR œmtzegt sguNCtR C{nbcx v
2024-25,265,North,lhtuzt,12 NARODA,360.0,18.28,20.02.2027,Apex Protech LLP,Marsh Planning & Engineering Services Pvt Ltd,lhtuzt dujuûte &e vkatg< ytuVem (mhœthlt ctJjt)mw^eltu htuz hedu{z fhe hemhVum fhJtlwk ftb 360.0 18.28 20.02.2027 yuvuût «tuxufx yuj.yuj.ve 2024-25 btNo Ãjtlekd yuLz mJeomemCtJuNCtR vxuj nehCtR btuœe rablCtR Fhtze nebtkNwCtR bnu<t
2024-25,266,North,lhtuzt,12 NARODA,177.0,5.04,05.04.2027,Apex Protech LLP,Marsh Planning & Engineering Services Pvt Ltd,lhtuzt W•th Ítulbtk lhtuzt Jtuzobtk xe.ve.109 btk ytrœðg Mfwj &e œuJlkœl mkfÕv mexe Vjux mw^elt htuzlu he- d{uz fhe hemhVum fhJtlt ftb 177.0 7.00 05.04.2027 yuvuût «tuxufx yuj.yuj.ve 2024-25 btNo Ãjtlekd yuLz mJeomemCtJuNCtR vxuj nehCtR btu
2024-25,267,North,lhtuzt,12 NARODA,48.0,190.0,25.03.2027,Apex Protech LLP,Marsh Planning & Engineering Services Pvt Ltd,lhtuzt W•th Ítulbtk lhtuzt Jtuzobtk xe.ve.109 btk dKuNt 48 &e ht^u Mjvlej Vjux mw^elt htuzlu he-d{uz fhe hemhVum fhJtlt ftb 190.0 7.00 25.03.2027 yuvuût «tuxufx yuj.yuj.ve 2024-25 btNo Ãjtlekd yuLz mJeomemCtJuNCtR vxuj nehCtR btuœe rablCtR 
2024-25,268,North,lhtuzt,12 NARODA,475.0,15.0,25.05.2027,Apex Protech LLP,Marsh Planning & Engineering Services Pvt Ltd,lhtuzt lhtuzt Jtuzobt œnudtb htuz &e y^eƒtl ckøjtuÍ &e NleœuJ bkrœh vtmultuu htuz hed{uz fhe hemhVum fhJtlt ftb 475.0 15.00 25.05.2027 yuvuût «tuxufx yuj.yuj.ve 2024-25 btNo Ãjtlekd yuLz mJeomemCtJuNCtR vxuj nehCtR btuœe rablCtR Fhtze nebtk
2024-25,269,North,lhtuzt,12 NARODA,501.0,12.0,10.06.2027,Apex Protech LLP,Marsh Planning & Engineering Services Pvt Ltd,lhtuzt lhtuzt Jtuzobt yum.ve.Mfwj Slegm &e vw»vb humezLme &e nkmvwht dtb mw^eltu htuz hemhVum fhJtlt ftb 501.0 12.00 10.06.2027 yuvuût «tuxufx yuj.yuj.ve 2024-25 btNo Ãjtlekd yuLz mJeomemCtJuNCtR vxuj lunjcul vhbth rablCtR Fhtze nebtkNwCtR 
2024-25,270,North,lhtuzt,12 NARODA,276.0,22.1,22.10.2027,Apex Protech LLP,Marsh Planning & Engineering Services Pvt Ltd,lhtuzt lhtuzt Jtuzobtk ytrœðg Mfwj vtmu ytgol Mftg &e nrh deVxmexe hekd htuz mw^eltu htuz hed{uz fhe hemhVum fhJtlwk ftb 276.0 8.00 22.10.2027 yuvuût «tuxufx yuj.yuj.ve 2024-25 btNo Ãjtlekd yuLz mJeomemCtJuNCtR vxuj nehCtR btuœe rablCtR Fht
2024-25,271,North,lhtuzt,12 NARODA,860.0,18.0,12.06.2027,Apex Protech LLP,Marsh Planning & Engineering Services Pvt Ltd,lhtuzt mw<hlt fthFtlt &e vkatg< mw^eltu htuz 860.0 18.00 12.06.2027 yuvuût «tuxufx yuj.yuj.ve 2024-25 btNo Ãjtlekd yuLz mJeomemCtJuNCtR vxuj nehCtR btuœe rablCtR Fhtze nebtkNwCtR bnu<t
2024-25,272,North,lhtuzt,12 NARODA,355.0,12.0,15.11.2027,Apex Protech LLP,Marsh Planning & Engineering Services Pvt Ltd,lhtuzt W•thÍtul lhtuzt Jtzo bt y^e»&tl ckøjtuÍ &e «<eƒt ytRftul mw^e ltu htuz hed{uz fhe hemhVum fhJtlt ftb 355.0 12.00 15.11.2027 yuvuût «tuxufx yuj.yuj.ve 2024-25 btNo Ãjtlekd yuLz mJeomemCtJuNCtR vxuj nehCtR btuœe rablCtR Fhtze htFecul r
2024-25,273,North,lhtuzt,12 NARODA,220.0,12.0,02.12.2027,Apex Protech LLP,Marsh Planning & Engineering Services Pvt Ltd,lhtuzt W•th Ítulbtk lhtuzt Jtuzobtk xe.ve.121 btk ytJuj vltmegt humezuLme &e MJtbelthtgK vtfo mw^e ltu htuz 220.0 12.00 02.12.2027 yuvuût «tuxufx yuj.yuj.ve 2024-25 btNo Ãjtlekd yuLz mJeomemCtJuNCtR vxuj nehCtR btuœe rablCtR Fhtze htFecul r
2024-25,274,North,lhtuzt,12 NARODA,450.0,15.0,13.12.2027,Apex Protech LLP,,lhtuzt W•thÍtul lhtuzt Jtzo bt mtkœevle Mfwj &e Juœfwxeh &e vtkshtvtuu¤ mw^eltu htuz htuz hed{uz fhe hemhVum fhJtlt ftb 450.0 15.00 13.12.2027 yuvuût «tuxufx yuj.yuj.ve 2024-25 feMxtul RL£tMx[fah CtJuNCtR vxuj nehCtR btuœe rablCtR Fhtze htF
2024-25,275,North,lhtuzt,12 NARODA,350.0,12.0,11.12.2027,Apex Protech LLP,,lhtuzt W•thÍtul lhtuzt Jtzo bt Juœfwxeh &e fuuNh yaez mw^e ltu htuz hed{uz fhe hemhVum fhJtlt ftb 350.0 12.00 11.12.2027 yuvuût «tuxufx yuj.yuj.ve 2024-25 feMxtul RL£tMx[fah CtJuNCtR vxuj nehCtR btuœe rablCtR Fhtze htFecul rºtJuœe
2024-25,276,North,lhtuzt,12 NARODA,200.0,12.0,20.12.2027,Apex Protech LLP,,lhtuzt W•thÍtul lhtuzt Jtzo bt ~gtb NeFh &e Juœ humezuLme mw^eltu htuz hed{uz fhe hemhVum fhJtlt ftb 200.0 12.00 20.12.2027 yuvuût «tuxufx yuj.yuj.ve 2024-25 feMxtul RL£tMx[fah CtJuNCtR vxuj nehCtR btuœe rablCtR Fhtze htFecul rºtJuœe
2024-25,277,North,lhtuzt,12 NARODA,750.0,12.0,05.03.2028,Apex Protech LLP,,lhtuzt W•thÍtul lhtuzt Jtzo bt œnudtb htuz &e bejlvtfo &e lkœlJl mtumtgxe &e vltmegt Vjux mw^eltu htuz hed{uz fhe hemhVum fhJtlt ftb 750.0 12.00 05.03.2028 yuvuût «tuxufx yuj.yuj.ve 2024-25 feMxtul RL£tMx[fah CtJuNCtR vxuj nehCtR btuœe rabl
2024-25,278,North,lhtuzt,12 NARODA,440.0,15.0,03.03.2028,Apex Protech LLP,,lhtuzt W•th Ítul lhtuzt Jtuzobtk MJtbelthtgK bkœeh &e ctvt©e atufze &e MJtbelthtgK vtfo mw^e ltu htuz 440.0 15.00 03.03.2028 yuvuût «tuxufx yuj.yuj.ve 2024-25 feMxtul RL£tMx[fah CtJuNCtR vxuj nehCtR btuœe rablCtR Fhtze htFecul rºtJuœe
2024-25,279,North,lhtuzt,12 NARODA,190.0,12.0,08.03.2028,Keystone Infrastructure Pvt Ltd,,lhtuzt yuûtem cukf &e lhtuzt vtKele xtkfe mw^e 190.0 12.00 08.03.2028 JÁK «tuftul «tRJux jebexuz feMxtul RL£tMx[fah CtJuNCtR vxuj nehCtR btuœe rablCtR Fhtze htFecul rºtJuœe
2024-25,280,North,lhtuzt,12 NARODA,515.0,15.0,21.01.2028,Keystone Infrastructure Pvt Ltd,,lhtuzt vtgjldh &e dtgºte skfNl &e yuBvj vtfo 515.0 15.00 21.01.2028 JÁK «tuftul «tRJux jebexuz feMxtul RL£tMx[fah CtJuNCtR vxuj nehCtR btuœe rablCtR Fhtze htFecul rºtJuœe
2024-25,281,North,lhtuzt,12 NARODA,355.0,12.0,31.01.2028,Keystone Infrastructure Pvt Ltd,,lhtuzt mwgto vtfo &e lJgwd skfNl 355.0 12.00 31.01.2028 JÁK «tuftul «tRJux jebexuz feMxtul RL£tMx[fah CtJuNCtR vxuj nehCtR btuœe rablCtR Fhtze htFecul rºtJuœe
2024-25,282,North,lhtuzt,12 NARODA,740.0,12.0,,Keystone Infrastructure Pvt Ltd,,lhtuzt mtublt& bntœuJ bkœeh &e ^hKe^h yuJuLgw ckøjtuÍ 740.0 12.00 12.02.2028JÁK «tuftul «tRJux jebexuz feMxtul RL£tMx[fah CtJuNCtR vxuj nehCtR btuœe rablCtR Fhtze htFecul rºtJuœe
2024-25,283,North,X¬hldh,,650.0,30.0,27.02.2030,R.K.C. Infrabuild Pvt Ltd,Marsh Planning & Engineering Services Pvt Ltd,"X¬hldh fumh ntRxm &e fÕgtK atuf 650.0 30.00 27.02.2030 yth.fu.me RLVt[rcÕx «t. je. btNo Ãjtlekd yuLz yuLSlhekd mrJom «t.je. ©e rœluNCtR ati^he ©e WbkdCtR vxuj ©e dtuvtjCtR vxuj, ©e btirjfCtR Ôgtm ©e «KgCtR Ntn"
2024-25,284,North,lhtuzt,12 NARODA,2050.0,18.0,23.03.2030,R.K.C. Infrabuild Pvt Ltd,Marsh Planning & Engineering Services Pvt Ltd,"lhtuzt lejfkX ntRxm &e ytœeðg RLxhluNlj Mfwj &R MJÃlej ytfoz mw^e 2050.0 18.00 23.03.2030 yth.fu.me RLVt[rcÕx «t. je. btNo Ãjtlekd yuLz yuLSlhekd mrJom «t.je. ©e rœluNCtR ati^he ©e WbkdCtR vxuj ©e dtuvtjCtR vxuj, ©e btirjfCtR Ôgtm ©e «KgCtR"
2024-25,285,North,ctvwldh,26 BAPUNAGAR,750.0,24.0,08.01.2030,R.K.C. Infrabuild Pvt Ltd,Marsh Planning & Engineering Services Pvt Ltd,"ctvwldh båAe btfox&e nhœtmldh vtujem MxuNl mw^e ltu htuz 750.0 24.00 08.01.2030 yth.fu.me RLVt[rcÕx «t. je. btNo Ãjtlekd yuLz yuLSlhekd mrJom «t.je. ©e rœluNCtR ati^he ©e WbkdCtR vxuj ©e dtuvtjCtR vxuj, ©e btirjfCtR Ôgtm ©e «KgCtR Ntn"
2024-25,286,North,lhtuzt,12 NARODA,970.0,30.0,10.02.2030,R.K.C. Infrabuild Pvt Ltd,Marsh Planning & Engineering Services Pvt Ltd,lhtuzt MJtbelthtgK bkœeh(vtfo)&e ctjtS yuuLfujuJ &e nkmvwwht htuz 970.0 30.00 10.02.2030 yth.fu.me RLVt[rcÕx «t. je. btNo Ãjtlekd yuLz yuLSlhekd mrJom «t.je. ©e rœluNCtR ati^he ©e WbkdCtR vxuj ©e btirjfCtR Ôgtm ©e «KgCtR Ntn
2024-25,287,North,ctvwldh,26 BAPUNAGAR,3000.0,60.0,,Keystone Infrastructure Pvt Ltd,,ctvwldh ^lw»t^the bt<t bkrœh ce.yth.xe.yum &e rJhtxldh ¢tum htuz(ce.yth.xe.yum jul)3000.0 60.00 25.11.2027JÁK «tuftul «t. je. feMxtul RL£tMx[¾ah©e rœluNCtR ati^he ©e WbkdCtR vxuj ©e btirjfCtR Ôgtm ©e «KgCtR Ntn
2025-26,1,North,નરોડા,12 NARODA,70.0,560.0,06.10.2028,Apex Protech LLP,,નરોડા ઉĂર ઝોન માં ટપી-70 માં આવેલ ધ પાક½ સોસાયટ થી એસપી રӄગ રોડ Ʌુધી નો રોડ. 560 4 06.10.2028 એપેë ̆ોટ°ક એલ.એલ.પી ક-ƨટોન ઇƛ̇ાƨ˼ƈચર ભાવેશભાઈ પટ°લ હ રભાઈ મોદ ચીમનભાઈ ખરાડ ગોપાલ Ȑ. પટ°લ
2025-26,2,North,નરોડા,12 NARODA,725.0,8.1,08.10.2028,Apex Protech LLP,,નરોડા ઉĂર ઝોન નરોડા વોડ½માં વેદ થી ƨવાિમનારાયણ મંદર ર°સીડ°ƛસી Ʌુધી નો રોડ. 725 9 08.10.2028 એપેë ̆ોટ°ક એલ.એલ.પી ક-ƨટોન ઇƛ̇ાƨ˼ƈચર ભાવેશભાઈ પટ°લ હ રભાઈ મોદ ચીમનભાઈ ખરાડ ગોપાલ Ȑ. પટ°લ
2025-26,3,North,નરોડા,12 NARODA,895.0,15.0,10.10.2028,Apex Protech LLP,,નરોડા નરોડા વોડ½માં નરોડા ƨમશાન થી સધી માતા Ʌુધી નો રોડ. 895 15 10.10.2028 એપેë ̆ોટ°ક એલ.એલ.પી ક-ƨટોન ઇƛ̇ાƨ˼ƈચર ભાવેશભાઈ પટ°લ હ રભાઈ મોદ ચીમનભાઈ ખરાડ ગોપાલ Ȑ. પટ°લ
2025-26,4,North,નરોડા,12 NARODA,121.0,108.0,11.10.2028,Apex Protech LLP,,નરોડા ટપી 121 માં આવેલ હંસȶુરા ગામ થી હલ ટાઉન ˼ડ થી 108 સેƛટર Ʌુધીનો રોડ. 1320 12 11.10.2028 એપેë ̆ોટ°ક એલ.એલ.પી ક-ƨટોન ઇƛ̇ાƨ˼ƈચર ભાવેશભાઈ પટ°લ હ રભાઈ મોદ ચીમનભાઈ ખરાડ ગોપાલ Ȑ. પટ°લ
2025-26,5,North,નરોડા,12 NARODA,190.0,21.11,21.11.2028,Apex Protech LLP,,નરોડા ઉĂર ઝોન નરોડા વોડ½માં શંખેĖર ટાઉનશીપથી ક°નાલ Ʌુધીનો રોડ. 190 7 21.11.2028 એપેë ̆ોટ°ક એલ.એલ.પી ક-ƨટોન ઇƛ̇ાƨ˼ƈચર ભાવેશભાઈ પટ°લ હ રભાઈ મોદ ચીમનભાઈ ખરાડ ગોપાલ Ȑ. પટ°લ
2025-26,6,North,નરોડા,12 NARODA,121.0,550.0,20.11.2028,Apex Protech LLP,,નરોડા ઉĂર ઝોન નરોડા વોડ½માં ટપી 121 માં આવેલ રાધે ƨવƜનલ Ɲલેટથી નë́ Ɲલેટ ̂ી ગાય́ી ˴ીન મેઇન રોડ. 550 7 20.11.2028 એપેë ̆ોટ°ક એલ.એલ.પી ક-ƨટોન ઇƛ̇ાƨ˼ƈચર ભાવેશભાઈ પટ°લ હ રભાઈ મોદ ચીમનભાઈ ખરાડ ગોપાલ Ȑ. પટ°લ
2025-26,7,North,નરોડા,12 NARODA,71.0,710.0,18.11.2028,Apex Protech LLP,,નરોડા ઉĂર નરોડા વોડ½માં ટપી 71 માં આવેલા ɂૃંદાવન િવલા થી એસપી રӄગરોડ Ʌુધી નો રોડ. 710 6 18.11.2028 એપેë ̆ોટ°ક એલ.એલ.પી ક-ƨટોન ઇƛ̇ાƨ˼ƈચર ભાવેશભાઈ પટ°લ હ રભાઈ મોદ ચીમનભાઈ ખરાડ ગોપાલ Ȑ. પટ°લ
2025-26,8,North,નરોડા,12 NARODA,175.0,30.11,30.11.2028,Apex Protech LLP,,નરોડા ઉĂર ઝોન નરોડા વોડ½માં ટપી-1 માં આવેલ ̒ેયાંશ નાથ સોસાયટ મેઈન રોડથી ખારકટ ક°નાલ Ʌુધી નો રોડ. 175 7 30.11.2028 એપેë ̆ોટ°ક એલ.એલ.પી ક-ƨટોન ઇƛ̇ાƨ˼ƈચર ભાવેશભાઈ પટ°લ હ રભાઈ મોદ ચીમનભાઈ ખરાડ ગોપાલ Ȑ. પટ°લ
2025-26,9,North,નરોડા,12 NARODA,470.0,15.0,21.12.2028,Apex Protech LLP,,નરોડા ઉĂર ઝોનમાં નરોડા વોડ½માં ટ.પી.2 માં આવેલ પાયલનગર સોસાયટ થી માધવઉƚયાન થી Ʌુયા½પાક½ સોસાયટ Ʌુધી નો રોડ. 470 15 21.12.2028 એપેë ̆ોટ°ક એલ.એલ.પી ક-ƨટોન ઇƛ̇ાƨ˼ƈચર ભાવેશભાઈ પટ°લ હ રભાઈ મોદ ચીમનભાઈ ખરાડ ગોપાલ Ȑ. પટ°લ
2025-26,10,North,નરોડા,12 NARODA,550.0,23.12,23.12.2028,Apex Protech LLP,,નરોડા ઉĂર ઝોન નરોડા વોડ½માં બંસી પાક½ થી એસ.પી. રӄગ રોડ Ʌુધીનો રોડ. 550 6 23.12.2028 એપેë ̆ોટ°ક એલ.એલ.પી ક-ƨટોન ઇƛ̇ાƨ˼ƈચર ભાવેશભાઈ પટ°લ હ રભાઈ મોદ ચીમનભાઈ ખરાડ ગોપાલ Ȑ. પટ°લ
2025-26,11,North,નરોડા,12 NARODA,75.0,330.0,23.10.2028,Apex Protech LLP,,નરોડા ઉĂર ઝોનમાં નરોડાવોડ½માં ટ.પી.71 તથા 75માં આવેલ સાહƗય એલેƛઝા ફલેટ થી માȿુતી હાઇટસ ફલેટ Ʌુધી નો રોડ. 330 6 23.10.2028 એપેë ̆ોટ°ક એલ.એલ.પી ક-ƨટોન ઇƛ̇ાƨ˼ƈચર ભાવેશભાઈ પટ°લ હ રભાઈ મોદ ચીમનભાઈ ખરાડ ગોપાલ Ȑ. પટ°લ
2025-26,12,North,નરોડા,12 NARODA,71.0,405.0,23.12.2028,Apex Protech LLP,,નરોડા ઉĂર ઝોનમાં નરોડા વોડ½માં ટ.પી. 71 માં આવેલ પરમ સેર°નીટ ફલેટ થી Ʌુયા½શિવલા બંƊલોઝ Ʌુધી નો રોડ. 405 7 23.12.2028 એપેë ̆ોટ°ક એલ.એલ.પી ક-ƨટોન ઇƛ̇ાƨ˼ƈચર ભાવેશભાઈ પટ°લ હ રભાઈ મોદ ચીમનભાઈ ખરાડ ગોપાલ Ȑ. પટ°લ
2025-26,13,North,નરોડા,12 NARODA,560.0,2.01,02.01.2029,Apex Protech LLP,,નરોડા ઉĂર ઝોન નરોડા વોડ½માં રӄગરોડ દશ½ન હોટલ થી ગાય́ી ફામ½થી ધ પાક½ને જોડતો રોડ. 560 7 02.01.2029 એપેë ̆ોટ°ક એલ.એલ.પી ક-ƨટોન ઇƛ̇ાƨ˼ƈચર ભાવેશભાઈ પટ°લ હ રભાઈ મોદ ચીમનભાઈ ખરાડ ગોપાલ Ȑ. પટ°લ
2025-26,14,North,નરોડા,12 NARODA,123.0,350.0,24.01.2029,Apex Protech LLP,,"નરોડા ઉĂર ઝોનમાં નરોડા વોડ½માં ટ.પી.121,123/એ માં આવેલ ̒ીĥ બંƊલોઝ થી ӕ બેĖર ચવાણા Ʌુધી નો રોડ. 350 9 24.01.2029 એપેë ̆ોટ°ક એલ.એલ.પી ક-ƨટોન ઇƛ̇ાƨ˼ƈચર ભાવેશભાઈ પટ°લ હ રભાઈ મોદ ચીમનભાઈ ખરાડ ગોપાલ Ȑ. પટ°લ"
2025-26,15,North,નરોડા,12 NARODA,580.0,19.02,19.02.2029,Apex Protech LLP,,નરોડા ઉĂર ઝોનમાં નરોડા વોડ½માં ટ.પી.71 માં આવેલ એસ.પી |રӄગ રોડ થી રોયલ પેલેસ બંƊલોઝ Ʌુધી નો રોડ. 580 7 19.02.2029 એપેë ̆ોટ°ક એલ.એલ.પી ક-ƨટોન ઇƛ̇ાƨ˼ƈચર ભાવેશભાઈ પટ°લ હ રભાઈ મોદ ચીમનભાઈ ખરાડ ગોપાલ Ȑ. પટ°લ
2025-26,16,North,નરોડા,12 NARODA,121.0,2.0,25.02.2029,Apex Protech LLP,,નરોડા ઉĂર ઝોન નરોડા વોડ½માં ટપી-121માં આવેલ લǛમીિવલા -02 ફલેટ થી ȱુલસી Ɲલેટ થી પલ½ એલીગƛસ Ɲલેટ Ʌુધી નો રોડ. 450 9 25.02.2029 એપેë ̆ોટ°ક એલ.એલ.પી ક-ƨટોન ઇƛ̇ાƨ˼ƈચર ભાવેશભાઈ પટ°લ હ રભાઈ મોદ ચીમનભાઈ ખરાડ ગોપાલ Ȑ. પટ°લ
2025-26,17,North,નરોડા,12 NARODA,121.0,430.0,26.02.2029,Apex Protech LLP,,નરોડા ઉĂર ઝોન નરોડા વોડ½માં ટપી-121માં આવેલ રાજહંશ પાટ Ɯલોટ /ફામ½ થી માȿુિતવીલા બંƊલોઝ Ʌુધી નો રોડ 430 12 26.02.2029 એપેë ̆ોટ°ક એલ.એલ.પી ક-ƨટોન ઇƛ̇ાƨ˼ƈચર ભાવેશભાઈ પટ°લ હ રભાઈ મોદ ચીમનભાઈ ખરાડ ગોપાલ Ȑ. પટ°લ
2025-26,18,North,નરોડા,12 NARODA,820.0,12.03,12.03.2029,Apex Protech LLP,,નરોડા ઉĂર ઝોન નરોડા વોડ½માં ટપી -2 માં આવેલ અȺૂલ પાલ½રથી સાંઈ ચોક Ʌુધીનો રોડ. 820 9 12.03.2029 એપેë ̆ોટ°ક એલ.એલ.પી ક-ƨટોન ઇƛ̇ાƨ˼ƈચર ભાવેશભાઈ પટ°લ હ રભાઈ મોદ ચીમનભાઈ ખરાડ ગોપાલ Ȑ. પટ°લ
2025-26,19,North,સરદારનગર,11 SARDARNAGAR,320.0,12.0,06.04.2029,Apex Protech LLP,,સરદારનગર ઉĂર ઝોનના સરદારનગર વોડ½માં નાના ચલોડા િવƨતારમાં Ɗલોબલ લાઈફ થી રાધે ƨકાય Ʌુધીનો રોડ રસરફ°સ કરવા તથા રોડ ની બંđે સાઈડ ઇƛટરલોકӄગ Ĭટપાથ બનાવવાના કામ 320 12 06.04.2029 એપેë ̆ોટ°ક એલ એલ પી ક-ƨટોન ઇƛ̇ાƨ˼ƈચર અજય પટ°લ યોગેશ મƣહો́ા ચીમનલા
2025-26,20,North,સરદારનગર,11 SARDARNAGAR,285.0,15.0,18.03.2029,Apex Protech LLP,,સરદારનગર ઉĂર ઝોનના સરદારનગર વોડ½માં નાના ચલોડા િવƨતારમાં હ°રટ°જ િવલા થી એસપી રӄગ Ʌુધીનો રોડ રસરફ°સ કરવા તથા રોડ ની બંđે સાઈડ ઇƛટરલોકӄગ Ĭટપાથ બનાવવાના કામ 285 15 18.03.2029 એપેë ̆ોટ°ક એલ એલ પી ક-ƨટોન ઇƛ̇ાƨ˼ƈચર અજય પટ°લ યોગેશ મƣહો́ા ચીમનલ
2025-26,21,North,સરદારનગર,11 SARDARNAGAR,12.0,875.0,17.03.2029,Apex Protech LLP,,સરદારનગર ઉĂર ઝોનના સરદારનગર વોડ½માં રƦમ એƛટ°લયા થી ȶુƧકર હોƠસ થી ȱુલસી પાક½ Ʌુધીનો રોડનો 12.00 મીટર પહોળાઈના રોડ પૈક 9.00 મીટરની પહોળાઈમાં રોડ િમલગ કર રસરફ°સ કરવા તથા રોડ ની બંđે સાઈડ ઇƛટરલોકӄગ Ĭટપાથ બનાવવાના કામ 875 12 17.03.2029 એપ
2025-26,22,North,સરદારનગર,11 SARDARNAGAR,380.0,18.0,21.09.2028,Apex Protech LLP,,સરદારનગર ઉĂર ઝોન સરદાર નગર વડ½ માં જય સોમનાથ સોસાયટ (નોબલનગર ȩુની પાણીની ટાંક) સƗકાર એવƛȻુ Ʌુધીનો રોડ રસરફ°સ કરવાના તથા રોડની બંને સાઈડ ઇƛટરલોકગ ĭટપાથ બનાવવાના કામ 380 18 21.09.2028 એપેë ̆ોટ°ક એલ એલ પી ક-ƨટોન ઇƛ̇ાƨ˼ƈચર અજય પટ°લ હ રભા
2025-26,23,North,સરદારનગરઉĂર,11 SARDARNAGAR,440.0,1.1,01.10.2028,Apex Protech LLP,,સરદારનગરઉĂર ઝોન સરદાર નગર વોડ½માં આદશ½ બંƊલોઝ થી સેƛટ ઝેિવયસ½ ƨȢૂલ Ʌુધી રોડ િમલƛગ કર ર સરફ°સ કરવાના કામ 440 9 01.10.2028 એપેë ̆ોટ°ક એલ એલ પી ક-ƨટોન ઇƛ̇ાƨ˼ƈચર અજય પટ°લ Ʌુભાષભાઈ પટ°લ ચીમનલાલ ખરાડ ગોપાલ Ȑ. પટ°લ
2025-26,24,North,સરદારનગર,11 SARDARNAGAR,365.0,12.0,14.10.2028,(?)n Prokon Pvt Ltd (verify prefix),,સરદારનગર સરદાર નગર વોડ½માં તલાવડ સક½લ થી સાઈબાબા મંદર થઈ એરપોટ½ દવાલ Ʌુધીના હાંસોલ ટાઉનશીપ િવƨતારના હયાત રોડ િમલગ કર રોડ રસરફ°સ કરવાȵું કામ 365 12 14.10.2028 વĮણ ̆ોકોન ̆ા. લી. ક-ƨટોન ઇƛ̇ાƨ˼ƈચર અજય પટ°લ હ રભાઈ મોદ ચીમનલાલ ખરાડ ગોપા
2025-26,25,North,સરદારનગર,11 SARDARNAGAR,12.0,875.0,17.03.2029,Apex Protech LLP,,સરદારનગર ઉĂર ઝોનના સરદારનગર વોડ½માં આઇ.ટ.આઈ.ӔડરપાɅ્ થી હોમગાડ½ ઓફશ Ʌુધીનો રોડનો 12.00 મીટર પહોળાઈના રોડ પૈક 9.00 મીટરની પહોળાઈમાં રોડ િમલગ કર રસરફ°સ કરવા તથા રોડ ની બંđે સાઈડ ઇƛટરલોકӄગ Ĭટપાથ બનાવવાના કામ 875 12 17.03.2029 એપેë ̆ોટ°ક 
2025-26,26,North,ઇƛડયાકોલો,22 INDIA COLONY,753.0,18.0,24.03.2029,,,ઇƛડયાકોલો ની ઉĂરઝોન ઇƛડયાકોલોની વોડ½માં અરિવદ આિવƧકાર થી િવજયમીલ નેળયા Ʌુધીનો રોડ ર-˴ેડ કર રસરફ°સ કરવાના કામ 753 18 24.03.2029 એપેë ̆ો-ટ°ક એલ.એલ.પી માસ½ Ɯલાનӄગ એƛડ એƛĥƛયરӄગ ̆ા.લી. કƣપેશȢુમાર એમ. સીદપરા દલાવિસહ એસ. હઠલા પર°શ સી. ચૌ
2025-26,27,North,ઇƛડયાકોલો,22 INDIA COLONY,1341.0,12.0,27.12.2028,,,"ઇƛડયાકોલો ની ઉĂરઝોન ઇƛડયા કોલોની વોડ½માં ȹુિમ પાક½ સોસાયટ થી ચાȺુંડા ƨમાશાન Ȥૃહ ́ણ રƨતા, ȩુની અશોકમીલની ચાલી થી ચાȺુંડા ƨમાશાન Ȥૃહ ́ણ રƨતા થઈ અરિવદ મેગા માટ½ Ʌુધીનો રોડ ર-˴ેડ કર રસરફ°સ કરવાના કામ 1341 12 27.12.2028 એપેë ̆ો-ટ°ક એલ.એલ."
2025-26,28,North,સરસȶુર,27 SARASPUR-RAKHIYAL,1045.0,18.0,08.11.2028,Apex Protech LLP,,સરસȶુર રખીયાલ રાયȶુર મીલ સકા½લ થી ĭટલા દ°વળ થઈ ƠȻુ. Ӗƛડસ˼યલ એƨટ°ટ Ʌુધીનો રોડ 1045 18 08.11.2028 એપેë ̆ોટ°ક એલ એલ.પી. ક-ƨટોન ઇƛ̇ાƨ˼ƈચર રાક °શ એસ. ખલાસ ĥતેશ એચ. દામાણી પર°શ સી. ચૌધાર ગોપાલ Ȑ. પટ°લ
2025-26,29,North,સરસȶુર,27 SARASPUR-RAKHIYAL,600.0,11.0,08.10.2028,(?)n Prokon Pvt Ltd (verify prefix),,સરસȶુર રખીયાલ ભગવતી સોસાયટ થી સરસȶુર ચાર રƨતા થઈ ડો.હરભાઈ ગૌદાણી હોƨપીટલ Ʌુધીનો રોડ 600 11 08.10.2028 વĮણ ̆ોકોન ̆ા. લી. ક-ƨટોન ઇƛ̇ાƨ˼ƈચર રાક °શ એસ. ખલાસ ĥતેશ એચ. દામાણી પર°શ સી. ચૌધાર ગોપાલ Ȑ. પટ°લ
2025-26,30,North,સરસȶુર,27 SARASPUR-RAKHIYAL,545.0,15.0,18.02.2029,(?)n Prokon Pvt Ltd (verify prefix),,સરસȶુર રખીયાલ રંગીલા હȵુમાન થી Ʌુલેમાની હવેલી તથા ભગવતીનગર થી શારદાબેન હોƨપીટલ Ʌુધીનો રોડ 545 9 + 15 18.02.2029 વĮણ ̆ોકોન ̆ા. લી. માસ½ Ɯલાનӄગ એƛડ Ӝજનીયરӄગ સવસીસ ̆ા. લી. રાક°શ એસ. ખલાસ ĥતેશ એચ. દામાણી પર°શ સી. ચૌધાર ગોપાલ Ȑ. પટ°લ
2025-26,31,North,ઠïરનગરઉિમયાધામ,23 THAKKARBAPANAGAR,405.0,17.04,17.04.2028,Apex Protech LLP,,ઠïરનગરઉિમયાધામ એપાટ½મેƛટ થી Ʀયામ Ȣુટર ર°િસડ°ƛસી થઇ ƨવાિમનારાયણ મંદર Ʌુધીનો રોડ રસરફ°સ કરવાના કામ 405 7.26 17.04.2028 એપેë ̆ોટ°ક એલ.એલ.પી. માસ½ Ɯલાનીગ એƛડ એƛĥનીયરગ સિવસ ̆ા.લી. સૌરભભાઈ પટ°લ જયેશભાઈ બારોટ િનલેશભાઈ પટ°લ ગોપાલભાઈ પટ°લ
2025-26,32,North,ઠïરનગર,23 THAKKARBAPANAGAR,720.0,15.78,11.11.2028,Apex Protech LLP,,ઠïરનગર ભાƊયોદય હોટલ થી માધવ મોલ ˲ોસ રોડ થઇ બ̃ીનારાયણ ˲ોસ રોડ થઇ બાપાસીતારામ મȯુલી ક°નાલ Ʌુધી નો રોડ રસરફ°સ કરવાના કામ 720 15.78 11.11.2028 એપેë ̆ોટ°ક એલ.એલ.પી. કƨટોન ઇƛ̇ાƨ˼ƈચર સૌરભભાઈ પટ°લ જયેશભાઈ બારોટ િનલેશભાઈ પટ°લ ગોપાલભાઈ પટ°લ
2025-26,33,North,ઠïરનગરનંદલાલ,23 THAKKARBAPANAGAR,315.0,1.12,01.12.2028,Apex Protech LLP,,ઠïરનગરનંદલાલ વાઘવા હોલથી માધવ મોલ Ʌુધી રોડ રસરફ°સ કરવાના કામ 315 9.5 01.12.2028 એપેë ̆ોટ°ક એલ.એલ.પી. કƨટોન ઇƛ̇ાƨ˼ƈચર સૌરભભાઈ પટ°લ જયેશભાઈ બારોટ િનલેશભાઈ પટ°લ ગોપાલભાઈ પટ°લ
2025-26,34,North,ઠïરનગર,23 THAKKARBAPANAGAR,240.0,15.9,28.12.2028,Apex Protech LLP,,ઠïરનગર બ̃ીનારાયણ સોસાયટ ટ.પી. રોડરસરફ°સ કરવાના કામ 240 15.9 28.12.2028 એપેë ̆ોટ°ક એલ.એલ.પી. કƨટોન ઇƛ̇ાƨ˼ƈચર સૌરભભાઈ પટ°લ જયેશભાઈ બારોટ િનલેશભાઈ પટ°લ ગોપાલભાઈ પટ°લ
2025-26,35,North,બાȶુનગર,26 BAPUNAGAR,132.0,160.0,11.04.2028,M/s L.G. Chaudhary,,બાȶુનગર Ƀુભ લǛમી Ɲલેટથી 132 ĭટ મોડલ રોડ Ʌુધીનો રƨતો 160 12 11.04.2028 એલ.ĥ.ચૌધર માસ½ Ɯલાનીગ એƛડ એƛĥનીયરગ સિવસ ̆ા.લી. હર°ન ગાંગોલ ȶૃƘવી સવાણી ચીમનભાઈ ખરાડ ગોપાલ Ȑ. પટ°લ
2025-26,36,North,બાȶુનગર,26 BAPUNAGAR,950.0,12.0,14.06.2028,M/s L.G. Chaudhary,,બાȶુનગર જય Ӕબે બેકર થી સરƨવતી ƨȢૂલ થઈ ɃુભલǛમી Ɲલેટ Ʌુધીનો રોડ 950 12 14.06.2028 એલ.ĥ.ચૌધર માસ½ Ɯલાનીગ એƛડ એƛĥનીયરગ સિવસ ̆ા.લી. હર°ન ગાંગોલ ȶૃƘવી સવાણી ચીમનભાઈ ખરાડ ગોપાલ Ȑ. પટ°લ
2025-26,37,East,િનકોલ,,620.0,14.0,16-11-2028,Vimal Construction,,િનકોલ ઉમા ƨȢુલ થી એƈલેટ Ɲલેટ Ʌુધી 620 14 16-11-2028 િવમલ કƛƨ˼કશન ઓમ એƛજનીયરગ સંજયભાઇ પટ°લ અિમતભાઈ બંસલ ઉƗકષ½ભાઈ ભાભોર રાȐશભાઈ ટ રાઠવા
2025-26,38,East,િનકોલ,,1035.0,14.0,,Vimal Construction,,િનકોલ ભƈત સક½લ થી િનકોલ પોલીસ ƨટ°શન 1035 14 46946 િવમલ કƛƨ˼કશન ઓમ એƛજનીયરગ સંજયભાઇ પટ°લ અિમતભાઈ બંસલ ઉƗકષ½ભાઈ ભાભોર રાȐશભાઈ ટ રાઠવા
2025-26,39,East,િનકોલ,,1185.0,14.0,25-11-2028,Vimal Construction,,િનકોલ એƈલેટ Ɲલેટ થી અȺૃતમ હોટલ 1185 14 25-11-2028 િવમલ કƛƨ˼કશન ઓમ એƛજનીયરગ સંજયભાઇ પટ°લ અિમતભાઈ બંસલ ઉƗકષ½ભાઈ ભાભોર રાȐશભાઈ ટ રાઠવા
2025-26,40,East,વĘાલ,,1050.0,14.0,,Vimal Construction,,વĘાલ તનમન ચાર રƨતા થી આƨથા-2 મે˼ો Ʌુધીનો રોડ 1050 14 46883 િવમલ કƛƨ˼કશન ઓમ એƛજનીયરગ સંજયભાઇ પટ°લ અિમતભાઈ બંસલ ઉƗકષ½ભાઈ ભાભોર રાȐશભાઈ ટ રાઠવા
2025-26,41,East,રામોલ-,,307.0,24.0,24-09-2028,Maruti Construction,,"રામોલ- હાથીજણઆશીવા½દ Ɲલોરા થી કણા½વતી રવેરા,ƛȻુ મણીનગર 307 7 24-09-2028 માĮિત કƛƨ˼કશન ઓમ એƛજનીયરગ સંજયભાઇ પટ°લ અિમતભાઈ બંસલ ઉƗકષ½ભાઈ ભાભોર રાȐશભાઈ ટ રાઠવા"
2025-26,42,East,રામોલ-,,287.0,22.0,22-09-2028,Maruti Construction,,"રામોલ- હાથીજણહર˲Ƨના ર°સીડ°ƛસી થી શરણમ એલીગƛસ,ƛȻુ મણીનગર 287 7 22-09-2028 માĮિત કƛƨ˼કશન ઓમ એƛજનીયરગ સંજયભાઇ પટ°લ અિમતભાઈ બંસલ ઉƗકષ½ભાઈ ભાભોર રાȐશભાઈ ટ રાઠવા"
2025-26,43,East,રામોલ-,,296.0,21.0,21-09-2028,Maruti Construction,,"રામોલ- હાથીજણ̒ી-નંદ સીટ-2 રોડ,ƛȻુ મણીનગર 296 9 21-09-2028 માĮિત કƛƨ˼કશન ઓમ એƛજનીયરગ સંજયભાઇ પટ°લ અિમતભાઈ બંસલ ઉƗકષ½ભાઈ ભાભોર રાȐશભાઈ ટ રાઠવા"
2025-26,44,East,િનકોલ,,1355.0,14.0,23-01-2029,Maruti Construction,,િનકોલ િનકોલ પોલીસ ƨટ°શન થી નેશનલ હ°ƛડɀુમ 1355 14 23-01-2029 માĮિત કƛƨ˼કશન ઓમ એƛજનીયરગ સંજયભાઇ પટ°લ અિમતભાઈ બંસલ ઉƗકષ½ભાઈ ભાભોર રાȐશભાઈ ટ રાઠવા
2025-26,45,East,ભાઈȶુરા,,330.0,,,Maruti Construction,,ભાઈȶુરા Ɗયા̆શાદ કનોĥયા ઓપન પાટ Ɯલોટ થી ʞુવ ƨȢુલ 330 9 46757 માĮિત કƛƨ˼કશન ઓમ એƛજનીયરગ સંજયભાઇ પટ°લ અિમતભાઈ બંસલ ઉƗકષ½ભાઈ ભાભોર રાȐશભાઈ ટ રાઠવા
2025-26,46,East,રામોલ-,,990.0,,,Nar Narayan Infrastructure Pvt Ltd,,રામોલ- હાથીજણગીરાપરા થી એસ.પી રӄગ રોડ 990 7 47150 નરનારાયણ ઇƛ̇ા ઓમ એƛજનીયરગ અિ Ėનભાઈ ડામોર અિમતભાઈ બંસલ ઉƗકષ½ભાઈ ભાભોર રાȐશભાઈ ટ રાઠવા
2025-26,47,East,રામોલ-,,400.0,,,Nar Narayan Infrastructure Pvt Ltd,,રામોલ- હાથીજણઅબ½ન હ°ƣથ સેƛટરથી Ĥમફળવાડ ક°નાલ Ʌુધી 400 9 46976 નરનારાયણ ઇƛ̇ા ઓમ એƛજનીયરગ અિ Ėનભાઈ ડામોર અિમતભાઈ બંસલ ઉƗકષ½ભાઈ ભાભોર રાȐશભાઈ ટ રાઠવા
2025-26,48,East,વĘાલ,,530.0,17.0,17-09-2028,Maruti Construction,,વĘાલ નૈયા ર°સીડ°ƛસી થી વĘાલ ગામ 530 6 17-09-2028 માĮિત કƛƨ˼કશન ઓમ એƛજનીયરગ સંજયભાઇ પટ°લ અિમતભાઈ બંસલ ઉƗકષ½ભાઈ ભાભોર રાȐશભાઈ ટ રાઠવા
2025-26,49,East,વĘાલ,,225.0,,,Maruti Construction,,વĘાલ ƛȻુ ગȐƛ̃પાક½ ટ.પી રોડ વĘાલ 225 6 46883 માĮિત કƛƨ˼કશન ઓમ એƛજનીયરગ સંજયભાઇ પટ°લ અિમતભાઈ બંસલ ઉƗકષ½ભાઈ ભાભોર રાȐશભાઈ ટ રાઠવા
2025-26,50,East,િનકોલ,,240.0,14.0,,Maruti Construction,,િનકોલ ̒ીમદ એફોડ½થી Ʀયામવેદ ર°સીડ°ƛસી 240 14 47240 માĮિત કƛƨ˼કશન ઓમ એƛજનીયરગ સંજયભાઇ પટ°લ અિમતભાઈ બંસલ ઉƗકષ½ભાઈ ભાભોર રાȐશભાઈ ટ રાઠવા
2025-26,51,East,િનકોલ,,1610.0,14.0,16-02-2029,Maruti Construction,,િનકોલ સાથ½ક ગાડ½ન થી રાજહંશ િસનેમા ચાર રƨતા 1610 14 16-02-2029 માĮિત કƛƨ˼કશન ઓમ એƛજનીયરગ સંજયભાઇ પટ°લ અિમતભાઈ બંસલ ઉƗકષ½ભાઈ ભાભોર રાȐશભાઈ ટ રાઠવા
2025-26,52,East,અમરાઈવા,,497.0,,,Maruti Construction,,અમરાઈવા ડ અમરાઈવાડ પોલીસ ƨટ°શન થી નારણપીઠા ચાર રƨતા થી Ȥુલાબનગર 497 9 47037 માĮિત કƛƨ˼કશન ઓમ એƛજનીયરગ સંજયભાઇ પટ°લ અિમતભાઈ બંસલ ઉƗકષ½ભાઈ ભાભોર રાȐશભાઈ ટ રાઠવા
2025-26,53,East,વĘાલ,,312.0,12.0,16-10-2028,Maruti Construction,,વĘાલ ̒ીધર હ°વન થી ̒ીધર ƨપશ½ Ʌુધી 312 12 16-10-2028 માĮિત કƛƨ˼કશન ઓમ એƛજનીયરગ સંજયભાઇ પટ°લ અિમતભાઈ બંસલ ઉƗકષ½ભાઈ ભાભોર રાȐશભાઈ ટ રાઠવા
2025-26,54,East,વĘાલ,,230.0,12.0,15-10-2028,Maruti Construction,,વĘાલ ̒ીધર ƨપશ½ થી િસƚધેĖર મહાદ°વ Ʌુધી 230 12 15-10-2028 માĮિત કƛƨ˼કશન ઓમ એƛજનીયરગ સંજયભાઇ પટ°લ અિમતભાઈ બંસલ ઉƗકષ½ભાઈ ભાભોર રાȐશભાઈ ટ રાઠવા આ.ઇ. આ.સી.ઇ. ડ°. સીટ ઇજનેર એડ. સીટ ઇજનેરકોƛ˼ાƈટરȵું નામ પી.એમ.સી. એજƛસીȵું નામ કામ કરાવનાર અિધ
2025-26,55,East,રામોલ-,,700.0,29.0,29-12-2028,Nar Narayan Infrastructure Pvt Ltd,,રામોલ- હાથીજણમાધવ પԔƞલક ƨȢુલ વાળો રોડ 700 7 29-12-2028 નરનારાયણ ઇƛ̇ા ઓમ એƛજનીયરગ અિ Ėનભાઈ ડામોર અિમતભાઈ બંસલ ઉƗકષ½ભાઈ ભાભોર રાȐશભાઈ ટ રાઠવા
2025-26,56,East,રામોલ-,,400.0,18.0,18-12-2028,Nar Narayan Infrastructure Pvt Ltd,,રામોલ- હાથીજણજશોદાનગર ̈ીજ સિવસ રોડ(ક°ડલા ̈ીજ સિવસ રોડ) 400 9 18-12-2028 નરનારાયણ ઇƛ̇ા ઓમ એƛજનીયરગ અિ Ėનભાઈ ડામોર અિમતભાઈ બંસલ ઉƗકષ½ભાઈ ભાભોર રાȐશભાઈ ટ રાઠવા
2025-26,57,East,રામોલ-,,281.0,,,Nar Narayan Infrastructure Pvt Ltd,,રામોલ- હાથીજણગાય́ીનગર ચાર રƨતા થી ગીરાપરા વળાંક Ʌુધી 281 7 47393 નરનારાયણ ઇƛ̇ા ઓમ એƛજનીયરગ અિ Ėનભાઈ ડામોર અિમતભાઈ બંસલ ઉƗકષ½ભાઈ ભાભોર રાȐશભાઈ ટ રાઠવા
2025-26,58,East,રામોલ-,,119.0,,,Maruti Construction,,રામોલ- હાથીજણજશોદાનગર ƨȢુલ થી ભરવાડ ના ઘર Ʌુધી 119 7 46764 માĮિત કƛƨ˼કશન ઓમ એƛજનીયરગ સંજયભાઇ પટ°લ અિમતભાઈ બંસલ ઉƗકષ½ભાઈ ભાભોર રાȐશભાઈ ટ રાઠવા
2025-26,59,East,રામોલ-,,243.0,,,Maruti Construction,,રામોલ- હાથીજણજશોદાનગર ƨȢુલ થી ચȸુતરા Ʌુધી 243 9 47150 માĮિત કƛƨ˼કશન ઓમ એƛજનીયરગ સંજયભાઇ પટ°લ અિમતભાઈ બંસલ ઉƗકષ½ભાઈ ભાભોર રાȐશભાઈ ટ રાઠવા
2025-26,60,East,રામોલ-,,107.0,,,Maruti Construction,,રામોલ- હાથીજણȺુƈતેĖર મહાદ°વ નગર રોડ 107 5 46764 માĮિત કƛƨ˼કશન ઓમ એƛજનીયરગ સંજયભાઇ પટ°લ અિમતભાઈ બંસલ ઉƗકષ½ભાઈ ભાભોર રાȐશભાઈ ટ રાઠવા
2025-26,61,East,રામોલ-,,513.0,,,Maruti Construction,,રામોલ- હાથીજણɅુધીરભાઈ હોƨપટલ થી Ʌુરાĥ એƨટ°ટ રોડ 513 7 46764 માĮિત કƛƨ˼કશન ઓમ એƛજનીયરગ સંજયભાઇ પટ°લ અિમતભાઈ બંસલ ઉƗકષ½ભાઈ ભાભોર રાȐશભાઈ ટ રાઠવા
2025-26,62,East,રામોલ-,,486.0,,,Maruti Construction,,રામોલ- હાથીજણખોડયાર માતાના મંદર થી Ʌુરાĥ એƨટ°ટ રોડ 486 7.5 47150 માĮિત કƛƨ˼કશન ઓમ એƛજનીયરગ સંજયભાઇ પટ°લ અિમતભાઈ બંસલ ઉƗકષ½ભાઈ ભાભોર રાȐશભાઈ ટ રાઠવા
2025-26,63,East,રામોલ-,,535.0,25.0,25-01-2029,Maruti Construction,,રામોલ- હાથીજણɅુિવધા ટ°નામેƛટ થી મહસાગર મંદર Ʌુધી 535 7 25-01-2029 માĮિત કƛƨ˼કશન ઓમ એƛજનીયરગ સંજયભાઇ પટ°લ અિમતભાઈ બંસલ ઉƗકષ½ભાઈ ભાભોર રાȐશભાઈ ટ રાઠવા
2025-26,64,East,રામોલ-,,255.0,28.0,28-12-2028,Maruti Construction,,રામોલ- હાથીજણઆશીષ જવેલસ½ થી કȵુભાઈ દ°સાઈના ઘર Ʌુધી 255 8 28-12-2028 માĮિત કƛƨ˼કશન ઓમ એƛજનીયરગ સંજયભાઇ પટ°લ અિમતભાઈ બંસલ ઉƗકષ½ભાઈ ભાભોર રાȐશભાઈ ટ રાઠવા
2025-26,65,East,િનકોલ,,515.0,12.0,29-03-2029,Vimal Construction,,િનકોલ અમદાવાદ ખમણ થી Ʌુરભી તળાવ 515 12 29-03-2029 િવમલ કƛƨ˼કશન ઓમ એƛજનીયરગ સંજયભાઇ પટ°લ અિમતભાઈ બંસલ ઉƗકષ½ભાઈ ભાભોર રાȐશભાઈ ટ રાઠવા
2025-26,66,East,અમરાઈવા,,26.0,337.0,18-01-2029,Maruti Construction,,અમરાઈવા ડ મે˼ો પીƣલર-26 થી નવનીત ̆કાશન ચાર રƨતા 337 9 18-01-2029 માĮિત કƛƨ˼કશન ઓમ એƛજનીયરગ સંજયભાઇ પટ°લ અિમતભાઈ બંસલ ઉƗકષ½ભાઈ ભાભોર રાȐશભાઈ ટ રાઠવા
2025-26,67,East,ભાઈȶુરા,,970.0,24.0,24-12-2028,Maruti Construction,,ભાઈȶુરા અજય ટ°નામેƛટ થી બી.આર.ટ એસ રોડ 970 7 24-12-2028 માĮિત કƛƨ˼કશન ઓમ એƛજનીયરગ સંજયભાઇ પટ°લ અિમતભાઈ બંસલ ઉƗકષ½ભાઈ ભાભોર રાȐશભાઈ ટ રાઠવા
2025-26,68,East,િનકોલ,,765.0,14.0,15-12-2028,Nar Narayan Infrastructure Pvt Ltd,,િનકોલ ટોર°ƛટ સબ ƨટ°શન થી ĥઆઈડસી ગેટ ન 1 થઈ મȴુમાલતી ચાર રƨતા Ʌુધીનો રોડ 765 14 15-12-2028 નરનારાયણ ઇƛ̇ા ઓમ એƛજનીયરગ અિ Ėનભાઈ ડામોર અિમતભાઈ બંસલ ઉƗકષ½ભાઈ ભાભોર રાȐશભાઈ ટ રાઠવા
2025-26,69,East,વĘાલ,,520.0,,,Vimal Construction,,વĘાલ ઉિમયા ȮુƜલેëથી Ʌુરધારા મે˼ો Ʌુધીનો રોડ 520 9 46914 િવમલ કƛƨ˼કશન ઓમ એƛજનીયરગ સંજયભાઇ પટ°લ અિમતભાઈ બંસલ ઉƗકષ½ભાઈ ભાભોર રાȐશભાઈ ટ રાઠવા
2025-26,70,East,રામોલ-,,345.0,,,Nar Narayan Infrastructure Pvt Ltd,,રામોલ- હાથીજણ̒ીનંદ આયા½ થી એસ.પી.રӄગ રોડ 345 7 46885 નરનારાયણ ઇƛ̇ા ઓમ એƛજનીયરગ અિ Ėનભાઈ ડામોર અિમતભાઈ બંસલ ઉƗકષ½ભાઈ ભાભોર રાȐશભાઈ ટ રાઠવા
2025-26,71,East,િનકોલ,,385.0,,,Vimal Construction,,િનકોલ રાજભવન બંƊલો થી ભƈત સક½લ 385 9 46915 િવમલ કƛƨ˼કશન ઓમ એƛજનીયરગ સંજયભાઇ પટ°લ અિમતભાઈ બંસલ ઉƗકષ½ભાઈ ભાભોર રાȐશભાઈ ટ રાઠવા
2025-26,72,East,રામોલ-,,390.0,,,Nar Narayan Infrastructure Pvt Ltd,,રામોલ- હાથીજણએસ.પી.રӄગ રોડ થી ̒ીનંદ આયા½ થઈ ઍƈસ̆ે હાઈવે 390 7 46885 નરનારાયણ ઇƛ̇ા ઓમ એƛજનીયરગ અિ Ėનભાઈ ડામોર અિમતભાઈ બંસલ ઉƗકષ½ભાઈ ભાભોર રાȐશભાઈ ટ રાઠવા
2025-26,73,East,ગોમતીȶુર,,400.0,10.0,24-12-2028,Nar Narayan Infrastructure Pvt Ltd,,ગોમતીȶુર અમનનગર થી અહ°મદ સોસાયટ Ʌુધીનો રોડ 400 10 24-12-2028 નરનારાયણ ઇƛ̇ા ઓમ એƛજનીયરગ િનરંજનભાઈ સાȴુ Ȥુલામ અલી ȳુરાની Ʌુિનલભાઈ પટ°લ રા Ȑશભાઈ ટ રાઠવા
2025-26,74,East,વĘાલ,,330.0,12.0,,Nar Narayan Infrastructure Pvt Ltd,,વĘાલ ̒ીધર હાઈટ થી ̆ાથ½ના એƈઝોટકા Ʌુધી 330 12 47178 નરનારાયણ ઇƛ̇ા ઓમ એƛજનીયરગ ચતનભાઈ પટ°લ ક °તનભાઈ િમĘી જયભાઈ ઉપાƚયાય રાȐશભાઈ ટ રાઠવા
2025-26,75,East,ભાઈȶુરા,,685.0,27.0,27-01-2029,,,ભાઈȶુરા િશરોમણી થી ઈĖȢૃપા ચાર રƨતા 685 9 27-01-2029 માĮિત કƛƨ˼ƈશન ઓમ એƛજનીયરગ ̆ીȱુલભાઈ શાહ મહ°શભાઇ રાજȶૂત મહ°શભાઇ રાજȶૂત રાȐશભાઈ ટ રાઠવા
2025-26,76,East,ભાઈȶુરા,,420.0,11.0,29-01-2029,,,ભાઈȶુરા ઇĖરȢૃપા ચાર રƨતા થી ƨમશાન ˴હ Ʌુધીનો રોડ 420 11 29-01-2029 માĮિત કƛƨ˼ƈશન ઓમ એƛજનીયરગ ̆ીȱુલભાઈ શાહ મહ°શભાઇ રાજȶૂત મહ°શભાઇ રાજȶૂત રાȐશભાઈ ટ રાઠવા
2025-26,77,East,બાȶુ,26 BAPUNAGAR,110.0,,,Nar Narayan Infrastructure Pvt Ltd,,વĘાલ બાજરયા બાȶુ ના આ̒મ થી મે˼ો ƨટ°શન રોડ 110 7 47424 નરનારાયણ ઇƛ̇ા ઓમ એƛજનીયરગ ચતનભાઈ પટ°લ ક °તનભાઈ િમĘી જયભાઈ ઉપાƚયાય રાȐશભાઈ ટ રાઠવા
2025-26,78,East,વĘાલ,,275.0,23.0,23-03-2029,,,વĘાલ માનસી સોસાયટ (અજય ટ°નામેƛટ-5) રોડ 275 7 23-03-2029 માĮિત કƛƨ˼ƈશન ઓમ એƛજનીયરગ પલકબેન ખંભાતા ક°તનભાઈ િમĘી જયભાઈ ઉપાƚયાય રાȐશભાઈ ટ રાઠવા
2025-26,79,East,ઓઢવ,,264.0,,,,,ઓઢવ 1)રામદ°વ મોબાઇલ થી હȵુમાનધામ રોડ તથા 2)બેલા પાક½ સોસાયટ થી ભૈરવનાથ ભોજનાલય Ʌુધી 264 9 47271 માĮિત કƛƨ˼ƈશન ઓમ એƛજનીયરગ મૈ ́ેયભાઈ વાઘેલાિવþલભાઈ ગોહલ મહ°શભાઈ હડયલ રા Ȑશભાઈ ટ રાઠવા
2025-26,80,East,અમરાઇવા,,530.0,26.0,26-03-2029,,,અમરાઇવા ડ કȢુભાઈની ચાલી રોડ ƨટોર થી અમરાઈવાડ જોગણીમાતા મંદર Ʌુધીનો રોડ 530 9 26-03-2029 માĮિત કƛƨ˼ƈશન ઓમ એƛજનીયરગ જયંતીભાઈ અસાર ચરાગભાઈ વસાવા Ʌુિનલભાઈ પટ°લ રા Ȑશભાઈ ટ રાઠવા
2025-26,81,East,અમરાઇવા,,132.0,300.0,29-03-2029,,,અમરાઇવા ડ અમરાઇવાડ પોલીસ ƨટ°શનથી મંગલપાક½ સોસાયટ થઇ 132 Ĭટ રોડને જોડતો રોડ 300 12 29-03-2029 માĮિત કƛƨ˼ƈશન ઓમ એƛજનીયરગ જયંતીભાઈ અસાર ચરાગભાઈ વસાવા Ʌુિનલભાઈ પટ°લ રા Ȑશભાઈ ટ રાઠવા
2025-26,82,South,ઇƛ̃ȶુર,,920.0,3.12,03.12.2028,Maruti Construction,,ઇƛ̃ȶુર ઇƛ̃ȶુર વોડ½માં એƈસ̆ેસ વે જંકશન થી ખારકટ ક°નાલ Ʌુધીનો સિવસ રોડ િમલગ કર રસરફ°સ કરવાના કામ 920 9 03.12.2028 માĮિત કƛƨ˼કશન કં. અƛવયા કƛƨ˼કશન કƛસƣટƛસી ̆ા.લી. ̒ી મહ°ƛ̃ભાઈ ȢુરȢુટયા ̒ી દપેƦભાઈ કંબોડ ̒ી ઠાકોરભાઈ વસાવા ̒ી હમાંɃુભાઈ
2025-26,83,South,દાણીલીમડાદëણ,36 DANILIMDA,350.0,9.11,09.11.2028,Keystone Infrastructure Pvt Ltd,,દાણીલીમડાદëણ ઝોન દાણીલીમડા વોડ½માં મંગળ િવકાસ થી દ°ના બҪક Ʌુધીનો રોડ રસરફ°સ કરવાના કામ 350 8.5 09.11.2028 વĮણ ̆ોકોન ̆ા. લી. ક ƨટોન ઇƛ̇ાƨ˼ƈચર સતીશ વાઘેલા નર°ƛ̃ ભાઈ ગામેતી સલમાનભાઈ શેખ ̒ી હમાંɃુભાઈ મહ°તા
2025-26,84,South,લાંભા,,912.0,15.11,15.11.2031,(?) Infracon LLP (verify prefix),,લાંભા દëણ ઝોન લાંભા વોડ½માં નેશનલ હાઇવેથી ટોર°ƛટ પાવર થઇ બળયાદ°વ મંદર Ʌુધીનો શાહવાડ ગામનો ȺુƉય રોડ રસરફ°સ કરવાના કામ 912 7 15.11.2031 િવમલ ઇƛ̇ાકોન એલ.એલ.પી. અƛવયા કƛƨ˼કશન કƛસƣટƛસી ̆ા.લી. નર°ƛ̃ભાઈ ચૌહાણȢૃણાલ ભાઈ િમĘી ઠાકોરભાઈ વસાવા ̒ી 
2025-26,85,South,લાંભા,,680.0,28.12,28.12.2031,(?) Infracon LLP (verify prefix),,લાંભા દëણ ઝોનના લાંભા વાડ½માં આવેલ જયેશ ફ°કટર થી મોતીȶુરા ˾°નેજ પંપીગ ƨટ°શન Ʌુધીનો રોડ ર˴ેડ કર રસરફ°સ કરવાના કામ બાબત. 680 9 28.12.2031 િવમલ ઇƛ̇ાકોન એલ.એલ.પી. અƛવયા કƛƨ˼કશન કƛસƣટƛસી ̆ા.લી. નર°ƛ̃ભાઈ ચૌહાણȢૃણાલ ભાઈ િમĘી ઠાકોરભાઈ વસાવા ̒ી
2025-26,86,South,લાંભા,,295.0,6.12,06.12.2028,(?) Infracon LLP (verify prefix),,લાંભા દëણ ઝોનના લાંભા વાડ½માં આવેલ વારાહ પાક½થી ખોડયાનગર રોડ ર˴ેડ કર રસરફ°સ કરવાના કામ બાબત. 295 9 06.12.2028 િવમલ ઇƛ̇ાકોન એલ.એલ.પી. અƛવયા કƛƨ˼કશન કƛસƣટƛસી ̆ા.લી. શંકરભાઈ બારયા સંદપભાઈ રાઠોડ ઠાકોરભાઈ વસાવા ̒ી હમાંɃુભાઈ મહ°તા આ.ઇ. આ
2025-26,87,South,લાંભા,,2439.0,18.04,18.04.2028,Keystone Infrastructure Pvt Ltd,,લાંભા દëણ ઝોનના લાંભા વોડ½માં આવેલ બળયાદ°વ મંદર થી ઇƛદરાનગર Ʌુધીનો રોડ ર˴ેડ કર રસરફ°સ કરવાના કામ 2439 6 18.04.2028 વĮણ ̆ોકોન ̆ા. લી. ક ƨટોન ̆ા.લી. ભરતભાઈ સદાત સંદપભાઈ રાઠોડ ઠાકોરભાઈ વસાવા ̒ી હમાંɃુભાઈ મહ°તા
2025-26,88,South,લાંભા,,2023.0,21.11,21.11.2028,Keystone Infrastructure Pvt Ltd,,લાંભા દëણ ઝોનના લાંભા વોડ½માં આવેલ ઇƛદરાનગર થી ભારત પે˼ોલ પƠપ કમોડ ગામ Ʌુધીનો રોડ ર˴ેડ કર રસરફ°સ કરવાના કામ 2023 6 21.11.2028 વĮણ ̆ોકોન ̆ા. લી. ક ƨટોન ̆ા.લી. ભરતભાઈ સદાત સંદપભાઈ રાઠોડ ઠાકોરભાઈ વસાવા ̒ી હમાંɃુભાઈ મહ°તા
2025-26,89,South,લાંભા,,500.0,12.04,12.04.2030,R.K.C. Infrabuild Pvt Ltd,,લાંભા દëણ ઝોન લાંભા વોડ½માં ̒ીĥ સોસાયટથી ભીલવાસ થઈ ધમ½Ȣુંજ િસધીનો રોડ બેઝવક½ કર રƨતો રસરફ°સ કરવાના કામ 500 7 12.04.2030 આર.ક°.સી.ઇƛ̇ાબƣડ ̆ા.લી. માસ½ Ɯલાનીગ એƛડ એƛĥનીઅરӄગ સિવસીસ ̆ા.લી. ભરતભાઈ સદાત સંદપભાઈ રાઠોડ ઠાકોરભાઈ વસાવા ̒ી હમાં
2025-26,90,South,લાંભા,,850.0,5.11,05.11.2030,R.K.C. Infrabuild Pvt Ltd,,લાંભા દëણ ઝોન લાંભા વોડ½માં મહાલǛમી ટ°ëટાઇƣસથી ȳુગા½વતી ̆ધાનમં́ી આવાસ યોજના Ʌુધીનો રોડ બેઝવક½ કર રƨતો રસરફ°સ કરવાના કામ 850 7 05.11.2030 આર.ક°.સી.ઇƛ̇ાબƣડ ̆ા.લી. માસ½ Ɯલાનીગ એƛડ એƛĥનીઅરӄગ સિવસીસ ̆ા.લી. ભરતભાઈ સદાત સંદપભાઈ રાઠોડ ઠાકોરભા
2025-26,91,South,લાંભા,,82.0,70.0,25.04.2028,(?) Infracon LLP (verify prefix),,લાંભા દëણ ઝોન લાંભા વોડ½માં ટ.પી-82 માં આવેલ ગણેશ લોટસથી શરણ-70 થઈ ભગીરથ હ°બીટટ થઈ અભીલાશા ફલેટ Ʌુધીનો ટ.પી રોડ બેઝવક½ કર રƨતો રસરફ°સ કરવાના કામ 820 8 25.04.2028 િવમલ ઇƛ̇ાકોન એલ.એલ.પી. અƛવયા કƛƨ˼કશન કƛસƣટƛસી ̆ા.લી. ભરતભાઈ સદાત સંદપભા
2025-26,92,South,લાંભા,,82.0,605.0,29.09.2028,(?) Infracon LLP (verify prefix),,લાંભા દëણ ઝોન લાંભા વોડ½માં ટ.પી-82 માં આવેલ ˲શહોƠસ-2 થઇ શાĖત ફલેટ થી વેલેસીયા બંƊલોઝ Ʌુધીનો ટ.પી રોડ બેઝવક½ કર રƨતો રસરફ°સ કરવાના કામ 605 12 & 7 29.09.2028 િવમલ ઇƛ̇ાકોન એલ.એલ.પી. અƛવયા કƛƨ˼કશન કƛસƣટƛસી ̆ા.લી. ભરતભાઈ સદાત સંદપભાઈ રાઠ
2025-26,93,South,લાંભા,,287.0,9.12,09.12.2028,(?) Infracon LLP (verify prefix),,લાંભા દëણ ઝોનના લાંભા વોડ½માં આવેલ િશવાલક Ɲલેટ થી વારાહ પાક½ Ʌુધીનો રોડ બેઝવક½ કર રƨતો રસરફ°સ કરવાના કામ 287 7 09.12.2028 િવમલ ઇƛ̇ાકોન એલ.એલ.પી. અƛવયા કƛƨ˼કશન કƛસƣટƛસી ̆ા.લી. ભરતભાઈ સદાત સંદપભાઈ રાઠોડ ઠાકોરભાઈ વસાવા ̒ી હમાંɃુભાઈ મહ°ત
2025-26,94,South,લાંભા,,1127.0,15.11,15.11.2028,(?) Infracon LLP (verify prefix),,લાંભા દëણ ઝોનના લાંભા વોડ½માં આવેલ ̒ીĥ ƨકાય થી Ȭુઝલર ફ°કટર Ʌુધીનો રોડ Ʌુધીનો રોડ ર˴ેડ કર રસરફ°સ કરવાના કામ 1127 9 15.11.2028 િવમલ ઇƛ̇ાકોન એલ.એલ.પી. અƛવયા કƛƨ˼કશન કƛસƣટƛસી ̆ા.લી. ભરતભાઈ સદાત સંદપભાઈ રાઠોડ ઠાકોરભાઈ વસાવા ̒ી હમાંɃુભાઈ મ
2025-26,95,South,લાંભા,,450.0,6.11,06.11.2028,R.K.C. Infrabuild Pvt Ltd,,લાંભા દëણ ઝોનના લાંભા વાડ½માં આવેલ ȳુગા½વતી આવાસ યોજના થી શનીદ°વ મંદર Ʌુધીનો રોડ બેઝવક½ કર રસરફ°સ કરવાના કામ બાબત. 450 7 06.11.2028 આર.ક°.સી.ઇƛ̇ાબƣડ ̆ા.લી. માસ½ Ɯલાનીગ એƛડ એƛĥનીઅરӄગ સિવસીસ ̆ા.લી. ભરતભાઈ સદાત સંદપભાઈ રાઠોડ ઠાકોરભાઈ વસ
2025-26,96,South,લાંભા,,2500.0,5.12,05.12.2028,R.K.C. Infrabuild Pvt Ltd,,લાંભા દëણ ઝોનના લાંભા વાડ½માં આવેલ લǛમીȶુરાગામ થી પીપળજગામ Ʌુધીનો રોડ બેઝવક½ કર રસરફ°સ કરવાના કામ બાબત. 2500 6 05.12.2028 આર.ક°.સી.ઇƛ̇ાબƣડ ̆ા.લી. માસ½ Ɯલાનીગ એƛડ એƛĥનીઅરӄગ સિવસીસ ̆ા.લી. ભરતભાઈ સદાત સંદપભાઈ રાઠોડ ઠાકોરભાઈ વસાવા ̒ી હમા
2025-26,97,South,લાંભા,,200.0,24.12,24.12.2028,(?) Infracon LLP (verify prefix),,લાંભા દëણ ઝોનના લાંભા વાડ½માં આવેલ સેફાયર િવલા થી િસƚધી રોડ Ʌુધીનો રોડ ર˴ેડ કર રસરફ°સ કરવાના કામ બાબત 200 5 24.12.2028 િવમલ ઇƛ̇ાકોન એલ.એલ.પી. અƛવયા કƛƨ˼કશન કƛસƣટƛસી ̆ા.લી. ભરતભાઈ સદાત સંદપભાઈ રાઠોડ ઠાકોરભાઈ વસાવા ̒ી હમાંɃુભાઈ મહ°તા
2025-26,98,South,લાંભા,,374.0,25.12,25.12.2028,(?) Infracon LLP (verify prefix),,લાંભા દëણ ઝોનના લાંભા વોડ½માં આવેલ ગણેશ 2 હાઈટસ થી ̒ી હર હ°વન Ʌુધીનો રોડ બેઝવક½ કર રસરફ°સ કરવાના કામ 374 7 25.12.2028 િવમલ ઇƛ̇ાકોન એલ.એલ.પી. અƛવયા કƛƨ˼કશન કƛસƣટƛસી ̆ા.લી. ભરતભાઈ સદાત સંદપભાઈ રાઠોડ ઠાકોરભાઈ વસાવા ̒ી હમાંɃુભાઈ મહ°તા
2025-26,99,South,લાંભા,,242.0,433.0,14.11.2028,(?) Infracon LLP (verify prefix),,લાંભા દëણ ઝોનના લાંભા વોડ½માં આવેલ ડ.એચ.એસ. ઓરબીટ શોપӄગ મોલ થી Ʀયામ 242 બી.એચ.ક°. એપાટ½મેƛટ Ʌુધીનો રોડ બેઝવક½ કર રસરફ°સ કરવાના કામ 433 7 14.11.2028 િવમલ ઇƛ̇ાકોન એલ.એલ.પી. અƛવયા કƛƨ˼કશન કƛસƣટƛસી ̆ા.લી. ભરતભાઈ સદાત સંદપભાઈ રાઠોડ ઠાકોરભાઈ
2025-26,100,South,વટવા,,5.0,778.0,25.09.2028,Keystone Infrastructure Pvt Ltd,,વટવા દëણઝોન વટવા વોડ½માં કણા½વતી-05 થી અટલ બહાર વાજપયી Ʌુધીનો રોડ 778 14 25.09.2028 વĮણ ̆ોકોન ̆ા. લી. ક ƨટોન ઈƛ̇ાƨ˼ƈચર ભરત સડાત યોગેશ પંડÈા અનીલભાઈ ̆Ĥપિત ̒ી હમાંɃુભાઈ મહ°તા
2025-26,101,South,વટવા,,1800.0,23.09,23.09.2028,R.K.C. Infrabuild Pvt Ltd,,વટવા દëણઝોન વટવા વોડ½માં વટવા ગામથી અયોƚયા એપાટ½મેƛટ થઈ એસ.પી રӄગ રોડ Ʌુધીનો ગામડ તરફનો રોડ ક°નાલ પેર°લલ રોડ 1800 7 23.09.2028 આર.ક°.સી ઇƛ̇ાબƣટ ̆ા.લી માશ½ Ɯલાનӄગ એƛડ ડઝાઈન સિવસ ભરત સડાત યોગેશ પંડÈા અનીલભાઈ ̆Ĥપિત ̒ી હમાંɃુભાઈ મહ°તા
2025-26,102,South,વટવા,,260.0,23.11,23.11.2028,(?) Infracon LLP (verify prefix),,વટવા દëણ ઝોનના વટવા વાડ½માં આવલ આȢૃિત ƨટ°ટસ થી ભારત સી.એન.ĥ. પંપ Ʌુધીનો રોડ બેઝવક½ કર રસરફ°સ કરવાના કામ બાબત 260 5 23.11.2028 િવમલ ઇƛ̇ાકોન એલ.એલ.પી. અƛવયા કƛƨ˼કશન કƛસƣટƛસી ̆ા.લી. ભરત સડાત મેɆુલભાઈ ખરાડ અનીલભાઈ ̆Ĥપિત ̒ી હમાંɃુભાઈ મહ°તા
2025-26,103,South,વટવા,,310.0,27.09,27.09.2028,(?) Infracon LLP (verify prefix),,વટવા દëણ ઝોનના વટવા વાડ½માં આવેલ Ʌુંધામાતા ƨલીટ માટ½ થી સરદાર ચોક Ʌુધીનો રોડ બેઝવક½ કર રસરફ°સ કરવાના કામ બાબત 310 7 27.09.2028 િવમલ ઇƛ̇ાકોન એલ.એલ.પી. અƛવયા કƛƨ˼કશન કƛસƣટƛસી ̆ા.લી. ભરત સડાત મેɆુલભાઈ ખરાડ અનીલભાઈ ̆Ĥપિત ̒ી હમાંɃુભાઈ મહ°તા
2025-26,104,South,ખોખરા,44 KHOKHRA,845.0,12.0,,R.K.C. Infrabuild Pvt Ltd,,ખોખરા દëણ ઝોન પી.આઈ.Ȼુ ખાતાના ખોખાવોડ½ આવેલ એપર°લ પાક½ મે˼ો ƨટ°શન રોડ થી િસƣવર Ɲલેટ Ʌુધીનો રોડ ભેઝવક½ કર રસરફ°સ કરવાના કામ ભાબત. 845 12 17.9.2030 આર.ક°.સી. ઇƛ̇ા બƣટ.̆ા.લી. માશ½ Ɯલાનӄગ એƛડ એƛĥનીરӄગ સિવસ ̆ા.લી. અƣક°શ સોલંક Ӕકત ચૌધર ̆ 
2025-26,105,South,ખોખરા,44 KHOKHRA,374.0,22.09,22.09.2028,Maruti Construction,,ખોખરા ખોખરાવોડ½માં િસƣવર ફલેટથી મરયમ બીબી ચાર રƨતા Ʌુધીનો રોડ ર˴ેડ કર રસરફ°સ કરવા 374 9.2 22.09.2028 માȿુિત કƛƨ˼કશન ̆ા.લી. અƛવયા કƛƨ˼કશન કƛસƣટƛટ ̆ા.લી. અƣક°શ સોલંક Ӕકત ચૌધર ̆ િવણભાઈ હડયલ ̒ી હમાંɃુભાઈ મહ°તા
2025-26,106,South,ખોખરા,44 KHOKHRA,950.0,6.11,06.11.2030,R.K.C. Infrabuild Pvt Ltd,,ખોખરા ખોખસ વોડ½માં ઘોડાસર વોટર ડƨ˼ƞȻુશન ƨટ°શનથી ક°ડલા બીજ Ʌુધીનો ˴ેડ ર˴ેડ કર રસરફ°સ કરવા 950 9 06.11.2030 આર.ક°.સી. ઇƛ̇ા બƣટ.̆ા.લી. માશ½ Ɯલાનӄગ એƛડ એƛĥનીરӄગ સિવસ ̆ા.લી. અƣક°શ સોલંક Ӕકત ચૌધર ̆ િવણભાઈ હડયલ ̒ી હમાંɃુભાઈ મહ°તા
2025-26,107,South,ખોખરા,44 KHOKHRA,255.0,31.1,31.10.2030,R.K.C. Infrabuild Pvt Ltd,,ખોખરા દëણ ઝોનના ખોખર વોડ½માં થોડાસર એસ.ડબƣȻુ.ડ.ર°શન થી દશા માતાȵું મંદર Ʌુધીનો રોડ ર˴ેડ કર રસરફ°સ કરવાના કામ બાબત. 255 9 31.10.2030 આર.ક°.સી. ઇƛ̇ા બƣટ.̆ા.લી. માશ½ Ɯલાનӄગ એƛડ એƛĥનીરӄગ સિવસ ̆ા.લી. અƣક°શ સોલંક Ӕકત ચૌધર ̆ િવણભાઈ હડય
2025-26,108,South,ખોખરા,44 KHOKHRA,280.0,2.1,02.10.2028,Maruti Construction,,ખોખરા દëણ ઝોનના ખોખરાવોડ½માં ધારાસƟય̒ીના ફાળવેલ ƨપેƦયલ બȐટ પૈક (1) િશવ̆સાદ વકલની ચાલીથી હર કોલોની ટ.પી રોડ મીલӄગ કર રસરફ°સ કરવાના કામ 280 6 02.10.2028 માȿુિત કƛƨ˼કશન ̆ા.લી. અƛવયા કƛƨ˼કશન કƛસƣટƛટ ̆ા.લી. અƣક°શ સોલંક Ӕકત ચૌધર ̆ િવણભ
2025-26,109,South,ખોખરા,44 KHOKHRA,432.0,11.1,11.10.2028,Maruti Construction,,ખોખરા દëણ ઝોનના ખોખરાવોડ½માં સƗયનારાયણ સોસાયટથી (નારોલ) નેશનલ હાઇવે સિવસ રોડને જોડતો ક°નાલ સિવસ રોડ ડબીએમ લેવલે રસરફ°સ કરવાનાં કામ. 432 4 11.10.2028 માȿુિત કƛƨ˼કશન ̆ા.લી. અƛવયા કƛƨ˼કશન કƛસƣટƛટ ̆ા.લી. અƣક°શ સોલંક Ӕકત ચૌધર ̆ િવણભાઈ 
2025-26,110,South,ખોખરા,44 KHOKHRA,345.0,9.12,09.12.2028,Maruti Construction,,ખોખરા દëણ ઝોનના ખોખરાવોડ½માં ધારાસƟય̒ીના ફાળવેલ ƨપેƦયલ બȐટ પૈક (1)દëણી ગલી નં-2 ટ.પી રોડ 9.0 મીટર પહોળાઈનો હયાત રોડ મીલӄગ કર રસરફ°સ કરવા તથા રોડની બંđે બાȩુ Ĭટપાથ બનાવવાના કામ 345 5.7 09.12.2028 માȿુિત કƛƨ˼કશન ̆ા.લી. અƛવયા કƛƨ˼કશન કƛ
2025-26,111,South,ખોખરા,44 KHOKHRA,360.0,10.03,10.03.2029,Anavya Construction (verify),,ખોખરા દëણ ઝોન ખોખરાવોડ½માં નીલકંઠ હોƨપીટલ થી પંડત દનદયાળ હોલ Ʌુધીનો ટ.પી. રોડ ર˴ેડ કર રસરફ°સ કરવાના કામ 360 7 10.03.2029 વĮણ ̆ોકોન ̆ા. લી. અƛવયા કƛƨ˼કશન કƛસƣટƛટ ̆ા.લી. અƣક°શ સોલંક Ӕકત ચૌધર ̆ િવણભાઈ હડયલ ̒ી હમાંɃુભાઈ મહ°તા
2025-26,112,South,ઈસનȶુર,,400.0,13.11,13.11.2028,,,ઈસનȶુર દëણ ઝોન ઇસનȶુર વોડ½માં રામવાડ િવƨતારમાં આવેલ રામવાડ થી Ӕકત સોસાયટ િસધીનો ટ.પી. રોડ વાઈડનӄગ કર રસરફ°સ કરવા તથા Ĭટપાથ બનાવવાના કામ 400 6 13.11.2028 માȿુતી કƛƨ˼કશન અનƥયા કƛસ˼ƈશન કƛƨƣટƛસી ̆ા.લ. પાથ½ભાઈ ̈ěભü જયદપભાઈ ગҭડલીયા અનીલ
2025-26,113,South,ઇસનȶુર,,115.0,10.0,11.09.2028,Maruti Construction,,ઇસનȶુર ઇસનȶુર વોડ½માં ઇસનȶુર િવƨતારમાં આવેલ સમય કો.ઓ. હાઉિસગ સોસાયટ થી માĮિત પોƜȻુલર શોĮમ Ʌુધીનો નારોલ- નરોડા નેશનલ હાઇવે સિવસ રોડ ને જોડતો ટ.પી. રોડ બેઝવક½ કર રસરફ°સ કરવા તથા ĭટપાથ બનાવવાના કામ બાબત 115 10 11.09.2028 માĮિત કƛƨ˼કશન કં
2025-26,114,South,ઇસનȶુર,,135.0,11.07,11.07.2028,Maruti Construction,,ઇસનȶુર ઇસનȶુર વોડ½માં સĂાધાર ટ.પી. રોડ બેઝવક½ કર રસરફ°સ કરવા તથા ĭટપાથ બનાવવાના કામ બાબત 135 5.8 11.07.2028 માĮિત કƛƨ˼કશન કં. અƛવયા કƛƨ˼કશન કƛસƣટƛસી ̆ા.લી. ̒ી મહ°ƛ̃ભાઈ ȢુરȢુટયા ̒ી યોગેશ પંડÈા અનીલભાઈ ̆Ĥપિત ̒ી હમાંɃુભાઈ મહ°તા
2025-26,115,South,ઇસનȶુર,,330.0,16.05,16.05.2028,Maruti Construction,,ઇસનȶુર દëણ ઝોન ઇસનȶુર વોડ½માં ઘોડાસર િવƨતારમાં આવેલ ƥયાયામ શાળાથી ઘોડાસર ચાર રƨતા Ʌુધીનો ક°નાલ સિવસ રોડ મીલӄગ કર રસરફ°સ કરવાના કામ 330 8 16.05.2028 માĮિત કƛƨ˼કશન કં. અƛવયા કƛƨ˼કશન કƛસƣટƛસી ̆ા.લી. ̒ી મહ°ƛ̃ભાઈ ȢુરȢુટયા ̒ી યોગેશ પંડÈા અની
2025-26,116,South,ઇસનȶુર,,170.0,11.09,11.09.2028,Maruti Construction,,ઇસનȶુર દëણ ઝોન ઇસનȶુર વોડ½માં ઘોડાસર િવƨતારમાં વેદાત ƨȢુલથી જયȢૃપણ સોસાયટ Ʌુધીનો ટ.પી રƨતો મીલӄગ કર રસરફ°સ કરવાના કામ 170 7.4 11.09.2028 માĮિત કƛƨ˼કશન કં. અƛવયા કƛƨ˼કશન કƛસƣટƛસી ̆ા.લી. ̒ી મહ°ƛ̃ભાઈ ȢુરȢુટયા ̒ી યોગેશ પંડÈા અનીલભાઈ ̆Ĥપિત
2025-26,117,Central,શાહબાગ,,400.0,12.0,,Maruti Construction,,શાહબાગ કાંકરȢુઈ ચાર રƨતા થી ˳ƨતી ક̈ƨતાન 400 12 23/02/2029 માĮિત કƛƨ˼કશન કં. મેટ°ƨટ એƛĥ. એƛડ સિવસ ધવલ સોલંક Ⱥ ુક°શ ડોડયા ભરત વાઘડયા અિમત પટ°લ
2025-26,118,Central,અસારવા,15 ASARWA,495.0,15.0,,Maruti Construction,,અસારવા ̆ȹુનગર સક½લ થી હરȶુરા ગાડ½નથી બાȸુȶુરના છાપરા 495 8 15/10/2028 માĮિત કƛƨ˼કશન કં. મેટ°ƨટ એƛĥ. એƛડ સિવસ રાક°શ ભગોરા િમહર ગાંધી ભરત વાઘડયા અિમત પટ°લ
2025-26,119,Central,અસારવા,15 ASARWA,630.0,12.0,,Maruti Construction,,અસારવા બҪક ઓફ બરોડા થી અસારવા તળાવથી ચમનȶુરા ̈ીજ 630 12 12/10/2029 માĮિત કƛƨ˼કશન કં. મેટ°ƨટ એƛĥ. એƛડ સિવસ રાક°શ ભગોરા િમહર ગાંધી અશરફભાઈ વોરા અિમત પટ°લ
2025-26,120,Central,ખાડયા,28 KHADIA,1700.0,13.5,20.01.2029,Maruti Construction,,ખાડયા ́ણ દરવાĤ થી કાɀુȶુર (ગાંધીરોડ ) 1700 13.5 20.01.2029 માĮિત કƛƨ˼કશન કં. મેટ°ƨટ એƛĥ. એƛડ સિવસ ચીરાગ ઝીĦવાડયા અભેિસગ પટ°લયા (ઈƛચા. આ.સી.ઇ. નિવન પટ°લ અિમત પટ°લ
2025-26,121,Central,ખાડયા,28 KHADIA,570.0,30.12,30.12.2029,Maruti Construction,,ખાડયા કાɀુȶુર પોલીસ ƨટ°શંન થી ટંƈશાળ થઈ ચાંƣલા ઓળ (ટંƈશાળ રોડ) 570 9 30.12.2029 માĮિત કƛƨ˼કશન કં. મેટ°ƨટ એƛĥ. એƛડ સિવસ ચીરાગ ઝીĦવાડયા અભેિસગ પટ°લયા (ઈƛચા. આ.સી.ઇ. મહ°શ પટ°લ અિમત પટ°લ
2025-26,122,Central,દરયાȶુર,,225.0,12.0,,Maruti Construction,,દરયાȶુર રҰટયાવાડ ચાર રƨતા થ ગોƨવામી મહરાજનો વંડો 225 12 31/12/2028 માĮિત કƛƨ˼કશન કં. મેટ°ƨટ એƛĥ. એƛડ સિવસ મોહતભાઇ ગા`ધી રિવભાઇ વાવડયા ભરતભાઈ વાધડયા અિમત પટ°લ
2025-26,123,Central,જમાલȶુર,29 JAMALPUR,360.0,10.0,25-12-2028,Maruti Construction,,જમાલȶુર મƚય ઝોન જમાલȶુર વોડ½ િમરઝાȶુર ˾°નેજ પંપӄગથી મટન માક²ટ થી ટોર°ƛટ પાવર તરફ નો રોડ કરવાના કામ 360 10 25-12-2028 માĮિત કƛƨ˼કશન કં. મેટ°ƨટ એƛĥ. એƛડ સિવસ રમેશભાઈ કટારા Ʌુર°શ દĂ અશરફભાઈ વોરા અિમત પટ°લ
2025-26,124,Central,જમાલȶુર,29 JAMALPUR,415.0,10.0,01.05.2029,Maruti Construction,,જમાલȶુર મƚય ઝોન જમાલȶુર વોડ½ િમરઝાȶુર ડ°નેજ પંપӄગથી bank of india તરફનો રોડ રસચ½ કરવાના કામ ર સરફ°સ 415 10 01.05.2029 માĮિત કƛƨ˼કશન કં. મેટ°ƨટ એƛĥ. એƛડ સિવસ રમેશભાઈ કટારા Ʌુર°શ દĂ અશરફભાઈ ƥહોરા અિમત પટ°લ
2025-26,125,Central,જમાલȶુર,29 JAMALPUR,270.0,10.0,25-11-2028,Maruti Construction,,જમાલȶુર મƚય ઝોન જમાલȶુર વોડ½ માં ખાનȶુર િવƨતારમાં ખાનȶુર દરવાĤ થી Ȥુજરાત સમાચાર તરફનો રોડ રસરફ°સ કરવાના કામ 270 10 25-11-2028 માĮિત કƛƨ˼કશન કં. મેટ°ƨટ એƛĥ. એƛડ સિવસ રમેશભાઈ કટારા Ʌુર°શ દĂ અશરફભાઈ ƥહોરા અિમત પટ°લ
2025-26,126,Central,જમાલȶુર,29 JAMALPUR,180.0,12.0,24-11-2028,Maruti Construction,,જમાલȶુર મƚય ઝોન જમાલȶુર વોડ½ માં ખાનȶુર િવƨતારમાં Ȥુજરાત સમાચાર થી દનબાઈ ટાવર તરફ નો રોડ રસચ½ કરવાના કામ 180 12 24-11-2028 માĮિત કƛƨ˼કશન કં. મેટ°ƨટ એƛĥ. એƛડ સિવસ રમેશભાઈ કટારા Ʌુર°શ દĂ અશરફભાઈ ƥહોરા અિમત પટ°લ
2025-26,127,Central,જમાલȶુર,29 JAMALPUR,180.0,14.0,15-12-2028,Maruti Construction,,જમાલȶુર મƚય ઝોનના જમાલȶુર વોડ½ માં રાયખડ િવƨતારમાં ̆ાથ½ના સભા ƨȢૂલથી બҪક ઓફ ઇƛડયા Ʌુધીનો રોડ 180 14 15-12-2028 માĮિત કƛƨ˼કશન કં. મેટ°ƨટ એƛĥ. એƛડ સિવસ હષ½ પટ°લ Ʌુર°શ દĂ અશરફભાઈ ƥહોરા અિમત પટ°લ
2025-26,128,Central,જમાલȶુર,29 JAMALPUR,133.0,10.0,03-01-2029,Maruti Construction,,જમાલȶુર મƚય ઝોનના જમાલȶુર વોડ½ માં ખાનȶુર િવƨતારમાં Ȥુજરાત સમાચારથી એર ઇƛડયા તરફનો રોડ 133 10 03-01-2029 માĮિત કƛƨ˼કશન કં. મેટ°ƨટ એƛĥ. એƛડ સિવસ રમેશભાઈ કટારા Ʌુર°શ દĂ અશરફભાઈ ƥહોરા અિમત પટ°લ
2025-26,129,Central,ખાડયા,28 KHADIA,840.0,31.01,31.01.2029,Maruti Construction,,ખાડયા ખસકોલા પોળ થી કાɀુȶુર દરવાĤ થી ર°વડ બĤર (કાɀુȶુર ટાવર રોડ) 840 8.5 31.01.2029 માĮિત કƛƨ˼કશન કં. મેટ°ƨટ એƛĥ. એƛડ સિવસ ચીરાગ ઝીĦવાડયા અભેિસગ પટ°લયા (ઈƛચા. આ.સી.ઇ. મહ°શ પટ°લ અિમત પટ°લ
2025-26,130,Central,શાહȶુર,17 SHAHPUR,405.0,14.05,14.05.2028,Maruti Construction,,શાહȶુર સારĥની ચાલી થી જલતરંગ સોસાયટ Ʌુધી 405 9 14.05.2028 માĮિત કƛƨ˼કશન કં. મેટ°ƨટ એƛĥ. એƛડ સિવસ ક°શવ Ĥદવ શરદ પટ°લ ભરત વાઘડયા અિમત પટ°લ
2025-26,131,Central,શાહȶુર,17 SHAHPUR,285.0,15.11,15.11.2028,Maruti Construction,,શાહȶુર િશલાલેખ ટાવર થી ƨપેક˼મ ટાવર Ʌુધીનો રોડ 285 9 15.11.2028 માĮિત કƛƨ˼કશન કં. મેટ°ƨટ એƛĥ. એƛડ સિવસ હમાંɃુ પંડÈા શરદ પટ°લ ભરત વાઘડયા અિમત પટ°લ
2025-26,132,Central,શાહȶુર,17 SHAHPUR,950.0,15.0,12.02.2029,Maruti Construction,,શાહȶુર હોટ°લ કામા થી શંકરȹુવન નાં છાપરા Ʌુધીનો રોડ 950 15 12.02.2029 માĮિત કƛƨ˼કશન કં. મેટ°ƨટ એƛĥ. એƛડ સિવસ ક°શવ Ĥદવ શરદ પટ°લ ભરત વાઘડયા અિમત પટ°લ
2025-26,133,West,રાણીપ,05 RANIP,560.0,14.4,11-04-2028,Apex Protech LLP,,રાણીપ પિĔમઝોનના રાણીપ વોડ½માં ƛȻુ રાણીપ િવƨતારમાં આવેલ કƧણમ ƨટ°ટસ થી અɆુડયા તળાવ થી અȸુ½દા એƨટ°ટ Ʌુધીનો રોડ રોડ વાઇડ°નӄગ કર રસરફ°શ કરવાના કામ 560 14.4 11-04-2028 અપેë ̆ોટ°ક એલએલપી માશ½ Ɯલાિનગ એƛડ એƛજિનરӄગ સિવસ ̆ા.લી સારંગ ȑિનક Ȣુમાર 
2025-26,134,West,રાણીપ,05 RANIP,375.0,24.0,24-09-2028,Apex Protech LLP,,રાણીપ પિĔમઝોનના રાણીપ વોડ½માં ગણેશ ˴ીન થી િશëાપ́ી થઈ ચેનȶુર રોડ Ʌુધીનો રોડ 375 9 24-09-2028 અપેë ̆ોટ°ક એલએલપી માશ½ Ɯલાિનગ એƛડ એƛજિનરӄગ સિવસ ̆ા.લી સારંગ ȑિનક Ȣુમાર કરણભાઈ ̆Ĥપિત ચરાગભાઈ પંચાલ ̒ી ઋિષ ભાઈ પંડÈા
2025-26,135,West,ચાંદખેડા,03 CHANDKHEDA,450.0,26.04,26.04.2028,Apex Protech LLP,,ચાંદખેડા પિĔમ ઝોનમાં ચાંદખેડા વોડ½માં લીટલ ફલાવર ƨȢૂલ થી ̆ે2ણા ƨȢૂલ Ʌુધીનો રોડ 450 7 26.04.2028 એપેë ̆ોટ°ક એલ.એલ.પી માશ½ Ɯલાિનગ એƛડ એƛજિનરӄગ સિવસ ̆ા.લી રાક°શ સથવારા ધવલભાઇ ચૌહાણા મહ°શભાઇ પટ°લ ̒ી ઋિષ ભાઈ પંડÈા
2025-26,136,West,સાબરમતી,04 SABARMATI,1880.0,17.0,17-05-2028,Apex Protech LLP,,સાબરમતી પિĔનઝોન સાબરમતી વોડ½માં આવેલ પાવરહાઉસ થી રથી એપાટ½મેƛટ ની સામે થી જનપથ હોટલ Ʌુધી (જમણી બાȩુ) નો સિવસ રોડ ર- ˴ેડ કર રસરફ°સ કરવાના કામ. 1880 7 17-05-2028 અપેë ̆ોટ°ક એલએલપી માશ½ Ɯલાિનગ એƛડ એƛજિનરӄગ સિવસ ̆ા.લી રાક°શભાઈ સથવારા ધવલ
2025-26,137,West,રાણીપ,05 RANIP,265.0,14.4,17-10-2028,Apex Protech LLP,,રાણીપ પિĔમઝોનના રાણીપ વોડ½માં રƛતસાગર હાઇટસ થી િતĮપિત ́ણ રƨતા Ʌુધીનો બેઝવક½ કર નવો રોડ 265 14.4 17-10-2028 અપેë ̆ોટ°ક એલએલપી માશ½ Ɯલાિનગ એƛડ એƛજિનરӄગ સિવસ ̆ા.લી સારંગ ȑિનક Ȣુમાર કરણભાઈ ̆Ĥપિત ચરાગભાઈ પંચાલ ̒ી ઋિષ ભાઈ પંડÈા
2025-26,138,West,રાણીપ,05 RANIP,340.0,24.0,24-09-2028,Apex Protech LLP,,રાણીપ પિĔમઝોનના રાણીપ વોડ½માં ȢુĂેĖર મહાદ°વ મંદર થી નરનારાયણ સોસાયટ Ʌુધી રોડ મીલીગ કર રસરફ°શ કરવાની 340 9.6 24-09-2028 અપેë ̆ોટ°ક એલએલપી માશ½ Ɯલાિનગ એƛડ એƛજિનરӄગ સિવસ ̆ા.લી સારંગ ȑિનક Ȣુમાર કરણભાઈ ̆Ĥપિત ચરાગભાઈ પંચાલ ̒ી ઋિષ ભાઈ પંડ
2025-26,139,West,રાણીપ,05 RANIP,310.0,10.0,10-11-2028,Apex Protech LLP,,રાણીપ પિĔમઝોનના રાણીપ વોડ½માં શયામહƣસની થી બલોલનગર ̈ીજની નીચે Ʌુધીનો રોડ (̈ીજનો સિવસ રોડ) 310 7 10-11-2028 અપેë ̆ોટ°ક એલએલપી માશ½ Ɯલાિનગ એƛડ એƛજિનરӄગ સિવસ ̆ા.લી સારંગ ȑિનક Ȣુમાર કરણભાઈ ̆Ĥપિત ચરાગભાઈ પંચાલ ̒ી ઋિષ ભાઈ પંડÈા
2025-26,140,West,ચાંદખેડા,03 CHANDKHEDA,760.0,15.0,19.11.2028,Apex Protech LLP,,ચાંદખેડા પિĔમ ઝોનમાં ચાંદખેડા વોડ½માં ƨનેહƜલાઝાથી સામથ½ય ƨટ°ટસ 760 15 19.11.2028 એપેë ̆ોટ°ક એલ.એલ.પી માશ½ Ɯલાિનગ એƛડ એƛજિનરӄગ સિવસ ̆ા.લી દƜતેશભાઇ ચૌહાણ કƣપેશભાઇ ઝાઝĮકયા મહ°ƛ̃ભાઇ પરમાર ̒ી ઋિષ ભાઈ પંડÈા
2025-26,141,West,સાબરમતી,04 SABARMATI,890.0,23.0,23-02-2029,Apex Protech LLP,,સાબરમતી પિĔનઝોન સાબરમતી વોડ½માં આવેલ સાબરમતી િવƨતારમાં આવેલ ȹુત બંગલાથી અવની ભવન Ʌુધીનો રોડ રસફ°સ કરવાના કામ. 890 9 23-02-2029 અપેë ̆ોટ°ક એલએલપી માશ½ Ɯલાિનગ એƛડ એƛજિનરӄગ સિવસ ̆ા.લી રાક°શભાઈ સથવારામહ°શભાઈ પરમારમહƛ̃ાભાઈ પરમાર ̒ી ઋિષ ભાઈ 
2025-26,142,West,રાણીપ,05 RANIP,990.0,28.0,28-01-2029,Apex Protech LLP,,રાણીપ ઇƛ̃લોક સોસાયટ થી રƗનસાગર હાઇટસથી શકતનગર Ʌુધીનો ર°લવે સમાંતર ટ.પી.રોડ 990 9 28-01-2029 અપેë ̆ોટ°ક એલએલપી માશ½ Ɯલાિનગ એƛડ એƛજિનરӄગ સિવસ ̆ા.લી સારંગ ȑિનક Ȣુમાર કરણભાઈ ̆Ĥપિત ચરાગભાઈ પંચાલ ̒ી ઋિષ ભાઈ પંડÈા
2025-26,143,West,ચાંદખેડા,03 CHANDKHEDA,1000.0,26.09,26.09.2028,Apex Protech LLP,,"ચાંદખેડા પિĔમ ઝોન ચાંદખેડા વોડ½માં આવેલ રӄગ રોડ થી સંગાથ Ɯયોર થી પે˼ોલપંપ Ʌુધીના રોડ પર તથા સંગાથ થી બી.આર.ટ.એસ. રોડ Ʌુધીનો રોડ બેઝવક½ કર રસરફ°સ કરવાના તેમજ સદર રƨતા પર Ĭટપાથ, પેઈƛટӄગ, થમҴƜલાƨટ પેઈƛટ, ક°ટ આઈ લગાવવાના કામ. 1000 9 26.09.20"
2025-26,144,West,પાલડ,30 PALDI,28.0,424.0,18-04-2028,M/s L.G. Chaudhary,,પાલડ પિĔમ ઝોનમાં પાલડ વોડ½માં ચેતના સોસાયટ થી ƠȻુિન.શાળા નં- 28 Ʌુધીના રોડ રસરફ°સ કરવાના કામ. 424 7 18-04-2028 એલ.ĥ.ચૌધર માશ½ Ɯલાિનગ એƛડ એƛજિનરӄગ સિવસ ̆ા.લી હષ½ મેહતા ધવલ ચૌહાણ મહ°શ પટ°લ ̒ી ઋિષ ભાઈ પંડÈા
2025-26,145,West,નવરંગȶુરા,18 NAVRANGPURA,208.0,17.0,17-04-2028,M/s L.G. Chaudhary,,નવરંગȶુરા પિĔમ ઝોનમાં નવરંગȶુરા વોડ½માં Ȥુજરાત Ȭુરઝમ થી ભારતસેવા સંઘ આ̒મ રોડ Ʌુધીનો ટપી રોડ રસરફ°સ કરવાના કામ. 208 7 17-04-2028 એલ.ĥ.ચૌધર માશ½ Ɯલાિનગ એƛડ એƛજિનરӄગ સિવસ ̆ા.લી હશ½ મહ°તા ધવલભાઇ ચૌહાણ મહ°શભાઈ પટ°લ ̒ી ઋિષ ભાઈ પંડÈા
2025-26,146,West,વાસણા,31 VASNA,94.0,236.0,24-05-2028,M/s L.G. Chaudhary,,વાસણા પિĔમ ઝોનમાં વાસણા વોડ½માં ટ.પી 94 માં નવા ȣુƣલો કર°લ ટ.પી રોડ પૈક અમીઝરા વાɅુȶુԌય ȑન ˼ƨટ રવરસાઇટ પાક½ની સામેનો બેજ સાથે નવો બનાવવા ના રોડ બનાવવા ના કામ. 236 7 24-05-2028 એલ.ĥ.ચૌધર માશ½ Ɯલાિનગ એƛડ એƛજિનરӄગ સિવસ ̆ા.લી હષ½ મહ°તા/
2025-26,147,West,વાસણા,31 VASNA,1910.0,23.0,23-05-2028,M/s L.G. Chaudhary,,વાસણા પિĔમઝોનના રાĥવનગર મે˼ો ƨટ°શનથી ̒ેયશમે˼ો ƨટ°શન Ʌુધીના મે˼ોĮટવાળા રોડને વાઇડનӄગ કર રસરફ°સ કરવાનાકામ. 1910 7 23-05-2028 એલ.ĥ.ચૌધર માશ½ Ɯલાિનગ એƛડ એƛજિનરӄગ સિવસ ̆ા.લી હષ½ મહ°તા ધવલ ચૌહાન મહ°શભાઈ પટ°લ ̒ી ઋિષ ભાઈ પંડÈા
2025-26,148,West,નવરંગȶુરા,18 NAVRANGPURA,450.0,12.0,27-05-2028,M/s L.G. Chaudhary,,નવરંગȶુરા પિĔમ ઝોનમાં નવરંગȶુરા વોડ½માં નહ°ȿુનગર એસ.ટ.બસ ƨટોપ પાછળ આવેલ કલાઉડ-9 વાળો રƨતો 450 12 27-05-2028 એલ.ĥ.ચૌધર માશ½ Ɯલાિનગ એƛડ એƛજિનરӄગ સિવસ ̆ા.લી અભયસીગ વણĤરા ધવલભાઇ ઘેટયા Ȑ વી શાહ ̒ી ઋિષ ભાઈ પંડÈા
2025-26,149,West,નવરંગȶુરા,18 NAVRANGPURA,12.0,405.0,20-05-2028,M/s L.G. Chaudhary,,નવરંગȶુરા પિĔમ ઝોન નવરંગȶુરા વોડ½માં Ȑ.એસ.ઠાકરશી હોƨપટલ થઈ હƠમતલાલ પાક½ થઈ સરƨવતીનગર સોસાયયટ Ʌુધી 12.0 મીટર પહોળાઈનો ટ.પી.રોડ રસરફ°સ કરવાના કામ બાબત. 405 9 20-05-2028 એલ.ĥ.ચૌધર માશ½ Ɯલાિનગ એƛડ એƛજિનરӄગ સિવસ ̆ા.લી અભયસીગ વણĤરા ધવલભા
2025-26,150,West,નવરંગȶુરા,18 NAVRANGPURA,15.0,378.0,17-01-2029,,,નવરંગȶુરા પિĔમ ઝોન નવરંગȶુરા વોડ½માં ચીમનભાઈ પટ°લના બંગાલ સામે આવેલ સન ̆ાઈમાથી રાĥવનગર ƠȻુિન.શાળા થઈ ઈƛ̃̆ƨથ-2 થઈ ર°ƣવે ˼°ક Ʌુધી 15.0 મીટરનો પહોળાઈનો ટ.પી.રોડ રસરફ°સ કરવાના કામ બાબત. 378 12 17-01-2029 રોલર સҪટર માશ½ Ɯલાિનગ એƛડ એƛજિનરӄગ સ
2025-26,151,West,પાલડ,30 PALDI,400.0,10.0,10-08-2028,,,પાલડ પિĔમઝોનના પાલડ વોડ½માં રામબલી ƨȢુલ થી ધનƦયામ ફલેટ Ʌુધી તથા પલ½ ર°સીડ°ƛસી થી િતથ½ ગેȵુર Ʌુધીના રોડ 400 8 10-08-2028 રોલર સҪટર માશ½ Ɯલાિનગ એƛડ એƛજિનરӄગ સિવસ ̆ા.લી હષ½ મેહતા ધવલ ગƏજર Ȑ.વી.શાહ ̒ી ઋિષ ભાઈ પંડÈા
2025-26,152,West,પાલડ,30 PALDI,240.0,12.0,12-08-2028,(?)n Prokon Pvt Ltd (verify prefix),,પાલડ પાલડ વોડ½માં સોપાન ફલેટ થી િનલપણા½ સોસાયટ Ʌુધીના રોડ 240 6 12-08-2028 વĮણ ̆ોકોન ̆ા. લી. અƛવયા કƛƨ˼ƈશન કƛસƣટƛસી ̆ાઇવેટ લિમટ°ડ હષ½ મેહતા ધવલ ગƏજર Ȑ.વી.શાહ ̒ી ઋિષ ભાઈ પંડÈા
2025-26,153,West,પાલડ,30 PALDI,233.0,12.0,12-08-2028,(?)n Prokon Pvt Ltd (verify prefix),,પાલડ પિĔમઝોનના પાલડ વોડ½માં યોગી ફલેટ થી લëમીȢુંજ (શંકર આ̒મ) Ʌુધીના રોડ 233 6 12-08-2028 વĮણ ̆ોકોન ̆ા.લી. અƛવયા કƛƨ˼ƈશન કƛસƣટƛસી ̆ાઇવેટ લિમટ°ડ હષ½ મેહતા ધવલ ગƏજર Ȑ.વી.શાહ ̒ી ઋિષ ભાઈ પંડÈા
2025-26,154,West,પાલડ,30 PALDI,120.0,21.0,21-05-2028,(?)n Prokon Pvt Ltd (verify prefix),,પાલડ પિĔમઝોનના પાલડ વોડ½માં ભƈતમાતા સોસાયટ મંદપ ફલેટથી વાસવદĂા ફલેટ Ʌુધીનો રƨતો રસરફ°સ કરવાના કામ. 120 6 21-05-2028 વĮણ ̆ોકોન ̆ા.લી. અƛવયા કƛƨ˼ƈશન કƛસƣટƛસી ̆ાઇવેટ લિમટ°ડ હષ½ મેહતા ધવલ ચૌહાણ મહ°શ પટ°લ ̒ી ઋિષ ભાઈ પંડÈા આ.ઇ. આ.સી.ઇ. ડ°.
2025-26,155,West,પાલડ,30 PALDI,190.0,22.0,22-05-2028,(?)n Prokon Pvt Ltd (verify prefix),,પાલડ પિĔમઝોનના પાલડ વોડ½મા ȑન મરચƛટ સોસાયટ દ°રાસર પાસેથી પસાર થતો રƨતો 190 6 22-05-2028 વĮણ ̆ોકોન ̆ા.લી. અƛવયા કƛƨ˼ƈશન કƛસƣટƛસી ̆ાઇવેટ લિમટ°ડ હષ½ મેહતા ધવલ ચૌહાણ મહ°શ પટ°લ ̒ી ઋિષ ભાઈ પંડÈા
2025-26,156,West,પાલડ,30 PALDI,380.0,21.0,21-05-2028,(?)n Prokon Pvt Ltd (verify prefix),,પાલડ પિĔમઝોનના પાલડ વોડ½મા માધવ ફલેટથી રસીકલાલ ગાડ½નથી ચં̃નગર ચાર રƨતાથી શાંતીવન ચાર રƨતા 380 6 21-05-2028 વĮણ ̆ોકોન ̆ા.લી. અƛવયા કƛƨ˼ƈશન કƛસƣટƛસી ̆ાઇવેટ લિમટ°ડ હષ½ મેહતા ધવલ ચૌહાણ મહ°શ પટ°લ ̒ી ઋિષ ભાઈ પંડÈા
2025-26,157,West,પાલડ,30 PALDI,330.0,21.0,21-05-2028,(?)n Prokon Pvt Ltd (verify prefix),,"પાલડ પિĔમઝોનના પાલડ વોડ½માં ભગવતી કોƠપલેë, ̈ěાનંદ ફલેટથી દ°વાલય નવલ ફલેટ તરફનો રƨતો 330 6 21-05-2028 વĮણ ̆ોકોન ̆ા.લી. અƛવયા કƛƨ˼ƈશન કƛસƣટƛસી ̆ાઇવેટ લિમટ°ડ હષ½ મેહતા ધવલ ચૌહાણ મહ°શ પટ°લ ̒ી ઋિષ ભાઈ પંડÈા"
2025-26,158,West,નવા,06 NEW WADAJ,300.0,27.0,27-02-2029,(?)n Prokon Pvt Ltd (verify prefix),,નવા વાડજપિĔમઝોનના નવા વાડજ વોડ½માં અખબારનગર થી આનંદનગર ˲ોસ રોડ 300 8 27-02-2029 વĮણ ̆ોકોન ̆ા.લી. અƛવયા કƛƨ˼ƈશન કƛસƣટƛસી ̆ાઇવેટ લિમટ°ડ કશોર ભાવસાર િનખલ ભાવસાર ચરાગ પંચાલ ̒ી ઋિષ ભાઈ પંડÈા
2025-26,159,West,નવા,06 NEW WADAJ,350.0,16.0,16-02-2029,(?)n Prokon Pvt Ltd (verify prefix),,નવા વાડજપિĔમઝોનના નવા વાડજ વોડ½માં આનંદનગર થી ̒ીનાથ ડ°પો 350 8 16-02-2029 વĮણ ̆ોકોન ̆ા.લી. અƛવયા કƛƨ˼ƈશન કƛસƣટƛસી ̆ાઇવેટ લિમટ°ડ કશોર ભાવસાર િનખલ ભાવસાર ચરાગ પંચાલ ̒ી ઋિષ ભાઈ પંડÈા
2025-26,160,West,નવરંગȶુરા,18 NAVRANGPURA,200.0,25.0,25-11-2025,,,નવરંગȶુરા પિĔમ ઝોનના નવરંગȶુરા વોડ½માં પંચવટ સક½લથી LVG મેડકલ ƨટોર Ʌુધી 9 મીટર રોડ પર સેબી ભવનમાં રોડ રસરફ°સȵું કામ. 200 9 25-11-2025 રોલર સҪટર માશ½ Ɯલાિનગ એƛડ એƛજિનરӄગ સિવસ ̆ા.લી અભયસીગ વણĤરા ધવલભાઇ ઘેટયા Ȑ વી શાહ ̒ી ઋિષ ભાઈ પંડÈા
2025-26,161,West,નવરંગȶુરા,18 NAVRANGPURA,180.0,22.0,22-01-2029,,,નવરંગȶુરા પિĔમ ઝોનના નવરંગȶુરા વોડ½માં રાĥવનગર મે˼ો ƨટ°શનથી યȺુના વસાહતથી શƈત િવČાલય Ʌુધીના રƨતાȵું રસરફ°સ કામ. 180 6 22-01-2029 રોલર સҪટર માશ½ Ɯલાિનગ એƛડ એƛજિનરӄગ સિવસ ̆ા.લી અભયસીગ વણĤરા ધવલભાઇ ઘેટયા Ȑ વી શાહ ̒ી ઋિષ ભાઈ પંડÈા
2025-26,162,West,નવા,06 NEW WADAJ,280.0,4.0,04-10-2028,(?)n Prokon Pvt Ltd (verify prefix),,નવા વાડજ નીમા ƨȢૂલ ટ.પી. રોડ પર પેવર પેચ 280 5 04-10-2028 વĮણ ̆ોકોન ̆ા.લી. અƛવયા કƛƨ˼ƈશન કƛસƣટƛસી ̆ાઇવેટ લિમટ°ડ અિમત દસાડયા િન ખલ ભાવસાર ચરાગ પંચાલ ̒ી ઋિષ ભાઈ પંડÈા
2025-26,163,West,નારણȶુરા,09 NARANPURA,380.0,12.0,04-10-2028,Apex Protech LLP,,નારણȶુરા ઈƛ̃̆ƨથ સƜતક થી ચાȺુંડાનગર 380 12 04-10-2028 અપેë ̆ોટ°ક એલએલપી માશ½ Ɯલાિનગ એƛડ એƛજિનરӄગ સિવસ ̆ા.લી ધવલ પંચાલ મૌલક િસહ ઝાલા મહ°શ પટ°લ ̒ી ઋિષ ભાઈ પંડÈા
2025-26,164,West,રાણીપ,05 RANIP,2581.0,27.0,27-11-2028,Apex Protech LLP,,"રાણીપ ર°લવે પરસરમાં રોડ રસરફ°સ, કાલીગામ ગરનાળાથી Ĥંȸુ ચોકથી સતનાળાથી ĤȺુન ચોકથી કાલીગામ તળાવથી નવો કાલીગામ Ӕડરપાસથી આઇઓસી ફાટક Ʌુધી રોડȵું કામ 2581 6 27-11-2028 અપેë ̆ોટ°ક એલએલપી માશ½ Ɯલાિનગ એƛડ એƛજિનરӄગ સિવસ ̆ા.લી સારંગ ȑિનક Ȣુમાર કર"
2025-26,165,West,ƨટ°ડયમ,10 S.P.STADIUM,120.0,2.0,02-12-2028,Apex Protech LLP,,ƨટ°ડયમ પિĔમ ઝોનના એસપી ƨટ°ડયમ વોડ½માં ચં̃ભાગા હાઉિસગ રોડ પર નવો રƨતો બનાવો 120 7 02-12-2028 અપેë ̆ોટ°ક એલએલપી માશ½ Ɯલાિનગ એƛડ એƛજિનરӄગ સિવસ ̆ા.લી રાક°શ પટ°લ ધવલ ચૌહાણ આિશષ પટ°લ ̒ી ઋિષ ભાઈ પંડÈા
2025-26,166,West,ƨટ°ડયમ,10 S.P.STADIUM,180.0,30.0,30-01-2029,Apex Protech LLP,,ƨટ°ડયમ પિĔમ ઝોનના એસપી ƨટ°ડયમ વોડ½માં ȳુધેĖર ̈જ સિવસ રોડ પર નવો રƨતો બનાવો 180 7 30-01-2029 અપેë ̆ોટ°ક એલએલપી માશ½ Ɯલાિનગ એƛડ એƛજિનરӄગ સિવસ ̆ા.લી રાક°શ પટ°લ ધવલ ચૌહાણ આિશષ પટ°લ ̒ી ઋિષ ભાઈ પંડÈા
2025-26,167,West,નારણȶુરા,09 NARANPURA,360.0,15.24,02-03-2028,(?)n Prokon Pvt Ltd (verify prefix),,નારણȶુરા ર°ફȻુઝ Ɯલોટ થી ƨપોટ½ કોƠƜલેɇ્ Ʌુધીનો રોડ 360 15.24 02-03-2028 વĮણ ̆ોકોન ̆ા.લી. અƛવયા કƛƨ˼ƈશન કƛસƣટƛસી ̆ાઇવેટ લિમટ°ડ િમનેશ પાદરયા ધવલ ચૌહાણ મહ°શ પટ°લ ̒ી ઋિષ ભાઈ પંડÈા
2025-26,168,West,નારણȶુરા,09 NARANPURA,527.0,12.19,25-02-2028,(?)n Prokon Pvt Ltd (verify prefix),,નારણȶુરા વરદાન ટાવર થી ̆ગિતનગર હોલ થી ર°ƣવે ƨટ°શન Ʌુધીનો રોડ 527 12.19 25-02-2028 વĮણ ̆ોકોન ̆ા.લી. અƛવયા કƛƨ˼ƈશન કƛસƣટƛસી ̆ાઇવેટ લિમટ°ડ િમનેશ પાદરયા ધવલ ચૌહાણ મહ°શ પટ°લ ̒ી ઋિષ ભાઈ પંડÈા
2025-26,169,West,નારણȶુરા,09 NARANPURA,315.0,18.28,22-02-2028,(?)n Prokon Pvt Ltd (verify prefix),,નારણȶુરા ̆ગિતનગર ચાર રƨતા થી ƨવણમ આક²ડ Ʌુધીનો રોડ 315 18.28 22-02-2028 વĮણ ̆ોકોન ̆ા.લી. અƛવયા કƛƨ˼ƈશન કƛસƣટƛસી ̆ાઇવેટ લિમટ°ડ િમનેશ પાદરયા ધવલ ચૌહાણ મહ°શ પટ°લ ̒ી ઋિષ ભાઈ પંડÈા
2025-26,170,West,નારણȶુરા,09 NARANPURA,160.0,10.0,12-10-2028,(?)n Prokon Pvt Ltd (verify prefix),,નારણȶુરા મંગલ Ⱥૂિત એપાટ½મેƛટના રƨતા હ°વીપેચ કરવાના કામ બાબત. 160 10 12-10-2028 વĮણ ̆ોકોન ̆ા.લી. અƛવયા કƛƨ˼ƈશન કƛસƣટƛસી ̆ાઇવેટ લિમટ°ડ ધવલ પંચાલ મૌલક િસહ ઝાલા આિશષ પટ°લ ̒ી ઋિષ ભાઈ પંડÈા
2025-26,171,West,પાલડ,30 PALDI,870.0,1.0,01-06-2029,,,પાલડ ̈હમëિ́ય સોસાયટ થી હર°ȢૃƧણ કોƠƜલેë થઇ નાલંદા કોƠƜલેë Ʌુધીનો રોડ 870 6 01-06-2029 રોલર સҪટર માશ½ Ɯલાિનગ એƛડ એƛજિનરӄગ સિવસ ̆ા.લી હષ½ મેહતા ધવલ ગƏજર Ȑ.વી.શાહ ̒ી ઋિષ ભાઈ પંડÈા
2025-26,172,West,પાલડ,30 PALDI,240.0,15.0,15-12-2028,,,પાલડ એપોલો હોƨપટલ પાસેના રƨતા 240 9 15-12-2028 રોલર સҪટર માશ½ Ɯલાિનગ એƛડ એƛજિનરӄગ સિવસ ̆ા.લી હષ½ મેહતા ધવલ ગƏજર Ȑ.વી.શાહ ̒ી ઋિષ ભાઈ પંડÈા
2025-26,173,West,પાલડ,30 PALDI,665.0,22.0,22-12-2028,,,પાલડ ડો.હાઉસની પાછળના રƨતા 665 9 22-12-2028 રોલર સҪટર માશ½ Ɯલાિનગ એƛડ એƛજિનરӄગ સિવસ ̆ા.લી હષ½ મેહતા ધવલ ગƏજર Ȑ.વી.શાહ ̒ી ઋિષ ભાઈ પંડÈા
2025-26,174,West,પાલડ,30 PALDI,870.0,12.0,12-01-2025,,,પાલડ ધી દશાપોરવાડ ȑન સોસાયટ થી અદાણી સી.એન.ĥ. પંƠપ થી કµસંબી ફલેટ Ʌુધીનો રોડ 870 6 12-01-2025 રોલર સҪટર માશ½ Ɯલાિનગ એƛડ એƛજિનરӄગ સિવસ ̆ા.લી હષ½ મેહતા ધવલ ગƏજર Ȑ.વી.શાહ ̒ી ઋિષ ભાઈ પંડÈા
2025-26,175,West,વાસણા,31 VASNA,220.0,12.0,13-06-2028,,,વાસણા આિશવાદ ƨકાય થી આિશવાદ હાઇટ 220 12 13-06-2028 રોલર સҪટર માશ½ Ɯલાિનગ એƛડ એƛજિનરӄગ સિવસ ̆ા.લી ȑમીન પટ°લ હર°ન શાહ ĥƊનેશભાઈ શાહ ̒ી ઋિષ ભાઈ પંડÈા
2025-26,176,West,વાસણા,31 VASNA,310.0,18.0,12-10-2028,,,વાસણા એન .ક°.અનંતા થી રધમ બંગલો 310 18 12-10-2028 રોલર સҪટર માશ½ Ɯલાિનગ એƛડ એƛજિનરӄગ સિવસ ̆ા.લી ȑમીન પટ°લ હર°ન શાહ ĥƊનેશભાઈ શાહ ̒ી ઋિષ ભાઈ પંડÈા આ.ઇ. આ.સી.ઇ. ડ°. સીટ ઇજનેર એડ. સીટ ઇજનેરકોƛ˼ાƈટરȵું નામ પી.એમ.સી. એજƛસીȵું નામ કામ કરાવ
2025-26,177,West,ચાંદખેડા,03 CHANDKHEDA,285.0,15.0,21.01.2029,(?) -space Pvt Ltd (verify prefix),,ચાંદખેડા પિĔમઝોન ચાંદખેડા વોડ½માં ઉપવન ફલેટ થી ȹુલાભાઈપાક½ Ʌુધીનો રોડ રસરફ°શ કરવાના કામ. 285 15 21.01.2029 ̒ીĥ ઇƛ̇ાƨપેસ ̆ા.લી. માશ½ Ɯલાિનગ એƛડ એƛજિનરӄગ સિવસ ̆ા.લી દƜતેશભાઇ ચૌહાણ કƣપેશભાઇ ઝાઝĮકયા મહ°ƛ̃ભાઇ પરમાર ̒ી ઋિષ ભાઈ પંડÈા
2025-26,178,West,ચાંદખેડા,03 CHANDKHEDA,100.0,12.0,26.03.2029,(?) -space Pvt Ltd (verify prefix),,ચાંદખેડા પિĔમઝોન ચાંદખેડા વોડ½માં િસćેƨવર એવƛȻુથી ȹુલાભાઈ પાક½ નો રોડ રસરફ°શ કરવાના કામ. 100 12 26.03.2029 ̒ીĥ ઇƛ̇ાƨપેસ ̆ા.લી. માશ½ Ɯલાિનગ એƛડ એƛજિનરӄગ સિવસ ̆ા.લી દƜતેશભાઇ ચૌહાણ કƣપેશભાઇ ઝાઝĮકયા મહ°ƛ̃ભાઇ પરમાર ̒ી ઋિષ ભાઈ પંડÈા
2025-26,179,West,ચાંદખેડા,03 CHANDKHEDA,370.0,24.12,24.12.2028,Apex Protech LLP,,ચાંદખેડા જનતાનગરથી સરકાર ƨȢુલ વાળો રોડ રસરફ°શ કરવાના કામ. 370 7 24.12.2028 એપેë ̆ોટ°ક એલ.એલ.પી માશ½ Ɯલાિનગ એƛડ એƛજિનરӄગ સિવસ ̆ા.લી દƜતેશભાઇ ચૌહાણ કƣપેશભાઇ ઝાઝĮકયા મહ°ƛ̃ભાઇ પરમાર ̒ી ઋિષ ભાઈ પંડÈા
2025-26,180,West,ચાંદખેડા,03 CHANDKHEDA,170.0,12.0,19.01.2029,Apex Protech LLP,,ચાંદખેડા સાિનƧય Ɲલોરા પાસે વાળો રોડ રસરફ°શ કરવાના કામ. 170 12 19.01.2029 એપેë ̆ોટ°ક એલ.એલ.પી માશ½ Ɯલાિનગ એƛડ એƛજિનરӄગ સિવસ ̆ા.લી દƜતેશભાઇ ચૌહાણ કƣપેશભાઇ ઝાઝĮકયા મહ°ƛ̃ભાઇ પરમાર ̒ી ઋિષ ભાઈ પંડÈા
2025-26,181,West,ƨટ°ડયમ,10 S.P.STADIUM,345.0,10.0,10-01-2029,(?)n Prokon Pvt Ltd (verify prefix),,ƨટ°ડયમ ƨટ°ડયમ વોડ½માં ઇƛકમટ°ɇ્ અƛડરપાસના Ʌૃિવસ રોડ 345 6 10-01-2029 વĮણ ̆ોકોન ̆ા.લી. અƛવયા કƛƨ˼ƈશન કƛસƣટƛસી ̆ાઇવેટ લિમટ°ડ રાક°શ પટ°લ ધવલ ચૌહાણ આિશષ પટ°લ ̒ી ઋિષ ભાઈ પંડÈા
2025-26,182,West,પાલડ,30 PALDI,210.0,1.0,01-06-2029,,,પાલડ ̒ ોફ ચેƠબરથી મહ°દ નવાજ રોડ 210 6 01-06-2029 રોલર સҪટર માશ½ Ɯલાિનગ એƛડ એƛજિનરӄગ સિવસ ̆ા.લી હષ½ મેહતા ધવલ ગƏજર Ȑ.વી.શાહ ̒ી ઋિષ ભાઈ પંડÈા
2025-26,183,West,નવરંગȶુરા,18 NAVRANGPURA,300.0,29.0,29-01-2029,,,નવરંગȶુરા ȩુની હાઈકોટ½ મે˼ો ƨટ°શનથી ઈƛકમ ટ°ƈસ Ӕડરપાસ રોડ 300 6.5 29-01-2029 ̒ી ĥ Ӗ̇ાƨપેસ માશ½ Ɯલાિનગ એƛડ એƛજિનરӄગ સિવસ ̆ા.લી અભયસીગ વણĤરા ધવલભાઇ ઘેટયા Ȑ વી શાહ ̒ી ઋિષ ભાઈ પંડÈા
2025-26,184,West,નવરંગȶુરા,18 NAVRANGPURA,300.0,30.0,30-01-2029,,,નવરંગȶુરા કƨટમ હાઉસ રોડ 300 9 30-01-2029 ̒ી ĥ Ӗ̇ાƨપેસ માશ½ Ɯલાિનગ એƛડ એƛજિનરӄગ સિવસ ̆ા.લી અભયસીગ વણĤરા ધવલભાઇ ઘેટયા Ȑ વી શાહ ̒ી ઋિષ ભાઈ પંડÈા
2025-26,185,West,સાબરમતી,04 SABARMATI,1889.0,11.0,10-01-2029,Apex Protech LLP,,સાબરમતી જનપથ ચાર રƨતા થી ચમનભાઇ ̈ીજ Ʌુધી રોડ 1889 11 10-01-2029 અપેë ̆ોટ°ક એલએલપી માશ½ Ɯલાિનગ એƛડ એƛજિનરӄગ સિવસ ̆ા.લી રાક°શભાઈ સથવારામહ°શભાઈ પરમારમહƛ̃ાભાઈ પરમાર ̒ી ઋિષ ભાઈ પંડÈા
2025-26,186,West,નવા,06 NEW WADAJ,220.0,18.0,22-03-2029,Apex Protech LLP,,નવા વાડજ પિĔમઝોન નવા વાડજ વોડ½માં ˴ંથાલય થી વી.એન ˴ીન થઈ ƛȻુ રચના ƨȢુલ Ʌુધીના રોડને જȿુરયાત Ⱥુજબ ર˴ેડ કર તથા િમલӄગ કર રસરફ°સ કરવાના તથા તેને આȵુસાંગક જȿુરયાત Ⱥુજબ સેƛ˼લ વȒ તેમજ Ĭટપાથ તથા અƛય કામગીર કરવાના કામ 220 18 22-03-2029 અપેë 
2025-26,187,West,ચાંદખેડા,03 CHANDKHEDA,22.0,220.0,23.02.2029,Apex Protech LLP,,ચાંદખેડા પિĔમઝોન ગાંદખેડા વોમાં ટ.પી -22 માં આવેલ સહĤનંદ સીટથી ઉપીયાતીથ½ થઇ હમાલયા ઝીરકોન રોડ રસરફ°શ કરવાના કામ. 220 12 23.02.2029 એપેë ̆ોટ°ક એલ.એલ.પી માશ½ Ɯલાિનગ એƛડ એƛજિનરӄગ સિવસ ̆ા.લી દƜતેશભાઇ ચૌહાણ કƣપેશભાઇ ઝાઝĮકયા મહ°ƛ̃ભાઇ પરમ
2025-26,188,West,ચાંદખેડા,03 CHANDKHEDA,75.0,170.0,26.03.2029,(?) -space Pvt Ltd (verify prefix),,ચાંદખેડા ટ.પી-75 બી.આર.ટ.એસ. રોડ થી ક°.બી.રોયલ સેનીરટ Ʌુધીનો રોડ રસરફ°શ કરવાના કામ. 170 18 26.03.2029 ̒ીĥ ઇƛ̇ાƨપેસ ̆ા.લી. માશ½ Ɯલાિનગ એƛડ એƛજિનરӄગ સિવસ ̆ા.લી દƜતેશભાઇ ચૌહાણ કƣપેશભાઇ ઝાઝĮકયા મહ°ƛ̃ભાઇ પરમાર ̒ી ઋિષ ભાઈ પંડÈા
2025-26,189,North-West,ઝોન,,210.0,8.0,08-04-2028,Keystone Infrastructure Pvt Ltd,,ઝોન ચાંદલોડયાઉĂર પિĖમ ઝોનના ચાંદલોડયા વોડ½મા સȒન ટાવર થી દ°વ ઓરમ Ʌુધીનો રોડ ર˴ેડ કર રસરફ°સ કરવાના કામ બાબત. 210 7 08-04-2028 આિશષ ઇƛ̇ાકોન ̆ા.લી. ક ƨટોન ̒ી આિશષભાઈ ચૌહાણ ̒ી દપકભાઈ પટ°લ ̒ીમતી મનીષાબેન શાહ ̒ી ̆ણવભાઈ પંડત
2025-26,190,North-West,ઝોન,,700.0,14.0,11-04-2028,Keystone Infrastructure Pvt Ltd,,ઝોન થલતેજ ઉĂર પિĔમ ઝોનના થલતેજ વોડ½મા એસ. પી. રӄગ રોડ થી બીનોર Ʌુધી નો રોડ ર˴ડ કર રસરફ°સ કરવાના કામ બાબત. 700 14.00 9.00 11-04-2028 આિશષ ઇƛ̇ાકોન ̆ા.લી. ક ƨટોન ̒ી તƛમયભાઈ પંડયા ̒ી નિવનભાઈ પંચાલ ̒ીમતી મનીષાબેન શાહ ̒ી ̆ણવભાઈ પંડત
2025-26,191,North-West,ઝોન,,375.0,12.0,16-04-2028,Keystone Infrastructure Pvt Ltd,,ઝોન ચાંદલોડયા ઉĂર પિĔમ ઝોનનાં ચાંદલોડયા વોડ½માં િસƣવર ƨટાર ચાર રƨતાથી યȳુડ તળાવ Ʌુધીનો રોડ રોડને મીલӄગ કર વાઇડ°નӄગ કર રસરફ°સ કરવાના કામ. 375 12 16-04-2028 આિશષ ઇƛ̇ાકોન ̆ા.લી. ક ƨટોન ̒ી હસȺુખભાઈ સોલંક ̒ી દપકભાઈ પટ°લ ̒ીમતી મનીષાબેન શ
2025-26,192,North-West,ચાંદલોડયા,02 CHANDLODIA,420.0,25.0,25-04-2028,Keystone Infrastructure Pvt Ltd,,ઝોન ચાંદલોડયાઉ.5.ઝોનનાં ચાંદલોડયા વોડ½માં ̒ી ગણેશ મંદર થી અરિવદ મીલ ગોડાઉન રોડ બેઝવક½ કર રસરફ°સ કરવાના કામ 420 7 25-04-2028 આિશષ ઇƛ̇ાકોન ̆ા.લી. ક ƨટોન ̒ી આિશષભાઈ ચૌહાણ ̒ી દપકભાઈ પટ°લ ̒ીમતી મનીષાબેન શાહ ̒ી ̆ણવભાઈ પંડત
2025-26,193,North-West,ગોતા,01 GOTA,240.0,31.0,31-04-2028,Keystone Infrastructure Pvt Ltd,,ઝોન ગોતા ઉĂર પિĖમ ઝોનના ગોતા વોડ½મા ગોȢુલ સƗયમેવ િવƨટા થી ઉમીયા ક°Ơપસ Ʌુધીનો રોડ°ને બેઝવક½ સાથે નવો બનાવવાના કામ 240 5 31-04-2028 આિશષ ઇƛ̇ાકોન ̆ા.લી. ક ƨટોન ̒ી હસȺુખભાઈ સોલંક ̒ી દપકભાઈ પટ°લ ̒ીમતી મનીષાબેન શાહ ̒ી ̆ણવભાઈ પંડત
2025-26,194,North-West,ગોતા,01 GOTA,150.0,11.0,04-05-2028,Keystone Infrastructure Pvt Ltd,,"ઝોન ગોતા ઉĂર પિĖમ ઝોનના ગોતા વોડ½મા સોલા ભાગવત ̈ીજ નીચેના સિવસ રોડ (બɆુચરમાતાના મંદર થી જલારામ પરોઠા Ʌુધીનો) રોડ બેઝવક½ કર રસરફ°સ કરવાના કામ 150 7,9,11 04-05-2028 નર નારાયણ ઇƛ̇ાƨ˼ƈચર ̆ા.લી. ક ƨટોન ̒ી હસȺુખભાઈ સોલંક ̒ી દપકભાઈ પટ°લ ̒ીમ"
2025-26,195,North-West,ગોતા,01 GOTA,310.0,11.0,11-05-2028,Keystone Infrastructure Pvt Ltd,,ઝોન ગોતા ઉĂર પિĖમ ઝોનના ગોતા વોડ½માં પાƣમ Ɗલોર-4 થી ગાતા ગોધાર ક°નાલ રોડ Ʌુધીનો રોડ બેઝવક½ કર રસરફ°સ કરવાના કામ 310 7 11-05-2028 નર નારાયણ ઇƛ̇ાƨ˼ƈચર ̆ા.લી. ક ƨટોન ̒ી હસȺુખભાઈ સોલંક ̒ી દપકભાઈ પટ°લ ̒ીમતી મનીષાબેન શાહ ̒ી ̆ણવભાઈ પંડત
2025-26,196,North-West,ઝોન,,450.0,15.0,15-05-2028,Keystone Infrastructure Pvt Ltd,,ઝોન બોડકદ°વ ઉĂર પિĔમ ઝોનના બોડકદ°વ વોડ½માં િસȴુભવન રોડ ઉપર આવેલ િશƣપ એરોન બƣડગ થી ઝેડ બેƛકબેટ Ʌુધીના રોડને બેઝવક½ સાથે નવો બનાવવાના કામ 450 9 15-05-2028 નર નારાયણ ઇƛ̇ાƨ˼ƈચર ̆ા.લી. ક ƨટોન ̒ી ઉવશભાઈ ગાંધી ̒ી નિવનભાઈ પંચાલ ̒ીમતી મનીષાબેન 
2025-26,197,North-West,ગોતા,01 GOTA,2150.0,21.0,21-05-2028,Keystone Infrastructure Pvt Ltd,,ઝોન ગોતા ઉĂર પિĖમ ઝોનના ગોતા વોડ½માં શોલા ભાગવત થી ગોતા ̈જ થી મહ°Ʌુલ ભવન Ʌુધીના સિવસ રોડ બેઝવક½ કર રસરફ°સ કરવાના કામ 2150 7 21-05-2028 નર નારાયણ ઇƛ̇ાƨ˼ƈચર ̆ા.લી. ક ƨટોન ̒ી ̆હલાદભાઈ દ°વડા ̒ી દનેશભાઈ પટ°લ ̒ીમતી મનીષાબેન શાહ ̒ી ̆ણવભાઈ પં
2025-26,198,North-West,ચાંદલોડયા,02 CHANDLODIA,405.0,20.0,20-05-2028,Keystone Infrastructure Pvt Ltd,,ઝોન ચાંદલોડયા ઉ.5.ઝોનનાં ચાંદલોડયા વોડ½માં ƨવણમ બઝનેશ હબ-1 થી િસƊનેચર સેલેƨટયા ર°ƣવે લાઇન Ʌુધીનો રોડ બેઝવક½ કર રસરફ°સ કરવાના કામ 405 5 20-05-2028 નર નારાયણ ઇƛ̇ાƨ˼ƈચર ̆ા.લી. ક ƨટોન ̒ી હસȺુખભાઈ સોલંક ̒ી દપકભાઈ પટ°લ ̒ીમતી મનીષાબેન શા
2025-26,199,North-West,ગોતા,01 GOTA,2175.0,17.0,17-05-2028,Keystone Infrastructure Pvt Ltd,,ઝોન ગોતા ઉĂર પિĖમ ઝોનના ગોતા વોડ½માં િવવાંતા હોટલ થી રામ ફામ½ કોન½ર થી જગતȶુર રોડ Ʌુધીના સિવસ રોડ રોડને બેઝવક½ કર રસરફ°સ કરવાના કામ 2175 7 17-05-2028 નર નારાયણ ઇƛ̇ાƨ˼ƈચર ̆ા.લી. ક ƨટોન ̒ી િવમલભાઈ ચૌહાણ ̒ી દપકભાઈ પટ°લ ̒ીમતી મનીષાબેન શાહ 
2025-26,200,North-West,ઝોન,,330.0,26.0,26-05-2028,Keystone Infrastructure Pvt Ltd,,ઝોન થલતેજ ઉĂર પિĔમ ઝોનના થલતેજ વોડ½ માં હરહરા̒ય બંƊલોઝથી Ȑબર ƨȢૂલ Ʌુધી નો રોડ મીલીગ કર જȿુર વાઈƛડӄગ કર રસરફ°સ કરવાના કામ 330 9 26-05-2028 આિશષ ઇƛ̇ાકોન ̆ા.લી. ક ƨટોન ̒ી તƛમયભાઈ પંડયા ̒ી નિવનભાઈ પંચાલ ̒ીમતી મનીષાબેન શાહ ̒ી ̆ણવભાઈ પંડત
2025-26,201,North-West,ગોતા,01 GOTA,750.0,12.0,12-06-2028,Keystone Infrastructure Pvt Ltd,,ઝોન ગોતા ઉĂર પિĔમ ઝોનના ગોતા વોડ½મા ઉમીયા સક½લ થી ĥƣલા િશëણ ભવન Ʌુધીનો રોડ વાઈડ°નӄગ કર રસરફ°સ કરવાના કામ 750 9 12-06-2028 નર નારાયણ ઇƛ̇ાƨ˼ƈચર ̆ા.લી. ક ƨટોન ̒ી હસȺુખભાઈ સોલંક ̒ી દપકભાઈ પટ°લ ̒ીમતી મનીષાબેન શાહ ̒ી ̆ણવભાઈ પંડત
2025-26,202,North-West,ચાંદલોડયા,02 CHANDLODIA,560.0,18.0,18-09-2028,Keystone Infrastructure Pvt Ltd,,ઝોન ચાંદલોડયાઉ.5.ઝોનનાં ચાંદલોડયા વોડ½માં એપોલો ઈƛટરનેશનલ. ƨȢુલ થી નીલકંઠ બંગલોઝ Ʌુધીનો રોડ બેઝવક½ કર રસરફ°સ કરવાના કામ 560 7 18-09-2028 આિશષ ઇƛ̇ાકોન ̆ા.લી. ક ƨટોન ̒ી આિશષભાઈ ચૌહાણ ̒ી દપકભાઈ પટ°લ ̒ીમતી મનીષાબેન શાહ ̒ી ̆ણવભાઈ પંડત
2025-26,203,North-West,ગોતા,01 GOTA,502.0,14.0,20-09-2028,Keystone Infrastructure Pvt Ltd,,ઝોન ગોતા ઉĂર પિĖમ ઝોનના ગોતા વોડ½મા એસ.ĥ હાઇવ સરકાર ચાવડ થી રંગ ઉપવાન Ʌુધી નો રોડ રસરફ°સ કરવાના કામ 502 14 20-09-2028 એન.સી.સી. ઇƛ̇ાƨપેસ ̆ા.લી. ક ƨટોન ̒ી હસȺુખભાઈ સોલંક ̒ી દપકભાઈ પટ°લ ̒ીમતી મનીષાબેન શાહ ̒ી ̆ણવભાઈ પંડત
2025-26,204,North-West,ઝોન,,510.0,12.0,23-09-2028,Keystone Infrastructure Pvt Ltd,,ઝોન બોડકદ°વ ઉĂર પિĔમ ઝોનના બોડકદ°વ વોડ½માં િસȴુભવન રોડ ઉપર આવેલ ƨટ°લર બƣડӄગ થી એƨ˼લ હાઉસ થી અથ½ એલીગƛસ ફલેટ Ʌુધીના રોડને બેઝવક½ સાથે નવો બનાવવાના કામ 510 12 23-09-2028 એન.સી.સી. ઇƛ̇ાƨપેસ ̆ા.લી. ક ƨટોન ̒ી ઉવશભાઈ ગાંધી ̒ી નિવનભાઈ પંચાલ ̒ી
2025-26,205,North-West,ઝોન,,675.0,14.0,25-09-2028,Keystone Infrastructure Pvt Ltd,,ઝોન બોડકદ°વ ઉĂર પિĔમ ઝોનના બોડકદ°વ વોડ½માં િસȴુભવન રોડ ઉપર આવેલ ӔȸુĤ ટાવર થી બાȸુલબાગ પાટƜલોટ થી Ĥનક આવાસ Ʌુધીના રોડને બેઝવક½ સાથે નવો બનાવવાના કામ 675 14 25-09-2028 એન.સી.સી. ઇƛ̇ાƨપેસ ̆ા.લી. ક ƨટોન ̒ી ઉવશભાઈ ગાંધી ̒ી નિવનભાઈ પંચાલ ̒ીમ
2025-26,206,North-West,ગોતા,01 GOTA,12.0,580.0,24-09-2028,Keystone Infrastructure Pvt Ltd,,"ઝોન ગોતા ઉĂર પિĖમ ઝોનના ગોતા વોડ½મા એસ.ĥ.હાઇવે થી સફલ િવવાન ફ°ઝ-1 તથા સફલ િવવાન ફ°ઝ-1 પાસેનો 12 મી ટપી રોડને મીલӄગ, વાઈડ°નӄગ કર રસરફ°સ કરવાȵુ કામ. 580 12, 7 24-09-2028 નર નારાયણ ઇƛ̇ાƨ˼ƈચર ̆ા.લી. ક ƨટોન ̒ી હસȺુખભાઈ સોલંક ̒ી દપકભાઈ પટ°લ"
2025-26,207,North-West,ઝોન,,740.0,18.0,26-09-2028,Keystone Infrastructure Pvt Ltd,,ઝોન બોડકદ°વ ઉĂર પિĔમ ઝોનના બોડકદ°વ વોડ½માં રાજપથ રંગોલી રોડ ઉપર આવેલ એસ ક° ફામ½ થી કોટક હાઉસ ચાર રƨતા થી ઈસકોન ӕ બલી રોડ ને જોડતા રોડને બેઝવક½ સાથે નવો બનાવવાના કામના 740 18 26-09-2028 એન.સી.સી. ઇƛ̇ાƨપેસ ̆ા.લી. ક ƨટોન ̒ી તƛમયભાઈ પંડયા ̒ી ન
2025-26,208,North-West,ઝોન,,250.0,12.0,26-09-2028,Keystone Infrastructure Pvt Ltd,,ઝોન બોડકદ°વ ઉĂર પિĔમ ઝોનના બોડકદ°વ વોડ½ મા આર.એમ.એસ. તળાવથી ગોȢુલ એપાટ½મેƛટ Ʌુધીનો રોડ મીલӄગ કર રસરફ°સ કરવાના કામ 250 12 26-09-2028 આિશષ ઇƛ̇ાકોન ̆ા.લી. ક ƨટોન ̒ી ઉવશભાઈ ગાંધી ̒ી નિવનભાઈ પંચાલ ̒ીમતી મનીષાબેન શાહ ̒ી ̆ણવભાઈ પંડત
2025-26,209,North-West,ગોતા,01 GOTA,195.0,14.0,02-10-2028,Keystone Infrastructure Pvt Ltd,,ઝોન ગોતા ઉĂર પિĖમ ઝોનના ગોતા વોડ½માં ક°શવબાગ પાટ Ɯલોટ થી Ȥુલાબ ર°સીડ°ƛસી મંગલદપ પાટ Ɯલોટ) Ʌુધીનો રોડ બેઝવક½ કર રસરફ°સ કરવાના કામ 195 14 02-10-2028 નર નારાયણ ઇƛ̇ાƨ˼ƈચર ̆ા.લી. ક ƨટોન ̒ી હસȺુખભાઈ સોલંક ̒ી દપકભાઈ પટ°લ ̒ીમતી મનીષાબેન શાહ
2025-26,210,North-West,ઝોન,,405.0,26.0,26-09-2028,Keystone Infrastructure Pvt Ltd,,ઝોન ચાંદલોડયા ઉĂર પિĔમ ઝોનનાં ચાંદલોડયા વોડ½માં ટ.પી.45 માં આવેલ ચાંદલોડયા તળાવથી તીĮપતી ƨȢુલ થી ȢૃƧણનગર Ʌુધીના રોડને મીલӄગ કર રસરફ°સ કરવાના કામ. 405 9 26-09-2028 નર નારાયણ ઇƛ̇ાƨ˼ƈચર ̆ા.લી. ક ƨટોન ̒ી આિશષભાઈ ચૌહાણ ̒ી દપકભાઈ પટ°લ ̒ીમ
2025-26,211,North-West,ચાંદલોડયા,02 CHANDLODIA,720.0,25.0,25-09-2028,Keystone Infrastructure Pvt Ltd,,ઝોન ચાંદલોડયા ઉ.5.ઝોનનાં ચાંદલોડયા વોડ½મા તીȿુપતી ચોકડ થી વટકલ ƨપેસ થી ર°ƣવે લાઇન ફાયર ƨટ°શન Ʌુધીના રોડને બેઝવક½ કર રસરફ°સ કરવાના કામ 720 9 25-09-2028 નર નારાયણ ઇƛ̇ાƨ˼ƈચર ̆ા.લી. ક ƨટોન ̒ી આિશષભાઈ ચૌહાણ ̒ી દપકભાઈ પટ°લ ̒ીમતી મનીષાબેન 
2025-26,212,North-West,ઝોન,,420.0,14.0,08-10-2028,Keystone Infrastructure Pvt Ltd,,ઝોન બોડકદ°વ ઉĂર પિĔમ ઝોનનાં બોડકદ°વ વોડ½મા ӕ બલી િવƨતારમાં આવેલ ӕ બલીગામ રણછોડȶુરા થી ӕ બલી તળાવ થી ઈસકોન ӕ બલી રોડ તરફ જતા રોડને વાઈડ°નӄગ½ કર રસરફ°સ કરવાના કામ 420 14 08-10-2028 નર નારાયણ ઇƛ̇ાƨ˼ƈચર ̆ા.લી. ક ƨટોન ̒ી ઉવશભાઈ ગાંધી ̒ી નિવન
2025-26,213,North-West,ગોતા,01 GOTA,270.0,12.0,11-10-2028,Keystone Infrastructure Pvt Ltd,,ઝોન ગોતા ઉĂર પિĖમ ઝોનના ગોતા વોડ½માં Ƀુકન મોલ પેલેસ-1 થી Ȥુલમહોર ˴ીન ચાર રƨતા Ʌુધીનો રોડ બેઝવક½ કર રસરફ°સ કરવાના કામ 270 12 11-10-2028 નર નારાયણ ઇƛ̇ાƨ˼ƈચર ̆ા.લી. ક ƨટોન ̒ી હસȺુખભાઈ સોલંક ̒ી દપકભાઈ પટ°લ ̒ીમતી મનીષાબેન શાહ ̒ી ̆ણવભાઈ પંડ
2025-26,214,North-West,ગોતા,01 GOTA,765.0,12.0,10-10-2028,Keystone Infrastructure Pvt Ltd,,ઝોન ગોતા ઉĂર પિĖમ ઝોનના ગોતા વોડ½મા માĮતીનંદન રƨટોરƛટ એસ.પી.રӄગ રોડ થી હામ½ની હરક°શ Ʌુધીનો રોડ બેઝવક½ કર રસરફ°સ કરવાના કામ 765 12 10-10-2028 નર નારાયણ ઇƛ̇ાƨ˼ƈચર ̆ા.લી. ક ƨટોન ̒ી હસȺુખભાઈ સોલંક ̒ી દપકભાઈ પટ°લ ̒ીમતી મનીષાબેન શાહ ̒ી ̆ણવભ
2025-26,215,North-West,ઝોન,,830.0,5.0,05-02-2028,Keystone Infrastructure Pvt Ltd,,ઝોન થલતેજ ઉĂર પિĔમ ઝોનના થલતેજ વોડ½મા હ°લીકોનીયાથી એપાટ½મેƛટ થી ઓરનેટ પાક½-2 જ ંƈશન Ʌુધીનો રોડ વાઇડ°નӄગ કર રસરફ°સ કરવાના કામ 830 7 05-02-2028 નર નારાયણ ઇƛ̇ાƨ˼ƈચર ̆ા.લી. ક ƨટોન ̒ી તƛમયભાઈ પંડયા ̒ી નિવનભાઈ પંચાલ ̒ીમતી મનીષાબેન શાહ ̒ી ̆ણવભા
2025-26,216,North-West,ચાંદલોડયા,02 CHANDLODIA,680.0,15.0,15-11-2028,(?) -space Pvt Ltd (verify prefix),,"ઝોન ચાંદલોડયા ઉ.5.ઝોનનાં ચાંદલોડયા વોડ½માં ટ.પી.45/બી માં આવેલ રામાપીર મંદર થી Ʌુંવાળ સોસયટ થઇ સંતરોહદાસ, ગણેશનગર Ʌુધીનો રોડ બેઝવક½ કર રસરફ°સ કરવાના કામ 680 8 15-11-2028 એન.સી.સી. ઇƛ̇ાƨપેસ ̆ા.લી. માશ½ Ɯલાનӄગ એƛડ એƛĥનીયરӄગ સિવસીસ ̆ા"
2025-26,217,North-West,ઝોન,,450.0,5.0,05-11-2028,Keystone Infrastructure Pvt Ltd,,ઝોન થલતેજ ઉĂર પિĔમ ઝોનના બોડકદ°વ વોડ½માં ȶુરષોતમ નગર થી બોપલ નગરપાલીકા ઓફસ Ʌુધી નો રોડને બેઝવક½ સાથે નવો બનાવવાના કામ 450 7 05-11-2028 નર નારાયણ ઇƛ̇ાƨ˼ƈચર ̆ા.લી. ક ƨટોન ̒ી તƛમયભાઈ પંડયા ̒ી નિવનભાઈ પંચાલ ̒ીમતી મનીષાબેન શાહ ̒ી ̆ણવભાઈ પંડત
2025-26,218,North-West,ઝોન,,142.0,210.0,04-11-2028,Keystone Infrastructure Pvt Ltd,,ઝોન બોડકદ°વ ઉĂર પિĔમ ઝોનનાં બોડકદ°વ વોડ½મા142 બƣડગ થી દશમાન હાઉસ Ʌુધીના રોડને બેઝવક½ કર રસરફ°સ કરવાના કામ 210 14 04-11-2028 નર નારાયણ ઇƛ̇ાƨ˼ƈચર ̆ા.લી. ક ƨટોન ̒ી ઉવશભાઈ ગાંધી ̒ી નિવનભાઈ પંચાલ ̒ીમતી મનીષાબેન શાહ ̒ી ̆ણવભાઈ પંડત
2025-26,219,North-West,ઝોન,,550.0,8.0,08-11-2028,Keystone Infrastructure Pvt Ltd,,ઝોન થલતેજ ઉĂર પિĔમ ઝોનના થલતેજ વોડ½માં શીલજ પલોડયા મેઈન રોડથી આય½માન બંગલોઝ રોડને બેઝવક½ કર રસરફ°સ કરવાના કામ 550 9 08-11-2028 એન.સી.સી. ઇƛ̇ાƨપેસ ̆ા.લી. ક ƨટોન ̒ી િનરવભાઈ પટ°લ ̒ી નિવનભાઈ પંચાલ ̒ીમતી મનીષાબેન શાહ ̒ી ̆ણવભાઈ પંડત
2025-26,220,North-West,ઝોન,,210.0,7.0,07-11-2028,Fortune Builders,,ઝોન બોડકદ°વ ઉĂર પિĔમ ઝોનના બોડકદ°વ વોડ½માં ટ.પી.51 િવƨતારમાં આવેલ ȶુનીશકા હાઉસ થી માĮતી આƗમન Ʌુધીના રોડને ને બેઝવક½ સાથે નવો બનાવવાના કામ 210 9 07-11-2028 ફોƍȻુ½ન બƣડસ½ માશ½ Ɯલાનӄગ એƛડ એƛĥનીયરӄગ સિવસીસ ̆ા.લી. ̒ી ઉવશભાઈ ગાંધી ̒ી અજયભાઈ પ
2025-26,221,North-West,ગોતા,01 GOTA,1056.0,7.0,07-11-2028,Keystone Infrastructure Pvt Ltd,,ઝોન ગોતા ઉĂર પિĖમ ઝોનના ગોતા વોડ½મા ડવાઈન હાઇલેƛડ પાસે ɂૃંદાવન-9 થી ̇°ƛડસ વીલા બંગલોઝ થી એ-̒ીધર Ʌુધીનો રોડ બેઝવક½ કર રસરફ°સ કરવાના કામ 1056 7 07-11-2028 નર નારાયણ ઇƛ̇ાƨ˼ƈચર ̆ા.લી. ક ƨટોન ̒ી હસȺુખભાઈ સોલંક ̒ી દપકભાઈ પટ°લ ̒ીમતી મનીષાબેન
2025-26,222,North-West,ઝોન,,1101.0,14.0,09-11-2028,Keystone Infrastructure Pvt Ltd,,ઝોન થલતેજ ઉĂર પિĔમ ઝોનના થલતેજ વોડ½ મા ઝીયોન ̆ાઈમથી ɂૃંદાવન-3 બંƊલોઝ થઈ સӄȴુભવન Ʌુધીનો રોડ મીલӄગ કર વાઈડ°નӄગ કર રોડ રસરફ°સ કરવાના કામ 1101 14 09-11-2028 એન.સી.સી. ઇƛ̇ાƨપેસ ̆ા.લી. ક ƨટોન ̒ી તƛમયભાઈ પંડયા ̒ી નિવનભાઈ પંચાલ ̒ીમતી મનીષાબેન શ
2025-26,223,North-West,ઝોન,,195.0,11.0,11-11-2028,Keystone Infrastructure Pvt Ltd,,ઝોન ચાંદલોડયા ઉĂર પિĔમ ઝોનનાં ચાંદલોડયા વોડ½માં ટ.પી.72 માં આવેલ ભગવતી ફામ½ થી એચ-3 ƨȢુલ Ʌુધીનો રોડને બેઝવક½ સાથે નવો બનાવવાના કામ 195 7 11-11-2028 નર નારાયણ ઇƛ̇ાƨ˼ƈચર ̆ા.લી. ક ƨટોન ̒ી આિશષભાઈ ચૌહાણ ̒ી કƣપત ભાઈ પંચાલ ̒ીમતી મનીષાબેન શાહ
2025-26,224,North-West,ઝોન,,330.0,11.0,11-11-2028,Keystone Infrastructure Pvt Ltd,,ઝોન ચાંદલોડયા ઉĂર પિĔમ ઝોનનાં ચાંદલોડયા વોડ½માં ટ.પી.72 માં આવેલ એચ-3 ƨȢુલ થી નીલકંઠ બંગલોઝ Ʌુધીનો રોડને બેઝવક½ સાથે નવો બનાવવાના કામ 330 7 11-11-2028 નર નારાયણ ઇƛ̇ાƨ˼ƈચર ̆ા.લી. ક ƨટોન ̒ી આિશષભાઈ ચૌહાણ ̒ી કƣપત ભાઈ પંચાલ ̒ીમતી મનીષાબેન 
2025-26,225,North-West,ઝોન,,240.0,12.0,12-11-2028,Keystone Infrastructure Pvt Ltd,,ઝોન બોડકદ°વ ઉĂર પિĔમ ઝોનના બોડકદ°વ વોડ½મા ઈસકોન ӕ બલી રોડ ઉપર આવેલ માĮતી ɅુĦક શો Įમ થી શીવાલીક એઝ Ʌુધીનો રોડ બેઝવક½ કર રસરફ°સ કરવાના કામ 240 7 12-11-2028 એન.સી.સી. ઇƛ̇ાƨપેસ ̆ા.લી. ક ƨટોન ̒ી ઉવશભાઈ ગાંધી ̒ી અજયભાઈ પટ°લ ̒ીમતી મનીષાબેન શા
2025-26,226,North-West,ઘાટલોડયા,07 GHATLODIA,432.0,15.0,13-11-2028,Keystone Infrastructure Pvt Ltd,,"ઝોન ઘાટલોડયા ઉ.5.ઝોનનાં ઘાટલોડયા વોડ½માં ̒ીĥ કોƠપલેëથી મȴુɂૃંદ ́ણ રƨતા થી ƨપોટ½સ કોƠપલેë Ʌુધીના રોડને મીલӄગ,વાઇડ°નӄગ કર રસરફ°સ કરવાȵુ કામ. 432 15 13-11-2028 નર નારાયણ ઇƛ̇ાƨ˼ƈચર ̆ા.લી. ક ƨટોન ̒ી નરҰ̃ભાઈ મકવાણા ̒ી ભાવીનભાઈ પટ°લ ̒ીમતી મની"
2025-26,227,North-West,ઝોન,,720.0,14.0,19-11-2028,Keystone Infrastructure Pvt Ltd,,ઝોન બોડકદ°વ ઉĂર પિĔમ ઝોનના બોડકદ°વ વોડ½મા રાજવી ઓપલ થી ચં̃Ⱥુખી સોસાયટ થી આર.એમ.એસ સોસાયટ Ʌુધી નો રોડ મીલӄગ કર રસરફ°સ કરવાના કામ બાબત. 720 14.00 9.00 19-11-2028 નર નારાયણ ઇƛ̇ાƨ˼ƈચર ̆ા.લી. ક ƨટોન ̒ી ઉવશભાઈ ગાંધી ̒ી નિવનભાઈ પંચાલ ̒ીમતી મ
2025-26,228,North-West,ઝોન,,405.0,30.0,30-11-2028,Fortune Builders,,ઝોન ચાંદલોડયા ઉĂર પિĔમ ઝોનનાં ચાંદલોડયા વોડ½માં ƨવણમ બીઝનેસ હબથી િવશાખા ઓલિવયા Ʌુધીના રોડને બેઝવક½ સાથે નવો બનાવવાના કામ 405 9 30-11-2028 ફોƍȻુ½ન બƣડસ½ માશ½ Ɯલાનӄગ એƛડ એƛĥનીયરӄગ સિવસીસ ̆ા.લી. ̒ી આિશષભાઈ ચૌહાણ ̒ી કƣપત ભાઈ પંચાલ ̒ીમતી
2025-26,229,North-West,ગોતા,01 GOTA,745.0,20.0,20-11-2028,Keystone Infrastructure Pvt Ltd,,ઝોન ગોતા ઉĂર પિĖમ ઝોનના ગોતા વોડ½મા એસ.ĥ.હાઇવે ƨવાદ ગાંઠયા થી ક°.સી.ટ. વોટર ડƨ˼ƞȻુશન થી મેલડ એƨટ°ટ ચેહર મારા મંદર Ʌુધીનો રોડ બેઝવક½ કર રસરફ°સ કરવાના કામ 745 7 20-11-2028 આિશષ ઇƛ̇ાકોન ̆ા.લી. ક ƨટોન ̒ી હસȺુખભાઈ સોલંક ̒ી દપકભાઈ પટ°લ
2025-26,230,North-West,ઝોન,,340.0,1.0,01-12-2028,Fortune Builders,,ઝોન બોડકદ°વ ઉĂર પિĔમ ઝોનના બોડકદ°વ વોડ½માં જયંતીલાલ બી.આર.ટ.એસ. ƨટ°ƛડ થી રાજયસ રચમંડ Ɲલેટ Ʌુધીના રોડને બેઝવક½ સાથે નવો બનાવવાના કામ 340 7 01-12-2028 ફોƍȻુ½ન બƣડસ½ માશ½ Ɯલાનӄગ એƛડ એƛĥનીયરӄગ સિવસીસ ̆ા.લી. ̒ી ઉવશભાઈ ગાંધી ̒ી અજયભાઈ પટ°લ ̒
2025-26,231,North-West,ઝોન,,300.0,4.0,04-12-2028,Keystone Infrastructure Pvt Ltd,,ઝોન બોડકદ°વ ઉĂર પિĔમ ઝોનના બોડકદ°વ વોડ½મા ધી બનયાન ફલેટ થી રાજપથ-રંગોલી રોડને જોડતા રોડને બેઝવક½ સાથે નવો બનાવવાના કામ 300 7 04-12-2028 નર નારાયણ ઇƛ̇ાƨ˼ƈચર ̆ા.લી. ક ƨટોન ̒ી ઉવશભાઈ ગાંધી ̒ી અજયભાઈ પટ°લ ̒ી હરશભાઈ ચાવડા ̒ી ̆ણવભાઈ પંડત
2025-26,232,North-West,ઝોન,,810.0,7.0,07-12-2028,Keystone Infrastructure Pvt Ltd,,ઝોન થલતેજ ઉĂર પિĔમ ઝોનના થલતેજ વોડ½મા આય½માન બંગલોથી અȵુરતા બંગલોથી થી હ°બતȶુર ગામ રોડ Ʌુધીના રોડને વાઇડ°નӄગ કર રોડ રસરફ°સ કરવાના કામ 810 9 07-12-2028 નર નારાયણ ઇƛ̇ાƨ˼ƈચર ̆ા.લી. ક ƨટોન ̒ી િનરવભાઈ પટ°લ ̒ી નિવનભાઈ પંચાલ ̒ીમતી મનીષાબેન શાહ
2025-26,233,North-West,ગોતા,01 GOTA,165.0,11.0,11-12-2028,Keystone Infrastructure Pvt Ltd,,ઝોન ગોતા ઉĂર પિĖમ ઝોનના ગોતા વોડ½મા શƈત ફામ½ થી ઈƠપીરયલ હાઈટસ એસ.પી.રӄગ રોડ Ʌુધીનો રોડ બેઝવક½ કર રસરફ°સ કરવાના કામ 165 7 11-12-2028 નર નારાયણ ઇƛ̇ાƨ˼ƈચર ̆ા.લી. ક ƨટોન ̒ી હસȺુખભાઈ સોલંક ̒ી દપકભાઈ પટ°લ ̒ીમતી મનીષાબેન શાહ ̒ી ̆ણવભાઈ પંડત
2025-26,234,North-West,ગોતા,01 GOTA,340.0,11.0,11-12-2028,Keystone Infrastructure Pvt Ltd,,ઝોન ગોતા ઉĂર પિĖમ ઝોનના ગોતા વોડ½મા ƨથાપƗય હાઈટસ થી અિનક°ત ƨકાય Ʌુધીના રોડને બેઝવક½ કર રસરફ°સ કરવાના કામ 340 7 11-12-2028 નર નારાયણ ઇƛ̇ાƨ˼ƈચર ̆ા.લી. ક ƨટોન ̒ી હસȺુખભાઈ સોલંક ̒ી દપકભાઈ પટ°લ ̒ીમતી મનીષાબેન શાહ ̒ી ̆ણવભાઈ પંડત
2025-26,235,North-West,ગોતા,01 GOTA,255.0,11.0,11-12-2028,Keystone Infrastructure Pvt Ltd,,ઝોન ગોતા ઉĂર પિĖમ ઝોનના ગોતા વોડ½મા અિનક°ત ƨકાય થી લપકામણ રોડ Ʌુધીના રોડને બેઝવક½ કર રસરફ°સ કરવાના કામ 255 7 11-12-2028 નર નારાયણ ઇƛ̇ાƨ˼ƈચર ̆ા.લી. ક ƨટોન ̒ી હસȺુખભાઈ સોલંક ̒ી દપકભાઈ પટ°લ ̒ીમતી મનીષાબેન શાહ ̒ી ̆ણવભાઈ પંડત
2025-26,236,North-West,ગોતા,01 GOTA,255.0,11.0,11-12-2028,Keystone Infrastructure Pvt Ltd,,ઝોન ગોતા ઉĂર પિĖમ ઝોનના ગોતા વોડ½મા અિનક°ત હાઈટસ થી લપકામણ રોડ Ʌુધીના રોડને બેઝવક½ કર રસરફ°સ કરવાના કામ 255 7 11-12-2028 નર નારાયણ ઇƛ̇ાƨ˼ƈચર ̆ા.લી. ક ƨટોન ̒ી હસȺુખભાઈ સોલંક ̒ી દપકભાઈ પટ°લ ̒ીમતી મનીષાબેન શાહ ̒ી ̆ણવભાઈ પંડત
2025-26,237,North-West,ગોતા,01 GOTA,1200.0,19.0,19-12-2028,Keystone Infrastructure Pvt Ltd,,ઝોન ગોતા ઉĂર પિĔમ ઝોનના ગોતા વોડ½મા એસ.પી.રӄગ રોડ થી વેદાંત કદમ થી મહાકાળ મંદર થી મȴુવન પાટ Ɯલોટ થી ƛȻુ સાયƛસ સીટ રોડને જોડતો રોડ બેઝવક½ કર રસરફ°સ કરવાના કામ 1200 7 19-12-2028 નર નારાયણ ઇƛ̇ાƨ˼ƈચર ̆ા.લી. ક ƨટોન ̒ી હસȺુખભાઈ સોલંક ̒ી દ
2025-26,238,North-West,ગોતા,01 GOTA,480.0,21.0,21-12-2028,Keystone Infrastructure Pvt Ltd,,ઝોન ગોતા ઉĂર પિĖમ ઝોનના ગોતા વોડ½મા ઓગણજ બાયપાસ રોડ થી નવા વો.ડ.ƨટ°શન Ʌુધીનો રોડ બેઝવક½ કર રસરફ°સ કરવાના કામ 480 7 21-12-2028 નર નારાયણ ઇƛ̇ાƨ˼ƈચર ̆ા.લી. ક ƨટોન ̒ી હસȺુખભાઈ સોલંક ̒ી દપકભાઈ પટ°લ ̒ીમતી મનીષાબેન શાહ ̒ી ̆ણવભાઈ પંડત
2025-26,239,North-West,ઝોન,,1070.0,24.0,24-12-2028,Keystone Infrastructure Pvt Ltd,,ઝોન ચાંદલોડયા ઉĂર પિĖમ ઝોનના ચાંદલોડયા વોડ½માં ઇલાઇટ માસ½ થી ક°સર એટલાƛટા થી એલેëા ગણેશ Ɗલોર મેઈન રોડ Ʌુધીના રોડને બેઝવક½ કર રસરફ°સ કરવાના કામ 1070 7 24-12-2028 નર નારાયણ ઇƛ̇ાƨ˼ƈચર ̆ા.લી. ક ƨટોન ̒ી આિશષભાઈ ચૌહાણ ̒ી દપકભાઈ પટ°લ ̒ીમતી 
2025-26,240,North-West,ઝોન,,1674.0,24.0,24-12-2028,Anavya Construction (verify),(consultancy - verify name),ઝોન ચાંદલોડયા ઉĂર પિĖમ ઝોનના ચાંદલોડયા વોડ½માં ઉમાભાવાની Ӕડરપાસથી ́ાગડ ર°ƣવે ˲ોસӄગ Ʌુધીનો રોડ વાઇડ°નӄગ તથા રસરફ°સ રસરફ°સ કરવાના કામ 1674 9 24-12-2028 વĮણ ̆ોકોન ̆ા. લી. અનવયા કƛƨ˼કશન કƛસલટƛસી ̆ા.લી. ̒ી આિશષભાઈ ચૌહાણ ̒ી દપકભાઈ પટ°લ ̒ીમતી
2025-26,241,North-West,ઝોન,,510.0,23.0,23-12-2028,Keystone Infrastructure Pvt Ltd,,ઝોન થલતેજ ઉĂર પિĔમ ઝોનના થલતેજ વોડ½ માં ȶુƧપમ બંગલોઝ થી ગાધી આવાસ Ʌુધી નો રોડ મીલીગ કર જȿુર વાઇƛડગ કર રસરફ°સ કરવાના કામ 510 9 23-12-2028 આિશષ ઇƛ̇ાકોન ̆ા.લી. ક ƨટોન ̒ી િનરવભાઈ પટ°લ ̒ી નિવનભાઈ પંચાલ ̒ીમતી મનીષાબેન શાહ ̒ી ̆ણવભાઈ પંડત આ.
2025-26,242,North-West,ગોતા,01 GOTA,77.0,2800.0,26-12-2028,Keystone Infrastructure Pvt Ltd,,"ઝોન ગોતા ઉĂર પિĖમ ઝોનના ગોતા વોડ½માં ƨવાિમનારાયણ મંદરથી આક²ડય 77 થી એસ.ĥ.વી.પી. થી ક°.ડ. હોƨપીટલ Ʌુધીના સિવસ રોડને બેઝવક½ કર રસરફ°સ કરવાના કામ 2800 16, 7 26-12-2028 નર નારાયણ ઇƛ̇ાƨ˼ƈચર ̆ા.લી. ક ƨટોન ̒ી ̆હલાદભાઈ દ°વડા ̒ી દનેશભાઈ પટ°લ"
2025-26,243,North-West,ઝોન,,645.0,24.0,24-12-2028,Keystone Infrastructure Pvt Ltd,,ઝોન ચાંદલોડયા ઉĂર પિĔમ ઝોનનાં ચાંદલોડયા વોડ½માં યશ એમપીરયલ થી ઈલાઈટ નેƜƍȻુન Ʌુધીના રોડને બેઝવક½ સાથે નવો બનાવવાના કામ 645 7 24-12-2028 નર નારાયણ ઇƛ̇ાƨ˼ƈચર ̆ા.લી. ક ƨટોન ̒ી આિશષભાઈ ચૌહાણ ̒ી કƣપત ભાઈ પંચાલ ̒ીમતી મનીષાબેન શાહ ̒ી ̆ણવભાઈ પં
2025-26,244,North-West,ઝોન,,758.0,26.0,26-12-2028,Keystone Infrastructure Pvt Ltd,,ઝોન થલતેજ ઉĂર પિĔમ ઝોનના થલતેજ વોડ½મા એસ.પી.રӄગ રોડ થી મેƊનેટ થી Ʌુદશ½ન ˴ેસ Ʌુધીનો રોડ બેઝવક½ કર રસરફ°સ કરવાના કામ 758 7 26-12-2028 એન.સી.સી. ઇƛ̇ાƨપેસ ̆ા.લી. ક ƨટોન ̒ી િનરવભાઈ પટ°લ ̒ી નિવનભાઈ પંચાલ ̒ી હરશભાઈ ચાવડા ̒ી ̆ણવભાઈ પંડત
2025-26,245,North-West,ઝોન,,780.0,31.0,31-12-2028,Keystone Infrastructure Pvt Ltd,,ઝોન બોડકદ°વ ઉĂર પિĔમ ઝોનનાં બોડકદ°વ વોડ½માં ɅુȺુખિવલા બંƊલોઝ થી અભી̒ી ર°સીડ°ƛસી ચાર રƨતા થી કાƛતમ પાટ Ɯલોટ ચાર રƨતા Ʌુધીના રોડને બેઝવક½ સાથે નવો બનાવવાના કામ 780 9 31-12-2028 નર નારાયણ ઇƛ̇ાƨ˼ƈચર ̆ા.લી. ક ƨટોન ̒ી ઉવશભાઈ ગાંધી ̒ી અજયભાઈ પટ
2025-26,246,North-West,ઝોન,,240.0,4.0,04-01-2029,Fortune Builders,,ઝોન બોડકદ°વ ઉĂર પિĔમ ઝોનના બોડકદ°વ વોડ½માં બીનોર ƨƈવેર-2 થી અશોક વાટકા રોડને બેઝવક½ સાથે નવો બનાવવાના કામ 240 5 04-01-2029 ફોƍȻુ½ન બƣડસ½ માશ½ Ɯલાનӄગ એƛડ એƛĥનીયરӄગ સિવસીસ ̆ા.લી. ̒ી ઉવશભાઈ ગાંધી ̒ી અજયભાઈ પટ°લ ̒ી ̆ણવભાઈ પંડત ̒ી ̆ણવભાઈ પ
2025-26,247,North-West,ઝોન,,24.0,490.0,08-01-2029,Keystone Infrastructure Pvt Ltd,,ઝોન થલતેજ ઉĂર પિĔમ ઝોનના થલતેજ વોડ½મા ટ.પી.301 િવƨતારમાં ̆ોȐƈટ -24 ક°ર°ટ થી ȑન મંદર Ʌુધીનો રોડ બેઝવક½ કર રસરફ°સ કરવાના કામ 490 7 08-01-2029 નર નારાયણ ઇƛ̇ાƨ˼ƈચર ̆ા.લી. ક ƨટોન ̒ી િનરવભાઈ પટ°લ ̒ી નિવનભાઈ પંચાલ ̒ી હરશભાઈ ચાવડા ̒ી ̆ણવભાઈ પ
2025-26,248,North-West,ઝોન,,1605.0,14.0,09-12-2028,Keystone Infrastructure Pvt Ltd,,ઝોન થલતેજ ઉĂર પિĔમ ઝોનના થલતેજ વોડ½ માં ̒ેયા એટલાƛટાથી ટ-પોƨટ જ ંƈશન Ʌુધી નો રોડ મીલીગ કર જȿુર વાઇƛડગ કર રસરફ°સ કરવાના કામ બાબત. 1605 14 09-12-2028 નર નારાયણ ઇƛ̇ાƨ˼ƈચર ̆ા.લી. ક ƨટોન ̒ી િનરવભાઈ પટ°લ ̒ી નિવનભાઈ પંચાલ ̒ીમતી મનીષાબેન શાહ
2025-26,249,North-West,ઝોન,,1191.0,14.0,09-01-2029,Keystone Infrastructure Pvt Ltd,,ઝોન થલતેજ ઉĂર પિĔમ ઝોનના થલતેજ વોડ½ માં તëશીલા જ ંƈશનથી મેપલ કાઉƛટ-2 Ʌુધીનો રોડ મીલӄગ કર વાઈડ°નӄગ કર રોડ રસરફ°સ કરવાના કામ 1191 14 09-01-2029 એન.સી.સી. ઇƛ̇ાƨપેસ ̆ા.લી. ક ƨટોન ̒ી િનરવભાઈ પટ°લ ̒ી નિવનભાઈ પંચાલ ̒ીમતી મનીષાબેન શાહ ̒ી ̆ણવભા
2025-26,250,North-West,ઝોન,,750.0,11.0,11-01-2029,Fortune Builders,,ઝોન બોડકદ°વ ઉĂર પિĔમ ઝોનના બોડકદ°વ વોડ½માં ˼ટોન હોટલ થી કાƛતમ પાટ Ɯલોટ Ʌુધીના રોડને બેઝવક½ સાથે નવો બનાવવાના કામ 750 9 11-01-2029 ફોƍȻુ½ન બƣડસ½ માશ½ Ɯલાનӄગ એƛડ એƛĥનીયરӄગ સિવસીસ ̆ા.લી. ̒ી ઉવશભાઈ ગાંધી ̒ી અજયભાઈ પટ°લ ̒ી ̆ણવભાઈ પંડત ̒ી ̆
2025-26,251,North-West,ઝોન,,390.0,19.0,19-01-2029,Fortune Builders,,ઝોન ચાંદલોડયા ઉĂર પિĔમ ઝોનનાં ચાંદલોડયા વોડ½માં જગતȶુર તળાવની પાછળ આવેલ ર°નવી ડ°વલોપસ½થી િસƚધાથ½ ɂૃંદાવન Ʌુધીના રોડને બેઝવક½ સાથે નવો બનાવવાના કામ 390 5.5 19-01-2029 ફોƍȻુ½ન બƣડસ½ માશ½ Ɯલાનӄગ એƛડ એƛĥનીયરӄગ સિવસીસ ̆ા.લી. ̒ી આિશષભાઈ ચૌહાણ
2025-26,252,North-West,ઝોન,,480.0,19.0,19-01-2029,Fortune Builders,,ઝોન ચાંદલોડયા ઉĂર પિĔમ ઝોનનાં ચાંદલોડયા વોડ½માં જગતȶુર તળાવની પાસે આવેલ એƈવા વીƨટાથી અદાણી એરટસ Ʌુધીના રોડને બેઝવક½ સાથે નવો બનાવવાના કામ 480 5.5 19-01-2029 ફોƍȻુ½ન બƣડસ½ માશ½ Ɯલાનӄગ એƛડ એƛĥનીયરӄગ સિવસીસ ̆ા.લી. ̒ી આિશષભાઈ ચૌહાણ ̒ી કƣપ
2025-26,253,North-West,ઝોન,,542.0,36.0,23-01-2026,Nar Narayan Infrastructure Pvt Ltd,,ઝોન થલતેજ ઉĂર 5.ઝોનના થલતેજ વોડમા એસ.પી.રӄગ રોડ સવ± નં.476 થી સવ± નં. 542 ને 36 મીટરનો જોડતો 18.મીટરનો રોડ બેઝ વક½ કર રસરફ°સ કરવાȵુ કામ..(એસ.પી.રӄગ રોડ થી ક°નાલ થી લાયન આક½ Ɲલેટ ) 1064 5 23-01-2026 નર નારાયણ ઇƛ̇ાƨ˼ƈચર ̆ા.લી. માશ½ Ɯલાનӄગ એ
2025-26,254,North-West,ઝોન,,420.0,12.0,26-01-2029,Keystone Infrastructure Pvt Ltd,,ઝોન ચાંદલોડયા ઉĂર પિĔમ ઝોનનાં ચાંદલોડયા વોડ½માં ચાંદલોડયા બી ર°ƣવે ƨટ°શન થી શાયોના ચોક જંકશન Ʌુધીનો રોડ મીલӄગ કર રસરફ°સ કરવાના કામ 420 12 26-01-2029 નર નારાયણ ઇƛ̇ાƨ˼ƈચર ̆ા.લી. ક ƨટોન ̒ી જતેƛ̃ભાઈ પટ°લ ̒ી કƣપત ભાઈ પંચાલ ̒ીમતી મનીષાબેન
2025-26,255,North-West,ઝોન,,460.0,24.0,24-01-2029,Keystone Infrastructure Pvt Ltd,,ઝોન ચાંદલોડયા ઉĂર પિĔમ ઝોનનાં ચાંદલોડયા વોડ½માં સેવી ƨવરાજ પાસે આવેલ ર°નવી થી ƨકાયવોક લƈĦરયા Ʌુધીના રોડને બેઝવક½ સાથે નવો બનાવવાના કામ 460 7 24-01-2029 નર નારાયણ ઇƛ̇ાƨ˼ƈચર ̆ા.લી. ક ƨટોન ̒ી આિશષભાઈ ચૌહાણ ̒ી કƣપત ભાઈ પંચાલ ̒ીમતી મનીષાબેન
2025-26,256,North-West,ઝોન,,170.0,26.0,26-01-2029,Keystone Infrastructure Pvt Ltd,,ઝોન બોડકદ°વ ઉĂર પિĔમ ઝોનના બોડકદ°વ વોડ½મા નાયરા પે˼લ પંપ થી ઉમીȢુંજ બંƊલોઝ Ʌુધી નો રોડ મીલӄગ કર રસરફ°સ કરવાના કામ 170 9 26-01-2029 આિશષ ઇƛ̇ાકોન ̆ા.લી. ક ƨટોન ̒ી ઉવશભાઈ ગાંધી ̒ી અજયભાઈ પટ°લ ̒ી હરશભાઈ ચાવડા ̒ી ̆ણવભાઈ પંડત
2025-26,257,North-West,ઝોન,,375.0,26.0,26-01-2029,Keystone Infrastructure Pvt Ltd,,ઝોન ચાંદલોડયા ઉĂર પિĔમ ઝોનનાં ચાંદલોડયા વોડ½માં સેવી ƨવરાજ પાસે આવેલ ƨકાયવોકથી લƈĦરયા Ʌુધીના રોડને બેઝવક½ સાથે નવો બનાવવાના કામ 375 7 26-01-2029 નર નારાયણ ઇƛ̇ાƨ˼ƈચર ̆ા.લી. ક ƨટોન ̒ી આિશષભાઈ ચૌહાણ ̒ી કƣપત ભાઈ પંચાલ ̒ીમતી મનીષાબેન શાહ ̒ી
2025-26,258,North-West,ગોતા,01 GOTA,460.0,28.0,28-01-2029,Nar Narayan Infrastructure Pvt Ltd,,ઝોન ગોતા ઉĂર પિĖમ ઝોનના ગોતા વોડ½મા હર આશા Ɲલેટ થી પાવ½તી પેલેસ Ʌુધીના રોડ (રોડ નં-1) ને વાઈડ°નӄગ તથા રસરફ°સ રસરફ°સ કરવાના કામ 460 5 28-01-2029 નર નારાયણ ઇƛ̇ાƨ˼ƈચર ̆ા.લી. માશ½ Ɯલાનӄગ એƛડ એƛĥનીયરӄગ સિવસીસ ̆ા.લી. ̒ી હસȺુખભાઈ સોલંક ̒ી દપ
2025-26,259,North-West,ગોતા,01 GOTA,400.0,28.0,28-01-2029,Nar Narayan Infrastructure Pvt Ltd,,ઝોન ગોતા ઉĂર પિĖમ ઝોનના ગોતા વોડ½મા ઉિમયા સક½લ થી આદƗય હાઈટસ Ʌુધીના રોડ (રોડ નં-2) ને વાઈડ°નӄગ તથા રસરફ°સ રસરફ°સ કરવાના કામ 400 7 28-01-2029 નર નારાયણ ઇƛ̇ાƨ˼ƈચર ̆ા.લી. માશ½ Ɯલાનӄગ એƛડ એƛĥનીયરӄગ સિવસીસ ̆ા.લી. ̒ી હસȺુખભાઈ સોલંક ̒ી દપકભા
2025-26,260,North-West,ઝોન,,1100.0,29.0,29-01-2029,Keystone Infrastructure Pvt Ltd,,ઝોન ચાંદલોડયાઉĂર પિĖમ ઝોનના ચાંદલોડયા વોડ½માં સેƛટર પોઇƛટ થી નીમા½ણ રજોઈસ Ʌુધીનો રોડ ર˴ેડ કર રસરફ°સ કરવાના કામ બાબત. 1100 7 29-01-2029 આિશષ ઇƛ̇ાકોન ̆ા.લી. ક ƨટોન ̒ી આિશષભાઈ ચૌહાણ ̒ી દપકભાઈ પટ°લ ̒ીમતી મનીષાબેન શાહ ̒ી ̆ણવભાઈ પંડત
2025-26,261,North-West,ઝોન,,36.0,690.0,30-01-2029,Keystone Infrastructure Pvt Ltd,,"ઝોન બોડકદ°વ ઉĂર પિĔમ ઝોનના બોડકદ°વ વોડ½માં ટ.પી.50 િવƨતારમાં િસȴુભવન રોડ ઉપર આવેલ મોƛટ° કાલҴ બƣડӄગ થી પલ½-36 થી રાજપથ રંગોલી રોડ Ʌુધીના રોડને મીલӄગ, વાઈડ°નӄગ કર રસરફ°સ કરવાȵુ કામ. 690 12 30-01-2029 નર નારાયણ ઇƛ̇ાƨ˼ƈચર ̆ા.લી. ક ƨટોન ̒ી"
2025-26,262,North-West,ઝોન,,705.0,14.4,30-01-2029,Keystone Infrastructure Pvt Ltd,,ઝોન બોડકદ°વ ઉĂર પિĔમ ઝોનનાં બોડકદ°વ વોડ½માં એવલોન હોટલ થી એસ.ĥ.હાઇવે Ʌુધીનો રોડ બેઝવક½ કર રસરફ°સ કરવાના કામ. 705 14.4 30-01-2029 આિશષ ઇƛ̇ાકોન ̆ા.લી. ક ƨટોન ̒ી ઉવશભાઈ ગાંધી ̒ી નિવનભાઈ પંચાલ ̒ીમતી મનીષાબેન શાહ ̒ી ̆ણવભાઈ પંડત આ.ઇ. આ.સી.ઇ.
2025-26,263,North-West,ઝોન,,780.0,30.0,30-01-2029,Fortune Builders,,ઝોન બોડકદ°વ ઉĂર પિĔમ ઝોનના બોડકદ°વ વોડ½માં ȶુƧપક બંગલો થી એસ કાફ° Ʌુધીના રોડને બેઝવક½ સાથે નવો બનાવવાના કામ 780 5 30-01-2029 ફોƍȻુ½ન બƣડસ½ માશ½ Ɯલાનӄગ એƛડ એƛĥનીયરӄગ સિવસીસ ̆ા.લી. ̒ી ઉવશભાઈ ગાંધી ̒ી અજયભાઈ પટ°લ ̒ી ̆ણવભાઈ પંડત ̒ી ̆ણવભાઈ પ
2025-26,264,North-West,ઝોન,,96.0,315.0,30-01-2029,Keystone Infrastructure Pvt Ltd,,ઝોન થલતેજ ઉĂર પિĔમ ઝોનના થલતેજ વોડ½ માં એમીનƛસ 96 થી સંકƣપ ˴ેસ 3 Ʌુધી નો રોડ ર˴ેડ કર રસરફ°સ કરવાનાં કામ 315 9 30-01-2029 આિશષ ઇƛ̇ાકોન ̆ા.લી. ક ƨટોન ̒ી િનરવભાઈ પટ°લ ̒ી નિવનભાઈ પંચાલ ̒ીમતી મનીષાબેન શાહ ̒ી ̆ણવભાઈ પંડત
2025-26,265,North-West,ઝોન,,18.0,36.0,19-02-2029,Nar Narayan Infrastructure Pvt Ltd,,ઝોન થલતેજ ઉĂર 5.ઝોનના થલતેજ વોડમા 18 મીટરના રોડ પર આવેલ સવ± નં.515/એ થી 36 મીટરના રોડ પર આવેલ સવ± નં.483 ને જોડતો 15 મીટરનો રોડ બેઝ વક½ કર રસરફ°સ કરવાȵુ કામ.(ધ િમલેિનયા ) 982 5 19-02-2029 નર નારાયણ ઇƛ̇ાƨ˼ƈચર ̆ા.લી. માશ½ Ɯલાનӄગ એƛડ એƛĥનીયર
2025-26,266,North-West,ઘાટલોડયા,07 GHATLODIA,630.0,16.0,06-02-2029,Keystone Infrastructure Pvt Ltd,,"ઝોન ઘાટલોડયા ઉ.5.ઝોનના ઘાટલોડયા વોડ½માં સન ન ƨટ°પ ƈલબથી વૈભવ બંƊલોઝ થઈ ȹુયંગદ°વ ચાર રƨતા Ʌુધીના ટ.પી. રોડને મીલӄગ, ̆ોફાઈલ કર°કશન, વાઈડ°નીગ તથા રસરફ°સ કરવાના કામ 630 16 06-02-2029 નર નારાયણ ઇƛ̇ાƨ˼ƈચર ̆ા.લી. ક ƨટોન ̒ી નરҰ̃ભાઈ મકવાણા ̒ી ભ"
2025-26,267,North-West,ગોતા,01 GOTA,430.0,7.0,07-02-2029,Anavya Construction (verify),(consultancy - verify name),ઝોન ગોતા ઉĂર પિĖમ ઝોનના ગોતા વોડ½મા દ°વસીટ તળાવ થી જજ બંગલો રોડ વાઈડ°નӄગ તથા રસરફ°સ રસરફ°સ કરવાના કામ 430 9 07-02-2029 વĮણ ̆ોકોન ̆ા. લી. અનવયા કƛƨ˼કશન કƛસલટƛસી ̆ા.લી. ̒ી Ȣૃણાલભાઈ શાહ ̒ી દપકભાઈ પટ°લ ̒ીમતી મનીષાબેન શાહ ̒ી ̆ણવભાઈ પંડત
2025-26,268,North-West,ચાંદલોડયા,02 CHANDLODIA,285.0,9.0,09-02-2029,Keystone Infrastructure Pvt Ltd,,ઝોન ચાંદલોડયાઉ.5.ઝોનનાં ચાંદલોડયા વોડ½મા ચેનȶુર ˲ોિસગથી િનમાણ½ લાઈફ ƨટાઈલ Ʌુધીનો રોડ વાઈડ°નӄગ કર રસરફ°સ કરવાના કામ. 285 7 09-02-2029 આિશષ ઇƛ̇ાકોન ̆ા.લી. ક ƨટોન ̒ી આિશષભાઈ ચૌહાણ ̒ી કƣપત ભાઈ પંચાલ ̒ીમતી મનીષાબેન શાહ ̒ી ̆ણવભાઈ પંડત
2025-26,269,North-West,ઝોન,,630.0,14.0,09-02-2029,Keystone Infrastructure Pvt Ltd,,ઝોન બોડકદ°વ ઉĂર પિĔમ ઝોનના બોડકદ°વ વોડ½માં ટ.પી.50 િવƨતારમાં આવેલ વૈભવ ગોȢુલ બંƊલોઝ થી મન બંƊલો ચાર રƨતાથી એસ.ĥ.હાઈવે ને જોડતા રોડને ને બેઝવક½ સાથે નવો બનાવવાના કામ 630 14 09-02-2029 નર નારાયણ ઇƛ̇ાƨ˼ƈચર ̆ા.લી. ક ƨટોન ̒ી ઉવશભાઈ ગાંધી ̒ી ન
2025-26,270,North-West,ઝોન,,275.0,14.0,09-02-2029,Keystone Infrastructure Pvt Ltd,,"ઝોન થલતેજ ઉĂર પિĔમ ઝોનના થલતેજ વોડ½મા ઇશાન બંગલોઝ થી પલ½ િવલા Ʌુધીનો રોડ બેઝવક½ કર રસરફ°સ કરવાના કામ 275 14, 7 09-02-2029 આિશષ ઇƛ̇ાકોન ̆ા.લી. ક ƨટોન ̒ી િનરવભાઈ પટ°લ ̒ી નિવનભાઈ પંચાલ ̒ી હરશભાઈ ચાવડા ̒ી ̆ણવભાઈ પંડત"
2025-26,271,North-West,ગોતા,01 GOTA,270.0,9.0,09-02-2029,Keystone Infrastructure Pvt Ltd,,ઝોન ગોતા ઉĂર પિĖમ ઝોનના ગોતા વોડ½મા િસƣવર ગાડ½િનયા થી એસ.ĥ.હાઇવે Ʌુધીના રોડને વાઈડ°નӄગ તથા રસરફ°સ રસરફ°સ કરવાના કામ 270 9 09-02-2029 નર નારાયણ ઇƛ̇ાƨ˼ƈચર ̆ા.લી. ક ƨટોન ̒ી હસȺુખભાઈ સોલંક ̒ી દપકભાઈ પટ°લ ̒ીમતી મનીષાબેન શાહ ̒ી ̆ણવભાઈ પંડત
2025-26,272,North-West,ઝોન,,300.0,14.0,14-02-2029,Keystone Infrastructure Pvt Ltd,,ઝોન ચાંદલોડયા ઉĂર પિĔમ ઝોનનાં ચાંદલોડયા વોડ½માં ટ.પી.45 માં આવેલ ચાંદલોડયા તળાવથી ચાંદલોડયા ̈ીજ Ʌુધીનાં રોડને મીલӄગ કર રસરફ°સ કરવાના કામ. 300 9 14-02-2029 નર નારાયણ ઇƛ̇ાƨ˼ƈચર ̆ા.લી. ક ƨટોન ̒ી જતેƛ̃ભાઈ પટ°લ ̒ી કƣપત ભાઈ પંચાલ ̒ીમતી 
2025-26,273,North-West,ઝોન,,477.0,5.0,05-02-2029,Fortune Builders,,ઝોન થલતેજ ઉĂર 5.ઝોનના થલતેજ વોડ½મા ƨટ°ટસ અƣટ°ઝાની સાઈડનો રોડ બેઝવક½ કર રસરફ°સ કરવાȵુ કામ. 477 7 05-02-2029 ફોƍȻુ½ન બƣડસ½ માશ½ Ɯલાનӄગ એƛડ એƛĥનીયરӄગ સિવસીસ ̆ા.લી. ̒ી િનરવભાઈ પટ°લ ̒ી નિવનભાઈ પંચાલ ̒ી હરશભાઈ ચાવડા ̒ી ̆ણવભાઈ પંડત
2025-26,274,North-West,ગોતા,01 GOTA,350.0,23.0,23-02-2029,Keystone Infrastructure Pvt Ltd,,"ઝોન ગોતા ઉĂર પિĖમ ઝોનના ગોતા વોડ½મા સƗયમ કોƠપલેë થી ધન̒ી બંગલો રોડને મીલӄગ,વાઇડ°નӄગ કર રસરફ°સ કરવાȵુ કામ. 350 7 23-02-2029 નર નારાયણ ઇƛ̇ાƨ˼ƈચર ̆ા.લી. ક ƨટોન ̒ી હસȺુખભાઈ સોલંક ̒ી દપકભાઈ પટ°લ ̒ીમતી મનીષાબેન શાહ ̒ી ̆ણવભાઈ પંડત"
2025-26,275,North-West,ઝોન,,180.0,24.0,24-02-2029,Keystone Infrastructure Pvt Ltd,,"ઝોન ચાંદલોડયાઉĂર પિĔમ ઝોનનાં ચાંદલોડયા વોડ½માં ગણેશ Ɗલોરની પાસેના રોડને મીલӄગ,વાઇડ°નӄગ કર રસરફ°સ કરવાȵુ કામ. 180 9 24-02-2029 નર નારાયણ ઇƛ̇ાƨ˼ƈચર ̆ા.લી. ક ƨટોન ̒ી આિશષભાઈ ચૌહાણ ̒ી કƣપત ભાઈ પંચાલ ̒ીમતી મનીષાબેન શાહ ̒ી ̆ણવભાઈ પંડત"
2025-26,276,North-West,ગોતા,01 GOTA,30.0,650.0,25-02-2029,Keystone Infrastructure Pvt Ltd,,"ઝોન ગોતા ઉĂર પિĖમ ઝોનના ગોતા વોડ½મા દ°વ સીટ તળાવ થી સાયોના Ȣૃપા બંગલો થી 30 મીટરના રોડને જોડતા રોડને મીલӄગ,વાઇડ°નӄગ કર રસરફ°સ કરવાȵુ કામ. 650 12,7 25-02-2029 નર નારાયણ ઇƛ̇ાƨ˼ƈચર ̆ા.લી. ક ƨટોન ̒ી Ȣૃણાલભાઈ શાહ ̒ી દપકભાઈ પટ°લ ̒ીમતી મનીષાબ"
2025-26,277,North-West,ઝોન,,315.0,25.0,25-02-2029,Nar Narayan Infrastructure Pvt Ltd,,ઝોન બોડકદ°વ ઉĂર પિĔમ ઝોનનાં બોડકદ°વ વોડ½માં નવા સીમાંકન Ⱥુજબ આવેલ બોપલ િવƨતારમાં ટ°લીફોન એëચેƛજ રોડ ને ર˴ેડ તથા રસરફ°સ કરવાȵુ કામ. 315 9 25-02-2029 નર નારાયણ ઇƛ̇ાƨ˼ƈચર ̆ા.લી. માશ½ Ɯલાનӄગ એƛડ એƛĥનીયરӄગ સિવસીસ ̆ા.લી. ̒ી ઉવશભાઈ ગાંધી ̒ી અજ
2025-26,278,North-West,ગોતા,01 GOTA,511.0,7.0,07-03-2029,Anavya Construction (verify),(consultancy - verify name),"ઝોન ગોતા ઉĂર પિĔમ ઝોનના ગોતા વોડ½મા યȳુડ Ӕડરપાસ થી દ°વસીટ બંગલોઝ થી માȿુતીનંદન ર°ƨટોરƛટ Ʌુધીના રોડને મીલӄગ,વાઇડ°નӄગ કર રસરફ°સ કરવાȵુ કામ. 511 9 07-03-2029 વĮણ ̆ોકોન ̆ા. લી. અનવયા કƛƨ˼કશન કƛસલટƛસી ̆ા.લી. ̒ી Ȣૃણાલભાઈ શાહ ̒ી દપકભાઈ પટ°લ ̒"
2025-26,279,North-West,ચાંદલોડયા,02 CHANDLODIA,560.0,13.0,13-03-2029,Anavya Construction (verify),(consultancy - verify name),ઝોન ચાંદલોડયાઉ.5.ઝોનનાં ચાંદલોડયા વોડ½મા અëર ઇલોક થી માલાબાર-2 એƛ˼ Ʌુધીનો રોડ બેઝવક½ કર રસરફ°સ કરવાના કામ 560 7 13-03-2029 વĮણ ̆ોકોન ̆ા. લી. અનવયા કƛƨ˼કશન કƛસલટƛસી ̆ા.લી. ̒ી આિશષભાઈ ચૌહાણ ̒ી કƣપત ભાઈ પંચાલ ̒ીમતી મનીષાબેન શાહ ̒ી ̆ણવભાઈ
2025-26,280,North-West,ઝોન,,555.0,26.0,26-03-2029,Keystone Infrastructure Pvt Ltd,,ઝોન ચાંદલોડયા ઉĂર પિĔમ ઝોનનાં ચાંદલોડયા વોડ½માં દ°વ ઓરમ ƨકાયથી ફોલી હાઈટસથી ઋȱુ બંƊલોઝ Ӕડરપાસ Ʌુધીના રોડને બેઝવક½ સાથે નવો બનાવવાના કામ 555 7 26-03-2029 નર નારાયણ ઇƛ̇ાƨ˼ƈચર ̆ા.લી. ક ƨટોન ̒ી આિશષભાઈ ચૌહાણ ̒ી કƣપત ભાઈ પંચાલ ̒ીમતી મનીષાબેન
2025-26,281,South-West,સરખેજ,33 SARKHEJ,85.0,234.0,03-04-2028,Vimal Construction,,ઝોન સરખેજ દëણ પિĔમ ઝોનમાં સરખેજ વોડ½માં આવેલ સરખેજ ટ.પી 85 માં Ӕબર-3 થી અકëા એƠબીયƛસ Ʌુધીના ટપી રોડ 234 7 03-04-2028 િવમલ કƛƨ˼કશન જયેશ દલાલ ĥƊનેશ ̆Ĥપિત ઉƨમાનગની મેઘરĥયા મનીષભાઈ શાહ સંજયભાઇ Ʌુથાર
2025-26,282,South-West,સરખેજ,33 SARKHEJ,235.0,5.0,05-04-2028,Vimal Construction,,ઝોન સરખેજ દëણ પિĔમ ઝોનમાં સરખેજ વોડ½માં સરખેજ સાણંદ હાઇવે થી આનંદિનક°તન ƨȢુલ Ʌુધીનો રોડ 235 7 05-04-2028 િવમલ કƛƨ˼કશન જયેશ દલાલ ĥƊનેશ ̆Ĥપિત ઉƨમાનગની મેઘરĥયા મનીષભાઈ શાહ સંજયભાઇ Ʌુથાર
2025-26,283,South-West,સરખેજ,33 SARKHEJ,100.0,35.0,18-04-2028,Fortune Builders,,ઝોન સરખેજ સરખેજ વોડ½માં Ȥુલમહોર હાઈટરાથી 100 Ĭટ રોડને જોડતો રોડ Ʌુધીનો રોડ 35 12 18-04-2028 ફોƍȻુ½ન બƣડસ½ જયેશ દલાલ રમેશ પરમાર ̆કાશભાઈ બલસારયા મનીષભાઈ શાહ સંજયભાઇ Ʌુથાર
2025-26,284,South-West,ઝોન,,336.0,12.0,26-04-2028,Fortune Builders,,ઝોન જોધȶુર નંદનવન ટ°નામેƛટથી ઘરિવહોણા પાણીની ટાંક Ʌુધીનો રોડ 336 12 26-04-2028 ફોƍȻુ½ન બƣડસ½ જયેશ દલાલ રમેશ પરમાર ̆કાશભાઈ બલસારયા મનીષભાઈ શાહ સંજયભાઇ Ʌુથાર
2025-26,285,South-West,વેજલȶુર,32 VEJALPUR,645.0,12.0,30-04-2028,Vimal Construction,,ઝોન વેજલȶુર દëણ પિĔમ ઝોનના વેજલȶુર વોડ½માં કલાસાગર ƨકાય થી વેજલȶુર ˾°નેજ પંપӄગ ƨટ°શન Ʌુધીનો રોડ 645 12 30-04-2028 િવમલ કƛƨ˼કશન જયેશ દલાલ ̈Ȑશ પટ°લ ઉƨમાનગની મેઘરĥયા ȳુƧયƛત આર પટ°લ સંજયભાઇ Ʌુથાર
2025-26,286,South-West,સરખેજ,33 SARKHEJ,300.0,14.0,06-04-2028,Nar Narayan Infrastructure Pvt Ltd,,ઝોન સરખેજ સરખેજ વોડ½માં સકર તળાવથી ȩૂની પંચાયત ઓફસ Ʌુધીનો રોડ 300 14 06-04-2028 નર નારાયણ ઇƛ̇ાƨ˼ƈચર ̆ા.લી. જયેશ દલાલ ĥƊનેશ ̆Ĥપિત ̆કાશભાઈ બલસારયા મનીષભાઈ શાહ સંજયભાઇ Ʌુથાર
2025-26,287,South-West,સરખેજ,33 SARKHEJ,146.0,2.0,02-05-2028,Vimal Construction,,ઝોન સરખેજ સરખેજ વોડ½માં ટ.પી.85 માં ઈ.ડબƣȻુ.એસ. ƈવાટસ½ થી સરખેજ ગામ રોડ Ʌુધીનો રોડ 146 7 02-05-2028 િવમલ કƛƨ˼કશન જયેશ દલાલ ĥƊનેશ ̆Ĥપિત ઉƨમાનગની મેઘરĥયા મનીષભાઈ શાહ સંજયભાઇ Ʌુથાર
2025-26,288,South-West,ઝોન,,436.0,12.0,18-05-2028,Vimal Construction,,ઝોન જોધȶુર જોધȶુર વોડ½ આવેલ દવાન પકોડ થી હસȺુખપક½ સોસાયટ Ʌુધીનો રોડ 436 12 18-05-2028 િવમલ કƛƨ˼કશન જયેશ દલાલ રમેશ પરમાર ઉƨમાનગની મેઘરĥયા મનીષભાઈ શાહ સંજયભાઇ Ʌુથાર આ.ઇ. આ.સી.ઇ. ડ°. સીટ ઇજનેર એડ. સીટ ઇજનેરકોƛ˼ાƈટરȵું નામ પી.એમ.સી. એજƛસી
2025-26,289,South-West,સરખેજ,33 SARKHEJ,440.0,12.0,22-05-2028,Vimal Construction,,ઝોન સરખેજ સરખેજ વોડ½માં મેરગોƣડ સક½લ થી વી.આઈ.પી. રોડ ને જોડતા રોડ 440 12 22-05-2028 િવમલ કƛƨ˼કશન જયેશ દલાલ ĥƊનેશ ̆Ĥપિત ઉƨમાનગની મેઘરĥયા મનીષભાઈ શાહ સંજયભાઇ Ʌુથાર
2025-26,290,South-West,સરખેજ,33 SARKHEJ,365.0,12.0,22-05-2028,Fortune Builders,,ઝોન સરખેજ દ°વ ȹુમી સોસાયટથી ગાડ½ન ચાર રƨતા થઈ Ʌૃકતી ˴ીન Ʌુધીનો રોડ 365 12 22-05-2028 ફોƍȻુ½ન બƣડસ½ જયેશ દલાલ રમેશ પરમાર ̆કાશભાઈ બલસારયા મનીષભાઈ શાહ સંજયભાઇ Ʌુથાર
2025-26,291,South-West,સરખેજ,33 SARKHEJ,444.0,351.0,22-05-2028,Fortune Builders,,ઝોન સરખેજ ટ.પી 444માં આવેલ નારાયણ બઝનેસ ƨȢુલથી સનાથલ સક½લ એસ.પી રગ રોડ Ʌુધીનો રોડ 351 12 22-05-2028 ફોƍȻુ½ન બƣડસ½ જયેશ દલાલ રમેશ પરમાર ̆કાશભાઈ બલસારયા મનીષભાઈ શાહ સંજયભાઇ Ʌુથાર
2025-26,292,South-West,ઝોન,,61.0,12.0,20-05-2028,Fortune Builders,,ઝોન જોધȶુર જોધȶુર વોડ½મા Ʀયામ તીથ½ એપાટ½મેƛટથી ƠȻુિન.ગાડ½ન Ʌુધી રોડ 61 12 20-05-2028 ફોƍȻુ½ન બƣડસ½ જયેશ દલાલ રમેશ પરમાર ̆કાશભાઈ બલસારયા મનીષભાઈ શાહ સંજયભાઇ Ʌુથાર
2025-26,293,South-West,ઝોન,,413.0,12.0,30-05-2028,Fortune Builders,,ઝોન જોધȶુર જોધȶુર વોડ½મા બોપલ િવƨતારમાં આવેલ Ȑન દ°રાસરથી વાઈ̈ƛટ િસƣવર 413 12 30-05-2028 ફોƍȻુ½ન બƣડસ½ જયેશ દલાલ રમેશ પરમાર ̆કાશભાઈ બલસારયા મનીષભાઈ શાહ સંજયભાઇ Ʌુથાર
2025-26,294,South-West,સરખેજ,33 SARKHEJ,85.0,104.0,05-06-2028,Vimal Construction,,ઝોન સરખેજ દëણ પિĔમ ઝોનમાં સરખેજ વોડ½માં આવેલ સરખેજ ટ પી 85 માં લકĦરયા વીલા થી બાગે ફાતીમા ફલેટ Ʌુધી (ફાઇન Ɯલોટ નં. 104 થી ફાઈન Ɯલોટ નં 110 ) Ʌુધીના ટપી રોડ 260 7 05-06-2028 િવમલ કƛƨ˼કશન જયેશ દલાલ ĥƊનેશ ̆Ĥપિત ઉƨમાનગની મેઘરĥયા મનીષભાઈ શાહ
2025-26,295,South-West,સરખેજ,33 SARKHEJ,85.0,435.0,27-05-2028,Vimal Construction,,ઝોન સરખેજ દëણ પિĔમ ઝોનમાં સરખેજ વોડ½માં આવેલ સરખેજ ટ.પી 85 માં Ʌુપરફાઈન બેકર થી Ɇુસેન મƨĥદ Ʌુધીના ટપી રોડ 435 7 27-05-2028 િવમલ કƛƨ˼કશન જયેશ દલાલ ĥƊનેશ ̆Ĥપિત ઉƨમાનગની મેઘરĥયા મનીષભાઈ શાહ સંજયભાઇ Ʌુથાર
2025-26,296,South-West,સરખેજ,33 SARKHEJ,180.0,3.0,03-06-2028,Nar Narayan Infrastructure Pvt Ltd,,ઝોન સરખેજ સરખેજ વોડ½માં ȩુની પંચાયત ઓફસ થી ગાય́ીનગર Ʌુધીનોનો રોડ 180 9 03-06-2028 નર નારાયણ ઇƛ̇ાƨ˼ƈચર ̆ા.લી. જયેશ દલાલ ĥƊનેશ ̆Ĥપિત ̆કાશભાઈ બલસારયા મનીષભાઈ શાહ સંજયભાઇ Ʌુથાર
2025-26,297,South-West,ઝોન,,570.0,12.0,12-06-2028,(?)n Prokon Pvt Ltd (verify prefix),,ઝોન જોધȶુર દëણ પિĔમઝોનમા જોધȶુર વોડ½મા આવેલ ̆ેરણાતીથ½ દ°રાસરથી ȱૃƜતી બેકર Ʌુધીનો રોડ 570 12 12-06-2028 વĮણ ̆ોકોન ̆ા. લી. અƛવયા કƛસƣટƛસી રમેશ પરમાર ̆કાશભાઈ બલસારયા મનીષભાઈ શાહ સંજયભાઇ Ʌુથાર
2025-26,298,South-West,સરખેજ,33 SARKHEJ,180.0,9.0,09-06-2028,Vimal Construction,,ઝોન સરખેજ સરખેજ વોડ½મા આવેલ ȧુનારાવાસ રોડ 180 9 09-06-2028 િવમલ કƛƨ˼કશન જયેશ દલાલ ĥƊનેશ ̆Ĥપિત ઉƨમાનગની મેઘરĥયા મનીષભાઈ શાહ સંજયભાઇ Ʌુથાર
2025-26,299,South-West,ઝોન,,75.0,30.0,30-05-2028,Fortune Builders,,ઝોન જોધȶુર ચીતવન બંƊલો રોડ 75 5 30-05-2028 ફોƍȻુ½ન બƣડસ½ જયેશ દલાલ રમેશ પરમાર ̆કાશભાઈ બલસારયા મનીષભાઈ શાહ સંજયભાઇ Ʌુથાર
2025-26,300,South-West,સરખેજ,33 SARKHEJ,85.0,115.0,21-09-2028,Vimal Construction,,ઝોન સરખેજ દëણ પિĔમ ઝોનમાં સરખેજ વોડ½માં આવેલ સરખેજ ટ.પી 85 માં Ӕબર થી એલીનઝા ˴ીન Ʌુધીના રોડ 115 7 21-09-2028 િવમલ કƛƨ˼કશન જયેશ દલાલ ĥƊનેશ ̆Ĥપિત ઉƨમાનગની મેઘરĥયા મનીષભાઈ શાહ સંજયભાઇ Ʌુથાર
2025-26,301,South-West,વેજલȶુર,32 VEJALPUR,230.0,12.0,23-09-2028,Vimal Construction,,ઝોન વેજલȶુર વેજલȶુરમાં આવેલ વૈજનાથ મહાદ°વ મંદર થી િસƚધી સોસાયટ Ʌુધીનો રોડ 230 12 23-09-2028 િવમલ કƛƨ˼કશન જયેશ દલાલ દƥયેશ ȹૂત હતેષભાઈ ધોળકયા ȳુƧયƛત આર પટ°લ સંજયભાઇ Ʌુથાર
2025-26,302,South-West,સરખેજ,33 SARKHEJ,161.0,1.0,01-10-2028,(?)n Prokon Pvt Ltd (verify prefix),,ઝોન સરખેજ કોƨમોસ ક°સલ ઈƛટરનશનલ ƨȢુલથી રોડ 161 8 01-10-2028 વĮણ ̆ોકોન ̆ા. લી. અƛવયા કƛસƣટƛસી ̈Ȑશ પટ°લ શૈલેષભાઈ ȶૂĤરા ȳુƧયƛત આર પટ°લ સંજયભાઇ Ʌુથાર
2025-26,303,South-West,સરખેજ,33 SARKHEJ,300.0,4.0,04-10-2028,(?)n Prokon Pvt Ltd (verify prefix),,ઝોન સરખેજ દëણ પિĔમઝોનના સરખેજમાં આવેલ બાĥગર સોસાયટથી શીયમ એપાટ½મેƛટ 300 6 04-10-2028 વĮણ ̆ોકોન ̆ા. લી. અƛવયા કƛસƣટƛસી ĥƊનેશ ̆Ĥપિત ઉƨમાનગની મેઘરĥયા મનીષભાઈ શાહ સંજયભાઇ Ʌુથાર
2025-26,304,South-West,ઝોન,,310.0,3.0,03-11-2028,(?)n Prokon Pvt Ltd (verify prefix),,ઝોન મકતમȶુરા બાકરોલ પાંજરાપોળ 310 4 03-11-2028 વĮણ ̆ોકોન ̆ા. લી. અƛવયા કƛસƣટƛસી રા Ȑશ ઓડયા ઉƨમાનગની મેઘરĥયા ȳુƧયƛત આર પટ°લ સંજયભાઇ Ʌુથાર
2025-26,305,South-West,ઝોન,,330.0,12.0,10-11-2028,Indravijay Construction (verify),,ઝોન જોધȶુર એ વન ƨȢૂલ થી બીલેĖર મહાદ°વ મંદર રોડ 330 12 10-11-2028 દƊવીજય કƛƨ˼કશન જયેશ દલાલ રમેશ પરમાર ભીખાભાઈ પરમાર મનીષભાઈ શાહ સંજયભાઇ Ʌુથાર
2025-26,306,South-West,ઝોન,,480.0,12.0,05-11-2028,Vimal Construction,,ઝોન જોધȶુર જોધȶુર વોડ½મા આવેલ આટ½ ગેલેર થી બીઆરટએસ 480 12 05-11-2028 િવમલ કƛƨ˼કશન જયેશ દલાલ રમેશ પરમાર ભીખાભાઈ પરમાર મનીષભાઈ શાહ સંજયભાઇ Ʌુથાર
2025-26,307,South-West,ઝોન,,465.0,6.0,06-11-2028,Fortune Builders,,ઝોન મકતમȶુરા દ°ના બҪક થી Ȥુડલક ટ ƨટોલ Ʌુધીનો રોડ 465 7.5+9 06-11-2028 ફોƍȻુ½ન બƣડસ½ જયેશ દલાલ રાȐશ ઓડયા ઉƨમાનગની મેઘરĥયા ȳુƧયƛત આર પટ°લ સંજયભાઇ Ʌુથાર
2025-26,308,South-West,સરખેજ,33 SARKHEJ,12.0,189.0,15-11-2028,Fortune Builders,,ઝોન સરખેજ ગેલĥȶુર ગામ 12 મીટર રોડ 189 5 15-11-2028 ફોƍȻુ½ન બƣડસ½ જયેશ દલાલ ̈Ȑશ પટ°લ શૈલેષભાઈ ȶૂĤરા ȳુƧયƛત આર પટ°લ સંજયભાઇ Ʌુથાર
2025-26,309,South-West,સરખેજ(બો,33 SARKHEJ,1165.0,16.0,16-11-2028,(?)n Prokon Pvt Ltd (verify prefix),,ઝોન સરખેજ(બો પલ-ȥુમા) ઉમા વશી ફામ½થી Ȥુજરાત એક°ડ°મી Ʌુધીનો રોડ 1165 7 16-11-2028 વĮણ ̆ોકોન ̆ા. લી. અƛવયા કƛસƣટƛસી ĥƊનેશ ̆Ĥપિત ̆કાશભાઈ બલસારયા મનીષભાઈ શાહ સંજયભાઇ Ʌુથાર
2025-26,310,South-West,ઝોન,,220.0,12.0,22-11-2028,Indravijay Construction (verify),,ઝોન જોધȶુર ̑જધામ હવેલી થી દ°વનંદન એવƛȻુ 220 12 22-11-2028 દƊવીજય કƛƨ˼કશન જયેશ દલાલ રમેશ પરમાર ભીખાભાઈ પરમાર મનીષભાઈ શાહ સંજયભાઇ Ʌુથાર
2025-26,311,South-West,વેજલȶુર,32 VEJALPUR,300.0,17.0,17-11-2028,Fortune Builders,,ઝોન વેજલȶુર િસć સોસાયટ થી મકરબા મેઇન રોડ Ʌુધીનો રોડ 300 7 17-11-2028 ફોƍȻુ½ન બƣડસ½ જયેશ દલાલ દƥયેશ ȹૂત હતેષભાઈ ધોળકયા ȳુƧયƛત આર પટ°લ સંજયભાઇ Ʌુથાર
2025-26,312,South-West,સરખેજ,33 SARKHEJ,30.0,415.0,24-11-2028,Fortune Builders,,ઝોન સરખેજ 30 મીટર મેઇન રોડ થી મેલડ માતા મંદર િનયર ઘેલĥȶુરા ગામ 415 9 24-11-2028 ફોƍȻુ½ન બƣડસ½ જયેશ દલાલ ̈Ȑશ પટ°લ શૈલેષભાઈ ȶૂĤરા ȳુƧયƛત આર પટ°લ સંજયભાઇ Ʌુથાર
2025-26,313,South-West,સરખેજ,33 SARKHEJ,735.0,4.0,04-12-2028,Vimal Construction,,ઝોન સરખેજ ȑન દ°રાસર થી લǛમી નારાયણ 735 9 04-12-2028 િવમલ કƛƨ˼કશન જયેશ દલાલ ĥƊનેશ ̆Ĥપિત ̆કાશભાઈ બલસારયા મનીષભાઈ શાહ સંજયભાઇ Ʌુથાર
2025-26,314,South-West,સરખેજ,33 SARKHEJ,450.0,5.0,05-12-2028,Indravijay Construction (verify),,ઝોન સરખેજ પાંચ લેક થી આનંદનગર 450 6 05-12-2028 દƊવીજય કƛƨ˼કશન જયેશ દલાલ ̈Ȑશ પટ°લ શૈલેષભાઈ ȶૂĤરા ȳુƧયƛત આર પટ°લ સંજયભાઇ Ʌુથાર
2025-26,315,South-West,સરખેજ,33 SARKHEJ,36.0,1640.0,08-12-2028,Nar Narayan Infrastructure Pvt Ltd,,ઝોન સરખેજ સરખેજ વોડ½માં ભાગવત બંƊલોઝ થી ȥુમા 36 મી. Įપીના ટ.પી. રોડ 1640 9 08-12-2028 નર નારાયણ ઇƛ̇ાƨ˼ƈચર ̆ા.લી. માસ½ Ɯલાિનગ એƛડ એƛĥનીયરӄગ ĥƊનેશ ̆Ĥપિત ̆કાશભાઈ બલસારયા મનીષભાઈ શાહ સંજયભાઇ Ʌુથાર
2025-26,316,South-West,ઝોન,,280.0,10.0,10-12-2028,Indravijay Construction (verify),,ઝોન જોધȶુર ટોયોટો શો Įમ થી આબાદનગર રોડ 280 9 10-12-2028 દƊવીજય કƛƨ˼કશન જયેશ દલાલ ĥƊનેશ ̆Ĥપિત ̆કાશભાઈ બલસારયા મનીષભાઈ શાહ સંજયભાઇ Ʌુથાર
2025-26,317,South-West,સરખેજ,33 SARKHEJ,306.0,19.0,19-12-2028,Vimal Construction,,ઝોન સરખેજ Ȑટકો થી ઔડા પાણીની ટાંક 306 9 19-12-2028 િવમલ કƛƨ˼કશન જયેશ દલાલ ĥƊનેશ ̆Ĥપિત ̆કાશભાઈ બલસારયા મનીષભાઈ શાહ સંજયભાઇ Ʌુથાર
2025-26,318,South-West,સરખેજ,33 SARKHEJ,245.0,16.0,16-12-2028,Vimal Construction,,ઝોન સરખેજ ઔડા પાણીની ટાંક થી વી. આઈ. પી. રોડ 245 9 16-12-2028 િવમલ કƛƨ˼કશન જયેશ દલાલ ĥƊનેશ ̆Ĥપિત ̆કાશભાઈ બલસારયા મનીષભાઈ શાહ સંજયભાઇ Ʌુથાર
2025-26,319,South-West,ઝોન,,320.0,22.0,22-12-2028,(?)n Prokon Pvt Ltd (verify prefix),,ઝોન જોધȶુર દëણ પિĔમઝોનમા જોધȶુર વોડ½મા આવેલ ઇƨકોન એƠપોરયોથી -રȵુĤનગર Ʌુધીનો રોડા 320 7 22-12-2028 વĮણ ̆ોકોન ̆ા. લી. અƛવયા કƛસƣટƛસી રમેશ પરમાર ̆કાશભાઈ બલસારયા મનીષભાઈ શાહ સંજયભાઇ Ʌુથાર
2025-26,320,South-West,સરખેજ,33 SARKHEJ,89.0,18.0,28-12-2028,Fortune Builders,,"ઝોન સરખેજ સાણંદ હાઈવે ટપી 89, એફપી -18 થી િસએટલ ƨકાય થી શાંિતȶુરા એસપી રӄગ રોડ 1127 9 28-12-2028 ફોƍȻુ½ન બƣડસ½ જયેશ દલાલ ̈Ȑશ પટ°લ શૈલેષભાઈ ȶૂĤરા ȳુƧયƛત આર પટ°લ સંજયભાઇ Ʌુથાર"
2025-26,321,South-West,ઝોન,,12.0,325.0,01-01-2029,Indravijay Construction (verify),,ઝોન જોધȶુર હોટ°લ લેƛડમાક½ થી અથ½ 12 થઈ વાઈટ ˲ાƝટ Ʌુધીનો રોડ 325 9 01-01-2029 દƊવીજય કƛƨ˼કશન જયેશ દલાલ રમેશ પરમાર ભીખાભાઈ પરમાર મનીષભાઈ શાહ સંજયભાઇ Ʌુથાર આ.ઇ. આ.સી.ઇ. ડ°. સીટ ઇજનેર એડ. સીટ ઇજનેરકોƛ˼ાƈટરȵું નામ પી.એમ.સી. એજƛસીȵું નામ કામ 
2025-26,322,South-West,સરખેજ,33 SARKHEJ,34.0,481.0,04-01-2029,Fortune Builders,,ઝોન સરખેજ 34 મીટર કનેƈટગ રોડ વીઆઈપી રોડ થી રવેરા ƞલીસ 481 7 04-01-2029 ફોƍȻુ½ન બƣડસ½ જયેશ દલાલ ĥƊનેશ ̆Ĥપિત ̆કાશભાઈ બલસારયા મનીષભાઈ શાહ સંજયભાઇ Ʌુથાર
2025-26,323,South-West,ઝોન,,336.0,12.0,24-01-2029,Fortune Builders,,ઝોન જોધȶુર એચપી રӄગ રોડ થી મમદȶુરા ̈જ થી રવેરા ƞલીસ 336 12 24-01-2029 ફોƍȻુ½ન બƣડસ½ જયેશ દલાલ રાɆુલ સાવલીયા આર. આઈ પટ°લ મનીષભાઈ શાહ સંજયભાઇ Ʌુથાર
2025-26,324,South-West,ઝોન,,186.0,28.0,28-01-2029,Indravijay Construction (verify),,ઝોન જોધȶુર મોરયાંશ ની ગલી થી ઓરએƛટલ બҪક Ʌુધીનો રોડ 186 7 28-01-2029 દƊવીજય કƛƨ˼કશન જયેશ દલાલ રમેશ પરમાર ભીખાભાઈ પરમાર મનીષભાઈ શાહ સંજયભાઇ Ʌુથાર
2025-26,325,South-West,ઝોન,,759.0,18.0,03-02-2029,Vimal Construction,,ઝોન જોધȶુર જોધȶુર વોડ½મા આવેલ સƗયા કƠપલેëથી ̆ગિતનગર થઈ ક°નȻુગ ચાર રƨતા 759 18 03-02-2029 િવમલ કƛƨ˼કશન જયેશ દલાલ રમેશ પરમાર ભીખાભાઈ પરમાર મનીષભાઈ શાહ સંજયભાઇ Ʌુથાર
2025-26,326,South-West,ઝોન,,480.0,1035.0,05-02-2029,Vimal Construction,,ઝોન જોધȶુર સંકƣપ 480 થી કાક° કા ધાબા 1035 9 05-02-2029 િવમલ કƛƨ˼કશન જયેશ દલાલ રમેશ પરમાર ભીખાભાઈ પરમાર મનીષભાઈ શાહ સંજયભાઇ Ʌુથાર
2025-26,327,South-West,ઝોન,,265.0,18.0,09-02-2029,Fortune Builders,,ઝોન મકતમȶુરા ઝમ ઝમ ફલેટથી ફાĮક° આઝમ ƨȢુલ Ʌુધીનો રોડ 265 18 09-02-2029 ફોƍȻુ½ન બƣડસ½ જયેશ દલાલ રાȐશ ઓડયા ઉƨમાનગની મેઘરĥયા ȳુƧયƛત આર પટ°લ સંજયભાઇ Ʌુથાર
2025-26,328,South-West,સરખેજ,33 SARKHEJ,190.0,10.0,10-02-2029,Vimal Construction,,ઝોન સરખેજ આઇડપી ƨȢૂલ રોડ 190 7 10-02-2029 િવમલ કƛƨ˼કશન જયેશ દલાલ રાɆુલ સાવલીયા આર. આઈ પટ°લ મનીષભાઈ શાહ સંજયભાઇ Ʌુથાર
2025-26,329,South-West,ઝોન,,430.0,15.0,15-02-2029,(?)n Prokon Pvt Ltd (verify prefix),,ઝોન મકતમȶુરા મકતમȶુરા વોડ½માં ફĂેહવાડ ટાવર થી Ȥુલઝાર-ર Ʌુધીનો રોડ 430 9+7.50 15-02-2029 વĮણ ̆ોકોન ̆ા. લી. અƛવયા કƛસƣટƛસી રા Ȑશ ઓડયા ઉƨમાનગની મેઘરĥયા ȳુƧયƛત આર પટ°લ સંજયભાઇ Ʌુથાર
2025-26,330,South-West,સરખેજ,33 SARKHEJ,220.0,12.0,12-02-2029,Indravijay Construction (verify),,ઝોન સરખેજ ગાય́ી નગર થી મહાકાળ નગર થી જોપડ વાસ Ʌુધીનો રોડ 220 5 12-02-2029 દƊવીજય કƛƨ˼કશન જયેશ દલાલ ̈Ȑશ પટ°લ શૈલેષભાઈ ȶૂĤરા ȳુƧયƛત આર પટ°લ સંજયભાઇ Ʌુથાર
2025-26,331,South-West,વેજલȶુર,32 VEJALPUR,350.0,20.0,20-02-2029,Fortune Builders,,ઝોન વેજલȶુર ƠȻુિનસિપલ ƨȢુલથી ઘોડયાઘર ӕ ગળવાડ Ʌુધીનો રોડ 350 7 20-02-2029 ફોƍȻુ½ન બƣડસ½ જયેશ દલાલ દƥયેશ ȹૂત હતેષભાઈ ધોળકયા ȳુƧયƛત આર પટ°લ સંજયભાઇ Ʌુથાર
2025-26,332,South-West,ઝોન,,110.0,12.0,24-02-2029,Indravijay Construction (verify),,ઝોન જોધȶુર ચ́Ȣુટ Ɲલેટ થી ̑જિવહાર 3 110 12 24-02-2029 દƊવીજય કƛƨ˼કશન જયેશ દલાલ રમેશ પરમાર ભીખાભાઈ પરમાર મનીષભાઈ શાહ સંજયભાઇ Ʌુથાર
2025-26,333,South-West,સરખેજ,33 SARKHEJ,85.0,538.0,25-02-2029,Indravijay Construction (verify),,ઝોન સરખેજ ટપી 85 આયાત એવƛȻુ થી ƠȻુિનિસપલ Ɯલોટ ને જોડતો રોડ 538 7 25-02-2029 દƊવીજય કƛƨ˼કશન જયેશ દલાલ ̈Ȑશ પટ°લ શૈલેષભાઈ ȶૂĤરા ȳુƧયƛત આર પટ°લ સંજયભાઇ Ʌુથાર
2025-26,334,South-West,સરખેજ,33 SARKHEJ,1010.0,16.0,16-03-2029,R.K.C. Infrabuild Pvt Ltd,,ઝોન સરખેજ િનવા½ણ પાટƜલોટ થી વાય. એમ. સી. એ. ƈલબ Ʌુધી 1010 7 16-03-2029 આર.ક°.સી ઇƛ̇ાબƣટ ̆ા.લી અƛવયા કƛસƣટƛસી ĥƊનેશ ̆Ĥપિત ઉƨમાનગની મેઘરĥયા મનીષભાઈ શાહ સંજયભાઇ Ʌુથાર
2025-26,335,South-West,ઝોન,,243.0,30.0,30-03-2029,Vimal Construction,,ઝોન જોધȶુર એસ. પી. રӄગ રોડ થી મેઘમણી બંƊલોઝ 243 7 30-03-2029 િવમલ કƛƨ˼કશન જયેશ દલાલ રમેશ પરમાર ભીખાભાઈ પરમાર મનીષભાઈ શાહ સંજયભાઇ Ʌુથાર
2025-26,336,South-West,સરખેજ,33 SARKHEJ,280.0,29.0,29-03-2029,Indravijay Construction (verify),,ઝોન સરખેજ આનંદિનક°તન ƨȢૂલ થી એલ. Ȑ કોલેજ રોડ 280 7 29-03-2029 દƊવીજય કƛƨ˼કશન જયેશ દલાલ ̈Ȑશ પટ°લ શૈલેષભાઈ ȶૂĤરા ȳુƧયƛત આર પટ°લ સંજયભાઇ Ʌુથાર
2025-26,337,RoadProject,ઉĂરપિĖમ,,4000.0,55.0,30.05.28,Indravijay Construction (verify),,ઉĂરપિĖમ ઝોન સોલા ̈જથી સાયƛસ સીટ થી એસ.પી. રӄગ રોડ 4000 55-60 30.05.28 દƊવીજય કƛƨ˼કશન એચ સી પી Ɯડઝાઇન અને Ɯલાિનગ મેનેઝમેƛટ અȱુલભાઈ પટ°લ / યોગેશ પંડÈા / Ȣૃિતક પટ°લ િમનેષ શાહ / અȱુલભાઈ પટ°લ / અિમત પટ°લ મનીષા બેન શાહ/ િમનેષ ભાઈ શાહ /ગોપાલભ
2025-26,338,RoadProject,ઉĂરપિĖમ,,2470.0,16.0,11.11.30,Milan Road Buildtech LLP,,ઉĂરપિĖમ ઝોન બી.આર.પાક½ જંકશન થી ડવાઇન લેƛડ થી એસ.પી.આર.આર. રોડ 2470 16 11.11.30 િમલન રોડ બƣડટ°ક એલએલપી જયેશ એ દલાલ ચરાગ નાયક અિમત પટ°લ મૌ લકભાઈ ƥયાસ ̒ી ̆ણયભાઈ શાહ
2025-26,339,RoadProject,ઉĂરપિĖમ,,1400.0,16.0,26.09.30,Milan Road Buildtech LLP,,ઉĂરપિĖમ ઝોન જગતȶુર ર°ƣવે લાઇન થી િસગનેચર ઇƛફનીટ થી માલાબાર કાӘƛટ થી કાસા એલાઇટ થી એસ.પી. રӄગ રોડ 1400 16 26.09.30 િમલન રોડ બƣડટ°ક એલએલપી જયેશ એ દલાલ ચરાગ નાયક અિમત પટ°લ મૌ લકભાઈ ƥયાસ ̒ી ̆ણયભાઈ શાહ
2025-26,340,RoadProject,ઉĂરપિĖમ,,380.0,16.0,30.04.30,Milan Road Buildtech LLP,,ઉĂરપિĖમ ઝોન ઉગિત ધામ થી ગોȢુલ અિતથી હોટલ રોડ 380 16 30.04.30 િમલન રોડ બƣડટ°ક એલએલપી જયેશ એ દલાલ ચરાગ નાયક અિમત પટ°લ મૌ લકભાઈ ƥયાસ ̒ી ̆ણયભાઈ શાહ
2025-26,341,RoadProject,દëણપિĖમ,,2390.0,16.0,19.01.31,Milan Road Buildtech LLP,,દëણપિĖમ ઝોન નીવાણા½ પાટ Ɯલોટ થી એસ.પી. રӄગ રોડ 2390 16 19.01.31 િમલન રોડ બƣડટ°ક એલએલપી જયેશ એ દલાલ સંજય પટ°લ અિમત પટ°લ મૌ લકભાઈ ƥયાસ ̒ી ̆ણયભાઈ શાહ
2025-26,342,RoadProject,દëણપિĖમ,,1150.0,16.0,09.01.31,Milan Road Buildtech LLP,,દëણપિĖમ ઝોન રƗનાકર વટ² થી બોપલ ફાયર ƨટ°શન થઇ વી.આઇ.પી. રોડ 1150 16 09.01.31 િમલન રોડ બƣડટ°ક એલએલપી જયેશ એ દલાલ સંજય પટ°લ અિમત પટ°લ મૌ લકભાઈ ƥયાસ ̒ી ̆ણયભાઈ શાહ
2025-26,343,RoadProject,દëણપિĖમ,,1820.0,16.0,02.02.31,Milan Road Buildtech LLP,,દëણપિĖમ ઝોન ȥુમા બી.આર.ટ.એસ. બસ ƨટ°ƛડ થી રƗનાલેક વી.આઇ.પી. રોડ 1820 16 02.02.31 િમલન રોડ બƣડટ°ક એલએલપી જયેશ એ દલાલ સંજય પટ°લ અિમત પટ°લ મૌ લકભાઈ ƥયાસ ̒ી ̆ણયભાઈ શાહ
2025-26,344,RoadProject,દëણપિĖમ,,2600.0,22.0,05.10.31,,,દëણપિĖમ ઝોન એસ.ĥ.હાઇવે સાણંદ ચોકડ થી શાંિતȶુર ˲ોસ રોડ 2600 22 05.10.31 આર.ક°.સી.ઈƛ̇ા બીƣટ ̆ા.લી. માશ½ Ɯલાિનગ અને design Ӕકત પટ°લ અિમત પટ°લ મૌ લકભાઈ ƥયાસ ̒ી ̆ણયભાઈ શાહ
2025-26,345,RoadProject,દëણપિĖમ,,1850.0,16.0,25.12.31,Milan Road Buildtech LLP,,દëણપિĖમ ઝોન કબીર એƛકલેવ થી ȥુમા બી.આર.ટ.એસ. ˲ોસ રોડ 1850 16 25.12.31 િમલન રોડ બƣડટ°ક એલએલપી જયેશ એ દલાલ સંજય પટ°લ અિમત પટ°લ મૌ લકભાઈ ƥયાસ ̒ી ̆ણયભાઈ શાહ
2025-26,346,RoadProject,ȶુવ½ઝોન,,1100.0,30.0,11.06.2030,,,ȶુવ½ઝોન િવરાટનગર ચાર રƨતાથી ખારકટ ક°નાલ (જગદશ પાક½ ) Ĭવારા Ʌુધીનો રોડ 1100 30 11.06.2030 આર.ક°.સી.ઈƛ̇ા બીƣટ ̆ા.લી. માશ½ Ɯલાનӄગ એƛડ એƛĥ. સિવસ ̆ા.લી. કવીતાબેન મહ°તા આષીશભાઈ ભાવસાર મૌલકભાઈ ƥયાસ / અȱુલભાઈ પટ°લ ̒ી ̆ણયભાઈ શાહ
2025-26,347,RoadProject,ȶુવ½ઝોન,,870.0,24.0,30.05.2030,Milan Road Buildtech LLP,,ȶુવ½ઝોન નીરાંત ચોકડ થી કણા½વતી ચોકડ રોડ 870 24 30.05.2030 િમલન રોડ બƣડટ°ક એલએલપી મેટ°ƨટ એƛĥનીયરӄગ સિવસ એજંસી ગૌરાંગભાઈ પટ°લ આષીશભાઈ ભાવસાર મૌલકભાઈ ƥયાસ / અȱુલભાઈ પટ°લ ̒ી ̆ણયભાઈ શાહ
2025-26,348,RoadProject,દëણ,,900.0,24.0,23.12.2030,,,દëણ ઝોનȤુȿુĥ ̈ીજથી જશોદાનગર ચાર રƨતા Ʌુધીનો રોડ 900 24 23.12.2030 આર.ક°.સી.ઈƛ̇ા બીƣટ ̆ા.લી. માશ½ Ɯલાનӄગ એƛડ એƛĥ. સિવસ ̆ા.લી. જતેƛ̃ભાઇ ચૌહાણ આષીશભાઈ ભાવસાર અȱુલભાઈ પટ°લ ̒ી ̆ણયભાઈ શાહ
2025-26,349,RoadProject,દëણ,,700.0,24.0,14.10.2030,,,દëણ ઝોનધમ½ȹુમી બંƊલોͪથી ĥ.ઇ.બી. કંƠપાઉƛડ Ʌુધીનો રોડ 700 24 14.10.2030 આર.ક°.સી.ઈƛ̇ા બીƣટ ̆ા.લી. માશ½ Ɯલાનӄગ એƛડ એƛĥ. સિવસ ̆ા.લી. જતેƛ̃ભાઇ ચૌહાણ આષીશભાઈ ભાવસાર અȱુલભાઈ પટ°લ ̒ી ̆ણયભાઈ શાહ
2025-26,350,RoadProject,દëણ,,1130.0,24.0,10.05.2030,,,દëણ ઝોનકોઝી હોટલ થી મોતીȶુર ચાર રƨતા Ʌુધીનો રોડ 1130 24 10.05.2030 આર.ક°.સી.ઈƛ̇ા બીƣટ ̆ા.લી. માશ½ Ɯલાનӄગ એƛડ એƛĥ. સિવસ ̆ા.લી. જતેƛ̃ભાઇ ચૌહાણ આષીશભાઈ ભાવસાર મૌલકભાઈ ƥયાસ ̒ી ̆ણયભાઈ શાહ
2025-26,351,RoadProject,દëણ,,720.0,24.0,18.09.2030,,,દëણ ઝોનƨȺુતી મંદર થી પાણીની ટાંકથી પારસનગર રોડ 720 24 18.09.2030 આર.ક°.સી.ઈƛ̇ા બીƣટ ̆ા.લી. માશ½ Ɯલાનӄગ એƛડ એƛĥ. સિવસ ̆ા.લી. જતેƛ̃ભાઇ ચૌહાણ આષીશભાઈ ભાવસાર અȱુલભાઈ પટ°લ ̒ી ̆ણયભાઈ શાહ
2025-26,352,RoadProject,દëણ,,750.0,30.0,16.05.2030,Milan Road Buildtech LLP,,દëણ ઝોનȺુક°શનગર થી તëશીલા ƨȢુલ રોડ 750 30 16.05.2030 િમલન રોડ બƣડટ°ક એલએલપી મેટ°ƨટ એƛĥનીયરӄગ સિવસ એજંસી જતેƛ̃ભાઇ ચૌહાણ આષીશભાઈ ભાવસાર મૌલકભાઈ ƥયાસ ̒ી ̆ણયભાઈ શાહ આ.ઇ. આ.સી.ઇ. ડ°. સીટ ઇજનેર એડ. સીટ ઇજનેરકોƛ˼ાƈટરȵું નામ પી.એમ.સી. એજƛસી
2025-26,353,RoadProject,દëણ,,1500.0,24.0,14.05.2030,,,દëણ ઝોનજમાલȶુર ̈ીજ ચાર રƨતા થી દાણીલીમડા ચાર રƨતા રોડ 1500 24 14.05.2030 આર.ક°.સી.ઈƛ̇ા બીƣટ ̆ા.લી. માશ½ Ɯલાનӄગ એƛડ એƛĥ. સિવસ ̆ા.લી. જતેƛ̃ભાઇ ચૌહાણ આષીશભાઈ ભાવસાર મૌલકભાઈ ƥયાસ ̒ી ̆ણયભાઈ શાહ
2025-26,354,RoadProject,દëણ,,1350.0,24.0,04.10.2030,,,દëણ ઝોનસરણીયાવાસ થી ધમ½ȹુમી બંƊલોઝ થઇ ગોȢુલનગર Ʌુધીનો રોડ 1350 24 04.10.2030 આર.ક°.સી.ઈƛ̇ા બીƣટ ̆ા.લી. માશ½ Ɯલાનӄગ એƛડ એƛĥ. સિવસ ̆ા.લી. જતેƛ̃ભાઇ ચૌહાણ આષીશભાઈ ભાવસાર અȱુલભાઈ પટ°લ ̒ી ̆ણયભાઈ શાહ
2025-26,355,RoadProject,દëણ,,2000.0,24.0,17.12.2030,,,દëણ ઝોનકાંકરયા ગેટ નં. 1 થી ȶુƧપȢુંજ ચાર રƨતાથી કાંકરયા ગેટ નં. 3 થી 4 ગેટ રોડ (કાંકરયા પેરફર રોડ) 2000 24 17.12.2030 આર.ક°.સી.ઈƛ̇ા બીƣટ ̆ા.લી. માશ½ Ɯલાનӄગ એƛડ એƛĥ. સિવસ ̆ા.લી. જતેƛ̃ભાઇ ચૌહાણ આષીશભાઈ ભાવસાર અȱુલભાઈ પટ°લ ̒ી ̆ણયભાઈ શા
2025-26,356,RoadProject,ઉĂરઝોન,,774.0,18.0,,Keystone Infrastructure Pvt Ltd,,ઉĂરઝોન શારદાબેન સક½લ થી પોટલીયા સક½લ થી મંછાની મƨĥદ રોડ 774 18 12/04/2028 વĮણ ̆ોકોન ̆ા. લી. કƨટોન ઇન̇ાƨ˼ƈચર દનેશ ચૌધર ઉમંગ પટ°લ મૌ લક ƥયાસ ̒ી ̆ણયભાઈ શાહ
2025-26,357,RoadProject,ઉĂરઝોન,,550.0,18.28,,,,ઉĂરઝોન એવર°ƨટ ચાર રƨતા થી હરભાઇ ગોદાણી ચાર રƨતા Ʌુધીનો રોડ 550 18.28 17/09/2030 આર.ક°.સી.ઈƛ̇ા બીƣટ ̆ા.લી. માશ½ Ɯલાિનગ એƛડ Ӝĥƛયરગ દનેશ ચૌધર ઉમંગ પટ°લ મૌલક ƥયાસ અȱુલ પટ°લ ̒ી ̆ણયભાઈ શાહ
2025-26,358,RoadProject,ઉĂરઝોન,,1350.0,21.0,,,,ઉĂરઝોન લǛમીિવલા જંકશન થી ĥ.ઇ.બી. રોડ 1350 21 16/10/2030 આર.ક°.સી.ઈƛ̇ા બીƣટ ̆ા.લી. માશ½ Ɯલાિનગ એƛડ Ӝĥƛયરગ દનેશ ચૌધર ઉમંગ પટ°લ અ ȱુલ પટ°લ ̒ી ̆ણયભાઈ શાહ
2025-26,359,RoadProject,ઉĂરઝોન,,600.0,15.0,,Milan Road Buildtech LLP,,ઉĂરઝોન હંસȶુરા ગામથી એસ.પી. રӄગ રોડ 600 15 24/05/2030 િમલન રોડ બƣડટ°ક એલએલપી મેટ°ƨટ Ӝĥƛયરગ સિવિસસ દનેશ ચૌધર ઉમંગ પટ°લ મૌ લક ƥયાસ ̒ી ̆ણયભાઈ શાહ
2025-26,360,RoadProject,નરોડા,12 NARODA,1550.0,20.0,,,,ઉĂરઝોન નરોડા બેઠક થી ખારકટ ક°નાલ રોડ 1550 20 12/11/2030 આર.ક°.સી.ઈƛ̇ા બીƣટ ̆ા.લી. માશ½ Ɯલાિનગ એƛડ Ӝĥƛયરગ દનેશ ચૌધર ઉમંગ પટ°લ અ ȱુલ પટ°લ ̒ી ̆ણયભાઈ શાહ
2025-26,361,RoadProject,પિĖમ,,480.0,24.0,,,,પિĖમ ઝોનજવાહર ચોક થી ȹુત બંƊલો રોડ 480 24 28/11/2030 આર.ક°.સી.ઈƛ̇ા બીƣટ ̆ા.લી. માસ½ Ɯલાિનગ એƛડ એƛજિનયરગ સિવસીસ ̆ા.લી. ̒ી રોનક ̆Ĥપિત ̒ી આકાશ દ°સાઈ ̒ી મૌલક ƥયાસ ̒ી ̆ણયભાઈ શાહ
2025-26,362,RoadProject,પિĖમ,,1150.0,24.0,,,,પિĖમ ઝોનઆઇ.ઓ.સી. ƨનેહ Ɯલાઝથી ક°.બી. રોયલ ફોિનë Ʌુધીનો રોડ 1150 24 31/05/2030 આર.ક°.સી.ઈƛ̇ા બીƣટ ̆ા.લી. માસ½ Ɯલાિનગ એƛડ એƛજિનયરગ સિવસીસ ̆ા.લી. ̒ી રોનક ̆Ĥપિત ̒ી આકાશ દ°સાઈ ̒ી મૌલક ƥયાસ ̒ી ̆ણયભાઈ શાહ
2025-26,363,RoadProject,પિĖમ,,580.0,10.0,,(?)n Prokon Pvt Ltd (verify prefix),,પિĖમ ઝોનĥવરાજ મેહતા ચોક થી મલાવ તળાવ રોડ 580 10 20/11/2030 વĮણ ̆ોકોન ̆ા. લી. અƛવાયા કƛƨ˼ƈશન કƛસƣટƛસી ̆ા. લી. ̒ી રોનક ̆Ĥપિત ̒ી આકાશ દ°સાઈ ̒ી મૌલક ƥયાસ ̒ી ̆ણયભાઈ શાહ
2025-26,364,RoadProject,પિĖમ,,500.0,24.0,,Milan Road Buildtech LLP,,પિĖમ ઝોનસરદાર પટ°લ બાવલા થી પાથ½ એવƛȻુ રોડ 500 24 13/06/2030 િમલન રોડ બƣડટ°ક એલએલપી જયેશ એ દલાલ ̒ી રોનક ̆Ĥપિત ̒ી આકાશ દ°સાઈ ̒ી મૌલક ƥયાસ ̒ી ̆ણયભાઈ શાહ
2025-26,365,RoadProject,પિĖમ,,300.0,300.0,,,,પિĖમ ઝોન રયલ ઓરાથી સારથી બંગલો બી.આર.ટ.એસ. Ʌુધીનાં રોડ પર ઓ.એન.ĥ.સી. વેલથી રયલ ઓરા Ʌુધીનાં એક તરફનાં બાક રહ ગયેલ ӔદાȐ 300 મી.નો રોડ 300 7.5 29/11/2030 આર.ક°.સી.ઈƛ̇ા બીƣટ ̆ા.લી. માસ½ Ɯલાિનગ એƛડ એƛજિનયરગ સિવસીસ ̆ા.લી. ̒ી રોનક ̆Ĥપિત 
2025-26,366,RoadProject,મƚયઝોન,,450.0,20.0,20.04.2030,,,મƚયઝોન મહા̆ì ̈ીજ થી નમƨતે સક½લ રોડ 450 20 20.04.2030 આર.ક°.સી.ઈƛ̇ા બીƣટ ̆ા.લી. મેટƨટ એƛજિનયરગ ̒ી સંજયભાઈ પટ°લ ̒ી અȱુલ પટ°લ ̒ી મૌલક ƥયાસ ̒ી ̆ણયભાઈ શાહ
2025-26,367,RoadProject,મƚયઝોન,,900.0,24.0,14.10.2030,Milan Road Buildtech LLP,,મƚયઝોન માƨટર પે˼ોલ પંપ થી રાહત સક½લ થી મહҰદ Ȣુવા ˲ોસ રોડ 900 24 14.10.2030 િમલન રોડ બƣડટ°ક એલએલપી મેટƨટ એƛજિનયરગ ̒ી સંજયભાઈ પટ°લ/Ȣૃણાલ ગƏજર ̒ી અȱુલ પટ°લ/આકાશ દ°સાઈ ̒ી મૌલક ƥયાસ ̒ી ̆ણયભાઈ શાહ
