State_Name,Year,Polling_Date,Seat,Poll,District,LB_Name,LB_Type,LB_Code,Ward_No,Ward_Name,Ward_Reservation,OSN,Candidate_Name,Father_Husband_Name,Candidate_Name_O,Father_Husband_Name_O,Gender,Age,Category,Party_ID,Party_Name,Party_Abbreviation,Education,Votes,Position,Status,N_Cand,Valid_Votes,Vote_Share_Percentage,Deposit_Lost,Total_Electors,Total_Votes,Rejected_Votes,Voter_Turnout_Percentage,Notes,Affidavit 
Telangana,2020,,,0,Hyderabad,GHMC,MC,11,1,Kapra,Scheduled Caste,4,S.SWARNA RAJ,,,,,,,8284,Telangana Rashtra Samithi,TRS,,8762,1,,5,20464,41.994,,46223,20865,401,45.14,,
Telangana,2020,,,0,Hyderabad,GHMC,MC,11,1,Kapra,Scheduled Caste,1,ALLAKONDKAR VINOD KUMAR,,,,,,,1605,Bharatiya Janata Party,BJP,,6684,2,,5,20464,32.035,,46223,20865,401,45.14,,
Telangana,2020,,,0,Hyderabad,GHMC,MC,11,1,Kapra,Scheduled Caste,2,PATHI KUMAR,,,,,,,3482,CONGRESS,INC,,3631,3,,5,20464,17.402,,46223,20865,401,45.14,,
Telangana,2020,,,0,Hyderabad,GHMC,MC,11,1,Kapra,Scheduled Caste,3,MUNIGADAPA SREERAMULU,,,,,,,8300,Telugu Desam,TDP,,788,4,,5,20464,3.777,,46223,20865,401,45.14,,
Telangana,2020,,,0,Hyderabad,GHMC,MC,11,1,Kapra,Scheduled Caste,5,KANDREGULA VENUGOPAL RAO,,,,,,,8272,Telangana Jana Samithi,TJSP,,380,5,,5,20464,1.821,,46223,20865,401,45.14,https://www.newindianexpress.com/cities/hyderabad/2020/dec/07/ghmc-results-independents-win-no-seats-but-cut-into-vote-share-of-others-2232779.html,
Telangana,2020,,,0,Hyderabad,GHMC,MC,11,1,Kapra,Scheduled Caste,,NOTA,,,,,,,,,,,219,6,,5,20464,1.05,,46223,20865,401,45.14,,
Telangana,2020,,,0,Hyderabad,GHMC,MC,11,2,Dr.A.S.Rao nagar,Women,4,SHIRISHA REDDY SINGIREDDY,,,,,,,3482,CONGRESS,INC,,9043,1,,6,19137,46.77,,41691,19335,198,46.377,,
Telangana,2020,,,0,Hyderabad,GHMC,MC,11,2,Dr.A.S.Rao nagar,Women,1,CHANDRIKA MEDURI,,,,,,,1605,Bharatiya Janata Party,BJP,,4647,2,,6,19137,24.034,,41691,19335,198,46.377,,
Telangana,2020,,,0,Hyderabad,GHMC,MC,11,2,Dr.A.S.Rao nagar,Women,3,PAJJURI PAVANI MANIPAL REDDY,,,,,,,8284,Telangana Rashtra Samithi,TRS,,4513,3,,6,19137,23.341,,41691,19335,198,46.377,,
Telangana,2020,,,0,Hyderabad,GHMC,MC,11,2,Dr.A.S.Rao nagar,Women,2,DUDALA NIRMALA,,,,,,,8300,Telugu Desam,TDP,,738,4,,6,19137,3.817,,41691,19335,198,46.377,,
Telangana,2020,,,0,Hyderabad,GHMC,MC,11,2,Dr.A.S.Rao nagar,Women,5,BHADRAGAMA ARCHANA,,,,,,,8272,Telangana Jana Samithi,TJSP,,19,5,,6,19137,0.098,,41691,19335,198,46.377,https://www.newindianexpress.com/cities/hyderabad/2020/dec/07/ghmc-results-independents-win-no-seats-but-cut-into-vote-share-of-others-2232779.html,
Telangana,2020,,,0,Hyderabad,GHMC,MC,11,2,Dr.A.S.Rao nagar,Women,6,V. PUSHPA LATHA,,,,,,,10809,Independent,IND,,11,6,,6,19137,0.057,,41691,19335,198,46.377,,
Telangana,2020,,,0,Hyderabad,GHMC,MC,11,2,Dr.A.S.Rao nagar,Women,,NOTA,,,,,,,,,,,166,7,,6,19137,0.859,,41691,19335,198,46.377,,
Telangana,2020,,,0,Hyderabad,GHMC,MC,11,3,Cherlapally,Backward Class,2,BONTHU SRIDEVI,,,,,,,8284,Telangana Rashtra Samithi,TRS,,11635,1,,7,24220,46.77,,46444,24877,657,53.563,,
Telangana,2020,,,0,Hyderabad,GHMC,MC,11,3,Cherlapally,Backward Class,5,SURENDER GOUD KASULA,,,,,,,1605,Bharatiya Janata Party,BJP,,8905,2,,7,24220,35.796,,46444,24877,657,53.563,,
Telangana,2020,,,0,Hyderabad,GHMC,MC,11,3,Cherlapally,Backward Class,3,G.YADAGIRI,,,,,,,3482,CONGRESS,INC,,1287,3,,7,24220,5.173,,46444,24877,657,53.563,,
Telangana,2020,,,0,Hyderabad,GHMC,MC,11,3,Cherlapally,Backward Class,7,BODIGE RAJU GOUD,,,,,,,10809,Independent,IND,,702,4,,7,24220,2.822,,46444,24877,657,53.563,,
Telangana,2020,,,0,Hyderabad,GHMC,MC,11,3,Cherlapally,Backward Class,4,RUDRAGONI RAMCHANDAR GOUD,,,,,,,8300,Telugu Desam,TDP,,606,5,,7,24220,2.436,,46444,24877,657,53.563,,
Telangana,2020,,,0,Hyderabad,GHMC,MC,11,3,Cherlapally,Backward Class,6,NIMMALA BHANU TEJA GOUD,,,,,,,10809,Independent,IND,,585,6,,7,24220,2.352,,46444,24877,657,53.563,,
Telangana,2020,,,0,Hyderabad,GHMC,MC,11,3,Cherlapally,Backward Class,1,PILLI VENKATESWARLU,,,,,,,14635,COMMUNIST MARXIST PARTY OF INDIA,CPM,,224,7,,7,24220,0.9,,46444,24877,657,53.563,,
Telangana,2020,,,0,Hyderabad,GHMC,MC,11,3,Cherlapally,Backward Class,,NOTA,,,,,,,,,,,276,8,,7,24220,1.109,,46444,24877,657,53.563,,
Telangana,2020,,,0,Hyderabad,GHMC,MC,11,4,Meerpet H.B.Colony,Scheduled Caste,2,J. PRABHU DASS,,,,,,,8284,Telangana Rashtra Samithi,TRS,,11266,1,,10,20743,53.064,,43559,21231,488,48.741,,
Telangana,2020,,,0,Hyderabad,GHMC,MC,11,4,Meerpet H.B.Colony,Scheduled Caste,3,BANGI JAYA LAKSHMI,,,,,,,1605,Bharatiya Janata Party,BJP,,7327,2,,10,20743,34.511,,43559,21231,488,48.741,,
Telangana,2020,,,0,Hyderabad,GHMC,MC,11,4,Meerpet H.B.Colony,Scheduled Caste,1,POLEPAKA ANJAIAH,,,,,,,3482,CONGRESS,INC,,1812,3,,10,20743,8.535,,43559,21231,488,48.741,,
Telangana,2020,,,0,Hyderabad,GHMC,MC,11,4,Meerpet H.B.Colony,Scheduled Caste,8,A. MANIKANTA,,,,,,,10809,Independent,IND,,54,4,,10,20743,0.254,,43559,21231,488,48.741,,
Telangana,2020,,,0,Hyderabad,GHMC,MC,11,4,Meerpet H.B.Colony,Scheduled Caste,9,V. R. SRINIVAS,,,,,,,10809,Independent,IND,,44,5,,10,20743,0.207,,43559,21231,488,48.741,,
Telangana,2020,,,0,Hyderabad,GHMC,MC,11,4,Meerpet H.B.Colony,Scheduled Caste,10,SUNCHU MADHAN MOHAN,,,,,,,10809,Independent,IND,,19,6,,10,20743,0.089,,43559,21231,488,48.741,,
Telangana,2020,,,0,Hyderabad,GHMC,MC,11,4,Meerpet H.B.Colony,Scheduled Caste,4,MUKKA RAJA MALLAIAH,,,,,,,5399,Marxist Communist Party of India (United),MCPIU,,12,7,,10,20743,0.057,,43559,21231,488,48.741,,
Telangana,2020,,,0,Hyderabad,GHMC,MC,11,4,Meerpet H.B.Colony,Scheduled Caste,6,KAMPALLY VIJAY KUMAR,,,,,,,10809,Independent,IND,,9,8,,10,20743,0.042,,43559,21231,488,48.741,,
Telangana,2020,,,0,Hyderabad,GHMC,MC,11,4,Meerpet H.B.Colony,Scheduled Caste,7,KONGARA SHYAM NARSING,,,,,,,10809,Independent,IND,,9,9,,10,20743,0.042,,43559,21231,488,48.741,,
Telangana,2020,,,0,Hyderabad,GHMC,MC,11,4,Meerpet H.B.Colony,Scheduled Caste,5,KATTULA PRUDVI KUMAR,,,,,,,10809,Independent,IND,,4,10,,10,20743,0.019,,43559,21231,488,48.741,,
Telangana,2020,,,0,Hyderabad,GHMC,MC,11,4,Meerpet H.B.Colony,Scheduled Caste,,NOTA,,,,,,,,,,,187,11,,10,20743,0.881,,43559,21231,488,48.741,,
Telangana,2020,,,0,Hyderabad,GHMC,MC,11,5,Mallapur,Unreserved,1,DEVENDAR REDDY PANNALA,,,,,,,8284,Telangana Rashtra Samithi,TRS,,9157,1,,13,22406,39.68,,48359,23077,671,47.72,,
Telangana,2020,,,0,Hyderabad,GHMC,MC,11,5,Mallapur,Unreserved,2,RANGU MALLIKARJUN GOUD,,,,,,,1605,Bharatiya Janata Party,BJP,,6465,2,,13,22406,28.015,,48359,23077,671,47.72,,
Telangana,2020,,,0,Hyderabad,GHMC,MC,11,5,Mallapur,Unreserved,3,VANGETI SANJEEVA REDDY,,,,,,,3482,CONGRESS,INC,,2617,3,,13,22406,11.34,,48359,23077,671,47.72,,
Telangana,2020,,,0,Hyderabad,GHMC,MC,11,5,Mallapur,Unreserved,8,S.V. KRISHNA,,,,,,,10809,Independent,IND,,761,4,,13,22406,3.298,,48359,23077,671,47.72,,
Telangana,2020,,,0,Hyderabad,GHMC,MC,11,5,Mallapur,Unreserved,5,SURNAM RAJESHWAR,,,,,,,8300,Telugu Desam,TDP,,584,5,,13,22406,2.531,,48359,23077,671,47.72,,
Telangana,2020,,,0,Hyderabad,GHMC,MC,11,5,Mallapur,Unreserved,4,T. SATYA PRASAD BABU,,,,,,,2444,Communist Part of India,CPI,,568,6,,13,22406,2.461,,48359,23077,671,47.72,,
Telangana,2020,,,0,Hyderabad,GHMC,MC,11,5,Mallapur,Unreserved,11,MOHAMMED OSMAN,,,,,,,10809,Independent,IND,,495,7,,13,22406,2.145,,48359,23077,671,47.72,,
Telangana,2020,,,0,Hyderabad,GHMC,MC,11,5,Mallapur,Unreserved,12,S. RAVINDRA SAGAR,,,,,,,10809,Independent,IND,,457,8,,13,22406,1.98,,48359,23077,671,47.72,,
Telangana,2020,,,0,Hyderabad,GHMC,MC,11,5,Mallapur,Unreserved,6,KOTHA MANI,,,,,,,8272,Telangana Jana Samithi,TJSP,,409,9,,13,22406,1.772,,48359,23077,671,47.72,https://www.newindianexpress.com/cities/hyderabad/2020/dec/07/ghmc-results-independents-win-no-seats-but-cut-into-vote-share-of-others-2232779.html,
Telangana,2020,,,0,Hyderabad,GHMC,MC,11,5,Mallapur,Unreserved,7,KALAGA SARVESHWAR RAO,,,,,,,10809,Independent,IND,,361,10,,13,22406,1.564,,48359,23077,671,47.72,,
Telangana,2020,,,0,Hyderabad,GHMC,MC,11,5,Mallapur,Unreserved,10,BOLLAMPALLY NIRMALA,,,,,,,10809,Independent,IND,,208,11,,13,22406,0.901,,48359,23077,671,47.72,,
Telangana,2020,,,0,Hyderabad,GHMC,MC,11,5,Mallapur,Unreserved,9,PEDIMOOTHY SHIVA KUMAR,,,,,,,10809,Independent,IND,,144,12,,13,22406,0.624,,48359,23077,671,47.72,,
Telangana,2020,,,0,Hyderabad,GHMC,MC,11,5,Mallapur,Unreserved,13,RAMPALLY MALLESH GOUD,,,,,,,10809,Independent,IND,,5,13,,13,22406,0.022,,48359,23077,671,47.72,,
Telangana,2020,,,0,Hyderabad,GHMC,MC,11,5,Mallapur,Unreserved,,NOTA,,,,,,,,,,,175,14,,13,22406,0.758,,48359,23077,671,47.72,,
Telangana,2020,,,0,Hyderabad,GHMC,MC,11,6,Nacharam,Women,3,SHANTHI SAIZEN SHEKAR,,,,,,,8284,Telangana Rashtra Samithi,TRS,,9549,1,,5,23003,40.731,,54477,23444,441,43.035,,
Telangana,2020,,,0,Hyderabad,GHMC,MC,11,6,Nacharam,Women,1,AMPALA ANITHA,,,,,,,1605,Bharatiya Janata Party,BJP,,7495,2,,5,23003,31.97,,54477,23444,441,43.035,,
Telangana,2020,,,0,Hyderabad,GHMC,MC,11,6,Nacharam,Women,2,MEDALA JYOTHI,,,,,,,3482,CONGRESS,INC,,5592,3,,5,23003,23.853,,54477,23444,441,43.035,,
Telangana,2020,,,0,Hyderabad,GHMC,MC,11,6,Nacharam,Women,5,SHIRISHA G,,,,,,,10809,Independent,IND,,65,4,,5,23003,0.277,,54477,23444,441,43.035,,
Telangana,2020,,,0,Hyderabad,GHMC,MC,11,6,Nacharam,Women,4,PARVEEN TABASSUM,,,,,,,8272,Telangana Jana Samithi,TJSP,,46,5,,5,23003,0.196,,54477,23444,441,43.035,https://www.newindianexpress.com/cities/hyderabad/2020/dec/07/ghmc-results-independents-win-no-seats-but-cut-into-vote-share-of-others-2232779.html,
Telangana,2020,,,0,Hyderabad,GHMC,MC,11,6,Nacharam,Women,,NOTA,,,,,,,,,,,256,6,,5,23003,1.092,,54477,23444,441,43.035,,
Telangana,2020,,,0,Hyderabad,GHMC,MC,11,7,Chiluka nagar,Women,4,Bannala Geeta Praveen,,,,,,,8284,Telangana Rashtra Samithi,TRS,,10205,1,,8,23440,42.661,,52407,23921,481,45.645,,
Telangana,2020,,,0,Hyderabad,GHMC,MC,11,7,Chiluka nagar,Women,2,Gone Shailaja,,,,,,,1605,Bharatiya Janata Party,BJP,,9597,2,,8,23440,40.12,,52407,23921,481,45.645,,
Telangana,2020,,,0,Hyderabad,GHMC,MC,11,7,Chiluka nagar,Women,5,M. Beena Reddy,,,,,,,3482,CONGRESS,INC,,2724,3,,8,23440,11.387,,52407,23921,481,45.645,,
Telangana,2020,,,0,Hyderabad,GHMC,MC,11,7,Chiluka nagar,Women,3,Pabbathi Vinoda Shekar Reddy,,,,,,,8300,Telugu Desam,TDP,,279,4,,8,23440,1.166,,52407,23921,481,45.645,,
Telangana,2020,,,0,Hyderabad,GHMC,MC,11,7,Chiluka nagar,Women,1,Kondoju Bhagya Laxmi,,,,,,,14635,COMMUNIST MARXIST PARTY OF INDIA,CPM,,144,5,,8,23440,0.602,,52407,23921,481,45.645,,
Telangana,2020,,,0,Hyderabad,GHMC,MC,11,7,Chiluka nagar,Women,6,Vangari Lavanya,,,,,,,8272,Telangana Jana Samithi,TJSP,,126,6,,8,23440,0.527,,52407,23921,481,45.645,https://www.newindianexpress.com/cities/hyderabad/2020/dec/07/ghmc-results-independents-win-no-seats-but-cut-into-vote-share-of-others-2232779.html,
Telangana,2020,,,0,Hyderabad,GHMC,MC,11,7,Chiluka nagar,Women,8,Mounika Rajesh,,,,,,,10809,Independent,IND,,62,7,,8,23440,0.259,,52407,23921,481,45.645,,
Telangana,2020,,,0,Hyderabad,GHMC,MC,11,7,Chiluka nagar,Women,7,Ambati Sharada Mudiraj,,,,,,,10809,Independent,IND,,43,8,,8,23440,0.18,,52407,23921,481,45.645,,
Telangana,2020,,,0,Hyderabad,GHMC,MC,11,7,Chiluka nagar,Women,,NOTA,,,,,,,,,,,260,9,,8,23440,1.087,,52407,23921,481,45.645,,
Telangana,2020,,,0,Hyderabad,GHMC,MC,11,8,Habsiguda,Women,2,CHETHANA KAKKIRENI,,,,,,,1605,Bharatiya Janata Party,BJP,,10803,1,,5,22557,47.004,,49339,22983,426,46.582,,
Telangana,2020,,,0,Hyderabad,GHMC,MC,11,8,Habsiguda,Women,3,BETHI SWAPNA REDDY,,,,,,,8284,Telangana Rashtra Samithi,TRS,,9356,2,,5,22557,40.708,,49339,22983,426,46.582,,
Telangana,2020,,,0,Hyderabad,GHMC,MC,11,8,Habsiguda,Women,1,UMA REDDY BOPPANAPALLY,,,,,,,3482,CONGRESS,INC,,1969,3,,5,22557,8.567,,49339,22983,426,46.582,,
Telangana,2020,,,0,Hyderabad,GHMC,MC,11,8,Habsiguda,Women,4,UPPARI SWAPNA,,,,,,,8272,Telangana Jana Samithi,TJSP,,152,4,,5,22557,0.661,,49339,22983,426,46.582,https://www.newindianexpress.com/cities/hyderabad/2020/dec/07/ghmc-results-independents-win-no-seats-but-cut-into-vote-share-of-others-2232779.html,
Telangana,2020,,,0,Hyderabad,GHMC,MC,11,8,Habsiguda,Women,5,KASTURI VIJAYA SREE,,,,,,,10809,Independent,IND,,59,5,,5,22557,0.257,,49339,22983,426,46.582,,
Telangana,2020,,,0,Hyderabad,GHMC,MC,11,8,Habsiguda,Women,,NOTA,,,,,,,,,,,218,6,,5,22557,0.949,,49339,22983,426,46.582,,
Telangana,2020,,,0,Hyderabad,GHMC,MC,11,9,Ramanthapur,Backward Classes (Women),4,BANDARU SRIVANI,,,,,,,1605,Bharatiya Janata Party,BJP,,10033,1,,4,21836,45.283,,43583,22156,320,50.836,,
Telangana,2020,,,0,Hyderabad,GHMC,MC,11,9,Ramanthapur,Backward Classes (Women),2,GANDHAM JYOSTHNA,,,,,,,8284,Telangana Rashtra Samithi,TRS,,9378,2,,4,21836,42.327,,43583,22156,320,50.836,,
Telangana,2020,,,0,Hyderabad,GHMC,MC,11,9,Ramanthapur,Backward Classes (Women),3,THAVIDABOINA SOWMYA,,,,,,,3482,CONGRESS,INC,,1926,3,,4,21836,8.693,,43583,22156,320,50.836,,
Telangana,2020,,,0,Hyderabad,GHMC,MC,11,9,Ramanthapur,Backward Classes (Women),1,KONDRONPALLY MADHAVI,,,,,,,8300,Telugu Desam,TDP,,274,4,,4,21836,1.237,,43583,22156,320,50.836,,
Telangana,2020,,,0,Hyderabad,GHMC,MC,11,9,Ramanthapur,Backward Classes (Women),,NOTA,,,,,,,,,,,225,5,,4,21836,1.016,,43583,22156,320,50.836,,
Telangana,2020,,,0,Hyderabad,GHMC,MC,11,10,Uppal,Women,3,M RAJITHA,,,,,,,3482,CONGRESS,INC,,14504,1,,3,27656,51.444,,55045,28194,538,51.22,,
Telangana,2020,,,0,Hyderabad,GHMC,MC,11,10,Uppal,Women,1,ARATIKAYALA SHALINI,,,,,,,8284,Telangana Rashtra Samithi,TRS,,8570,2,,3,27656,30.397,,55045,28194,538,51.22,,
Telangana,2020,,,0,Hyderabad,GHMC,MC,11,10,Uppal,Women,2,MEKALA SHILPA,,,,,,,1605,Bharatiya Janata Party,BJP,,4337,3,,3,27656,15.383,,55045,28194,538,51.22,,
Telangana,2020,,,0,Hyderabad,GHMC,MC,11,10,Uppal,Women,,NOTA,,,,,,,,,,,245,4,,3,27656,0.869,,55045,28194,538,51.22,,
Telangana,2020,,,0,Hyderabad,GHMC,MC,11,11,Nagole,Women,1,ARUNA.CH,,,,,,,1605,Bharatiya Janata Party,BJP,,14560,1,,5,27780,51.71,,52380,28157,377,53.755,,
Telangana,2020,,,0,Hyderabad,GHMC,MC,11,11,Nagole,Women,2,Cheruku Sangeetha,,,,,,,8284,Telangana Rashtra Samithi,TRS,,11314,2,,5,27780,40.182,,52380,28157,377,53.755,,
Telangana,2020,,,0,Hyderabad,GHMC,MC,11,11,Nagole,Women,4,MUSUKU.SHAILAJA,,,,,,,3482,CONGRESS,INC,,944,3,,5,27780,3.353,,52380,28157,377,53.755,,
Telangana,2020,,,0,Hyderabad,GHMC,MC,11,11,Nagole,Women,3,BADDAM. LAKSHMI,,,,,,,8300,Telugu Desam,TDP,,504,4,,5,27780,1.79,,52380,28157,377,53.755,,
Telangana,2020,,,0,Hyderabad,GHMC,MC,11,11,Nagole,Women,5,PEDAVOORI.SANDYA,,,,,,,10809,Independent,IND,,102,5,,5,27780,0.362,,52380,28157,377,53.755,,
Telangana,2020,,,0,Hyderabad,GHMC,MC,11,11,Nagole,Women,,NOTA,,,,,,,,,,,356,6,,5,27780,1.264,,52380,28157,377,53.755,,
Telangana,2020,,,0,Hyderabad,GHMC,MC,11,12,Mansoorabad,Unreserved,2,KOPPULA NARSIMHA REDDY,,,,,,,1605,Bharatiya Janata Party,BJP,,13318,1,,10,26164,50.213,,51545,26523,359,51.456,,
Telangana,2020,,,0,Hyderabad,GHMC,MC,11,12,Mansoorabad,Unreserved,3,KOPPULA VITTAL REDDY,,,,,,,8284,Telangana Rashtra Samithi,TRS,,7900,2,,10,26164,29.785,,51545,26523,359,51.456,,
Telangana,2020,,,0,Hyderabad,GHMC,MC,11,12,Mansoorabad,Unreserved,4,PRABHAKAR REDDY JAKKIDI,,,,,,,3482,CONGRESS,INC,,3924,3,,10,26164,14.795,,51545,26523,359,51.456,,
Telangana,2020,,,0,Hyderabad,GHMC,MC,11,12,Mansoorabad,Unreserved,1,INDRA KUMAR GOUD D.,,,,,,,8300,Telugu Desam,TDP,,434,4,,10,26164,1.636,,51545,26523,359,51.456,,
Telangana,2020,,,0,Hyderabad,GHMC,MC,11,12,Mansoorabad,Unreserved,5,SATHI REDDY T.,,,,,,,14635,COMMUNIST MARXIST PARTY OF INDIA,CPM,,196,5,,10,26164,0.739,,51545,26523,359,51.456,,
Telangana,2020,,,0,Hyderabad,GHMC,MC,11,12,Mansoorabad,Unreserved,8,THANDA UPENDRA YADAV,,,,,,,10809,Independent,IND,,29,6,,10,26164,0.109,,51545,26523,359,51.456,,
Telangana,2020,,,0,Hyderabad,GHMC,MC,11,12,Mansoorabad,Unreserved,9,BURRI KRISHNA SHEKAR,,,,,,,10809,Independent,IND,,29,7,,10,26164,0.109,,51545,26523,359,51.456,,
Telangana,2020,,,0,Hyderabad,GHMC,MC,11,12,Mansoorabad,Unreserved,6,S AMRUTH KUMAR,,,,,,,u10033,Indian National Yuva Jana Party,INYJP,,19,8,,10,26164,0.072,,51545,26523,359,51.456,https://www.newindianexpress.com/cities/hyderabad/2020/dec/07/ghmc-results-independents-win-no-seats-but-cut-into-vote-share-of-others-2232779.html,
Telangana,2020,,,0,Hyderabad,GHMC,MC,11,12,Mansoorabad,Unreserved,10,VASANTHA RAILU DR.K.,,,,,,,10809,Independent,IND,,16,9,,10,26164,0.06,,51545,26523,359,51.456,,
Telangana,2020,,,0,Hyderabad,GHMC,MC,11,12,Mansoorabad,Unreserved,7,EEDULA VENKATESHWAR REDDY,,,,,,,10809,Independent,IND,,2,10,,10,26164,0.008,,51545,26523,359,51.456,,
Telangana,2020,,,0,Hyderabad,GHMC,MC,11,12,Mansoorabad,Unreserved,,NOTA,,,,,,,,,,,297,11,,10,26164,1.12,,51545,26523,359,51.456,,
Telangana,2020,,,0,Hyderabad,GHMC,MC,11,13,Hayathnagar,Unreserved,3,K.NAVAJEEVAN REDDY,,,,,,,1605,Bharatiya Janata Party,BJP,,14916,1,,6,26388,55.959,,52344,26655,267,50.923,,
Telangana,2020,,,0,Hyderabad,GHMC,MC,11,13,Hayathnagar,Unreserved,2,S.TIRUMALA REDDY,,,,,,,8284,Telangana Rashtra Samithi,TRS,,7777,2,,6,26388,29.177,,52344,26655,267,50.923,,
Telangana,2020,,,0,Hyderabad,GHMC,MC,11,13,Hayathnagar,Unreserved,1,GURRAM VENKATA SRINIVAS REDDY,,,,,,,3482,CONGRESS,INC,,2535,3,,6,26388,9.51,,52344,26655,267,50.923,,
Telangana,2020,,,0,Hyderabad,GHMC,MC,11,13,Hayathnagar,Unreserved,5,MURALIDHAR REDDY S,,,,,,,8300,Telugu Desam,TDP,,801,4,,6,26388,3.005,,52344,26655,267,50.923,,
Telangana,2020,,,0,Hyderabad,GHMC,MC,11,13,Hayathnagar,Unreserved,6,JENIGE VISHNUVARDHAN,,,,,,,10809,Independent,IND,,59,5,,6,26388,0.221,,52344,26655,267,50.923,,
Telangana,2020,,,0,Hyderabad,GHMC,MC,11,13,Hayathnagar,Unreserved,4,MAHESH REDDY M,,,,,,,3040,All India Forward Bloc,AIFB,,39,6,,6,26388,0.146,,52344,26655,267,50.923,,
Telangana,2020,,,0,Hyderabad,GHMC,MC,11,13,Hayathnagar,Unreserved,,NOTA,,,,,,,,,,,261,7,,6,26388,0.979,,52344,26655,267,50.923,,
Telangana,2020,,,0,Hyderabad,GHMC,MC,11,14,B.N.Reddy Nagar,Unreserved,3,MODDU LACHI REDDY,,,,,,,1605,Bharatiya Janata Party,BJP,,11438,1,,8,25799,43.748,,51543,26145,346,50.725,,
Telangana,2020,,,0,Hyderabad,GHMC,MC,11,14,B.N.Reddy Nagar,Unreserved,2,MUDDGOUNI LAXMI PRASANNA,,,,,,,8284,Telangana Rashtra Samithi,TRS,,11406,2,,8,25799,43.626,,51543,26145,346,50.725,,
Telangana,2020,,,0,Hyderabad,GHMC,MC,11,14,B.N.Reddy Nagar,Unreserved,4,SADA SIVUDU M,,,,,,,3482,CONGRESS,INC,,1400,3,,8,25799,5.355,,51543,26145,346,50.725,,
Telangana,2020,,,0,Hyderabad,GHMC,MC,11,14,B.N.Reddy Nagar,Unreserved,1,GADDE VIJAY,,,,,,,8300,Telugu Desam,TDP,,946,4,,8,25799,3.618,,51543,26145,346,50.725,,
Telangana,2020,,,0,Hyderabad,GHMC,MC,11,14,B.N.Reddy Nagar,Unreserved,8,RAGHUPATHI MADDELA,,,,,,,10809,Independent,IND,,129,5,,8,25799,0.493,,51543,26145,346,50.725,,
Telangana,2020,,,0,Hyderabad,GHMC,MC,11,14,B.N.Reddy Nagar,Unreserved,6,JESWANTH REDDY MUTHYALA,,,,,,,10809,Independent,IND,,66,6,,8,25799,0.252,,51543,26145,346,50.725,,
Telangana,2020,,,0,Hyderabad,GHMC,MC,11,14,B.N.Reddy Nagar,Unreserved,7,MUDDAGOUNI RANJITH GOUD,,,,,,,10809,Independent,IND,,39,7,,8,25799,0.149,,51543,26145,346,50.725,,
Telangana,2020,,,0,Hyderabad,GHMC,MC,11,14,B.N.Reddy Nagar,Unreserved,5,KANIVENI RAJAL RAO,,,,,,,10809,Independent,IND,,9,8,,8,25799,0.034,,51543,26145,346,50.725,,
Telangana,2020,,,0,Hyderabad,GHMC,MC,11,14,B.N.Reddy Nagar,Unreserved,,NOTA,,,,,,,,,,,366,9,,8,25799,1.4,,51543,26145,346,50.725,,
Telangana,2020,,,0,Hyderabad,GHMC,MC,11,15,Vanasthalipuram,Unreserved,4,Venkateshwar Reddy Ragula,,,,,,,1605,Bharatiya Janata Party,BJP,,9214,1,,9,20250,44.907,,42773,20518,268,47.97,,
Telangana,2020,,,0,Hyderabad,GHMC,MC,11,15,Vanasthalipuram,Unreserved,3,JITTA RAJASHEKAR REDDY,,,,,,,8284,Telangana Rashtra Samithi,TRS,,8512,2,,9,20250,41.486,,42773,20518,268,47.97,,
Telangana,2020,,,0,Hyderabad,GHMC,MC,11,15,Vanasthalipuram,Unreserved,5,SAMA RAM MOHAN REDDY,,,,,,,3482,CONGRESS,INC,,1374,3,,9,20250,6.697,,42773,20518,268,47.97,,
Telangana,2020,,,0,Hyderabad,GHMC,MC,11,15,Vanasthalipuram,Unreserved,2,Chandra Sekhar Velaga,,,,,,,8300,Telugu Desam,TDP,,772,4,,9,20250,3.763,,42773,20518,268,47.97,,
Telangana,2020,,,0,Hyderabad,GHMC,MC,11,15,Vanasthalipuram,Unreserved,9,Mukkapally Siddeshwar,,,,,,,10809,Independent,IND,,43,5,,9,20250,0.21,,42773,20518,268,47.97,,
Telangana,2020,,,0,Hyderabad,GHMC,MC,11,15,Vanasthalipuram,Unreserved,8,Pilli Venkatesh,,,,,,,10809,Independent,IND,,26,6,,9,20250,0.127,,42773,20518,268,47.97,,
Telangana,2020,,,0,Hyderabad,GHMC,MC,11,15,Vanasthalipuram,Unreserved,1,Anil Mogga,,,,,,,3040,All India Forward Bloc,AIFB,,25,7,,9,20250,0.122,,42773,20518,268,47.97,,
Telangana,2020,,,0,Hyderabad,GHMC,MC,11,15,Vanasthalipuram,Unreserved,7,K.Nagadeva,,,,,,,10809,Independent,IND,,18,8,,9,20250,0.088,,42773,20518,268,47.97,,
Telangana,2020,,,0,Hyderabad,GHMC,MC,11,15,Vanasthalipuram,Unreserved,6,Mallesham Pulimamidi,,,,,,,8272,Telangana Jana Samithi,TJSP,,7,9,,9,20250,0.034,,42773,20518,268,47.97,https://www.newindianexpress.com/cities/hyderabad/2020/dec/07/ghmc-results-independents-win-no-seats-but-cut-into-vote-share-of-others-2232779.html,
Telangana,2020,,,0,Hyderabad,GHMC,MC,11,15,Vanasthalipuram,Unreserved,,NOTA,,,,,,,,,,,259,10,,9,20250,1.262,,42773,20518,268,47.97,,
Telangana,2020,,,0,Hyderabad,GHMC,MC,11,16,Hasthinapuram,Scheduled Tribe (Women),2,BANOTH SUJATHA,,,,,,,1605,Bharatiya Janata Party,BJP,,8036,1,,6,20304,38.705,,41981,20762,458,49.456,,
Telangana,2020,,,0,Hyderabad,GHMC,MC,11,16,Hasthinapuram,Scheduled Tribe (Women),3,RAMAVATH PADMA,,,,,,,8284,Telangana Rashtra Samithi,TRS,,7757,2,,6,20304,37.362,,41981,20762,458,49.456,,
Telangana,2020,,,0,Hyderabad,GHMC,MC,11,16,Hasthinapuram,Scheduled Tribe (Women),4,SANGEETHA JARPEELA,,,,,,,3482,CONGRESS,INC,,3987,3,,6,20304,19.203,,41981,20762,458,49.456,,
Telangana,2020,,,0,Hyderabad,GHMC,MC,11,16,Hasthinapuram,Scheduled Tribe (Women),1,JHANSI RAMAVATH,,,,,,,8300,Telugu Desam,TDP,,242,4,,6,20304,1.166,,41981,20762,458,49.456,,
Telangana,2020,,,0,Hyderabad,GHMC,MC,11,16,Hasthinapuram,Scheduled Tribe (Women),6,SILMARTH BINDU,,,,,,,10809,Independent,IND,,20,5,,6,20304,0.096,,41981,20762,458,49.456,,
Telangana,2020,,,0,Hyderabad,GHMC,MC,11,16,Hasthinapuram,Scheduled Tribe (Women),5,SRIDEVI LUNAVATH,,,,,,,10809,Independent,IND,,15,6,,6,20304,0.072,,41981,20762,458,49.456,,
Telangana,2020,,,0,Hyderabad,GHMC,MC,11,16,Hasthinapuram,Scheduled Tribe (Women),,NOTA,,,,,,,,,,,247,7,,6,20304,1.19,,41981,20762,458,49.456,,
Telangana,2020,,,0,Hyderabad,GHMC,MC,11,17,Champapet,Unreserved,2,VANGA MADHUSUDHAN REDDY,,,,,,,1605,Bharatiya Janata Party,BJP,,15164,1,,8,23377,63.805,,49139,23766,389,48.365,,
Telangana,2020,,,0,Hyderabad,GHMC,MC,11,17,Champapet,Unreserved,4,SAMA RAMANA REDDY,,,,,,,8284,Telangana Rashtra Samithi,TRS,,6156,2,,8,23377,25.903,,49139,23766,389,48.365,,
Telangana,2020,,,0,Hyderabad,GHMC,MC,11,17,Champapet,Unreserved,3,VINJAMURI RAGHAVA CHARY,,,,,,,3482,CONGRESS,INC,,1358,3,,8,23377,5.714,,49139,23766,389,48.365,,
Telangana,2020,,,0,Hyderabad,GHMC,MC,11,17,Champapet,Unreserved,1,G.PRAVEEN GOUD,,,,,,,8300,Telugu Desam,TDP,,278,4,,8,23377,1.17,,49139,23766,389,48.365,,
Telangana,2020,,,0,Hyderabad,GHMC,MC,11,17,Champapet,Unreserved,7,RAMU.GUNNERU,,,,,,,10809,Independent,IND,,106,5,,8,23377,0.446,,49139,23766,389,48.365,,
Telangana,2020,,,0,Hyderabad,GHMC,MC,11,17,Champapet,Unreserved,6,K.RAKESH,,,,,,,10809,Independent,IND,,45,6,,8,23377,0.189,,49139,23766,389,48.365,,
Telangana,2020,,,0,Hyderabad,GHMC,MC,11,17,Champapet,Unreserved,5,J.JAGAN,,,,,,,10809,Independent,IND,,32,7,,8,23377,0.135,,49139,23766,389,48.365,,
Telangana,2020,,,0,Hyderabad,GHMC,MC,11,17,Champapet,Unreserved,8,SANGIPET NARESH KUMAR,,,,,,,10809,Independent,IND,,24,8,,8,23377,0.101,,49139,23766,389,48.365,,
Telangana,2020,,,0,Hyderabad,GHMC,MC,11,17,Champapet,Unreserved,,NOTA,,,,,,,,,,,214,9,,8,23377,0.9,,49139,23766,389,48.365,,
Telangana,2020,,,0,Hyderabad,GHMC,MC,11,18,Lingojiguda,Unreserved,1,AKULA RAMESH GOUD,,,,,,,1605,Bharatiya Janata Party,BJP,,10340,1,,8,22791,44.602,,47454,23183,392,48.854,,
Telangana,2021,,,1,Hyderabad,GHMC,MC,11,18,Lingojiguda,Unreserved,1,DARIPALLY RAJA SHEKAR REDDY,,,,,,,3482,CONGRESS,INC,,7240,1,,5,13441,53.122,,49203,13629,188,27.7,- Data available only for Hyderabad(GHMC) Ward 18,
Telangana,2020,,,0,Hyderabad,GHMC,MC,11,18,Lingojiguda,Unreserved,4,SRINIVASA RAO MUDRABOINA,,,,,,,8284,Telangana Rashtra Samithi,TRS,,7529,2,,8,22791,32.476,,47454,23183,392,48.854,,
Telangana,2021,,,1,Hyderabad,GHMC,MC,11,18,Lingojiguda,Unreserved,2,MANDUGULA AKHIL GOUD,,,,,,,1605,Bharatiya Janata Party,BJP,,5968,2,,5,13441,43.789,,49203,13629,188,27.7,- Data available only for Hyderabad(GHMC) Ward 18,
Telangana,2020,,,0,Hyderabad,GHMC,MC,11,18,Lingojiguda,Unreserved,3,DARIPALLY RAJASHEKAR REDDY,,,,,,,3482,CONGRESS,INC,,4007,3,,8,22791,17.284,,47454,23183,392,48.854,,
Telangana,2021,,,1,Hyderabad,GHMC,MC,11,18,Lingojiguda,Unreserved,3,CHANDRA SEKHAR CHALIKA,,,,,,,10809,Independent,IND,,59,3,,5,13441,0.433,,49203,13629,188,27.7,- Data available only for Hyderabad(GHMC) Ward 18,
Telangana,2020,,,0,Hyderabad,GHMC,MC,11,18,Lingojiguda,Unreserved,2,CHITTALURI VENKATESHWARLU,,,,,,,8300,Telugu Desam,TDP,,564,4,,8,22791,2.433,,47454,23183,392,48.854,,
Telangana,2021,,,1,Hyderabad,GHMC,MC,11,18,Lingojiguda,Unreserved,4,JELLA NAGARJUNA,,,,,,,10809,Independent,IND,,37,4,,5,13441,0.271,,49203,13629,188,27.7,- Data available only for Hyderabad(GHMC) Ward 18,
Telangana,2020,,,0,Hyderabad,GHMC,MC,11,18,Lingojiguda,Unreserved,8,PARVEG SHAIK,,,,,,,10809,Independent,IND,,53,5,,8,22791,0.229,,47454,23183,392,48.854,,
Telangana,2021,,,1,Hyderabad,GHMC,MC,11,18,Lingojiguda,Unreserved,5,SHAIK PARVEG,,,,,,,10809,Independent,IND,,36,5,,5,13441,0.264,,49203,13629,188,27.7,- Data available only for Hyderabad(GHMC) Ward 18,
Telangana,2020,,,0,Hyderabad,GHMC,MC,11,18,Lingojiguda,Unreserved,6,KATLA KUMAR,,,,,,,10809,Independent,IND,,39,6,,8,22791,0.168,,47454,23183,392,48.854,,
Telangana,2021,,,1,Hyderabad,GHMC,MC,11,18,Lingojiguda,Unreserved,,NOTA,,,,,,,,,,,101,6,,5,13441,0.741,,49203,13629,188,27.7,- Data available only for Hyderabad(GHMC) Ward 18,
Telangana,2020,,,0,Hyderabad,GHMC,MC,11,18,Lingojiguda,Unreserved,5,B.P MADHUSUDHAN,,,,,,,8272,Telangana Jana Samithi,TJSP,,38,7,,8,22791,0.164,,47454,23183,392,48.854,https://www.newindianexpress.com/cities/hyderabad/2020/dec/07/ghmc-results-independents-win-no-seats-but-cut-into-vote-share-of-others-2232779.html,
Telangana,2020,,,0,Hyderabad,GHMC,MC,11,18,Lingojiguda,Unreserved,7,JAIPAL REDDY PANYALA,,,,,,,10809,Independent,IND,,8,8,,8,22791,0.035,,47454,23183,392,48.854,,
Telangana,2020,,,0,Hyderabad,GHMC,MC,11,18,Lingojiguda,Unreserved,,NOTA,,,,,,,,,,,213,9,,8,22791,0.919,,47454,23183,392,48.854,,
Telangana,2020,,,0,Hyderabad,GHMC,MC,11,19,Saroornagar,Women,2,AKULA SRIVANI,,,,,,,1605,Bharatiya Janata Party,BJP,,12085,1,,11,22598,52.681,,59581,22940,342,38.502,,
Telangana,2020,,,0,Hyderabad,GHMC,MC,11,19,Saroornagar,Women,1,ANITHA REDDY PARUPALLY,,,,,,,8284,Telangana Rashtra Samithi,TRS,,8767,2,,11,22598,38.217,,59581,22940,342,38.502,,
Telangana,2020,,,0,Hyderabad,GHMC,MC,11,19,Saroornagar,Women,4,CHIKKULLA JAYAMMA,,,,,,,3482,CONGRESS,INC,,848,3,,11,22598,3.697,,59581,22940,342,38.502,,
Telangana,2020,,,0,Hyderabad,GHMC,MC,11,19,Saroornagar,Women,3,KALPANA KUMARI YANDRA,,,,,,,8300,Telugu Desam,TDP,,406,4,,11,22598,1.77,,59581,22940,342,38.502,,
Telangana,2020,,,0,Hyderabad,GHMC,MC,11,19,Saroornagar,Women,5,RAYABANDI SHOBA RANI,,,,,,,2444,Communist Part of India,CPI,,122,5,,11,22598,0.532,,59581,22940,342,38.502,,
Telangana,2020,,,0,Hyderabad,GHMC,MC,11,19,Saroornagar,Women,8,TEKUMETLA SWARUPA,,,,,,,10809,Independent,IND,,29,6,,11,22598,0.126,,59581,22940,342,38.502,,
Telangana,2020,,,0,Hyderabad,GHMC,MC,11,19,Saroornagar,Women,10,ROJA KAKI,,,,,,,10809,Independent,IND,,29,7,,11,22598,0.126,,59581,22940,342,38.502,,
Telangana,2020,,,0,Hyderabad,GHMC,MC,11,19,Saroornagar,Women,7,GUNDE VENKATA GNANA PRASUNAMBA,,,,,,,10809,Independent,IND,,22,8,,11,22598,0.096,,59581,22940,342,38.502,,
Telangana,2020,,,0,Hyderabad,GHMC,MC,11,19,Saroornagar,Women,6,ARAGANDLAPALLY SUJATHA,,,,,,,10809,Independent,IND,,8,9,,11,22598,0.035,,59581,22940,342,38.502,,
Telangana,2020,,,0,Hyderabad,GHMC,MC,11,19,Saroornagar,Women,11,LAVANYA GADDHATI,,,,,,,10809,Independent,IND,,6,10,,11,22598,0.026,,59581,22940,342,38.502,,
Telangana,2020,,,0,Hyderabad,GHMC,MC,11,19,Saroornagar,Women,9,DEEPIKA YADAV TEKUMETLA,,,,,,,10809,Independent,IND,,2,11,,11,22598,0.009,,59581,22940,342,38.502,,
Telangana,2020,,,0,Hyderabad,GHMC,MC,11,19,Saroornagar,Women,,NOTA,,,,,,,,,,,274,12,,11,22598,1.194,,59581,22940,342,38.502,,
Telangana,2020,,,0,Hyderabad,GHMC,MC,11,20,Ramakrishnapuram,Women,2,RADHA VEERANNAGARI,,,,,,,1605,Bharatiya Janata Party,BJP,,13036,1,,8,24922,51.144,,54686,25489,567,46.61,,
Telangana,2020,,,0,Hyderabad,GHMC,MC,11,20,Ramakrishnapuram,Women,3,VIJAYA BHARATHI.MURUKUNTLA,,,,,,,8284,Telangana Rashtra Samithi,TRS,,9106,2,,8,24922,35.725,,54686,25489,567,46.61,,
Telangana,2020,,,0,Hyderabad,GHMC,MC,11,20,Ramakrishnapuram,Women,1,SMT. PUNNA NIRMALA,,,,,,,3482,CONGRESS,INC,,1845,3,,8,24922,7.238,,54686,25489,567,46.61,,
Telangana,2020,,,0,Hyderabad,GHMC,MC,11,20,Ramakrishnapuram,Women,4,SANDYAPOGU SUJATHA,,,,,,,8300,Telugu Desam,TDP,,363,4,,8,24922,1.424,,54686,25489,567,46.61,,
Telangana,2020,,,0,Hyderabad,GHMC,MC,11,20,Ramakrishnapuram,Women,8,MADHAVI MANTRAVADI,,,,,,,10809,Independent,IND,,147,5,,8,24922,0.577,,54686,25489,567,46.61,,
Telangana,2020,,,0,Hyderabad,GHMC,MC,11,20,Ramakrishnapuram,Women,7,DUBBAGALLA JYOSHNA,,,,,,,10809,Independent,IND,,140,6,,8,24922,0.549,,54686,25489,567,46.61,,
Telangana,2020,,,0,Hyderabad,GHMC,MC,11,20,Ramakrishnapuram,Women,6,SARITHA,,,,,,,8272,Telangana Jana Samithi,TJSP,,19,7,,8,24922,0.075,,54686,25489,567,46.61,https://www.newindianexpress.com/cities/hyderabad/2020/dec/07/ghmc-results-independents-win-no-seats-but-cut-into-vote-share-of-others-2232779.html,
Telangana,2020,,,0,Hyderabad,GHMC,MC,11,20,Ramakrishnapuram,Women,5,RESHMA,,,,,,,u10063,,AIMIM Inquilab,,8,8,,8,24922,0.031,,54686,25489,567,46.61,,
Telangana,2020,,,0,Hyderabad,GHMC,MC,11,20,Ramakrishnapuram,Women,,NOTA,,,,,,,,,,,258,9,,8,24922,1.012,,54686,25489,567,46.61,,
Telangana,2020,,,0,Hyderabad,GHMC,MC,11,21,Kothapet,Unreserved,1,PAVAN KUMAR NAIKOTI,,,,,,,1605,Bharatiya Janata Party,BJP,,11371,1,,9,20665,54.274,,45604,20951,286,45.941,,
Telangana,2020,,,0,Hyderabad,GHMC,MC,11,21,Kothapet,Unreserved,4,G.V.SAGAR REDDY,,,,,,,8284,Telangana Rashtra Samithi,TRS,,6588,2,,9,20665,31.445,,45604,20951,286,45.941,,
Telangana,2020,,,0,Hyderabad,GHMC,MC,11,21,Kothapet,Unreserved,2,MOGULLA RAJI REDDY,,,,,,,3482,CONGRESS,INC,,1284,3,,9,20665,6.129,,45604,20951,286,45.941,,
Telangana,2020,,,0,Hyderabad,GHMC,MC,11,21,Kothapet,Unreserved,3,SRISAILAM TALLA,,,,,,,8300,Telugu Desam,TDP,,991,4,,9,20665,4.73,,45604,20951,286,45.941,,
Telangana,2020,,,0,Hyderabad,GHMC,MC,11,21,Kothapet,Unreserved,7,K RAJESHWARA SHARMA,,,,,,,10809,Independent,IND,,79,5,,9,20665,0.377,,45604,20951,286,45.941,,
Telangana,2020,,,0,Hyderabad,GHMC,MC,11,21,Kothapet,Unreserved,8,R VANI,,,,,,,10809,Independent,IND,,48,6,,9,20665,0.229,,45604,20951,286,45.941,,
Telangana,2020,,,0,Hyderabad,GHMC,MC,11,21,Kothapet,Unreserved,9,VEERA REDDY VANGETI,,,,,,,10809,Independent,IND,,27,7,,9,20665,0.129,,45604,20951,286,45.941,,
Telangana,2020,,,0,Hyderabad,GHMC,MC,11,21,Kothapet,Unreserved,6,DUDUKA RAVI SHANKAR,,,,,,,8272,Telangana Jana Samithi,TJSP,,22,8,,9,20665,0.105,,45604,20951,286,45.941,https://www.newindianexpress.com/cities/hyderabad/2020/dec/07/ghmc-results-independents-win-no-seats-but-cut-into-vote-share-of-others-2232779.html,
Telangana,2020,,,0,Hyderabad,GHMC,MC,11,21,Kothapet,Unreserved,5,ALLENA VENKATA SRI HARSHA,,,,,,,u10033,Indian National Yuva Jana Party,INYJP,,14,9,,9,20665,0.067,,45604,20951,286,45.941,https://www.newindianexpress.com/cities/hyderabad/2020/dec/07/ghmc-results-independents-win-no-seats-but-cut-into-vote-share-of-others-2232779.html,
Telangana,2020,,,0,Hyderabad,GHMC,MC,11,21,Kothapet,Unreserved,,NOTA,,,,,,,,,,,241,10,,9,20665,1.15,,45604,20951,286,45.941,,
Telangana,2020,,,0,Hyderabad,GHMC,MC,11,22,Chaitanyapuri,Unreserved,3,Ranga Venkat Narsimha Rao,,,,,,,1605,Bharatiya Janata Party,BJP,,10500,1,,9,17545,59.055,,43167,17780,235,41.189,,
Telangana,2020,,,0,Hyderabad,GHMC,MC,11,22,Chaitanyapuri,Unreserved,1,GINNARAM VITTAL REDDY,,,,,,,8284,Telangana Rashtra Samithi,TRS,,5041,2,,9,17545,28.352,,43167,17780,235,41.189,,
Telangana,2020,,,0,Hyderabad,GHMC,MC,11,22,Chaitanyapuri,Unreserved,4,SHASHIDAR REDDY KUKUNOORU,,,,,,,3482,CONGRESS,INC,,968,3,,9,17545,5.444,,43167,17780,235,41.189,,
Telangana,2020,,,0,Hyderabad,GHMC,MC,11,22,Chaitanyapuri,Unreserved,2,P.RAJESH,,,,,,,8300,Telugu Desam,TDP,,653,4,,9,17545,3.673,,43167,17780,235,41.189,,
Telangana,2020,,,0,Hyderabad,GHMC,MC,11,22,Chaitanyapuri,Unreserved,8,G.JAGADEESHWAR,,,,,,,10809,Independent,IND,,55,5,,9,17545,0.309,,43167,17780,235,41.189,,
Telangana,2020,,,0,Hyderabad,GHMC,MC,11,22,Chaitanyapuri,Unreserved,7,KONDOJU VENUGOPAL CHARY,,,,,,,10809,Independent,IND,,36,6,,9,17545,0.202,,43167,17780,235,41.189,,
Telangana,2020,,,0,Hyderabad,GHMC,MC,11,22,Chaitanyapuri,Unreserved,6,MANDAPURAM SRINIVAS REDDY,,,,,,,8272,Telangana Jana Samithi,TJSP,,28,7,,9,17545,0.157,,43167,17780,235,41.189,https://www.newindianexpress.com/cities/hyderabad/2020/dec/07/ghmc-results-independents-win-no-seats-but-cut-into-vote-share-of-others-2232779.html,
Telangana,2020,,,0,Hyderabad,GHMC,MC,11,22,Chaitanyapuri,Unreserved,9,SHANMUKA CHARI RANGU,,,,,,,10809,Independent,IND,,23,8,,9,17545,0.129,,43167,17780,235,41.189,,
Telangana,2020,,,0,Hyderabad,GHMC,MC,11,22,Chaitanyapuri,Unreserved,5,MADDELA PRAVEEN KUMAR,,,,,,,2895,Dalita Bahujana Party,DBP,,18,9,,9,17545,0.101,,43167,17780,235,41.189,,
Telangana,2020,,,0,Hyderabad,GHMC,MC,11,22,Chaitanyapuri,Unreserved,,NOTA,,,,,,,,,,,223,10,,9,17545,1.254,,43167,17780,235,41.189,,
Telangana,2020,,,0,Hyderabad,GHMC,MC,11,23,Gaddiannaram,Unreserved,1,BADDAM PREM MAHESWAR REDDY,,,,,,,1605,Bharatiya Janata Party,BJP,,10712,1,,6,20206,52.597,,46911,20366,160,43.414,,
Telangana,2020,,,0,Hyderabad,GHMC,MC,11,23,Gaddiannaram,Unreserved,3,BHAVANI PRAVEEN KUMAR,,,,,,,8284,Telangana Rashtra Samithi,TRS,,6110,2,,6,20206,30.001,,46911,20366,160,43.414,,
Telangana,2020,,,0,Hyderabad,GHMC,MC,11,23,Gaddiannaram,Unreserved,2,BADDULA VENKATESH YADAV,,,,,,,3482,CONGRESS,INC,,2632,3,,6,20206,12.923,,46911,20366,160,43.414,,
Telangana,2020,,,0,Hyderabad,GHMC,MC,11,23,Gaddiannaram,Unreserved,4,M. SUNIL BABU,,,,,,,8300,Telugu Desam,TDP,,486,4,,6,20206,2.386,,46911,20366,160,43.414,,
Telangana,2020,,,0,Hyderabad,GHMC,MC,11,23,Gaddiannaram,Unreserved,5,GUNTA SHANKER,,,,,,,10809,Independent,IND,,31,5,,6,20206,0.152,,46911,20366,160,43.414,,
Telangana,2020,,,0,Hyderabad,GHMC,MC,11,23,Gaddiannaram,Unreserved,6,VADDEMANI PRABHAKAR,,,,,,,10809,Independent,IND,,29,6,,6,20206,0.142,,46911,20366,160,43.414,,
Telangana,2020,,,0,Hyderabad,GHMC,MC,11,23,Gaddiannaram,Unreserved,,NOTA,,,,,,,,,,,206,7,,6,20206,1.011,,46911,20366,160,43.414,,
Telangana,2020,,,0,Hyderabad,GHMC,MC,11,24,Saidabad,Women,1,KOTHAKAPU ARUNA,,,,,,,1605,Bharatiya Janata Party,BJP,,10621,1,,6,21187,49.269,,56396,21557,370,38.224,,
Telangana,2020,,,0,Hyderabad,GHMC,MC,11,24,Saidabad,Women,3,SWARNA LATHA SINGIREDDY,,,,,,,8284,Telangana Rashtra Samithi,TRS,,9710,2,,6,21187,45.043,,56396,21557,370,38.224,,
Telangana,2020,,,0,Hyderabad,GHMC,MC,11,24,Saidabad,Women,2,GANTLA SUJANA,,,,,,,3482,CONGRESS,INC,,505,3,,6,21187,2.343,,56396,21557,370,38.224,,
Telangana,2020,,,0,Hyderabad,GHMC,MC,11,24,Saidabad,Women,4,T.SUNITHA BHUSHAN,,,,,,,3331,India Praja Bandhu Party,IPBP,,74,4,,6,21187,0.343,,56396,21557,370,38.224,,
Telangana,2020,,,0,Hyderabad,GHMC,MC,11,24,Saidabad,Women,5,KAVETI SARIKA,,,,,,,10809,Independent,IND,,47,5,,6,21187,0.218,,56396,21557,370,38.224,,
Telangana,2020,,,0,Hyderabad,GHMC,MC,11,24,Saidabad,Women,6,NALUBOLU RANI,,,,,,,10809,Independent,IND,,42,6,,6,21187,0.195,,56396,21557,370,38.224,,
Telangana,2020,,,0,Hyderabad,GHMC,MC,11,24,Saidabad,Women,,NOTA,,,,,,,,,,,188,7,,6,21187,0.872,,56396,21557,370,38.224,,
Telangana,2020,,,0,Hyderabad,GHMC,MC,11,25,Moosarambagh,Women,2,B. BHAGYA LAKSHMI,,,,,,,1605,Bharatiya Janata Party,BJP,,10353,1,,8,21054,48.29,,57239,21439,385,37.455,,
Telangana,2020,,,0,Hyderabad,GHMC,MC,11,25,Moosarambagh,Women,1,TEEGALA SUNARITHA,,,,,,,8284,Telangana Rashtra Samithi,TRS,,8234,2,,8,21054,38.407,,57239,21439,385,37.455,,
Telangana,2020,,,0,Hyderabad,GHMC,MC,11,25,Moosarambagh,Women,4,SADA LAXMI. C,,,,,,,3482,CONGRESS,INC,,1996,3,,8,21054,9.31,,57239,21439,385,37.455,,
Telangana,2020,,,0,Hyderabad,GHMC,MC,11,25,Moosarambagh,Women,3,Mrs. MASARATH JAHAN,,,,,,,2444,Communist Part of India,CPI,,122,4,,8,21054,0.569,,57239,21439,385,37.455,,
Telangana,2020,,,0,Hyderabad,GHMC,MC,11,25,Moosarambagh,Women,7,MEEDIDODDI SURVANA,,,,,,,10809,Independent,IND,,56,5,,8,21054,0.261,,57239,21439,385,37.455,,
Telangana,2020,,,0,Hyderabad,GHMC,MC,11,25,Moosarambagh,Women,8,P. LAXMI,,,,,,,10809,Independent,IND,,40,6,,8,21054,0.187,,57239,21439,385,37.455,,
Telangana,2020,,,0,Hyderabad,GHMC,MC,11,25,Moosarambagh,Women,6,CHEKOLEKAR RUKMINIBAI,,,,,,,10809,Independent,IND,,29,7,,8,21054,0.135,,57239,21439,385,37.455,,
Telangana,2020,,,0,Hyderabad,GHMC,MC,11,25,Moosarambagh,Women,5,ANU RADHA,,,,,,,10809,Independent,IND,,11,8,,8,21054,0.051,,57239,21439,385,37.455,,
Telangana,2020,,,0,Hyderabad,GHMC,MC,11,25,Moosarambagh,Women,,NOTA,,,,,,,,,,,213,9,,8,21054,0.994,,57239,21439,385,37.455,,
Telangana,2020,,,0,Hyderabad,GHMC,MC,11,26,Oldmalakpet,Backward Classes (Women),2,Dr JUWERIA FATIMA,,,,,,,706,All India Majlis-E Ithehad-Ul Muslimeen,AIMIM,,12200,1,,6,20597,58.045,,54655,21018,421,38.456,,
Telangana,2020,,,0,Hyderabad,GHMC,MC,11,26,Oldmalakpet,Backward Classes (Women),1,Kanakaboina Renuka,,,,,,,1605,Bharatiya Janata Party,BJP,,3957,2,,6,20597,18.827,,54655,21018,421,38.456,,
Telangana,2020,,,0,Hyderabad,GHMC,MC,11,26,Oldmalakpet,Backward Classes (Women),3,Mrs. PAGILLA SHALINI,,,,,,,8284,Telangana Rashtra Samithi,TRS,,3693,3,,6,20597,17.571,,54655,21018,421,38.456,,
Telangana,2020,,,0,Hyderabad,GHMC,MC,11,26,Oldmalakpet,Backward Classes (Women),4,Mrs. FIRDOUS FATIMA,,,,,,,2444,Communist Part of India,CPI,,448,4,,6,20597,2.132,,54655,21018,421,38.456,,
Telangana,2020,,,0,Hyderabad,GHMC,MC,11,26,Oldmalakpet,Backward Classes (Women),5,Bugudala veeramani,,,,,,,3482,CONGRESS,INC,,180,5,,6,20597,0.856,,54655,21018,421,38.456,,
Telangana,2020,,,0,Hyderabad,GHMC,MC,11,26,Oldmalakpet,Backward Classes (Women),6,MOGUDALA KAVITHA,,,,,,,10809,Independent,IND,,17,6,,6,20597,0.081,,54655,21018,421,38.456,,
Telangana,2020,,,0,Hyderabad,GHMC,MC,11,26,Oldmalakpet,Backward Classes (Women),,NOTA,,,,,,,,,,,102,7,,6,20597,0.485,,54655,21018,421,38.456,,
Telangana,2020,,,0,Hyderabad,GHMC,MC,11,27,Akberbagh,Unreserved,4,SYED MINHAJUDDIN,,,,,,,706,All India Majlis-E Ithehad-Ul Muslimeen,AIMIM,,8908,1,,8,17081,51.24,,43979,17385,304,39.53,,
Telangana,2020,,,0,Hyderabad,GHMC,MC,11,27,Akberbagh,Unreserved,1,BASUPALLI NAVEEN REDDY,,,,,,,1605,Bharatiya Janata Party,BJP,,5181,2,,8,17081,29.802,,43979,17385,304,39.53,,
Telangana,2020,,,0,Hyderabad,GHMC,MC,11,27,Akberbagh,Unreserved,2,MADHIKUNTA SRIDHAR REDDY,,,,,,,8284,Telangana Rashtra Samithi,TRS,,2317,3,,8,17081,13.328,,43979,17385,304,39.53,,
Telangana,2020,,,0,Hyderabad,GHMC,MC,11,27,Akberbagh,Unreserved,3,MOHAMMED ADIL PASHA,,,,,,,3482,CONGRESS,INC,,265,4,,8,17081,1.524,,43979,17385,304,39.53,,
Telangana,2020,,,0,Hyderabad,GHMC,MC,11,27,Akberbagh,Unreserved,5,S.SUSHEEL KUMAR AGARWAL,,,,,,,8300,Telugu Desam,TDP,,99,5,,8,17081,0.569,,43979,17385,304,39.53,,
Telangana,2020,,,0,Hyderabad,GHMC,MC,11,27,Akberbagh,Unreserved,7,SYED ABDUL AZEEM,,,,,,,10809,Independent,IND,,77,6,,8,17081,0.443,,43979,17385,304,39.53,,
Telangana,2020,,,0,Hyderabad,GHMC,MC,11,27,Akberbagh,Unreserved,6,SYED ANWAR,,,,,,,u10063,,AIMIM Inquilab,,60,7,,8,17081,0.345,,43979,17385,304,39.53,,
Telangana,2020,,,0,Hyderabad,GHMC,MC,11,27,Akberbagh,Unreserved,8,S.SUDHEER KUMAR YADHAV,,,,,,,10809,Independent,IND,,10,8,,8,17081,0.058,,43979,17385,304,39.53,,
Telangana,2020,,,0,Hyderabad,GHMC,MC,11,27,Akberbagh,Unreserved,,NOTA,,,,,,,,,,,164,9,,8,17081,0.943,,43979,17385,304,39.53,,
Telangana,2020,,,0,Hyderabad,GHMC,MC,11,28,Azampura,Women,1,AYESHA JAHAN NASEEM,,,,,,,706,All India Majlis-E Ithehad-Ul Muslimeen,AIMIM,,9868,1,,9,20159,48.158,,47953,20491,332,42.731,,
Telangana,2020,,,0,Hyderabad,GHMC,MC,11,28,Azampura,Women,5,ASMA KHATOON,,,,,,,10809,Independent,IND,,6009,2,,9,20159,29.325,,47953,20491,332,42.731,,
Telangana,2020,,,0,Hyderabad,GHMC,MC,11,28,Azampura,Women,2,JEEDIMEDLA LAVANYA,,,,,,,1605,Bharatiya Janata Party,BJP,,2240,3,,9,20159,10.932,,47953,20491,332,42.731,,
Telangana,2020,,,0,Hyderabad,GHMC,MC,11,28,Azampura,Women,4,MAREPALLY ARTHI,,,,,,,8284,Telangana Rashtra Samithi,TRS,,1540,4,,9,20159,7.515,,47953,20491,332,42.731,,
Telangana,2020,,,0,Hyderabad,GHMC,MC,11,28,Azampura,Women,3,NAKKA GODAWARI,,,,,,,3482,CONGRESS,INC,,180,5,,9,20159,0.878,,47953,20491,332,42.731,,
Telangana,2020,,,0,Hyderabad,GHMC,MC,11,28,Azampura,Women,6,M PADMA,,,,,,,10809,Independent,IND,,163,6,,9,20159,0.795,,47953,20491,332,42.731,,
Telangana,2020,,,0,Hyderabad,GHMC,MC,11,28,Azampura,Women,9,CIKKA SRAVANTHI,,,,,,,10809,Independent,IND,,25,7,,9,20159,0.122,,47953,20491,332,42.731,,
Telangana,2020,,,0,Hyderabad,GHMC,MC,11,28,Azampura,Women,7,RASHMA BANU,,,,,,,10809,Independent,IND,,15,8,,9,20159,0.073,,47953,20491,332,42.731,,
Telangana,2020,,,0,Hyderabad,GHMC,MC,11,28,Azampura,Women,8,SALEHA BEGUM,,,,,,,10809,Independent,IND,,7,9,,9,20159,0.034,,47953,20491,332,42.731,,
Telangana,2020,,,0,Hyderabad,GHMC,MC,11,28,Azampura,Women,,NOTA,,,,,,,,,,,112,10,,9,20159,0.547,,47953,20491,332,42.731,,
Telangana,2020,,,0,Hyderabad,GHMC,MC,11,29,Chavni,Backward Class,3,MOHAMMAED ABDUL SALAM SHAHID,,,,,,,706,All India Majlis-E Ithehad-Ul Muslimeen,AIMIM,,14714,1,,7,19184,75.553,,47122,19475,291,41.329,,
Telangana,2020,,,0,Hyderabad,GHMC,MC,11,29,Chavni,Backward Class,7,MD KHAJA ALI SIDDIQUI,,,,,,,10809,Independent,IND,,2936,2,,7,19184,15.076,,47122,19475,291,41.329,,
Telangana,2020,,,0,Hyderabad,GHMC,MC,11,29,Chavni,Backward Class,4,MOHAMMAD SHOUKATH ALI,,,,,,,8284,Telangana Rashtra Samithi,TRS,,856,3,,7,19184,4.395,,47122,19475,291,41.329,,
Telangana,2020,,,0,Hyderabad,GHMC,MC,11,29,Chavni,Backward Class,1,ABHISHEK GOUD EARUKLA,,,,,,,1605,Bharatiya Janata Party,BJP,,346,4,,7,19184,1.777,,47122,19475,291,41.329,,
Telangana,2020,,,0,Hyderabad,GHMC,MC,11,29,Chavni,Backward Class,2,MD FAISAL HASSAN,,,,,,,3482,CONGRESS,INC,,238,5,,7,19184,1.222,,47122,19475,291,41.329,,
Telangana,2020,,,0,Hyderabad,GHMC,MC,11,29,Chavni,Backward Class,5,ABDUL SHABAZ,,,,,,,10809,Independent,IND,,35,6,,7,19184,0.18,,47122,19475,291,41.329,,
Telangana,2020,,,0,Hyderabad,GHMC,MC,11,29,Chavni,Backward Class,6,KARIPE SAI,,,,,,,10809,Independent,IND,,6,7,,7,19184,0.031,,47122,19475,291,41.329,,
Telangana,2020,,,0,Hyderabad,GHMC,MC,11,29,Chavni,Backward Class,,NOTA,,,,,,,,,,,53,8,,7,19184,0.272,,47122,19475,291,41.329,,
Telangana,2020,,,0,Hyderabad,GHMC,MC,11,30,Dabeerpura,Unreserved,1,ALAMDAR HUSSAIN KHAN,,,,,,,706,All India Majlis-E Ithehad-Ul Muslimeen,AIMIM,,13499,1,,9,20194,65.765,,50976,20526,332,40.266,,
Telangana,2020,,,0,Hyderabad,GHMC,MC,11,30,Dabeerpura,Unreserved,3,MIRZA AKHIL AFANDI,,,,,,,1605,Bharatiya Janata Party,BJP,,2575,2,,9,20194,12.545,,50976,20526,332,40.266,,
Telangana,2020,,,0,Hyderabad,GHMC,MC,11,30,Dabeerpura,Unreserved,4,SABER,,,,,,,8284,Telangana Rashtra Samithi,TRS,,2219,3,,9,20194,10.811,,50976,20526,332,40.266,,
Telangana,2020,,,0,Hyderabad,GHMC,MC,11,30,Dabeerpura,Unreserved,7,ALTAF NASEEB KHAN,,,,,,,10809,Independent,IND,,864,4,,9,20194,4.209,,50976,20526,332,40.266,,
Telangana,2020,,,0,Hyderabad,GHMC,MC,11,30,Dabeerpura,Unreserved,2,MIR HYDER ALI,,,,,,,3482,CONGRESS,INC,,443,5,,9,20194,2.158,,50976,20526,332,40.266,,
Telangana,2020,,,0,Hyderabad,GHMC,MC,11,30,Dabeerpura,Unreserved,8,FAISAL KHAN,,,,,,,10809,Independent,IND,,193,6,,9,20194,0.94,,50976,20526,332,40.266,,
Telangana,2020,,,0,Hyderabad,GHMC,MC,11,30,Dabeerpura,Unreserved,6,KOUSAR ALI MIRZA,,,,,,,u10063,,AIMIM Inquilab,,179,7,,9,20194,0.872,,50976,20526,332,40.266,,
Telangana,2020,,,0,Hyderabad,GHMC,MC,11,30,Dabeerpura,Unreserved,5,HABEEB AYDRUS,,,,,,,8300,Telugu Desam,TDP,,91,8,,9,20194,0.443,,50976,20526,332,40.266,,
Telangana,2020,,,0,Hyderabad,GHMC,MC,11,30,Dabeerpura,Unreserved,9,MOHD HAMZA HUSSAIN,,,,,,,10809,Independent,IND,,19,9,,9,20194,0.093,,50976,20526,332,40.266,,
Telangana,2020,,,0,Hyderabad,GHMC,MC,11,30,Dabeerpura,Unreserved,,NOTA,,,,,,,,,,,112,10,,9,20194,0.546,,50976,20526,332,40.266,,
Telangana,2020,,,0,Hyderabad,GHMC,MC,11,31,Rain bazar,Unreserved,3,MOHAMMED WASAYUDDIN,,,,,,,706,All India Majlis-E Ithehad-Ul Muslimeen,AIMIM,,12388,1,,9,17695,68.891,,42800,17982,287,42.014,,
Telangana,2020,,,0,Hyderabad,GHMC,MC,11,31,Rain bazar,Unreserved,1,MOHAMMED ABDUL JAWEED,,,,,,,8284,Telangana Rashtra Samithi,TRS,,2833,2,,9,17695,15.755,,42800,17982,287,42.014,,
Telangana,2020,,,0,Hyderabad,GHMC,MC,11,31,Rain bazar,Unreserved,8,MOHAMMED ABDUL RAHMAN,,,,,,,10809,Independent,IND,,1638,3,,9,17695,9.109,,42800,17982,287,42.014,,
Telangana,2020,,,0,Hyderabad,GHMC,MC,11,31,Rain bazar,Unreserved,4,RAGEER ESHWAR YADAV,,,,,,,1605,Bharatiya Janata Party,BJP,,268,4,,9,17695,1.49,,42800,17982,287,42.014,,
Telangana,2020,,,0,Hyderabad,GHMC,MC,11,31,Rain bazar,Unreserved,9,MEHDI ALI KHAN,,,,,,,10809,Independent,IND,,210,5,,9,17695,1.168,,42800,17982,287,42.014,,
Telangana,2020,,,0,Hyderabad,GHMC,MC,11,31,Rain bazar,Unreserved,6,S.K.KHAJA,,,,,,,10809,Independent,IND,,123,6,,9,17695,0.684,,42800,17982,287,42.014,,
Telangana,2020,,,0,Hyderabad,GHMC,MC,11,31,Rain bazar,Unreserved,5,SYED DILAWAR HUSSAIN,,,,,,,3482,CONGRESS,INC,,98,7,,9,17695,0.545,,42800,17982,287,42.014,,
Telangana,2020,,,0,Hyderabad,GHMC,MC,11,31,Rain bazar,Unreserved,2,MOHAMMED IQBAL HUSSAIN ZAKI,,,,,,,8300,Telugu Desam,TDP,,56,8,,9,17695,0.311,,42800,17982,287,42.014,,
Telangana,2020,,,0,Hyderabad,GHMC,MC,11,31,Rain bazar,Unreserved,7,Mohammed Akram Ali Khan,,,,,,,10809,Independent,IND,,50,9,,9,17695,0.278,,42800,17982,287,42.014,,
Telangana,2020,,,0,Hyderabad,GHMC,MC,11,31,Rain bazar,Unreserved,,NOTA,,,,,,,,,,,31,10,,9,17695,0.172,,42800,17982,287,42.014,,
Telangana,2020,,,0,Hyderabad,GHMC,MC,11,32,Pathergatti,Unreserved,4,SYED SOHAIL QUADRI,,,,,,,706,All India Majlis-E Ithehad-Ul Muslimeen,AIMIM,,20717,1,,7,24936,81.094,,59149,25547,611,43.191,,
Telangana,2020,,,0,Hyderabad,GHMC,MC,11,32,Pathergatti,Unreserved,3,Syed Abdul Qadeer,,,,,,,8284,Telangana Rashtra Samithi,TRS,,1808,2,,7,24936,7.077,,59149,25547,611,43.191,,
Telangana,2020,,,0,Hyderabad,GHMC,MC,11,32,Pathergatti,Unreserved,1,Anil Kumar Bajaj,,,,,,,1605,Bharatiya Janata Party,BJP,,1404,3,,7,24936,5.496,,59149,25547,611,43.191,,
Telangana,2020,,,0,Hyderabad,GHMC,MC,11,32,Pathergatti,Unreserved,2,MOHD MOOSA QASIM,,,,,,,3482,CONGRESS,INC,,620,4,,7,24936,2.427,,59149,25547,611,43.191,,
Telangana,2020,,,0,Hyderabad,GHMC,MC,11,32,Pathergatti,Unreserved,7,Sanjay Kumar Shukla,,,,,,,10809,Independent,IND,,241,5,,7,24936,0.943,,59149,25547,611,43.191,,
Telangana,2020,,,0,Hyderabad,GHMC,MC,11,32,Pathergatti,Unreserved,5,Mir Vilayath Ali,,,,,,,u10063,,AIMIM Inquilab,,51,6,,7,24936,0.2,,59149,25547,611,43.191,,
Telangana,2020,,,0,Hyderabad,GHMC,MC,11,32,Pathergatti,Unreserved,6,Md Hasmath Ali S,,,,,,,10809,Independent,IND,,40,7,,7,24936,0.157,,59149,25547,611,43.191,,
Telangana,2020,,,0,Hyderabad,GHMC,MC,11,32,Pathergatti,Unreserved,,NOTA,,,,,,,,,,,55,8,,7,24936,0.215,,59149,25547,611,43.191,,
Telangana,2020,,,0,Hyderabad,GHMC,MC,11,33,Moghalpura,Women,2,NASREEN SULTANA,,,,,,,706,All India Majlis-E Ithehad-Ul Muslimeen,AIMIM,,11754,1,,4,19050,60.28,,40641,19499,449,47.979,,
Telangana,2020,,,0,Hyderabad,GHMC,MC,11,33,Moghalpura,Women,3,C.MANJULA,,,,,,,1605,Bharatiya Janata Party,BJP,,5782,2,,4,19050,29.653,,40641,19499,449,47.979,,
Telangana,2020,,,0,Hyderabad,GHMC,MC,11,33,Moghalpura,Women,4,SARITHA SANAM VENKATA,,,,,,,8284,Telangana Rashtra Samithi,TRS,,1197,3,,4,19050,6.139,,40641,19499,449,47.979,,
Telangana,2020,,,0,Hyderabad,GHMC,MC,11,33,Moghalpura,Women,1,KANCHAN SHARMA,,,,,,,3482,CONGRESS,INC,,219,4,,4,19050,1.123,,40641,19499,449,47.979,,
Telangana,2020,,,0,Hyderabad,GHMC,MC,11,33,Moghalpura,Women,,NOTA,,,,,,,,,,,98,5,,4,19050,0.503,,40641,19499,449,47.979,,
Telangana,2020,,,0,Hyderabad,GHMC,MC,11,34,Talabchanchalam,Backward Classes (Women),4,SAMEENA BEGUM,,,,,,,706,All India Majlis-E Ithehad-Ul Muslimeen,AIMIM,,18922,1,,4,20911,88.732,,45085,21325,414,47.3,,
Telangana,2020,,,0,Hyderabad,GHMC,MC,11,34,Talabchanchalam,Backward Classes (Women),1,S NARJIS BANU,,,,,,,8284,Telangana Rashtra Samithi,TRS,,1467,2,,4,20911,6.879,,45085,21325,414,47.3,,
Telangana,2020,,,0,Hyderabad,GHMC,MC,11,34,Talabchanchalam,Backward Classes (Women),3,K RENUKA,,,,,,,1605,Bharatiya Janata Party,BJP,,385,3,,4,20911,1.805,,45085,21325,414,47.3,,
Telangana,2020,,,0,Hyderabad,GHMC,MC,11,34,Talabchanchalam,Backward Classes (Women),2,MEHER UNNISA,,,,,,,8300,Telugu Desam,TDP,,65,4,,4,20911,0.305,,45085,21325,414,47.3,,
Telangana,2020,,,0,Hyderabad,GHMC,MC,11,34,Talabchanchalam,Backward Classes (Women),,NOTA,,,,,,,,,,,72,5,,4,20911,0.338,,45085,21325,414,47.3,,
Telangana,2020,,,0,Hyderabad,GHMC,MC,11,35,Gowlipura,Backward Classes (Women),4,A BHGYA LAXMI,,,,,,,1605,Bharatiya Janata Party,BJP,,15469,1,,10,21538,69.828,,48841,22153,615,45.357,,
Telangana,2020,,,0,Hyderabad,GHMC,MC,11,35,Gowlipura,Backward Classes (Women),3,BODDU SARITHA,,,,,,,8284,Telangana Rashtra Samithi,TRS,,4610,2,,10,21538,20.81,,48841,22153,615,45.357,,
Telangana,2020,,,0,Hyderabad,GHMC,MC,11,35,Gowlipura,Backward Classes (Women),2,P GAYATRI,,,,,,,3482,CONGRESS,INC,,592,3,,10,21538,2.672,,48841,22153,615,45.357,,
Telangana,2020,,,0,Hyderabad,GHMC,MC,11,35,Gowlipura,Backward Classes (Women),7,P. JAYA LAXMI,,,,,,,10809,Independent,IND,,261,4,,10,21538,1.178,,48841,22153,615,45.357,,
Telangana,2020,,,0,Hyderabad,GHMC,MC,11,35,Gowlipura,Backward Classes (Women),10,A. ROJA,,,,,,,10809,Independent,IND,,137,5,,10,21538,0.618,,48841,22153,615,45.357,,
Telangana,2020,,,0,Hyderabad,GHMC,MC,11,35,Gowlipura,Backward Classes (Women),1,B. KAVITHA,,,,,,,8300,Telugu Desam,TDP,,111,6,,10,21538,0.501,,48841,22153,615,45.357,,
Telangana,2020,,,0,Hyderabad,GHMC,MC,11,35,Gowlipura,Backward Classes (Women),5,B.RUCHITHA,,,,,,,3040,All India Forward Bloc,AIFB,,71,7,,10,21538,0.32,,48841,22153,615,45.357,,
Telangana,2020,,,0,Hyderabad,GHMC,MC,11,35,Gowlipura,Backward Classes (Women),9,RUKUMINI CHANDAN,,,,,,,10809,Independent,IND,,71,8,,10,21538,0.32,,48841,22153,615,45.357,,
Telangana,2020,,,0,Hyderabad,GHMC,MC,11,35,Gowlipura,Backward Classes (Women),8,G. PRATYUSHA,,,,,,,10809,Independent,IND,,44,9,,10,21538,0.199,,48841,22153,615,45.357,,
Telangana,2020,,,0,Hyderabad,GHMC,MC,11,35,Gowlipura,Backward Classes (Women),6,N. KAVERI,,,,,,,10809,Independent,IND,,20,10,,10,21538,0.09,,48841,22153,615,45.357,,
Telangana,2020,,,0,Hyderabad,GHMC,MC,11,35,Gowlipura,Backward Classes (Women),,NOTA,,,,,,,,,,,152,11,,10,21538,0.686,,48841,22153,615,45.357,,
Telangana,2020,,,0,Hyderabad,GHMC,MC,11,36,Lalithabagh,Unreserved,1,MD ALI SHARIF,,,,,,,706,All India Majlis-E Ithehad-Ul Muslimeen,AIMIM,,12110,1,,7,19124,61.745,,37851,19613,489,51.816,,
Telangana,2020,,,0,Hyderabad,GHMC,MC,11,36,Lalithabagh,Unreserved,2,M CHANDRASEKHAR,,,,,,,1605,Bharatiya Janata Party,BJP,,3878,2,,7,19124,19.773,,37851,19613,489,51.816,,
Telangana,2020,,,0,Hyderabad,GHMC,MC,11,36,Lalithabagh,Unreserved,5,G RAGHAVENDRA RAJU,,,,,,,8284,Telangana Rashtra Samithi,TRS,,1782,3,,7,19124,9.086,,37851,19613,489,51.816,,
Telangana,2020,,,0,Hyderabad,GHMC,MC,11,36,Lalithabagh,Unreserved,3,MOHAMMED ABDUL IRFAN,,,,,,,3482,CONGRESS,INC,,1090,4,,7,19124,5.558,,37851,19613,489,51.816,,
Telangana,2020,,,0,Hyderabad,GHMC,MC,11,36,Lalithabagh,Unreserved,6,JANGA RAVI KUMAR YADAV,,,,,,,10809,Independent,IND,,162,5,,7,19124,0.826,,37851,19613,489,51.816,,
Telangana,2020,,,0,Hyderabad,GHMC,MC,11,36,Lalithabagh,Unreserved,4,MOHAMMED ARIF KHAN,,,,,,,2444,Communist Part of India,CPI,,37,6,,7,19124,0.189,,37851,19613,489,51.816,,
Telangana,2020,,,0,Hyderabad,GHMC,MC,11,36,Lalithabagh,Unreserved,7,MOHAMMED MUNAWAR ALI,,,,,,,10809,Independent,IND,,12,7,,7,19124,0.061,,37851,19613,489,51.816,,
Telangana,2020,,,0,Hyderabad,GHMC,MC,11,36,Lalithabagh,Unreserved,,NOTA,,,,,,,,,,,53,8,,7,19124,0.27,,37851,19613,489,51.816,,
Telangana,2020,,,0,Hyderabad,GHMC,MC,11,37,Kurmaguda,Backward Classes (Women),3,MAHAPARA,,,,,,,706,All India Majlis-E Ithehad-Ul Muslimeen,AIMIM,,13152,1,,7,23130,55.087,,54887,23875,745,43.498,,
Telangana,2020,,,0,Hyderabad,GHMC,MC,11,37,Kurmaguda,Backward Classes (Women),4,P SHANTHA,,,,,,,1605,Bharatiya Janata Party,BJP,,7028,2,,7,23130,29.437,,54887,23875,745,43.498,,
Telangana,2020,,,0,Hyderabad,GHMC,MC,11,37,Kurmaguda,Backward Classes (Women),1,NAVITHA YADAV MAILKOL,,,,,,,8284,Telangana Rashtra Samithi,TRS,,2360,3,,7,23130,9.885,,54887,23875,745,43.498,,
Telangana,2020,,,0,Hyderabad,GHMC,MC,11,37,Kurmaguda,Backward Classes (Women),2,PRASANNA DEVI BALISHETTI,,,,,,,3482,CONGRESS,INC,,247,4,,7,23130,1.035,,54887,23875,745,43.498,,
Telangana,2020,,,0,Hyderabad,GHMC,MC,11,37,Kurmaguda,Backward Classes (Women),7,N.SARITHA,,,,,,,10809,Independent,IND,,211,5,,7,23130,0.884,,54887,23875,745,43.498,,
Telangana,2020,,,0,Hyderabad,GHMC,MC,11,37,Kurmaguda,Backward Classes (Women),5,R.SATYAVATHI,,,,,,,8300,Telugu Desam,TDP,,55,6,,7,23130,0.23,,54887,23875,745,43.498,,
Telangana,2020,,,0,Hyderabad,GHMC,MC,11,37,Kurmaguda,Backward Classes (Women),6,VALLURI NANDINI,,,,,,,10809,Independent,IND,,3,7,,7,23130,0.013,,54887,23875,745,43.498,,
Telangana,2020,,,0,Hyderabad,GHMC,MC,11,37,Kurmaguda,Backward Classes (Women),,NOTA,,,,,,,,,,,74,8,,7,23130,0.31,,54887,23875,745,43.498,,
Telangana,2020,,,0,Hyderabad,GHMC,MC,11,38,I.S.Sadan,Women,4,J SWEETHA J,,,,,,,1605,Bharatiya Janata Party,BJP,,10924,1,,8,20413,52.091,,51602,20971,558,40.64,,
Telangana,2020,,,0,Hyderabad,GHMC,MC,11,38,I.S.Sadan,Women,5,Smt. Sama Swapna,,,,,,,8284,Telangana Rashtra Samithi,TRS,,8522,2,,8,20413,40.637,,51602,20971,558,40.64,,
Telangana,2020,,,0,Hyderabad,GHMC,MC,11,38,I.S.Sadan,Women,2,K. Manjula,,,,,,,3482,CONGRESS,INC,,357,3,,8,20413,1.702,,51602,20971,558,40.64,,
Telangana,2020,,,0,Hyderabad,GHMC,MC,11,38,I.S.Sadan,Women,1,Korra Devi,,,,,,,8300,Telugu Desam,TDP,,227,4,,8,20413,1.082,,51602,20971,558,40.64,,
Telangana,2020,,,0,Hyderabad,GHMC,MC,11,38,I.S.Sadan,Women,3,A. Lakshmi,,,,,,,2444,Communist Part of India,CPI,,154,5,,8,20413,0.734,,51602,20971,558,40.64,,
Telangana,2020,,,0,Hyderabad,GHMC,MC,11,38,I.S.Sadan,Women,7,K.JIVITA,,,,,,,10809,Independent,IND,,32,6,,8,20413,0.153,,51602,20971,558,40.64,,
Telangana,2020,,,0,Hyderabad,GHMC,MC,11,38,I.S.Sadan,Women,8,Smt. Ramavath Bahrathi,,,,,,,10809,Independent,IND,,17,7,,8,20413,0.081,,51602,20971,558,40.64,,
Telangana,2020,,,0,Hyderabad,GHMC,MC,11,38,I.S.Sadan,Women,6,Smt. Akula Shylaja,,,,,,,10809,Independent,IND,,7,8,,8,20413,0.033,,51602,20971,558,40.64,,
Telangana,2020,,,0,Hyderabad,GHMC,MC,11,38,I.S.Sadan,Women,,NOTA,,,,,,,,,,,173,9,,8,20413,0.825,,51602,20971,558,40.64,,
Telangana,2020,,,0,Hyderabad,GHMC,MC,11,39,Santhoshnagar,Backward Class,3,MOHAMMED MUZAFFAR HUSSAIN,,,,,,,706,All India Majlis-E Ithehad-Ul Muslimeen,AIMIM,,13135,1,,5,16532,77.228,,47341,17008,476,35.927,,
Telangana,2020,,,0,Hyderabad,GHMC,MC,11,39,Santhoshnagar,Backward Class,4,C.SRINIVAS,,,,,,,8284,Telangana Rashtra Samithi,TRS,,1524,2,,5,16532,8.96,,47341,17008,476,35.927,,
Telangana,2020,,,0,Hyderabad,GHMC,MC,11,39,Santhoshnagar,Backward Class,2,MATEEN SHAREEF,,,,,,,3482,CONGRESS,INC,,889,3,,5,16532,5.227,,47341,17008,476,35.927,,
Telangana,2020,,,0,Hyderabad,GHMC,MC,11,39,Santhoshnagar,Backward Class,1,JAGAN MOHAN.K,,,,,,,1605,Bharatiya Janata Party,BJP,,880,4,,5,16532,5.174,,47341,17008,476,35.927,,
Telangana,2020,,,0,Hyderabad,GHMC,MC,11,39,Santhoshnagar,Backward Class,5,SHAIK ABDUL SATTAR,,,,,,,14635,COMMUNIST MARXIST PARTY OF INDIA,CPM,,58,5,,5,16532,0.341,,47341,17008,476,35.927,,
Telangana,2020,,,0,Hyderabad,GHMC,MC,11,39,Santhoshnagar,Backward Class,,NOTA,,,,,,,,,,,46,6,,5,16532,0.27,,47341,17008,476,35.927,,
Telangana,2020,,,0,Hyderabad,GHMC,MC,11,40,Riyasath nagar,Unreserved,2,MIRZA MUSTAFA BAIG,,,,,,,706,All India Majlis-E Ithehad-Ul Muslimeen,AIMIM,,17368,1,,6,20648,82.768,,41747,20984,336,50.265,,
Telangana,2020,,,0,Hyderabad,GHMC,MC,11,40,Riyasath nagar,Unreserved,1,KOLLA MAHENDER,,,,,,,1605,Bharatiya Janata Party,BJP,,1202,2,,6,20648,5.728,,41747,20984,336,50.265,,
Telangana,2020,,,0,Hyderabad,GHMC,MC,11,40,Riyasath nagar,Unreserved,4,B SANTOSH KUMAR,,,,,,,8284,Telangana Rashtra Samithi,TRS,,1145,3,,6,20648,5.457,,41747,20984,336,50.265,,
Telangana,2020,,,0,Hyderabad,GHMC,MC,11,40,Riyasath nagar,Unreserved,5,MOHAMMED ZAHEED KHAN,,,,,,,10809,Independent,IND,,591,4,,6,20648,2.816,,41747,20984,336,50.265,,
Telangana,2020,,,0,Hyderabad,GHMC,MC,11,40,Riyasath nagar,Unreserved,3,SYED MUSTAFA QUADRI,,,,,,,3482,CONGRESS,INC,,216,5,,6,20648,1.029,,41747,20984,336,50.265,,
Telangana,2020,,,0,Hyderabad,GHMC,MC,11,40,Riyasath nagar,Unreserved,6,J MAHESH YADAV,,,,,,,10809,Independent,IND,,37,6,,6,20648,0.176,,41747,20984,336,50.265,,
Telangana,2020,,,0,Hyderabad,GHMC,MC,11,40,Riyasath nagar,Unreserved,,NOTA,,,,,,,,,,,89,7,,6,20648,0.424,,41747,20984,336,50.265,,
Telangana,2020,,,0,Hyderabad,GHMC,MC,11,41,Kanchanbagh,Backward Classes (Women),3,RESHMA FATIMA,,,,,,,706,All India Majlis-E Ithehad-Ul Muslimeen,AIMIM,,17709,1,,6,20086,85.078,,43225,20815,729,48.155,,
Telangana,2020,,,0,Hyderabad,GHMC,MC,11,41,Kanchanbagh,Backward Classes (Women),4,VASANTHA AKULA,,,,,,,8284,Telangana Rashtra Samithi,TRS,,1267,2,,6,20086,6.087,,43225,20815,729,48.155,,
Telangana,2020,,,0,Hyderabad,GHMC,MC,11,41,Kanchanbagh,Backward Classes (Women),1,AMENA SABA,,,,,,,3482,CONGRESS,INC,,638,3,,6,20086,3.065,,43225,20815,729,48.155,,
Telangana,2020,,,0,Hyderabad,GHMC,MC,11,41,Kanchanbagh,Backward Classes (Women),2,KANKTEKAR ROJA,,,,,,,1605,Bharatiya Janata Party,BJP,,247,4,,6,20086,1.187,,43225,20815,729,48.155,,
Telangana,2020,,,0,Hyderabad,GHMC,MC,11,41,Kanchanbagh,Backward Classes (Women),5,FARZANA BEGUM,,,,,,,u10063,,AIMIM Inquilab,,148,5,,6,20086,0.711,,43225,20815,729,48.155,,
Telangana,2020,,,0,Hyderabad,GHMC,MC,11,41,Kanchanbagh,Backward Classes (Women),6,KHALEDA SULTANA,,,,,,,10809,Independent,IND,,11,6,,6,20086,0.053,,43225,20815,729,48.155,,
Telangana,2020,,,0,Hyderabad,GHMC,MC,11,41,Kanchanbagh,Backward Classes (Women),,NOTA,,,,,,,,,,,66,7,,6,20086,0.317,,43225,20815,729,48.155,,
Telangana,2020,,,0,Hyderabad,GHMC,MC,11,42,Barkas,Backward Classes (Women),3,Shabana Begum,,,,,,,706,All India Majlis-E Ithehad-Ul Muslimeen,AIMIM,,13558,1,,3,16679,79.143,,41243,17131,452,41.537,,
Telangana,2020,,,0,Hyderabad,GHMC,MC,11,42,Barkas,Backward Classes (Women),1,Chenniahgari Saritha,,,,,,,8284,Telangana Rashtra Samithi,TRS,,1891,2,,3,16679,11.038,,41243,17131,452,41.537,,
Telangana,2020,,,0,Hyderabad,GHMC,MC,11,42,Barkas,Backward Classes (Women),2,Vijaya laxmi,,,,,,,1605,Bharatiya Janata Party,BJP,,1163,3,,3,16679,6.789,,41243,17131,452,41.537,,
Telangana,2020,,,0,Hyderabad,GHMC,MC,11,42,Barkas,Backward Classes (Women),,NOTA,,,,,,,,,,,67,4,,3,16679,0.391,,41243,17131,452,41.537,,
Telangana,2020,,,0,Hyderabad,GHMC,MC,11,43,Chandrayan gutta,Backward Class,1,ABDUL WAHAB,,,,,,,706,All India Majlis-E Ithehad-Ul Muslimeen,AIMIM,,19152,1,,8,24641,75.473,,49249,25376,735,51.526,,
Telangana,2020,,,0,Hyderabad,GHMC,MC,11,43,Chandrayan gutta,Backward Class,3,J. NAVEEN KUMAR,,,,,,,1605,Bharatiya Janata Party,BJP,,2419,2,,8,24641,9.533,,49249,25376,735,51.526,,
Telangana,2020,,,0,Hyderabad,GHMC,MC,11,43,Chandrayan gutta,Backward Class,2,JURKI SANTOSH RANI,,,,,,,8284,Telangana Rashtra Samithi,TRS,,1915,3,,8,24641,7.547,,49249,25376,735,51.526,,
Telangana,2020,,,0,Hyderabad,GHMC,MC,11,43,Chandrayan gutta,Backward Class,5,Shaik Afzal,,,,,,,3482,CONGRESS,INC,,779,4,,8,24641,3.07,,49249,25376,735,51.526,,
Telangana,2020,,,0,Hyderabad,GHMC,MC,11,43,Chandrayan gutta,Backward Class,4,REDDY RAJU,,,,,,,8300,Telugu Desam,TDP,,174,5,,8,24641,0.686,,49249,25376,735,51.526,,
Telangana,2020,,,0,Hyderabad,GHMC,MC,11,43,Chandrayan gutta,Backward Class,8,SYED AZEEM UDDIN,,,,,,,10809,Independent,IND,,58,6,,8,24641,0.229,,49249,25376,735,51.526,,
Telangana,2020,,,0,Hyderabad,GHMC,MC,11,43,Chandrayan gutta,Backward Class,6,MOHD FAIZ AHMED NADEEM,,,,,,,u10063,,AIMIM Inquilab,,41,7,,8,24641,0.162,,49249,25376,735,51.526,,
Telangana,2020,,,0,Hyderabad,GHMC,MC,11,43,Chandrayan gutta,Backward Class,7,NAZIMA BEGUM,,,,,,,10809,Independent,IND,,13,8,,8,24641,0.051,,49249,25376,735,51.526,,
Telangana,2020,,,0,Hyderabad,GHMC,MC,11,43,Chandrayan gutta,Backward Class,,NOTA,,,,,,,,,,,90,9,,8,24641,0.355,,49249,25376,735,51.526,,
Telangana,2020,,,0,Hyderabad,GHMC,MC,11,44,Uppuguda,Unreserved,3,FAHAD BIN ABDUL SAMED BIN ABDAT,,,,,,,706,All India Majlis-E Ithehad-Ul Muslimeen,AIMIM,,13408,1,,12,22000,59.165,,44565,22662,662,50.852,,
Telangana,2020,,,0,Hyderabad,GHMC,MC,11,44,Uppuguda,Unreserved,1,THADEM SRINIVAS RAO,,,,,,,1605,Bharatiya Janata Party,BJP,,5402,2,,12,22000,23.837,,44565,22662,662,50.852,,
Telangana,2020,,,0,Hyderabad,GHMC,MC,11,44,Uppuguda,Unreserved,4,SMT.MUPPIDI SHOBHA,,,,,,,8284,Telangana Rashtra Samithi,TRS,,1463,3,,12,22000,6.456,,44565,22662,662,50.852,,
Telangana,2020,,,0,Hyderabad,GHMC,MC,11,44,Uppuguda,Unreserved,12,SHAIK MOHAMMED,,,,,,,10809,Independent,IND,,667,4,,12,22000,2.943,,44565,22662,662,50.852,,
Telangana,2020,,,0,Hyderabad,GHMC,MC,11,44,Uppuguda,Unreserved,2,B. NAGESH,,,,,,,3482,CONGRESS,INC,,468,5,,12,22000,2.065,,44565,22662,662,50.852,,
Telangana,2020,,,0,Hyderabad,GHMC,MC,11,44,Uppuguda,Unreserved,9,NANAVATH RAJU,,,,,,,10809,Independent,IND,,268,6,,12,22000,1.183,,44565,22662,662,50.852,,
Telangana,2020,,,0,Hyderabad,GHMC,MC,11,44,Uppuguda,Unreserved,8,DEVALAPALLY NARESH KUMAR,,,,,,,10809,Independent,IND,,82,7,,12,22000,0.362,,44565,22662,662,50.852,,
Telangana,2020,,,0,Hyderabad,GHMC,MC,11,44,Uppuguda,Unreserved,10,D. BANUCHANDER,,,,,,,10809,Independent,IND,,68,8,,12,22000,0.3,,44565,22662,662,50.852,,
Telangana,2020,,,0,Hyderabad,GHMC,MC,11,44,Uppuguda,Unreserved,5,SYED ALI,,,,,,,2444,Communist Part of India,CPI,,33,9,,12,22000,0.146,,44565,22662,662,50.852,,
Telangana,2020,,,0,Hyderabad,GHMC,MC,11,44,Uppuguda,Unreserved,7,GADDAM NARASIMHA,,,,,,,10809,Independent,IND,,28,10,,12,22000,0.124,,44565,22662,662,50.852,,
Telangana,2020,,,0,Hyderabad,GHMC,MC,11,44,Uppuguda,Unreserved,11,MOHAMMED JAFAR AHMED,,,,,,,10809,Independent,IND,,15,11,,12,22000,0.066,,44565,22662,662,50.852,,
Telangana,2020,,,0,Hyderabad,GHMC,MC,11,44,Uppuguda,Unreserved,6,K. SOMMAIAH,,,,,,,u10063,,AIMIM Inquilab,,13,12,,12,22000,0.057,,44565,22662,662,50.852,,
Telangana,2020,,,0,Hyderabad,GHMC,MC,11,44,Uppuguda,Unreserved,,NOTA,,,,,,,,,,,85,13,,12,22000,0.375,,44565,22662,662,50.852,,
Telangana,2020,,,0,Hyderabad,GHMC,MC,11,45,Jangammet,Unreserved,4,MOHAMMED ABDUR RAHMAN,,,,,,,706,All India Majlis-E Ithehad-Ul Muslimeen,AIMIM,,10629,1,,20,24095,42.771,,46166,24851,756,53.83,,
Telangana,2020,,,0,Hyderabad,GHMC,MC,11,45,Jangammet,Unreserved,2,KOWDI MAHENDER,,,,,,,1605,Bharatiya Janata Party,BJP,,9046,2,,20,24095,36.401,,46166,24851,756,53.83,,
Telangana,2020,,,0,Hyderabad,GHMC,MC,11,45,Jangammet,Unreserved,5,K. SWAROOPA,,,,,,,8284,Telangana Rashtra Samithi,TRS,,3191,3,,20,24095,12.841,,46166,24851,756,53.83,,
Telangana,2020,,,0,Hyderabad,GHMC,MC,11,45,Jangammet,Unreserved,3,N. PRAMOD REDDY,,,,,,,3482,CONGRESS,INC,,331,4,,20,24095,1.332,,46166,24851,756,53.83,,
Telangana,2020,,,0,Hyderabad,GHMC,MC,11,45,Jangammet,Unreserved,1,A.KRISHNA,,,,,,,14635,COMMUNIST MARXIST PARTY OF INDIA,CPM,,329,5,,20,24095,1.324,,46166,24851,756,53.83,,
Telangana,2020,,,0,Hyderabad,GHMC,MC,11,45,Jangammet,Unreserved,7,SYED ZIA UDDIN TAHER,,,,,,,8529,Welfare Party of India,WPI,,257,6,,20,24095,1.034,,46166,24851,756,53.83,https://www.indiatvnews.com/news/india/ghmc-polls-2020-all-you-need-to-know-polling-station-eligibility-rules-candidates-aimim-trs-bjp-tdp-hyderabad-civic-elections-668291,
Telangana,2020,,,0,Hyderabad,GHMC,MC,11,45,Jangammet,Unreserved,13,MOHAMMED RIYAZ,,,,,,,10809,Independent,IND,,58,7,,20,24095,0.233,,46166,24851,756,53.83,,
Telangana,2020,,,0,Hyderabad,GHMC,MC,11,45,Jangammet,Unreserved,11,JINKUNTLA MADHAVA RAO,,,,,,,10809,Independent,IND,,40,8,,20,24095,0.161,,46166,24851,756,53.83,,
Telangana,2020,,,0,Hyderabad,GHMC,MC,11,45,Jangammet,Unreserved,12,POLELA CHANDER SHAKER,,,,,,,10809,Independent,IND,,24,9,,20,24095,0.097,,46166,24851,756,53.83,,
Telangana,2020,,,0,Hyderabad,GHMC,MC,11,45,Jangammet,Unreserved,9,S. CHANDRA PRAKASH,,,,,,,10809,Independent,IND,,23,10,,20,24095,0.093,,46166,24851,756,53.83,,
Telangana,2020,,,0,Hyderabad,GHMC,MC,11,45,Jangammet,Unreserved,10,K.JAGAN,,,,,,,10809,Independent,IND,,21,11,,20,24095,0.085,,46166,24851,756,53.83,,
Telangana,2020,,,0,Hyderabad,GHMC,MC,11,45,Jangammet,Unreserved,20,V SURENDER,,,,,,,10809,Independent,IND,,21,12,,20,24095,0.085,,46166,24851,756,53.83,,
Telangana,2020,,,0,Hyderabad,GHMC,MC,11,45,Jangammet,Unreserved,6,GADDEMAIDE HARINATH,,,,,,,5399,Marxist Communist Party of India (United),MCPIU,,19,13,,20,24095,0.076,,46166,24851,756,53.83,,
Telangana,2020,,,0,Hyderabad,GHMC,MC,11,45,Jangammet,Unreserved,14,METTU SRINIVAS,,,,,,,10809,Independent,IND,,11,14,,20,24095,0.044,,46166,24851,756,53.83,,
Telangana,2020,,,0,Hyderabad,GHMC,MC,11,45,Jangammet,Unreserved,16,K. RANGA CHARYA,,,,,,,10809,Independent,IND,,8,15,,20,24095,0.032,,46166,24851,756,53.83,,
Telangana,2020,,,0,Hyderabad,GHMC,MC,11,45,Jangammet,Unreserved,19,B. SRI SAILAM,,,,,,,10809,Independent,IND,,7,16,,20,24095,0.028,,46166,24851,756,53.83,,
Telangana,2020,,,0,Hyderabad,GHMC,MC,11,45,Jangammet,Unreserved,18,SRI.RAMULA BHASKAR,,,,,,,10809,Independent,IND,,6,17,,20,24095,0.024,,46166,24851,756,53.83,,
Telangana,2020,,,0,Hyderabad,GHMC,MC,11,45,Jangammet,Unreserved,8,V. GOPI,,,,,,,10809,Independent,IND,,5,18,,20,24095,0.02,,46166,24851,756,53.83,,
Telangana,2020,,,0,Hyderabad,GHMC,MC,11,45,Jangammet,Unreserved,17,VENKATESH,,,,,,,10809,Independent,IND,,3,19,,20,24095,0.012,,46166,24851,756,53.83,,
Telangana,2020,,,0,Hyderabad,GHMC,MC,11,45,Jangammet,Unreserved,15,RAJINIKANTH T,,,,,,,10809,Independent,IND,,0,20,,20,24095,0,,46166,24851,756,53.83,,
Telangana,2020,,,0,Hyderabad,GHMC,MC,11,45,Jangammet,Unreserved,,NOTA,,,,,,,,,,,66,21,,20,24095,0.266,,46166,24851,756,53.83,,
Telangana,2020,,,0,Hyderabad,GHMC,MC,11,46,Falaknuma,Scheduled Tribe,2,K.Thara Bai,,,,,,,706,All India Majlis-E Ithehad-Ul Muslimeen,AIMIM,,19434,1,,6,22142,85.08,,48194,22842,700,47.396,,
Telangana,2020,,,0,Hyderabad,GHMC,MC,11,46,Falaknuma,Scheduled Tribe,4,Sabavat Giridhar Naik,,,,,,,8284,Telangana Rashtra Samithi,TRS,,2150,2,,6,22142,9.412,,48194,22842,700,47.396,,
Telangana,2020,,,0,Hyderabad,GHMC,MC,11,46,Falaknuma,Scheduled Tribe,1,Karamtot Ganesh Rathod,,,,,,,3482,CONGRESS,INC,,244,3,,6,22142,1.068,,48194,22842,700,47.396,,
Telangana,2020,,,0,Hyderabad,GHMC,MC,11,46,Falaknuma,Scheduled Tribe,5,Gugloth Mahender,,,,,,,10809,Independent,IND,,130,4,,6,22142,0.569,,48194,22842,700,47.396,,
Telangana,2020,,,0,Hyderabad,GHMC,MC,11,46,Falaknuma,Scheduled Tribe,3,Nenawath Bikku Naik,,,,,,,1605,Bharatiya Janata Party,BJP,,99,5,,6,22142,0.433,,48194,22842,700,47.396,,
Telangana,2020,,,0,Hyderabad,GHMC,MC,11,46,Falaknuma,Scheduled Tribe,6,Mounika Sabavat,,,,,,,10809,Independent,IND,,33,6,,6,22142,0.144,,48194,22842,700,47.396,,
Telangana,2020,,,0,Hyderabad,GHMC,MC,11,46,Falaknuma,Scheduled Tribe,,NOTA,,,,,,,,,,,52,7,,6,22142,0.228,,48194,22842,700,47.396,,
Telangana,2020,,,0,Hyderabad,GHMC,MC,11,47,Nawabsaheb kunta,Backward Classes (Women),2,Shireen Khatoon,,,,,,,706,All India Majlis-E Ithehad-Ul Muslimeen,AIMIM,,17543,1,,3,19978,85.272,,37030,20573,595,55.558,,
Telangana,2020,,,0,Hyderabad,GHMC,MC,11,47,Nawabsaheb kunta,Backward Classes (Women),3,Sameena Beguma,,,,,,,8284,Telangana Rashtra Samithi,TRS,,1923,2,,3,19978,9.347,,37030,20573,595,55.558,,
Telangana,2020,,,0,Hyderabad,GHMC,MC,11,47,Nawabsaheb kunta,Backward Classes (Women),1,Mehraj Begum,,,,,,,3482,CONGRESS,INC,,411,3,,3,19978,1.998,,37030,20573,595,55.558,,
Telangana,2020,,,0,Hyderabad,GHMC,MC,11,47,Nawabsaheb kunta,Backward Classes (Women),,NOTA,,,,,,,,,,,101,4,,3,19978,0.491,,37030,20573,595,55.558,,
Telangana,2020,,,0,Hyderabad,GHMC,MC,11,48,Shali banda,Backward Class,3,MOHD MUSTAFA ALI,,,,,,,706,All India Majlis-E Ithehad-Ul Muslimeen,AIMIM,,15820,1,,6,23581,64.33,,45909,24592,1011,53.567,,
Telangana,2020,,,0,Hyderabad,GHMC,MC,11,48,Shali banda,Backward Class,2,Y.NARESH,,,,,,,1605,Bharatiya Janata Party,BJP,,5626,2,,6,23581,22.877,,45909,24592,1011,53.567,,
Telangana,2020,,,0,Hyderabad,GHMC,MC,11,48,Shali banda,Backward Class,5,M.A. Shakeel,,,,,,,8284,Telangana Rashtra Samithi,TRS,,1619,3,,6,23581,6.583,,45909,24592,1011,53.567,,
Telangana,2020,,,0,Hyderabad,GHMC,MC,11,48,Shali banda,Backward Class,1,T CHANDRA SHEKAR,,,,,,,3482,CONGRESS,INC,,245,4,,6,23581,0.996,,45909,24592,1011,53.567,,
Telangana,2020,,,0,Hyderabad,GHMC,MC,11,48,Shali banda,Backward Class,4,C. RAKESH YADAV,,,,,,,8300,Telugu Desam,TDP,,160,5,,6,23581,0.651,,45909,24592,1011,53.567,,
Telangana,2020,,,0,Hyderabad,GHMC,MC,11,48,Shali banda,Backward Class,6,ANANDESHI SRINIVAS PRAVEEN,,,,,,,10809,Independent,IND,,30,6,,6,23581,0.122,,45909,24592,1011,53.567,,
Telangana,2020,,,0,Hyderabad,GHMC,MC,11,48,Shali banda,Backward Class,,NOTA,,,,,,,,,,,81,7,,6,23581,0.329,,45909,24592,1011,53.567,,
Telangana,2020,,,0,Hyderabad,GHMC,MC,11,49,Ghansi bazar,Backward Classes (Women),3,Parveen Sultana,,,,,,,706,All India Majlis-E Ithehad-Ul Muslimeen,AIMIM,,14377,1,,8,24941,56.147,,49104,25606,665,52.146,,
Telangana,2020,,,0,Hyderabad,GHMC,MC,11,49,Ghansi bazar,Backward Classes (Women),5,Renu Soni,,,,,,,1605,Bharatiya Janata Party,BJP,,8909,2,,8,24941,34.793,,49104,25606,665,52.146,,
Telangana,2020,,,0,Hyderabad,GHMC,MC,11,49,Ghansi bazar,Backward Classes (Women),1,M.Anusha Goud,,,,,,,8284,Telangana Rashtra Samithi,TRS,,1120,3,,8,24941,4.374,,49104,25606,665,52.146,,
Telangana,2020,,,0,Hyderabad,GHMC,MC,11,49,Ghansi bazar,Backward Classes (Women),4,Pooja,,,,,,,3482,CONGRESS,INC,,275,4,,8,24941,1.074,,49104,25606,665,52.146,,
Telangana,2020,,,0,Hyderabad,GHMC,MC,11,49,Ghansi bazar,Backward Classes (Women),8,Sunitha Singh,,,,,,,10809,Independent,IND,,111,5,,8,24941,0.433,,49104,25606,665,52.146,,
Telangana,2020,,,0,Hyderabad,GHMC,MC,11,49,Ghansi bazar,Backward Classes (Women),2,Yellasani Srilatha,,,,,,,8300,Telugu Desam,TDP,,54,6,,8,24941,0.211,,49104,25606,665,52.146,,
Telangana,2020,,,0,Hyderabad,GHMC,MC,11,49,Ghansi bazar,Backward Classes (Women),6,Renu Keswani,,,,,,,10809,Independent,IND,,23,7,,8,24941,0.09,,49104,25606,665,52.146,,
Telangana,2020,,,0,Hyderabad,GHMC,MC,11,49,Ghansi bazar,Backward Classes (Women),7,K.Vijaylaxmi,,,,,,,10809,Independent,IND,,18,8,,8,24941,0.07,,49104,25606,665,52.146,,
Telangana,2020,,,0,Hyderabad,GHMC,MC,11,49,Ghansi bazar,Backward Classes (Women),,NOTA,,,,,,,,,,,54,9,,8,24941,0.211,,49104,25606,665,52.146,,
Telangana,2020,,,0,Hyderabad,GHMC,MC,11,50,Begum bazar,Unreserved,4,G SHAKAR YADAV,,,,,,,1605,Bharatiya Janata Party,BJP,,16186,1,,8,23980,65.912,,45365,24557,577,54.132,,
Telangana,2020,,,0,Hyderabad,GHMC,MC,11,50,Begum bazar,Unreserved,2,POOJA VYAS,,,,,,,8284,Telangana Rashtra Samithi,TRS,,7134,2,,8,23980,29.051,,45365,24557,577,54.132,,
Telangana,2020,,,0,Hyderabad,GHMC,MC,11,50,Begum bazar,Unreserved,1,V G Purushotham,,,,,,,3482,CONGRESS,INC,,219,3,,8,23980,0.892,,45365,24557,577,54.132,,
Telangana,2020,,,0,Hyderabad,GHMC,MC,11,50,Begum bazar,Unreserved,3,PRASHANTH RAJ YADAV,,,,,,,8300,Telugu Desam,TDP,,175,4,,8,23980,0.713,,45365,24557,577,54.132,,
Telangana,2020,,,0,Hyderabad,GHMC,MC,11,50,Begum bazar,Unreserved,7,U RAJENDER,,,,,,,10809,Independent,IND,,43,5,,8,23980,0.175,,45365,24557,577,54.132,,
Telangana,2020,,,0,Hyderabad,GHMC,MC,11,50,Begum bazar,Unreserved,5,ABDUL AZEEM,,,,,,,10809,Independent,IND,,34,6,,8,23980,0.138,,45365,24557,577,54.132,,
Telangana,2020,,,0,Hyderabad,GHMC,MC,11,50,Begum bazar,Unreserved,8,SHARAD KUMAR BISAWA,,,,,,,10809,Independent,IND,,27,7,,8,23980,0.11,,45365,24557,577,54.132,,
Telangana,2020,,,0,Hyderabad,GHMC,MC,11,50,Begum bazar,Unreserved,6,PURUSHOOTAM DAS APOSA,,,,,,,10809,Independent,IND,,17,8,,8,23980,0.069,,45365,24557,577,54.132,,
Telangana,2020,,,0,Hyderabad,GHMC,MC,11,50,Begum bazar,Unreserved,,NOTA,,,,,,,,,,,145,9,,8,23980,0.59,,45365,24557,577,54.132,,
Telangana,2020,,,0,Hyderabad,GHMC,MC,11,51,Gosha mahal,Backward Class,4,LAL SINGH,,,,,,,1605,Bharatiya Janata Party,BJP,,12499,1,,14,19283,61.294,,42037,20392,1109,48.51,,
Telangana,2020,,,0,Hyderabad,GHMC,MC,11,51,Gosha mahal,Backward Class,3,G MUKESH SINGH,,,,,,,8284,Telangana Rashtra Samithi,TRS,,5130,2,,14,19283,25.157,,42037,20392,1109,48.51,,
Telangana,2020,,,0,Hyderabad,GHMC,MC,11,51,Gosha mahal,Backward Class,1,KANHAYALAL,,,,,,,3482,CONGRESS,INC,,871,3,,14,19283,4.271,,42037,20392,1109,48.51,,
Telangana,2020,,,0,Hyderabad,GHMC,MC,11,51,Gosha mahal,Backward Class,8,DINESH SHUKLA,,,,,,,10809,Independent,IND,,291,4,,14,19283,1.427,,42037,20392,1109,48.51,,
Telangana,2020,,,0,Hyderabad,GHMC,MC,11,51,Gosha mahal,Backward Class,2,DINESH KAYALKAR,,,,,,,8300,Telugu Desam,TDP,,165,5,,14,19283,0.809,,42037,20392,1109,48.51,,
Telangana,2020,,,0,Hyderabad,GHMC,MC,11,51,Gosha mahal,Backward Class,12,G SHIVA,,,,,,,10809,Independent,IND,,87,6,,14,19283,0.427,,42037,20392,1109,48.51,,
Telangana,2020,,,0,Hyderabad,GHMC,MC,11,51,Gosha mahal,Backward Class,5,SHAIK NIZAMUDDIN,,,,,,,8272,Telangana Jana Samithi,TJSP,,44,7,,14,19283,0.216,,42037,20392,1109,48.51,https://www.newindianexpress.com/cities/hyderabad/2020/dec/07/ghmc-results-independents-win-no-seats-but-cut-into-vote-share-of-others-2232779.html,
Telangana,2020,,,0,Hyderabad,GHMC,MC,11,51,Gosha mahal,Backward Class,11,P VENKATESH GOUD,,,,,,,10809,Independent,IND,,41,8,,14,19283,0.201,,42037,20392,1109,48.51,,
Telangana,2020,,,0,Hyderabad,GHMC,MC,11,51,Gosha mahal,Backward Class,9,MANOJ SINGH,,,,,,,10809,Independent,IND,,15,9,,14,19283,0.074,,42037,20392,1109,48.51,,
Telangana,2020,,,0,Hyderabad,GHMC,MC,11,51,Gosha mahal,Backward Class,14,T SHANKER SINGH,,,,,,,10809,Independent,IND,,15,10,,14,19283,0.074,,42037,20392,1109,48.51,,
Telangana,2020,,,0,Hyderabad,GHMC,MC,11,51,Gosha mahal,Backward Class,7,GANGA RAM RANJIT SINGH,,,,,,,10809,Independent,IND,,11,11,,14,19283,0.054,,42037,20392,1109,48.51,,
Telangana,2020,,,0,Hyderabad,GHMC,MC,11,51,Gosha mahal,Backward Class,10,MILIND RAJ SINGH,,,,,,,10809,Independent,IND,,9,12,,14,19283,0.044,,42037,20392,1109,48.51,,
Telangana,2020,,,0,Hyderabad,GHMC,MC,11,51,Gosha mahal,Backward Class,13,A SHIVA RAJ,,,,,,,10809,Independent,IND,,9,13,,14,19283,0.044,,42037,20392,1109,48.51,,
Telangana,2020,,,0,Hyderabad,GHMC,MC,11,51,Gosha mahal,Backward Class,6,K ABISHEK KUMAR,,,,,,,10809,Independent,IND,,5,14,,14,19283,0.025,,42037,20392,1109,48.51,,
Telangana,2020,,,0,Hyderabad,GHMC,MC,11,51,Gosha mahal,Backward Class,,NOTA,,,,,,,,,,,91,15,,14,19283,0.446,,42037,20392,1109,48.51,,
Telangana,2020,,,0,Hyderabad,GHMC,MC,11,52,Puranapool,Backward Class,3,S RAJ MOHAN,,,,,,,706,All India Majlis-E Ithehad-Ul Muslimeen,AIMIM,,10779,1,,7,18337,57.138,,37595,18865,528,50.18,,
Telangana,2020,,,0,Hyderabad,GHMC,MC,11,52,Puranapool,Backward Class,4,K SURENDER,,,,,,,1605,Bharatiya Janata Party,BJP,,5874,2,,7,18337,31.137,,37595,18865,528,50.18,,
Telangana,2020,,,0,Hyderabad,GHMC,MC,11,52,Puranapool,Backward Class,2,PENDYALA LAXMAN RAO,,,,,,,8284,Telangana Rashtra Samithi,TRS,,1110,3,,7,18337,5.884,,37595,18865,528,50.18,,
Telangana,2020,,,0,Hyderabad,GHMC,MC,11,52,Puranapool,Backward Class,1,AHMED ASLAM ULLAH SHAREEF,,,,,,,3482,CONGRESS,INC,,409,4,,7,18337,2.168,,37595,18865,528,50.18,,
Telangana,2020,,,0,Hyderabad,GHMC,MC,11,52,Puranapool,Backward Class,6,MOHAMMED ABDUL QAYYUM,,,,,,,10809,Independent,IND,,75,5,,7,18337,0.398,,37595,18865,528,50.18,,
Telangana,2020,,,0,Hyderabad,GHMC,MC,11,52,Puranapool,Backward Class,7,MOHAMMED DASTAGIR,,,,,,,10809,Independent,IND,,25,6,,7,18337,0.133,,37595,18865,528,50.18,,
Telangana,2020,,,0,Hyderabad,GHMC,MC,11,52,Puranapool,Backward Class,5,ANIL SEN,,,,,,,8272,Telangana Jana Samithi,TJSP,,6,7,,7,18337,0.032,,37595,18865,528,50.18,https://www.newindianexpress.com/cities/hyderabad/2020/dec/07/ghmc-results-independents-win-no-seats-but-cut-into-vote-share-of-others-2232779.html,
Telangana,2020,,,0,Hyderabad,GHMC,MC,11,52,Puranapool,Backward Class,,NOTA,,,,,,,,,,,59,8,,7,18337,0.313,,37595,18865,528,50.18,,
Telangana,2020,,,0,Hyderabad,GHMC,MC,11,53,Doodbowli,Backward Class,5,MOHD SALEEM,,,,,,,706,All India Majlis-E Ithehad-Ul Muslimeen,AIMIM,,12230,1,,6,18495,63.964,,37786,19120,625,50.601,,
Telangana,2020,,,0,Hyderabad,GHMC,MC,11,53,Doodbowli,Backward Class,2,AKUTHOTA NIRANJAN KUMAR,,,,,,,1605,Bharatiya Janata Party,BJP,,4034,2,,6,18495,21.098,,37786,19120,625,50.601,,
Telangana,2020,,,0,Hyderabad,GHMC,MC,11,53,Doodbowli,Backward Class,4,MOHD ABDUR RAHMAN,,,,,,,8284,Telangana Rashtra Samithi,TRS,,1661,3,,6,18495,8.687,,37786,19120,625,50.601,,
Telangana,2020,,,0,Hyderabad,GHMC,MC,11,53,Doodbowli,Backward Class,3,M A JALEEL,,,,,,,3482,CONGRESS,INC,,378,4,,6,18495,1.977,,37786,19120,625,50.601,,
Telangana,2020,,,0,Hyderabad,GHMC,MC,11,53,Doodbowli,Backward Class,1,MD ANWAR HUSSAIN,,,,,,,8300,Telugu Desam,TDP,,82,5,,6,18495,0.429,,37786,19120,625,50.601,,
Telangana,2020,,,0,Hyderabad,GHMC,MC,11,53,Doodbowli,Backward Class,6,M.A.AKHEEL,,,,,,,10809,Independent,IND,,32,6,,6,18495,0.167,,37786,19120,625,50.601,,
Telangana,2020,,,0,Hyderabad,GHMC,MC,11,53,Doodbowli,Backward Class,,NOTA,,,,,,,,,,,78,7,,6,18495,0.408,,37786,19120,625,50.601,,
Telangana,2020,,,0,Hyderabad,GHMC,MC,11,54,Jahanuma,Backward Class,3,MOHAMMED ABDUL MUQTADER,,,,,,,706,All India Majlis-E Ithehad-Ul Muslimeen,AIMIM,,18624,1,,6,21463,84.547,,47155,22028,565,46.714,,
Telangana,2020,,,0,Hyderabad,GHMC,MC,11,54,Jahanuma,Backward Class,2,PALLE VEERAMANI,,,,,,,8284,Telangana Rashtra Samithi,TRS,,1757,2,,6,21463,7.976,,47155,22028,565,46.714,,
Telangana,2020,,,0,Hyderabad,GHMC,MC,11,54,Jahanuma,Backward Class,1,KHAJA GAYAS UDDIN,,,,,,,3482,CONGRESS,INC,,726,3,,6,21463,3.296,,47155,22028,565,46.714,,
Telangana,2020,,,0,Hyderabad,GHMC,MC,11,54,Jahanuma,Backward Class,5,SRI MOHD AHMED SHAREEF,,,,,,,10809,Independent,IND,,109,4,,6,21463,0.495,,47155,22028,565,46.714,,
Telangana,2020,,,0,Hyderabad,GHMC,MC,11,54,Jahanuma,Backward Class,4,A SRIHARI,,,,,,,1605,Bharatiya Janata Party,BJP,,96,5,,6,21463,0.436,,47155,22028,565,46.714,,
Telangana,2020,,,0,Hyderabad,GHMC,MC,11,54,Jahanuma,Backward Class,6,MOHDAMMED WAHEED ALI,,,,,,,10809,Independent,IND,,80,6,,6,21463,0.363,,47155,22028,565,46.714,,
Telangana,2020,,,0,Hyderabad,GHMC,MC,11,54,Jahanuma,Backward Class,,NOTA,,,,,,,,,,,71,7,,6,21463,0.322,,47155,22028,565,46.714,,
Telangana,2020,,,0,Hyderabad,GHMC,MC,11,55,Ramanastpura,Backward Class,3,MOHD KHADER,,,,,,,706,All India Majlis-E Ithehad-Ul Muslimeen,AIMIM,,15781,1,,5,18458,82.223,,37948,19193,735,50.577,,
Telangana,2020,,,0,Hyderabad,GHMC,MC,11,55,Ramanastpura,Backward Class,2,MOHD INKESHAF,,,,,,,8284,Telangana Rashtra Samithi,TRS,,1668,2,,5,18458,8.691,,37948,19193,735,50.577,,
Telangana,2020,,,0,Hyderabad,GHMC,MC,11,55,Ramanastpura,Backward Class,1,MALAKHEDKAR GURU CHARAN,,,,,,,1605,Bharatiya Janata Party,BJP,,507,3,,5,18458,2.642,,37948,19193,735,50.577,,
Telangana,2020,,,0,Hyderabad,GHMC,MC,11,55,Ramanastpura,Backward Class,4,MOHAMMED YOUSUF DANISH,,,,,,,3482,CONGRESS,INC,,429,4,,5,18458,2.235,,37948,19193,735,50.577,,
Telangana,2020,,,0,Hyderabad,GHMC,MC,11,55,Ramanastpura,Backward Class,5,CHAVAN RAMESH,,,,,,,10809,Independent,IND,,23,5,,5,18458,0.12,,37948,19193,735,50.577,,
Telangana,2020,,,0,Hyderabad,GHMC,MC,11,55,Ramanastpura,Backward Class,,NOTA,,,,,,,,,,,50,6,,5,18458,0.261,,37948,19193,735,50.577,,
Telangana,2020,,,0,Hyderabad,GHMC,MC,11,56,Kishanbagh,Backward Class,1,KHAJA MUBASHEERUDDIN,,,,,,,706,All India Majlis-E Ithehad-Ul Muslimeen,AIMIM,,14834,1,,5,20683,69.474,,43641,21352,669,48.926,,
Telangana,2020,,,0,Hyderabad,GHMC,MC,11,56,Kishanbagh,Backward Class,3,MOHAMMED SHAKEEL AHMED,,,,,,,8284,Telangana Rashtra Samithi,TRS,,3252,2,,5,20683,15.23,,43641,21352,669,48.926,,
Telangana,2020,,,0,Hyderabad,GHMC,MC,11,56,Kishanbagh,Backward Class,2,B NAVEEN KUMAR,,,,,,,1605,Bharatiya Janata Party,BJP,,2136,3,,5,20683,10.004,,43641,21352,669,48.926,,
Telangana,2020,,,0,Hyderabad,GHMC,MC,11,56,Kishanbagh,Backward Class,5,MUMTAZ SULTANA,,,,,,,3482,CONGRESS,INC,,301,4,,5,20683,1.41,,43641,21352,669,48.926,,
Telangana,2020,,,0,Hyderabad,GHMC,MC,11,56,Kishanbagh,Backward Class,4,MOHAMMED HAMED,,,,,,,8300,Telugu Desam,TDP,,71,5,,5,20683,0.333,,43641,21352,669,48.926,,
Telangana,2020,,,0,Hyderabad,GHMC,MC,11,56,Kishanbagh,Backward Class,,NOTA,,,,,,,,,,,89,6,,5,20683,0.417,,43641,21352,669,48.926,,
Telangana,2020,,,0,Hyderabad,GHMC,MC,11,57,Suleman nagar,Backward Classes (Women),1,ABIDA SULTANA,,,,,,,706,All India Majlis-E Ithehad-Ul Muslimeen,AIMIM,,16723,1,,6,21745,73.266,,46755,22825,1080,48.818,,
Telangana,2020,,,0,Hyderabad,GHMC,MC,11,57,Suleman nagar,Backward Classes (Women),5,SARITHA AIRVA,,,,,,,8284,Telangana Rashtra Samithi,TRS,,3751,2,,6,21745,16.434,,46755,22825,1080,48.818,,
Telangana,2020,,,0,Hyderabad,GHMC,MC,11,57,Suleman nagar,Backward Classes (Women),2,RIZWANA BEGUM,,,,,,,3482,CONGRESS,INC,,558,3,,6,21745,2.445,,46755,22825,1080,48.818,,
Telangana,2020,,,0,Hyderabad,GHMC,MC,11,57,Suleman nagar,Backward Classes (Women),3,V LAXMI,,,,,,,1605,Bharatiya Janata Party,BJP,,555,4,,6,21745,2.432,,46755,22825,1080,48.818,,
Telangana,2020,,,0,Hyderabad,GHMC,MC,11,57,Suleman nagar,Backward Classes (Women),4,SHAHANA ANJUM,,,,,,,2444,Communist Part of India,CPI,,86,5,,6,21745,0.377,,46755,22825,1080,48.818,,
Telangana,2020,,,0,Hyderabad,GHMC,MC,11,57,Suleman nagar,Backward Classes (Women),6,SHIRAZ AMEENA,,,,,,,10809,Independent,IND,,28,6,,6,21745,0.123,,46755,22825,1080,48.818,,
Telangana,2020,,,0,Hyderabad,GHMC,MC,11,57,Suleman nagar,Backward Classes (Women),,NOTA,,,,,,,,,,,44,7,,6,21745,0.193,,46755,22825,1080,48.818,,
Telangana,2020,,,0,Hyderabad,GHMC,MC,11,58,Shastripuram,Backward Class,4,MOHAMMED MUBEEN,,,,,,,706,All India Majlis-E Ithehad-Ul Muslimeen,AIMIM,,13676,1,,7,18137,73.134,,39229,18700,563,47.669,,
Telangana,2020,,,0,Hyderabad,GHMC,MC,11,58,Shastripuram,Backward Class,2,BANDA RAJESH YADAV,,,,,,,8284,Telangana Rashtra Samithi,TRS,,3057,2,,7,18137,16.348,,39229,18700,563,47.669,,
Telangana,2020,,,0,Hyderabad,GHMC,MC,11,58,Shastripuram,Backward Class,1,JALLA BABU RAO YADAV,,,,,,,1605,Bharatiya Janata Party,BJP,,578,3,,7,18137,3.091,,39229,18700,563,47.669,,
Telangana,2020,,,0,Hyderabad,GHMC,MC,11,58,Shastripuram,Backward Class,7,SADIQ BIN YOUSUF,,,,,,,10809,Independent,IND,,412,4,,7,18137,2.203,,39229,18700,563,47.669,,
Telangana,2020,,,0,Hyderabad,GHMC,MC,11,58,Shastripuram,Backward Class,3,MOHAMMED TAJ UDDIN,,,,,,,3482,CONGRESS,INC,,312,5,,7,18137,1.668,,39229,18700,563,47.669,,
Telangana,2020,,,0,Hyderabad,GHMC,MC,11,58,Shastripuram,Backward Class,5,MOHAMMED FAIYAZ,,,,,,,10809,Independent,IND,,67,6,,7,18137,0.358,,39229,18700,563,47.669,,
Telangana,2020,,,0,Hyderabad,GHMC,MC,11,58,Shastripuram,Backward Class,6,MOHAMMED RAHIM KHAN,,,,,,,10809,Independent,IND,,4,7,,7,18137,0.021,,39229,18700,563,47.669,,
Telangana,2020,,,0,Hyderabad,GHMC,MC,11,58,Shastripuram,Backward Class,,NOTA,,,,,,,,,,,31,8,,7,18137,0.166,,39229,18700,563,47.669,,
Telangana,2020,,,0,Hyderabad,GHMC,MC,11,59,Mylardevpally,Unreserved,1,THOKALA SRINIVAS REDDY,,,,,,,1605,Bharatiya Janata Party,BJP,,18076,1,,10,35946,48.335,,79579,37397,1451,46.994,,
Telangana,2020,,,0,Hyderabad,GHMC,MC,11,59,Mylardevpally,Unreserved,2,T. PREMDAS GOUD,,,,,,,8284,Telangana Rashtra Samithi,TRS,,16128,2,,10,35946,43.126,,79579,37397,1451,46.994,,
Telangana,2020,,,0,Hyderabad,GHMC,MC,11,59,Mylardevpally,Unreserved,4,SANEM SRINIVAS GOUD,,,,,,,3482,CONGRESS,INC,,1259,3,,10,35946,3.367,,79579,37397,1451,46.994,,
Telangana,2020,,,0,Hyderabad,GHMC,MC,11,59,Mylardevpally,Unreserved,8,ASHOK KUMAR MEKALA,,,,,,,10809,Independent,IND,,104,4,,10,35946,0.278,,79579,37397,1451,46.994,,
Telangana,2020,,,0,Hyderabad,GHMC,MC,11,59,Mylardevpally,Unreserved,7,ANUGANTI RAJU,,,,,,,10809,Independent,IND,,85,5,,10,35946,0.227,,79579,37397,1451,46.994,,
Telangana,2020,,,0,Hyderabad,GHMC,MC,11,59,Mylardevpally,Unreserved,3,B. RAMULU,,,,,,,3040,All India Forward Bloc,AIFB,,60,6,,10,35946,0.16,,79579,37397,1451,46.994,,
Telangana,2020,,,0,Hyderabad,GHMC,MC,11,59,Mylardevpally,Unreserved,9,KOLUKURI SRINIVAS REDDY,,,,,,,10809,Independent,IND,,35,7,,10,35946,0.094,,79579,37397,1451,46.994,,
Telangana,2020,,,0,Hyderabad,GHMC,MC,11,59,Mylardevpally,Unreserved,5,ABDUL MAJID,,,,,,,u10063,,AIMIM Inquilab,,34,8,,10,35946,0.091,,79579,37397,1451,46.994,,
Telangana,2020,,,0,Hyderabad,GHMC,MC,11,59,Mylardevpally,Unreserved,10,T.Y.J. MAHANAND GANDI GOUD,,,,,,,10809,Independent,IND,,33,9,,10,35946,0.088,,79579,37397,1451,46.994,,
Telangana,2020,,,0,Hyderabad,GHMC,MC,11,59,Mylardevpally,Unreserved,6,GIRI BABU YADAV GADHAM,,,,,,,1074,Bahujan Mukti Party,BMP,,1,10,,10,35946,0.003,,79579,37397,1451,46.994,https://www.indiatvnews.com/news/india/ghmc-polls-2020-all-you-need-to-know-polling-station-eligibility-rules-candidates-aimim-trs-bjp-tdp-hyderabad-civic-elections-668291,
Telangana,2020,,,0,Hyderabad,GHMC,MC,11,59,Mylardevpally,Unreserved,,NOTA,,,,,,,,,,,131,11,,10,35946,0.35,,79579,37397,1451,46.994,,
Telangana,2020,,,0,Hyderabad,GHMC,MC,11,60,Rajendra nagar,Scheduled Caste (Women),3,PODAVU ARCHANA,,,,,,,1605,Bharatiya Janata Party,BJP,,10844,1,,6,22650,46.433,,47588,23354,704,49.075,,
Telangana,2020,,,0,Hyderabad,GHMC,MC,11,60,Rajendra nagar,Scheduled Caste (Women),1,KORANI SRILATHA,,,,,,,8284,Telangana Rashtra Samithi,TRS,,8438,2,,6,22650,36.131,,47588,23354,704,49.075,,
Telangana,2020,,,0,Hyderabad,GHMC,MC,11,60,Rajendra nagar,Scheduled Caste (Women),4,BATHULA S DIVYA,,,,,,,3482,CONGRESS,INC,,2857,3,,6,22650,12.233,,47588,23354,704,49.075,,
Telangana,2020,,,0,Hyderabad,GHMC,MC,11,60,Rajendra nagar,Scheduled Caste (Women),2,NAGULAPALLY ROJA,,,,,,,8300,Telugu Desam,TDP,,328,4,,6,22650,1.404,,47588,23354,704,49.075,,
Telangana,2020,,,0,Hyderabad,GHMC,MC,11,60,Rajendra nagar,Scheduled Caste (Women),6,ANASUYA KORANI,,,,,,,10809,Independent,IND,,29,5,,6,22650,0.124,,47588,23354,704,49.075,,
Telangana,2020,,,0,Hyderabad,GHMC,MC,11,60,Rajendra nagar,Scheduled Caste (Women),5,GUNDALA SARITHA,,,,,,,u10063,,AIMIM Inquilab,,18,6,,6,22650,0.077,,47588,23354,704,49.075,,
Telangana,2020,,,0,Hyderabad,GHMC,MC,11,60,Rajendra nagar,Scheduled Caste (Women),,NOTA,,,,,,,,,,,136,7,,6,22650,0.582,,47588,23354,704,49.075,,
Telangana,2020,,,0,Hyderabad,GHMC,MC,11,61,Attapur,Backward Classes (Women),4,Sangeeta Mondra,,,,,,,1605,Bharatiya Janata Party,BJP,,13479,1,,9,26705,48.597,,56392,27736,1031,49.184,,
Telangana,2020,,,0,Hyderabad,GHMC,MC,11,61,Attapur,Backward Classes (Women),1,Cheruku Madhavi,,,,,,,8284,Telangana Rashtra Samithi,TRS,,11395,2,,9,26705,41.084,,56392,27736,1031,49.184,,
Telangana,2020,,,0,Hyderabad,GHMC,MC,11,61,Attapur,Backward Classes (Women),3,M. Vasavi,,,,,,,3482,CONGRESS,INC,,877,3,,9,26705,3.162,,56392,27736,1031,49.184,,
Telangana,2020,,,0,Hyderabad,GHMC,MC,11,61,Attapur,Backward Classes (Women),2,A. Madhavi,,,,,,,8300,Telugu Desam,TDP,,316,4,,9,26705,1.139,,56392,27736,1031,49.184,,
Telangana,2020,,,0,Hyderabad,GHMC,MC,11,61,Attapur,Backward Classes (Women),9,Sugandh Kour,,,,,,,10809,Independent,IND,,211,5,,9,26705,0.761,,56392,27736,1031,49.184,,
Telangana,2020,,,0,Hyderabad,GHMC,MC,11,61,Attapur,Backward Classes (Women),8,Shilpa Khandare,,,,,,,10809,Independent,IND,,104,6,,9,26705,0.375,,56392,27736,1031,49.184,,
Telangana,2020,,,0,Hyderabad,GHMC,MC,11,61,Attapur,Backward Classes (Women),6,Nusrat Jahan,,,,,,,10809,Independent,IND,,86,7,,9,26705,0.31,,56392,27736,1031,49.184,,
Telangana,2020,,,0,Hyderabad,GHMC,MC,11,61,Attapur,Backward Classes (Women),5,Uma Maheswari K,,,,,,,10809,Independent,IND,,58,8,,9,26705,0.209,,56392,27736,1031,49.184,,
Telangana,2020,,,0,Hyderabad,GHMC,MC,11,61,Attapur,Backward Classes (Women),7,VV Shanti Kumari,,,,,,,10809,Independent,IND,,23,9,,9,26705,0.083,,56392,27736,1031,49.184,,
Telangana,2020,,,0,Hyderabad,GHMC,MC,11,61,Attapur,Backward Classes (Women),,NOTA,,,,,,,,,,,156,10,,9,26705,0.562,,56392,27736,1031,49.184,,
Telangana,2020,,,0,Hyderabad,GHMC,MC,11,62,Ziaguda,Scheduled Caste,3,DARSHAN BOHINI,,,,,,,1605,Bharatiya Janata Party,BJP,,12711,1,,8,20135,60.853,,41610,20888,753,50.199,,
Telangana,2020,,,0,Hyderabad,GHMC,MC,11,62,Ziaguda,Scheduled Caste,5,A KRISHNA,,,,,,,8284,Telangana Rashtra Samithi,TRS,,6820,2,,8,20135,32.65,,41610,20888,753,50.199,,
Telangana,2020,,,0,Hyderabad,GHMC,MC,11,62,Ziaguda,Scheduled Caste,2,ABHISHEK CHOWGLE,,,,,,,3482,CONGRESS,INC,,303,3,,8,20135,1.451,,41610,20888,753,50.199,,
Telangana,2020,,,0,Hyderabad,GHMC,MC,11,62,Ziaguda,Scheduled Caste,4,KULKESH KUMAR KAWLE,,,,,,,8300,Telugu Desam,TDP,,109,4,,8,20135,0.522,,41610,20888,753,50.199,,
Telangana,2020,,,0,Hyderabad,GHMC,MC,11,62,Ziaguda,Scheduled Caste,1,ATTAPUR RAJESH KUMAR,,,,,,,14635,COMMUNIST MARXIST PARTY OF INDIA,CPM,,53,5,,8,20135,0.254,,41610,20888,753,50.199,,
Telangana,2020,,,0,Hyderabad,GHMC,MC,11,62,Ziaguda,Scheduled Caste,6,ADIRALA MUNENDAR,,,,,,,10809,Independent,IND,,27,6,,8,20135,0.129,,41610,20888,753,50.199,,
Telangana,2020,,,0,Hyderabad,GHMC,MC,11,62,Ziaguda,Scheduled Caste,7,Y BABU GURU,,,,,,,10809,Independent,IND,,11,7,,8,20135,0.053,,41610,20888,753,50.199,,
Telangana,2020,,,0,Hyderabad,GHMC,MC,11,62,Ziaguda,Scheduled Caste,8,HOTKER BALRAJ,,,,,,,10809,Independent,IND,,9,8,,8,20135,0.043,,41610,20888,753,50.199,,
Telangana,2020,,,0,Hyderabad,GHMC,MC,11,62,Ziaguda,Scheduled Caste,,NOTA,,,,,,,,,,,92,9,,8,20135,0.44,,41610,20888,753,50.199,,
Telangana,2020,,,0,Hyderabad,GHMC,MC,11,63,Manghalhat,Backward Classes (Women),4,Merampally Shashikala,,,,,,,1605,Bharatiya Janata Party,BJP,,11756,1,,12,23774,48.269,,47078,24355,581,51.733,,
Telangana,2020,,,0,Hyderabad,GHMC,MC,11,63,Manghalhat,Backward Classes (Women),3,PARAMESAWARI SINGH,,,,,,,8284,Telangana Rashtra Samithi,TRS,,10947,2,,12,23774,44.948,,47078,24355,581,51.733,,
Telangana,2020,,,0,Hyderabad,GHMC,MC,11,63,Manghalhat,Backward Classes (Women),2,Jyothi Khilewale,,,,,,,3482,CONGRESS,INC,,604,3,,12,23774,2.48,,47078,24355,581,51.733,,
Telangana,2020,,,0,Hyderabad,GHMC,MC,11,63,Manghalhat,Backward Classes (Women),10,Thota Srilahta,,,,,,,10809,Independent,IND,,156,4,,12,23774,0.641,,47078,24355,581,51.733,,
Telangana,2020,,,0,Hyderabad,GHMC,MC,11,63,Manghalhat,Backward Classes (Women),1,Urmila Devi,,,,,,,8300,Telugu Desam,TDP,,86,5,,12,23774,0.353,,47078,24355,581,51.733,,
Telangana,2020,,,0,Hyderabad,GHMC,MC,11,63,Manghalhat,Backward Classes (Women),11,POONAM BAI,,,,,,,10809,Independent,IND,,62,6,,12,23774,0.255,,47078,24355,581,51.733,,
Telangana,2020,,,0,Hyderabad,GHMC,MC,11,63,Manghalhat,Backward Classes (Women),5,Shanta Bai,,,,,,,8272,Telangana Jana Samithi,TJSP,,36,7,,12,23774,0.148,,47078,24355,581,51.733,https://www.newindianexpress.com/cities/hyderabad/2020/dec/07/ghmc-results-independents-win-no-seats-but-cut-into-vote-share-of-others-2232779.html,
Telangana,2020,,,0,Hyderabad,GHMC,MC,11,63,Manghalhat,Backward Classes (Women),9,TAKUR VEENA SINGH,,,,,,,10809,Independent,IND,,20,8,,12,23774,0.082,,47078,24355,581,51.733,,
Telangana,2020,,,0,Hyderabad,GHMC,MC,11,63,Manghalhat,Backward Classes (Women),7,Kandada Aruna,,,,,,,10809,Independent,IND,,10,9,,12,23774,0.041,,47078,24355,581,51.733,,
Telangana,2020,,,0,Hyderabad,GHMC,MC,11,63,Manghalhat,Backward Classes (Women),6,Usha Bai,,,,,,,10809,Independent,IND,,9,10,,12,23774,0.037,,47078,24355,581,51.733,,
Telangana,2020,,,0,Hyderabad,GHMC,MC,11,63,Manghalhat,Backward Classes (Women),8,Chanda Bai,,,,,,,10809,Independent,IND,,8,11,,12,23774,0.033,,47078,24355,581,51.733,,
Telangana,2020,,,0,Hyderabad,GHMC,MC,11,63,Manghalhat,Backward Classes (Women),12,Posthy Sumithra Bai,,,,,,,10809,Independent,IND,,5,12,,12,23774,0.021,,47078,24355,581,51.733,,
Telangana,2020,,,0,Hyderabad,GHMC,MC,11,63,Manghalhat,Backward Classes (Women),,NOTA,,,,,,,,,,,75,13,,12,23774,0.308,,47078,24355,581,51.733,,
Telangana,2020,,,0,Hyderabad,GHMC,MC,11,64,Dattathreyanagar,Backward Class,5,Mohmmad Zaker Baquery,,,,,,,706,All India Majlis-E Ithehad-Ul Muslimeen,AIMIM,,12314,1,,5,16041,74.49,,30090,16531,490,54.939,,
Telangana,2020,,,0,Hyderabad,GHMC,MC,11,64,Dattathreyanagar,Backward Class,1,N. Dharmender Singh,,,,,,,1605,Bharatiya Janata Party,BJP,,1940,2,,5,16041,11.736,,30090,16531,490,54.939,,
Telangana,2020,,,0,Hyderabad,GHMC,MC,11,64,Dattathreyanagar,Backward Class,3,Mohmmad Saleem,,,,,,,8284,Telangana Rashtra Samithi,TRS,,1538,3,,5,16041,9.304,,30090,16531,490,54.939,,
Telangana,2020,,,0,Hyderabad,GHMC,MC,11,64,Dattathreyanagar,Backward Class,2,A. Narayana,,,,,,,3482,CONGRESS,INC,,134,4,,5,16041,0.811,,30090,16531,490,54.939,,
Telangana,2020,,,0,Hyderabad,GHMC,MC,11,64,Dattathreyanagar,Backward Class,4,Mohammed Aziz,,,,,,,8300,Telugu Desam,TDP,,68,5,,5,16041,0.411,,30090,16531,490,54.939,,
Telangana,2020,,,0,Hyderabad,GHMC,MC,11,64,Dattathreyanagar,Backward Class,,NOTA,,,,,,,,,,,47,6,,5,16041,0.284,,30090,16531,490,54.939,,
Telangana,2020,,,0,Hyderabad,GHMC,MC,11,65,Karwan,Backward Class,2,MANDAGIRI SWAMY,,,,,,,706,All India Majlis-E Ithehad-Ul Muslimeen,AIMIM,,10546,1,,7,24383,41.549,,50820,25382,999,49.945,,
Telangana,2020,,,0,Hyderabad,GHMC,MC,11,65,Karwan,Backward Class,1,KATLA ASHOK,,,,,,,1605,Bharatiya Janata Party,BJP,,9427,2,,7,24383,37.14,,50820,25382,999,49.945,,
Telangana,2020,,,0,Hyderabad,GHMC,MC,11,65,Karwan,Backward Class,5,BHASKAR MUTHYALA,,,,,,,8284,Telangana Rashtra Samithi,TRS,,3540,3,,7,24383,13.947,,50820,25382,999,49.945,,
Telangana,2020,,,0,Hyderabad,GHMC,MC,11,65,Karwan,Backward Class,3,J RAVINDER,,,,,,,3482,CONGRESS,INC,,625,4,,7,24383,2.462,,50820,25382,999,49.945,,
Telangana,2020,,,0,Hyderabad,GHMC,MC,11,65,Karwan,Backward Class,4,THANDRA CHANDRAKANTH,,,,,,,8300,Telugu Desam,TDP,,143,5,,7,24383,0.563,,50820,25382,999,49.945,,
Telangana,2020,,,0,Hyderabad,GHMC,MC,11,65,Karwan,Backward Class,6,HARISH TUMMA,,,,,,,10809,Independent,IND,,17,6,,7,24383,0.067,,50820,25382,999,49.945,,
Telangana,2020,,,0,Hyderabad,GHMC,MC,11,65,Karwan,Backward Class,7,R. PANDARI,,,,,,,10809,Independent,IND,,5,7,,7,24383,0.02,,50820,25382,999,49.945,,
Telangana,2020,,,0,Hyderabad,GHMC,MC,11,65,Karwan,Backward Class,,NOTA,,,,,,,,,,,80,8,,7,24383,0.315,,50820,25382,999,49.945,,
Telangana,2020,,,0,Hyderabad,GHMC,MC,11,66,Lunger house,Women,1,AMINA BEGUM,,,,,,,706,All India Majlis-E Ithehad-Ul Muslimeen,AIMIM,,11182,1,,7,23453,46.077,,50650,24268,815,47.913,,
Telangana,2020,,,0,Hyderabad,GHMC,MC,11,66,Lunger house,Women,4,C.SUGANDHA PUSHPA,,,,,,,1605,Bharatiya Janata Party,BJP,,7564,2,,7,23453,31.169,,50650,24268,815,47.913,,
Telangana,2020,,,0,Hyderabad,GHMC,MC,11,66,Lunger house,Women,2,B.BHAGYALAXMI,,,,,,,8284,Telangana Rashtra Samithi,TRS,,4210,3,,7,23453,17.348,,50650,24268,815,47.913,,
Telangana,2020,,,0,Hyderabad,GHMC,MC,11,66,Lunger house,Women,3,SHOBHA RANI PANDAY,,,,,,,3482,CONGRESS,INC,,301,4,,7,23453,1.24,,50650,24268,815,47.913,,
Telangana,2020,,,0,Hyderabad,GHMC,MC,11,66,Lunger house,Women,5,B.SUDHA RANI,,,,,,,8300,Telugu Desam,TDP,,96,5,,7,23453,0.396,,50650,24268,815,47.913,,
Telangana,2020,,,0,Hyderabad,GHMC,MC,11,66,Lunger house,Women,7,LAVANYA R,,,,,,,10809,Independent,IND,,12,6,,7,23453,0.049,,50650,24268,815,47.913,,
Telangana,2020,,,0,Hyderabad,GHMC,MC,11,66,Lunger house,Women,6,RENU YADAV,,,,,,,10809,Independent,IND,,7,7,,7,23453,0.029,,50650,24268,815,47.913,,
Telangana,2020,,,0,Hyderabad,GHMC,MC,11,66,Lunger house,Women,,NOTA,,,,,,,,,,,81,8,,7,23453,0.334,,50650,24268,815,47.913,,
Telangana,2020,,,0,Hyderabad,GHMC,MC,11,67,Golkonda,Backward Classes (Women),3,SAMEENA YASMEEN,,,,,,,706,All India Majlis-E Ithehad-Ul Muslimeen,AIMIM,,20819,1,,4,26358,76.397,,54716,27251,893,49.804,,
Telangana,2020,,,0,Hyderabad,GHMC,MC,11,67,Golkonda,Backward Classes (Women),1,ASFIYA KHAN,,,,,,,8284,Telangana Rashtra Samithi,TRS,,3569,2,,4,26358,13.097,,54716,27251,893,49.804,,
Telangana,2020,,,0,Hyderabad,GHMC,MC,11,67,Golkonda,Backward Classes (Women),2,B.SHAKUNTHALA,,,,,,,1605,Bharatiya Janata Party,BJP,,1641,3,,4,26358,6.022,,54716,27251,893,49.804,,
Telangana,2020,,,0,Hyderabad,GHMC,MC,11,67,Golkonda,Backward Classes (Women),4,FAHMIDA BEGUM,,,,,,,10809,Independent,IND,,234,4,,4,26358,0.859,,54716,27251,893,49.804,,
Telangana,2020,,,0,Hyderabad,GHMC,MC,11,67,Golkonda,Backward Classes (Women),,NOTA,,,,,,,,,,,95,5,,4,26358,0.349,,54716,27251,893,49.804,,
Telangana,2020,,,0,Hyderabad,GHMC,MC,11,68,Tolichowki,Backward Classes (Women),1,DR. AYESHA HUMERA,,,,,,,706,All India Majlis-E Ithehad-Ul Muslimeen,AIMIM,,18089,1,,3,20141,87.887,,39808,20582,441,51.703,,
Telangana,2020,,,0,Hyderabad,GHMC,MC,11,68,Tolichowki,Backward Classes (Women),3,NAGA JYOTHI ABBANAPURI,,,,,,,8284,Telangana Rashtra Samithi,TRS,,1572,2,,3,20141,7.638,,39808,20582,441,51.703,,
Telangana,2020,,,0,Hyderabad,GHMC,MC,11,68,Tolichowki,Backward Classes (Women),2,ANASUYA,,,,,,,1605,Bharatiya Janata Party,BJP,,392,3,,3,20141,1.905,,39808,20582,441,51.703,,
Telangana,2020,,,0,Hyderabad,GHMC,MC,11,68,Tolichowki,Backward Classes (Women),,NOTA,,,,,,,,,,,88,4,,3,20141,0.428,,39808,20582,441,51.703,,
Telangana,2020,,,0,Hyderabad,GHMC,MC,11,69,Nanalnagar,Backward Class,1,Mohammed Naseeruddin,,,,,,,706,All India Majlis-E Ithehad-Ul Muslimeen,AIMIM,,21818,1,,4,25932,82.481,,50649,26452,520,52.226,,
Telangana,2020,,,0,Hyderabad,GHMC,MC,11,69,Nanalnagar,Backward Class,2,Shaik Azhar,,,,,,,8284,Telangana Rashtra Samithi,TRS,,2954,2,,4,25932,11.167,,50649,26452,520,52.226,,
Telangana,2020,,,0,Hyderabad,GHMC,MC,11,69,Nanalnagar,Backward Class,4,K Karan kumar,,,,,,,1605,Bharatiya Janata Party,BJP,,646,3,,4,25932,2.442,,50649,26452,520,52.226,,
Telangana,2020,,,0,Hyderabad,GHMC,MC,11,69,Nanalnagar,Backward Class,3,Mohammed Abdul Sarhan,,,,,,,3482,CONGRESS,INC,,447,4,,4,25932,1.69,,50649,26452,520,52.226,,
Telangana,2020,,,0,Hyderabad,GHMC,MC,11,69,Nanalnagar,Backward Class,,NOTA,,,,,,,,,,,67,5,,4,25932,0.253,,50649,26452,520,52.226,,
Telangana,2020,,,0,Hyderabad,GHMC,MC,11,70,Mehdipatnam,Backward Class,3,MOHAMMED MAJID HUSSAIN,,,,,,,706,All India Majlis-E Ithehad-Ul Muslimeen,AIMIM,,7420,1,,7,11699,62.432,,34275,11885,186,34.675,,
Telangana,2020,,,0,Hyderabad,GHMC,MC,11,70,Mehdipatnam,Backward Class,2,D GOPALA KRISHNA,,,,,,,1605,Bharatiya Janata Party,BJP,,1936,2,,7,11699,16.289,,34275,11885,186,34.675,,
Telangana,2020,,,0,Hyderabad,GHMC,MC,11,70,Mehdipatnam,Backward Class,5,SANTHOSH KUMAR HINGOLEKAR,,,,,,,8284,Telangana Rashtra Samithi,TRS,,1249,3,,7,11699,10.509,,34275,11885,186,34.675,,
Telangana,2020,,,0,Hyderabad,GHMC,MC,11,70,Mehdipatnam,Backward Class,1,M UMA MAHESHWARA RAO,,,,,,,3482,CONGRESS,INC,,864,4,,7,11699,7.27,,34275,11885,186,34.675,,
Telangana,2020,,,0,Hyderabad,GHMC,MC,11,70,Mehdipatnam,Backward Class,4,P VEERA BABU,,,,,,,8300,Telugu Desam,TDP,,159,5,,7,11699,1.338,,34275,11885,186,34.675,,
Telangana,2020,,,0,Hyderabad,GHMC,MC,11,70,Mehdipatnam,Backward Class,7,MOHD ABDUL ALEEM,,,,,,,10809,Independent,IND,,19,6,,7,11699,0.16,,34275,11885,186,34.675,,
Telangana,2020,,,0,Hyderabad,GHMC,MC,11,70,Mehdipatnam,Backward Class,6,MD NAZEER AHMED ANSARI,,,,,,,1074,Bahujan Mukti Party,BMP,,8,7,,7,11699,0.067,,34275,11885,186,34.675,https://www.indiatvnews.com/news/india/ghmc-polls-2020-all-you-need-to-know-polling-station-eligibility-rules-candidates-aimim-trs-bjp-tdp-hyderabad-civic-elections-668291,
Telangana,2020,,,0,Hyderabad,GHMC,MC,11,70,Mehdipatnam,Backward Class,,NOTA,,,,,,,,,,,44,8,,7,11699,0.37,,34275,11885,186,34.675,,
Telangana,2020,,,0,Hyderabad,GHMC,MC,11,71,Guddimalkapur,Backward Class,1,DEVARA KARUNAKAR,,,,,,,1605,Bharatiya Janata Party,BJP,,12359,1,,10,22614,53.226,,51389,23220,606,45.185,,
Telangana,2020,,,0,Hyderabad,GHMC,MC,11,71,Guddimalkapur,Backward Class,3,BANGARI PRAKASH,,,,,,,8284,Telangana Rashtra Samithi,TRS,,8693,2,,10,22614,37.438,,51389,23220,606,45.185,,
Telangana,2020,,,0,Hyderabad,GHMC,MC,11,71,Guddimalkapur,Backward Class,2,NAGARAM VENU GOUD,,,,,,,3482,CONGRESS,INC,,941,3,,10,22614,4.053,,51389,23220,606,45.185,,
Telangana,2020,,,0,Hyderabad,GHMC,MC,11,71,Guddimalkapur,Backward Class,4,A SURENDER SINGH,,,,,,,8300,Telugu Desam,TDP,,175,4,,10,22614,0.754,,51389,23220,606,45.185,,
Telangana,2020,,,0,Hyderabad,GHMC,MC,11,71,Guddimalkapur,Backward Class,6,GIRI KARUNA,,,,,,,10809,Independent,IND,,90,5,,10,22614,0.388,,51389,23220,606,45.185,,
Telangana,2020,,,0,Hyderabad,GHMC,MC,11,71,Guddimalkapur,Backward Class,9,MOHAMMED ABDUL AZEEM,,,,,,,10809,Independent,IND,,82,6,,10,22614,0.353,,51389,23220,606,45.185,,
Telangana,2020,,,0,Hyderabad,GHMC,MC,11,71,Guddimalkapur,Backward Class,7,PANDIKONDA SRINIVAS,,,,,,,10809,Independent,IND,,35,7,,10,22614,0.151,,51389,23220,606,45.185,,
Telangana,2020,,,0,Hyderabad,GHMC,MC,11,71,Guddimalkapur,Backward Class,8,MADHAV RAO BEKKAM,,,,,,,10809,Independent,IND,,35,8,,10,22614,0.151,,51389,23220,606,45.185,,
Telangana,2020,,,0,Hyderabad,GHMC,MC,11,71,Guddimalkapur,Backward Class,5,M KARTHIK YADAV,,,,,,,10809,Independent,IND,,28,9,,10,22614,0.121,,51389,23220,606,45.185,,
Telangana,2020,,,0,Hyderabad,GHMC,MC,11,71,Guddimalkapur,Backward Class,10,SATTAR GULAM,,,,,,,10809,Independent,IND,,18,10,,10,22614,0.078,,51389,23220,606,45.185,,
Telangana,2020,,,0,Hyderabad,GHMC,MC,11,71,Guddimalkapur,Backward Class,,NOTA,,,,,,,,,,,158,11,,10,22614,0.68,,51389,23220,606,45.185,,
Telangana,2020,,,0,Hyderabad,GHMC,MC,11,72,Asifnagar,Backward Classes (Women),1,GHOUSIA SULTANA,,,,,,,706,All India Majlis-E Ithehad-Ul Muslimeen,AIMIM,,12309,1,,8,21591,55.468,,51815,22191,600,42.827,,
Telangana,2020,,,0,Hyderabad,GHMC,MC,11,72,Asifnagar,Backward Classes (Women),2,CHENNABATNI LAVANYA,,,,,,,1605,Bharatiya Janata Party,BJP,,6215,2,,8,21591,28.007,,51815,22191,600,42.827,,
Telangana,2020,,,0,Hyderabad,GHMC,MC,11,72,Asifnagar,Backward Classes (Women),4,M SAI SHIRISHA,,,,,,,8284,Telangana Rashtra Samithi,TRS,,2368,3,,8,21591,10.671,,51815,22191,600,42.827,,
Telangana,2020,,,0,Hyderabad,GHMC,MC,11,72,Asifnagar,Backward Classes (Women),3,MANISHA,,,,,,,3482,CONGRESS,INC,,416,4,,8,21591,1.875,,51815,22191,600,42.827,,
Telangana,2020,,,0,Hyderabad,GHMC,MC,11,72,Asifnagar,Backward Classes (Women),6,TASEEN BAGIDI,,,,,,,10809,Independent,IND,,115,5,,8,21591,0.518,,51815,22191,600,42.827,,
Telangana,2020,,,0,Hyderabad,GHMC,MC,11,72,Asifnagar,Backward Classes (Women),8,DR. LUBNA SARWATH,,,,,,,10809,Independent,IND,,41,6,,8,21591,0.185,,51815,22191,600,42.827,,
Telangana,2020,,,0,Hyderabad,GHMC,MC,11,72,Asifnagar,Backward Classes (Women),7,DANDUGULA SARITHA,,,,,,,10809,Independent,IND,,31,7,,8,21591,0.14,,51815,22191,600,42.827,,
Telangana,2020,,,0,Hyderabad,GHMC,MC,11,72,Asifnagar,Backward Classes (Women),5,P JAYASREE,,,,,,,10809,Independent,IND,,24,8,,8,21591,0.108,,51815,22191,600,42.827,,
Telangana,2020,,,0,Hyderabad,GHMC,MC,11,72,Asifnagar,Backward Classes (Women),,NOTA,,,,,,,,,,,72,9,,8,21591,0.324,,51815,22191,600,42.827,,
Telangana,2020,,,0,Hyderabad,GHMC,MC,11,73,Vijayanagar colony,Backward Classes (Women),3,BATHA JABEEN,,,,,,,706,All India Majlis-E Ithehad-Ul Muslimeen,AIMIM,,11071,1,,7,20047,53.553,,54365,20673,626,38.026,,
Telangana,2020,,,0,Hyderabad,GHMC,MC,11,73,Vijayanagar colony,Backward Classes (Women),2,DARGA ASHWINI,,,,,,,1605,Bharatiya Janata Party,BJP,,4964,2,,7,20047,24.012,,54365,20673,626,38.026,,
Telangana,2020,,,0,Hyderabad,GHMC,MC,11,73,Vijayanagar colony,Backward Classes (Women),4,M SWAROOPA RANI,,,,,,,8284,Telangana Rashtra Samithi,TRS,,2370,3,,7,20047,11.464,,54365,20673,626,38.026,,
Telangana,2020,,,0,Hyderabad,GHMC,MC,11,73,Vijayanagar colony,Backward Classes (Women),1,INAYAH FATIMA,,,,,,,3482,CONGRESS,INC,,1528,4,,7,20047,7.391,,54365,20673,626,38.026,,
Telangana,2020,,,0,Hyderabad,GHMC,MC,11,73,Vijayanagar colony,Backward Classes (Women),7,K SUMITHRA,,,,,,,10809,Independent,IND,,18,5,,7,20047,0.087,,54365,20673,626,38.026,,
Telangana,2020,,,0,Hyderabad,GHMC,MC,11,73,Vijayanagar colony,Backward Classes (Women),5,SADIYA FATHIMA,,,,,,,10809,Independent,IND,,16,6,,7,20047,0.077,,54365,20673,626,38.026,,
Telangana,2020,,,0,Hyderabad,GHMC,MC,11,73,Vijayanagar colony,Backward Classes (Women),6,SMT SAYYED SHAHINA PARVIN ISMAIL,,,,,,,10809,Independent,IND,,11,7,,7,20047,0.053,,54365,20673,626,38.026,,
Telangana,2020,,,0,Hyderabad,GHMC,MC,11,73,Vijayanagar colony,Backward Classes (Women),,NOTA,,,,,,,,,,,69,8,,7,20047,0.334,,54365,20673,626,38.026,,
Telangana,2020,,,0,Hyderabad,GHMC,MC,11,74,Ahmed nagar,Backward Classes (Women),2,RAFATH SULTANA,,,,,,,706,All India Majlis-E Ithehad-Ul Muslimeen,AIMIM,,14536,1,,4,21964,64.559,,54041,22516,552,41.665,,
Telangana,2020,,,0,Hyderabad,GHMC,MC,11,74,Ahmed nagar,Backward Classes (Women),1,MAMATHA S,,,,,,,8284,Telangana Rashtra Samithi,TRS,,3164,2,,4,21964,14.052,,54041,22516,552,41.665,,
Telangana,2020,,,0,Hyderabad,GHMC,MC,11,74,Ahmed nagar,Backward Classes (Women),3,RADHA BAI K N,,,,,,,1605,Bharatiya Janata Party,BJP,,2964,3,,4,21964,13.164,,54041,22516,552,41.665,,
Telangana,2020,,,0,Hyderabad,GHMC,MC,11,74,Ahmed nagar,Backward Classes (Women),4,HUMERA AHMEDI,,,,,,,3482,CONGRESS,INC,,1225,4,,4,21964,5.441,,54041,22516,552,41.665,,
Telangana,2020,,,0,Hyderabad,GHMC,MC,11,74,Ahmed nagar,Backward Classes (Women),,NOTA,,,,,,,,,,,75,5,,4,21964,0.333,,54041,22516,552,41.665,,
Telangana,2020,,,0,Hyderabad,GHMC,MC,11,75,Red hills,Backward Classes (Women),3,SADDIA MAZHER,,,,,,,706,All India Majlis-E Ithehad-Ul Muslimeen,AIMIM,,10460,1,,10,19803,52.172,,45413,20049,246,44.148,,
Telangana,2020,,,0,Hyderabad,GHMC,MC,11,75,Red hills,Backward Classes (Women),4,SEEMA,,,,,,,1605,Bharatiya Janata Party,BJP,,3920,2,,10,19803,19.552,,45413,20049,246,44.148,,
Telangana,2020,,,0,Hyderabad,GHMC,MC,11,75,Red hills,Backward Classes (Women),2,PRIYANKA GOUD CH,,,,,,,8284,Telangana Rashtra Samithi,TRS,,3030,3,,10,19803,15.113,,45413,20049,246,44.148,,
Telangana,2020,,,0,Hyderabad,GHMC,MC,11,75,Red hills,Backward Classes (Women),1,AYESHA FARHEEN,,,,,,,3482,CONGRESS,INC,,2167,4,,10,19803,10.809,,45413,20049,246,44.148,,
Telangana,2020,,,0,Hyderabad,GHMC,MC,11,75,Red hills,Backward Classes (Women),8,RENUKA BANNELA,,,,,,,10809,Independent,IND,,43,5,,10,19803,0.214,,45413,20049,246,44.148,,
Telangana,2020,,,0,Hyderabad,GHMC,MC,11,75,Red hills,Backward Classes (Women),9,LAXMI DOODI,,,,,,,10809,Independent,IND,,33,6,,10,19803,0.165,,45413,20049,246,44.148,,
Telangana,2020,,,0,Hyderabad,GHMC,MC,11,75,Red hills,Backward Classes (Women),10,SHANNAZ FATHIMA,,,,,,,10809,Independent,IND,,23,7,,10,19803,0.115,,45413,20049,246,44.148,,
Telangana,2020,,,0,Hyderabad,GHMC,MC,11,75,Red hills,Backward Classes (Women),7,G. PADMA,,,,,,,10809,Independent,IND,,14,8,,10,19803,0.07,,45413,20049,246,44.148,,
Telangana,2020,,,0,Hyderabad,GHMC,MC,11,75,Red hills,Backward Classes (Women),6,GIRIDHARI LAKSHMI,,,,,,,10809,Independent,IND,,11,9,,10,19803,0.055,,45413,20049,246,44.148,,
Telangana,2020,,,0,Hyderabad,GHMC,MC,11,75,Red hills,Backward Classes (Women),5,B KRUPA,,,,,,,10809,Independent,IND,,9,10,,10,19803,0.045,,45413,20049,246,44.148,,
Telangana,2020,,,0,Hyderabad,GHMC,MC,11,75,Red hills,Backward Classes (Women),,NOTA,,,,,,,,,,,93,11,,10,19803,0.464,,45413,20049,246,44.148,,
Telangana,2020,,,0,Hyderabad,GHMC,MC,11,76,Mallepally,Backward Classes (Women),4,YASMEEN BEGUM,,,,,,,706,All India Majlis-E Ithehad-Ul Muslimeen,AIMIM,,12386,1,,6,24882,48.67,,57430,25449,567,44.313,,
Telangana,2020,,,0,Hyderabad,GHMC,MC,11,76,Mallepally,Backward Classes (Women),1,KOLLURU USHASREE,,,,,,,1605,Bharatiya Janata Party,BJP,,9301,2,,6,24882,36.548,,57430,25449,567,44.313,,
Telangana,2020,,,0,Hyderabad,GHMC,MC,11,76,Mallepally,Backward Classes (Women),3,METTU VANI,,,,,,,8284,Telangana Rashtra Samithi,TRS,,2114,3,,6,24882,8.307,,57430,25449,567,44.313,,
Telangana,2020,,,0,Hyderabad,GHMC,MC,11,76,Mallepally,Backward Classes (Women),2,ZAKIYA ANJUM,,,,,,,3482,CONGRESS,INC,,959,4,,6,24882,3.768,,57430,25449,567,44.313,,
Telangana,2020,,,0,Hyderabad,GHMC,MC,11,76,Mallepally,Backward Classes (Women),5,JUVERIYA SULTANA,,,,,,,10809,Independent,IND,,51,5,,6,24882,0.2,,57430,25449,567,44.313,,
Telangana,2020,,,0,Hyderabad,GHMC,MC,11,76,Mallepally,Backward Classes (Women),6,PUJARI NAGAMANI,,,,,,,10809,Independent,IND,,15,6,,6,24882,0.059,,57430,25449,567,44.313,,
Telangana,2020,,,0,Hyderabad,GHMC,MC,11,76,Mallepally,Backward Classes (Women),,NOTA,,,,,,,,,,,56,7,,6,24882,0.22,,57430,25449,567,44.313,,
Telangana,2020,,,0,Hyderabad,GHMC,MC,11,77,Jambagh,Unreserved,5,RAKESH JAISWAL,,,,,,,1605,Bharatiya Janata Party,BJP,,8547,1,,14,23666,34.669,,47212,24653,987,52.218,,
Telangana,2020,,,0,Hyderabad,GHMC,MC,11,77,Jambagh,Unreserved,2,JADALA RAVINDRA,,,,,,,706,All India Majlis-E Ithehad-Ul Muslimeen,AIMIM,,8365,2,,14,23666,33.931,,47212,24653,987,52.218,,
Telangana,2020,,,0,Hyderabad,GHMC,MC,11,77,Jambagh,Unreserved,3,MUNUKUNTLA ANAND GOUD,,,,,,,8284,Telangana Rashtra Samithi,TRS,,5898,3,,14,23666,23.924,,47212,24653,987,52.218,,
Telangana,2020,,,0,Hyderabad,GHMC,MC,11,77,Jambagh,Unreserved,4,C.K. MURTHY,,,,,,,3482,CONGRESS,INC,,381,4,,14,23666,1.545,,47212,24653,987,52.218,,
Telangana,2020,,,0,Hyderabad,GHMC,MC,11,77,Jambagh,Unreserved,1,JAGAPATHI MAHESH,,,,,,,8300,Telugu Desam,TDP,,100,5,,14,23666,0.406,,47212,24653,987,52.218,,
Telangana,2020,,,0,Hyderabad,GHMC,MC,11,77,Jambagh,Unreserved,7,MOHD IFTEKHAR ALI,,,,,,,u10063,,AIMIM Inquilab,,85,6,,14,23666,0.345,,47212,24653,987,52.218,,
Telangana,2020,,,0,Hyderabad,GHMC,MC,11,77,Jambagh,Unreserved,11,DASARI RAJKUMAR,,,,,,,10809,Independent,IND,,57,7,,14,23666,0.231,,47212,24653,987,52.218,,
Telangana,2020,,,0,Hyderabad,GHMC,MC,11,77,Jambagh,Unreserved,13,VANAMALA GOPAL,,,,,,,10809,Independent,IND,,48,8,,14,23666,0.195,,47212,24653,987,52.218,,
Telangana,2020,,,0,Hyderabad,GHMC,MC,11,77,Jambagh,Unreserved,10,GODUGU SRINIVAS YADAV,,,,,,,10809,Independent,IND,,39,9,,14,23666,0.158,,47212,24653,987,52.218,,
Telangana,2020,,,0,Hyderabad,GHMC,MC,11,77,Jambagh,Unreserved,9,RAKESH KULKARNI,,,,,,,u10034,Hindustan Janata Party,HINDJP,,27,10,,14,23666,0.11,,47212,24653,987,52.218,https://www.news18.com/news/politics/jambagh-election-result-2020-live-updates-jambagh-ward-winner-contestants-corporator-3139355.html,
Telangana,2020,,,0,Hyderabad,GHMC,MC,11,77,Jambagh,Unreserved,12,N . RAJESH,,,,,,,10809,Independent,IND,,20,11,,14,23666,0.081,,47212,24653,987,52.218,,
Telangana,2020,,,0,Hyderabad,GHMC,MC,11,77,Jambagh,Unreserved,8,MOHAMED ZAHOOR UDDIN,,,,,,,8272,Telangana Jana Samithi,TJSP,,15,12,,14,23666,0.061,,47212,24653,987,52.218,https://www.newindianexpress.com/cities/hyderabad/2020/dec/07/ghmc-results-independents-win-no-seats-but-cut-into-vote-share-of-others-2232779.html,
Telangana,2020,,,0,Hyderabad,GHMC,MC,11,77,Jambagh,Unreserved,6,B . YELLESH MADIGA,,,,,,,1074,Bahujan Mukti Party,BMP,,12,13,,14,23666,0.049,,47212,24653,987,52.218,https://www.indiatvnews.com/news/india/ghmc-polls-2020-all-you-need-to-know-polling-station-eligibility-rules-candidates-aimim-trs-bjp-tdp-hyderabad-civic-elections-668291,
Telangana,2020,,,0,Hyderabad,GHMC,MC,11,77,Jambagh,Unreserved,14,SOMA THRINATH RAO,,,,,,,10809,Independent,IND,,9,14,,14,23666,0.037,,47212,24653,987,52.218,,
Telangana,2020,,,0,Hyderabad,GHMC,MC,11,77,Jambagh,Unreserved,,NOTA,,,,,,,,,,,63,15,,14,23666,0.256,,47212,24653,987,52.218,,
Telangana,2020,,,0,Hyderabad,GHMC,MC,11,78,Gunfoundry,Women,3,Dr. B. Surekha,,,,,,,1605,Bharatiya Janata Party,BJP,,11696,1,,11,23258,49.484,,47936,23636,378,49.307,,
Telangana,2020,,,0,Hyderabad,GHMC,MC,11,78,Gunfoundry,Women,1,Mamtha Manga,,,,,,,8284,Telangana Rashtra Samithi,TRS,,8819,2,,11,23258,37.312,,47936,23636,378,49.307,,
Telangana,2020,,,0,Hyderabad,GHMC,MC,11,78,Gunfoundry,Women,5,Andela Anitha Yadav,,,,,,,10809,Independent,IND,,1327,3,,11,23258,5.614,,47936,23636,378,49.307,,
Telangana,2020,,,0,Hyderabad,GHMC,MC,11,78,Gunfoundry,Women,2,P. Sangeetha Yadav,,,,,,,3482,CONGRESS,INC,,652,4,,11,23258,2.759,,47936,23636,378,49.307,,
Telangana,2020,,,0,Hyderabad,GHMC,MC,11,78,Gunfoundry,Women,4,G SOWNDARYA,,,,,,,8300,Telugu Desam,TDP,,365,5,,11,23258,1.544,,47936,23636,378,49.307,,
Telangana,2020,,,0,Hyderabad,GHMC,MC,11,78,Gunfoundry,Women,7,Jangam Rajitha Priyadarshini,,,,,,,10809,Independent,IND,,71,6,,11,23258,0.3,,47936,23636,378,49.307,,
Telangana,2020,,,0,Hyderabad,GHMC,MC,11,78,Gunfoundry,Women,6,GULAB LAXMI,,,,,,,10809,Independent,IND,,65,7,,11,23258,0.275,,47936,23636,378,49.307,,
Telangana,2020,,,0,Hyderabad,GHMC,MC,11,78,Gunfoundry,Women,8,MEGHANA JAIN,,,,,,,10809,Independent,IND,,48,8,,11,23258,0.203,,47936,23636,378,49.307,,
Telangana,2020,,,0,Hyderabad,GHMC,MC,11,78,Gunfoundry,Women,10,SREELATHA GAJULA,,,,,,,10809,Independent,IND,,27,9,,11,23258,0.114,,47936,23636,378,49.307,,
Telangana,2020,,,0,Hyderabad,GHMC,MC,11,78,Gunfoundry,Women,9,G. Vani Sree,,,,,,,10809,Independent,IND,,26,10,,11,23258,0.11,,47936,23636,378,49.307,,
Telangana,2020,,,0,Hyderabad,GHMC,MC,11,78,Gunfoundry,Women,11,Sonal C Doshi,,,,,,,10809,Independent,IND,,6,11,,11,23258,0.025,,47936,23636,378,49.307,,
Telangana,2020,,,0,Hyderabad,GHMC,MC,11,78,Gunfoundry,Women,,NOTA,,,,,,,,,,,156,12,,11,23258,0.66,,47936,23636,378,49.307,,
Telangana,2020,,,0,Hyderabad,GHMC,MC,11,79,Himayathnagar,Women,4,MAHALAKSHMI.G.N.V.K,,,,,,,1605,Bharatiya Janata Party,BJP,,12134,1,,9,22852,51.81,,49643,23420,568,47.177,,
Telangana,2020,,,0,Hyderabad,GHMC,MC,11,79,Himayathnagar,Women,5,J. Hemalatha Yadav,,,,,,,8284,Telangana Rashtra Samithi,TRS,,9158,2,,9,22852,39.103,,49643,23420,568,47.177,,
Telangana,2020,,,0,Hyderabad,GHMC,MC,11,79,Himayathnagar,Women,1,Indira Rao Juvvadi,,,,,,,3482,CONGRESS,INC,,835,3,,9,22852,3.565,,49643,23420,568,47.177,,
Telangana,2020,,,0,Hyderabad,GHMC,MC,11,79,Himayathnagar,Women,3,N.K. Padmaja,,,,,,,8300,Telugu Desam,TDP,,373,4,,9,22852,1.593,,49643,23420,568,47.177,,
Telangana,2020,,,0,Hyderabad,GHMC,MC,11,79,Himayathnagar,Women,2,B CHAYA DEVI,,,,,,,2444,Communist Part of India,CPI,,88,5,,9,22852,0.376,,49643,23420,568,47.177,,
Telangana,2020,,,0,Hyderabad,GHMC,MC,11,79,Himayathnagar,Women,8,Nabeela Ahmed,,,,,,,10809,Independent,IND,,31,6,,9,22852,0.132,,49643,23420,568,47.177,,
Telangana,2020,,,0,Hyderabad,GHMC,MC,11,79,Himayathnagar,Women,9,Sulochana Gaddam,,,,,,,10809,Independent,IND,,13,7,,9,22852,0.056,,49643,23420,568,47.177,,
Telangana,2020,,,0,Hyderabad,GHMC,MC,11,79,Himayathnagar,Women,6,ANITHA KIRAN SALLA,,,,,,,10809,Independent,IND,,12,8,,9,22852,0.051,,49643,23420,568,47.177,,
Telangana,2020,,,0,Hyderabad,GHMC,MC,11,79,Himayathnagar,Women,7,Nazima Begum,,,,,,,10809,Independent,IND,,11,9,,9,22852,0.047,,49643,23420,568,47.177,,
Telangana,2020,,,0,Hyderabad,GHMC,MC,11,79,Himayathnagar,Women,,NOTA,,,,,,,,,,,197,10,,9,22852,0.841,,49643,23420,568,47.177,,
Telangana,2020,,,0,Hyderabad,GHMC,MC,11,80,Kachiguda,Women,1,K UMA RANI,,,,,,,1605,Bharatiya Janata Party,BJP,,13579,1,,9,21531,60.841,,42496,22319,788,52.52,,
Telangana,2020,,,0,Hyderabad,GHMC,MC,11,80,Kachiguda,Women,4,B SIRISHA,,,,,,,8284,Telangana Rashtra Samithi,TRS,,5590,2,,9,21531,25.046,,42496,22319,788,52.52,,
Telangana,2020,,,0,Hyderabad,GHMC,MC,11,80,Kachiguda,Women,5,AEKKALA SHIRISHA,,,,,,,10809,Independent,IND,,1298,3,,9,21531,5.816,,42496,22319,788,52.52,,
Telangana,2020,,,0,Hyderabad,GHMC,MC,11,80,Kachiguda,Women,2,B JAYANTHI YADAV,,,,,,,3482,CONGRESS,INC,,561,4,,9,21531,2.514,,42496,22319,788,52.52,,
Telangana,2020,,,0,Hyderabad,GHMC,MC,11,80,Kachiguda,Women,3,G RAMYA KUMARI,,,,,,,8300,Telugu Desam,TDP,,215,5,,9,21531,0.963,,42496,22319,788,52.52,,
Telangana,2020,,,0,Hyderabad,GHMC,MC,11,80,Kachiguda,Women,9,D VIJITHA REDDY,,,,,,,10809,Independent,IND,,64,6,,9,21531,0.287,,42496,22319,788,52.52,,
Telangana,2020,,,0,Hyderabad,GHMC,MC,11,80,Kachiguda,Women,7,L.DEEPIKA,,,,,,,10809,Independent,IND,,18,7,,9,21531,0.081,,42496,22319,788,52.52,,
Telangana,2020,,,0,Hyderabad,GHMC,MC,11,80,Kachiguda,Women,8,K NEELAMMA,,,,,,,10809,Independent,IND,,10,8,,9,21531,0.045,,42496,22319,788,52.52,,
Telangana,2020,,,0,Hyderabad,GHMC,MC,11,80,Kachiguda,Women,6,VORUGANTI RAMA DEVI,,,,,,,10809,Independent,IND,,3,9,,9,21531,0.013,,42496,22319,788,52.52,,
Telangana,2020,,,0,Hyderabad,GHMC,MC,11,80,Kachiguda,Women,,NOTA,,,,,,,,,,,193,10,,9,21531,0.865,,42496,22319,788,52.52,,
Telangana,2020,,,0,Hyderabad,GHMC,MC,11,81,Nallakunta,Women,2,Amrutha Yakara,,,,,,,1605,Bharatiya Janata Party,BJP,,12779,1,,8,23777,51.67,,49813,24732,955,49.65,,
Telangana,2020,,,0,Hyderabad,GHMC,MC,11,81,Nallakunta,Women,3,Gariganti Sridevi,,,,,,,8284,Telangana Rashtra Samithi,TRS,,9523,2,,8,23777,38.505,,49813,24732,955,49.65,,
Telangana,2020,,,0,Hyderabad,GHMC,MC,11,81,Nallakunta,Women,1,Abbagonolla Jyothi,,,,,,,3482,CONGRESS,INC,,752,3,,8,23777,3.041,,49813,24732,955,49.65,,
Telangana,2020,,,0,Hyderabad,GHMC,MC,11,81,Nallakunta,Women,4,Racharla Kavitha,,,,,,,8300,Telugu Desam,TDP,,269,4,,8,23777,1.088,,49813,24732,955,49.65,,
Telangana,2020,,,0,Hyderabad,GHMC,MC,11,81,Nallakunta,Women,8,Thatta Maheshwari,,,,,,,10809,Independent,IND,,87,5,,8,23777,0.352,,49813,24732,955,49.65,,
Telangana,2020,,,0,Hyderabad,GHMC,MC,11,81,Nallakunta,Women,5,Ameena Samreen,,,,,,,10809,Independent,IND,,38,6,,8,23777,0.154,,49813,24732,955,49.65,,
Telangana,2020,,,0,Hyderabad,GHMC,MC,11,81,Nallakunta,Women,7,N Krishnaveni,,,,,,,10809,Independent,IND,,22,7,,8,23777,0.089,,49813,24732,955,49.65,,
Telangana,2020,,,0,Hyderabad,GHMC,MC,11,81,Nallakunta,Women,6,Akula Manjula,,,,,,,10809,Independent,IND,,19,8,,8,23777,0.077,,49813,24732,955,49.65,,
Telangana,2020,,,0,Hyderabad,GHMC,MC,11,81,Nallakunta,Women,,NOTA,,,,,,,,,,,288,9,,8,23777,1.164,,49813,24732,955,49.65,,
Telangana,2020,,,0,Hyderabad,GHMC,MC,11,82,Golnaka,Backward Classes (Women),4,LAVANYA DUSARI,,,,,,,8284,Telangana Rashtra Samithi,TRS,,13381,1,,8,25310,51.149,,51218,26161,851,51.078,,
Telangana,2020,,,0,Hyderabad,GHMC,MC,11,82,Golnaka,Backward Classes (Women),1,KATTULA SARITHA,,,,,,,1605,Bharatiya Janata Party,BJP,,10665,2,,8,25310,40.767,,51218,26161,851,51.078,,
Telangana,2020,,,0,Hyderabad,GHMC,MC,11,82,Golnaka,Backward Classes (Women),2,POLINENI PADMA,,,,,,,3482,CONGRESS,INC,,569,3,,8,25310,2.175,,51218,26161,851,51.078,,
Telangana,2020,,,0,Hyderabad,GHMC,MC,11,82,Golnaka,Backward Classes (Women),3,MAMIDALA ARUNA,,,,,,,8300,Telugu Desam,TDP,,227,4,,8,25310,0.868,,51218,26161,851,51.078,,
Telangana,2020,,,0,Hyderabad,GHMC,MC,11,82,Golnaka,Backward Classes (Women),7,NIKHAT UNNISA,,,,,,,10809,Independent,IND,,120,5,,8,25310,0.459,,51218,26161,851,51.078,,
Telangana,2020,,,0,Hyderabad,GHMC,MC,11,82,Golnaka,Backward Classes (Women),6,GAYATHRI CHINTALA,,,,,,,10809,Independent,IND,,37,6,,8,25310,0.141,,51218,26161,851,51.078,,
Telangana,2020,,,0,Hyderabad,GHMC,MC,11,82,Golnaka,Backward Classes (Women),8,G. LALITHA,,,,,,,10809,Independent,IND,,36,7,,8,25310,0.138,,51218,26161,851,51.078,,
Telangana,2020,,,0,Hyderabad,GHMC,MC,11,82,Golnaka,Backward Classes (Women),5,ANDRAPU RAJESHWARI,,,,,,,10809,Independent,IND,,21,8,,8,25310,0.08,,51218,26161,851,51.078,,
Telangana,2020,,,0,Hyderabad,GHMC,MC,11,82,Golnaka,Backward Classes (Women),,NOTA,,,,,,,,,,,254,9,,8,25310,0.971,,51218,26161,851,51.078,,
Telangana,2020,,,0,Hyderabad,GHMC,MC,11,83,Amberpet,Backward Class,5,E VIJAY KUMAR GOUD,,,,,,,8284,Telangana Rashtra Samithi,TRS,,14800,1,,9,27624,51.466,,56162,28757,1133,51.204,,
Telangana,2020,,,0,Hyderabad,GHMC,MC,11,83,Amberpet,Backward Class,4,A YESHWANTH,,,,,,,1605,Bharatiya Janata Party,BJP,,10617,2,,9,27624,36.92,,56162,28757,1133,51.204,,
Telangana,2020,,,0,Hyderabad,GHMC,MC,11,83,Amberpet,Backward Class,3,PEER MUNEER AHMED JABER,,,,,,,3482,CONGRESS,INC,,907,3,,9,27624,3.154,,56162,28757,1133,51.204,,
Telangana,2020,,,0,Hyderabad,GHMC,MC,11,83,Amberpet,Backward Class,6,SHAIK NADEEM,,,,,,,2444,Communist Part of India,CPI,,665,4,,9,27624,2.312,,56162,28757,1133,51.204,,
Telangana,2020,,,0,Hyderabad,GHMC,MC,11,83,Amberpet,Backward Class,2,K PARASURAM,,,,,,,8300,Telugu Desam,TDP,,171,5,,9,27624,0.595,,56162,28757,1133,51.204,,
Telangana,2020,,,0,Hyderabad,GHMC,MC,11,83,Amberpet,Backward Class,1,DEVARUPPALA SHASHIPAL,,,,,,,3040,All India Forward Bloc,AIFB,,94,6,,9,27624,0.327,,56162,28757,1133,51.204,,
Telangana,2020,,,0,Hyderabad,GHMC,MC,11,83,Amberpet,Backward Class,9,SHAIK ABDUL REHAN,,,,,,,10809,Independent,IND,,84,7,,9,27624,0.292,,56162,28757,1133,51.204,,
Telangana,2020,,,0,Hyderabad,GHMC,MC,11,83,Amberpet,Backward Class,7,GURRAM RAJSHEKAR,,,,,,,10809,Independent,IND,,55,8,,9,27624,0.191,,56162,28757,1133,51.204,,
Telangana,2020,,,0,Hyderabad,GHMC,MC,11,83,Amberpet,Backward Class,8,B BALRAJ GOUD,,,,,,,10809,Independent,IND,,9,9,,9,27624,0.031,,56162,28757,1133,51.204,,
Telangana,2020,,,0,Hyderabad,GHMC,MC,11,83,Amberpet,Backward Class,,NOTA,,,,,,,,,,,222,10,,9,27624,0.772,,56162,28757,1133,51.204,,
Telangana,2020,,,0,Hyderabad,GHMC,MC,11,84,Bagh amberpet,Women,3,B. Padma Venkat Reddy,,,,,,,1605,Bharatiya Janata Party,BJP,,12836,1,,8,24711,50.164,,55209,25588,877,46.348,,
Telangana,2020,,,0,Hyderabad,GHMC,MC,11,84,Bagh amberpet,Women,1,KUCHALAKANTI PADMAVATHI,,,,,,,8284,Telangana Rashtra Samithi,TRS,,9037,2,,8,24711,35.317,,55209,25588,877,46.348,,
Telangana,2020,,,0,Hyderabad,GHMC,MC,11,84,Bagh amberpet,Women,5,SAMBULA USHASRI,,,,,,,3482,CONGRESS,INC,,1352,3,,8,24711,5.284,,55209,25588,877,46.348,,
Telangana,2020,,,0,Hyderabad,GHMC,MC,11,84,Bagh amberpet,Women,4,Y. Vara Laxmi,,,,,,,14635,COMMUNIST MARXIST PARTY OF INDIA,CPM,,532,4,,8,24711,2.079,,55209,25588,877,46.348,,
Telangana,2020,,,0,Hyderabad,GHMC,MC,11,84,Bagh amberpet,Women,2,Nalla Radhika,,,,,,,8300,Telugu Desam,TDP,,324,5,,8,24711,1.266,,55209,25588,877,46.348,,
Telangana,2020,,,0,Hyderabad,GHMC,MC,11,84,Bagh amberpet,Women,8,Kenchey Sucharitha,,,,,,,10809,Independent,IND,,195,6,,8,24711,0.762,,55209,25588,877,46.348,,
Telangana,2020,,,0,Hyderabad,GHMC,MC,11,84,Bagh amberpet,Women,7,Arukala Vaishnavi,,,,,,,10809,Independent,IND,,140,7,,8,24711,0.547,,55209,25588,877,46.348,,
Telangana,2020,,,0,Hyderabad,GHMC,MC,11,84,Bagh amberpet,Women,6,Asma Begum,,,,,,,3331,India Praja Bandhu Party,IPBP,,61,8,,8,24711,0.238,,55209,25588,877,46.348,,
Telangana,2020,,,0,Hyderabad,GHMC,MC,11,84,Bagh amberpet,Women,,NOTA,,,,,,,,,,,234,9,,8,24711,0.914,,55209,25588,877,46.348,,
Telangana,2020,,,0,Hyderabad,GHMC,MC,11,85,Adikmet,Women,3,SUNITHA PRAKASH GOUD.C,,,,,,,1605,Bharatiya Janata Party,BJP,,7830,1,,8,17438,43.93,,40501,17824,386,44.009,,
Telangana,2020,,,0,Hyderabad,GHMC,MC,11,85,Adikmet,Women,4,B HEMALATHA,,,,,,,8284,Telangana Rashtra Samithi,TRS,,7603,2,,8,17438,42.656,,40501,17824,386,44.009,,
Telangana,2020,,,0,Hyderabad,GHMC,MC,11,85,Adikmet,Women,1,KAVITHA JAMBICA,,,,,,,3482,CONGRESS,INC,,1214,3,,8,17438,6.811,,40501,17824,386,44.009,,
Telangana,2020,,,0,Hyderabad,GHMC,MC,11,85,Adikmet,Women,2,M CHITRA,,,,,,,8300,Telugu Desam,TDP,,325,4,,8,17438,1.823,,40501,17824,386,44.009,,
Telangana,2020,,,0,Hyderabad,GHMC,MC,11,85,Adikmet,Women,6,YELIGETI SHYAMALA,,,,,,,10809,Independent,IND,,145,5,,8,17438,0.814,,40501,17824,386,44.009,,
Telangana,2020,,,0,Hyderabad,GHMC,MC,11,85,Adikmet,Women,5,P ANUSHA,,,,,,,10809,Independent,IND,,23,6,,8,17438,0.129,,40501,17824,386,44.009,,
Telangana,2020,,,0,Hyderabad,GHMC,MC,11,85,Adikmet,Women,7,KASARAM SRAVANTHI,,,,,,,10809,Independent,IND,,18,7,,8,17438,0.101,,40501,17824,386,44.009,,
Telangana,2020,,,0,Hyderabad,GHMC,MC,11,85,Adikmet,Women,8,BITTLA SOUJANYA,,,,,,,10809,Independent,IND,,15,8,,8,17438,0.084,,40501,17824,386,44.009,,
Telangana,2020,,,0,Hyderabad,GHMC,MC,11,85,Adikmet,Women,,NOTA,,,,,,,,,,,265,9,,8,17438,1.487,,40501,17824,386,44.009,,
Telangana,2020,,,0,Hyderabad,GHMC,MC,11,86,Musheerabad,Backward Classes (Women),3,M.SUPRIYA,,,,,,,1605,Bharatiya Janata Party,BJP,,12551,1,,4,23376,52.667,,48786,23831,455,48.848,,
Telangana,2020,,,0,Hyderabad,GHMC,MC,11,86,Musheerabad,Backward Classes (Women),1,EDLA BHAGYALAXMI,,,,,,,8284,Telangana Rashtra Samithi,TRS,,9811,2,,4,23376,41.169,,48786,23831,455,48.848,,
Telangana,2020,,,0,Hyderabad,GHMC,MC,11,86,Musheerabad,Backward Classes (Women),2,PATNAM SWAPNA,,,,,,,3482,CONGRESS,INC,,770,3,,4,23376,3.231,,48786,23831,455,48.848,,
Telangana,2020,,,0,Hyderabad,GHMC,MC,11,86,Musheerabad,Backward Classes (Women),4,VANGALA VARUDHINI,,,,,,,10809,Independent,IND,,24,4,,4,23376,0.101,,48786,23831,455,48.848,,
Telangana,2020,,,0,Hyderabad,GHMC,MC,11,86,Musheerabad,Backward Classes (Women),,NOTA,,,,,,,,,,,220,5,,4,23376,0.923,,48786,23831,455,48.848,,
Telangana,2020,,,0,Hyderabad,GHMC,MC,11,87,Ramnagar,Unreserved,2,KUNTLURU RAVI KUMAR,,,,,,,1605,Bharatiya Janata Party,BJP,,9819,1,,14,22027,43.931,,49569,22351,324,45.091,,
Telangana,2020,,,0,Hyderabad,GHMC,MC,11,87,Ramnagar,Unreserved,5,VIPPA SRINIVAS REDDY,,,,,,,8284,Telangana Rashtra Samithi,TRS,,9291,2,,14,22027,41.569,,49569,22351,324,45.091,,
Telangana,2020,,,0,Hyderabad,GHMC,MC,11,87,Ramnagar,Unreserved,1,AVULA LOKANANDAM,,,,,,,3482,CONGRESS,INC,,1670,3,,14,22027,7.472,,49569,22351,324,45.091,,
Telangana,2020,,,0,Hyderabad,GHMC,MC,11,87,Ramnagar,Unreserved,3,P. BALARAJ GOUD,,,,,,,8300,Telugu Desam,TDP,,355,4,,14,22027,1.588,,49569,22351,324,45.091,,
Telangana,2020,,,0,Hyderabad,GHMC,MC,11,87,Ramnagar,Unreserved,4,MADDELA DASHARATHAM,,,,,,,14635,COMMUNIST MARXIST PARTY OF INDIA,CPM,,271,5,,14,22027,1.212,,49569,22351,324,45.091,,
Telangana,2020,,,0,Hyderabad,GHMC,MC,11,87,Ramnagar,Unreserved,8,KRUPAVARAM GANDU,,,,,,,10809,Independent,IND,,124,6,,14,22027,0.555,,49569,22351,324,45.091,,
Telangana,2020,,,0,Hyderabad,GHMC,MC,11,87,Ramnagar,Unreserved,14,V.VENKAT REDDY,,,,,,,10809,Independent,IND,,44,7,,14,22027,0.197,,49569,22351,324,45.091,,
Telangana,2020,,,0,Hyderabad,GHMC,MC,11,87,Ramnagar,Unreserved,13,K.V.N PRASAD,,,,,,,10809,Independent,IND,,43,8,,14,22027,0.192,,49569,22351,324,45.091,,
Telangana,2020,,,0,Hyderabad,GHMC,MC,11,87,Ramnagar,Unreserved,9,D.DURGA PRASAD,,,,,,,10809,Independent,IND,,37,9,,14,22027,0.166,,49569,22351,324,45.091,,
Telangana,2020,,,0,Hyderabad,GHMC,MC,11,87,Ramnagar,Unreserved,10,T NAVEEN KUMAR MUDIRAJ,,,,,,,10809,Independent,IND,,32,10,,14,22027,0.143,,49569,22351,324,45.091,,
Telangana,2020,,,0,Hyderabad,GHMC,MC,11,87,Ramnagar,Unreserved,6,JASHWANTH KUMAR SHANKAR DAS,,,,,,,8272,Telangana Jana Samithi,TJSP,,14,11,,14,22027,0.063,,49569,22351,324,45.091,https://www.newindianexpress.com/cities/hyderabad/2020/dec/07/ghmc-results-independents-win-no-seats-but-cut-into-vote-share-of-others-2232779.html,
Telangana,2020,,,0,Hyderabad,GHMC,MC,11,87,Ramnagar,Unreserved,7,RAVI BATHULA,,,,,,,u10034,Hindustan Janata Party,HINDJP,,11,12,,14,22027,0.049,,49569,22351,324,45.091,https://www.news18.com/news/politics/jambagh-election-result-2020-live-updates-jambagh-ward-winner-contestants-corporator-3139355.html,
Telangana,2020,,,0,Hyderabad,GHMC,MC,11,87,Ramnagar,Unreserved,12,U.PRAVEEN KUMAR,,,,,,,10809,Independent,IND,,5,13,,14,22027,0.022,,49569,22351,324,45.091,,
Telangana,2020,,,0,Hyderabad,GHMC,MC,11,87,Ramnagar,Unreserved,11,PIDISHETTY PRAVEEN CHANDRA,,,,,,,10809,Independent,IND,,4,14,,14,22027,0.018,,49569,22351,324,45.091,,
Telangana,2020,,,0,Hyderabad,GHMC,MC,11,87,Ramnagar,Unreserved,,NOTA,,,,,,,,,,,307,15,,14,22027,1.374,,49569,22351,324,45.091,,
Telangana,2020,,,0,Hyderabad,GHMC,MC,11,88,Bholakpur,Backward Class,1,GHOUSE UDDIN MOHD,,,,,,,706,All India Majlis-E Ithehad-Ul Muslimeen,AIMIM,,9048,1,,8,25284,34.618,,53542,26137,853,48.816,,
Telangana,2020,,,0,Hyderabad,GHMC,MC,11,88,Bholakpur,Backward Class,2,Bingi Naveen Kumar,,,,,,,8284,Telangana Rashtra Samithi,TRS,,6437,2,,8,25284,24.628,,53542,26137,853,48.816,,
Telangana,2020,,,0,Hyderabad,GHMC,MC,11,88,Bholakpur,Backward Class,5,R.VISHWESHWARAIAH,,,,,,,1605,Bharatiya Janata Party,BJP,,5125,3,,8,25284,19.608,,53542,26137,853,48.816,,
Telangana,2020,,,0,Hyderabad,GHMC,MC,11,88,Bholakpur,Backward Class,3,MOHAMMED WAJID HUSSAIN,,,,,,,3482,CONGRESS,INC,,4396,4,,8,25284,16.819,,53542,26137,853,48.816,,
Telangana,2020,,,0,Hyderabad,GHMC,MC,11,88,Bholakpur,Backward Class,4,Mohammed Zaheeruddin Samar,,,,,,,8300,Telugu Desam,TDP,,93,5,,8,25284,0.356,,53542,26137,853,48.816,,
Telangana,2020,,,0,Hyderabad,GHMC,MC,11,88,Bholakpur,Backward Class,8,SANA ULLAH,,,,,,,10809,Independent,IND,,31,6,,8,25284,0.119,,53542,26137,853,48.816,,
Telangana,2020,,,0,Hyderabad,GHMC,MC,11,88,Bholakpur,Backward Class,6,NOOR ULHASAN,,,,,,,10809,Independent,IND,,27,7,,8,25284,0.103,,53542,26137,853,48.816,,
Telangana,2020,,,0,Hyderabad,GHMC,MC,11,88,Bholakpur,Backward Class,7,MD. MAHBOOB HUSSAIN,,,,,,,10809,Independent,IND,,24,8,,8,25284,0.092,,53542,26137,853,48.816,,
Telangana,2020,,,0,Hyderabad,GHMC,MC,11,88,Bholakpur,Backward Class,,NOTA,,,,,,,,,,,103,9,,8,25284,0.394,,53542,26137,853,48.816,,
Telangana,2020,,,0,Hyderabad,GHMC,MC,11,89,Gandhinagar,Women,1,AENUGULA PAVANI,,,,,,,1605,Bharatiya Janata Party,BJP,,9731,1,,5,18871,50.417,,48041,19301,430,40.176,,
Telangana,2020,,,0,Hyderabad,GHMC,MC,11,89,Gandhinagar,Women,3,MUTA PADMA NARESH,,,,,,,8284,Telangana Rashtra Samithi,TRS,,7155,2,,5,18871,37.071,,48041,19301,430,40.176,,
Telangana,2020,,,0,Hyderabad,GHMC,MC,11,89,Gandhinagar,Women,2,G.CHANDRAKALA,,,,,,,3482,CONGRESS,INC,,1563,3,,5,18871,8.098,,48041,19301,430,40.176,,
Telangana,2020,,,0,Hyderabad,GHMC,MC,11,89,Gandhinagar,Women,4,MERUGU RAJITHA,,,,,,,8272,Telangana Jana Samithi,TJSP,,64,4,,5,18871,0.332,,48041,19301,430,40.176,https://www.newindianexpress.com/cities/hyderabad/2020/dec/07/ghmc-results-independents-win-no-seats-but-cut-into-vote-share-of-others-2232779.html,
Telangana,2020,,,0,Hyderabad,GHMC,MC,11,89,Gandhinagar,Women,5,TALARI SAI DEEPIKA,,,,,,,10809,Independent,IND,,52,5,,5,18871,0.269,,48041,19301,430,40.176,,
Telangana,2020,,,0,Hyderabad,GHMC,MC,11,89,Gandhinagar,Women,,NOTA,,,,,,,,,,,306,6,,5,18871,1.585,,48041,19301,430,40.176,,
Telangana,2020,,,0,Hyderabad,GHMC,MC,11,90,Kavadiguda,Scheduled Caste (Women),3,RACHANA SRI GODCHALA,,,,,,,1605,Bharatiya Janata Party,BJP,,11562,1,,8,23898,47.555,,51579,24313,415,47.137,,
Telangana,2020,,,0,Hyderabad,GHMC,MC,11,90,Kavadiguda,Scheduled Caste (Women),4,LASYA NANDITHA. G,,,,,,,8284,Telangana Rashtra Samithi,TRS,,10085,2,,8,23898,41.48,,51579,24313,415,47.137,,
Telangana,2020,,,0,Hyderabad,GHMC,MC,11,90,Kavadiguda,Scheduled Caste (Women),2,NAKARAKANTI KAVITHA MAHESH,,,,,,,3482,CONGRESS,INC,,1454,3,,8,23898,5.98,,51579,24313,415,47.137,,
Telangana,2020,,,0,Hyderabad,GHMC,MC,11,90,Kavadiguda,Scheduled Caste (Women),1,GUNTI SHOBHA RANI,,,,,,,8300,Telugu Desam,TDP,,297,4,,8,23898,1.222,,51579,24313,415,47.137,,
Telangana,2020,,,0,Hyderabad,GHMC,MC,11,90,Kavadiguda,Scheduled Caste (Women),8,LATHA CHAVLA,,,,,,,10809,Independent,IND,,94,5,,8,23898,0.387,,51579,24313,415,47.137,,
Telangana,2020,,,0,Hyderabad,GHMC,MC,11,90,Kavadiguda,Scheduled Caste (Women),7,NIMMA MADHAVI LATHA,,,,,,,10809,Independent,IND,,51,6,,8,23898,0.21,,51579,24313,415,47.137,,
Telangana,2020,,,0,Hyderabad,GHMC,MC,11,90,Kavadiguda,Scheduled Caste (Women),5,DIVYA PALLY,,,,,,,8272,Telangana Jana Samithi,TJSP,,45,7,,8,23898,0.185,,51579,24313,415,47.137,https://www.newindianexpress.com/cities/hyderabad/2020/dec/07/ghmc-results-independents-win-no-seats-but-cut-into-vote-share-of-others-2232779.html,
Telangana,2020,,,0,Hyderabad,GHMC,MC,11,90,Kavadiguda,Scheduled Caste (Women),6,kalpana godchal,,,,,,,10809,Independent,IND,,6,8,,8,23898,0.025,,51579,24313,415,47.137,,
Telangana,2020,,,0,Hyderabad,GHMC,MC,11,90,Kavadiguda,Scheduled Caste (Women),,NOTA,,,,,,,,,,,304,9,,8,23898,1.25,,51579,24313,415,47.137,,
Telangana,2020,,,0,Hyderabad,GHMC,MC,11,91,Khairtabad,Women,3,P. VIJAYA REDDY,,,,,,,8284,Telangana Rashtra Samithi,TRS,,12577,1,,4,24809,49.422,,55231,25448,639,46.076,,
Telangana,2020,,,0,Hyderabad,GHMC,MC,11,91,Khairtabad,Women,4,S. VEENA MADHURI,,,,,,,1605,Bharatiya Janata Party,BJP,,10037,2,,4,24809,39.441,,55231,25448,639,46.076,,
Telangana,2020,,,0,Hyderabad,GHMC,MC,11,91,Khairtabad,Women,2,JAVERIA BEGUM,,,,,,,3482,CONGRESS,INC,,1473,3,,4,24809,5.788,,55231,25448,639,46.076,,
Telangana,2020,,,0,Hyderabad,GHMC,MC,11,91,Khairtabad,Women,1,P. CHANDRA MANI,,,,,,,8300,Telugu Desam,TDP,,523,4,,4,24809,2.055,,55231,25448,639,46.076,,
Telangana,2020,,,0,Hyderabad,GHMC,MC,11,91,Khairtabad,Women,,NOTA,,,,,,,,,,,199,5,,4,24809,0.782,,55231,25448,639,46.076,,
Telangana,2020,,,0,Hyderabad,GHMC,MC,11,92,Venkateshwara colony,Women,2,MANNE KAVITHA REDDY,,,,,,,8284,Telangana Rashtra Samithi,TRS,,12966,1,,6,20702,61.005,,46164,21254,552,46.04,,
Telangana,2020,,,0,Hyderabad,GHMC,MC,11,92,Venkateshwara colony,Women,1,B.UMA,,,,,,,1605,Bharatiya Janata Party,BJP,,5814,2,,6,20702,27.355,,46164,21254,552,46.04,,
Telangana,2020,,,0,Hyderabad,GHMC,MC,11,92,Venkateshwara colony,Women,3,B.RAMYA,,,,,,,3482,CONGRESS,INC,,1037,3,,6,20702,4.879,,46164,21254,552,46.04,,
Telangana,2020,,,0,Hyderabad,GHMC,MC,11,92,Venkateshwara colony,Women,4,D.SWAPNA,,,,,,,8300,Telugu Desam,TDP,,530,4,,6,20702,2.494,,46164,21254,552,46.04,,
Telangana,2020,,,0,Hyderabad,GHMC,MC,11,92,Venkateshwara colony,Women,5,ASRA FATHIMA,,,,,,,10809,Independent,IND,,205,5,,6,20702,0.965,,46164,21254,552,46.04,,
Telangana,2020,,,0,Hyderabad,GHMC,MC,11,92,Venkateshwara colony,Women,6,FOUZIA KHANAM,,,,,,,10809,Independent,IND,,9,6,,6,20702,0.042,,46164,21254,552,46.04,,
Telangana,2020,,,0,Hyderabad,GHMC,MC,11,92,Venkateshwara colony,Women,,NOTA,,,,,,,,,,,141,7,,6,20702,0.663,,46164,21254,552,46.04,,
Telangana,2020,,,0,Hyderabad,GHMC,MC,11,93,Banjara hills,Unreserved,3,VIJAYA LAXMI R GADWAL,,,,,,,8284,Telangana Rashtra Samithi,TRS,,10227,1,,14,23160,43.919,,49889,23286,126,46.676,,
Telangana,2020,,,0,Hyderabad,GHMC,MC,11,93,Banjara hills,Unreserved,1,BADDAM MAHIPAL REDDY,,,,,,,1605,Bharatiya Janata Party,BJP,,9446,2,,14,23160,40.565,,49889,23286,126,46.676,,
Telangana,2020,,,0,Hyderabad,GHMC,MC,11,93,Banjara hills,Unreserved,2,RATHOD DHANRAJ,,,,,,,3482,CONGRESS,INC,,2069,3,,14,23160,8.885,,49889,23286,126,46.676,,
Telangana,2020,,,0,Hyderabad,GHMC,MC,11,93,Banjara hills,Unreserved,4,SUJATHA .S,,,,,,,8300,Telugu Desam,TDP,,326,4,,14,23160,1.4,,49889,23286,126,46.676,,
Telangana,2020,,,0,Hyderabad,GHMC,MC,11,93,Banjara hills,Unreserved,11,J. RAJU,,,,,,,10809,Independent,IND,,156,5,,14,23160,0.67,,49889,23286,126,46.676,,
Telangana,2020,,,0,Hyderabad,GHMC,MC,11,93,Banjara hills,Unreserved,9,BARLA NAGA RAJU,,,,,,,10809,Independent,IND,,46,6,,14,23160,0.198,,49889,23286,126,46.676,,
Telangana,2020,,,0,Hyderabad,GHMC,MC,11,93,Banjara hills,Unreserved,10,MOHAMMED ABDUL AZEEM,,,,,,,10809,Independent,IND,,30,7,,14,23160,0.129,,49889,23286,126,46.676,,
Telangana,2020,,,0,Hyderabad,GHMC,MC,11,93,Banjara hills,Unreserved,5,KOMMU VIJAY KUMAR,,,,,,,u10033,Indian National Yuva Jana Party,INYJP,,12,8,,14,23160,0.052,,49889,23286,126,46.676,https://www.newindianexpress.com/cities/hyderabad/2020/dec/07/ghmc-results-independents-win-no-seats-but-cut-into-vote-share-of-others-2232779.html,
Telangana,2020,,,0,Hyderabad,GHMC,MC,11,93,Banjara hills,Unreserved,14,LINGALA LAXMAN RAO,,,,,,,10809,Independent,IND,,11,9,,14,23160,0.047,,49889,23286,126,46.676,,
Telangana,2020,,,0,Hyderabad,GHMC,MC,11,93,Banjara hills,Unreserved,6,NAKKA RAGHU MUDHIRAJ,,,,,,,10809,Independent,IND,,8,10,,14,23160,0.034,,49889,23286,126,46.676,,
Telangana,2020,,,0,Hyderabad,GHMC,MC,11,93,Banjara hills,Unreserved,8,PRAGATHI MOLAKA,,,,,,,10809,Independent,IND,,8,11,,14,23160,0.034,,49889,23286,126,46.676,,
Telangana,2020,,,0,Hyderabad,GHMC,MC,11,93,Banjara hills,Unreserved,12,RAMA KRISHNA KARIVEDA,,,,,,,10809,Independent,IND,,7,12,,14,23160,0.03,,49889,23286,126,46.676,,
Telangana,2020,,,0,Hyderabad,GHMC,MC,11,93,Banjara hills,Unreserved,13,RAMULU KOTA,,,,,,,10809,Independent,IND,,6,13,,14,23160,0.026,,49889,23286,126,46.676,,
Telangana,2020,,,0,Hyderabad,GHMC,MC,11,93,Banjara hills,Unreserved,7,NINYALA MADHURI,,,,,,,10809,Independent,IND,,3,14,,14,23160,0.013,,49889,23286,126,46.676,,
Telangana,2020,,,0,Hyderabad,GHMC,MC,11,93,Banjara hills,Unreserved,,NOTA,,,,,,,,,,,805,15,,14,23160,3.457,,49889,23286,126,46.676,,
Telangana,2020,,,0,Hyderabad,GHMC,MC,11,94,Shaikpet,Unreserved,2,MOHAMMED RASHED FARAZUDDIN,,,,,,,706,All India Majlis-E Ithehad-Ul Muslimeen,AIMIM,,13412,1,,8,27375,48.695,,63982,27543,168,43.048,,
Telangana,2020,,,0,Hyderabad,GHMC,MC,11,94,Shaikpet,Unreserved,1,CHERKA MAHESH,,,,,,,1605,Bharatiya Janata Party,BJP,,9045,2,,8,27375,32.84,,63982,27543,168,43.048,,
Telangana,2020,,,0,Hyderabad,GHMC,MC,11,94,Shaikpet,Unreserved,4,N SATYANARAYANA YADAV,,,,,,,8284,Telangana Rashtra Samithi,TRS,,3339,3,,8,27375,12.123,,63982,27543,168,43.048,,
Telangana,2020,,,0,Hyderabad,GHMC,MC,11,94,Shaikpet,Unreserved,5,SYED NIZAMUDDIN,,,,,,,3482,CONGRESS,INC,,1000,4,,8,27375,3.631,,63982,27543,168,43.048,,
Telangana,2020,,,0,Hyderabad,GHMC,MC,11,94,Shaikpet,Unreserved,3,SHAIK SHAMSUDDIN AHMED,,,,,,,2444,Communist Part of India,CPI,,52,5,,8,27375,0.189,,63982,27543,168,43.048,,
Telangana,2020,,,0,Hyderabad,GHMC,MC,11,94,Shaikpet,Unreserved,7,MOHD SHAIK ZUBAIRUDDIN,,,,,,,8529,Welfare Party of India,WPI,,45,6,,8,27375,0.163,,63982,27543,168,43.048,https://www.indiatvnews.com/news/india/ghmc-polls-2020-all-you-need-to-know-polling-station-eligibility-rules-candidates-aimim-trs-bjp-tdp-hyderabad-civic-elections-668291,
Telangana,2020,,,0,Hyderabad,GHMC,MC,11,94,Shaikpet,Unreserved,6,MOHAMMED ABDUL QAYOOM,,,,,,,1074,Bahujan Mukti Party,BMP,,36,7,,8,27375,0.131,,63982,27543,168,43.048,https://www.indiatvnews.com/news/india/ghmc-polls-2020-all-you-need-to-know-polling-station-eligibility-rules-candidates-aimim-trs-bjp-tdp-hyderabad-civic-elections-668291,
Telangana,2020,,,0,Hyderabad,GHMC,MC,11,94,Shaikpet,Unreserved,8,MOHAMMED ABUBAKAR PARWAIZ SIDDIQUI,,,,,,,10809,Independent,IND,,6,8,,8,27375,0.022,,63982,27543,168,43.048,,
Telangana,2020,,,0,Hyderabad,GHMC,MC,11,94,Shaikpet,Unreserved,,NOTA,,,,,,,,,,,440,9,,8,27375,1.598,,63982,27543,168,43.048,,
Telangana,2020,,,0,Hyderabad,GHMC,MC,11,95,Jubilee hills,Unreserved,5,VENKATESH DERANGULA,,,,,,,1605,Bharatiya Janata Party,BJP,,10406,1,,7,22658,45.011,,50002,23119,461,46.236,,
Telangana,2020,,,0,Hyderabad,GHMC,MC,11,95,Jubilee hills,Unreserved,1,KAJA SURYANARAYANA,,,,,,,8284,Telangana Rashtra Samithi,TRS,,9627,2,,7,22658,41.641,,50002,23119,461,46.236,,
Telangana,2020,,,0,Hyderabad,GHMC,MC,11,95,Jubilee hills,Unreserved,2,DEETI VAMSHI KRISHNA,,,,,,,3482,CONGRESS,INC,,1403,3,,7,22658,6.069,,50002,23119,461,46.236,,
Telangana,2020,,,0,Hyderabad,GHMC,MC,11,95,Jubilee hills,Unreserved,4,M . NARASIMHULU,,,,,,,8300,Telugu Desam,TDP,,849,4,,7,22658,3.672,,50002,23119,461,46.236,,
Telangana,2020,,,0,Hyderabad,GHMC,MC,11,95,Jubilee hills,Unreserved,3,DEVABHAKTUNI KRISHNA KUMARI,,,,,,,2444,Communist Part of India,CPI,,140,5,,7,22658,0.606,,50002,23119,461,46.236,,
Telangana,2020,,,0,Hyderabad,GHMC,MC,11,95,Jubilee hills,Unreserved,7,B . SOLOMAN RAJU,,,,,,,10809,Independent,IND,,37,6,,7,22658,0.16,,50002,23119,461,46.236,,
Telangana,2020,,,0,Hyderabad,GHMC,MC,11,95,Jubilee hills,Unreserved,6,KARAN MAHANT,,,,,,,u10033,Indian National Yuva Jana Party,INYJP,,10,7,,7,22658,0.043,,50002,23119,461,46.236,https://www.newindianexpress.com/cities/hyderabad/2020/dec/07/ghmc-results-independents-win-no-seats-but-cut-into-vote-share-of-others-2232779.html,
Telangana,2020,,,0,Hyderabad,GHMC,MC,11,95,Jubilee hills,Unreserved,,NOTA,,,,,,,,,,,186,8,,7,22658,0.805,,50002,23119,461,46.236,,
Telangana,2020,,,0,Hyderabad,GHMC,MC,11,96,Yousufguda,Unreserved,3,BANDARI RAJ KUMAR,,,,,,,8284,Telangana Rashtra Samithi,TRS,,9835,1,,10,19645,49.484,,60122,19875,230,33.058,,
Telangana,2020,,,0,Hyderabad,GHMC,MC,11,96,Yousufguda,Unreserved,2,K GANAGA RAJU,,,,,,,1605,Bharatiya Janata Party,BJP,,7513,2,,10,19645,37.801,,60122,19875,230,33.058,,
Telangana,2020,,,0,Hyderabad,GHMC,MC,11,96,Yousufguda,Unreserved,1,ILAPAKA SATHYANARAYANA,,,,,,,3482,CONGRESS,INC,,1060,3,,10,19645,5.333,,60122,19875,230,33.058,,
Telangana,2020,,,0,Hyderabad,GHMC,MC,11,96,Yousufguda,Unreserved,4,RAMESH KUMAR,,,,,,,8300,Telugu Desam,TDP,,831,4,,10,19645,4.181,,60122,19875,230,33.058,,
Telangana,2020,,,0,Hyderabad,GHMC,MC,11,96,Yousufguda,Unreserved,7,SHAIK KHALED BASHA,,,,,,,10809,Independent,IND,,131,5,,10,19645,0.659,,60122,19875,230,33.058,,
Telangana,2020,,,0,Hyderabad,GHMC,MC,11,96,Yousufguda,Unreserved,8,GAJULA KAILASAM,,,,,,,10809,Independent,IND,,24,6,,10,19645,0.121,,60122,19875,230,33.058,,
Telangana,2020,,,0,Hyderabad,GHMC,MC,11,96,Yousufguda,Unreserved,9,BALRANGA MOHAN RAO AVVARU,,,,,,,10809,Independent,IND,,20,7,,10,19645,0.101,,60122,19875,230,33.058,,
Telangana,2020,,,0,Hyderabad,GHMC,MC,11,96,Yousufguda,Unreserved,5,SAROJ GANGARAM CHINTAL,,,,,,,u10035,Mahila Janshakti Party,MJP,,17,8,,10,19645,0.086,,60122,19875,230,33.058,,
Telangana,2020,,,0,Hyderabad,GHMC,MC,11,96,Yousufguda,Unreserved,10,RAHUL DESHPANDE,,,,,,,10809,Independent,IND,,5,9,,10,19645,0.025,,60122,19875,230,33.058,,
Telangana,2020,,,0,Hyderabad,GHMC,MC,11,96,Yousufguda,Unreserved,6,ILAPAKA SRILAXMI,,,,,,,10809,Independent,IND,,4,10,,10,19645,0.02,,60122,19875,230,33.058,,
Telangana,2020,,,0,Hyderabad,GHMC,MC,11,96,Yousufguda,Unreserved,,NOTA,,,,,,,,,,,205,11,,10,19645,1.031,,60122,19875,230,33.058,,
Telangana,2020,,,0,Hyderabad,GHMC,MC,11,97,Somajiguda,Women,2,Vanam Sangeetha,,,,,,,8284,Telangana Rashtra Samithi,TRS,,11516,1,,7,21429,52.059,,50685,22121,692,43.644,,
Telangana,2020,,,0,Hyderabad,GHMC,MC,11,97,Somajiguda,Women,3,G VIJAYA DURGA GUNTI,,,,,,,1605,Bharatiya Janata Party,BJP,,7679,2,,7,21429,34.714,,50685,22121,692,43.644,,
Telangana,2020,,,0,Hyderabad,GHMC,MC,11,97,Somajiguda,Women,1,Madhavi Nasam,,,,,,,8300,Telugu Desam,TDP,,1042,3,,7,21429,4.71,,50685,22121,692,43.644,,
Telangana,2020,,,0,Hyderabad,GHMC,MC,11,97,Somajiguda,Women,4,N Swetha,,,,,,,3482,CONGRESS,INC,,986,4,,7,21429,4.457,,50685,22121,692,43.644,,
Telangana,2020,,,0,Hyderabad,GHMC,MC,11,97,Somajiguda,Women,5,K Anitha,,,,,,,10809,Independent,IND,,25,5,,7,21429,0.113,,50685,22121,692,43.644,,
Telangana,2020,,,0,Hyderabad,GHMC,MC,11,97,Somajiguda,Women,6,Dr. Kuna Snehalatha,,,,,,,10809,Independent,IND,,22,6,,7,21429,0.099,,50685,22121,692,43.644,,
Telangana,2020,,,0,Hyderabad,GHMC,MC,11,97,Somajiguda,Women,7,DILAWAR HARITHA,,,,,,,10809,Independent,IND,,15,7,,7,21429,0.068,,50685,22121,692,43.644,,
Telangana,2020,,,0,Hyderabad,GHMC,MC,11,97,Somajiguda,Women,,NOTA,,,,,,,,,,,144,8,,7,21429,0.651,,50685,22121,692,43.644,,
Telangana,2020,,,0,Hyderabad,GHMC,MC,11,98,Ameerpet,Women,4,Ketineni Sarala,,,,,,,1605,Bharatiya Janata Party,BJP,,8947,1,,5,18031,48.654,,48358,18389,358,38.027,,
Telangana,2020,,,0,Hyderabad,GHMC,MC,11,98,Ameerpet,Women,1,Seshu Kumari.N,,,,,,,8284,Telangana Rashtra Samithi,TRS,,7646,2,,5,18031,41.579,,48358,18389,358,38.027,,
Telangana,2020,,,0,Hyderabad,GHMC,MC,11,98,Ameerpet,Women,2,Maddipatla Varalakshmi,,,,,,,8300,Telugu Desam,TDP,,771,3,,5,18031,4.193,,48358,18389,358,38.027,,
Telangana,2020,,,0,Hyderabad,GHMC,MC,11,98,Ameerpet,Women,5,C. Shailaja,,,,,,,3482,CONGRESS,INC,,489,4,,5,18031,2.659,,48358,18389,358,38.027,,
Telangana,2020,,,0,Hyderabad,GHMC,MC,11,98,Ameerpet,Women,3,Chukka Sudha,,,,,,,10809,Independent,IND,,24,5,,5,18031,0.131,,48358,18389,358,38.027,,
Telangana,2020,,,0,Hyderabad,GHMC,MC,11,98,Ameerpet,Women,,NOTA,,,,,,,,,,,154,6,,5,18031,0.837,,48358,18389,358,38.027,,
Telangana,2020,,,0,Hyderabad,GHMC,MC,11,99,Vengalrao nagar,Unreserved,4,G. Dedeepya,,,,,,,8284,Telangana Rashtra Samithi,TRS,,9211,1,,8,19518,46.476,,49118,19819,301,40.35,,
Telangana,2020,,,0,Hyderabad,GHMC,MC,11,99,Vengalrao nagar,Unreserved,1,Kilari Manohar,,,,,,,1605,Bharatiya Janata Party,BJP,,8065,2,,8,19518,40.693,,49118,19819,301,40.35,,
Telangana,2020,,,0,Hyderabad,GHMC,MC,11,99,Vengalrao nagar,Unreserved,2,Chittineni Vijaya Sree,,,,,,,8300,Telugu Desam,TDP,,1356,3,,8,19518,6.842,,49118,19819,301,40.35,,
Telangana,2020,,,0,Hyderabad,GHMC,MC,11,99,Vengalrao nagar,Unreserved,3,Jinka Alice,,,,,,,3482,CONGRESS,INC,,539,4,,8,19518,2.72,,49118,19819,301,40.35,,
Telangana,2020,,,0,Hyderabad,GHMC,MC,11,99,Vengalrao nagar,Unreserved,5,Kolluru Swapna Kumari,,,,,,,10809,Independent,IND,,33,5,,8,19518,0.167,,49118,19819,301,40.35,,
Telangana,2020,,,0,Hyderabad,GHMC,MC,11,99,Vengalrao nagar,Unreserved,6,Jitta Ramu,,,,,,,10809,Independent,IND,,32,6,,8,19518,0.161,,49118,19819,301,40.35,,
Telangana,2020,,,0,Hyderabad,GHMC,MC,11,99,Vengalrao nagar,Unreserved,7,Pulicheru Suresh,,,,,,,10809,Independent,IND,,32,7,,8,19518,0.161,,49118,19819,301,40.35,,
Telangana,2020,,,0,Hyderabad,GHMC,MC,11,99,Vengalrao nagar,Unreserved,8,Shiva Shankar Manne,,,,,,,10809,Independent,IND,,28,8,,8,19518,0.141,,49118,19819,301,40.35,,
Telangana,2020,,,0,Hyderabad,GHMC,MC,11,99,Vengalrao nagar,Unreserved,,NOTA,,,,,,,,,,,222,9,,8,19518,1.12,,49118,19819,301,40.35,,
Telangana,2020,,,0,Hyderabad,GHMC,MC,11,100,Sanathnagar,Women,2,KOLANU LAXMI,,,,,,,8284,Telangana Rashtra Samithi,TRS,,11665,1,,5,23779,48.079,,60790,24262,483,39.911,,
Telangana,2020,,,0,Hyderabad,GHMC,MC,11,100,Sanathnagar,Women,3,K ANNAPURNA,,,,,,,1605,Bharatiya Janata Party,BJP,,9236,2,,5,23779,38.068,,60790,24262,483,39.911,,
Telangana,2020,,,0,Hyderabad,GHMC,MC,11,100,Sanathnagar,Women,4,TANVEER,,,,,,,3482,CONGRESS,INC,,1435,3,,5,23779,5.915,,60790,24262,483,39.911,,
Telangana,2020,,,0,Hyderabad,GHMC,MC,11,100,Sanathnagar,Women,1,K JAYA SREE,,,,,,,8300,Telugu Desam,TDP,,1033,4,,5,23779,4.258,,60790,24262,483,39.911,,
Telangana,2020,,,0,Hyderabad,GHMC,MC,11,100,Sanathnagar,Women,5,PERUMALLA VYSHNAVI,,,,,,,10809,Independent,IND,,219,5,,5,23779,0.903,,60790,24262,483,39.911,,
Telangana,2020,,,0,Hyderabad,GHMC,MC,11,100,Sanathnagar,Women,,NOTA,,,,,,,,,,,191,6,,5,23779,0.787,,60790,24262,483,39.911,,
Telangana,2020,,,0,Hyderabad,GHMC,MC,11,101,Erragadda,Backward Classes (Women),5,Shaheen Begum,,,,,,,706,All India Majlis-E Ithehad-Ul Muslimeen,AIMIM,,8971,1,,7,23910,36.886,,56113,24321,411,43.343,,
Telangana,2020,,,0,Hyderabad,GHMC,MC,11,101,Erragadda,Backward Classes (Women),3,K.Pallavi,,,,,,,8284,Telangana Rashtra Samithi,TRS,,7737,2,,7,23910,31.812,,56113,24321,411,43.343,,
Telangana,2020,,,0,Hyderabad,GHMC,MC,11,101,Erragadda,Backward Classes (Women),1,Derangula Prasanna,,,,,,,1605,Bharatiya Janata Party,BJP,,5502,3,,7,23910,22.622,,56113,24321,411,43.343,,
Telangana,2020,,,0,Hyderabad,GHMC,MC,11,101,Erragadda,Backward Classes (Women),2,Nowsheen Begum,,,,,,,3482,CONGRESS,INC,,1403,4,,7,23910,5.769,,56113,24321,411,43.343,,
Telangana,2020,,,0,Hyderabad,GHMC,MC,11,101,Erragadda,Backward Classes (Women),4,Yasmeen Begum,,,,,,,2444,Communist Part of India,CPI,,63,5,,7,23910,0.259,,56113,24321,411,43.343,,
Telangana,2020,,,0,Hyderabad,GHMC,MC,11,101,Erragadda,Backward Classes (Women),6,Naseem Begum,,,,,,,10809,Independent,IND,,13,6,,7,23910,0.053,,56113,24321,411,43.343,,
Telangana,2020,,,0,Hyderabad,GHMC,MC,11,101,Erragadda,Backward Classes (Women),7,Raziya Begum,,,,,,,10809,Independent,IND,,6,7,,7,23910,0.025,,56113,24321,411,43.343,,
Telangana,2020,,,0,Hyderabad,GHMC,MC,11,101,Erragadda,Backward Classes (Women),,NOTA,,,,,,,,,,,215,8,,7,23910,0.884,,56113,24321,411,43.343,,
Telangana,2020,,,0,Hyderabad,GHMC,MC,11,102,Rahmath nagar,Unreserved,3,C.N. REDDY,,,,,,,8284,Telangana Rashtra Samithi,TRS,,14972,1,,14,28451,51.355,,64558,29154,703,45.159,,
Telangana,2020,,,0,Hyderabad,GHMC,MC,11,102,Rahmath nagar,Unreserved,1,Kolan Venkatesh,,,,,,,1605,Bharatiya Janata Party,BJP,,5276,2,,14,28451,18.097,,64558,29154,703,45.159,,
Telangana,2020,,,0,Hyderabad,GHMC,MC,11,102,Rahmath nagar,Unreserved,4,B Shiva Shankar,,,,,,,3482,CONGRESS,INC,,4209,3,,14,28451,14.437,,64558,29154,703,45.159,,
Telangana,2020,,,0,Hyderabad,GHMC,MC,11,102,Rahmath nagar,Unreserved,5,Md. Suleman,,,,,,,706,All India Majlis-E Ithehad-Ul Muslimeen,AIMIM,,3323,4,,14,28451,11.398,,64558,29154,703,45.159,,
Telangana,2020,,,0,Hyderabad,GHMC,MC,11,102,Rahmath nagar,Unreserved,2,Jakati Swamy,,,,,,,14635,COMMUNIST MARXIST PARTY OF INDIA,CPM,,202,5,,14,28451,0.693,,64558,29154,703,45.159,,
Telangana,2020,,,0,Hyderabad,GHMC,MC,11,102,Rahmath nagar,Unreserved,11,Malapuli Jagadishwar Kumar,,,,,,,10809,Independent,IND,,100,6,,14,28451,0.343,,64558,29154,703,45.159,,
Telangana,2020,,,0,Hyderabad,GHMC,MC,11,102,Rahmath nagar,Unreserved,9,Farheen Begum,,,,,,,10809,Independent,IND,,57,7,,14,28451,0.196,,64558,29154,703,45.159,,
Telangana,2020,,,0,Hyderabad,GHMC,MC,11,102,Rahmath nagar,Unreserved,12,A Veeramani,,,,,,,10809,Independent,IND,,50,8,,14,28451,0.172,,64558,29154,703,45.159,,
Telangana,2020,,,0,Hyderabad,GHMC,MC,11,102,Rahmath nagar,Unreserved,14,Sowbhagya laxmi saranga,,,,,,,10809,Independent,IND,,28,9,,14,28451,0.096,,64558,29154,703,45.159,,
Telangana,2020,,,0,Hyderabad,GHMC,MC,11,102,Rahmath nagar,Unreserved,7,Eddu Albert Kuresh,,,,,,,10809,Independent,IND,,26,10,,14,28451,0.089,,64558,29154,703,45.159,,
Telangana,2020,,,0,Hyderabad,GHMC,MC,11,102,Rahmath nagar,Unreserved,13,Surender Lingamdenne K,,,,,,,10809,Independent,IND,,17,11,,14,28451,0.058,,64558,29154,703,45.159,,
Telangana,2020,,,0,Hyderabad,GHMC,MC,11,102,Rahmath nagar,Unreserved,6,Jarepotula Parsuharam,,,,,,,u10034,Hindustan Janata Party,HINDJP,,9,12,,14,28451,0.031,,64558,29154,703,45.159,https://www.news18.com/news/politics/jambagh-election-result-2020-live-updates-jambagh-ward-winner-contestants-corporator-3139355.html,
Telangana,2020,,,0,Hyderabad,GHMC,MC,11,102,Rahmath nagar,Unreserved,10,Mohammed Burraq Parvez,,,,,,,10809,Independent,IND,,9,13,,14,28451,0.031,,64558,29154,703,45.159,,
Telangana,2020,,,0,Hyderabad,GHMC,MC,11,102,Rahmath nagar,Unreserved,8,Kasala Arun Kumar,,,,,,,10809,Independent,IND,,5,14,,14,28451,0.017,,64558,29154,703,45.159,,
Telangana,2020,,,0,Hyderabad,GHMC,MC,11,102,Rahmath nagar,Unreserved,,NOTA,,,,,,,,,,,168,15,,14,28451,0.576,,64558,29154,703,45.159,,
Telangana,2020,,,0,Hyderabad,GHMC,MC,11,103,Borabanda,Backward Class,2,MD BABA FASIUDDIN,,,,,,,8284,Telangana Rashtra Samithi,TRS,,14326,1,,8,21300,66.028,,45309,21697,397,47.887,,
Telangana,2020,,,0,Hyderabad,GHMC,MC,11,103,Borabanda,Backward Class,3,MANDHUVADA SRINIVAS GOUD,,,,,,,1605,Bharatiya Janata Party,BJP,,5162,2,,8,21300,23.791,,45309,21697,397,47.887,,
Telangana,2020,,,0,Hyderabad,GHMC,MC,11,103,Borabanda,Backward Class,5,SHAIK SHAREEF,,,,,,,3482,CONGRESS,INC,,961,3,,8,21300,4.429,,45309,21697,397,47.887,,
Telangana,2020,,,0,Hyderabad,GHMC,MC,11,103,Borabanda,Backward Class,4,SHAIK MUNEER,,,,,,,706,All India Majlis-E Ithehad-Ul Muslimeen,AIMIM,,421,4,,8,21300,1.94,,45309,21697,397,47.887,,
Telangana,2020,,,0,Hyderabad,GHMC,MC,11,103,Borabanda,Backward Class,1,G ARUN RAJU,,,,,,,8300,Telugu Desam,TDP,,178,5,,8,21300,0.82,,45309,21697,397,47.887,,
Telangana,2020,,,0,Hyderabad,GHMC,MC,11,103,Borabanda,Backward Class,7,THOUTA KRISHNA,,,,,,,10809,Independent,IND,,127,6,,8,21300,0.585,,45309,21697,397,47.887,,
Telangana,2020,,,0,Hyderabad,GHMC,MC,11,103,Borabanda,Backward Class,8,M PRASANNA KUMARI,,,,,,,10809,Independent,IND,,15,7,,8,21300,0.069,,45309,21697,397,47.887,,
Telangana,2020,,,0,Hyderabad,GHMC,MC,11,103,Borabanda,Backward Class,6,KAVITHA CH,,,,,,,10809,Independent,IND,,3,8,,8,21300,0.014,,45309,21697,397,47.887,,
Telangana,2020,,,0,Hyderabad,GHMC,MC,11,103,Borabanda,Backward Class,,NOTA,,,,,,,,,,,107,9,,8,21300,0.493,,45309,21697,397,47.887,,
Telangana,2020,,,0,Hyderabad,GHMC,MC,11,104,Kondapur,Unreserved,4,Shaik Hameed,,,,,,,8284,Telangana Rashtra Samithi,TRS,,14758,1,,8,28405,51.325,,69455,28754,349,41.399,,
Telangana,2020,,,0,Hyderabad,GHMC,MC,11,104,Kondapur,Unreserved,3,M Raghunath,,,,,,,1605,Bharatiya Janata Party,BJP,,10772,2,,8,28405,37.463,,69455,28754,349,41.399,,
Telangana,2020,,,0,Hyderabad,GHMC,MC,11,104,Kondapur,Unreserved,2,Gangala Mahipal Yadav,,,,,,,3482,CONGRESS,INC,,1372,3,,8,28405,4.772,,69455,28754,349,41.399,,
Telangana,2020,,,0,Hyderabad,GHMC,MC,11,104,Kondapur,Unreserved,5,Siraj SD,,,,,,,8300,Telugu Desam,TDP,,604,4,,8,28405,2.101,,69455,28754,349,41.399,,
Telangana,2020,,,0,Hyderabad,GHMC,MC,11,104,Kondapur,Unreserved,1,Kanaka Maimidi Srisailam Goud,,,,,,,2444,Communist Part of India,CPI,,78,5,,8,28405,0.271,,69455,28754,349,41.399,,
Telangana,2020,,,0,Hyderabad,GHMC,MC,11,104,Kondapur,Unreserved,8,M Haris Sagar,,,,,,,10809,Independent,IND,,63,6,,8,28405,0.219,,69455,28754,349,41.399,,
Telangana,2020,,,0,Hyderabad,GHMC,MC,11,104,Kondapur,Unreserved,7,Sheik Sajeeda Bagum,,,,,,,10809,Independent,IND,,61,7,,8,28405,0.212,,69455,28754,349,41.399,,
Telangana,2020,,,0,Hyderabad,GHMC,MC,11,104,Kondapur,Unreserved,6,Janapala Durga Prasad,,,,,,,10809,Independent,IND,,22,8,,8,28405,0.077,,69455,28754,349,41.399,,
Telangana,2020,,,0,Hyderabad,GHMC,MC,11,104,Kondapur,Unreserved,,NOTA,,,,,,,,,,,675,9,,8,28405,2.347,,69455,28754,349,41.399,,
Telangana,2020,,,0,Hyderabad,GHMC,MC,11,105,Gachibowli,Unreserved,2,V.Gangadhar Reddy,,,,,,,1605,Bharatiya Janata Party,BJP,,10602,1,,6,21347,48.391,,50814,21909,562,43.116,,
Telangana,2020,,,0,Hyderabad,GHMC,MC,11,105,Gachibowli,Unreserved,3,K.Sai Baba,,,,,,,8284,Telangana Rashtra Samithi,TRS,,9467,2,,6,21347,43.211,,50814,21909,562,43.116,,
Telangana,2020,,,0,Hyderabad,GHMC,MC,11,105,Gachibowli,Unreserved,1,Arakala Bharath Kumar,,,,,,,3482,CONGRESS,INC,,951,3,,6,21347,4.341,,50814,21909,562,43.116,,
Telangana,2020,,,0,Hyderabad,GHMC,MC,11,105,Gachibowli,Unreserved,6,Sangam Praveen Kumar goud,,,,,,,10809,Independent,IND,,47,4,,6,21347,0.215,,50814,21909,562,43.116,,
Telangana,2020,,,0,Hyderabad,GHMC,MC,11,105,Gachibowli,Unreserved,4,Arshala Raju,,,,,,,2895,Dalita Bahujana Party,DBP,,39,5,,6,21347,0.178,,50814,21909,562,43.116,,
Telangana,2020,,,0,Hyderabad,GHMC,MC,11,105,Gachibowli,Unreserved,5,P.Chandra Mouli,,,,,,,10809,Independent,IND,,34,6,,6,21347,0.155,,50814,21909,562,43.116,,
Telangana,2020,,,0,Hyderabad,GHMC,MC,11,105,Gachibowli,Unreserved,,NOTA,,,,,,,,,,,207,7,,6,21347,0.945,,50814,21909,562,43.116,,
Telangana,2020,,,0,Hyderabad,GHMC,MC,11,106,Serilingampally,Unreserved,5,Ragam Nagender Yadav,,,,,,,8284,Telangana Rashtra Samithi,TRS,,12911,1,,13,26356,47.672,,65520,27083,727,41.335,,
Telangana,2020,,,0,Hyderabad,GHMC,MC,11,106,Serilingampally,Unreserved,3,K.Yellesh,,,,,,,1605,Bharatiya Janata Party,BJP,,11468,2,,13,26356,42.344,,65520,27083,727,41.335,,
Telangana,2020,,,0,Hyderabad,GHMC,MC,11,106,Serilingampally,Unreserved,1,Madupathi Shiva Kumar,,,,,,,3482,CONGRESS,INC,,597,3,,13,26356,2.204,,65520,27083,727,41.335,,
Telangana,2020,,,0,Hyderabad,GHMC,MC,11,106,Serilingampally,Unreserved,4,Yeruva Samba Shiva Goud,,,,,,,8300,Telugu Desam,TDP,,551,4,,13,26356,2.034,,65520,27083,727,41.335,,
Telangana,2020,,,0,Hyderabad,GHMC,MC,11,106,Serilingampally,Unreserved,12,D.Satish Kumar,,,,,,,10809,Independent,IND,,195,5,,13,26356,0.72,,65520,27083,727,41.335,,
Telangana,2020,,,0,Hyderabad,GHMC,MC,11,106,Serilingampally,Unreserved,10,B.Vijaya Lakshmi,,,,,,,10809,Independent,IND,,122,6,,13,26356,0.45,,65520,27083,727,41.335,,
Telangana,2020,,,0,Hyderabad,GHMC,MC,11,106,Serilingampally,Unreserved,9,M.Prem Kumar,,,,,,,10809,Independent,IND,,88,7,,13,26356,0.325,,65520,27083,727,41.335,,
Telangana,2020,,,0,Hyderabad,GHMC,MC,11,106,Serilingampally,Unreserved,2,Yaseen Basha R,,,,,,,3040,All India Forward Bloc,AIFB,,40,8,,13,26356,0.148,,65520,27083,727,41.335,,
Telangana,2020,,,0,Hyderabad,GHMC,MC,11,106,Serilingampally,Unreserved,13,Samuel Gowripaga,,,,,,,10809,Independent,IND,,36,9,,13,26356,0.133,,65520,27083,727,41.335,,
Telangana,2020,,,0,Hyderabad,GHMC,MC,11,106,Serilingampally,Unreserved,7,Gunji Vasu,,,,,,,10809,Independent,IND,,25,10,,13,26356,0.092,,65520,27083,727,41.335,,
Telangana,2020,,,0,Hyderabad,GHMC,MC,11,106,Serilingampally,Unreserved,6,Madhusudhan Daivapooja,,,,,,,5399,Marxist Communist Party of India (United),MCPIU,,23,11,,13,26356,0.085,,65520,27083,727,41.335,,
Telangana,2020,,,0,Hyderabad,GHMC,MC,11,106,Serilingampally,Unreserved,8,Nallaganti Mallesham,,,,,,,10809,Independent,IND,,9,12,,13,26356,0.033,,65520,27083,727,41.335,,
Telangana,2020,,,0,Hyderabad,GHMC,MC,11,106,Serilingampally,Unreserved,11,K.Srinivas,,,,,,,10809,Independent,IND,,8,13,,13,26356,0.03,,65520,27083,727,41.335,,
Telangana,2020,,,0,Hyderabad,GHMC,MC,11,106,Serilingampally,Unreserved,,NOTA,,,,,,,,,,,283,14,,13,26356,1.045,,65520,27083,727,41.335,,
Telangana,2020,,,0,Hyderabad,GHMC,MC,11,107,Madhapur,Unreserved,2,V. JAGADEESHWAR GOUD,,,,,,,8284,Telangana Rashtra Samithi,TRS,,13672,1,,6,22099,61,,58126,22413,314,38.559,,
Telangana,2020,,,0,Hyderabad,GHMC,MC,11,107,Madhapur,Unreserved,1,GANGALA RADHAKRISHNA YADAV,,,,,,,1605,Bharatiya Janata Party,BJP,,6767,2,,6,22099,30.192,,58126,22413,314,38.559,,
Telangana,2020,,,0,Hyderabad,GHMC,MC,11,107,Madhapur,Unreserved,3,SRI. THANNERU PRASAD,,,,,,,8300,Telugu Desam,TDP,,1005,3,,6,22099,4.484,,58126,22413,314,38.559,,
Telangana,2020,,,0,Hyderabad,GHMC,MC,11,107,Madhapur,Unreserved,4,SRI. D. NAGESH,,,,,,,3482,CONGRESS,INC,,481,4,,6,22099,2.146,,58126,22413,314,38.559,,
Telangana,2020,,,0,Hyderabad,GHMC,MC,11,107,Madhapur,Unreserved,6,SRI. SHAIK WAHEED,,,,,,,10809,Independent,IND,,21,5,,6,22099,0.094,,58126,22413,314,38.559,,
Telangana,2020,,,0,Hyderabad,GHMC,MC,11,107,Madhapur,Unreserved,5,SRI. AREPALLI SAMBASIVA RAO,,,,,,,10809,Independent,IND,,11,6,,6,22099,0.049,,58126,22413,314,38.559,,
Telangana,2020,,,0,Hyderabad,GHMC,MC,11,107,Madhapur,Unreserved,,NOTA,,,,,,,,,,,142,7,,6,22099,0.634,,58126,22413,314,38.559,,
Telangana,2020,,,0,Hyderabad,GHMC,MC,11,108,Miyapur,Unreserved,1,Uppalapati Sreekanth,,,,,,,8284,Telangana Rashtra Samithi,TRS,,9735,1,,7,20828,46.048,,58165,21141,313,36.347,,
Telangana,2020,,,0,Hyderabad,GHMC,MC,11,108,Miyapur,Unreserved,4,K Raghavender Rao,,,,,,,1605,Bharatiya Janata Party,BJP,,7534,2,,7,20828,35.637,,58165,21141,313,36.347,,
Telangana,2020,,,0,Hyderabad,GHMC,MC,11,108,Miyapur,Unreserved,3,Mohd Ileyas Shareef,,,,,,,3482,CONGRESS,INC,,1642,3,,7,20828,7.767,,58165,21141,313,36.347,,
Telangana,2020,,,0,Hyderabad,GHMC,MC,11,108,Miyapur,Unreserved,2,Bondalpati Sudhakar,,,,,,,8300,Telugu Desam,TDP,,1076,4,,7,20828,5.09,,58165,21141,313,36.347,,
Telangana,2020,,,0,Hyderabad,GHMC,MC,11,108,Miyapur,Unreserved,5,Muralikrishna Goud,,,,,,,5399,Marxist Communist Party of India (United),MCPIU,,625,5,,7,20828,2.956,,58165,21141,313,36.347,,
Telangana,2020,,,0,Hyderabad,GHMC,MC,11,108,Miyapur,Unreserved,7,Santosh Reddy Thoutreddy,,,,,,,8284,Telangana Rashtra Samithi,TRS,,23,6,,7,20828,0.109,,58165,21141,313,36.347,,
Telangana,2020,,,0,Hyderabad,GHMC,MC,11,108,Miyapur,Unreserved,6,Srinivas K,,,,,,,5399,Marxist Communist Party of India (United),MCPIU,,7,7,,7,20828,0.033,,58165,21141,313,36.347,,
Telangana,2020,,,0,Hyderabad,GHMC,MC,11,108,Miyapur,Unreserved,,NOTA,,,,,,,,,,,186,8,,7,20828,0.88,,58165,21141,313,36.347,,
Telangana,2020,,,0,Hyderabad,GHMC,MC,11,109,Hafeezpet,Women,2,V.PUJITHA,,,,,,,8284,Telangana Rashtra Samithi,TRS,,15039,1,,5,27314,54.199,,70479,27748,434,39.371,,
Telangana,2020,,,0,Hyderabad,GHMC,MC,11,109,Hafeezpet,Women,3,BOINI ANUSHA YADAV,,,,,,,1605,Bharatiya Janata Party,BJP,,9850,2,,5,27314,35.498,,70479,27748,434,39.371,,
Telangana,2020,,,0,Hyderabad,GHMC,MC,11,109,Hafeezpet,Women,1,KURRA DHANA LAKSHMI,,,,,,,8300,Telugu Desam,TDP,,1474,3,,5,27314,5.312,,70479,27748,434,39.371,,
Telangana,2020,,,0,Hyderabad,GHMC,MC,11,109,Hafeezpet,Women,4,J.RENUKA,,,,,,,3482,CONGRESS,INC,,630,4,,5,27314,2.27,,70479,27748,434,39.371,,
Telangana,2020,,,0,Hyderabad,GHMC,MC,11,109,Hafeezpet,Women,5,SULTANA BEGUM,,,,,,,5399,Marxist Communist Party of India (United),MCPIU,,38,5,,5,27314,0.137,,70479,27748,434,39.371,,
Telangana,2020,,,0,Hyderabad,GHMC,MC,11,109,Hafeezpet,Women,,NOTA,,,,,,,,,,,283,6,,5,27314,1.02,,70479,27748,434,39.371,,
Telangana,2020,,,0,Hyderabad,GHMC,MC,11,110,Chanda nagar,Women,4,Smt. R.Manjula,,,,,,,8284,Telangana Rashtra Samithi,TRS,,11975,1,,6,23359,50.542,,60111,23693,334,39.415,,
Telangana,2020,,,0,Hyderabad,GHMC,MC,11,110,Chanda nagar,Women,2,Smt. Kasireddy Sindhu Reddy,,,,,,,1605,Bharatiya Janata Party,BJP,,8704,2,,6,23359,36.737,,60111,23693,334,39.415,,
Telangana,2020,,,0,Hyderabad,GHMC,MC,11,110,Chanda nagar,Women,3,Smt. Mounika Jella,,,,,,,8300,Telugu Desam,TDP,,1400,3,,6,23359,5.909,,60111,23693,334,39.415,,
Telangana,2020,,,0,Hyderabad,GHMC,MC,11,110,Chanda nagar,Women,1,Smt. Aksari Begum,,,,,,,3482,CONGRESS,INC,,946,4,,6,23359,3.993,,60111,23693,334,39.415,,
Telangana,2020,,,0,Hyderabad,GHMC,MC,11,110,Chanda nagar,Women,6,Smt. Padmavathy B,,,,,,,10809,Independent,IND,,30,5,,6,23359,0.127,,60111,23693,334,39.415,,
Telangana,2020,,,0,Hyderabad,GHMC,MC,11,110,Chanda nagar,Women,5,Pushpa Angadi,,,,,,,5399,Marxist Communist Party of India (United),MCPIU,,26,6,,6,23359,0.11,,60111,23693,334,39.415,,
Telangana,2020,,,0,Hyderabad,GHMC,MC,11,110,Chanda nagar,Women,,NOTA,,,,,,,,,,,278,7,,6,23359,1.173,,60111,23693,334,39.415,,
Telangana,2020,,,0,Hyderabad,GHMC,MC,11,111,Bharathi nagar,Women,4,V Sindhu,,,,,,,8284,Telangana Rashtra Samithi,TRS,,11563,1,,5,19400,58.678,,31829,19706,306,61.912,,
Telangana,2020,,,0,Hyderabad,GHMC,MC,11,111,Bharathi nagar,Women,1,Godhavari Chinnamile,,,,,,,1605,Bharatiya Janata Party,BJP,,6905,2,,5,19400,35.04,,31829,19706,306,61.912,,
Telangana,2020,,,0,Hyderabad,GHMC,MC,11,111,Bharathi nagar,Women,2,Patlolla Madhavi Latha,,,,,,,3482,CONGRESS,INC,,381,3,,5,19400,1.933,,31829,19706,306,61.912,,
Telangana,2020,,,0,Hyderabad,GHMC,MC,11,111,Bharathi nagar,Women,3,Mamatha Chunduri,,,,,,,8300,Telugu Desam,TDP,,363,4,,5,19400,1.842,,31829,19706,306,61.912,,
Telangana,2020,,,0,Hyderabad,GHMC,MC,11,111,Bharathi nagar,Women,5,Akula Aruna Sree,,,,,,,10809,Independent,IND,,50,5,,5,19400,0.254,,31829,19706,306,61.912,,
Telangana,2020,,,0,Hyderabad,GHMC,MC,11,111,Bharathi nagar,Women,,NOTA,,,,,,,,,,,138,6,,5,19400,0.7,,31829,19706,306,61.912,,
Telangana,2020,,,0,Hyderabad,GHMC,MC,11,112,Ramachandrapuram,Backward Class,4,Smt.Burugadda Pushpa,,,,,,,8284,Telangana Rashtra Samithi,TRS,,11540,1,,6,18745,60.772,,28118,18989,244,67.533,,
Telangana,2020,,,0,Hyderabad,GHMC,MC,11,112,Ramachandrapuram,Backward Class,2,Sri.Nallagandla Narsing Goud,,,,,,,1605,Bharatiya Janata Party,BJP,,5781,2,,6,18745,30.444,,28118,18989,244,67.533,,
Telangana,2020,,,0,Hyderabad,GHMC,MC,11,112,Ramachandrapuram,Backward Class,1,Sri. Jonnada Maveen Goud,,,,,,,3482,CONGRESS,INC,,791,3,,6,18745,4.166,,28118,18989,244,67.533,,
Telangana,2020,,,0,Hyderabad,GHMC,MC,11,112,Ramachandrapuram,Backward Class,3,Smt. Padmaja Peddigari,,,,,,,8300,Telugu Desam,TDP,,393,4,,6,18745,2.07,,28118,18989,244,67.533,,
Telangana,2020,,,0,Hyderabad,GHMC,MC,11,112,Ramachandrapuram,Backward Class,5,Sri. Katighar Manohar,,,,,,,10809,Independent,IND,,38,5,,6,18745,0.2,,28118,18989,244,67.533,,
Telangana,2020,,,0,Hyderabad,GHMC,MC,11,112,Ramachandrapuram,Backward Class,6,Sri.Venkataram Laxmi Narayana,,,,,,,10809,Independent,IND,,31,6,,6,18745,0.163,,28118,18989,244,67.533,,
Telangana,2020,,,0,Hyderabad,GHMC,MC,11,112,Ramachandrapuram,Backward Class,,NOTA,,,,,,,,,,,171,7,,6,18745,0.901,,28118,18989,244,67.533,,
Telangana,2020,,,0,Hyderabad,GHMC,MC,11,113,Patancheruvu,Backward Class,2,Sri. Mettu Kumar Yadav,,,,,,,8284,Telangana Rashtra Samithi,TRS,,15523,1,,6,26954,56.645,,41667,27404,450,65.769,,
Telangana,2020,,,0,Hyderabad,GHMC,MC,11,113,Patancheruvu,Backward Class,1,Sri. Ashish Goud Thouti,,,,,,,1605,Bharatiya Janata Party,BJP,,9440,2,,6,26954,34.448,,41667,27404,450,65.769,,
Telangana,2020,,,0,Hyderabad,GHMC,MC,11,113,Patancheruvu,Backward Class,4,Smt. Muthyala Jayamma,,,,,,,3482,CONGRESS,INC,,1235,3,,6,26954,4.507,,41667,27404,450,65.769,,
Telangana,2020,,,0,Hyderabad,GHMC,MC,11,113,Patancheruvu,Backward Class,6,Sri. Kamal David Janampally,,,,,,,8300,Telugu Desam,TDP,,301,4,,6,26954,1.098,,41667,27404,450,65.769,,
Telangana,2020,,,0,Hyderabad,GHMC,MC,11,113,Patancheruvu,Backward Class,5,Sri. Gundu Pradeep Kumar,,,,,,,10809,Independent,IND,,163,5,,6,26954,0.595,,41667,27404,450,65.769,,
Telangana,2020,,,0,Hyderabad,GHMC,MC,11,113,Patancheruvu,Backward Class,3,Sri. Aenturi Vijender,,,,,,,10809,Independent,IND,,68,6,,6,26954,0.248,,41667,27404,450,65.769,,
Telangana,2020,,,0,Hyderabad,GHMC,MC,11,113,Patancheruvu,Backward Class,,NOTA,,,,,,,,,,,224,7,,6,26954,0.817,,41667,27404,450,65.769,,
Telangana,2020,,,0,Hyderabad,GHMC,MC,11,114,KPHB colony,Unreserved,3,Mandadi Srinivasa Rao,,,,,,,8284,Telangana Rashtra Samithi,TRS,,12498,1,,11,26246,47.01,,53812,26586,340,49.405,,
Telangana,2020,,,0,Hyderabad,GHMC,MC,11,114,KPHB colony,Unreserved,4,Sarivigari Preetham Kumar Reddy,,,,,,,1605,Bharatiya Janata Party,BJP,,10093,2,,11,26246,37.964,,53812,26586,340,49.405,,
Telangana,2020,,,0,Hyderabad,GHMC,MC,11,114,KPHB colony,Unreserved,1,Uppala Padma Chowdary,,,,,,,8300,Telugu Desam,TDP,,2656,3,,11,26246,9.99,,53812,26586,340,49.405,,
Telangana,2020,,,0,Hyderabad,GHMC,MC,11,114,KPHB colony,Unreserved,2,Gandham Yesu Raju,,,,,,,3482,CONGRESS,INC,,517,4,,11,26246,1.945,,53812,26586,340,49.405,,
Telangana,2020,,,0,Hyderabad,GHMC,MC,11,114,KPHB colony,Unreserved,10,P V V R S Murthi,,,,,,,10809,Independent,IND,,85,5,,11,26246,0.32,,53812,26586,340,49.405,,
Telangana,2020,,,0,Hyderabad,GHMC,MC,11,114,KPHB colony,Unreserved,5,MaMILLA ANAND,,,,,,,3331,India Praja Bandhu Party,IPBP,,52,6,,11,26246,0.196,,53812,26586,340,49.405,,
Telangana,2020,,,0,Hyderabad,GHMC,MC,11,114,KPHB colony,Unreserved,7,Chandra Sekhar Chalika,,,,,,,10809,Independent,IND,,14,7,,11,26246,0.053,,53812,26586,340,49.405,,
Telangana,2020,,,0,Hyderabad,GHMC,MC,11,114,KPHB colony,Unreserved,9,S V J K Prshanth Ungarala,,,,,,,10809,Independent,IND,,13,8,,11,26246,0.049,,53812,26586,340,49.405,,
Telangana,2020,,,0,Hyderabad,GHMC,MC,11,114,KPHB colony,Unreserved,6,Kethineni Parvathi Priya Darshini,,,,,,,10809,Independent,IND,,5,9,,11,26246,0.019,,53812,26586,340,49.405,,
Telangana,2020,,,0,Hyderabad,GHMC,MC,11,114,KPHB colony,Unreserved,11,Venkata Ramana Rao Dasari,,,,,,,10809,Independent,IND,,5,10,,11,26246,0.019,,53812,26586,340,49.405,,
Telangana,2020,,,0,Hyderabad,GHMC,MC,11,114,KPHB colony,Unreserved,8,Patlolla Sainath Reddy,,,,,,,10809,Independent,IND,,4,11,,11,26246,0.015,,53812,26586,340,49.405,,
Telangana,2020,,,0,Hyderabad,GHMC,MC,11,114,KPHB colony,Unreserved,,NOTA,,,,,,,,,,,304,12,,11,26246,1.143,,53812,26586,340,49.405,,
Telangana,2020,,,0,Hyderabad,GHMC,MC,11,115,Balaji nagar,Women,4,P Sirisha,,,,,,,8284,Telangana Rashtra Samithi,TRS,,12701,1,,6,25964,47.878,,54800,26528,564,48.409,,
Telangana,2020,,,0,Hyderabad,GHMC,MC,11,115,Balaji nagar,Women,1,Aritakula Charumathi Devi,,,,,,,1605,Bharatiya Janata Party,BJP,,9880,2,,6,25964,37.244,,54800,26528,564,48.409,,
Telangana,2020,,,0,Hyderabad,GHMC,MC,11,115,Balaji nagar,Women,3,Ranjitha Kadempalli,,,,,,,8300,Telugu Desam,TDP,,2252,3,,6,25964,8.489,,54800,26528,564,48.409,,
Telangana,2020,,,0,Hyderabad,GHMC,MC,11,115,Balaji nagar,Women,2,Beeram Indirareddy,,,,,,,3482,CONGRESS,INC,,734,4,,6,25964,2.767,,54800,26528,564,48.409,,
Telangana,2020,,,0,Hyderabad,GHMC,MC,11,115,Balaji nagar,Women,5,Varudu Sujatha,,,,,,,10809,Independent,IND,,99,5,,6,25964,0.373,,54800,26528,564,48.409,,
Telangana,2020,,,0,Hyderabad,GHMC,MC,11,115,Balaji nagar,Women,6,P Sandhya P,,,,,,,10809,Independent,IND,,9,6,,6,25964,0.034,,54800,26528,564,48.409,,
Telangana,2020,,,0,Hyderabad,GHMC,MC,11,115,Balaji nagar,Women,,NOTA,,,,,,,,,,,289,7,,6,25964,1.089,,54800,26528,564,48.409,,
Telangana,2020,,,0,Hyderabad,GHMC,MC,11,116,Allapur,Women,5,Sabiha Begum,,,,,,,8284,Telangana Rashtra Samithi,TRS,,18648,1,,6,29854,61.223,,63635,30459,605,47.865,,
Telangana,2020,,,0,Hyderabad,GHMC,MC,11,116,Allapur,Women,3,PULIGOLLA SRILAKSHMI,,,,,,,1605,Bharatiya Janata Party,BJP,,8338,2,,6,29854,27.375,,63635,30459,605,47.865,,
Telangana,2020,,,0,Hyderabad,GHMC,MC,11,116,Allapur,Women,1,KAUSER BEGUM,,,,,,,3482,CONGRESS,INC,,1687,3,,6,29854,5.539,,63635,30459,605,47.865,,
Telangana,2020,,,0,Hyderabad,GHMC,MC,11,116,Allapur,Women,2,NASEEMA BEGUM,,,,,,,706,All India Majlis-E Ithehad-Ul Muslimeen,AIMIM,,504,4,,6,29854,1.655,,63635,30459,605,47.865,,
Telangana,2020,,,0,Hyderabad,GHMC,MC,11,116,Allapur,Women,4,MOHAMMED UZMA,,,,,,,8300,Telugu Desam,TDP,,417,5,,6,29854,1.369,,63635,30459,605,47.865,,
Telangana,2020,,,0,Hyderabad,GHMC,MC,11,116,Allapur,Women,6,ZAHEDA BEGUM,,,,,,,10809,Independent,IND,,38,6,,6,29854,0.125,,63635,30459,605,47.865,,
Telangana,2020,,,0,Hyderabad,GHMC,MC,11,116,Allapur,Women,,NOTA,,,,,,,,,,,222,7,,6,29854,0.729,,63635,30459,605,47.865,,
Telangana,2020,,,0,Hyderabad,GHMC,MC,11,117,Moosapet,Unreserved,2,K MAHENDAR,,,,,,,1605,Bharatiya Janata Party,BJP,,10068,1,,8,22706,42.991,,44594,23419,713,52.516,,
Telangana,2020,,,0,Hyderabad,GHMC,MC,11,117,Moosapet,Unreserved,1,THOMU SRAVAN KUMAR,,,,,,,8284,Telangana Rashtra Samithi,TRS,,9530,2,,8,22706,40.693,,44594,23419,713,52.516,,
Telangana,2020,,,0,Hyderabad,GHMC,MC,11,117,Moosapet,Unreserved,3,RAGHAVENDER GOPISHETTY,,,,,,,3482,CONGRESS,INC,,1989,3,,8,22706,8.493,,44594,23419,713,52.516,,
Telangana,2020,,,0,Hyderabad,GHMC,MC,11,117,Moosapet,Unreserved,4,U RAMAKRISHNA,,,,,,,8300,Telugu Desam,TDP,,833,4,,8,22706,3.557,,44594,23419,713,52.516,,
Telangana,2020,,,0,Hyderabad,GHMC,MC,11,117,Moosapet,Unreserved,7,HARI SANKARA SARMA KOLLURU,,,,,,,u10036,Indian People's Congress,IPC,,49,5,,8,22706,0.209,,44594,23419,713,52.516,,
Telangana,2020,,,0,Hyderabad,GHMC,MC,11,117,Moosapet,Unreserved,6,MD SIRAJ,,,,,,,8529,Welfare Party of India,WPI,,36,6,,8,22706,0.154,,44594,23419,713,52.516,https://www.indiatvnews.com/news/india/ghmc-polls-2020-all-you-need-to-know-polling-station-eligibility-rules-candidates-aimim-trs-bjp-tdp-hyderabad-civic-elections-668291,
Telangana,2020,,,0,Hyderabad,GHMC,MC,11,117,Moosapet,Unreserved,5,MOHAMMED AMEAR,,,,,,,8272,Telangana Jana Samithi,TJSP,,21,7,,8,22706,0.09,,44594,23419,713,52.516,https://www.newindianexpress.com/cities/hyderabad/2020/dec/07/ghmc-results-independents-win-no-seats-but-cut-into-vote-share-of-others-2232779.html,
Telangana,2020,,,0,Hyderabad,GHMC,MC,11,117,Moosapet,Unreserved,8,NARSING RAO MANNE,,,,,,,10809,Independent,IND,,12,8,,8,22706,0.051,,44594,23419,713,52.516,,
Telangana,2020,,,0,Hyderabad,GHMC,MC,11,117,Moosapet,Unreserved,,NOTA,,,,,,,,,,,168,9,,8,22706,0.717,,44594,23419,713,52.516,,
Telangana,2020,,,0,Hyderabad,GHMC,MC,11,118,Fathe nagar,Unreserved,3,Satish Babu Pandala,,,,,,,8284,Telangana Rashtra Samithi,TRS,,11626,1,,9,24842,45.412,,53235,25601,759,48.091,,
Telangana,2020,,,0,Hyderabad,GHMC,MC,11,118,Fathe nagar,Unreserved,1,M.KRISHNA GOUD,,,,,,,1605,Bharatiya Janata Party,BJP,,9131,2,,9,24842,35.667,,53235,25601,759,48.091,,
Telangana,2020,,,0,Hyderabad,GHMC,MC,11,118,Fathe nagar,Unreserved,4,Syed Ahmed,,,,,,,3482,CONGRESS,INC,,1886,3,,9,24842,7.367,,53235,25601,759,48.091,,
Telangana,2020,,,0,Hyderabad,GHMC,MC,11,118,Fathe nagar,Unreserved,7,MAHENDAR KANCHI,,,,,,,10809,Independent,IND,,1289,4,,9,24842,5.035,,53235,25601,759,48.091,,
Telangana,2020,,,0,Hyderabad,GHMC,MC,11,118,Fathe nagar,Unreserved,2,Batta Raghavender,,,,,,,8300,Telugu Desam,TDP,,543,5,,9,24842,2.121,,53235,25601,759,48.091,,
Telangana,2020,,,0,Hyderabad,GHMC,MC,11,118,Fathe nagar,Unreserved,8,YELLA RAO THOOMU,,,,,,,10809,Independent,IND,,53,6,,9,24842,0.207,,53235,25601,759,48.091,,
Telangana,2020,,,0,Hyderabad,GHMC,MC,11,118,Fathe nagar,Unreserved,6,DARA JOHN,,,,,,,10809,Independent,IND,,46,7,,9,24842,0.18,,53235,25601,759,48.091,,
Telangana,2020,,,0,Hyderabad,GHMC,MC,11,118,Fathe nagar,Unreserved,9,Shaik Mohammed Rasool,,,,,,,10809,Independent,IND,,38,8,,9,24842,0.148,,53235,25601,759,48.091,,
Telangana,2020,,,0,Hyderabad,GHMC,MC,11,118,Fathe nagar,Unreserved,5,KALEEM SHAIK,,,,,,,8529,Welfare Party of India,WPI,,12,9,,9,24842,0.047,,53235,25601,759,48.091,https://www.indiatvnews.com/news/india/ghmc-polls-2020-all-you-need-to-know-polling-station-eligibility-rules-candidates-aimim-trs-bjp-tdp-hyderabad-civic-elections-668291,
Telangana,2020,,,0,Hyderabad,GHMC,MC,11,118,Fathe nagar,Unreserved,,NOTA,,,,,,,,,,,218,10,,9,24842,0.852,,53235,25601,759,48.091,,
Telangana,2020,,,0,Hyderabad,GHMC,MC,11,119,Old bowenpally,Unreserved,3,M NARSIMHA YADAV,,,,,,,8284,Telangana Rashtra Samithi,TRS,,16031,1,,11,26944,57.786,,57501,27742,798,48.246,,
Telangana,2020,,,0,Hyderabad,GHMC,MC,11,119,Old bowenpally,Unreserved,2,YENGULA THIRUPATHI,,,,,,,1605,Bharatiya Janata Party,BJP,,8560,2,,11,26944,30.856,,57501,27742,798,48.246,,
Telangana,2020,,,0,Hyderabad,GHMC,MC,11,119,Old bowenpally,Unreserved,1,AMULYA D,,,,,,,3482,CONGRESS,INC,,1349,3,,11,26944,4.863,,57501,27742,798,48.246,,
Telangana,2020,,,0,Hyderabad,GHMC,MC,11,119,Old bowenpally,Unreserved,4,RAGAM MAHENDER YADAV,,,,,,,8300,Telugu Desam,TDP,,310,4,,11,26944,1.117,,57501,27742,798,48.246,,
Telangana,2020,,,0,Hyderabad,GHMC,MC,11,119,Old bowenpally,Unreserved,5,SYED OSMAN,,,,,,,706,All India Majlis-E Ithehad-Ul Muslimeen,AIMIM,,248,5,,11,26944,0.894,,57501,27742,798,48.246,,
Telangana,2020,,,0,Hyderabad,GHMC,MC,11,119,Old bowenpally,Unreserved,7,D ASHOK,,,,,,,10809,Independent,IND,,54,6,,11,26944,0.195,,57501,27742,798,48.246,,
Telangana,2020,,,0,Hyderabad,GHMC,MC,11,119,Old bowenpally,Unreserved,11,MD YOUSUFUDDIN GHORI,,,,,,,10809,Independent,IND,,39,7,,11,26944,0.141,,57501,27742,798,48.246,,
Telangana,2020,,,0,Hyderabad,GHMC,MC,11,119,Old bowenpally,Unreserved,8,KATARAM SATYANARAYANA,,,,,,,10809,Independent,IND,,32,8,,11,26944,0.115,,57501,27742,798,48.246,,
Telangana,2020,,,0,Hyderabad,GHMC,MC,11,119,Old bowenpally,Unreserved,9,JANI SALEEM PASHA,,,,,,,10809,Independent,IND,,31,9,,11,26944,0.112,,57501,27742,798,48.246,,
Telangana,2020,,,0,Hyderabad,GHMC,MC,11,119,Old bowenpally,Unreserved,6,ADDULA MALLESH YADAV,,,,,,,10809,Independent,IND,,7,10,,11,26944,0.025,,57501,27742,798,48.246,,
Telangana,2020,,,0,Hyderabad,GHMC,MC,11,119,Old bowenpally,Unreserved,10,MOHAMMAD ABDUL KHADER,,,,,,,10809,Independent,IND,,4,11,,11,26944,0.014,,57501,27742,798,48.246,,
Telangana,2020,,,0,Hyderabad,GHMC,MC,11,119,Old bowenpally,Unreserved,,NOTA,,,,,,,,,,,279,12,,11,26944,1.006,,57501,27742,798,48.246,,
Telangana,2020,,,0,Hyderabad,GHMC,MC,11,120,Bala nagar,Unreserved,1,AVULA RAVINDAR REDDY,,,,,,,8284,Telangana Rashtra Samithi,TRS,,10945,1,,7,21363,49.841,,43307,21960,597,50.708,,
Telangana,2020,,,0,Hyderabad,GHMC,MC,11,120,Bala nagar,Unreserved,3,YASA NARSI REDDY,,,,,,,1605,Bharatiya Janata Party,BJP,,7214,2,,7,21363,32.851,,43307,21960,597,50.708,,
Telangana,2020,,,0,Hyderabad,GHMC,MC,11,120,Bala nagar,Unreserved,4,SATYAM SRIRANGAM,,,,,,,3482,CONGRESS,INC,,1713,3,,7,21363,7.801,,43307,21960,597,50.708,,
Telangana,2020,,,0,Hyderabad,GHMC,MC,11,120,Bala nagar,Unreserved,2,CHILUKURI HARICHAND,,,,,,,8300,Telugu Desam,TDP,,1156,4,,7,21363,5.264,,43307,21960,597,50.708,,
Telangana,2020,,,0,Hyderabad,GHMC,MC,11,120,Bala nagar,Unreserved,7,R.RAJ KUMAR,,,,,,,10809,Independent,IND,,88,5,,7,21363,0.401,,43307,21960,597,50.708,,
Telangana,2020,,,0,Hyderabad,GHMC,MC,11,120,Bala nagar,Unreserved,6,MUSTAFA MOHAMMED,,,,,,,10809,Independent,IND,,32,6,,7,21363,0.146,,43307,21960,597,50.708,,
Telangana,2020,,,0,Hyderabad,GHMC,MC,11,120,Bala nagar,Unreserved,5,MOHAMMED WAHEEDUDDIN,,,,,,,10809,Independent,IND,,31,7,,7,21363,0.141,,43307,21960,597,50.708,,
Telangana,2020,,,0,Hyderabad,GHMC,MC,11,120,Bala nagar,Unreserved,,NOTA,,,,,,,,,,,184,8,,7,21363,0.838,,43307,21960,597,50.708,,
Telangana,2020,,,0,Hyderabad,GHMC,MC,11,121,Kukatpally,Unreserved,2,JUPALLY SATYANARAYANA RAO,,,,,,,8284,Telangana Rashtra Samithi,TRS,,10679,1,,7,22982,45.571,,48481,23434,452,48.336,,
Telangana,2020,,,0,Hyderabad,GHMC,MC,11,121,Kukatpally,Unreserved,3,PAVAN KUMAR NAINENI,,,,,,,1605,Bharatiya Janata Party,BJP,,9930,2,,7,22982,42.374,,48481,23434,452,48.336,,
Telangana,2020,,,0,Hyderabad,GHMC,MC,11,121,Kukatpally,Unreserved,1,GOTTIMUKKULA VISHWATEJESWAR RAO,,,,,,,3482,CONGRESS,INC,,1390,3,,7,22982,5.932,,48481,23434,452,48.336,,
Telangana,2020,,,0,Hyderabad,GHMC,MC,11,121,Kukatpally,Unreserved,4,SRIRAMOJU SHIVA KUMAR,,,,,,,8300,Telugu Desam,TDP,,721,4,,7,22982,3.077,,48481,23434,452,48.336,,
Telangana,2020,,,0,Hyderabad,GHMC,MC,11,121,Kukatpally,Unreserved,5,KONDAPAKA KRISHNA,,,,,,,10809,Independent,IND,,22,5,,7,22982,0.094,,48481,23434,452,48.336,,
Telangana,2020,,,0,Hyderabad,GHMC,MC,11,121,Kukatpally,Unreserved,7,BEGARI DASARATH,,,,,,,10809,Independent,IND,,17,6,,7,22982,0.073,,48481,23434,452,48.336,,
Telangana,2020,,,0,Hyderabad,GHMC,MC,11,121,Kukatpally,Unreserved,6,BATHULA CHAITANYA,,,,,,,10809,Independent,IND,,12,7,,7,22982,0.051,,48481,23434,452,48.336,,
Telangana,2020,,,0,Hyderabad,GHMC,MC,11,121,Kukatpally,Unreserved,,NOTA,,,,,,,,,,,211,8,,7,22982,0.9,,48481,23434,452,48.336,,
Telangana,2020,,,0,Hyderabad,GHMC,MC,11,122,V V nagar,Women,2,MADHAVARAM ROJA DEVI,,,,,,,8284,Telangana Rashtra Samithi,TRS,,11658,1,,5,22160,51.896,,54267,22464,304,41.395,,
Telangana,2020,,,0,Hyderabad,GHMC,MC,11,122,V V nagar,Women,3,U VIDHYA KALPANA,,,,,,,1605,Bharatiya Janata Party,BJP,,7539,2,,5,22160,33.56,,54267,22464,304,41.395,,
Telangana,2020,,,0,Hyderabad,GHMC,MC,11,122,V V nagar,Women,4,VENKATA SAMRAJYAM DANAMUDI,,,,,,,8300,Telugu Desam,TDP,,2297,3,,5,22160,10.225,,54267,22464,304,41.395,,
Telangana,2020,,,0,Hyderabad,GHMC,MC,11,122,V V nagar,Women,1,BASHIPAKA NAGAMANI,,,,,,,3482,CONGRESS,INC,,402,4,,5,22160,1.79,,54267,22464,304,41.395,,
Telangana,2020,,,0,Hyderabad,GHMC,MC,11,122,V V nagar,Women,5,SRUTHI UPPALA,,,,,,,10809,Independent,IND,,16,5,,5,22160,0.071,,54267,22464,304,41.395,,
Telangana,2020,,,0,Hyderabad,GHMC,MC,11,122,V V nagar,Women,,NOTA,,,,,,,,,,,248,6,,5,22160,1.104,,54267,22464,304,41.395,,
Telangana,2020,,,0,Hyderabad,GHMC,MC,11,123,Hyder nagar,Unreserved,2,NARNE SRINIVASA RAO,,,,,,,8284,Telangana Rashtra Samithi,TRS,,9260,1,,6,19150,47.813,,51258,19367,217,37.783,,
Telangana,2020,,,0,Hyderabad,GHMC,MC,11,123,Hyder nagar,Unreserved,3,VELAGA SRINIVAS,,,,,,,1605,Bharatiya Janata Party,BJP,,7227,2,,6,19150,37.316,,51258,19367,217,37.783,,
Telangana,2020,,,0,Hyderabad,GHMC,MC,11,123,Hyder nagar,Unreserved,1,KODALI RAVI KUMAR,,,,,,,8300,Telugu Desam,TDP,,2119,3,,6,19150,10.941,,51258,19367,217,37.783,,
Telangana,2020,,,0,Hyderabad,GHMC,MC,11,123,Hyder nagar,Unreserved,4,SEETHA RAMA RAJU BOLLEPALLY,,,,,,,3482,CONGRESS,INC,,291,4,,6,19150,1.503,,51258,19367,217,37.783,,
Telangana,2020,,,0,Hyderabad,GHMC,MC,11,123,Hyder nagar,Unreserved,5,IKRAN SHAIK,,,,,,,5399,Marxist Communist Party of India (United),MCPIU,,71,5,,6,19150,0.367,,51258,19367,217,37.783,,
Telangana,2020,,,0,Hyderabad,GHMC,MC,11,123,Hyder nagar,Unreserved,6,MAVULETI VENKATA RAJU,,,,,,,10809,Independent,IND,,3,6,,6,19150,0.015,,51258,19367,217,37.783,,
Telangana,2020,,,0,Hyderabad,GHMC,MC,11,123,Hyder nagar,Unreserved,,NOTA,,,,,,,,,,,179,7,,6,19150,0.924,,51258,19367,217,37.783,,
Telangana,2020,,,0,Hyderabad,GHMC,MC,11,124,Allwyn colony,Unreserved,1,DODLA VENKATESH GOUD,,,,,,,8284,Telangana Rashtra Samithi,TRS,,11079,1,,11,23398,46.007,,61036,24081,683,39.454,,
Telangana,2020,,,0,Hyderabad,GHMC,MC,11,124,Allwyn colony,Unreserved,4,SURABHI RAVINDER RAO,,,,,,,1605,Bharatiya Janata Party,BJP,,9835,2,,11,23398,40.841,,61036,24081,683,39.454,,
Telangana,2020,,,0,Hyderabad,GHMC,MC,11,124,Allwyn colony,Unreserved,2,K.BALA BRAHMAM,,,,,,,8300,Telugu Desam,TDP,,1182,3,,11,23398,4.908,,61036,24081,683,39.454,,
Telangana,2020,,,0,Hyderabad,GHMC,MC,11,124,Allwyn colony,Unreserved,3,MARELLA SRINIVASA RAO,,,,,,,3482,CONGRESS,INC,,798,4,,11,23398,3.314,,61036,24081,683,39.454,,
Telangana,2020,,,0,Hyderabad,GHMC,MC,11,124,Allwyn colony,Unreserved,6,V.KALI ANURADHA,,,,,,,10809,Independent,IND,,63,5,,11,23398,0.262,,61036,24081,683,39.454,,
Telangana,2020,,,0,Hyderabad,GHMC,MC,11,124,Allwyn colony,Unreserved,8,BALUGURI RANGA RAO,,,,,,,10809,Independent,IND,,60,6,,11,23398,0.249,,61036,24081,683,39.454,,
Telangana,2020,,,0,Hyderabad,GHMC,MC,11,124,Allwyn colony,Unreserved,10,SRINIVASA RAO JADAV,,,,,,,10809,Independent,IND,,43,7,,11,23398,0.179,,61036,24081,683,39.454,,
Telangana,2020,,,0,Hyderabad,GHMC,MC,11,124,Allwyn colony,Unreserved,9,K.MANEMMA,,,,,,,10809,Independent,IND,,26,8,,11,23398,0.108,,61036,24081,683,39.454,,
Telangana,2020,,,0,Hyderabad,GHMC,MC,11,124,Allwyn colony,Unreserved,7,CH SRI VENKATA BHIMA PRASAD,,,,,,,10809,Independent,IND,,18,9,,11,23398,0.075,,61036,24081,683,39.454,,
Telangana,2020,,,0,Hyderabad,GHMC,MC,11,124,Allwyn colony,Unreserved,5,C.KAMALAKAR REDDY,,,,,,,8272,Telangana Jana Samithi,TJSP,,16,10,,11,23398,0.066,,61036,24081,683,39.454,https://www.newindianexpress.com/cities/hyderabad/2020/dec/07/ghmc-results-independents-win-no-seats-but-cut-into-vote-share-of-others-2232779.html,
Telangana,2020,,,0,Hyderabad,GHMC,MC,11,124,Allwyn colony,Unreserved,11,M.SUNIL KUMAR,,,,,,,10809,Independent,IND,,14,11,,11,23398,0.058,,61036,24081,683,39.454,,
Telangana,2020,,,0,Hyderabad,GHMC,MC,11,124,Allwyn colony,Unreserved,,NOTA,,,,,,,,,,,264,12,,11,23398,1.096,,61036,24081,683,39.454,,
Telangana,2020,,,0,Hyderabad,GHMC,MC,11,125,Gajularamaram,Backward Class,3,Ravula Seshagiri,,,,,,,8284,Telangana Rashtra Samithi,TRS,,13267,1,,11,31266,40.978,,56300,32376,1110,57.506,,
Telangana,2020,,,0,Hyderabad,GHMC,MC,11,125,Gajularamaram,Backward Class,1,Kuna Srinivas Goud,,,,,,,3482,CONGRESS,INC,,12830,2,,11,31266,39.628,,56300,32376,1110,57.506,,
Telangana,2020,,,0,Hyderabad,GHMC,MC,11,125,Gajularamaram,Backward Class,2,Jukuri Sridhar,,,,,,,1605,Bharatiya Janata Party,BJP,,4531,3,,11,31266,13.995,,56300,32376,1110,57.506,,
Telangana,2020,,,0,Hyderabad,GHMC,MC,11,125,Gajularamaram,Backward Class,8,Patlolla Veershetty,,,,,,,10809,Independent,IND,,125,4,,11,31266,0.386,,56300,32376,1110,57.506,,
Telangana,2020,,,0,Hyderabad,GHMC,MC,11,125,Gajularamaram,Backward Class,7,V Narendra Chary,,,,,,,10809,Independent,IND,,116,5,,11,31266,0.358,,56300,32376,1110,57.506,,
Telangana,2020,,,0,Hyderabad,GHMC,MC,11,125,Gajularamaram,Backward Class,9,Yadagiri Sagar,,,,,,,10809,Independent,IND,,91,6,,11,31266,0.281,,56300,32376,1110,57.506,,
Telangana,2020,,,0,Hyderabad,GHMC,MC,11,125,Gajularamaram,Backward Class,4,Malyam Mani,,,,,,,8272,Telangana Jana Samithi,TJSP,,32,7,,11,31266,0.099,,56300,32376,1110,57.506,https://www.newindianexpress.com/cities/hyderabad/2020/dec/07/ghmc-results-independents-win-no-seats-but-cut-into-vote-share-of-others-2232779.html,
Telangana,2020,,,0,Hyderabad,GHMC,MC,11,125,Gajularamaram,Backward Class,10,P Ranjith Kumar,,,,,,,10809,Independent,IND,,20,8,,11,31266,0.062,,56300,32376,1110,57.506,,
Telangana,2020,,,0,Hyderabad,GHMC,MC,11,125,Gajularamaram,Backward Class,5,Ravindar k.,,,,,,,5399,Marxist Communist Party of India (United),MCPIU,,19,9,,11,31266,0.059,,56300,32376,1110,57.506,,
Telangana,2020,,,0,Hyderabad,GHMC,MC,11,125,Gajularamaram,Backward Class,6,Akbar Mohd,,,,,,,10809,Independent,IND,,18,10,,11,31266,0.056,,56300,32376,1110,57.506,,
Telangana,2020,,,0,Hyderabad,GHMC,MC,11,125,Gajularamaram,Backward Class,11,SAINATH Y,,,,,,,10809,Independent,IND,,9,11,,11,31266,0.028,,56300,32376,1110,57.506,,
Telangana,2020,,,0,Hyderabad,GHMC,MC,11,125,Gajularamaram,Backward Class,,NOTA,,,,,,,,,,,208,12,,11,31266,0.642,,56300,32376,1110,57.506,,
Telangana,2020,,,0,Hyderabad,GHMC,MC,11,126,Jagadgiri gutta,Backward Class,2,Kolukula JAgan,,,,,,,8284,Telangana Rashtra Samithi,TRS,,10382,1,,6,23519,42.823,,45785,24244,725,52.952,,
Telangana,2020,,,0,Hyderabad,GHMC,MC,11,126,Jagadgiri gutta,Backward Class,3,MAHESH YADAV JELLA,,,,,,,1605,Bharatiya Janata Party,BJP,,9904,2,,6,23519,40.851,,45785,24244,725,52.952,,
Telangana,2020,,,0,Hyderabad,GHMC,MC,11,126,Jagadgiri gutta,Backward Class,4,Varamma Guda,,,,,,,3482,CONGRESS,INC,,2153,3,,6,23519,8.881,,45785,24244,725,52.952,,
Telangana,2020,,,0,Hyderabad,GHMC,MC,11,126,Jagadgiri gutta,Backward Class,1,Ettaboina Uma Mahesh Yadav,,,,,,,2444,Communist Part of India,CPI,,668,4,,6,23519,2.755,,45785,24244,725,52.952,,
Telangana,2020,,,0,Hyderabad,GHMC,MC,11,126,Jagadgiri gutta,Backward Class,5,Katuri Pradeep Kumar,,,,,,,10809,Independent,IND,,84,5,,6,23519,0.346,,45785,24244,725,52.952,,
Telangana,2020,,,0,Hyderabad,GHMC,MC,11,126,Jagadgiri gutta,Backward Class,6,Ranigani Venu Goud,,,,,,,10809,Independent,IND,,54,6,,6,23519,0.223,,45785,24244,725,52.952,,
Telangana,2020,,,0,Hyderabad,GHMC,MC,11,126,Jagadgiri gutta,Backward Class,,NOTA,,,,,,,,,,,274,7,,6,23519,1.13,,45785,24244,725,52.952,,
Telangana,2020,,,0,Hyderabad,GHMC,MC,11,127,Rangareddy nagar,Backward Class,6,B Vijay Shekhar,,,,,,,8284,Telangana Rashtra Samithi,TRS,,13516,1,,9,21802,61.242,,40908,22070,268,53.95,,
Telangana,2020,,,0,Hyderabad,GHMC,MC,11,127,Rangareddy nagar,Backward Class,4,Nandanam Divakar,,,,,,,1605,Bharatiya Janata Party,BJP,,5555,2,,9,21802,25.17,,40908,22070,268,53.95,,
Telangana,2020,,,0,Hyderabad,GHMC,MC,11,127,Rangareddy nagar,Backward Class,2,Garige Shekar,,,,,,,3482,CONGRESS,INC,,1542,3,,9,21802,6.987,,40908,22070,268,53.95,,
Telangana,2020,,,0,Hyderabad,GHMC,MC,11,127,Rangareddy nagar,Backward Class,3,M Narsing Rao,,,,,,,8300,Telugu Desam,TDP,,405,4,,9,21802,1.835,,40908,22070,268,53.95,,
Telangana,2020,,,0,Hyderabad,GHMC,MC,11,127,Rangareddy nagar,Backward Class,9,Ramesh Manjalkar,,,,,,,10809,Independent,IND,,345,5,,9,21802,1.563,,40908,22070,268,53.95,,
Telangana,2020,,,0,Hyderabad,GHMC,MC,11,127,Rangareddy nagar,Backward Class,1,Etiyala Rajesh Goud,,,,,,,706,All India Majlis-E Ithehad-Ul Muslimeen,AIMIM,,99,6,,9,21802,0.449,,40908,22070,268,53.95,,
Telangana,2020,,,0,Hyderabad,GHMC,MC,11,127,Rangareddy nagar,Backward Class,8,Mirza Naseer Baig,,,,,,,10809,Independent,IND,,62,7,,9,21802,0.281,,40908,22070,268,53.95,,
Telangana,2020,,,0,Hyderabad,GHMC,MC,11,127,Rangareddy nagar,Backward Class,5,Mohammed Yakub,,,,,,,2444,Communist Part of India,CPI,,40,8,,9,21802,0.181,,40908,22070,268,53.95,,
Telangana,2020,,,0,Hyderabad,GHMC,MC,11,127,Rangareddy nagar,Backward Class,7,B Nithin goud,,,,,,,10809,Independent,IND,,25,9,,9,21802,0.113,,40908,22070,268,53.95,,
Telangana,2020,,,0,Hyderabad,GHMC,MC,11,127,Rangareddy nagar,Backward Class,,NOTA,,,,,,,,,,,213,10,,9,21802,0.965,,40908,22070,268,53.95,,
Telangana,2020,,,0,Hyderabad,GHMC,MC,11,128,Chintal,Backward Classes (Women),2,RASHIDA BEGUM,,,,,,,8284,Telangana Rashtra Samithi,TRS,,8477,1,,6,17719,46.669,,34874,18164,445,52.085,,
Telangana,2020,,,0,Hyderabad,GHMC,MC,11,128,Chintal,Backward Classes (Women),1,KOTTE RADHIKA,,,,,,,1605,Bharatiya Janata Party,BJP,,6554,2,,6,17719,36.082,,34874,18164,445,52.085,,
Telangana,2020,,,0,Hyderabad,GHMC,MC,11,128,Chintal,Backward Classes (Women),4,M H SNEHA PHILOMENA,,,,,,,3482,CONGRESS,INC,,2115,3,,6,17719,11.644,,34874,18164,445,52.085,,
Telangana,2020,,,0,Hyderabad,GHMC,MC,11,128,Chintal,Backward Classes (Women),3,Smt P. Lakshmi,,,,,,,8300,Telugu Desam,TDP,,300,4,,6,17719,1.652,,34874,18164,445,52.085,,
Telangana,2020,,,0,Hyderabad,GHMC,MC,11,128,Chintal,Backward Classes (Women),6,PURAM ANITHA,,,,,,,10809,Independent,IND,,56,5,,6,17719,0.308,,34874,18164,445,52.085,,
Telangana,2020,,,0,Hyderabad,GHMC,MC,11,128,Chintal,Backward Classes (Women),5,Pathi Shruthi,,,,,,,10809,Independent,IND,,15,6,,6,17719,0.083,,34874,18164,445,52.085,,
Telangana,2020,,,0,Hyderabad,GHMC,MC,11,128,Chintal,Backward Classes (Women),,NOTA,,,,,,,,,,,202,7,,6,17719,1.112,,34874,18164,445,52.085,,
Telangana,2020,,,0,Hyderabad,GHMC,MC,11,129,Suraram,Unreserved,3,Manthri Sathya Narayana,,,,,,,8284,Telangana Rashtra Samithi,TRS,,11115,1,,9,25971,41.742,,53303,26628,657,49.956,,
Telangana,2020,,,0,Hyderabad,GHMC,MC,11,129,Suraram,Unreserved,1,Bakka Shanker Reddy,,,,,,,1605,Bharatiya Janata Party,BJP,,7624,2,,9,25971,28.632,,53303,26628,657,49.956,,
Telangana,2020,,,0,Hyderabad,GHMC,MC,11,129,Suraram,Unreserved,2,Batta Venkatesh,,,,,,,3482,CONGRESS,INC,,6655,3,,9,25971,24.992,,53303,26628,657,49.956,,
Telangana,2020,,,0,Hyderabad,GHMC,MC,11,129,Suraram,Unreserved,4,RAYADURGAM LAXMIDEVI,,,,,,,14635,COMMUNIST MARXIST PARTY OF INDIA,CPM,,141,4,,9,25971,0.53,,53303,26628,657,49.956,,
Telangana,2020,,,0,Hyderabad,GHMC,MC,11,129,Suraram,Unreserved,8,N Ramu,,,,,,,10809,Independent,IND,,82,5,,9,25971,0.308,,53303,26628,657,49.956,,
Telangana,2020,,,0,Hyderabad,GHMC,MC,11,129,Suraram,Unreserved,7,Dandu Vishnu Kumar Yadav,,,,,,,10809,Independent,IND,,40,6,,9,25971,0.15,,53303,26628,657,49.956,,
Telangana,2020,,,0,Hyderabad,GHMC,MC,11,129,Suraram,Unreserved,5,Penta Srinivas,,,,,,,3331,India Praja Bandhu Party,IPBP,,25,7,,9,25971,0.094,,53303,26628,657,49.956,,
Telangana,2020,,,0,Hyderabad,GHMC,MC,11,129,Suraram,Unreserved,6,MOTHKUR VIJAY KUMAR,,,,,,,8272,Telangana Jana Samithi,TJSP,,16,8,,9,25971,0.06,,53303,26628,657,49.956,https://www.newindianexpress.com/cities/hyderabad/2020/dec/07/ghmc-results-independents-win-no-seats-but-cut-into-vote-share-of-others-2232779.html,
Telangana,2020,,,0,Hyderabad,GHMC,MC,11,129,Suraram,Unreserved,9,M Sriman Narayana Goud,,,,,,,10809,Independent,IND,,14,9,,9,25971,0.053,,53303,26628,657,49.956,,
Telangana,2020,,,0,Hyderabad,GHMC,MC,11,129,Suraram,Unreserved,,NOTA,,,,,,,,,,,259,10,,9,25971,0.973,,53303,26628,657,49.956,,
Telangana,2020,,,0,Hyderabad,GHMC,MC,11,130,Subhash nagar,Women,4,Hemalatha Gudimetla,,,,,,,8284,Telangana Rashtra Samithi,TRS,,19545,1,,9,32638,58.881,,67619,33194,556,49.09,,
Telangana,2020,,,0,Hyderabad,GHMC,MC,11,130,Subhash nagar,Women,3,Somannagari Malathi,,,,,,,1605,Bharatiya Janata Party,BJP,,8826,2,,9,32638,26.589,,67619,33194,556,49.09,,
Telangana,2020,,,0,Hyderabad,GHMC,MC,11,130,Subhash nagar,Women,1,Tanam Sravani reddy,,,,,,,3482,CONGRESS,INC,,2503,3,,9,32638,7.541,,67619,33194,556,49.09,,
Telangana,2020,,,0,Hyderabad,GHMC,MC,11,130,Subhash nagar,Women,2,Madduri Sai Tulasi,,,,,,,8300,Telugu Desam,TDP,,1158,4,,9,32638,3.489,,67619,33194,556,49.09,,
Telangana,2020,,,0,Hyderabad,GHMC,MC,11,130,Subhash nagar,Women,8,Dharmisetty Thulasi,,,,,,,10809,Independent,IND,,101,5,,9,32638,0.304,,67619,33194,556,49.09,,
Telangana,2020,,,0,Hyderabad,GHMC,MC,11,130,Subhash nagar,Women,9,Busi Reddy Vani,,,,,,,10809,Independent,IND,,71,6,,9,32638,0.214,,67619,33194,556,49.09,,
Telangana,2020,,,0,Hyderabad,GHMC,MC,11,130,Subhash nagar,Women,5,Doma Vijaya,,,,,,,8272,Telangana Jana Samithi,TJSP,,66,7,,9,32638,0.199,,67619,33194,556,49.09,https://www.newindianexpress.com/cities/hyderabad/2020/dec/07/ghmc-results-independents-win-no-seats-but-cut-into-vote-share-of-others-2232779.html,
Telangana,2020,,,0,Hyderabad,GHMC,MC,11,130,Subhash nagar,Women,7,Kommu Jyothi,,,,,,,10809,Independent,IND,,39,8,,9,32638,0.117,,67619,33194,556,49.09,,
Telangana,2020,,,0,Hyderabad,GHMC,MC,11,130,Subhash nagar,Women,6,S uma Mhaeswari,,,,,,,10809,Independent,IND,,18,9,,9,32638,0.054,,67619,33194,556,49.09,,
Telangana,2020,,,0,Hyderabad,GHMC,MC,11,130,Subhash nagar,Women,,NOTA,,,,,,,,,,,311,10,,9,32638,0.937,,67619,33194,556,49.09,,
Telangana,2020,,,0,Hyderabad,GHMC,MC,11,131,Quthubullapur,Women,1,KUNA GOURISH PARIJATHA,,,,,,,8284,Telangana Rashtra Samithi,TRS,,12220,1,,5,24988,48.363,,51973,25267,279,48.616,,
Telangana,2020,,,0,Hyderabad,GHMC,MC,11,131,Quthubullapur,Women,2,GADDAM SWATHIKA REDDY,,,,,,,1605,Bharatiya Janata Party,BJP,,10187,2,,5,24988,40.317,,51973,25267,279,48.616,,
Telangana,2020,,,0,Hyderabad,GHMC,MC,11,131,Quthubullapur,Women,4,RADHA ARRA,,,,,,,3482,CONGRESS,INC,,1122,3,,5,24988,4.441,,51973,25267,279,48.616,,
Telangana,2020,,,0,Hyderabad,GHMC,MC,11,131,Quthubullapur,Women,3,PAVANI ATLURI,,,,,,,8300,Telugu Desam,TDP,,1019,4,,5,24988,4.033,,51973,25267,279,48.616,,
Telangana,2020,,,0,Hyderabad,GHMC,MC,11,131,Quthubullapur,Women,5,DESI REDDY SARITHA,,,,,,,10809,Independent,IND,,172,5,,5,24988,0.681,,51973,25267,279,48.616,,
Telangana,2020,,,0,Hyderabad,GHMC,MC,11,131,Quthubullapur,Women,,NOTA,,,,,,,,,,,268,6,,5,24988,1.061,,51973,25267,279,48.616,,
Telangana,2020,,,0,Hyderabad,GHMC,MC,11,132,Jeedimetla,Women,1,CHERUKUPALLY TARA CHANDRA REDDY,,,,,,,1605,Bharatiya Janata Party,BJP,,14004,1,,3,26111,52.955,,56603,26445,334,46.72,,
Telangana,2020,,,0,Hyderabad,GHMC,MC,11,132,Jeedimetla,Women,2,K. PADMA,,,,,,,8284,Telangana Rashtra Samithi,TRS,,9198,2,,3,26111,34.782,,56603,26445,334,46.72,,
Telangana,2020,,,0,Hyderabad,GHMC,MC,11,132,Jeedimetla,Women,3,Bandi Lalitha,,,,,,,3482,CONGRESS,INC,,2637,3,,3,26111,9.972,,56603,26445,334,46.72,,
Telangana,2020,,,0,Hyderabad,GHMC,MC,11,132,Jeedimetla,Women,,NOTA,,,,,,,,,,,272,4,,3,26111,1.029,,56603,26445,334,46.72,,
Telangana,2020,,,0,Hyderabad,GHMC,MC,11,133,Macha bollaram,Scheduled Caste,3,E.S.Raj Jitendernath,,,,,,,8284,Telangana Rashtra Samithi,TRS,,12089,1,,8,26494,44.829,,51821,26967,473,52.039,,
Telangana,2020,,,0,Hyderabad,GHMC,MC,11,133,Macha bollaram,Scheduled Caste,4,Sarvey Naresh,,,,,,,1605,Bharatiya Janata Party,BJP,,12055,2,,8,26494,44.703,,51821,26967,473,52.039,,
Telangana,2020,,,0,Hyderabad,GHMC,MC,11,133,Macha bollaram,Scheduled Caste,2,C.L.Yadagiri,,,,,,,3482,CONGRESS,INC,,1524,3,,8,26494,5.651,,51821,26967,473,52.039,,
Telangana,2020,,,0,Hyderabad,GHMC,MC,11,133,Macha bollaram,Scheduled Caste,1,C.S.Thirumala Devi,,,,,,,8300,Telugu Desam,TDP,,259,4,,8,26494,0.96,,51821,26967,473,52.039,,
Telangana,2020,,,0,Hyderabad,GHMC,MC,11,133,Macha bollaram,Scheduled Caste,8,A.Srikanth,,,,,,,10809,Independent,IND,,89,5,,8,26494,0.33,,51821,26967,473,52.039,,
Telangana,2020,,,0,Hyderabad,GHMC,MC,11,133,Macha bollaram,Scheduled Caste,5,K.B.Nagamaiah,,,,,,,10809,Independent,IND,,64,6,,8,26494,0.237,,51821,26967,473,52.039,,
Telangana,2020,,,0,Hyderabad,GHMC,MC,11,133,Macha bollaram,Scheduled Caste,7,Y.Praveen,,,,,,,10809,Independent,IND,,63,7,,8,26494,0.234,,51821,26967,473,52.039,,
Telangana,2020,,,0,Hyderabad,GHMC,MC,11,133,Macha bollaram,Scheduled Caste,6,Pandugala Madhavi,,,,,,,10809,Independent,IND,,49,8,,8,26494,0.182,,51821,26967,473,52.039,,
Telangana,2020,,,0,Hyderabad,GHMC,MC,11,133,Macha bollaram,Scheduled Caste,,NOTA,,,,,,,,,,,302,9,,8,26494,1.12,,51821,26967,473,52.039,,
Telangana,2020,,,0,Hyderabad,GHMC,MC,11,134,Alwal,Women,2,CHINTALA VIJAY SHANTI,,,,,,,8284,Telangana Rashtra Samithi,TRS,,10998,1,,5,21856,49.657,,52565,22148,292,42.135,,
Telangana,2020,,,0,Hyderabad,GHMC,MC,11,134,Alwal,Women,1,KANDHIKANTI VEENA,,,,,,,1605,Bharatiya Janata Party,BJP,,8941,2,,5,21856,40.369,,52565,22148,292,42.135,,
Telangana,2020,,,0,Hyderabad,GHMC,MC,11,134,Alwal,Women,3,BANDI ANURADHA REDDY,,,,,,,3482,CONGRESS,INC,,1164,3,,5,21856,5.256,,52565,22148,292,42.135,,
Telangana,2020,,,0,Hyderabad,GHMC,MC,11,134,Alwal,Women,4,C LAVANYA,,,,,,,8300,Telugu Desam,TDP,,445,4,,5,21856,2.009,,52565,22148,292,42.135,,
Telangana,2020,,,0,Hyderabad,GHMC,MC,11,134,Alwal,Women,5,SHOBHA RANI BANDA,,,,,,,10809,Independent,IND,,47,5,,5,21856,0.212,,52565,22148,292,42.135,,
Telangana,2020,,,0,Hyderabad,GHMC,MC,11,134,Alwal,Women,,NOTA,,,,,,,,,,,261,6,,5,21856,1.178,,52565,22148,292,42.135,,
Telangana,2020,,,0,Hyderabad,GHMC,MC,11,135,Venkata puram,Scheduled Caste,4,Sabitha Kishore,,,,,,,8284,Telangana Rashtra Samithi,TRS,,7580,1,,5,17755,42.181,,40824,17970,215,44.018,,
Telangana,2020,,,0,Hyderabad,GHMC,MC,11,135,Venkata puram,Scheduled Caste,1,Gaddi Shivabhishek,,,,,,,1605,Bharatiya Janata Party,BJP,,6415,2,,5,17755,35.698,,40824,17970,215,44.018,,
Telangana,2020,,,0,Hyderabad,GHMC,MC,11,135,Venkata puram,Scheduled Caste,2,Thammala Shiva Sanjeev Kumar,,,,,,,3482,CONGRESS,INC,,3117,3,,5,17755,17.346,,40824,17970,215,44.018,,
Telangana,2020,,,0,Hyderabad,GHMC,MC,11,135,Venkata puram,Scheduled Caste,3,Bigulla Srinivas,,,,,,,8300,Telugu Desam,TDP,,302,4,,5,17755,1.681,,40824,17970,215,44.018,,
Telangana,2020,,,0,Hyderabad,GHMC,MC,11,135,Venkata puram,Scheduled Caste,5,M.C Jagadish,,,,,,,10809,Independent,IND,,35,5,,5,17755,0.195,,40824,17970,215,44.018,,
Telangana,2020,,,0,Hyderabad,GHMC,MC,11,135,Venkata puram,Scheduled Caste,,NOTA,,,,,,,,,,,306,6,,5,17755,1.703,,40824,17970,215,44.018,,
Telangana,2020,,,0,Hyderabad,GHMC,MC,11,136,Neredmet,Women,1,KOTHAPALLY MEENA REDDY,,,,,,,8284,Telangana Rashtra Samithi,TRS,,10330,1,,5,24573,41.03,,56481,25177,604,44.576,,
Telangana,2020,,,0,Hyderabad,GHMC,MC,11,136,Neredmet,Women,3,V. PRASANNA NAIDU,,,,,,,1605,Bharatiya Janata Party,BJP,,9662,2,,5,24573,38.376,,56481,25177,604,44.576,,
Telangana,2020,,,0,Hyderabad,GHMC,MC,11,136,Neredmet,Women,4,MARIYAMMA IYPE,,,,,,,3482,CONGRESS,INC,,3437,3,,5,24573,13.651,,56481,25177,604,44.576,,
Telangana,2020,,,0,Hyderabad,GHMC,MC,11,136,Neredmet,Women,2,M. TAMIL MANAVI,,,,,,,8300,Telugu Desam,TDP,,728,4,,5,24573,2.892,,56481,25177,604,44.576,,
Telangana,2020,,,0,Hyderabad,GHMC,MC,11,136,Neredmet,Women,5,NAGESWARI RUDRI,,,,,,,10809,Independent,IND,,93,5,,5,24573,0.369,,56481,25177,604,44.576,,
Telangana,2020,,,0,Hyderabad,GHMC,MC,11,136,Neredmet,Women,,NOTA,,,,,,,,,,,323,6,,5,24573,1.283,,56481,25177,604,44.576,,
Telangana,2020,,,0,Hyderabad,GHMC,MC,11,137,Vinayaka nagar,Women,4,CYANAM RAJYALAKSHMI,,,,,,,1605,Bharatiya Janata Party,BJP,,9972,1,,6,21462,45.257,,45186,22034,572,48.763,,
Telangana,2020,,,0,Hyderabad,GHMC,MC,11,137,Vinayaka nagar,Women,2,BADDAM PUSPALATHA,,,,,,,8284,Telangana Rashtra Samithi,TRS,,9685,2,,6,21462,43.955,,45186,22034,572,48.763,,
Telangana,2020,,,0,Hyderabad,GHMC,MC,11,137,Vinayaka nagar,Women,3,SAFHIA MOMIN,,,,,,,3482,CONGRESS,INC,,1053,3,,6,21462,4.779,,45186,22034,572,48.763,,
Telangana,2020,,,0,Hyderabad,GHMC,MC,11,137,Vinayaka nagar,Women,1,G ANURADHA,,,,,,,8300,Telugu Desam,TDP,,443,4,,6,21462,2.011,,45186,22034,572,48.763,,
Telangana,2020,,,0,Hyderabad,GHMC,MC,11,137,Vinayaka nagar,Women,6,PIDUGU PRANITHA,,,,,,,10809,Independent,IND,,40,5,,6,21462,0.182,,45186,22034,572,48.763,,
Telangana,2020,,,0,Hyderabad,GHMC,MC,11,137,Vinayaka nagar,Women,5,KAVITHA GODUGU,,,,,,,10809,Independent,IND,,23,6,,6,21462,0.104,,45186,22034,572,48.763,,
Telangana,2020,,,0,Hyderabad,GHMC,MC,11,137,Vinayaka nagar,Women,,NOTA,,,,,,,,,,,246,7,,6,21462,1.116,,45186,22034,572,48.763,,
Telangana,2020,,,0,Hyderabad,GHMC,MC,11,138,Moulali,Women,1,GUNNALA SUNITHA,,,,,,,1605,Bharatiya Janata Party,BJP,,10491,1,,9,24040,42.562,,51731,24649,609,47.648,,
Telangana,2020,,,0,Hyderabad,GHMC,MC,11,138,Moulali,Women,5,MUMTAZ FATHIMA,,,,,,,8284,Telangana Rashtra Samithi,TRS,,10240,2,,9,24040,41.543,,51731,24649,609,47.648,,
Telangana,2020,,,0,Hyderabad,GHMC,MC,11,138,Moulali,Women,3,POTHULA UMA MAHESHWARI,,,,,,,3482,CONGRESS,INC,,2009,3,,9,24040,8.15,,51731,24649,609,47.648,,
Telangana,2020,,,0,Hyderabad,GHMC,MC,11,138,Moulali,Women,4,B. PADMA,,,,,,,8300,Telugu Desam,TDP,,547,4,,9,24040,2.219,,51731,24649,609,47.648,,
Telangana,2020,,,0,Hyderabad,GHMC,MC,11,138,Moulali,Women,2,CHALLA LEELAVATHI,,,,,,,14635,COMMUNIST MARXIST PARTY OF INDIA,CPM,,178,5,,9,24040,0.722,,51731,24649,609,47.648,,
Telangana,2020,,,0,Hyderabad,GHMC,MC,11,138,Moulali,Women,6,GUNNALA PUSHPALATHA PRAVEEN GOUD,,,,,,,5107,Lok Satta Party,LSP,,79,6,,9,24040,0.32,,51731,24649,609,47.648,,
Telangana,2020,,,0,Hyderabad,GHMC,MC,11,138,Moulali,Women,8,NEERAJA LALA,,,,,,,10809,Independent,IND,,57,7,,9,24040,0.231,,51731,24649,609,47.648,,
Telangana,2020,,,0,Hyderabad,GHMC,MC,11,138,Moulali,Women,9,M RAJINI,,,,,,,10809,Independent,IND,,27,8,,9,24040,0.11,,51731,24649,609,47.648,,
Telangana,2020,,,0,Hyderabad,GHMC,MC,11,138,Moulali,Women,7,CHETTU ANURADHA,,,,,,,10809,Independent,IND,,15,9,,9,24040,0.061,,51731,24649,609,47.648,,
Telangana,2020,,,0,Hyderabad,GHMC,MC,11,138,Moulali,Women,,NOTA,,,,,,,,,,,397,10,,9,24040,1.611,,51731,24649,609,47.648,,
Telangana,2020,,,0,Hyderabad,GHMC,MC,11,139,East anand bagh,Unreserved,4,Y PREM KUMAR,,,,,,,8284,Telangana Rashtra Samithi,TRS,,10163,1,,9,21613,45.765,,48279,22207,594,45.997,,
Telangana,2020,,,0,Hyderabad,GHMC,MC,11,139,East anand bagh,Unreserved,3,NAGARAJ BAKKA,,,,,,,1605,Bharatiya Janata Party,BJP,,7567,2,,9,21613,34.075,,48279,22207,594,45.997,,
Telangana,2020,,,0,Hyderabad,GHMC,MC,11,139,East anand bagh,Unreserved,2,KOTHOWALA UMESH SINGH,,,,,,,3482,CONGRESS,INC,,2674,3,,9,21613,12.041,,48279,22207,594,45.997,,
Telangana,2020,,,0,Hyderabad,GHMC,MC,11,139,East anand bagh,Unreserved,1,KARANAM GOPI,,,,,,,8300,Telugu Desam,TDP,,597,4,,9,21613,2.688,,48279,22207,594,45.997,,
Telangana,2020,,,0,Hyderabad,GHMC,MC,11,139,East anand bagh,Unreserved,7,CHUNDI SHOBAN BABU,,,,,,,10809,Independent,IND,,108,5,,9,21613,0.486,,48279,22207,594,45.997,,
Telangana,2020,,,0,Hyderabad,GHMC,MC,11,139,East anand bagh,Unreserved,9,R SRINIVAS,,,,,,,10809,Independent,IND,,94,6,,9,21613,0.423,,48279,22207,594,45.997,,
Telangana,2020,,,0,Hyderabad,GHMC,MC,11,139,East anand bagh,Unreserved,5,DaSAVATHINI PRAVEEN KUMAR,,,,,,,8272,Telangana Jana Samithi,TJSP,,70,7,,9,21613,0.315,,48279,22207,594,45.997,https://www.newindianexpress.com/cities/hyderabad/2020/dec/07/ghmc-results-independents-win-no-seats-but-cut-into-vote-share-of-others-2232779.html,
Telangana,2020,,,0,Hyderabad,GHMC,MC,11,139,East anand bagh,Unreserved,8,VISHNU VARDHAN RANUVA,,,,,,,10809,Independent,IND,,37,8,,9,21613,0.167,,48279,22207,594,45.997,,
Telangana,2020,,,0,Hyderabad,GHMC,MC,11,139,East anand bagh,Unreserved,6,KOLUGURI SRINIVAS,,,,,,,10809,Independent,IND,,22,9,,9,21613,0.099,,48279,22207,594,45.997,,
Telangana,2020,,,0,Hyderabad,GHMC,MC,11,139,East anand bagh,Unreserved,,NOTA,,,,,,,,,,,281,10,,9,21613,1.265,,48279,22207,594,45.997,,
Telangana,2020,,,0,Hyderabad,GHMC,MC,11,140,Malkajgiri,Unreserved,4,SRAVAN VURAPALLI,,,,,,,1605,Bharatiya Janata Party,BJP,,8366,1,,9,19832,41.436,,41872,20190,358,48.218,,
Telangana,2020,,,0,Hyderabad,GHMC,MC,11,140,Malkajgiri,Unreserved,1,N. JAGADISHWAR GOUD,,,,,,,8284,Telangana Rashtra Samithi,TRS,,8188,2,,9,19832,40.555,,41872,20190,358,48.218,,
Telangana,2020,,,0,Hyderabad,GHMC,MC,11,140,Malkajgiri,Unreserved,2,GEEDI SRINIVAS GOUD,,,,,,,3482,CONGRESS,INC,,2366,3,,9,19832,11.719,,41872,20190,358,48.218,,
Telangana,2020,,,0,Hyderabad,GHMC,MC,11,140,Malkajgiri,Unreserved,3,BONDILI MANOJKUMAR SINGH,,,,,,,8300,Telugu Desam,TDP,,396,4,,9,19832,1.961,,41872,20190,358,48.218,,
Telangana,2020,,,0,Hyderabad,GHMC,MC,11,140,Malkajgiri,Unreserved,7,GOGIKAR ARUNKUMAR,,,,,,,10809,Independent,IND,,138,5,,9,19832,0.684,,41872,20190,358,48.218,,
Telangana,2020,,,0,Hyderabad,GHMC,MC,11,140,Malkajgiri,Unreserved,6,KOPPU RAJAIAH,,,,,,,10809,Independent,IND,,69,6,,9,19832,0.342,,41872,20190,358,48.218,,
Telangana,2020,,,0,Hyderabad,GHMC,MC,11,140,Malkajgiri,Unreserved,9,N PRANAV SHESHASAI,,,,,,,10809,Independent,IND,,30,7,,9,19832,0.149,,41872,20190,358,48.218,,
Telangana,2020,,,0,Hyderabad,GHMC,MC,11,140,Malkajgiri,Unreserved,5,KONDAPALLI SRUJANA,,,,,,,10809,Independent,IND,,22,8,,9,19832,0.109,,41872,20190,358,48.218,,
Telangana,2020,,,0,Hyderabad,GHMC,MC,11,140,Malkajgiri,Unreserved,8,CHENNAIIAH GOUD MUDDHAPURAM,,,,,,,10809,Independent,IND,,16,9,,9,19832,0.079,,41872,20190,358,48.218,,
Telangana,2020,,,0,Hyderabad,GHMC,MC,11,140,Malkajgiri,Unreserved,,NOTA,,,,,,,,,,,241,10,,9,19832,1.194,,41872,20190,358,48.218,,
Telangana,2020,,,0,Hyderabad,GHMC,MC,11,141,Gotham nagar,Women,3,MEKALA SUNEETHA,,,,,,,8284,Telangana Rashtra Samithi,TRS,,10304,1,,9,23104,43.274,,52330,23811,707,45.502,,
Telangana,2020,,,0,Hyderabad,GHMC,MC,11,141,Gotham nagar,Women,4,S SANTOSHI,,,,,,,1605,Bharatiya Janata Party,BJP,,8004,2,,9,23104,33.615,,52330,23811,707,45.502,,
Telangana,2020,,,0,Hyderabad,GHMC,MC,11,141,Gotham nagar,Women,2,T V TAPASWINI YADAV,,,,,,,3482,CONGRESS,INC,,3829,3,,9,23104,16.081,,52330,23811,707,45.502,,
Telangana,2020,,,0,Hyderabad,GHMC,MC,11,141,Gotham nagar,Women,1,CHINTALA ANJAMMA,,,,,,,8300,Telugu Desam,TDP,,497,4,,9,23104,2.087,,52330,23811,707,45.502,,
Telangana,2020,,,0,Hyderabad,GHMC,MC,11,141,Gotham nagar,Women,7,RaSKACHLA SUJATHA,,,,,,,10809,Independent,IND,,65,5,,9,23104,0.273,,52330,23811,707,45.502,,
Telangana,2020,,,0,Hyderabad,GHMC,MC,11,141,Gotham nagar,Women,8,A VENKAT LAXMI,,,,,,,10809,Independent,IND,,50,6,,9,23104,0.21,,52330,23811,707,45.502,,
Telangana,2020,,,0,Hyderabad,GHMC,MC,11,141,Gotham nagar,Women,6,KUNTI LAKSHMI,,,,,,,10809,Independent,IND,,39,7,,9,23104,0.164,,52330,23811,707,45.502,,
Telangana,2020,,,0,Hyderabad,GHMC,MC,11,141,Gotham nagar,Women,5,PODISHETTI JYOTHI,,,,,,,5399,Marxist Communist Party of India (United),MCPIU,,27,8,,9,23104,0.113,,52330,23811,707,45.502,,
Telangana,2020,,,0,Hyderabad,GHMC,MC,11,141,Gotham nagar,Women,9,SANKU MANJULA,,,,,,,10809,Independent,IND,,25,9,,9,23104,0.105,,52330,23811,707,45.502,,
Telangana,2020,,,0,Hyderabad,GHMC,MC,11,141,Gotham nagar,Women,,NOTA,,,,,,,,,,,264,10,,9,23104,1.109,,52330,23811,707,45.502,,
Telangana,2020,,,0,Hyderabad,GHMC,MC,11,142,Addagutta,Scheduled Caste (Women),4,LINGANI PRASNNA LAKSHMI,,,,,,,8284,Telangana Rashtra Samithi,TRS,,13532,1,,9,22636,58.065,,49009,23305,669,47.552,,
Telangana,2020,,,0,Hyderabad,GHMC,MC,11,142,Addagutta,Scheduled Caste (Women),1,Kadari Ashwini,,,,,,,1605,Bharatiya Janata Party,BJP,,6669,2,,9,22636,28.616,,49009,23305,669,47.552,,
Telangana,2020,,,0,Hyderabad,GHMC,MC,11,142,Addagutta,Scheduled Caste (Women),3,Dhadiga Udaya Kantha Kumari,,,,,,,3482,CONGRESS,INC,,1260,3,,9,22636,5.407,,49009,23305,669,47.552,,
Telangana,2020,,,0,Hyderabad,GHMC,MC,11,142,Addagutta,Scheduled Caste (Women),2,Thooti Swapna,,,,,,,14635,COMMUNIST MARXIST PARTY OF INDIA,CPM,,443,4,,9,22636,1.901,,49009,23305,669,47.552,,
Telangana,2020,,,0,Hyderabad,GHMC,MC,11,142,Addagutta,Scheduled Caste (Women),5,K. Laxmi Prasanna,,,,,,,8300,Telugu Desam,TDP,,201,5,,9,22636,0.862,,49009,23305,669,47.552,,
Telangana,2020,,,0,Hyderabad,GHMC,MC,11,142,Addagutta,Scheduled Caste (Women),9,KYATHAM YASHODHA,,,,,,,10809,Independent,IND,,164,6,,9,22636,0.704,,49009,23305,669,47.552,,
Telangana,2020,,,0,Hyderabad,GHMC,MC,11,142,Addagutta,Scheduled Caste (Women),6,Somashila Renuka,,,,,,,5399,Marxist Communist Party of India (United),MCPIU,,60,7,,9,22636,0.257,,49009,23305,669,47.552,,
Telangana,2020,,,0,Hyderabad,GHMC,MC,11,142,Addagutta,Scheduled Caste (Women),7,ANDHE DAYAMANI,,,,,,,10809,Independent,IND,,60,8,,9,22636,0.257,,49009,23305,669,47.552,,
Telangana,2020,,,0,Hyderabad,GHMC,MC,11,142,Addagutta,Scheduled Caste (Women),8,ALLAM ANUSHA,,,,,,,10809,Independent,IND,,21,9,,9,22636,0.09,,49009,23305,669,47.552,,
Telangana,2020,,,0,Hyderabad,GHMC,MC,11,142,Addagutta,Scheduled Caste (Women),,NOTA,,,,,,,,,,,226,10,,9,22636,0.97,,49009,23305,669,47.552,,
Telangana,2020,,,0,Hyderabad,GHMC,MC,11,143,Tarnaka,Women,5,Mothe Sri Latha,,,,,,,8284,Telangana Rashtra Samithi,TRS,,14069,1,,12,28816,47.734,,62444,29474,658,47.201,,
Telangana,2020,,,0,Hyderabad,GHMC,MC,11,143,Tarnaka,Women,4,Banda Jaya Sudha Reddy,,,,,,,1605,Bharatiya Janata Party,BJP,,11565,2,,12,28816,39.238,,62444,29474,658,47.201,,
Telangana,2020,,,0,Hyderabad,GHMC,MC,11,143,Tarnaka,Women,2,Anitha Goud Jeedi,,,,,,,3482,CONGRESS,INC,,1642,3,,12,28816,5.571,,62444,29474,658,47.201,,
Telangana,2020,,,0,Hyderabad,GHMC,MC,11,143,Tarnaka,Women,3,K.Nagamani,,,,,,,8300,Telugu Desam,TDP,,546,4,,12,28816,1.852,,62444,29474,658,47.201,,
Telangana,2020,,,0,Hyderabad,GHMC,MC,11,143,Tarnaka,Women,12,Haisa Jabeen,,,,,,,10809,Independent,IND,,231,5,,12,28816,0.784,,62444,29474,658,47.201,,
Telangana,2020,,,0,Hyderabad,GHMC,MC,11,143,Tarnaka,Women,11,RAMIDI RUKMINI REDDY,,,,,,,10809,Independent,IND,,103,6,,12,28816,0.349,,62444,29474,658,47.201,,
Telangana,2020,,,0,Hyderabad,GHMC,MC,11,143,Tarnaka,Women,1,Annam Padma,,,,,,,2444,Communist Part of India,CPI,,75,7,,12,28816,0.254,,62444,29474,658,47.201,,
Telangana,2020,,,0,Hyderabad,GHMC,MC,11,143,Tarnaka,Women,7,ARSHIYA SAMREEN,,,,,,,10809,Independent,IND,,61,8,,12,28816,0.207,,62444,29474,658,47.201,,
Telangana,2020,,,0,Hyderabad,GHMC,MC,11,143,Tarnaka,Women,8,Nilofar Sultana,,,,,,,10809,Independent,IND,,46,9,,12,28816,0.156,,62444,29474,658,47.201,,
Telangana,2020,,,0,Hyderabad,GHMC,MC,11,143,Tarnaka,Women,10,Rama Devi M,,,,,,,10809,Independent,IND,,29,10,,12,28816,0.098,,62444,29474,658,47.201,,
Telangana,2020,,,0,Hyderabad,GHMC,MC,11,143,Tarnaka,Women,9,Bhandari Latha,,,,,,,10809,Independent,IND,,28,11,,12,28816,0.095,,62444,29474,658,47.201,,
Telangana,2020,,,0,Hyderabad,GHMC,MC,11,143,Tarnaka,Women,6,D.Anitha,,,,,,,10809,Independent,IND,,27,12,,12,28816,0.092,,62444,29474,658,47.201,,
Telangana,2020,,,0,Hyderabad,GHMC,MC,11,143,Tarnaka,Women,,NOTA,,,,,,,,,,,394,13,,12,28816,1.337,,62444,29474,658,47.201,,
Telangana,2020,,,0,Hyderabad,GHMC,MC,11,144,Mettuguda,Scheduled Caste (Women),4,SUNITHA R,,,,,,,8284,Telangana Rashtra Samithi,TRS,,7592,1,,4,17082,43.577,,39268,17422,340,44.367,,
Telangana,2020,,,0,Hyderabad,GHMC,MC,11,144,Mettuguda,Scheduled Caste (Women),3,U. SHARADA MALLESH,,,,,,,1605,Bharatiya Janata Party,BJP,,7008,2,,4,17082,40.225,,39268,17422,340,44.367,,
Telangana,2020,,,0,Hyderabad,GHMC,MC,11,144,Mettuguda,Scheduled Caste (Women),1,B.ELIZABETH RANI,,,,,,,3482,CONGRESS,INC,,1951,3,,4,17082,11.198,,39268,17422,340,44.367,,
Telangana,2020,,,0,Hyderabad,GHMC,MC,11,144,Mettuguda,Scheduled Caste (Women),2,RAPOL MANJULA,,,,,,,8300,Telugu Desam,TDP,,301,4,,4,17082,1.728,,39268,17422,340,44.367,,
Telangana,2020,,,0,Hyderabad,GHMC,MC,11,144,Mettuguda,Scheduled Caste (Women),,NOTA,,,,,,,,,,,230,5,,4,17082,1.32,,39268,17422,340,44.367,,
Telangana,2020,,,0,Hyderabad,GHMC,MC,11,145,Seethaphalmandi,Women,4,Samala Hema,,,,,,,8284,Telangana Rashtra Samithi,TRS,,14035,1,,8,29106,47.497,,61793,29549,443,47.819,,
Telangana,2020,,,0,Hyderabad,GHMC,MC,11,145,Seethaphalmandi,Women,1,K. Deepthi,,,,,,,1605,Bharatiya Janata Party,BJP,,12834,2,,8,29106,43.433,,61793,29549,443,47.819,,
Telangana,2020,,,0,Hyderabad,GHMC,MC,11,145,Seethaphalmandi,Women,2,Naguluri Indumathi,,,,,,,3482,CONGRESS,INC,,996,3,,8,29106,3.371,,61793,29549,443,47.819,,
Telangana,2020,,,0,Hyderabad,GHMC,MC,11,145,Seethaphalmandi,Women,3,G. Vijaya Laxmi,,,,,,,8300,Telugu Desam,TDP,,422,4,,8,29106,1.428,,61793,29549,443,47.819,,
Telangana,2020,,,0,Hyderabad,GHMC,MC,11,145,Seethaphalmandi,Women,6,P. Anjani Devi,,,,,,,10809,Independent,IND,,90,5,,8,29106,0.305,,61793,29549,443,47.819,,
Telangana,2020,,,0,Hyderabad,GHMC,MC,11,145,Seethaphalmandi,Women,8,Yadamma Shakula,,,,,,,10809,Independent,IND,,57,6,,8,29106,0.193,,61793,29549,443,47.819,,
Telangana,2020,,,0,Hyderabad,GHMC,MC,11,145,Seethaphalmandi,Women,5,Rajitha Komanduri,,,,,,,1074,Bahujan Mukti Party,BMP,,23,7,,8,29106,0.078,,61793,29549,443,47.819,https://www.indiatvnews.com/news/india/ghmc-polls-2020-all-you-need-to-know-polling-station-eligibility-rules-candidates-aimim-trs-bjp-tdp-hyderabad-civic-elections-668291,
Telangana,2020,,,0,Hyderabad,GHMC,MC,11,145,Seethaphalmandi,Women,7,Mounika Chepuri,,,,,,,10809,Independent,IND,,21,8,,8,29106,0.071,,61793,29549,443,47.819,,
Telangana,2020,,,0,Hyderabad,GHMC,MC,11,145,Seethaphalmandi,Women,,NOTA,,,,,,,,,,,628,9,,8,29106,2.125,,61793,29549,443,47.819,,
Telangana,2020,,,0,Hyderabad,GHMC,MC,11,146,Boudha nagar,Backward Classes (Women),2,KANDI SHAILAJA,,,,,,,8284,Telangana Rashtra Samithi,TRS,,9997,1,,10,21094,46.122,,39607,21675,581,54.725,,
Telangana,2020,,,0,Hyderabad,GHMC,MC,11,146,Boudha nagar,Backward Classes (Women),1,KEERTHI MEKALA,,,,,,,1605,Bharatiya Janata Party,BJP,,9185,2,,10,21094,42.376,,39607,21675,581,54.725,,
Telangana,2020,,,0,Hyderabad,GHMC,MC,11,146,Boudha nagar,Backward Classes (Women),5,J. PRABHA,,,,,,,3482,CONGRESS,INC,,520,3,,10,21094,2.399,,39607,21675,581,54.725,,
Telangana,2020,,,0,Hyderabad,GHMC,MC,11,146,Boudha nagar,Backward Classes (Women),3,Najma Akber,,,,,,,706,All India Majlis-E Ithehad-Ul Muslimeen,AIMIM,,514,4,,10,21094,2.371,,39607,21675,581,54.725,,
Telangana,2020,,,0,Hyderabad,GHMC,MC,11,146,Boudha nagar,Backward Classes (Women),4,Nalabandu Vijaya Laxmi,,,,,,,8300,Telugu Desam,TDP,,150,5,,10,21094,0.692,,39607,21675,581,54.725,,
Telangana,2020,,,0,Hyderabad,GHMC,MC,11,146,Boudha nagar,Backward Classes (Women),8,A. Roseleena,,,,,,,10809,Independent,IND,,143,6,,10,21094,0.66,,39607,21675,581,54.725,,
Telangana,2020,,,0,Hyderabad,GHMC,MC,11,146,Boudha nagar,Backward Classes (Women),7,Botuku Madhavi Krishnarao,,,,,,,10809,Independent,IND,,108,7,,10,21094,0.498,,39607,21675,581,54.725,,
Telangana,2020,,,0,Hyderabad,GHMC,MC,11,146,Boudha nagar,Backward Classes (Women),9,N. Varalakshmi,,,,,,,10809,Independent,IND,,90,8,,10,21094,0.415,,39607,21675,581,54.725,,
Telangana,2020,,,0,Hyderabad,GHMC,MC,11,146,Boudha nagar,Backward Classes (Women),6,Gundu Jyothsna,,,,,,,10809,Independent,IND,,8,9,,10,21094,0.037,,39607,21675,581,54.725,,
Telangana,2020,,,0,Hyderabad,GHMC,MC,11,146,Boudha nagar,Backward Classes (Women),10,B. Saritha Devender Reddy,,,,,,,10809,Independent,IND,,6,10,,10,21094,0.028,,39607,21675,581,54.725,,
Telangana,2020,,,0,Hyderabad,GHMC,MC,11,146,Boudha nagar,Backward Classes (Women),,NOTA,,,,,,,,,,,373,11,,10,21094,1.721,,39607,21675,581,54.725,,
Telangana,2020,,,0,Hyderabad,GHMC,MC,11,147,Bansilalpet,Scheduled Caste (Women),1,KURMA HEMALATHA,,,,,,,8284,Telangana Rashtra Samithi,TRS,,13930,1,,6,28828,46.948,,62025,29671,843,47.837,,
Telangana,2020,,,0,Hyderabad,GHMC,MC,11,147,Bansilalpet,Scheduled Caste (Women),2,GHANDHAMALA SPANDANA,,,,,,,1605,Bharatiya Janata Party,BJP,,13094,2,,6,28828,44.131,,62025,29671,843,47.837,,
Telangana,2020,,,0,Hyderabad,GHMC,MC,11,147,Bansilalpet,Scheduled Caste (Women),3,SMT. LAKSHMI DILARY,,,,,,,3482,CONGRESS,INC,,1150,3,,6,28828,3.876,,62025,29671,843,47.837,,
Telangana,2020,,,0,Hyderabad,GHMC,MC,11,147,Bansilalpet,Scheduled Caste (Women),4,K HEMALATHA,,,,,,,8300,Telugu Desam,TDP,,308,4,,6,28828,1.038,,62025,29671,843,47.837,,
Telangana,2020,,,0,Hyderabad,GHMC,MC,11,147,Bansilalpet,Scheduled Caste (Women),6,MUTHU MANJULA,,,,,,,10809,Independent,IND,,87,5,,6,28828,0.293,,62025,29671,843,47.837,,
Telangana,2020,,,0,Hyderabad,GHMC,MC,11,147,Bansilalpet,Scheduled Caste (Women),5,MUDUGULA SUNITHA,,,,,,,10809,Independent,IND,,36,6,,6,28828,0.121,,62025,29671,843,47.837,,
Telangana,2020,,,0,Hyderabad,GHMC,MC,11,147,Bansilalpet,Scheduled Caste (Women),,NOTA,,,,,,,,,,,223,7,,6,28828,0.752,,62025,29671,843,47.837,,
Telangana,2020,,,0,Hyderabad,GHMC,MC,11,148,Ramgopalpet,Backward Classes (Women),2,CHEERA SUCHITRA,,,,,,,1605,Bharatiya Janata Party,BJP,,8453,1,,8,18214,44.713,,35866,18905,691,52.71,,
Telangana,2020,,,0,Hyderabad,GHMC,MC,11,148,Ramgopalpet,Backward Classes (Women),1,A. ARUNA,,,,,,,8284,Telangana Rashtra Samithi,TRS,,8143,2,,8,18214,43.073,,35866,18905,691,52.71,,
Telangana,2020,,,0,Hyderabad,GHMC,MC,11,148,Ramgopalpet,Backward Classes (Women),4,KAVITHA S,,,,,,,3482,CONGRESS,INC,,1069,3,,8,18214,5.655,,35866,18905,691,52.71,,
Telangana,2020,,,0,Hyderabad,GHMC,MC,11,148,Ramgopalpet,Backward Classes (Women),3,MANIKA BANDARAM REKHA,,,,,,,8300,Telugu Desam,TDP,,160,4,,8,18214,0.846,,35866,18905,691,52.71,,
Telangana,2020,,,0,Hyderabad,GHMC,MC,11,148,Ramgopalpet,Backward Classes (Women),8,SARARAPU SUMITRA,,,,,,,10809,Independent,IND,,132,5,,8,18214,0.698,,35866,18905,691,52.71,,
Telangana,2020,,,0,Hyderabad,GHMC,MC,11,148,Ramgopalpet,Backward Classes (Women),6,DAKAI PAVANI,,,,,,,10809,Independent,IND,,75,6,,8,18214,0.397,,35866,18905,691,52.71,,
Telangana,2020,,,0,Hyderabad,GHMC,MC,11,148,Ramgopalpet,Backward Classes (Women),7,A MOUNIKA,,,,,,,10809,Independent,IND,,31,7,,8,18214,0.164,,35866,18905,691,52.71,,
Telangana,2020,,,0,Hyderabad,GHMC,MC,11,148,Ramgopalpet,Backward Classes (Women),5,VUKKADKAR ASHWINI KUMARI,,,,,,,10809,Independent,IND,,21,8,,8,18214,0.111,,35866,18905,691,52.71,,
Telangana,2020,,,0,Hyderabad,GHMC,MC,11,148,Ramgopalpet,Backward Classes (Women),,NOTA,,,,,,,,,,,130,9,,8,18214,0.688,,35866,18905,691,52.71,,
Telangana,2020,,,0,Hyderabad,GHMC,MC,11,149,Begumpet,Women,3,T. MAHESHWARI,,,,,,,8284,Telangana Rashtra Samithi,TRS,,11407,1,,5,23213,47.892,,50963,23818,605,46.736,,
Telangana,2020,,,0,Hyderabad,GHMC,MC,11,149,Begumpet,Women,4,RAJALAKSHMI R,,,,,,,1605,Bharatiya Janata Party,BJP,,10053,2,,5,23213,42.208,,50963,23818,605,46.736,,
Telangana,2020,,,0,Hyderabad,GHMC,MC,11,149,Begumpet,Women,1,A. MANJULA REDDY,,,,,,,3482,CONGRESS,INC,,1167,3,,5,23213,4.9,,50963,23818,605,46.736,,
Telangana,2020,,,0,Hyderabad,GHMC,MC,11,149,Begumpet,Women,2,FARHANA BEGUM,,,,,,,8300,Telugu Desam,TDP,,356,4,,5,23213,1.495,,50963,23818,605,46.736,,
Telangana,2020,,,0,Hyderabad,GHMC,MC,11,149,Begumpet,Women,5,CHEKKALA KANCHANAMALA,,,,,,,10809,Independent,IND,,86,5,,5,23213,0.361,,50963,23818,605,46.736,,
Telangana,2020,,,0,Hyderabad,GHMC,MC,11,149,Begumpet,Women,,NOTA,,,,,,,,,,,144,6,,5,23213,0.605,,50963,23818,605,46.736,,
Telangana,2020,,,0,Hyderabad,GHMC,MC,11,150,Monda Market,Women,2,Kontham Deepika,,,,,,,1605,Bharatiya Janata Party,BJP,,12015,1,,4,21867,53.896,,49348,22293,426,45.175,,
Telangana,2020,,,0,Hyderabad,GHMC,MC,11,150,Monda Market,Women,1,Akula Rupha,,,,,,,8284,Telangana Rashtra Samithi,TRS,,8068,2,,4,21867,36.191,,49348,22293,426,45.175,,
Telangana,2020,,,0,Hyderabad,GHMC,MC,11,150,Monda Market,Women,3,Bandhanadam Bala Prashanthi,,,,,,,3482,CONGRESS,INC,,1087,3,,4,21867,4.876,,49348,22293,426,45.175,,
Telangana,2020,,,0,Hyderabad,GHMC,MC,11,150,Monda Market,Women,4,B. Sai Rani,,,,,,,8300,Telugu Desam,TDP,,495,4,,4,21867,2.22,,49348,22293,426,45.175,,
Telangana,2020,,,0,Hyderabad,GHMC,MC,11,150,Monda Market,Women,,NOTA,,,,,,,,,,,202,5,,4,21867,0.906,,49348,22293,426,45.175,,
