{
"type": "FeatureCollection",
"features": [
{ "type": "Feature", "properties": { "Id": 0, "Name": "Ahmedabad" }, "geometry": { "type": "Polygon", "coordinates": [ [ [ 72.494410644523555, 23.10749410451308 ], [ 72.493922321835669, 23.110717034253241 ], [ 72.494605973598766, 23.113256312230305 ], [ 72.49411765091088, 23.116869900120719 ], [ 72.494215315448514, 23.119702171710458 ], [ 72.495484954436904, 23.122827436912985 ], [ 72.495094296286652, 23.124780727664529 ], [ 72.493141005535108, 23.128687309167617 ], [ 72.493141005535108, 23.129956948156234 ], [ 72.493922321835669, 23.131617245294933 ], [ 72.496168606200058, 23.132593890670705 ], [ 72.498317226026813, 23.135230833185346 ], [ 72.499489200477626, 23.137379453012102 ], [ 72.49958686501526, 23.140602382752263 ], [ 72.498610219639488, 23.143434654342002 ], [ 72.49597327712479, 23.147634229457708 ], [ 72.505251408194852, 23.144606628792815 ], [ 72.508669667010054, 23.14431363518014 ], [ 72.513943552039166, 23.144997286943237 ], [ 72.516775823629018, 23.145192616018278 ], [ 72.519315101606082, 23.144215970642506 ], [ 72.522147373195764, 23.141579028128035 ], [ 72.523710005797057, 23.137867775699988 ], [ 72.533769453167622, 23.139332743763646 ], [ 72.540410641722815, 23.138649092000549 ], [ 72.54236393247453, 23.138453762925508 ], [ 72.545000874989, 23.13943040830128 ], [ 72.550079430943072, 23.141774357203076 ], [ 72.552716373457713, 23.144508964255351 ], [ 72.554376670596639, 23.145290280555912 ], [ 72.556525290423224, 23.144606628792815 ], [ 72.562873485365913, 23.138942085613394 ], [ 72.564338453429571, 23.135230833185346 ], [ 72.564826776117457, 23.130249941768852 ], [ 72.564436117966977, 23.127710663791845 ], [ 72.559748220163385, 23.120483488010962 ], [ 72.566194079643481, 23.120385823473555 ], [ 72.569026351233219, 23.121557797924538 ], [ 72.5708819774473, 23.123315759600871 ], [ 72.573030597273885, 23.123999411363968 ], [ 72.577034843314607, 23.122827436912985 ], [ 72.579085798603785, 23.122143785149888 ], [ 72.58123441843054, 23.122925101450562 ], [ 72.582211063806312, 23.123804082288757 ], [ 72.582601721956564, 23.126538689340862 ], [ 72.582504057418987, 23.128589644629983 ], [ 72.58289471556941, 23.130152277231275 ], [ 72.58475034178332, 23.132203232520396 ], [ 72.587680277910636, 23.132789219745916 ], [ 72.589926562275025, 23.13230089705803 ], [ 72.59207518210161, 23.13288688428355 ], [ 72.593833143778113, 23.133765865121688 ], [ 72.598325712506721, 23.133277542433802 ], [ 72.606138875512897, 23.131617245294933 ], [ 72.608873482565173, 23.130738264456738 ], [ 72.610533779704042, 23.128882638242828 ], [ 72.611510425079814, 23.12683168295365 ], [ 72.614245032131919, 23.125366714889992 ], [ 72.615612335657943, 23.118432532722011 ], [ 72.614049703056708, 23.115697925669735 ], [ 72.614342696669496, 23.114721280293963 ], [ 72.615221677507691, 23.114330622143711 ], [ 72.617272632796812, 23.114525951218752 ], [ 72.619421252623624, 23.115209602981849 ], [ 72.620495562536973, 23.114721280293963 ], [ 72.618639936322893, 23.111791344166647 ], [ 72.618639936322893, 23.106810452750153 ], [ 72.617077303721771, 23.10134123864583 ], [ 72.615807664733154, 23.094700050090466 ], [ 72.614342696669496, 23.091867778500728 ], [ 72.620495562536973, 23.092746759338922 ], [ 72.625281124878256, 23.092746759338922 ], [ 72.632019977971197, 23.092160772113402 ], [ 72.639540147364528, 23.093137417489174 ], [ 72.644716367856233, 23.096262682691702 ], [ 72.647450974908509, 23.102122554946334 ], [ 72.648232291209069, 23.104564168385764 ], [ 72.651748214561849, 23.104173510235512 ], [ 72.653213182625507, 23.101243574108196 ], [ 72.655529999087037, 23.098149116582078 ], [ 72.657314594841409, 23.097911170481552 ], [ 72.658861244495085, 23.09850603573301 ], [ 72.660050974998001, 23.099457820135228 ], [ 72.661835570752373, 23.104216742146889 ], [ 72.664571950909192, 23.11135512516438 ], [ 72.665404762261119, 23.113615613119975 ], [ 72.667665250216714, 23.114805343622891 ], [ 72.669687792071613, 23.11373458617021 ], [ 72.670877522574528, 23.113377667019449 ], [ 72.673256983580359, 23.11242588261706 ], [ 72.674803633234205, 23.112187936516534 ], [ 72.677777959491493, 23.11242588261706 ], [ 72.678015905592019, 23.108261825856857 ], [ 72.678967689994408, 23.106953122303651 ], [ 72.680752285748781, 23.106953122303651 ], [ 72.684321477257527, 23.108023879756331 ], [ 72.68717683046458, 23.104692634348112 ], [ 72.688128614866969, 23.102670092493213 ], [ 72.688247587917203, 23.097316305230095 ], [ 72.691102941124086, 23.093509167620653 ], [ 72.690508075872799, 23.091248679665284 ], [ 72.688366560967495, 23.089702030011381 ], [ 72.686938884364054, 23.089702030011381 ], [ 72.685392234710207, 23.089939976111907 ], [ 72.683488665905543, 23.091605598816045 ], [ 72.682417908452919, 23.091605598816045 ], [ 72.682179962352393, 23.090058949162369 ], [ 72.683012773704377, 23.087679488156539 ], [ 72.684202504207292, 23.085775919351704 ], [ 72.685749153861138, 23.083872350547097 ], [ 72.686225046062134, 23.081373916490975 ], [ 72.68717683046458, 23.079589320736602 ], [ 72.688723480118256, 23.078994455485144 ], [ 72.691221914174491, 23.079232401585671 ], [ 72.69324445602939, 23.080065212937825 ], [ 72.696099809236443, 23.079232401585671 ], [ 72.697765431940525, 23.076377048378845 ], [ 72.692530617727698, 23.073283749071095 ], [ 72.686106073011899, 23.070666341964738 ], [ 72.681466124050473, 23.069833530612812 ], [ 72.676231309837817, 23.069357638411589 ], [ 72.678372824742951, 23.066621258254827 ], [ 72.678015905592019, 23.063052066746081 ], [ 72.67730206729027, 23.061029524891183 ], [ 72.677540013390967, 23.059363902187044 ], [ 72.678729743893882, 23.057460333382437 ], [ 72.67932460914534, 23.055794710678299 ], [ 72.677421040340732, 23.053415249672469 ], [ 72.677421040340732, 23.048894273761334 ], [ 72.67730206729027, 23.046514812755504 ], [ 72.677421040340732, 23.041398971593082 ], [ 72.676945148139509, 23.036402103480725 ], [ 72.677777959491493, 23.036045184329964 ], [ 72.681109204899712, 23.036045184329964 ], [ 72.680276393547558, 23.032000100619996 ], [ 72.678729743893882, 23.025218636753493 ], [ 72.678372824742951, 23.023196094898424 ], [ 72.676112336787355, 23.023077121848132 ], [ 72.674208767982748, 23.022244310496205 ], [ 72.67361390273129, 23.021173553043525 ], [ 72.673494929681056, 23.019745876439913 ], [ 72.673494929681056, 23.01867511898746 ], [ 72.67492260628444, 23.019269984238917 ], [ 72.672662118329072, 23.013321331724342 ], [ 72.683607638955834, 23.012964412573353 ], [ 72.686819911313592, 23.012131601221427 ], [ 72.683964558106766, 23.009871113265831 ], [ 72.680990231849478, 23.001067107544202 ], [ 72.680038447447089, 22.998687646538372 ], [ 72.671948280027152, 22.994285643677699 ], [ 72.666594492764034, 22.990716452168954 ], [ 72.665523735311581, 22.988455964213358 ], [ 72.6644529778589, 22.982388338648548 ], [ 72.664096058707969, 22.978343254938579 ], [ 72.659575082796835, 22.977867362737356 ], [ 72.656957675690478, 22.976082766982984 ], [ 72.655054106885871, 22.972394602424004 ], [ 72.654578214684648, 22.970728979719865 ], [ 72.65160388842736, 22.973108440725696 ], [ 72.646844966415699, 22.971799737172546 ], [ 72.648034696918614, 22.970372060568934 ], [ 72.65267464588004, 22.964661354155055 ], [ 72.65529205298634, 22.961924973998293 ], [ 72.656719729589952, 22.959426539942172 ], [ 72.661716597702139, 22.955024537081499 ], [ 72.667189358015492, 22.94967074981821 ], [ 72.669092926820326, 22.94967074981821 ], [ 72.667665250216714, 22.944435935605497 ], [ 72.667784223266949, 22.942889285951651 ], [ 72.654340268584122, 22.943008259001886 ], [ 72.65029518487421, 22.943246205102582 ], [ 72.649462373522056, 22.93943906749314 ], [ 72.648629562170072, 22.93705960648731 ], [ 72.646488047264768, 22.937654471738767 ], [ 72.644227559309343, 22.936821660386784 ], [ 72.64006350254914, 22.936583714286144 ], [ 72.635066634436782, 22.93705960648731 ], [ 72.630307712425122, 22.938606256141156 ], [ 72.626143655664919, 22.940985717146987 ], [ 72.625786736514158, 22.934442199380953 ], [ 72.62626262871521, 22.927422789413754 ], [ 72.623288302457922, 22.92528127450845 ], [ 72.618529380446262, 22.924686409256992 ], [ 72.616744784691889, 22.925043328407924 ], [ 72.614127377585532, 22.926827924162296 ], [ 72.610677159127022, 22.929326358218361 ], [ 72.607821805920025, 22.929326358218361 ], [ 72.606156183216058, 22.93027814262075 ], [ 72.603657749159822, 22.934323226330719 ], [ 72.600445476802008, 22.935393983783229 ], [ 72.59747115054472, 22.935631929883868 ], [ 72.593069147683991, 22.935988849034686 ], [ 72.588429198722622, 22.931824792274483 ], [ 72.581290815705131, 22.926708951112005 ], [ 72.576293947592774, 22.923020786553025 ], [ 72.57546113624079, 22.920522352496789 ], [ 72.57546113624079, 22.916834187937752 ], [ 72.573438594385891, 22.917548026239501 ], [ 72.571416052530822, 22.918975702843056 ], [ 72.570345295078198, 22.918618783692125 ], [ 72.568441726273534, 22.919451595044279 ], [ 72.567014049670149, 22.917904945390433 ], [ 72.564277669513331, 22.917310080138975 ], [ 72.561303343256043, 22.917548026239501 ], [ 72.554878798540301, 22.920522352496789 ], [ 72.552261391433944, 22.921355163848887 ], [ 72.541315870807182, 22.920522352496789 ], [ 72.538460517600186, 22.920522352496789 ], [ 72.533582622538233, 22.913264996429007 ], [ 72.528942673576694, 22.909100939668804 ], [ 72.525373482067948, 22.912908077278246 ], [ 72.520971479207219, 22.916239322686295 ], [ 72.516093584145267, 22.917191107088684 ], [ 72.514427961441186, 22.919094675893348 ], [ 72.513952069239963, 22.92218797520087 ], [ 72.512405419586287, 22.925757166709616 ], [ 72.510739796882149, 22.925876139759907 ], [ 72.509074174178068, 22.925400247558855 ], [ 72.508003416725387, 22.924448463156466 ], [ 72.505861901820253, 22.924091544005535 ], [ 72.504791144367573, 22.924805382307397 ], [ 72.504077306065881, 22.926827924162296 ], [ 72.504077306065881, 22.928850466017195 ], [ 72.505623955719557, 22.932181711425415 ], [ 72.506337794021306, 22.935037064632411 ], [ 72.505861901820253, 22.937535498688533 ], [ 72.504553198267104, 22.938606256141156 ], [ 72.502887575562966, 22.938249336990225 ], [ 72.500865033707896, 22.936226795135326 ], [ 72.498961464903289, 22.934918091582176 ], [ 72.497057896098624, 22.934323226330719 ], [ 72.496106111696236, 22.934442199380953 ], [ 72.49455946204256, 22.934680145481479 ], [ 72.492655893237952, 22.935156037682702 ], [ 72.490276432232122, 22.940033932744598 ], [ 72.487777998175829, 22.942651339851125 ], [ 72.482305237862477, 22.944316962555092 ], [ 72.481234480409967, 22.946577450510631 ], [ 72.481472426510493, 22.94967074981821 ], [ 72.481591399560727, 22.953953779628819 ], [ 72.48206729176195, 22.955619402332786 ], [ 72.483019076164169, 22.957285025036867 ], [ 72.478855019404136, 22.957047078936341 ], [ 72.477665288901221, 22.958950647741005 ], [ 72.475166854844986, 22.963709569752666 ], [ 72.473382259090613, 22.967278761261412 ], [ 72.472668420788864, 22.967635680412343 ], [ 72.469337175380815, 22.967278761261412 ], [ 72.468623337078952, 22.971204871921088 ], [ 72.467195660475511, 22.971561791071849 ], [ 72.46576798387207, 22.975249955631057 ], [ 72.465292091670904, 22.986314449308054 ], [ 72.464340307268458, 22.989288775565342 ], [ 72.463031603715308, 22.993214886225019 ], [ 72.459462412206562, 22.992382074872864 ], [ 72.459938304407615, 22.996189212482307 ], [ 72.459700358307089, 23.004279379902016 ], [ 72.460890088810004, 23.010228032416592 ], [ 72.462317765413445, 23.012845439523119 ], [ 72.464102361167988, 23.013440304774576 ], [ 72.46576798387207, 23.013797223925337 ], [ 72.472192528587698, 23.017009496283322 ], [ 72.472192528587698, 23.019032038138221 ], [ 72.472192528587698, 23.021173553043525 ], [ 72.474096097392476, 23.022601229646966 ], [ 72.474453016543237, 23.023909933200116 ], [ 72.473739178241544, 23.02605144810542 ], [ 72.473382259090613, 23.027241178608335 ], [ 72.473263286040321, 23.028073989960319 ], [ 72.474334043493002, 23.030215504865623 ], [ 72.47362020519131, 23.032238046720522 ], [ 72.471240744185479, 23.034617507726352 ], [ 72.470883825034491, 23.037234914832879 ], [ 72.470883825034491, 23.039733348888944 ], [ 72.468504364028661, 23.042826648196524 ], [ 72.464578253369154, 23.046038920554508 ], [ 72.45898652000534, 23.046990704956727 ], [ 72.456488085949275, 23.046752758856201 ], [ 72.444947700070884, 23.049489139012792 ], [ 72.44280618516575, 23.050321950364946 ], [ 72.442330292964527, 23.053415249672469 ], [ 72.442568239065054, 23.055080872376607 ], [ 72.443995915668665, 23.056508548980048 ], [ 72.4441148887189, 23.057817252533198 ], [ 72.44280618516575, 23.058769036935587 ], [ 72.443995915668665, 23.064598716399928 ], [ 72.444471807869718, 23.068167907908673 ], [ 72.447922026328172, 23.068881746210366 ], [ 72.451134298686156, 23.068643800109896 ], [ 72.455179382395954, 23.066502285204535 ], [ 72.457201924250967, 23.066026393003369 ], [ 72.463864415067292, 23.068286880958908 ], [ 72.466005929972596, 23.068762773160131 ], [ 72.466600795224053, 23.070071476713281 ], [ 72.467076687425106, 23.071737099417419 ], [ 72.46683874132458, 23.077685751931995 ], [ 72.468385390978426, 23.078161644133218 ], [ 72.467314633525746, 23.080303159038351 ], [ 72.465530037771373, 23.08256364699389 ], [ 72.46243673846385, 23.084824134949486 ], [ 72.461009061860409, 23.089226137810215 ], [ 72.458272681703647, 23.088631272558757 ], [ 72.455417328496594, 23.086965649854619 ], [ 72.455417328496594, 23.088512299508466 ], [ 72.455179382395954, 23.091843544916742 ], [ 72.456963978150497, 23.091843544916742 ], [ 72.458629600854579, 23.091486625765754 ], [ 72.459819331357494, 23.091486625765754 ], [ 72.46112803491053, 23.092319437117737 ], [ 72.466600795224053, 23.09279532931896 ], [ 72.471478690285949, 23.095650682525957 ], [ 72.472906366889561, 23.096840413028872 ], [ 72.473025339939682, 23.098981927934233 ], [ 72.473144312990087, 23.101242415889601 ], [ 72.474453016543237, 23.103383930794905 ], [ 72.477546315850816, 23.104692634348112 ], [ 72.487064159874137, 23.106001337901262 ], [ 72.488253890377052, 23.107072095353942 ], [ 72.491466162735037, 23.107547987555108 ], [ 72.494410644523555, 23.10749410451308 ] ] ] } },
{ "type": "Feature", "properties": { "Id": 0, "Name": "Bangalore" }, "geometry": { "type": "Polygon", "coordinates": [ [ [ 77.583507025856591, 13.136523469817405 ], [ 77.583616436221064, 13.135711162870908 ], [ 77.583846078152874, 13.135013668582985 ], [ 77.583963568795127, 13.134896678756663 ], [ 77.584075720174553, 13.134316173764317 ], [ 77.584190514727766, 13.133967426706587 ], [ 77.584657825897466, 13.133267801204338 ], [ 77.584891455486172, 13.13291798935319 ], [ 77.585008993610131, 13.132801044459086 ], [ 77.586271509321477, 13.133508443793744 ], [ 77.595419791106565, 13.133281734522313 ], [ 77.599960357140503, 13.132384640939055 ], [ 77.60214732488248, 13.134763080734045 ], [ 77.612109080703078, 13.133502297237213 ], [ 77.613913195305315, 13.131437594004128 ], [ 77.615339529765663, 13.131021281593123 ], [ 77.61569150491124, 13.131025916325715 ], [ 77.622441399309992, 13.13111470429328 ], [ 77.625947570133917, 13.127940976146647 ], [ 77.630856205807675, 13.126090879473622 ], [ 77.633492275321601, 13.121600280739871 ], [ 77.638754620501686, 13.113314981561416 ], [ 77.636804051362788, 13.106588803622346 ], [ 77.642499277586694, 13.105618863802878 ], [ 77.644268706665173, 13.106077043095581 ], [ 77.650503603530638, 13.104591808069415 ], [ 77.6499269993746, 13.101277429472812 ], [ 77.647586898303985, 13.097069883120016 ], [ 77.643608731440281, 13.089273077867061 ], [ 77.643105641304714, 13.087090963180058 ], [ 77.646753044394131, 13.086529264471212 ], [ 77.646608814745491, 13.085180719497542 ], [ 77.648953699051219, 13.082492967384781 ], [ 77.649419339437031, 13.08167726850513 ], [ 77.649651440871253, 13.081211426851494 ], [ 77.649890463003999, 13.081325158167601 ], [ 77.651199051991227, 13.081428974372839 ], [ 77.652865439279822, 13.081645313401852 ], [ 77.653223332240771, 13.081757890402345 ], [ 77.653342199827307, 13.081756787308564 ], [ 77.653581225615085, 13.08187046878845 ], [ 77.653818863351432, 13.081868262779553 ], [ 77.654770955847141, 13.081975369273723 ], [ 77.655456184164223, 13.079650686174034 ], [ 77.65566746438742, 13.077446348014007 ], [ 77.656358265610606, 13.075585298172655 ], [ 77.656467416139208, 13.074772891147973 ], [ 77.656466027592671, 13.074657005330268 ], [ 77.656702271012364, 13.074538860391442 ], [ 77.657988567333689, 13.072788206737016 ], [ 77.658915569746341, 13.07080899466956 ], [ 77.659259553492689, 13.069762548949994 ], [ 77.659488842522592, 13.069064916780006 ], [ 77.659834211821646, 13.068134404001341 ], [ 77.660542970129825, 13.067780049673786 ], [ 77.661255950606119, 13.067773401414058 ], [ 77.662793766614129, 13.067179459040004 ], [ 77.663625558815113, 13.067171695744378 ], [ 77.66540099538372, 13.06657556364536 ], [ 77.666942932336099, 13.066329303195234 ], [ 77.667278508783625, 13.064587413496668 ], [ 77.66727711586708, 13.064471526481611 ], [ 77.66727572109653, 13.064355639442283 ], [ 77.667394533984407, 13.06435452721712 ], [ 77.668711383580558, 13.065153560827637 ], [ 77.669907987414547, 13.065837912580148 ], [ 77.670148454963339, 13.066067463081028 ], [ 77.6722845584693, 13.065815653098925 ], [ 77.673706280934255, 13.065454525425366 ], [ 77.673704884444533, 13.065338686475911 ], [ 77.674299002766361, 13.065333114738905 ], [ 77.675362883222135, 13.064859430923207 ], [ 77.676314891614595, 13.064966445570802 ], [ 77.676553917809315, 13.065080055718397 ], [ 77.676791594206634, 13.065077825226524 ], [ 77.676910408494507, 13.065076708687116 ], [ 77.677265501090858, 13.064957521828545 ], [ 77.677142491283917, 13.064610921935413 ], [ 77.676893622717614, 13.063685900254997 ], [ 77.67701108664636, 13.0635688960636 ], [ 77.677005491990599, 13.063105244442113 ], [ 77.677835833728693, 13.062981543086664 ], [ 77.677954695007031, 13.062980426439255 ], [ 77.67878508700079, 13.062856671896839 ], [ 77.678905250408889, 13.062971494191231 ], [ 77.679251937841798, 13.062156823775355 ], [ 77.679239337272122, 13.061113678953065 ], [ 77.678998911404278, 13.060884086056546 ], [ 77.678994711854443, 13.060536372390173 ], [ 77.679105121968348, 13.05983987380529 ], [ 77.679100921945633, 13.059492158280475 ], [ 77.679214131325296, 13.059027389150456 ], [ 77.679330190644578, 13.058794492908248 ], [ 77.679323188411161, 13.058214951817432 ], [ 77.679204327431421, 13.058216069621551 ], [ 77.67920012488679, 13.057868354011648 ], [ 77.679306378720639, 13.056824091024849 ], [ 77.679304979298706, 13.056708202677555 ], [ 77.679063107516924, 13.05636272362989 ], [ 77.679037891727262, 13.054276433622645 ], [ 77.678797423241235, 13.054046843262027 ], [ 77.678787616846421, 13.053235523832655 ], [ 77.678783415047519, 13.052887810094489 ], [ 77.678661854023005, 13.052657100527824 ], [ 77.678540194905736, 13.052426440253667 ], [ 77.678659053029094, 13.052425322090301 ], [ 77.679135686502718, 13.052536740103278 ], [ 77.679848633521829, 13.052530029732681 ], [ 77.680086300447101, 13.052527791527666 ], [ 77.681266069878916, 13.051821171533335 ], [ 77.683611653884384, 13.049248869534722 ], [ 77.684191700137887, 13.048084226444699 ], [ 77.685234370692228, 13.045871942075847 ], [ 77.685102923152442, 13.044829913331116 ], [ 77.685098707859765, 13.04448219559208 ], [ 77.685214704193584, 13.044249294721906 ], [ 77.685211893978021, 13.044017467819915 ], [ 77.685207678262429, 13.043669750031141 ], [ 77.685080443759887, 13.042975437368796 ], [ 77.685067799458977, 13.041932285909409 ], [ 77.684946186125728, 13.041701628967473 ], [ 77.684943374405805, 13.041469753319747 ], [ 77.684940565044485, 13.041237973408045 ], [ 77.684821711601501, 13.04123909575719 ], [ 77.684820306025586, 13.041123206704128 ], [ 77.684818902278948, 13.041007317674028 ], [ 77.684817495487096, 13.040891379847945 ], [ 77.684816091740288, 13.04077548901148 ], [ 77.684690263453149, 13.040197067496136 ], [ 77.684688857847391, 13.040081176645289 ], [ 77.684687452205537, 13.039965287599383 ], [ 77.684564433614298, 13.039618644209835 ], [ 77.684438607074583, 13.039040269776709 ], [ 77.68443720024294, 13.03892433197916 ], [ 77.684435795782406, 13.038808491724808 ], [ 77.684434390767763, 13.038692553949886 ], [ 77.684432986956836, 13.038576663140589 ], [ 77.684308513542362, 13.038114132000603 ], [ 77.684186902014574, 13.037883473456587 ], [ 77.684065289433761, 13.037652769745195 ], [ 77.684294461882416, 13.036955090187687 ], [ 77.684052644106316, 13.036609618968042 ], [ 77.684045617881566, 13.036030121630457 ], [ 77.684042806940397, 13.035798294877676 ], [ 77.683921195072799, 13.035567589539086 ], [ 77.683919791131984, 13.035451700571171 ], [ 77.683916980204515, 13.035219872032542 ], [ 77.683796773743552, 13.035105104451528 ], [ 77.683795369809673, 13.034989215494079 ], [ 77.683791153084428, 13.034641497993618 ], [ 77.683775692838367, 13.03336652056578 ], [ 77.684965195057202, 13.033471230353996 ], [ 77.686035898262389, 13.033577010557451 ], [ 77.686869002839728, 13.033685034384121 ], [ 77.687344252038827, 13.03368053908912 ], [ 77.68841078691878, 13.033438638493234 ], [ 77.689119412436526, 13.033084171250495 ], [ 77.690306150968524, 13.032956980366519 ], [ 77.690661192555751, 13.03283771171664 ], [ 77.692531177078877, 13.030269765232218 ], [ 77.694278089419015, 13.02735520167829 ], [ 77.694510090739413, 13.026889333172221 ], [ 77.694986740804609, 13.027000709972471 ], [ 77.695224335882585, 13.026998454004229 ], [ 77.695580778802594, 13.026995068023837 ], [ 77.695818374017733, 13.026992810604213 ], [ 77.696057431410964, 13.027106443029256 ], [ 77.696295076568219, 13.027104184927451 ], [ 77.696532672032959, 13.027101927777096 ], [ 77.696770317302082, 13.027099668333276 ], [ 77.697128124295034, 13.02721222062786 ], [ 77.697365769788689, 13.027209961563072 ], [ 77.697603365601594, 13.027207702547344 ], [ 77.697961221937987, 13.02732020477373 ], [ 77.69819886771819, 13.027317944965773 ], [ 77.698792908251221, 13.027312294894216 ], [ 77.698913168405227, 13.027427055114742 ], [ 77.699388362085188, 13.027422535025378 ], [ 77.699507209579735, 13.027421404362372 ], [ 77.699746220415875, 13.027535082903226 ], [ 77.699983866793673, 13.02753282149888 ], [ 77.700221464411186, 13.027530560155753 ], [ 77.700579323262673, 13.027643059148263 ], [ 77.700698170993633, 13.027641927961385 ], [ 77.700935767951592, 13.027639665973084 ], [ 77.701292163942526, 13.027636272584973 ], [ 77.701767457620008, 13.027631746752602 ], [ 77.701886256665432, 13.02763061529788 ], [ 77.701884842531229, 13.027514723459888 ], [ 77.701764628243268, 13.02739991523117 ], [ 77.7017589705398, 13.026936300954445 ], [ 77.701635879488663, 13.026589710293537 ], [ 77.701631635837373, 13.026241987870947 ], [ 77.701501520887462, 13.025315890949852 ], [ 77.701381308565203, 13.025201081932094 ], [ 77.701857963453563, 13.025312495713933 ], [ 77.702215820675292, 13.025424990967565 ], [ 77.702693891466424, 13.025652294433598 ], [ 77.70341097386364, 13.025993175798133 ], [ 77.703767418031134, 13.025989778154555 ], [ 77.704364290551439, 13.026215946581658 ], [ 77.705078595116788, 13.026325040488704 ], [ 77.705792901995494, 13.026434180440388 ], [ 77.706150763828305, 13.02654667195014 ], [ 77.70674339032945, 13.026425111659417 ], [ 77.707809842360803, 13.026183071311836 ], [ 77.708046022289068, 13.026064910840942 ], [ 77.7081648710016, 13.026063776043427 ], [ 77.708401050437828, 13.025945566418439 ], [ 77.70887345812946, 13.025709242694973 ], [ 77.709464713375098, 13.025471733664915 ], [ 77.71030207755291, 13.025927403133666 ], [ 77.710901796905489, 13.026385391306917 ], [ 77.711750521402053, 13.027768342311502 ], [ 77.712237124766773, 13.028691034894111 ], [ 77.713208921640671, 13.030420575470091 ], [ 77.713822272812479, 13.032147845839518 ], [ 77.716080343549095, 13.032015980802898 ], [ 77.716196354347744, 13.031783057223661 ], [ 77.717384526549438, 13.031771677568941 ], [ 77.717401581671879, 13.033162587689501 ], [ 77.718949014498207, 13.033379575338529 ], [ 77.719067818176597, 13.033378436618818 ], [ 77.719186670679733, 13.033377297560035 ], [ 77.719902386019839, 13.033602298741075 ], [ 77.720141414899217, 13.033715914134232 ], [ 77.720380494704955, 13.033829528193392 ], [ 77.72121222000851, 13.033821552062872 ], [ 77.722052485449581, 13.034509030727634 ], [ 77.722043945931148, 13.0338135723386 ], [ 77.724059538212828, 13.033446452643828 ], [ 77.724298620755405, 13.033560112203814 ], [ 77.724415999862913, 13.033443028989383 ], [ 77.724410302406341, 13.032979405303818 ], [ 77.724404603837058, 13.032515781597793 ], [ 77.724879868155824, 13.032511215651938 ], [ 77.72487844286394, 13.032395322310093 ], [ 77.724997246715873, 13.032394180745198 ], [ 77.724994396638181, 13.032162344381788 ], [ 77.724868469287287, 13.031583919965842 ], [ 77.72486276925008, 13.03112029603318 ], [ 77.724735417644524, 13.030425977482084 ], [ 77.724726866991716, 13.029730517240184 ], [ 77.725309526038586, 13.02879755998913 ], [ 77.72553720005925, 13.027983920163592 ], [ 77.725643170821684, 13.026939586889171 ], [ 77.725512963363883, 13.026013432870968 ], [ 77.725510111409335, 13.025781596321339 ], [ 77.72622724229484, 13.02612247067799 ], [ 77.726105590040333, 13.025891824718428 ], [ 77.727501381061245, 13.023443989503733 ], [ 77.729252158159852, 13.020876810514324 ], [ 77.72972311639387, 13.020524498936764 ], [ 77.730311443704068, 13.020055145899619 ], [ 77.73017692939527, 13.018781258974228 ], [ 77.730055274932397, 13.018550614747483 ], [ 77.729929334285657, 13.017972191134675 ], [ 77.729683117815341, 13.01727901849131 ], [ 77.729436952950323, 13.016585845643991 ], [ 77.729312392457757, 13.016123366068996 ], [ 77.729067657245707, 13.015546087206417 ], [ 77.72869836368784, 13.014506328903677 ], [ 77.728572426383209, 13.013927953572024 ], [ 77.728326216148957, 13.013234782215989 ], [ 77.72819742107032, 13.012424521866365 ], [ 77.728062863841672, 13.011150684906683 ], [ 77.728058578051503, 13.010802952942415 ], [ 77.729366935436929, 13.01090629212865 ], [ 77.730437608277441, 13.011011869908257 ], [ 77.73138805808378, 13.0110026953879 ], [ 77.731744490777999, 13.010999253986826 ], [ 77.732100872001183, 13.010995813247918 ], [ 77.732338510521231, 13.010993517382699 ], [ 77.732813736103537, 13.010988927955566 ], [ 77.73304994331022, 13.010870737102378 ], [ 77.733990374942152, 13.010050143776482 ], [ 77.735667959124271, 13.011193158570226 ], [ 77.736259167149058, 13.010955622558923 ], [ 77.736366499423866, 13.01002716691943 ], [ 77.736363633843723, 13.009795326996139 ], [ 77.736241975259873, 13.009564686131171 ], [ 77.73623481274592, 13.008985113477307 ], [ 77.736224783491537, 13.00817374964663 ], [ 77.736100259663999, 13.007711270822652 ], [ 77.736460937101413, 13.008055555822123 ], [ 77.736817367213519, 13.008052106416356 ], [ 77.737173795594913, 13.008048656494053 ], [ 77.737647584342881, 13.007928113253058 ], [ 77.738004012815907, 13.007924662142555 ], [ 77.73812137221654, 13.007807615980822 ], [ 77.738240165738375, 13.007806464631074 ], [ 77.739312322153069, 13.008027947828905 ], [ 77.74050470888568, 13.008364169794161 ], [ 77.740742296966289, 13.008361866778104 ], [ 77.741087246451286, 13.007431101986469 ], [ 77.7428678615683, 13.00729792216339 ], [ 77.743105497038528, 13.007295615527596 ], [ 77.743224290830767, 13.007294463632491 ], [ 77.743461928216277, 13.007292156690994 ], [ 77.744176224269495, 13.007401133006795 ], [ 77.744652835618297, 13.007512416909947 ], [ 77.74489052139694, 13.007510109303784 ], [ 77.745245466206484, 13.007390751825026 ], [ 77.745720690478834, 13.007386137009632 ], [ 77.74643211497613, 13.007263314103851 ], [ 77.746787057954919, 13.00714390728268 ], [ 77.747260845766789, 13.007023391897294 ], [ 77.747262284261978, 13.007139289541501 ], [ 77.747027572085869, 13.00737343921111 ], [ 77.747153555243813, 13.007951862117466 ], [ 77.747280977013475, 13.008646182716175 ], [ 77.747286727849882, 13.009109816570344 ], [ 77.747288166130886, 13.00922571420455 ], [ 77.747293916729461, 13.009689348047687 ], [ 77.747057765301633, 13.009807601370028 ], [ 77.747543060008411, 13.010614354532265 ], [ 77.747779261279391, 13.010496148468862 ], [ 77.747787890111795, 13.011191622998355 ], [ 77.747915311329734, 13.011885943925163 ], [ 77.749103372838988, 13.011874397718316 ], [ 77.749575781415786, 13.01163793400144 ], [ 77.749693138840712, 13.011520881747687 ], [ 77.75004957637816, 13.011517415220169 ], [ 77.750169810489353, 13.011632156696237 ], [ 77.750879759577856, 13.011393381982828 ], [ 77.751353605581926, 13.011272859393555 ], [ 77.752183839281486, 13.011148867411011 ], [ 77.752301144510284, 13.011031767840789 ], [ 77.752537346870554, 13.010913557021013 ], [ 77.752656143435672, 13.010912399387395 ], [ 77.752774989730938, 13.010911242321471 ], [ 77.752892345579369, 13.01079418817608 ], [ 77.753009701293308, 13.010677135756056 ], [ 77.753008261107766, 13.010561190588417 ], [ 77.753127107273031, 13.010560033321099 ], [ 77.75336181698691, 13.010325875694491 ], [ 77.753480613335853, 13.010324719420794 ], [ 77.75347917228072, 13.010208821148352 ], [ 77.753598018328034, 13.010207663624497 ], [ 77.753596579023224, 13.010091767167751 ], [ 77.753715373443924, 13.010090610736937 ], [ 77.753834169741879, 13.010089452468437 ], [ 77.753832729107387, 13.009973507211614 ], [ 77.753951575080123, 13.009972349498414 ], [ 77.753950133743274, 13.009856452980447 ], [ 77.754068880212799, 13.00985529576104 ], [ 77.754186284694356, 13.009738241382591 ], [ 77.754303639981629, 13.009621137549859 ], [ 77.754302198442247, 13.00950524099312 ], [ 77.754420994523343, 13.009504082388901 ], [ 77.754419552916488, 13.009388185819208 ], [ 77.754418111297923, 13.009272289248997 ], [ 77.754536956997811, 13.00927113118763 ], [ 77.754535515946259, 13.009155185852533 ], [ 77.754654311884849, 13.009154027101546 ], [ 77.754771666026386, 13.009036971687296 ], [ 77.754773107812071, 13.009152870101557 ], [ 77.754891901933661, 13.009151711217896 ], [ 77.755012188901048, 13.00926649830922 ], [ 77.755013630797805, 13.009382394941383 ], [ 77.755133866972244, 13.00949713442242 ], [ 77.75513530887747, 13.0096130328713 ], [ 77.755136750159807, 13.009728978265914 ], [ 77.755138192064862, 13.009844874908085 ], [ 77.755259871625867, 13.010075559822269 ], [ 77.75538304120812, 13.010422141991969 ], [ 77.755384483153364, 13.010538038655627 ], [ 77.755503278003573, 13.010536879646393 ], [ 77.755622074684197, 13.01053572241085 ], [ 77.755740921118729, 13.010534563937142 ], [ 77.755977072341238, 13.010416350661387 ], [ 77.756213222171027, 13.010298088341246 ], [ 77.756449422764376, 13.010179873343473 ], [ 77.756804419752257, 13.010060500243242 ], [ 77.75692177244531, 13.00994339494855 ], [ 77.757039128076144, 13.009826338371679 ], [ 77.757156531472674, 13.009709282313677 ], [ 77.757155087402907, 13.009593336685841 ], [ 77.757272442744352, 13.00947627993594 ], [ 77.757270999802245, 13.009360383069577 ], [ 77.757388353123929, 13.009243326203716 ], [ 77.757507199129861, 13.009242166771683 ], [ 77.757743347322787, 13.009123902613396 ], [ 77.757860700335982, 13.009006845452973 ], [ 77.758215695308763, 13.008887469855212 ], [ 77.758334491515029, 13.008886309380671 ], [ 77.758569245213494, 13.008652147908943 ], [ 77.758567803441451, 13.008536249120422 ], [ 77.758686599494069, 13.008535090249893 ], [ 77.758685154582338, 13.008419144455958 ], [ 77.75880395061489, 13.008417983713004 ], [ 77.758802508684596, 13.008302086704019 ], [ 77.758921352550544, 13.008300926492211 ], [ 77.759038704657257, 13.008183868570088 ], [ 77.759157500591755, 13.00818270944359 ], [ 77.759276296562177, 13.00818154845655 ], [ 77.75939514226252, 13.008180388036179 ], [ 77.759513938233852, 13.008179228745007 ], [ 77.75963129005612, 13.008062170474203 ], [ 77.759747198136779, 13.007829166238595 ], [ 77.759744310206713, 13.007597323219327 ], [ 77.759742865930548, 13.007481424279263 ], [ 77.75974142225266, 13.007365478392046 ], [ 77.759738535435645, 13.007133684143353 ], [ 77.759737089880673, 13.007017738231468 ], [ 77.759615407664398, 13.006787103528154 ], [ 77.759612519655775, 13.006555258717755 ], [ 77.759492281997552, 13.006440521144558 ], [ 77.759490837690635, 13.006324624029162 ], [ 77.759609632784247, 13.006323464485945 ], [ 77.75960818906708, 13.006207516800032 ], [ 77.75960674468098, 13.006091619671167 ], [ 77.759961734900799, 13.005972240481981 ], [ 77.760196436133469, 13.005738075886709 ], [ 77.76019499144536, 13.005622176888378 ], [ 77.76031383601935, 13.005621015757811 ], [ 77.760431184822039, 13.005503909763775 ], [ 77.760549979647351, 13.005502747890144 ], [ 77.760667379244808, 13.005385689339562 ], [ 77.760786174039083, 13.005384527343892 ], [ 77.760903523741263, 13.005267469830867 ], [ 77.761022318504274, 13.005266307713384 ], [ 77.761142606347448, 13.005381043432239 ], [ 77.761261351425901, 13.005379884207855 ], [ 77.761380195998697, 13.005378722559328 ], [ 77.761738073948379, 13.005491135179854 ], [ 77.761856868908012, 13.005489972703511 ], [ 77.762446554940482, 13.005136422670889 ], [ 77.762561062495877, 13.004787517563273 ], [ 77.762792870215605, 13.004321553034059 ], [ 77.762907376669318, 13.003972647552867 ], [ 77.763143519096161, 13.003854425425288 ], [ 77.763259471068636, 13.003621418941863 ], [ 77.763492720690238, 13.003271350717341 ], [ 77.765281621960696, 13.003705943493856 ], [ 77.767190084087702, 13.003381595911263 ], [ 77.767871861179572, 13.003073600830476 ], [ 77.768323645293833, 13.003079229599395 ], [ 77.76877010232289, 13.003496229864085 ], [ 77.769368483734695, 13.004643053969117 ], [ 77.769980170654094, 13.009746189447926 ], [ 77.770536457518347, 13.011652070494845 ], [ 77.771586959158526, 13.015273165776248 ], [ 77.772525306185798, 13.015094957185626 ], [ 77.774223113995504, 13.013596927338424 ], [ 77.774272177519435, 13.012299916238989 ], [ 77.774067980855762, 13.010619964398074 ], [ 77.773694238010194, 13.009570886615561 ], [ 77.77352149526547, 13.007954623496346 ], [ 77.773858945548795, 13.006819448499979 ], [ 77.774899803981157, 13.006199408875204 ], [ 77.775548905010226, 13.005922634326167 ], [ 77.775792393018662, 13.004564740642595 ], [ 77.775801392663993, 13.003868565609766 ], [ 77.77499217404403, 13.002927815908722 ], [ 77.772801086343975, 13.00290056659588 ], [ 77.773195436972571, 13.001877732111383 ], [ 77.774448367591901, 13.000772141076991 ], [ 77.775040478203834, 12.999191174224618 ], [ 77.774500293785707, 12.996755253119998 ], [ 77.774367716108372, 12.992268916908868 ], [ 77.775240747847363, 12.991065158413106 ], [ 77.775764092568863, 12.987427844115361 ], [ 77.776219491814629, 12.986132769372261 ], [ 77.776708068162179, 12.984952565899164 ], [ 77.776699407864839, 12.983585672912682 ], [ 77.776343955507684, 12.982601303568742 ], [ 77.775955225272867, 12.982158076728807 ], [ 77.775383116837361, 12.981660997356299 ], [ 77.774942138617916, 12.981191332182165 ], [ 77.774999716140769, 12.980805222443848 ], [ 77.775347503129808, 12.980345347465743 ], [ 77.776406839823778, 12.979765358729251 ], [ 77.777439879567282, 12.979185040222776 ], [ 77.779031360856095, 12.978121656650446 ], [ 77.779094244935891, 12.977322993299365 ], [ 77.778490179681512, 12.976924091368291 ], [ 77.778129413767488, 12.976579859601657 ], [ 77.777655689505195, 12.976700448793279 ], [ 77.777421034830127, 12.976934639904243 ], [ 77.77706463807624, 12.976938155811409 ], [ 77.776821202339079, 12.976476804794855 ], [ 77.776700965023679, 12.976362076519761 ], [ 77.776816837317995, 12.976129105733319 ], [ 77.776451711034497, 12.975437126523218 ], [ 77.776208328307177, 12.974975823082218 ], [ 77.777031165113726, 12.974272077048171 ], [ 77.777149946782458, 12.974270904954606 ], [ 77.777977147829858, 12.97391495083923 ], [ 77.778329173506904, 12.973563733097535 ], [ 77.778799978303653, 12.973211293795998 ], [ 77.77903608372651, 12.973092999588346 ], [ 77.77927078185752, 12.972858853320588 ], [ 77.778782501123942, 12.971820301576997 ], [ 77.77853469543669, 12.971011252758673 ], [ 77.778770848314025, 12.970892958030502 ], [ 77.779124324219481, 12.970657638140326 ], [ 77.780548373327463, 12.970527603849632 ], [ 77.781027916230983, 12.970870655952636 ], [ 77.781390087531577, 12.971330781775748 ], [ 77.782104327694242, 12.971439682247706 ], [ 77.782935890646229, 12.971431457327411 ], [ 77.783411062375762, 12.971426756208587 ], [ 77.783644296681928, 12.971076656049261 ], [ 77.78375724223406, 12.970611830660234 ], [ 77.783873103516555, 12.970378805692574 ], [ 77.78410195835761, 12.969680955418085 ], [ 77.784100499552949, 12.969565054642205 ], [ 77.784219279730507, 12.969563878779754 ], [ 77.784684230852179, 12.968747725879664 ], [ 77.784547935857859, 12.967357903271024 ], [ 77.784423318566951, 12.966895429260429 ], [ 77.782157478228328, 12.966222272136632 ], [ 77.781922839952927, 12.966456470784465 ], [ 77.781805520491048, 12.966573546509439 ], [ 77.781570830897977, 12.966807745858375 ], [ 77.781453511116354, 12.966924820441307 ], [ 77.781098585393408, 12.967044293595164 ], [ 77.780503185782038, 12.966934218622386 ], [ 77.780026566664503, 12.966823016034482 ], [ 77.779073328160905, 12.966600560644906 ], [ 77.779076242937037, 12.966832409069243 ], [ 77.779323999933695, 12.967641457314869 ], [ 77.779326914720116, 12.967873305778371 ], [ 77.777555233634359, 12.968702303055236 ], [ 77.777317676456335, 12.968704648814196 ], [ 77.777314764933067, 12.968472849551574 ], [ 77.776599081871836, 12.968248038332831 ], [ 77.776119552129671, 12.967904980606249 ], [ 77.774685335794459, 12.96722355214524 ], [ 77.774084073488041, 12.966649817302484 ], [ 77.773963841373131, 12.966535089091733 ], [ 77.773726237308153, 12.966537432325765 ], [ 77.773724782986164, 12.966421533503874 ], [ 77.77336699682121, 12.966309099094531 ], [ 77.772177623609196, 12.966204910444617 ], [ 77.772179077222575, 12.96632081001087 ], [ 77.771456189784317, 12.965516442404351 ], [ 77.771214226199845, 12.965171038178767 ], [ 77.770969405284859, 12.964593786817428 ], [ 77.770484027451289, 12.963787078661484 ], [ 77.770602853151502, 12.963785907211557 ], [ 77.77047966690202, 12.963439332568445 ], [ 77.770124794670551, 12.963558790390211 ], [ 77.77012043453783, 12.963211045307331 ], [ 77.770576686590346, 12.961699482721089 ], [ 77.770573779546453, 12.961467636002229 ], [ 77.769258391981396, 12.960785018866257 ], [ 77.767593905858064, 12.960685447849926 ], [ 77.766765293941205, 12.96092547694411 ], [ 77.76625675343422, 12.958264144711677 ], [ 77.766136528594018, 12.958149366747477 ], [ 77.76625530048733, 12.958148197836977 ], [ 77.765897531433268, 12.958035805416102 ], [ 77.764955913560016, 12.958740642805651 ], [ 77.764600998038532, 12.958860094348323 ], [ 77.764596642889728, 12.958512302121163 ], [ 77.764477920720935, 12.958513469945554 ], [ 77.76447211501727, 12.958049827696527 ], [ 77.764467761008916, 12.957702083367167 ], [ 77.764454698612781, 12.956658900919026 ], [ 77.764570517353718, 12.956425887361094 ], [ 77.764687886482136, 12.956308771978625 ], [ 77.764569065914031, 12.95630994066153 ], [ 77.764567614752877, 12.956194042725315 ], [ 77.764684984049211, 12.956076975178179 ], [ 77.764563259090551, 12.955846298321038 ], [ 77.764680629093846, 12.955729231649457 ], [ 77.764679176618927, 12.955613284019991 ], [ 77.764677725331467, 12.955497386068147 ], [ 77.764558904230626, 12.955498554826024 ], [ 77.764795044461721, 12.955380318661696 ], [ 77.765665421863503, 12.948995672890019 ], [ 77.765759538743509, 12.947023983896941 ], [ 77.765743553434788, 12.945748904974151 ], [ 77.7656174716073, 12.945170534177576 ], [ 77.765466731563379, 12.942621595436949 ], [ 77.765640341786991, 12.93751898616796 ], [ 77.765635979498143, 12.93717124200384 ], [ 77.76587059648358, 12.93693710171692 ], [ 77.765986450126491, 12.936704085385376 ], [ 77.766336968143435, 12.936236927674656 ], [ 77.766564309605712, 12.935423196585189 ], [ 77.766076122628306, 12.934384648064565 ], [ 77.76582987241693, 12.933691502396984 ], [ 77.76581532645929, 12.932532369488909 ], [ 77.764824421310379, 12.929296143055749 ], [ 77.763754041976938, 12.929190786081051 ], [ 77.762921179712464, 12.929083034924819 ], [ 77.762682160467705, 12.928969478520855 ], [ 77.762324431824197, 12.928857091184286 ], [ 77.760296533516623, 12.928181495847639 ], [ 77.757194030595372, 12.927052714708848 ], [ 77.754809899904842, 12.926380588051586 ], [ 77.75266484740655, 12.925822054157438 ], [ 77.752189775735985, 12.925826719357758 ], [ 77.751933376812588, 12.924322192674937 ], [ 77.75142787750741, 12.921892675419658 ], [ 77.746785870514771, 12.921126743043146 ], [ 77.746068915082105, 12.920785988443807 ], [ 77.745828516471931, 12.920556474934472 ], [ 77.745589564828208, 12.920442905343577 ], [ 77.745467869843992, 12.920212227303011 ], [ 77.745344777676451, 12.919865652804672 ], [ 77.744971114251086, 12.918478189836662 ], [ 77.744475810105484, 12.916860097724284 ], [ 77.744216562678901, 12.915123734867962 ], [ 77.743149163272392, 12.915250102310326 ], [ 77.742792864763999, 12.915253591879829 ], [ 77.742439458174147, 12.915488922397063 ], [ 77.742200514018975, 12.915375351186301 ], [ 77.741136005082694, 12.915733551031051 ], [ 77.740421963480173, 12.915624579402504 ], [ 77.738878022795348, 12.915639679592573 ], [ 77.738166921758648, 12.915762590190184 ], [ 77.738048123345891, 12.915763751295174 ], [ 77.737929373735597, 12.915764912052341 ], [ 77.73781351125632, 12.915997864455678 ], [ 77.737576012796865, 12.916000185660096 ], [ 77.737451440424877, 12.915537714451377 ], [ 77.735790247995737, 12.915669852739597 ], [ 77.734362229357316, 12.915451975913472 ], [ 77.734249198580244, 12.915916765977157 ], [ 77.734131890696801, 12.916033819988112 ], [ 77.733181800789112, 12.91604309056993 ], [ 77.732586565385873, 12.915932987080051 ], [ 77.732107148870341, 12.915589886241831 ], [ 77.731630665274849, 12.915478622817377 ], [ 77.729733372653698, 12.91572893320188 ], [ 77.728783286803491, 12.915738187967007 ], [ 77.7281894961028, 12.915743969455548 ], [ 77.727836079910162, 12.915979276717962 ], [ 77.727598533923015, 12.915981589087435 ], [ 77.727569756319781, 12.913663401768023 ], [ 77.727542412467415, 12.911461059810678 ], [ 77.727296285948114, 12.910767955245603 ], [ 77.727048670416821, 12.909958859187041 ], [ 77.726552054872741, 12.908224869481273 ], [ 77.725606317186532, 12.908581851585039 ], [ 77.724302855222561, 12.908826353182519 ], [ 77.72394657199726, 12.908829819100561 ], [ 77.723119624114645, 12.909185635328583 ], [ 77.721700239765198, 12.909663113750016 ], [ 77.721225211296712, 12.909667729632988 ], [ 77.720870414712806, 12.909787133193275 ], [ 77.720279464888449, 12.910024689253415 ], [ 77.720402517075172, 12.910371267274797 ], [ 77.719811615561696, 12.910608869409373 ], [ 77.719684256112487, 12.909914561020114 ], [ 77.718143251305321, 12.910161383756419 ], [ 77.718147556274687, 12.91050911351533 ], [ 77.718028811321631, 12.910510265776225 ], [ 77.717672577456824, 12.910513722243877 ], [ 77.716595122596402, 12.909828630107597 ], [ 77.715652190270532, 12.910417359473684 ], [ 77.715297391787146, 12.910536753646793 ], [ 77.715058419351749, 12.910423113985017 ], [ 77.714820931133659, 12.910425415661223 ], [ 77.714225678157504, 12.910315276501876 ], [ 77.709223582771074, 12.909204477596061 ], [ 77.70803605585354, 12.909215958200601 ], [ 77.707247644546101, 12.90569894669369 ], [ 77.706629018864078, 12.902186677802316 ], [ 77.702953885135344, 12.903688808016341 ], [ 77.697709046971568, 12.904519049297734 ], [ 77.694223556900226, 12.904230470626885 ], [ 77.692315226300366, 12.904043319479685 ], [ 77.691400450801495, 12.904113232402265 ], [ 77.689880625601063, 12.905968435391344 ], [ 77.68887633919644, 12.906526192360161 ], [ 77.687631446319813, 12.90642890966717 ], [ 77.687399434947224, 12.905122002433529 ], [ 77.686321753918378, 12.904945337283777 ], [ 77.686003462966028, 12.903881829212137 ], [ 77.687506120024864, 12.903330401727146 ], [ 77.68693434080518, 12.902589669899442 ], [ 77.684694864334233, 12.90231676939618 ], [ 77.682125299773645, 12.901876665066483 ], [ 77.682083090291314, 12.898779223352335 ], [ 77.677913688026138, 12.893673431201305 ], [ 77.675427296371595, 12.893234338624607 ], [ 77.673875576147793, 12.893431239732648 ], [ 77.673874161111883, 12.893315350982336 ], [ 77.673872744247205, 12.893199460402514 ], [ 77.673621068636407, 12.892042643507635 ], [ 77.673369443150762, 12.890885872619494 ], [ 77.673116352044872, 12.889613214427527 ], [ 77.672864729229275, 12.888456397091543 ], [ 77.67260885651018, 12.886951912160443 ], [ 77.672481581107718, 12.886257615357637 ], [ 77.672350103302165, 12.885215600908108 ], [ 77.672704919613636, 12.885096308844767 ], [ 77.674008237783084, 12.884851999226557 ], [ 77.674245691858687, 12.88484972893167 ], [ 77.674596255297217, 12.884382716702246 ], [ 77.674594837105644, 12.884266825992087 ], [ 77.674592001282122, 12.884034999432686 ], [ 77.67446902153381, 12.88368841853719 ], [ 77.674467603300116, 12.883572529642038 ], [ 77.674461932751285, 12.883108923525185 ], [ 77.674457678497959, 12.882761206276086 ], [ 77.674198909032214, 12.881024894334018 ], [ 77.674196072854329, 12.88079306782083 ], [ 77.672063016552045, 12.881161217519097 ], [ 77.67182556463689, 12.8811634848455 ], [ 77.672513925765486, 12.879186317304343 ], [ 77.673103345559355, 12.878832925985876 ], [ 77.673337959702224, 12.878598828796214 ], [ 77.673453848599308, 12.878365865986439 ], [ 77.673571204731218, 12.878248839475305 ], [ 77.673569786308121, 12.878132950643817 ], [ 77.673685674692365, 12.877899987619458 ], [ 77.673917499735808, 12.877434110628998 ], [ 77.674149275905961, 12.876968232601428 ], [ 77.67437684439426, 12.876154637435091 ], [ 77.674611452693455, 12.875920536334263 ], [ 77.675409975124239, 12.873246733513158 ], [ 77.675289834603063, 12.873131980618496 ], [ 77.675049502340528, 12.872902475892717 ], [ 77.674806382274767, 12.872441094383193 ], [ 77.673843740281427, 12.871407038318409 ], [ 77.673600573132262, 12.870945704652739 ], [ 77.67323868564057, 12.870485508281435 ], [ 77.672996988927764, 12.870140065769135 ], [ 77.672875382854102, 12.869909374187557 ], [ 77.672862614975998, 12.868866225075408 ], [ 77.672507874424753, 12.86898557248435 ], [ 77.671196134630975, 12.868534414721296 ], [ 77.669283622217449, 12.867509433495513 ], [ 77.66785318353709, 12.867059445050243 ], [ 77.667139356463167, 12.866950362405987 ], [ 77.667137941595684, 12.866834474219672 ], [ 77.66678178569606, 12.866837875161934 ], [ 77.666308279777638, 12.866958299514067 ], [ 77.666186729269896, 12.866727607257474 ], [ 77.666185312977518, 12.866611719148578 ], [ 77.665458224581641, 12.864360080022379 ], [ 77.664369607211199, 12.86236668227099 ], [ 77.663864245418949, 12.860432802687969 ], [ 77.662657771563033, 12.859323486253345 ], [ 77.662077979136143, 12.859003543681867 ], [ 77.659853276767535, 12.858610549405451 ], [ 77.658947403175205, 12.858859468334458 ], [ 77.658258693301377, 12.858746502017482 ], [ 77.65810840945926, 12.858067379190002 ], [ 77.656236046802348, 12.855126302336261 ], [ 77.653528819426413, 12.855091758631319 ], [ 77.650783723895927, 12.853910669326014 ], [ 77.650326025018046, 12.852394138664634 ], [ 77.644015514070134, 12.851844617161646 ], [ 77.642804334478456, 12.851099823793676 ], [ 77.642956125930255, 12.859644878810512 ], [ 77.641625963720173, 12.863847293681202 ], [ 77.640924773582924, 12.864671776449086 ], [ 77.639111584625368, 12.865273625645727 ], [ 77.638076979843049, 12.863228766719601 ], [ 77.635481443329695, 12.862778714159617 ], [ 77.632466817181864, 12.861906520155115 ], [ 77.629986529114149, 12.860780710594156 ], [ 77.62895410442195, 12.85857959007933 ], [ 77.626628935757196, 12.857768303332193 ], [ 77.620573434481514, 12.858002842277813 ], [ 77.618717674645211, 12.857822634970603 ], [ 77.616767628999355, 12.856755653595712 ], [ 77.616095032658961, 12.855444701913541 ], [ 77.614464899708935, 12.854277657488012 ], [ 77.612850854530507, 12.85191272810772 ], [ 77.608667347560015, 12.851129387946232 ], [ 77.608784778245422, 12.846338579635812 ], [ 77.606643445862176, 12.847665239005039 ], [ 77.602969814960488, 12.848451129647573 ], [ 77.599632882630942, 12.847886988708069 ], [ 77.595369069989999, 12.849133921578641 ], [ 77.594291652290792, 12.846359174271869 ], [ 77.594217100503613, 12.844014165119688 ], [ 77.593930235416565, 12.841666400221072 ], [ 77.592345258432943, 12.837166105845538 ], [ 77.591475279018766, 12.834758686123278 ], [ 77.589713966035674, 12.835465066807387 ], [ 77.589023988001657, 12.83545610276366 ], [ 77.586878849542813, 12.833136285326134 ], [ 77.584732653325602, 12.834827327915491 ], [ 77.582330382720215, 12.836732050832097 ], [ 77.581888708511201, 12.837082239864515 ], [ 77.580501006230122, 12.837637147248588 ], [ 77.5744788318475, 12.839381732102593 ], [ 77.573134400639333, 12.840013682621871 ], [ 77.565541218953058, 12.840431298626413 ], [ 77.562804100031371, 12.839876891855056 ], [ 77.559732784718506, 12.841180051082345 ], [ 77.557016209314611, 12.842363978846889 ], [ 77.556902986456464, 12.842828622315153 ], [ 77.556913930637506, 12.84375578262541 ], [ 77.556915299088132, 12.843871658935027 ], [ 77.556926242350926, 12.844798819207709 ], [ 77.556807496869567, 12.844799905908188 ], [ 77.55540214214011, 12.846435405140424 ], [ 77.553767521412794, 12.848768468026037 ], [ 77.552931131629407, 12.848312456321025 ], [ 77.553048462493564, 12.848195495296183 ], [ 77.552685495043647, 12.847619269883522 ], [ 77.551739920914088, 12.847975618248027 ], [ 77.551151849486814, 12.848444638404658 ], [ 77.544384015603612, 12.848390384981027 ], [ 77.544265319570513, 12.848391464396855 ], [ 77.544385377071706, 12.848506308609958 ], [ 77.544030652619767, 12.848625423331724 ], [ 77.544036097790297, 12.849088973236519 ], [ 77.544156155407507, 12.849203817607872 ], [ 77.544632351143662, 12.849315372137028 ], [ 77.544751045840428, 12.849314290835425 ], [ 77.544752408012812, 12.849430167563353 ], [ 77.544753769530303, 12.849546091227298 ], [ 77.544755131702004, 12.849661966149029 ], [ 77.544876600642169, 12.849892637160906 ], [ 77.544996659055528, 12.850007479529951 ], [ 77.545115355936275, 12.850006399975028 ], [ 77.545235413330374, 12.850121195314275 ], [ 77.545236776830222, 12.85023711905245 ], [ 77.545355521708018, 12.850236038240725 ], [ 77.54535688407725, 12.850351913225552 ], [ 77.545358246433693, 12.850467788209642 ], [ 77.545240861870639, 12.850584745746458 ], [ 77.545243583902845, 12.85081654440336 ], [ 77.545244946153218, 12.850932419372157 ], [ 77.545127612150793, 12.85104942440182 ], [ 77.545010275026414, 12.851166380560015 ], [ 77.544891579449711, 12.851167459952594 ], [ 77.544774192498153, 12.851284415307534 ], [ 77.544538160639036, 12.851402499205731 ], [ 77.544539522471268, 12.851518375897795 ], [ 77.544422137031233, 12.851635331033323 ], [ 77.544423498140361, 12.851751254647697 ], [ 77.544424859904041, 12.851867129519688 ], [ 77.544543605458216, 12.851866049272473 ], [ 77.54454496723929, 12.851981925962432 ], [ 77.544665026205962, 12.852096768683168 ], [ 77.544783724035312, 12.852095689529166 ], [ 77.544903831683939, 12.852210484069474 ], [ 77.544905193616046, 12.852326358992455 ], [ 77.544906554868135, 12.852442282656684 ], [ 77.544907916749764, 12.852558159383763 ], [ 77.54490927680348, 12.852674034280824 ], [ 77.544910639857164, 12.852789957967675 ], [ 77.545033420068421, 12.853136505340672 ], [ 77.545153479728413, 12.853251348025196 ], [ 77.545273540141238, 12.85336614374512 ], [ 77.545392288341816, 12.853365063315552 ], [ 77.545393648525589, 12.853480938261953 ], [ 77.545512347093052, 12.853479858942196 ], [ 77.545513708491683, 12.853595782667414 ], [ 77.545515070544695, 12.853711657650249 ], [ 77.545517793920396, 12.853943458161664 ], [ 77.545520516096815, 12.854175208099489 ], [ 77.545524601333511, 12.854522883585785 ], [ 77.545525962616864, 12.854638807306344 ], [ 77.545527322714861, 12.854754682260248 ], [ 77.545528684615135, 12.854870559043095 ], [ 77.545650107108884, 12.855101278550196 ], [ 77.545651467210575, 12.8552171535153 ], [ 77.545891639157617, 12.855446792623923 ], [ 77.546131760028743, 12.855676430941001 ], [ 77.546253184010197, 12.855907101653372 ], [ 77.54625454427196, 12.856022978486349 ], [ 77.546373293841611, 12.856021897928258 ], [ 77.546374655343243, 12.856137821734821 ], [ 77.546257267819556, 12.856254777330436 ], [ 77.546022591155293, 12.856488736523774 ], [ 77.545903892922411, 12.856489817545137 ], [ 77.545906614865032, 12.85672156753941 ], [ 77.545789275845664, 12.856838572193055 ], [ 77.545673249418599, 12.85707140415508 ], [ 77.545674610475146, 12.857187327877455 ], [ 77.545677332044761, 12.857419077812438 ], [ 77.545678694902676, 12.857535001557325 ], [ 77.545800166698712, 12.857765673206247 ], [ 77.545802887582852, 12.857997471904355 ], [ 77.545804249234436, 12.858113348699076 ], [ 77.545924311114504, 12.858228191685724 ], [ 77.546163072847548, 12.858341908649265 ], [ 77.546164434650336, 12.85845778367684 ], [ 77.546165796440448, 12.858573658704131 ], [ 77.546167157550428, 12.858689582472664 ], [ 77.545933839562053, 12.859039417756605 ], [ 77.545700471174314, 12.859389252005654 ], [ 77.545467151742287, 12.859739086528919 ], [ 77.545348400519401, 12.859740166229528 ], [ 77.545106916484485, 12.859394649740183 ], [ 77.544986854684851, 12.859279804534651 ], [ 77.544869464163185, 12.859396807691153 ], [ 77.544870825221665, 12.859512684373442 ], [ 77.544754845202988, 12.85974556295281 ], [ 77.544757565330258, 12.859977312652747 ], [ 77.544878988252833, 12.860208032890514 ], [ 77.544880349246455, 12.860323907763927 ], [ 77.545000461059715, 12.860438751974698 ], [ 77.545120522108107, 12.860553548541079 ], [ 77.545241945546707, 12.860784268757017 ], [ 77.545363367994639, 12.861014940203233 ], [ 77.54548348033336, 12.861129784326579 ], [ 77.545486200787991, 12.861361535978235 ], [ 77.545487563100721, 12.861477459678895 ], [ 77.545607624801221, 12.861592256196447 ], [ 77.545608985970887, 12.861708131143248 ], [ 77.545967863279202, 12.861936693219887 ], [ 77.545969222735607, 12.862052568180502 ], [ 77.545855964208215, 12.862517197111062 ], [ 77.545977388884239, 12.862747917368154 ], [ 77.546097451320861, 12.862862713862114 ], [ 77.546220235769226, 12.86320930908232 ], [ 77.546340299683266, 12.863324154311499 ], [ 77.546459052715704, 12.863323074588322 ], [ 77.546460414078126, 12.863438949620047 ], [ 77.54657911747563, 12.863437871006397 ], [ 77.546817933712646, 12.863551585707341 ], [ 77.54705806141277, 12.863781227038205 ], [ 77.547296878241639, 12.863894943241917 ], [ 77.547298241097451, 12.864010867129821 ], [ 77.547655712450592, 12.864123503518783 ], [ 77.547774466012925, 12.864122423292372 ], [ 77.547775826050383, 12.864238298441649 ], [ 77.547777187247732, 12.864354222356781 ], [ 77.547897253136682, 12.864469018438912 ], [ 77.54789861503059, 12.864584893624281 ], [ 77.54801731729583, 12.864583814468629 ], [ 77.548137382762775, 12.864698657431177 ], [ 77.548256136652867, 12.86469757705413 ], [ 77.548258858842075, 12.864929329282575 ], [ 77.548142829907704, 12.865162208818164 ], [ 77.54802412548969, 12.865163289742837 ], [ 77.547670685395587, 12.865398328784181 ], [ 77.547672047077185, 12.865514203938858 ], [ 77.547673408721494, 12.865630080898256 ], [ 77.547556063910122, 12.865747035766617 ], [ 77.546138267179799, 12.866339462485826 ], [ 77.545787545364476, 12.866806249774303 ], [ 77.543658772436402, 12.867521007812851 ], [ 77.542829149017734, 12.867644426336595 ], [ 77.542238243910674, 12.867881610650899 ], [ 77.541408570319504, 12.868005072280996 ], [ 77.540932345042904, 12.867893455558205 ], [ 77.540816355931952, 12.868126330363509 ], [ 77.539749272826498, 12.868251890175998 ], [ 77.539746558338152, 12.868020140776254 ], [ 77.539627804778092, 12.868021216891291 ], [ 77.539390396160513, 12.86802336845426 ], [ 77.539384967187857, 12.867559772300124 ], [ 77.539266262658828, 12.867560848047445 ], [ 77.539260834871698, 12.867097300703964 ], [ 77.539376824514875, 12.866864426819346 ], [ 77.539254048964608, 12.866517830389737 ], [ 77.539135296172446, 12.866518906460724 ], [ 77.538541728414316, 12.866524284980756 ], [ 77.537589288665913, 12.866301138063079 ], [ 77.538165217067785, 12.864789198927442 ], [ 77.538163859455267, 12.864673275173631 ], [ 77.537809108806869, 12.864792424446479 ], [ 77.53780639504464, 12.864560627589015 ], [ 77.5375648706314, 12.864215105936692 ], [ 77.537327416400501, 12.864217256779906 ], [ 77.537095437025641, 12.864682953599697 ], [ 77.536503181953265, 12.864804251487669 ], [ 77.535909619771815, 12.864809625043678 ], [ 77.535792273207505, 12.864926573369585 ], [ 77.535554818701144, 12.86492872333031 ], [ 77.535436115871903, 12.864929796746482 ], [ 77.535433404334242, 12.864698000421811 ], [ 77.535310634987923, 12.86435140283953 ], [ 77.535785494052504, 12.864347104932051 ], [ 77.535905552345582, 12.864461953875038 ], [ 77.536141649762556, 12.864343880856095 ], [ 77.536134870632452, 12.863764460971765 ], [ 77.535897417158651, 12.863766610620758 ], [ 77.535893349385503, 12.863418939438077 ], [ 77.535887924736357, 12.862955344741408 ], [ 77.535885213504912, 12.862723596155776 ], [ 77.536001201872466, 12.862490723975382 ], [ 77.535763799324684, 12.862492873562532 ], [ 77.535645097610654, 12.862493948268934 ], [ 77.535526347139694, 12.862495023179008 ], [ 77.535407645452096, 12.862496097776845 ], [ 77.535168838021718, 12.862382372401953 ], [ 77.535050136428822, 12.862383446850741 ], [ 77.535048781133924, 12.862267573099812 ], [ 77.535044713763455, 12.861919853422251 ], [ 77.535279453472583, 12.861685954729468 ], [ 77.535267250210723, 12.860642940777609 ], [ 77.53442811460917, 12.859955121586891 ], [ 77.533359716161783, 12.859964788901266 ], [ 77.532526008144316, 12.859740509066571 ], [ 77.532288559311951, 12.859742656396177 ], [ 77.532165795288847, 12.859396059850043 ], [ 77.532043032674892, 12.859049511188118 ], [ 77.531922928841027, 12.858934662686011 ], [ 77.531677402331297, 12.858241468791391 ], [ 77.53061031922249, 12.858367049881622 ], [ 77.530738546402461, 12.859177189982233 ], [ 77.530146354239264, 12.8592984279187 ], [ 77.529791560061426, 12.859417518792212 ], [ 77.529301826031883, 12.858147052932621 ], [ 77.529537869743251, 12.85802903412241 ], [ 77.529416464207657, 12.857798310584373 ], [ 77.528928086367955, 12.856643719180907 ], [ 77.528210387387901, 12.856186561270421 ], [ 77.527964873870303, 12.855493415825212 ], [ 77.526897803762267, 12.855618935519091 ], [ 77.526905919702585, 12.856314273005694 ], [ 77.526907272850565, 12.856430145890672 ], [ 77.527030077370682, 12.856776743401724 ], [ 77.52691133060182, 12.856777815076725 ], [ 77.526203151689913, 12.857131910758367 ], [ 77.526087109499656, 12.857364777233446 ], [ 77.525268340761841, 12.85841527592663 ], [ 77.525175270389298, 12.860618227835346 ], [ 77.524948680586022, 12.861547450159492 ], [ 77.524954085428988, 12.862010991230134 ], [ 77.525548985831847, 12.862121562370985 ], [ 77.525787786373144, 12.862235295365906 ], [ 77.525910541169878, 12.862581892960806 ], [ 77.526268043053108, 12.862694555415658 ], [ 77.526508147334255, 12.862924209770709 ], [ 77.526626897883204, 12.862923139031293 ], [ 77.527470019612963, 12.863958649721495 ], [ 77.527263707575116, 12.86662621825252 ], [ 77.527151762756546, 12.867206752122058 ], [ 77.527155817090147, 12.867554420299822 ], [ 77.527047874962022, 12.868482574439499 ], [ 77.52622495982564, 12.869185400544726 ], [ 77.525280635519039, 12.869657544912059 ], [ 77.524094850903509, 12.869784106208272 ], [ 77.52386684128237, 12.870597451739119 ], [ 77.522566346974543, 12.871072739884314 ], [ 77.521387250488146, 12.87177874811556 ], [ 77.519854729713131, 12.872719741142362 ], [ 77.519018312463402, 12.872263666003107 ], [ 77.514937535232207, 12.868475570066778 ], [ 77.512920753833612, 12.868609531556899 ], [ 77.511972387015305, 12.868733958096524 ], [ 77.51125873444505, 12.868624416730656 ], [ 77.510201070026596, 12.869561096946029 ], [ 77.509724871145181, 12.869449474885299 ], [ 77.508789928188207, 12.870732699092512 ], [ 77.507966967348978, 12.871435451756952 ], [ 77.507384090944413, 12.87236787115785 ], [ 77.506917279610661, 12.873067435967812 ], [ 77.506683897704136, 12.873417217679334 ], [ 77.505984988676062, 12.874582433214929 ], [ 77.505290142933518, 12.876095305539764 ], [ 77.50529416382966, 12.876442966177819 ], [ 77.504944701572128, 12.877025594450572 ], [ 77.504827287384046, 12.877142524788894 ], [ 77.504589878218326, 12.877144642447663 ], [ 77.504237733478305, 12.877495479023596 ], [ 77.504119029250489, 12.877496537574698 ], [ 77.502687728753017, 12.876929786232493 ], [ 77.502208844818199, 12.87658635817797 ], [ 77.501852683566028, 12.876589531451886 ], [ 77.50185000605876, 12.87635779066977 ], [ 77.501014964426304, 12.876017533073648 ], [ 77.5007735424374, 12.875671988417084 ], [ 77.500654788866711, 12.875673045836662 ], [ 77.499815787896523, 12.87498512636415 ], [ 77.49981444919348, 12.874869207887741 ], [ 77.497902921798641, 12.873843184584986 ], [ 77.497058537487362, 12.872691682951197 ], [ 77.496239604802838, 12.873742046789401 ], [ 77.495883448766278, 12.873745212925426 ], [ 77.495527292850113, 12.873748378573223 ], [ 77.495289839383133, 12.873750488817507 ], [ 77.495052435659943, 12.873752598607153 ], [ 77.494697616492488, 12.873871681019351 ], [ 77.494574907250069, 12.873525077703334 ], [ 77.49432543370034, 12.872484215311887 ], [ 77.494086695053511, 12.872370406688731 ], [ 77.49242735153814, 12.872616952814097 ], [ 77.492311319888586, 12.872849793978956 ], [ 77.491953832101331, 12.872737037485024 ], [ 77.491342929949496, 12.871235810305279 ], [ 77.490043748202595, 12.871826837301343 ], [ 77.488387076451545, 12.87230509632292 ], [ 77.48707989158487, 12.872200796339657 ], [ 77.485648681403916, 12.871633969048274 ], [ 77.485412563747673, 12.871751988555159 ], [ 77.485056464049876, 12.871755139479433 ], [ 77.484110760052431, 12.872111148114641 ], [ 77.484112090898236, 12.87222706481225 ], [ 77.483994672358278, 12.872343983904045 ], [ 77.482595397701459, 12.874558367740519 ], [ 77.482237915845758, 12.87444564720664 ], [ 77.482119214733189, 12.874446695188793 ], [ 77.480814687566351, 12.874574098568701 ], [ 77.480577286462449, 12.87457619496803 ], [ 77.480579944970543, 12.874807978791464 ], [ 77.48058393202956, 12.875155631946086 ], [ 77.480701303466901, 12.875038667542411 ], [ 77.48070529062511, 12.875386319831936 ], [ 77.480826649641074, 12.875617056466353 ], [ 77.480590576110217, 12.875735020148056 ], [ 77.480711936008902, 12.875965756859557 ], [ 77.480717251379758, 12.876429277575253 ], [ 77.480838611575109, 12.876660014334504 ], [ 77.480962629094222, 12.877122487114605 ], [ 77.480966615875388, 12.877470139457273 ], [ 77.480967944381632, 12.877586007917843 ], [ 77.481093340593588, 12.878164396874469 ], [ 77.481216030116116, 12.87851100132025 ], [ 77.481097327186319, 12.878512049243794 ], [ 77.479435294343432, 12.878526715490866 ], [ 77.478959108197614, 12.878415035638112 ], [ 77.478365547388933, 12.878420269887954 ], [ 77.478129420610401, 12.878538231482764 ], [ 77.477653234743286, 12.878426549379869 ], [ 77.477181031293242, 12.878662469709585 ], [ 77.476468718796639, 12.87866874578469 ], [ 77.476113890020315, 12.878787798850908 ], [ 77.475284251886819, 12.878910983836192 ], [ 77.475169478784892, 12.879259680485688 ], [ 77.47493605222769, 12.879609420840554 ], [ 77.474702575255321, 12.879959161044496 ], [ 77.474350394559337, 12.880309946395643 ], [ 77.474234342866112, 12.880542773281093 ], [ 77.47435967241978, 12.881121114131647 ], [ 77.474601105395607, 12.881466674873085 ], [ 77.475318726383875, 12.881923924071772 ], [ 77.475438755920948, 12.882038794851326 ], [ 77.476037628321649, 12.882497088838479 ], [ 77.477118050397905, 12.883530633638943 ], [ 77.47771825596709, 12.884104792589369 ], [ 77.477959695243442, 12.884450352080989 ], [ 77.47820108541265, 12.884795912649395 ], [ 77.47843987296875, 12.884909736665918 ], [ 77.478441199438578, 12.885025603893043 ], [ 77.478562558376723, 12.885256342107711 ], [ 77.478449160260595, 12.885720907479142 ], [ 77.478451814149253, 12.885952691591399 ], [ 77.478453140501074, 12.886068558814031 ], [ 77.478337039244821, 12.886301388884476 ], [ 77.478220985343057, 12.886534169835445 ], [ 77.478222312426738, 12.886650037943243 ], [ 77.478341017952687, 12.886648992310313 ], [ 77.478459774104067, 12.88664794640192 ], [ 77.47869851368506, 12.886761770886666 ], [ 77.478934598236833, 12.886643763135337 ], [ 77.479408195242513, 12.886523711204859 ], [ 77.479644280549905, 12.886405750526251 ], [ 77.480239188137659, 12.886516386556936 ], [ 77.480357944449793, 12.886515339766333 ], [ 77.48071278490994, 12.886396331132119 ], [ 77.481779912815057, 12.88627103997618 ], [ 77.4818986195001, 12.886269992687005 ], [ 77.482136081682825, 12.886267897699323 ], [ 77.482256116470239, 12.886382718803588 ], [ 77.482374822344354, 12.886381671298411 ], [ 77.482376151368157, 12.886497539880169 ], [ 77.482380136785537, 12.886845192542751 ], [ 77.482382794046941, 12.887076977537333 ], [ 77.482266742862805, 12.887309761150846 ], [ 77.482035921056365, 12.887891293440193 ], [ 77.481805147567513, 12.888472824994667 ], [ 77.48169573562825, 12.889285045241822 ], [ 77.481579633786168, 12.889517877088622 ], [ 77.481580961151224, 12.88963374554902 ], [ 77.480994009593132, 12.890218366961621 ], [ 77.480759247666924, 12.890452244283949 ], [ 77.480643145170973, 12.890685074443921 ], [ 77.480524436541373, 12.89068612062232 ], [ 77.480405728845085, 12.890687166758651 ], [ 77.480166935123066, 12.890573342935966 ], [ 77.479690725969135, 12.890461658515278 ], [ 77.479331899271358, 12.890233012565657 ], [ 77.479094483695292, 12.890235102891779 ], [ 77.478975725755618, 12.890236149554823 ], [ 77.478857018467693, 12.890237194136999 ], [ 77.478740963347377, 12.890470023681077 ], [ 77.478743616381621, 12.890701807804932 ], [ 77.478754225679211, 12.891628846753067 ], [ 77.478642148728852, 12.892209327346107 ], [ 77.478527417651378, 12.892558023673187 ], [ 77.478292601318799, 12.892791849067978 ], [ 77.478056510065244, 12.892909854624975 ], [ 77.477702984434927, 12.893144724898944 ], [ 77.477584225291992, 12.893145769669104 ], [ 77.47758555154843, 12.893261685514346 ], [ 77.477233399902445, 12.893612469558148 ], [ 77.476882523158622, 12.894079121010348 ], [ 77.4765329696869, 12.894661687345094 ], [ 77.476298149483796, 12.894895509926812 ], [ 77.476179440289854, 12.89489655362155 ], [ 77.476060730189261, 12.894897597249667 ], [ 77.475942020102025, 12.894898640823442 ], [ 77.475821937178694, 12.894783816813744 ], [ 77.475464483280007, 12.894671079352634 ], [ 77.475344399532617, 12.89455620824816 ], [ 77.475225690624484, 12.89455725064653 ], [ 77.475108305738672, 12.894674209435095 ], [ 77.474989595869715, 12.894675252601587 ], [ 77.474992244183852, 12.894906987973631 ], [ 77.474993568110733, 12.895022903500378 ], [ 77.474996216358932, 12.895254637966673 ], [ 77.47511625019655, 12.895369462559019 ], [ 77.475118897805828, 12.895601244884748 ], [ 77.475238932994898, 12.895716118238283 ], [ 77.475480373969845, 12.896061633014538 ], [ 77.475719119265534, 12.89617546302361 ], [ 77.475959238252983, 12.896405110764418 ], [ 77.47655681405962, 12.896747544378684 ], [ 77.47715439175181, 12.897089976133998 ], [ 77.475618946389488, 12.897798842455527 ], [ 77.473846023251781, 12.898509783032013 ], [ 77.473491163387791, 12.89862877607584 ], [ 77.472900202667461, 12.898865768200949 ], [ 77.472414728602757, 12.897942901866484 ], [ 77.47193190237806, 12.897251769241056 ], [ 77.471450400382821, 12.896676503643789 ], [ 77.470847497455054, 12.895870544641298 ], [ 77.470365999364219, 12.895295278306323 ], [ 77.470004535211956, 12.89483488577133 ], [ 77.469763152413577, 12.894489318252568 ], [ 77.469520399258727, 12.894027884749276 ], [ 77.469399046749174, 12.893797144393719 ], [ 77.468662911439878, 12.891717498154319 ], [ 77.467800199977432, 12.888943646499111 ], [ 77.467450638807009, 12.889526148498646 ], [ 77.466281917278934, 12.891158920350051 ], [ 77.464878403847763, 12.89302549267768 ], [ 77.463943154845936, 12.894308472799311 ], [ 77.462073944430017, 12.896990378050761 ], [ 77.462312680883883, 12.897104170236558 ], [ 77.461729627830948, 12.898036426968133 ], [ 77.459694469298938, 12.900185460569329 ], [ 77.459478394023392, 12.906875996139714 ], [ 77.464357965812326, 12.906463999542664 ], [ 77.465809738565213, 12.907200810640688 ], [ 77.466373469907865, 12.910435665532191 ], [ 77.469004876313704, 12.913937556749033 ], [ 77.469592165997597, 12.915499355676902 ], [ 77.471457413074745, 12.921500952231211 ], [ 77.472481650046461, 12.926654487607268 ], [ 77.474187302414919, 12.926677554438355 ], [ 77.47675765229792, 12.926712294174763 ], [ 77.477720446687215, 12.926725300370206 ], [ 77.478695110049841, 12.926738463283813 ], [ 77.479906733315545, 12.9272329348218 ], [ 77.481350298445193, 12.928567231134027 ], [ 77.482653611725084, 12.931214446013657 ], [ 77.482987276658264, 12.933489992784589 ], [ 77.484172132243486, 12.935896554380978 ], [ 77.484158725315638, 12.936852604101659 ], [ 77.48281347226748, 12.937193035980387 ], [ 77.481473249123837, 12.937174942826973 ], [ 77.476466129918379, 12.937943982081608 ], [ 77.475178488468543, 12.939096473086121 ], [ 77.47308773462612, 12.939871819217215 ], [ 77.472954748819916, 12.940364565691086 ], [ 77.473870390038599, 12.942478788490407 ], [ 77.475441815745853, 12.9472600827267 ], [ 77.475674747396909, 12.948623243695124 ], [ 77.475287082216369, 12.949297999726468 ], [ 77.474530889584855, 12.949287761090885 ], [ 77.473207551282087, 12.94926983818209 ], [ 77.47175469988133, 12.949497427356791 ], [ 77.471557814333437, 12.950051123453365 ], [ 77.471799430512078, 12.950796217975267 ], [ 77.472043658087841, 12.951355892521125 ], [ 77.471526462751513, 12.952276155824165 ], [ 77.471514268875524, 12.953141447071001 ], [ 77.472051808442359, 12.955250556645126 ], [ 77.473035705929931, 12.956994806577882 ], [ 77.474813605294742, 12.960542550236541 ], [ 77.472314910649231, 12.963414139446682 ], [ 77.472055858804367, 12.963905171506665 ], [ 77.472836767696776, 12.966635769920401 ], [ 77.473999298628371, 12.969124271680757 ], [ 77.474672488944293, 12.970555224996421 ], [ 77.474678309096475, 12.971631631655498 ], [ 77.474692771907314, 12.97290636043266 ], [ 77.474472317145342, 12.974414889300133 ], [ 77.474369341679676, 12.975806516879915 ], [ 77.473818904993038, 12.979635766543367 ], [ 77.473599742319607, 12.981260206037573 ], [ 77.47349280914176, 12.982304182739313 ], [ 77.473148322324562, 12.983350222399336 ], [ 77.47303350847119, 12.983698901619448 ], [ 77.472918695100304, 12.984047580711433 ], [ 77.472447574479702, 12.984399305344654 ], [ 77.472331398245217, 12.984632118145328 ], [ 77.472095206406152, 12.984750094596503 ], [ 77.471860275999461, 12.984983889050001 ], [ 77.471270400858941, 12.985336689152915 ], [ 77.470799276939317, 12.985688458302718 ], [ 77.469619470835482, 12.98639405048101 ], [ 77.46867197246911, 12.986634064834501 ], [ 77.468079469914358, 12.986755075813504 ], [ 77.469049244701239, 12.988485077289281 ], [ 77.469295923934737, 12.989294178555266 ], [ 77.469778851335377, 12.989985355992646 ], [ 77.47002689325376, 12.990910372554479 ], [ 77.470272314745614, 12.991603559531825 ], [ 77.470889731303487, 12.993684296010427 ], [ 77.471016349738704, 12.994378561511667 ], [ 77.470902835049458, 12.994843152876346 ], [ 77.471025522985713, 12.995189721956081 ], [ 77.471627220771893, 12.995879870860334 ], [ 77.471747338589807, 12.99599475593584 ], [ 77.472115456815686, 12.997034611119998 ], [ 77.47270798449432, 12.996913548884946 ], [ 77.473062997475665, 12.996794592702772 ], [ 77.473189621528604, 12.997488858962923 ], [ 77.473431072288577, 12.997834446997732 ], [ 77.473683061937322, 12.99910706496712 ], [ 77.473924563271055, 12.999452652844012 ], [ 77.474056434312274, 13.000610434331975 ], [ 77.47441538577641, 13.000839126351933 ], [ 77.474542013768939, 13.001533392376698 ], [ 77.474666019132599, 13.00199587749626 ], [ 77.475038086660504, 13.003383381648518 ], [ 77.474801826498492, 13.003501356448227 ], [ 77.474694863624734, 13.004545283201994 ], [ 77.47446258333639, 13.005010905010296 ], [ 77.47495472322646, 13.006513246722479 ], [ 77.474482244499541, 13.006749146223626 ], [ 77.474244669347684, 13.006751204804173 ], [ 77.473772188628573, 13.006987053954674 ], [ 77.47282460654344, 13.007227064164054 ], [ 77.4725883405697, 13.007344987852662 ], [ 77.472839013176099, 13.008501740479174 ], [ 77.472842941948272, 13.008849387751354 ], [ 77.473318045946883, 13.008845274203111 ], [ 77.473683555973935, 13.009653351279839 ], [ 77.474534657680408, 13.011384390818762 ], [ 77.475030730939636, 13.013234431824459 ], [ 77.476593188404763, 13.014843382592119 ], [ 77.476714576267739, 13.015074086804304 ], [ 77.476717197907533, 13.01530586901424 ], [ 77.476719819494917, 13.015537651221905 ], [ 77.476841257621118, 13.015768403102244 ], [ 77.476842568762891, 13.015884270300205 ], [ 77.4768438789838, 13.016000136582647 ], [ 77.476845189178789, 13.016116003766967 ], [ 77.476846500525198, 13.01623191881089 ], [ 77.477217220188493, 13.017503512290656 ], [ 77.478069672358856, 13.019350418892715 ], [ 77.478576259884733, 13.022127495678317 ], [ 77.478102438016435, 13.022247479721614 ], [ 77.478385890393042, 13.026301296439158 ], [ 77.479250157299077, 13.029191205059133 ], [ 77.476663008496871, 13.03153144853883 ], [ 77.478484112430465, 13.034992524510585 ], [ 77.479677268735259, 13.035445761330434 ], [ 77.479811761410758, 13.036835331658377 ], [ 77.479815689900988, 13.037182980813496 ], [ 77.479819618260649, 13.037530630866625 ], [ 77.480416178722294, 13.037757224313737 ], [ 77.481148597025935, 13.039489303465869 ], [ 77.481985343289125, 13.039945621211018 ], [ 77.482348283992735, 13.040521967976925 ], [ 77.481759574220291, 13.040990628555164 ], [ 77.481287023467985, 13.041226524915714 ], [ 77.481173481909593, 13.041691070125124 ], [ 77.481183958509064, 13.042618152094004 ], [ 77.480948966466883, 13.042851990952325 ], [ 77.48083149503185, 13.042968885318205 ], [ 77.480596501401749, 13.043202723668797 ], [ 77.480477720944123, 13.043203751251838 ], [ 77.480002546763387, 13.043207861222697 ], [ 77.479766293186856, 13.043325734378188 ], [ 77.479533916847174, 13.043791353038442 ], [ 77.479419060761643, 13.044140029846403 ], [ 77.479301538282471, 13.044256924296064 ], [ 77.479185373603173, 13.044489732666705 ], [ 77.479189298482595, 13.044837382375535 ], [ 77.479315930259304, 13.045531653278145 ], [ 77.479552235800497, 13.045413733066594 ], [ 77.47955746882235, 13.045877249300021 ], [ 77.479438686282265, 13.045878276064967 ], [ 77.479439995088455, 13.045994142479062 ], [ 77.479323779297545, 13.0462269039931 ], [ 77.479325087318216, 13.046342819129793 ], [ 77.479453076612401, 13.047152957265951 ], [ 77.47969456759165, 13.047498552909929 ], [ 77.479819941236599, 13.048076957484509 ], [ 77.479942649543091, 13.048423580713973 ], [ 77.480535307648609, 13.048302579049105 ], [ 77.480891707992498, 13.048299497718402 ], [ 77.481129274819864, 13.048297444271899 ], [ 77.481246798845916, 13.04818050053632 ], [ 77.481721982230283, 13.048176391581363 ], [ 77.482905988781397, 13.047818463198949 ], [ 77.484798911062228, 13.047106703070828 ], [ 77.485862816864596, 13.046633920612466 ], [ 77.485980288738801, 13.046517022918067 ], [ 77.486217904787225, 13.046514963210653 ], [ 77.487046864227352, 13.046275969572267 ], [ 77.487520733898634, 13.046155931996509 ], [ 77.488232171978325, 13.046033928599741 ], [ 77.488823562246409, 13.045796988945934 ], [ 77.489178599703109, 13.045678027940426 ], [ 77.490478796567572, 13.045087242415205 ], [ 77.490716412298582, 13.045085178206477 ], [ 77.490836509089945, 13.045200014742708 ], [ 77.491081957886024, 13.045893256142275 ], [ 77.491328771598774, 13.046702366962563 ], [ 77.491575586533827, 13.047511525762445 ], [ 77.491818410145697, 13.047972983109958 ], [ 77.491819723586104, 13.048088850904431 ], [ 77.491824979498062, 13.048552421408885 ], [ 77.49195033292915, 13.049130778841233 ], [ 77.491956901895492, 13.049710218083419 ], [ 77.491964783784056, 13.050405524206893 ], [ 77.491966097914201, 13.050521392918652 ], [ 77.492334328811523, 13.051561256974137 ], [ 77.492222109043496, 13.052141679503221 ], [ 77.492119083605871, 13.053533324522162 ], [ 77.492121710585025, 13.053765109779077 ], [ 77.492129590069339, 13.054460415870892 ], [ 77.492014692510281, 13.054809101537217 ], [ 77.491432518258932, 13.055857217652205 ], [ 77.490847714135043, 13.056673546217269 ], [ 77.490730236986508, 13.056790444501587 ], [ 77.492081644921541, 13.060719159349221 ], [ 77.492082956982927, 13.060835027098392 ], [ 77.492572608614182, 13.062105648739365 ], [ 77.492810241193069, 13.062103586730698 ], [ 77.492814179935181, 13.062451239877642 ], [ 77.492478752540364, 13.064308468054778 ], [ 77.492601481289796, 13.064655090519182 ], [ 77.492485312661302, 13.064887857481891 ], [ 77.49249974584626, 13.066162602489952 ], [ 77.492512865735648, 13.067321430923471 ], [ 77.492640843132335, 13.068131624107707 ], [ 77.492647402301543, 13.068711013526073 ], [ 77.492659207692157, 13.069753974202682 ], [ 77.492788545712244, 13.070680035173499 ], [ 77.492802972722757, 13.071954731431729 ], [ 77.494585117167219, 13.071939279053311 ], [ 77.495653072612356, 13.071814132232589 ], [ 77.496486060768859, 13.07192278194867 ], [ 77.497555330550767, 13.071913497090462 ], [ 77.498981091912697, 13.071901108837208 ], [ 77.499217371591385, 13.071783174113706 ], [ 77.499455015037597, 13.071781108308414 ], [ 77.499573813284258, 13.071780076358552 ], [ 77.500647030230652, 13.072118433198568 ], [ 77.501127531495911, 13.072577825423762 ], [ 77.501247693190919, 13.072692660356436 ], [ 77.50136780640895, 13.072807545155172 ], [ 77.501489234546909, 13.073038249914475 ], [ 77.501490549807897, 13.073154167406074 ], [ 77.501732141587524, 13.073499755794217 ], [ 77.501852256070833, 13.073614591777812 ], [ 77.501972368824909, 13.073729427707688 ], [ 77.502211331240972, 13.073843276504078 ], [ 77.502331446130199, 13.07395811235955 ], [ 77.502454191147763, 13.074304734610109 ], [ 77.502576936371668, 13.074651358686367 ], [ 77.502695785187257, 13.074650324496586 ], [ 77.502815898838378, 13.0747651584457 ], [ 77.502934697992885, 13.074764125290246 ], [ 77.50329377594926, 13.074992809162609 ], [ 77.503412575269351, 13.074991775813942 ], [ 77.50353142434642, 13.074990741278613 ], [ 77.504010619721328, 13.075334259963936 ], [ 77.504493765086465, 13.076025435829649 ], [ 77.504615197318913, 13.076256140200258 ], [ 77.504735313808851, 13.076371024232001 ], [ 77.50497559640263, 13.076600693574392 ], [ 77.505214513614533, 13.076714541740671 ], [ 77.505334629468507, 13.076829376851494 ], [ 77.505454797020491, 13.076944210826696 ], [ 77.505456113686023, 13.077060128742684 ], [ 77.505576229807502, 13.077174963808773 ], [ 77.505577547190001, 13.077290832998187 ], [ 77.505815196491653, 13.077288763532012 ], [ 77.506413201888677, 13.077631292376793 ], [ 77.506889770479688, 13.077742973569398 ], [ 77.507127370804142, 13.077740902325274 ], [ 77.507363705778346, 13.077623007324123 ], [ 77.507482506839381, 13.077621972410837 ], [ 77.507720156904554, 13.077619901261867 ], [ 77.507956441369799, 13.077501911049408 ], [ 77.508194091455323, 13.077499837627617 ], [ 77.508312892553874, 13.077498802315345 ], [ 77.508431693691364, 13.077497765142711 ], [ 77.508433011690954, 13.077613683391235 ], [ 77.508553180165222, 13.077728469412989 ], [ 77.508674616419171, 13.077959221745912 ], [ 77.508673299526947, 13.077843350431236 ], [ 77.508790780863649, 13.077726396626018 ], [ 77.508908264424633, 13.077609538461676 ], [ 77.50890694620108, 13.077493620159489 ], [ 77.509024476990248, 13.077376665043175 ], [ 77.509143278151669, 13.07737562752658 ], [ 77.509141960945612, 13.077259757960746 ], [ 77.509140641910221, 13.077143886564333 ], [ 77.509259442947894, 13.077142850771052 ], [ 77.50925812381837, 13.077026981165714 ], [ 77.509375656045506, 13.076910025813159 ], [ 77.50937433685931, 13.076794154388324 ], [ 77.509373017634971, 13.076678284767921 ], [ 77.509491818475567, 13.076677248810995 ], [ 77.50961061935493, 13.076676210993696 ], [ 77.509729420222243, 13.076675174926491 ], [ 77.509728099661686, 13.07655925650141 ], [ 77.509846950255906, 13.076558217427873 ], [ 77.509845632623353, 13.076442347777974 ], [ 77.510080593860096, 13.076208485340313 ], [ 77.510198074901552, 13.076091577477371 ], [ 77.51031560739176, 13.075974670229414 ], [ 77.510551887623933, 13.075856676890906 ], [ 77.510907019151148, 13.075737692379052 ], [ 77.510905699083025, 13.075621822579988 ], [ 77.511260829019875, 13.075502790491612 ], [ 77.511379629514465, 13.07550175351952 ], [ 77.511380949133695, 13.075617672111946 ], [ 77.511501070045483, 13.075732504964151 ], [ 77.511737398793741, 13.075614557941833 ], [ 77.511856199423164, 13.075613518957484 ], [ 77.51233012983397, 13.075493448027034 ], [ 77.51256645996915, 13.075375500109997 ], [ 77.513160510983596, 13.075370306833067 ], [ 77.513750598629372, 13.075017453072293 ], [ 77.514105728461402, 13.074898463452369 ], [ 77.514228541285831, 13.0752450850066 ], [ 77.515531481413177, 13.074885988812582 ], [ 77.515767808977444, 13.074767988658719 ], [ 77.516951994614828, 13.074409972618978 ], [ 77.517781001053606, 13.07417089683122 ], [ 77.517910434132432, 13.075096921328281 ], [ 77.518033203068626, 13.075443541754682 ], [ 77.517807456345963, 13.076488609713806 ], [ 77.518416113999479, 13.077758181153062 ], [ 77.518417437345704, 13.077874051784194 ], [ 77.518538885896135, 13.078104801814108 ], [ 77.518541530768744, 13.078336543074442 ], [ 77.518660333474884, 13.07833550307595 ], [ 77.518662979564795, 13.078567293125161 ], [ 77.51879109073343, 13.07937744766417 ], [ 77.518909893994874, 13.079376405870276 ], [ 77.519028697244437, 13.079375365826706 ], [ 77.519263656681062, 13.079141540528209 ], [ 77.519382509603759, 13.079140499158369 ], [ 77.519502634647893, 13.079255329587454 ], [ 77.520095376902646, 13.079134251817779 ], [ 77.520688165663785, 13.079013122612592 ], [ 77.520810941166474, 13.07935974492176 ], [ 77.521176667182488, 13.080167814778124 ], [ 77.521414273167352, 13.080165730898557 ], [ 77.522008390577355, 13.080160520711276 ], [ 77.52212851869001, 13.080275399101648 ], [ 77.522248647624167, 13.080390226917874 ], [ 77.522367451749631, 13.080389185451569 ], [ 77.522487628744045, 13.080504013842644 ], [ 77.522607757262904, 13.080618892104381 ], [ 77.522609082244628, 13.08073476318884 ], [ 77.522729209760939, 13.080849592669724 ], [ 77.522966868350068, 13.08084750640751 ], [ 77.523085670937746, 13.080846464638912 ], [ 77.523209774877841, 13.081309004917332 ], [ 77.52321110003669, 13.081424877870349 ], [ 77.52332995267642, 13.081423834923442 ], [ 77.523460680590802, 13.082465781628514 ], [ 77.523582134447906, 13.082696482190842 ], [ 77.523471276464306, 13.083392852007931 ], [ 77.523590082177634, 13.083391810336993 ], [ 77.524185483614986, 13.083502516370688 ], [ 77.524541950973685, 13.08349938730032 ], [ 77.524899742332707, 13.083612129033442 ], [ 77.525018546475962, 13.083611086702943 ], [ 77.525254882366369, 13.083493127621693 ], [ 77.525492494342188, 13.083491040792863 ], [ 77.525611300337232, 13.083489998198218 ], [ 77.525603346975345, 13.082794668695783 ], [ 77.52572220055265, 13.082793624806186 ], [ 77.526435132568679, 13.082787361365094 ], [ 77.527265493095854, 13.082664131464641 ], [ 77.527856967321327, 13.082427164135309 ], [ 77.528210729832381, 13.082192285503936 ], [ 77.528683345939839, 13.081956312112878 ], [ 77.529039812628753, 13.081953176239267 ], [ 77.529158666198953, 13.081952130657386 ], [ 77.529277471877833, 13.08195108618122 ], [ 77.529633938765642, 13.081947949480536 ], [ 77.529990354184804, 13.081944813395351 ], [ 77.530621869871311, 13.08299205835988 ], [ 77.535551761566694, 13.08388298913826 ], [ 77.536602172590449, 13.083965819914456 ], [ 77.538290620400971, 13.086050135455423 ], [ 77.540657209851645, 13.089847861891881 ], [ 77.540667863535248, 13.090774947305992 ], [ 77.540562369419604, 13.091934925731323 ], [ 77.542014899189496, 13.094240092762446 ], [ 77.542267176949736, 13.095512748835747 ], [ 77.542268509669441, 13.095628671685747 ], [ 77.542879993890438, 13.097129974245206 ], [ 77.543247143154986, 13.098053911460799 ], [ 77.543251139477718, 13.098401580954544 ], [ 77.54385991939273, 13.099671136769301 ], [ 77.544102880126957, 13.100132580599675 ], [ 77.544228407070477, 13.100710996422094 ], [ 77.543870576934637, 13.100598224582427 ], [ 77.543757089521932, 13.101062866181225 ], [ 77.543758421138136, 13.101178740398437 ], [ 77.544114870192629, 13.101175590714719 ], [ 77.544352552392922, 13.101173490410076 ], [ 77.544590184907634, 13.101171390120211 ], [ 77.546134997861316, 13.101157732832464 ], [ 77.549342061886307, 13.101013462365241 ], [ 77.554207424638264, 13.100390842063803 ], [ 77.555037906632379, 13.100267533664237 ], [ 77.555158061464624, 13.100382401833938 ], [ 77.555276878116956, 13.100381346608515 ], [ 77.55551322462378, 13.100263312386289 ], [ 77.55563337973291, 13.10037818038802 ], [ 77.556106022899826, 13.100142159016855 ], [ 77.556349058561977, 13.100603596795509 ], [ 77.557295682779966, 13.100247474687706 ], [ 77.557418515165807, 13.100594093538291 ], [ 77.557063351730449, 13.100713185726306 ], [ 77.557186233321033, 13.101059755662448 ], [ 77.557666908506178, 13.10151908080087 ], [ 77.558026040573736, 13.101747711365537 ], [ 77.558266404433255, 13.10197739691233 ], [ 77.558267742772784, 13.102093272736681 ], [ 77.558389238536677, 13.102324015811121 ], [ 77.558629603244526, 13.102553701232013 ], [ 77.55886991839526, 13.102783339824956 ], [ 77.559231780888638, 13.103243767980073 ], [ 77.558994143006828, 13.103245881347164 ], [ 77.558756455438186, 13.103247994731479 ], [ 77.559008870674234, 13.104520657986996 ], [ 77.559615069939639, 13.105558400030192 ], [ 77.559976936573491, 13.106018780553086 ], [ 77.56046298235259, 13.106941702968358 ], [ 77.560707320685822, 13.107519016409695 ], [ 77.560953048768681, 13.108212253578357 ], [ 77.56083958411574, 13.108676861746119 ], [ 77.560603230723757, 13.10879489945512 ], [ 77.560248053696739, 13.108913945582401 ], [ 77.55989421591903, 13.109148914056222 ], [ 77.559895554197283, 13.109264790018015 ], [ 77.560135925754821, 13.109494476848852 ], [ 77.560257425112752, 13.109725171510092 ], [ 77.560269474576785, 13.11076819727572 ], [ 77.560153329006994, 13.111001053390053 ], [ 77.560039860306233, 13.111465660433737 ], [ 77.559804840752747, 13.111699571653558 ], [ 77.559567194577994, 13.111701683538058 ], [ 77.559568532408093, 13.111817559448355 ], [ 77.559569871158715, 13.111933434467804 ], [ 77.559453674437293, 13.112166290187586 ], [ 77.559700737718629, 13.112975404542849 ], [ 77.560293568567545, 13.112854248649853 ], [ 77.560655443912708, 13.113314630960247 ], [ 77.561018659969079, 13.113890937002964 ], [ 77.561611492092538, 13.113769730593788 ], [ 77.562101570687503, 13.11504033113607 ], [ 77.562347305090611, 13.115733569457404 ], [ 77.562471486933589, 13.116196064525809 ], [ 77.562854796762053, 13.118510750168753 ], [ 77.56298299661637, 13.119320922085707 ], [ 77.562985673738012, 13.119552673668238 ], [ 77.562987013449799, 13.119668597773794 ], [ 77.562992368653397, 13.120132149696474 ], [ 77.563236718914652, 13.120709512786448 ], [ 77.563481119776327, 13.121286875666783 ], [ 77.564090042028681, 13.122556373571969 ], [ 77.565434817652886, 13.125789712786514 ], [ 77.566856915167818, 13.125429348030876 ], [ 77.567923858660663, 13.125188024976696 ], [ 77.569345953295226, 13.1248276446712 ], [ 77.569723957329188, 13.126678784144021 ], [ 77.570479923801031, 13.130380966809353 ], [ 77.57096469557041, 13.131187964505896 ], [ 77.571344052436871, 13.133154933688104 ], [ 77.571113089122946, 13.133736531293039 ], [ 77.571237288902864, 13.134199028777402 ], [ 77.571603233482563, 13.135007086956362 ], [ 77.571850294762271, 13.135816251106631 ], [ 77.572205511225093, 13.135697149427699 ], [ 77.572325689135027, 13.135812016435523 ], [ 77.572328371286574, 13.136043768982292 ], [ 77.572564752486358, 13.13592577359424 ], [ 77.572684929526019, 13.136040591733604 ], [ 77.573396705703601, 13.135918359362735 ], [ 77.5736410890662, 13.136495721814073 ], [ 77.57377200405756, 13.137537652207586 ], [ 77.573896260177662, 13.138000197614529 ], [ 77.573919071824776, 13.139970347981148 ], [ 77.574044619005065, 13.14054876937422 ], [ 77.574640205271976, 13.140659350859721 ], [ 77.574287664211113, 13.141010207325508 ], [ 77.57631354752732, 13.141455750159821 ], [ 77.577267050941998, 13.141679069239842 ], [ 77.58036664550599, 13.14246276353026 ], [ 77.58200908411618, 13.140593555706003 ], [ 77.582361616157755, 13.140242683959798 ], [ 77.582471034957621, 13.139430379024475 ], [ 77.582585837673435, 13.139081633963713 ], [ 77.582702032567113, 13.138848766788046 ], [ 77.582814141194945, 13.138268264806472 ], [ 77.582928942502235, 13.137919519314437 ], [ 77.58292759455685, 13.13780359310516 ], [ 77.583159887072895, 13.137337905336096 ], [ 77.583392226457079, 13.136872215959102 ], [ 77.583507025856591, 13.136523469817405 ] ] ] } },
{ "type": "Feature", "properties": { "Id": 0, "Name": "Chennai" }, "geometry": { "type": "Polygon", "coordinates": [ [ [ 80.297376694942614, 13.133631853739134 ], [ 80.296898096739767, 13.132332801474094 ], [ 80.296313866686489, 13.130747034186303 ], [ 80.296254899733924, 13.130586981029582 ], [ 80.29529466656254, 13.127980633850255 ], [ 80.294699801311083, 13.124649388442037 ], [ 80.295354153087715, 13.122507873536906 ], [ 80.295949018339172, 13.12197249481045 ], [ 80.296362096702694, 13.12196102041162 ], [ 80.298090533244363, 13.121913008285448 ], [ 80.298031046719302, 13.120901737357997 ], [ 80.297439151219919, 13.119323349359377 ], [ 80.296960289266622, 13.118046384150944 ], [ 80.296900802741447, 13.113109002563817 ], [ 80.295949018339172, 13.108231107501922 ], [ 80.295413639612775, 13.105613700395393 ], [ 80.295175693512249, 13.103412698965029 ], [ 80.295651585713472, 13.100259913132277 ], [ 80.297257721892379, 13.099546074830581 ], [ 80.297623354119253, 13.09948855964876 ], [ 80.302552022630266, 13.098713263478601 ], [ 80.302670995680501, 13.099843507456287 ], [ 80.303206374406955, 13.100557345757975 ], [ 80.303801239658412, 13.100438372707744 ], [ 80.304277131859578, 13.09960556135576 ], [ 80.303979699233878, 13.093954341466938 ], [ 80.303682802580113, 13.093383386363657 ], [ 80.303206374406955, 13.09246717833827 ], [ 80.301183832552056, 13.090504123008429 ], [ 80.298268992819828, 13.08818414852783 ], [ 80.295889531813998, 13.083544199566404 ], [ 80.291963421154264, 13.077179141375664 ], [ 80.289881392774362, 13.07319354419093 ], [ 80.287382958718126, 13.066709512950126 ], [ 80.286788093466669, 13.065579268972442 ], [ 80.284825038136773, 13.057072695876569 ], [ 80.284444566838943, 13.055287407478549 ], [ 80.284051713310021, 13.053444017842596 ], [ 80.28318915869545, 13.05008302917196 ], [ 80.282326604080708, 13.046722040501095 ], [ 80.281910198404717, 13.044640012120963 ], [ 80.281231290981111, 13.039328559923998 ], [ 80.280898927477267, 13.036728304276551 ], [ 80.280217437414308, 13.027868933458477 ], [ 80.280125602650344, 13.026675081527005 ], [ 80.280089162616093, 13.026429405166882 ], [ 80.27828152037074, 13.014242397771625 ], [ 80.277240506180874, 13.009751165123076 ], [ 80.276199491990837, 13.005259932474532 ], [ 80.275431701920581, 13.002495888221517 ], [ 80.274414896236465, 12.998835387758735 ], [ 80.273463111834076, 12.993422113970608 ], [ 80.27090519125278, 12.982774025969379 ], [ 80.269120595498407, 12.975516669901651 ], [ 80.269120595498407, 12.973256181946057 ], [ 80.268012664382127, 12.972344362170134 ], [ 80.267092423454187, 12.969196169521867 ], [ 80.266664120473024, 12.965412826522652 ], [ 80.265950282171332, 12.961201180542389 ], [ 80.265450595360107, 12.96013042308971 ], [ 80.264879524718651, 12.957988908184404 ], [ 80.264451221737659, 12.95620431243003 ], [ 80.264165686416959, 12.952777888581748 ], [ 80.263523231945442, 12.949137313242773 ], [ 80.262024171511825, 12.941499243414057 ], [ 80.261738636191069, 12.939000809357992 ], [ 80.260953414059145, 12.934003941245635 ], [ 80.260239575757453, 12.92500957864371 ], [ 80.259739888946228, 12.920155478191816 ], [ 80.258883282984073, 12.916800438173597 ], [ 80.258526363833141, 12.913659549645841 ], [ 80.257812525531392, 12.905450409175669 ], [ 80.256527616588244, 12.893743461026986 ], [ 80.255385475305559, 12.882536199689525 ], [ 80.254743020833871, 12.878039018388563 ], [ 80.253529495720954, 12.868687736635536 ], [ 80.252672889758799, 12.858836768071455 ], [ 80.251602132306289, 12.85933645488268 ], [ 80.242964688854954, 12.861263818297516 ], [ 80.24018071947819, 12.861549353618045 ], [ 80.236825679460082, 12.856409717845624 ], [ 80.236468760309151, 12.854839273581717 ], [ 80.228116852178744, 12.855767263373936 ], [ 80.224047973858774, 12.855767263373936 ], [ 80.224047973858774, 12.857551859128307 ], [ 80.221692307462945, 12.858337081260288 ], [ 80.216980974671344, 12.86447609065533 ], [ 80.214982227426447, 12.870258180899441 ], [ 80.211484419747933, 12.878824240520544 ], [ 80.212483793370382, 12.88003776563346 ], [ 80.214268389124754, 12.883107270330981 ], [ 80.216624055520583, 12.893886228687448 ], [ 80.216624055520583, 12.894885602309898 ], [ 80.216909590841283, 12.903594429591237 ], [ 80.217123742331751, 12.912374640702636 ], [ 80.212198258049625, 12.912660176023394 ], [ 80.206130632484815, 12.912874327513862 ], [ 80.203346663107993, 12.913873701136311 ], [ 80.199777471599248, 12.914016468796774 ], [ 80.197850108184468, 12.914087852626835 ], [ 80.197778724354407, 12.916443519022607 ], [ 80.198278411165631, 12.91829949860721 ], [ 80.200277158410472, 12.920298245852109 ], [ 80.200419926070765, 12.927508012699832 ], [ 80.198349794995636, 12.928364618661819 ], [ 80.197992875844875, 12.929149840793741 ], [ 80.197707340524175, 12.930791668887821 ], [ 80.198349794995636, 12.934289476566335 ], [ 80.197279037543183, 12.934503628056861 ], [ 80.197207653712951, 12.935146082528489 ], [ 80.198635330316392, 12.935217466358553 ], [ 80.198635330316392, 12.937644516584612 ], [ 80.194994754977586, 12.938429738716534 ], [ 80.197064886052488, 12.940142950640677 ], [ 80.198278411165631, 12.940214334470909 ], [ 80.198706714146624, 12.941070940433065 ], [ 80.202133137995077, 12.944497364281347 ], [ 80.204346036730442, 12.953848646034203 ], [ 80.204488804390735, 12.955704625618807 ], [ 80.202704208636362, 12.956632615411024 ], [ 80.200776845221696, 12.956989534561957 ], [ 80.196351047750795, 12.957060918392187 ], [ 80.196351047750795, 12.955276322637815 ], [ 80.194495068166361, 12.955561857958571 ], [ 80.194566451996423, 12.957631989033645 ], [ 80.19278185624205, 12.958131675844868 ], [ 80.192853240072282, 12.959844887769011 ], [ 80.19413814901543, 12.959987655429302 ], [ 80.194352300505898, 12.961129796712155 ], [ 80.192139401770532, 12.961486715862918 ], [ 80.189997886865228, 12.962271937994901 ], [ 80.191568331129133, 12.962985776296762 ], [ 80.192567704751525, 12.968982018031399 ], [ 80.192068017940358, 12.969553088672797 ], [ 80.192567704751525, 12.970909381446008 ], [ 80.193210159223213, 12.972265674219386 ], [ 80.189569583884236, 12.973550583162536 ], [ 80.187570836639395, 12.973693350822998 ], [ 80.18600039237549, 12.972122906559148 ], [ 80.184715483432342, 12.972051522728918 ], [ 80.183787493640125, 12.972408441879852 ], [ 80.1785764740373, 12.975192411256673 ], [ 80.179290744968398, 12.980212379969545 ], [ 80.179219361138166, 12.982496662535143 ], [ 80.178434139006242, 12.983353268497124 ], [ 80.176221240270877, 12.984424025949806 ], [ 80.174579412176797, 12.984352642119573 ], [ 80.168297635121462, 12.985209248081732 ], [ 80.169154241083447, 12.988492904269721 ], [ 80.165370898084177, 12.996416509419193 ], [ 80.161944474235895, 13.002055832003009 ], [ 80.164228756801492, 13.005981942662515 ], [ 80.165870584895401, 13.007338235435897 ], [ 80.165085362763477, 13.008694528209277 ], [ 80.165370898084177, 13.010836043114409 ], [ 80.16037402997199, 13.011549881416327 ], [ 80.161516171254732, 13.014833537604318 ], [ 80.162586928707356, 13.016047062717293 ], [ 80.163015231688348, 13.016618133358692 ], [ 80.163514918499573, 13.018474112943125 ], [ 80.163300767009105, 13.018973799754519 ], [ 80.161944474235895, 13.01933071890528 ], [ 80.160445413802222, 13.019830405716506 ], [ 80.15901773719861, 13.018402729113063 ], [ 80.158589434217618, 13.018117193792364 ], [ 80.156947606123538, 13.017974426131902 ], [ 80.154877475048465, 13.020115941037261 ], [ 80.152450424822575, 13.022542991263265 ], [ 80.150665829068203, 13.022257455942563 ], [ 80.148952617144062, 13.0221146882821 ], [ 80.148738465653366, 13.025898031281372 ], [ 80.147096637559457, 13.026326334262535 ], [ 80.145740344786077, 13.026469101922771 ], [ 80.145740344786077, 13.027682627035743 ], [ 80.146311415427533, 13.0288247683186 ], [ 80.146454183087826, 13.030038293431517 ], [ 80.146382799257765, 13.036605605807607 ], [ 80.148167395012138, 13.036676989637781 ], [ 80.149166768634586, 13.038532969222386 ], [ 80.147810475861206, 13.038747120712912 ], [ 80.147382172880214, 13.040817251787983 ], [ 80.145097890314617, 13.041174170938746 ], [ 80.144955122654153, 13.042530463712126 ], [ 80.145169274144621, 13.044172291806262 ], [ 80.146668334578465, 13.045028897768248 ], [ 80.149166768634586, 13.046242422881335 ], [ 80.150451677577735, 13.04552858457947 ], [ 80.150523061407739, 13.043601221164804 ], [ 80.151665202690651, 13.043601221164804 ], [ 80.15159381886042, 13.045885503730407 ], [ 80.161016484443508, 13.045314433088949 ], [ 80.161658938915195, 13.045385816919179 ], [ 80.162158625726363, 13.046956261183027 ], [ 80.162087241896188, 13.048955008427924 ], [ 80.162087241896188, 13.04981161439008 ], [ 80.163015231688348, 13.050382685031368 ], [ 80.163300767009105, 13.051524826314221 ], [ 80.163229383179043, 13.054094644200516 ], [ 80.162158625726363, 13.054665714841974 ], [ 80.162230009556595, 13.067372036613108 ], [ 80.163657686160036, 13.067586188103576 ], [ 80.163514918499573, 13.071226763442555 ], [ 80.162158625726363, 13.071155379612321 ], [ 80.162515544877181, 13.072011985574308 ], [ 80.163443534669568, 13.07244028855547 ], [ 80.163943221480736, 13.073939348989143 ], [ 80.163300767009105, 13.075295641762521 ], [ 80.162444161047119, 13.076295015384973 ], [ 80.160873716783215, 13.077294389007362 ], [ 80.160445413802222, 13.080792196685934 ], [ 80.160445413802222, 13.08229125711955 ], [ 80.161373403594439, 13.082576792440307 ], [ 80.161302019764207, 13.083504782232467 ], [ 80.159374656349598, 13.083790317553223 ], [ 80.156376535482082, 13.085432145647303 ], [ 80.154591939727709, 13.08607460011882 ], [ 80.154235020576948, 13.086360135439518 ], [ 80.15159381886042, 13.087930579703427 ], [ 80.151665202690651, 13.088858569495585 ], [ 80.14995199076651, 13.090429013759492 ], [ 80.148024627351674, 13.090286246099199 ], [ 80.146025880106833, 13.091285619721644 ], [ 80.146240031597301, 13.092570528664794 ], [ 80.145454809465377, 13.093926821438172 ], [ 80.14452681967316, 13.094426508249397 ], [ 80.14452681967316, 13.095711417192547 ], [ 80.14481235499386, 13.096639406984766 ], [ 80.14481235499386, 13.097710164437444 ], [ 80.1420997694471, 13.101136588285726 ], [ 80.140029638372198, 13.102350113398641 ], [ 80.139886870711734, 13.11041648620852 ], [ 80.141029011994647, 13.113271839415575 ], [ 80.141029011994647, 13.118697010508756 ], [ 80.141885617956632, 13.119410848810618 ], [ 80.142599456258495, 13.123908030111577 ], [ 80.143384678390248, 13.125621242035718 ], [ 80.142884991579081, 13.127834140771256 ], [ 80.145026506484385, 13.129547352695397 ], [ 80.147286561810574, 13.130737777207797 ], [ 80.146596518118827, 13.136020180640687 ], [ 80.144455003213693, 13.139446604488967 ], [ 80.144383619383461, 13.142016422375319 ], [ 80.147810043231971, 13.141445351734035 ], [ 80.149023568344887, 13.141159816413333 ], [ 80.149880174307043, 13.142944412167708 ], [ 80.152021689212177, 13.144443472601328 ], [ 80.155305345400222, 13.144372088771092 ], [ 80.159374223720192, 13.143515482808935 ], [ 80.160587748833279, 13.14237334152625 ], [ 80.162872031398877, 13.139375220658962 ], [ 80.163086182889401, 13.136448483621677 ], [ 80.163728637360862, 13.136377099791448 ], [ 80.164442475662554, 13.136876786602672 ], [ 80.165513233115234, 13.138304463206284 ], [ 80.166512606737683, 13.141873654715029 ], [ 80.167868899511063, 13.144015169620161 ], [ 80.169011040793919, 13.144871775582319 ], [ 80.170081798246429, 13.144443472601326 ], [ 80.171937777831033, 13.14265887684695 ], [ 80.175364201679486, 13.140660129602113 ], [ 80.17586388849071, 13.140303210451181 ], [ 80.175721120830246, 13.139018301507974 ], [ 80.176078039981178, 13.138589998526982 ], [ 80.176577726792402, 13.138804150017508 ], [ 80.177148797433858, 13.139732139809723 ], [ 80.178076787226075, 13.140588745771879 ], [ 80.175506969339779, 13.146156684525465 ], [ 80.173865141245642, 13.148084047940301 ], [ 80.173650989755174, 13.149583108373973 ], [ 80.174293444226805, 13.150368330505897 ], [ 80.175792504660478, 13.150011411354967 ], [ 80.177077413603627, 13.149368956883279 ], [ 80.177006029773395, 13.150582481996425 ], [ 80.177006029773395, 13.151938774769576 ], [ 80.17722018126392, 13.152652613071497 ], [ 80.178076787226075, 13.152509845411032 ], [ 80.180004150640741, 13.150225562845433 ], [ 80.182145665546045, 13.149012037732518 ], [ 80.183430574489194, 13.149012037732518 ], [ 80.184501331941874, 13.149583108373973 ], [ 80.185286554073798, 13.150296946675667 ], [ 80.185857624715027, 13.151367704128349 ], [ 80.186714230677239, 13.151581855618815 ], [ 80.18735668514887, 13.151296320298115 ], [ 80.187927755790156, 13.151224936467884 ], [ 80.19142556346884, 13.155222430957794 ], [ 80.191639714959365, 13.155936269259541 ], [ 80.190854492827384, 13.160504834390681 ], [ 80.190640341336916, 13.162146662484645 ], [ 80.192068017940358, 13.163502955258025 ], [ 80.192996007732518, 13.165430318672634 ], [ 80.192710472411989, 13.165858621653795 ], [ 80.189284048563536, 13.166929379106477 ], [ 80.187999139620388, 13.167643217408171 ], [ 80.189498200054004, 13.172283166369596 ], [ 80.189926503034997, 13.176066509368809 ], [ 80.191211411978145, 13.175209903406653 ], [ 80.191925250280065, 13.173139772331583 ], [ 80.192353553261057, 13.173425307652277 ], [ 80.191996634110126, 13.175780974048109 ], [ 80.192210785600764, 13.176423428519627 ], [ 80.192996007732518, 13.176352044689565 ], [ 80.194923371147354, 13.174852984255892 ], [ 80.196565199241263, 13.174424681274729 ], [ 80.197279037543183, 13.174496065104961 ], [ 80.197564572863882, 13.175067135746419 ], [ 80.197564572863882, 13.175923741708404 ], [ 80.197707340524175, 13.176708963840328 ], [ 80.198421178825868, 13.177280034481781 ], [ 80.198635330316392, 13.179707084707617 ], [ 80.19956332010878, 13.179635700877554 ], [ 80.200063006920004, 13.178422175764636 ], [ 80.199920239259541, 13.177065882991259 ], [ 80.20227590565537, 13.175709590217879 ], [ 80.203703582258754, 13.175281287236887 ], [ 80.205202642692598, 13.174353297444499 ], [ 80.207558309088256, 13.174353297444499 ], [ 80.208843218031404, 13.17513851957642 ], [ 80.209200137182336, 13.179207397896391 ], [ 80.20969982399356, 13.179849852368079 ], [ 80.211484419747933, 13.180135387688781 ], [ 80.211841338898864, 13.179350165556855 ], [ 80.211484419747933, 13.178279408104174 ], [ 80.211198884427233, 13.177851105123182 ], [ 80.211127500597001, 13.177351418312014 ], [ 80.212697944860849, 13.176352044689565 ], [ 80.215339146577378, 13.178136640443938 ], [ 80.221835075123238, 13.175923741708404 ], [ 80.221835075123238, 13.179278781726623 ], [ 80.218051732123968, 13.180064003858547 ], [ 80.217980348293736, 13.181420296631927 ], [ 80.219979095538804, 13.183347660046593 ], [ 80.221977842783701, 13.184418417499273 ], [ 80.223548287047549, 13.184489801329503 ], [ 80.226260872594139, 13.183490427707055 ], [ 80.226689175575132, 13.183990114518283 ], [ 80.227902700688219, 13.1829193570656 ], [ 80.22961591261236, 13.183490427707058 ], [ 80.229830064102885, 13.187844841347726 ], [ 80.228473771329504, 13.18977220476239 ], [ 80.228331003669211, 13.191985103497757 ], [ 80.227831316857987, 13.193769699252131 ], [ 80.226546407914839, 13.195125992025512 ], [ 80.226332256424371, 13.196410900968658 ], [ 80.237039830950607, 13.194626305214284 ], [ 80.236968447120375, 13.197481658421284 ], [ 80.24731910249568, 13.195982597987667 ], [ 80.247818789306905, 13.20055116311886 ], [ 80.248032940797543, 13.203763435476617 ], [ 80.253743647211422, 13.203049597174923 ], [ 80.256099313607251, 13.202050223552476 ], [ 80.258526363833141, 13.202050223552476 ], [ 80.263451848115267, 13.200194243967871 ], [ 80.267877645586168, 13.200051476307635 ], [ 80.268020413246404, 13.203263748665391 ], [ 80.269091170699085, 13.208474768268273 ], [ 80.26994777666124, 13.212472262758011 ], [ 80.269091170699085, 13.21468516149338 ], [ 80.267163807284419, 13.216898060228912 ], [ 80.264165686416959, 13.21975341343574 ], [ 80.264665373228183, 13.220253100246966 ], [ 80.26694965579378, 13.220966938548884 ], [ 80.268520100057628, 13.22096693854888 ], [ 80.270447463472465, 13.222608766642791 ], [ 80.274873260943195, 13.22225184749203 ], [ 80.281083654168469, 13.222822918133488 ], [ 80.282654098432374, 13.22168077685058 ], [ 80.283439320564298, 13.219967564926435 ], [ 80.285438067809139, 13.218040201511597 ], [ 80.286580209091881, 13.216184221926992 ], [ 80.290863238902489, 13.215327615965011 ], [ 80.295217652542988, 13.212115343607083 ], [ 80.296002874674969, 13.20797508145705 ], [ 80.297930238089748, 13.207546778475885 ], [ 80.298287157240509, 13.206047718042216 ], [ 80.303569560673623, 13.206047718042216 ], [ 80.309351650917733, 13.212686414248482 ], [ 80.312920842426479, 13.219539261945272 ], [ 80.314990973501551, 13.224964433038622 ], [ 80.320773063745662, 13.226035190491245 ], [ 80.323842568443183, 13.228462240717134 ], [ 80.328054214423616, 13.226963180283464 ], [ 80.328196982083853, 13.224964433038622 ], [ 80.32548439653732, 13.215541767455534 ], [ 80.320558912255194, 13.198837951194493 ], [ 80.316418650104993, 13.181777215782747 ], [ 80.310422408370357, 13.160076531409514 ], [ 80.308851964106509, 13.15250984541103 ], [ 80.305711075578756, 13.143301331318467 ], [ 80.301778697803513, 13.143625589963623 ], [ 80.29993461552391, 13.140056398454876 ], [ 80.299439834341683, 13.138813692229519 ], [ 80.297376694942614, 13.133631853739134 ] ] ] } },
{ "type": "Feature", "properties": { "Id": 0, "Name": "Delhi" }, "geometry": { "type": "MultiPolygon", "coordinates": [ [ [ [ 77.239080032000174, 28.703941122 ], [ 77.238140950000115, 28.703737404000037 ], [ 77.237228284000082, 28.704444885000044 ], [ 77.237121487000024, 28.705360089000127 ], [ 77.236885081000196, 28.706392230000116 ], [ 77.23652871500019, 28.707883729000169 ], [ 77.236422456000014, 28.708799216000163 ], [ 77.236582842000132, 28.709707749000131 ], [ 77.237006964000102, 28.710496292000073 ], [ 77.237407426000175, 28.71048639900004 ], [ 77.237940872000081, 28.710473100000115 ], [ 77.238870764000126, 28.710335045000139 ], [ 77.239653137000062, 28.709744426000039 ], [ 77.240299017000041, 28.709042704000073 ], [ 77.240677958000049, 28.70834789200012 ], [ 77.240783498000098, 28.707432200000028 ], [ 77.240616232000093, 28.70629564300004 ], [ 77.240322735000063, 28.70539076100016 ], [ 77.239899132000119, 28.704603746000146 ], [ 77.239080032000174, 28.703941122 ] ] ], [ [ [ 77.284683119000135, 28.723390844000114 ], [ 77.29875615300017, 28.701546434000136 ], [ 77.301513333, 28.70400517399997 ], [ 77.304635153000049, 28.705377552000019 ], [ 77.309079990000043, 28.706142821000189 ], [ 77.316787250000175, 28.706639849000112 ], [ 77.322248136000098, 28.706288794000102 ], [ 77.325119635000135, 28.7055809310001 ], [ 77.328156136000075, 28.704806025999972 ], [ 77.328829055000085, 28.704181057000081 ], [ 77.324586307000061, 28.697775044000025 ], [ 77.323832868000125, 28.696110435000037 ], [ 77.323125529000151, 28.693160448000132 ], [ 77.323496515000102, 28.691883946000189 ], [ 77.324260827000103, 28.690975581000089 ], [ 77.324413698000058, 28.688978327000029 ], [ 77.326023471000099, 28.687163798000082 ], [ 77.32774763700013, 28.68442313800017 ], [ 77.33009337600015, 28.682485675000176 ], [ 77.332038037000189, 28.680394287000126 ], [ 77.332386415000087, 28.677270586000073 ], [ 77.331782617000044, 28.67596751300016 ], [ 77.328925238000124, 28.674031182000082 ], [ 77.325301825000111, 28.670787258000075 ], [ 77.323145474000114, 28.667440340000102 ], [ 77.320344689000081, 28.663932814000134 ], [ 77.321198004999985, 28.661131661000073 ], [ 77.328359276000185, 28.645447685000189 ], [ 77.329795600000011, 28.635466281000152 ], [ 77.328968206000127, 28.628835616000178 ], [ 77.32837206, 28.62405829100004 ], [ 77.331952296000111, 28.615503023000024 ], [ 77.339108152000165, 28.606235305000098 ], [ 77.339110823000112, 28.601003798000022 ], [ 77.339111354000067, 28.599954406000112 ], [ 77.339111422000087, 28.59981827799999 ], [ 77.326959110000189, 28.591260042000158 ], [ 77.31695161499999, 28.583415111000196 ], [ 77.307659757000181, 28.574144191000187 ], [ 77.298669888000063, 28.582779150000082 ], [ 77.298287143000096, 28.583472024000063 ], [ 77.297392244000036, 28.584862837000117 ], [ 77.297012666000057, 28.585895098000151 ], [ 77.296764726000163, 28.587148800000136 ], [ 77.296255645000031, 28.588186201000095 ], [ 77.295215425000094, 28.587998974000133 ], [ 77.293659449000188, 28.588283143000126 ], [ 77.291321451000158, 28.588369047000128 ], [ 77.290934416000198, 28.58872231700002 ], [ 77.290288223000118, 28.589085065 ], [ 77.288610426000105, 28.590502808000171 ], [ 77.287183258000141, 28.590892654000132 ], [ 77.285621548000108, 28.590947101999969 ], [ 77.284583268000176, 28.591322415000036 ], [ 77.2830252010001, 28.591828537000026 ], [ 77.281332016000079, 28.591885646000041 ], [ 77.280291431000023, 28.592146687000024 ], [ 77.279383661000054, 28.592629406000128 ], [ 77.278216516000043, 28.593346803000035 ], [ 77.277569870000036, 28.593934243000152 ], [ 77.276272971000083, 28.594768569000109 ], [ 77.275232606000088, 28.595141758000125 ], [ 77.274064548000069, 28.59585848800009 ], [ 77.272512665000193, 28.59749338 ], [ 77.271480559000054, 28.59888482000002 ], [ 77.270963580000171, 28.599467491000038 ], [ 77.269929445000116, 28.600632453000117 ], [ 77.268634277999979, 28.601918942000111 ], [ 77.266683314000034, 28.60299847400006 ], [ 77.266036193000048, 28.60369805800002 ], [ 77.265258599000049, 28.604514924000114 ], [ 77.264484586000037, 28.605671332000043 ], [ 77.263837124000077, 28.606370809000115 ], [ 77.262934721000136, 28.607871626000019 ], [ 77.262550607000151, 28.608789803000093 ], [ 77.261522929000193, 28.610861174000146 ], [ 77.261530467000114, 28.61165504600007 ], [ 77.261146325000141, 28.612573421000146 ], [ 77.260766354000054, 28.61394567900015 ], [ 77.260658652000188, 28.616331588000154 ], [ 77.261061947000087, 28.617340700000113 ], [ 77.261461777000136, 28.618010225000035 ], [ 77.261482941000111, 28.620052127000061 ], [ 77.261621663000199, 28.620729119000085 ], [ 77.262030801000151, 28.622193147000075 ], [ 77.262701162999974, 28.623535969000155 ], [ 77.262843878000183, 28.624553928000122 ], [ 77.263253237000185, 28.625904563000059 ], [ 77.26326520900011, 28.626926444000102 ], [ 77.263539373000071, 28.627940931000122 ], [ 77.263289668000084, 28.628970468000144 ], [ 77.262916397000197, 28.630685428000106 ], [ 77.262929062000126, 28.631707593000041 ], [ 77.264115842000081, 28.632014266000112 ], [ 77.265175398000167, 28.63266537800013 ], [ 77.264799345000029, 28.634040095000103 ], [ 77.264548660000173, 28.634956518000024 ], [ 77.264042019999977, 28.636447826000108 ], [ 77.263268988000164, 28.637718274000068 ], [ 77.263279191000038, 28.638513022000101 ], [ 77.265282991999982, 28.64061443300017 ], [ 77.265950873000122, 28.641277093000102 ], [ 77.267159989000163, 28.642946557000183 ], [ 77.267566511000041, 28.64372962900018 ], [ 77.267711620000057, 28.644745655000012 ], [ 77.267205999000055, 28.646455208000194 ], [ 77.266951984000059, 28.647139995000089 ], [ 77.266574175000187, 28.648280194000158 ], [ 77.266191462000052, 28.649080955000105 ], [ 77.266079330000196, 28.650100214000137 ], [ 77.265445190000094, 28.651360200000109 ], [ 77.265067281000029, 28.652161467000042 ], [ 77.264428207000094, 28.653083326000054 ], [ 77.263659670000152, 28.654122350000023 ], [ 77.262916851000057, 28.656178073000035 ], [ 77.262537530000031, 28.656867744000181 ], [ 77.261364633000085, 28.657581209000121 ], [ 77.260594800000035, 28.658508961000166 ], [ 77.257880436000164, 28.66096769600011 ], [ 77.256711500000108, 28.661796041000169 ], [ 77.256074400000159, 28.662721495000024 ], [ 77.255564026000172, 28.66341694800008 ], [ 77.254921460000162, 28.66411692000009 ], [ 77.25414647100007, 28.664820569000142 ], [ 77.253378254000154, 28.665751190000151 ], [ 77.252868307000142, 28.666447389000101 ], [ 77.251357631000076, 28.669217634000059 ], [ 77.250593364000167, 28.670263107000149 ], [ 77.249819118, 28.670968348000144 ], [ 77.249441882000099, 28.671661615000069 ], [ 77.249068181000155, 28.672468447000025 ], [ 77.248436119000075, 28.673511009000091 ], [ 77.247688444000119, 28.67512538 ], [ 77.247198188000084, 28.676504652000119 ], [ 77.247227318000171, 28.677526849000056 ], [ 77.247653415000173, 28.678537265000159 ], [ 77.248473837000176, 28.679422209000165 ], [ 77.250094300000058, 28.680508941000028 ], [ 77.251324512000053, 28.681834899000137 ], [ 77.25188643199999, 28.682954604000145 ], [ 77.252210430000162, 28.684991470000114 ], [ 77.251985675000128, 28.68636430700008 ], [ 77.251128991000144, 28.688781152000164 ], [ 77.25036747300004, 28.689943397000093 ], [ 77.249334241000156, 28.69088599100013 ], [ 77.247760149000101, 28.691503436000122 ], [ 77.246974162000186, 28.691868800000176 ], [ 77.245926284000177, 28.692355235000036 ], [ 77.24460532300003, 28.692621489000025 ], [ 77.243812124000044, 28.692758072000061 ], [ 77.24342024800012, 28.692997100000071 ], [ 77.241865122000036, 28.694407348000084 ], [ 77.241219759000046, 28.695108529000091 ], [ 77.240710931000194, 28.695919815000082 ], [ 77.240358084000036, 28.697524158000192 ], [ 77.240923086000066, 28.698648393000042 ], [ 77.241641579000145, 28.700452049999967 ], [ 77.241807814000083, 28.701587309000047 ], [ 77.24211469800008, 28.70294708 ], [ 77.242295389000049, 28.704538888000116 ], [ 77.242450614000177, 28.709669855000186 ], [ 77.242387491000045, 28.711955201000073 ], [ 77.242163149000135, 28.713332009000112 ], [ 77.242187962000116, 28.714131329 ], [ 77.242087071000014, 28.715162447000072 ], [ 77.242252647000043, 28.720417331000196 ], [ 77.242029169000034, 28.721795766000128 ], [ 77.242340222000109, 28.723160918000076 ], [ 77.242376885000056, 28.724304607000136 ], [ 77.242825294000113, 28.725781578000184 ], [ 77.24298475300003, 28.726578750000105 ], [ 77.24341862000017, 28.727598684999972 ], [ 77.244120006000117, 28.72861239500002 ], [ 77.24455472, 28.729633039000074 ], [ 77.24497809900015, 28.730310093000188 ], [ 77.245542639000121, 28.731213370000031 ], [ 77.246657151000136, 28.73256198200005 ], [ 77.247892228000126, 28.733561775000112 ], [ 77.248600602000124, 28.734803053000125 ], [ 77.249551266000083, 28.735447505000138 ], [ 77.250241318000121, 28.736097110000177 ], [ 77.251055530000031, 28.736512853000193 ], [ 77.25281681000007, 28.737338278000042 ], [ 77.253891522000174, 28.73762955900003 ], [ 77.254308734000062, 28.738063174000104 ], [ 77.254158975, 28.741923810000177 ], [ 77.267039935000184, 28.729091932000191 ], [ 77.284683119000135, 28.723390844000114 ] ] ], [ [ [ 77.245781056000055, 28.74112459700001 ], [ 77.246239371000058, 28.742467856000076 ], [ 77.246687486999974, 28.743583412000191 ], [ 77.246854005000102, 28.74436888200017 ], [ 77.247697465000101, 28.745355918000087 ], [ 77.247973506999983, 28.745571592000033 ], [ 77.248106654000082, 28.745566543000049 ], [ 77.249571722000155, 28.745508854000143 ], [ 77.250640764000138, 28.745577287000057 ], [ 77.251836549000075, 28.745525194000098 ], [ 77.253002948000187, 28.744794814000052 ], [ 77.253499973000032, 28.743981081000129 ], [ 77.253854594000131, 28.742947496000109 ], [ 77.254071476000149, 28.741806685000142 ], [ 77.254037602000039, 28.741016565000166 ], [ 77.253728882000075, 28.740012270000083 ], [ 77.25327778000019, 28.7387883560001 ], [ 77.251932831000033, 28.738396339000083 ], [ 77.25033239000004, 28.738242032000183 ], [ 77.249507812000047, 28.737600618000045 ], [ 77.248669465000035, 28.736620277000039 ], [ 77.248105543000065, 28.735853790000135 ], [ 77.247334276000117, 28.736665046000102 ], [ 77.247253922000084, 28.73791398100013 ], [ 77.246631838000098, 28.739063006000102 ], [ 77.24627337600009, 28.740091669000037 ], [ 77.245781056000055, 28.74112459700001 ] ] ], [ [ [ 77.245781056000055, 28.74112459700001 ], [ 77.245329616000163, 28.740002404000162 ], [ 77.2444912200001, 28.73933573699998 ], [ 77.244133341000065, 28.740367203000062 ], [ 77.244164110000042, 28.741049303000178 ], [ 77.243402716999981, 28.742088322000086 ], [ 77.242625419000149, 28.742785970000117 ], [ 77.241170089000036, 28.743383082000094 ], [ 77.240796749000197, 28.74407313599999 ], [ 77.239915751000126, 28.745456197000124 ], [ 77.239277831000095, 28.746265299000129 ], [ 77.239303238000161, 28.746834405000129 ], [ 77.239235208000082, 28.748315729000126 ], [ 77.239307046000135, 28.74990745600013 ], [ 77.240539214000137, 28.750334961000018 ], [ 77.24173348700009, 28.749963965000074 ], [ 77.243024918000117, 28.748793298000116 ], [ 77.244191372000159, 28.747851525999973 ], [ 77.244558907000112, 28.747047462000065 ], [ 77.244103990000042, 28.745815492000141 ], [ 77.244069934000038, 28.745023727000046 ], [ 77.244671800000106, 28.743420407000084 ], [ 77.245035205000079, 28.742504292000035 ], [ 77.245781056000055, 28.74112459700001 ] ] ], [ [ [ 77.145022012000197, 28.845786799000109 ], [ 77.151298582000095, 28.839532954000163 ], [ 77.160990959000117, 28.840671444000066 ], [ 77.180937605000111, 28.854320503000054 ], [ 77.18492849900008, 28.854889599000103 ], [ 77.206028790000062, 28.850343330000047 ], [ 77.195821091000198, 28.845254873000105 ], [ 77.195447170000079, 28.845068454000053 ], [ 77.194613120000156, 28.842567722000126 ], [ 77.194063961000097, 28.840921161000036 ], [ 77.194020153000054, 28.84078981100015 ], [ 77.196410676000198, 28.831282481000066 ], [ 77.206425557999978, 28.826054622000186 ], [ 77.211767639000129, 28.826055312000054 ], [ 77.212146173000178, 28.82605535800008 ], [ 77.222632575000091, 28.827958185 ], [ 77.235978231000161, 28.831287448000069 ], [ 77.244558808000193, 28.831763861000127 ], [ 77.248374317000128, 28.829387472000064 ], [ 77.247425103000126, 28.823682941000129 ], [ 77.244090525000047, 28.820354963000117 ], [ 77.244013798000196, 28.820335824000029 ], [ 77.230744825000045, 28.817025705000159 ], [ 77.220736498000178, 28.813221467000179 ], [ 77.213588476000098, 28.809417581000044 ], [ 77.210734029000037, 28.801335982000069 ], [ 77.210260754000046, 28.796582288000025 ], [ 77.212173833000179, 28.788026076000165 ], [ 77.214298025000062, 28.785627998000169 ], [ 77.21434989200003, 28.785569442000106 ], [ 77.219330515000081, 28.77994605400005 ], [ 77.222189480000111, 28.78184788 ], [ 77.23029274300012, 28.783275096000128 ], [ 77.236010311000143, 28.787554077999975 ], [ 77.238873421000051, 28.783751658000146 ], [ 77.237448778000044, 28.776145853000116 ], [ 77.229347216000122, 28.77234189000006 ], [ 77.222199775000149, 28.767587350000099 ], [ 77.221739497000101, 28.761096861000173 ], [ 77.221727836000127, 28.760932420000191 ], [ 77.221949165000012, 28.760808375000124 ], [ 77.222366163000061, 28.760574654000038 ], [ 77.229358527000045, 28.756655480000116 ], [ 77.230494944000043, 28.757073227000145 ], [ 77.230579571000192, 28.756799462000171 ], [ 77.230370570000048, 28.75509365500017 ], [ 77.231078970000056, 28.752800167000089 ], [ 77.231857091000052, 28.752101872000139 ], [ 77.232545475000165, 28.749353155000165 ], [ 77.23290935000017, 28.748434724000102 ], [ 77.233657561000143, 28.747052746000179 ], [ 77.234026343000096, 28.746248138000055 ], [ 77.234131412000181, 28.745562135 ], [ 77.234505707000153, 28.744871348000171 ], [ 77.234402655000167, 28.742365021000186 ], [ 77.234603972, 28.740651427000163 ], [ 77.234708480000165, 28.739851725000051 ], [ 77.235466791000079, 28.738584433000025 ], [ 77.236620944000094, 28.737082434000172 ], [ 77.23735558900006, 28.73501828700017 ], [ 77.237601334000033, 28.734330515000124 ], [ 77.237699275000068, 28.733190219000107 ], [ 77.237935574000176, 28.732161100000109 ], [ 77.237656933000096, 28.731824330000109 ], [ 77.237632418000146, 28.731027830000126 ], [ 77.236765525000067, 28.728992750000145 ], [ 77.236325295000086, 28.727747359000038 ], [ 77.235468900000171, 28.726053397000044 ], [ 77.234451346000185, 28.723450192000033 ], [ 77.234028857000112, 28.722774348000087 ], [ 77.233757904000186, 28.722665375000194 ], [ 77.233586340000045, 28.721414179000078 ], [ 77.234102188000065, 28.720719369000104 ], [ 77.234329143000139, 28.719345916000066 ], [ 77.234268339000039, 28.717292976000063 ], [ 77.233970827000121, 28.716272540000144 ], [ 77.233809628000188, 28.71536355100017 ], [ 77.233374967000032, 28.714232431000028 ], [ 77.232923592000077, 28.712531478000077 ], [ 77.232225321000101, 28.711520422000099 ], [ 77.23179769300009, 28.710617921000107 ], [ 77.23123290000018, 28.709604156000182 ], [ 77.230541385000038, 28.708821183000119 ], [ 77.230384969000113, 28.708026912000037 ], [ 77.23008834500007, 28.707007760000067 ], [ 77.230068900000163, 28.706324479000163 ], [ 77.23041151100017, 28.704266087000182 ], [ 77.230656100000033, 28.703462997000145 ], [ 77.230636769000114, 28.702779884000051 ], [ 77.230553481000186, 28.699820158000136 ], [ 77.230251501000055, 28.698574308000047 ], [ 77.23009595100018, 28.697780935000029 ], [ 77.229803738000044, 28.69687668600011 ], [ 77.229753559000073, 28.695056565000069 ], [ 77.230119458000047, 28.693796328000133 ], [ 77.230497974000116, 28.69299061300018 ], [ 77.23087352499999, 28.692071600000073 ], [ 77.231114979000097, 28.691155422000119 ], [ 77.231230216000142, 28.690469966000077 ], [ 77.231856581000159, 28.688975665000157 ], [ 77.231961993000198, 28.687949246000073 ], [ 77.231915956000194, 28.686244103000092 ], [ 77.232157916000119, 28.685328569000031 ], [ 77.232130466000172, 28.684305674000029 ], [ 77.232236364000073, 28.683279787000174 ], [ 77.232175779000102, 28.6810068260001 ], [ 77.232012411000085, 28.679874120000193 ], [ 77.23195229300012, 28.677601540000072 ], [ 77.232315529000118, 28.676228508000179 ], [ 77.233077391000108, 28.674845604000154 ], [ 77.233585370000128, 28.673923579000135 ], [ 77.234355731000164, 28.672880897000027 ], [ 77.235116082000104, 28.671497595000176 ], [ 77.23511299200004, 28.671383746000064 ], [ 77.235492633000092, 28.670691789000106 ], [ 77.235464606000164, 28.669669065000054 ], [ 77.235695406000104, 28.66841192000004 ], [ 77.236468978000175, 28.667595672000171 ], [ 77.237504275000106, 28.666658121000125 ], [ 77.238011234000055, 28.665848121000067 ], [ 77.23943585000012, 28.664672093000092 ], [ 77.240740800000083, 28.663954416000138 ], [ 77.240996242000108, 28.663606264000123 ], [ 77.241383876000043, 28.663254583000079 ], [ 77.241894033000051, 28.662558583000195 ], [ 77.243067120000035, 28.661844535999986 ], [ 77.245422542000028, 28.660757904000146 ], [ 77.24619463800019, 28.659941257000185 ], [ 77.247112633000029, 28.659575317000133 ], [ 77.248431014000118, 28.659312384000085 ], [ 77.249477897000133, 28.658829233000176 ], [ 77.250635501000147, 28.657549034000048 ], [ 77.251552972000127, 28.65718361300009 ], [ 77.252578891000041, 28.655907391000024 ], [ 77.25308820000015, 28.655099632000084 ], [ 77.25372608300006, 28.654062123000131 ], [ 77.254093979000174, 28.652692486000035 ], [ 77.254080688000045, 28.652013301000068 ], [ 77.254202287000055, 28.651443396000047 ], [ 77.254579300000046, 28.650301027000129 ], [ 77.254827352000177, 28.649274981000136 ], [ 77.254788768000196, 28.646443992000112 ], [ 77.254909621000138, 28.645422175000025 ], [ 77.254901782000104, 28.644629801000011 ], [ 77.255156693000174, 28.6436046550001 ], [ 77.255145878000064, 28.642359455000129 ], [ 77.255529935000141, 28.640990235000178 ], [ 77.255505277000054, 28.638383492000063 ], [ 77.25562636300009, 28.637359103000108 ], [ 77.255879457000106, 28.636331087000148 ], [ 77.255868745999976, 28.635309970000097 ], [ 77.25612060300017, 28.634281618000099 ], [ 77.256095212000105, 28.631898422000116 ], [ 77.255819585000097, 28.630657083000131 ], [ 77.255545761000178, 28.62964288000018 ], [ 77.255404144000124, 28.628625255000088 ], [ 77.25513065500013, 28.627610944000079 ], [ 77.255126049000125, 28.627157133000143 ], [ 77.254991414000074, 28.626820297000112 ], [ 77.255112324000095, 28.625795392000153 ], [ 77.255362731000162, 28.624539785000085 ], [ 77.254699594000101, 28.623877115000145 ], [ 77.253501849000031, 28.622207754000161 ], [ 77.253356076000102, 28.620623145000025 ], [ 77.253349768000135, 28.61994267200015 ], [ 77.25330064700006, 28.614498184000126 ], [ 77.253422452000109, 28.613474001000046 ], [ 77.253678981000121, 28.612786382000078 ], [ 77.25379615200012, 28.611195822000131 ], [ 77.254058354000108, 28.611188519000113 ], [ 77.254180468000129, 28.610164376 ], [ 77.254432735000137, 28.609023234000116 ], [ 77.254419331000065, 28.607436592000116 ], [ 77.255853915000102, 28.60671608399997 ], [ 77.256371205999983, 28.605907719000182 ], [ 77.257149233000177, 28.604979043000071 ], [ 77.258190540000101, 28.604269394000088 ], [ 77.258706194000126, 28.60334762600019 ], [ 77.259092243000168, 28.602543513000175 ], [ 77.259342039000046, 28.601176367000047 ], [ 77.259723183000176, 28.599805747000119 ], [ 77.260241010000072, 28.599111161000053 ], [ 77.261015582000084, 28.597842420000124 ], [ 77.26178064100003, 28.595441434000065 ], [ 77.262162558000114, 28.594184829000088 ], [ 77.262541112000179, 28.592475370000155 ], [ 77.263582603000089, 28.591991556000096 ], [ 77.264100967000161, 28.591410219 ], [ 77.265401897000174, 28.590692401000126 ], [ 77.265923480000083, 28.590563330000066 ], [ 77.26709383300016, 28.589961977000083 ], [ 77.268524619000061, 28.589239384000109 ], [ 77.26943545000006, 28.58887228899999 ], [ 77.270607433000123, 28.588496275000182 ], [ 77.271386443000097, 28.58801955700017 ], [ 77.273200134000149, 28.586378605999979 ], [ 77.274501292000139, 28.585998184000172 ], [ 77.277360971000064, 28.584888068000112 ], [ 77.278917044000082, 28.583932661000063 ], [ 77.279825930000186, 28.583563441000027 ], [ 77.280604345000029, 28.58319853900008 ], [ 77.281642401999989, 28.582711157000062 ], [ 77.283199018000175, 28.581980212000076 ], [ 77.285535192000054, 28.58122183200004 ], [ 77.286569719000113, 28.580507684000054 ], [ 77.287732525000024, 28.579562663000157 ], [ 77.288247072000047, 28.578865969000049 ], [ 77.289018387000056, 28.577821257000096 ], [ 77.289275392000093, 28.577472763000056 ], [ 77.289660305000041, 28.576893625000082 ], [ 77.290176470000176, 28.576423004000162 ], [ 77.290819851000037, 28.575721477000119 ], [ 77.29158804299999, 28.574337145000129 ], [ 77.29235844700014, 28.573291313000141 ], [ 77.292481353000198, 28.572382320000145 ], [ 77.29131288800005, 28.572425220000127 ], [ 77.288979909000034, 28.573074691000155 ], [ 77.287686550000046, 28.573911651000117 ], [ 77.286266803999979, 28.575204820000064 ], [ 77.285360126000114, 28.575688258000127 ], [ 77.284963376000178, 28.574910817000159 ], [ 77.283655193000186, 28.57393837100016 ], [ 77.282091248000029, 28.573652229000118 ], [ 77.280136587000186, 28.573378391000062 ], [ 77.279223181000134, 28.573069661999966 ], [ 77.278956070000163, 28.572174134000136 ], [ 77.279340877000095, 28.571370810000133 ], [ 77.280510435000053, 28.571105869000124 ], [ 77.281681747000164, 28.571066765000069 ], [ 77.283638052000128, 28.571678781000116 ], [ 77.284682832000044, 28.572207996000088 ], [ 77.286113602000114, 28.572271409000113 ], [ 77.286892431000183, 28.572131306000131 ], [ 77.287792768000145, 28.570856328000165 ], [ 77.28765671300016, 28.570070175000073 ], [ 77.287385797000127, 28.568610627000059 ], [ 77.287635406999982, 28.567245633000145 ], [ 77.288150179000127, 28.566549329000054 ], [ 77.289188197000044, 28.56639935200019 ], [ 77.290746528000113, 28.56645541599999 ], [ 77.29191207000008, 28.566073719000141 ], [ 77.293076399000086, 28.565578198000079 ], [ 77.294496031000108, 28.564621059000046 ], [ 77.2952732010001, 28.564479279000189 ], [ 77.295789933000037, 28.564233958000045 ], [ 77.295789042000081, 28.564120753 ], [ 77.296559577000153, 28.563187825000117 ], [ 77.297199976000115, 28.562146547000108 ], [ 77.2977128980001, 28.561449409000147 ], [ 77.29854753900014, 28.560314704000124 ], [ 77.298738910000054, 28.560054602000097 ], [ 77.298866743000076, 28.559824019000132 ], [ 77.299506139000016, 28.558783129000172 ], [ 77.300274469000044, 28.557623808000073 ], [ 77.300734261000059, 28.557337567000101 ], [ 77.300789840000107, 28.557265635000192 ], [ 77.301559301999987, 28.556332457000057 ], [ 77.301941140000167, 28.555527247000047 ], [ 77.302712745000122, 28.554819657000163 ], [ 77.303870173000178, 28.553872102000181 ], [ 77.304385771, 28.553513801000122 ], [ 77.304514206000079, 28.553395579999975 ], [ 77.30515614400008, 28.552693754000192 ], [ 77.305535103000068, 28.551437383000064 ], [ 77.305662515000165, 28.551206629000152 ], [ 77.305657302000157, 28.550529617000105 ], [ 77.306040783000185, 28.549837585000038 ], [ 77.307974804000082, 28.548635835000084 ], [ 77.30900916100012, 28.54837095400012 ], [ 77.309783975000073, 28.548003184000038 ], [ 77.311718757000108, 28.54680213800015 ], [ 77.312491807000129, 28.546208909000029 ], [ 77.3143032750001, 28.545802526000045 ], [ 77.31481672000001, 28.545106726000029 ], [ 77.315589708000061, 28.544400967000172 ], [ 77.316232968000179, 28.543700330000032 ], [ 77.317007279000165, 28.543220518999988 ], [ 77.317908764000094, 28.542284847000019 ], [ 77.31894169899999, 28.541682645000147 ], [ 77.319847106000054, 28.541311183000118 ], [ 77.320623936, 28.541169428000046 ], [ 77.321267567000064, 28.540469297000129 ], [ 77.321391327000185, 28.539450375000172 ], [ 77.321375452000041, 28.536859330000084 ], [ 77.322019620000049, 28.536159716000157 ], [ 77.323437641000055, 28.534754911000157 ], [ 77.324341004000075, 28.534045388000152 ], [ 77.324987149000151, 28.533683367000151 ], [ 77.331757475000074, 28.535507169000024 ], [ 77.339136643000131, 28.527800651000128 ], [ 77.343427860000133, 28.519244033 ], [ 77.345858096000143, 28.504142725000012 ], [ 77.335132677000104, 28.495226814000148 ], [ 77.325122304000047, 28.490589826000132 ], [ 77.322043744999974, 28.490589428000135 ], [ 77.313324596000029, 28.490588028 ], [ 77.296164241000099, 28.490228795000064 ], [ 77.279003839000097, 28.490226078000092 ], [ 77.270022997000069, 28.489195241000125 ], [ 77.253046736000101, 28.484439704000067 ], [ 77.244111868000118, 28.478497234000034 ], [ 77.235772595000185, 28.472851871000042 ], [ 77.233985456000198, 28.468098695000034 ], [ 77.235474280000119, 28.46334600599999 ], [ 77.241728234000107, 28.459782265000115 ], [ 77.249768980000169, 28.456218754000073 ], [ 77.252447891000031, 28.446713011000043 ], [ 77.25393525800007, 28.438098144000154 ], [ 77.253040371, 28.431859423000105 ], [ 77.246784287000196, 28.423837394000092 ], [ 77.237433457000122, 28.418627324000113 ], [ 77.185272503000135, 28.409570765000126 ], [ 77.176083602, 28.415777359000117 ], [ 77.166551644000037, 28.420530584000065 ], [ 77.159403593000036, 28.431227357000179 ], [ 77.149870989000192, 28.435980352000119 ], [ 77.137224108000169, 28.445510989000073 ], [ 77.133885952000185, 28.448025766 ], [ 77.123059181000087, 28.456182040000044 ], [ 77.110545638000076, 28.467471127000177 ], [ 77.109353237999983, 28.473413616000069 ], [ 77.114119354000195, 28.478762895000106 ], [ 77.124248355000077, 28.482924626999985 ], [ 77.126034672000173, 28.490056042000052 ], [ 77.126033805000191, 28.494215795000059 ], [ 77.123425460000135, 28.495870741000033 ], [ 77.106366553000043, 28.506690956000114 ], [ 77.096233421000079, 28.515602238000042 ], [ 77.095636159000037, 28.5191673970001 ], [ 77.092654740000171, 28.523920444000172 ], [ 77.079546012000037, 28.521540874000095 ], [ 77.073589262000098, 28.516191747000047 ], [ 77.065844301000084, 28.512030638000116 ], [ 77.05690566100003, 28.512622962000133 ], [ 77.034853007000038, 28.523313986000066 ], [ 77.019952113000102, 28.531035407000047 ], [ 77.012799124000082, 28.535787451000147 ], [ 77.006241966, 28.540539601000035 ], [ 76.999904978000075, 28.541653303000025 ], [ 76.996110776000194, 28.542319961000086 ], [ 76.993731421000064, 28.533406475000167 ], [ 76.995520502000034, 28.530435869000037 ], [ 77.00684314, 28.529249947000149 ], [ 77.013399899000149, 28.525091959000179 ], [ 77.013051518000168, 28.523525536000143 ], [ 77.012210455000115, 28.519743860000059 ], [ 77.00804045700005, 28.516771925000114 ], [ 77.001485331000197, 28.517364704000045 ], [ 76.979436323000186, 28.519142490000036 ], [ 76.960370187000194, 28.513196236000113 ], [ 76.941899924000097, 28.507250081000109 ], [ 76.926405007000085, 28.510811853000121 ], [ 76.909123923000038, 28.510807968000048 ], [ 76.89730723100007, 28.504912605000136 ], [ 76.887391089000062, 28.499965192000161 ], [ 76.885293181000065, 28.498918493000136 ], [ 76.884702583000035, 28.498977253000195 ], [ 76.879333936000194, 28.499511348000052 ], [ 76.872776686000122, 28.50485769200014 ], [ 76.87277535000004, 28.507828704000072 ], [ 76.872943419000137, 28.50833220900012 ], [ 76.875155681000081, 28.514959655000105 ], [ 76.875152024000045, 28.52268422800017 ], [ 76.86918979100011, 28.529218999000076 ], [ 76.856965523000099, 28.540184610999976 ], [ 76.835518068000056, 28.550869427000126 ], [ 76.836245591000079, 28.57151184200006 ], [ 76.841415553000104, 28.581096968000168 ], [ 76.844001609000031, 28.584046477000069 ], [ 76.857308107000051, 28.58773571200004 ], [ 76.86469917800008, 28.592160785000143 ], [ 76.867283657000144, 28.597690583000084 ], [ 76.867280018000088, 28.603736592000192 ], [ 76.867279217000089, 28.605062875000097 ], [ 76.866535170000077, 28.612803646000089 ], [ 76.872117907000074, 28.618056662000072 ], [ 76.879466696000179, 28.624970958000173 ], [ 76.881893098000035, 28.625697463000108 ], [ 76.883162851000179, 28.626077642000041 ], [ 76.891667154000118, 28.623499222000078 ], [ 76.897788407000064, 28.622782578000109 ], [ 76.897952232000193, 28.622763397000025 ], [ 76.903865584000073, 28.625345037000098 ], [ 76.912368998000034, 28.624241090000169 ], [ 76.931592813000179, 28.623876767000127 ], [ 76.934547528000166, 28.628300795000087 ], [ 76.931954665000092, 28.636409766000156 ], [ 76.926406411000073, 28.641200575000138 ], [ 76.92270333800019, 28.651152498000158 ], [ 76.922700322000082, 28.655944575999971 ], [ 76.926026062000119, 28.658157023000175 ], [ 76.937483630000088, 28.662214315000142 ], [ 76.94228855900019, 28.663689822000094 ], [ 76.945298286000082, 28.666264230000142 ], [ 76.94746128800017, 28.66811438000008 ], [ 76.951894879000065, 28.672170158000085 ], [ 76.95447508500007, 28.683966666000064 ], [ 76.954101370000103, 28.690233235000104 ], [ 76.952926928000124, 28.694322823000107 ], [ 76.951878297000121, 28.697973974000149 ], [ 76.949286729000107, 28.70387153400014 ], [ 76.946325242000114, 28.710137685000181 ], [ 76.947799174000068, 28.717510652000097 ], [ 76.950380200000097, 28.727832960000118 ], [ 76.947412899000142, 28.74294660400005 ], [ 76.944079767000062, 28.752162050000148 ], [ 76.943705971000043, 28.758428953000081 ], [ 76.943977376000191, 28.762253297000147 ], [ 76.943985112000121, 28.762362300000177 ], [ 76.944072245000143, 28.763590080000142 ], [ 76.942217542000094, 28.773174621000123 ], [ 76.944429476000096, 28.782391324000056 ], [ 76.943686700000114, 28.78755235 ], [ 76.941093592000129, 28.79566233200012 ], [ 76.939162137000153, 28.799509200000106 ], [ 76.938132283000186, 28.801560355000046 ], [ 76.938722854000105, 28.805405318000172 ], [ 76.938868426000056, 28.806353072000036 ], [ 76.94514938400016, 28.811515425000042 ], [ 76.951802478000161, 28.812991213000146 ], [ 76.953354394000144, 28.815573839000137 ], [ 76.955125795000072, 28.818521722000071 ], [ 76.957341334000148, 28.822208737000036 ], [ 76.962514231000171, 28.825896249000149 ], [ 76.971588229000076, 28.82047038800016 ], [ 76.971759757000029, 28.820367818000193 ], [ 76.976563484000053, 28.823317915000132 ], [ 76.984103278000021, 28.830842394000172 ], [ 76.986014776000104, 28.832416570000078 ], [ 76.991735572000039, 28.83512086900009 ], [ 76.995200719000138, 28.836758892000145 ], [ 76.996209905000171, 28.837235887000077 ], [ 77.010463275000177, 28.838944007 ], [ 77.025288804000184, 28.837809036000184 ], [ 77.042276454999978, 28.833859325000162 ], [ 77.042397071000039, 28.833831275000136 ], [ 77.049240074000181, 28.832695071000103 ], [ 77.050943083000163, 28.843499159000146 ], [ 77.055498567000143, 28.852029237000185 ], [ 77.061191573000087, 28.864539928000173 ], [ 77.068031736000194, 28.867384044000122 ], [ 77.083996814000045, 28.867386236000126 ], [ 77.085702903000083, 28.873641403000139 ], [ 77.088553402000116, 28.874210416000043 ], [ 77.095396796000045, 28.872505435000104 ], [ 77.11022723799999, 28.8645466050001 ], [ 77.131895445000055, 28.862843554000165 ], [ 77.143872197000178, 28.858864752999978 ], [ 77.148438206000037, 28.852610576000082 ], [ 77.145022012000197, 28.845786799000109 ] ], [ [ 77.294214904, 28.52749910700004 ], [ 77.295120284000177, 28.527128601000133 ], [ 77.295774282000082, 28.52800516700017 ], [ 77.296945742000048, 28.528638373000149 ], [ 77.297458516000177, 28.527719016000052 ], [ 77.298232123000162, 28.527015608999985 ], [ 77.299397298000031, 28.526635821000191 ], [ 77.300438848000056, 28.527272818000082 ], [ 77.300835413000073, 28.528496417000152 ], [ 77.301358809000192, 28.529265127000144 ], [ 77.302142178999986, 28.530137202999974 ], [ 77.30279500600011, 28.530788661000091 ], [ 77.303318477000175, 28.53155793100013 ], [ 77.303583508000145, 28.53244899200007 ], [ 77.303327275000186, 28.532909081000184 ], [ 77.30319758600001, 28.532913865000069 ], [ 77.30203117700006, 28.532956874000149 ], [ 77.299828833000106, 28.533263125000182 ], [ 77.298533766000162, 28.533423877000185 ], [ 77.295034169000019, 28.533552502000081 ], [ 77.294640510000079, 28.532890494000185 ], [ 77.293726112000058, 28.531909829000135 ], [ 77.293590699000163, 28.53112576400002 ], [ 77.292806821000113, 28.53025321400008 ], [ 77.292153238000139, 28.529488182000026 ], [ 77.293311606000088, 28.52820736700005 ], [ 77.294214904, 28.52749910700004 ] ] ] ] } },
{ "type": "Feature", "properties": { "Id": 0, "Name": "Hyderabad" }, "geometry": { "type": "Polygon", "coordinates": [ [ [ 78.282203073135122, 17.5391784807303 ], [ 78.286914405926723, 17.53618035986301 ], [ 78.290055294454476, 17.529470279826512 ], [ 78.287913779549172, 17.525901088317767 ], [ 78.290911900416461, 17.518048866998527 ], [ 78.291054668076924, 17.515050746131237 ], [ 78.292482344680366, 17.514336907829545 ], [ 78.295623233208119, 17.513194766546633 ], [ 78.299192424716864, 17.513194766546633 ], [ 78.301048404301241, 17.512909231225933 ], [ 78.303047151546309, 17.511196019301792 ], [ 78.305902504753192, 17.511196019301792 ], [ 78.311613211167241, 17.510482181000043 ], [ 78.317181149920827, 17.508340666094739 ], [ 78.321178644410566, 17.509625575037887 ], [ 78.330458542333417, 17.507484060132754 ], [ 78.334456036823326, 17.506341918849841 ], [ 78.336026481087174, 17.503629333303309 ], [ 78.337454157690615, 17.503772100963545 ], [ 78.340880581539068, 17.512195392924184 ], [ 78.345020843689099, 17.517620564017534 ], [ 78.348732802858308, 17.522331896809021 ], [ 78.352444762027289, 17.520761452545287 ], [ 78.361724659950141, 17.519619311262431 ], [ 78.370861790212473, 17.519619311262431 ], [ 78.374859284702211, 17.511338786962028 ], [ 78.384281950285299, 17.507912363113746 ], [ 78.38670900051136, 17.507769595453283 ], [ 78.388850515416493, 17.512623695905177 ], [ 78.392419706925239, 17.509768342698351 ], [ 78.396559969075383, 17.508911736736195 ], [ 78.397273807377132, 17.513623069527796 ], [ 78.398273180999581, 17.519476543602138 ], [ 78.398273180999581, 17.520618684884823 ], [ 78.395846130773691, 17.526043855978173 ], [ 78.394989524811535, 17.528899209185226 ], [ 78.395988898433984, 17.535609289221554 ], [ 78.394703989490836, 17.542462136918289 ], [ 78.398987019301444, 17.543604278201201 ], [ 78.40227067548949, 17.545888560766798 ], [ 78.408837987865525, 17.546174096087498 ], [ 78.413263785336426, 17.549886055256536 ], [ 78.415405300241559, 17.559451488500031 ], [ 78.41811788578832, 17.561735771065628 ], [ 78.425827339447096, 17.558309347217175 ], [ 78.429967601597298, 17.553740782085981 ], [ 78.435678308011347, 17.551742034841141 ], [ 78.441103479104527, 17.551599267180848 ], [ 78.442102852726919, 17.538607410089014 ], [ 78.442531155708082, 17.533325006655957 ], [ 78.449526771065166, 17.533896077297413 ], [ 78.45980604261041, 17.530184118128375 ], [ 78.463089698798399, 17.530469653448904 ], [ 78.467943799250293, 17.527899835562778 ], [ 78.470799152457346, 17.527043229600622 ], [ 78.480364585700727, 17.525187250016018 ], [ 78.483933777209472, 17.525758320657474 ], [ 78.488930645321773, 17.533182238995664 ], [ 78.489930018944222, 17.532468400693972 ], [ 78.491643230868362, 17.527328764921322 ], [ 78.496782866641013, 17.527899835562778 ], [ 78.502636340715355, 17.527899835562778 ], [ 78.505634461582645, 17.53618035986301 ], [ 78.5067766028655, 17.540463389673448 ], [ 78.506633835205093, 17.542604904578752 ], [ 78.505634461582645, 17.548886681634087 ], [ 78.508775350110398, 17.551170964199684 ], [ 78.512059006298443, 17.54960051993578 ], [ 78.515913733127888, 17.550314358237699 ], [ 78.524479792748821, 17.5391784807303 ], [ 78.525907469352433, 17.538321874768315 ], [ 78.529333893200715, 17.538321874768315 ], [ 78.535187367275057, 17.538750177749307 ], [ 78.537328882180361, 17.539035713070007 ], [ 78.540612538368407, 17.537036965825166 ], [ 78.54403896221686, 17.536608662844003 ], [ 78.546466012442693, 17.537465268806159 ], [ 78.547893689046305, 17.541319995635604 ], [ 78.550320739272195, 17.545317490125342 ], [ 78.552462254177499, 17.543318742880501 ], [ 78.549749668630739, 17.539035713070007 ], [ 78.549178597989282, 17.534181612618113 ], [ 78.54875029500829, 17.530326885788668 ], [ 78.547037083084149, 17.522474664469428 ], [ 78.546894315423685, 17.51790609933829 ], [ 78.547608153725605, 17.509625575037887 ], [ 78.552747789498028, 17.508340666094739 ], [ 78.57244972662636, 17.505199777567157 ], [ 78.581586856888748, 17.504914242246457 ], [ 78.583871139454345, 17.506341918849841 ], [ 78.587440330963091, 17.500202909454799 ], [ 78.589581845868395, 17.492350688135616 ], [ 78.591009522471836, 17.488495961306114 ], [ 78.590438451830551, 17.481785881269616 ], [ 78.59343657269784, 17.479073295723083 ], [ 78.596577461225593, 17.478359457421334 ], [ 78.601859864658479, 17.479073295723083 ], [ 78.606713965110373, 17.480786507647224 ], [ 78.611853600883023, 17.481072042967924 ], [ 78.618135377938358, 17.47864499274209 ], [ 78.621133498805648, 17.47893052806279 ], [ 78.62227564008856, 17.476646245497193 ], [ 78.621704569447104, 17.474790265912588 ], [ 78.618278145598595, 17.469365094819238 ], [ 78.615280024731305, 17.46265501478274 ], [ 78.611996368543316, 17.448806551728921 ], [ 78.607285035751829, 17.450662531313355 ], [ 78.601146026356787, 17.451519137275511 ], [ 78.595007016961745, 17.448806551728921 ], [ 78.590866754811543, 17.44980592535137 ], [ 78.589439078208102, 17.44709333980461 ], [ 78.585584351378657, 17.443809683616621 ], [ 78.584584977756208, 17.43938388614589 ], [ 78.576875524097261, 17.43153166482665 ], [ 78.573163564928109, 17.427676937997205 ], [ 78.567881161495166, 17.427105867355749 ], [ 78.563598131684728, 17.421395160941699 ], [ 78.56973714107977, 17.412258030679311 ], [ 78.573591867909272, 17.40783223320841 ], [ 78.575590615154113, 17.405405182982577 ], [ 78.579445341983615, 17.40511964766182 ], [ 78.581015786247463, 17.40511964766182 ], [ 78.582300695190611, 17.403263668077216 ], [ 78.580873018586999, 17.399837244228934 ], [ 78.581015786247463, 17.397838496984093 ], [ 78.583585604133759, 17.397267426342637 ], [ 78.587012027982098, 17.395125911437333 ], [ 78.589724613528631, 17.391699487588994 ], [ 78.590201046516484, 17.38806963785089 ], [ 78.589011316013568, 17.387712718699959 ], [ 78.585918016705818, 17.388307583951416 ], [ 78.583776501800685, 17.385809149895351 ], [ 78.58603698975628, 17.380812281782994 ], [ 78.586155962806515, 17.377956928576111 ], [ 78.582348825197073, 17.375815413670807 ], [ 78.581516013845146, 17.372246222162062 ], [ 78.582705744348061, 17.368201138452093 ], [ 78.58258677129777, 17.367011407949178 ], [ 78.580921148593688, 17.366535515748012 ], [ 78.581634986895381, 17.363680162541129 ], [ 78.582348825197073, 17.361895566786757 ], [ 78.583776501800685, 17.360943782384368 ], [ 78.587107747208904, 17.361300701535299 ], [ 78.58734569330943, 17.35558999512125 ], [ 78.585323151454361, 17.349284423455742 ], [ 78.585680070605349, 17.347737773801839 ], [ 78.589368235164329, 17.345596258896705 ], [ 78.597934294785432, 17.344168582293094 ], [ 78.600551701891789, 17.34309782484064 ], [ 78.601979378495173, 17.342265013488486 ], [ 78.606857273557296, 17.343930636192624 ], [ 78.617326901983006, 17.343692690092098 ], [ 78.621134039592278, 17.342859878740114 ], [ 78.622799662296359, 17.341789121287263 ], [ 78.623156581447176, 17.340956309935336 ], [ 78.623156581447176, 17.338933768080437 ], [ 78.622561716195719, 17.337268145376299 ], [ 78.619944309089362, 17.333461007766857 ], [ 78.618754578586447, 17.328345166604436 ], [ 78.618873551636682, 17.32477597509569 ], [ 78.618992524686973, 17.317637592078199 ], [ 78.618278686385224, 17.312759697016304 ], [ 78.611616195568956, 17.310856128211469 ], [ 78.604239866450769, 17.306930017551963 ], [ 78.599837863590039, 17.307286936702724 ], [ 78.595316887678905, 17.307881801954181 ], [ 78.591152830918702, 17.306811044501728 ], [ 78.579136552839316, 17.306097206199809 ], [ 78.569856654916464, 17.308595640256101 ], [ 78.560695730044131, 17.309785370759016 ], [ 78.557959349887312, 17.310261262960012 ], [ 78.557602430736551, 17.312521750915607 ], [ 78.555341942781013, 17.312521750915607 ], [ 78.548917398065214, 17.315377104122661 ], [ 78.54332566470157, 17.32037397223479 ], [ 78.536782146935536, 17.324538028994994 ], [ 78.534521658979997, 17.326917490000824 ], [ 78.534283712879471, 17.334293819119011 ], [ 78.535116524231455, 17.336435334024145 ], [ 78.534045766778775, 17.338814795029975 ], [ 78.532023224923876, 17.339528633331895 ], [ 78.528929925616353, 17.339290687231198 ], [ 78.528216087314433, 17.33762506452706 ], [ 78.527383275962507, 17.336435334024145 ], [ 78.525479707157842, 17.336078414873384 ], [ 78.5216725695484, 17.338457875879214 ], [ 78.520958731246708, 17.337744037577522 ], [ 78.521196677347405, 17.33595944182315 ], [ 78.5216725695484, 17.334293819119011 ], [ 78.520839758196473, 17.3328661425154 ], [ 78.518698243291112, 17.331676412012484 ], [ 78.515366997883064, 17.331319492861724 ], [ 78.515248024832829, 17.329653870157642 ], [ 78.515842890084286, 17.32786927440327 ], [ 78.518222351090117, 17.326917490000824 ], [ 78.517508512788197, 17.320254999184556 ], [ 78.51667570143627, 17.319660133933098 ], [ 78.510251156720471, 17.321682675788168 ], [ 78.509775264519249, 17.32108781053671 ], [ 78.509418345368488, 17.316328888525049 ], [ 78.507871695714641, 17.314901211921438 ], [ 78.506800938261961, 17.313949427519219 ], [ 78.505492234708811, 17.3132355892173 ], [ 78.502279962350997, 17.314068400569454 ], [ 78.499424609144, 17.314068400569454 ], [ 78.497877959490097, 17.314068400569454 ], [ 78.49597439068549, 17.314544292770677 ], [ 78.496569255936947, 17.317518619027965 ], [ 78.49228622612651, 17.318470403430183 ], [ 78.491215468673829, 17.318232457329657 ], [ 78.489073953768695, 17.316804780726045 ], [ 78.487527304114849, 17.316209915474587 ], [ 78.485385789209488, 17.316209915474587 ], [ 78.484077085656338, 17.316209915474587 ], [ 78.482054543801439, 17.315971969374118 ], [ 78.478961244493917, 17.314901211921438 ], [ 78.477771513991001, 17.313711481418522 ], [ 78.476462810437624, 17.312402777865373 ], [ 78.474321295532491, 17.311094074312166 ], [ 78.473250538079867, 17.310618182111 ], [ 78.471822861476426, 17.308476667205639 ], [ 78.471465942325494, 17.305859260099339 ], [ 78.470633130973511, 17.299910607584764 ], [ 78.46956237352083, 17.298007038780099 ], [ 78.470514157923049, 17.295508604724034 ], [ 78.471109023174506, 17.294080928120422 ], [ 78.470514157923049, 17.293129143718204 ], [ 78.468372643017915, 17.293129143718204 ], [ 78.465517289810919, 17.294437847271354 ], [ 78.45909274509512, 17.295627577774269 ], [ 78.456237391888067, 17.300029580634998 ], [ 78.454690742234391, 17.299910607584764 ], [ 78.442674464155004, 17.29467579337188 ], [ 78.433632512332679, 17.294794766422115 ], [ 78.429944347773699, 17.289084060008236 ], [ 78.436130946388971, 17.284563084097101 ], [ 78.43815348824387, 17.271713994665731 ], [ 78.432323808779529, 17.268025830106524 ], [ 78.430420239974922, 17.27373653652063 ], [ 78.427683859818103, 17.276472916677392 ], [ 78.428040778969091, 17.283611299694883 ], [ 78.421497261203058, 17.285990760700713 ], [ 78.413645039883818, 17.286466652901709 ], [ 78.40936201007338, 17.287061518153166 ], [ 78.404841034162246, 17.289203033058527 ], [ 78.400795950452277, 17.287537410354389 ], [ 78.399368273848836, 17.28789432950532 ], [ 78.398416489446447, 17.292534278466746 ], [ 78.396393947591548, 17.301576230288845 ], [ 78.377477232595197, 17.310856128211469 ], [ 78.376525448192751, 17.315258131072369 ], [ 78.377120313444209, 17.321206783586945 ], [ 78.375335717689836, 17.328226193554201 ], [ 78.387114049668753, 17.328821058805659 ], [ 78.391397079479191, 17.329534897107351 ], [ 78.397940597245224, 17.329059004906185 ], [ 78.397583678094463, 17.334650738269772 ], [ 78.399368273848836, 17.340361444683879 ], [ 78.392824756082803, 17.348689558204285 ], [ 78.396869839792771, 17.353924372417111 ], [ 78.39889238164767, 17.355233075970318 ], [ 78.4012718426535, 17.355114102920027 ], [ 78.406387683816092, 17.356779725624165 ], [ 78.407339468218311, 17.359991997981979 ], [ 78.406744602966853, 17.360943782384368 ], [ 78.404008222810262, 17.361895566786757 ], [ 78.403770276709565, 17.363323243390198 ], [ 78.404246168910788, 17.365702704396028 ], [ 78.40626871076563, 17.368688927958317 ], [ 78.406411478426094, 17.372543654787762 ], [ 78.403127822237877, 17.373257493089511 ], [ 78.399273095408603, 17.372971957768755 ], [ 78.397131580503299, 17.37154428116537 ], [ 78.389279359184059, 17.371972584146363 ], [ 78.384139723411465, 17.372115351806599 ], [ 78.379428390619807, 17.373543028410211 ], [ 78.377429643374967, 17.372686422448055 ], [ 78.375716431450826, 17.372971957768755 ], [ 78.376001966771526, 17.375256240334352 ], [ 78.376001966771526, 17.376683916937964 ], [ 78.377715178695667, 17.377683290560412 ], [ 78.379285622959571, 17.379110967163854 ], [ 78.379713925940564, 17.38168078505015 ], [ 78.379571158280271, 17.388105329765949 ], [ 78.382854814468317, 17.388105329765949 ], [ 78.382997582128553, 17.384536138257204 ], [ 78.386566773637298, 17.385392744219189 ], [ 78.386424005977062, 17.387248723803737 ], [ 78.394133459636009, 17.389961309350326 ], [ 78.392705783032397, 17.391103450633238 ], [ 78.392277480051405, 17.393387733198836 ], [ 78.387566147259918, 17.393244965538543 ], [ 78.388279985561667, 17.397242460028281 ], [ 78.391563641749656, 17.397099692367817 ], [ 78.391563641749656, 17.401382722178482 ], [ 78.389136591523652, 17.401239954518019 ], [ 78.388993823863359, 17.402524863461167 ], [ 78.390564268127264, 17.403238701762916 ], [ 78.390278732806507, 17.404809146026764 ], [ 78.38599570299607, 17.406950660932068 ], [ 78.387280611939218, 17.409234943497665 ], [ 78.385710167675313, 17.410662620101107 ], [ 78.387137844278755, 17.41351797330816 ], [ 78.385139097033914, 17.414802882251308 ], [ 78.382140976166568, 17.414945649911544 ], [ 78.375716431450826, 17.419085912061746 ], [ 78.374003219526685, 17.414517346930552 ], [ 78.371147866319632, 17.411519226063263 ], [ 78.366864836509194, 17.414231811609852 ], [ 78.362581806698699, 17.4158022558737 ], [ 78.360297524132932, 17.412661367345947 ], [ 78.355871726662201, 17.411804761383962 ], [ 78.3514459291913, 17.409377711157958 ], [ 78.346877364060106, 17.41351797330816 ], [ 78.34330817255136, 17.415516720553001 ], [ 78.331172921421739, 17.420656356325651 ], [ 78.328888638856142, 17.423226174211948 ], [ 78.329745244818128, 17.4263670627397 ], [ 78.321561088688782, 17.42887804304462 ], [ 78.31933034399583, 17.430513922486114 ], [ 78.313827840419833, 17.431852369301907 ], [ 78.30683817371505, 17.431852369301907 ], [ 78.302971549580718, 17.43393439768198 ], [ 78.294048570808854, 17.434231830307738 ], [ 78.288843499858615, 17.42917547567032 ], [ 78.287058904104242, 17.428580610418862 ], [ 78.286761471478314, 17.43155493667615 ], [ 78.289438365110072, 17.435124128184896 ], [ 78.289587081422951, 17.441667645950929 ], [ 78.293453705557397, 17.452375220477165 ], [ 78.296576748127563, 17.456539277237368 ], [ 78.301186953826345, 17.460257185058992 ], [ 78.301930535390682, 17.462636646064823 ], [ 78.300889521200475, 17.469031447517978 ], [ 78.300145939636309, 17.476467263161226 ], [ 78.297915194943357, 17.478846724167056 ], [ 78.288546067232687, 17.474385234781096 ], [ 78.286017889914206, 17.474682667406853 ], [ 78.281853833153832, 17.476467263161226 ], [ 78.281110251589666, 17.477954426289841 ], [ 78.281556400528245, 17.481226185172886 ], [ 78.2776897763938, 17.481374901485765 ], [ 78.272930854382139, 17.479292873105635 ], [ 78.267279634493264, 17.475574965284011 ], [ 78.264900173487433, 17.473195504278181 ], [ 78.260884833040109, 17.467098135450783 ], [ 78.252556719519703, 17.469180163830856 ], [ 78.25077212376533, 17.474533951093974 ], [ 78.25077212376533, 17.486877405061705 ], [ 78.254638747899605, 17.496841398023662 ], [ 78.259248953598444, 17.503236199476817 ], [ 78.259100237285736, 17.504723362605432 ], [ 78.256572059967027, 17.507548972549898 ], [ 78.252110570580953, 17.510969447745765 ], [ 78.252110570580953, 17.522420603836338 ], [ 78.252110570580953, 17.524800064842168 ], [ 78.251218272703909, 17.525097497467868 ], [ 78.249731109575123, 17.525692362719326 ], [ 78.246756783317835, 17.525989795345083 ], [ 78.243931173373369, 17.528071823725156 ], [ 78.242146577618996, 17.529856419479529 ], [ 78.238428669797429, 17.535953788306983 ], [ 78.237387655607336, 17.538333249312814 ], [ 78.237685088233093, 17.53937426350285 ], [ 78.239618400300344, 17.540712710318644 ], [ 78.241700428680588, 17.540712710318644 ], [ 78.245864485440791, 17.539225547189972 ], [ 78.24794651382075, 17.539820412441429 ], [ 78.25106955639086, 17.542348589760138 ], [ 78.252110570580953, 17.545322916017426 ], [ 78.251515705329666, 17.547256228084677 ], [ 78.249433676949536, 17.548594674900471 ], [ 78.248392662759329, 17.551717717470581 ], [ 78.250325974826751, 17.552758731660674 ], [ 78.253002868458282, 17.551271568532002 ], [ 78.256869492592614, 17.550081838029087 ], [ 78.260289967788651, 17.552461299034917 ], [ 78.262966861420011, 17.553204880599253 ], [ 78.264751457174384, 17.551271568532002 ], [ 78.264751457174384, 17.549635689090508 ], [ 78.268469364996179, 17.55142028484488 ], [ 78.27040267706343, 17.552610015347796 ], [ 78.274566733823633, 17.552907447973496 ], [ 78.276648762203536, 17.555138192666504 ], [ 78.279920521086751, 17.556030490543662 ], [ 78.281853833153832, 17.550676703280544 ], [ 78.282151265779703, 17.54383575288881 ], [ 78.282203073135122, 17.5391784807303 ] ] ] } },
{ "type": "Feature", "properties": { "Id": 0, "Name": "Kolkata" }, "geometry": { "type": "Polygon", "coordinates": [ [ [ 88.243424643317042, 22.546861759324145 ], [ 88.243603102892507, 22.548765328128809 ], [ 88.24378156246803, 22.551025816084348 ], [ 88.243305670266807, 22.553107844464478 ], [ 88.242175426289123, 22.554951926743854 ], [ 88.242234912814126, 22.556677035973223 ], [ 88.243365156792038, 22.557985739526373 ], [ 88.2461015369488, 22.558997010453822 ], [ 88.249135349731148, 22.55959187570528 ], [ 88.251990702938144, 22.559294443079523 ], [ 88.25764192282702, 22.557807279950907 ], [ 88.263055196615142, 22.556677035973223 ], [ 88.265494144146203, 22.556439089872697 ], [ 88.273346365465386, 22.554535521067862 ], [ 88.280306288907411, 22.552453492687789 ], [ 88.284291886092319, 22.552037087011797 ], [ 88.290240538606895, 22.550490437358121 ], [ 88.293750243590466, 22.550252491257424 ], [ 88.297557381199681, 22.548646355078517 ], [ 88.299341976954054, 22.548348922452817 ], [ 88.303803466340185, 22.546861759324145 ], [ 88.306123440820784, 22.546861759324145 ], [ 88.308145982675683, 22.546445353648153 ], [ 88.316652555771554, 22.54775405720136 ], [ 88.321470964308446, 22.549300706855206 ], [ 88.327598076398488, 22.55281041183872 ], [ 88.334498513315282, 22.558818550878527 ], [ 88.338008218298796, 22.56298260763873 ], [ 88.342053302008765, 22.570775342432739 ], [ 88.343480978612376, 22.573333263014035 ], [ 88.346395818344433, 22.581185484333218 ], [ 88.348358873674272, 22.584635702791729 ], [ 88.35133319993156, 22.593023302837139 ], [ 88.351690119082321, 22.595224304267674 ], [ 88.353058309160701, 22.597008900022047 ], [ 88.354426499239139, 22.598258117050023 ], [ 88.35609212194322, 22.598912468826711 ], [ 88.357341338971366, 22.599923739754161 ], [ 88.360494124803949, 22.601291929832541 ], [ 88.36156488225663, 22.60254114686046 ], [ 88.362457180133788, 22.602898066011448 ], [ 88.365966885117302, 22.605931878793911 ], [ 88.367394561720914, 22.608132880224275 ], [ 88.36894121137459, 22.612237450459247 ], [ 88.369179157475287, 22.615985101543515 ], [ 88.368286859598129, 22.62288553846048 ], [ 88.366502263843756, 22.628239325723598 ], [ 88.365015100715084, 22.632284409433339 ], [ 88.37203451068234, 22.632879274684797 ], [ 88.373759619911482, 22.632760301634562 ], [ 88.376971892269466, 22.63204646333287 ], [ 88.380184164627281, 22.631094678930424 ], [ 88.383753356136026, 22.630797246304894 ], [ 88.387917412896229, 22.630083408002974 ], [ 88.390356360427063, 22.62865573139959 ], [ 88.393925551935808, 22.628536758349298 ], [ 88.394341957611971, 22.613427180962162 ], [ 88.394401444137031, 22.607597501498049 ], [ 88.393449659734813, 22.600637578055853 ], [ 88.391962496606141, 22.595938142569423 ], [ 88.391903010080966, 22.595283790792735 ], [ 88.395531688114886, 22.591000760982297 ], [ 88.399160366148692, 22.584457243216264 ], [ 88.402313151981446, 22.57785423892517 ], [ 88.404335693836515, 22.57238147861159 ], [ 88.407785912294798, 22.566313853046779 ], [ 88.409927427200159, 22.562566201962568 ], [ 88.412842266932216, 22.559651362230511 ], [ 88.411712022954532, 22.559651362230511 ], [ 88.412187915155698, 22.555427818945077 ], [ 88.414745835736824, 22.553048357939247 ], [ 88.417601188943877, 22.549895572106664 ], [ 88.42045654215093, 22.546266894072687 ], [ 88.424858545011602, 22.540853620284338 ], [ 88.42783287126889, 22.537938780552281 ], [ 88.433305631582471, 22.535559319546451 ], [ 88.438421472744892, 22.52949169398164 ], [ 88.441217339426885, 22.525744042897429 ], [ 88.442228610354334, 22.52604147552313 ], [ 88.443001935181258, 22.525625069847138 ], [ 88.444727044410399, 22.523483554941834 ], [ 88.44817726286891, 22.521520499611995 ], [ 88.454661294109712, 22.518427200304473 ], [ 88.454185401908489, 22.517237469801557 ], [ 88.453055157930805, 22.516821064125565 ], [ 88.451627481327193, 22.514263143544269 ], [ 88.450794669975267, 22.512775980415597 ], [ 88.44817726286891, 22.512894953465832 ], [ 88.446511640164772, 22.511764709488148 ], [ 88.445678828812618, 22.510515492460001 ], [ 88.445024477036156, 22.510931898135993 ], [ 88.44270450255533, 22.512894953465832 ], [ 88.440919906800957, 22.51116984423669 ], [ 88.440325041549499, 22.510158573309241 ], [ 88.439075824521581, 22.510812925085759 ], [ 88.437291228767208, 22.512775980415597 ], [ 88.435804065638536, 22.51354930524252 ], [ 88.435506633012835, 22.514084683968747 ], [ 88.43562560606307, 22.514798522270667 ], [ 88.435387659962544, 22.515750306672885 ], [ 88.434971254286381, 22.516404658449574 ], [ 88.433186658532009, 22.516999523701031 ], [ 88.432353847180082, 22.517118496751266 ], [ 88.430807197526178, 22.516702091075274 ], [ 88.429974386174251, 22.516523631499808 ], [ 88.427713898218656, 22.518724632930173 ], [ 88.426226735089983, 22.517415929377023 ], [ 88.423490354933392, 22.517356442851792 ], [ 88.422538570531003, 22.516999523701031 ], [ 88.421170380452622, 22.517534902427258 ], [ 88.425037004587068, 22.520092823008554 ], [ 88.425215464162591, 22.520687688260011 ], [ 88.424977518062065, 22.5213420400367 ], [ 88.423609327983684, 22.522174851388684 ], [ 88.4227765166317, 22.523067149265842 ], [ 88.419742703849181, 22.521223066986238 ], [ 88.419742703849181, 22.518129767678715 ], [ 88.418612459871497, 22.515750306672885 ], [ 88.416411458440962, 22.51586927972312 ], [ 88.415221727938047, 22.510991384661224 ], [ 88.414567376161529, 22.508909356281151 ], [ 88.41468634921182, 22.507422193152479 ], [ 88.414329430060832, 22.506708354850787 ], [ 88.412366374730993, 22.504923759096414 ], [ 88.411830996004767, 22.504031461219199 ], [ 88.410105886775625, 22.503377109442511 ], [ 88.409511021524168, 22.501592513688138 ], [ 88.409748967624694, 22.500343296660219 ], [ 88.410700752027083, 22.498975106581838 ], [ 88.411890482529998, 22.498499214380615 ], [ 88.413556105233909, 22.498380241330381 ], [ 88.41361559175914, 22.496774105151474 ], [ 88.414150970485366, 22.496298212950251 ], [ 88.41498378183752, 22.496119753374785 ], [ 88.41498378183752, 22.49362131931872 ], [ 88.41468634921182, 22.493323886692963 ], [ 88.413258672608379, 22.493383373218194 ], [ 88.41260432083169, 22.492431588815805 ], [ 88.410641265501852, 22.49391875194442 ], [ 88.409867940674928, 22.491420317888355 ], [ 88.410046400250394, 22.490765966111667 ], [ 88.410700752027083, 22.490290073910444 ], [ 88.412366374730993, 22.490171100860209 ], [ 88.413972510910071, 22.490825452636898 ], [ 88.417244269793116, 22.490349560435675 ], [ 88.4183745137708, 22.48582858452454 ], [ 88.416232998865667, 22.48214041996556 ], [ 88.415102754887812, 22.480950689462645 ], [ 88.414150970485366, 22.477440984479074 ], [ 88.413318159133439, 22.477322011428839 ], [ 88.412187915155698, 22.4773814979539 ], [ 88.410641265501852, 22.478392768881292 ], [ 88.409273075423471, 22.477797903629835 ], [ 88.40689361441764, 22.477916876680297 ], [ 88.407131560518337, 22.474883063897778 ], [ 88.407131560518337, 22.47297949509317 ], [ 88.405227991713502, 22.47399076602062 ], [ 88.405109018663268, 22.473871792970328 ], [ 88.405109018663268, 22.47297949509317 ], [ 88.404811586037511, 22.472801035517705 ], [ 88.403383909434126, 22.473514873819397 ], [ 88.401480340629462, 22.473395900769162 ], [ 88.40005266402585, 22.472860522042708 ], [ 88.399814717925381, 22.471849251115259 ], [ 88.399736258804012, 22.471193750167174 ], [ 88.398951036672088, 22.470765447186182 ], [ 88.397808895389232, 22.470479911865482 ], [ 88.397166440917715, 22.47069406335595 ], [ 88.396523986446027, 22.471336517827638 ], [ 88.396059991550032, 22.471193750167174 ], [ 88.395703072399101, 22.471015290591879 ], [ 88.395667380483872, 22.470765447186182 ], [ 88.396738137936552, 22.469766073563733 ], [ 88.396559678361086, 22.46933777058257 ], [ 88.394418163455953, 22.467767326318892 ], [ 88.393704325154204, 22.466767952696443 ], [ 88.393561557493797, 22.466232573970046 ], [ 88.393525865578738, 22.465839962904056 ], [ 88.393240330258038, 22.465447351838122 ], [ 88.390813280032148, 22.465447351838122 ], [ 88.38817207831562, 22.464412286300615 ], [ 88.386494558306481, 22.464626437791139 ], [ 88.385031189787867, 22.465233200347598 ], [ 88.383389361693958, 22.46501904885713 ], [ 88.380819543807661, 22.464126750979915 ], [ 88.379927245930446, 22.463769831828984 ], [ 88.379142023798522, 22.463627064168691 ], [ 88.378071266345842, 22.462484922885835 ], [ 88.378071266345842, 22.461985236074611 ], [ 88.379498942949454, 22.460628943301401 ], [ 88.380890927637665, 22.459129882867558 ], [ 88.381890301260285, 22.458665887971563 ], [ 88.380890927637665, 22.458166201160338 ], [ 88.379927245930446, 22.456988367962424 ], [ 88.37974878635498, 22.456631448811493 ], [ 88.37974878635498, 22.454704085396827 ], [ 88.379677402524749, 22.454418550076127 ], [ 88.378856488477822, 22.454418550076127 ], [ 88.378285417836366, 22.454025939010137 ], [ 88.377642963364849, 22.453990247095135 ], [ 88.377178968468684, 22.453990247095135 ], [ 88.376358054421701, 22.454561317736363 ], [ 88.375358680799252, 22.453419176453679 ], [ 88.37503745356338, 22.453811787519669 ], [ 88.375001761648321, 22.4541687066706 ], [ 88.375108837393554, 22.454775469227059 ], [ 88.374894685903087, 22.454918236887352 ], [ 88.373752544620174, 22.4541687066706 ], [ 88.372681787167721, 22.453561944113972 ], [ 88.37232486801679, 22.453276408793215 ], [ 88.371611029715041, 22.450670898991916 ], [ 88.371361186309343, 22.450206904095694 ], [ 88.368398757357056, 22.450313979841155 ], [ 88.367970454376064, 22.451384737293779 ], [ 88.36786337863083, 22.452098575595528 ], [ 88.368041838206295, 22.45241980283123 ], [ 88.368470141187288, 22.452526878576521 ], [ 88.369112595658976, 22.452598262406696 ], [ 88.369683666300261, 22.452848105812222 ], [ 88.369755050130436, 22.452955181557513 ], [ 88.369755050130436, 22.45349056028391 ], [ 88.369291055234271, 22.455096696462817 ], [ 88.368898444168281, 22.455596383274042 ], [ 88.368363065442054, 22.455667767104273 ], [ 88.368006146291123, 22.455596383274042 ], [ 88.368006146291123, 22.454347166245896 ], [ 88.367042464583903, 22.454204398585603 ], [ 88.366864005008381, 22.453419176453679 ], [ 88.366721237347974, 22.453133641132979 ], [ 88.365971707131223, 22.452955181557513 ], [ 88.365329252659535, 22.452955181557513 ], [ 88.36486525776354, 22.452776721981991 ], [ 88.364222803291852, 22.453169333048152 ], [ 88.363544656905162, 22.45309794921792 ], [ 88.363294813499635, 22.452883797727452 ], [ 88.362616667112945, 22.452526878576521 ], [ 88.361724369235787, 22.452562570491523 ], [ 88.361617293490553, 22.452990873472686 ], [ 88.361724369235787, 22.453740403689437 ], [ 88.361724369235787, 22.4541687066706 ], [ 88.361224682424563, 22.454561317736363 ], [ 88.360332384547405, 22.454704085396827 ], [ 88.360046849226649, 22.454989620717583 ], [ 88.360046849226649, 22.455774842849507 ], [ 88.360510844122871, 22.456131762000268 ], [ 88.36108191476427, 22.456452989236197 ], [ 88.361617293490553, 22.456845600301961 ], [ 88.36176006115079, 22.45755943860388 ], [ 88.361331758169797, 22.457630822433941 ], [ 88.36040376837758, 22.457987741584873 ], [ 88.359939773481415, 22.458380352650806 ], [ 88.359689930075888, 22.458772963716797 ], [ 88.359939773481415, 22.459236958613019 ], [ 88.359939773481415, 22.459415418188314 ], [ 88.359618546245656, 22.460022180744943 ], [ 88.359190243264663, 22.46027202415047 ], [ 88.35972562199089, 22.460878786706928 ], [ 88.359547162415424, 22.461271397772862 ], [ 88.359083167519429, 22.461378473518153 ], [ 88.358405021132739, 22.461449857348384 ], [ 88.357869642406342, 22.461414165433325 ], [ 88.35769118283082, 22.460557559471169 ], [ 88.355763819416211, 22.460521867556167 ], [ 88.354193375152306, 22.460379099895704 ], [ 88.354264758982538, 22.458630196056333 ], [ 88.353265385360089, 22.458558812226329 ], [ 88.352408779397933, 22.457380979028414 ], [ 88.351230946200019, 22.456845600301961 ], [ 88.349767577681575, 22.456845600301961 ], [ 88.346269770002891, 22.456595756896434 ], [ 88.345341780210674, 22.456595756896434 ], [ 88.344092563182528, 22.456845600301961 ], [ 88.343164573390368, 22.456845600301961 ], [ 88.342629194664084, 22.456631448811493 ], [ 88.341879664447163, 22.456381605405966 ], [ 88.341558437211461, 22.4564886811512 ], [ 88.340666139334246, 22.4564886811512 ], [ 88.34077321507948, 22.458844347547029 ], [ 88.341130134230298, 22.459129882867558 ], [ 88.341736896786756, 22.459058499037496 ], [ 88.342486427003678, 22.458808655631799 ], [ 88.34280765423938, 22.458808655631799 ], [ 88.343235957220543, 22.459022807122494 ], [ 88.343521492541299, 22.459665261594012 ], [ 88.343057497645077, 22.460878786706928 ], [ 88.342522118918851, 22.461414165433325 ], [ 88.341379977635995, 22.462841842036767 ], [ 88.340630447419073, 22.463198761187698 ], [ 88.340023684862615, 22.462913225866998 ], [ 88.33980953337209, 22.462413539055774 ], [ 88.339202770815632, 22.462056619904843 ], [ 88.337989245702715, 22.46227077139531 ], [ 88.337096947825501, 22.46259199863124 ], [ 88.335526503561653, 22.46259199863124 ], [ 88.334741281429672, 22.462413539055774 ], [ 88.334277286533506, 22.462484922885835 ], [ 88.334063135042982, 22.462806150121764 ], [ 88.334277286533506, 22.463341528847991 ], [ 88.334491438023974, 22.463948291404449 ], [ 88.335026816750428, 22.464626437791139 ], [ 88.337453866976261, 22.466054114394581 ], [ 88.337703710381959, 22.46637534163051 ], [ 88.337882169957254, 22.466839336526505 ], [ 88.337739402297018, 22.467124871847204 ], [ 88.336383109523638, 22.467267639507668 ], [ 88.330601019279527, 22.466982104186968 ], [ 88.329316110336379, 22.466839336526505 ], [ 88.326781984365255, 22.469944533139255 ], [ 88.325354307761643, 22.472014664214328 ], [ 88.32396232307326, 22.472835578261311 ], [ 88.321963575828363, 22.473014037836776 ], [ 88.323748171582736, 22.469302078667567 ], [ 88.324462009884428, 22.466482417375744 ], [ 88.324462009884428, 22.465411659923063 ], [ 88.324105090733667, 22.464840589281607 ], [ 88.323712479667734, 22.464483670130676 ], [ 88.32396232307326, 22.463698447998922 ], [ 88.324640469459951, 22.462413539055774 ], [ 88.325104464356116, 22.462056619904843 ], [ 88.326317989469032, 22.461985236074611 ], [ 88.327460130751774, 22.460022180744943 ], [ 88.327567206497179, 22.45959387776378 ], [ 88.327460130751774, 22.459308342443023 ], [ 88.326889060110489, 22.459201266697789 ], [ 88.325425691591875, 22.459165574782787 ], [ 88.31750208644246, 22.459272650528021 ], [ 88.314039970678948, 22.459022807122494 ], [ 88.311827071943583, 22.457773590094348 ], [ 88.309864016613744, 22.457737898179346 ], [ 88.307686809793381, 22.457273903283124 ], [ 88.307365582557622, 22.457131135622717 ], [ 88.306901587661457, 22.456845600301961 ], [ 88.306723128085991, 22.456310221575734 ], [ 88.305795138293774, 22.457523746688651 ], [ 88.304046234454404, 22.458094817330107 ], [ 88.302761325511256, 22.458023433499875 ], [ 88.301440724653105, 22.457737898179346 ], [ 88.29947766932321, 22.45716682753789 ], [ 88.299049366342217, 22.455917610509744 ], [ 88.298442603785759, 22.455310847953285 ], [ 88.297835841229301, 22.455310847953285 ], [ 88.29715769484261, 22.455846226679569 ], [ 88.296051245474928, 22.456274529660732 ], [ 88.295444482918469, 22.456096070085266 ], [ 88.295087563767538, 22.456096070085266 ], [ 88.29380265482439, 22.456238837745502 ], [ 88.293552811418863, 22.456131762000268 ], [ 88.293231584182934, 22.455275156038283 ], [ 88.293088816522641, 22.455096696462817 ], [ 88.292767589286711, 22.455168080293049 ], [ 88.292553437796414, 22.455667767104273 ], [ 88.292018059070017, 22.455739150934278 ], [ 88.291589756089024, 22.455025312632586 ], [ 88.290875917787275, 22.454704085396827 ], [ 88.29041192289111, 22.454704085396827 ], [ 88.290197771400585, 22.454989620717583 ], [ 88.290197771400585, 22.456060378170207 ], [ 88.290911609702334, 22.45852312031127 ], [ 88.291232836938036, 22.459558185848721 ], [ 88.29176821566432, 22.460628943301401 ], [ 88.291803907579492, 22.461128630112626 ], [ 88.291803907579492, 22.461664008838852 ], [ 88.291232836938036, 22.462699074376303 ], [ 88.290304847145876, 22.465233200347598 ], [ 88.290055003740179, 22.466910720356736 ], [ 88.289769468419422, 22.467945785894358 ], [ 88.289162705862964, 22.469052235262041 ], [ 88.288306099900979, 22.469551922073265 ], [ 88.285807665844743, 22.470372836120248 ], [ 88.282488317741695, 22.471443593572872 ], [ 88.280382494751564, 22.471943280384096 ], [ 88.2805252624118, 22.474263254864695 ], [ 88.280275419006102, 22.475976466788836 ], [ 88.2799541917704, 22.476297694024765 ], [ 88.2782052879312, 22.476333385939824 ], [ 88.278276671761262, 22.47854628467519 ], [ 88.277562833459569, 22.481473021712418 ], [ 88.277384373884047, 22.481901324693411 ], [ 88.275921005365603, 22.48222255192934 ], [ 88.275635470044904, 22.484863753645698 ], [ 88.275242858978913, 22.485613283862619 ], [ 88.272958576413316, 22.486541273654836 ], [ 88.272494581517151, 22.488040334088453 ], [ 88.271923510875695, 22.488504328984675 ], [ 88.271602283639936, 22.489360934946831 ], [ 88.271673667470168, 22.489610778352358 ], [ 88.27210197045116, 22.489824929842825 ], [ 88.274100717696058, 22.488861248135606 ], [ 88.2799541917704, 22.486791117060534 ], [ 88.287378110108591, 22.485363440456922 ], [ 88.287913488834818, 22.487754798767924 ], [ 88.288591635221508, 22.489004015795899 ], [ 88.290554690551346, 22.491323990276669 ], [ 88.291946675239785, 22.491216914531265 ], [ 88.292517745881241, 22.493876676043612 ], [ 88.293431458907548, 22.495932530352661 ], [ 88.294630707254385, 22.495932530352661 ], [ 88.295715741473089, 22.498445241174807 ], [ 88.296229705050393, 22.499016311816263 ], [ 88.297314739268984, 22.499473168329416 ], [ 88.298285559359442, 22.502442735664545 ], [ 88.299827450091129, 22.504041733460554 ], [ 88.30017009247598, 22.507182621988136 ], [ 88.298513987615991, 22.507125514923985 ], [ 88.297657381653835, 22.507011300795739 ], [ 88.298057131102837, 22.508324763271048 ], [ 88.298399773487688, 22.509409797489582 ], [ 88.298513987615991, 22.511237223542196 ], [ 88.297828702846289, 22.512607793081486 ], [ 88.298057131102837, 22.51340729197949 ], [ 88.298513987615991, 22.514663647390535 ], [ 88.298513987615991, 22.51689082289198 ], [ 88.298342666423594, 22.517290572340983 ], [ 88.295601527344843, 22.517119251148529 ], [ 88.294859135510933, 22.517119251148529 ], [ 88.292289317624636, 22.516262645186544 ], [ 88.291318497534348, 22.51957485490658 ], [ 88.290233463315644, 22.520431460868735 ], [ 88.290747426892949, 22.523172599947486 ], [ 88.290404784508041, 22.524486062422625 ], [ 88.290518998636344, 22.525456882513026 ], [ 88.291261390470197, 22.526427702603314 ], [ 88.290804533957044, 22.527170094437224 ], [ 88.290576105700495, 22.529054627553762 ], [ 88.290404784508041, 22.529454377002764 ], [ 88.289890820930736, 22.529625698195218 ], [ 88.29006214212319, 22.531281803055208 ], [ 88.290804533957044, 22.532538158466423 ], [ 88.291147176341951, 22.533223443236125 ], [ 88.2913756045985, 22.534479798647112 ], [ 88.290804533957044, 22.53710672359756 ], [ 88.288520251391503, 22.53784911543147 ], [ 88.284865399286446, 22.537963329559545 ], [ 88.283209294426399, 22.538363079008548 ], [ 88.282752437913246, 22.538762828457607 ], [ 88.28189583195109, 22.539048363778306 ], [ 88.28189583195109, 22.540361826253616 ], [ 88.280068405898646, 22.541047111023147 ], [ 88.279383121129115, 22.540019183868765 ], [ 88.278126765717957, 22.539962076804613 ], [ 88.276699089114516, 22.54087578983075 ], [ 88.276413553793816, 22.54190371698536 ], [ 88.275671161959906, 22.54224635937021 ], [ 88.275042984254355, 22.54224635937021 ], [ 88.274529020677221, 22.541104218087298 ], [ 88.27418637829237, 22.539733648548008 ], [ 88.273101344073609, 22.53979075561216 ], [ 88.272016309855076, 22.539619434419762 ], [ 88.271045489764617, 22.53979075561216 ], [ 88.270874168572163, 22.538420186072699 ], [ 88.270474419123161, 22.538534400201002 ], [ 88.270131776738481, 22.53921968497076 ], [ 88.268989635455569, 22.539333899099006 ], [ 88.26876120719902, 22.538934149650004 ], [ 88.268589886006566, 22.538191757816151 ], [ 88.267619065916108, 22.537734901303168 ], [ 88.266476924633423, 22.537449365982468 ], [ 88.265791639863664, 22.537220937725863 ], [ 88.265049248029982, 22.535621939929854 ], [ 88.264935033901509, 22.53408004919811 ], [ 88.262479430143685, 22.534594012775415 ], [ 88.262479430143685, 22.536078796443007 ], [ 88.260766218219374, 22.536135903507102 ], [ 88.260766218219374, 22.535621939929854 ], [ 88.260937539411771, 22.534936655160266 ], [ 88.261051753540073, 22.53408004919811 ], [ 88.260766218219374, 22.533451871492503 ], [ 88.259452755744235, 22.533566085620805 ], [ 88.259509862808386, 22.534479798647112 ], [ 88.258767470974476, 22.53545061873757 ], [ 88.257682436755942, 22.535907475250553 ], [ 88.25819640033302, 22.536706974148558 ], [ 88.256654509601333, 22.537620687174865 ], [ 88.255455261254497, 22.537163830661711 ], [ 88.255283940062043, 22.537163830661711 ], [ 88.255341047126194, 22.539048363778306 ], [ 88.257111366114486, 22.538991256714155 ], [ 88.25819640033302, 22.54190371698536 ], [ 88.2531709786889, 22.543788250101898 ], [ 88.252657015111595, 22.541561074600452 ], [ 88.251971730341836, 22.541618181664603 ], [ 88.250829589059151, 22.543102965332196 ], [ 88.24974455484039, 22.543102965332196 ], [ 88.249573233647993, 22.543559821845349 ], [ 88.248431092365081, 22.543845357166049 ], [ 88.248145557044552, 22.544644856064053 ], [ 88.247688700531398, 22.545273033769661 ], [ 88.244890454388496, 22.545958318539192 ], [ 88.243348563656809, 22.545958318539192 ], [ 88.243424643317042, 22.546861759324145 ] ] ] } },
{ "type": "Feature", "properties": { "Id": 0, "Name": "Mumbai" }, "geometry": { "type": "MultiPolygon", "coordinates": [ [ [ [ 72.789102336401754, 19.264160032624716 ], [ 72.7910439765825, 19.262332606572102 ], [ 72.794413293366858, 19.263074998406012 ], [ 72.800066892716586, 19.263074998406012 ], [ 72.801665890512595, 19.262104178315724 ], [ 72.801037712807044, 19.260790715840415 ], [ 72.80115192693529, 19.259819895750127 ], [ 72.80252249647458, 19.259819895750127 ], [ 72.80383595894989, 19.259134610980425 ], [ 72.80731948986238, 19.256165043645069 ], [ 72.811316984352288, 19.251882013834631 ], [ 72.813030196276429, 19.249940373653885 ], [ 72.815600014162726, 19.247598984024137 ], [ 72.821310720576776, 19.246114200356431 ], [ 72.822624183051914, 19.245428915586672 ], [ 72.821367827640756, 19.242459348251543 ], [ 72.819483294524161, 19.237205498350647 ], [ 72.818626688562176, 19.235492286426506 ], [ 72.816685048381316, 19.232579826155302 ], [ 72.81474340820057, 19.230581078910461 ], [ 72.812344911506671, 19.229096295242698 ], [ 72.809146915914766, 19.226355156164118 ], [ 72.807033954541794, 19.224299301854956 ], [ 72.805492063809936, 19.222300554610058 ], [ 72.804121494270646, 19.218759916633473 ], [ 72.803379102436736, 19.216761169388633 ], [ 72.802008532897275, 19.215676135169872 ], [ 72.798182359599991, 19.211278891231132 ], [ 72.795555434649543, 19.207624039126244 ], [ 72.794127758046102, 19.206710326099937 ], [ 72.791443726031503, 19.203341009315636 ], [ 72.7910439765825, 19.20139936913489 ], [ 72.791215297774954, 19.200542763172734 ], [ 72.793385366212249, 19.197858731158306 ], [ 72.7937280085971, 19.196659482811299 ], [ 72.79173877919618, 19.194280021805469 ], [ 72.790929762454198, 19.193471005063486 ], [ 72.790215924152506, 19.193137880522727 ], [ 72.789597264291046, 19.193090291302553 ], [ 72.788597890668598, 19.193185469742787 ], [ 72.787503338605916, 19.194232432585409 ], [ 72.785980483562071, 19.192995112862263 ], [ 72.785076288379855, 19.192852345202027 ], [ 72.784552806958629, 19.192804755981797 ], [ 72.783267898015481, 19.193423415843256 ], [ 72.781745042971806, 19.192995112862263 ], [ 72.781649864531573, 19.194946270887101 ], [ 72.78150709687111, 19.19561251996862 ], [ 72.781840221411869, 19.196754661251532 ], [ 72.781982989072333, 19.20070456652121 ], [ 72.782554059713789, 19.201228047942436 ], [ 72.783267898015481, 19.200942512621737 ], [ 72.784076914757463, 19.200894923401677 ], [ 72.785123877600086, 19.201180458722433 ], [ 72.785504591360848, 19.201894297024126 ], [ 72.785599769801138, 19.202846081426344 ], [ 72.785504591360848, 19.204226168809782 ], [ 72.784790753059156, 19.205653845413337 ], [ 72.78360102255624, 19.20612973761456 ], [ 72.782839595034488, 19.20612973761456 ], [ 72.782030578292392, 19.205891791513864 ], [ 72.781031204669944, 19.205701434633397 ], [ 72.77884210054458, 19.204749650231179 ], [ 72.778271029903124, 19.204987596331705 ], [ 72.777937905362364, 19.205415899312698 ], [ 72.777699959261895, 19.206367683715087 ], [ 72.777985494582595, 19.207319468117475 ], [ 72.77855656522388, 19.207747771098468 ], [ 72.778984868205043, 19.208747144720917 ], [ 72.779413171186036, 19.209936875223832 ], [ 72.780174598707958, 19.211031427286514 ], [ 72.780840847789477, 19.211697676368203 ], [ 72.78093602622971, 19.212554282330188 ], [ 72.780983615449884, 19.214362672694733 ], [ 72.780840847789477, 19.215695170857941 ], [ 72.780174598707958, 19.216409009159634 ], [ 72.779365581965976, 19.218122221083945 ], [ 72.778604154444054, 19.218788470165464 ], [ 72.77855656522388, 19.219692665347679 ], [ 72.776652996419216, 19.221310698831758 ], [ 72.77584397967729, 19.222357661674209 ], [ 72.775796390457231, 19.225450960981732 ], [ 72.778937278984813, 19.229400866251467 ], [ 72.780127009487728, 19.231066488955548 ], [ 72.779936652607262, 19.23249416555899 ], [ 72.779555938846272, 19.233588717621842 ], [ 72.779222814305569, 19.235492286426506 ], [ 72.777795137702128, 19.236967552250121 ], [ 72.777652370041665, 19.238252461193269 ], [ 72.77888968976481, 19.238442818073565 ], [ 72.779889063387202, 19.239204245595488 ], [ 72.780602901688951, 19.240060851557644 ], [ 72.780821812101408, 19.241145885776234 ], [ 72.779908099075271, 19.241602742289388 ], [ 72.779051493113116, 19.241602742289388 ], [ 72.780650490908954, 19.242801990636394 ], [ 72.781792632191866, 19.246970806318586 ], [ 72.782420809897417, 19.249255088884183 ], [ 72.782649238154022, 19.253538118694621 ], [ 72.781678418063564, 19.257021649607225 ], [ 72.781392882742864, 19.258677754467271 ], [ 72.781107347422108, 19.259363039236973 ], [ 72.779165707241418, 19.259477253365276 ], [ 72.779165707241418, 19.25999121694241 ], [ 72.780022313203574, 19.260105431070656 ], [ 72.781849739256018, 19.260105431070656 ], [ 72.782820559346249, 19.260562287583809 ], [ 72.783962700629161, 19.262047071251573 ], [ 72.784362450078163, 19.263132105470163 ], [ 72.783391629987705, 19.264731103266172 ], [ 72.783677165308461, 19.265302173907457 ], [ 72.784476664206466, 19.265416388035703 ], [ 72.784191128885709, 19.266444315190313 ], [ 72.784705092463014, 19.267243814088147 ], [ 72.789102336401754, 19.264160032624716 ] ] ], [ [ [ 72.860641932276735, 19.267336522381981 ], [ 72.861769111596971, 19.2669138301369 ], [ 72.862473598672182, 19.268252355579705 ], [ 72.864657508605262, 19.266209343061803 ], [ 72.866066482755457, 19.266702484014445 ], [ 72.865996034047953, 19.264589022788812 ], [ 72.868391290103489, 19.261630177073187 ], [ 72.870152507791431, 19.261207484828105 ], [ 72.872547763846967, 19.261348382243227 ], [ 72.873322699629739, 19.260925689997919 ], [ 72.875858853100226, 19.260925689997919 ], [ 72.877338275958095, 19.259023574895195 ], [ 72.878465455278274, 19.256769216254611 ], [ 72.879874429428583, 19.256064729179343 ], [ 72.881635647116525, 19.254233062783896 ], [ 72.892836991611716, 19.25085152482319 ], [ 72.898050195967699, 19.24894940972024 ], [ 72.901995323588778, 19.245849666589606 ], [ 72.907842566312524, 19.239861526450682 ], [ 72.910871860735654, 19.233168899236659 ], [ 72.909674232707971, 19.232323514746611 ], [ 72.916014616384359, 19.218867811610892 ], [ 72.919396154345122, 19.211259351199146 ], [ 72.921439166863081, 19.211048005076634 ], [ 72.925806986729185, 19.208230056776017 ], [ 72.92777955053964, 19.208159608068513 ], [ 72.931442883330362, 19.208300505483464 ], [ 72.932570062650711, 19.206609736503196 ], [ 72.934683523876117, 19.206468839088018 ], [ 72.935599357073841, 19.203439544664889 ], [ 72.935035767413751, 19.194069866565201 ], [ 72.934753972583621, 19.19174505921734 ], [ 72.939544484694693, 19.188856662208991 ], [ 72.940953458845001, 19.188574867379032 ], [ 72.942080638165407, 19.187447688058853 ], [ 72.946800701568975, 19.188222623841398 ], [ 72.94919595762434, 19.187306790643675 ], [ 72.950041342114616, 19.185827367785862 ], [ 72.95194345721751, 19.184770637173187 ], [ 72.953986469735639, 19.184700188465683 ], [ 72.955395443885948, 19.185052432003317 ], [ 72.955818136130915, 19.183573009145334 ], [ 72.956733969328639, 19.182516278532603 ], [ 72.958424738309077, 19.182586727240107 ], [ 72.958495187016581, 19.180966406967286 ], [ 72.959270122799296, 19.180614163429652 ], [ 72.959481468921808, 19.179275637986848 ], [ 72.961876724977344, 19.178923394449384 ], [ 72.962651660760059, 19.177655317714027 ], [ 72.964483327155506, 19.176105446148711 ], [ 72.968005762531277, 19.177514420299076 ], [ 72.968851147021496, 19.1754009590735 ], [ 72.970894159539398, 19.1754009590735 ], [ 72.972162236274755, 19.178923394449384 ], [ 72.980588823156154, 19.168635980937211 ], [ 72.980410363580688, 19.166434979506846 ], [ 72.979815498329231, 19.161081192243728 ], [ 72.979042173502478, 19.15441870142746 ], [ 72.978625767826315, 19.150254644667257 ], [ 72.97814987562532, 19.14763723756073 ], [ 72.976900658597174, 19.143413694275296 ], [ 72.975532468518793, 19.140439368018008 ], [ 72.973569413189125, 19.136810689984259 ], [ 72.971427898283821, 19.130921523994687 ], [ 72.97005970820544, 19.128185143838095 ], [ 72.968156139400776, 19.124199546653358 ], [ 72.967144868473326, 19.121701112597293 ], [ 72.965122326618257, 19.118488840239309 ], [ 72.963813623065107, 19.114919648730563 ], [ 72.962623892562192, 19.113016079925956 ], [ 72.961969540785503, 19.11075559197036 ], [ 72.961434162059277, 19.107186400461615 ], [ 72.960958269858054, 19.10498539903125 ], [ 72.959768539355139, 19.101951586248731 ], [ 72.95881675495292, 19.100523909645347 ], [ 72.95851932232722, 19.098025475589225 ], [ 72.958102916651228, 19.091838876973952 ], [ 72.957448564874539, 19.085652278358907 ], [ 72.957151132248839, 19.07857338186642 ], [ 72.957091645723608, 19.076729299587043 ], [ 72.9578054840253, 19.074111892480687 ], [ 72.958757268427746, 19.07018578182101 ], [ 72.959590079779673, 19.066200184636273 ], [ 72.960720323757585, 19.064296615831438 ], [ 72.961612621634742, 19.062987912278288 ], [ 72.962029027310734, 19.061441262624612 ], [ 72.962029027310734, 19.057872071115867 ], [ 72.962504919511957, 19.051804445550829 ], [ 72.962564406036961, 19.043892737706585 ], [ 72.9619100542605, 19.040204573147605 ], [ 72.960839296807819, 19.03699230078962 ], [ 72.95988751240543, 19.035148218510017 ], [ 72.957864970550531, 19.033780028431806 ], [ 72.957567537924831, 19.031757486576737 ], [ 72.956615753522385, 19.028961619894972 ], [ 72.954771671243009, 19.026582158889141 ], [ 72.951083506683972, 19.023012967380396 ], [ 72.94834712652721, 19.020990425525497 ], [ 72.944123583241776, 19.018194558843675 ], [ 72.937818011576439, 19.01367358293254 ], [ 72.929549384581264, 19.007546470842499 ], [ 72.925623273921587, 19.005048036786377 ], [ 72.923719705116923, 19.00314446798177 ], [ 72.922351515038542, 19.002847035356012 ], [ 72.920923838434931, 19.001538331802863 ], [ 72.91925821573102, 18.999932195623785 ], [ 72.91723567387595, 18.998682978595809 ], [ 72.914737239819885, 18.997909653768886 ], [ 72.913606995842144, 18.997969140294117 ], [ 72.910573183059682, 18.996244031064805 ], [ 72.908669614255018, 18.996065571489282 ], [ 72.906587585874945, 18.995887111913817 ], [ 72.904743503595341, 18.994994814036829 ], [ 72.904267611394118, 18.994875840986367 ], [ 72.902839934790734, 18.994994814036829 ], [ 72.900579446835138, 18.995232760137355 ], [ 72.897129228376627, 18.995589679288287 ], [ 72.895047199996725, 18.995173273612124 ], [ 72.893797982968579, 18.994459435310432 ], [ 72.890942629761582, 18.994697381410901 ], [ 72.888563168755752, 18.993745597008683 ], [ 72.887849330454003, 18.994102516159444 ], [ 72.887432924778011, 18.995232760137355 ], [ 72.887373438252837, 18.998028626819178 ], [ 72.887492411303072, 18.99903989774657 ], [ 72.885529355973404, 18.999158870797032 ], [ 72.885172436822472, 19.00106243960164 ], [ 72.883268868017808, 19.002847035356012 ], [ 72.883982706319557, 19.008736201345414 ], [ 72.883149894967573, 19.008676714820353 ], [ 72.882138624039953, 19.007605957367673 ], [ 72.880651460911281, 19.007784416942968 ], [ 72.878926351682139, 19.007070578641276 ], [ 72.878331486430682, 19.006178280764061 ], [ 72.87351307789379, 19.006118794239057 ], [ 72.872858726117329, 19.006951605591041 ], [ 72.87220437434064, 19.006951605591041 ], [ 72.871490536038948, 19.006475713389818 ], [ 72.871252589938422, 19.005642902037835 ], [ 72.871074130362956, 19.004750604160677 ], [ 72.870598238161733, 19.004929063736142 ], [ 72.869646453759344, 19.005285982886903 ], [ 72.869230048083352, 19.005226496361843 ], [ 72.867802371479911, 19.004036765858928 ], [ 72.865660856574607, 19.004869577210911 ], [ 72.86512547784838, 19.003203954506773 ], [ 72.863876260820234, 19.003382414082296 ], [ 72.863578828194534, 19.002014224003858 ], [ 72.860723474987481, 19.002252170104555 ], [ 72.859712204060031, 18.998801951646101 ], [ 72.859950150160557, 18.997671707668189 ], [ 72.860604501937246, 18.996244031064805 ], [ 72.861913205490396, 18.995649165813347 ], [ 72.860961421088177, 18.994399948785372 ], [ 72.858938879233108, 18.992853299131525 ], [ 72.858106067881124, 18.992555866505768 ], [ 72.856916337378209, 18.992079974304602 ], [ 72.856737877802743, 18.991782541678845 ], [ 72.859712204060031, 18.985001077812285 ], [ 72.861080394138412, 18.981729318929297 ], [ 72.857451716104435, 18.978398073521078 ], [ 72.850253846561941, 18.980301642325685 ], [ 72.84989692741101, 18.97940934444847 ], [ 72.850253846561941, 18.979171398348001 ], [ 72.855369687724362, 18.97810064089532 ], [ 72.855250714674128, 18.977208343018162 ], [ 72.855072255098605, 18.977089369967871 ], [ 72.851978955791083, 18.977624748694097 ], [ 72.849718467835487, 18.97810064089532 ], [ 72.849302062159552, 18.977208343018162 ], [ 72.849599494785252, 18.976791937342171 ], [ 72.851741009690556, 18.976613477766705 ], [ 72.855905066450759, 18.975899639464956 ], [ 72.855607633825059, 18.974769395487272 ], [ 72.850670252237933, 18.975542720314024 ], [ 72.849123602584029, 18.975483233788964 ], [ 72.849004629533795, 18.974828882012332 ], [ 72.851681523165382, 18.974471962861344 ], [ 72.853704065020224, 18.974055557185352 ], [ 72.854120470696387, 18.973401205408891 ], [ 72.853763551545455, 18.972508907531676 ], [ 72.853049713243763, 18.972508907531676 ], [ 72.851681523165382, 18.972389934481441 ], [ 72.849302062159552, 18.973460691933894 ], [ 72.848707196908094, 18.973460691933894 ], [ 72.848707196908094, 18.973103772783134 ], [ 72.849540008260021, 18.972508907531676 ], [ 72.849777954360718, 18.971676096179522 ], [ 72.850610765712702, 18.970486365676607 ], [ 72.850670252237933, 18.969891500425149 ], [ 72.850372819612176, 18.969296635173691 ], [ 72.850610765712702, 18.969118175598226 ], [ 72.851919469265852, 18.96893971602293 ], [ 72.851978955791083, 18.968225877721238 ], [ 72.850372819612176, 18.968166391196007 ], [ 72.852514334517309, 18.967036147218323 ], [ 72.85257382104254, 18.966619741542161 ], [ 72.852038442316314, 18.966024876290703 ], [ 72.85019436003671, 18.966500768491926 ], [ 72.849361548684726, 18.965905903240468 ], [ 72.84888565648356, 18.964716172737553 ], [ 72.848469250807568, 18.962039279105966 ], [ 72.84781489903088, 18.959243412424144 ], [ 72.846208762851973, 18.951569650680426 ], [ 72.846208762851973, 18.950498893227746 ], [ 72.846565682002733, 18.948952243573899 ], [ 72.846863114628491, 18.947465080445284 ], [ 72.844781086248361, 18.941754374031177 ], [ 72.843353409644976, 18.935389315840609 ], [ 72.84341289617015, 18.933783179661759 ], [ 72.844067247946668, 18.92938117680103 ], [ 72.842758544393519, 18.929143230700333 ], [ 72.84204470609177, 18.931998583907387 ], [ 72.841806759991073, 18.933307287460536 ], [ 72.841152408214612, 18.933426260510771 ], [ 72.840141137287162, 18.933366773985767 ], [ 72.839843704661405, 18.933009854834779 ], [ 72.839784218136231, 18.932236530007856 ], [ 72.839784218136231, 18.931165772555403 ], [ 72.836988351454409, 18.929500149851265 ], [ 72.835798620951493, 18.929500149851265 ], [ 72.834727863498813, 18.929083744175273 ], [ 72.834668376973582, 18.928607851974107 ], [ 72.834846836549048, 18.928250932823119 ], [ 72.835977080526959, 18.927953500197418 ], [ 72.837226297554878, 18.927596581046657 ], [ 72.837821162806335, 18.927418121471192 ], [ 72.839843704661405, 18.92831041934835 ], [ 72.8400221642367, 18.927775040622123 ], [ 72.837761676281332, 18.926704283169443 ], [ 72.838356541532789, 18.925574039191588 ], [ 72.83865397415849, 18.925157633515596 ], [ 72.840081650761931, 18.925693012241823 ], [ 72.840498056437923, 18.925157633515596 ], [ 72.83865397415849, 18.924146362588147 ], [ 72.839903191186465, 18.922004847682842 ], [ 72.844186220996903, 18.926228390968276 ], [ 72.844602626673066, 18.925752498767054 ], [ 72.8400221642367, 18.92051768455417 ], [ 72.838356541532789, 18.920160765403409 ], [ 72.837523730180635, 18.920815117179927 ], [ 72.834906323074279, 18.923967903012681 ], [ 72.834192484772586, 18.923729956912155 ], [ 72.834549403923347, 18.922064334208073 ], [ 72.833240700370197, 18.922183307258308 ], [ 72.83187251029176, 18.919506413626777 ], [ 72.832050969867282, 18.918435656174097 ], [ 72.829612022336391, 18.91653208736949 ], [ 72.829730995386626, 18.915877735592971 ], [ 72.830742266314076, 18.915163897291052 ], [ 72.830801752839307, 18.914866464665351 ], [ 72.82818434573278, 18.912487003659521 ], [ 72.827382467373866, 18.911889758947154 ], [ 72.825555041321422, 18.913203221422293 ], [ 72.824641328295115, 18.912232401331835 ], [ 72.826240326091011, 18.910747617664299 ], [ 72.825041077744118, 18.908234906842097 ], [ 72.824584221230964, 18.908006478585548 ], [ 72.822014403344667, 18.911033152984999 ], [ 72.820072763163921, 18.909662583445709 ], [ 72.820072763163921, 18.908520442162853 ], [ 72.819501692522522, 18.907778050328943 ], [ 72.818873514816914, 18.907720943264792 ], [ 72.81807401591908, 18.907378300879941 ], [ 72.81773137353423, 18.907035658495261 ], [ 72.818245337111534, 18.905779303084103 ], [ 72.818473765368083, 18.90532244657112 ], [ 72.81835955123978, 18.904694268865512 ], [ 72.81773137353423, 18.904066091159962 ], [ 72.817388731149322, 18.903380806390203 ], [ 72.817217409956925, 18.902524200428218 ], [ 72.817160302892773, 18.901496273273608 ], [ 72.81698898170032, 18.90098230969636 ], [ 72.81670344637962, 18.900354131990923 ], [ 72.816360803994769, 18.89989727547777 ], [ 72.814933127391328, 18.898812241259009 ], [ 72.81430494968572, 18.898012742361004 ], [ 72.81396230730104, 18.896813494014168 ], [ 72.813790986108415, 18.895956888052012 ], [ 72.813219915467187, 18.894586318512722 ], [ 72.811906452991877, 18.893786819614718 ], [ 72.811449596478724, 18.892187821818823 ], [ 72.810764311709136, 18.891673858241518 ], [ 72.80990770574698, 18.891673858241518 ], [ 72.80887977859237, 18.891559644113272 ], [ 72.807794744373837, 18.891502537049121 ], [ 72.805282033551691, 18.888019006136687 ], [ 72.804254106397252, 18.88739082843108 ], [ 72.803568821627493, 18.887276614302777 ], [ 72.803454607499248, 18.888019006136687 ], [ 72.803625928691645, 18.888475862649841 ], [ 72.804311213461233, 18.888818505034521 ], [ 72.805053605295086, 18.889389575675978 ], [ 72.805453354744088, 18.89041750283053 ], [ 72.805624675936542, 18.891559644113272 ], [ 72.806709710155076, 18.892473357139579 ], [ 72.807223673732381, 18.893729712550567 ], [ 72.806823924283549, 18.895899780988032 ], [ 72.806481281898698, 18.896470851629317 ], [ 72.804425427589479, 18.898812241259009 ], [ 72.803454607499248, 18.901953129786762 ], [ 72.803226179242643, 18.90400898409581 ], [ 72.803054858050245, 18.906464587853804 ], [ 72.803740142819947, 18.908748870419402 ], [ 72.804653855846084, 18.910976045920847 ], [ 72.805795997128939, 18.913031900229896 ], [ 72.807851851437988, 18.915087754538888 ], [ 72.811735131799423, 18.911604223626455 ], [ 72.812591737761579, 18.911604223626455 ], [ 72.814133628493323, 18.912803471973291 ], [ 72.814704699134722, 18.913545863807144 ], [ 72.815218662712027, 18.914630898025905 ], [ 72.816018161609861, 18.915544611052042 ], [ 72.815961054545937, 18.916229895821743 ], [ 72.815389983904481, 18.91714360884788 ], [ 72.816532125187166, 18.918913927836343 ], [ 72.81773137353423, 18.917828893617639 ], [ 72.819787227843221, 18.91788600068179 ], [ 72.821443332703211, 18.916858073527351 ], [ 72.822071510408819, 18.917657572425185 ], [ 72.823841829397111, 18.91954210554195 ], [ 72.825269506000723, 18.919827640862479 ], [ 72.824470007102718, 18.92091267508124 ], [ 72.824926863615872, 18.922397458748833 ], [ 72.824527114166813, 18.922740101133684 ], [ 72.823213651691674, 18.922797208197835 ], [ 72.821957296280516, 18.923653814159991 ], [ 72.82075804793368, 18.923653814159991 ], [ 72.817902694726627, 18.925652561404831 ], [ 72.821272011510814, 18.929878484151175 ], [ 72.82275679517852, 18.933304907999627 ], [ 72.823556294076411, 18.936959760104514 ], [ 72.823327865819977, 18.94158543229986 ], [ 72.822299938665367, 18.944041036057854 ], [ 72.819787227843221, 18.947752995227063 ], [ 72.818530872432234, 18.949694635407752 ], [ 72.815389983904481, 18.952264453294106 ], [ 72.811506703542875, 18.9544345217314 ], [ 72.808308707951142, 18.955519555949934 ], [ 72.806309960706244, 18.953006845127959 ], [ 72.805282033551691, 18.953121059256091 ], [ 72.804196999333101, 18.952321560358257 ], [ 72.804025678140476, 18.951122312011194 ], [ 72.802769322729489, 18.95066545549804 ], [ 72.801512967318502, 18.948952243573899 ], [ 72.799628434201907, 18.948780922381445 ], [ 72.7981436505342, 18.947981423483441 ], [ 72.797229937507893, 18.947239031649758 ], [ 72.797115723379761, 18.945868462110468 ], [ 72.794774333750013, 18.943184430095869 ], [ 72.793917727787857, 18.939643792119114 ], [ 72.793460871274704, 18.93918693560596 ], [ 72.792490051184416, 18.939129828541809 ], [ 72.791660797829934, 18.93925421654501 ], [ 72.791390852788481, 18.940595416922406 ], [ 72.792165788571253, 18.941933942365267 ], [ 72.79251803210866, 18.94369516005321 ], [ 72.792729378231343, 18.944470095835811 ], [ 72.792236237278701, 18.945456377740982 ], [ 72.791602198910937, 18.947147146721477 ], [ 72.791461301495985, 18.948274326041656 ], [ 72.79124995537353, 18.949331056654387 ], [ 72.792940724353798, 18.952219453662678 ], [ 72.796181364899553, 18.956516824821165 ], [ 72.797026749389829, 18.95700996577358 ], [ 72.798083480002504, 18.959264324414164 ], [ 72.799281108030357, 18.959264324414164 ], [ 72.799351556737861, 18.961307336932066 ], [ 72.801324120548259, 18.963702592987602 ], [ 72.801535466670771, 18.965041118430463 ], [ 72.802169505038535, 18.965675156798227 ], [ 72.802733094698624, 18.965604708090723 ], [ 72.802733094698624, 18.968563553806348 ], [ 72.80238085116099, 18.969127143466494 ], [ 72.801676364085893, 18.969408938296624 ], [ 72.801535466670771, 18.969831630541535 ], [ 72.802239953745982, 18.971945091767111 ], [ 72.802803543406128, 18.972085989182119 ], [ 72.804987453339152, 18.97553797585033 ], [ 72.806044183951883, 18.975467527142882 ], [ 72.806114632659387, 18.976665155170735 ], [ 72.805621491706745, 18.978074129321044 ], [ 72.806537324904468, 18.978003680613369 ], [ 72.8075940555172, 18.978003680613369 ], [ 72.808580337422427, 18.978989962518767 ], [ 72.810623349940329, 18.978637718981133 ], [ 72.814357131438726, 18.983146436262075 ], [ 72.814357131438726, 18.984273615582481 ], [ 72.813863990486084, 18.985753038440293 ], [ 72.812948157288361, 18.987443807420561 ], [ 72.812102772798312, 18.987725602250691 ], [ 72.810975593477963, 18.987162012590602 ], [ 72.810623349940329, 18.988430089325959 ], [ 72.812032324090637, 18.990825345381324 ], [ 72.812314118920767, 18.99223431953169 ], [ 72.81224367021332, 18.993784191097177 ], [ 72.811398285723044, 18.997095280350436 ], [ 72.810975593477963, 18.998856498038208 ], [ 72.810834696062955, 19.00146310021637 ], [ 72.811961875383133, 19.003858356271905 ], [ 72.813159503411043, 19.00554912525223 ], [ 72.81379354177858, 19.008226176137896 ], [ 72.814568477561352, 19.009916945118164 ], [ 72.816470592664132, 19.013016688248968 ], [ 72.81569565688153, 19.016398226209731 ], [ 72.815625208174026, 19.018863930972771 ], [ 72.8154138620514, 19.021470533150989 ], [ 72.8154138620514, 19.022809058593793 ], [ 72.814638926268856, 19.024499827574118 ], [ 72.813582195656124, 19.024922519819199 ], [ 72.81379354177858, 19.025838353016923 ], [ 72.814216234023718, 19.026190596554557 ], [ 72.8154138620514, 19.025627006894297 ], [ 72.817738669399432, 19.022949956008802 ], [ 72.818513605182204, 19.021752327980948 ], [ 72.818513605182204, 19.01942752063286 ], [ 72.819711233209887, 19.018229892605177 ], [ 72.821331553482878, 19.017877649067543 ], [ 72.823304117293276, 19.017877649067543 ], [ 72.825206232396226, 19.018511687435137 ], [ 72.826897001376494, 19.019638866755542 ], [ 72.829926295799794, 19.02161143056594 ], [ 72.833166936345606, 19.025204314649159 ], [ 72.835491743693638, 19.028233609072458 ], [ 72.837675653626548, 19.033658159551123 ], [ 72.838027897164181, 19.036546556559301 ], [ 72.837816551041499, 19.039998543227568 ], [ 72.837464307504092, 19.042252901868096 ], [ 72.838168794579133, 19.043168735065819 ], [ 72.835773538523597, 19.047466106224306 ], [ 72.835914435938605, 19.048311490714525 ], [ 72.836196230768735, 19.048875080374614 ], [ 72.836196230768735, 19.049861362279842 ], [ 72.833166936345606, 19.05000225969485 ], [ 72.831264821242655, 19.048875080374614 ], [ 72.829574052262217, 19.046479824319078 ], [ 72.828940013894623, 19.045493542413908 ], [ 72.822881425048195, 19.042534696698226 ], [ 72.819570335794879, 19.04070303030278 ], [ 72.8184431564747, 19.041266619962869 ], [ 72.817104631031896, 19.042816491528185 ], [ 72.817175079739343, 19.044014119556039 ], [ 72.818302259059578, 19.045423093706404 ], [ 72.820345271577651, 19.050495400647605 ], [ 72.821049758652748, 19.051481682552833 ], [ 72.820979309945244, 19.053172451533101 ], [ 72.822529181510561, 19.054510976975962 ], [ 72.823726809538414, 19.055004117928547 ], [ 72.823797258245918, 19.055849502418823 ], [ 72.822951873755642, 19.057188027861628 ], [ 72.821754245727959, 19.057751617521717 ], [ 72.82062706640761, 19.058526553304318 ], [ 72.82062706640761, 19.059301489087034 ], [ 72.820767963822561, 19.060076424869806 ], [ 72.821120207360195, 19.061062706774976 ], [ 72.821965591850471, 19.063035270585431 ], [ 72.822247386680601, 19.064444244735739 ], [ 72.82062706640761, 19.064303347320617 ], [ 72.82062706640761, 19.065078283103333 ], [ 72.821049758652748, 19.065500975348471 ], [ 72.822247386680601, 19.065853218886105 ], [ 72.822176937973097, 19.066628154668649 ], [ 72.820063476747521, 19.067543987866372 ], [ 72.820274822870147, 19.06796668011151 ], [ 72.822317835388048, 19.069587000384274 ], [ 72.821261104775374, 19.071277769364769 ], [ 72.821120207360195, 19.074025268957939 ], [ 72.821331553482878, 19.074659307325533 ], [ 72.821402002190325, 19.075434243108248 ], [ 72.820979309945244, 19.077265909503694 ], [ 72.823022322463316, 19.078956678484019 ], [ 72.822951873755642, 19.079802062974238 ], [ 72.822881425048195, 19.080154306511872 ], [ 72.82337456600078, 19.080647447464457 ], [ 72.824079053076048, 19.081211037124547 ], [ 72.824219950490999, 19.082338216444725 ], [ 72.823797258245918, 19.083817639302595 ], [ 72.825347129811178, 19.085860651820667 ], [ 72.826192514301454, 19.089171741073926 ], [ 72.826262963008901, 19.09417359930751 ], [ 72.825769822056316, 19.097555137268216 ], [ 72.823938155660869, 19.102134303256832 ], [ 72.82309277117065, 19.108122443395644 ], [ 72.822176937973097, 19.111715327479033 ], [ 72.819570335794879, 19.118689749523014 ], [ 72.819147643549798, 19.119816928843363 ], [ 72.819077194842293, 19.12136680040868 ], [ 72.817668220691985, 19.122353082313907 ], [ 72.813934439193588, 19.128341222452661 ], [ 72.810412003817873, 19.134047567761684 ], [ 72.807805401639826, 19.13644282381722 ], [ 72.802310402453486, 19.141092438513112 ], [ 72.801817261500901, 19.141515130758251 ], [ 72.800126492520405, 19.141656028173202 ], [ 72.799562902860316, 19.141585579465755 ], [ 72.798717518370267, 19.140458400145519 ], [ 72.798506172247642, 19.139119874702715 ], [ 72.798013031295, 19.139119874702715 ], [ 72.79773123646487, 19.140881092390657 ], [ 72.797308544219788, 19.140740194975706 ], [ 72.796885851974821, 19.140247054023064 ], [ 72.796674505852195, 19.140317502730568 ], [ 72.796463159729683, 19.140951541098161 ], [ 72.795335980409334, 19.141303784635795 ], [ 72.794138352381651, 19.141303784635795 ], [ 72.794138352381651, 19.140035707900438 ], [ 72.79554732653196, 19.138626733750073 ], [ 72.79554732653196, 19.13742910572239 ], [ 72.796251813607057, 19.136301926402041 ], [ 72.796251813607057, 19.133836221639001 ], [ 72.796040467484602, 19.13341352939392 ], [ 72.795195082994383, 19.133061285856456 ], [ 72.79470194204174, 19.131581862998473 ], [ 72.794490595919285, 19.130806927215872 ], [ 72.793997454966473, 19.130313786263287 ], [ 72.792658929523839, 19.130102440140604 ], [ 72.791179506666026, 19.130243337555783 ], [ 72.790193224760799, 19.13122961946101 ], [ 72.789559186393035, 19.131159170753506 ], [ 72.788220660950174, 19.129468401773067 ], [ 72.78688213550754, 19.129045709527929 ], [ 72.786459443262402, 19.129538850480515 ], [ 72.786459443262402, 19.130384234970791 ], [ 72.787234379045003, 19.130877375923376 ], [ 72.787727519997588, 19.131018273338327 ], [ 72.787938866120214, 19.131440965583465 ], [ 72.787586622582637, 19.13193410653605 ], [ 72.786248097139776, 19.13193410653605 ], [ 72.785473161357231, 19.132920388441278 ], [ 72.785614058772182, 19.133483978101367 ], [ 72.786177648432272, 19.133624875516546 ], [ 72.787023032922491, 19.133061285856456 ], [ 72.78730482775245, 19.133765772931497 ], [ 72.787516173875133, 19.13496340095918 ], [ 72.788079763535222, 19.135526990619496 ], [ 72.787797968705263, 19.141444682050746 ], [ 72.78730482775245, 19.142149169126014 ], [ 72.787023032922491, 19.143135451031242 ], [ 72.786952584215044, 19.143769489398835 ], [ 72.787023032922491, 19.14426263035142 ], [ 72.787797968705263, 19.14482622001151 ], [ 72.788361558365352, 19.145178463549144 ], [ 72.788713801902986, 19.147432822189728 ], [ 72.788713801902986, 19.149123591169996 ], [ 72.788150212242726, 19.150603014027809 ], [ 72.78660034067741, 19.15264602654571 ], [ 72.785050469112093, 19.153773205866116 ], [ 72.783993738499191, 19.154336795526206 ], [ 72.783782392376736, 19.157154743826879 ], [ 72.783218802716647, 19.157718333486969 ], [ 72.781809828566338, 19.157929679609595 ], [ 72.7813871363212, 19.157929679609595 ], [ 72.782302969518923, 19.159479551174911 ], [ 72.783289251424151, 19.160113589542505 ], [ 72.783077905301468, 19.162227050768081 ], [ 72.780541751830981, 19.163847371040902 ], [ 72.780471303123477, 19.164551858115942 ], [ 72.780612200538428, 19.168637883151973 ], [ 72.781598482443826, 19.168567434444469 ], [ 72.782655213056557, 19.16772204995425 ], [ 72.783571046254281, 19.167581152539242 ], [ 72.784909571696915, 19.166313075803885 ], [ 72.786811686800036, 19.167088011586657 ], [ 72.787938866120214, 19.169201472812063 ], [ 72.789559186393035, 19.16990595988733 ], [ 72.790615917005766, 19.17046954954742 ], [ 72.789981878638173, 19.17117403662246 ], [ 72.790193224760799, 19.171737626282777 ], [ 72.790897711835896, 19.171948972405232 ], [ 72.791883993741067, 19.171596728867598 ], [ 72.792940724353798, 19.171526280160094 ], [ 72.793574762721562, 19.172230767235362 ], [ 72.794349698504107, 19.174978266828361 ], [ 72.794842839456749, 19.179486984109474 ], [ 72.795124634286879, 19.180825509552335 ], [ 72.795758672654472, 19.182657175947611 ], [ 72.795688223946968, 19.184981983295643 ], [ 72.79526553170183, 19.188504418671585 ], [ 72.795406429116838, 19.191533713094714 ], [ 72.796181364899553, 19.19364717432029 ], [ 72.796674505852195, 19.196535571328411 ], [ 72.796181364899553, 19.198649032553817 ], [ 72.797097198097276, 19.199635314459044 ], [ 72.798506172247642, 19.199423968336589 ], [ 72.799703800275324, 19.199212622213906 ], [ 72.802239953745982, 19.202805506297352 ], [ 72.802451299868494, 19.203862236910027 ], [ 72.80266264599112, 19.206468839088018 ], [ 72.804212517556437, 19.208934543851058 ], [ 72.806396427489346, 19.211188902491642 ], [ 72.807875850347159, 19.211400248614268 ], [ 72.808228093884793, 19.21189338956691 ], [ 72.80949617062015, 19.212879671472081 ], [ 72.81076424735528, 19.21435909432995 ], [ 72.810834696062955, 19.215134030112665 ], [ 72.810412003817873, 19.216190760725397 ], [ 72.810130208987687, 19.21710659392312 ], [ 72.810693798647833, 19.2202767857612 ], [ 72.812948157288361, 19.223517426306955 ], [ 72.815554759466409, 19.225278643994955 ], [ 72.817950015522115, 19.227251207805352 ], [ 72.82090886123774, 19.231125886718701 ], [ 72.822881425048195, 19.234084732434383 ], [ 72.822951873755642, 19.234930116924602 ], [ 72.823304117293276, 19.23633909107491 ], [ 72.82555847593369, 19.240847808355852 ], [ 72.826051616886446, 19.241622744138624 ], [ 72.826333411716405, 19.243383961826567 ], [ 72.827460591036584, 19.245004282099387 ], [ 72.828517321649485, 19.246413256249696 ], [ 72.830701231582395, 19.247117743324964 ], [ 72.834646359203418, 19.248244922645142 ], [ 72.837393858796418, 19.249512999380499 ], [ 72.838802832946726, 19.25113331965332 ], [ 72.840211807097091, 19.253528575708856 ], [ 72.837605204919043, 19.256839664962115 ], [ 72.835491743693467, 19.259375818432659 ], [ 72.835491743693467, 19.261559728365683 ], [ 72.836266679476239, 19.263391394761129 ], [ 72.837957448456677, 19.265927548231673 ], [ 72.840070909682083, 19.267618317212168 ], [ 72.84190257607753, 19.267688765919615 ], [ 72.844509178255521, 19.2669138301369 ], [ 72.846199947236016, 19.2669138301369 ], [ 72.847961164923959, 19.268815945239851 ], [ 72.849651933904283, 19.270013573267704 ], [ 72.854371997307851, 19.270224919390159 ], [ 72.856344561118306, 19.269943124560029 ], [ 72.860641932276735, 19.267336522381981 ] ] ] ] } }
]
}
