{
"type": "FeatureCollection",
"features": [
{ "type": "Feature", "properties": { "ID": 1, "GRIDCODE": 1 }, "geometry": { "type": "Polygon", "coordinates": [ [ [ 72.603085710970262, 23.438906317726492 ], [ 72.605716584067125, 23.438906317726492 ], [ 72.605005135006977, 23.436816840974441 ], [ 72.602374287689514, 23.436816840974441 ], [ 72.603085710970262, 23.438906317726492 ] ] ] } },
{ "type": "Feature", "properties": { "ID": 2, "GRIDCODE": 1 }, "geometry": { "type": "Polygon", "coordinates": [ [ [ 72.654991234038647, 23.436816840974441 ], [ 72.652360386721185, 23.436816840974441 ], [ 72.653072299810631, 23.438906317726492 ], [ 72.655703172907479, 23.438906317726492 ], [ 72.654991234038647, 23.436816840974441 ] ] ] } },
{ "type": "Feature", "properties": { "ID": 3, "GRIDCODE": 1 }, "geometry": { "type": "Polygon", "coordinates": [ [ [ 72.842495162784687, 23.438906317726492 ], [ 72.847756908978397, 23.438906317726492 ], [ 72.84704308821297, 23.436816840974441 ], [ 72.84178139357806, 23.436816840974441 ], [ 72.842495162784687, 23.438906317726492 ] ] ] } },
{ "type": "Feature", "properties": { "ID": 4, "GRIDCODE": 1 }, "geometry": { "type": "Polygon", "coordinates": [ [ [ 72.551677338077667, 23.43472737678152 ], [ 72.549046516536592, 23.43472737678152 ], [ 72.549757341340367, 23.436816840974441 ], [ 72.552388188657844, 23.436816840974441 ], [ 72.551677338077667, 23.43472737678152 ] ] ] } },
{ "type": "Feature", "properties": { "ID": 5, "GRIDCODE": 1 }, "geometry": { "type": "Polygon", "coordinates": [ [ [ 72.654991234038647, 23.436816840974441 ], [ 72.657622081356109, 23.436816840974441 ], [ 72.656910199719931, 23.43472737678152 ], [ 72.654279378178884, 23.43472737678152 ], [ 72.654991234038647, 23.436816840974441 ] ] ] } },
{ "type": "Feature", "properties": { "ID": 6, "GRIDCODE": 1 }, "geometry": { "type": "Polygon", "coordinates": [ [ [ 72.419426781999661, 23.432637925146334 ], [ 72.416795986232003, 23.432637925146334 ], [ 72.417505439483747, 23.43472737678152 ], [ 72.420136261024808, 23.43472737678152 ], [ 72.419426781999661, 23.432637925146334 ] ] ] } },
{ "type": "Feature", "properties": { "ID": 7, "GRIDCODE": 1 }, "geometry": { "type": "Polygon", "coordinates": [ [ [ 72.529920204241506, 23.432637925146334 ], [ 72.527289408473834, 23.432637925146334 ], [ 72.527999944208148, 23.43472737678152 ], [ 72.530630765749194, 23.43472737678152 ], [ 72.529920204241506, 23.432637925146334 ] ] ] } },
{ "type": "Feature", "properties": { "ID": 8, "GRIDCODE": 1 }, "geometry": { "type": "Polygon", "coordinates": [ [ [ 72.603582485736084, 23.432637925146334 ], [ 72.600951689968426, 23.432637925146334 ], [ 72.601662947357752, 23.43472737678152 ], [ 72.604293768898799, 23.43472737678152 ], [ 72.603582485736084, 23.432637925146334 ] ] ] } },
{ "type": "Feature", "properties": { "ID": 9, "GRIDCODE": 1 }, "geometry": { "type": "Polygon", "coordinates": [ [ [ 72.858769675199397, 23.432637925146334 ], [ 72.848246492128752, 23.432637925146334 ], [ 72.850387782075259, 23.438906317726492 ], [ 72.858280401365846, 23.438906317726492 ], [ 72.856852636840273, 23.43472737678152 ], [ 72.859483458381334, 23.43472737678152 ], [ 72.858769675199397, 23.432637925146334 ] ] ] } },
{ "type": "Feature", "properties": { "ID": 10, "GRIDCODE": 1 }, "geometry": { "type": "Polygon", "coordinates": [ [ [ 72.529920204241506, 23.432637925146334 ], [ 72.532551000009164, 23.432637925146334 ], [ 72.531840495585911, 23.430548486067512 ], [ 72.529209725588643, 23.430548486067512 ], [ 72.529920204241506, 23.432637925146334 ] ] ] } },
{ "type": "Feature", "properties": { "ID": 11, "GRIDCODE": 1 }, "geometry": { "type": "Polygon", "coordinates": [ [ [ 72.858769675199397, 23.432637925146334 ], [ 72.864031266734713, 23.432637925146334 ], [ 72.8633175152425, 23.430548486067512 ], [ 72.858055975247964, 23.430548486067512 ], [ 72.858769675199397, 23.432637925146334 ] ] ] } },
{ "type": "Feature", "properties": { "ID": 12, "GRIDCODE": 1 }, "geometry": { "type": "Polygon", "coordinates": [ [ [ 72.623206122060182, 23.428459059543655 ], [ 72.620575377830292, 23.428459059543655 ], [ 72.621286675493252, 23.430548486067512 ], [ 72.62391744549052, 23.430548486067512 ], [ 72.623206122060182, 23.428459059543655 ] ] ] } },
{ "type": "Feature", "properties": { "ID": 13, "GRIDCODE": 1 }, "geometry": { "type": "Polygon", "coordinates": [ [ [ 72.33574656883907, 23.426369645573367 ], [ 72.333115850373559, 23.426369645573367 ], [ 72.333824256772189, 23.428459059543655 ], [ 72.336455001002079, 23.428459059543655 ], [ 72.33574656883907, 23.426369645573367 ] ] ] } },
{ "type": "Feature", "properties": { "ID": 14, "GRIDCODE": 1 }, "geometry": { "type": "Polygon", "coordinates": [ [ [ 72.725092901734854, 23.426369645573367 ], [ 72.719831464803846, 23.426369645573367 ], [ 72.720543658566143, 23.428459059543655 ], [ 72.723174402796033, 23.428459059543655 ], [ 72.72388670538696, 23.430548486067512 ], [ 72.726517475384242, 23.430548486067512 ], [ 72.725092901734854, 23.426369645573367 ] ] ] } },
{ "type": "Feature", "properties": { "ID": 15, "GRIDCODE": 1 }, "geometry": { "type": "Polygon", "coordinates": [ [ [ 72.790860863372671, 23.426369645573367 ], [ 72.788230144907146, 23.426369645573367 ], [ 72.789655955318821, 23.430548486067512 ], [ 72.792286725316103, 23.430548486067512 ], [ 72.790860863372671, 23.426369645573367 ] ] ] } },
{ "type": "Feature", "properties": { "ID": 16, "GRIDCODE": 1 }, "geometry": { "type": "Polygon", "coordinates": [ [ [ 72.699280893486275, 23.420101478970079 ], [ 72.696650252295882, 23.420101478970079 ], [ 72.697361990870675, 23.422190855287969 ], [ 72.699992657816438, 23.422190855287969 ], [ 72.699280893486275, 23.420101478970079 ] ] ] } },
{ "type": "Feature", "properties": { "ID": 17, "GRIDCODE": 1 }, "geometry": { "type": "Polygon", "coordinates": [ [ [ 72.749263076103915, 23.420101478970079 ], [ 72.744001793723115, 23.420101478970079 ], [ 72.746138649458956, 23.426369645573367 ], [ 72.751400086389992, 23.426369645573367 ], [ 72.749263076103915, 23.420101478970079 ] ] ] } },
{ "type": "Feature", "properties": { "ID": 18, "GRIDCODE": 1 }, "geometry": { "type": "Polygon", "coordinates": [ [ [ 72.655768178843118, 23.415922763976994 ], [ 72.653137589154426, 23.415922763976994 ], [ 72.655271319738375, 23.422190855287969 ], [ 72.652640652792613, 23.422190855287969 ], [ 72.653352036492777, 23.424280244155263 ], [ 72.650721343788632, 23.424280244155263 ], [ 72.65000998584685, 23.422190855287969 ], [ 72.647379318901073, 23.422190855287969 ], [ 72.648802066235021, 23.426369645573367 ], [ 72.651432784700532, 23.426369645573367 ], [ 72.652144308588987, 23.428459059543655 ], [ 72.649513564359097, 23.428459059543655 ], [ 72.650225145463281, 23.430548486067512 ], [ 72.652855915460549, 23.430548486067512 ], [ 72.653567605321683, 23.432637925146334 ], [ 72.658829196856999, 23.432637925146334 ], [ 72.658117455455098, 23.430548486067512 ], [ 72.663378995449648, 23.430548486067512 ], [ 72.662667285508547, 23.428459059543655 ], [ 72.665298029738437, 23.428459059543655 ], [ 72.664586377028073, 23.426369645573367 ], [ 72.667217095493612, 23.426369645573367 ], [ 72.665793987521454, 23.422190855287969 ], [ 72.660532653629915, 23.422190855287969 ], [ 72.659821275630236, 23.420101478970079 ], [ 72.657190634439843, 23.420101478970079 ], [ 72.655768178843118, 23.415922763976994 ] ] ] } },
{ "type": "Feature", "properties": { "ID": 19, "GRIDCODE": 1 }, "geometry": { "type": "Polygon", "coordinates": [ [ [ 72.69259643448467, 23.415922763976994 ], [ 72.689965844795992, 23.415922763976994 ], [ 72.690677365856189, 23.41801211520022 ], [ 72.688046750418152, 23.41801211520022 ], [ 72.688758328724674, 23.420101478970079 ], [ 72.69401961110546, 23.420101478970079 ], [ 72.69259643448467, 23.415922763976994 ] ] ] } },
{ "type": "Feature", "properties": { "ID": 20, "GRIDCODE": 1 }, "geometry": { "type": "Polygon", "coordinates": [ [ [ 72.618229180285113, 23.413833425299018 ], [ 72.61559861634278, 23.413833425299018 ], [ 72.616309333512888, 23.415922763976994 ], [ 72.618939923201566, 23.415922763976994 ], [ 72.618229180285113, 23.413833425299018 ] ] ] } },
{ "type": "Feature", "properties": { "ID": 21, "GRIDCODE": 1 }, "geometry": { "type": "Polygon", "coordinates": [ [ [ 72.839196551440637, 23.413833425299018 ], [ 72.836565987498318, 23.413833425299018 ], [ 72.837278867362201, 23.415922763976994 ], [ 72.839909457050894, 23.415922763976994 ], [ 72.839196551440637, 23.413833425299018 ] ] ] } },
{ "type": "Feature", "properties": { "ID": 22, "GRIDCODE": 1 }, "geometry": { "type": "Polygon", "coordinates": [ [ [ 72.552965767626659, 23.407565484522713 ], [ 72.547704794184099, 23.407565484522713 ], [ 72.548414619235203, 23.40965478557326 ], [ 72.553675644152463, 23.40965478557326 ], [ 72.552965767626659, 23.407565484522713 ] ] ] } },
{ "type": "Feature", "properties": { "ID": 23, "GRIDCODE": 1 }, "geometry": { "type": "Polygon", "coordinates": [ [ [ 72.594343349704971, 23.405476196011861 ], [ 72.591712888718035, 23.405476196011861 ], [ 72.592423068445896, 23.407565484522713 ], [ 72.595053555167169, 23.407565484522713 ], [ 72.594343349704971, 23.405476196011861 ] ] ] } },
{ "type": "Feature", "properties": { "ID": 24, "GRIDCODE": 1 }, "geometry": { "type": "Polygon", "coordinates": [ [ [ 72.594343349704971, 23.405476196011861 ], [ 72.596973810691921, 23.405476196011861 ], [ 72.596263662353024, 23.403386920039313 ], [ 72.593633227097413, 23.403386920039313 ], [ 72.594343349704971, 23.405476196011861 ] ] ] } },
{ "type": "Feature", "properties": { "ID": 25, "GRIDCODE": 1 }, "geometry": { "type": "Polygon", "coordinates": [ [ [ 72.690959331554524, 23.403386920039313 ], [ 72.688328896298927, 23.403386920039313 ], [ 72.68903994523474, 23.405476196011861 ], [ 72.686409484247818, 23.405476196011861 ], [ 72.687831779542464, 23.40965478557326 ], [ 72.690462292001087, 23.40965478557326 ], [ 72.689751077133309, 23.407565484522713 ], [ 72.69238156385461, 23.407565484522713 ], [ 72.690959331554524, 23.403386920039313 ] ] ] } },
{ "type": "Feature", "properties": { "ID": 26, "GRIDCODE": 1 }, "geometry": { "type": "Polygon", "coordinates": [ [ [ 72.846155011634764, 23.403386920039313 ], [ 72.843524576379153, 23.403386920039313 ], [ 72.84494979368894, 23.407565484522713 ], [ 72.847580280410227, 23.407565484522713 ], [ 72.846155011634764, 23.403386920039313 ] ] ] } },
{ "type": "Feature", "properties": { "ID": 27, "GRIDCODE": 1 }, "geometry": { "type": "Polygon", "coordinates": [ [ [ 72.626408219845302, 23.399208405703622 ], [ 72.623777836043388, 23.399208405703622 ], [ 72.624488101665122, 23.401297656603695 ], [ 72.627118511192393, 23.401297656603695 ], [ 72.626408219845302, 23.399208405703622 ] ] ] } },
{ "type": "Feature", "properties": { "ID": 28, "GRIDCODE": 1 }, "geometry": { "type": "Polygon", "coordinates": [ [ [ 72.661812538810892, 23.395029941504539 ], [ 72.659182206450652, 23.395029941504539 ], [ 72.660603209270263, 23.399208405703622 ], [ 72.663233593072192, 23.399208405703622 ], [ 72.661812538810892, 23.395029941504539 ] ] ] } },
{ "type": "Feature", "properties": { "ID": 29, "GRIDCODE": 1 }, "geometry": { "type": "Polygon", "coordinates": [ [ [ 72.706528188935152, 23.395029941504539 ], [ 72.703897856574898, 23.395029941504539 ], [ 72.704608753760013, 23.397119167337696 ], [ 72.707239111839613, 23.397119167337696 ], [ 72.706528188935152, 23.395029941504539 ] ] ] } },
{ "type": "Feature", "properties": { "ID": 30, "GRIDCODE": 1 }, "geometry": { "type": "Polygon", "coordinates": [ [ [ 72.64532029617493, 23.392940728202749 ], [ 72.640059682887099, 23.392940728202749 ], [ 72.641480159849991, 23.397119167337696 ], [ 72.646740876009147, 23.397119167337696 ], [ 72.64532029617493, 23.392940728202749 ] ] ] } },
{ "type": "Feature", "properties": { "ID": 31, "GRIDCODE": 1 }, "geometry": { "type": "Polygon", "coordinates": [ [ [ 72.556186822262802, 23.378316585852389 ], [ 72.553556695549204, 23.378316585852389 ], [ 72.554974419315784, 23.382494849615973 ], [ 72.557604597423037, 23.382494849615973 ], [ 72.556186822262802, 23.378316585852389 ] ] ] } },
{ "type": "Feature", "properties": { "ID": 32, "GRIDCODE": 1 }, "geometry": { "type": "Polygon", "coordinates": [ [ [ 72.673832604748881, 23.376227472751715 ], [ 72.671202503727628, 23.376227472751715 ], [ 72.67191239766089, 23.378316585852389 ], [ 72.669282270947292, 23.378316585852389 ], [ 72.669992222054731, 23.380405711473347 ], [ 72.667362069645804, 23.380405711473347 ], [ 72.668072077927846, 23.382494849615973 ], [ 72.673332434142353, 23.382494849615973 ], [ 72.672622374463643, 23.380405711473347 ], [ 72.675252526872569, 23.380405711473347 ], [ 72.673832604748881, 23.376227472751715 ] ] ] } },
{ "type": "Feature", "properties": { "ID": 33, "GRIDCODE": 1 }, "geometry": { "type": "Polygon", "coordinates": [ [ [ 72.673832604748881, 23.376227472751715 ], [ 72.676462705770135, 23.376227472751715 ], [ 72.675043063734805, 23.372049284105699 ], [ 72.672413014089216, 23.372049284105699 ], [ 72.673832604748881, 23.376227472751715 ] ] ] } },
{ "type": "Feature", "properties": { "ID": 34, "GRIDCODE": 1 }, "geometry": { "type": "Polygon", "coordinates": [ [ [ 72.586833809820632, 23.367871145524198 ], [ 72.584203811538714, 23.367871145524198 ], [ 72.584912552287918, 23.369960208557575 ], [ 72.587542576250172, 23.369960208557575 ], [ 72.586833809820632, 23.367871145524198 ] ] ] } },
{ "type": "Feature", "properties": { "ID": 35, "GRIDCODE": 1 }, "geometry": { "type": "Polygon", "coordinates": [ [ [ 72.643275357652726, 23.36369305699613 ], [ 72.638015463792257, 23.36369305699613 ], [ 72.639433775458897, 23.367871145524198 ], [ 72.642063773740801, 23.367871145524198 ], [ 72.641354550831295, 23.365782095004178 ], [ 72.643984523435861, 23.365782095004178 ], [ 72.643275357652726, 23.36369305699613 ] ] ] } },
{ "type": "Feature", "properties": { "ID": 36, "GRIDCODE": 1 }, "geometry": { "type": "Polygon", "coordinates": [ [ [ 72.790552385745571, 23.36369305699613 ], [ 72.785292491885116, 23.36369305699613 ], [ 72.78600304408279, 23.365782095004178 ], [ 72.791262989291937, 23.365782095004178 ], [ 72.790552385745571, 23.36369305699613 ] ] ] } },
{ "type": "Feature", "properties": { "ID": 37, "GRIDCODE": 1 }, "geometry": { "type": "Polygon", "coordinates": [ [ [ 72.84315132435016, 23.36369305699613 ], [ 72.840521377419932, 23.36369305699613 ], [ 72.841232468778813, 23.365782095004178 ], [ 72.843862441383379, 23.365782095004178 ], [ 72.84315132435016, 23.36369305699613 ] ] ] } },
{ "type": "Feature", "properties": { "ID": 38, "GRIDCODE": 1 }, "geometry": { "type": "Polygon", "coordinates": [ [ [ 72.84315132435016, 23.36369305699613 ], [ 72.845781271280387, 23.36369305699613 ], [ 72.845070211600827, 23.361604031498679 ], [ 72.842440290341955, 23.361604031498679 ], [ 72.84315132435016, 23.36369305699613 ] ] ] } },
{ "type": "Feature", "properties": { "ID": 39, "GRIDCODE": 1 }, "geometry": { "type": "Polygon", "coordinates": [ [ [ 72.661981420774694, 23.349070141158712 ], [ 72.656721886187199, 23.349070141158712 ], [ 72.657430652099052, 23.351159091621724 ], [ 72.654800859151933, 23.351159091621724 ], [ 72.655509682186846, 23.353248054587027 ], [ 72.658139500790327, 23.353248054587027 ], [ 72.65884843226749, 23.355337030055985 ], [ 72.661478276530318, 23.355337030055985 ], [ 72.660769319393793, 23.353248054587027 ], [ 72.663399137997274, 23.353248054587027 ], [ 72.661981420774694, 23.349070141158712 ] ] ] } },
{ "type": "Feature", "properties": { "ID": 40, "GRIDCODE": 1 }, "geometry": { "type": "Polygon", "coordinates": [ [ [ 72.690908861005909, 23.349070141158712 ], [ 72.68827909371214, 23.349070141158712 ], [ 72.688988167464387, 23.351159091621724 ], [ 72.691617960411506, 23.351159091621724 ], [ 72.690908861005909, 23.349070141158712 ] ] ] } },
{ "type": "Feature", "properties": { "ID": 41, "GRIDCODE": 1 }, "geometry": { "type": "Polygon", "coordinates": [ [ [ 72.717206533943354, 23.349070141158712 ], [ 72.714576766649614, 23.349070141158712 ], [ 72.7152860969355, 23.351159091621724 ], [ 72.712656303988396, 23.351159091621724 ], [ 72.713365691463252, 23.353248054587027 ], [ 72.718625328670186, 23.353248054587027 ], [ 72.717206533943354, 23.349070141158712 ] ] ] } },
{ "type": "Feature", "properties": { "ID": 42, "GRIDCODE": 1 }, "geometry": { "type": "Polygon", "coordinates": [ [ [ 72.690908861005909, 23.349070141158712 ], [ 72.693538628299649, 23.349070141158712 ], [ 72.692829586055623, 23.346981203196588 ], [ 72.690199844412248, 23.346981203196588 ], [ 72.690908861005909, 23.349070141158712 ] ] ] } },
{ "type": "Feature", "properties": { "ID": 43, "GRIDCODE": 1 }, "geometry": { "type": "Polygon", "coordinates": [ [ [ 72.828155648270993, 23.342803364769484 ], [ 72.825525957919353, 23.342803364769484 ], [ 72.826946409867858, 23.346981203196588 ], [ 72.824316668224483, 23.346981203196588 ], [ 72.825026992986963, 23.349070141158712 ], [ 72.827656760280718, 23.349070141158712 ], [ 72.828367193661293, 23.351159091621724 ], [ 72.830996986608397, 23.351159091621724 ], [ 72.828155648270993, 23.342803364769484 ] ] ] } },
{ "type": "Feature", "properties": { "ID": 44, "GRIDCODE": 1 }, "geometry": { "type": "Polygon", "coordinates": [ [ [ 72.730147926802076, 23.34071446430173 ], [ 72.724888597381579, 23.34071446430173 ], [ 72.726306934568086, 23.344892277733972 ], [ 72.723677218572078, 23.344892277733972 ], [ 72.724386485776151, 23.346981203196588 ], [ 72.732275710706276, 23.346981203196588 ], [ 72.730147926802076, 23.34071446430173 ] ] ] } },
{ "type": "Feature", "properties": { "ID": 45, "GRIDCODE": 1 }, "geometry": { "type": "Polygon", "coordinates": [ [ [ 72.755025952744717, 23.336536700850903 ], [ 72.752396339308262, 23.336536700850903 ], [ 72.753814909194261, 23.34071446430173 ], [ 72.756444573904503, 23.34071446430173 ], [ 72.755025952744717, 23.336536700850903 ] ] ] } },
{ "type": "Feature", "properties": { "ID": 46, "GRIDCODE": 1 }, "geometry": { "type": "Polygon", "coordinates": [ [ [ 72.783951700545799, 23.336536700850903 ], [ 72.778692473672862, 23.336536700850903 ], [ 72.780111556296674, 23.34071446430173 ], [ 72.785370885717157, 23.34071446430173 ], [ 72.783951700545799, 23.336536700850903 ] ] ] } },
{ "type": "Feature", "properties": { "ID": 47, "GRIDCODE": 1 }, "geometry": { "type": "Polygon", "coordinates": [ [ [ 72.512394688470778, 23.334447837865063 ], [ 72.509765100666712, 23.334447837865063 ], [ 72.510471903153771, 23.336536700850903 ], [ 72.513101516590226, 23.336536700850903 ], [ 72.512394688470778, 23.334447837865063 ] ] ] } },
{ "type": "Feature", "properties": { "ID": 48, "GRIDCODE": 1 }, "geometry": { "type": "Polygon", "coordinates": [ [ [ 72.783951700545799, 23.336536700850903 ], [ 72.786581313982268, 23.336536700850903 ], [ 72.785871820093362, 23.334447837865063 ], [ 72.783242232289282, 23.334447837865063 ], [ 72.783951700545799, 23.336536700850903 ] ] ] } },
{ "type": "Feature", "properties": { "ID": 49, "GRIDCODE": 1 }, "geometry": { "type": "Polygon", "coordinates": [ [ [ 72.512394688470778, 23.334447837865063 ], [ 72.515024276274829, 23.334447837865063 ], [ 72.513610816481005, 23.3302701493656 ], [ 72.508351743384523, 23.3302701493656 ], [ 72.509058380745785, 23.332358987370423 ], [ 72.511687942920446, 23.332358987370423 ], [ 72.512394688470778, 23.334447837865063 ] ] ] } },
{ "type": "Feature", "properties": { "ID": 50, "GRIDCODE": 1 }, "geometry": { "type": "Polygon", "coordinates": [ [ [ 72.560942474349488, 23.3302701493656 ], [ 72.561649624238967, 23.332358987370423 ], [ 72.556390499889645, 23.332358987370423 ], [ 72.557804945010076, 23.336536700850903 ], [ 72.555175331573622, 23.336536700850903 ], [ 72.555882652434889, 23.338625576329328 ], [ 72.55851229150673, 23.338625576329328 ], [ 72.559219720636293, 23.34071446430173 ], [ 72.56184938534652, 23.34071446430173 ], [ 72.560434558446531, 23.336536700850903 ], [ 72.563064171882999, 23.336536700850903 ], [ 72.562356856747982, 23.334447837865063 ], [ 72.564986444552034, 23.334447837865063 ], [ 72.563572010897744, 23.3302701493656 ], [ 72.560942474349488, 23.3302701493656 ] ] ] } },
{ "type": "Feature", "properties": { "ID": 51, "GRIDCODE": 1 }, "geometry": { "type": "Polygon", "coordinates": [ [ [ 72.660864863182937, 23.3302701493656 ], [ 72.652976253538199, 23.3302701493656 ], [ 72.655100642159169, 23.336536700850903 ], [ 72.657730255595624, 23.336536700850903 ], [ 72.658438576237216, 23.338625576329328 ], [ 72.661068215309072, 23.338625576329328 ], [ 72.658943424701349, 23.332358987370423 ], [ 72.66157298687601, 23.332358987370423 ], [ 72.660864863182937, 23.3302701493656 ] ] ] } },
{ "type": "Feature", "properties": { "ID": 52, "GRIDCODE": 1 }, "geometry": { "type": "Polygon", "coordinates": [ [ [ 72.560942474349488, 23.3302701493656 ], [ 72.560235407073151, 23.328181323849211 ], [ 72.557605896148317, 23.328181323849211 ], [ 72.558312937801247, 23.3302701493656 ], [ 72.560942474349488, 23.3302701493656 ] ] ] } },
{ "type": "Feature", "properties": { "ID": 53, "GRIDCODE": 1 }, "geometry": { "type": "Polygon", "coordinates": [ [ [ 72.704858507938923, 23.328181323849211 ], [ 72.702228997014103, 23.328181323849211 ], [ 72.703645981670547, 23.332358987370423 ], [ 72.706275543845209, 23.332358987370423 ], [ 72.704858507938923, 23.328181323849211 ] ] ] } },
{ "type": "Feature", "properties": { "ID": 54, "GRIDCODE": 1 }, "geometry": { "type": "Polygon", "coordinates": [ [ [ 72.475384892662376, 23.326092510819876 ], [ 72.47275540735798, 23.326092510819876 ], [ 72.474167768257288, 23.3302701493656 ], [ 72.47679730480553, 23.3302701493656 ], [ 72.475384892662376, 23.326092510819876 ] ] ] } },
{ "type": "Feature", "properties": { "ID": 55, "GRIDCODE": 1 }, "geometry": { "type": "Polygon", "coordinates": [ [ [ 72.475384892662376, 23.326092510819876 ], [ 72.478014377966772, 23.326092510819876 ], [ 72.477308270037653, 23.324003710276202 ], [ 72.474678810350682, 23.324003710276202 ], [ 72.475384892662376, 23.326092510819876 ] ] ] } },
{ "type": "Feature", "properties": { "ID": 56, "GRIDCODE": 1 }, "geometry": { "type": "Polygon", "coordinates": [ [ [ 72.429272431303787, 23.321914922216813 ], [ 72.426642997231227, 23.321914922216813 ], [ 72.427348535985033, 23.324003710276202 ], [ 72.429977995672033, 23.324003710276202 ], [ 72.429272431303787, 23.321914922216813 ] ] ] } },
{ "type": "Feature", "properties": { "ID": 57, "GRIDCODE": 1 }, "geometry": { "type": "Polygon", "coordinates": [ [ [ 72.632953412389611, 23.31773738354536 ], [ 72.630324029536965, 23.31773738354536 ], [ 72.631738854889633, 23.321914922216813 ], [ 72.634368288962179, 23.321914922216813 ], [ 72.632953412389611, 23.31773738354536 ] ] ] } },
{ "type": "Feature", "properties": { "ID": 58, "GRIDCODE": 1 }, "geometry": { "type": "Polygon", "coordinates": [ [ [ 72.53495987995241, 23.315648632930515 ], [ 72.532330522705209, 23.315648632930515 ], [ 72.534449794205514, 23.321914922216813 ], [ 72.53707922827806, 23.321914922216813 ], [ 72.536372696281333, 23.319826146640324 ], [ 72.539002104742437, 23.319826146640324 ], [ 72.538295629694233, 23.31773738354536 ], [ 72.535666246841586, 23.31773738354536 ], [ 72.53495987995241, 23.315648632930515 ] ] ] } },
{ "type": "Feature", "properties": { "ID": 59, "GRIDCODE": 1 }, "geometry": { "type": "Polygon", "coordinates": [ [ [ 72.599986886725461, 23.31355989479442 ], [ 72.597357555080734, 23.31355989479442 ], [ 72.598064453884973, 23.315648632930515 ], [ 72.600693811132174, 23.315648632930515 ], [ 72.599986886725461, 23.31355989479442 ] ] ] } },
{ "type": "Feature", "properties": { "ID": 60, "GRIDCODE": 1 }, "geometry": { "type": "Polygon", "coordinates": [ [ [ 72.744600127185322, 23.31355989479442 ], [ 72.741970795540581, 23.31355989479442 ], [ 72.742679102480466, 23.315648632930515 ], [ 72.740049745233279, 23.315648632930515 ], [ 72.740758109348221, 23.31773738354536 ], [ 72.746016875053527, 23.31773738354536 ], [ 72.744600127185322, 23.31355989479442 ] ] ] } },
{ "type": "Feature", "properties": { "ID": 61, "GRIDCODE": 1 }, "geometry": { "type": "Polygon", "coordinates": [ [ [ 72.433633764080454, 23.3114711691357 ], [ 72.431004458035204, 23.3114711691357 ], [ 72.431709661463088, 23.31355989479442 ], [ 72.434338993107801, 23.31355989479442 ], [ 72.433633764080454, 23.3114711691357 ] ] ] } },
{ "type": "Feature", "properties": { "ID": 62, "GRIDCODE": 1 }, "geometry": { "type": "Polygon", "coordinates": [ [ [ 72.599986886725461, 23.31355989479442 ], [ 72.602616218370173, 23.31355989479442 ], [ 72.60190935097647, 23.3114711691357 ], [ 72.599280044931234, 23.3114711691357 ], [ 72.599986886725461, 23.31355989479442 ] ] ] } },
{ "type": "Feature", "properties": { "ID": 63, "GRIDCODE": 1 }, "geometry": { "type": "Polygon", "coordinates": [ [ [ 72.70445228674123, 23.3114711691357 ], [ 72.701822980695979, 23.3114711691357 ], [ 72.703238743772602, 23.315648632930515 ], [ 72.705868101019803, 23.315648632930515 ], [ 72.70445228674123, 23.3114711691357 ] ] ] } },
{ "type": "Feature", "properties": { "ID": 64, "GRIDCODE": 1 }, "geometry": { "type": "Polygon", "coordinates": [ [ [ 72.433633764080454, 23.3114711691357 ], [ 72.438892376170955, 23.3114711691357 ], [ 72.438187178368239, 23.309382455952953 ], [ 72.432928617470708, 23.309382455952953 ], [ 72.433633764080454, 23.3114711691357 ] ] ] } },
{ "type": "Feature", "properties": { "ID": 65, "GRIDCODE": 1 }, "geometry": { "type": "Polygon", "coordinates": [ [ [ 72.710924567931414, 23.30729375524481 ], [ 72.705666058220856, 23.30729375524481 ], [ 72.70708159278648, 23.3114711691357 ], [ 72.712340204876995, 23.3114711691357 ], [ 72.710924567931414, 23.30729375524481 ] ] ] } },
{ "type": "Feature", "properties": { "ID": 66, "GRIDCODE": 1 }, "geometry": { "type": "Polygon", "coordinates": [ [ [ 72.438701283114511, 23.303116391246789 ], [ 72.436072079437238, 23.303116391246789 ], [ 72.437482062982639, 23.30729375524481 ], [ 72.440111317837918, 23.30729375524481 ], [ 72.438701283114511, 23.303116391246789 ] ] ] } },
{ "type": "Feature", "properties": { "ID": 67, "GRIDCODE": 1 }, "geometry": { "type": "Polygon", "coordinates": [ [ [ 72.535981819173429, 23.303116391246789 ], [ 72.533352615496156, 23.303116391246789 ], [ 72.534058512804521, 23.305205067009883 ], [ 72.536687742069304, 23.305205067009883 ], [ 72.535981819173429, 23.303116391246789 ] ] ] } },
{ "type": "Feature", "properties": { "ID": 68, "GRIDCODE": 1 }, "geometry": { "type": "Polygon", "coordinates": [ [ [ 72.775239353804821, 23.303116391246789 ], [ 72.772610150127534, 23.303116391246789 ], [ 72.773318375899208, 23.305205067009883 ], [ 72.770689146634439, 23.305205067009883 ], [ 72.772105795361739, 23.309382455952953 ], [ 72.777364356259284, 23.309382455952953 ], [ 72.776655939313329, 23.30729375524481 ], [ 72.779285194168608, 23.30729375524481 ], [ 72.778576834428776, 23.305205067009883 ], [ 72.775947605164006, 23.305205067009883 ], [ 72.775239353804821, 23.303116391246789 ] ] ] } },
{ "type": "Feature", "properties": { "ID": 69, "GRIDCODE": 1 }, "geometry": { "type": "Polygon", "coordinates": [ [ [ 72.572084472087582, 23.301027727954146 ], [ 72.569455293994821, 23.301027727954146 ], [ 72.570161466977908, 23.303116391246789 ], [ 72.572790670655181, 23.303116391246789 ], [ 72.572084472087582, 23.301027727954146 ] ] ] } },
{ "type": "Feature", "properties": { "ID": 70, "GRIDCODE": 1 }, "geometry": { "type": "Polygon", "coordinates": [ [ [ 72.819227212806069, 23.301027727954146 ], [ 72.819935816318363, 23.303116391246789 ], [ 72.822565019995636, 23.303116391246789 ], [ 72.821856390898816, 23.301027727954146 ], [ 72.819227212806069, 23.301027727954146 ] ] ] } },
{ "type": "Feature", "properties": { "ID": 72, "GRIDCODE": 1 }, "geometry": { "type": "Polygon", "coordinates": [ [ [ 72.572084472087582, 23.301027727954146 ], [ 72.574713650180328, 23.301027727954146 ], [ 72.574007508578177, 23.298939077130566 ], [ 72.571378356066958, 23.298939077130566 ], [ 72.572084472087582, 23.301027727954146 ] ] ] } },
{ "type": "Feature", "properties": { "ID": 73, "GRIDCODE": 1 }, "geometry": { "type": "Polygon", "coordinates": [ [ [ 72.819227212806069, 23.301027727954146 ], [ 72.81851869212187, 23.298939077130566 ], [ 72.815889539610652, 23.298939077130566 ], [ 72.816598034713323, 23.301027727954146 ], [ 72.819227212806069, 23.301027727954146 ] ] ] } },
{ "type": "Feature", "properties": { "ID": 74, "GRIDCODE": 1 }, "geometry": { "type": "Polygon", "coordinates": [ [ [ 72.43658684901996, 23.296850438774676 ], [ 72.433957722087271, 23.296850438774676 ], [ 72.435367211264577, 23.301027727954146 ], [ 72.44062556745007, 23.301027727954146 ], [ 72.439920730505833, 23.298939077130566 ], [ 72.437291577994614, 23.298939077130566 ], [ 72.43658684901996, 23.296850438774676 ] ] ] } },
{ "type": "Feature", "properties": { "ID": 75, "GRIDCODE": 1 }, "geometry": { "type": "Polygon", "coordinates": [ [ [ 72.63569390556944, 23.294761812885092 ], [ 72.63306480421231, 23.294761812885092 ], [ 72.633771368971352, 23.296850438774676 ], [ 72.636400495904027, 23.296850438774676 ], [ 72.63569390556944, 23.294761812885092 ] ] ] } },
{ "type": "Feature", "properties": { "ID": 77, "GRIDCODE": 1 }, "geometry": { "type": "Polygon", "coordinates": [ [ [ 72.346492756284235, 23.294761812885092 ], [ 72.349121857641364, 23.294761812885092 ], [ 72.348418137317992, 23.29267319946042 ], [ 72.345789061533409, 23.29267319946042 ], [ 72.346492756284235, 23.294761812885092 ] ] ] } },
{ "type": "Feature", "properties": { "ID": 78, "GRIDCODE": 1 }, "geometry": { "type": "Polygon", "coordinates": [ [ [ 72.63569390556944, 23.294761812885092 ], [ 72.640952108283741, 23.294761812885092 ], [ 72.640245549406501, 23.29267319946042 ], [ 72.64287462519107, 23.29267319946042 ], [ 72.641461704100038, 23.288496010000319 ], [ 72.636203654803168, 23.288496010000319 ], [ 72.63691002291624, 23.290584598499294 ], [ 72.634280972701234, 23.290584598499294 ], [ 72.63569390556944, 23.294761812885092 ] ] ] } },
{ "type": "Feature", "properties": { "ID": 79, "GRIDCODE": 1 }, "geometry": { "type": "Polygon", "coordinates": [ [ [ 72.369968461706762, 23.286407433962118 ], [ 72.364710463537051, 23.286407433962118 ], [ 72.365414116014321, 23.288496010000319 ], [ 72.360156066717451, 23.288496010000319 ], [ 72.361563516240892, 23.29267319946042 ], [ 72.358934440456309, 23.29267319946042 ], [ 72.357527042069009, 23.288496010000319 ], [ 72.354898017420581, 23.288496010000319 ], [ 72.355601649909801, 23.290584598499294 ], [ 72.35297259969478, 23.290584598499294 ], [ 72.353676288887158, 23.29267319946042 ], [ 72.356305364671741, 23.29267319946042 ], [ 72.357009161712796, 23.294761812885092 ], [ 72.367525567141328, 23.294761812885092 ], [ 72.366821667810044, 23.29267319946042 ], [ 72.369450743594641, 23.29267319946042 ], [ 72.368043140662763, 23.288496010000319 ], [ 72.370672165311206, 23.288496010000319 ], [ 72.369968461706762, 23.286407433962118 ] ] ] } },
{ "type": "Feature", "properties": { "ID": 80, "GRIDCODE": 1 }, "geometry": { "type": "Polygon", "coordinates": [ [ [ 72.328274728669243, 23.303116391246789 ], [ 72.326867172523265, 23.298939077130566 ], [ 72.329496325034484, 23.298939077130566 ], [ 72.330903932346516, 23.303116391246789 ], [ 72.328274728669243, 23.303116391246789 ], [ 72.329682613916304, 23.30729375524481 ], [ 72.334941123626848, 23.30729375524481 ], [ 72.33423708868149, 23.305205067009883 ], [ 72.342124776475828, 23.305205067009883 ], [ 72.340716799925573, 23.301027727954146 ], [ 72.345975156111081, 23.301027727954146 ], [ 72.345271240101823, 23.298939077130566 ], [ 72.347900392613028, 23.298939077130566 ], [ 72.346492756284235, 23.294761812885092 ], [ 72.343863654927091, 23.294761812885092 ], [ 72.343159985748827, 23.29267319946042 ], [ 72.340530909964244, 23.29267319946042 ], [ 72.341234553569947, 23.294761812885092 ], [ 72.338605452212832, 23.294761812885092 ], [ 72.337901834179675, 23.29267319946042 ], [ 72.340530909964244, 23.29267319946042 ], [ 72.33771715808922, 23.284318870383313 ], [ 72.335088184564981, 23.284318870383313 ], [ 72.336494844881528, 23.288496010000319 ], [ 72.3338658202331, 23.288496010000319 ], [ 72.334569248189695, 23.290584598499294 ], [ 72.33194019797466, 23.290584598499294 ], [ 72.332643682610495, 23.29267319946042 ], [ 72.330014606825927, 23.29267319946042 ], [ 72.330718148141401, 23.294761812885092 ], [ 72.325459945427127, 23.294761812885092 ], [ 72.324756455256761, 23.29267319946042 ], [ 72.322127379472192, 23.29267319946042 ], [ 72.322830844069983, 23.294761812885092 ], [ 72.320201742712854, 23.294761812885092 ], [ 72.322312553276333, 23.301027727954146 ], [ 72.32494173136908, 23.301027727954146 ], [ 72.325645524991984, 23.303116391246789 ], [ 72.328274728669243, 23.303116391246789 ] ] ] } },
{ "type": "Feature", "properties": { "ID": 81, "GRIDCODE": 1 }, "geometry": { "type": "Polygon", "coordinates": [ [ [ 72.411328416768114, 23.284318870383313 ], [ 72.408699443243876, 23.284318870383313 ], [ 72.409403447979457, 23.286407433962118 ], [ 72.412032447064291, 23.286407433962118 ], [ 72.411328416768114, 23.284318870383313 ] ] ] } },
{ "type": "Feature", "properties": { "ID": 82, "GRIDCODE": 1 }, "geometry": { "type": "Polygon", "coordinates": [ [ [ 72.323869185892278, 23.28223031926251 ], [ 72.321240237925636, 23.28223031926251 ], [ 72.321943316943745, 23.284318870383313 ], [ 72.324572290467984, 23.284318870383313 ], [ 72.323869185892278, 23.28223031926251 ] ] ] } },
{ "type": "Feature", "properties": { "ID": 83, "GRIDCODE": 1 }, "geometry": { "type": "Polygon", "coordinates": [ [ [ 72.379077093191597, 23.28223031926251 ], [ 72.373819197258328, 23.28223031926251 ], [ 72.375226459876444, 23.286407433962118 ], [ 72.383113457130989, 23.286407433962118 ], [ 72.382409708001418, 23.284318870383313 ], [ 72.379780734477151, 23.284318870383313 ], [ 72.379077093191597, 23.28223031926251 ] ] ] } },
{ "type": "Feature", "properties": { "ID": 84, "GRIDCODE": 1 }, "geometry": { "type": "Polygon", "coordinates": [ [ [ 72.455316584224008, 23.28223031926251 ], [ 72.436913948457573, 23.28223031926251 ], [ 72.43832243791276, 23.286407433962118 ], [ 72.435693438827911, 23.286407433962118 ], [ 72.437102206575219, 23.290584598499294 ], [ 72.439731256790225, 23.290584598499294 ], [ 72.440435789778334, 23.29267319946042 ], [ 72.443064865562903, 23.29267319946042 ], [ 72.443769506498342, 23.294761812885092 ], [ 72.449027709212629, 23.294761812885092 ], [ 72.448323017132068, 23.29267319946042 ], [ 72.450952092916637, 23.29267319946042 ], [ 72.450247457650278, 23.290584598499294 ], [ 72.452876507865298, 23.290584598499294 ], [ 72.452171929412685, 23.288496010000319 ], [ 72.449542904764257, 23.288496010000319 ], [ 72.448838434252139, 23.286407433962118 ], [ 72.454096432421835, 23.286407433962118 ], [ 72.453391993156075, 23.284318870383313 ], [ 72.456020966680299, 23.284318870383313 ], [ 72.455316584224008, 23.28223031926251 ] ] ] } },
{ "type": "Feature", "properties": { "ID": 85, "GRIDCODE": 1 }, "geometry": { "type": "Polygon", "coordinates": [ [ [ 72.492121855756892, 23.28223031926251 ], [ 72.489492907790265, 23.28223031926251 ], [ 72.490902419609682, 23.286407433962118 ], [ 72.493531418694531, 23.286407433962118 ], [ 72.492121855756892, 23.28223031926251 ] ] ] } },
{ "type": "Feature", "properties": { "ID": 86, "GRIDCODE": 1 }, "geometry": { "type": "Polygon", "coordinates": [ [ [ 72.789192975986637, 23.28223031926251 ], [ 72.783935080053354, 23.28223031926251 ], [ 72.78464265721108, 23.284318870383313 ], [ 72.787271630735333, 23.284318870383313 ], [ 72.787979316197323, 23.286407433962118 ], [ 72.790608315282171, 23.286407433962118 ], [ 72.789192975986637, 23.28223031926251 ] ] ] } },
{ "type": "Feature", "properties": { "ID": 87, "GRIDCODE": 1 }, "geometry": { "type": "Polygon", "coordinates": [ [ [ 72.527517178486619, 23.278053254389416 ], [ 72.524888281626247, 23.278053254389416 ], [ 72.526298179323149, 23.28223031926251 ], [ 72.528927127289791, 23.28223031926251 ], [ 72.527517178486619, 23.278053254389416 ] ] ] } },
{ "type": "Feature", "properties": { "ID": 88, "GRIDCODE": 1 }, "geometry": { "type": "Polygon", "coordinates": [ [ [ 72.437430703141189, 23.275964740634354 ], [ 72.434801831829461, 23.275964740634354 ], [ 72.435505788373419, 23.278053254389416 ], [ 72.432876891513047, 23.278053254389416 ], [ 72.43358090483531, 23.280141780598345 ], [ 72.438838749659325, 23.280141780598345 ], [ 72.437430703141189, 23.275964740634354 ] ] ] } },
{ "type": "Feature", "properties": { "ID": 89, "GRIDCODE": 1 }, "geometry": { "type": "Polygon", "coordinates": [ [ [ 72.442688445764645, 23.275964740634354 ], [ 72.440059574452917, 23.275964740634354 ], [ 72.44146767207134, 23.280141780598345 ], [ 72.444096594483355, 23.280141780598345 ], [ 72.442688445764645, 23.275964740634354 ] ] ] } },
{ "type": "Feature", "properties": { "ID": 90, "GRIDCODE": 1 }, "geometry": { "type": "Polygon", "coordinates": [ [ [ 72.447946188388116, 23.275964740634354 ], [ 72.445317317076373, 23.275964740634354 ], [ 72.446021375814922, 23.278053254389416 ], [ 72.448650272675309, 23.278053254389416 ], [ 72.447946188388116, 23.275964740634354 ] ] ] } },
{ "type": "Feature", "properties": { "ID": 91, "GRIDCODE": 1 }, "geometry": { "type": "Polygon", "coordinates": [ [ [ 72.67928686382038, 23.275964740634354 ], [ 72.676657992508652, 23.275964740634354 ], [ 72.677364299528122, 23.278053254389416 ], [ 72.679993196388494, 23.278053254389416 ], [ 72.67928686382038, 23.275964740634354 ] ] ] } },
{ "type": "Feature", "properties": { "ID": 92, "GRIDCODE": 1 }, "geometry": { "type": "Polygon", "coordinates": [ [ [ 72.702946705625948, 23.275964740634354 ], [ 72.700317834314234, 23.275964740634354 ], [ 72.701024371271515, 23.278053254389416 ], [ 72.703653268131887, 23.278053254389416 ], [ 72.702946705625948, 23.275964740634354 ] ] ] } },
{ "type": "Feature", "properties": { "ID": 93, "GRIDCODE": 1 }, "geometry": { "type": "Polygon", "coordinates": [ [ [ 72.652292156192971, 23.27387623933177 ], [ 72.649663310426902, 23.27387623933177 ], [ 72.650369279391356, 23.275964740634354 ], [ 72.652998150703084, 23.275964740634354 ], [ 72.652292156192971, 23.27387623933177 ] ] ] } },
{ "type": "Feature", "properties": { "ID": 94, "GRIDCODE": 1 }, "geometry": { "type": "Polygon", "coordinates": [ [ [ 72.675245626258558, 23.271787750480293 ], [ 72.672616806035151, 23.271787750480293 ], [ 72.673322922321532, 23.27387623933177 ], [ 72.675951768087614, 23.27387623933177 ], [ 72.675245626258558, 23.271787750480293 ] ] ] } },
{ "type": "Feature", "properties": { "ID": 95, "GRIDCODE": 1 }, "geometry": { "type": "Polygon", "coordinates": [ [ [ 72.379411445884656, 23.267610810125117 ], [ 72.376782676737648, 23.267610810125117 ], [ 72.378188941014358, 23.271787750480293 ], [ 72.380817761237765, 23.271787750480293 ], [ 72.379411445884656, 23.267610810125117 ] ] ] } },
{ "type": "Feature", "properties": { "ID": 96, "GRIDCODE": 1 }, "geometry": { "type": "Polygon", "coordinates": [ [ [ 72.731666511585175, 23.267610810125117 ], [ 72.726408973291129, 23.267610810125117 ], [ 72.728528683409039, 23.27387623933177 ], [ 72.731157529175121, 23.27387623933177 ], [ 72.73045085094995, 23.271787750480293 ], [ 72.733079671173343, 23.271787750480293 ], [ 72.731666511585175, 23.267610810125117 ] ] ] } },
{ "type": "Feature", "properties": { "ID": 97, "GRIDCODE": 1 }, "geometry": { "type": "Polygon", "coordinates": [ [ [ 72.51277433584734, 23.265522358618643 ], [ 72.510145592234039, 23.265522358618643 ], [ 72.510849903235595, 23.267610810125117 ], [ 72.513478672382618, 23.267610810125117 ], [ 72.51277433584734, 23.265522358618643 ] ] ] } },
{ "type": "Feature", "properties": { "ID": 98, "GRIDCODE": 1 }, "geometry": { "type": "Polygon", "coordinates": [ [ [ 72.552205490046973, 23.265522358618643 ], [ 72.549576746433672, 23.265522358618643 ], [ 72.550281440440884, 23.267610810125117 ], [ 72.552910209587907, 23.267610810125117 ], [ 72.552205490046973, 23.265522358618643 ] ] ] } },
{ "type": "Feature", "properties": { "ID": 99, "GRIDCODE": 1 }, "geometry": { "type": "Polygon", "coordinates": [ [ [ 72.698003081316969, 23.261345492941057 ], [ 72.692745696207268, 23.261345492941057 ], [ 72.693451629394573, 23.263433919557752 ], [ 72.690822911311983, 23.263433919557752 ], [ 72.691528901552331, 23.265522358618643 ], [ 72.696786388778946, 23.265522358618643 ], [ 72.696080347477164, 23.263433919557752 ], [ 72.69870906555974, 23.263433919557752 ], [ 72.698003081316969, 23.261345492941057 ] ] ] } },
{ "type": "Feature", "properties": { "ID": 100, "GRIDCODE": 1 }, "geometry": { "type": "Polygon", "coordinates": [ [ [ 72.753205624968771, 23.261345492941057 ], [ 72.750576932413921, 23.261345492941057 ], [ 72.751283427211447, 23.263433919557752 ], [ 72.753912145294024, 23.263433919557752 ], [ 72.753205624968771, 23.261345492941057 ] ] ] } },
{ "type": "Feature", "properties": { "ID": 101, "GRIDCODE": 1 }, "geometry": { "type": "Polygon", "coordinates": [ [ [ 72.476489149129449, 23.259257078767178 ], [ 72.47386048209934, 23.259257078767178 ], [ 72.47456421415491, 23.261345492941057 ], [ 72.477192906709774, 23.261345492941057 ], [ 72.476489149129449, 23.259257078767178 ] ] ] } },
{ "type": "Feature", "properties": { "ID": 102, "GRIDCODE": 1 }, "geometry": { "type": "Polygon", "coordinates": [ [ [ 72.753205624968771, 23.261345492941057 ], [ 72.755834317523622, 23.261345492941057 ], [ 72.755127854319667, 23.259257078767178 ], [ 72.752499187289573, 23.259257078767178 ], [ 72.753205624968771, 23.261345492941057 ] ] ] } },
{ "type": "Feature", "properties": { "ID": 103, "GRIDCODE": 1 }, "geometry": { "type": "Polygon", "coordinates": [ [ [ 72.344353398458651, 23.257168677034731 ], [ 72.339096115442004, 23.257168677034731 ], [ 72.339798463564435, 23.259257078767178 ], [ 72.345055797624624, 23.259257078767178 ], [ 72.344353398458651, 23.257168677034731 ] ] ] } },
{ "type": "Feature", "properties": { "ID": 104, "GRIDCODE": 1 }, "geometry": { "type": "Polygon", "coordinates": [ [ [ 72.509957813483538, 23.257168677034731 ], [ 72.507329171975201, 23.257168677034731 ], [ 72.508033153490601, 23.259257078767178 ], [ 72.51066182052071, 23.259257078767178 ], [ 72.509957813483538, 23.257168677034731 ] ] ] } },
{ "type": "Feature", "properties": { "ID": 105, "GRIDCODE": 1 }, "geometry": { "type": "Polygon", "coordinates": [ [ [ 72.854309851074916, 23.257168677034731 ], [ 72.849052568058269, 23.257168677034731 ], [ 72.850467249498138, 23.261345492941057 ], [ 72.855724634607824, 23.261345492941057 ], [ 72.854309851074916, 23.257168677034731 ] ] ] } },
{ "type": "Feature", "properties": { "ID": 106, "GRIDCODE": 1 }, "geometry": { "type": "Polygon", "coordinates": [ [ [ 72.477710496930257, 23.255080287742324 ], [ 72.475081880940706, 23.255080287742324 ], [ 72.47578547387522, 23.257168677034731 ], [ 72.478414115383558, 23.257168677034731 ], [ 72.477710496930257, 23.255080287742324 ] ] ] } },
{ "type": "Feature", "properties": { "ID": 107, "GRIDCODE": 1 }, "geometry": { "type": "Polygon", "coordinates": [ [ [ 72.611769912397392, 23.255080287742324 ], [ 72.606512680418291, 23.255080287742324 ], [ 72.608627534452154, 23.261345492941057 ], [ 72.605998841897303, 23.261345492941057 ], [ 72.606703932669262, 23.263433919557752 ], [ 72.611961368834457, 23.263433919557752 ], [ 72.611256227007004, 23.261345492941057 ], [ 72.613884919561855, 23.261345492941057 ], [ 72.611769912397392, 23.255080287742324 ] ] ] } },
{ "type": "Feature", "properties": { "ID": 108, "GRIDCODE": 1 }, "geometry": { "type": "Polygon", "coordinates": [ [ [ 72.694474398724907, 23.250903546472159 ], [ 72.691845833763963, 23.250903546472159 ], [ 72.693257008073502, 23.255080287742324 ], [ 72.695885624063052, 23.255080287742324 ], [ 72.694474398724907, 23.250903546472159 ] ] ] } },
{ "type": "Feature", "properties": { "ID": 109, "GRIDCODE": 1 }, "geometry": { "type": "Polygon", "coordinates": [ [ [ 72.707617223529653, 23.250903546472159 ], [ 72.704988658568695, 23.250903546472159 ], [ 72.705694332010182, 23.252991910888596 ], [ 72.70306574153642, 23.252991910888596 ], [ 72.703771472031704, 23.255080287742324 ], [ 72.709028704010805, 23.255080287742324 ], [ 72.707617223529653, 23.250903546472159 ] ] ] } },
{ "type": "Feature", "properties": { "ID": 112, "GRIDCODE": 1 }, "geometry": { "type": "Polygon", "coordinates": [ [ [ 72.517656766660551, 23.248815194491627 ], [ 72.518360546341341, 23.250903546472159 ], [ 72.523617676263243, 23.250903546472159 ], [ 72.522210097213247, 23.246726854945631 ], [ 72.519581583268945, 23.246726854945631 ], [ 72.520285306111688, 23.248815194491627 ], [ 72.517656766660551, 23.248815194491627 ] ] ] } },
{ "type": "Feature", "properties": { "ID": 115, "GRIDCODE": 1 }, "geometry": { "type": "Polygon", "coordinates": [ [ [ 72.532020384969812, 23.244638527832777 ], [ 72.526763408088939, 23.244638527832777 ], [ 72.528170924465073, 23.248815194491627 ], [ 72.530799463916182, 23.248815194491627 ], [ 72.530095639046095, 23.246726854945631 ], [ 72.532724152990383, 23.246726854945631 ], [ 72.532020384969812, 23.244638527832777 ] ] ] } },
{ "type": "Feature", "properties": { "ID": 119, "GRIDCODE": 1 }, "geometry": { "type": "Polygon", "coordinates": [ [ [ 72.730374341539488, 23.240461910900986 ], [ 72.727745904097802, 23.240461910900986 ], [ 72.729157018002141, 23.244638527832777 ], [ 72.731785506442563, 23.244638527832777 ], [ 72.730374341539488, 23.240461910900986 ] ] ] } },
{ "type": "Feature", "properties": { "ID": 120, "GRIDCODE": 1 }, "geometry": { "type": "Polygon", "coordinates": [ [ [ 72.748773403631191, 23.240461910900986 ], [ 72.746144966189519, 23.240461910900986 ], [ 72.747556437085137, 23.244638527832777 ], [ 72.750184925525573, 23.244638527832777 ], [ 72.748773403631191, 23.240461910900986 ] ] ] } },
{ "type": "Feature", "properties": { "ID": 124, "GRIDCODE": 1 }, "geometry": { "type": "Polygon", "coordinates": [ [ [ 72.537091295688015, 23.236285343685243 ], [ 72.534462909233156, 23.236285343685243 ], [ 72.535166398876001, 23.238373621079305 ], [ 72.53779481082276, 23.238373621079305 ], [ 72.537091295688015, 23.236285343685243 ] ] ] } },
{ "type": "Feature", "properties": { "ID": 128, "GRIDCODE": 1 }, "geometry": { "type": "Polygon", "coordinates": [ [ [ 72.844415631425591, 23.227932358357666 ], [ 72.841787346908603, 23.227932358357666 ], [ 72.842493513906732, 23.230020586055023 ], [ 72.845121823903725, 23.230020586055023 ], [ 72.844415631425591, 23.227932358357666 ] ] ] } },
{ "type": "Feature", "properties": { "ID": 130, "GRIDCODE": 1 }, "geometry": { "type": "Polygon", "coordinates": [ [ [ 72.733322641927046, 23.225844143081041 ], [ 72.730694382887023, 23.225844143081041 ], [ 72.731399397194252, 23.227932358357666 ], [ 72.734027681711254, 23.227932358357666 ], [ 72.733322641927046, 23.225844143081041 ] ] ] } },
{ "type": "Feature", "properties": { "ID": 135, "GRIDCODE": 1 }, "geometry": { "type": "Polygon", "coordinates": [ [ [ 72.624156278043785, 23.221667749784466 ], [ 72.621528069948837, 23.221667749784466 ], [ 72.622231874899668, 23.223755940223775 ], [ 72.619603641333697, 23.223755940223775 ], [ 72.620307503206888, 23.225844143081041 ], [ 72.617679244166879, 23.225844143081041 ], [ 72.619087164162153, 23.230020586055023 ], [ 72.624343784156139, 23.230020586055023 ], [ 72.625047918730971, 23.232108826174478 ], [ 72.627676254210925, 23.232108826174478 ], [ 72.624156278043785, 23.221667749784466 ] ] ] } },
{ "type": "Feature", "properties": { "ID": 139, "GRIDCODE": 1 }, "geometry": { "type": "Polygon", "coordinates": [ [ [ 72.694413460940751, 23.219579571761756 ], [ 72.689157095686994, 23.219579571761756 ], [ 72.689861480417306, 23.221667749784466 ], [ 72.692489688512254, 23.221667749784466 ], [ 72.69319418118117, 23.223755940223775 ], [ 72.695822414747141, 23.223755940223775 ], [ 72.694413460940751, 23.219579571761756 ] ] ] } },
{ "type": "Feature", "properties": { "ID": 141, "GRIDCODE": 1 }, "geometry": { "type": "Polygon", "coordinates": [ [ [ 72.506589597996481, 23.223755940223775 ], [ 72.507995213248549, 23.227932358357666 ], [ 72.505366928731547, 23.227932358357666 ], [ 72.508179044684624, 23.236285343685243 ], [ 72.50555065822978, 23.236285343685243 ], [ 72.50625386746151, 23.238373621079305 ], [ 72.503625455514722, 23.238373621079305 ], [ 72.504328721555495, 23.240461910900986 ], [ 72.501700284113838, 23.240461910900986 ], [ 72.500997043567949, 23.238373621079305 ], [ 72.503625455514722, 23.238373621079305 ], [ 72.502922271774921, 23.236285343685243 ], [ 72.50555065822978, 23.236285343685243 ], [ 72.502738644214531, 23.227932358357666 ], [ 72.505366928731547, 23.227932358357666 ], [ 72.503961364430509, 23.223755940223775 ], [ 72.506589597996481, 23.223755940223775 ], [ 72.50588691377142, 23.221667749784466 ], [ 72.500630497581554, 23.221667749784466 ], [ 72.501333130864523, 23.223755940223775 ], [ 72.498704897298538, 23.223755940223775 ], [ 72.499407587366704, 23.225844143081041 ], [ 72.494151069286701, 23.225844143081041 ], [ 72.494853790663512, 23.227932358357666 ], [ 72.492225506146497, 23.227932358357666 ], [ 72.493631144732731, 23.232108826174478 ], [ 72.491002809252777, 23.232108826174478 ], [ 72.491705726466009, 23.234197078717425 ], [ 72.486449004534165, 23.234197078717425 ], [ 72.48715195304581, 23.236285343685243 ], [ 72.484523566590966, 23.236285343685243 ], [ 72.485929659463778, 23.240461910900986 ], [ 72.483301222022092, 23.240461910900986 ], [ 72.486114293247056, 23.248815194491627 ], [ 72.483485753795932, 23.248815194491627 ], [ 72.484892732214533, 23.252991910888596 ], [ 72.487521322688309, 23.252991910888596 ], [ 72.488224960888459, 23.255080287742324 ], [ 72.490853576878024, 23.255080287742324 ], [ 72.491557322925217, 23.257168677034731 ], [ 72.499443247450202, 23.257168677034731 ], [ 72.498739424846676, 23.255080287742324 ], [ 72.511882504794443, 23.255080287742324 ], [ 72.511178636952124, 23.252991910888596 ], [ 72.513807227425872, 23.252991910888596 ], [ 72.513103416419455, 23.250903546472159 ], [ 72.515731981380398, 23.250903546472159 ], [ 72.515028227209442, 23.248815194491627 ], [ 72.517656766660551, 23.248815194491627 ], [ 72.516953069324657, 23.246726854945631 ], [ 72.514324555380384, 23.246726854945631 ], [ 72.513620965886787, 23.244638527832777 ], [ 72.516249454327223, 23.244638527832777 ], [ 72.514842471322197, 23.240461910900986 ], [ 72.517470908763855, 23.240461910900986 ], [ 72.516767515248574, 23.238373621079305 ], [ 72.514139103301801, 23.238373621079305 ], [ 72.513435817594328, 23.236285343685243 ], [ 72.516064204049172, 23.236285343685243 ], [ 72.514657828572439, 23.232108826174478 ], [ 72.512029493092484, 23.232108826174478 ], [ 72.512732614193339, 23.234197078717425 ], [ 72.510104253227425, 23.234197078717425 ], [ 72.509401157612515, 23.232108826174478 ], [ 72.512029493092484, 23.232108826174478 ], [ 72.510623497765565, 23.227932358357666 ], [ 72.513251782282566, 23.227932358357666 ], [ 72.512548882566719, 23.225844143081041 ], [ 72.520433659686731, 23.225844143081041 ], [ 72.519027954246127, 23.221667749784466 ], [ 72.521656162341088, 23.221667749784466 ], [ 72.519548144821968, 23.215403252960574 ], [ 72.514291881422551, 23.215403252960574 ], [ 72.51499442073866, 23.217491406154252 ], [ 72.512366263576865, 23.217491406154252 ], [ 72.513068859685859, 23.219579571761756 ], [ 72.507812494432088, 23.219579571761756 ], [ 72.509217831562452, 23.223755940223775 ], [ 72.506589597996481, 23.223755940223775 ] ], [ [ 72.497850035244213, 23.244638527832777 ], [ 72.498553471714658, 23.246726854945631 ], [ 72.495924957770384, 23.246726854945631 ], [ 72.495221546803776, 23.244638527832777 ], [ 72.497850035244213, 23.244638527832777 ] ], [ [ 72.503107012125071, 23.244638527832777 ], [ 72.503810499603247, 23.246726854945631 ], [ 72.50118198565896, 23.246726854945631 ], [ 72.500478523684635, 23.244638527832777 ], [ 72.503107012125071, 23.244638527832777 ] ] ] } },
{ "type": "Feature", "properties": { "ID": 143, "GRIDCODE": 1 }, "geometry": { "type": "Polygon", "coordinates": [ [ [ 72.813898895189453, 23.215403252960574 ], [ 72.808642631790022, 23.215403252960574 ], [ 72.810053496523579, 23.219579571761756 ], [ 72.815309861777365, 23.219579571761756 ], [ 72.813898895189453, 23.215403252960574 ] ] ] } },
{ "type": "Feature", "properties": { "ID": 144, "GRIDCODE": 1 }, "geometry": { "type": "Polygon", "coordinates": [ [ [ 72.527250725897147, 23.207050764296618 ], [ 72.521994666134873, 23.207050764296618 ], [ 72.524101849320417, 23.213315112179355 ], [ 72.526729955561024, 23.213315112179355 ], [ 72.526027453461069, 23.211226983809212 ], [ 72.528655534245516, 23.211226983809212 ], [ 72.527250725897147, 23.207050764296618 ] ] ] } },
{ "type": "Feature", "properties": { "ID": 145, "GRIDCODE": 1 }, "geometry": { "type": "Polygon", "coordinates": [ [ [ 72.590323443044383, 23.207050764296618 ], [ 72.587695413163246, 23.207050764296618 ], [ 72.58839836156622, 23.209138867848761 ], [ 72.59102641689752, 23.209138867848761 ], [ 72.590323443044383, 23.207050764296618 ] ] ] } },
{ "type": "Feature", "properties": { "ID": 146, "GRIDCODE": 1 }, "geometry": { "type": "Polygon", "coordinates": [ [ [ 72.818962042703092, 23.207050764296618 ], [ 72.816334012821955, 23.207050764296618 ], [ 72.817039175389993, 23.209138867848761 ], [ 72.814411120058679, 23.209138867848761 ], [ 72.815821642026464, 23.213315112179355 ], [ 72.821077854507649, 23.213315112179355 ], [ 72.818962042703092, 23.207050764296618 ] ] ] } },
{ "type": "Feature", "properties": { "ID": 147, "GRIDCODE": 1 }, "geometry": { "type": "Polygon", "coordinates": [ [ [ 72.676344697826778, 23.204962673151424 ], [ 72.673716693392819, 23.204962673151424 ], [ 72.674420399240688, 23.207050764296618 ], [ 72.677048429121825, 23.207050764296618 ], [ 72.676344697826778, 23.204962673151424 ] ] ] } },
{ "type": "Feature", "properties": { "ID": 148, "GRIDCODE": 1 }, "geometry": { "type": "Polygon", "coordinates": [ [ [ 72.527772083736906, 23.200786528076318 ], [ 72.522516176639925, 23.200786528076318 ], [ 72.523218267534915, 23.202874594411782 ], [ 72.528474225514387, 23.202874594411782 ], [ 72.527772083736906, 23.200786528076318 ] ] ] } },
{ "type": "Feature", "properties": { "ID": 149, "GRIDCODE": 1 }, "geometry": { "type": "Polygon", "coordinates": [ [ [ 72.628708895268701, 23.219579571761756 ], [ 72.628005178696313, 23.217491406154252 ], [ 72.633261493019916, 23.217491406154252 ], [ 72.633965260522473, 23.219579571761756 ], [ 72.628708895268701, 23.219579571761756 ], [ 72.629412694233665, 23.221667749784466 ], [ 72.626784486138718, 23.221667749784466 ], [ 72.628192280326886, 23.225844143081041 ], [ 72.633448798406903, 23.225844143081041 ], [ 72.634152870064952, 23.227932358357666 ], [ 72.636781154581954, 23.227932358357666 ], [ 72.635373042729583, 23.223755940223775 ], [ 72.638001276295554, 23.223755940223775 ], [ 72.639409439098955, 23.227932358357666 ], [ 72.636781154581954, 23.227932358357666 ], [ 72.637485334141118, 23.230020586055023 ], [ 72.634857024144111, 23.230020586055023 ], [ 72.635561260650832, 23.232108826174478 ], [ 72.632932925170863, 23.232108826174478 ], [ 72.63152458554795, 23.227932358357666 ], [ 72.62889630103092, 23.227932358357666 ], [ 72.631008857659609, 23.234197078717425 ], [ 72.633637218625537, 23.234197078717425 ], [ 72.636455216881657, 23.242550213151688 ], [ 72.631198291002519, 23.242550213151688 ], [ 72.629084821607847, 23.236285343685243 ], [ 72.623828048698144, 23.236285343685243 ], [ 72.624532405066219, 23.238373621079305 ], [ 72.627160817012992, 23.238373621079305 ], [ 72.627865281314186, 23.240461910900986 ], [ 72.625236843872514, 23.240461910900986 ], [ 72.62594136512341, 23.242550213151688 ], [ 72.623312902183855, 23.242550213151688 ], [ 72.62472214104038, 23.246726854945631 ], [ 72.627350654984667, 23.246726854945631 ], [ 72.63017022432426, 23.255080287742324 ], [ 72.638056072292912, 23.255080287742324 ], [ 72.637350979692485, 23.252991910888596 ], [ 72.642608160639995, 23.252991910888596 ], [ 72.644723839055629, 23.259257078767178 ], [ 72.647352506085724, 23.259257078767178 ], [ 72.646647171916754, 23.257168677034731 ], [ 72.649275813425078, 23.257168677034731 ], [ 72.650686615329718, 23.261345492941057 ], [ 72.655944000439419, 23.261345492941057 ], [ 72.655238507176009, 23.259257078767178 ], [ 72.657867174206089, 23.259257078767178 ], [ 72.657161737950076, 23.257168677034731 ], [ 72.662419020966738, 23.257168677034731 ], [ 72.663124508266293, 23.259257078767178 ], [ 72.665753175296388, 23.259257078767178 ], [ 72.664342232188432, 23.255080287742324 ], [ 72.666970848177982, 23.255080287742324 ], [ 72.668381842326482, 23.259257078767178 ], [ 72.671010509356577, 23.259257078767178 ], [ 72.671716155768493, 23.261345492941057 ], [ 72.66120138554912, 23.261345492941057 ], [ 72.66190701240356, 23.263433919557752 ], [ 72.667164448568727, 23.263433919557752 ], [ 72.667870209032543, 23.265522358618643 ], [ 72.665241465419243, 23.265522358618643 ], [ 72.666653182963927, 23.269699274078537 ], [ 72.67716836169879, 23.269699274078537 ], [ 72.678580613853683, 23.27387623933177 ], [ 72.681209459619765, 23.27387623933177 ], [ 72.681915735132122, 23.275964740634354 ], [ 72.684544606443851, 23.275964740634354 ], [ 72.685250990109239, 23.278053254389416 ], [ 72.682622093248867, 23.278053254389416 ], [ 72.683328533976436, 23.280141780598345 ], [ 72.685957456388451, 23.280141780598345 ], [ 72.686664005287881, 23.28223031926251 ], [ 72.689292953254508, 23.28223031926251 ], [ 72.688586378800466, 23.280141780598345 ], [ 72.691215301212466, 23.280141780598345 ], [ 72.690508783829998, 23.278053254389416 ], [ 72.69313768069037, 23.278053254389416 ], [ 72.691018547598944, 23.271787750480293 ], [ 72.688389727375551, 23.271787750480293 ], [ 72.686977436085854, 23.267610810125117 ], [ 72.681719897791822, 23.267610810125117 ], [ 72.679602233433044, 23.261345492941057 ], [ 72.684859618542731, 23.261345492941057 ], [ 72.681331573920161, 23.250903546472159 ], [ 72.683960138881119, 23.250903546472159 ], [ 72.68325475208141, 23.248815194491627 ], [ 72.685883291532548, 23.248815194491627 ], [ 72.685177961758939, 23.246726854945631 ], [ 72.693063503591802, 23.246726854945631 ], [ 72.694474398724907, 23.250903546472159 ], [ 72.69710296368585, 23.250903546472159 ], [ 72.697808560588911, 23.252991910888596 ], [ 72.700437151062658, 23.252991910888596 ], [ 72.699731528646794, 23.250903546472159 ], [ 72.702360093607737, 23.250903546472159 ], [ 72.701654528239288, 23.248815194491627 ], [ 72.704283067690412, 23.248815194491627 ], [ 72.703577559368938, 23.246726854945631 ], [ 72.70620607331324, 23.246726854945631 ], [ 72.705500622038258, 23.244638527832777 ], [ 72.700243645157386, 23.244638527832777 ], [ 72.6995383274311, 23.242550213151688 ], [ 72.696909864491545, 23.242550213151688 ], [ 72.694089520841615, 23.234197078717425 ], [ 72.691461159875715, 23.234197078717425 ], [ 72.693576217356039, 23.240461910900986 ], [ 72.690947779914367, 23.240461910900986 ], [ 72.691652938612421, 23.242550213151688 ], [ 72.689024475672866, 23.242550213151688 ], [ 72.689729691395669, 23.244638527832777 ], [ 72.687101202955233, 23.244638527832777 ], [ 72.685690905031009, 23.240461910900986 ], [ 72.688319342472695, 23.240461910900986 ], [ 72.687614291788748, 23.238373621079305 ], [ 72.682357467895187, 23.238373621079305 ], [ 72.683767549793743, 23.242550213151688 ], [ 72.67588216097505, 23.242550213151688 ], [ 72.675177155264322, 23.240461910900986 ], [ 72.669920280380978, 23.240461910900986 ], [ 72.669215408161335, 23.238373621079305 ], [ 72.677100644001655, 23.238373621079305 ], [ 72.676395777795193, 23.236285343685243 ], [ 72.673767391340348, 23.236285343685243 ], [ 72.673062633114299, 23.234197078717425 ], [ 72.675690994080199, 23.234197078717425 ], [ 72.674281674099035, 23.230020586055023 ], [ 72.676909984096028, 23.230020586055023 ], [ 72.679024164250052, 23.236285343685243 ], [ 72.681652550704896, 23.236285343685243 ], [ 72.68024296381023, 23.232108826174478 ], [ 72.685499634770167, 23.232108826174478 ], [ 72.684794914087036, 23.230020586055023 ], [ 72.679538294093035, 23.230020586055023 ], [ 72.678129202086964, 23.225844143081041 ], [ 72.675500943046956, 23.225844143081041 ], [ 72.674796546219284, 23.223755940223775 ], [ 72.672168312653312, 23.223755940223775 ], [ 72.671464023752719, 23.221667749784466 ], [ 72.674092231847652, 23.221667749784466 ], [ 72.674796546219284, 23.223755940223775 ], [ 72.677424779785284, 23.223755940223775 ], [ 72.676016182552573, 23.219579571761756 ], [ 72.673387999925694, 23.219579571761756 ], [ 72.672683850447001, 23.217491406154252 ], [ 72.675312007608795, 23.217491406154252 ], [ 72.674607915104829, 23.215403252960574 ], [ 72.669351651705426, 23.215403252960574 ], [ 72.670055693285178, 23.217491406154252 ], [ 72.664799378961575, 23.217491406154252 ], [ 72.665503452045044, 23.219579571761756 ], [ 72.66287526941818, 23.219579571761756 ], [ 72.662171221799781, 23.217491406154252 ], [ 72.659543064637958, 23.217491406154252 ], [ 72.658839124906578, 23.215403252960574 ], [ 72.664095388305995, 23.215403252960574 ], [ 72.661983910842849, 23.209138867848761 ], [ 72.659355855511535, 23.209138867848761 ], [ 72.658652219953893, 23.207050764296618 ], [ 72.656024190072728, 23.207050764296618 ], [ 72.656727800180221, 23.209138867848761 ], [ 72.654099744848921, 23.209138867848761 ], [ 72.652692657921293, 23.204962673151424 ], [ 72.650064653487362, 23.204962673151424 ], [ 72.649361259041896, 23.202874594411782 ], [ 72.641477322072703, 23.202874594411782 ], [ 72.64077408632221, 23.200786528076318 ], [ 72.638146132773699, 23.200786528076318 ], [ 72.638849343082967, 23.202874594411782 ], [ 72.620453490154873, 23.202874594411782 ], [ 72.622563080873235, 23.209138867848761 ], [ 72.625191136204549, 23.209138867848761 ], [ 72.625894523270574, 23.211226983809212 ], [ 72.623266442486113, 23.211226983809212 ], [ 72.62396988646303, 23.213315112179355 ], [ 72.626597992703623, 23.213315112179355 ], [ 72.627301544510075, 23.215403252960574 ], [ 72.624673412810353, 23.215403252960574 ], [ 72.626080712641809, 23.219579571761756 ], [ 72.628708895268701, 23.219579571761756 ] ], [ [ 72.640302876746858, 23.238373621079305 ], [ 72.64100746852256, 23.240461910900986 ], [ 72.638379031080888, 23.240461910900986 ], [ 72.637674464800085, 23.238373621079305 ], [ 72.640302876746858, 23.238373621079305 ] ], [ [ 72.662226436472423, 23.248815194491627 ], [ 72.662931619193529, 23.250903546472159 ], [ 72.660303054232571, 23.250903546472159 ], [ 72.659597897021314, 23.248815194491627 ], [ 72.662226436472423, 23.248815194491627 ] ], [ [ 72.670112054825793, 23.248815194491627 ], [ 72.670817314076359, 23.250903546472159 ], [ 72.665560184154472, 23.250903546472159 ], [ 72.664854975923546, 23.248815194491627 ], [ 72.670112054825793, 23.248815194491627 ] ], [ [ 72.639788411027482, 23.244638527832777 ], [ 72.639083679821226, 23.242550213151688 ], [ 72.641712142760767, 23.242550213151688 ], [ 72.642416899467904, 23.244638527832777 ], [ 72.639788411027482, 23.244638527832777 ], [ 72.641198120863436, 23.248815194491627 ], [ 72.638569581412298, 23.248815194491627 ], [ 72.637864710761804, 23.246726854945631 ], [ 72.635236196817502, 23.246726854945631 ], [ 72.634531434146623, 23.244638527832777 ], [ 72.639788411027482, 23.244638527832777 ] ], [ [ 72.697615156716964, 23.244638527832777 ], [ 72.698320531480377, 23.246726854945631 ], [ 72.695692017536089, 23.246726854945631 ], [ 72.694986668276528, 23.244638527832777 ], [ 72.697615156716964, 23.244638527832777 ] ], [ [ 72.647294292649988, 23.227932358357666 ], [ 72.647998574129076, 23.230020586055023 ], [ 72.645370264132097, 23.230020586055023 ], [ 72.647483526791817, 23.236285343685243 ], [ 72.644855140336972, 23.236285343685243 ], [ 72.64415066248921, 23.234197078717425 ], [ 72.641522301523281, 23.234197078717425 ], [ 72.640113644138111, 23.230020586055023 ], [ 72.642741954135104, 23.230020586055023 ], [ 72.642037723615971, 23.227932358357666 ], [ 72.647294292649988, 23.227932358357666 ] ], [ [ 72.651846611686935, 23.225844143081041 ], [ 72.651142444125469, 23.223755940223775 ], [ 72.653770677691455, 23.223755940223775 ], [ 72.654474870726929, 23.225844143081041 ], [ 72.651846611686935, 23.225844143081041 ], [ 72.652550861684006, 23.227932358357666 ], [ 72.649922577167004, 23.227932358357666 ], [ 72.649218352646926, 23.225844143081041 ], [ 72.651846611686935, 23.225844143081041 ] ], [ [ 72.645885976993497, 23.223755940223775 ], [ 72.646590093606918, 23.225844143081041 ], [ 72.643961834566909, 23.225844143081041 ], [ 72.643257743427526, 23.223755940223775 ], [ 72.645885976993497, 23.223755940223775 ] ], [ [ 72.644477991029987, 23.219579571761756 ], [ 72.643774121667121, 23.217491406154252 ], [ 72.646402278828944, 23.217491406154252 ], [ 72.645698466408035, 23.215403252960574 ], [ 72.648326598107744, 23.215403252960574 ], [ 72.649734356283744, 23.219579571761756 ], [ 72.644477991029987, 23.219579571761756 ], [ 72.645181942803305, 23.221667749784466 ], [ 72.642553734708358, 23.221667749784466 ], [ 72.641849808403109, 23.219579571761756 ], [ 72.644477991029987, 23.219579571761756 ] ], [ [ 72.654990721537516, 23.219579571761756 ], [ 72.655694775183079, 23.221667749784466 ], [ 72.653066567088132, 23.221667749784466 ], [ 72.652362538910637, 23.219579571761756 ], [ 72.654990721537516, 23.219579571761756 ] ] ] } },
{ "type": "Feature", "properties": { "ID": 150, "GRIDCODE": 1 }, "geometry": { "type": "Polygon", "coordinates": [ [ [ 72.772171763746968, 23.200786528076318 ], [ 72.769543810198456, 23.200786528076318 ], [ 72.770248292569406, 23.202874594411782 ], [ 72.772876271559127, 23.202874594411782 ], [ 72.772171763746968, 23.200786528076318 ] ] ] } },
{ "type": "Feature", "properties": { "ID": 151, "GRIDCODE": 1 }, "geometry": { "type": "Polygon", "coordinates": [ [ [ 72.718908776234869, 23.198698474143661 ], [ 72.716280848124626, 23.198698474143661 ], [ 72.716984739228565, 23.200786528076318 ], [ 72.719612692777062, 23.200786528076318 ], [ 72.718908776234869, 23.198698474143661 ] ] ] } },
{ "type": "Feature", "properties": { "ID": 152, "GRIDCODE": 1 }, "geometry": { "type": "Polygon", "coordinates": [ [ [ 72.631484153857699, 23.19661043261242 ], [ 72.628856251182725, 23.19661043261242 ], [ 72.629559220486669, 23.198698474143661 ], [ 72.632187148596913, 23.198698474143661 ], [ 72.631484153857699, 23.19661043261242 ] ] ] } },
{ "type": "Feature", "properties": { "ID": 153, "GRIDCODE": 1 }, "geometry": { "type": "Polygon", "coordinates": [ [ [ 72.641292750423432, 23.194522403481233 ], [ 72.638664873180758, 23.194522403481233 ], [ 72.639367861882604, 23.19661043261242 ], [ 72.641995764557578, 23.19661043261242 ], [ 72.641292750423432, 23.194522403481233 ] ] ] } },
{ "type": "Feature", "properties": { "ID": 154, "GRIDCODE": 1 }, "geometry": { "type": "Polygon", "coordinates": [ [ [ 72.659687891122132, 23.194522403481233 ], [ 72.654432136636785, 23.194522403481233 ], [ 72.656541807613181, 23.200786528076318 ], [ 72.659169761161678, 23.200786528076318 ], [ 72.658466429699317, 23.198698474143661 ], [ 72.66109435780956, 23.198698474143661 ], [ 72.659687891122132, 23.194522403481233 ] ] ] } },
{ "type": "Feature", "properties": { "ID": 155, "GRIDCODE": 1 }, "geometry": { "type": "Polygon", "coordinates": [ [ [ 72.616756913714667, 23.184082443777697 ], [ 72.614129163588785, 23.184082443777697 ], [ 72.615533993361169, 23.188258390474136 ], [ 72.618161794324834, 23.188258390474136 ], [ 72.616756913714667, 23.184082443777697 ] ] ] } },
{ "type": "Feature", "properties": { "ID": 156, "GRIDCODE": 1 }, "geometry": { "type": "Polygon", "coordinates": [ [ [ 72.616756913714667, 23.184082443777697 ], [ 72.619384663840535, 23.184082443777697 ], [ 72.618682321550281, 23.181994489017832 ], [ 72.616054596838836, 23.181994489017832 ], [ 72.616756913714667, 23.184082443777697 ] ] ] } },
{ "type": "Feature", "properties": { "ID": 157, "GRIDCODE": 1 }, "geometry": { "type": "Polygon", "coordinates": [ [ [ 72.663353641644761, 23.181994489017832 ], [ 72.66072591693333, 23.181994489017832 ], [ 72.662131497110181, 23.186170410929339 ], [ 72.664759272653441, 23.186170410929339 ], [ 72.663353641644761, 23.181994489017832 ] ] ] } },
{ "type": "Feature", "properties": { "ID": 158, "GRIDCODE": 1 }, "geometry": { "type": "Polygon", "coordinates": [ [ [ 72.624278416595303, 23.16737915255279 ], [ 72.621650869701497, 23.16737915255279 ], [ 72.623054637233309, 23.171554901046932 ], [ 72.625682234917264, 23.171554901046932 ], [ 72.624278416595303, 23.16737915255279 ] ] ] } },
{ "type": "Feature", "properties": { "ID": 159, "GRIDCODE": 1 }, "geometry": { "type": "Polygon", "coordinates": [ [ [ 72.684711995152853, 23.16737915255279 ], [ 72.682084448259047, 23.16737915255279 ], [ 72.682786874951844, 23.169467020608788 ], [ 72.685414447239239, 23.169467020608788 ], [ 72.684711995152853, 23.16737915255279 ] ] ] } },
{ "type": "Feature", "properties": { "ID": 160, "GRIDCODE": 1 }, "geometry": { "type": "Polygon", "coordinates": [ [ [ 72.446832687523241, 23.16320345358168 ], [ 72.441577695292125, 23.16320345358168 ], [ 72.442277647089256, 23.165291296877545 ], [ 72.447532690095656, 23.165291296877545 ], [ 72.446832687523241, 23.16320345358168 ] ] ] } },
{ "type": "Feature", "properties": { "ID": 161, "GRIDCODE": 1 }, "geometry": { "type": "Polygon", "coordinates": [ [ [ 72.549305036029764, 23.16320345358168 ], [ 72.546677539914228, 23.16320345358168 ], [ 72.547378507216919, 23.165291296877545 ], [ 72.550006028720119, 23.165291296877545 ], [ 72.549305036029764, 23.16320345358168 ] ] ] } },
{ "type": "Feature", "properties": { "ID": 162, "GRIDCODE": 1 }, "geometry": { "type": "Polygon", "coordinates": [ [ [ 72.612364942803026, 23.16320345358168 ], [ 72.609737446687475, 23.16320345358168 ], [ 72.611842423192158, 23.169467020608788 ], [ 72.614469995479553, 23.169467020608788 ], [ 72.613768229020096, 23.16737915255279 ], [ 72.616395775913901, 23.16737915255279 ], [ 72.615694066299895, 23.165291296877545 ], [ 72.613066544796709, 23.165291296877545 ], [ 72.612364942803026, 23.16320345358168 ] ] ] } },
{ "type": "Feature", "properties": { "ID": 163, "GRIDCODE": 1 }, "geometry": { "type": "Polygon", "coordinates": [ [ [ 72.549305036029764, 23.16320345358168 ], [ 72.551932532145315, 23.16320345358168 ], [ 72.551231596222252, 23.161115622663825 ], [ 72.548604125491366, 23.161115622663825 ], [ 72.549305036029764, 23.16320345358168 ] ] ] } },
{ "type": "Feature", "properties": { "ID": 164, "GRIDCODE": 1 }, "geometry": { "type": "Polygon", "coordinates": [ [ [ 72.582761244992909, 23.161115622663825 ], [ 72.580133774262023, 23.161115622663825 ], [ 72.580834989416388, 23.16320345358168 ], [ 72.578207493300852, 23.16320345358168 ], [ 72.579610119400613, 23.16737915255279 ], [ 72.587492760082029, 23.16737915255279 ], [ 72.586791329764793, 23.165291296877545 ], [ 72.584163808261593, 23.165291296877545 ], [ 72.582761244992909, 23.161115622663825 ] ] ] } },
{ "type": "Feature", "properties": { "ID": 165, "GRIDCODE": 1 }, "geometry": { "type": "Polygon", "coordinates": [ [ [ 72.588016186454681, 23.161115622663825 ], [ 72.585388715723795, 23.161115622663825 ], [ 72.586089981647504, 23.16320345358168 ], [ 72.588717477763041, 23.16320345358168 ], [ 72.588016186454681, 23.161115622663825 ] ] ] } },
{ "type": "Feature", "properties": { "ID": 166, "GRIDCODE": 1 }, "geometry": { "type": "Polygon", "coordinates": [ [ [ 72.612364942803026, 23.16320345358168 ], [ 72.614992438918577, 23.16320345358168 ], [ 72.614290893763567, 23.161115622663825 ], [ 72.611663423032681, 23.161115622663825 ], [ 72.612364942803026, 23.16320345358168 ] ] ] } },
{ "type": "Feature", "properties": { "ID": 167, "GRIDCODE": 1 }, "geometry": { "type": "Polygon", "coordinates": [ [ [ 72.821861081503741, 23.161115622663825 ], [ 72.816606140041969, 23.161115622663825 ], [ 72.817309639816088, 23.16320345358168 ], [ 72.814682143700537, 23.16320345358168 ], [ 72.815385700542436, 23.165291296877545 ], [ 72.812758179039236, 23.165291296877545 ], [ 72.81346179294934, 23.16737915255279 ], [ 72.816089339843131, 23.16737915255279 ], [ 72.816793061609047, 23.169467020608788 ], [ 72.814165489321653, 23.169467020608788 ], [ 72.81557312947848, 23.173642793868577 ], [ 72.828711244895999, 23.173642793868577 ], [ 72.826599527418352, 23.16737915255279 ], [ 72.829227074312172, 23.16737915255279 ], [ 72.828523308058394, 23.165291296877545 ], [ 72.825895786555193, 23.165291296877545 ], [ 72.82519212816274, 23.16320345358168 ], [ 72.82256463204719, 23.16320345358168 ], [ 72.821861081503741, 23.161115622663825 ] ] ] } },
{ "type": "Feature", "properties": { "ID": 168, "GRIDCODE": 1 }, "geometry": { "type": "Polygon", "coordinates": [ [ [ 72.588016186454681, 23.161115622663825 ], [ 72.590643657185566, 23.161115622663825 ], [ 72.589942422685695, 23.159027804122591 ], [ 72.58731497733649, 23.159027804122591 ], [ 72.588016186454681, 23.161115622663825 ] ] ] } },
{ "type": "Feature", "properties": { "ID": 169, "GRIDCODE": 1 }, "geometry": { "type": "Polygon", "coordinates": [ [ [ 72.580658016455828, 23.154852204164492 ], [ 72.578030621861075, 23.154852204164492 ], [ 72.578731590490719, 23.156939997956595 ], [ 72.581359010461199, 23.156939997956595 ], [ 72.580658016455828, 23.154852204164492 ] ] ] } },
{ "type": "Feature", "properties": { "ID": 170, "GRIDCODE": 1 }, "geometry": { "type": "Polygon", "coordinates": [ [ [ 72.439307647680508, 23.148588897017628 ], [ 72.436680329195127, 23.148588897017628 ], [ 72.438079166628626, 23.152764422744873 ], [ 72.440706535850637, 23.152764422744873 ], [ 72.439307647680508, 23.148588897017628 ] ] ] } },
{ "type": "Feature", "properties": { "ID": 171, "GRIDCODE": 1 }, "geometry": { "type": "Polygon", "coordinates": [ [ [ 72.586437482861427, 23.148588897017628 ], [ 72.583810164376061, 23.148588897017628 ], [ 72.585211843059582, 23.152764422744873 ], [ 72.587839212281565, 23.152764422744873 ], [ 72.586437482861427, 23.148588897017628 ] ] ] } },
{ "type": "Feature", "properties": { "ID": 172, "GRIDCODE": 1 }, "geometry": { "type": "Polygon", "coordinates": [ [ [ 72.612710667715149, 23.148588897017628 ], [ 72.607456030744416, 23.148588897017628 ], [ 72.608858166057431, 23.152764422744873 ], [ 72.611485535279414, 23.152764422744873 ], [ 72.610784401160515, 23.150676653696376 ], [ 72.613411745012712, 23.150676653696376 ], [ 72.612710667715149, 23.148588897017628 ] ] ] } },
{ "type": "Feature", "properties": { "ID": 173, "GRIDCODE": 1 }, "geometry": { "type": "Polygon", "coordinates": [ [ [ 72.641611171054265, 23.148588897017628 ], [ 72.638983852568899, 23.148588897017628 ], [ 72.6403865967212, 23.152764422744873 ], [ 72.643013965943183, 23.152764422744873 ], [ 72.641611171054265, 23.148588897017628 ] ] ] } },
{ "type": "Feature", "properties": { "ID": 174, "GRIDCODE": 1 }, "geometry": { "type": "Polygon", "coordinates": [ [ [ 72.681020948334861, 23.148588897017628 ], [ 72.678393629849495, 23.148588897017628 ], [ 72.679095341317478, 23.150676653696376 ], [ 72.68172268516966, 23.150676653696376 ], [ 72.681020948334861, 23.148588897017628 ] ] ] } },
{ "type": "Feature", "properties": { "ID": 175, "GRIDCODE": 1 }, "geometry": { "type": "Polygon", "coordinates": [ [ [ 72.439307647680508, 23.148588897017628 ], [ 72.441934966165903, 23.148588897017628 ], [ 72.44403349752902, 23.154852204164492 ], [ 72.441406102934266, 23.154852204164492 ], [ 72.442105752025469, 23.156939997956595 ], [ 72.44998801193691, 23.156939997956595 ], [ 72.449288286718499, 23.154852204164492 ], [ 72.451915681313238, 23.154852204164492 ], [ 72.451216012738541, 23.152764422744873 ], [ 72.448588643516558, 23.152764422744873 ], [ 72.447889082324721, 23.150676653696376 ], [ 72.450516426176904, 23.150676653696376 ], [ 72.449816921622002, 23.148588897017628 ], [ 72.444562284651269, 23.148588897017628 ], [ 72.443862912824443, 23.146501152707241 ], [ 72.438608326581388, 23.146501152707241 ], [ 72.439307647680508, 23.148588897017628 ] ] ] } },
{ "type": "Feature", "properties": { "ID": 176, "GRIDCODE": 1 }, "geometry": { "type": "Polygon", "coordinates": [ [ [ 72.54895463768564, 23.146501152707241 ], [ 72.546327344564119, 23.146501152707241 ], [ 72.547728148707961, 23.150676653696376 ], [ 72.545100804855764, 23.150676653696376 ], [ 72.545801304729878, 23.152764422744873 ], [ 72.548428673951847, 23.152764422744873 ], [ 72.549129281318855, 23.154852204164492 ], [ 72.554384070508348, 23.154852204164492 ], [ 72.552282342551578, 23.148588897017628 ], [ 72.549655024066197, 23.148588897017628 ], [ 72.54895463768564, 23.146501152707241 ] ] ] } },
{ "type": "Feature", "properties": { "ID": 177, "GRIDCODE": 1 }, "geometry": { "type": "Polygon", "coordinates": [ [ [ 72.681020948334861, 23.148588897017628 ], [ 72.683648266820228, 23.148588897017628 ], [ 72.682946586883673, 23.146501152707241 ], [ 72.680319293762139, 23.146501152707241 ], [ 72.681020948334861, 23.148588897017628 ] ] ] } },
{ "type": "Feature", "properties": { "ID": 178, "GRIDCODE": 1 }, "geometry": { "type": "Polygon", "coordinates": [ [ [ 72.686797958585814, 23.142325701186067 ], [ 72.684170716183033, 23.142325701186067 ], [ 72.685573880005208, 23.146501152707241 ], [ 72.688201173126743, 23.146501152707241 ], [ 72.686797958585814, 23.142325701186067 ] ] ] } },
{ "type": "Feature", "properties": { "ID": 179, "GRIDCODE": 1 }, "geometry": { "type": "Polygon", "coordinates": [ [ [ 72.445091657531563, 23.142325701186067 ], [ 72.444392506295145, 23.14023799397253 ], [ 72.4417652892473, 23.14023799397253 ], [ 72.442464415128796, 23.142325701186067 ], [ 72.445091657531563, 23.142325701186067 ] ] ] } },
{ "type": "Feature", "properties": { "ID": 180, "GRIDCODE": 1 }, "geometry": { "type": "Polygon", "coordinates": [ [ [ 72.64931543602664, 23.14023799397253 ], [ 72.646688218978809, 23.14023799397253 ], [ 72.648791776303781, 23.146501152707241 ], [ 72.651419069425316, 23.146501152707241 ], [ 72.64931543602664, 23.14023799397253 ] ] ] } },
{ "type": "Feature", "properties": { "ID": 181, "GRIDCODE": 1 }, "geometry": { "type": "Polygon", "coordinates": [ [ [ 72.445091657531563, 23.142325701186067 ], [ 72.446490205945977, 23.146501152707241 ], [ 72.454372085310567, 23.146501152707241 ], [ 72.452973384739863, 23.142325701186067 ], [ 72.45560062714263, 23.142325701186067 ], [ 72.454901374486511, 23.14023799397253 ], [ 72.460155808582186, 23.14023799397253 ], [ 72.458757447813596, 23.136062616632664 ], [ 72.461384614160494, 23.136062616632664 ], [ 72.460685531399193, 23.133974946503585 ], [ 72.450176967395578, 23.133974946503585 ], [ 72.452274157438666, 23.14023799397253 ], [ 72.447019723342976, 23.14023799397253 ], [ 72.44771889993433, 23.142325701186067 ], [ 72.445091657531563, 23.142325701186067 ] ] ] } },
{ "type": "Feature", "properties": { "ID": 182, "GRIDCODE": 1 }, "geometry": { "type": "Polygon", "coordinates": [ [ [ 72.555262607431743, 23.133974946503585 ], [ 72.552635466430843, 23.133974946503585 ], [ 72.553335436302362, 23.136062616632664 ], [ 72.555962602649274, 23.136062616632664 ], [ 72.555262607431743, 23.133974946503585 ] ] ] } },
{ "type": "Feature", "properties": { "ID": 183, "GRIDCODE": 1 }, "geometry": { "type": "Polygon", "coordinates": [ [ [ 72.584161158441688, 23.133974946503585 ], [ 72.578906876439873, 23.133974946503585 ], [ 72.579607099771451, 23.136062616632664 ], [ 72.584861432465289, 23.136062616632664 ], [ 72.584161158441688, 23.133974946503585 ] ] ] } },
{ "type": "Feature", "properties": { "ID": 184, "GRIDCODE": 1 }, "geometry": { "type": "Polygon", "coordinates": [ [ [ 72.589415440443489, 23.133974946503585 ], [ 72.586788299442588, 23.133974946503585 ], [ 72.5874885988122, 23.136062616632664 ], [ 72.590115765159098, 23.136062616632664 ], [ 72.589415440443489, 23.133974946503585 ] ] ] } },
{ "type": "Feature", "properties": { "ID": 185, "GRIDCODE": 1 }, "geometry": { "type": "Polygon", "coordinates": [ [ [ 72.612359238768192, 23.131887288733243 ], [ 72.609732123110334, 23.131887288733243 ], [ 72.611133095934377, 23.136062616632664 ], [ 72.613760262281289, 23.136062616632664 ], [ 72.612359238768192, 23.131887288733243 ] ] ] } },
{ "type": "Feature", "properties": { "ID": 186, "GRIDCODE": 1 }, "geometry": { "type": "Polygon", "coordinates": [ [ [ 72.595896308317805, 23.129799643320261 ], [ 72.593269218, 23.129799643320261 ], [ 72.59396942916311, 23.131887288733243 ], [ 72.596596544820983, 23.131887288733243 ], [ 72.595896308317805, 23.129799643320261 ] ] ] } },
{ "type": "Feature", "properties": { "ID": 187, "GRIDCODE": 1 }, "geometry": { "type": "Polygon", "coordinates": [ [ [ 72.807286293026664, 23.125624389560873 ], [ 72.804659253380052, 23.125624389560873 ], [ 72.806063533742417, 23.129799643320261 ], [ 72.808690624060219, 23.129799643320261 ], [ 72.807286293026664, 23.125624389560873 ] ] ] } },
{ "type": "Feature", "properties": { "ID": 188, "GRIDCODE": 1 }, "geometry": { "type": "Polygon", "coordinates": [ [ [ 72.601677134423525, 23.123536781211723 ], [ 72.599050120108089, 23.123536781211723 ], [ 72.599750160945476, 23.125624389560873 ], [ 72.602377200592059, 23.125624389560873 ], [ 72.601677134423525, 23.123536781211723 ] ] ] } },
{ "type": "Feature", "properties": { "ID": 189, "GRIDCODE": 1 }, "geometry": { "type": "Polygon", "coordinates": [ [ [ 72.617439220316214, 23.123536781211723 ], [ 72.614812206000778, 23.123536781211723 ], [ 72.615512398825061, 23.125624389560873 ], [ 72.618139438471644, 23.125624389560873 ], [ 72.617439220316214, 23.123536781211723 ] ] ] } },
{ "type": "Feature", "properties": { "ID": 191, "GRIDCODE": 1 }, "geometry": { "type": "Polygon", "coordinates": [ [ [ 72.622693248947115, 23.123536781211723 ], [ 72.621993062258767, 23.121449185214423 ], [ 72.619366073271493, 23.121449185214423 ], [ 72.620066234631679, 23.123536781211723 ], [ 72.622693248947115, 23.123536781211723 ] ] ] } },
{ "type": "Feature", "properties": { "ID": 192, "GRIDCODE": 1 }, "geometry": { "type": "Polygon", "coordinates": [ [ [ 72.622693248947115, 23.123536781211723 ], [ 72.623393517764839, 23.125624389560873 ], [ 72.628647597058034, 23.125624389560873 ], [ 72.6272470402333, 23.121449185214423 ], [ 72.624620051246026, 23.121449185214423 ], [ 72.625320263262566, 23.123536781211723 ], [ 72.622693248947115, 23.123536781211723 ] ] ] } },
{ "type": "Feature", "properties": { "ID": 193, "GRIDCODE": 1 }, "geometry": { "type": "Polygon", "coordinates": [ [ [ 72.566126720790038, 23.119361601567611 ], [ 72.566826293526063, 23.121449185214423 ], [ 72.569453282513322, 23.121449185214423 ], [ 72.568753684452105, 23.119361601567611 ], [ 72.566126720790038, 23.119361601567611 ] ] ] } },
{ "type": "Feature", "properties": { "ID": 194, "GRIDCODE": 1 }, "geometry": { "type": "Polygon", "coordinates": [ [ [ 72.610785103045131, 23.119361601567611 ], [ 72.608158139383079, 23.119361601567611 ], [ 72.608858117322399, 23.121449185214423 ], [ 72.611485106309658, 23.121449185214423 ], [ 72.610785103045131, 23.119361601567611 ] ] ] } },
{ "type": "Feature", "properties": { "ID": 195, "GRIDCODE": 1 }, "geometry": { "type": "Polygon", "coordinates": [ [ [ 72.61533905856507, 23.117274030269908 ], [ 72.61271212022524, 23.117274030269908 ], [ 72.613412066707212, 23.119361601567611 ], [ 72.616039030369279, 23.119361601567611 ], [ 72.61533905856507, 23.117274030269908 ] ] ] } },
{ "type": "Feature", "properties": { "ID": 196, "GRIDCODE": 1 }, "geometry": { "type": "Polygon", "coordinates": [ [ [ 72.649489256982847, 23.117274030269908 ], [ 72.646862318643031, 23.117274030269908 ], [ 72.647562594314053, 23.119361601567611 ], [ 72.65018955797612, 23.119361601567611 ], [ 72.649489256982847, 23.117274030269908 ] ] ] } },
{ "type": "Feature", "properties": { "ID": 197, "GRIDCODE": 1 }, "geometry": { "type": "Polygon", "coordinates": [ [ [ 72.666477115348769, 23.113098924716319 ], [ 72.663850227644502, 23.113098924716319 ], [ 72.665250887021827, 23.117274030269908 ], [ 72.667877825361643, 23.117274030269908 ], [ 72.666477115348769, 23.113098924716319 ] ] ] } },
{ "type": "Feature", "properties": { "ID": 198, "GRIDCODE": 1 }, "geometry": { "type": "Polygon", "coordinates": [ [ [ 72.676984666165851, 23.113098924716319 ], [ 72.671730890757303, 23.113098924716319 ], [ 72.672431255317619, 23.115186471319934 ], [ 72.675058168338168, 23.115186471319934 ], [ 72.675758640381119, 23.117274030269908 ], [ 72.678385578720963, 23.117274030269908 ], [ 72.676984666165851, 23.113098924716319 ] ] ] } },
{ "type": "Feature", "properties": { "ID": 199, "GRIDCODE": 1 }, "geometry": { "type": "Polygon", "coordinates": [ [ [ 72.471389066642544, 23.111011390457691 ], [ 72.468762204251604, 23.111011390457691 ], [ 72.470158952734266, 23.115186471319934 ], [ 72.47278586575483, 23.115186471319934 ], [ 72.471389066642544, 23.111011390457691 ] ] ] } },
{ "type": "Feature", "properties": { "ID": 200, "GRIDCODE": 1 }, "geometry": { "type": "Polygon", "coordinates": [ [ [ 72.650015709226508, 23.111011390457691 ], [ 72.647388846835568, 23.111011390457691 ], [ 72.648088901418902, 23.113098924716319 ], [ 72.650715789123169, 23.113098924716319 ], [ 72.650015709226508, 23.111011390457691 ] ] ] } },
{ "type": "Feature", "properties": { "ID": 201, "GRIDCODE": 1 }, "geometry": { "type": "Polygon", "coordinates": [ [ [ 72.672957245182033, 23.108923868542671 ], [ 72.670330408101449, 23.108923868542671 ], [ 72.67103060835403, 23.111011390457691 ], [ 72.673657470744971, 23.111011390457691 ], [ 72.672957245182033, 23.108923868542671 ] ] ] } },
{ "type": "Feature", "properties": { "ID": 202, "GRIDCODE": 1 }, "geometry": { "type": "Polygon", "coordinates": [ [ [ 72.675584082262617, 23.108923868542671 ], [ 72.676284333135925, 23.111011390457691 ], [ 72.678911195526851, 23.111011390457691 ], [ 72.678210919343201, 23.108923868542671 ], [ 72.675584082262617, 23.108923868542671 ] ] ] } },
{ "type": "Feature", "properties": { "ID": 203, "GRIDCODE": 1 }, "geometry": { "type": "Polygon", "coordinates": [ [ [ 72.780657565485967, 23.108923868542671 ], [ 72.778030728405383, 23.108923868542671 ], [ 72.778731966382608, 23.111011390457691 ], [ 72.781358828773534, 23.111011390457691 ], [ 72.780657565485967, 23.108923868542671 ] ] ] } },
{ "type": "Feature", "properties": { "ID": 204, "GRIDCODE": 1 }, "geometry": { "type": "Polygon", "coordinates": [ [ [ 72.55142376019937, 23.106836358969886 ], [ 72.546170136652975, 23.106836358969886 ], [ 72.547568075979825, 23.111011390457691 ], [ 72.542314351197945, 23.111011390457691 ], [ 72.543013393248231, 23.113098924716319 ], [ 72.550894056361017, 23.113098924716319 ], [ 72.550194938370751, 23.111011390457691 ], [ 72.552821800761706, 23.111011390457691 ], [ 72.55142376019937, 23.106836358969886 ] ] ] } },
{ "type": "Feature", "properties": { "ID": 206, "GRIDCODE": 1 }, "geometry": { "type": "Polygon", "coordinates": [ [ [ 72.627601301622065, 23.106836358969886 ], [ 72.624974489848881, 23.106836358969886 ], [ 72.627773733968056, 23.115186471319934 ], [ 72.633027560009182, 23.115186471319934 ], [ 72.631627672489927, 23.111011390457691 ], [ 72.629000810098987, 23.111011390457691 ], [ 72.627601301622065, 23.106836358969886 ] ] ] } },
{ "type": "Feature", "properties": { "ID": 207, "GRIDCODE": 1 }, "geometry": { "type": "Polygon", "coordinates": [ [ [ 72.688017972405575, 23.106836358969886 ], [ 72.68276434885918, 23.106836358969886 ], [ 72.684164920308731, 23.111011390457691 ], [ 72.689418645090612, 23.111011390457691 ], [ 72.688017972405575, 23.106836358969886 ] ] ] } },
{ "type": "Feature", "properties": { "ID": 208, "GRIDCODE": 1 }, "geometry": { "type": "Polygon", "coordinates": [ [ [ 72.471389066642544, 23.111011390457691 ], [ 72.479269653815365, 23.111011390457691 ], [ 72.477873030549873, 23.106836358969886 ], [ 72.472619407003478, 23.106836358969886 ], [ 72.471921268864591, 23.104748861737956 ], [ 72.469294482395824, 23.104748861737956 ], [ 72.471389066642544, 23.111011390457691 ] ] ] } },
{ "type": "Feature", "properties": { "ID": 209, "GRIDCODE": 1 }, "geometry": { "type": "Polygon", "coordinates": [ [ [ 72.627601301622065, 23.106836358969886 ], [ 72.630228113395262, 23.106836358969886 ], [ 72.629528456991281, 23.104748861737956 ], [ 72.626901670522514, 23.104748861737956 ], [ 72.627601301622065, 23.106836358969886 ] ] ] } },
{ "type": "Feature", "properties": { "ID": 210, "GRIDCODE": 1 }, "geometry": { "type": "Polygon", "coordinates": [ [ [ 72.734599915742407, 23.104748861737956 ], [ 72.72934634280486, 23.104748861737956 ], [ 72.730046960776718, 23.106836358969886 ], [ 72.735300584323113, 23.106836358969886 ], [ 72.734599915742407, 23.104748861737956 ] ] ] } },
{ "type": "Feature", "properties": { "ID": 211, "GRIDCODE": 1 }, "geometry": { "type": "Polygon", "coordinates": [ [ [ 72.534265480650618, 23.102661376845518 ], [ 72.526385197148656, 23.102661376845518 ], [ 72.529180039243244, 23.111011390457691 ], [ 72.534433764025124, 23.111011390457691 ], [ 72.53373487991108, 23.108923868542671 ], [ 72.536361716991664, 23.108923868542671 ], [ 72.535662889560186, 23.106836358969886 ], [ 72.538289701333383, 23.106836358969886 ], [ 72.537590930584059, 23.104748861737956 ], [ 72.534964144115278, 23.104748861737956 ], [ 72.534265480650618, 23.102661376845518 ] ] ] } },
{ "type": "Feature", "properties": { "ID": 213, "GRIDCODE": 1 }, "geometry": { "type": "Polygon", "coordinates": [ [ [ 72.478938446643653, 23.094311560643117 ], [ 72.476311786652445, 23.094311560643117 ], [ 72.477707477596709, 23.09848644407359 ], [ 72.475080767023371, 23.09848644407359 ], [ 72.477174841802167, 23.104748861737956 ], [ 72.482428414739715, 23.104748861737956 ], [ 72.481730257304051, 23.102661376845518 ], [ 72.484357018471385, 23.102661376845518 ], [ 72.482960898743372, 23.09848644407359 ], [ 72.480334188170048, 23.09848644407359 ], [ 72.478938446643653, 23.094311560643117 ] ] ] } },
{ "type": "Feature", "properties": { "ID": 217, "GRIDCODE": 1 }, "geometry": { "type": "Polygon", "coordinates": [ [ [ 72.725844485817788, 23.094311560643117 ], [ 72.723217825826566, 23.094311560643117 ], [ 72.723918007572578, 23.096398996191358 ], [ 72.726544692853366, 23.096398996191358 ], [ 72.725844485817788, 23.094311560643117 ] ] ] } },
{ "type": "Feature", "properties": { "ID": 219, "GRIDCODE": 1 }, "geometry": { "type": "Polygon", "coordinates": [ [ [ 72.610102448203207, 23.085961941762537 ], [ 72.60747588934062, 23.085961941762537 ], [ 72.608174655522234, 23.088049327988568 ], [ 72.610801239662521, 23.088049327988568 ], [ 72.610102448203207, 23.085961941762537 ] ] ] } },
{ "type": "Feature", "properties": { "ID": 221, "GRIDCODE": 1 }, "geometry": { "type": "Polygon", "coordinates": [ [ [ 72.682946679218759, 23.083874567863624 ], [ 72.680320145630915, 23.083874567863624 ], [ 72.681019537492929, 23.085961941762537 ], [ 72.683646096355517, 23.085961941762537 ], [ 72.682946679218759, 23.083874567863624 ] ] ] } },
{ "type": "Feature", "properties": { "ID": 222, "GRIDCODE": 1 }, "geometry": { "type": "Polygon", "coordinates": [ [ [ 72.501018270365307, 23.081787206290457 ], [ 72.495765253733168, 23.081787206290457 ], [ 72.496462794481943, 23.083874567863624 ], [ 72.493836260894099, 23.083874567863624 ], [ 72.49453385824954, 23.085961941762537 ], [ 72.491907299386966, 23.085961941762537 ], [ 72.492604953349485, 23.088049327988568 ], [ 72.49785812163006, 23.088049327988568 ], [ 72.497160417112141, 23.085961941762537 ], [ 72.499786975974729, 23.085961941762537 ], [ 72.4990893280698, 23.083874567863624 ], [ 72.50171586165763, 23.083874567863624 ], [ 72.501018270365307, 23.081787206290457 ] ] ] } },
{ "type": "Feature", "properties": { "ID": 223, "GRIDCODE": 1 }, "geometry": { "type": "Polygon", "coordinates": [ [ [ 72.516079659237576, 23.079699857041657 ], [ 72.516777320261724, 23.081787206290457 ], [ 72.519403828577779, 23.081787206290457 ], [ 72.518706142284827, 23.079699857041657 ], [ 72.516079659237576, 23.079699857041657 ] ] ] } },
{ "type": "Feature", "properties": { "ID": 224, "GRIDCODE": 1 }, "geometry": { "type": "Polygon", "coordinates": [ [ [ 72.516079659237576, 23.079699857041657 ], [ 72.515382080105951, 23.077612520115864 ], [ 72.512755622324505, 23.077612520115864 ], [ 72.513453176190296, 23.079699857041657 ], [ 72.516079659237576, 23.079699857041657 ] ] ] } },
{ "type": "Feature", "properties": { "ID": 225, "GRIDCODE": 1 }, "geometry": { "type": "Polygon", "coordinates": [ [ [ 72.683475378116825, 23.077612520115864 ], [ 72.680848920335393, 23.077612520115864 ], [ 72.681548091215021, 23.079699857041657 ], [ 72.678921608167769, 23.079699857041657 ], [ 72.679620835857975, 23.081787206290457 ], [ 72.684873852490128, 23.081787206290457 ], [ 72.683475378116825, 23.077612520115864 ] ] ] } },
{ "type": "Feature", "properties": { "ID": 227, "GRIDCODE": 1 }, "geometry": { "type": "Polygon", "coordinates": [ [ [ 72.764195672122227, 23.075525195511691 ], [ 72.756316374566595, 23.075525195511691 ], [ 72.757716099585608, 23.079699857041657 ], [ 72.762969065680139, 23.079699857041657 ], [ 72.762269111559419, 23.077612520115864 ], [ 72.764895569340837, 23.077612520115864 ], [ 72.764195672122227, 23.075525195511691 ] ] ] } },
{ "type": "Feature", "properties": { "ID": 232, "GRIDCODE": 1 }, "geometry": { "type": "Polygon", "coordinates": [ [ [ 72.672101633912931, 23.067176020283785 ], [ 72.674727965409616, 23.067176020283785 ], [ 72.674029312121391, 23.065088757267137 ], [ 72.671403005872733, 23.065088757267137 ], [ 72.672101633912931, 23.067176020283785 ] ] ] } },
{ "type": "Feature", "properties": { "ID": 234, "GRIDCODE": 1 }, "geometry": { "type": "Polygon", "coordinates": [ [ [ 72.696967269897371, 23.063001506563886 ], [ 72.694340988893799, 23.063001506563886 ], [ 72.695039762110582, 23.065088757267137 ], [ 72.697666068359212, 23.065088757267137 ], [ 72.696967269897371, 23.063001506563886 ] ] ] } },
{ "type": "Feature", "properties": { "ID": 237, "GRIDCODE": 1 }, "geometry": { "type": "Polygon", "coordinates": [ [ [ 72.501228860475706, 23.058827042092041 ], [ 72.493350168908847, 23.058827042092041 ], [ 72.495440487213386, 23.065088757267137 ], [ 72.500693099710674, 23.065088757267137 ], [ 72.499299371379877, 23.060914268172635 ], [ 72.501925627141318, 23.060914268172635 ], [ 72.501228860475706, 23.058827042092041 ] ] ] } },
{ "type": "Feature", "properties": { "ID": 238, "GRIDCODE": 1 }, "geometry": { "type": "Polygon", "coordinates": [ [ [ 72.81112406210525, 23.058827042092041 ], [ 72.805871601060673, 23.058827042092041 ], [ 72.807271072046959, 23.063001506563886 ], [ 72.809897353050516, 23.063001506563886 ], [ 72.809197551229929, 23.060914268172635 ], [ 72.811823806991384, 23.060914268172635 ], [ 72.81112406210525, 23.058827042092041 ] ] ] } },
{ "type": "Feature", "properties": { "ID": 242, "GRIDCODE": 1 }, "geometry": { "type": "Polygon", "coordinates": [ [ [ 72.7106285985179, 23.056739828320708 ], [ 72.708002393231794, 23.056739828320708 ], [ 72.708701071736144, 23.058827042092041 ], [ 72.711327302258454, 23.058827042092041 ], [ 72.7106285985179, 23.056739828320708 ] ] ] } },
{ "type": "Feature", "properties": { "ID": 243, "GRIDCODE": 1 }, "geometry": { "type": "Polygon", "coordinates": [ [ [ 72.847191273394643, 23.056739828320708 ], [ 72.841938862822445, 23.056739828320708 ], [ 72.842638828372657, 23.058827042092041 ], [ 72.847891289417234, 23.058827042092041 ], [ 72.847191273394643, 23.056739828320708 ] ] ] } },
{ "type": "Feature", "properties": { "ID": 248, "GRIDCODE": 1 }, "geometry": { "type": "Polygon", "coordinates": [ [ [ 72.682969888958411, 23.052565437700345 ], [ 72.680343734135818, 23.052565437700345 ], [ 72.68104199624716, 23.054652626857258 ], [ 72.683668176300017, 23.054652626857258 ], [ 72.682969888958411, 23.052565437700345 ] ] ] } },
{ "type": "Feature", "properties": { "ID": 249, "GRIDCODE": 1 }, "geometry": { "type": "Polygon", "coordinates": [ [ [ 72.490564223169443, 23.050478260848589 ], [ 72.487938093574158, 23.050478260848589 ], [ 72.488634432086329, 23.052565437700345 ], [ 72.491260586908922, 23.052565437700345 ], [ 72.490564223169443, 23.050478260848589 ] ] ] } },
{ "type": "Feature", "properties": { "ID": 251, "GRIDCODE": 1 }, "geometry": { "type": "Polygon", "coordinates": [ [ [ 72.690150072411697, 23.050478260848589 ], [ 72.687523942816398, 23.050478260848589 ], [ 72.688222198603597, 23.052565437700345 ], [ 72.690848353426205, 23.052565437700345 ], [ 72.690150072411697, 23.050478260848589 ] ] ] } },
{ "type": "Feature", "properties": { "ID": 262, "GRIDCODE": 1 }, "geometry": { "type": "Polygon", "coordinates": [ [ [ 72.800806337114565, 23.035868367315238 ], [ 72.798180384027447, 23.035868367315238 ], [ 72.798879174975767, 23.037955458069352 ], [ 72.80150515326946, 23.037955458069352 ], [ 72.800806337114565, 23.035868367315238 ] ] ] } },
{ "type": "Feature", "properties": { "ID": 263, "GRIDCODE": 1 }, "geometry": { "type": "Polygon", "coordinates": [ [ [ 72.468545213050078, 23.031694222688163 ], [ 72.460667505001467, 23.031694222688163 ], [ 72.461362906084034, 23.033781288855298 ], [ 72.458736978200534, 23.033781288855298 ], [ 72.460127975090046, 23.037955458069352 ], [ 72.457501996796353, 23.037955458069352 ], [ 72.458197592606965, 23.040042561119023 ], [ 72.466075603116607, 23.040042561119023 ], [ 72.465379931677404, 23.037955458069352 ], [ 72.468005909971112, 23.037955458069352 ], [ 72.466614761851076, 23.033781288855298 ], [ 72.46924068973459, 23.033781288855298 ], [ 72.468545213050078, 23.031694222688163 ] ] ] } },
{ "type": "Feature", "properties": { "ID": 264, "GRIDCODE": 1 }, "geometry": { "type": "Polygon", "coordinates": [ [ [ 72.723257773288353, 23.031694222688163 ], [ 72.720631870605487, 23.031694222688163 ], [ 72.721329766551946, 23.033781288855298 ], [ 72.72395569443546, 23.033781288855298 ], [ 72.723257773288353, 23.031694222688163 ] ] ] } },
{ "type": "Feature", "properties": { "ID": 265, "GRIDCODE": 1 }, "geometry": { "type": "Polygon", "coordinates": [ [ [ 72.761948096418223, 23.029607168812458 ], [ 72.756696341447864, 23.029607168812458 ], [ 72.758092756921144, 23.033781288855298 ], [ 72.763344612688172, 23.033781288855298 ], [ 72.761948096418223, 23.029607168812458 ] ] ] } },
{ "type": "Feature", "properties": { "ID": 266, "GRIDCODE": 1 }, "geometry": { "type": "Polygon", "coordinates": [ [ [ 72.485535470843956, 23.027520127226811 ], [ 72.480283766263028, 23.027520127226811 ], [ 72.481674726464419, 23.031694222688163 ], [ 72.484300629147285, 23.031694222688163 ], [ 72.48360508298866, 23.029607168812458 ], [ 72.486230960473847, 23.029607168812458 ], [ 72.485535470843956, 23.027520127226811 ] ] ] } },
{ "type": "Feature", "properties": { "ID": 267, "GRIDCODE": 1 }, "geometry": { "type": "Polygon", "coordinates": [ [ [ 72.474336754539422, 23.025433097929863 ], [ 72.471710927440739, 23.025433097929863 ], [ 72.47240620939165, 23.027520127226811 ], [ 72.469780357101186, 23.027520127226811 ], [ 72.471866617618105, 23.033781288855298 ], [ 72.479744401268633, 23.033781288855298 ], [ 72.477657913972564, 23.027520127226811 ], [ 72.4750320616821, 23.027520127226811 ], [ 72.474336754539422, 23.025433097929863 ] ] ] } },
{ "type": "Feature", "properties": { "ID": 268, "GRIDCODE": 1 }, "geometry": { "type": "Polygon", "coordinates": [ [ [ 72.475572162077881, 23.021259076196547 ], [ 72.472946385353836, 23.021259076196547 ], [ 72.473641529098742, 23.023346080920234 ], [ 72.476267331008643, 23.023346080920234 ], [ 72.475572162077881, 23.021259076196547 ] ] ] } },
{ "type": "Feature", "properties": { "ID": 270, "GRIDCODE": 1 }, "geometry": { "type": "Polygon", "coordinates": [ [ [ 72.343440651562361, 23.010824236819378 ], [ 72.344827787385185, 23.014998135727478 ], [ 72.347453488569457, 23.014998135727478 ], [ 72.346066302401567, 23.010824236819378 ], [ 72.343440651562361, 23.010824236819378 ] ] ] } },
{ "type": "Feature", "properties": { "ID": 271, "GRIDCODE": 1 }, "geometry": { "type": "Polygon", "coordinates": [ [ [ 72.337495954585833, 23.008737305782596 ], [ 72.33487032891469, 23.008737305782596 ], [ 72.336257150681803, 23.01291118013388 ], [ 72.338882826692071, 23.01291118013388 ], [ 72.337495954585833, 23.008737305782596 ] ] ] } },
{ "type": "Feature", "properties": { "ID": 272, "GRIDCODE": 1 }, "geometry": { "type": "Polygon", "coordinates": [ [ [ 72.343440651562361, 23.010824236819378 ], [ 72.34274720592812, 23.008737305782596 ], [ 72.340121580256977, 23.008737305782596 ], [ 72.340815000723126, 23.010824236819378 ], [ 72.343440651562361, 23.010824236819378 ] ] ] } },
{ "type": "Feature", "properties": { "ID": 274, "GRIDCODE": 1 }, "geometry": { "type": "Polygon", "coordinates": [ [ [ 72.731339805256511, 23.008737305782596 ], [ 72.728714179585367, 23.008737305782596 ], [ 72.729411324928606, 23.010824236819378 ], [ 72.732036975767826, 23.010824236819378 ], [ 72.731339805256511, 23.008737305782596 ] ] ] } },
{ "type": "Feature", "properties": { "ID": 275, "GRIDCODE": 1 }, "geometry": { "type": "Polygon", "coordinates": [ [ [ 72.828487955088605, 23.008737305782596 ], [ 72.825862329417447, 23.008737305782596 ], [ 72.826560405979961, 23.010824236819378 ], [ 72.829186056819196, 23.010824236819378 ], [ 72.828487955088605, 23.008737305782596 ] ] ] } },
{ "type": "Feature", "properties": { "ID": 278, "GRIDCODE": 1 }, "geometry": { "type": "Polygon", "coordinates": [ [ [ 72.801369178289633, 22.998302834716597 ], [ 72.79349267866445, 22.998302834716597 ], [ 72.794190068333265, 23.000389704385306 ], [ 72.791564543304915, 23.000389704385306 ], [ 72.792959518322391, 23.004563480536728 ], [ 72.795585093666233, 23.004563480536728 ], [ 72.794887539998442, 23.002476586324896 ], [ 72.800138640367678, 23.002476586324896 ], [ 72.799441118389993, 23.000389704385306 ], [ 72.802066643418357, 23.000389704385306 ], [ 72.801369178289633, 22.998302834716597 ] ] ] } },
{ "type": "Feature", "properties": { "ID": 280, "GRIDCODE": 1 }, "geometry": { "type": "Polygon", "coordinates": [ [ [ 72.379902561648308, 22.994129132186295 ], [ 72.374651662493633, 22.994129132186295 ], [ 72.375344889754516, 22.996215977317373 ], [ 72.380595839203963, 22.996215977317373 ], [ 72.379902561648308, 22.994129132186295 ] ] ] } },
{ "type": "Feature", "properties": { "ID": 283, "GRIDCODE": 1 }, "geometry": { "type": "Polygon", "coordinates": [ [ [ 72.664684773837394, 22.989955478723054 ], [ 72.665380628793244, 22.992042299321977 ], [ 72.670631477659072, 22.992042299321977 ], [ 72.669935572420286, 22.989955478723054 ], [ 72.664684773837394, 22.989955478723054 ] ] ] } },
{ "type": "Feature", "properties": { "ID": 284, "GRIDCODE": 1 }, "geometry": { "type": "Polygon", "coordinates": [ [ [ 72.38307396634157, 22.987868670388146 ], [ 72.377823218035729, 22.987868670388146 ], [ 72.379209365605902, 22.992042299321977 ], [ 72.38446021447173, 22.992042299321977 ], [ 72.38307396634157, 22.987868670388146 ] ] ] } },
{ "type": "Feature", "properties": { "ID": 287, "GRIDCODE": 1 }, "geometry": { "type": "Polygon", "coordinates": [ [ [ 72.455890737016375, 22.985781874315897 ], [ 72.453265387999011, 22.985781874315897 ], [ 72.453959068470539, 22.987868670388146 ], [ 72.456584442623466, 22.987868670388146 ], [ 72.455890737016375, 22.985781874315897 ] ] ] } },
{ "type": "Feature", "properties": { "ID": 289, "GRIDCODE": 1 }, "geometry": { "type": "Polygon", "coordinates": [ [ [ 72.415124089199821, 22.981608318953878 ], [ 72.412498790444701, 22.981608318953878 ], [ 72.413191930829967, 22.983695090504927 ], [ 72.41056660694521, 22.983695090504927 ], [ 72.411259803721151, 22.985781874315897 ], [ 72.413885152738516, 22.985781874315897 ], [ 72.414578456176656, 22.987868670388146 ], [ 72.417203830329612, 22.987868670388146 ], [ 72.416510501755894, 22.985781874315897 ], [ 72.421761199790623, 22.985781874315897 ], [ 72.421067902484253, 22.983695090504927 ], [ 72.415817254714739, 22.983695090504927 ], [ 72.415124089199821, 22.981608318953878 ] ] ] } },
{ "type": "Feature", "properties": { "ID": 290, "GRIDCODE": 1 }, "geometry": { "type": "Polygon", "coordinates": [ [ [ 72.532568318483854, 22.979521559661368 ], [ 72.529943044855429, 22.979521559661368 ], [ 72.531331505644246, 22.983695090504927 ], [ 72.536582153413775, 22.983695090504927 ], [ 72.535887831935071, 22.981608318953878 ], [ 72.533262533179951, 22.981608318953878 ], [ 72.532568318483854, 22.979521559661368 ] ] ] } },
{ "type": "Feature", "properties": { "ID": 291, "GRIDCODE": 1 }, "geometry": { "type": "Polygon", "coordinates": [ [ [ 72.543763728200389, 22.981608318953878 ], [ 72.546389026955509, 22.981608318953878 ], [ 72.54569468662595, 22.979521559661368 ], [ 72.543069412997539, 22.979521559661368 ], [ 72.543763728200389, 22.981608318953878 ] ] ] } },
{ "type": "Feature", "properties": { "ID": 292, "GRIDCODE": 1 }, "geometry": { "type": "Polygon", "coordinates": [ [ [ 72.55619578113965, 22.979521559661368 ], [ 72.553570507511239, 22.979521559661368 ], [ 72.554264923220856, 22.981608318953878 ], [ 72.556890221975962, 22.981608318953878 ], [ 72.55619578113965, 22.979521559661368 ] ] ] } },
{ "type": "Feature", "properties": { "ID": 293, "GRIDCODE": 1 }, "geometry": { "type": "Polygon", "coordinates": [ [ [ 72.73471438787233, 22.979521559661368 ], [ 72.732089114243891, 22.979521559661368 ], [ 72.73278523856861, 22.981608318953878 ], [ 72.73541053732373, 22.981608318953878 ], [ 72.73471438787233, 22.979521559661368 ] ] ] } },
{ "type": "Feature", "properties": { "ID": 295, "GRIDCODE": 1 }, "geometry": { "type": "Polygon", "coordinates": [ [ [ 72.541138429445283, 22.981608318953878 ], [ 72.539055804177295, 22.975348077846515 ], [ 72.536430580793393, 22.975348077846515 ], [ 72.538513130690177, 22.981608318953878 ], [ 72.541138429445283, 22.981608318953878 ] ] ] } },
{ "type": "Feature", "properties": { "ID": 296, "GRIDCODE": 1 }, "geometry": { "type": "Polygon", "coordinates": [ [ [ 72.546931474329, 22.975348077846515 ], [ 72.544306250945098, 22.975348077846515 ], [ 72.545000427957916, 22.977434812626043 ], [ 72.547625676462616, 22.977434812626043 ], [ 72.546931474329, 22.975348077846515 ] ] ] } },
{ "type": "Feature", "properties": { "ID": 297, "GRIDCODE": 1 }, "geometry": { "type": "Polygon", "coordinates": [ [ [ 72.704444877363116, 22.975348077846515 ], [ 72.701819653979229, 22.975348077846515 ], [ 72.70321110433126, 22.979521559661368 ], [ 72.705836377959685, 22.979521559661368 ], [ 72.704444877363116, 22.975348077846515 ] ] ] } },
{ "type": "Feature", "properties": { "ID": 301, "GRIDCODE": 1 }, "geometry": { "type": "Polygon", "coordinates": [ [ [ 72.668231315660819, 22.969087947029085 ], [ 72.668926453117692, 22.971174645049405 ], [ 72.66630127996649, 22.971174645049405 ], [ 72.66699647408673, 22.973261355321426 ], [ 72.672246870618878, 22.973261355321426 ], [ 72.670856463700105, 22.969087947029085 ], [ 72.668231315660819, 22.969087947029085 ] ] ] } },
{ "type": "Feature", "properties": { "ID": 302, "GRIDCODE": 1 }, "geometry": { "type": "Polygon", "coordinates": [ [ [ 72.668231315660819, 22.969087947029085 ], [ 72.667536259975904, 22.967001261259096 ], [ 72.664911137045578, 22.967001261259096 ], [ 72.665606167621533, 22.969087947029085 ], [ 72.668231315660819, 22.969087947029085 ] ] ] } },
{ "type": "Feature", "properties": { "ID": 303, "GRIDCODE": 1 }, "geometry": { "type": "Polygon", "coordinates": [ [ [ 72.7725411771886, 22.967001261259096 ], [ 72.769916054258275, 22.967001261259096 ], [ 72.770612089192824, 22.969087947029085 ], [ 72.767986941153538, 22.969087947029085 ], [ 72.76868303286335, 22.971174645049405 ], [ 72.77393337916574, 22.971174645049405 ], [ 72.7725411771886, 22.967001261259096 ] ] ] } },
{ "type": "Feature", "properties": { "ID": 304, "GRIDCODE": 1 }, "geometry": { "type": "Polygon", "coordinates": [ [ [ 72.498835025301034, 22.964914587738068 ], [ 72.496209927476727, 22.964914587738068 ], [ 72.496903269505268, 22.967001261259096 ], [ 72.499528392435579, 22.967001261259096 ], [ 72.498835025301034, 22.964914587738068 ] ] ] } },
{ "type": "Feature", "properties": { "ID": 305, "GRIDCODE": 1 }, "geometry": { "type": "Polygon", "coordinates": [ [ [ 72.519835807895475, 22.964914587738068 ], [ 72.517210710071183, 22.964914587738068 ], [ 72.518597877421726, 22.969087947029085 ], [ 72.521223025460998, 22.969087947029085 ], [ 72.519835807895475, 22.964914587738068 ] ] ] } },
{ "type": "Feature", "properties": { "ID": 306, "GRIDCODE": 1 }, "geometry": { "type": "Polygon", "coordinates": [ [ [ 72.540142903276802, 22.962827926464634 ], [ 72.537517830555572, 22.962827926464634 ], [ 72.538211492665624, 22.964914587738068 ], [ 72.535586394841317, 22.964914587738068 ], [ 72.536280113460023, 22.967001261259096 ], [ 72.54153035932066, 22.967001261259096 ], [ 72.540142903276802, 22.962827926464634 ] ] ] } },
{ "type": "Feature", "properties": { "ID": 307, "GRIDCODE": 1 }, "geometry": { "type": "Polygon", "coordinates": [ [ [ 72.675951773974589, 22.960741277437425 ], [ 72.673326726353451, 22.960741277437425 ], [ 72.6740216120605, 22.962827926464634 ], [ 72.676646684781744, 22.962827926464634 ], [ 72.675951773974589, 22.960741277437425 ] ] ] } },
{ "type": "Feature", "properties": { "ID": 308, "GRIDCODE": 1 }, "geometry": { "type": "Polygon", "coordinates": [ [ [ 72.546630841250419, 22.95865464065507 ], [ 72.544005818726419, 22.95865464065507 ], [ 72.54469939291738, 22.960741277437425 ], [ 72.547324440538517, 22.960741277437425 ], [ 72.546630841250419, 22.95865464065507 ] ] ] } },
{ "type": "Feature", "properties": { "ID": 309, "GRIDCODE": 1 }, "geometry": { "type": "Polygon", "coordinates": [ [ [ 72.546630841250419, 22.95865464065507 ], [ 72.549255863774405, 22.95865464065507 ], [ 72.548562320999793, 22.956568016116204 ], [ 72.545937323570001, 22.956568016116204 ], [ 72.546630841250419, 22.95865464065507 ] ] ] } },
{ "type": "Feature", "properties": { "ID": 311, "GRIDCODE": 1 }, "geometry": { "type": "Polygon", "coordinates": [ [ [ 72.66668720534058, 22.956568016116204 ], [ 72.664062207910789, 22.956568016116204 ], [ 72.664756854830117, 22.95865464065507 ], [ 72.667381877354103, 22.95865464065507 ], [ 72.66668720534058, 22.956568016116204 ] ] ] } },
{ "type": "Feature", "properties": { "ID": 313, "GRIDCODE": 1 }, "geometry": { "type": "Polygon", "coordinates": [ [ [ 72.546482182277288, 22.950308215946844 ], [ 72.543857260112361, 22.950308215946844 ], [ 72.544550533007239, 22.952394803763465 ], [ 72.547175480257494, 22.952394803763465 ], [ 72.546482182277288, 22.950308215946844 ] ] ] } },
{ "type": "Feature", "properties": { "ID": 315, "GRIDCODE": 1 }, "geometry": { "type": "Polygon", "coordinates": [ [ [ 72.688227979182727, 22.950308215946844 ], [ 72.685603057017815, 22.950308215946844 ], [ 72.686297684521094, 22.952394803763465 ], [ 72.688922631771362, 22.952394803763465 ], [ 72.688227979182727, 22.950308215946844 ] ] ] } },
{ "type": "Feature", "properties": { "ID": 316, "GRIDCODE": 1 }, "geometry": { "type": "Polygon", "coordinates": [ [ [ 72.54053917171764, 22.948221640368253 ], [ 72.537914274635114, 22.948221640368253 ], [ 72.53860741578255, 22.950308215946844 ], [ 72.541232337947449, 22.950308215946844 ], [ 72.54053917171764, 22.948221640368253 ] ] ] } },
{ "type": "Feature", "properties": { "ID": 317, "GRIDCODE": 1 }, "geometry": { "type": "Polygon", "coordinates": [ [ [ 72.529346599048893, 22.946135077026298 ], [ 72.52672172704581, 22.946135077026298 ], [ 72.527414686304994, 22.948221640368253 ], [ 72.53003958338752, 22.948221640368253 ], [ 72.529346599048893, 22.946135077026298 ] ] ] } },
{ "type": "Feature", "properties": { "ID": 318, "GRIDCODE": 1 }, "geometry": { "type": "Polygon", "coordinates": [ [ [ 72.644840967184848, 22.946135077026298 ], [ 72.652715583194109, 22.946135077026298 ], [ 72.652021501816051, 22.944048525919623 ], [ 72.649396654889472, 22.944048525919623 ], [ 72.648702680272791, 22.94196198704687 ], [ 72.64345303656664, 22.94196198704687 ], [ 72.644840967184848, 22.946135077026298 ] ] ] } },
{ "type": "Feature", "properties": { "ID": 319, "GRIDCODE": 1 }, "geometry": { "type": "Polygon", "coordinates": [ [ [ 72.579764070990109, 22.939875460406654 ], [ 72.574514477425126, 22.939875460406654 ], [ 72.575207668386824, 22.94196198704687 ], [ 72.572582846533763, 22.94196198704687 ], [ 72.573276094017956, 22.944048525919623 ], [ 72.578525787871143, 22.944048525919623 ], [ 72.577832490239899, 22.94196198704687 ], [ 72.580457312092975, 22.94196198704687 ], [ 72.579764070990109, 22.939875460406654 ] ] ] } },
{ "type": "Feature", "properties": { "ID": 320, "GRIDCODE": 1 }, "geometry": { "type": "Polygon", "coordinates": [ [ [ 72.66831314978792, 22.937788945997614 ], [ 72.663063606358222, 22.937788945997614 ], [ 72.665145736449091, 22.944048525919623 ], [ 72.662520889522483, 22.944048525919623 ], [ 72.663215071206466, 22.946135077026298 ], [ 72.668464815212658, 22.946135077026298 ], [ 72.667770583375699, 22.944048525919623 ], [ 72.670395430302293, 22.944048525919623 ], [ 72.66831314978792, 22.937788945997614 ] ] ] } },
{ "type": "Feature", "properties": { "ID": 321, "GRIDCODE": 1 }, "geometry": { "type": "Polygon", "coordinates": [ [ [ 72.547324440538517, 22.960741277437425 ], [ 72.548711883962852, 22.964914587738068 ], [ 72.551336981787159, 22.964914587738068 ], [ 72.550643194161808, 22.962827926464634 ], [ 72.555893339604296, 22.962827926464634 ], [ 72.557281096902557, 22.967001261259096 ], [ 72.554655973972245, 22.967001261259096 ], [ 72.555349949971671, 22.969087947029085 ], [ 72.552724801932399, 22.969087947029085 ], [ 72.553418834464836, 22.971174645049405 ], [ 72.550793661313634, 22.971174645049405 ], [ 72.550099653893113, 22.969087947029085 ], [ 72.547474505853828, 22.969087947029085 ], [ 72.548168488162446, 22.971174645049405 ], [ 72.545543315011244, 22.971174645049405 ], [ 72.546237353847303, 22.973261355321426 ], [ 72.548862552113377, 22.973261355321426 ], [ 72.549556697712902, 22.975348077846515 ], [ 72.552181921096803, 22.975348077846515 ], [ 72.551487750379451, 22.973261355321426 ], [ 72.559363345177672, 22.973261355321426 ], [ 72.560057591248508, 22.975348077846515 ], [ 72.565308038016312, 22.975348077846515 ], [ 72.566002415995399, 22.977434812626043 ], [ 72.5633771674907, 22.977434812626043 ], [ 72.56407160202491, 22.979521559661368 ], [ 72.561446328396485, 22.979521559661368 ], [ 72.562140819486203, 22.981608318953878 ], [ 72.559515520731082, 22.981608318953878 ], [ 72.56021006837662, 22.983695090504927 ], [ 72.557584744491876, 22.983695090504927 ], [ 72.558974034587521, 22.987868670388146 ], [ 72.543221789669971, 22.987868670388146 ], [ 72.544611104879323, 22.992042299321977 ], [ 72.547236529312244, 22.992042299321977 ], [ 72.547931334598033, 22.994129132186295 ], [ 72.545305885020696, 22.994129132186295 ], [ 72.544611104879323, 22.992042299321977 ], [ 72.541985680446402, 22.992042299321977 ], [ 72.540596415517044, 22.987868670388146 ], [ 72.543221789669971, 22.987868670388146 ], [ 72.54252725458943, 22.985781874315897 ], [ 72.545152603606795, 22.985781874315897 ], [ 72.543763728200389, 22.981608318953878 ], [ 72.541138429445283, 22.981608318953878 ], [ 72.54183280118329, 22.983695090504927 ], [ 72.539207477298532, 22.983695090504927 ], [ 72.539901905572066, 22.985781874315897 ], [ 72.537276556554701, 22.985781874315897 ], [ 72.537971041364131, 22.987868670388146 ], [ 72.535345667211203, 22.987868670388146 ], [ 72.534651207537337, 22.985781874315897 ], [ 72.524149811467865, 22.985781874315897 ], [ 72.524844170599494, 22.987868670388146 ], [ 72.52221879644658, 22.987868670388146 ], [ 72.520830210105203, 22.983695090504927 ], [ 72.515579562335674, 22.983695090504927 ], [ 72.516273764415772, 22.985781874315897 ], [ 72.513648415398407, 22.985781874315897 ], [ 72.512954238450916, 22.983695090504927 ], [ 72.510328914566159, 22.983695090504927 ], [ 72.509634844383925, 22.981608318953878 ], [ 72.512260143139031, 22.981608318953878 ], [ 72.51087219739702, 22.977434812626043 ], [ 72.502996451882979, 22.977434812626043 ], [ 72.501608983324047, 22.973261355321426 ], [ 72.483232595461516, 22.973261355321426 ], [ 72.483926113115359, 22.975348077846515 ], [ 72.486551336499261, 22.975348077846515 ], [ 72.487244960854866, 22.977434812626043 ], [ 72.484619712350181, 22.977434812626043 ], [ 72.485313393172262, 22.979521559661368 ], [ 72.487938666800687, 22.979521559661368 ], [ 72.489326323488058, 22.983695090504927 ], [ 72.484075675718543, 22.983695090504927 ], [ 72.484769576207398, 22.985781874315897 ], [ 72.48214422719002, 22.985781874315897 ], [ 72.484226342922355, 22.992042299321977 ], [ 72.494728040653996, 22.992042299321977 ], [ 72.496811192781976, 22.998302834716597 ], [ 72.49418569290691, 22.998302834716597 ], [ 72.494880215099641, 23.000389704385306 ], [ 72.497505740128005, 23.000389704385306 ], [ 72.4982003691362, 23.002476586324896 ], [ 72.500825919320803, 23.002476586324896 ], [ 72.501520655156611, 23.004563480536728 ], [ 72.498895079812783, 23.004563480536728 ], [ 72.501674739329019, 23.01291118013388 ], [ 72.499049063318736, 23.01291118013388 ], [ 72.498354051076689, 23.010824236819378 ], [ 72.495728400237468, 23.010824236819378 ], [ 72.496423387308468, 23.01291118013388 ], [ 72.491172035287917, 23.01291118013388 ], [ 72.490477098559012, 23.010824236819378 ], [ 72.487851447719777, 23.010824236819378 ], [ 72.489936427454708, 23.017085103601541 ], [ 72.495187880177212, 23.017085103601541 ], [ 72.49449275488908, 23.014998135727478 ], [ 72.497118456073352, 23.014998135727478 ], [ 72.497813606538458, 23.017085103601541 ], [ 72.500439332899688, 23.017085103601541 ], [ 72.499744157257638, 23.014998135727478 ], [ 72.502369858441909, 23.014998135727478 ], [ 72.503065059260933, 23.017085103601541 ], [ 72.500439332899688, 23.017085103601541 ], [ 72.50182992931839, 23.021259076196547 ], [ 72.504455706042449, 23.021259076196547 ], [ 72.50515115201749, 23.023346080920234 ], [ 72.502525350107604, 23.023346080920234 ], [ 72.503220852625105, 23.025433097929863 ], [ 72.500595025526408, 23.025433097929863 ], [ 72.501986225384954, 23.029607168812458 ], [ 72.504612102870141, 23.029607168812458 ], [ 72.506003680103788, 23.033781288855298 ], [ 72.50337775222026, 23.033781288855298 ], [ 72.502681947927357, 23.031694222688163 ], [ 72.500056045244492, 23.031694222688163 ], [ 72.50075182433676, 23.033781288855298 ], [ 72.498125896453232, 23.033781288855298 ], [ 72.49882173209572, 23.035868367315238 ], [ 72.501447685182853, 23.035868367315238 ], [ 72.502143627789053, 23.037955458069352 ], [ 72.499517649495345, 23.037955458069352 ], [ 72.50160589230012, 23.044216804110484 ], [ 72.498979838368967, 23.044216804110484 ], [ 72.499676057641722, 23.046303944055026 ], [ 72.497049978492157, 23.046303944055026 ], [ 72.496353784437801, 23.044216804110484 ], [ 72.498979838368967, 23.044216804110484 ], [ 72.498283700875561, 23.04212967646561 ], [ 72.495657672159865, 23.04212967646561 ], [ 72.494265692907987, 23.037955458069352 ], [ 72.491639714614308, 23.037955458069352 ], [ 72.493031643444155, 23.04212967646561 ], [ 72.490405614728459, 23.04212967646561 ], [ 72.493190352764728, 23.050478260848589 ], [ 72.495816482360027, 23.050478260848589 ], [ 72.49790597034449, 23.056739828320708 ], [ 72.503158380916659, 23.056739828320708 ], [ 72.503855090997973, 23.058827042092041 ], [ 72.506481321520255, 23.058827042092041 ], [ 72.507875037640886, 23.063001506563886 ], [ 72.515753880651573, 23.063001506563886 ], [ 72.516450937202563, 23.065088757267137 ], [ 72.51382463095392, 23.065088757267137 ], [ 72.515916216004655, 23.071350583262731 ], [ 72.518542598006334, 23.071350583262731 ], [ 72.519239982012209, 23.073437883227772 ], [ 72.516613574753563, 23.073437883227772 ], [ 72.518008537887354, 23.077612520115864 ], [ 72.523261453450203, 23.077612520115864 ], [ 72.524656845209918, 23.081787206290457 ], [ 72.519403828577779, 23.081787206290457 ], [ 72.520101596772534, 23.083874567863624 ], [ 72.525354663948207, 23.083874567863624 ], [ 72.526052564600548, 23.085961941762537 ], [ 72.52342600573796, 23.085961941762537 ], [ 72.524123963032963, 23.088049327988568 ], [ 72.529377131313538, 23.088049327988568 ], [ 72.530075221093583, 23.090136726543093 ], [ 72.527448611672611, 23.090136726543093 ], [ 72.530940163291049, 23.100573904291185 ], [ 72.538820370897596, 23.100573904291185 ], [ 72.538121820783417, 23.09848644407359 ], [ 72.540748531356741, 23.09848644407359 ], [ 72.54005003791724, 23.096398996191358 ], [ 72.542676723198028, 23.096398996191358 ], [ 72.544073842635285, 23.100573904291185 ], [ 72.541447106766441, 23.100573904291185 ], [ 72.542145764152608, 23.102661376845518 ], [ 72.539519002985287, 23.102661376845518 ], [ 72.54021771705284, 23.104748861737956 ], [ 72.553351649396717, 23.104748861737956 ], [ 72.55474957655575, 23.108923868542671 ], [ 72.557376413636334, 23.108923868542671 ], [ 72.556677383745765, 23.106836358969886 ], [ 72.559304195518962, 23.106836358969886 ], [ 72.560003250716932, 23.108923868542671 ], [ 72.557376413636334, 23.108923868542671 ], [ 72.558774719473817, 23.113098924716319 ], [ 72.553520944065298, 23.113098924716319 ], [ 72.554220169392281, 23.115186471319934 ], [ 72.556847082412844, 23.115186471319934 ], [ 72.557546415088822, 23.117274030269908 ], [ 72.560173353428652, 23.117274030269908 ], [ 72.560872793465904, 23.119361601567611 ], [ 72.566126720790038, 23.119361601567611 ], [ 72.565427230108327, 23.117274030269908 ], [ 72.570681106787973, 23.117274030269908 ], [ 72.572080271500596, 23.121449185214423 ], [ 72.574707260487855, 23.121449185214423 ], [ 72.575406991269034, 23.123536781211723 ], [ 72.580661019899935, 23.123536781211723 ], [ 72.581360883419293, 23.125624389560873 ], [ 72.586614962712474, 23.125624389560873 ], [ 72.585215216436964, 23.121449185214423 ], [ 72.590469194411497, 23.121449185214423 ], [ 72.589069675166783, 23.117274030269908 ], [ 72.591696613506613, 23.117274030269908 ], [ 72.590996951680154, 23.115186471319934 ], [ 72.593623864700731, 23.115186471319934 ], [ 72.592924259629299, 23.113098924716319 ], [ 72.598178035037833, 23.113098924716319 ], [ 72.598877690741858, 23.115186471319934 ], [ 72.596250777721295, 23.115186471319934 ], [ 72.597650284734826, 23.119361601567611 ], [ 72.595023321072759, 23.119361601567611 ], [ 72.596423105792624, 23.123536781211723 ], [ 72.599050120108089, 23.123536781211723 ], [ 72.598350161373318, 23.121449185214423 ], [ 72.600977150360592, 23.121449185214423 ], [ 72.601677134423525, 23.123536781211723 ], [ 72.606931163054412, 23.123536781211723 ], [ 72.605531175721012, 23.119361601567611 ], [ 72.602904212058945, 23.119361601567611 ], [ 72.601504603762407, 23.115186471319934 ], [ 72.604131516782971, 23.115186471319934 ], [ 72.60273218618957, 23.111011390457691 ], [ 72.60535904858051, 23.111011390457691 ], [ 72.606058698150633, 23.113098924716319 ], [ 72.611312473559167, 23.113098924716319 ], [ 72.609913155248023, 23.108923868542671 ], [ 72.612539992328607, 23.108923868542671 ], [ 72.611840430982895, 23.106836358969886 ], [ 72.609213619209697, 23.106836358969886 ], [ 72.608514165241061, 23.104748861737956 ], [ 72.611140951709842, 23.104748861737956 ], [ 72.610441554503154, 23.102661376845518 ], [ 72.613068315670475, 23.102661376845518 ], [ 72.612368975225309, 23.100573904291185 ], [ 72.614995711094153, 23.100573904291185 ], [ 72.614296427410125, 23.09848644407359 ], [ 72.616923137983463, 23.09848644407359 ], [ 72.615524766186795, 23.094311560643117 ], [ 72.618151426178002, 23.094311560643117 ], [ 72.619549848556801, 23.09848644407359 ], [ 72.622176559130139, 23.09848644407359 ], [ 72.6228759187007, 23.100573904291185 ], [ 72.630756126307247, 23.100573904291185 ], [ 72.632155243460062, 23.104748861737956 ], [ 72.634782029928843, 23.104748861737956 ], [ 72.635481736941642, 23.106836358969886 ], [ 72.638108548714854, 23.106836358969886 ], [ 72.63740881639761, 23.104748861737956 ], [ 72.640035602866391, 23.104748861737956 ], [ 72.637936822570126, 23.09848644407359 ], [ 72.635310111996802, 23.09848644407359 ], [ 72.63461070802569, 23.096398996191358 ], [ 72.631984022744902, 23.096398996191358 ], [ 72.630585511584613, 23.092224137427483 ], [ 72.606945799243164, 23.092224137427483 ], [ 72.605548071381961, 23.088049327988568 ], [ 72.602921487241659, 23.088049327988568 ], [ 72.598730423453929, 23.075525195511691 ], [ 72.601356855972469, 23.075525195511691 ], [ 72.602055186892798, 23.077612520115864 ], [ 72.607308102455647, 23.077612520115864 ], [ 72.608006565891714, 23.079699857041657 ], [ 72.610633048938979, 23.079699857041657 ], [ 72.609934560237051, 23.077612520115864 ], [ 72.612561018018482, 23.077612520115864 ], [ 72.611862586046641, 23.075525195511691 ], [ 72.614489018565209, 23.075525195511691 ], [ 72.617283339522714, 23.083874567863624 ], [ 72.614656805934857, 23.083874567863624 ], [ 72.613958127956266, 23.081787206290457 ], [ 72.611331619640183, 23.081787206290457 ], [ 72.613427823802823, 23.088049327988568 ], [ 72.621307576223685, 23.088049327988568 ], [ 72.622006550827336, 23.090136726543093 ], [ 72.627259769669251, 23.090136726543093 ], [ 72.626560744504275, 23.088049327988568 ], [ 72.629187328644548, 23.088049327988568 ], [ 72.630585511584613, 23.092224137427483 ], [ 72.63321214628921, 23.092224137427483 ], [ 72.63181391278485, 23.088049327988568 ], [ 72.634440496925123, 23.088049327988568 ], [ 72.635139597932124, 23.090136726543093 ], [ 72.63776620735311, 23.090136726543093 ], [ 72.638465415698434, 23.092224137427483 ], [ 72.643718685107643, 23.092224137427483 ], [ 72.643019426195025, 23.090136726543093 ], [ 72.648272645036954, 23.090136726543093 ], [ 72.649671346072566, 23.094311560643117 ], [ 72.647044686081358, 23.094311560643117 ], [ 72.647744134429644, 23.096398996191358 ], [ 72.65299750499122, 23.096398996191358 ], [ 72.653697086010141, 23.09848644407359 ], [ 72.651070375436817, 23.09848644407359 ], [ 72.65177001325803, 23.100573904291185 ], [ 72.654396749126875, 23.100573904291185 ], [ 72.655796321679063, 23.104748861737956 ], [ 72.666303467554172, 23.104748861737956 ], [ 72.665603539017056, 23.102661376845518 ], [ 72.668230300184376, 23.102661376845518 ], [ 72.669630289993194, 23.106836358969886 ], [ 72.672257101766405, 23.106836358969886 ], [ 72.672957245182033, 23.108923868542671 ], [ 72.675584082262617, 23.108923868542671 ], [ 72.67418382696053, 23.104748861737956 ], [ 72.676810613429296, 23.104748861737956 ], [ 72.6775107253128, 23.106836358969886 ], [ 72.680137537085997, 23.106836358969886 ], [ 72.679437399898063, 23.104748861737956 ], [ 72.684690972835625, 23.104748861737956 ], [ 72.683290843684205, 23.100573904291185 ], [ 72.685917579553049, 23.100573904291185 ], [ 72.68521761289017, 23.09848644407359 ], [ 72.682590902316832, 23.09848644407359 ], [ 72.679791958088529, 23.090136726543093 ], [ 72.682418567509487, 23.090136726543093 ], [ 72.681719011450355, 23.088049327988568 ], [ 72.67646584316978, 23.088049327988568 ], [ 72.675766419767768, 23.085961941762537 ], [ 72.673139860905195, 23.085961941762537 ], [ 72.672440544867399, 23.083874567863624 ], [ 72.675067078455243, 23.083874567863624 ], [ 72.672969546991141, 23.077612520115864 ], [ 72.670343089209723, 23.077612520115864 ], [ 72.669644101454637, 23.075525195511691 ], [ 72.674896966491715, 23.075525195511691 ], [ 72.674198010271638, 23.073437883227772 ], [ 72.676824417530284, 23.073437883227772 ], [ 72.677523399010269, 23.075525195511691 ], [ 72.680149831528794, 23.075525195511691 ], [ 72.678751900109432, 23.071350583262731 ], [ 72.68137828211114, 23.071350583262731 ], [ 72.680679414231719, 23.069263295615194 ], [ 72.67280034398857, 23.069263295615194 ], [ 72.672101633912931, 23.067176020283785 ], [ 72.666848970919531, 23.067176020283785 ], [ 72.66615039337546, 23.065088757267137 ], [ 72.66877669962409, 23.065088757267137 ], [ 72.668078178858181, 23.063001506563886 ], [ 72.670704459861739, 23.063001506563886 ], [ 72.670005995873552, 23.060914268172635 ], [ 72.67263225163498, 23.060914268172635 ], [ 72.671235519226514, 23.056739828320708 ], [ 72.668609313940422, 23.056739828320708 ], [ 72.669307613901893, 23.058827042092041 ], [ 72.666681383379611, 23.058827042092041 ], [ 72.665983108654331, 23.056739828320708 ], [ 72.663356903368253, 23.056739828320708 ], [ 72.66405515285733, 23.058827042092041 ], [ 72.661428922335048, 23.058827042092041 ], [ 72.660730698082162, 23.056739828320708 ], [ 72.663356903368253, 23.056739828320708 ], [ 72.662658735877116, 23.054652626857258 ], [ 72.665284915929973, 23.054652626857258 ], [ 72.665983108654331, 23.056739828320708 ], [ 72.668609313940422, 23.056739828320708 ], [ 72.667212960022837, 23.052565437700345 ], [ 72.669839114845431, 23.052565437700345 ], [ 72.671235519226514, 23.056739828320708 ], [ 72.676487929798711, 23.056739828320708 ], [ 72.675789636141431, 23.054652626857258 ], [ 72.678415816194303, 23.054652626857258 ], [ 72.677717579313224, 23.052565437700345 ], [ 72.672465269668024, 23.052565437700345 ], [ 72.671767165244631, 23.050478260848589 ], [ 72.669141035649346, 23.050478260848589 ], [ 72.668443038441154, 23.048391096300598 ], [ 72.671069142812101, 23.048391096300598 ], [ 72.669673343894388, 23.044216804110484 ], [ 72.672299397825569, 23.044216804110484 ], [ 72.674393294839945, 23.050478260848589 ], [ 72.679645554030529, 23.050478260848589 ], [ 72.67894745592497, 23.048391096300598 ], [ 72.681573560295931, 23.048391096300598 ], [ 72.68017755961904, 23.044216804110484 ], [ 72.674925451756721, 23.044216804110484 ], [ 72.674227624827992, 23.04212967646561 ], [ 72.676853653543688, 23.04212967646561 ], [ 72.676155883373966, 23.040042561119023 ], [ 72.678781886877189, 23.040042561119023 ], [ 72.68017755961904, 23.044216804110484 ], [ 72.682803613550192, 23.044216804110484 ], [ 72.683501598112002, 23.046303944055026 ], [ 72.686127677261567, 23.046303944055026 ], [ 72.685429667481344, 23.044216804110484 ], [ 72.690681775343677, 23.044216804110484 ], [ 72.688588086640891, 23.037955458069352 ], [ 72.699091999815636, 23.037955458069352 ], [ 72.69699874645967, 23.031694222688163 ], [ 72.699624649142535, 23.031694222688163 ], [ 72.700322343483819, 23.033781288855298 ], [ 72.705574199250862, 23.033781288855298 ], [ 72.703481210952219, 23.027520127226811 ], [ 72.700855358661769, 23.027520127226811 ], [ 72.700157885027437, 23.025433097929863 ], [ 72.697532057928726, 23.025433097929863 ], [ 72.696834691439776, 23.023346080920234 ], [ 72.694208889529889, 23.023346080920234 ], [ 72.692814452756423, 23.019172083757443 ], [ 72.684937198132928, 23.019172083757443 ], [ 72.684240178186755, 23.017085103601541 ], [ 72.68161445182551, 23.017085103601541 ], [ 72.680917538972878, 23.014998135727478 ], [ 72.678291837788606, 23.014998135727478 ], [ 72.678988725464265, 23.017085103601541 ], [ 72.67636299910302, 23.017085103601541 ], [ 72.67566613660432, 23.014998135727478 ], [ 72.670414734235777, 23.014998135727478 ], [ 72.669021355626398, 23.010824236819378 ], [ 72.671647006465619, 23.010824236819378 ], [ 72.670950414820325, 23.008737305782596 ], [ 72.673576040491469, 23.008737305782596 ], [ 72.672879505560601, 23.006650387022173 ], [ 72.675505106066623, 23.006650387022173 ], [ 72.674808627849785, 23.004563480536728 ], [ 72.672183052505929, 23.004563480536728 ], [ 72.671486681321198, 23.002476586324896 ], [ 72.674112231505845, 23.002476586324896 ], [ 72.673415917028478, 23.000389704385306 ], [ 72.676041442056842, 23.000389704385306 ], [ 72.675345184286471, 22.998302834716597 ], [ 72.677970684161536, 22.998302834716597 ], [ 72.677274483097804, 22.996215977317373 ], [ 72.674649008373081, 22.996215977317373 ], [ 72.673952914310334, 22.994129132186295 ], [ 72.666076565578308, 22.994129132186295 ], [ 72.666772584198895, 22.996215977317373 ], [ 72.664147109474172, 22.996215977317373 ], [ 72.662755204360337, 22.992042299321977 ], [ 72.660129779927416, 22.992042299321977 ], [ 72.659433975254515, 22.989955478723054 ], [ 72.664684773837394, 22.989955478723054 ], [ 72.66398900070449, 22.987868670388146 ], [ 72.658738252398649, 22.987868670388146 ], [ 72.658042611353494, 22.985781874315897 ], [ 72.665918658405587, 22.985781874315897 ], [ 72.664527470935639, 22.981608318953878 ], [ 72.667152769690759, 22.981608318953878 ], [ 72.666457273533354, 22.979521559661368 ], [ 72.663831999904929, 22.979521559661368 ], [ 72.663136610668715, 22.977434812626043 ], [ 72.668387107678086, 22.977434812626043 ], [ 72.66699647408673, 22.973261355321426 ], [ 72.664371275820656, 22.973261355321426 ], [ 72.665066526604591, 22.975348077846515 ], [ 72.662441303220675, 22.975348077846515 ], [ 72.661746077554568, 22.973261355321426 ], [ 72.664371275820656, 22.973261355321426 ], [ 72.661591090408038, 22.964914587738068 ], [ 72.658965992583717, 22.964914587738068 ], [ 72.659660891184942, 22.967001261259096 ], [ 72.654410645324305, 22.967001261259096 ], [ 72.653021030290503, 22.962827926464634 ], [ 72.660896248454264, 22.962827926464634 ], [ 72.658812213051192, 22.956568016116204 ], [ 72.656187215621387, 22.956568016116204 ], [ 72.655492725710118, 22.954481403819457 ], [ 72.644992836355925, 22.954481403819457 ], [ 72.644298528516998, 22.952394803763465 ], [ 72.646923475767252, 22.952394803763465 ], [ 72.646229224544086, 22.950308215946844 ], [ 72.648854146708999, 22.950308215946844 ], [ 72.649548423017507, 22.952394803763465 ], [ 72.657423264768283, 22.952394803763465 ], [ 72.658117698048684, 22.954481403819457 ], [ 72.665992615064326, 22.954481403819457 ], [ 72.665298106519046, 22.952394803763465 ], [ 72.662673159268806, 22.952394803763465 ], [ 72.661978757533575, 22.950308215946844 ], [ 72.659353835368663, 22.950308215946844 ], [ 72.658659540431358, 22.948221640368253 ], [ 72.645535055018712, 22.948221640368253 ], [ 72.644840967184848, 22.946135077026298 ], [ 72.642216095181752, 22.946135077026298 ], [ 72.6429101579362, 22.948221640368253 ], [ 72.627160775441027, 22.948221640368253 ], [ 72.626466863163216, 22.946135077026298 ], [ 72.629091735166313, 22.946135077026298 ], [ 72.628397879476637, 22.944048525919623 ], [ 72.620523338696827, 22.944048525919623 ], [ 72.621910981275974, 22.948221640368253 ], [ 72.619286084193448, 22.948221640368253 ], [ 72.61998000289492, 22.950308215946844 ], [ 72.617355080730007, 22.950308215946844 ], [ 72.616661187110907, 22.948221640368253 ], [ 72.61403629002838, 22.948221640368253 ], [ 72.613342503147763, 22.946135077026298 ], [ 72.610717631144681, 22.946135077026298 ], [ 72.611411392945854, 22.948221640368253 ], [ 72.606161598780815, 22.948221640368253 ], [ 72.606855392070358, 22.950308215946844 ], [ 72.601605547740505, 22.950308215946844 ], [ 72.602993278939124, 22.954481403819457 ], [ 72.595118361923483, 22.954481403819457 ], [ 72.591650022504183, 22.944048525919623 ], [ 72.586400328650953, 22.944048525919623 ], [ 72.588480936915929, 22.950308215946844 ], [ 72.591105859080855, 22.950308215946844 ], [ 72.591799583511872, 22.952394803763465 ], [ 72.589174636261603, 22.952394803763465 ], [ 72.589868417246365, 22.954481403819457 ], [ 72.587243444907827, 22.954481403819457 ], [ 72.586549689011335, 22.952394803763465 ], [ 72.589174636261603, 22.952394803763465 ], [ 72.588480936915929, 22.950308215946844 ], [ 72.585856014751016, 22.950308215946844 ], [ 72.584468911113774, 22.946135077026298 ], [ 72.581844039110692, 22.946135077026298 ], [ 72.582537525038063, 22.948221640368253 ], [ 72.579912627955537, 22.948221640368253 ], [ 72.580606170421191, 22.950308215946844 ], [ 72.577981248256265, 22.950308215946844 ], [ 72.578674847260586, 22.952394803763465 ], [ 72.581299794510841, 22.952394803763465 ], [ 72.581993500230737, 22.954481403819457 ], [ 72.576743555553648, 22.954481403819457 ], [ 72.577437292727538, 22.956568016116204 ], [ 72.580062290157329, 22.956568016116204 ], [ 72.580756134062327, 22.95865464065507 ], [ 72.572881066490339, 22.95865464065507 ], [ 72.57149361087653, 22.954481403819457 ], [ 72.563618693860889, 22.954481403819457 ], [ 72.562925163759047, 22.952394803763465 ], [ 72.568175058259541, 22.952394803763465 ], [ 72.567481559596601, 22.950308215946844 ], [ 72.570106481761513, 22.950308215946844 ], [ 72.569413039625417, 22.948221640368253 ], [ 72.558913451295325, 22.948221640368253 ], [ 72.556140899947721, 22.939875460406654 ], [ 72.553516103165236, 22.939875460406654 ], [ 72.552823194334337, 22.937788945997614 ], [ 72.550198422619488, 22.937788945997614 ], [ 72.549505620413143, 22.935702443818375 ], [ 72.546880873762987, 22.935702443818375 ], [ 72.548959449856127, 22.94196198704687 ], [ 72.551584271709189, 22.94196198704687 ], [ 72.552277318605107, 22.944048525919623 ], [ 72.549652471678499, 22.944048525919623 ], [ 72.550345575073607, 22.946135077026298 ], [ 72.547720703070524, 22.946135077026298 ], [ 72.552574535780792, 22.960741277437425 ], [ 72.547324440538517, 22.960741277437425 ] ], [ [ 72.660447912135794, 23.008737305782596 ], [ 72.659751503030577, 23.006650387022173 ], [ 72.662377103536571, 23.006650387022173 ], [ 72.663073537806923, 23.008737305782596 ], [ 72.660447912135794, 23.008737305782596 ], [ 72.661144403108722, 23.010824236819378 ], [ 72.663770053947943, 23.010824236819378 ], [ 72.664466651965952, 23.01291118013388 ], [ 72.659215299945402, 23.01291118013388 ], [ 72.658518752269487, 23.010824236819378 ], [ 72.655893101430252, 23.010824236819378 ], [ 72.655196660793493, 23.008737305782596 ], [ 72.660447912135794, 23.008737305782596 ] ], [ [ 72.596143833821898, 23.044216804110484 ], [ 72.596840986176019, 23.046303944055026 ], [ 72.594214907026441, 23.046303944055026 ], [ 72.593517779890732, 23.044216804110484 ], [ 72.596143833821898, 23.044216804110484 ] ], [ [ 72.511413844454111, 23.04212967646561 ], [ 72.512110108024771, 23.044216804110484 ], [ 72.509484054093605, 23.044216804110484 ], [ 72.508787815738401, 23.04212967646561 ], [ 72.511413844454111, 23.04212967646561 ] ], [ [ 72.545552217758299, 23.04212967646561 ], [ 72.54624880912985, 23.044216804110484 ], [ 72.543622755198683, 23.044216804110484 ], [ 72.542926189042603, 23.04212967646561 ], [ 72.545552217758299, 23.04212967646561 ] ], [ [ 72.621707050513834, 23.04212967646561 ], [ 72.622404373133506, 23.044216804110484 ], [ 72.619778319202339, 23.044216804110484 ], [ 72.61908102179811, 23.04212967646561 ], [ 72.621707050513834, 23.04212967646561 ] ], [ [ 72.509325544444209, 23.035868367315238 ], [ 72.510717662671311, 23.040042561119023 ], [ 72.508091659168088, 23.040042561119023 ], [ 72.506699591357091, 23.035868367315238 ], [ 72.509325544444209, 23.035868367315238 ] ], [ [ 72.674760588932799, 23.035868367315238 ], [ 72.675458195172453, 23.037955458069352 ], [ 72.67283221687876, 23.037955458069352 ], [ 72.673529879870756, 23.040042561119023 ], [ 72.670903876367547, 23.040042561119023 ], [ 72.669508682758561, 23.035868367315238 ], [ 72.674760588932799, 23.035868367315238 ] ], [ [ 72.507714112758265, 23.054652626857258 ], [ 72.508410791488856, 23.056739828320708 ], [ 72.505784586202751, 23.056739828320708 ], [ 72.505087932705408, 23.054652626857258 ], [ 72.507714112758265, 23.054652626857258 ] ], [ [ 72.661577217730155, 23.09848644407359 ], [ 72.662276956733422, 23.100573904291185 ], [ 72.657023484995733, 23.100573904291185 ], [ 72.656323796583493, 23.09848644407359 ], [ 72.661577217730155, 23.09848644407359 ] ], [ [ 72.628658066142862, 23.094311560643117 ], [ 72.629357337464114, 23.096398996191358 ], [ 72.624103966902538, 23.096398996191358 ], [ 72.623404746160446, 23.094311560643117 ], [ 72.628658066142862, 23.094311560643117 ] ], [ [ 72.557738246380083, 23.094311560643117 ], [ 72.559135505370094, 23.09848644407359 ], [ 72.556508794796756, 23.09848644407359 ], [ 72.557207521979521, 23.100573904291185 ], [ 72.559834257848365, 23.100573904291185 ], [ 72.560533092323922, 23.102661376845518 ], [ 72.557906331156587, 23.102661376845518 ], [ 72.558605222334293, 23.104748861737956 ], [ 72.555978435865498, 23.104748861737956 ], [ 72.554580786110662, 23.100573904291185 ], [ 72.551954050241818, 23.100573904291185 ], [ 72.550556779040392, 23.096398996191358 ], [ 72.547930093759604, 23.096398996191358 ], [ 72.547231606415224, 23.094311560643117 ], [ 72.557738246380083, 23.094311560643117 ] ], [ [ 72.56561822635372, 23.094311560643117 ], [ 72.566316890725147, 23.096398996191358 ], [ 72.56369020544436, 23.096398996191358 ], [ 72.562991566362513, 23.094311560643117 ], [ 72.56561822635372, 23.094311560643117 ] ], [ [ 72.548461487040328, 23.090136726543093 ], [ 72.549159835741847, 23.092224137427483 ], [ 72.546533201037235, 23.092224137427483 ], [ 72.54583487761937, 23.090136726543093 ], [ 72.548461487040328, 23.090136726543093 ] ], [ [ 72.559499600590172, 23.083874567863624 ], [ 72.560197829814129, 23.085961941762537 ], [ 72.557571270951541, 23.085961941762537 ], [ 72.556873067002329, 23.083874567863624 ], [ 72.559499600590172, 23.083874567863624 ] ], [ [ 72.626922679616214, 23.073437883227772 ], [ 72.624296272357583, 23.073437883227772 ], [ 72.622899565782078, 23.069263295615194 ], [ 72.625525922529789, 23.069263295615194 ], [ 72.626922679616214, 23.073437883227772 ], [ 72.629549086874846, 23.073437883227772 ], [ 72.63024761367646, 23.075525195511691 ], [ 72.627621181157906, 23.075525195511691 ], [ 72.626922679616214, 23.073437883227772 ] ], [ [ 72.597866430910628, 23.065088757267137 ], [ 72.598564352005411, 23.067176020283785 ], [ 72.601190683502111, 23.067176020283785 ], [ 72.602586822060417, 23.071350583262731 ], [ 72.599960440058723, 23.071350583262731 ], [ 72.599262355052673, 23.069263295615194 ], [ 72.596635998304976, 23.069263295615194 ], [ 72.59524012466197, 23.065088757267137 ], [ 72.597866430910628, 23.065088757267137 ] ], [ [ 72.609767782043519, 23.069263295615194 ], [ 72.612394138791231, 23.069263295615194 ], [ 72.60960211336041, 23.060914268172635 ], [ 72.612228369121851, 23.060914268172635 ], [ 72.613624268402504, 23.065088757267137 ], [ 72.616250574651147, 23.065088757267137 ], [ 72.617646852286654, 23.069263295615194 ], [ 72.615020495538943, 23.069263295615194 ], [ 72.615718732068871, 23.071350583262731 ], [ 72.613092350067191, 23.071350583262731 ], [ 72.613790643323057, 23.073437883227772 ], [ 72.611164236064411, 23.073437883227772 ], [ 72.609767782043519, 23.069263295615194 ], [ 72.607141425295794, 23.069263295615194 ], [ 72.605745349656559, 23.065088757267137 ], [ 72.603119043407915, 23.065088757267137 ], [ 72.601723346076085, 23.060914268172635 ], [ 72.604349601837512, 23.060914268172635 ], [ 72.605047434772686, 23.063001506563886 ], [ 72.607673715776244, 23.063001506563886 ], [ 72.609767782043519, 23.069263295615194 ] ], [ [ 72.630080329965779, 23.067176020283785 ], [ 72.630778636025212, 23.069263295615194 ], [ 72.628152279277487, 23.069263295615194 ], [ 72.627453998469079, 23.067176020283785 ], [ 72.630080329965779, 23.067176020283785 ] ], [ [ 72.623431401797617, 23.063001506563886 ], [ 72.624129493397092, 23.065088757267137 ], [ 72.621503187148448, 23.065088757267137 ], [ 72.62080512079406, 23.063001506563886 ], [ 72.623431401797617, 23.063001506563886 ] ], [ [ 72.61083279764641, 23.056739828320708 ], [ 72.611530542411643, 23.058827042092041 ], [ 72.608904311889361, 23.058827042092041 ], [ 72.608206592360318, 23.056739828320708 ], [ 72.61083279764641, 23.056739828320708 ] ], [ [ 72.501068741550597, 23.050478260848589 ], [ 72.498442611955312, 23.050478260848589 ], [ 72.497746254329243, 23.048391096300598 ], [ 72.50037235870019, 23.048391096300598 ], [ 72.501068741550597, 23.050478260848589 ], [ 72.503694871145896, 23.050478260848589 ], [ 72.504391361021888, 23.052565437700345 ], [ 72.501765206199309, 23.052565437700345 ], [ 72.50246175265255, 23.054652626857258 ], [ 72.499835572599679, 23.054652626857258 ], [ 72.499139051376702, 23.052565437700345 ], [ 72.501765206199309, 23.052565437700345 ], [ 72.501068741550597, 23.050478260848589 ] ], [ [ 72.543462934576766, 23.035868367315238 ], [ 72.544159280488046, 23.037955458069352 ], [ 72.541533302194367, 23.037955458069352 ], [ 72.540836981489662, 23.035868367315238 ], [ 72.543462934576766, 23.035868367315238 ] ], [ [ 72.65187470151254, 23.006650387022173 ], [ 72.652571035122364, 23.008737305782596 ], [ 72.649945409451234, 23.008737305782596 ], [ 72.649249101006532, 23.006650387022173 ], [ 72.65187470151254, 23.006650387022173 ] ], [ [ 72.656270685300015, 22.996215977317373 ], [ 72.656966685161009, 22.998302834716597 ], [ 72.654341185285929, 22.998302834716597 ], [ 72.653645210575277, 22.996215977317373 ], [ 72.656270685300015, 22.996215977317373 ] ], [ [ 72.562294201471246, 22.989955478723054 ], [ 72.563684032062071, 22.994129132186295 ], [ 72.561058582484733, 22.994129132186295 ], [ 72.560363651476791, 22.992042299321977 ], [ 72.557738227043885, 22.992042299321977 ], [ 72.557043402888368, 22.989955478723054 ], [ 72.562294201471246, 22.989955478723054 ] ], [ [ 72.49071430661148, 22.987868670388146 ], [ 72.491408420602383, 22.989955478723054 ], [ 72.488783021310937, 22.989955478723054 ], [ 72.488088932458567, 22.987868670388146 ], [ 72.49071430661148, 22.987868670388146 ] ], [ [ 72.589088631109007, 22.983695090504927 ], [ 72.590478524422608, 22.987868670388146 ], [ 72.587853150269694, 22.987868670388146 ], [ 72.588548194385652, 22.989955478723054 ], [ 72.58592279509422, 22.989955478723054 ], [ 72.584532838867275, 22.985781874315897 ], [ 72.58715818788464, 22.985781874315897 ], [ 72.58646330722425, 22.983695090504927 ], [ 72.589088631109007, 22.983695090504927 ] ], [ [ 72.5658505421288, 22.969087947029085 ], [ 72.567238939975894, 22.973261355321426 ], [ 72.564613741709834, 22.973261355321426 ], [ 72.563225394089528, 22.969087947029085 ], [ 72.5658505421288, 22.969087947029085 ] ], [ [ 72.652635616649988, 22.977434812626043 ], [ 72.653330905391257, 22.979521559661368 ], [ 72.650705631762833, 22.979521559661368 ], [ 72.650010368145303, 22.977434812626043 ], [ 72.652635616649988, 22.977434812626043 ] ], [ [ 72.619742905297386, 22.973261355321426 ], [ 72.620437729078247, 22.975348077846515 ], [ 72.617812505694346, 22.975348077846515 ], [ 72.617117707031312, 22.973261355321426 ], [ 72.619742905297386, 22.973261355321426 ] ], [ [ 72.56956230043815, 22.956568016116204 ], [ 72.572337764381601, 22.964914587738068 ], [ 72.569712666557294, 22.964914587738068 ], [ 72.569018703210546, 22.962827926464634 ], [ 72.566393630489301, 22.962827926464634 ], [ 72.565699773886521, 22.960741277437425 ], [ 72.568324821507673, 22.960741277437425 ], [ 72.566937303008359, 22.956568016116204 ], [ 72.56956230043815, 22.956568016116204 ] ] ] } },
{ "type": "Feature", "properties": { "ID": 322, "GRIDCODE": 1 }, "geometry": { "type": "Polygon", "coordinates": [ [ [ 72.651177041706745, 22.933615953867587 ], [ 72.648552320118299, 22.933615953867587 ], [ 72.64924599311972, 22.935702443818375 ], [ 72.646621246469536, 22.935702443818375 ], [ 72.64800878733476, 22.939875460406654 ], [ 72.653258380899729, 22.939875460406654 ], [ 72.65256451949881, 22.937788945997614 ], [ 72.655189291213659, 22.937788945997614 ], [ 72.654495486420061, 22.935702443818375 ], [ 72.65187073976989, 22.935702443818375 ], [ 72.651177041706745, 22.933615953867587 ] ] ] } },
{ "type": "Feature", "properties": { "ID": 323, "GRIDCODE": 1 }, "geometry": { "type": "Polygon", "coordinates": [ [ [ 72.45169820098522, 22.933615953867587 ], [ 72.453773825430744, 22.939875460406654 ], [ 72.461648215778197, 22.939875460406654 ], [ 72.460956184314441, 22.937788945997614 ], [ 72.458331412599577, 22.937788945997614 ], [ 72.456255882108252, 22.931529476143865 ], [ 72.453631185578587, 22.931529476143865 ], [ 72.454322922573667, 22.933615953867587 ], [ 72.45169820098522, 22.933615953867587 ] ] ] } },
{ "type": "Feature", "properties": { "ID": 324, "GRIDCODE": 1 }, "geometry": { "type": "Polygon", "coordinates": [ [ [ 72.563868439824304, 22.931529476143865 ], [ 72.561243743294639, 22.931529476143865 ], [ 72.561936507699741, 22.933615953867587 ], [ 72.556687064522862, 22.933615953867587 ], [ 72.557379860363667, 22.935702443818375 ], [ 72.554755113713512, 22.935702443818375 ], [ 72.555447966049201, 22.937788945997614 ], [ 72.560697509478899, 22.937788945997614 ], [ 72.560004607013852, 22.935702443818375 ], [ 72.565254100314192, 22.935702443818375 ], [ 72.563868439824304, 22.931529476143865 ] ] ] } },
{ "type": "Feature", "properties": { "ID": 325, "GRIDCODE": 1 }, "geometry": { "type": "Polygon", "coordinates": [ [ [ 72.578923760759281, 22.929443010645855 ], [ 72.573674417811631, 22.929443010645855 ], [ 72.575060115641946, 22.933615953867587 ], [ 72.572435394053514, 22.933615953867587 ], [ 72.573128340264716, 22.935702443818375 ], [ 72.581002580215227, 22.935702443818375 ], [ 72.580309558818826, 22.933615953867587 ], [ 72.577684837230393, 22.933615953867587 ], [ 72.576991922472601, 22.931529476143865 ], [ 72.579616619002266, 22.931529476143865 ], [ 72.578923760759281, 22.929443010645855 ] ] ] } },
{ "type": "Feature", "properties": { "ID": 326, "GRIDCODE": 1 }, "geometry": { "type": "Polygon", "coordinates": [ [ [ 72.59729646107607, 22.929443010645855 ], [ 72.594671789602245, 22.929443010645855 ], [ 72.595364798180228, 22.931529476143865 ], [ 72.597989494709893, 22.931529476143865 ], [ 72.59729646107607, 22.929443010645855 ] ] ] } },
{ "type": "Feature", "properties": { "ID": 327, "GRIDCODE": 1 }, "geometry": { "type": "Polygon", "coordinates": [ [ [ 72.835446333336492, 22.927356557372185 ], [ 72.832821686915551, 22.927356557372185 ], [ 72.833516893720684, 22.929443010645855 ], [ 72.836141565194509, 22.929443010645855 ], [ 72.835446333336492, 22.927356557372185 ] ] ] } },
{ "type": "Feature", "properties": { "ID": 328, "GRIDCODE": 1 }, "geometry": { "type": "Polygon", "coordinates": [ [ [ 72.654890281798259, 22.921097270883532 ], [ 72.649641139238256, 22.921097270883532 ], [ 72.65033437248232, 22.923183687492386 ], [ 72.65295896880636, 22.923183687492386 ], [ 72.653652308728567, 22.925270116321478 ], [ 72.656276930099565, 22.925270116321478 ], [ 72.654890281798259, 22.921097270883532 ] ] ] } },
{ "type": "Feature", "properties": { "ID": 329, "GRIDCODE": 1 }, "geometry": { "type": "Polygon", "coordinates": [ [ [ 72.715255421238226, 22.921097270883532 ], [ 72.710006278678236, 22.921097270883532 ], [ 72.711393978890882, 22.925270116321478 ], [ 72.716643221632935, 22.925270116321478 ], [ 72.715255421238226, 22.921097270883532 ] ] ] } },
{ "type": "Feature", "properties": { "ID": 330, "GRIDCODE": 1 }, "geometry": { "type": "Polygon", "coordinates": [ [ [ 72.45169820098522, 22.933615953867587 ], [ 72.450314858541688, 22.929443010645855 ], [ 72.452939530015513, 22.929443010645855 ], [ 72.452247955878192, 22.927356557372185 ], [ 72.454872602299147, 22.927356557372185 ], [ 72.453489648179897, 22.923183687492386 ], [ 72.448240455531831, 22.923183687492386 ], [ 72.44754915067837, 22.921097270883532 ], [ 72.444924579398361, 22.921097270883532 ], [ 72.444233380983874, 22.919010866493544 ], [ 72.438984288506035, 22.919010866493544 ], [ 72.440366666559726, 22.923183687492386 ], [ 72.442991262883751, 22.923183687492386 ], [ 72.445065515594024, 22.929443010645855 ], [ 72.442440844120185, 22.929443010645855 ], [ 72.443132399459941, 22.931529476143865 ], [ 72.445757095989606, 22.931529476143865 ], [ 72.447140501056424, 22.935702443818375 ], [ 72.449765247706608, 22.935702443818375 ], [ 72.449073479396787, 22.933615953867587 ], [ 72.45169820098522, 22.933615953867587 ] ] ] } },
{ "type": "Feature", "properties": { "ID": 331, "GRIDCODE": 1 }, "geometry": { "type": "Polygon", "coordinates": [ [ [ 72.432353243652258, 22.914838094364715 ], [ 72.429728747486678, 22.914838094364715 ], [ 72.430419657954147, 22.916924474321061 ], [ 72.433044179154919, 22.916924474321061 ], [ 72.432353243652258, 22.914838094364715 ] ] ] } },
{ "type": "Feature", "properties": { "ID": 332, "GRIDCODE": 1 }, "geometry": { "type": "Polygon", "coordinates": [ [ [ 72.429037918380686, 22.912751726623142 ], [ 72.426413447247327, 22.912751726623142 ], [ 72.427104251321097, 22.914838094364715 ], [ 72.429728747486678, 22.914838094364715 ], [ 72.429037918380686, 22.912751726623142 ] ] ] } },
{ "type": "Feature", "properties": { "ID": 334, "GRIDCODE": 1 }, "geometry": { "type": "Polygon", "coordinates": [ [ [ 72.431662389514031, 22.912751726623142 ], [ 72.432353243652258, 22.914838094364715 ], [ 72.434977739817853, 22.914838094364715 ], [ 72.434286860647376, 22.912751726623142 ], [ 72.431662389514031, 22.912751726623142 ] ] ] } },
{ "type": "Feature", "properties": { "ID": 335, "GRIDCODE": 1 }, "geometry": { "type": "Polygon", "coordinates": [ [ [ 72.750460296786954, 22.908579027778842 ], [ 72.747835875709242, 22.908579027778842 ], [ 72.748529595324982, 22.910665371094971 ], [ 72.751154041429032, 22.910665371094971 ], [ 72.750460296786954, 22.908579027778842 ] ] ] } },
{ "type": "Feature", "properties": { "ID": 336, "GRIDCODE": 1 }, "geometry": { "type": "Polygon", "coordinates": [ [ [ 72.421717127060589, 22.906492696673382 ], [ 72.419092731006273, 22.906492696673382 ], [ 72.419783240995045, 22.908579027778842 ], [ 72.422407662072757, 22.908579027778842 ], [ 72.421717127060589, 22.906492696673382 ] ] ] } },
{ "type": "Feature", "properties": { "ID": 337, "GRIDCODE": 1 }, "geometry": { "type": "Polygon", "coordinates": [ [ [ 72.650039583786167, 22.906492696673382 ], [ 72.647415187731852, 22.906492696673382 ], [ 72.648107874756136, 22.908579027778842 ], [ 72.650732295833848, 22.908579027778842 ], [ 72.650039583786167, 22.906492696673382 ] ] ] } },
{ "type": "Feature", "properties": { "ID": 338, "GRIDCODE": 1 }, "geometry": { "type": "Polygon", "coordinates": [ [ [ 72.757639822013147, 22.906492696673382 ], [ 72.752391029904516, 22.906492696673382 ], [ 72.753084717864667, 22.908579027778842 ], [ 72.758333560020091, 22.908579027778842 ], [ 72.757639822013147, 22.906492696673382 ] ] ] } },
{ "type": "Feature", "properties": { "ID": 339, "GRIDCODE": 1 }, "geometry": { "type": "Polygon", "coordinates": [ [ [ 72.429037918380686, 22.912751726623142 ], [ 72.431662389514031, 22.912751726623142 ], [ 72.430971616733984, 22.910665371094971 ], [ 72.4362205089421, 22.910665371094971 ], [ 72.43414852854842, 22.904406377777224 ], [ 72.428899786480684, 22.904406377777224 ], [ 72.430280925305908, 22.908579027778842 ], [ 72.427656504228196, 22.908579027778842 ], [ 72.429037918380686, 22.912751726623142 ] ] ] } },
{ "type": "Feature", "properties": { "ID": 340, "GRIDCODE": 1 }, "geometry": { "type": "Polygon", "coordinates": [ [ [ 72.439397270616169, 22.904406377777224 ], [ 72.436772899582294, 22.904406377777224 ], [ 72.438154188539045, 22.908579027778842 ], [ 72.440778609616771, 22.908579027778842 ], [ 72.439397270616169, 22.904406377777224 ] ] ] } },
{ "type": "Feature", "properties": { "ID": 341, "GRIDCODE": 1 }, "geometry": { "type": "Polygon", "coordinates": [ [ [ 72.596859532648196, 22.904406377777224 ], [ 72.597551662699829, 22.906492696673382 ], [ 72.592302870591197, 22.906492696673382 ], [ 72.592995032124165, 22.908579027778842 ], [ 72.590370611046438, 22.908579027778842 ], [ 72.591062829081508, 22.910665371094971 ], [ 72.588438382977458, 22.910665371094971 ], [ 72.591900571078284, 22.921097270883532 ], [ 72.589275999798289, 22.921097270883532 ], [ 72.590661395824199, 22.925270116321478 ], [ 72.593286017195197, 22.925270116321478 ], [ 72.593978862609333, 22.927356557372185 ], [ 72.596603509030288, 22.927356557372185 ], [ 72.595910638566224, 22.925270116321478 ], [ 72.59853525993725, 22.925270116321478 ], [ 72.597149713638288, 22.921097270883532 ], [ 72.599774284918297, 22.921097270883532 ], [ 72.599081609079789, 22.919010866493544 ], [ 72.601706155318695, 22.919010866493544 ], [ 72.598936167393688, 22.910665371094971 ], [ 72.601560613497753, 22.910665371094971 ], [ 72.599483903682057, 22.904406377777224 ], [ 72.596859532648196, 22.904406377777224 ] ] ] } },
{ "type": "Feature", "properties": { "ID": 342, "GRIDCODE": 1 }, "geometry": { "type": "Polygon", "coordinates": [ [ [ 72.638849469190077, 22.904406377777224 ], [ 72.636225098156203, 22.904406377777224 ], [ 72.637610190445272, 22.908579027778842 ], [ 72.640234611522985, 22.908579027778842 ], [ 72.638849469190077, 22.904406377777224 ] ] ] } },
{ "type": "Feature", "properties": { "ID": 343, "GRIDCODE": 1 }, "geometry": { "type": "Polygon", "coordinates": [ [ [ 72.421717127060589, 22.906492696673382 ], [ 72.424341523114919, 22.906492696673382 ], [ 72.422960647038408, 22.902320071089012 ], [ 72.417711955005672, 22.902320071089012 ], [ 72.418402302345228, 22.904406377777224 ], [ 72.421026673379089, 22.904406377777224 ], [ 72.421717127060589, 22.906492696673382 ] ] ] } },
{ "type": "Feature", "properties": { "ID": 344, "GRIDCODE": 1 }, "geometry": { "type": "Polygon", "coordinates": [ [ [ 72.634148071452685, 22.898147494330932 ], [ 72.634840332131517, 22.900233776607369 ], [ 72.632216011129714, 22.900233776607369 ], [ 72.632908328347582, 22.902320071089012 ], [ 72.638157020380305, 22.902320071089012 ], [ 72.636772367442887, 22.898147494330932 ], [ 72.634148071452685, 22.898147494330932 ] ] ] } },
{ "type": "Feature", "properties": { "ID": 345, "GRIDCODE": 1 }, "geometry": { "type": "Polygon", "coordinates": [ [ [ 72.838843158688263, 22.898147494330932 ], [ 72.836218862698075, 22.898147494330932 ], [ 72.836913049270819, 22.900233776607369 ], [ 72.839537370272623, 22.900233776607369 ], [ 72.838843158688263, 22.898147494330932 ] ] ] } },
{ "type": "Feature", "properties": { "ID": 346, "GRIDCODE": 1 }, "geometry": { "type": "Polygon", "coordinates": [ [ [ 72.596859532648196, 22.904406377777224 ], [ 72.596167484118467, 22.902320071089012 ], [ 72.598791830134843, 22.902320071089012 ], [ 72.596716098579719, 22.896061224258339 ], [ 72.594091827598177, 22.896061224258339 ], [ 72.594783631599697, 22.898147494330932 ], [ 72.592159335609495, 22.898147494330932 ], [ 72.594235161614336, 22.904406377777224 ], [ 72.596859532648196, 22.904406377777224 ] ] ] } },
{ "type": "Feature", "properties": { "ID": 347, "GRIDCODE": 1 }, "geometry": { "type": "Polygon", "coordinates": [ [ [ 72.634148071452685, 22.898147494330932 ], [ 72.633455892321237, 22.896061224258339 ], [ 72.630831621339709, 22.896061224258339 ], [ 72.631523775462483, 22.898147494330932 ], [ 72.634148071452685, 22.898147494330932 ] ] ] } },
{ "type": "Feature", "properties": { "ID": 349, "GRIDCODE": 1 }, "geometry": { "type": "Polygon", "coordinates": [ [ [ 72.681931977163401, 22.891888720719209 ], [ 72.682624468271484, 22.893974966388221 ], [ 72.680000222295675, 22.893974966388221 ], [ 72.679307756190354, 22.891888720719209 ], [ 72.681931977163401, 22.891888720719209 ], [ 72.681239567639935, 22.889802487249945 ], [ 72.673366979720271, 22.889802487249945 ], [ 72.674751730344042, 22.893974966388221 ], [ 72.672127484368218, 22.893974966388221 ], [ 72.673512511305688, 22.898147494330932 ], [ 72.681385399276294, 22.898147494330932 ], [ 72.680692769988894, 22.896061224258339 ], [ 72.685941311951964, 22.896061224258339 ], [ 72.684556198136448, 22.891888720719209 ], [ 72.681931977163401, 22.891888720719209 ] ] ] } },
{ "type": "Feature", "properties": { "ID": 350, "GRIDCODE": 1 }, "geometry": { "type": "Polygon", "coordinates": [ [ [ 72.411502487389939, 22.883543860026965 ], [ 72.408878366398511, 22.883543860026965 ], [ 72.40956795713366, 22.885630056905189 ], [ 72.41219210311607, 22.885630056905189 ], [ 72.411502487389939, 22.883543860026965 ] ] ] } },
{ "type": "Feature", "properties": { "ID": 351, "GRIDCODE": 1 }, "geometry": { "type": "Polygon", "coordinates": [ [ [ 72.595190956789367, 22.883543860026965 ], [ 72.58994271480654, 22.883543860026965 ], [ 72.590634029919954, 22.885630056905189 ], [ 72.588009883937545, 22.885630056905189 ], [ 72.588701255522778, 22.887716265979066 ], [ 72.591325426499125, 22.887716265979066 ], [ 72.59201690455032, 22.889802487249945 ], [ 72.589392708577094, 22.889802487249945 ], [ 72.590084243106674, 22.891888720719209 ], [ 72.600581126998861, 22.891888720719209 ], [ 72.599197939428151, 22.887716265979066 ], [ 72.596573768451805, 22.887716265979066 ], [ 72.595190956789367, 22.883543860026965 ] ] ] } },
{ "type": "Feature", "properties": { "ID": 352, "GRIDCODE": 1 }, "geometry": { "type": "Polygon", "coordinates": [ [ [ 72.551823334696238, 22.879371502851996 ], [ 72.549199263677977, 22.879371502851996 ], [ 72.550580899935227, 22.883543860026965 ], [ 72.55320502092664, 22.883543860026965 ], [ 72.551823334696238, 22.879371502851996 ] ] ] } },
{ "type": "Feature", "properties": { "ID": 353, "GRIDCODE": 1 }, "geometry": { "type": "Polygon", "coordinates": [ [ [ 72.567567760805886, 22.879371502851996 ], [ 72.564943689787611, 22.879371502851996 ], [ 72.565634617122257, 22.881457675343022 ], [ 72.568258713125658, 22.881457675343022 ], [ 72.567567760805886, 22.879371502851996 ] ] ] } },
{ "type": "Feature", "properties": { "ID": 354, "GRIDCODE": 1 }, "geometry": { "type": "Polygon", "coordinates": [ [ [ 72.52282122798286, 22.871026934789754 ], [ 72.517573285768236, 22.871026934789754 ], [ 72.518263462911364, 22.873113058522765 ], [ 72.523511455072651, 22.873113058522765 ], [ 72.52282122798286, 22.871026934789754 ] ] ] } },
{ "type": "Feature", "properties": { "ID": 355, "GRIDCODE": 1 }, "geometry": { "type": "Polygon", "coordinates": [ [ [ 72.660508839834947, 22.86685472388065 ], [ 72.657884918665459, 22.86685472388065 ], [ 72.65926772556324, 22.871026934789754 ], [ 72.661891696670565, 22.871026934789754 ], [ 72.660508839834947, 22.86685472388065 ] ] ] } },
{ "type": "Feature", "properties": { "ID": 356, "GRIDCODE": 1 }, "geometry": { "type": "Polygon", "coordinates": [ [ [ 72.829677939803901, 22.862682561704997 ], [ 72.827054068560443, 22.862682561704997 ], [ 72.828439794682708, 22.86685472388065 ], [ 72.83106371585221, 22.86685472388065 ], [ 72.829677939803901, 22.862682561704997 ] ] ] } },
{ "type": "Feature", "properties": { "ID": 357, "GRIDCODE": 1 }, "geometry": { "type": "Polygon", "coordinates": [ [ [ 72.797499018875627, 22.8605964988888 ], [ 72.794875172590793, 22.8605964988888 ], [ 72.796260136322985, 22.864768636701825 ], [ 72.79888403252798, 22.864768636701825 ], [ 72.797499018875627, 22.8605964988888 ] ] ] } },
{ "type": "Feature", "properties": { "ID": 358, "GRIDCODE": 1 }, "geometry": { "type": "Polygon", "coordinates": [ [ [ 72.592148570825657, 22.858510448251874 ], [ 72.589524749496476, 22.858510448251874 ], [ 72.590215162373298, 22.8605964988888 ], [ 72.592839008658132, 22.8605964988888 ], [ 72.592148570825657, 22.858510448251874 ] ] ] } },
{ "type": "Feature", "properties": { "ID": 360, "GRIDCODE": 1 }, "geometry": { "type": "Polygon", "coordinates": [ [ [ 72.704281458577029, 22.856424409792858 ], [ 72.701657662200589, 22.856424409792858 ], [ 72.703040552621388, 22.8605964988888 ], [ 72.700416706336568, 22.8605964988888 ], [ 72.701108248874888, 22.862682561704997 ], [ 72.708979862605233, 22.862682561704997 ], [ 72.707596709309229, 22.858510448251874 ], [ 72.704972887980063, 22.858510448251874 ], [ 72.704281458577029, 22.856424409792858 ] ] ] } },
{ "type": "Feature", "properties": { "ID": 361, "GRIDCODE": 1 }, "geometry": { "type": "Polygon", "coordinates": [ [ [ 72.856461648410956, 22.856424409792858 ], [ 72.853837852034516, 22.856424409792858 ], [ 72.855223637142103, 22.8605964988888 ], [ 72.857847483426937, 22.8605964988888 ], [ 72.856461648410956, 22.856424409792858 ] ] ] } },
{ "type": "Feature", "properties": { "ID": 362, "GRIDCODE": 1 }, "geometry": { "type": "Polygon", "coordinates": [ [ [ 72.652356950261961, 22.850166367469587 ], [ 72.649733228726049, 22.850166367469587 ], [ 72.651114682157626, 22.854338383510377 ], [ 72.653738453584296, 22.854338383510377 ], [ 72.652356950261961, 22.850166367469587 ] ] ] } },
{ "type": "Feature", "properties": { "ID": 363, "GRIDCODE": 1 }, "geometry": { "type": "Polygon", "coordinates": [ [ [ 72.622805658222873, 22.848080377708545 ], [ 72.620181961627893, 22.848080377708545 ], [ 72.621562703440986, 22.852252369403072 ], [ 72.624186449920799, 22.852252369403072 ], [ 72.622805658222873, 22.848080377708545 ] ] ] } },
{ "type": "Feature", "properties": { "ID": 364, "GRIDCODE": 1 }, "geometry": { "type": "Polygon", "coordinates": [ [ [ 72.589524749496476, 22.858510448251874 ], [ 72.588834418013349, 22.856424409792858 ], [ 72.591458214389817, 22.856424409792858 ], [ 72.592148570825657, 22.858510448251874 ], [ 72.594772392154837, 22.858510448251874 ], [ 72.59339171077103, 22.854338383510377 ], [ 72.596015482197686, 22.854338383510377 ], [ 72.594635076471718, 22.850166367469587 ], [ 72.59725879800763, 22.850166367469587 ], [ 72.595878667913254, 22.845994400118588 ], [ 72.593254996256306, 22.845994400118588 ], [ 72.592565078199556, 22.843908434698353 ], [ 72.58731778475584, 22.843908434698353 ], [ 72.588007652942423, 22.845994400118588 ], [ 72.585383981285474, 22.845994400118588 ], [ 72.587453999203291, 22.852252369403072 ], [ 72.584830252723478, 22.852252369403072 ], [ 72.58690092816731, 22.858510448251874 ], [ 72.589524749496476, 22.858510448251874 ] ] ] } },
{ "type": "Feature", "properties": { "ID": 365, "GRIDCODE": 1 }, "geometry": { "type": "Polygon", "coordinates": [ [ [ 72.723747414292873, 22.843908434698353 ], [ 72.718500120849114, 22.843908434698353 ], [ 72.71988243223646, 22.848080377708545 ], [ 72.725129825426379, 22.848080377708545 ], [ 72.723747414292873, 22.843908434698353 ] ] ] } },
{ "type": "Feature", "properties": { "ID": 366, "GRIDCODE": 1 }, "geometry": { "type": "Polygon", "coordinates": [ [ [ 72.714494538601855, 22.839736540361589 ], [ 72.711870941741338, 22.839736540361589 ], [ 72.712561843829334, 22.841822481446474 ], [ 72.715185465619072, 22.841822481446474 ], [ 72.714494538601855, 22.839736540361589 ] ] ] } },
{ "type": "Feature", "properties": { "ID": 367, "GRIDCODE": 1 }, "geometry": { "type": "Polygon", "coordinates": [ [ [ 72.454070071576226, 22.837650611442339 ], [ 72.451446499641946, 22.837650611442339 ], [ 72.452134852548681, 22.839736540361589 ], [ 72.454758449409226, 22.839736540361589 ], [ 72.454070071576226, 22.837650611442339 ] ] ] } },
{ "type": "Feature", "properties": { "ID": 368, "GRIDCODE": 1 }, "geometry": { "type": "Polygon", "coordinates": [ [ [ 72.35037619793394, 22.833478790095267 ], [ 72.347752675843367, 22.833478790095267 ], [ 72.348439894492415, 22.835564694687349 ], [ 72.351063441503385, 22.835564694687349 ], [ 72.35037619793394, 22.833478790095267 ] ] ] } },
{ "type": "Feature", "properties": { "ID": 369, "GRIDCODE": 1 }, "geometry": { "type": "Polygon", "coordinates": [ [ [ 72.35037619793394, 22.833478790095267 ], [ 72.352999720024528, 22.833478790095267 ], [ 72.352312532598134, 22.831392897664728 ], [ 72.349689035425001, 22.831392897664728 ], [ 72.35037619793394, 22.833478790095267 ] ] ] } },
{ "type": "Feature", "properties": { "ID": 370, "GRIDCODE": 1 }, "geometry": { "type": "Polygon", "coordinates": [ [ [ 72.740590114223195, 22.831392897664728 ], [ 72.737966617050049, 22.831392897664728 ], [ 72.738657467339848, 22.833478790095267 ], [ 72.741280989430422, 22.833478790095267 ], [ 72.740590114223195, 22.831392897664728 ] ] ] } },
{ "type": "Feature", "properties": { "ID": 371, "GRIDCODE": 1 }, "geometry": { "type": "Polygon", "coordinates": [ [ [ 72.753707600088902, 22.831392897664728 ], [ 72.751084102915769, 22.831392897664728 ], [ 72.751775077792757, 22.833478790095267 ], [ 72.754398599883331, 22.833478790095267 ], [ 72.753707600088902, 22.831392897664728 ] ] ] } },
{ "type": "Feature", "properties": { "ID": 372, "GRIDCODE": 1 }, "geometry": { "type": "Polygon", "coordinates": [ [ [ 72.353561848257982, 22.82722114928281 ], [ 72.350938400910891, 22.82722114928281 ], [ 72.351625426228992, 22.82930701739436 ], [ 72.354248898487626, 22.82930701739436 ], [ 72.353561848257982, 22.82722114928281 ] ] ] } },
{ "type": "Feature", "properties": { "ID": 373, "GRIDCODE": 1 }, "geometry": { "type": "Polygon", "coordinates": [ [ [ 72.587048662148391, 22.82722114928281 ], [ 72.581801767454223, 22.82722114928281 ], [ 72.58249098498959, 22.82930701739436 ], [ 72.587737929506872, 22.82930701739436 ], [ 72.587048662148391, 22.82722114928281 ] ] ] } },
{ "type": "Feature", "properties": { "ID": 374, "GRIDCODE": 1 }, "geometry": { "type": "Polygon", "coordinates": [ [ [ 72.647387951131279, 22.82722114928281 ], [ 72.642141056437126, 22.82722114928281 ], [ 72.64352071881693, 22.831392897664728 ], [ 72.646144215990077, 22.831392897664728 ], [ 72.645454319197029, 22.82930701739436 ], [ 72.648077791455663, 22.82930701739436 ], [ 72.647387951131279, 22.82722114928281 ] ] ] } },
{ "type": "Feature", "properties": { "ID": 375, "GRIDCODE": 1 }, "geometry": { "type": "Polygon", "coordinates": [ [ [ 72.358808742952135, 22.82722114928281 ], [ 72.361432190299212, 22.82722114928281 ], [ 72.360745146391508, 22.825135293328707 ], [ 72.358121723953062, 22.825135293328707 ], [ 72.358808742952135, 22.82722114928281 ] ] ] } },
{ "type": "Feature", "properties": { "ID": 376, "GRIDCODE": 1 }, "geometry": { "type": "Polygon", "coordinates": [ [ [ 72.358808742952135, 22.82722114928281 ], [ 72.356185295605059, 22.82722114928281 ], [ 72.358934082536251, 22.835564694687349 ], [ 72.361557629547207, 22.835564694687349 ], [ 72.360183024117561, 22.831392897664728 ], [ 72.362806521290707, 22.831392897664728 ], [ 72.364868625810857, 22.837650611442339 ], [ 72.36749219774515, 22.837650611442339 ], [ 72.368179753011674, 22.839736540361589 ], [ 72.365556156151129, 22.839736540361589 ], [ 72.366243767585132, 22.841822481446474 ], [ 72.371491011164608, 22.841822481446474 ], [ 72.370803349872205, 22.839736540361589 ], [ 72.373426946732735, 22.839736540361589 ], [ 72.370677012810134, 22.831392897664728 ], [ 72.373300509983281, 22.831392897664728 ], [ 72.37192597968756, 22.82722114928281 ], [ 72.36930253234047, 22.82722114928281 ], [ 72.368615413706905, 22.825135293328707 ], [ 72.363368568829983, 22.825135293328707 ], [ 72.364742787522204, 22.82930701739436 ], [ 72.359495843004908, 22.82930701739436 ], [ 72.358808742952135, 22.82722114928281 ] ] ] } },
{ "type": "Feature", "properties": { "ID": 377, "GRIDCODE": 1 }, "geometry": { "type": "Polygon", "coordinates": [ [ [ 72.544384717083844, 22.825135293328707 ], [ 72.541761294645383, 22.825135293328707 ], [ 72.542450057247962, 22.82722114928281 ], [ 72.545073504595052, 22.82722114928281 ], [ 72.544384717083844, 22.825135293328707 ] ] ] } },
{ "type": "Feature", "properties": { "ID": 378, "GRIDCODE": 1 }, "geometry": { "type": "Polygon", "coordinates": [ [ [ 72.590228093164285, 22.820963617887408 ], [ 72.587604720534245, 22.820963617887408 ], [ 72.589672109495467, 22.82722114928281 ], [ 72.592295556842544, 22.82722114928281 ], [ 72.590228093164285, 22.820963617887408 ] ] ] } },
{ "type": "Feature", "properties": { "ID": 379, "GRIDCODE": 1 }, "geometry": { "type": "Polygon", "coordinates": [ [ [ 72.584292405745927, 22.818877798397487 ], [ 72.581669058015706, 22.818877798397487 ], [ 72.582357975274178, 22.820963617887408 ], [ 72.584981347904218, 22.820963617887408 ], [ 72.584292405745927, 22.818877798397487 ] ] ] } },
{ "type": "Feature", "properties": { "ID": 380, "GRIDCODE": 1 }, "geometry": { "type": "Polygon", "coordinates": [ [ [ 72.6866029672248, 22.818877798397487 ], [ 72.683979619494579, 22.818877798397487 ], [ 72.685359477598851, 22.8230494495307 ], [ 72.687982875131624, 22.8230494495307 ], [ 72.6866029672248, 22.818877798397487 ] ] ] } },
{ "type": "Feature", "properties": { "ID": 381, "GRIDCODE": 1 }, "geometry": { "type": "Polygon", "coordinates": [ [ [ 72.720706487717763, 22.818877798397487 ], [ 72.718083139987542, 22.818877798397487 ], [ 72.718773352035953, 22.820963617887408 ], [ 72.721396724665993, 22.820963617887408 ], [ 72.720706487717763, 22.818877798397487 ] ] ] } },
{ "type": "Feature", "properties": { "ID": 382, "GRIDCODE": 1 }, "geometry": { "type": "Polygon", "coordinates": [ [ [ 72.753707600088902, 22.831392897664728 ], [ 72.756331097262049, 22.831392897664728 ], [ 72.755640154060046, 22.82930701739436 ], [ 72.75826362631868, 22.82930701739436 ], [ 72.757572739708777, 22.82722114928281 ], [ 72.760196187055882, 22.82722114928281 ], [ 72.759505357037725, 22.825135293328707 ], [ 72.762128779476171, 22.825135293328707 ], [ 72.760747314116514, 22.820963617887408 ], [ 72.758123941486474, 22.820963617887408 ], [ 72.757433355940947, 22.818877798397487 ], [ 72.749563312750269, 22.818877798397487 ], [ 72.750944415918326, 22.8230494495307 ], [ 72.748321018385539, 22.8230494495307 ], [ 72.749702397667548, 22.82722114928281 ], [ 72.752325845014624, 22.82722114928281 ], [ 72.753707600088902, 22.831392897664728 ] ] ] } },
{ "type": "Feature", "properties": { "ID": 383, "GRIDCODE": 1 }, "geometry": { "type": "Polygon", "coordinates": [ [ [ 72.823017049196636, 22.818877798397487 ], [ 72.820393701466415, 22.818877798397487 ], [ 72.821084884607302, 22.820963617887408 ], [ 72.823708257237328, 22.820963617887408 ], [ 72.823017049196636, 22.818877798397487 ] ] ] } },
{ "type": "Feature", "properties": { "ID": 384, "GRIDCODE": 1 }, "geometry": { "type": "Polygon", "coordinates": [ [ [ 72.756052429279052, 22.814706195872272 ], [ 72.756742851873881, 22.81679199105956 ], [ 72.759366174707239, 22.81679199105956 ], [ 72.75867572721846, 22.814706195872272 ], [ 72.756052429279052, 22.814706195872272 ] ] ] } },
{ "type": "Feature", "properties": { "ID": 385, "GRIDCODE": 1 }, "geometry": { "type": "Polygon", "coordinates": [ [ [ 72.756052429279052, 22.814706195872272 ], [ 72.755362088150221, 22.812620412834264 ], [ 72.752738815101793, 22.812620412834264 ], [ 72.753429131339615, 22.814706195872272 ], [ 72.756052429279052, 22.814706195872272 ] ] ] } },
{ "type": "Feature", "properties": { "ID": 386, "GRIDCODE": 1 }, "geometry": { "type": "Polygon", "coordinates": [ [ [ 72.56304490237801, 22.80219167983563 ], [ 72.557798605102974, 22.80219167983563 ], [ 72.559174872410395, 22.806363136602243 ], [ 72.564421269196544, 22.806363136602243 ], [ 72.56304490237801, 22.80219167983563 ] ] ] } },
{ "type": "Feature", "properties": { "ID": 387, "GRIDCODE": 1 }, "geometry": { "type": "Polygon", "coordinates": [ [ [ 72.490157962557745, 22.795934585740575 ], [ 72.487534888531556, 22.795934585740575 ], [ 72.488222091405348, 22.79802027163343 ], [ 72.490845190299055, 22.79802027163343 ], [ 72.490157962557745, 22.795934585740575 ] ] ] } },
{ "type": "Feature", "properties": { "ID": 388, "GRIDCODE": 1 }, "geometry": { "type": "Polygon", "coordinates": [ [ [ 72.581277536593092, 22.793848911984732 ], [ 72.576031438269837, 22.793848911984732 ], [ 72.576719405422338, 22.795934585740575 ], [ 72.574096331396134, 22.795934585740575 ], [ 72.576160645565594, 22.80219167983563 ], [ 72.581406942840616, 22.80219167983563 ], [ 72.579342479448528, 22.795934585740575 ], [ 72.581965553474731, 22.795934585740575 ], [ 72.581277536593092, 22.793848911984732 ] ] ] } },
{ "type": "Feature", "properties": { "ID": 389, "GRIDCODE": 1 }, "geometry": { "type": "Polygon", "coordinates": [ [ [ 72.606819843927596, 22.79176325036455 ], [ 72.604196819627589, 22.79176325036455 ], [ 72.604884979047782, 22.793848911984732 ], [ 72.607508028209409, 22.793848911984732 ], [ 72.606819843927596, 22.79176325036455 ] ] ] } },
{ "type": "Feature", "properties": { "ID": 390, "GRIDCODE": 1 }, "geometry": { "type": "Polygon", "coordinates": [ [ [ 72.619246738091519, 22.789677600878658 ], [ 72.616623738650233, 22.789677600878658 ], [ 72.617311941127568, 22.79176325036455 ], [ 72.619934965427575, 22.79176325036455 ], [ 72.619246738091519, 22.789677600878658 ] ] ] } },
{ "type": "Feature", "properties": { "ID": 391, "GRIDCODE": 1 }, "geometry": { "type": "Polygon", "coordinates": [ [ [ 72.520009702877545, 22.775078394123266 ], [ 72.51738687736497, 22.775078394123266 ], [ 72.518073617084667, 22.777163958707227 ], [ 72.520696467435386, 22.777163958707227 ], [ 72.520009702877545, 22.775078394123266 ] ] ] } },
{ "type": "Feature", "properties": { "ID": 392, "GRIDCODE": 1 }, "geometry": { "type": "Polygon", "coordinates": [ [ [ 72.813076695281396, 22.772992841662706 ], [ 72.807831093926694, 22.772992841662706 ], [ 72.809210006016059, 22.777163958707227 ], [ 72.811832856366777, 22.777163958707227 ], [ 72.811143334773192, 22.775078394123266 ], [ 72.813766160285766, 22.775078394123266 ], [ 72.813076695281396, 22.772992841662706 ] ] ] } }
]
}
