{
"type": "FeatureCollection",
"name": "districts_ahd_gnr",
"crs": { "type": "name", "properties": { "name": "urn:ogc:def:crs:OGC:1.3:CRS84" } },
"features": [
{ "type": "Feature", "properties": { "DISTRICT": "Ahmadabad" }, "geometry": { "type": "MultiPolygon", "coordinates": [ [ [ [ 72.034555731377225, 23.505274513823629 ], [ 72.033369566507602, 23.495308661534526 ], [ 72.030447671239116, 23.48498923842336 ], [ 72.025828272265116, 23.477486506694316 ], [ 72.027885652692689, 23.474557102927506 ], [ 72.032524467796136, 23.4711121804235 ], [ 72.034270542077664, 23.465715259269601 ], [ 72.03450845380064, 23.460126555895545 ], [ 72.036642634044057, 23.457486991796316 ], [ 72.040302784072381, 23.457800211621972 ], [ 72.045185054263015, 23.456364639919737 ], [ 72.048471688541113, 23.452941041147106 ], [ 72.053032894908696, 23.443553823360961 ], [ 72.063938124223966, 23.447100733743529 ], [ 72.074579440743406, 23.451744604619595 ], [ 72.098311035948029, 23.458779437668383 ], [ 72.10562937746424, 23.450974765540742 ], [ 72.108064842394114, 23.44976569082808 ], [ 72.124961563150862, 23.451646455822285 ], [ 72.130572783290901, 23.449830765619037 ], [ 72.15777112350311, 23.443741995755417 ], [ 72.162936585034103, 23.44147103983515 ], [ 72.166977702784635, 23.440560275873917 ], [ 72.171610257048926, 23.437258664795756 ], [ 72.172620586382124, 23.430529167632869 ], [ 72.175438958157855, 23.422781034053287 ], [ 72.180533723424475, 23.41651919654176 ], [ 72.185280698606348, 23.412872636193327 ], [ 72.187621055964343, 23.412637455913124 ], [ 72.191158954582164, 23.417045112106738 ], [ 72.196334381538819, 23.418698060599475 ], [ 72.205501235762895, 23.420128299705059 ], [ 72.209104540952197, 23.422749578466707 ], [ 72.209938435052521, 23.430926906421941 ], [ 72.215299691870158, 23.434244189959305 ], [ 72.220992350938559, 23.43478592197232 ], [ 72.225215420799941, 23.432370356158859 ], [ 72.229559648257236, 23.42583586711601 ], [ 72.234839541591612, 23.42333094305307 ], [ 72.238446524148415, 23.425942464713685 ], [ 72.238135414205303, 23.433113603375617 ], [ 72.244804087045551, 23.438654535063481 ], [ 72.247229137457609, 23.450191172317748 ], [ 72.252349749403962, 23.453926028189674 ], [ 72.256535648107899, 23.458837577063413 ], [ 72.262252630789789, 23.460123714721192 ], [ 72.27165159507723, 23.446583642430895 ], [ 72.276107106142476, 23.443230804892007 ], [ 72.282127829187047, 23.442719304795247 ], [ 72.284516696123788, 23.438726760080364 ], [ 72.281588584327025, 23.432281772263291 ], [ 72.280813220263425, 23.42792165070615 ], [ 72.28641449290906, 23.42406857681814 ], [ 72.291300600255482, 23.419081654095411 ], [ 72.298277708400889, 23.413377085696442 ], [ 72.292472213037357, 23.403001042864144 ], [ 72.2875842605266, 23.391871076263822 ], [ 72.27551246439215, 23.383190135132022 ], [ 72.272907427266588, 23.379110796319381 ], [ 72.271910662494179, 23.375207443220749 ], [ 72.2663445044724, 23.372875469370701 ], [ 72.261241858523448, 23.369725217506748 ], [ 72.261195873795813, 23.366723143311994 ], [ 72.265476368771189, 23.351247718742194 ], [ 72.264182386499556, 23.345968882079351 ], [ 72.256028429277279, 23.339898914557256 ], [ 72.247947873599685, 23.332485801974812 ], [ 72.247833244121765, 23.329090555967291 ], [ 72.243422441877115, 23.324591364871122 ], [ 72.240227368154621, 23.32294614040817 ], [ 72.230965841051926, 23.32249969194098 ], [ 72.225447134640888, 23.319589754838603 ], [ 72.221324173837047, 23.312593616442232 ], [ 72.218840086855792, 23.310006567453868 ], [ 72.210083528909564, 23.309898171765049 ], [ 72.208055592972457, 23.308159760303614 ], [ 72.198776954490157, 23.288713287640046 ], [ 72.19849354531253, 23.276713501751118 ], [ 72.197300067593915, 23.276221194527398 ], [ 72.188300112565344, 23.277791402697876 ], [ 72.182917251194041, 23.277068002522206 ], [ 72.178393675504523, 23.274135799730171 ], [ 72.175686715794257, 23.266982650617269 ], [ 72.175394394253132, 23.261968735799478 ], [ 72.176176486822087, 23.257846971014523 ], [ 72.17959288333806, 23.253367050973871 ], [ 72.183389070702574, 23.245304996512054 ], [ 72.183672753748553, 23.242868508028593 ], [ 72.181784696001657, 23.237954861435888 ], [ 72.184380460215081, 23.227147299069856 ], [ 72.184970444705101, 23.220899000502872 ], [ 72.184401478560773, 23.214962471552937 ], [ 72.18138303253491, 23.209561946385779 ], [ 72.175748999648974, 23.204684122354589 ], [ 72.169577633525194, 23.195146193546091 ], [ 72.16925270169817, 23.190889180495176 ], [ 72.173209607552877, 23.176983735177892 ], [ 72.176941113374298, 23.172497135712504 ], [ 72.180501282405288, 23.170318955243378 ], [ 72.183052117786914, 23.165635584789893 ], [ 72.187168022230878, 23.143645005989701 ], [ 72.184263009187163, 23.141529038305887 ], [ 72.165367820728605, 23.139377095716888 ], [ 72.16308926675525, 23.137299899907418 ], [ 72.164813310436372, 23.131937883774079 ], [ 72.162901176223457, 23.119056381719158 ], [ 72.160846223952348, 23.11455579296263 ], [ 72.156376145683296, 23.113112612051424 ], [ 72.156793151967207, 23.109170545717184 ], [ 72.162998274151192, 23.103405397697152 ], [ 72.169182832724459, 23.102780772645005 ], [ 72.186236055109447, 23.104925567421045 ], [ 72.189732476936882, 23.104607021181586 ], [ 72.19700324079399, 23.116301083823242 ], [ 72.201200041366079, 23.116654556401752 ], [ 72.222045252897672, 23.121751717112076 ], [ 72.238368860423421, 23.117159886219209 ], [ 72.247087465984876, 23.10935693688748 ], [ 72.259759835238967, 23.104168743520543 ], [ 72.261478529945038, 23.098694928337594 ], [ 72.259668780407367, 23.087252184759748 ], [ 72.263277834268763, 23.084899530858738 ], [ 72.279944834237909, 23.081386229492395 ], [ 72.283135712561887, 23.079394653363334 ], [ 72.285666976533335, 23.074358430979579 ], [ 72.283987524857181, 23.062915804084216 ], [ 72.285594789533008, 23.054332838492527 ], [ 72.293775222923756, 23.040134597537794 ], [ 72.303054611609113, 23.041962477422853 ], [ 72.320453574386192, 23.054526612486011 ], [ 72.324260598114321, 23.061294220605316 ], [ 72.32256208204123, 23.067113170918272 ], [ 72.317012508650151, 23.073959541767064 ], [ 72.309310595131251, 23.080528674439783 ], [ 72.306023166774537, 23.08517427479411 ], [ 72.308749564704272, 23.094626750125503 ], [ 72.315702494396717, 23.101650418058227 ], [ 72.326311367774835, 23.106036134952721 ], [ 72.336069701413848, 23.107265689786711 ], [ 72.339085449690245, 23.105619206843507 ], [ 72.34335733632048, 23.101174644983839 ], [ 72.35125712593269, 23.089529954642707 ], [ 72.355638485323411, 23.086686081250587 ], [ 72.362596729576239, 23.08689715184363 ], [ 72.36896273402931, 23.089432205764602 ], [ 72.371603537484873, 23.087745581455117 ], [ 72.374388625241579, 23.082872922191175 ], [ 72.379507284183504, 23.080021535980471 ], [ 72.38242288642715, 23.077168036313516 ], [ 72.381008230613304, 23.066464097170769 ], [ 72.382230080723431, 23.06112341293985 ], [ 72.388422370016571, 23.052119080912767 ], [ 72.399050318617014, 23.05516355139105 ], [ 72.401988546596527, 23.058312119548244 ], [ 72.402087277470088, 23.062812770066806 ], [ 72.405805815674569, 23.067155260531734 ], [ 72.409782617497711, 23.066814247210829 ], [ 72.415285959085878, 23.064006274650446 ], [ 72.42761951213086, 23.065040317904192 ], [ 72.43234641992909, 23.05624725459769 ], [ 72.429975392477886, 23.048343663357702 ], [ 72.431909414320316, 23.044128651044254 ], [ 72.437353122696592, 23.043223653813428 ], [ 72.446187059124256, 23.044471826399832 ], [ 72.448975480201184, 23.058943322890833 ], [ 72.45345925350847, 23.06038081829837 ], [ 72.459754995031204, 23.059270525699148 ], [ 72.467884889524015, 23.059788561774621 ], [ 72.472585407561155, 23.063988916817689 ], [ 72.472891725026514, 23.070846630676279 ], [ 72.467139679447527, 23.074999947690621 ], [ 72.4609797747855, 23.078056185468707 ], [ 72.458964700484429, 23.081871011737288 ], [ 72.462450634832066, 23.083039700181217 ], [ 72.473244100314147, 23.083892182315346 ], [ 72.477850936860406, 23.085547013485257 ], [ 72.47942609585597, 23.089945332869416 ], [ 72.483160831209958, 23.096308471200409 ], [ 72.498694961091232, 23.099034667046979 ], [ 72.500450514016265, 23.106719920842266 ], [ 72.485634815159543, 23.134111006269467 ], [ 72.488038858916681, 23.144378271886989 ], [ 72.496847153104881, 23.143081352134757 ], [ 72.503873152434778, 23.143335270234896 ], [ 72.504652891679299, 23.149494613551539 ], [ 72.506366751399767, 23.154586444719726 ], [ 72.51038853185571, 23.156665577311752 ], [ 72.516329557265266, 23.154292678321159 ], [ 72.522249674939502, 23.149502396477626 ], [ 72.526655425287842, 23.14724040775587 ], [ 72.528933150167433, 23.147345300292681 ], [ 72.532579749452509, 23.149490751356918 ], [ 72.535818669454713, 23.153965353052001 ], [ 72.536987109902043, 23.158893982368685 ], [ 72.535995024272935, 23.163889616265003 ], [ 72.540078837656765, 23.164290343369998 ], [ 72.547334177649958, 23.162517793124252 ], [ 72.542138081966428, 23.1448897281009 ], [ 72.541750274596296, 23.132774249979679 ], [ 72.545211076514676, 23.131456788182017 ], [ 72.551715180753277, 23.134502469991556 ], [ 72.558268665479503, 23.135120425582738 ], [ 72.565372771270262, 23.132774885952433 ], [ 72.568034254540919, 23.126634195198037 ], [ 72.56396423469414, 23.109428586117414 ], [ 72.567895700092421, 23.107753257053975 ], [ 72.573491041071406, 23.107535384896572 ], [ 72.590584644567755, 23.097445783914349 ], [ 72.593191733135654, 23.096565277685031 ], [ 72.598106809225953, 23.09480110756024 ], [ 72.599806887057937, 23.089092737461581 ], [ 72.604706080475793, 23.088655469193021 ], [ 72.609591339117756, 23.091052923932757 ], [ 72.622661907055786, 23.09008725643147 ], [ 72.632999180128337, 23.09047514836876 ], [ 72.640576701587804, 23.092206571081054 ], [ 72.645797990094067, 23.095462789011318 ], [ 72.651965557334421, 23.097411359554819 ], [ 72.662251614410096, 23.094737888839138 ], [ 72.671057336081844, 23.094936345961283 ], [ 72.672500541093854, 23.100554647693993 ], [ 72.675977881047842, 23.104661772889163 ], [ 72.682754350971649, 23.10324037017816 ], [ 72.686428210236812, 23.099728540899825 ], [ 72.690892220758258, 23.100516996946194 ], [ 72.701639543336739, 23.109831991027349 ], [ 72.707961572262263, 23.109581789520075 ], [ 72.712948372186474, 23.106425033532709 ], [ 72.714789428569077, 23.101582210814044 ], [ 72.717463913663806, 23.097519274362053 ], [ 72.7204580844963, 23.095403409991889 ], [ 72.724393435788642, 23.096732693582634 ], [ 72.735205034804636, 23.098185129053721 ], [ 72.740940049707348, 23.096918928773857 ], [ 72.742988310832857, 23.095760278461373 ], [ 72.742988353565323, 23.09576031645766 ], [ 72.74298841814641, 23.095760248542874 ], [ 72.744475731818113, 23.092815934644776 ], [ 72.749455968892249, 23.091225303490109 ], [ 72.756973118448869, 23.093123115989631 ], [ 72.764600297431713, 23.09317942779618 ], [ 72.776550839606529, 23.085600541695317 ], [ 72.779572985726404, 23.081112909471805 ], [ 72.779122189099041, 23.075761892283051 ], [ 72.766004824849531, 23.062423333877479 ], [ 72.767100770432464, 23.058927714706183 ], [ 72.782373730028453, 23.058046410596539 ], [ 72.79270213865739, 23.056521298224517 ], [ 72.797133031946302, 23.053384085838402 ], [ 72.797889247624767, 23.042680088979004 ], [ 72.802791969031304, 23.039062549222937 ], [ 72.810401802742135, 23.037207197694897 ], [ 72.814541304639476, 23.034366894789944 ], [ 72.810795233118952, 23.026693567199196 ], [ 72.812463986180447, 23.022132174785582 ], [ 72.82348503902891, 23.019365485742437 ], [ 72.828038821816023, 23.016447652598991 ], [ 72.824005739971042, 23.013979897701592 ], [ 72.822773852620742, 23.012338187181506 ], [ 72.824419405824528, 23.00881979628242 ], [ 72.829192116237948, 23.003727002415147 ], [ 72.832879246613217, 23.001070180804476 ], [ 72.840840797810415, 22.993033889672077 ], [ 72.840840702709158, 22.993033826188952 ], [ 72.83934748110326, 22.992159045041287 ], [ 72.835624707074729, 22.988270147147237 ], [ 72.832916625249297, 22.98182423768084 ], [ 72.842526804964834, 22.980105525455759 ], [ 72.843274465730104, 22.965219821963139 ], [ 72.839386264191162, 22.961136535800396 ], [ 72.829064988652135, 22.953723197926447 ], [ 72.827157640768917, 22.955906054300325 ], [ 72.82053571640202, 22.952163476532686 ], [ 72.814736976813379, 22.945234630573271 ], [ 72.81078770782112, 22.942014384678075 ], [ 72.808536369510875, 22.933554150504968 ], [ 72.800958885747306, 22.930650623160272 ], [ 72.801202822676444, 22.92294235300394 ], [ 72.799706599578769, 22.918625455568652 ], [ 72.794806125947858, 22.916067362892932 ], [ 72.79194259999251, 22.911731698816684 ], [ 72.791512812930904, 22.907801793608616 ], [ 72.781397280859764, 22.906459509932361 ], [ 72.773328323578127, 22.909005821535967 ], [ 72.766858873265676, 22.907921192565325 ], [ 72.763489656019416, 22.904466723384516 ], [ 72.759697758287942, 22.903968023802303 ], [ 72.755701614270322, 22.908625276797867 ], [ 72.75232753373956, 22.909158217776966 ], [ 72.746512236999777, 22.907142691948806 ], [ 72.739224016891512, 22.911294267648319 ], [ 72.732857300215798, 22.913278965121119 ], [ 72.726097511573002, 22.912091128025565 ], [ 72.716367605645658, 22.903089041537239 ], [ 72.712055166109664, 22.897213832141155 ], [ 72.708631516138993, 22.89004646292009 ], [ 72.70426994209798, 22.88457439404808 ], [ 72.692752622470735, 22.879606495214524 ], [ 72.677603741340846, 22.880845756218811 ], [ 72.672467421673261, 22.884719816762839 ], [ 72.670670955900277, 22.888927736770484 ], [ 72.666944841011826, 22.894218224577219 ], [ 72.659099657057439, 22.894436444286267 ], [ 72.650292577474403, 22.897106594885479 ], [ 72.640388373896513, 22.892270328305262 ], [ 72.636907286112077, 22.887071646362596 ], [ 72.632705102188126, 22.882750785902601 ], [ 72.623716119370201, 22.883801519333659 ], [ 72.615104128891488, 22.886935538031864 ], [ 72.608444001046863, 22.885212391077896 ], [ 72.60754554359697, 22.877754987135766 ], [ 72.600754238038107, 22.867126766324748 ], [ 72.60907723032993, 22.860120578780325 ], [ 72.608500286770607, 22.853181373921913 ], [ 72.603701213614528, 22.838802848428646 ], [ 72.608443689107347, 22.828419394058066 ], [ 72.609456593763596, 22.82620143004495 ], [ 72.61041674326836, 22.816626154522613 ], [ 72.609615698469071, 22.814611604638586 ], [ 72.603063816205676, 22.816134461590547 ], [ 72.597835081989487, 22.825278085290716 ], [ 72.588910167401608, 22.823950694208257 ], [ 72.582282943515651, 22.821010671688519 ], [ 72.571652882394361, 22.824698137908328 ], [ 72.561247457473854, 22.818937409773369 ], [ 72.551554636556446, 22.812122787537312 ], [ 72.550283923771758, 22.806590071798322 ], [ 72.544905679502136, 22.806060998528288 ], [ 72.538810633634426, 22.804325428858483 ], [ 72.530980142999098, 22.800026065199585 ], [ 72.523572285250438, 22.797559055247326 ], [ 72.522260443717585, 22.788211106971925 ], [ 72.519607754710663, 22.783912465654502 ], [ 72.52037581980764, 22.780314903826543 ], [ 72.525408777714475, 22.775175346857313 ], [ 72.530640581016868, 22.772463694693968 ], [ 72.534459028513055, 22.767988001702665 ], [ 72.529951731120974, 22.765647737190154 ], [ 72.528146456614579, 22.760358194357465 ], [ 72.524091332785503, 22.756726004544404 ], [ 72.524361044027799, 22.75301398521189 ], [ 72.531096985204329, 22.75149680067565 ], [ 72.532508510693106, 22.746722925424148 ], [ 72.53112669422984, 22.739160590598292 ], [ 72.528244535614775, 22.735279616056811 ], [ 72.527883508073216, 22.729037686626295 ], [ 72.534168573029689, 22.719996992571733 ], [ 72.538728253180082, 22.715567016853296 ], [ 72.539634564210544, 22.710620783678355 ], [ 72.530955779076137, 22.71108595157504 ], [ 72.523860211316915, 22.71058667385855 ], [ 72.518871628235971, 22.704192724027362 ], [ 72.519213359957575, 22.701002993456097 ], [ 72.524280334328878, 22.697257785802588 ], [ 72.539020107816185, 22.693149325623484 ], [ 72.542782886379456, 22.688733147716047 ], [ 72.538933365343283, 22.685447992424624 ], [ 72.531019750725818, 22.682248522994993 ], [ 72.531784124893917, 22.676788233762416 ], [ 72.549698772363385, 22.671629564330495 ], [ 72.549677967646218, 22.664503209196248 ], [ 72.544047512166273, 22.654655426081167 ], [ 72.536489419482564, 22.648785854574303 ], [ 72.533641121449904, 22.644039875147858 ], [ 72.53424737479682, 22.636907539700907 ], [ 72.536341645050015, 22.630374043749445 ], [ 72.536883838602265, 22.625619807495593 ], [ 72.528325153824554, 22.627817011090809 ], [ 72.522060128877627, 22.630719304166092 ], [ 72.515324667604048, 22.632291090740221 ], [ 72.509782590530548, 22.630023470632153 ], [ 72.507412206346245, 22.624459161699143 ], [ 72.507389724966913, 22.619308277817602 ], [ 72.508311739472916, 22.614833364933489 ], [ 72.506326986664718, 22.612033616658017 ], [ 72.504928947334903, 22.60818169459651 ], [ 72.49297290709022, 22.601580534022503 ], [ 72.486668645535687, 22.596146108038099 ], [ 72.470197478681996, 22.579439182610709 ], [ 72.454206565925006, 22.571124405702559 ], [ 72.447252966862735, 22.568645775217139 ], [ 72.442162366559145, 22.565160132141404 ], [ 72.428618805495304, 22.574216805179741 ], [ 72.426090957756955, 22.571831409127419 ], [ 72.424689053648436, 22.567923131419711 ], [ 72.424926047501202, 22.560620489008429 ], [ 72.432502184036181, 22.544957047108813 ], [ 72.439087329157758, 22.533310218937316 ], [ 72.437910152980365, 22.515047481694928 ], [ 72.439890041379797, 22.508869335365716 ], [ 72.440386220279066, 22.504405914148968 ], [ 72.438108718005836, 22.499813327868182 ], [ 72.433762188445414, 22.493937136136971 ], [ 72.422732501857254, 22.481816179403371 ], [ 72.416003579112498, 22.476322824363141 ], [ 72.409423344765628, 22.474132871156847 ], [ 72.407406399141692, 22.479266831197013 ], [ 72.395523291207908, 22.476768928542853 ], [ 72.384398360128401, 22.472630003882212 ], [ 72.377245835978272, 22.471843754962027 ], [ 72.377921540354407, 22.457820729258792 ], [ 72.375545320590433, 22.451781378097436 ], [ 72.368683043001852, 22.450460625996715 ], [ 72.363328126295812, 22.452933864100078 ], [ 72.360419621540728, 22.449693602722064 ], [ 72.357075763782916, 22.439559528429882 ], [ 72.361825556309967, 22.440055073364807 ], [ 72.371262634855384, 22.443352342051426 ], [ 72.36756486779592, 22.406200343336231 ], [ 72.344847996637313, 22.387882146798724 ], [ 72.344847927540926, 22.387882090751088 ], [ 72.341813662302499, 22.385428113229665 ], [ 72.344695477552179, 22.381081166054269 ], [ 72.347360488210455, 22.378574243807808 ], [ 72.352843704433127, 22.376617661933125 ], [ 72.361810679102888, 22.375386952776505 ], [ 72.361810679076697, 22.375139237343642 ], [ 72.36152839189289, 22.375143051809971 ], [ 72.361528391815455, 22.374864578463335 ], [ 72.36123847450493, 22.374864578446768 ], [ 72.361238475025274, 22.374029160364969 ], [ 72.360971446038974, 22.374029160676496 ], [ 72.360971445888936, 22.372919083720781 ], [ 72.360685343438377, 22.372919083214082 ], [ 72.360685343172534, 22.372079849468072 ], [ 72.360971446242118, 22.372083664293356 ], [ 72.360971445910195, 22.371530533237447 ], [ 72.362077708190739, 22.371530533074857 ], [ 72.362077707911837, 22.371812821120844 ], [ 72.363748545515378, 22.371805191747551 ], [ 72.363748545658609, 22.371942521052929 ], [ 72.36374854536885, 22.372083664534141 ], [ 72.364030832601728, 22.372079849961274 ], [ 72.364030833055082, 22.372358322775757 ], [ 72.364297862268401, 22.37235832278667 ], [ 72.364297861830295, 22.37264061066859 ], [ 72.364587778840658, 22.372640610595191 ], [ 72.364587778500763, 22.372919083366941 ], [ 72.365137095273326, 22.372919083508105 ], [ 72.365137095558623, 22.373193741168528 ], [ 72.365419382566856, 22.37319374175452 ], [ 72.365419383005786, 22.373472214532583 ], [ 72.365690225942018, 22.373472214434091 ], [ 72.365690225915856, 22.373193741705883 ], [ 72.369585032563677, 22.373193741446268 ], [ 72.369585031917495, 22.373472214645155 ], [ 72.371530528176564, 22.373468399673545 ], [ 72.371530527504675, 22.373750686872292 ], [ 72.372915263005225, 22.373750686974354 ], [ 72.372915262670858, 22.373468399875211 ], [ 72.374582285898398, 22.373472214668318 ], [ 72.374582285808955, 22.373193741967619 ], [ 72.375696177523906, 22.373193741168759 ], [ 72.375696176978906, 22.373338054695264 ], [ 72.37604270789258, 22.373279224498642 ], [ 72.382210522683778, 22.37223897706949 ], [ 72.385408396830002, 22.371117072441049 ], [ 72.385408396781372, 22.370969773304697 ], [ 72.385694498434461, 22.370973587549361 ], [ 72.385694498559133, 22.370695114458478 ], [ 72.385972971826689, 22.370702743940939 ], [ 72.385972972134013, 22.370420456760698 ], [ 72.386255258880254, 22.37042045660932 ], [ 72.38625525962135, 22.370138168588646 ], [ 72.386526102367156, 22.370138169376549 ], [ 72.386526103336749, 22.369852066349594 ], [ 72.386804575980705, 22.369863510355167 ], [ 72.38680457572319, 22.369585037476792 ], [ 72.387086863528012, 22.369585037763493 ], [ 72.387086863658951, 22.369306564963189 ], [ 72.387361521013588, 22.369306565386555 ], [ 72.387361521602713, 22.369028091745065 ], [ 72.387643809351744, 22.369031907046903 ], [ 72.387643809014335, 22.368471146603657 ], [ 72.387918467800176, 22.368474961249621 ], [ 72.387918467329257, 22.367914200051189 ], [ 72.388174052319258, 22.367921829736275 ], [ 72.388174052528811, 22.36708259627688 ], [ 72.388475413452298, 22.367082596576676 ], [ 72.388475413240286, 22.366250992666149 ], [ 72.38903235937174, 22.36625099257531 ], [ 72.389032359375449, 22.365972519394798 ], [ 72.389581675548698, 22.365972519919051 ], [ 72.389581675692412, 22.36569786097678 ], [ 72.390420909188535, 22.365697861551183 ], [ 72.390420909206625, 22.365419388576274 ], [ 72.390977854341401, 22.365419388835853 ], [ 72.390977854164348, 22.36514091593914 ], [ 72.391252512351159, 22.365140915320435 ], [ 72.39125251257876, 22.36486244250186 ], [ 72.3918094581513, 22.364862442610846 ], [ 72.391809458841792, 22.364580154842354 ], [ 72.392080301818069, 22.364583969647491 ], [ 72.392080302263381, 22.364305496985288 ], [ 72.392641062306524, 22.364313126114062 ], [ 72.392641062322809, 22.36404228271428 ], [ 72.392908091467987, 22.364042282928821 ], [ 72.392908090990545, 22.363752366110901 ], [ 72.393472666928403, 22.363752365895774 ], [ 72.393472667001234, 22.363470078391497 ], [ 72.39375113900536, 22.363473893013609 ], [ 72.393751139907039, 22.36319541974451 ], [ 72.394300456326363, 22.363195420349921 ], [ 72.394300455795033, 22.362638473897235 ], [ 72.394578928914314, 22.362642288983935 ], [ 72.394578928711837, 22.362081528589016 ], [ 72.394861216826541, 22.362085343177085 ], [ 72.394861215888739, 22.361528397051305 ], [ 72.395143503755051, 22.361532212081496 ], [ 72.395143504155129, 22.360971451145463 ], [ 72.395418162017734, 22.360971451694308 ], [ 72.395418162166791, 22.360418320098699 ], [ 72.395692820301861, 22.360422135271069 ], [ 72.395692820328051, 22.359861374663833 ], [ 72.395975108076129, 22.359861374188693 ], [ 72.395975107797611, 22.359308243838168 ], [ 72.396249766587374, 22.359312058148067 ], [ 72.396249765673289, 22.359029770434645 ], [ 72.397085184861027, 22.359029770456054 ], [ 72.397085184408354, 22.358472824535028 ], [ 72.397363657881286, 22.358472824520302 ], [ 72.397363658024858, 22.358194352112076 ], [ 72.397478295284117, 22.358194351958279 ], [ 72.398100742873197, 22.354608743027406 ], [ 72.396686090064563, 22.351444261511414 ], [ 72.393603626549208, 22.344583512669896 ], [ 72.392366404715801, 22.344583512476156 ], [ 72.3923664047134, 22.344305039119501 ], [ 72.391252512633329, 22.344312668637869 ], [ 72.391252512653736, 22.344030381080561 ], [ 72.389314646787085, 22.344030381095173 ], [ 72.389314646040233, 22.343748093319135 ], [ 72.38903235859658, 22.343748093480993 ], [ 72.389032358707155, 22.34346962078266 ], [ 72.388475413545464, 22.343473434776833 ], [ 72.388475413096174, 22.343198777055182 ], [ 72.387918466932618, 22.34320259165932 ], [ 72.387918467717, 22.342912674745914 ], [ 72.387643809447084, 22.342916489384276 ], [ 72.387643809543235, 22.342638016623361 ], [ 72.387075419698803, 22.342641831265446 ], [ 72.38707541883376, 22.342359543387385 ], [ 72.386526103115088, 22.342363358607063 ], [ 72.386526102621431, 22.342084885754627 ], [ 72.385972972182159, 22.342084885536352 ], [ 72.385972972089348, 22.341810226789516 ], [ 72.385694499084735, 22.34181022715444 ], [ 72.385694498381611, 22.341531754260213 ], [ 72.385141368086437, 22.341531754582416 ], [ 72.385141367434073, 22.341249466622727 ], [ 72.384584421671022, 22.341249466440821 ], [ 72.384584422338136, 22.340970993555317 ], [ 72.384309763713162, 22.340974808380711 ], [ 72.384309763975708, 22.340696335474131 ], [ 72.383752818372812, 22.340696335811725 ], [ 72.383752817769491, 22.339860917017607 ], [ 72.383470530520583, 22.33987236073644 ], [ 72.383470530518068, 22.339311600860743 ], [ 72.382371897914197, 22.339311600319707 ], [ 72.382371897353124, 22.339033127338062 ], [ 72.382081980357924, 22.339033127279272 ], [ 72.382081980312194, 22.338750840204753 ], [ 72.381807322007489, 22.338750839844995 ], [ 72.381807322645898, 22.338472366921909 ], [ 72.381532663883164, 22.338472366933605 ], [ 72.381532664116932, 22.338193893989846 ], [ 72.381250376910316, 22.338193893808604 ], [ 72.381250376778596, 22.33791923588419 ], [ 72.380968089190063, 22.337923050167056 ], [ 72.380968088578868, 22.337640763060872 ], [ 72.380693430463594, 22.337640763339383 ], [ 72.380693430504053, 22.337362290383076 ], [ 72.380418772972305, 22.337362290163462 ], [ 72.380418772608209, 22.337083817186521 ], [ 72.380144114618346, 22.33708381733835 ], [ 72.380144113849695, 22.336805344340775 ], [ 72.379861826527147, 22.336812973337484 ], [ 72.379861826322141, 22.336530686249517 ], [ 72.379594798368444, 22.336530686089201 ], [ 72.379594797778708, 22.336252213099758 ], [ 72.379301066200753, 22.336252213504974 ], [ 72.379301066234973, 22.335973740544702 ], [ 72.379030222963806, 22.335973739852385 ], [ 72.379030223141584, 22.335416794888793 ], [ 72.378747934681542, 22.335420609327638 ], [ 72.378747934902776, 22.335142136404674 ], [ 72.378469462416959, 22.335142136627219 ], [ 72.378469462124528, 22.334581375734157 ], [ 72.378198618593132, 22.334585190279025 ], [ 72.378198618405378, 22.334028244488142 ], [ 72.377908702043158, 22.334032059250724 ], [ 72.377908701273313, 22.333738328026527 ], [ 72.377641672644188, 22.333753586098457 ], [ 72.37764167284665, 22.333196640382514 ], [ 72.377359385051463, 22.333196640674689 ], [ 72.377359385428434, 22.332643509139032 ], [ 72.37708472747525, 22.332643509729376 ], [ 72.377084727178186, 22.33208274906556 ], [ 72.376810068423865, 22.332082749058195 ], [ 72.376810068703421, 22.331808091317576 ], [ 72.376527780880721, 22.331808090829643 ], [ 72.376527780875563, 22.331251145273363 ], [ 72.376237864587324, 22.331251145181348 ], [ 72.376237864153197, 22.330682755473067 ], [ 72.375970835542347, 22.330694198930104 ], [ 72.375970835604178, 22.330419541233873 ], [ 72.375688547700548, 22.330419540870754 ], [ 72.375688548296964, 22.329862595457168 ], [ 72.375421518624208, 22.329862595465197 ], [ 72.375421519273985, 22.329309464227411 ], [ 72.375139231677707, 22.329309464579296 ], [ 72.375139231697418, 22.328752518330788 ], [ 72.374864573778453, 22.328752518173442 ], [ 72.374864572957449, 22.327932358563899 ], [ 72.374582285309089, 22.327932358647491 ], [ 72.374582285540072, 22.327081680836145 ], [ 72.374307627925219, 22.327085495462896 ], [ 72.374307627299643, 22.326250076998317 ], [ 72.374032969576689, 22.326250076922246 ], [ 72.374032969035667, 22.325700760195442 ], [ 72.37375068213376, 22.325700760368196 ], [ 72.373750681756334, 22.324872971315905 ], [ 72.373575206106963, 22.324872971002179 ], [ 72.373464579520061, 22.324872971229123 ], [ 72.373476023389841, 22.324350357814353 ], [ 72.37347602305384, 22.324029922897097 ], [ 72.373178477308485, 22.324029923368848 ], [ 72.373178477016296, 22.323194504604722 ], [ 72.372915262853255, 22.323194504702602 ], [ 72.372888559970875, 22.321252823764102 ], [ 72.372644419837087, 22.321252823221005 ], [ 72.372644419080174, 22.320180893812616 ], [ 72.3726444196204, 22.318471909398223 ], [ 72.37236213231624, 22.318471908943458 ], [ 72.372362132243083, 22.316526413477085 ], [ 72.372644419135881, 22.316530228220945 ], [ 72.372644419074419, 22.31514167819201 ], [ 72.372915262591746, 22.315141678657387 ], [ 72.372915263215035, 22.314657402839682 ], [ 72.368079188847545, 22.30512650214704 ], [ 72.364703667583299, 22.300730999256686 ], [ 72.361899323936484, 22.294361143597214 ], [ 72.361585094878777, 22.278043921346409 ], [ 72.360414943181652, 22.268194199749555 ], [ 72.360139841005292, 22.268194199353896 ], [ 72.360139840965644, 22.267919541094376 ], [ 72.360033029780723, 22.267919541133974 ], [ 72.359865183045628, 22.267919541409384 ], [ 72.359865182436465, 22.267652512133456 ], [ 72.359304422294514, 22.267652511966965 ], [ 72.359304422408854, 22.2673625956613 ], [ 72.359018320260176, 22.267362595137413 ], [ 72.359018319459736, 22.267652512362293 ], [ 72.358751290838995, 22.2676410676807 ], [ 72.358751291383641, 22.268194199455486 ], [ 72.358465188940983, 22.2681903848373 ], [ 72.35846518835271, 22.270421982583379 ], [ 72.358194345160939, 22.270418167994876 ], [ 72.358194345438932, 22.270971298639854 ], [ 72.357637399170798, 22.270971298580346 ], [ 72.357645028421629, 22.271249771658741 ], [ 72.356248849654918, 22.271249771480349 ], [ 72.356248849425839, 22.270139694400953 ], [ 72.355974191365021, 22.270139695259456 ], [ 72.355974191461996, 22.268472671992857 ], [ 72.356248849928278, 22.268472672253253 ], [ 72.356248849630958, 22.266252518269379 ], [ 72.356531137231656, 22.266252518501858 ], [ 72.356531136940518, 22.264310837133849 ], [ 72.356798165804079, 22.264310837495287 ], [ 72.356798166077667, 22.263200760046171 ], [ 72.357084268303169, 22.263200760619252 ], [ 72.357084268429887, 22.262922287626257 ], [ 72.35736274139532, 22.262922287480066 ], [ 72.357362741602714, 22.262639999589148 ], [ 72.357645029220762, 22.26263999998211 ], [ 72.357645029144351, 22.262361527101213 ], [ 72.357919687542974, 22.262361526817269 ], [ 72.357919686883363, 22.262083053967288 ], [ 72.358194345632825, 22.262083054154104 ], [ 72.358194345717322, 22.261808396362373 ], [ 72.358751290875418, 22.261800766364065 ], [ 72.358751290781072, 22.261526108653147 ], [ 72.359018320102876, 22.261529923132205 ], [ 72.359018320073176, 22.261251450524252 ], [ 72.359140389958114, 22.261251449890512 ], [ 72.359304421835503, 22.261251449858364 ], [ 72.359304422185787, 22.260972977331207 ], [ 72.35955716747867, 22.26097297702049 ], [ 72.358505457788823, 22.25211804442803 ], [ 72.355250586975245, 22.245174467212454 ], [ 72.345680705247645, 22.231514818893547 ], [ 72.341419780209776, 22.223547281665329 ], [ 72.337468732174344, 22.213548454211075 ], [ 72.333975969127778, 22.199787995060479 ], [ 72.333296854351133, 22.194216969404497 ], [ 72.333118541155372, 22.192737318330934 ], [ 72.339156183556568, 22.174686604385244 ], [ 72.342356760446975, 22.169169401266057 ], [ 72.349245223950234, 22.157318159102431 ], [ 72.356531137497484, 22.148420309993721 ], [ 72.356531136946799, 22.148202896851743 ], [ 72.356248849884878, 22.148202896709602 ], [ 72.356248849823899, 22.148176194147929 ], [ 72.356248849709459, 22.147363663042587 ], [ 72.355974191322176, 22.147363662872088 ], [ 72.355974191865783, 22.146806717706426 ], [ 72.355699533603755, 22.146806717906347 ], [ 72.355699533525225, 22.14652824440487 ], [ 72.352914804137242, 22.146528244278212 ], [ 72.352914804425495, 22.147085190075583 ], [ 72.352640146466598, 22.147069932072171 ], [ 72.352640145916837, 22.147920609282792 ], [ 72.351518625123845, 22.147920609398419 ], [ 72.35151862498185, 22.147642136232285 ], [ 72.351251596362175, 22.147642136680673 ], [ 72.351251595800008, 22.147363663498179 ], [ 72.350694650043536, 22.147363662996806 ], [ 72.35069465086147, 22.146528244520191 ], [ 72.350419991773038, 22.146532059068793 ], [ 72.35041999181, 22.145139694782046 ], [ 72.350137704719089, 22.145139694883497 ], [ 72.350137704546768, 22.144861221903259 ], [ 72.350419992025493, 22.14486122185178 ], [ 72.350419992240973, 22.144582748955166 ], [ 72.350694650331988, 22.14458274935096 ], [ 72.350694650139857, 22.144308090359647 ], [ 72.350976938295105, 22.144308091206899 ], [ 72.3509769383692, 22.144029617507925 ], [ 72.351251596235869, 22.144029617861406 ], [ 72.351251596098166, 22.143472672452845 ], [ 72.351526254772708, 22.143472672407434 ], [ 72.351526254509892, 22.142915726264448 ], [ 72.351808541744177, 22.142919541367089 ], [ 72.351808542256862, 22.142362595457893 ], [ 72.352067941342838, 22.142362595569022 ], [ 72.352067941635724, 22.141530991334712 ], [ 72.352357858188938, 22.14153099161825 ], [ 72.352357858604279, 22.136529923187545 ], [ 72.352067941203813, 22.136529923223865 ], [ 72.352067941709706, 22.135972977076772 ], [ 72.351808542371074, 22.135972977235504 ], [ 72.35180854166758, 22.135694504597478 ], [ 72.351526254277175, 22.135694504403371 ], [ 72.351526254172626, 22.135416031799192 ], [ 72.350984567192555, 22.135419846338124 ], [ 72.350984567362062, 22.134862900211413 ], [ 72.350694650522826, 22.134862900222792 ], [ 72.350694650743677, 22.134031296420329 ], [ 72.350419991931275, 22.134031296713971 ], [ 72.350419992241697, 22.132921219794643 ], [ 72.350137704734877, 22.1329212194665 ], [ 72.3501377044458, 22.132360458977661 ], [ 72.349859231637083, 22.132360458550902 ], [ 72.349859231381927, 22.131868362992076 ], [ 72.349859231756781, 22.131250382193702 ], [ 72.349588388223111, 22.131250382124634 ], [ 72.349588387840726, 22.129861832192251 ], [ 72.349859231469125, 22.12986183241118 ], [ 72.349859231235115, 22.128473282555177 ], [ 72.350137704730301, 22.128473282512324 ], [ 72.350137704498948, 22.126806260110861 ], [ 72.349859231677655, 22.126810074765469 ], [ 72.349859231270401, 22.126531601207358 ], [ 72.348749154928143, 22.126531601622496 ], [ 72.348749154979046, 22.126260758439223 ], [ 72.347642892826613, 22.126260758493185 ], [ 72.347642893022694, 22.125970841440839 ], [ 72.346525185951734, 22.125974655467342 ], [ 72.346525186644172, 22.12569618263084 ], [ 72.345140451264797, 22.125696183055528 ], [ 72.345140450948662, 22.125417710053259 ], [ 72.343751901425179, 22.125421524693216 ], [ 72.343751901094947, 22.125143051574575 ], [ 72.343492501527507, 22.125143052045232 ], [ 72.343492501835328, 22.124860764202332 ], [ 72.341798776720751, 22.124860764578749 ], [ 72.341798776587595, 22.124582291328835 ], [ 72.341249460015632, 22.124582291263305 ], [ 72.341249459970072, 22.124860764563252 ], [ 72.340974801567882, 22.124860764266788 ], [ 72.340974802121877, 22.125974656119414 ], [ 72.34124946004799, 22.125970841505627 ], [ 72.341249459911168, 22.12653160140264 ], [ 72.341531747666963, 22.126527786746642 ], [ 72.341531747840605, 22.12708473288799 ], [ 72.341798776355219, 22.127080917586131 ], [ 72.341798776538212, 22.127641678575909 ], [ 72.342088693246694, 22.127641678904322 ], [ 72.342088693807753, 22.12847328225811 ], [ 72.342363351714909, 22.128473282888869 ], [ 72.342363351454196, 22.129583359254919 ], [ 72.342638009710896, 22.129583359286826 ], [ 72.342638009965953, 22.133195877509802 ], [ 72.342363352043208, 22.133195877877949 ], [ 72.342363351217813, 22.135141373271836 ], [ 72.342088693170723, 22.135141373341199 ], [ 72.34208869298358, 22.135694504820002 ], [ 72.341806405560519, 22.135694503997144 ], [ 72.341806405763549, 22.135972977684773 ], [ 72.341531747895985, 22.135972977761799 ], [ 72.341531747570016, 22.136251450564107 ], [ 72.341249459828575, 22.13625145059002 ], [ 72.34124945985279, 22.136812210255489 ], [ 72.340974802255957, 22.136808396481015 ], [ 72.340974801895996, 22.137083054656078 ], [ 72.340700143625256, 22.137083054241977 ], [ 72.340700143391302, 22.137640000350448 ], [ 72.340417855569783, 22.137639999893292 ], [ 72.340417855663461, 22.137922287828477 ], [ 72.340127938833206, 22.137922287285594 ], [ 72.340127939475522, 22.138200760524914 ], [ 72.339860910469312, 22.138193131491729 ], [ 72.339860910598816, 22.138471603844703 ], [ 72.339578622854859, 22.138471603759502 ], [ 72.3395786223318, 22.138750077065481 ], [ 72.338754648357551, 22.138750076511887 ], [ 72.338754647834236, 22.139032364733829 ], [ 72.336519235539541, 22.139032364975847 ], [ 72.336519234950572, 22.138750076453746 ], [ 72.334863657229349, 22.138750077270185 ], [ 72.334863656338527, 22.139032364054099 ], [ 72.334588998570425, 22.139028549958777 ], [ 72.334588998166396, 22.139585496002276 ], [ 72.334306711436241, 22.139585495468648 ], [ 72.334306710614442, 22.140695572357124 ], [ 72.334032052966052, 22.140695572232623 ], [ 72.334032052569142, 22.140974045489752 ], [ 72.332918161572707, 22.14097023083885 ], [ 72.332918161627575, 22.141260147767561 ], [ 72.3326435026366, 22.141260147878882 ], [ 72.332643503113616, 22.141530990863007 ], [ 72.332361214890753, 22.141530991444036 ], [ 72.332361214949387, 22.141809464083501 ], [ 72.331529611605376, 22.141809463871216 ], [ 72.331529611268081, 22.14208412272653 ], [ 72.33069419254646, 22.14208030775789 ], [ 72.330694192555271, 22.142362595451758 ], [ 72.330408090206149, 22.142381668371446 ], [ 72.330408090242429, 22.142919541167085 ], [ 72.330224985223538, 22.142915726070608 ], [ 72.32986640339081, 22.142919540624177 ], [ 72.329866403573547, 22.143194198893163 ], [ 72.329584115451524, 22.143194199086953 ], [ 72.329584115538225, 22.143472672228199 ], [ 72.329034799437849, 22.143472672392555 ], [ 72.329034799398855, 22.143510818699149 ], [ 72.329034799399579, 22.143751144698424 ], [ 72.32875251194551, 22.143751145278546 ], [ 72.328752511308323, 22.144029617618095 ], [ 72.328477853985348, 22.144029617918385 ], [ 72.328477853989327, 22.144582748926695 ], [ 72.328187936890814, 22.144582749275422 ], [ 72.328187937029199, 22.144861221815741 ], [ 72.327920907703927, 22.144861222234969 ], [ 72.327920907275782, 22.145139694808943 ], [ 72.327081674319899, 22.145139694964712 ], [ 72.327081674084525, 22.145418167672549 ], [ 72.326532358238111, 22.145418167471295 ], [ 72.326532357824007, 22.145696640262916 ], [ 72.325975411797202, 22.145696640551289 ], [ 72.325975411784981, 22.145971298633096 ], [ 72.325418466458515, 22.145971298809087 ], [ 72.325418466028083, 22.146253586611873 ], [ 72.32486152038291, 22.146253586625356 ], [ 72.324861520370519, 22.146532059718329 ], [ 72.324586862018549, 22.146528244792638 ], [ 72.324586862410229, 22.146806717968897 ], [ 72.323755258585436, 22.14680671715578 ], [ 72.32375525819937, 22.147085190415769 ], [ 72.32236670849548, 22.147085190864075 ], [ 72.322366708867449, 22.146806717453703 ], [ 72.321809763189478, 22.146806717409664 ], [ 72.32180976271593, 22.146528244851762 ], [ 72.321287149078657, 22.146532059003494 ], [ 72.320970529055842, 22.146532059533044 ], [ 72.320970529429971, 22.146253586038998 ], [ 72.319864266953843, 22.146253586866379 ], [ 72.319864267246473, 22.146532059591696 ], [ 72.319581979599633, 22.146528244187397 ], [ 72.319581979239516, 22.146806717865054 ], [ 72.319307321110671, 22.146806717438093 ], [ 72.319307321306127, 22.147363663156206 ], [ 72.319032662944608, 22.147363663199773 ], [ 72.319032662961249, 22.147920609102428 ], [ 72.318193430146309, 22.147920608787672 ], [ 72.318193429398022, 22.147642136613328 ], [ 72.317644113267605, 22.147642135933072 ], [ 72.317644113684764, 22.147363663792266 ], [ 72.317361826157466, 22.147363663784954 ], [ 72.317361825253997, 22.147085190658274 ], [ 72.31680488027763, 22.147085190717831 ], [ 72.316804879569091, 22.146806717574574 ], [ 72.316530222103836, 22.14680671766958 ], [ 72.316530221978098, 22.146528244559949 ], [ 72.316244119275282, 22.146532059568404 ], [ 72.316244119044981, 22.151250839726387 ], [ 72.315973276241735, 22.151250839668503 ], [ 72.315973276325494, 22.151533127331149 ], [ 72.316244119711257, 22.151533127389033 ], [ 72.316244119707534, 22.152639390074626 ], [ 72.315973276012286, 22.152639390117056 ], [ 72.315973275455022, 22.153558731236235 ], [ 72.315973275921749, 22.15542030377388 ], [ 72.316244119381437, 22.155420304349487 ], [ 72.3162441196462, 22.156530380993214 ], [ 72.316530221395382, 22.156526565733408 ], [ 72.316530221988216, 22.157361985094148 ], [ 72.316255563209438, 22.157361984824899 ], [ 72.316255563509969, 22.15930748066792 ], [ 72.315973275895075, 22.159307480292721 ], [ 72.315973275933601, 22.159585953150032 ], [ 72.316244119881858, 22.15957832359209 ], [ 72.316244119241745, 22.160139084171462 ], [ 72.316530222011721, 22.160139084340692 ], [ 72.316530221725515, 22.160974503110154 ], [ 72.316804880116408, 22.16097450339845 ], [ 72.316804880181479, 22.162363052772974 ], [ 72.317083352935654, 22.1623630527477 ], [ 72.317083352566257, 22.163473129543764 ], [ 72.317361825648447, 22.163473129824656 ], [ 72.317361825739226, 22.164861679465908 ], [ 72.317644113297803, 22.164861679405213 ], [ 72.317644113419405, 22.167085648488129 ], [ 72.317918771508005, 22.167081833061637 ], [ 72.317918771442962, 22.167921066904881 ], [ 72.318193429408083, 22.167921066676836 ], [ 72.318193429785396, 22.168752671008569 ], [ 72.318464272860012, 22.168752670799929 ], [ 72.318464272761204, 22.169309616409993 ], [ 72.318750375463935, 22.169309616891589 ], [ 72.318750375477023, 22.170141220596236 ], [ 72.318872445605635, 22.170141220800772 ], [ 72.319032663133285, 22.17013740618582 ], [ 72.3190326631495, 22.170972824968317 ], [ 72.319322580198829, 22.170972824453496 ], [ 72.31932258008689, 22.171808243433112 ], [ 72.319581979254252, 22.17180824376101 ], [ 72.319581979715835, 22.17292213519341 ], [ 72.319322580320517, 22.172922134965876 ], [ 72.319322580357593, 22.174032212136925 ], [ 72.319101327485996, 22.174032211609553 ], [ 72.319032663123679, 22.175142288959904 ], [ 72.318750375377221, 22.175142289038792 ], [ 72.318750375616162, 22.176252365669868 ], [ 72.318464273567031, 22.176252365990862 ], [ 72.318464272769532, 22.177370072066175 ], [ 72.31819342939994, 22.177362442468528 ], [ 72.318193429915908, 22.178472519477133 ], [ 72.317918771632137, 22.178472519889635 ], [ 72.317918771852334, 22.179582596601701 ], [ 72.31764411321889, 22.179582596615877 ], [ 72.317644113291067, 22.180696487931435 ], [ 72.317361826179209, 22.180692673009311 ], [ 72.317361825510588, 22.181249618888213 ], [ 72.317083353301996, 22.181249618725658 ], [ 72.317083353020493, 22.182085037455835 ], [ 72.316804879848817, 22.182081222847337 ], [ 72.316804879954361, 22.18264198318823 ], [ 72.316530221718224, 22.182641983369592 ], [ 72.316530221636924, 22.183202743893528 ], [ 72.3162441190225, 22.183202744444934 ], [ 72.316244119159663, 22.184030533434953 ], [ 72.315973276025545, 22.184030533112512 ], [ 72.315973276326915, 22.184583664302387 ], [ 72.315698617775524, 22.18457985010637 ], [ 72.315698618142108, 22.185140610370588 ], [ 72.315141671637278, 22.185140610596708 ], [ 72.315141672100452, 22.18541908294026 ], [ 72.314859384568649, 22.18541908334679 ], [ 72.3148593843122, 22.18569374173374 ], [ 72.314310067517667, 22.185693741620319 ], [ 72.314310068189954, 22.185972214129244 ], [ 72.313753121833784, 22.185972214040117 ], [ 72.313753122257239, 22.18625068755108 ], [ 72.313470834749836, 22.18624305748666 ], [ 72.313470834680743, 22.186529159929915 ], [ 72.312921518013468, 22.18652916049054 ], [ 72.312921517723254, 22.186811448108166 ], [ 72.312639230926152, 22.186807633339303 ], [ 72.312639230026534, 22.187086106079292 ], [ 72.312082284515057, 22.187078476753168 ], [ 72.312082284433203, 22.187364578528506 ], [ 72.311250680787424, 22.187364579202367 ], [ 72.31125068088879, 22.18764305220855 ], [ 72.310693734743623, 22.187643051369232 ], [ 72.310693734650016, 22.18792152445824 ], [ 72.309858315909025, 22.187917709623875 ], [ 72.30985831601636, 22.188196182845545 ], [ 72.309305185329677, 22.188196183077999 ], [ 72.309305185304055, 22.188474655463359 ], [ 72.308748239091841, 22.188474655935469 ], [ 72.308748238871232, 22.188753128403654 ], [ 72.308198922779852, 22.188753128914417 ], [ 72.30819892336747, 22.189031601515701 ], [ 72.307905191546084, 22.189031601556685 ], [ 72.307905191510258, 22.189310074190598 ], [ 72.307359689264899, 22.189306260114726 ], [ 72.307359689058373, 22.189584732831019 ], [ 72.307085031165116, 22.189584732294175 ], [ 72.307085031308745, 22.189863206012468 ], [ 72.306810372945847, 22.189859390980988 ], [ 72.306810373380259, 22.190141678778119 ], [ 72.306528085682757, 22.190141678898513 ], [ 72.306528085685358, 22.190420151813129 ], [ 72.306253427105915, 22.190416336739069 ], [ 72.306253427512615, 22.190694809735991 ], [ 72.305971139558181, 22.190694809786681 ], [ 72.305971139365724, 22.190973282816184 ], [ 72.305688851999108, 22.190969467473444 ], [ 72.305688851994674, 22.191251755502751 ], [ 72.305139535706573, 22.191251755568917 ], [ 72.305139535777187, 22.191530227844922 ], [ 72.30486487748982, 22.191530228074345 ], [ 72.304864877147409, 22.191804886383803 ], [ 72.30458258960391, 22.191804886751918 ], [ 72.304582589479537, 22.192083359142853 ], [ 72.304304116858859, 22.192079544723466 ], [ 72.304304117397024, 22.192369462004581 ], [ 72.304033273629884, 22.192369461432445 ], [ 72.30403327376888, 22.192640305019538 ], [ 72.303750986348092, 22.192640304855679 ], [ 72.303750986176553, 22.192922592364816 ], [ 72.303468698094548, 22.192922592593476 ], [ 72.303468698567173, 22.1932010652658 ], [ 72.302087777567181, 22.193201066060272 ], [ 72.302087778105317, 22.192922592368255 ], [ 72.300958627874564, 22.192922592567154 ], [ 72.30095862714451, 22.192640304706135 ], [ 72.299859994655094, 22.192640305046343 ], [ 72.299859994995614, 22.192922593007946 ], [ 72.299577707522772, 22.192922592461166 ], [ 72.299577706646502, 22.193201065485422 ], [ 72.299859994718531, 22.193201066032223 ], [ 72.299859994903088, 22.193750382335441 ], [ 72.300142282182861, 22.193750382254926 ], [ 72.300142282215901, 22.194585800745674 ], [ 72.299859995112811, 22.194585800926742 ], [ 72.299859994704917, 22.195417404836096 ], [ 72.299585336623977, 22.195417405125298 ], [ 72.299585336931969, 22.195974350969905 ], [ 72.299310678070597, 22.195970535835546 ], [ 72.299310678399465, 22.196809769411811 ], [ 72.299028390405851, 22.1968097691616 ], [ 72.299028390703384, 22.197641373227551 ], [ 72.298753732848212, 22.197641373177721 ], [ 72.298753732392001, 22.198472977583108 ], [ 72.298471445123965, 22.198469162485164 ], [ 72.298471444718459, 22.199312210281391 ], [ 72.298196786636524, 22.199308396279509 ], [ 72.298196786457481, 22.199861527431175 ], [ 72.297922128836063, 22.19986152704243 ], [ 72.297922128849152, 22.200704575529851 ], [ 72.297639841251396, 22.20070457497998 ], [ 72.297639840579251, 22.201250076637482 ], [ 72.297079080450715, 22.201250076736837 ], [ 72.297079079937959, 22.201539994045888 ], [ 72.296518319449362, 22.201539993955581 ], [ 72.296518319509829, 22.201814652481879 ], [ 72.296247476125401, 22.201807022896944 ], [ 72.296247476185513, 22.202085495519555 ], [ 72.295694345389492, 22.202085495986115 ], [ 72.295694345262689, 22.202363968691376 ], [ 72.294305795428826, 22.202363968119815 ], [ 72.294305795767016, 22.201528549648099 ], [ 72.294588083014574, 22.201539993816038 ], [ 72.294588083055217, 22.201250077124254 ], [ 72.294862741000273, 22.201250076980159 ], [ 72.294862741319719, 22.200704575638131 ], [ 72.295152658494345, 22.200704574773681 ], [ 72.295152658302982, 22.200422287228413 ], [ 72.295419687253101, 22.200422287254529 ], [ 72.295419686975833, 22.200143814724388 ], [ 72.295694345458273, 22.200143815060009 ], [ 72.295694345142593, 22.19986152671191 ], [ 72.295976633116751, 22.199861527315484 ], [ 72.295976632698441, 22.199583053981641 ], [ 72.296247476373324, 22.199583054384156 ], [ 72.296247475892827, 22.199308396063262 ], [ 72.29651831987988, 22.19930076703962 ], [ 72.29652594944119, 22.199029923550871 ], [ 72.296808237142116, 22.199033737633272 ], [ 72.296808236808147, 22.198747635506486 ], [ 72.297079080678628, 22.198747635440114 ], [ 72.297079080536577, 22.192922592955583 ], [ 72.296808236845891, 22.192922592418292 ], [ 72.296808236739906, 22.191251755651702 ], [ 72.297079079996706, 22.191251755420716 ], [ 72.297079080510741, 22.190694809257021 ], [ 72.297365182704169, 22.19069480998489 ], [ 72.297365182548944, 22.190141678917421 ], [ 72.2976398407136, 22.190141678616033 ], [ 72.297639840821461, 22.189584732812737 ], [ 72.297922128292399, 22.189584732731436 ], [ 72.2979221287342, 22.189306259929008 ], [ 72.298189157129329, 22.189310074815126 ], [ 72.298189156933546, 22.188753128388019 ], [ 72.298471444535409, 22.188753128301538 ], [ 72.298471444484164, 22.188192368061937 ], [ 72.298753732452042, 22.188196182461809 ], [ 72.298753732766897, 22.187639237365829 ], [ 72.299028391113751, 22.187643051595309 ], [ 72.299028390194792, 22.187364579070707 ], [ 72.299310678703321, 22.18736457853867 ], [ 72.299310677955916, 22.187078476225334 ], [ 72.299585336633839, 22.187086106292409 ], [ 72.299585336560881, 22.186807633014524 ], [ 72.299859995057218, 22.186811447671861 ], [ 72.299859994716655, 22.186529160435544 ], [ 72.300142282306936, 22.186529160240443 ], [ 72.300142282078113, 22.18596839995892 ], [ 72.300416940753891, 22.185972214623519 ], [ 72.30041694088996, 22.185693741576948 ], [ 72.300699227615993, 22.185693741312072 ], [ 72.300699227794965, 22.185419083256487 ], [ 72.300958627080419, 22.185419082809933 ], [ 72.300958627053888, 22.185140609878616 ], [ 72.301248544723478, 22.185140610173658 ], [ 72.301248544410726, 22.184858322367926 ], [ 72.301530832192341, 22.184858322540517 ], [ 72.301530831938464, 22.184579849725321 ], [ 72.301805490547139, 22.184583664775097 ], [ 72.301805490697262, 22.184305192042466 ], [ 72.30208777766677, 22.184312821038613 ], [ 72.302087777378119, 22.183748245859068 ], [ 72.302362436478873, 22.183748246010747 ], [ 72.302362436434024, 22.183469773426602 ], [ 72.302633279631877, 22.183473587284542 ], [ 72.302633279999213, 22.183195114782954 ], [ 72.302919381572138, 22.1832027439435 ], [ 72.302919381612782, 22.182920456569779 ], [ 72.304304116907133, 22.182920456159604 ], [ 72.304304116830721, 22.183202744301681 ], [ 72.304864877889017, 22.183195114615806 ], [ 72.304864877268855, 22.183473587785222 ], [ 72.305688852074965, 22.183469773258921 ], [ 72.305688852270478, 22.183748245491223 ], [ 72.306528085690118, 22.183748245477606 ], [ 72.306528085463214, 22.184030533467208 ], [ 72.307092660279537, 22.184030533086716 ], [ 72.307092660280276, 22.184312821059667 ], [ 72.308198923387863, 22.18431282083294 ], [ 72.308198922927161, 22.184030533879589 ], [ 72.308473581038299, 22.184030532997038 ], [ 72.308473580973796, 22.1837482461276 ], [ 72.309030526972236, 22.183748245832785 ], [ 72.309030526647689, 22.183469773032932 ], [ 72.309305185356351, 22.183473587484247 ], [ 72.309305185435889, 22.183195114766946 ], [ 72.309858316651017, 22.183202744529112 ], [ 72.309858316622325, 22.182920456989848 ], [ 72.310419076813901, 22.182920456847462 ], [ 72.310419076557338, 22.182641983376474 ], [ 72.310693734453267, 22.182641983209749 ], [ 72.31069373460133, 22.18235969583781 ], [ 72.311250681091309, 22.182363510896728 ], [ 72.311250681043845, 22.182085037591712 ], [ 72.311529153644258, 22.182085038279521 ], [ 72.311529153992723, 22.181806565057492 ], [ 72.311807626002164, 22.181806565232655 ], [ 72.311807626504176, 22.181249618937212 ], [ 72.312082284284898, 22.181249619157704 ], [ 72.31208228444649, 22.180971146084261 ], [ 72.312364572596664, 22.180974960747431 ], [ 72.312364572159183, 22.18069648770642 ], [ 72.312639230702075, 22.180696487935283 ], [ 72.312639230568564, 22.179582596300111 ], [ 72.312921517657458, 22.179582596042739 ], [ 72.312921517885158, 22.177919388648935 ], [ 72.313188546743149, 22.177919388219482 ], [ 72.313188546636809, 22.17625236541766 ], [ 72.313470834403176, 22.176252365456037 ], [ 72.313470834329593, 22.171529770945746 ], [ 72.31318854685324, 22.171529770405407 ], [ 72.313188546586687, 22.171239853926178 ], [ 72.312921518565602, 22.171247482554119 ], [ 72.312921517997495, 22.170972824679023 ], [ 72.312639230624583, 22.170972824901764 ], [ 72.312639230645075, 22.170694352174603 ], [ 72.312082284443321, 22.170694351863041 ], [ 72.312082284644788, 22.17041969400249 ], [ 72.311815256136413, 22.170419693564472 ], [ 72.31181525593172, 22.170141220802538 ], [ 72.311529153568316, 22.170141221142313 ], [ 72.311529153470261, 22.169580459865877 ], [ 72.31180762626694, 22.169584274440702 ], [ 72.311807626720054, 22.16875267056394 ], [ 72.312082285044667, 22.168752671220737 ], [ 72.312082284798066, 22.167921066770155 ], [ 72.31236457256837, 22.167921067018973 ], [ 72.312364572518277, 22.167081833207508 ], [ 72.312082284565477, 22.167085647736553 ], [ 72.312082284279001, 22.16625022992039 ], [ 72.311807626203702, 22.166250229931727 ], [ 72.311807626596419, 22.165796280704924 ], [ 72.311807626921251, 22.165693283644433 ], [ 72.311670297426588, 22.16569709874852 ], [ 72.311529153409253, 22.165700913252287 ], [ 72.311529153982647, 22.165594101320011 ], [ 72.31152915376741, 22.164861679986341 ], [ 72.311250681093384, 22.164861679279166 ], [ 72.311250680195499, 22.164030075910759 ], [ 72.310968392738431, 22.164030075939039 ], [ 72.310968393070297, 22.163473129980119 ], [ 72.310693734778326, 22.163473129505959 ], [ 72.310693734792864, 22.161249161567248 ], [ 72.310419077091808, 22.161252976181498 ], [ 72.310419076258086, 22.157358170252319 ], [ 72.310144418743789, 22.157361984878921 ], [ 72.310144418668315, 22.15624809312439 ], [ 72.309858315731944, 22.156248093343116 ], [ 72.309858316217102, 22.151807786037242 ], [ 72.309595101780843, 22.151811600657918 ], [ 72.309595102445257, 22.148752213134248 ], [ 72.309858316641495, 22.148752212749063 ], [ 72.309858315767997, 22.148202897090428 ], [ 72.310152048034936, 22.148202897008559 ], [ 72.310152047767886, 22.146253586432977 ], [ 72.31041907676925, 22.146253586802743 ], [ 72.310419076631845, 22.144582748811796 ], [ 72.31069373502325, 22.144582749035703 ], [ 72.310693735385868, 22.144308090433384 ], [ 72.310976022961952, 22.144308091238408 ], [ 72.310976022362297, 22.143472672028505 ], [ 72.311250680350284, 22.143472672260589 ], [ 72.311250680572314, 22.143194199001798 ], [ 72.31152915381152, 22.14319419931125 ], [ 72.311529153239078, 22.142084122419799 ], [ 72.311807626096495, 22.142084122316941 ], [ 72.311807626150639, 22.141527176269733 ], [ 72.312082284932927, 22.141530990998103 ], [ 72.31208228426668, 22.140691757394229 ], [ 72.312364571844938, 22.140695572682493 ], [ 72.312364572375955, 22.139863968282356 ], [ 72.312639230595863, 22.139860153399173 ], [ 72.312639230831977, 22.139581680728689 ], [ 72.312921517958429, 22.139585495995064 ], [ 72.312921518273271, 22.139028549885577 ], [ 72.313188547178356, 22.139032364627404 ], [ 72.31318854732865, 22.138471603871178 ], [ 72.313470834963439, 22.138471604348918 ], [ 72.313470834416691, 22.137083054600161 ], [ 72.314027780240295, 22.137083054269677 ], [ 72.314027779936367, 22.137361527405357 ], [ 72.314310068089796, 22.137361527386364 ], [ 72.314310067794906, 22.137083054250681 ], [ 72.314584725902236, 22.137083054645608 ], [ 72.314584726178936, 22.136529923404154 ], [ 72.314859384115522, 22.136529923350434 ], [ 72.314859384628434, 22.1362514504162 ], [ 72.315141672313956, 22.136251449864481 ], [ 72.315141672228009, 22.135972976964123 ], [ 72.315416329931978, 22.135972976868281 ], [ 72.31541633024996, 22.135694504051973 ], [ 72.315698617616633, 22.135694504349154 ], [ 72.315698617335769, 22.135416031566709 ], [ 72.315973275892745, 22.135419846305066 ], [ 72.31597327581764, 22.135133743954835 ], [ 72.316530221941576, 22.135141373703181 ], [ 72.316530221923571, 22.134862900169214 ], [ 72.316804880102993, 22.134862900459609 ], [ 72.316804879448384, 22.134584427878725 ], [ 72.317361825809414, 22.134584427821096 ], [ 72.317361826000266, 22.134305954455296 ], [ 72.318464273319307, 22.134309769361948 ], [ 72.318464273144571, 22.134031296129912 ], [ 72.31958197987916, 22.134031296102275 ], [ 72.319581979252646, 22.133752823923643 ], [ 72.320421213078717, 22.133752823955195 ], [ 72.320421212470507, 22.133470536168723 ], [ 72.320695871542341, 22.133474350850097 ], [ 72.320695871566329, 22.133195877970618 ], [ 72.321252817147808, 22.133195877671632 ], [ 72.321252816976866, 22.132917404876256 ], [ 72.321809762524495, 22.132921219236596 ], [ 72.32180976314514, 22.13264274657493 ], [ 72.322359079002354, 22.13264274636451 ], [ 72.322359079159682, 22.132360458965938 ], [ 72.322637551962927, 22.132360459327511 ], [ 72.322637551922512, 22.132070542372837 ], [ 72.322916025367846, 22.132085800584743 ], [ 72.322916024628256, 22.13180732807513 ], [ 72.323198312070176, 22.131811142513051 ], [ 72.323198312704918, 22.131532670137133 ], [ 72.323469155667865, 22.131532669473369 ], [ 72.323469156194761, 22.13096809431714 ], [ 72.323755258259538, 22.130971908958092 ], [ 72.323755258699933, 22.130136490501609 ], [ 72.323469156130145, 22.130140305346252 ], [ 72.323469156244101, 22.129861832255145 ], [ 72.32291602495404, 22.129861831930796 ], [ 72.322916025201039, 22.129583359742689 ], [ 72.322637552369784, 22.12958335959307 ], [ 72.322637552274756, 22.129304886469754 ], [ 72.322084421143188, 22.129304886680007 ], [ 72.322084421235061, 22.129026413540583 ], [ 72.321809762926648, 22.129026413914403 ], [ 72.321809762306017, 22.129304886134694 ], [ 72.320970529615877, 22.129304886889763 ], [ 72.320970529111023, 22.129026413599924 ], [ 72.320421212507355, 22.129030228294678 ], [ 72.320421213167805, 22.128751755038394 ], [ 72.320135110949337, 22.128751755091855 ], [ 72.32013511097152, 22.127920151059378 ], [ 72.320421213350642, 22.127920151106181 ], [ 72.3204212129708, 22.127641678854655 ], [ 72.321535104465809, 22.127641678797261 ], [ 72.321527474975255, 22.127363205213694 ], [ 72.321809762578255, 22.127363205167324 ], [ 72.321809762266227, 22.12708473221517 ], [ 72.321527475261988, 22.127084732261526 ], [ 72.321527475135838, 22.12624931355943 ], [ 72.321252817422334, 22.126260757972492 ], [ 72.321252816547812, 22.1259708406741 ], [ 72.320695871165881, 22.125974656067193 ], [ 72.32069587132149, 22.125417710336418 ], [ 72.320970529390962, 22.125421524388642 ], [ 72.320970528886122, 22.125143051573961 ], [ 72.321252816701417, 22.125143051898821 ], [ 72.321252816656411, 22.124311447698371 ], [ 72.321535104656505, 22.1243114475966 ], [ 72.321535104274915, 22.123472214188617 ], [ 72.322084421380382, 22.123472214223977 ], [ 72.322084420485723, 22.12319374174859 ], [ 72.322637551624808, 22.123193741003529 ], [ 72.322637551822524, 22.122919083467824 ], [ 72.323198312495123, 22.122922897906658 ], [ 72.323198312928383, 22.122640609975306 ], [ 72.32290839519608, 22.122640610615331 ], [ 72.322908395566856, 22.122362137473296 ], [ 72.322637551740172, 22.122362137049198 ], [ 72.322637551645158, 22.122083664810358 ], [ 72.322366708339189, 22.122083664820369 ], [ 72.322366708704251, 22.121530533359621 ], [ 72.322088236076979, 22.121530533184448 ], [ 72.322088235174249, 22.121252060947455 ], [ 72.321809763137679, 22.121252060259451 ], [ 72.321809762825666, 22.120973588056639 ], [ 72.321527475151328, 22.120973587401053 ], [ 72.321527475491934, 22.120695114313321 ], [ 72.321252817254674, 22.120702744214316 ], [ 72.32125281693898, 22.120420456308715 ], [ 72.320970529359897, 22.120420456401622 ], [ 72.320970529390692, 22.1198635111651 ], [ 72.320695871401895, 22.119863510401387 ], [ 72.3206958714797, 22.119585038268998 ], [ 72.320421213033214, 22.119585037875449 ], [ 72.320421212761019, 22.119306564808006 ], [ 72.320135110356858, 22.119306564727491 ], [ 72.320135110691581, 22.119028091694364 ], [ 72.319864266727237, 22.119031906265615 ], [ 72.319864267370505, 22.118749619387213 ], [ 72.319581979276833, 22.118749619444767 ], [ 72.319581979333392, 22.11819267339936 ], [ 72.319307320875026, 22.118196488386808 ], [ 72.319307320992664, 22.117918015389989 ], [ 72.31903266310087, 22.117921829878135 ], [ 72.319032663613143, 22.117639542118788 ], [ 72.318750375825957, 22.117639542361871 ], [ 72.318750375824038, 22.117090225980053 ], [ 72.318464273102407, 22.117090226164024 ], [ 72.31846427303536, 22.116811753203194 ], [ 72.31819342932414, 22.116811752539899 ], [ 72.318193429614183, 22.116529465738015 ], [ 72.317918771372504, 22.116529465093919 ], [ 72.317918771579741, 22.115972519244451 ], [ 72.317644113409116, 22.115972519889571 ], [ 72.317644113108912, 22.11569404696618 ], [ 72.314859384387191, 22.115694046748576 ], [ 72.314859384699162, 22.115972519973059 ], [ 72.314310067765533, 22.115972519760913 ], [ 72.314310068298255, 22.115137101009363 ], [ 72.314027780517449, 22.115140915249675 ], [ 72.314027780365663, 22.114580155017681 ], [ 72.313753121840691, 22.11458778446104 ], [ 72.313753121867791, 22.114305496516359 ], [ 72.313470834843812, 22.114320755875752 ], [ 72.313470834438746, 22.114030838333793 ], [ 72.313188546859664, 22.114030838872306 ], [ 72.313188547132427, 22.113752365736897 ], [ 72.312921518200085, 22.11375236597442 ], [ 72.312921518042401, 22.113470078033899 ], [ 72.31263923063095, 22.113473893205168 ], [ 72.312639230098156, 22.113199234826947 ], [ 72.312433237246339, 22.113191604858525 ], [ 72.312364572270369, 22.113191605245206 ], [ 72.31236457235984, 22.112638473803184 ], [ 72.312082284693517, 22.112642288752049 ], [ 72.312082284367548, 22.112360000850114 ], [ 72.311807626181206, 22.112363816359654 ], [ 72.311807626423814, 22.112085343279595 ], [ 72.311529153904218, 22.112085342926765 ], [ 72.311529153597903, 22.11152839676955 ], [ 72.311250681181193, 22.111532211558774 ], [ 72.31125068086628, 22.110422135258744 ], [ 72.311304086732946, 22.110422134990248 ], [ 72.311529153857563, 22.110422135406143 ], [ 72.311529153428182, 22.109582902056772 ], [ 72.311330788998319, 22.109582901883797 ], [ 72.311250680244214, 22.10958290180896 ], [ 72.311250681023466, 22.108472824682984 ], [ 72.31152915382566, 22.108472825031189 ], [ 72.311529153137542, 22.107084275073841 ], [ 72.311727517737793, 22.107084275187425 ], [ 72.311807626940151, 22.107084275110033 ], [ 72.311807626890754, 22.105142593707036 ], [ 72.312082284724099, 22.105150223288302 ], [ 72.312082284426197, 22.104860306778239 ], [ 72.312364572177046, 22.104860306551572 ], [ 72.312364572278611, 22.104581833532613 ], [ 72.312639230887925, 22.104585648345623 ], [ 72.312639230912268, 22.104028702460788 ], [ 72.312921517818012, 22.104032516936972 ], [ 72.312921517714216, 22.103750229298324 ], [ 72.313470834246743, 22.10375022976153 ], [ 72.313470834960995, 22.103471757031212 ], [ 72.313753122577765, 22.103471756200946 ], [ 72.313753121856934, 22.102918625565309 ], [ 72.314027779878586, 22.102922439841972 ], [ 72.314027780355403, 22.102640152493898 ], [ 72.314859384599757, 22.102640152827632 ], [ 72.314859384395518, 22.102361679416624 ], [ 72.315141672369194, 22.10236167982109 ], [ 72.315141671463678, 22.100694656889534 ], [ 72.315416330547052, 22.100694656930976 ], [ 72.315416329965558, 22.099584580399977 ], [ 72.315141672218047, 22.099584580308381 ], [ 72.315141671598369, 22.099027634332565 ], [ 72.31485938383463, 22.099027634495943 ], [ 72.31485938447905, 22.098474503422917 ], [ 72.314584726040806, 22.09847450308812 ], [ 72.314584726419014, 22.098196030196224 ], [ 72.314310067523166, 22.098196030231481 ], [ 72.314310067497587, 22.097917557324156 ], [ 72.314027780082696, 22.097921372435664 ], [ 72.314027780655806, 22.097642899562636 ], [ 72.313753121876843, 22.097642899455046 ], [ 72.313753122011676, 22.097360611804731 ], [ 72.313470834711453, 22.097360611982413 ], [ 72.313470834381448, 22.096811294813186 ], [ 72.31318854722204, 22.096811295332781 ], [ 72.313188546616189, 22.096532822447831 ], [ 72.312921518128917, 22.096532821847596 ], [ 72.312921517964881, 22.095964432822747 ], [ 72.313196176390008, 22.095972061353176 ], [ 72.313196176514793, 22.095140457975951 ], [ 72.312921517931244, 22.095140457944925 ], [ 72.312921517906119, 22.094583511708489 ], [ 72.3126392305509, 22.094583511870599 ], [ 72.31263923012375, 22.094305039214028 ], [ 72.312364572235964, 22.094312668553428 ], [ 72.312364572397129, 22.094030381174608 ], [ 72.312082284204678, 22.094030381115573 ], [ 72.312082284545966, 22.093210220538346 ], [ 72.311815255696303, 22.093210221309423 ], [ 72.311815256241303, 22.092081070479399 ], [ 72.311529153808095, 22.092084885208894 ], [ 72.311529153704086, 22.09097480855473 ], [ 72.311250680425687, 22.090974808136895 ], [ 72.311250680970886, 22.090696335832007 ], [ 72.310976022591475, 22.090696335491387 ], [ 72.310976022481626, 22.089307785261319 ], [ 72.310693735295857, 22.089311600582352 ], [ 72.310693734965554, 22.088750839638841 ], [ 72.310419076602827, 22.08875083992379 ], [ 72.310419077115014, 22.087640762647613 ], [ 72.310152047594869, 22.087640762635917 ], [ 72.310152047605527, 22.087080002014716 ], [ 72.309587472756704, 22.08708381747514 ], [ 72.309587472938063, 22.086805344539016 ], [ 72.30930518497172, 22.086812973543719 ], [ 72.309305184926785, 22.085420609182748 ], [ 72.309030526464525, 22.085420609350901 ], [ 72.309030526857256, 22.083749771275723 ], [ 72.308748239623952, 22.083749771289948 ], [ 72.308748239521677, 22.082639694850684 ], [ 72.308473580904987, 22.082639694624746 ], [ 72.308473581178191, 22.080980301583661 ], [ 72.308198923019859, 22.080980301627179 ], [ 72.308198922549138, 22.080419541324964 ], [ 72.307905191353996, 22.080419541008627 ], [ 72.307905191582861, 22.079309464055161 ], [ 72.307638161915918, 22.079309464264046 ], [ 72.307638162345583, 22.078470230362367 ], [ 72.307359689254056, 22.07847404539217 ], [ 72.307359689311241, 22.077917099386422 ], [ 72.307092660290408, 22.07792091417878 ], [ 72.307092660885289, 22.077642441228274 ], [ 72.306810372704874, 22.077642441516279 ], [ 72.30681037307933, 22.077360153823367 ], [ 72.306528085330385, 22.077363968311673 ], [ 72.306528085956089, 22.076807022436164 ], [ 72.306810373159706, 22.076810837451976 ], [ 72.306810372822824, 22.071809768887494 ], [ 72.306528085292683, 22.071809768964695 ], [ 72.306528085418023, 22.070421219027146 ], [ 72.306253427325572, 22.070421219945484 ], [ 72.306253427559909, 22.068471909407556 ], [ 72.305971140056499, 22.068475723724067 ], [ 72.305971139276167, 22.067640305316008 ], [ 72.305688851725677, 22.067640305211984 ], [ 72.3056888525619, 22.065141678458584 ], [ 72.305421822782506, 22.065141678810189 ], [ 72.305421823291155, 22.064859390738761 ], [ 72.305139535478204, 22.064863205851374 ], [ 72.305139535251683, 22.0643062600451 ], [ 72.304864877783459, 22.064310074380426 ], [ 72.304864877735625, 22.063753128665155 ], [ 72.304582589504179, 22.063753128800347 ], [ 72.304582590047772, 22.0620822914385 ], [ 72.304304116672938, 22.062086106405211 ], [ 72.304304117324904, 22.061525345538886 ], [ 72.304033273877451, 22.061532974484305 ], [ 72.304033273654014, 22.059312821249222 ], [ 72.303750985984379, 22.059312821217311 ], [ 72.303750986039972, 22.058752060915051 ], [ 72.303468698589498, 22.058752060305672 ], [ 72.303468698400494, 22.057641983194706 ], [ 72.303194040032821, 22.057641983631104 ], [ 72.303194040193205, 22.056531906987079 ], [ 72.303468698211489, 22.056531906651209 ], [ 72.303468697987981, 22.05624961944557 ], [ 72.303194039627925, 22.056249618812029 ], [ 72.303194039871173, 22.055692672970846 ], [ 72.302919382287854, 22.055696488366035 ], [ 72.302919382199647, 22.054582596040902 ], [ 72.302633279389568, 22.054582596201502 ], [ 72.30263327911581, 22.053750992161358 ], [ 72.30236243585415, 22.053754807190739 ], [ 72.302362436386602, 22.053468704641354 ], [ 72.302087777460088, 22.053472519139 ], [ 72.302087777740596, 22.052083969290301 ], [ 72.301805490548418, 22.052083969466526 ], [ 72.301805490586091, 22.051252366134865 ], [ 72.301530831614826, 22.051252365602529 ], [ 72.301530832459392, 22.050420761621282 ], [ 72.301248544844057, 22.05042076147533 ], [ 72.301248544847638, 22.049310684921025 ], [ 72.300958627327603, 22.049310685018206 ], [ 72.30095862728588, 22.049032212261633 ], [ 72.300699228416562, 22.049032211900961 ], [ 72.300699228367961, 22.048192978150613 ], [ 72.300416940096284, 22.048196793633799 ], [ 72.300416940271006, 22.047918320051501 ], [ 72.3001422821402, 22.047918320370599 ], [ 72.300142281857333, 22.047639847693077 ], [ 72.299859995127221, 22.047639847459632 ], [ 72.299859994788207, 22.045972824883226 ], [ 72.299585336727972, 22.045972824908194 ], [ 72.299585336078394, 22.04494285653351 ], [ 72.299585336073108, 22.044584274798034 ], [ 72.299310677904671, 22.044584275092138 ], [ 72.29931067801536, 22.044027328645655 ], [ 72.29902839060675, 22.044031143882997 ], [ 72.299028390442615, 22.043191910607916 ], [ 72.298753732758883, 22.043195725375895 ], [ 72.29875373227334, 22.042638779137942 ], [ 72.299028390963969, 22.042642593854819 ], [ 72.299028390692854, 22.042081833144927 ], [ 72.298753732372646, 22.042085647760057 ], [ 72.298753732576301, 22.04125022985799 ], [ 72.29847144462785, 22.041250229034109 ], [ 72.298471445097249, 22.040704727339772 ], [ 72.298753732859296, 22.04070472821396 ], [ 72.298753732001259, 22.039861679587041 ], [ 72.298471445011216, 22.039861679581659 ], [ 72.298471444381022, 22.039583206826475 ], [ 72.29819678670313, 22.039583206431619 ], [ 72.298196786190132, 22.039030075689762 ], [ 72.297922128628997, 22.039030075664513 ], [ 72.297922128423536, 22.037919998930949 ], [ 72.298189157018157, 22.037919998918994 ], [ 72.298189157040355, 22.037641525496831 ], [ 72.297922128025974, 22.037641525458469 ], [ 72.297922128271964, 22.036809921853092 ], [ 72.297639840831366, 22.036809921780545 ], [ 72.297639840827713, 22.035970688118713 ], [ 72.297365182213341, 22.03597450322205 ], [ 72.297365182996472, 22.035696030002505 ], [ 72.297079080147284, 22.035696030454851 ], [ 72.297079080551157, 22.035417557221223 ], [ 72.296808236766125, 22.035421372302274 ], [ 72.296808236665328, 22.033750534275892 ], [ 72.29707908044503, 22.033750534968807 ], [ 72.297079079863053, 22.033472061938159 ], [ 72.296808236603567, 22.033472062164357 ], [ 72.296808237108436, 22.032640457989039 ], [ 72.296518320297253, 22.03264045786808 ], [ 72.296518320005106, 22.032079697384049 ], [ 72.296247476131242, 22.032083512021117 ], [ 72.296247476437969, 22.030973435430003 ], [ 72.295976633347252, 22.030973434833395 ], [ 72.295976632606184, 22.029306412537487 ], [ 72.295694344757464, 22.029310227264325 ], [ 72.295694345185126, 22.027364731026648 ], [ 72.295419686991551, 22.02736473162954 ], [ 72.295419687030105, 22.027052070195854 ], [ 72.292518835683538, 22.024124335025459 ], [ 72.287609693476526, 22.016629446223821 ], [ 72.276778656869439, 22.000144576515044 ], [ 72.270310985656991, 21.986745071930095 ], [ 72.266513937607996, 21.971910301291825 ], [ 72.260141367044795, 21.972855855559192 ], [ 72.260141366568334, 21.974313736931542 ], [ 72.260408395387401, 21.974313736566227 ], [ 72.260408395988605, 21.975141525897794 ], [ 72.260698312571606, 21.97514152619474 ], [ 72.260698312696235, 21.97625160244479 ], [ 72.260972970489973, 21.976251603111653 ], [ 72.26097297069451, 21.977640153005499 ], [ 72.26125144356476, 21.977640152310805 ], [ 72.261251443893457, 21.978761673557742 ], [ 72.261529916632611, 21.978750229263344 ], [ 72.261529916748415, 21.98097419830367 ], [ 72.261251443337869, 21.980970383371471 ], [ 72.261251443583447, 21.981531143444336 ], [ 72.260972970917408, 21.981527329017933 ], [ 72.260972970486819, 21.982084274634481 ], [ 72.259859079271322, 21.982080460511927 ], [ 72.259866708603127, 21.982362747652807 ], [ 72.255563729862246, 21.982362747664247 ], [ 72.255144113330488, 21.9823627481444 ], [ 72.255144113627793, 21.982641220784533 ], [ 72.25486182616676, 21.982641220567473 ], [ 72.254861825865802, 21.982919693245066 ], [ 72.25458716728059, 21.982919693203712 ], [ 72.254587167143384, 21.983472825031122 ], [ 72.254304879812508, 21.983472824793566 ], [ 72.254304880022531, 21.983747483023308 ], [ 72.25402640735544, 21.98374748264925 ], [ 72.254026407526538, 21.984029770238195 ], [ 72.253747934206999, 21.98402977026986 ], [ 72.25374793450186, 21.984308243285948 ], [ 72.253473275862135, 21.984308243209309 ], [ 72.25347327601763, 21.984861374741403 ], [ 72.253198617945145, 21.984857559603626 ], [ 72.253198617323449, 21.985139847394393 ], [ 72.252908700533496, 21.985139847653205 ], [ 72.252908700328675, 21.985422134613923 ], [ 72.25264167165075, 21.985418320219793 ], [ 72.252641672301749, 21.985971451331391 ], [ 72.25235938431365, 21.985971451387705 ], [ 72.252359384222729, 21.986532211978819 ], [ 72.252084726523577, 21.986528396853302 ], [ 72.25208472581167, 21.987363815637714 ], [ 72.251806253093164, 21.987363816171214 ], [ 72.251806253102075, 21.989583969799796 ], [ 72.252084726314223, 21.989580155311426 ], [ 72.252084725873544, 21.991529465262524 ], [ 72.251806253250592, 21.991529465332256 ], [ 72.251806253308231, 21.992921829423079 ], [ 72.252084726426375, 21.992914200815743 ], [ 72.252084726532615, 21.994306564761416 ], [ 72.252359384444773, 21.994306565330568 ], [ 72.252359384293484, 21.994863510730788 ], [ 72.25264167237458, 21.994859695951121 ], [ 72.252641671680209, 21.995420456080243 ], [ 72.252916329895399, 21.995420456454738 ], [ 72.25291632989439, 21.995973587367928 ], [ 72.253198617526778, 21.995973587915284 ], [ 72.253198618122468, 21.998472214360604 ], [ 72.252916330049686, 21.998472214066176 ], [ 72.252916329852468, 21.999132156725107 ], [ 72.252916330580646, 21.999586106116109 ], [ 72.25347327605202, 21.999570847375608 ], [ 72.253473275708558, 21.999860763734191 ], [ 72.253473275785367, 22.000143051720745 ], [ 72.253198617607879, 22.00014305194555 ], [ 72.253198617436269, 22.001253128202233 ], [ 72.253473275653292, 22.001249314102481 ], [ 72.253473276211039, 22.002084732867104 ], [ 72.253747934450914, 22.002084732859817 ], [ 72.253747934588986, 22.00293159589387 ], [ 72.254026407453154, 22.002931595626531 ], [ 72.254026406553464, 22.003751755150411 ], [ 72.25430488011618, 22.003751755238323 ], [ 72.254304879822655, 22.004583359078801 ], [ 72.254594796522582, 22.004579544781233 ], [ 72.254594796957235, 22.005422592950218 ], [ 72.254861825317789, 22.005422592668971 ], [ 72.254861825296786, 22.006250382317695 ], [ 72.255144113109125, 22.00625038179367 ], [ 72.255144113503547, 22.00708580107457 ], [ 72.255418771812984, 22.007081986496946 ], [ 72.255418771306793, 22.007642746535215 ], [ 72.255693429732773, 22.007638932325829 ], [ 72.25569343007875, 22.008195877807029 ], [ 72.255975717034588, 22.008195877314645 ], [ 72.255975717537424, 22.008752823811907 ], [ 72.25625037562412, 22.008741379073829 ], [ 72.256250375495043, 22.009031296396273 ], [ 72.256532662807345, 22.009027481943871 ], [ 72.256532662768436, 22.009584427590472 ], [ 72.256807321522601, 22.009584427696719 ], [ 72.25680732161959, 22.009862900090475 ], [ 72.257078164889492, 22.00986290030265 ], [ 72.2570781651918, 22.010419846069148 ], [ 72.257364266877843, 22.010419845750302 ], [ 72.257364267038795, 22.010972976902902 ], [ 72.257638925253872, 22.010969162473348 ], [ 72.257638925464548, 22.011251450579238 ], [ 72.257921212854853, 22.011251449825114 ], [ 72.257921213287361, 22.011529923257214 ], [ 72.258195871017804, 22.011529923343865 ], [ 72.258195870708363, 22.011804581131038 ], [ 72.258470529359357, 22.011808396349625 ], [ 72.258470529624091, 22.012083054173054 ], [ 72.258752816667311, 22.012083054521401 ], [ 72.258752816945361, 22.01236152704319 ], [ 72.259042733799305, 22.012361527241278 ], [ 72.259042734123554, 22.012643814462866 ], [ 72.259309762819839, 22.012643814803827 ], [ 72.25930976230714, 22.012922287298519 ], [ 72.259584420814448, 22.012922287517313 ], [ 72.259584421316916, 22.013204574763446 ], [ 72.259859079374493, 22.013204575351494 ], [ 72.259859079300554, 22.013750077297949 ], [ 72.260141366860168, 22.013750076738727 ], [ 72.260141366613198, 22.014585495488046 ], [ 72.260408395733663, 22.014581680856871 ], [ 72.260408395825721, 22.015142441829457 ], [ 72.260698312274414, 22.015138626586833 ], [ 72.260698312612021, 22.015974045733778 ], [ 72.260972970949368, 22.015970231162921 ], [ 72.260972970297658, 22.017641068353342 ], [ 72.260698312930202, 22.017641068457213 ], [ 72.26069831283651, 22.019311905331108 ], [ 72.260408395646763, 22.019311905391334 ], [ 72.260408395461923, 22.019861221650306 ], [ 72.260141366989572, 22.019861222170867 ], [ 72.260141366322358, 22.020139694596079 ], [ 72.259866708551243, 22.020139695279262 ], [ 72.2598667090096, 22.020696640391101 ], [ 72.259584421363385, 22.020696640276253 ], [ 72.259584420521307, 22.02100181672991 ], [ 72.259584421123435, 22.02124977177489 ], [ 72.259309763002946, 22.021249771546852 ], [ 72.259309762969494, 22.021532058985191 ], [ 72.25902747497426, 22.021528245039523 ], [ 72.259027474831854, 22.022085190667678 ], [ 72.258752816473077, 22.022081375716827 ], [ 72.258752816560886, 22.022642136272399 ], [ 72.258470529554359, 22.022642136167534 ], [ 72.258470529288346, 22.022920609160099 ], [ 72.258195871509102, 22.022920608947757 ], [ 72.258195871391209, 22.023473740410385 ], [ 72.257921213002305, 22.023469925935352 ], [ 72.25792121255175, 22.0240306860902 ], [ 72.257638925410319, 22.0240306864217 ], [ 72.257638924973207, 22.024583817355381 ], [ 72.25736426723671, 22.024580002017711 ], [ 72.257364266726427, 22.025419236038292 ], [ 72.257078165011677, 22.025419236187417 ], [ 72.257078165224897, 22.025972366714978 ], [ 72.256532663559, 22.025968552390374 ], [ 72.25653266352667, 22.02625083984007 ], [ 72.25598334642369, 22.026250839881719 ], [ 72.255983346627133, 22.026811600305983 ], [ 72.255693429821548, 22.026807785762781 ], [ 72.255693429317247, 22.02708244394567 ], [ 72.25541877143722, 22.027082443736248 ], [ 72.255418771968536, 22.027364731485385 ], [ 72.255144113444061, 22.027364731695872 ], [ 72.255144113758249, 22.027921676955636 ], [ 72.254304879877125, 22.027917862599054 ], [ 72.254304879706652, 22.028196335818439 ], [ 72.25402640673336, 22.028196335653977 ], [ 72.254026407012603, 22.028474808041246 ], [ 72.253473276329643, 22.02847480841594 ], [ 72.253473276166545, 22.02874946614757 ], [ 72.253198617487158, 22.028749466650076 ], [ 72.253198617245019, 22.029031753903396 ], [ 72.252908700463095, 22.029031754524222 ], [ 72.252908700344548, 22.029310227121851 ], [ 72.249864571844299, 22.029306412732605 ], [ 72.249864572022162, 22.029581070976207 ], [ 72.248468392895845, 22.029581070544786 ], [ 72.248468393553026, 22.02987098795403 ], [ 72.248193734997656, 22.029870987783699 ], [ 72.24819373459141, 22.030141830587656 ], [ 72.24791907640126, 22.030141830887782 ], [ 72.247919076548925, 22.030420304187032 ], [ 72.247644418762249, 22.030420304038614 ], [ 72.247644418468298, 22.030702591201219 ], [ 72.247362130534739, 22.030694961983741 ], [ 72.247362130487545, 22.03097343540578 ], [ 72.247087472475883, 22.030973435214825 ], [ 72.24708747288652, 22.03125190780478 ], [ 72.246812814238311, 22.031251908033727 ], [ 72.246812814066672, 22.031530380659959 ], [ 72.246530526427833, 22.031530380401609 ], [ 72.246530526643312, 22.031812668782035 ], [ 72.24624823923773, 22.031805039469866 ], [ 72.246248238855031, 22.032083512218918 ], [ 72.245973581371103, 22.032083511993491 ], [ 72.245973581391979, 22.032361984829492 ], [ 72.245698923271576, 22.032361985024 ], [ 72.245698922710204, 22.032640457896271 ], [ 72.245416635534625, 22.032640457547256 ], [ 72.245416635339012, 22.032915115756403 ], [ 72.245141976993509, 22.03291511590842 ], [ 72.245141977452604, 22.033472062036022 ], [ 72.24485968942146, 22.03347206161639 ], [ 72.244859689360439, 22.034311294963928 ], [ 72.244585030998834, 22.034311295174696 ], [ 72.244585031159701, 22.0351428994448 ], [ 72.244310373030871, 22.035142899257686 ], [ 72.244310373378582, 22.037641526260757 ], [ 72.244028085205343, 22.03764152566259 ], [ 72.244028085487386, 22.039583206848487 ], [ 72.243753426919, 22.039579392262166 ], [ 72.243753427152612, 22.04070472746205 ], [ 72.243188852210551, 22.040704728093917 ], [ 72.243188852567286, 22.041250229599523 ], [ 72.242921823348468, 22.041250229542239 ], [ 72.242921822872532, 22.041532516800981 ], [ 72.242639536032868, 22.041532516872888 ], [ 72.242639535702537, 22.044031143694653 ], [ 72.242921822982609, 22.044031143369434 ], [ 72.242921823543369, 22.04430961627347 ], [ 72.24263953566475, 22.044309616598692 ], [ 72.242639535610564, 22.04514122075517 ], [ 72.242364877115378, 22.045141220853246 ], [ 72.24236487748118, 22.045419693951551 ], [ 72.24208259024978, 22.045415878616161 ], [ 72.242082590017105, 22.045694351749958 ], [ 72.241807931296876, 22.045694351805622 ], [ 72.241807931357613, 22.047082901603517 ], [ 72.241533273677405, 22.047082901362643 ], [ 72.241533273350129, 22.04958534311238 ], [ 72.241807931333611, 22.049585343099849 ], [ 72.241807931332104, 22.050695419697139 ], [ 72.242364877410779, 22.050695420009166 ], [ 72.242364877830965, 22.05097389290507 ], [ 72.242639535710637, 22.050970078285481 ], [ 72.242639535668246, 22.05125236594877 ], [ 72.243188852419848, 22.051252365695468 ], [ 72.243188851629213, 22.05153083851118 ], [ 72.243467324825104, 22.051530838601163 ], [ 72.243467324624888, 22.051809311452732 ], [ 72.243753426983758, 22.051805497243215 ], [ 72.243753427390146, 22.052083970130145 ], [ 72.244028085451561, 22.052083969506221 ], [ 72.244028085454303, 22.052362442378346 ], [ 72.244310372676168, 22.052362442224311 ], [ 72.244310373277415, 22.052640915132283 ], [ 72.24458503140896, 22.052640915283774 ], [ 72.244585031606604, 22.052919388176914 ], [ 72.245141976604444, 22.052919388778179 ], [ 72.245141976983291, 22.053194046870448 ], [ 72.245416635231237, 22.053194046379243 ], [ 72.245416635220181, 22.053472519242227 ], [ 72.245698922663138, 22.053468704364352 ], [ 72.245698923310272, 22.053754806836675 ], [ 72.246248238976264, 22.053754806855455 ], [ 72.246248238893912, 22.054044724051824 ], [ 72.246812814109987, 22.05404472381062 ], [ 72.246812814846322, 22.054311753236817 ], [ 72.247087473172229, 22.054307938496457 ], [ 72.247087472689742, 22.054582596511651 ], [ 72.247644418281425, 22.054582596778861 ], [ 72.247644418063985, 22.05486106956721 ], [ 72.248193734964374, 22.054861069716168 ], [ 72.248193734925721, 22.055139542489684 ], [ 72.248750680689952, 22.05513954225561 ], [ 72.248750680964633, 22.055421829804246 ], [ 72.249032968176365, 22.055418014927227 ], [ 72.249032967945112, 22.055696487670986 ], [ 72.249582285055894, 22.055696488136242 ], [ 72.249582284860708, 22.05597114607426 ], [ 72.250139230867703, 22.055971146086353 ], [ 72.250139231010024, 22.056249618799971 ], [ 72.250688547259202, 22.05624961876919 ], [ 72.250688546714798, 22.056531907128328 ], [ 72.251527780192376, 22.056528091595137 ], [ 72.251527780266613, 22.056806565147497 ], [ 72.252084726424044, 22.056806565191827 ], [ 72.252084725761449, 22.057085037759663 ], [ 72.252641672005211, 22.057085037539345 ], [ 72.252641671483289, 22.057363511011378 ], [ 72.253198617565715, 22.057359695733098 ], [ 72.253198617486333, 22.057641983983618 ], [ 72.254026407104689, 22.057641983858698 ], [ 72.25402640661504, 22.057920456331317 ], [ 72.254594797346712, 22.057920456883028 ], [ 72.254594797364518, 22.058202744135567 ], [ 72.255144113295387, 22.058195114511939 ], [ 72.255144113149413, 22.058473587873415 ], [ 72.255693429406875, 22.05846977283537 ], [ 72.255693429759731, 22.05875206097727 ], [ 72.256532663122954, 22.058752060281357 ], [ 72.256532662963153, 22.059030533562506 ], [ 72.257078165089922, 22.059030533524716 ], [ 72.257078164529318, 22.059312820618082 ], [ 72.257638924930546, 22.059305191449262 ], [ 72.257638925144249, 22.059583664700149 ], [ 72.258470529188727, 22.059583664643746 ], [ 72.258470529193715, 22.059862137829199 ], [ 72.259309762468462, 22.059850693611754 ], [ 72.259309762624753, 22.060140610155269 ], [ 72.259859079336636, 22.060140610094855 ], [ 72.259859078782938, 22.060422897948143 ], [ 72.260698312539446, 22.060415268937096 ], [ 72.260698312392222, 22.0606937410572 ], [ 72.261529916519294, 22.060693741328269 ], [ 72.261529916109154, 22.060972214302023 ], [ 72.262361520742488, 22.06097221454278 ], [ 72.262361520123548, 22.061250687451125 ], [ 72.26291846597826, 22.061250687156907 ], [ 72.262918466084287, 22.061532974850994 ], [ 72.263750069890577, 22.06153297460299 ], [ 72.263750070243844, 22.061811447482004 ], [ 72.26430320104555, 22.061807632704017 ], [ 72.264303201585605, 22.062086105567651 ], [ 72.265138620411491, 22.062082291029292 ], [ 72.265138619764883, 22.062360763776542 ], [ 72.265684121994283, 22.062360764242179 ], [ 72.265684122128633, 22.062643051777123 ], [ 72.266252511962037, 22.062643051647534 ], [ 72.266252511705247, 22.062921524365454 ], [ 72.266805642569423, 22.062917710336251 ], [ 72.266805642499349, 22.063196183038784 ], [ 72.267637246662431, 22.063196183008483 ], [ 72.267637246383629, 22.063474655645553 ], [ 72.268198007503699, 22.063470840856517 ], [ 72.268198007125264, 22.063753128232218 ], [ 72.268754953363214, 22.063753128955629 ], [ 72.268754953482329, 22.06403160156291 ], [ 72.269304269619042, 22.064031601345242 ], [ 72.269304269862715, 22.064310074856742 ], [ 72.269857400960362, 22.064306259515249 ], [ 72.269857400404774, 22.064584732960821 ], [ 72.270418161530372, 22.064584732758849 ], [ 72.270418161231902, 22.064863205270377 ], [ 72.270975106759906, 22.064863205833003 ], [ 72.270975106656351, 22.06514167832966 ], [ 72.271532052270942, 22.065141678627917 ], [ 72.271532052362218, 22.065420151109596 ], [ 72.272088998253068, 22.065416336386559 ], [ 72.272088998485145, 22.065694809771905 ], [ 72.272363656410405, 22.065690994894634 ], [ 72.272363656552415, 22.065984726427576 ], [ 72.272920602459152, 22.065984726972946 ], [ 72.272920603033029, 22.066251755135507 ], [ 72.273485177322669, 22.066251755781678 ], [ 72.273485177611207, 22.066530228203082 ], [ 72.274026864894708, 22.066530228335406 ], [ 72.274026864438937, 22.066804886851177 ], [ 72.274309152718558, 22.066804886290974 ], [ 72.274309152727994, 22.067083359601099 ], [ 72.274862283268092, 22.067083359446361 ], [ 72.274862283518445, 22.067361831822428 ], [ 72.275407785673821, 22.067361832082781 ], [ 72.275407785054639, 22.06764030531253 ], [ 72.275697702406873, 22.067640305133875 ], [ 72.275697702317601, 22.067922593160446 ], [ 72.276254647850521, 22.067922592966248 ], [ 72.276254648095076, 22.068201065297885 ], [ 72.276803964269192, 22.068197250749051 ], [ 72.276803964638333, 22.068475723984356 ], [ 72.277360910310833, 22.068471909446572 ], [ 72.277360909942885, 22.06875038169682 ], [ 72.27764319802715, 22.068750382061491 ], [ 72.277643198172925, 22.069040298637045 ], [ 72.27820014401459, 22.069040299344959 ], [ 72.278200143424272, 22.069311142958416 ], [ 72.278749459862084, 22.069307327569682 ], [ 72.278749460412271, 22.069585800744584 ], [ 72.279031747159678, 22.069581986358056 ], [ 72.279031747376436, 22.069860458598352 ], [ 72.27958869346763, 22.069860458634519 ], [ 72.279588693853427, 22.070142746544175 ], [ 72.27986335121301, 22.070142746129978 ], [ 72.279863351166924, 22.070421219259902 ], [ 72.280416482636014, 22.070417404549719 ], [ 72.28041648272449, 22.070692062898015 ], [ 72.280694955892116, 22.070692063303387 ], [ 72.28069495575167, 22.07097435024982 ], [ 72.281248086351752, 22.070970536020958 ], [ 72.281248086360108, 22.071252823872037 ], [ 72.281515115271674, 22.071252823139794 ], [ 72.281515115769793, 22.071531296259582 ], [ 72.282083504946584, 22.071531296365968 ], [ 72.282083505663934, 22.071809769470793 ], [ 72.282365792826113, 22.071805954167257 ], [ 72.282365793155918, 22.072084427256566 ], [ 72.282915109377328, 22.072084427483404 ], [ 72.282915109885835, 22.072362900557682 ], [ 72.283197397251584, 22.072362900257097 ], [ 72.283197397372575, 22.07264137331633 ], [ 72.284303658759626, 22.072641373619575 ], [ 72.284311288972404, 22.072919846482542 ], [ 72.285142892468571, 22.072916031763825 ], [ 72.285142893072546, 22.073472977655033 ], [ 72.285959237585786, 22.073472977085888 ], [ 72.285959237646665, 22.073751449983753 ], [ 72.286249154427011, 22.07375145005258 ], [ 72.286249155102581, 22.074029922985773 ], [ 72.286531442485142, 22.074026107969853 ], [ 72.286531442773267, 22.074304580887542 ], [ 72.286806100137298, 22.07430458124232 ], [ 72.286806100606341, 22.073751450314511 ], [ 72.287088388552277, 22.073751450000042 ], [ 72.287088388069279, 22.073472977202911 ], [ 72.287363046598415, 22.073472977615953 ], [ 72.287363046573105, 22.073194503985412 ], [ 72.287637704465794, 22.073194504818545 ], [ 72.287637704844201, 22.072916031273731 ], [ 72.287919992142577, 22.072919846064845 ], [ 72.28791999186835, 22.072641373474045 ], [ 72.288194650576372, 22.072641373395911 ], [ 72.288194650759962, 22.072362899971697 ], [ 72.288484567162953, 22.072362900499897 ], [ 72.288473123240394, 22.072084427213881 ], [ 72.288751596523511, 22.072084427382308 ], [ 72.288751596664355, 22.07097435098682 ], [ 72.289022440014563, 22.070974350192781 ], [ 72.289022440175714, 22.070138931832606 ], [ 72.289308542104806, 22.070142746441366 ], [ 72.289308541588028, 22.069860458670693 ], [ 72.28985404413767, 22.069860458834366 ], [ 72.289854043760755, 22.069581985914645 ], [ 72.290140146364905, 22.069585800887403 ], [ 72.290140146367406, 22.069307328052947 ], [ 72.290414804145698, 22.06931114268323 ], [ 72.290414804251185, 22.069040299410208 ], [ 72.29097175034849, 22.069040299168392 ], [ 72.290971750469282, 22.068750382266135 ], [ 72.291254038080126, 22.068750382079298 ], [ 72.29125403769288, 22.06847190945189 ], [ 72.291810983573072, 22.068475723738192 ], [ 72.291810982990967, 22.068197251196125 ], [ 72.292093270682358, 22.06820106609241 ], [ 72.292093270801146, 22.067361832280152 ], [ 72.292360299541087, 22.067361832144339 ], [ 72.292360300017108, 22.066251755109725 ], [ 72.292642587025597, 22.066251755338822 ], [ 72.29264258795169, 22.065690994563251 ], [ 72.292917245858106, 22.065694809638469 ], [ 72.292917245456053, 22.065141678468517 ], [ 72.293199532982726, 22.065141678727606 ], [ 72.293199533502829, 22.064580918337871 ], [ 72.293474191075958, 22.06458473249981 ], [ 72.293474191286407, 22.064031601762235 ], [ 72.293748849197371, 22.064031601689393 ], [ 72.293748849398028, 22.063470840766595 ], [ 72.294027322073532, 22.06347465606656 ], [ 72.294027322816206, 22.06319618262604 ], [ 72.294458383673359, 22.063196183093048 ], [ 72.297639840590477, 22.06319618243711 ], [ 72.297639840605328, 22.063474655525514 ], [ 72.297922128432603, 22.063470840735057 ], [ 72.297922128620712, 22.063753128562272 ], [ 72.298189157317935, 22.063753128642158 ], [ 72.298189157705167, 22.064310074896181 ], [ 72.298471445286054, 22.06430625989691 ], [ 72.298471445092147, 22.06458473302645 ], [ 72.298753732800094, 22.064584733123866 ], [ 72.298753732272644, 22.064863205319543 ], [ 72.299028390736282, 22.064859391007836 ], [ 72.299028390344091, 22.065141678863846 ], [ 72.299310678209139, 22.065141678789928 ], [ 72.299310677875042, 22.065694809470454 ], [ 72.299577706791325, 22.065690994946447 ], [ 72.299577707488197, 22.06598472616399 ], [ 72.299859995085342, 22.065984726801911 ], [ 72.299859994998513, 22.066251755820222 ], [ 72.300142282237573, 22.066251754961559 ], [ 72.300142282628286, 22.066530228188469 ], [ 72.300416940078932, 22.066530228615552 ], [ 72.300416940472786, 22.066804886199495 ], [ 72.300699227806803, 22.066804886088736 ], [ 72.300699227991956, 22.067361832568235 ], [ 72.300958627513239, 22.067361832038067 ], [ 72.300958627662837, 22.067640305305972 ], [ 72.301248544123865, 22.067640304935498 ], [ 72.301248544559456, 22.067922592949859 ], [ 72.301530832215889, 22.067922593023699 ], [ 72.301530831660628, 22.068201065343306 ], [ 72.301797861081667, 22.068201065998871 ], [ 72.301797860688993, 22.068750382188419 ], [ 72.302087777520526, 22.068750381946128 ], [ 72.302087778165344, 22.069040299479305 ], [ 72.302362435773304, 22.069040298877404 ], [ 72.302362436534096, 22.069311142781334 ], [ 72.302633279229724, 22.069307327904184 ], [ 72.302633280070779, 22.069860458985318 ], [ 72.302919381543575, 22.069860458903779 ], [ 72.302919382043228, 22.070421219505082 ], [ 72.303194039745321, 22.070417404364306 ], [ 72.30319403971771, 22.070974350291408 ], [ 72.303468698514735, 22.070970535569682 ], [ 72.30346869840163, 22.071531296304428 ], [ 72.303750985912629, 22.071527481708458 ], [ 72.303750986274849, 22.072084427817188 ], [ 72.304033273980494, 22.072080612642846 ], [ 72.304033273140405, 22.072919846179158 ], [ 72.303750985912899, 22.072919845816635 ], [ 72.303750986063307, 22.07514000020895 ], [ 72.30403327313249, 22.075140000320179 ], [ 72.304033273149713, 22.076810836973198 ], [ 72.303476327845161, 22.076807022538816 ], [ 72.303476327470776, 22.077085495785536 ], [ 72.302919381615681, 22.077085495914165 ], [ 72.3029193820865, 22.077363968377533 ], [ 72.302644723243858, 22.077360154229964 ], [ 72.302644723830198, 22.077642441506271 ], [ 72.30208777742358, 22.077642441428953 ], [ 72.302087778103186, 22.077920914063327 ], [ 72.301530831660386, 22.077917100013327 ], [ 72.301530832145119, 22.078195572732771 ], [ 72.300973886135282, 22.078195572378888 ], [ 72.30097388642514, 22.078474045183857 ], [ 72.300699228113871, 22.078470230407749 ], [ 72.300699228462719, 22.078752518027496 ], [ 72.300142281847272, 22.078752518386885 ], [ 72.300142281858541, 22.079309464323629 ], [ 72.299310678563842, 22.079305649308946 ], [ 72.299310678285238, 22.079584122405031 ], [ 72.298753732218856, 22.07958030771421 ], [ 72.298753732384256, 22.079862594758229 ], [ 72.298189157464719, 22.07986259556753 ], [ 72.298189156834042, 22.080141067915491 ], [ 72.29736518225512, 22.080141068297664 ], [ 72.29736518283562, 22.080419540831702 ], [ 72.296525948998166, 22.080419541126904 ], [ 72.296525949251134, 22.08069419901322 ], [ 72.295152658281765, 22.080690384175764 ], [ 72.295152658428563, 22.081251144604646 ], [ 72.295419687367456, 22.081251145008483 ], [ 72.295419686682251, 22.081811905479288 ], [ 72.295969003257454, 22.081811905070975 ], [ 72.295969003161318, 22.081529617475599 ], [ 72.296808237297867, 22.081529618081909 ], [ 72.296808236912256, 22.081251145357378 ], [ 72.297922128910599, 22.081251144806526 ], [ 72.297922128645808, 22.081529618299232 ], [ 72.298196787113241, 22.081529617524858 ], [ 72.298196786247672, 22.082082748860451 ], [ 72.298471444777988, 22.082082749375012 ], [ 72.298471445258599, 22.082921982152527 ], [ 72.298753732245913, 22.082918167289222 ], [ 72.298753732047942, 22.084585190195622 ], [ 72.299577706737324, 22.084581375288323 ], [ 72.299577707349016, 22.085702896353069 ], [ 72.299859994820523, 22.085702896667037 ], [ 72.299859994480514, 22.086252213033404 ], [ 72.30014228214668, 22.086252212770031 ], [ 72.300142282699312, 22.086530685772711 ], [ 72.300424569923948, 22.086530685851073 ], [ 72.300424569736393, 22.086812973582301 ], [ 72.30069922773194, 22.086805344604432 ], [ 72.300699228533475, 22.08708381670731 ], [ 72.300958627741466, 22.087080002179295 ], [ 72.300958627715715, 22.087362289930269 ], [ 72.301248544164949, 22.087362290105201 ], [ 72.301248544104993, 22.087640763096669 ], [ 72.301530831635688, 22.087640762847105 ], [ 72.301530832047462, 22.088193894138676 ], [ 72.301805490161769, 22.0881938943762 ], [ 72.30180549035066, 22.088472366502788 ], [ 72.30208777758881, 22.088472366950988 ], [ 72.302087778322417, 22.088750840031683 ], [ 72.302362435575233, 22.088750840075992 ], [ 72.302362435662644, 22.089033126969834 ], [ 72.302633279715081, 22.089025498057818 ], [ 72.302644723469484, 22.089860917005701 ], [ 72.302362436258861, 22.089860916829096 ], [ 72.302362435713775, 22.09097480791916 ], [ 72.302087777754096, 22.090974808075917 ], [ 72.302087778142223, 22.092084885122784 ], [ 72.302362435707579, 22.092081070981518 ], [ 72.302362436562689, 22.092920303532775 ], [ 72.302633279468267, 22.092916488909221 ], [ 72.302633279330195, 22.093751907788459 ], [ 72.30291938141292, 22.093751907850624 ], [ 72.302919381402859, 22.094583512185974 ], [ 72.303194039899438, 22.094583512004867 ], [ 72.303194040152093, 22.095422745198658 ], [ 72.302919382152822, 22.095418930721742 ], [ 72.302919381618025, 22.095972061759888 ], [ 72.302644723752223, 22.095964432073888 ], [ 72.302644723866337, 22.096532822439983 ], [ 72.302362436173723, 22.096532822047944 ], [ 72.302362435945469, 22.097360611891492 ], [ 72.302087777503658, 22.097360611782616 ], [ 72.302087777842161, 22.097921372160467 ], [ 72.301805490381781, 22.097917557035643 ], [ 72.30180548982726, 22.098474502789713 ], [ 72.300699227980843, 22.098474503359217 ], [ 72.30069922801006, 22.099027634738949 ], [ 72.300973886155717, 22.099027634411801 ], [ 72.300973886072882, 22.09958457972483 ], [ 72.301248544343323, 22.09958457976758 ], [ 72.30124854480998, 22.100694656861329 ], [ 72.301530832015658, 22.100690842224544 ], [ 72.301530831648876, 22.102090836067202 ], [ 72.301797860789833, 22.102090835961238 ], [ 72.301797861115858, 22.103750229734608 ], [ 72.301530831613022, 22.103750229072244 ], [ 72.301530831636583, 22.105695725348223 ], [ 72.301797860844061, 22.105688095287967 ], [ 72.301797861233112, 22.106809616783604 ], [ 72.301530831746661, 22.106805801644853 ], [ 72.301530832393439, 22.107084275226516 ], [ 72.301248544975707, 22.10708046005168 ], [ 72.30124854474883, 22.107362747527144 ], [ 72.300958627643027, 22.107362747726036 ], [ 72.300958627130001, 22.107641220457644 ], [ 72.300699228191988, 22.107641220464483 ], [ 72.300699228329137, 22.108194352270623 ], [ 72.300416940114715, 22.108194351341325 ], [ 72.300416940425464, 22.108472824276564 ], [ 72.300142282248217, 22.108472824597538 ], [ 72.300142281976477, 22.108751297567323 ], [ 72.299310677788242, 22.108751297545318 ], [ 72.299310677851125, 22.108472824474994 ], [ 72.299028390794831, 22.108472824730462 ], [ 72.299028390470042, 22.108194351644361 ], [ 72.298753732713479, 22.108194352200428 ], [ 72.298753731984874, 22.107915879098549 ], [ 72.298471444676224, 22.10791969396297 ], [ 72.298471444546351, 22.10764122089514 ], [ 72.298189157251329, 22.107641220402392 ], [ 72.298189157666243, 22.107362748288228 ], [ 72.29792212832929, 22.107362748088814 ], [ 72.297922128803648, 22.107080460261347 ], [ 72.297639841186353, 22.107084275309468 ], [ 72.297639840847637, 22.10680580224464 ], [ 72.297365182487141, 22.106809616743817 ], [ 72.297365182730971, 22.106531143713127 ], [ 72.297079079879353, 22.10653114374 ], [ 72.297079080729958, 22.106252670743874 ], [ 72.296808236701864, 22.106252671212523 ], [ 72.296808236612023, 22.105970383373815 ], [ 72.296525949268442, 22.105974198078091 ], [ 72.296525949319545, 22.105695725050477 ], [ 72.296247476790199, 22.105695725362594 ], [ 72.296247476445558, 22.105417252319267 ], [ 72.295969003038294, 22.105421066843753 ], [ 72.29596900330634, 22.10515022343511 ], [ 72.295694345675855, 22.105150223646834 ], [ 72.295694345015903, 22.10486030619635 ], [ 72.295419686951604, 22.104860306777972 ], [ 72.295419686804806, 22.104310990380259 ], [ 72.295152658472929, 22.104310989633969 ], [ 72.295152657952883, 22.103471756918715 ], [ 72.29486274084644, 22.103471756975448 ], [ 72.294862741625565, 22.102918625127185 ], [ 72.294294351396147, 22.102922440357769 ], [ 72.294294351779484, 22.102640152687048 ], [ 72.293474190947776, 22.102640152935631 ], [ 72.293474191553557, 22.102361680020582 ], [ 72.292917245140615, 22.102361680084627 ], [ 72.292917245941226, 22.102083207153921 ], [ 72.292093271287527, 22.102090836627703 ], [ 72.292093270688525, 22.101800919170788 ], [ 72.291528695362885, 22.101804734058955 ], [ 72.291528696149555, 22.101526261046629 ], [ 72.29041480386374, 22.101530075851894 ], [ 72.290414804053967, 22.101251602722719 ], [ 72.289308541620798, 22.101251603159639 ], [ 72.289308542184713, 22.100973129964451 ], [ 72.28875159581186, 22.100973130057401 ], [ 72.288751596570677, 22.100694656846528 ], [ 72.287919992233498, 22.100694657018032 ], [ 72.287919991797153, 22.100416183690839 ], [ 72.287637704260931, 22.100419998701035 ], [ 72.287637704369203, 22.100141526327199 ], [ 72.287363046488835, 22.100141525607334 ], [ 72.287363046193363, 22.099863053217877 ], [ 72.286798470894539, 22.099863052734193 ], [ 72.28679847155874, 22.099580765563459 ], [ 72.286531442241341, 22.099584580448056 ], [ 72.28653144258864, 22.098474503130781 ], [ 72.286249154857458, 22.098474503286987 ], [ 72.28624915492918, 22.096807480279899 ], [ 72.285959237916558, 22.09681129483392 ], [ 72.285959237539785, 22.095964432346054 ], [ 72.287088388082708, 22.095972061401561 ], [ 72.287088388024671, 22.095418930618667 ], [ 72.286798471197528, 22.095422745709342 ], [ 72.286798470953173, 22.094861984477536 ], [ 72.286531442071862, 22.094861985011974 ], [ 72.286531442211597, 22.094305038678044 ], [ 72.286249154957318, 22.094312668913929 ], [ 72.286249154937977, 22.094030380507043 ], [ 72.285959237872206, 22.094030380866673 ], [ 72.285959237649152, 22.093751908170386 ], [ 72.285699837954894, 22.093751907739307 ], [ 72.285699838282, 22.093473435077819 ], [ 72.285417550345556, 22.093473434965489 ], [ 72.285417551271351, 22.09319496233886 ], [ 72.285142892629366, 22.093210220595743 ], [ 72.285142892582641, 22.092920303537952 ], [ 72.28486060474097, 22.092920304173624 ], [ 72.284860604929506, 22.092641830596438 ], [ 72.284311288172617, 22.092641830742732 ], [ 72.284303659117882, 22.093210220841321 ], [ 72.284029000813078, 22.093194962411346 ], [ 72.284029000887472, 22.093473435239485 ], [ 72.283754342714971, 22.093473434611699 ], [ 72.283754343193166, 22.093751907525075 ], [ 72.282915109732002, 22.09375190761731 ], [ 72.282915109061193, 22.093473434603172 ], [ 72.282640451712737, 22.093473434759595 ], [ 72.282640451536111, 22.092916488835893 ], [ 72.282358163540934, 22.092920304199268 ], [ 72.282358164051303, 22.092641831289278 ], [ 72.28208350542954, 22.092641831201785 ], [ 72.282083505536121, 22.09236335827628 ], [ 72.281808847442775, 22.092363358608967 ], [ 72.281808847145655, 22.092084885667933 ], [ 72.281248086835518, 22.092084885311394 ], [ 72.281248086741371, 22.091806412354888 ], [ 72.280984873065336, 22.091810227255795 ], [ 72.280984872543158, 22.091531754283295 ], [ 72.277914041777763, 22.091531754237376 ], [ 72.27791404088488, 22.091249466145143 ], [ 72.277643198080867, 22.091249466717702 ], [ 72.277643197741909, 22.090970993462598 ], [ 72.277360910284401, 22.09097480853189 ], [ 72.277360910544132, 22.090696335311186 ], [ 72.277078622717923, 22.090692521120172 ], [ 72.277078623027705, 22.091249466777171 ], [ 72.276788705156847, 22.091249466712128 ], [ 72.276788705170034, 22.091810227361925 ], [ 72.276529306419761, 22.091810226720693 ], [ 72.276529306548028, 22.096532822083738 ], [ 72.276803964039843, 22.096529007755215 ], [ 72.27680396475624, 22.098196030269257 ], [ 72.276254647797089, 22.098196029977188 ], [ 72.276254648204088, 22.09847450336839 ], [ 72.275972360400246, 22.09847068887494 ], [ 72.275972360185776, 22.098752976195801 ], [ 72.275411599889139, 22.098749161110518 ], [ 72.275411599494362, 22.099027634621148 ], [ 72.275140756466058, 22.099020004645055 ], [ 72.275140756234293, 22.099309921767297 ], [ 72.274858468421854, 22.099309921947366 ], [ 72.274858468462469, 22.099863052639833 ], [ 72.274583810744687, 22.099863052653028 ], [ 72.274583810620996, 22.100141525484329 ], [ 72.274309152266497, 22.100141525917632 ], [ 72.274309152546607, 22.100419998834138 ], [ 72.273485177599937, 22.100419999079659 ], [ 72.27348517808116, 22.100141526112711 ], [ 72.272920602500832, 22.100141525480147 ], [ 72.272920602152581, 22.099863053366153 ], [ 72.270975107096334, 22.099863052811724 ], [ 72.27098273659098, 22.100141525568585 ], [ 72.270143502613564, 22.100141525971427 ], [ 72.270143502989626, 22.100419998422986 ], [ 72.269857400763627, 22.100416184008878 ], [ 72.269857400478713, 22.10069465741374 ], [ 72.269304269989846, 22.100690842734629 ], [ 72.269304269870347, 22.101251602779566 ], [ 72.269029611611131, 22.101251602964727 ], [ 72.269029611597361, 22.10153007565555 ], [ 72.268754952755543, 22.101530075341824 ], [ 72.268754953248944, 22.102090835748644 ], [ 72.268472665657796, 22.102090836307955 ], [ 72.268472665117642, 22.103200913076815 ], [ 72.268198007658057, 22.103200912922883 ], [ 72.26819800692914, 22.106252670763471 ], [ 72.267923348949381, 22.106252671332715 ], [ 72.267923349602441, 22.106531143877639 ], [ 72.267637246464986, 22.106531143493527 ], [ 72.267637246457042, 22.106809616992155 ], [ 72.267084116187704, 22.106809616805894 ], [ 72.267084115342001, 22.106531144125402 ], [ 72.266805642835436, 22.106531143774667 ], [ 72.266805642580309, 22.106252671128729 ], [ 72.266252511535754, 22.106252670506123 ], [ 72.266252511826764, 22.105970383017393 ], [ 72.265977853907756, 22.105974197636886 ], [ 72.2659778534357, 22.105695724959034 ], [ 72.265695565713671, 22.105695725333089 ], [ 72.265695565894546, 22.105417251770731 ], [ 72.265417093177533, 22.105421067264043 ], [ 72.265417093529976, 22.104032517398437 ], [ 72.265977853977006, 22.104032516710504 ], [ 72.265977853454331, 22.103471756130368 ], [ 72.266252511697246, 22.103471756640833 ], [ 72.266252511600896, 22.102636337957602 ], [ 72.265977853752034, 22.102640152217838 ], [ 72.265977853280006, 22.102361679954516 ], [ 72.265695565821943, 22.102361679974994 ], [ 72.265695566183709, 22.10180473371409 ], [ 72.265977853430684, 22.101804733744068 ], [ 72.265977853999175, 22.101526260716142 ], [ 72.2665347994011, 22.101530075288544 ], [ 72.266534799720489, 22.10125160326448 ], [ 72.266805642541328, 22.101251603098994 ], [ 72.266805643326734, 22.100973130240948 ], [ 72.267366403258393, 22.100973129655291 ], [ 72.267366403840782, 22.100694656882386 ], [ 72.267637246390706, 22.100694657115973 ], [ 72.267637246398664, 22.100416184377828 ], [ 72.268472665978024, 22.100419998991914 ], [ 72.26847266525462, 22.100141525419321 ], [ 72.268754953532252, 22.100141526031599 ], [ 72.268754953196392, 22.099863052544226 ], [ 72.269304269823394, 22.099863052975625 ], [ 72.269304269525335, 22.099580765676595 ], [ 72.270143502901945, 22.099584580303894 ], [ 72.270143502580069, 22.099306107037389 ], [ 72.270692819334798, 22.099309921986446 ], [ 72.27069281947071, 22.099020005278781 ], [ 72.270975106703091, 22.099027634234222 ], [ 72.270975106590086, 22.098749161138119 ], [ 72.271532053081998, 22.098752976386905 ], [ 72.271532052979836, 22.098470688561484 ], [ 72.271806710870976, 22.098474503542889 ], [ 72.271806710966771, 22.098196030616759 ], [ 72.272088998681824, 22.098196030720779 ], [ 72.272088998233073, 22.097917556910271 ], [ 72.272920602776338, 22.097921371965224 ], [ 72.27292060248233, 22.097642899209074 ], [ 72.27401923509828, 22.097642899147036 ], [ 72.274019235566598, 22.097360611764795 ], [ 72.27485846827706, 22.097360611896825 ], [ 72.274858468699307, 22.095689773987637 ], [ 72.275140756517999, 22.095693589020478 ], [ 72.275140756159075, 22.094030381206963 ], [ 72.274858468848066, 22.094030380832095 ], [ 72.274858469169644, 22.093210221296715 ], [ 72.274583810574072, 22.093210220553189 ], [ 72.274583810240813, 22.092641831275714 ], [ 72.27430915278002, 22.092641830952324 ], [ 72.274309151976922, 22.091810227268898 ], [ 72.274583810711135, 22.09181022682451 ], [ 72.274583810607382, 22.090692520428021 ], [ 72.274862283174983, 22.090696335887579 ], [ 72.274862283604591, 22.089582444083 ], [ 72.275140755953657, 22.089582443410627 ], [ 72.275140756841637, 22.088750840307313 ], [ 72.275407785333741, 22.088750840225291 ], [ 72.275407785095737, 22.087640762556976 ], [ 72.275697702064818, 22.08764076286581 ], [ 72.275697701833806, 22.087080002098862 ], [ 72.275972360296834, 22.087083817188169 ], [ 72.275972360542653, 22.086805344304917 ], [ 72.276254647909482, 22.086812973914231 ], [ 72.276254647625265, 22.08653068627147 ], [ 72.276529306002331, 22.086530685604831 ], [ 72.276529306033765, 22.085702897004566 ], [ 72.276254648456046, 22.085702896701633 ], [ 72.276254648222334, 22.084581375624911 ], [ 72.276529306352188, 22.084585190869355 ], [ 72.276529306508081, 22.084028244948708 ], [ 72.276803964527815, 22.084028244954371 ], [ 72.276803964505064, 22.083471299224509 ], [ 72.27819251399373, 22.083471298810228 ], [ 72.278200143859891, 22.082639694493171 ], [ 72.278474801771608, 22.082639694371828 ], [ 72.278474801409416, 22.081529618324879 ], [ 72.278200143847215, 22.081529618345346 ], [ 72.278192513788781, 22.080419540740159 ], [ 72.277914041417958, 22.080419541429677 ], [ 72.277914041726135, 22.079862595024451 ], [ 72.277360910435647, 22.079862595232381 ], [ 72.277360909799881, 22.079580307659679 ], [ 72.27708625221743, 22.07958412207449 ], [ 72.27708625212756, 22.07930564931856 ], [ 72.276529305916128, 22.079309464263982 ], [ 72.27652930602116, 22.079030991492345 ], [ 72.275697702403377, 22.079030991209862 ], [ 72.275697702299567, 22.078752518372553 ], [ 72.274858469077387, 22.078752518633685 ], [ 72.27485846889013, 22.078470230951034 ], [ 72.27375220662914, 22.078474045154774 ], [ 72.273752206706348, 22.078195572186175 ], [ 72.272920602474045, 22.078195572918442 ], [ 72.272920602342495, 22.077917099884107 ], [ 72.272638314655467, 22.077920913891283 ], [ 72.27263831506832, 22.077642441810831 ], [ 72.271799082049228, 22.077642441328944 ], [ 72.27179908153559, 22.077360153435414 ], [ 72.271249765358391, 22.077363968375003 ], [ 72.271249764825356, 22.077085495244106 ], [ 72.270418160893854, 22.077085495694003 ], [ 72.27041816113821, 22.076807022547868 ], [ 72.2695789275067, 22.076810837132484 ], [ 72.26957892750427, 22.076532364839263 ], [ 72.269029611612112, 22.076532364134991 ], [ 72.269029611080782, 22.076250077000278 ], [ 72.268198007791085, 22.076250076983328 ], [ 72.268198007812757, 22.075971603690551 ], [ 72.26763724704459, 22.075971603695255 ], [ 72.267637246896143, 22.075696946081205 ], [ 72.267084115804934, 22.075700760387914 ], [ 72.26708411616228, 22.075422287982907 ], [ 72.266805642349823, 22.075422287874833 ], [ 72.266805642708889, 22.075139999761596 ], [ 72.266252512109659, 22.07513999982601 ], [ 72.266252511272029, 22.074861527340524 ], [ 72.265695565808713, 22.074861527224027 ], [ 72.265695566206304, 22.074583053854759 ], [ 72.265138619789269, 22.074583054342604 ], [ 72.265138620381748, 22.07430458095811 ], [ 72.264848703143699, 22.074312210589589 ], [ 72.264848702724521, 22.07402992328559 ], [ 72.264581674376714, 22.074029923473088 ], [ 72.264581674178032, 22.073751450057799 ], [ 72.264303201665527, 22.073751449834401 ], [ 72.264303201017029, 22.073472977322979 ], [ 72.264032357859207, 22.073472977428814 ], [ 72.26403235783917, 22.073194504033633 ], [ 72.26375007051908, 22.073194504592209 ], [ 72.263750070111584, 22.072916031181855 ], [ 72.263467782949974, 22.072919845983311 ], [ 72.263467783086881, 22.072641373526931 ], [ 72.263193124739701, 22.072641372946165 ], [ 72.263193124472906, 22.072362900474637 ], [ 72.262918466653943, 22.072362900313923 ], [ 72.262918466439501, 22.072080613058692 ], [ 72.262361520692011, 22.072084427738808 ], [ 72.262361520270673, 22.071805954317863 ], [ 72.262079233320037, 22.071809769180625 ], [ 72.262079232456969, 22.071531296663167 ], [ 72.261789315899435, 22.071531296093738 ], [ 72.261789315651143, 22.071252823611655 ], [ 72.261529916383822, 22.071252823706232 ], [ 72.261529916250083, 22.070970535523262 ], [ 72.261251443820157, 22.070974350625757 ], [ 72.261251443244674, 22.070692063347259 ], [ 72.260972970923532, 22.07069206311953 ], [ 72.260972970961888, 22.070417404540105 ], [ 72.260698312475839, 22.070421219504521 ], [ 72.260698312622992, 22.070142746143404 ], [ 72.260408395955764, 22.070142746450315 ], [ 72.260408395220239, 22.069860459177931 ], [ 72.25985907953816, 22.069860458761855 ], [ 72.259859079438613, 22.069581986290057 ], [ 72.259584420586776, 22.069585800966241 ], [ 72.25958442112379, 22.069307327610272 ], [ 72.259309762784184, 22.069311142705985 ], [ 72.259309762781911, 22.06904029891145 ], [ 72.259042734122431, 22.069040298919312 ], [ 72.259042733515386, 22.068750382061452 ], [ 72.258752816800978, 22.068750381798807 ], [ 72.258752817074949, 22.068471909367197 ], [ 72.258195870797806, 22.068475723559668 ], [ 72.258195871266736, 22.068197251112505 ], [ 72.257921213127759, 22.068201065420354 ], [ 72.257921213193001, 22.067922592957594 ], [ 72.257638925707397, 22.067922592577315 ], [ 72.257638925008465, 22.067640305288087 ], [ 72.257364267541007, 22.067640305609906 ], [ 72.257364266869288, 22.067361832198362 ], [ 72.256807321569084, 22.067361832744027 ], [ 72.256807321092325, 22.067083359317351 ], [ 72.256532662763263, 22.067083358946121 ], [ 72.256532662814593, 22.066804886474053 ], [ 72.25625037559665, 22.066804886156859 ], [ 72.256250375596863, 22.066530228479159 ], [ 72.255693429662145, 22.066530228394772 ], [ 72.255693429575174, 22.066251754973013 ], [ 72.255418771836489, 22.066251755284519 ], [ 72.255418771296377, 22.06598472622245 ], [ 72.254861825485875, 22.065984726649287 ], [ 72.254861825923911, 22.065690994984376 ], [ 72.254304879558319, 22.065694809904052 ], [ 72.254304879457521, 22.065416336437128 ], [ 72.253473275943378, 22.06542015149417 ], [ 72.253473275579509, 22.06514167888022 ], [ 72.252908700631593, 22.065141678805155 ], [ 72.252908700293816, 22.064859390450515 ], [ 72.25235938429617, 22.064863205986807 ], [ 72.252359384376348, 22.064584732423619 ], [ 72.251806253565547, 22.064584732649507 ], [ 72.251806252792278, 22.064306259939837 ], [ 72.250970834868312, 22.064310074415136 ], [ 72.250970834880405, 22.064031601689841 ], [ 72.250421517797719, 22.064031601608551 ], [ 72.250421517988514, 22.063753128868253 ], [ 72.24875068066072, 22.063753129069035 ], [ 72.24875068033171, 22.063470841357809 ], [ 72.247644418662233, 22.063474655346578 ], [ 72.247644418771074, 22.063196183292888 ], [ 72.247087472256979, 22.063196183009929 ], [ 72.24708747297305, 22.062639237069774 ], [ 72.246530526739861, 22.062643052193323 ], [ 72.246530527238789, 22.062360764423431 ], [ 72.245973581037873, 22.062360764479767 ], [ 72.245973580799642, 22.062082291446814 ], [ 72.245141976705625, 22.062086105655336 ], [ 72.245141977244714, 22.061807632606886 ], [ 72.244310373553688, 22.061811447703583 ], [ 72.24431037289807, 22.061532974538316 ], [ 72.243753427746555, 22.061532974584761 ], [ 72.243753427258142, 22.061250687523366 ], [ 72.242921823711427, 22.061250687380287 ], [ 72.242921823041996, 22.060972214134821 ], [ 72.241807931804175, 22.060972214556958 ], [ 72.241807931524505, 22.06069374124575 ], [ 72.241247170859111, 22.060693741417296 ], [ 72.24124717078243, 22.060415268091063 ], [ 72.240678780824894, 22.060422898253421 ], [ 72.240678781083403, 22.060140610112995 ], [ 72.240144723398089, 22.060140610173985 ], [ 72.240144724027019, 22.059850693343115 ], [ 72.239305490726352, 22.05986213725155 ], [ 72.239305489782367, 22.059583664697566 ], [ 72.23874854490812, 22.059583664329828 ], [ 72.238748544159009, 22.059305191760803 ], [ 72.237909310971574, 22.059312821237381 ], [ 72.237909311310915, 22.058752060388102 ], [ 72.237642282554631, 22.058752060230553 ], [ 72.237642282383234, 22.058469772871419 ], [ 72.237359994919572, 22.058473588024572 ], [ 72.237359994210976, 22.058195114526626 ], [ 72.23707770710881, 22.058202743946939 ], [ 72.237077707164929, 22.057920456608496 ], [ 72.236528390907665, 22.057920456391763 ], [ 72.236528390921919, 22.05764198383314 ], [ 72.236253732362457, 22.057641983384965 ], [ 72.236253732814248, 22.057081223531302 ], [ 72.23597144522796, 22.057085037774851 ], [ 72.235971444451181, 22.056806565221962 ], [ 72.235696786598396, 22.056806564630172 ], [ 72.235696787055417, 22.055971146317589 ], [ 72.235422128923375, 22.055971146044349 ], [ 72.235422128056655, 22.055696488374188 ], [ 72.235139840632627, 22.055696487957807 ], [ 72.235139840633082, 22.055418015532453 ], [ 72.234582895389977, 22.055421830287145 ], [ 72.23458289494684, 22.055139542087122 ], [ 72.234308236418713, 22.05513954244563 ], [ 72.234308237250787, 22.054861069122051 ], [ 72.234018319669332, 22.054861069580507 ], [ 72.234018319972151, 22.054311752515154 ], [ 72.233751290880349, 22.054311753298972 ], [ 72.233751290955823, 22.054044724393574 ], [ 72.233469003906393, 22.054044724380891 ], [ 72.233469003495756, 22.053754807553183 ], [ 72.233194344851142, 22.053754806654467 ], [ 72.233194344894969, 22.053190232310168 ], [ 72.232919687035235, 22.05319404661747 ], [ 72.23291968751218, 22.052919388177322 ], [ 72.232641214174251, 22.052919388157367 ], [ 72.232641213765632, 22.052080154575339 ], [ 72.232362740809265, 22.052083969694742 ], [ 72.232362741492182, 22.051530838195841 ], [ 72.232103341599668, 22.051530838305361 ], [ 72.232103342078759, 22.050970078201438 ], [ 72.231805795015433, 22.050973892670882 ], [ 72.23180579523752, 22.050695419578862 ], [ 72.231531137184518, 22.050691605167284 ], [ 72.231531137425875, 22.050138473821679 ], [ 72.231248849236636, 22.050142288582052 ], [ 72.2312488500434, 22.049310685281082 ], [ 72.230974191546665, 22.049310684486823 ], [ 72.230974190931036, 22.048749924654615 ], [ 72.230699533552425, 22.04874992428029 ], [ 72.230699533601921, 22.046812057940144 ], [ 72.230421060123604, 22.046812057765568 ], [ 72.230421059917958, 22.044851303265176 ], [ 72.230142587304584, 22.044862747708972 ], [ 72.230142587369116, 22.042360306723221 ], [ 72.229860300348591, 22.04236030605497 ], [ 72.229860299765875, 22.042081833821921 ], [ 72.230142587792145, 22.042085648438917 ], [ 72.230142587425121, 22.039030075404909 ], [ 72.230421060233496, 22.039030075985259 ], [ 72.230421060674729, 22.036809921834504 ], [ 72.230699533705561, 22.036809922155417 ], [ 72.230699533163133, 22.035680771223277 ], [ 72.230974191307581, 22.035696030301303 ], [ 72.230974191765554, 22.033750534437058 ], [ 72.231248849382382, 22.033750535016502 ], [ 72.231248849178584, 22.032640457963844 ], [ 72.231340402294464, 22.032640457500989 ], [ 72.231340469862133, 22.032640000956206 ], [ 72.231529994262687, 22.032640001017928 ], [ 72.231529994031931, 22.032080000705999 ], [ 72.231803994074525, 22.032084000795372 ], [ 72.231803993907633, 22.031298781040221 ], [ 72.231805795489691, 22.031293869744061 ], [ 72.231805795117168, 22.030138016107855 ], [ 72.232103341736462, 22.030141830843029 ], [ 72.232103341746864, 22.029870987235412 ], [ 72.232311695121041, 22.029870988315857 ], [ 72.232313150522003, 22.029870989451293 ], [ 72.232361994064959, 22.029871000642967 ], [ 72.232361993831489, 22.029731970132172 ], [ 72.23236274161215, 22.029729844020789 ], [ 72.232362741253993, 22.029031754518698 ], [ 72.232610696300398, 22.029031753704889 ], [ 72.232611310269661, 22.029030000525225 ], [ 72.232641994511653, 22.029030001031401 ], [ 72.232641993806368, 22.028935827655484 ], [ 72.232640454276407, 22.028940188242288 ], [ 72.232641214198338, 22.028936386768262 ], [ 72.232641214417555, 22.027639389668284 ], [ 72.232906398713467, 22.027639389985296 ], [ 72.2329062854337, 22.027640000897669 ], [ 72.232917994264582, 22.027640000414898 ], [ 72.232917994153851, 22.027597134622848 ], [ 72.232919687013379, 22.027589798707858 ], [ 72.232919687051407, 22.027578354435601 ], [ 72.232919686918876, 22.026811600180878 ], [ 72.233053201197677, 22.026811600624018 ], [ 72.233053295899595, 22.026810000496162 ], [ 72.233191994208084, 22.026810000189851 ], [ 72.233191993681288, 22.025140000451689 ], [ 72.233466993958103, 22.025140000805674 ], [ 72.233466993805649, 22.023982780433492 ], [ 72.233469003741362, 22.023981095389189 ], [ 72.233469003371255, 22.023740768849656 ], [ 72.233745353099962, 22.023748340555294 ], [ 72.23374363379726, 22.023749775974551 ], [ 72.233749993795143, 22.02375000084692 ], [ 72.233749994072795, 22.02374446587844 ], [ 72.233747481165963, 22.023746563865746 ], [ 72.233751290549549, 22.02236366361063 ], [ 72.233476633245274, 22.022363663604903 ], [ 72.233476632575062, 22.020971298569702 ], [ 72.233194345349332, 22.020971298987988 ], [ 72.233194345366272, 22.019582749491818 ], [ 72.232919686921747, 22.019582749037827 ], [ 72.232919686939084, 22.018194199380563 ], [ 72.232637399712033, 22.018194199373195 ], [ 72.232637399727878, 22.017641068364362 ], [ 72.231813424363551, 22.017641068292619 ], [ 72.231813424791326, 22.017930985027984 ], [ 72.230974191212212, 22.017919541079316 ], [ 72.230974191378834, 22.01819419895822 ], [ 72.230417246094902, 22.018194199403151 ], [ 72.230417245669017, 22.018472672092557 ], [ 72.229578011929519, 22.018472672165245 ], [ 72.229578012681742, 22.018751145043556 ], [ 72.228738778862649, 22.018751145152006 ], [ 72.228738778821594, 22.019029618117631 ], [ 72.227083199931116, 22.019029617880467 ], [ 72.227083199812824, 22.019311905811399 ], [ 72.225416177243076, 22.019304276239197 ], [ 72.225416177113473, 22.019582748713777 ], [ 72.225137704406563, 22.019582748777875 ], [ 72.225137704617865, 22.019861222258932 ], [ 72.224863046691837, 22.01986122196751 ], [ 72.224863046375404, 22.020139694566087 ], [ 72.224584573419179, 22.020139694580671 ], [ 72.2245845739006, 22.020421982044954 ], [ 72.224306100488576, 22.020414352959456 ], [ 72.224306100371564, 22.020696640460315 ], [ 72.223474497027155, 22.020696640876597 ], [ 72.223474496354314, 22.020971298957807 ], [ 72.223199838901195, 22.02097129855289 ], [ 72.22319983817691, 22.020696640370073 ], [ 72.222917550398293, 22.020696640890684 ], [ 72.22291755090535, 22.019861222325193 ], [ 72.222642892761456, 22.019861221674685 ], [ 72.222642892656026, 22.019311905581624 ], [ 72.222078317026657, 22.019311905548065 ], [ 72.222078317002158, 22.019029617977765 ], [ 72.221803659502285, 22.019029617589158 ], [ 72.221803659403861, 22.018751144781078 ], [ 72.221254342448077, 22.018751145111018 ], [ 72.221254343288621, 22.018190384779597 ], [ 72.22097205511534, 22.018194198892598 ], [ 72.220972054798864, 22.017641068103114 ], [ 72.220705026763639, 22.017641067864194 ], [ 72.220705026036953, 22.017362595086411 ], [ 72.220411294271429, 22.017362595397099 ], [ 72.220411294399099, 22.016809463804375 ], [ 72.22014045167694, 22.016809464084989 ], [ 72.220140451434759, 22.016534806137319 ], [ 72.219964975483919, 22.016530990977948 ], [ 72.219865793473545, 22.016527176105811 ], [ 72.219873422366774, 22.016252518660668 ], [ 72.219308847403099, 22.016252518698813 ], [ 72.219308847469804, 22.015970230312831 ], [ 72.219026559795424, 22.015974045179505 ], [ 72.219026559669558, 22.015695572468843 ], [ 72.218751901858923, 22.015695572611076 ], [ 72.218751901329554, 22.015417099886328 ], [ 72.218481057822174, 22.015424729285279 ], [ 72.218481057641696, 22.015142441827351 ], [ 72.21819495517623, 22.01514244183851 ], [ 72.21819495533056, 22.014581680833771 ], [ 72.217920296991537, 22.014585495917967 ], [ 72.217920297541426, 22.014028549777223 ], [ 72.217363351452988, 22.014032364772454 ], [ 72.217363351757328, 22.013750076479919 ], [ 72.217088693853285, 22.013750077071929 ], [ 72.217088693408911, 22.012922287880119 ], [ 72.216798776502628, 22.012922287447626 ], [ 72.216798776193926, 22.012079239476332 ], [ 72.216676705786469, 22.012102127267887 ], [ 72.216547006089215, 22.012128830878364 ], [ 72.216531747433393, 22.011800766154295 ], [ 72.215700143807041, 22.01180839555008 ], [ 72.215692514505122, 22.011529923224998 ], [ 72.214857095862385, 22.011529923529473 ], [ 72.214857095757907, 22.011251450028801 ], [ 72.21457862275561, 22.011251449989004 ], [ 72.214578623074971, 22.010969162682837 ], [ 72.214303963916564, 22.010972977213822 ], [ 72.214303963944403, 22.010694504655 ], [ 72.212366098625765, 22.010694504070084 ], [ 72.212366097880576, 22.010419846054216 ], [ 72.209588998775217, 22.010419846007629 ], [ 72.209588998642957, 22.010694504277822 ], [ 72.209032052813981, 22.010694504435385 ], [ 72.209032052453793, 22.010972977553656 ], [ 72.20793341973517, 22.010969163016998 ], [ 72.207933420244743, 22.011529923511461 ], [ 72.207643503403574, 22.011529922873031 ], [ 72.207643503057071, 22.011808396254334 ], [ 72.207361214890227, 22.011808396208121 ], [ 72.207361215083282, 22.01208305399463 ], [ 72.207086557656837, 22.012083053766027 ], [ 72.207086557115503, 22.012361527271231 ], [ 72.206800454468976, 22.012361527510738 ], [ 72.206800455125531, 22.012922287710929 ], [ 72.206529611059594, 22.012922288002681 ], [ 72.206529611241763, 22.013204575566828 ], [ 72.206251138414899, 22.013196945608144 ], [ 72.206251138078827, 22.01341133800581 ], [ 72.20625113825858, 22.013471603677257 ], [ 72.206099981681632, 22.013471603627256 ], [ 72.205972665536947, 22.013471603706098 ], [ 72.205972665502188, 22.013522364708173 ], [ 72.205972665646101, 22.013750076628263 ], [ 72.205408090442674, 22.013750076707741 ], [ 72.205408090186339, 22.014032364484404 ], [ 72.205141061057986, 22.014028550109082 ], [ 72.205141061747995, 22.014585495421542 ], [ 72.204584115430706, 22.014581680905415 ], [ 72.204584115552606, 22.015142441234484 ], [ 72.204309457316654, 22.015142441777634 ], [ 72.20430945771129, 22.015424728974029 ], [ 72.204027169666119, 22.01541710000086 ], [ 72.204027169648711, 22.0156955724641 ], [ 72.203752512227624, 22.015695572096693 ], [ 72.203752511573441, 22.015974045515708 ], [ 72.203477853726042, 22.015970230797748 ], [ 72.203477853319498, 22.016252518155635 ], [ 72.203187936353018, 22.016252518718833 ], [ 72.203187936309135, 22.01653480616535 ], [ 72.202920907682469, 22.016534805696029 ], [ 72.202920907463465, 22.016809464555504 ], [ 72.202638620122244, 22.016805649796922 ], [ 72.202638620118549, 22.017084122595783 ], [ 72.202363961844881, 22.017080307791069 ], [ 72.202363962001797, 22.017362595449921 ], [ 72.202081674168312, 22.01736259539274 ], [ 72.202081673969744, 22.017641068315864 ], [ 72.201795572148029, 22.017641068012182 ], [ 72.201795571550718, 22.017930985344641 ], [ 72.201532358064199, 22.017919540779751 ], [ 72.201532357953809, 22.01819419905269 ], [ 72.200967782720639, 22.018190384409422 ], [ 72.200967782300864, 22.018751144621064 ], [ 72.200693125009167, 22.018751145482582 ], [ 72.200693124878924, 22.019029617822056 ], [ 72.20014380814537, 22.019029617996466 ], [ 72.200143807780137, 22.019582749029375 ], [ 72.199861520871679, 22.019582748806407 ], [ 72.199861520895439, 22.01986122227617 ], [ 72.199304574652572, 22.019861221752574 ], [ 72.199304574248359, 22.020696640696102 ], [ 72.199026102258486, 22.020696640736357 ], [ 72.199026101891462, 22.020971298704954 ], [ 72.19847297111022, 22.020971298938097 ], [ 72.198472971202307, 22.021249771824046 ], [ 72.198194497930686, 22.021249772169913 ], [ 72.198194498108947, 22.021532059004645 ], [ 72.197641367154134, 22.021528244272453 ], [ 72.197641366469156, 22.021806717282466 ], [ 72.196809763195304, 22.021806717899011 ], [ 72.196809762773611, 22.022085190128376 ], [ 72.196527475034031, 22.022085190365278 ], [ 72.196527474944943, 22.022363663601222 ], [ 72.195970529639524, 22.022359848566499 ], [ 72.195970528981761, 22.022642135752736 ], [ 72.194864266714134, 22.022642136484574 ], [ 72.194864266846594, 22.02235984822633 ], [ 72.193750376015075, 22.022363662996597 ], [ 72.193750375036316, 22.022085190322922 ], [ 72.192361825395395, 22.022085190079917 ], [ 72.192361825388659, 22.021806717340866 ], [ 72.192002266958823, 22.02180671810455 ], [ 72.19180106560448, 22.021806717285372 ], [ 72.191801064814982, 22.021528244480908 ], [ 72.190408700946023, 22.021532059225709 ], [ 72.190408700740889, 22.021249771524428 ], [ 72.190141672006945, 22.021249772009206 ], [ 72.190141671777866, 22.020971299124906 ], [ 72.189584726582552, 22.020971299027455 ], [ 72.189584725934509, 22.020696640907573 ], [ 72.189027779822865, 22.02069664049354 ], [ 72.189027780613586, 22.020414352801495 ], [ 72.1887531222945, 22.020421981991337 ], [ 72.1887531223922, 22.019861222312461 ], [ 72.188470834613838, 22.019861221999626 ], [ 72.188470834969436, 22.019582749144725 ], [ 72.187921518227597, 22.019582749257285 ], [ 72.187921517776289, 22.019304276336968 ], [ 72.187639230099563, 22.019304276257721 ], [ 72.187639230938203, 22.01958274922902 ], [ 72.185968393191359, 22.019582749114452 ], [ 72.185968393445407, 22.019861222275399 ], [ 72.185693735259065, 22.019861221760046 ], [ 72.185693734930908, 22.020139694957606 ], [ 72.185415261659699, 22.020139694678484 ], [ 72.185415261977624, 22.020421982793067 ], [ 72.185144418506127, 22.020414352825121 ], [ 72.18514441824216, 22.020696640976297 ], [ 72.184862131235022, 22.020681382159065 ], [ 72.184862130389973, 22.022642136632381 ], [ 72.184595102276162, 22.022642135791266 ], [ 72.184595102152088, 22.024309159100099 ], [ 72.184862130751995, 22.024309158869031 ], [ 72.184862131308506, 22.025140763084465 ], [ 72.185144418000405, 22.025140763042035 ], [ 72.185144418824635, 22.025693894386063 ], [ 72.185415261836624, 22.025693894133937 ], [ 72.185415262250501, 22.027082444211093 ], [ 72.184305184910841, 22.027082444044364 ], [ 72.184305184924355, 22.027364731345529 ], [ 72.18459510182268, 22.027364731629127 ], [ 72.184595101601374, 22.027921677526106 ], [ 72.184862131395363, 22.027917862145955 ], [ 72.184862131320429, 22.028474808136508 ], [ 72.184595102138914, 22.028474808775819 ], [ 72.184595101972278, 22.029031754043942 ], [ 72.184305185337834, 22.029031753964503 ], [ 72.184305184886568, 22.02987098798145 ], [ 72.184030527348696, 22.029870987403811 ], [ 72.184030526747918, 22.030702591238366 ], [ 72.183748239419131, 22.030694961954953 ], [ 72.183763497756985, 22.031251907938845 ], [ 72.183473581041952, 22.031251908357302 ], [ 72.183473580913144, 22.032083512015078 ], [ 72.183195107787952, 22.032083511728658 ], [ 72.183195107867803, 22.032915115812308 ], [ 72.182916634896443, 22.032915116033969 ], [ 72.182916635554335, 22.033472061950114 ], [ 72.182641977223327, 22.03347206196328 ], [ 72.182641976941696, 22.03403282195924 ], [ 72.182359689273198, 22.034025193184647 ], [ 72.182359689758101, 22.034585953427772 ], [ 72.18208503086079, 22.034582138595116 ], [ 72.182085031159019, 22.035142899035318 ], [ 72.180971139550806, 22.035142898872351 ], [ 72.180971139233051, 22.035421371821535 ], [ 72.179861062530307, 22.035417557340729 ], [ 72.17986106281667, 22.035696030478832 ], [ 72.179582589536068, 22.035696030377508 ], [ 72.17958259021789, 22.035974503602883 ], [ 72.179033273157401, 22.035970688663333 ], [ 72.179033273780632, 22.03625297591423 ], [ 72.178190225055729, 22.036252976370882 ], [ 72.178190225797948, 22.036531448902849 ], [ 72.177919381415862, 22.036531449276815 ], [ 72.177919381583891, 22.036809921844998 ], [ 72.177629464814899, 22.036809921825416 ], [ 72.177629464920741, 22.037919998620556 ], [ 72.177362435597388, 22.037919998529752 ], [ 72.177362436404138, 22.039030076053027 ], [ 72.177087777733561, 22.039030075775198 ], [ 72.177087778101352, 22.039304733906956 ], [ 72.176530832395557, 22.039304733948693 ], [ 72.176530831591549, 22.039583206979277 ], [ 72.176248544586969, 22.039583206351654 ], [ 72.176248544170264, 22.039861679469492 ], [ 72.175973886553962, 22.039861680077749 ], [ 72.175973886595614, 22.040140152363694 ], [ 72.175699228397036, 22.040140152472791 ], [ 72.175699227770139, 22.040422440579075 ], [ 72.175142281980442, 22.040422440354476 ], [ 72.175142282183131, 22.040704727680961 ], [ 72.174856179587309, 22.040697098056814 ], [ 72.174856180218029, 22.040971756657299 ], [ 72.17457007791468, 22.040971756273922 ], [ 72.174570077882876, 22.041250229776132 ], [ 72.174310678593301, 22.041250229241566 ], [ 72.174310677994654, 22.041532516727944 ], [ 72.172365182481443, 22.04153251713818 ], [ 72.172365182432287, 22.040704727483973 ], [ 72.172639841154492, 22.040704727868551 ], [ 72.172639840786559, 22.03986168004689 ], [ 72.173471444663662, 22.039861679329508 ], [ 72.173471444998086, 22.039583206824261 ], [ 72.174028390570584, 22.039583206926139 ], [ 72.174028390764917, 22.039304733588995 ], [ 72.17485617950652, 22.039304734175914 ], [ 72.174856179861649, 22.03903007583979 ], [ 72.175142281879133, 22.039030075885954 ], [ 72.175142282473999, 22.038473129646945 ], [ 72.175416940199128, 22.038473129784258 ], [ 72.175416940407175, 22.038194656744498 ], [ 72.175699228480624, 22.038194657291658 ], [ 72.175699227668389, 22.037641526180973 ], [ 72.175973886612098, 22.0376415254593 ], [ 72.175973886607082, 22.037080765794144 ], [ 72.176248544308038, 22.037084580351625 ], [ 72.176248544724729, 22.036806107594508 ], [ 72.176530831778408, 22.036809921549231 ], [ 72.176530832400658, 22.036252976193648 ], [ 72.176797860416428, 22.03625297601792 ], [ 72.176797860653906, 22.035970688562763 ], [ 72.177087777660773, 22.035974503298949 ], [ 72.177087777947975, 22.035417557343806 ], [ 72.178190224951152, 22.035421372112538 ], [ 72.178190225249523, 22.035142898856972 ], [ 72.178750985608815, 22.035142899485464 ], [ 72.178750985646985, 22.034860611461944 ], [ 72.179582589407516, 22.034860611939934 ], [ 72.179582589711501, 22.034582138910572 ], [ 72.179861062746426, 22.034585953049717 ], [ 72.179861062460148, 22.034307480056061 ], [ 72.180139535797139, 22.034311295570802 ], [ 72.180139535917803, 22.033750534940168 ], [ 72.180421822874663, 22.033750534478084 ], [ 72.180421823371134, 22.033472061695381 ], [ 72.180696481921231, 22.033472062041032 ], [ 72.180696481835369, 22.033193589294605 ], [ 72.180971139803219, 22.033193589141071 ], [ 72.180971139651419, 22.031805039118154 ], [ 72.180704110500002, 22.031812668453338 ], [ 72.180704111301267, 22.030702591611618 ], [ 72.180971139480121, 22.030702591108128 ], [ 72.180971140048598, 22.030141830710154 ], [ 72.181528085459846, 22.030141831051928 ], [ 72.181528085913143, 22.029870987615578 ], [ 72.181253427061023, 22.029870987453886 ], [ 72.181253427376433, 22.029581070741788 ], [ 72.1806964813306, 22.029581070153629 ], [ 72.180696481358453, 22.029306412760157 ], [ 72.180971139261388, 22.02931022694133 ], [ 72.180971139829865, 22.028749466909542 ], [ 72.181253426828476, 22.02874946637478 ], [ 72.181253427362364, 22.028192520465829 ], [ 72.18152808580021, 22.028196335624049 ], [ 72.18152808516956, 22.027639389859747 ], [ 72.181810372685192, 22.027639389356828 ], [ 72.18181037285494, 22.024030685941153 ], [ 72.181528085208072, 22.024030686035637 ], [ 72.181528085234675, 22.022920608962345 ], [ 72.181253427059303, 22.022920609004952 ], [ 72.181253427346888, 22.022081375790165 ], [ 72.180971140012758, 22.022085190391522 ], [ 72.180971139881464, 22.02152824428811 ], [ 72.180704110695984, 22.021532059520954 ], [ 72.180704110597119, 22.020971298681367 ], [ 72.180421823445826, 22.020971299160191 ], [ 72.180421823397907, 22.020139695148966 ], [ 72.180139536062057, 22.02013969499826 ], [ 72.18013953551359, 22.019582749201714 ], [ 72.179861062820777, 22.019582748796449 ], [ 72.17986106255664, 22.019029617922179 ], [ 72.180139536103113, 22.019029617510487 ], [ 72.180139535336039, 22.018751144714308 ], [ 72.180421823630866, 22.018751145069242 ], [ 72.180421823251109, 22.018472672360776 ], [ 72.180696481107901, 22.018472672451093 ], [ 72.180696481186402, 22.018194198911264 ], [ 72.182359689737893, 22.018194199612001 ], [ 72.182359689360794, 22.017362595465773 ], [ 72.182641977409943, 22.017362595502501 ], [ 72.182641977374743, 22.016809463982977 ], [ 72.183195107877836, 22.016809464512985 ], [ 72.183195107774552, 22.016534806269707 ], [ 72.183763498437415, 22.016534805881051 ], [ 72.183763497726034, 22.016252518080712 ], [ 72.18541526240152, 22.016252517966421 ], [ 72.185415262083538, 22.015970230407916 ], [ 72.185693734715713, 22.015974044997549 ], [ 72.185693735371999, 22.015417099735416 ], [ 72.190416330566379, 22.015417099664287 ], [ 72.190416330337271, 22.015695572685967 ], [ 72.19125556320752, 22.015695572502334 ], [ 72.19125556377162, 22.015974045509775 ], [ 72.192640298397251, 22.015974045394195 ], [ 72.192640298840573, 22.015695572590722 ], [ 72.192918771782558, 22.015695572931605 ], [ 72.19291877192957, 22.015974045735067 ], [ 72.193468087829331, 22.015970230912497 ], [ 72.193468087653926, 22.016252518472037 ], [ 72.195138925600617, 22.016252518064899 ], [ 72.195138925072655, 22.016534805458289 ], [ 72.195703500628625, 22.016534806272929 ], [ 72.19570350021489, 22.016809464058234 ], [ 72.197084420920888, 22.016809464343979 ], [ 72.19708442047363, 22.0165348057415 ], [ 72.19735907937357, 22.016534806230705 ], [ 72.197359079128375, 22.016252518122027 ], [ 72.197641367094135, 22.016252517913024 ], [ 72.197641367173418, 22.01597023081213 ], [ 72.197916024521092, 22.015974045059348 ], [ 72.19791602478135, 22.015417099691209 ], [ 72.198194497830059, 22.015424729140541 ], [ 72.198194498244959, 22.014581680497162 ], [ 72.198472970825932, 22.014585495632364 ], [ 72.198472970788472, 22.014307022704408 ], [ 72.198194497706183, 22.01431465187186 ], [ 72.198194497513313, 22.012922287625262 ], [ 72.197908395619635, 22.012922287723722 ], [ 72.19790839535338, 22.012361527426798 ], [ 72.197641366723005, 22.012361527329652 ], [ 72.197641366399225, 22.011251450498726 ], [ 72.197908395784793, 22.011251449829654 ], [ 72.197908395518539, 22.010690689977224 ], [ 72.197641366947337, 22.010694504488079 ], [ 72.197641366678212, 22.009584427616449 ], [ 72.197366708455078, 22.009584427846228 ], [ 72.197366708980681, 22.008195877397625 ], [ 72.197641366272279, 22.008195877269809 ], [ 72.197641366820463, 22.007638932067721 ], [ 72.197908395390897, 22.007642746510538 ], [ 72.197908395703422, 22.006811142434152 ], [ 72.19819449808773, 22.006811143048907 ], [ 72.198194497749881, 22.00625038167372 ], [ 72.198472970823445, 22.006250382038981 ], [ 72.198472970840626, 22.005971909294125 ], [ 72.199026101716044, 22.005971909563943 ], [ 72.199026101601092, 22.005693435987926 ], [ 72.199304574747558, 22.005701065344944 ], [ 72.19930457497334, 22.005422592774835 ], [ 72.199861520349756, 22.005422592729158 ], [ 72.199861520696047, 22.005140305496166 ], [ 72.20014380822235, 22.005140305510814 ], [ 72.200143808434902, 22.004579545040301 ], [ 72.200418466464512, 22.004583359667681 ], [ 72.200418466355131, 22.004304886428702 ], [ 72.201246255360132, 22.004304886628052 ], [ 72.201246255192231, 22.004030228276626 ], [ 72.201795572236875, 22.004030228272548 ], [ 72.201795572165508, 22.003751755259739 ], [ 72.20236396168572, 22.003751754999417 ], [ 72.202363961638028, 22.003469467326781 ], [ 72.203752511721191, 22.003469467893684 ], [ 72.203752511795614, 22.003751755413578 ], [ 72.204858774242069, 22.003751754993015 ], [ 72.204858773762012, 22.003469467574913 ], [ 72.205698007631511, 22.003473282533385 ], [ 72.205698007173481, 22.00319481000184 ], [ 72.206529611304077, 22.00319480992621 ], [ 72.206529611109218, 22.002916336614316 ], [ 72.20736121577032, 22.002931595696484 ], [ 72.207361215091552, 22.002641678231758 ], [ 72.207643503329606, 22.002641678376538 ], [ 72.207643502834557, 22.002359390494231 ], [ 72.207918161535332, 22.002363205575566 ], [ 72.207918161354172, 22.002084732526871 ], [ 72.208192819562299, 22.002084732363176 ], [ 72.208192819784585, 22.001806259402343 ], [ 72.208475107038865, 22.001810074627173 ], [ 72.20847510727242, 22.001253128866473 ], [ 72.208749765658737, 22.001253128711149 ], [ 72.208749764700627, 22.000974655860919 ], [ 72.209032053190199, 22.000974655453021 ], [ 72.209032052619349, 22.000696182690753 ], [ 72.209306710772367, 22.00069618249287 ], [ 72.209306710604977, 22.000417709818439 ], [ 72.209588998741424, 22.000421525001201 ], [ 72.209588999015764, 22.000143051495147 ], [ 72.20986365688907, 22.000143052173797 ], [ 72.209863656606331, 21.999860763963664 ], [ 72.209863656319172, 21.999570847229357 ], [ 72.210977548097659, 21.999586106252565 ], [ 72.210977548385756, 21.9993076330103 ], [ 72.211252206389958, 21.999311447844747 ], [ 72.211252207066124, 21.999029159950304 ], [ 72.211526864418403, 21.99902916046431 ], [ 72.211526865239705, 21.999586105941773 ], [ 72.212366097947367, 21.999586106279821 ], [ 72.212366098249234, 21.999307633190131 ], [ 72.212907785345621, 21.999311448136424 ], [ 72.212907785421535, 21.99902916039451 ], [ 72.213739389531, 21.999029159791824 ], [ 72.2137393892707, 21.999311447432028 ], [ 72.214303964698274, 21.999307633278814 ], [ 72.214303964561495, 21.999586106165108 ], [ 72.214857095777035, 21.999586106118205 ], [ 72.214857095727083, 21.999307633282751 ], [ 72.215143197711569, 21.999307633048357 ], [ 72.215143197382346, 21.999586105832982 ], [ 72.216249459666926, 21.999570846928936 ], [ 72.21624946019233, 21.999860763870419 ], [ 72.216249460397066, 22.000143051368724 ], [ 72.216531747213025, 22.000143051704331 ], [ 72.216531747855655, 22.000421524498467 ], [ 72.216806405425672, 22.000417709761575 ], [ 72.216806405664869, 22.000696182541461 ], [ 72.21708869361477, 22.000696182755554 ], [ 72.217088693466692, 22.000974655521684 ], [ 72.217363351329439, 22.000974655382709 ], [ 72.217363351708983, 22.001253129104931 ], [ 72.217638010153934, 22.001253128466679 ], [ 72.217638010184515, 22.001531601256069 ], [ 72.218481058285164, 22.001531601464524 ], [ 72.218481058131474, 22.001810074189297 ], [ 72.219026559909267, 22.001806259631945 ], [ 72.219026559926149, 22.002084732342414 ], [ 72.219308847630174, 22.002084732851255 ], [ 72.219308847259853, 22.002363205547965 ], [ 72.219583505524554, 22.002359391121058 ], [ 72.21958350500789, 22.002641678549672 ], [ 72.219873422665117, 22.002641678534612 ], [ 72.219873422317022, 22.002931595443965 ], [ 72.220140451065674, 22.002916337033952 ], [ 72.220140451472318, 22.003194809790344 ], [ 72.220411294819826, 22.003194809144858 ], [ 72.220411294760396, 22.003473282806461 ], [ 72.220972054756572, 22.003469467409325 ], [ 72.22097205519762, 22.003751755804945 ], [ 72.221254342377549, 22.003751755232852 ], [ 72.221254343173868, 22.004030227998626 ], [ 72.221529001020372, 22.004030228253846 ], [ 72.221529001099583, 22.004304886256527 ], [ 72.221803659465778, 22.004304886931546 ], [ 72.22181128837903, 22.00458335916888 ], [ 72.222082132399919, 22.004583359102849 ], [ 72.222082131993957, 22.004861831826631 ], [ 72.222360605419979, 22.004861832585306 ], [ 72.222360604618629, 22.005140305295228 ], [ 72.222642892647343, 22.005140304784533 ], [ 72.222642892735934, 22.005422593201768 ], [ 72.222932809303586, 22.005422592475078 ], [ 72.22293280971509, 22.005701065259405 ], [ 72.223474496370017, 22.005693436377975 ], [ 72.223474496944021, 22.005971909147444 ], [ 72.223749154689287, 22.005971908839914 ], [ 72.223749154805475, 22.00625038251458 ], [ 72.224031442099047, 22.006250382014485 ], [ 72.224031442268611, 22.00653266950955 ], [ 72.224298471109208, 22.006532669684102 ], [ 72.22429847145844, 22.006811142463235 ], [ 72.226251596225737, 22.006807328039862 ], [ 72.226251595786707, 22.007085800601605 ], [ 72.227083200556834, 22.007081985744726 ], [ 72.227083199854832, 22.00736045916041 ], [ 72.227357858150583, 22.007360458624866 ], [ 72.227357858448059, 22.007921219403649 ], [ 72.2276363314094, 22.007917404569021 ], [ 72.227636330894143, 22.008195878044646 ], [ 72.228197091969946, 22.008195877238386 ], [ 72.228197091657549, 22.008474350700105 ], [ 72.230142587773969, 22.008474350988202 ], [ 72.230142587905164, 22.008195877729431 ], [ 72.230417245595262, 22.008195877964564 ], [ 72.230417246129932, 22.007917404793393 ], [ 72.23069953288072, 22.007921219255049 ], [ 72.230699532817155, 22.007642746120297 ], [ 72.230974191267691, 22.007642746363523 ], [ 72.230974191189347, 22.006532669967125 ], [ 72.231248849290452, 22.006532669812604 ], [ 72.231248849159456, 22.005701065974911 ], [ 72.231531137413143, 22.005701065401297 ], [ 72.231531137092105, 22.003469467886831 ], [ 72.231248849355325, 22.003473282035426 ], [ 72.231248850098595, 22.003194809592063 ], [ 72.230974191090411, 22.003194809340833 ], [ 72.230974191430221, 22.002916336883715 ], [ 72.230142587445769, 22.002931595698083 ], [ 72.230142587285386, 22.002812795538169 ], [ 72.229688437140865, 22.003146518938841 ], [ 72.225135171210454, 22.005571916552736 ], [ 72.225238584603744, 22.000070856799024 ], [ 72.225565285506164, 21.997517705605834 ], [ 72.229028695443503, 21.99340879344895 ], [ 72.22902869575401, 21.993192673738246 ], [ 72.228754037209086, 21.993196487709749 ], [ 72.228754037843075, 21.992914200734642 ], [ 72.228471750170002, 21.992921829670205 ], [ 72.228471750103068, 21.992082596333269 ], [ 72.228197092260757, 21.992082596350667 ], [ 72.228197091584946, 21.991529465694899 ], [ 72.227914803830913, 21.991529464950492 ], [ 72.227914804411114, 21.990419388437058 ], [ 72.227636331532779, 21.990419388070414 ], [ 72.227636331069078, 21.989313125749312 ], [ 72.227357858455377, 21.989313126605953 ], [ 72.227357858867521, 21.988507678130404 ], [ 72.220159457416784, 21.984304172452084 ], [ 72.215734707600618, 21.983527507066835 ], [ 72.211295268809934, 21.984540758141524 ], [ 72.199971125630356, 21.985290439112148 ], [ 72.191649371997599, 21.987914131885876 ], [ 72.172149317372472, 21.995162549043236 ], [ 72.169067865427166, 21.997056386920786 ], [ 72.167713148441976, 21.999959451631081 ], [ 72.162949330222901, 22.00779562005075 ], [ 72.150255506989694, 22.02330311824517 ], [ 72.149984671769943, 22.023744763433708 ], [ 72.149984279531182, 22.023745403125819 ], [ 72.138923691867419, 22.040003278444487 ], [ 72.132184047873622, 22.052076265430024 ], [ 72.124757494022688, 22.057486295883635 ], [ 72.109543090176174, 22.058328608494179 ], [ 72.097273338672522, 22.056794867361102 ], [ 72.087506516313965, 22.057186974521471 ], [ 72.078952507736787, 22.059400868577491 ], [ 72.077073697856022, 22.060782142384721 ], [ 72.058422489197511, 22.095381959261797 ], [ 72.060154788069426, 22.105258373228267 ], [ 72.054482358408663, 22.105052281848568 ], [ 72.049813001042182, 22.110050831736903 ], [ 72.031906801189933, 22.123646152397725 ], [ 72.021045811660784, 22.104479189862051 ], [ 72.019120311200169, 22.103639810913695 ], [ 72.002570709400288, 22.10541540822306 ], [ 72.000298933135866, 22.104859408092572 ], [ 71.981318883832984, 22.10478196645213 ], [ 71.977080024729986, 22.105608052450975 ], [ 71.970119057666153, 22.106808014594062 ], [ 71.961581822859614, 22.108214267061189 ], [ 71.952557110480683, 22.110262556639615 ], [ 71.948249580990662, 22.113530069518657 ], [ 71.939702513879169, 22.116854885702629 ], [ 71.928865669707292, 22.119224697389516 ], [ 71.915058476598432, 22.121847443874174 ], [ 71.90620801654336, 22.12477152614138 ], [ 71.90507025275231, 22.121437011380511 ], [ 71.904120426709696, 22.115901798333052 ], [ 71.903295762382797, 22.109783102660789 ], [ 71.901375969296211, 22.105334695938552 ], [ 71.897205198412252, 22.103245993366539 ], [ 71.889946330507328, 22.102049550369252 ], [ 71.881961320920496, 22.10055552562703 ], [ 71.878910174239124, 22.099888924465759 ], [ 71.869066412756936, 22.097215336746977 ], [ 71.854981704183743, 22.095236902171468 ], [ 71.850566792630929, 22.095420559059903 ], [ 71.849435538638161, 22.109244655510924 ], [ 71.845800679397598, 22.110244936942863 ], [ 71.844808955424526, 22.113142254167123 ], [ 71.836629795728271, 22.114842127443207 ], [ 71.838377463937647, 22.123932131828667 ], [ 71.840686691375097, 22.131000689391893 ], [ 71.834677156840627, 22.133366371441547 ], [ 71.811152704576983, 22.138370666608317 ], [ 71.799896259992963, 22.13095446339598 ], [ 71.789766660863819, 22.133500448481726 ], [ 71.782542424372878, 22.136196933466149 ], [ 71.774483577729569, 22.137201562826604 ], [ 71.758173228041102, 22.133096475247346 ], [ 71.755531387314548, 22.13823416334143 ], [ 71.753542646515513, 22.144670872391757 ], [ 71.745362053480136, 22.145434477285203 ], [ 71.739943885781017, 22.149488794982982 ], [ 71.737163550762503, 22.156610628540918 ], [ 71.735699147870292, 22.165077098156239 ], [ 71.735791751573117, 22.176132515605939 ], [ 71.733991022404325, 22.182037648256582 ], [ 71.725821397784671, 22.181528296869693 ], [ 71.721443159587565, 22.183391163436877 ], [ 71.717027767529757, 22.190188064612016 ], [ 71.713953231846475, 22.188576238636816 ], [ 71.708432178559491, 22.182864581813924 ], [ 71.701721921258013, 22.188592176414215 ], [ 71.696017129525089, 22.19747116304071 ], [ 71.692179143295661, 22.200209087858102 ], [ 71.683044821164899, 22.199160243347823 ], [ 71.674199797363769, 22.199210470802058 ], [ 71.662369042194541, 22.208361755642077 ], [ 71.656305386577202, 22.21624672869422 ], [ 71.654016815186054, 22.214815380032114 ], [ 71.649096243879157, 22.209687869532885 ], [ 71.640903251220976, 22.204861213329444 ], [ 71.634264192695383, 22.202153621637667 ], [ 71.627875317090485, 22.20537824089412 ], [ 71.623347318338276, 22.210903043156165 ], [ 71.620851768075468, 22.218716983090399 ], [ 71.621802028114971, 22.22763500720162 ], [ 71.626008951171826, 22.230941605347976 ], [ 71.638863683158263, 22.23647665902778 ], [ 71.645961426343874, 22.242040660693238 ], [ 71.649372130004934, 22.246974205670082 ], [ 71.64547098550716, 22.249769901678565 ], [ 71.639252511389756, 22.260966155060803 ], [ 71.634154264446281, 22.27520321851966 ], [ 71.622808125309803, 22.276973043621808 ], [ 71.617515813949666, 22.278990102413111 ], [ 71.615698379310871, 22.292518627323304 ], [ 71.611038438685412, 22.298384294207224 ], [ 71.609426062627207, 22.302548994921022 ], [ 71.611439582035374, 22.320901673238218 ], [ 71.610564114329236, 22.330193852538908 ], [ 71.607339726567844, 22.338232891332407 ], [ 71.621055343391603, 22.34313667287476 ], [ 71.622316503008335, 22.344267173921107 ], [ 71.620877375518589, 22.349827454783821 ], [ 71.619662809085938, 22.363184600731071 ], [ 71.619928061466652, 22.38053212402782 ], [ 71.624361961326386, 22.380097391255472 ], [ 71.628847709218476, 22.380866679160128 ], [ 71.63307005571842, 22.384360624438937 ], [ 71.636798724925725, 22.390578005010642 ], [ 71.639141059168381, 22.394977798635164 ], [ 71.642873604808685, 22.399396673058195 ], [ 71.655170156931234, 22.392177786070704 ], [ 71.661086429317066, 22.386499581131545 ], [ 71.664749311836871, 22.382013722456406 ], [ 71.675894605588738, 22.385599318851742 ], [ 71.68116178546245, 22.386836635980977 ], [ 71.685207137583717, 22.390213239501065 ], [ 71.695501273650009, 22.393787479735739 ], [ 71.702829454318021, 22.396160826822126 ], [ 71.708198687777553, 22.389888267330626 ], [ 71.711327087551894, 22.383010997306119 ], [ 71.71559038726248, 22.379977206655138 ], [ 71.725595246474057, 22.380870423407124 ], [ 71.729303150787104, 22.379007208062838 ], [ 71.730043641735492, 22.37650906983372 ], [ 71.731229422832968, 22.370062545608132 ], [ 71.731742553243549, 22.363784481250004 ], [ 71.734063528086295, 22.360674060935018 ], [ 71.743949962031593, 22.360512915900937 ], [ 71.752014443001954, 22.360507720126641 ], [ 71.760145612332209, 22.360033071756273 ], [ 71.763356161246691, 22.360777385300739 ], [ 71.774876176568355, 22.361048938939202 ], [ 71.78330425683788, 22.361331634782232 ], [ 71.782544439881931, 22.368656971368946 ], [ 71.781482354224735, 22.375977358253831 ], [ 71.779799775591812, 22.385438383857487 ], [ 71.780700473089112, 22.387954392116747 ], [ 71.788133627160875, 22.394281158942697 ], [ 71.79396668792441, 22.392088974227931 ], [ 71.809492861274194, 22.392692499694924 ], [ 71.820712361838886, 22.393015660943551 ], [ 71.827084391602426, 22.392981750869236 ], [ 71.826635143826664, 22.384016253922361 ], [ 71.825162338260341, 22.373577519448567 ], [ 71.823860039224186, 22.365414411406629 ], [ 71.823154808552331, 22.360631359896121 ], [ 71.831783449261565, 22.355792194124668 ], [ 71.836625986422561, 22.358472110446399 ], [ 71.840660638930785, 22.365048569242482 ], [ 71.848838493701678, 22.368237577783109 ], [ 71.853619138157669, 22.370450163876605 ], [ 71.851761640163744, 22.37950105971051 ], [ 71.850694693920403, 22.389270117189429 ], [ 71.85794008748816, 22.39763057879027 ], [ 71.862851557983319, 22.399314935000568 ], [ 71.865321290619875, 22.403302674353885 ], [ 71.874594606527424, 22.406507529777556 ], [ 71.8803956489934, 22.412047930121904 ], [ 71.882315974844289, 22.417548291524064 ], [ 71.882861566696263, 22.417667527215603 ], [ 71.89056621960107, 22.418875887946022 ], [ 71.895920379280767, 22.41411106185117 ], [ 71.902196320502838, 22.406386604926624 ], [ 71.906106471170162, 22.398053607968698 ], [ 71.908010916364447, 22.391794388349254 ], [ 71.908938705256489, 22.385570556898475 ], [ 71.909568803377738, 22.380110103858833 ], [ 71.912308122172107, 22.376943471486843 ], [ 71.915683166944447, 22.382106080757556 ], [ 71.92109085283947, 22.380370580265048 ], [ 71.927102317933091, 22.37828898844165 ], [ 71.933524066954973, 22.380810123108471 ], [ 71.933315065375325, 22.389068917573969 ], [ 71.932001104059736, 22.400408997433566 ], [ 71.931073292350106, 22.406448498074472 ], [ 71.927835731004294, 22.414031800893834 ], [ 71.92932564044348, 22.421034821583799 ], [ 71.927373710834203, 22.424857133534772 ], [ 71.924073860858869, 22.431911410373218 ], [ 71.922710291602669, 22.440339363956038 ], [ 71.922984491316711, 22.449357306196816 ], [ 71.928297685803798, 22.457115361230386 ], [ 71.936963545723358, 22.461927674792289 ], [ 71.94442464638847, 22.462949591675478 ], [ 71.954131113619113, 22.464934259865213 ], [ 71.961157275489953, 22.469443593406353 ], [ 71.958354562062752, 22.472783159734462 ], [ 71.959009332434391, 22.477507417176572 ], [ 71.957273676891532, 22.489473517561592 ], [ 71.949866567778912, 22.489444315382531 ], [ 71.941193510721149, 22.487530532632491 ], [ 71.93209009569064, 22.485558791436464 ], [ 71.929550938944743, 22.481633076545638 ], [ 71.926773587147025, 22.477348788387452 ], [ 71.920031755670863, 22.478368008453128 ], [ 71.908006467304901, 22.48008692917691 ], [ 71.90678645215533, 22.483042115867732 ], [ 71.907317886665425, 22.486362951738563 ], [ 71.909117173722635, 22.492612831703095 ], [ 71.910741184311135, 22.498048675299987 ], [ 71.917231323662747, 22.498591121083948 ], [ 71.91965900037863, 22.499260156934529 ], [ 71.919212042278247, 22.505489188273543 ], [ 71.914366791593892, 22.50318092805561 ], [ 71.912689066281473, 22.508802444739068 ], [ 71.908742614856408, 22.51723560669776 ], [ 71.921618581385459, 22.521203708715646 ], [ 71.922867987037293, 22.526289705147899 ], [ 71.926404762970463, 22.528982150845749 ], [ 71.929073111141633, 22.532758047610184 ], [ 71.934241705784643, 22.537570798185325 ], [ 71.938955136236316, 22.539304184680287 ], [ 71.945862360048821, 22.53971759332347 ], [ 71.951180607063407, 22.537920543229792 ], [ 71.956488359073518, 22.534395819927195 ], [ 71.964717971563999, 22.532955665432237 ], [ 71.969264383744189, 22.528198194430889 ], [ 71.968597362456336, 22.523945852376912 ], [ 71.966189993976258, 22.519179359162401 ], [ 71.966778615154581, 22.509195029229815 ], [ 71.974830956251168, 22.508351463973995 ], [ 71.978229682378512, 22.506223558241302 ], [ 71.999020422016855, 22.5076712723043 ], [ 72.01034530898211, 22.512435119366309 ], [ 72.022348230869966, 22.511223248049614 ], [ 72.031092209728413, 22.50635307383136 ], [ 72.03526935773381, 22.490816802338426 ], [ 72.039140973727768, 22.483096281364158 ], [ 72.044747711877278, 22.475923345788022 ], [ 72.049632303853869, 22.474335448853562 ], [ 72.050818210057216, 22.472456458844515 ], [ 72.051447984440827, 22.457969581700606 ], [ 72.050258887444812, 22.444433943103149 ], [ 72.053773646066958, 22.442347612885897 ], [ 72.06578249733144, 22.440349107919872 ], [ 72.077938350626482, 22.437186233036201 ], [ 72.084395144448834, 22.437249588047944 ], [ 72.102138502265746, 22.448287725946113 ], [ 72.10835434454205, 22.450668223999518 ], [ 72.119972110471849, 22.462899445060696 ], [ 72.140740040502521, 22.472091388963136 ], [ 72.147924917995738, 22.476251852127362 ], [ 72.161201277811131, 22.479450132794838 ], [ 72.154535221972921, 22.4889652252605 ], [ 72.146462292626737, 22.495529961606621 ], [ 72.149751186489183, 22.498937239070838 ], [ 72.150033035896328, 22.500607166102007 ], [ 72.142806610521177, 22.51421265424289 ], [ 72.14931474147761, 22.520922266631285 ], [ 72.163102394685581, 22.530862423714513 ], [ 72.170403246349963, 22.53472566981657 ], [ 72.186891880947073, 22.541674618787848 ], [ 72.18744187546784, 22.54426656129046 ], [ 72.185992105735551, 22.549960017213252 ], [ 72.181877326405555, 22.555635864028883 ], [ 72.168762480958094, 22.569619040170242 ], [ 72.158065817705221, 22.577554706942163 ], [ 72.142234575315726, 22.587120997979856 ], [ 72.116303885488193, 22.598759212567852 ], [ 72.101638247838906, 22.601022952791084 ], [ 72.096146523072278, 22.60515186216308 ], [ 72.070451868619969, 22.59471915835902 ], [ 72.065136802397831, 22.593880756212911 ], [ 72.063113367806608, 22.599232137932969 ], [ 72.062032082788477, 22.60795742719867 ], [ 72.061577790506831, 22.616743296447289 ], [ 72.062184882179011, 22.641253561830311 ], [ 72.061125512581583, 22.650837840930276 ], [ 72.056110529403583, 22.657201553585406 ], [ 72.047251005649343, 22.662473634331413 ], [ 72.036169432976095, 22.670356134037299 ], [ 72.026780043039764, 22.679191491809394 ], [ 72.029289499639802, 22.68094427358384 ], [ 72.056346463169163, 22.693559840576274 ], [ 72.06601474214024, 22.676312491022863 ], [ 72.072886738845554, 22.675175490077336 ], [ 72.08258379356748, 22.676124674752884 ], [ 72.089778566170665, 22.675561664349964 ], [ 72.095771709420646, 22.68389064937805 ], [ 72.099168558071042, 22.691692259135596 ], [ 72.104724992661176, 22.71117105234131 ], [ 72.106378409415285, 22.72049105513484 ], [ 72.102509509744038, 22.723598340059009 ], [ 72.079243098363406, 22.729120276557957 ], [ 72.071621322014707, 22.732489628783988 ], [ 72.065478981975986, 22.738013400088988 ], [ 72.056859253739802, 22.747391510274735 ], [ 72.054741670392289, 22.751304047087942 ], [ 72.060192885422637, 22.754708936638409 ], [ 72.05969464941181, 22.756891680147977 ], [ 72.053698665263113, 22.758473087556176 ], [ 72.053344974508931, 22.768447467921515 ], [ 72.050658035749322, 22.769249776350595 ], [ 72.046009959134182, 22.768123199537378 ], [ 72.049088500478035, 22.779789902272405 ], [ 72.050244682041296, 22.78289396564945 ], [ 72.037521904566077, 22.790366270229221 ], [ 72.036304105767982, 22.79398000252511 ], [ 72.04093183052143, 22.807891015798166 ], [ 72.043983603105389, 22.810582627583457 ], [ 72.038435289807907, 22.816441121726385 ], [ 72.037687125926595, 22.832694255324249 ], [ 72.035105459731696, 22.842586537854078 ], [ 72.030997934447498, 22.817217692361336 ], [ 72.03174238944068, 22.801118961490943 ], [ 72.023784878915606, 22.790848707881903 ], [ 72.016219621329753, 22.793453086622627 ], [ 71.997989257624212, 22.831633499242251 ], [ 71.992143886173082, 22.834581120059831 ], [ 71.989702205373987, 22.838692686198591 ], [ 71.987988986965348, 22.843741891425715 ], [ 71.984566349587411, 22.852191879199253 ], [ 71.983399897952808, 22.85550367764607 ], [ 71.983756277385254, 22.861323865073523 ], [ 71.983372618047667, 22.869710608361896 ], [ 71.985121237682932, 22.879157525370012 ], [ 71.987666527949145, 22.885363014589124 ], [ 71.990698010099834, 22.890586427156194 ], [ 71.993180138189075, 22.89608520078189 ], [ 71.998136838345587, 22.905514259863921 ], [ 72.001127830362066, 22.90560950197726 ], [ 72.00116370597361, 22.905795824455886 ], [ 72.000607532570442, 22.917457029236274 ], [ 72.002830081456935, 22.923428471517131 ], [ 71.998136350720628, 22.926570895243135 ], [ 71.989087760618233, 22.933405969414697 ], [ 71.987399960532159, 22.941179846065047 ], [ 71.989423483404337, 22.949333864119279 ], [ 71.992971830099691, 22.954720537538204 ], [ 71.998056804303616, 22.957188124554378 ], [ 72.008644204328846, 22.970798446435335 ], [ 72.020187946477364, 22.99209042167767 ], [ 72.016504014747824, 22.993840840671719 ], [ 72.011121122695371, 22.994254416715091 ], [ 72.008934851226812, 22.999076309962582 ], [ 72.008478279077053, 23.006479459382074 ], [ 72.013426220740811, 23.012397966375492 ], [ 72.017985067075585, 23.019308155943079 ], [ 72.017886833498849, 23.021073884813404 ], [ 72.013864453315108, 23.029956920963631 ], [ 72.016055194810946, 23.034293983087565 ], [ 72.016491457139594, 23.050550092623528 ], [ 72.015753608759638, 23.056246006945628 ], [ 72.0127657123641, 23.059252765404153 ], [ 71.999679529407999, 23.065916149581199 ], [ 71.989415835431871, 23.068728737478086 ], [ 71.981280236640274, 23.068664435665806 ], [ 71.979775396497402, 23.066350691509037 ], [ 71.966389001939774, 23.057518281814421 ], [ 71.962021446957408, 23.053667232093751 ], [ 71.957906808575828, 23.048307566426764 ], [ 71.956999275509162, 23.045248057967598 ], [ 71.957803197106017, 23.042963929433057 ], [ 71.961776435427595, 23.039145549805514 ], [ 71.953246731475289, 23.038593031679468 ], [ 71.949627609062546, 23.03957981702284 ], [ 71.946966483329163, 23.042441199279036 ], [ 71.949058632925414, 23.050196091615938 ], [ 71.952172984248676, 23.054760598591074 ], [ 71.951301484850589, 23.060112623472229 ], [ 71.948528804952488, 23.066263350878252 ], [ 71.944715342641061, 23.069573393836922 ], [ 71.939998322881536, 23.067748577326142 ], [ 71.931425226012522, 23.067061153158008 ], [ 71.919033623618162, 23.074815485912495 ], [ 71.914908390637393, 23.079316584055469 ], [ 71.911173079443145, 23.090414924385378 ], [ 71.900754483800526, 23.110476071566698 ], [ 71.904474934133276, 23.115154567894869 ], [ 71.906216297115776, 23.120830013401665 ], [ 71.903590791714279, 23.138308053558081 ], [ 71.904136010722439, 23.145859207442804 ], [ 71.906683505628095, 23.150809582011473 ], [ 71.907471468428568, 23.157628809051893 ], [ 71.910032213129966, 23.167226397718622 ], [ 71.910017541902491, 23.180860960451469 ], [ 71.913692432599433, 23.183661941090431 ], [ 71.927676817487324, 23.186509457736328 ], [ 71.937499307110144, 23.197674294088607 ], [ 71.945826771300631, 23.204281174797607 ], [ 71.951906510865399, 23.207591143157156 ], [ 71.961835869962599, 23.208200998940729 ], [ 71.966678094831678, 23.211601809345474 ], [ 71.973007121179563, 23.214402897291979 ], [ 71.990336789792465, 23.215709690421665 ], [ 71.99292089535048, 23.229136968901841 ], [ 71.998955532094939, 23.249400380482072 ], [ 71.996325857233288, 23.253159239491257 ], [ 71.990499779453174, 23.255647821602736 ], [ 71.986423760785101, 23.256099899632407 ], [ 71.973412987789672, 23.254404820982838 ], [ 71.969351588045953, 23.252558176045252 ], [ 71.961021402236796, 23.246330778594068 ], [ 71.947542412986692, 23.242099895684529 ], [ 71.942696088396033, 23.245240320682957 ], [ 71.939430201571497, 23.256620505579782 ], [ 71.933396319401581, 23.267143905575697 ], [ 71.927997522378945, 23.26947290881558 ], [ 71.917594066600572, 23.266375477769923 ], [ 71.908036576555418, 23.265012570814655 ], [ 71.905865951873182, 23.259985429131255 ], [ 71.904626772615529, 23.254392062956274 ], [ 71.902036576736748, 23.230297169033534 ], [ 71.899925146219587, 23.225494428312942 ], [ 71.897773152264335, 23.224429891721872 ], [ 71.876355062216305, 23.224206722275685 ], [ 71.874654713377595, 23.227498912392011 ], [ 71.876368972540021, 23.246356923134293 ], [ 71.879017139851086, 23.253227184599965 ], [ 71.882358766251954, 23.257989715890329 ], [ 71.880103722363501, 23.266962270466696 ], [ 71.875959127569018, 23.273610993316531 ], [ 71.874920485680363, 23.278647377727218 ], [ 71.876833073006779, 23.28982764019322 ], [ 71.879244534322197, 23.295546044319348 ], [ 71.882742542724358, 23.297902420450313 ], [ 71.886044568713274, 23.306919677875744 ], [ 71.880082128879906, 23.315551858699084 ], [ 71.885485074101169, 23.330240944681279 ], [ 71.887756206809087, 23.331823868890609 ], [ 71.895467106959856, 23.332879745225032 ], [ 71.893735834435347, 23.338654276093216 ], [ 71.893252315205558, 23.344043136380016 ], [ 71.890034854288061, 23.350135274161964 ], [ 71.886651644391804, 23.354276753331355 ], [ 71.885659034679989, 23.360692421157079 ], [ 71.882525258773683, 23.364833319543987 ], [ 71.876099194007566, 23.370924942795963 ], [ 71.873755509362937, 23.376004825006593 ], [ 71.874417196223007, 23.38347949470969 ], [ 71.878693083534159, 23.38809571386577 ], [ 71.886509090226312, 23.391161492463766 ], [ 71.893053290448378, 23.39179088963456 ], [ 71.899786972612205, 23.38621760551732 ], [ 71.90727372564298, 23.385429844298006 ], [ 71.923771922905772, 23.391110333138354 ], [ 71.932161452166511, 23.393085628496642 ], [ 71.953433159335404, 23.391839065327304 ], [ 71.959224295840201, 23.393375917600974 ], [ 71.962646570674906, 23.397626404665708 ], [ 71.966775450793079, 23.404877214175418 ], [ 71.971412067046629, 23.42300198838581 ], [ 71.971895809426229, 23.430660243849257 ], [ 71.968572547629961, 23.447501205229617 ], [ 71.96771013510822, 23.459502268012209 ], [ 71.969430419116478, 23.46689127353898 ], [ 71.974004956924375, 23.473404274929283 ], [ 71.990055809456223, 23.48246388259631 ], [ 71.997392435184324, 23.491041915259313 ], [ 71.999690328781341, 23.503656130339241 ], [ 72.006074210640165, 23.502275013352115 ], [ 72.025934871657981, 23.507619155882416 ], [ 72.0324376192616, 23.508210113632053 ], [ 72.034555731377225, 23.505274513823629 ] ] ], [ [ [ 72.214028994362323, 22.005421001003931 ], [ 72.214028994002405, 22.004860001033798 ], [ 72.21375299407724, 22.004862000531435 ], [ 72.213752993968455, 22.004584000717948 ], [ 72.213469994417423, 22.004584000398513 ], [ 72.213469993913705, 22.004304001009892 ], [ 72.212913994473865, 22.004304000213708 ], [ 72.212913994114331, 22.004028000852454 ], [ 72.212637993785194, 22.00403000096799 ], [ 72.212637994123469, 22.003750000683379 ], [ 72.212355993692199, 22.003750000873818 ], [ 72.212355993645872, 22.003470000575746 ], [ 72.212637994402783, 22.00347200091559 ], [ 72.21263799403026, 22.002916000520649 ], [ 72.213196993809859, 22.002930000388783 ], [ 72.213196994031264, 22.00264000066608 ], [ 72.213736994304668, 22.00264000051321 ], [ 72.213736994289491, 22.002930000185085 ], [ 72.214301993676713, 22.002916000962717 ], [ 72.214301993961527, 22.003194000504308 ], [ 72.214584994406323, 22.003194000387744 ], [ 72.214584994508314, 22.002916000897059 ], [ 72.214857993923758, 22.0029160006833 ], [ 72.214857994399424, 22.003194000173984 ], [ 72.215416994020927, 22.003194000373313 ], [ 72.215416993653747, 22.003472000718308 ], [ 72.215689994128041, 22.003470000359965 ], [ 72.215698994376311, 22.003750000761755 ], [ 72.215972993888158, 22.003750000241308 ], [ 72.215972994018202, 22.003470000349957 ], [ 72.216247994314685, 22.003472000749809 ], [ 72.216247994079609, 22.002640000507416 ], [ 72.215972994530802, 22.002640000536154 ], [ 72.215972993851622, 22.002082000595593 ], [ 72.21514099355764, 22.002082000507883 ], [ 72.215140994487911, 22.001806000825159 ], [ 72.214577994054935, 22.001811000629342 ], [ 72.214577994215929, 22.001530000605801 ], [ 72.214301994428894, 22.001530000269675 ], [ 72.21430199414408, 22.001252000948941 ], [ 72.213469993633012, 22.001252000595898 ], [ 72.213469994074075, 22.00153000093739 ], [ 72.213196994472668, 22.001530000328785 ], [ 72.213196994314799, 22.001811000504812 ], [ 72.212913993811114, 22.001806000350733 ], [ 72.212913994116121, 22.002082000338522 ], [ 72.212364994065226, 22.00208200046681 ], [ 72.212364994130724, 22.002362000579421 ], [ 72.211805994455219, 22.002360000405201 ], [ 72.211805994315014, 22.002640000605826 ], [ 72.211516994150898, 22.002640000219024 ], [ 72.211516994109047, 22.002930001064247 ], [ 72.210693994322881, 22.002916000852863 ], [ 72.21069399387261, 22.003194000750323 ], [ 72.210417994188987, 22.003192000395892 ], [ 72.210417993998831, 22.003750000882334 ], [ 72.210677993758566, 22.003750000987523 ], [ 72.210677994225705, 22.004030000607329 ], [ 72.210976994159182, 22.004028000821187 ], [ 72.210976994392041, 22.004304000385908 ], [ 72.211525994144452, 22.00430400019723 ], [ 72.211525994393057, 22.00458400070837 ], [ 72.211805993797853, 22.004584001051732 ], [ 72.211805993783855, 22.004862000149526 ], [ 72.212081993956772, 22.004860000532325 ], [ 72.212081994404755, 22.005140001066692 ], [ 72.212355994240312, 22.005140000519678 ], [ 72.21235599430949, 22.005421000362166 ], [ 72.214028994362323, 22.005421001003931 ] ] ] ] } },
{ "type": "Feature", "properties": { "DISTRICT": "Gandhinagar" }, "geometry": { "type": "Polygon", "coordinates": [ [ [ 72.663738424372326, 23.554751856051183 ], [ 72.669590537856891, 23.553799377958924 ], [ 72.674275160835634, 23.557724771317545 ], [ 72.680011675434784, 23.558822214948318 ], [ 72.685112882835341, 23.555366102992522 ], [ 72.686106682495065, 23.53773326759968 ], [ 72.688746295697499, 23.530458585978881 ], [ 72.692910535335884, 23.527779747777863 ], [ 72.699275141415796, 23.52561721762892 ], [ 72.704611818385217, 23.525872334122283 ], [ 72.708360943047097, 23.53057431205902 ], [ 72.712762310091989, 23.531606797224008 ], [ 72.718613022124529, 23.530652442305279 ], [ 72.729516589354603, 23.527060413384696 ], [ 72.7341475576481, 23.523991558550939 ], [ 72.741616135453668, 23.52599148962539 ], [ 72.750919299707903, 23.535067940732162 ], [ 72.76005348334796, 23.539201809715845 ], [ 72.769416713069333, 23.539234348673645 ], [ 72.77760534082617, 23.536332640740547 ], [ 72.780353848558264, 23.527005980283008 ], [ 72.779635533943335, 23.515870722217027 ], [ 72.779909236322553, 23.510949763470531 ], [ 72.787959157605556, 23.510507982064684 ], [ 72.801733349889304, 23.502232271880253 ], [ 72.801733282388838, 23.502232263164974 ], [ 72.799114210420782, 23.49514456200723 ], [ 72.811958251025274, 23.482619272509591 ], [ 72.815367656993899, 23.478413657657413 ], [ 72.817599495602707, 23.470777710752277 ], [ 72.818218325593037, 23.461170894115156 ], [ 72.815430974979535, 23.453058972613313 ], [ 72.806884304018993, 23.436291399528287 ], [ 72.799135700252648, 23.427518641394411 ], [ 72.796239674140082, 23.422932777092708 ], [ 72.798132165192982, 23.414437369757891 ], [ 72.803001436343393, 23.409376622226855 ], [ 72.803689551533381, 23.405026808476975 ], [ 72.801990696733313, 23.402597597688295 ], [ 72.795594803072362, 23.402848921826124 ], [ 72.783906026253277, 23.408585146362167 ], [ 72.779595230196961, 23.411719184623912 ], [ 72.773448680168755, 23.412373265804263 ], [ 72.767984567233469, 23.408036284632654 ], [ 72.761544464600917, 23.405801309928954 ], [ 72.741485461026926, 23.402146255821705 ], [ 72.731951393896566, 23.397987646592508 ], [ 72.727771783719817, 23.39505662077018 ], [ 72.726116096246542, 23.39192776383949 ], [ 72.726262798375856, 23.386095415395054 ], [ 72.730897851058927, 23.386415515171837 ], [ 72.738058020854695, 23.389774254985621 ], [ 72.742347629840765, 23.390736901256876 ], [ 72.748047734384599, 23.388490677783455 ], [ 72.752170260049212, 23.381837619873036 ], [ 72.751582424139897, 23.376078719633806 ], [ 72.749399133983573, 23.372330293124502 ], [ 72.751532366936999, 23.369902792744991 ], [ 72.764616102163004, 23.364014061569513 ], [ 72.763358499647026, 23.358391753081204 ], [ 72.763262728266241, 23.35284765626097 ], [ 72.769459278777319, 23.352143423424263 ], [ 72.798378363468075, 23.352407888928781 ], [ 72.807163354900069, 23.351441732823542 ], [ 72.807861337509522, 23.339459752185451 ], [ 72.805257748710133, 23.332732401173516 ], [ 72.798974486293886, 23.327903683722994 ], [ 72.798448944660677, 23.324052139075899 ], [ 72.800496012159641, 23.322652727028654 ], [ 72.800931255659535, 23.319752569663518 ], [ 72.803044799112484, 23.317150645514918 ], [ 72.807630271936034, 23.316023106819241 ], [ 72.811454646435763, 23.316198900911385 ], [ 72.81351589552834, 23.318557536906575 ], [ 72.827249149962697, 23.326037009069797 ], [ 72.83246176297223, 23.327208909382765 ], [ 72.838313245757575, 23.32557747552595 ], [ 72.853814205985259, 23.315334475506965 ], [ 72.861338355323355, 23.312498982375271 ], [ 72.882813031928862, 23.311654401940036 ], [ 72.886793171456489, 23.317421020964904 ], [ 72.89171398463148, 23.320096326109862 ], [ 72.907176002786699, 23.321452767020844 ], [ 72.912431551523014, 23.318914878159905 ], [ 72.913235288537265, 23.312825197272431 ], [ 72.913005017391313, 23.303999615694995 ], [ 72.912420365571435, 23.296914120382194 ], [ 72.911369730682708, 23.295219394469957 ], [ 72.884497890038134, 23.291906376855241 ], [ 72.884140579446495, 23.290591881307282 ], [ 72.887314906051714, 23.285346000944536 ], [ 72.893006508531627, 23.281247898928868 ], [ 72.899429017273476, 23.280118080822401 ], [ 72.912821060931037, 23.286907708956463 ], [ 72.919766700220904, 23.286573582505742 ], [ 72.92117971678114, 23.281796141540468 ], [ 72.920729325735252, 23.264078761101999 ], [ 72.923321799875907, 23.259720343871283 ], [ 72.927820606394505, 23.255079250756452 ], [ 72.931786549310871, 23.24646467391679 ], [ 72.934935200433671, 23.242141116975198 ], [ 72.941703472426312, 23.2388703895117 ], [ 72.945294756053769, 23.24077245368753 ], [ 72.949511880441008, 23.249355921739543 ], [ 72.958632669678323, 23.243411060871704 ], [ 72.962061624581381, 23.24739827076964 ], [ 72.96154192483489, 23.257463601623297 ], [ 72.968809755725431, 23.256074962191864 ], [ 72.971403282323266, 23.262282347153207 ], [ 72.978189136750814, 23.261089988771126 ], [ 72.97278338438754, 23.279684820326079 ], [ 72.98028635377905, 23.280941120031574 ], [ 72.986935488097814, 23.280726296665417 ], [ 72.990278326604709, 23.282641170936628 ], [ 72.99595458902273, 23.289093581225789 ], [ 72.999977266997902, 23.296649978208666 ], [ 73.012135385380716, 23.283377542304709 ], [ 73.018354498217704, 23.278669842945863 ], [ 73.014523683573273, 23.277705969276678 ], [ 73.003187965768888, 23.264994483171471 ], [ 73.00003373780595, 23.262362455557906 ], [ 72.996858781695252, 23.258171175401511 ], [ 72.992305757568531, 23.250528030050017 ], [ 72.989194296530144, 23.242252587911526 ], [ 72.988844269746807, 23.230418434306721 ], [ 72.98247508515567, 23.2145775549767 ], [ 72.98265705546865, 23.205331086615445 ], [ 72.985130856552502, 23.201030869048338 ], [ 72.982493269555022, 23.19199800842928 ], [ 72.978866382212516, 23.183099289832231 ], [ 72.978142799619917, 23.178856901381167 ], [ 72.985966399524898, 23.175999611925732 ], [ 72.98666988762244, 23.173494144153725 ], [ 72.979314196126737, 23.17119357820566 ], [ 72.973352187256978, 23.166771784191067 ], [ 72.973255135459993, 23.16284409409683 ], [ 72.984400519455519, 23.159997288109256 ], [ 73.000196454269201, 23.159899076975023 ], [ 73.00615973320582, 23.160269941155203 ], [ 73.015229838320991, 23.160723153738939 ], [ 73.0141951536921, 23.156916207514882 ], [ 73.01692831059917, 23.148116564012742 ], [ 73.019726003655336, 23.145172272880664 ], [ 73.026841014369367, 23.143294726303189 ], [ 73.030987227532435, 23.136571895746197 ], [ 73.026093812637427, 23.130813466421877 ], [ 73.020592826652731, 23.128864898613184 ], [ 73.006743022941265, 23.13405400866473 ], [ 73.000245254645421, 23.135255944044914 ], [ 72.987216069712034, 23.131337057034123 ], [ 72.981135110883514, 23.128643411867138 ], [ 72.97716011320847, 23.123229927116189 ], [ 72.976044584122789, 23.116742788457614 ], [ 72.977146594861267, 23.110357979767404 ], [ 72.970441893166907, 23.105899400256877 ], [ 72.966887290956919, 23.090830759728345 ], [ 72.962690746024151, 23.088949452269489 ], [ 72.960256902795521, 23.084929856251996 ], [ 72.962593917498609, 23.074234232007676 ], [ 72.956237853319664, 23.073691176828913 ], [ 72.934004841797659, 23.075892047331507 ], [ 72.928210163354478, 23.077169519822984 ], [ 72.922189350886853, 23.069400419103594 ], [ 72.915192213607114, 23.066907997655367 ], [ 72.913406434547355, 23.065342655494824 ], [ 72.913781326818423, 23.060832956010302 ], [ 72.915677471743564, 23.054367947395384 ], [ 72.908146686327527, 23.034972609756462 ], [ 72.897269629510646, 23.020996541769421 ], [ 72.891657876002427, 23.017541873392656 ], [ 72.883170438360139, 23.015722710606411 ], [ 72.879518918209257, 23.012089557298708 ], [ 72.872762081008176, 23.007504042944415 ], [ 72.866571667776626, 23.008045951091862 ], [ 72.85869641482212, 23.010885048777006 ], [ 72.85345762156787, 23.011962084861857 ], [ 72.849658409220922, 23.012260655044113 ], [ 72.846788857739185, 23.011367354663339 ], [ 72.848386101623248, 23.006675502593563 ], [ 72.851102306283892, 23.002465015368998 ], [ 72.851071331699771, 23.001078198500693 ], [ 72.850735637904094, 22.99961712105031 ], [ 72.840840797810415, 22.993033889672077 ], [ 72.832879246613217, 23.001070180804476 ], [ 72.829192116237948, 23.003727002415147 ], [ 72.824419405824528, 23.00881979628242 ], [ 72.822773852620742, 23.012338187181506 ], [ 72.824005739971042, 23.013979897701592 ], [ 72.828038821816023, 23.016447652598991 ], [ 72.82348503902891, 23.019365485742437 ], [ 72.812463986180447, 23.022132174785582 ], [ 72.810795233118952, 23.026693567199196 ], [ 72.814541304639476, 23.034366894789944 ], [ 72.810401802742135, 23.037207197694897 ], [ 72.802791969031304, 23.039062549222937 ], [ 72.797889247624767, 23.042680088979004 ], [ 72.797133031946302, 23.053384085838402 ], [ 72.79270213865739, 23.056521298224517 ], [ 72.782373730028453, 23.058046410596539 ], [ 72.767100770432464, 23.058927714706183 ], [ 72.766004824849531, 23.062423333877479 ], [ 72.779122189099041, 23.075761892283051 ], [ 72.779572985726404, 23.081112909471805 ], [ 72.776550839606529, 23.085600541695317 ], [ 72.764600297431713, 23.09317942779618 ], [ 72.756973118448869, 23.093123115989631 ], [ 72.749455968892249, 23.091225303490109 ], [ 72.744475731818113, 23.092815934644776 ], [ 72.74298841814641, 23.095760248542874 ], [ 72.742988353565323, 23.09576031645766 ], [ 72.742988310832857, 23.095760278461373 ], [ 72.740940049707348, 23.096918928773857 ], [ 72.735205034804636, 23.098185129053721 ], [ 72.724393435788642, 23.096732693582634 ], [ 72.7204580844963, 23.095403409991889 ], [ 72.717463913663806, 23.097519274362053 ], [ 72.714789428569077, 23.101582210814044 ], [ 72.712948372186474, 23.106425033532709 ], [ 72.707961572262263, 23.109581789520075 ], [ 72.701639543336739, 23.109831991027349 ], [ 72.690892220758258, 23.100516996946194 ], [ 72.686428210236812, 23.099728540899825 ], [ 72.682754350971649, 23.10324037017816 ], [ 72.675977881047842, 23.104661772889163 ], [ 72.672500541093854, 23.100554647693993 ], [ 72.671057336081844, 23.094936345961283 ], [ 72.662251614410096, 23.094737888839138 ], [ 72.651965557334421, 23.097411359554819 ], [ 72.645797990094067, 23.095462789011318 ], [ 72.640576701587804, 23.092206571081054 ], [ 72.632999180128337, 23.09047514836876 ], [ 72.622661907055786, 23.09008725643147 ], [ 72.609591339117756, 23.091052923932757 ], [ 72.604706080475793, 23.088655469193021 ], [ 72.599806887057937, 23.089092737461581 ], [ 72.598106809225953, 23.09480110756024 ], [ 72.593191733135654, 23.096565277685031 ], [ 72.590584644567755, 23.097445783914349 ], [ 72.573491041071406, 23.107535384896572 ], [ 72.567895700092421, 23.107753257053975 ], [ 72.56396423469414, 23.109428586117414 ], [ 72.568034254540919, 23.126634195198037 ], [ 72.565372771270262, 23.132774885952433 ], [ 72.558268665479503, 23.135120425582738 ], [ 72.551715180753277, 23.134502469991556 ], [ 72.545211076514676, 23.131456788182017 ], [ 72.541750274596296, 23.132774249979679 ], [ 72.542138081966428, 23.1448897281009 ], [ 72.547334177649958, 23.162517793124252 ], [ 72.540078837656765, 23.164290343369998 ], [ 72.535995024272935, 23.163889616265003 ], [ 72.536987109902043, 23.158893982368685 ], [ 72.535818669454713, 23.153965353052001 ], [ 72.532579749452509, 23.149490751356918 ], [ 72.528933150167433, 23.147345300292681 ], [ 72.526655425287842, 23.14724040775587 ], [ 72.522249674939502, 23.149502396477626 ], [ 72.516329557265266, 23.154292678321159 ], [ 72.51038853185571, 23.156665577311752 ], [ 72.506366751399767, 23.154586444719726 ], [ 72.504652891679299, 23.149494613551539 ], [ 72.503873152434778, 23.143335270234896 ], [ 72.496847153104881, 23.143081352134757 ], [ 72.488038858916681, 23.144378271886989 ], [ 72.485634815159543, 23.134111006269467 ], [ 72.500450514016265, 23.106719920842266 ], [ 72.498694961091232, 23.099034667046979 ], [ 72.483160831209958, 23.096308471200409 ], [ 72.47942609585597, 23.089945332869416 ], [ 72.477850936860406, 23.085547013485257 ], [ 72.473244100314147, 23.083892182315346 ], [ 72.462450634832066, 23.083039700181217 ], [ 72.458964700484429, 23.081871011737288 ], [ 72.4609797747855, 23.078056185468707 ], [ 72.467139679447527, 23.074999947690621 ], [ 72.472891725026514, 23.070846630676279 ], [ 72.472585407561155, 23.063988916817689 ], [ 72.467884889524015, 23.059788561774621 ], [ 72.459754995031204, 23.059270525699148 ], [ 72.45345925350847, 23.06038081829837 ], [ 72.448975480201184, 23.058943322890833 ], [ 72.446187059124256, 23.044471826399832 ], [ 72.437353122696592, 23.043223653813428 ], [ 72.431909414320316, 23.044128651044254 ], [ 72.429975392477886, 23.048343663357702 ], [ 72.43234641992909, 23.05624725459769 ], [ 72.42761951213086, 23.065040317904192 ], [ 72.415285959085878, 23.064006274650446 ], [ 72.409782617497711, 23.066814247210829 ], [ 72.405805815674569, 23.067155260531734 ], [ 72.402087277470088, 23.062812770066806 ], [ 72.401988546596527, 23.058312119548244 ], [ 72.399050318617014, 23.05516355139105 ], [ 72.388422370016571, 23.052119080912767 ], [ 72.382230080723431, 23.06112341293985 ], [ 72.381008230613304, 23.066464097170769 ], [ 72.38242288642715, 23.077168036313516 ], [ 72.379507284183504, 23.080021535980471 ], [ 72.374388625241579, 23.082872922191175 ], [ 72.371603537484873, 23.087745581455117 ], [ 72.36896273402931, 23.089432205764602 ], [ 72.362596729576239, 23.08689715184363 ], [ 72.355638485323411, 23.086686081250587 ], [ 72.35125712593269, 23.089529954642707 ], [ 72.34335733632048, 23.101174644983839 ], [ 72.339085449690245, 23.105619206843507 ], [ 72.336069919763517, 23.107265570760603 ], [ 72.336069896283519, 23.107265698679281 ], [ 72.337723567935029, 23.116057166867133 ], [ 72.339436257363403, 23.120798362555043 ], [ 72.343144044105998, 23.12502200380148 ], [ 72.35484262798434, 23.121637591492007 ], [ 72.357626489990437, 23.118676433261552 ], [ 72.359994818023836, 23.114340990929403 ], [ 72.363777968083141, 23.111635092211728 ], [ 72.368310005305929, 23.104058136948193 ], [ 72.366935091009267, 23.096475363718408 ], [ 72.370628042885869, 23.096487717147451 ], [ 72.3737191592176, 23.100562035338552 ], [ 72.374325814412231, 23.103949345960348 ], [ 72.383059589514374, 23.110807662174945 ], [ 72.390610737881076, 23.120983982696469 ], [ 72.39436852659702, 23.122670462679924 ], [ 72.400627736620521, 23.123999848235645 ], [ 72.402006916449139, 23.128174870187038 ], [ 72.404736685846061, 23.13052443640008 ], [ 72.411989766097236, 23.130549569165058 ], [ 72.418237680563223, 23.131524910962682 ], [ 72.420880453065209, 23.136703308601454 ], [ 72.426811622416807, 23.142485660407186 ], [ 72.427979408420299, 23.151168662964423 ], [ 72.418855593214005, 23.150622311971194 ], [ 72.40984471257741, 23.148659989730341 ], [ 72.40192900385658, 23.146935676885501 ], [ 72.394967251954824, 23.148351768551493 ], [ 72.390777987978325, 23.151815189944656 ], [ 72.387386871209856, 23.156761624203867 ], [ 72.385177862461134, 23.161956228908181 ], [ 72.385352656830833, 23.168770983310338 ], [ 72.389862070601566, 23.174472129750168 ], [ 72.399012845840147, 23.182526068748242 ], [ 72.406777996915181, 23.18634875388339 ], [ 72.413884127834521, 23.18719401576594 ], [ 72.414221458659327, 23.195098096396936 ], [ 72.417430985835011, 23.203836859323403 ], [ 72.423432481153796, 23.204649664429475 ], [ 72.430585250336691, 23.199995422827822 ], [ 72.435006103465781, 23.196118244986703 ], [ 72.439903718204903, 23.193730843472128 ], [ 72.445227251419553, 23.19629137544991 ], [ 72.440010960223731, 23.205450517811684 ], [ 72.429873422155325, 23.233279572199791 ], [ 72.425187444905916, 23.241726999419416 ], [ 72.428963885315468, 23.245776520391153 ], [ 72.440722808565127, 23.244114901490001 ], [ 72.444897307964638, 23.247118609448009 ], [ 72.44669841828798, 23.252667357432326 ], [ 72.442726840086081, 23.255315440152735 ], [ 72.434759342853781, 23.257972508642737 ], [ 72.423540365748821, 23.257710162291747 ], [ 72.422252647928161, 23.259596545654073 ], [ 72.414764896541442, 23.281055254337328 ], [ 72.415276218572885, 23.285083193750342 ], [ 72.4216132865389, 23.293735331604299 ], [ 72.42522771561265, 23.301659421035154 ], [ 72.431245831616195, 23.304494498255281 ], [ 72.439091916772981, 23.305132957182252 ], [ 72.446127524160147, 23.300259818948827 ], [ 72.452247535843199, 23.297605049937992 ], [ 72.460573390890673, 23.297712870170187 ], [ 72.466555343952777, 23.29967322324941 ], [ 72.473536596230161, 23.300285596466797 ], [ 72.469661119330581, 23.303801476483898 ], [ 72.458820993551967, 23.309075379807105 ], [ 72.462097148345578, 23.311125678150002 ], [ 72.468296486332875, 23.31193015965091 ], [ 72.472906003459414, 23.311738209304675 ], [ 72.477344697324199, 23.310225967526769 ], [ 72.479712634219695, 23.315984364029401 ], [ 72.479774345448249, 23.321131021915392 ], [ 72.478697010413256, 23.327109084438078 ], [ 72.471822665378241, 23.339885794045554 ], [ 72.47567272235905, 23.342434452490213 ], [ 72.479638132924265, 23.342904429614933 ], [ 72.487375808838422, 23.338808646918199 ], [ 72.504491096831842, 23.343282342586051 ], [ 72.517616739952743, 23.348328272987342 ], [ 72.521138280610373, 23.35048603201291 ], [ 72.521937753851574, 23.355426742842948 ], [ 72.521281795204089, 23.362659068450697 ], [ 72.508252198628426, 23.371990713802052 ], [ 72.505261064674741, 23.376521566649849 ], [ 72.504845423499503, 23.385199793121377 ], [ 72.510815325314269, 23.391782474909515 ], [ 72.514741386386376, 23.394437500107397 ], [ 72.521689646873128, 23.400876368340835 ], [ 72.523819964290169, 23.408439019580097 ], [ 72.524484684715077, 23.420026679308808 ], [ 72.536360274184716, 23.424363801064281 ], [ 72.541892102918339, 23.430670074822753 ], [ 72.540746556489012, 23.43295182948296 ], [ 72.537294910013827, 23.448190521012915 ], [ 72.535849857610344, 23.459202268887026 ], [ 72.574719729153088, 23.45793125272483 ], [ 72.581597029071744, 23.462377660290645 ], [ 72.587304902676507, 23.471701180759201 ], [ 72.586017851973452, 23.478628846427373 ], [ 72.587585344866127, 23.482405679260257 ], [ 72.590416432982238, 23.487477408448694 ], [ 72.590907781380011, 23.494491444046197 ], [ 72.591539598904447, 23.506857729189559 ], [ 72.591750257789911, 23.518792383056219 ], [ 72.598210047788228, 23.522806417211225 ], [ 72.603709971137107, 23.520194689740951 ], [ 72.608905085548585, 23.515100909621353 ], [ 72.616416361958386, 23.508474292839345 ], [ 72.624466680608805, 23.508041125885672 ], [ 72.628773480641669, 23.51071625571446 ], [ 72.628729159620804, 23.519348928055372 ], [ 72.630659426559433, 23.556037267825761 ], [ 72.636046448104764, 23.563287226038202 ], [ 72.643024425312703, 23.566090641351739 ], [ 72.652343120010016, 23.566950472149578 ], [ 72.658687121070841, 23.565199692414126 ], [ 72.663061765364006, 23.558831110167677 ], [ 72.663738424372326, 23.554751856051183 ] ] ] } }
]
}
