{"type": "FeatureCollection", "crs": {"type": "name", "properties": {"name": "urn:ogc:def:crs:OGC:1.3:CRS84"}}, "features": [{"type": "Feature", "properties": {"amenity": "school", "check_date": "2026-03-10", "name": "Symbiosis Nursery School", "osm_id": "node/761948537"}, "geometry": {"type": "Point", "coordinates": [73.8377434, 18.533081]}}, {"type": "Feature", "properties": {"amenity": "school", "name": "Lokseva CBSE School", "osm_id": "node/1011184893"}, "geometry": {"type": "Point", "coordinates": [73.7838017, 18.5463629]}}, {"type": "Feature", "properties": {"addr:city": "Pune", "addr:district": "Pune", "addr:postcode": "411038", "addr:street": "Lane 4", "amenity": "school", "contact:email": "newindiaschoolpune@gmail.com", "contact:mobile": "+91 930 734 8552", "grades": "1-12", "image": "https://newindiaschool.org/images/school1.jpg", "name": "New India School", "name:en": "New India School", "name:hi": "न्यू इंडिया स्कूल", "name:mr": "न्यू इंडिया स्कूल", "phone": "+91 20 252 802 90;+91 20 252 802 91", "preschool": "yes", "website": "https://newindiaschool.org", "osm_id": "node/1109210916"}, "geometry": {"type": "Point", "coordinates": [73.7949421, 18.5114263]}}, {"type": "Feature", "properties": {"addr:city": "Pune", "addr:country": "IN", "addr:postcode": "411001", "addr:state": "Maharashtra", "addr:street": "Phayre Road", "amenity": "school", "check_date": "2026-03-12", "internet_access": "wired", "name": "Hutchings High School", "osm_id": "node/1214698509"}, "geometry": {"type": "Point", "coordinates": [73.881898, 18.500656]}}, {"type": "Feature", "properties": {"addr:city": "Pune", "addr:country": "IN", "addr:postcode": "411009", "addr:state": "Maharashtra", "addr:street": "Prince Of Wales Drive", "amenity": "school", "internet_access": "wired", "name": "Kendriya Vidyalaya", "osm_id": "node/1223063934"}, "geometry": {"type": "Point", "coordinates": [73.8816048, 18.4869487]}}, {"type": "Feature", "properties": {"amenity": "school", "name": "Wisdom World School", "osm_id": "node/1229054871"}, "geometry": {"type": "Point", "coordinates": [73.7804493, 18.5982042]}}, {"type": "Feature", "properties": {"amenity": "school", "check_date": "2026-03-12", "name": "Saint Mary's High School", "osm_id": "node/1232185660"}, "geometry": {"type": "Point", "coordinates": [73.8839949, 18.5092631]}}, {"type": "Feature", "properties": {"amenity": "school", "name": "Podar International School", "osm_id": "node/1716496732"}, "geometry": {"type": "Point", "coordinates": [73.7865421, 18.6247358]}}, {"type": "Feature", "properties": {"addr:postcode": "411005", "addr:street": "Shivaji Nagar", "amenity": "school", "check_date": "2026-03-12", "name": "College of Agriculture", "osm_id": "node/1884439681"}, "geometry": {"type": "Point", "coordinates": [73.8446658, 18.5319801]}}, {"type": "Feature", "properties": {"addr:street": "Undri-Mohammadwadi Road", "alt_name": "Bishops School Undri", "amenity": "school", "name": "The Bishop's Co-Education School", "phone": "02026970722", "website": "http://thebishopsschool.org", "osm_id": "node/1998624604"}, "geometry": {"type": "Point", "coordinates": [73.9150286, 18.4581575]}}, {"type": "Feature", "properties": {"addr:city": "Pune", "addr:country": "IN", "addr:postcode": "411048", "addr:state": "Maharashtra", "addr:street": "NIBM Road", "amenity": "school", "internet_access": "wired", "name": "RIMS International School and Junior College", "osm_id": "node/2006307223"}, "geometry": {"type": "Point", "coordinates": [73.9021993, 18.4772712]}}, {"type": "Feature", "properties": {"addr:housename": "Savli Bungalow, Meghana Society", "addr:housenumber": "Plot No 74, Sahakarnagar 2", "addr:postcode": "411009", "addr:street": "Dhomkar Path", "amenity": "school", "designation": "Arts School", "name": "Forever Music Pvt. Ltd / Forever Arts Academy", "osm_id": "node/2027727165"}, "geometry": {"type": "Point", "coordinates": [73.8433439, 18.48977]}}, {"type": "Feature", "properties": {"amenity": "school", "name": "Symbiosis Open School", "osm_id": "node/3376012873"}, "geometry": {"type": "Point", "coordinates": [73.8308867, 18.5158542]}}, {"type": "Feature", "properties": {"amenity": "school", "name": "Bharti Vidyapeeth English Medium School", "osm_id": "node/3523422825"}, "geometry": {"type": "Point", "coordinates": [73.7752351, 18.57326]}}, {"type": "Feature", "properties": {"amenity": "school", "check_date": "2026-03-15", "contact:phone": "08805652958", "name": "Red Rose Nursery", "osm_id": "node/3600490397"}, "geometry": {"type": "Point", "coordinates": [73.8264445, 18.4468305]}}, {"type": "Feature", "properties": {"amenity": "school", "education": "school", "name": "Ratanben Chunilal Mehta (RCM) Gujarati High School", "osm_id": "node/3681735096"}, "geometry": {"type": "Point", "coordinates": [73.8605502, 18.5194727]}}, {"type": "Feature", "properties": {"amenity": "school", "name": "Anglo Urdu Boys High School", "osm_id": "node/3991591625"}, "geometry": {"type": "Point", "coordinates": [73.874985, 18.5050361]}}, {"type": "Feature", "properties": {"amenity": "school", "osm_id": "node/4165722691"}, "geometry": {"type": "Point", "coordinates": [73.8356695, 18.5708723]}}, {"type": "Feature", "properties": {"amenity": "school", "name": "Abhinava Vidyalaya", "wikidata": "Q4667437", "wikipedia": "en:Abhinava Vidyalaya, Pune", "osm_id": "node/4452524320"}, "geometry": {"type": "Point", "coordinates": [73.8255276, 18.5036978]}}, {"type": "Feature", "properties": {"amenity": "school", "name": "Government Aided School", "osm_id": "node/4452529697"}, "geometry": {"type": "Point", "coordinates": [73.8241285, 18.5035861]}}, {"type": "Feature", "properties": {"amenity": "school", "name:en": "Class CCNA", "osm_id": "node/4520210890"}, "geometry": {"type": "Point", "coordinates": [73.834955, 18.51022]}}, {"type": "Feature", "properties": {"amenity": "school", "name": "Lalit Kala Kendra", "name:en": "Centre for Performing arts Pune Univ", "wikimedia_commons": "File:Building_in_Potdar_Sankul,_SPPU.jpg", "osm_id": "node/4524259589"}, "geometry": {"type": "Point", "coordinates": [73.8258551, 18.5525375]}}, {"type": "Feature", "properties": {"amenity": "school", "name:en": "Range hills secondary school", "operator": "government", "osm_id": "node/4546778694"}, "geometry": {"type": "Point", "coordinates": [73.8431558, 18.5519658]}}, {"type": "Feature", "properties": {"amenity": "school", "name": "Tree House", "osm_id": "node/4611287873"}, "geometry": {"type": "Point", "coordinates": [73.8151877, 18.4825852]}}, {"type": "Feature", "properties": {"amenity": "school", "name": "KV DIAT", "osm_id": "node/4634643989"}, "geometry": {"type": "Point", "coordinates": [73.7679471, 18.4278199]}}, {"type": "Feature", "properties": {"amenity": "school", "name:en": "Tiny Tots play school", "osm_id": "node/4674947989"}, "geometry": {"type": "Point", "coordinates": [73.7652369, 18.4243102]}}, {"type": "Feature", "properties": {"addr:city": "Pune", "addr:postcode": "411027", "addr:street": "Sangam Nagar", "amenity": "school", "check_date": "2026-03-11", "name": "National School", "osm_id": "node/5005629800"}, "geometry": {"type": "Point", "coordinates": [73.8264975, 18.5702104]}}, {"type": "Feature", "properties": {"addr:street": "Harikrushna Mandir Path", "amenity": "school", "check_date": "2026-03-10", "name:en": "RIMYI Iyengar Yoga Institute", "name:pl": "Szkoła Jogi Pamięci BKS Iyengara", "osm_id": "node/5257379221"}, "geometry": {"type": "Point", "coordinates": [73.8386677, 18.5337068]}}, {"type": "Feature", "properties": {"amenity": "school", "name:en": "Shriyog", "osm_id": "node/5556051146"}, "geometry": {"type": "Point", "coordinates": [73.8961109, 18.4852377]}}, {"type": "Feature", "properties": {"addr:street": "Bypass", "amenity": "school", "name:en": "RMD Sinhgad College", "osm_id": "node/5730289522"}, "geometry": {"type": "Point", "coordinates": [73.7925018, 18.4887544]}}, {"type": "Feature", "properties": {"amenity": "school", "name": "Shri Mhatoba Tukaram Balwadkar Vidyalay", "name:mr": "श्री म्हातोबा तुकाराम बालवडकर विद्यालय", "osm_id": "node/6113753544"}, "geometry": {"type": "Point", "coordinates": [73.7744004, 18.5726957]}}, {"type": "Feature", "properties": {"amenity": "school", "name:en": "Grammangal", "osm_id": "node/6457239788"}, "geometry": {"type": "Point", "coordinates": [73.8040865, 18.4953054]}}, {"type": "Feature", "properties": {"amenity": "school", "name:en": "Jidnyasa", "osm_id": "node/6457253485"}, "geometry": {"type": "Point", "coordinates": [73.806306, 18.5187166]}}, {"type": "Feature", "properties": {"amenity": "school", "name:en": "GK Gurukul", "osm_id": "node/6464924685"}, "geometry": {"type": "Point", "coordinates": [73.8018922, 18.5957995]}}, {"type": "Feature", "properties": {"addr:postcode": "411021", "amenity": "school", "email": "swadhaschool@gmail.com", "name:en": "Swadhaa Waldrof Learning Centre", "phone": "02025871992", "osm_id": "node/6466034886"}, "geometry": {"type": "Point", "coordinates": [73.7931307, 18.5413577]}}, {"type": "Feature", "properties": {"addr:postcode": "411027", "addr:street": "Pimple Nilakh", "amenity": "school", "name:en": "Pearl Drops English Medium School", "osm_id": "node/6904343509"}, "geometry": {"type": "Point", "coordinates": [73.7947319, 18.5709366]}}, {"type": "Feature", "properties": {"addr:housenumber": "6/16", "addr:postcode": "411046", "addr:street": "Behind Indian Oil Petrol Pump, Ambegaon Bk ,Dehu-Katraj,Bypass Tal.Haveli", "amenity": "school", "email": "communications.oisa@orchids.edu.in", "name:en": "Orchids The International School, Ambegaon", "opening_hours": "Mo-Su 09:00-18:30", "operator": "Orchids International School", "phone": "9513923100", "website": "https://www.orchidsinternationalschool.com/pune-branches/ambegaon/", "osm_id": "node/7930289885"}, "geometry": {"type": "Point", "coordinates": [73.8295105, 18.4582883]}}, {"type": "Feature", "properties": {"addr:postcode": "411060", "addr:street": "Apex Hills, Katraj-Hadapsar Bypass Rd, near Bishop’s School, Atur Nagar, Undri", "amenity": "school", "email": "communications.oisu@orchids.edu.in", "name:en": "Orchids The International School, Undri", "opening_hours": "Mo-Su 09:00-18:30", "operator": "Orchids International School", "phone": "9513731352", "website": "https://www.orchidsinternationalschool.com/pune-branches/undri/", "osm_id": "node/7930366385"}, "geometry": {"type": "Point", "coordinates": [73.9117788, 18.4524549]}}, {"type": "Feature", "properties": {"addr:postcode": "411033", "addr:street": "Survey No. 9/1, Aundh-Ravet BRTS Rd, Ram Nagar, beside HP Petrol Pump, Tathawade", "amenity": "school", "email": "communications.oistwd@orchids.edu.in", "name:en": "Orchids The International School Tathawade", "opening_hours": "Mo-Su 09:00-18:30", "operator": "Orchids International School", "phone": "9513731352", "website": "https://www.orchidsinternationalschool.com/pune-branches/tathawade/", "osm_id": "node/7930693985"}, "geometry": {"type": "Point", "coordinates": [73.7583735, 18.6244101]}}, {"type": "Feature", "properties": {"amenity": "school", "name": "Crimson Anisha Global School", "osm_id": "node/8585616660"}, "geometry": {"type": "Point", "coordinates": [73.7134284, 18.6216094]}}, {"type": "Feature", "properties": {"addr:city": "Pune", "addr:postcode": "411027", "amenity": "school", "grades": "1-10", "name": "Laxmibai Nandagude School", "religion": "none", "osm_id": "node/8904195379"}, "geometry": {"type": "Point", "coordinates": [73.7818519, 18.5841133]}}, {"type": "Feature", "properties": {"amenity": "school", "name": "Venutai Yashwant Rao Chavan Primary School", "osm_id": "node/9801305163"}, "geometry": {"type": "Point", "coordinates": [73.783761, 18.5399986]}}, {"type": "Feature", "properties": {"amenity": "school", "denomination": "roman_catholic", "grades": "Preschool", "name": "St. Edmund Campion Preschool", "operator": "Jesuits", "operator:type": "religious", "religion": "christian", "osm_id": "node/9965869775"}, "geometry": {"type": "Point", "coordinates": [73.8192931, 18.5359982]}}, {"type": "Feature", "properties": {"amenity": "school", "name": "Challenger Public School", "osm_id": "node/10146679042"}, "geometry": {"type": "Point", "coordinates": [73.7475098, 18.6020137]}}, {"type": "Feature", "properties": {"addr:city": "Pune", "addr:street": "Warje Road", "amenity": "school", "grades": "1-10", "name": "Singhgad Spring Dale School", "operator": "Singhgad Institute", "operator:type": "private", "osm_id": "node/10150949587"}, "geometry": {"type": "Point", "coordinates": [73.791607, 18.4883339]}}, {"type": "Feature", "properties": {"amenity": "school", "check_date": "2026-03-12", "name": "Agrasen High School", "osm_id": "node/10172584882"}, "geometry": {"type": "Point", "coordinates": [73.8815832, 18.5557821]}}, {"type": "Feature", "properties": {"amenity": "school", "osm_id": "node/10172966009"}, "geometry": {"type": "Point", "coordinates": [73.8304653, 18.5419931]}}, {"type": "Feature", "properties": {"addr:housenumber": "256", "addr:street": "Wagholi", "amenity": "school", "name": "Public School", "osm_id": "node/10219140972"}, "geometry": {"type": "Point", "coordinates": [73.9938661, 18.5755889]}}, {"type": "Feature", "properties": {"amenity": "school", "check_date": "2023-07-02", "name": "Thergaav High School", "name:mr": "थेरगाव मध्यामिक विद्यालय", "operator:type": "government", "osm_id": "node/10235306345"}, "geometry": {"type": "Point", "coordinates": [73.7791565, 18.6146536]}}, {"type": "Feature", "properties": {"amenity": "school", "name": "Pratapgad", "operator": "Society of Saint Pius X", "operator:short": "FSSPX", "operator:type": "community", "operator:wikidata": "Q868160", "osm_id": "node/10266930674"}, "geometry": {"type": "Point", "coordinates": [73.8284261, 18.6491019]}}, {"type": "Feature", "properties": {"amenity": "school", "check_date": "2023-01-04", "name": "Robotics paathshala", "name:en": "Robotics paathshala", "name:mr": "रोबॉटिक्स पाठशाळा", "operator:type": "private", "phone": "+91 96201 82085", "osm_id": "node/10303754868"}, "geometry": {"type": "Point", "coordinates": [73.7639204, 18.5983092]}}, {"type": "Feature", "properties": {"amenity": "school", "name": "Tree House School", "osm_id": "node/10542730621"}, "geometry": {"type": "Point", "coordinates": [73.8908691, 18.4670403]}}, {"type": "Feature", "properties": {"amenity": "school", "name": "Mansukhbhai Kothari National School", "osm_id": "node/10560813631"}, "geometry": {"type": "Point", "coordinates": [73.8931703, 18.4621623]}}, {"type": "Feature", "properties": {"amenity": "school", "name": "Olive National School", "osm_id": "node/10564072337"}, "geometry": {"type": "Point", "coordinates": [73.8898538, 18.4687112]}}, {"type": "Feature", "properties": {"amenity": "school", "name": "Nirmala Convent School", "osm_id": "node/10564938412"}, "geometry": {"type": "Point", "coordinates": [73.9449579, 18.5535641]}}, {"type": "Feature", "properties": {"amenity": "school", "name": "Oakridge School", "osm_id": "node/10567804468"}, "geometry": {"type": "Point", "coordinates": [73.890195, 18.4645726]}}, {"type": "Feature", "properties": {"amenity": "school", "name": "EuraKids Preschool in hinjewadi ,pune", "osm_id": "node/10573116536"}, "geometry": {"type": "Point", "coordinates": [73.7413166, 18.5942907]}}, {"type": "Feature", "properties": {"amenity": "school", "name": "Shanti juniors Preschool", "osm_id": "node/10573197323"}, "geometry": {"type": "Point", "coordinates": [73.7489715, 18.6043176]}}, {"type": "Feature", "properties": {"amenity": "school", "name": "indira school pre primary", "osm_id": "node/10573200434"}, "geometry": {"type": "Point", "coordinates": [73.7500571, 18.6098115]}}, {"type": "Feature", "properties": {"amenity": "school", "name": "Hems International school", "osm_id": "node/10573202801"}, "geometry": {"type": "Point", "coordinates": [73.7595829, 18.6080076]}}, {"type": "Feature", "properties": {"amenity": "school", "name": "induschamps school CBSE", "osm_id": "node/10574610467"}, "geometry": {"type": "Point", "coordinates": [73.7491912, 18.6030233]}}, {"type": "Feature", "properties": {"amenity": "school", "name": "SNBP international school wakad", "name:mr": "एसएनबीपी शाळा वाकड", "osm_id": "node/10574624797"}, "geometry": {"type": "Point", "coordinates": [73.7547927, 18.6019015]}}, {"type": "Feature", "properties": {"amenity": "school", "name": "Annasaheb Patil School", "osm_id": "node/10574633157"}, "geometry": {"type": "Point", "coordinates": [73.8028899, 18.5064329]}}, {"type": "Feature", "properties": {"amenity": "school", "name": "Sahyadri Internationsal School", "osm_id": "node/10574645036"}, "geometry": {"type": "Point", "coordinates": [73.8030994, 18.5065954]}}, {"type": "Feature", "properties": {"amenity": "school", "name": "Vasundhara Secondary School", "osm_id": "node/10574649086"}, "geometry": {"type": "Point", "coordinates": [73.798735, 18.5065799]}}, {"type": "Feature", "properties": {"amenity": "school", "name": "Snskruti international school Wakad", "name:mr": "संस्कृती शाळा वाकड", "osm_id": "node/10574649559"}, "geometry": {"type": "Point", "coordinates": [73.7584802, 18.6046114]}}, {"type": "Feature", "properties": {"amenity": "school", "name": "Mindseed preschool & daycare", "osm_id": "node/10574652151"}, "geometry": {"type": "Point", "coordinates": [73.7614513, 18.6067776]}}, {"type": "Feature", "properties": {"amenity": "school", "name": "Kiddonia preschool wakad", "osm_id": "node/10574657133"}, "geometry": {"type": "Point", "coordinates": [73.7640471, 18.6042226]}}, {"type": "Feature", "properties": {"amenity": "school", "name": "Athrava Ved School", "osm_id": "node/10574663122"}, "geometry": {"type": "Point", "coordinates": [73.8094384, 18.4985278]}}, {"type": "Feature", "properties": {"amenity": "school", "name": "EuroKids Pre-School Choudhary Park", "osm_id": "node/10574673482"}, "geometry": {"type": "Point", "coordinates": [73.761746, 18.6067888]}}, {"type": "Feature", "properties": {"amenity": "school", "name": "Early nest best preschool in wakad", "osm_id": "node/10574692637"}, "geometry": {"type": "Point", "coordinates": [73.7639791, 18.5973477]}}, {"type": "Feature", "properties": {"amenity": "school", "check_date": "2026-03-12", "name": "Noble English School", "osm_id": "node/10596055593"}, "geometry": {"type": "Point", "coordinates": [73.8623128, 18.5059952]}}, {"type": "Feature", "properties": {"addr:city": "Bibwewadi", "addr:postcode": "411037", "addr:street": "Swami Vivekanand Marg", "amenity": "school", "name": "VidyaNiketan English Medium School", "osm_id": "node/10683612075"}, "geometry": {"type": "Point", "coordinates": [73.8669025, 18.4713173]}}, {"type": "Feature", "properties": {"amenity": "school", "check_date": "2023-02-23", "name": "Late Anantrao Pawar memorial school", "name:en": "Late Anantrao Pawar memorial school", "name:mr": "स्व. अनंतराव पवार स्मारक शाळा", "operator": "PMC, thermax foundation and Akanksha foundation", "operator:type": "government_local;ngo", "polling_station": "yes", "source": "survey", "osm_id": "node/10686667668"}, "geometry": {"type": "Point", "coordinates": [73.833515, 18.5691131]}}, {"type": "Feature", "properties": {"amenity": "school", "name": "vaishnavi pre primary", "osm_id": "node/10692744930"}, "geometry": {"type": "Point", "coordinates": [73.9267201, 18.5915288]}}, {"type": "Feature", "properties": {"amenity": "school", "check_date": "2026-03-11", "name": "Royce international School", "osm_id": "node/10692758953"}, "geometry": {"type": "Point", "coordinates": [73.8843897, 18.5736399]}}, {"type": "Feature", "properties": {"amenity": "school", "name": "Kidzee karve nagar", "osm_id": "node/10692763680"}, "geometry": {"type": "Point", "coordinates": [73.8196892, 18.4873064]}}, {"type": "Feature", "properties": {"amenity": "school", "name": "st. ANTHONY SCHOOL", "osm_id": "node/10692766417"}, "geometry": {"type": "Point", "coordinates": [73.8959348, 18.5777685]}}, {"type": "Feature", "properties": {"amenity": "school", "name": "RIMS international school", "osm_id": "node/10692767075"}, "geometry": {"type": "Point", "coordinates": [73.8963823, 18.5813808]}}, {"type": "Feature", "properties": {"amenity": "school", "name": "air force school viman nagar", "osm_id": "node/10692769362"}, "geometry": {"type": "Point", "coordinates": [73.9167695, 18.5733551]}}, {"type": "Feature", "properties": {"amenity": "school", "name": "masoom play school", "osm_id": "node/10692770226"}, "geometry": {"type": "Point", "coordinates": [73.9219416, 18.5928737]}}, {"type": "Feature", "properties": {"amenity": "school", "check_date": "2026-03-12", "name": "Mahatma Gandhi school ,pune", "osm_id": "node/10692770473"}, "geometry": {"type": "Point", "coordinates": [73.9021006, 18.5709819]}}, {"type": "Feature", "properties": {"amenity": "school", "name": "school", "osm_id": "node/10692782228"}, "geometry": {"type": "Point", "coordinates": [73.9269425, 18.5899936]}}, {"type": "Feature", "properties": {"amenity": "school", "name": "dnyanda nutan balvikas", "osm_id": "node/10692792823"}, "geometry": {"type": "Point", "coordinates": [73.8202498, 18.4897544]}}, {"type": "Feature", "properties": {"amenity": "school", "name": "bharatratna dr.APJ abdul kalam e-learning school", "osm_id": "node/10692810140"}, "geometry": {"type": "Point", "coordinates": [73.8212115, 18.4848591]}}, {"type": "Feature", "properties": {"amenity": "school", "name": "blue bird nursey school", "osm_id": "node/10692810141"}, "geometry": {"type": "Point", "coordinates": [73.8207628, 18.4889072]}}, {"type": "Feature", "properties": {"amenity": "school", "name": "tree house play group", "osm_id": "node/10692820321"}, "geometry": {"type": "Point", "coordinates": [73.8203595, 18.4897341]}}, {"type": "Feature", "properties": {"amenity": "school", "name": "SHARF", "osm_id": "node/10724748486"}, "geometry": {"type": "Point", "coordinates": [73.8348415, 18.515719]}}, {"type": "Feature", "properties": {"amenity": "school", "name": "Naad insitute", "osm_id": "node/10724823959"}, "geometry": {"type": "Point", "coordinates": [73.8347069, 18.514241]}}, {"type": "Feature", "properties": {"amenity": "school", "name": "little miracles", "osm_id": "node/10724823960"}, "geometry": {"type": "Point", "coordinates": [73.8334982, 18.5155519]}}, {"type": "Feature", "properties": {"amenity": "school", "name": "leapbridge early childhood", "osm_id": "node/10724871527"}, "geometry": {"type": "Point", "coordinates": [73.8358628, 18.5153736]}}, {"type": "Feature", "properties": {"amenity": "school", "name": "symbiosis sports center and primary and secondary school", "osm_id": "node/10724871528"}, "geometry": {"type": "Point", "coordinates": [73.831166, 18.5156144]}}, {"type": "Feature", "properties": {"amenity": "school", "name": "vidya mahamandal", "osm_id": "node/10724889771"}, "geometry": {"type": "Point", "coordinates": [73.8424496, 18.5179414]}}, {"type": "Feature", "properties": {"amenity": "school", "name": "kedar bhagwat music academy", "osm_id": "node/10724927032"}, "geometry": {"type": "Point", "coordinates": [73.8304092, 18.5186751]}}, {"type": "Feature", "properties": {"amenity": "school", "name": "Aandra association primary school", "osm_id": "node/10724927253"}, "geometry": {"type": "Point", "coordinates": [73.8453597, 18.5192589]}}, {"type": "Feature", "properties": {"amenity": "school", "name": "maharastra vidya mandal", "osm_id": "node/10724934783"}, "geometry": {"type": "Point", "coordinates": [73.8302381, 18.5174108]}}, {"type": "Feature", "properties": {"amenity": "school", "name": "MP international school and junior college", "osm_id": "node/10724940584"}, "geometry": {"type": "Point", "coordinates": [73.8331905, 18.5221251]}}, {"type": "Feature", "properties": {"amenity": "school", "name": "ayan businness school", "osm_id": "node/10724941696"}, "geometry": {"type": "Point", "coordinates": [73.8419446, 18.5180488]}}, {"type": "Feature", "properties": {"amenity": "school", "name": "indira kids", "osm_id": "node/10724942627"}, "geometry": {"type": "Point", "coordinates": [73.8098708, 18.559776]}}, {"type": "Feature", "properties": {"amenity": "school", "name": "fairyland children's center", "osm_id": "node/10724942844"}, "geometry": {"type": "Point", "coordinates": [73.8415697, 18.5158727]}}, {"type": "Feature", "properties": {"amenity": "school", "name": "prasanna autism centre", "osm_id": "node/10724949171"}, "geometry": {"type": "Point", "coordinates": [73.8403523, 18.5184345]}}, {"type": "Feature", "properties": {"amenity": "school", "name": "SSCD{symbiosis schools central dictorate}", "osm_id": "node/10724949840"}, "geometry": {"type": "Point", "coordinates": [73.8310991, 18.5158493]}}, {"type": "Feature", "properties": {"amenity": "school", "name": "bhisma school of indic studies", "osm_id": "node/10724950765"}, "geometry": {"type": "Point", "coordinates": [73.8449626, 18.5178349]}}, {"type": "Feature", "properties": {"amenity": "school", "name": "MES Sou vimlabai garware high school", "osm_id": "node/10724950766"}, "geometry": {"type": "Point", "coordinates": [73.8405257, 18.5138313]}}, {"type": "Feature", "properties": {"amenity": "school", "check_date": "2025-08-17", "name": "chandrakant Darode school", "name:mr": "चंद्रकांत दरोडे शाळा", "osm_id": "node/10724952066"}, "geometry": {"type": "Point", "coordinates": [73.8331969, 18.5223094]}}, {"type": "Feature", "properties": {"amenity": "school", "name": "rajal enterprices", "osm_id": "node/10724952253"}, "geometry": {"type": "Point", "coordinates": [73.8387649, 18.514342]}}, {"type": "Feature", "properties": {"amenity": "school", "check_date": "2026-03-10", "name": "Khanderao Junawane Government School", "osm_id": "node/10724952845"}, "geometry": {"type": "Point", "coordinates": [73.8163909, 18.5547281]}}, {"type": "Feature", "properties": {"amenity": "school", "check_date": "2026-03-10", "name": "KLAY preschool and Daycare", "osm_id": "node/10724957170"}, "geometry": {"type": "Point", "coordinates": [73.8104024, 18.5553388]}}, {"type": "Feature", "properties": {"amenity": "school", "name": "swatarang sangeet vidyalaya", "osm_id": "node/10724964228"}, "geometry": {"type": "Point", "coordinates": [73.8369915, 18.514334]}}, {"type": "Feature", "properties": {"amenity": "school", "name": "school of culture and language", "osm_id": "node/10724970333"}, "geometry": {"type": "Point", "coordinates": [73.834548, 18.5146756]}}, {"type": "Feature", "properties": {"amenity": "school", "name": "City international school Aundh", "osm_id": "node/10724970491"}, "geometry": {"type": "Point", "coordinates": [73.8129463, 18.5644293]}}, {"type": "Feature", "properties": {"amenity": "school", "name": "E-learning school pmc", "osm_id": "node/10724973517"}, "geometry": {"type": "Point", "coordinates": [73.8313088, 18.5164573]}}, {"type": "Feature", "properties": {"amenity": "school", "check_date": "2026-03-10", "name": "kiddis nook", "osm_id": "node/10724984551"}, "geometry": {"type": "Point", "coordinates": [73.8032954, 18.5589754]}}, {"type": "Feature", "properties": {"amenity": "school", "name": "spark nursery school", "osm_id": "node/10724985104"}, "geometry": {"type": "Point", "coordinates": [73.8044716, 18.56123]}}, {"type": "Feature", "properties": {"amenity": "school", "name": "Indira Gandhi school no 87B", "osm_id": "node/10724990195"}, "geometry": {"type": "Point", "coordinates": [73.8110242, 18.5621889]}}, {"type": "Feature", "properties": {"addr:city": "Pune", "addr:district": "Pune", "addr:postcode": "411007", "addr:street": "Ramchandra Gayakwad Path", "amenity": "school", "branch": "Aundh", "brand": "Mindseed Preschool and Daycare", "contact:facebook": "https://www.facebook.com/mindseedpreschool/", "contact:instagram": "https://www.instagram.com/mindseedpreschool/", "contact:linkedin": "https://www.linkedin.com/company/mindseedpreschool/", "contact:youtube": "https://www.youtube.com/c/MindseedPreschool/", "email": "aundh@mindseed.in", "grades": "PK;JK;K", "isced:level": "0", "mobile": "+91 705 714 8459", "name": "Mindseed Preschool and Daycare", "name:en": "Mindseed Preschool and Daycare", "name:mr": "माईंडसीड बालवाडी व पाळणाघर", "nursery": "yes", "opening_hours": "Mo-Fr 08:00-20:00; Sa 08:00-15:00", "preschool": "yes", "website": "https://www.mindseed.in/", "osm_id": "node/10724992745"}, "geometry": {"type": "Point", "coordinates": [73.8053423, 18.5606137]}}, {"type": "Feature", "properties": {"amenity": "school", "name": "T.I.M.E kids aundh", "osm_id": "node/10724993217"}, "geometry": {"type": "Point", "coordinates": [73.8013265, 18.5598009]}}, {"type": "Feature", "properties": {"amenity": "school", "check_date": "2026-03-10", "name": "indus early learning centre aundh", "osm_id": "node/10724999994"}, "geometry": {"type": "Point", "coordinates": [73.8028902, 18.5576567]}}, {"type": "Feature", "properties": {"amenity": "school", "check_date": "2026-03-10", "name": "Vivero international pre school and childcare", "osm_id": "node/10725000985"}, "geometry": {"type": "Point", "coordinates": [73.8041721, 18.5578687]}}, {"type": "Feature", "properties": {"addr:city": "Pune", "addr:district": "Pune", "addr:postcode": "411007", "amenity": "school", "branch": "Aundh", "brand": "Kidzee", "contact:facebook": "https://www.facebook.com/KidzeeIndia", "contact:instagram": "https://www.instagram.com/kidzeeindia/", "email": "care@kidzee.com", "grades": "PK;JK;K", "isced:level": "0", "mobile": "+91 805 575 5922", "name": "Kidzee", "name:en": "Kidzee", "name:hi": "किडझी", "name:mr": "किडझी", "nursery": "yes", "opening_hours": "Mo-Fr 10:00-18:00", "operator": "Zee Learn Ltd.", "operator:type": "private", "preschool": "yes", "website": "https://www.kidzee.com/", "osm_id": "node/10725002408"}, "geometry": {"type": "Point", "coordinates": [73.8051165, 18.5607294]}}, {"type": "Feature", "properties": {"amenity": "school", "name": "little millenium preschool aundh", "osm_id": "node/10725021533"}, "geometry": {"type": "Point", "coordinates": [73.8015411, 18.5614802]}}, {"type": "Feature", "properties": {"addr:city": "Pune", "addr:postcode": "411024", "addr:street": "Kolhewadi Road", "amenity": "school", "grades": "1-7", "name": "Craze English Medium School", "osm_id": "node/10765391648"}, "geometry": {"type": "Point", "coordinates": [73.7859013, 18.4428063]}}, {"type": "Feature", "properties": {"amenity": "school", "grades": "1-10", "name": "Shri Bhairavnath Secondary and Higher Secondary School", "osm_id": "node/10807028855"}, "geometry": {"type": "Point", "coordinates": [73.8482182, 18.6315671]}}, {"type": "Feature", "properties": {"addr:city": "Pimpri Chinchwad", "addr:postcode": "411039", "addr:street": "Bhosari - Alandi Road", "amenity": "school", "name": "SPG International School", "osm_id": "node/10807286708"}, "geometry": {"type": "Point", "coordinates": [73.8628498, 18.6259149]}}, {"type": "Feature", "properties": {"amenity": "school", "name": "Infant Jesus School", "operator": "Ministry of School Education", "operator:type": "government", "operator:wikidata": "Q107473321", "school": "secondary", "osm_id": "node/11507953891"}, "geometry": {"type": "Point", "coordinates": [73.7708442, 18.6031043]}}, {"type": "Feature", "properties": {"amenity": "school", "operator": "Ministry of School Education", "operator:type": "government", "operator:wikidata": "Q107473321", "osm_id": "node/11508114799"}, "geometry": {"type": "Point", "coordinates": [73.7551577, 18.6469052]}}, {"type": "Feature", "properties": {"addr:city": "Pune", "addr:district": "Pune", "addr:postcode": "411012", "addr:street": "ST Road, Dapodi", "amenity": "school", "check_date": "2026-03-11", "name": "Hutatma Bhagatsing VidyaMandir", "operator": "Pimpri Chinchwad Muncipal Corporation", "operator:type": "government", "osm_id": "node/11508379407"}, "geometry": {"type": "Point", "coordinates": [73.8309057, 18.5792359]}}, {"type": "Feature", "properties": {"amenity": "school", "name": "Old Orbis School", "osm_id": "node/11687981989"}, "geometry": {"type": "Point", "coordinates": [73.9501083, 18.5325473]}}, {"type": "Feature", "properties": {"amenity": "school", "name": "Sahyadri international school and junior college", "osm_id": "node/11703326044"}, "geometry": {"type": "Point", "coordinates": [73.7946627, 18.537721]}}, {"type": "Feature", "properties": {"addr:city": "pimpri", "addr:district": "pune", "addr:street": "Old Pune–Mumbai Highway", "amenity": "school", "description": "old school by Decan Education Society.\nbasketball court.", "grades": "1-10", "name": "Hindustan Antibiotics School", "osm_id": "node/12049076645"}, "geometry": {"type": "Point", "coordinates": [73.8115033, 18.625316]}}, {"type": "Feature", "properties": {"amenity": "school", "check_date": "2024-07-31", "osm_id": "node/12085061433"}, "geometry": {"type": "Point", "coordinates": [73.7088998, 18.5765948]}}, {"type": "Feature", "properties": {"addr:city": "Pune", "addr:district": "Pune", "addr:postcode": "411030", "addr:street": "Kishore Bhadbhade Path", "amenity": "school", "check_date": "2026-03-12", "osm_id": "node/12176164667"}, "geometry": {"type": "Point", "coordinates": [73.8531214, 18.5173559]}}, {"type": "Feature", "properties": {"amenity": "school", "name": "Delhi Public School", "osm_id": "node/12176173301"}, "geometry": {"type": "Point", "coordinates": [73.9237197, 18.4655072]}}, {"type": "Feature", "properties": {"addr:city": "Pune", "addr:district": "Pune", "addr:housenumber": "Kalyani nagar", "addr:postcode": "411006", "addr:street": "Central Avenue", "amenity": "school", "check_date": "2026-03-09", "name": "Lexicon International school Kalyani Nagar", "osm_id": "node/12533862708"}, "geometry": {"type": "Point", "coordinates": [73.9011169, 18.5463534]}}, {"type": "Feature", "properties": {"amenity": "school", "description": "Dhruv Global School, Undri", "name": "Dhruv Global School", "osm_id": "node/13189105124"}, "geometry": {"type": "Point", "coordinates": [73.9233562, 18.4542839]}}, {"type": "Feature", "properties": {"amenity": "school", "education": "school", "name": "Rasiklal M. Dhariwal International School Ground", "osm_id": "node/13296572429"}, "geometry": {"type": "Point", "coordinates": [73.7762807, 18.6327229]}}, {"type": "Feature", "properties": {"addr:city": "pune", "addr:district": "Haveli", "amenity": "school", "education": "school", "name": "Swami Samarth", "osm_id": "node/13380437570"}, "geometry": {"type": "Point", "coordinates": [73.84073, 18.632075]}}, {"type": "Feature", "properties": {"addr:city": "Pune", "addr:district": "Haveli", "addr:postcode": "411047", "addr:street": "Lohgaon - Shinde Vadgaon Road", "amenity": "school", "education": "school", "name": "ma na pa school", "osm_id": "node/13380633652"}, "geometry": {"type": "Point", "coordinates": [73.9248726, 18.5963998]}}, {"type": "Feature", "properties": {"addr:city": "Pune", "amenity": "school", "education": "school", "name": "sant tukaram school graund", "osm_id": "node/13380637311"}, "geometry": {"type": "Point", "coordinates": [73.9286096, 18.6021769]}}, {"type": "Feature", "properties": {"addr:city": "Pune", "addr:district": "pune", "addr:postcode": "411030", "amenity": "school", "check_date": "2026-03-12", "education": "school", "name": "ahilyadevi high school", "osm_id": "node/13390674189"}, "geometry": {"type": "Point", "coordinates": [73.85139, 18.5184408]}}, {"type": "Feature", "properties": {"amenity": "school", "check_date": "2026-03-08", "education": "school", "name": "School Ground", "osm_id": "node/13627095124"}, "geometry": {"type": "Point", "coordinates": [73.9184664, 18.5916309]}}, {"type": "Feature", "properties": {"amenity": "school", "check_date": "2026-03-09", "education": "school", "name": "Euro School Ground", "operator:type": "private", "osm_id": "node/13629200613"}, "geometry": {"type": "Point", "coordinates": [73.9575632, 18.5076949]}}, {"type": "Feature", "properties": {"amenity": "school", "check_date": "2026-03-11", "education": "school", "name": "MM School", "operator:type": "private", "osm_id": "node/13638581260"}, "geometry": {"type": "Point", "coordinates": [73.7839822, 18.6140132]}}, {"type": "Feature", "properties": {"amenity": "school", "check_date": "2026-03-13", "education": "school", "name": "Gurumaya School", "osm_id": "node/13644823995"}, "geometry": {"type": "Point", "coordinates": [73.7747957, 18.6348426]}}, {"type": "Feature", "properties": {"addr:postcode": "411014", "addr:street": "Airport New Road", "amenity": "school", "check_date": "2026-05-01", "education": "school", "level": "6", "name": "Symbiosis International School", "website": "https://www.symbiosisinternationalschool.net/", "osm_id": "node/13783935801"}, "geometry": {"type": "Point", "coordinates": [73.9076312, 18.570567]}}, {"type": "Feature", "properties": {"addr:postcode": "411001", "alt_name": "APS", "amenity": "school", "check_date": "2026-03-10", "name": "Army Public School", "wikidata": "Q4794223", "wikimedia_commons": "Category:Army Public School, Pune", "wikipedia": "en:Army Public School (Pune)", "osm_id": "way/52755317"}, "geometry": {"type": "Polygon", "coordinates": [[[73.8923785, 18.5153911], [73.892068, 18.5156859], [73.8914028, 18.5157673], [73.8914994, 18.5164591], [73.89092, 18.5165608], [73.8911024, 18.5179851], [73.8912441, 18.5193919], [73.8919126, 18.5198936], [73.8937243, 18.5164962], [73.8929064, 18.5158471], [73.8926407, 18.5156227], [73.8923785, 18.5153911]]]}}, {"type": "Feature", "properties": {"amenity": "school", "brand": "Kendriya Vidyalaya", "brand:wikidata": "Q1156653", "check_date": "2026-03-10", "name": "Kendriya Vidyalaya", "operator:type": "government_non_profit", "osm_id": "way/52768576"}, "geometry": {"type": "Polygon", "coordinates": [[[73.885223, 18.5181682], [73.8852016, 18.5184124], [73.8853947, 18.5188396], [73.8854398, 18.5189113], [73.8857732, 18.5186839], [73.886135, 18.5188803], [73.8870684, 18.5190838], [73.887463, 18.5184726], [73.8865105, 18.5171203], [73.8864298, 18.5171385], [73.8858346, 18.5172729], [73.8854698, 18.5177002], [73.8850835, 18.5178121], [73.8850621, 18.5179647], [73.885223, 18.5181682]]]}}, {"type": "Feature", "properties": {"amenity": "school", "brand": "Kendriya Vidyalaya", "brand:wikidata": "Q1156653", "name": "Kendriya Vidyalaya College of Military Engineering", "operator:type": "government_non_profit", "osm_id": "way/53348758"}, "geometry": {"type": "Polygon", "coordinates": [[[73.8352626, 18.5889947], [73.834699, 18.58816], [73.8342834, 18.5875071], [73.8337916, 18.5868723], [73.8355099, 18.5858944], [73.8362855, 18.5871186], [73.8368909, 18.5880743], [73.8352626, 18.5889947]]]}}, {"type": "Feature", "properties": {"amenity": "school", "check_date": "2026-03-12", "name": "Army Public School Junior Wing", "osm_id": "way/53369945"}, "geometry": {"type": "Polygon", "coordinates": [[[73.8888326, 18.5085014], [73.8885598, 18.5085031], [73.8880233, 18.5084421], [73.8878946, 18.5083607], [73.8878088, 18.5072619], [73.8887535, 18.5072259], [73.8888326, 18.5085014]]]}}, {"type": "Feature", "properties": {"amenity": "school", "check_date": "2026-03-12", "name": "Saint Vincent's School", "name:etymology:wikidata": "Q244413", "wikidata": "Q7592060", "wikimedia_commons": "Category:St. Vincent's High School", "wikipedia": "en:St. Vincent's High School", "osm_id": "way/53370636"}, "geometry": {"type": "Polygon", "coordinates": [[[73.8730339, 18.5134682], [73.8732786, 18.5134758], [73.8739528, 18.5134966], [73.8739867, 18.5134609], [73.8740112, 18.5134349], [73.8745329, 18.5128842], [73.8749109, 18.5134048], [73.8758665, 18.5128114], [73.8755403, 18.5122579], [73.8748985, 18.5121956], [73.8744722, 18.5121542], [73.8743432, 18.5121416], [73.8741869, 18.5121265], [73.8734625, 18.5120561], [73.8733688, 18.5121072], [73.8730339, 18.5134682]]]}}, {"type": "Feature", "properties": {"amenity": "school", "check_date": "2026-03-10", "name": "JN Petit Technical High School", "wikidata": "Q6106593", "wikipedia": "en:J. N. Petit Technical High School", "osm_id": "way/53455333"}, "geometry": {"type": "Polygon", "coordinates": [[[73.8853416, 18.538216], [73.8851188, 18.5376967], [73.884407, 18.5369087], [73.884166, 18.5369456], [73.8830648, 18.5376067], [73.8829361, 18.5376677], [73.8839124, 18.5391426], [73.8848165, 18.5385772], [73.8852115, 18.5383302], [73.8853416, 18.538216]]]}}, {"type": "Feature", "properties": {"addr:district": "Pune", "addr:postcode": "411001", "addr:street": "St. Vincent's Street", "amenity": "school", "check_date": "2026-03-12", "education": "school", "name": "St. Vincent's High School", "osm_id": "way/53455430"}, "geometry": {"type": "Polygon", "coordinates": [[[73.8730339, 18.5134682], [73.8732786, 18.5134758], [73.8739528, 18.5134966], [73.8739867, 18.5134609], [73.8740112, 18.5134349], [73.8742009, 18.5133599], [73.8744419, 18.5137083], [73.8748904, 18.5134341], [73.8758665, 18.5128114], [73.8755403, 18.5122579], [73.8748985, 18.5121956], [73.8744722, 18.5121542], [73.8743432, 18.5121416], [73.8741869, 18.5121265], [73.8734625, 18.5120561], [73.873304, 18.5123103], [73.8730339, 18.5134682]]]}}, {"type": "Feature", "properties": {"amenity": "school", "name": "Saint Anne's High School", "osm_id": "way/53455444"}, "geometry": {"type": "Polygon", "coordinates": [[[73.8751386, 18.514256], [73.8747187, 18.5136068], [73.8762776, 18.5126471], [73.8763129, 18.512666], [73.8764087, 18.5134049], [73.8751386, 18.514256]]]}}, {"type": "Feature", "properties": {"addr:city": "Pune", "addr:country": "IN", "addr:housenumber": "1983", "addr:postcode": "411001", "addr:state": "Maharashtra", "addr:street": "Convent Street", "amenity": "school", "building": "yes", "check_date": "2026-03-10", "internet_access": "wired", "name": "SM Choksey High School", "phone": "+91 20 26340053", "osm_id": "way/65158127"}, "geometry": {"type": "Polygon", "coordinates": [[[73.8744965, 18.5147931], [73.8749127, 18.5153607], [73.8751241, 18.5152213], [73.8747079, 18.5146537], [73.8744965, 18.5147931]]]}}, {"type": "Feature", "properties": {"amenity": "school", "building": "yes", "check_date": "2026-03-12", "name": "Sadhu Vaswani Mission", "name:etymology:wikidata": "Q3634783", "osm_id": "way/67170414"}, "geometry": {"type": "Polygon", "coordinates": [[[73.8769849, 18.5238652], [73.8771995, 18.5244654], [73.8772746, 18.524496], [73.8775536, 18.5244044], [73.8775965, 18.5245468], [73.8772853, 18.5246384], [73.8770922, 18.5245773], [73.8768455, 18.5238957], [73.8769849, 18.5238652]]]}}, {"type": "Feature", "properties": {"amenity": "school", "check_date": "2026-03-12", "name": "Sardar Dastur High School", "name:mr": "सरदार दस्तूर हायस्कूल", "osm_id": "way/108227535"}, "geometry": {"type": "Polygon", "coordinates": [[[73.8791565, 18.520612], [73.8788829, 18.5200626], [73.8786737, 18.5201643], [73.8785267, 18.519797], [73.8784698, 18.5198185], [73.8784028, 18.5196615], [73.8769946, 18.5201084], [73.8774506, 18.5214357], [73.8791565, 18.520612]]]}}, {"type": "Feature", "properties": {"addr:postcode": "411052", "addr:street": "Karve Road , Karve Nagar , Pune", "alt_name": "Millennium School", "amenity": "school", "name": "Millennium National School", "source": "local_knowledge", "osm_id": "way/109748020"}, "geometry": {"type": "Polygon", "coordinates": [[[73.8089004, 18.4914422], [73.8090186, 18.4913663], [73.8112833, 18.4911763], [73.8115944, 18.4918222], [73.8103821, 18.4920969], [73.8088703, 18.4915263], [73.8089004, 18.4914422]]]}}, {"type": "Feature", "properties": {"addr:postcode": "411052", "addr:street": "Karve Nagar , Pune", "amenity": "school", "name": "Marathwada Mitramandal College of Engineering", "name:mr": "मराठवाडा मित्रमंडळ अभियांत्रिकी महाविद्यालय", "short_name": "MMCOE", "source": "local_knowledge", "osm_id": "way/109754327"}, "geometry": {"type": "Polygon", "coordinates": [[[73.8097678, 18.490858], [73.8093279, 18.4893877], [73.8085447, 18.4894335], [73.8090489, 18.4914023], [73.8100003, 18.4913209], [73.809918, 18.4910208], [73.8097731, 18.4910309], [73.8097678, 18.490858]]]}}, {"type": "Feature", "properties": {"amenity": "school", "check_date": "2026-03-09", "name": "Don Bosco High School", "wikidata": "Q5292273", "osm_id": "way/117380886"}, "geometry": {"type": "Polygon", "coordinates": [[[73.8930909, 18.5526404], [73.8936676, 18.5526207], [73.8937067, 18.5531105], [73.8944828, 18.5530716], [73.8946296, 18.5541995], [73.8931992, 18.5542671], [73.8930909, 18.5526404]]]}}, {"type": "Feature", "properties": {"amenity": "school", "name": "Dobarwadi Municipal School", "osm_id": "way/121808792"}, "geometry": {"type": "Polygon", "coordinates": [[[73.9024495, 18.5174622], [73.9027982, 18.517469], [73.9026923, 18.5178898], [73.9023616, 18.5178393], [73.9024495, 18.5174622]]]}}, {"type": "Feature", "properties": {"addr:postcode": "411060", "alt_name": "DPS", "amenity": "school", "name": "Delhi Public School", "wikidata": "Q5253798", "wikipedia": "en:Delhi Public School, Pune", "osm_id": "way/125487665"}, "geometry": {"type": "Polygon", "coordinates": [[[73.9225923, 18.4658661], [73.924427, 18.4662223], [73.9248024, 18.4658635], [73.9248199, 18.4658468], [73.9251512, 18.4655303], [73.9239215, 18.4652369], [73.9229008, 18.4649932], [73.9227157, 18.4651996], [73.9223778, 18.4654336], [73.9225172, 18.4655303], [73.9225655, 18.4656015], [73.9225923, 18.4657237], [73.9225923, 18.4658153], [73.9225923, 18.4658661]]]}}, {"type": "Feature", "properties": {"amenity": "school", "check_date": "2026-03-09", "name": "Bishop's School", "osm_id": "way/127046361"}, "geometry": {"type": "Polygon", "coordinates": [[[73.9049883, 18.5521405], [73.9058399, 18.552115], [73.9059274, 18.5531852], [73.9057932, 18.553186], [73.9057222, 18.5531876], [73.9055728, 18.5531911], [73.9054738, 18.5531934], [73.9052365, 18.5531989], [73.9052031, 18.5531997], [73.9051343, 18.5532013], [73.9050646, 18.5532288], [73.9049883, 18.5521405]]]}}, {"type": "Feature", "properties": {"amenity": "school", "name": "Dr. Kalmadi Shamarao High School", "osm_id": "way/132813468"}, "geometry": {"type": "Polygon", "coordinates": [[[73.8262369, 18.5029403], [73.8264086, 18.5025638], [73.8266124, 18.5021416], [73.8267156, 18.5019094], [73.8267547, 18.5018212], [73.8268188, 18.501677], [73.8272595, 18.5018552], [73.8271304, 18.5022652], [73.8270822, 18.5025472], [73.8267411, 18.5024977], [73.8266709, 18.5030293], [73.8262369, 18.5029403]]]}}, {"type": "Feature", "properties": {"addr:city": "Pune", "addr:district": "Pune", "addr:postcode": "411009", "addr:street": "Golwalkar Guruji Path", "amenity": "school", "building": "residential", "designation": "Primary and Secondary School", "grades": "1-6", "name": "Muktangan English School", "religion": "all_religion", "source": "Yahoo map;survey", "osm_id": "way/145694256"}, "geometry": {"type": "Polygon", "coordinates": [[[73.8517778, 18.4902722], [73.8521085, 18.4902849], [73.8521314, 18.4897483], [73.8518006, 18.4897357], [73.8517778, 18.4902722]]]}}, {"type": "Feature", "properties": {"addr:city": "Pimpri-Chinchwad", "addr:housenumber": "Survey No. 29 / 2, Off Rahatani- Pimple Saudagar Road Near Akashganga Society, Pune, Maharashtra 411017", "addr:postcode": "411017", "addr:street": "Shivraj Nagar - Kokane Chowk Road", "amenity": "school", "name": "SNBP international school", "website": "http://www.snbpinstitutes.com/", "osm_id": "way/164793354"}, "geometry": {"type": "Polygon", "coordinates": [[[73.7868137, 18.6011543], [73.7874521, 18.6012204], [73.7874575, 18.6006105], [73.7867279, 18.600641], [73.7868137, 18.6011543]]]}}, {"type": "Feature", "properties": {"amenity": "school", "name": "Shri Chakradhar Swami School", "osm_id": "way/178326748"}, "geometry": {"type": "Polygon", "coordinates": [[[73.8491857, 18.4473339], [73.849647, 18.4472474], [73.8497221, 18.4475731], [73.8492823, 18.4476799], [73.8491857, 18.4473339]]]}}, {"type": "Feature", "properties": {"addr:postcode": "411002", "addr:street": "Raviwar Peth, Pune", "alt_name": "School No. 10", "amenity": "school", "check_date": "2026-03-13", "designation": "Urdu Medium School", "name": "Moula Mohammed Ali Johar Urdu School", "name:etymology:wikidata": "Q3241714", "osm_id": "way/180530085"}, "geometry": {"type": "Polygon", "coordinates": [[[73.8611645, 18.5150573], [73.861186, 18.5146885], [73.8616194, 18.5146793], [73.8615454, 18.5148894], [73.8614354, 18.5150573], [73.8611645, 18.5150573]]]}}, {"type": "Feature", "properties": {"addr:city": "Pune", "addr:housename": "Symbosis International School", "addr:postcode": "411014", "addr:street": "Symbiosis Rd", "amenity": "school", "check_date": "2026-03-11", "name": "Symbosis International School", "website": "https://sis.ac.in", "osm_id": "way/187877571"}, "geometry": {"type": "Polygon", "coordinates": [[[73.9072657, 18.5664833], [73.9079309, 18.5664731], [73.9078826, 18.565217], [73.9072281, 18.5652323], [73.9072657, 18.5664833]]]}}, {"type": "Feature", "properties": {"amenity": "school", "name": "Bal Shikshan Mandir", "name:mr": "बाल शिक्षण मंदिर", "osm_id": "way/202062068"}, "geometry": {"type": "Polygon", "coordinates": [[[73.8391428, 18.5180034], [73.8395059, 18.5179563], [73.839544, 18.5182199], [73.8391809, 18.5182671], [73.8391428, 18.5180034]]]}}, {"type": "Feature", "properties": {"addr:city": "Pune", "addr:country": "IN", "addr:full": "510, Sadashiv Peth, Pune", "addr:housenumber": "510", "addr:postcode": "411030", "addr:street": "Sadashiv Peth", "addr:suburb": "Sadashiv Peth", "amenity": "school", "check_date": "2026-03-12", "name": "Jnana Prabodhini Prashala", "name:mr": "ज्ञान प्रबोधिनी", "phone": "+91-20-24207000", "website": "https://www.prashala.jnanaprabodhini.org/", "wikidata": "Q6203925", "wikimedia_commons": "Category:Jnana Prabodhini", "wikipedia": "en:Jnana Prabodhini", "osm_id": "way/207872395"}, "geometry": {"type": "Polygon", "coordinates": [[[73.8453183, 18.5120945], [73.845376, 18.5116116], [73.8455089, 18.5116259], [73.8455144, 18.5115794], [73.8457001, 18.5116038], [73.8456582, 18.5118489], [73.84564, 18.5119556], [73.8456019, 18.5119515], [73.8455941, 18.5120172], [73.8455814, 18.5121227], [73.8453183, 18.5120945]]]}}, {"type": "Feature", "properties": {"amenity": "school", "check_date": "2026-03-12", "name": "New English School , Tilak Road", "name:mr": "न्यू इंग्लिश स्कूल, टिळक रस्ता", "operator": "Deccan Education Society", "website": "https://www.despune.org/newenglishschool-pune", "osm_id": "way/207872400"}, "geometry": {"type": "Polygon", "coordinates": [[[73.8435149, 18.5111966], [73.8450741, 18.511392], [73.8454672, 18.5110294], [73.8455447, 18.510389], [73.8446055, 18.5101892], [73.8437532, 18.5100328], [73.8435529, 18.5105846], [73.8435513, 18.5106109], [73.8435322, 18.5109177], [73.8435149, 18.5111966]]]}}, {"type": "Feature", "properties": {"alt_name": "SP college", "alt_name:mr": "एस पी कॉलेज; एस पी महाविद्यालय", "amenity": "school", "check_date": "2022-12-21", "name": "Sir Parshurambhau College", "name:en": "Sir Parshurambhau College", "name:mr": "सर परशुरामभाऊ महाविद्यालय", "osm_id": "way/207872410"}, "geometry": {"type": "Polygon", "coordinates": [[[73.8473748, 18.5042576], [73.8476351, 18.5041393], [73.8491102, 18.5043655], [73.8490614, 18.5050598], [73.8494301, 18.5050881], [73.8493897, 18.506036], [73.8505554, 18.5062542], [73.8503973, 18.5076369], [73.8502346, 18.5078179], [73.8498728, 18.508076], [73.8497808, 18.507956], [73.8495929, 18.5080905], [73.8493206, 18.5080614], [73.849174, 18.5079009], [73.8479769, 18.5077732], [73.8478946, 18.5082853], [73.8466134, 18.5081549], [73.8466981, 18.5076702], [73.8468784, 18.5067825], [73.8469252, 18.5064256], [73.8469643, 18.5058214], [73.8471387, 18.5053414], [73.8472729, 18.5049851], [73.8473151, 18.504756], [73.8473074, 18.5044105], [73.8473748, 18.5042576]]]}}, {"type": "Feature", "properties": {"amenity": "school", "name": "Vimlabai Garware Prashala", "name:mr": "विमलाबाई गरवारे प्रशाला", "osm_id": "way/207872411"}, "geometry": {"type": "Polygon", "coordinates": [[[73.8401551, 18.5131201], [73.8406242, 18.5132898], [73.840814, 18.5133978], [73.8410797, 18.5136112], [73.8408683, 18.5136189], [73.8408845, 18.5138683], [73.8403612, 18.5139275], [73.8403341, 18.5136369], [73.8402202, 18.5136446], [73.8401551, 18.5131201]]]}}, {"type": "Feature", "properties": {"alt_name": "BMCC", "amenity": "school", "name": "Brihan Maharashtra College of Commerce", "name:mr": "बृहन्महाराष्ट्र वाणिज्य महाविद्यालय", "osm_id": "way/208180363"}, "geometry": {"type": "Polygon", "coordinates": [[[73.8360946, 18.5194482], [73.8355567, 18.5196521], [73.8346049, 18.5199837], [73.8346066, 18.5221284], [73.8346538, 18.5226518], [73.8355075, 18.5224685], [73.8358534, 18.5221325], [73.8360432, 18.5219459], [73.8361393, 18.5218685], [73.8360946, 18.5194482]]]}}, {"type": "Feature", "properties": {"amenity": "school", "check_date": "2026-03-12", "name": "New English School Ramanbag", "name:mr": "न्यू इंग्लिश स्कूल रमणबाग", "operator": "Deccan Education Society", "website": "https://www.despune.org/newenglishschool-ramanbaug", "osm_id": "way/208240055"}, "geometry": {"type": "Polygon", "coordinates": [[[73.8483904, 18.517696], [73.8491292, 18.5177002], [73.8491371, 18.517469], [73.8493804, 18.5174806], [73.8493814, 18.517681], [73.8498684, 18.517687], [73.8499056, 18.516798], [73.8484392, 18.5167641], [73.8483904, 18.517696]]]}}, {"type": "Feature", "properties": {"amenity": "school", "name": "Paranjape Nursery School", "osm_id": "way/208958214"}, "geometry": {"type": "Polygon", "coordinates": [[[73.8083992, 18.5018997], [73.8088865, 18.5018882], [73.808896, 18.5013842], [73.8083283, 18.5014922], [73.8083992, 18.5018997]]]}}, {"type": "Feature", "properties": {"addr:city": "Pune", "addr:district": "Pune", "addr:housenumber": "157", "addr:postcode": "411007", "addr:street": "Ramchandra Gayakwad Path", "alt_name": "Dayanand Anglo Vedic Public School", "amenity": "school", "check_date": "2026-03-10", "contact:facebook": "https://www.facebook.com/davpspune/", "email": "davaundh@gmail.com", "grades": "0-12", "image": "https://davaundhpune.org/File/103//Slider_bd400923-8eee-4dfd-af47-b4a0cdf6db4d_SCHOOL%20BLDG.jpg", "name": "DAV Public School", "name:en": "DAV Public School", "name:hi": "डीएव्ही पब्लिक स्कूल", "name:mr": "डीएव्ही पब्लिक स्कूल", "phone": "+91 20 2589 0081;+91 20 2589 3377", "website": "https://davaundhpune.org/", "osm_id": "way/210343962"}, "geometry": {"type": "Polygon", "coordinates": [[[73.8034021, 18.5596749], [73.8039765, 18.5597199], [73.8045883, 18.5597678], [73.8045754, 18.5600427], [73.8045687, 18.5601846], [73.8045034, 18.5602692], [73.8032889, 18.5601887], [73.8032672, 18.5601433], [73.8033017, 18.5600236], [73.8033671, 18.5597963], [73.8034021, 18.5596749]]]}}, {"type": "Feature", "properties": {"addr:city": "Pune", "addr:district": "Pune", "addr:postcode": "411007", "addr:street": "University Road", "amenity": "school", "brand": "Kendriya Vidyalaya", "brand:wikidata": "Q1156653", "check_date": "2026-03-10", "email": "ppl.ganeshkhind@kvs.gov.in", "grades": "1-12", "name": "Kendriya Vidyalaya Ganeshkhind", "name:en": "Kendriya Vidyalaya Ganeshkhind", "name:hi": "केंद्रीय विद्यालय गणेशखिंड", "name:mr": "केंद्रीय विद्यालय गणेशखिंड", "operator:type": "government_non_profit", "phone": "+91 20  2970 8600", "website": "https://ganeshkhind.kvs.ac.in/", "osm_id": "way/210343967"}, "geometry": {"type": "Polygon", "coordinates": [[[73.8180806, 18.5538002], [73.8191601, 18.5544315], [73.8186769, 18.5551248], [73.8181251, 18.5548319], [73.8175563, 18.55453], [73.8180806, 18.5538002]]]}}, {"type": "Feature", "properties": {"amenity": "school", "check_date": "2026-03-12", "name": "Navin Marathi Shala", "name:mr": "नवीन मराठी शाळा", "operator": "Deccan Education Society", "website": "https://www.despune.org/navinmarathishala-pune", "osm_id": "way/210576104"}, "geometry": {"type": "Polygon", "coordinates": [[[73.8487777, 18.5177851], [73.8493566, 18.5177963], [73.8496046, 18.5178389], [73.8494498, 18.5186252], [73.8494062, 18.518847], [73.8490801, 18.5189372], [73.8488834, 18.5189916], [73.8487823, 18.5189295], [73.8487005, 18.5184821], [73.8487777, 18.5177851]]]}}, {"type": "Feature", "properties": {"amenity": "school", "check_date": "2026-03-12", "name": "Kataria Highschool", "name:mr": "कटारिया शाळा", "osm_id": "way/213830162"}, "geometry": {"type": "Polygon", "coordinates": [[[73.8644473, 18.4965824], [73.8657731, 18.4965423], [73.8662868, 18.4965268], [73.8669771, 18.4965268], [73.8685919, 18.4965739], [73.8687797, 18.4983592], [73.8682773, 18.4986506], [73.8676508, 18.4988524], [73.8669592, 18.4988692], [73.8657949, 18.4987011], [73.8648728, 18.4986787], [73.8646423, 18.4980397], [73.8644296, 18.4973727], [73.8644473, 18.4965824]]]}}, {"type": "Feature", "properties": {"addr:city": "Pune", "addr:district": "Pune", "addr:housenumber": "19", "addr:postcode": "411001", "addr:street": "Bund Garden Road", "amenity": "school", "check_date": "2026-03-09", "name": "Wadia College", "osm_id": "way/215998838"}, "geometry": {"type": "Polygon", "coordinates": [[[73.8808179, 18.5311504], [73.8807513, 18.5334876], [73.8803265, 18.533545], [73.8803082, 18.5341619], [73.8793186, 18.5341361], [73.8790326, 18.5336892], [73.8789942, 18.5335387], [73.8791401, 18.5320533], [73.8792358, 18.5306988], [73.8794928, 18.5307795], [73.8795561, 18.5307314], [73.8808179, 18.5311504]]]}}, {"type": "Feature", "properties": {"addr:city": "Pune", "addr:housename": "MES Bal Shikshan Mandir English Medium School", "addr:postcode": "411029", "addr:street": "Chhatrapati Rajaram Marg", "amenity": "school", "check_date": "2026-03-15", "name": "MES Bal Shikshan Mandir English Medium School", "name:mr": "बाल शिक्षण मंदिर", "operator": "Maharashtra Education Society", "osm_id": "way/217278788"}, "geometry": {"type": "Polygon", "coordinates": [[[73.8168116, 18.5034872], [73.818066, 18.5038032], [73.8180439, 18.5038871], [73.8178447, 18.5046429], [73.8178264, 18.5047122], [73.8166056, 18.5044211], [73.8168116, 18.5034872]]]}}, {"type": "Feature", "properties": {"addr:postcode": "411052", "addr:street": "Karvenagar , Pune", "alt_name": "Cummins", "amenity": "school", "name": "Cummins College of Engineering for Women", "source": "loac_knowledge", "osm_id": "way/217278789"}, "geometry": {"type": "Polygon", "coordinates": [[[73.8164168, 18.4853467], [73.8167004, 18.4856872], [73.8168962, 18.4857316], [73.8166861, 18.4867995], [73.8155602, 18.4865789], [73.8156214, 18.4860528], [73.8158294, 18.4858168], [73.8159865, 18.4856717], [73.816168, 18.4855769], [73.8162985, 18.4853989], [73.8164168, 18.4853467]]]}}, {"type": "Feature", "properties": {"amenity": "school", "name": "Vikhe Patil Memorial School", "name:etymology:wikidata": "Q19895152", "osm_id": "way/217278791"}, "geometry": {"type": "Polygon", "coordinates": [[[73.8249901, 18.5234001], [73.8249966, 18.5217522], [73.8252535, 18.52167], [73.8253949, 18.5217126], [73.8256711, 18.5218619], [73.8258286, 18.5221082], [73.8261016, 18.522535], [73.8262429, 18.5226386], [73.8263607, 18.5226755], [73.8271629, 18.5229264], [73.826879, 18.5237473], [73.8264774, 18.523592], [73.8262076, 18.5234853], [73.8258574, 18.5234366], [73.8249901, 18.5234001]]]}}, {"type": "Feature", "properties": {"amenity": "school", "name": "L. R. Shinde Highschool", "name:mr": "ल. रा. शिंदे प्रशाला", "osm_id": "way/217295587"}, "geometry": {"type": "Polygon", "coordinates": [[[73.8466422, 18.4844828], [73.8467912, 18.4844162], [73.8469739, 18.4844108], [73.8472465, 18.4844668], [73.8477188, 18.4845761], [73.8481601, 18.4845894], [73.8483793, 18.4845601], [73.848563, 18.4845363], [73.8488384, 18.4845296], [73.8490844, 18.484575], [73.8492614, 18.4846643], [73.8493725, 18.4847629], [73.8497823, 18.4852128], [73.8500486, 18.4861026], [73.8497762, 18.4890502], [73.8494951, 18.4889648], [73.8468811, 18.4847503], [73.8467462, 18.484641], [73.846645, 18.484553], [73.8466422, 18.4844828]]]}}, {"type": "Feature", "properties": {"addr:street": "Apte Path", "amenity": "school", "name": "Apte Prashala & Jn. College", "name:mr": "आपटे प्रशाला", "osm_id": "way/217431353"}, "geometry": {"type": "Polygon", "coordinates": [[[73.8429176, 18.5183022], [73.8434014, 18.5180423], [73.8437643, 18.5184806], [73.8435563, 18.5186033], [73.8433526, 18.5183504], [73.8430172, 18.5185238], [73.8429176, 18.5183022]]]}}, {"type": "Feature", "properties": {"amenity": "school", "name": "DSK Supinfocom", "osm_id": "way/217631127"}, "geometry": {"type": "Polygon", "coordinates": [[[73.9951926, 18.486669], [73.9976608, 18.4862288], [73.9979076, 18.4871512], [73.9982834, 18.4870673], [73.9983681, 18.4875005], [73.9977677, 18.4876193], [73.9976387, 18.4871686], [73.9971856, 18.487242], [73.9973845, 18.4882202], [73.9978119, 18.4881678], [73.9978745, 18.4884753], [73.9991049, 18.4882482], [73.9991491, 18.4885347], [73.9983792, 18.4886884], [73.9984308, 18.4889155], [73.9957747, 18.4893837], [73.9951926, 18.486669]]]}}, {"type": "Feature", "properties": {"amenity": "school", "check_date": "2026-03-12", "name": "Ahilyadevi Girls' Highschool", "osm_id": "way/217773603"}, "geometry": {"type": "Polygon", "coordinates": [[[73.851174, 18.5181869], [73.851366, 18.5181903], [73.8513704, 18.5179685], [73.8514929, 18.5179707], [73.8514889, 18.5181734], [73.8516317, 18.5181759], [73.8516222, 18.5186581], [73.8511648, 18.51865], [73.851174, 18.5181869]]]}}, {"type": "Feature", "properties": {"amenity": "school", "name": "Gopal Highschool", "osm_id": "way/217773606"}, "geometry": {"type": "Polygon", "coordinates": [[[73.8515638, 18.5105005], [73.8519678, 18.5105441], [73.8519305, 18.5108549], [73.8515265, 18.5108113], [73.8515638, 18.5105005]]]}}, {"type": "Feature", "properties": {"amenity": "school", "check_date": "2026-03-15", "loc_name": "Hujurpaga", "name": "His Highness Chintamanrao Patwardhan Highschool", "name:etymology:wikidata": "Q56163357", "short_name": "HHCP Highschool", "osm_id": "way/217773608"}, "geometry": {"type": "Polygon", "coordinates": [[[73.8523261, 18.5145384], [73.8536694, 18.5145484], [73.8537281, 18.5145488], [73.8537194, 18.5156078], [73.8536317, 18.5156072], [73.8535815, 18.5156068], [73.8523174, 18.5155975], [73.8523188, 18.5154254], [73.8523261, 18.5145384]]]}}, {"type": "Feature", "properties": {"addr:postcode": "411030", "addr:street": "Lokmanya Tilak Marg", "amenity": "school", "name:en": "Maharashtriya Mandal", "religion": "none", "osm_id": "way/217773611"}, "geometry": {"type": "Polygon", "coordinates": [[[73.8479332, 18.5094064], [73.8480216, 18.5095558], [73.8481932, 18.5095636], [73.8481746, 18.5098674], [73.8481229, 18.510079], [73.8473045, 18.5100202], [73.8473415, 18.5097355], [73.8479332, 18.5094064]]]}}, {"type": "Feature", "properties": {"amenity": "school", "loc_name": "Numavi", "loc_name:mr": "नूमवि", "name": "Nutan Marathi Vidyalaya", "name:en": "Nutan Marathi Vidyalaya", "name:mr": "नूतन मराठी विद्यालय", "osm_id": "way/217773612"}, "geometry": {"type": "Polygon", "coordinates": [[[73.853788, 18.515212], [73.8549347, 18.5152247], [73.8549151, 18.5155841], [73.8537911, 18.5155663], [73.853788, 18.515212]]]}}, {"type": "Feature", "properties": {"amenity": "school", "check_date": "2026-03-12", "loc_name": "Numavi", "loc_name:mr": "नूमवि", "name": "Nutan Marathi Vidyalaya", "name:mr": "नूतन मराठी विद्यालय", "osm_id": "way/217773613"}, "geometry": {"type": "Polygon", "coordinates": [[[73.8530786, 18.5164828], [73.853081, 18.5167629], [73.8530197, 18.5167634], [73.8530231, 18.5171668], [73.8535049, 18.5171631], [73.8535015, 18.5167643], [73.8535, 18.5165905], [73.8533409, 18.5165917], [73.8533399, 18.5164807], [73.8530786, 18.5164828]]]}}, {"type": "Feature", "properties": {"amenity": "school", "check_date": "2026-03-12", "name": "Perugate Bhave School", "osm_id": "way/217773614"}, "geometry": {"type": "Polygon", "coordinates": [[[73.8466736, 18.5105879], [73.8477335, 18.5107007], [73.8477049, 18.510942], [73.8479972, 18.5109731], [73.8479505, 18.5113674], [73.8465984, 18.5112235], [73.8466736, 18.5105879]]]}}, {"type": "Feature", "properties": {"amenity": "school", "check_date": "2022-12-21", "name": "Pune Vidyarthi Gruha", "name:mr": "पुणे विद्यार्थी गृह", "osm_id": "way/217773618"}, "geometry": {"type": "Polygon", "coordinates": [[[73.8511276, 18.5087588], [73.8515058, 18.5088], [73.8515437, 18.5086558], [73.8518837, 18.5086865], [73.8518426, 18.5090449], [73.8519377, 18.5090547], [73.8519005, 18.5093487], [73.8524771, 18.5094329], [73.852444, 18.5095897], [73.8510304, 18.509429], [73.8511276, 18.5087588]]]}}, {"type": "Feature", "properties": {"amenity": "school", "name": "Renuka Swaroop Highschool", "osm_id": "way/217773619"}, "geometry": {"type": "Polygon", "coordinates": [[[73.8491594, 18.5099109], [73.8493867, 18.5099403], [73.8496037, 18.5097189], [73.8502673, 18.5097967], [73.8501577, 18.5105966], [73.8490809, 18.5104792], [73.8491594, 18.5099109]]]}}, {"type": "Feature", "properties": {"addr:city": "Pune", "addr:country": "IN", "addr:housenumber": "591", "addr:postcode": "411030", "addr:street": "Narsimha Chintaman Kelkar Road", "addr:suburb": "Narayan Peth", "alt_name": "SNDT Kanyashala", "alt_name:mr": "एस. एन. डी. टी. कन्याशाळा", "amenity": "school", "check_date": "2026-03-12", "name": "Shrimati Nathibai Damodar Thakarsi Kanyashala", "name:mr": "श्रीमती नाथीबाई दामोदर ठाकरसी कन्याशाळा", "osm_id": "way/217773620"}, "geometry": {"type": "Polygon", "coordinates": [[[73.851088, 18.5158719], [73.8513738, 18.5158673], [73.8513814, 18.5162958], [73.8510956, 18.5163004], [73.851088, 18.5158719]]]}}, {"type": "Feature", "properties": {"amenity": "school", "check_date": "2026-03-12", "name": "Gogate Prashala", "name:mr": "गोगटे प्रशाला", "osm_id": "way/218059562"}, "geometry": {"type": "Polygon", "coordinates": [[[73.8465281, 18.5147378], [73.8467174, 18.5147749], [73.8470567, 18.5148066], [73.8470423, 18.5151363], [73.8470029, 18.5151974], [73.8465072, 18.5151759], [73.8465281, 18.5147378]]]}}, {"type": "Feature", "properties": {"amenity": "school", "name": "Vidya Niketan", "operator": "Pune Municipal Corporation", "ref": "8", "osm_id": "way/218059568"}, "geometry": {"type": "Polygon", "coordinates": [[[73.8132698, 18.50228], [73.8137601, 18.5022788], [73.8137589, 18.5026364], [73.813266, 18.5026341], [73.8132698, 18.50228]]]}}, {"type": "Feature", "properties": {"amenity": "school", "name": "Government Technical Highschool", "osm_id": "way/218405515"}, "geometry": {"type": "Polygon", "coordinates": [[[73.8439147, 18.5242834], [73.8440929, 18.525181], [73.8451417, 18.5250199], [73.8462312, 18.5248411], [73.8460364, 18.5244075], [73.8457738, 18.5238144], [73.84485, 18.524114], [73.8439147, 18.5242834]]]}}, {"type": "Feature", "properties": {"amenity": "school", "name": "Modern Highschool", "name:mr": "मॉडर्न शाळा", "osm_id": "way/218405516"}, "geometry": {"type": "Polygon", "coordinates": [[[73.8472305, 18.5246019], [73.848297, 18.5241458], [73.8484547, 18.5243813], [73.8488904, 18.5241776], [73.8493871, 18.5248879], [73.8493792, 18.5249533], [73.8486459, 18.525286], [73.8477608, 18.5256562], [73.8472305, 18.5246019]]]}}, {"type": "Feature", "properties": {"addr:street": "127/1A, Paud Rd, Mahaganesh Colony, Kothrud, Pune, Maharashtra 411038", "amenity": "school", "name": "MIT School and Junior College of Commerce & Science", "osm_id": "way/218697333"}, "geometry": {"type": "Polygon", "coordinates": [[[73.8196425, 18.510322], [73.8197909, 18.5103251], [73.8200778, 18.5100156], [73.82018, 18.5094855], [73.8202279, 18.5091352], [73.8203103, 18.5087725], [73.8205527, 18.5079078], [73.8209864, 18.5072026], [73.8198354, 18.5070071], [73.8195798, 18.5078499], [73.8203054, 18.5079969], [73.8198437, 18.509695], [73.8196425, 18.510322]]]}}, {"type": "Feature", "properties": {"amenity": "school", "name": "Panditrao Agashe School", "name:etymology:wikidata": "Q56638781", "wikidata": "Q24942107", "wikipedia": "en:Panditrao Agashe School", "osm_id": "way/218834781"}, "geometry": {"type": "Polygon", "coordinates": [[[73.8296653, 18.5173201], [73.8306, 18.5170447], [73.8307352, 18.5174319], [73.8298609, 18.5176828], [73.8297113, 18.5174319], [73.8296653, 18.5173201]]]}}, {"type": "Feature", "properties": {"addr:city": "Pune", "addr:postcode": "411040", "amenity": "school", "name": "Kroot Memorial School", "osm_id": "way/224968992"}, "geometry": {"type": "Polygon", "coordinates": [[[73.9031733, 18.4847226], [73.903673, 18.4834862], [73.9046632, 18.4835465], [73.9044134, 18.4844383], [73.9043771, 18.4844771], [73.9043225, 18.4845029], [73.9031733, 18.4847226]]]}}, {"type": "Feature", "properties": {"addr:city": "Pune", "addr:postcode": "411040", "addr:street": "Salunke Vihar Road", "amenity": "school", "name": "Sungrace High School", "phone": "+912026852919", "wheelchair": "limited", "osm_id": "way/224968993"}, "geometry": {"type": "Polygon", "coordinates": [[[73.9039702, 18.4832284], [73.9042901, 18.4825066], [73.9049767, 18.4831996], [73.9049878, 18.483231], [73.9049685, 18.4832572], [73.9049326, 18.4832729], [73.9039702, 18.4832284]]]}}, {"type": "Feature", "properties": {"amenity": "school", "name": "St. Joseph's Girl's Convent", "osm_id": "way/229849153"}, "geometry": {"type": "Polygon", "coordinates": [[[73.818492, 18.5382488], [73.821551, 18.5393759], [73.8217398, 18.5396009], [73.8218692, 18.539964], [73.8219339, 18.5403936], [73.821969, 18.5409433], [73.8207392, 18.5405572], [73.8198573, 18.5402274], [73.819593, 18.5401532], [73.8187624, 18.5400049], [73.8178402, 18.539913], [73.817844, 18.5397142], [73.818492, 18.5382488]]]}}, {"type": "Feature", "properties": {"addr:city": "pune", "addr:postcode": "411006", "amenity": "school", "check_date": "2026-03-09", "name": "Dr Mrs Erin N Nagarwala Day School (E.N.N.S)", "osm_id": "way/235076005"}, "geometry": {"type": "Polygon", "coordinates": [[[73.8977239, 18.5474789], [73.8989343, 18.5472319], [73.8990097, 18.5479522], [73.8976571, 18.5481152], [73.8976064, 18.5476433], [73.8976113, 18.547592], [73.8976309, 18.5475455], [73.8976522, 18.5475113], [73.8976801, 18.5474927], [73.8977239, 18.5474789]]]}}, {"type": "Feature", "properties": {"addr:city": "Pune", "addr:housename": "MES Bal Shikshan Mandir English Medium School", "addr:postcode": "411029", "addr:street": "Chhatrapati Rajaram Marg", "amenity": "school", "building": "yes", "check_date": "2026-03-15", "name": "MES Bal Shikshan Mandir English Medium School", "operator": "Maharashtra Education Society", "operator:type": "private", "osm_id": "way/235117501"}, "geometry": {"type": "Polygon", "coordinates": [[[73.817319, 18.5036781], [73.8168733, 18.5035711], [73.816755, 18.50403], [73.8169151, 18.5040731], [73.8169224, 18.5040542], [73.8169751, 18.5040645], [73.8170152, 18.5040749], [73.8170042, 18.5041064], [73.8172657, 18.5041717], [73.8173081, 18.5041818], [73.8173172, 18.5041387], [73.817279, 18.5041284], [73.8172899, 18.50408], [73.8172226, 18.5040628], [73.817319, 18.5036781]]]}}, {"type": "Feature", "properties": {"addr:city": "Pune", "addr:housename": "Raja Shree Shivrai Pratishthan College", "addr:postcode": "411038", "addr:street": "Rambaug Colony Road", "amenity": "school", "name": "Raja Shree Shivrai Pratishthan School", "osm_id": "way/235293162"}, "geometry": {"type": "Polygon", "coordinates": [[[73.8116659, 18.5118003], [73.8128001, 18.5111355], [73.8128647, 18.5106575], [73.8115447, 18.5106547], [73.8115325, 18.5111271], [73.8115986, 18.5116122], [73.8116659, 18.5118003]]]}}, {"type": "Feature", "properties": {"amenity": "school", "check_date": "2024-06-17", "name": "Mahindra International School", "website": "https://www.mbis.org/", "osm_id": "way/247454656"}, "geometry": {"type": "Polygon", "coordinates": [[[73.738812, 18.5836925], [73.7383996, 18.5839792], [73.7382292, 18.5840976], [73.7380932, 18.5841922], [73.737859, 18.584355], [73.7371621, 18.5834443], [73.7381065, 18.5828084], [73.7387015, 18.583554], [73.7387512, 18.5836164], [73.7388033, 18.5836816], [73.738812, 18.5836925]]]}}, {"type": "Feature", "properties": {"addr:city": "Pune", "addr:housenumber": "56/14", "addr:postcode": "411004", "addr:street": "V. G. Damle Path", "amenity": "school", "building": "yes", "name": "Bhaskaracharya Pratishthan", "name:mr": "भास्कराचार्य प्रतिष्ठान", "wikidata": "Q4901361", "wikimedia_commons": "File:Bhaskaracharya Pratishthana full view.jpg", "wikipedia": "en:Bhaskaracharya Pratishthana", "osm_id": "way/249147717"}, "geometry": {"type": "Polygon", "coordinates": [[[73.8251674, 18.5151686], [73.8254083, 18.5151453], [73.8253882, 18.5149593], [73.8251473, 18.5149827], [73.8251674, 18.5151686]]]}}, {"type": "Feature", "properties": {"amenity": "school", "name": "Mahesh Vidyalaya", "name:mr": "महेश विद्यालय", "osm_id": "way/250116192"}, "geometry": {"type": "Polygon", "coordinates": [[[73.8022467, 18.4993702], [73.8026713, 18.4993058], [73.8028461, 18.5007735], [73.8023327, 18.5008148], [73.8022467, 18.4993702]]]}}, {"type": "Feature", "properties": {"addr:city": "Pune", "addr:housenumber": "1410, Patwardhan Baug", "addr:neighbourhood": "Erandawane", "addr:postcode": "411004", "addr:state": "Maharashtra", "addr:street": "Maai Mangeshkar Path", "amenity": "school", "name": "Sevasadan English Medium School", "name:mr": "सेवासदन इंग्रजी मध्यम शाळा", "operator": "Pune Sevasadan Society", "osm_id": "way/251878756"}, "geometry": {"type": "Polygon", "coordinates": [[[73.8324243, 18.50047], [73.8324544, 18.5004671], [73.8326906, 18.5014645], [73.8316271, 18.5016366], [73.831539, 18.5010698], [73.8314731, 18.5006459], [73.8314609, 18.500567], [73.8324243, 18.50047]]]}}, {"type": "Feature", "properties": {"amenity": "school", "name": "Sanas Vidyalaya", "name:mr": "सणस विद्यालय", "osm_id": "way/263813852"}, "geometry": {"type": "Polygon", "coordinates": [[[73.8126724, 18.4605146], [73.812609, 18.4599872], [73.8125054, 18.459542], [73.8117717, 18.4597205], [73.8118922, 18.4600092], [73.8120381, 18.4602399], [73.8124504, 18.4605748], [73.812554, 18.4605668], [73.8126724, 18.4605146]]]}}, {"type": "Feature", "properties": {"amenity": "school", "check_date": "2026-03-15", "name": "Sevasadan", "name:mr": "सेवासदन", "osm_id": "way/264444881"}, "geometry": {"type": "Polygon", "coordinates": [[[73.8525927, 18.5143346], [73.8525978, 18.5139884], [73.8533051, 18.5139932], [73.8532897, 18.5143456], [73.8525927, 18.5143346]]]}}, {"type": "Feature", "properties": {"addr:city": "Pune", "addr:postcode": "411038", "addr:street": "Chhatrapati Rajaram Maharaj Path", "addr:suburb": "Kothrud", "amenity": "school", "name": "Jog College", "osm_id": "way/275490280"}, "geometry": {"type": "Polygon", "coordinates": [[[73.8179576, 18.5049568], [73.8190682, 18.505207], [73.8189922, 18.5055101], [73.8178817, 18.5052599], [73.8179576, 18.5049568]]]}}, {"type": "Feature", "properties": {"amenity": "school", "name": "Shri Shivaji Preparatory Military School", "name:etymology:wikidata": "Q239505", "name:mr": "श्री शिवाजी प्रिपरेटरी मिलिटरी स्कूल", "wikidata": "Q16238312", "wikimedia_commons": "Category:Shri Shivaji Preparatory Military School", "wikipedia": "en:Shri Shivaji Preparatory Military School (Pune)", "osm_id": "way/280784413"}, "geometry": {"type": "Polygon", "coordinates": [[[73.8533383, 18.5259803], [73.8532815, 18.5259774], [73.8532197, 18.525993], [73.8531789, 18.5260148], [73.8531464, 18.5260321], [73.8529432, 18.5262727], [73.8526524, 18.5265495], [73.852492, 18.5267005], [73.8522032, 18.5269157], [73.8518732, 18.5270859], [73.852243, 18.527637], [73.8526509, 18.527384], [73.8526907, 18.5273593], [73.8529805, 18.5272703], [73.8533044, 18.527196], [73.8535282, 18.5271686], [73.8536436, 18.5271953], [73.8536096, 18.5270564], [73.853819, 18.5270232], [73.8538386, 18.5269831], [73.8537808, 18.5266193], [73.8540436, 18.5263204], [73.8533383, 18.5259803]]]}}, {"type": "Feature", "properties": {"amenity": "school", "name": "Anusayabai Khilare Shala", "name:mr": "अनुसयाबाई खिलारे शाळा", "osm_id": "way/281844134"}, "geometry": {"type": "Polygon", "coordinates": [[[73.8327333, 18.506431], [73.8327483, 18.5064015], [73.833091, 18.5065535], [73.8331541, 18.5064299], [73.8335918, 18.5066282], [73.8334008, 18.506929], [73.833003, 18.5067854], [73.8330917, 18.506608], [73.8327333, 18.506431]]]}}, {"type": "Feature", "properties": {"amenity": "school", "check_date": "2026-03-12", "name": "N. V. Gadgil Vidyalay", "name:mr": "न. वि. गाडगीळ विद्यालय", "osm_id": "way/281844137"}, "geometry": {"type": "Polygon", "coordinates": [[[73.8531572, 18.5185279], [73.8532669, 18.5185213], [73.8532704, 18.5184106], [73.8537793, 18.518394], [73.8537816, 18.5187304], [73.8534268, 18.5187327], [73.8534292, 18.5187625], [73.8531595, 18.5187946], [73.8531572, 18.5185279]]]}}, {"type": "Feature", "properties": {"amenity": "school", "name": "Spicer Highschool", "name:mr": "स्पायसर माध्यमिक विद्यालय", "osm_id": "way/281883252"}, "geometry": {"type": "Polygon", "coordinates": [[[73.8146466, 18.5639609], [73.817255, 18.5639163], [73.8171814, 18.5634746], [73.8170326, 18.5631302], [73.8146466, 18.5639609]]]}}, {"type": "Feature", "properties": {"amenity": "school", "check_date": "2026-03-12", "name": "Annabhau Sathe Shalagruh", "name:etymology:wikidata": "Q55759", "name:mr": "अण्णाभाऊ साठे शालागृह", "osm_id": "way/282054946"}, "geometry": {"type": "Polygon", "coordinates": [[[73.8506742, 18.5138842], [73.8507093, 18.5136015], [73.8504274, 18.51357], [73.8503923, 18.5138527], [73.8506742, 18.5138842]]]}}, {"type": "Feature", "properties": {"amenity": "school", "check_date": "2026-03-13", "name": "Rasta Peth Education Society", "name:mr": "रास्ता पेठ एज्युकेशन सोसायटी", "osm_id": "way/282102070"}, "geometry": {"type": "Polygon", "coordinates": [[[73.8663561, 18.5222467], [73.8664026, 18.5214665], [73.8667125, 18.5213261], [73.8668203, 18.5213087], [73.866824, 18.5215834], [73.8667144, 18.5223464], [73.8663561, 18.5222467]]]}}, {"type": "Feature", "properties": {"amenity": "school", "check_date": "2026-03-12", "name": "Acharya Vinoba Bhave Vidyalay", "name:etymology:wikidata": "Q13021", "name:mr": "आचार्य विनोबा भावे विद्यालय", "osm_id": "way/290034466"}, "geometry": {"type": "Polygon", "coordinates": [[[73.865149, 18.5087924], [73.865149, 18.5086573], [73.8651232, 18.5085837], [73.8651271, 18.5084959], [73.8651935, 18.5084166], [73.865197, 18.5083184], [73.8654511, 18.508326], [73.8654408, 18.5088015], [73.865149, 18.5087924]]]}}, {"type": "Feature", "properties": {"amenity": "school", "check_date": "2026-03-13", "name": "Sardar Kanhoji Angre Vidyalay", "name:etymology:wikidata": "Q2728407", "name:mr": "सरदार कान्होजी आंग्रे विद्यालय", "osm_id": "way/290034472"}, "geometry": {"type": "Polygon", "coordinates": [[[73.8589371, 18.5089589], [73.8589238, 18.5086821], [73.8583064, 18.508792], [73.8583041, 18.5090012], [73.8583911, 18.5091027], [73.8586786, 18.5089653], [73.8589371, 18.5089589]]]}}, {"type": "Feature", "properties": {"amenity": "school", "check_date": "2026-03-15", "name": "Vasantrao Vaidya Vidyalay", "name:mr": "वसंतराव वैद्य विद्यालय", "osm_id": "way/290034473"}, "geometry": {"type": "Polygon", "coordinates": [[[73.8410796, 18.5044316], [73.8410742, 18.5041539], [73.840761, 18.5041594], [73.8407665, 18.5044371], [73.8410796, 18.5044316]]]}}, {"type": "Feature", "properties": {"amenity": "school", "check_date": "2026-03-13", "education": "school", "name": "Erin Nagarwala School", "name:mr": "एरिन नगरवाला शाळा", "osm_id": "way/292610071"}, "geometry": {"type": "Polygon", "coordinates": [[[73.8977721, 18.5488003], [73.8987642, 18.5487276], [73.9002662, 18.5487328], [73.9006009, 18.5493888], [73.8996991, 18.5500438], [73.8991235, 18.5518706], [73.8977969, 18.5514081], [73.8978478, 18.5498593], [73.8979176, 18.5497233], [73.8978478, 18.5495873], [73.8977721, 18.5488003]]]}}, {"type": "Feature", "properties": {"amenity": "school", "check_date": "2026-03-09", "name": "Subhedar Ramji Maloji Ambedkar Vidyalay", "name:mr": "सुभेदार रामजी मालोजी आंबेडकर विद्यालय", "osm_id": "way/293996152"}, "geometry": {"type": "Polygon", "coordinates": [[[73.9093477, 18.5586392], [73.9090228, 18.5586365], [73.9089259, 18.5587608], [73.9085041, 18.5588364], [73.9085355, 18.559774], [73.9093934, 18.5598037], [73.9093477, 18.5586392]]]}}, {"type": "Feature", "properties": {"amenity": "school", "name": "Kalmadi Shamrao Highschool", "name:mr": "कलमाडी शामराव शाळा", "osm_id": "way/298298055"}, "geometry": {"type": "Polygon", "coordinates": [[[73.8335129, 18.5119602], [73.8336572, 18.5119756], [73.8338445, 18.5119194], [73.8337154, 18.5114491], [73.8335912, 18.5114146], [73.8335281, 18.5117889], [73.8335129, 18.5119602]]]}}, {"type": "Feature", "properties": {"amenity": "school", "building:levels": "4", "check_date": "2026-03-12", "osm_id": "way/301018026"}, "geometry": {"type": "Polygon", "coordinates": [[[73.881241, 18.555508], [73.8817166, 18.5563637], [73.8817695, 18.5564215], [73.8821667, 18.556606], [73.8821267, 18.556708], [73.8824444, 18.5568107], [73.8824675, 18.5565296], [73.8824485, 18.5562289], [73.8824281, 18.5556352], [73.8818752, 18.5554811], [73.8817736, 18.555508], [73.8814789, 18.555508], [73.881241, 18.555508]]]}}, {"type": "Feature", "properties": {"amenity": "school", "name": "Lal Bahadur Shastri Vidyalay", "name:etymology:wikidata": "Q244689", "name:mr": "लाल बहादूर शास्त्री विद्यालय", "osm_id": "way/317550149"}, "geometry": {"type": "Polygon", "coordinates": [[[73.8502636, 18.5228843], [73.8508985, 18.5228434], [73.8509252, 18.5232155], [73.8505677, 18.5232408], [73.8503129, 18.5232875], [73.8502636, 18.5228843]]]}}, {"type": "Feature", "properties": {"amenity": "school", "name": "Bharatiya Vidyabhavan", "name:mr": "भारतीय विद्याभवन", "osm_id": "way/331478717"}, "geometry": {"type": "Polygon", "coordinates": [[[73.8308923, 18.5315524], [73.8308866, 18.5309137], [73.8314898, 18.5309011], [73.8314536, 18.5315632], [73.8308923, 18.5315524]]]}}, {"type": "Feature", "properties": {"amenity": "school", "name": "Hutatma Rajguru Vidyalay", "name:etymology:wikidata": "Q2721886", "name:mr": "हुतात्मा राजगुरु विद्यालय", "osm_id": "way/331478723"}, "geometry": {"type": "Polygon", "coordinates": [[[73.8334033, 18.5265089], [73.833673, 18.5271866], [73.8338387, 18.5271475], [73.8339697, 18.5271251], [73.8344899, 18.5271375], [73.834537, 18.5271214], [73.8345632, 18.5270928], [73.8345907, 18.5270282], [73.8347574, 18.526554], [73.834774, 18.5264592], [73.8347611, 18.5263643], [73.8346295, 18.5261289], [73.8342479, 18.5262782], [73.8341274, 18.526099], [73.8338038, 18.5263065], [73.8334033, 18.5265089]]]}}, {"type": "Feature", "properties": {"amenity": "school", "name": "Vidya Bhavan High School And Junior College", "name:mr": "विद्या भवन शाळा", "osm_id": "way/331478729"}, "geometry": {"type": "Polygon", "coordinates": [[[73.8387048, 18.5315905], [73.8388677, 18.5303532], [73.838241, 18.5302151], [73.8381173, 18.5311429], [73.8381234, 18.5311777], [73.8381853, 18.5315299], [73.8382046, 18.5315322], [73.8387048, 18.5315905]]]}}, {"type": "Feature", "properties": {"amenity": "school", "check_date": "2026-03-09", "education": "school", "name": "St. Felix Highschool", "name:en": "St. Felix Highschool", "name:mr": "सेंट फेलिक्स हायस्कूल", "osm_id": "way/331500158"}, "geometry": {"type": "Polygon", "coordinates": [[[73.8820055, 18.5399187], [73.881947, 18.5404789], [73.8822294, 18.5405157], [73.8820175, 18.5418886], [73.8810435, 18.5418145], [73.8803969, 18.5416969], [73.880572, 18.5397452], [73.8820055, 18.5399187]]]}}, {"type": "Feature", "properties": {"addr:city": "Pune", "addr:postcode": "411016", "addr:street": "Senapati Bapat Marg", "addr:unit": "Survey No. 103", "amenity": "school", "check_date": "2026-03-10", "landuse": "education", "name": "Aksharnandan", "name:mr": "अक्षरनंदन", "operator": "N.G. Naralkar Foundation", "operator:type": "private", "start_date": "1992", "osm_id": "way/331532101"}, "geometry": {"type": "Polygon", "coordinates": [[[73.8274576, 18.533283], [73.828092, 18.5332818], [73.8283422, 18.5332813], [73.8283431, 18.5336594], [73.8274584, 18.5336611], [73.8274576, 18.533283]]]}}, {"type": "Feature", "properties": {"amenity": "school", "name": "Erandawane Madhyamik Vidyalay", "name:mr": "एरंडवणे माध्यमिक विद्यालय", "osm_id": "way/331532102"}, "geometry": {"type": "Polygon", "coordinates": [[[73.8291689, 18.5093663], [73.829438, 18.509509], [73.8291418, 18.5100679], [73.8288762, 18.5099406], [73.8291689, 18.5093663]]]}}, {"type": "Feature", "properties": {"amenity": "school", "check_date": "2026-03-13", "name": "Kridaniketan Shala", "name:mr": "क्रीडानिकेतन शाळा", "osm_id": "way/331532104"}, "geometry": {"type": "Polygon", "coordinates": [[[73.8316527, 18.4918948], [73.8321616, 18.491591], [73.832659, 18.4923573], [73.8320454, 18.4926461], [73.8316527, 18.4918948]]]}}, {"type": "Feature", "properties": {"amenity": "school", "name": "Satyanarayan Shivlal Agarwal Shala", "name:mr": "सत्यनारायण शिवलाल अगरवाल शाळा", "osm_id": "way/331532106"}, "geometry": {"type": "Polygon", "coordinates": [[[73.8415725, 18.5009236], [73.8415718, 18.50039], [73.8420817, 18.5003895], [73.8420824, 18.500923], [73.8415725, 18.5009236]]]}}, {"type": "Feature", "properties": {"amenity": "school", "name": "Sinhagad Spring Dale School", "name:mr": "सिंहगड स्प्रिंग डेल शाळा", "osm_id": "way/331532108"}, "geometry": {"type": "Polygon", "coordinates": [[[73.8353102, 18.5080933], [73.8355072, 18.5078351], [73.8356051, 18.5077284], [73.8357532, 18.5078624], [73.8354393, 18.5081644], [73.8353102, 18.5080933]]]}}, {"type": "Feature", "properties": {"amenity": "school", "building": "yes", "name": "Rahul International School (RIS)", "osm_id": "way/359552007"}, "geometry": {"type": "Polygon", "coordinates": [[[73.7420633, 18.5966747], [73.742119, 18.5967985], [73.7426855, 18.5965695], [73.7426299, 18.5964458], [73.7420633, 18.5966747]]]}}, {"type": "Feature", "properties": {"amenity": "school", "building": "yes", "osm_id": "way/359571957"}, "geometry": {"type": "Polygon", "coordinates": [[[73.8111965, 18.6251596], [73.8111868, 18.6251733], [73.8114224, 18.6250616], [73.8115209, 18.6251343], [73.8114664, 18.6252007], [73.8115255, 18.6252444], [73.8115801, 18.625178], [73.8116887, 18.6252581], [73.8115997, 18.6253663], [73.8115532, 18.6254229], [73.8116346, 18.6254829], [73.81187, 18.6251966], [73.8114319, 18.6248733], [73.8111965, 18.6251596]]]}}, {"type": "Feature", "properties": {"amenity": "school", "building": "yes", "name": "Spenglish medium school", "osm_id": "way/359749077"}, "geometry": {"type": "Polygon", "coordinates": [[[73.7640402, 18.6067648], [73.7640384, 18.6066819], [73.7639843, 18.606679], [73.7639563, 18.6066835], [73.7639581, 18.6067664], [73.7640402, 18.6067648]]]}}, {"type": "Feature", "properties": {"amenity": "school", "name": "Periwinkle English medium school", "osm_id": "way/359925755"}, "geometry": {"type": "Polygon", "coordinates": [[[73.772314, 18.5157927], [73.7723721, 18.5157951], [73.7723741, 18.5157516], [73.7724147, 18.5157533], [73.7724171, 18.5157021], [73.7723759, 18.5157004], [73.7723781, 18.5156538], [73.7723384, 18.5156106], [73.7719942, 18.5156], [73.7719925, 18.5156362], [73.7719117, 18.5156328], [73.7719069, 18.5157346], [73.7720473, 18.5157405], [73.7720493, 18.5156987], [73.7721931, 18.5157048], [73.7721877, 18.5158203], [73.7723125, 18.5158255], [73.772314, 18.5157927]]]}}, {"type": "Feature", "properties": {"addr:postcode": "411052", "alt_name": "G R Palkar Primary School", "amenity": "school", "building": "yes", "building:levels": "4", "building:min_level": "1", "name": "GR Palkar Primary School", "osm_id": "way/359988654"}, "geometry": {"type": "Polygon", "coordinates": [[[73.8229381, 18.493004], [73.8230924, 18.4929764], [73.8230465, 18.4927455], [73.8228922, 18.492773], [73.8229381, 18.493004]]]}}, {"type": "Feature", "properties": {"addr:city": "Ambegaon", "addr:district": "Pune", "addr:postcode": "411046", "amenity": "school", "building": "yes", "name": "Podar International School", "website": "https://www.podareducation.org/school/ambegaon", "osm_id": "way/360321613"}, "geometry": {"type": "Polygon", "coordinates": [[[73.833794, 18.4566717], [73.8339766, 18.4567209], [73.8340327, 18.4565334], [73.833923, 18.4565039], [73.8339703, 18.4563459], [73.8340798, 18.4563754], [73.8341427, 18.4561654], [73.8339507, 18.4561136], [73.83382, 18.4565503], [73.8338295, 18.4565529], [73.833794, 18.4566717]]]}}, {"type": "Feature", "properties": {"amenity": "school", "building": "yes", "name": "Sunday science school Wakad", "osm_id": "way/364911195"}, "geometry": {"type": "Polygon", "coordinates": [[[73.7649199, 18.6026992], [73.7648963, 18.6025303], [73.7648399, 18.6025374], [73.7648636, 18.6027063], [73.7649199, 18.6026992]]]}}, {"type": "Feature", "properties": {"addr:city": "Pune", "addr:postcode": "411041", "amenity": "school", "contact:website": "http://dskschool.in", "name": "DSK School", "operator": "D S Kulkarni Educational Trust", "phone": "02024380047", "school:curriculum": "ICSE", "wheelchair": "limited", "wikidata": "Q5203447", "wikipedia": "en:D.S.K. School", "osm_id": "way/371368740"}, "geometry": {"type": "Polygon", "coordinates": [[[73.8006537, 18.4417731], [73.8013431, 18.441913], [73.8013994, 18.4416955], [73.8014761, 18.4417097], [73.8017037, 18.4407108], [73.800911, 18.4405662], [73.8006537, 18.4417731]]]}}, {"type": "Feature", "properties": {"amenity": "school", "name": "Adarsh Vidyalay", "name:mr": "आदर्श विद्यालय", "osm_id": "way/380363652"}, "geometry": {"type": "Polygon", "coordinates": [[[73.8547053, 18.5100904], [73.8546978, 18.5105595], [73.8549084, 18.5105625], [73.8549114, 18.5103753], [73.8550016, 18.5103766], [73.8550061, 18.5100947], [73.8547053, 18.5100904]]]}}, {"type": "Feature", "properties": {"amenity": "school", "check_date": "2026-03-13", "name": "Agarkar Madhyamik Vidyalay", "name:mr": "आगरकर माध्यमिक विद्यालय", "osm_id": "way/380363653"}, "geometry": {"type": "Polygon", "coordinates": [[[73.864873, 18.5205851], [73.864863, 18.5211312], [73.8650332, 18.5211354], [73.8650359, 18.5210456], [73.8655485, 18.521071], [73.8655266, 18.5205808], [73.864873, 18.5205851]]]}}, {"type": "Feature", "properties": {"amenity": "school", "check_date": "2026-03-12", "name": "Ashok Vidyalay", "name:mr": "अशोक विद्यालय", "osm_id": "way/380363654"}, "geometry": {"type": "Polygon", "coordinates": [[[73.8456165, 18.511235], [73.8455809, 18.5115064], [73.8452745, 18.5114648], [73.845259, 18.5114418], [73.8452596, 18.5114148], [73.845457, 18.5112226], [73.8456165, 18.511235]]]}}, {"type": "Feature", "properties": {"amenity": "school", "check_date": "2026-03-12", "name": "Ornellas Highschool", "name:mr": "ऑर्नेलाज हायस्कूल", "osm_id": "way/380363663"}, "geometry": {"type": "Polygon", "coordinates": [[[73.8690541, 18.5166249], [73.868972, 18.516169], [73.8708038, 18.5164334], [73.8703306, 18.5170948], [73.8701829, 18.5171644], [73.8695592, 18.5171361], [73.8695264, 18.5166027], [73.8690541, 18.5166249]]]}}, {"type": "Feature", "properties": {"amenity": "school", "check_date": "2026-03-17", "name": "Raja Dhanraj Girji Madhyamik Vidyalay", "name:mr": "राजा धनराज गिरजी माध्यमिक विद्यालय", "osm_id": "way/380363664"}, "geometry": {"type": "Polygon", "coordinates": [[[73.8631874, 18.5188805], [73.8631605, 18.5181695], [73.8632216, 18.5181704], [73.8640254, 18.518269], [73.864043, 18.5185047], [73.8639525, 18.5185159], [73.8637055, 18.5185466], [73.8637155, 18.5188762], [73.8631874, 18.5188805]]]}}, {"type": "Feature", "properties": {"amenity": "school", "name": "Saraswati Mandir", "name:mr": "सरस्वती मंदिर", "osm_id": "way/380363666"}, "geometry": {"type": "Polygon", "coordinates": [[[73.8538109, 18.509658], [73.8543956, 18.5096278], [73.8544275, 18.5102095], [73.853816, 18.5101802], [73.8538109, 18.509658]]]}}, {"type": "Feature", "properties": {"amenity": "school", "name": "Sardar Laxmibai Raste Prathamik Vidyalay", "name:mr": "सरदार लक्ष्मीबाई रास्ते प्राथमिक विद्यालय", "osm_id": "way/380363667"}, "geometry": {"type": "Polygon", "coordinates": [[[73.864873, 18.5205843], [73.8657131, 18.5205791], [73.8657041, 18.5199067], [73.8648972, 18.5199132], [73.8648736, 18.5205665], [73.864873, 18.5205843]]]}}, {"type": "Feature", "properties": {"amenity": "school", "check_date": "2026-03-10", "grades": "9-12", "name": "Netaji Subhash Chandra Bose School", "name:etymology:wikidata": "Q2153", "name:mr": "नेताजी सुभाषचंद्र बोस शाळा", "operator:type": "public", "religion": "hindu", "osm_id": "way/380417663"}, "geometry": {"type": "Polygon", "coordinates": [[[73.8877599, 18.5514121], [73.8878804, 18.550902], [73.8880771, 18.5509147], [73.8885787, 18.5509895], [73.8886388, 18.5510135], [73.8891882, 18.5509582], [73.8892453, 18.5514326], [73.8884082, 18.5514597], [73.8878397, 18.5514543], [73.8877829, 18.5514555], [73.8877636, 18.5514351], [73.8877599, 18.5514121]]]}}, {"type": "Feature", "properties": {"amenity": "school", "check_date": "2026-03-10", "name": "Yashwantrao Chavan Academy of Development Administration", "name:etymology:wikidata": "Q1764541", "name:mr": "यशदा", "osm_id": "way/402368938"}, "geometry": {"type": "Polygon", "coordinates": [[[73.8228142, 18.5455213], [73.8213766, 18.5473929], [73.8228786, 18.5479625], [73.8232731, 18.5473078], [73.8237506, 18.5464991], [73.8237398, 18.5463211], [73.8236969, 18.5454514], [73.8235896, 18.5448208], [73.8235646, 18.5448289], [73.8232451, 18.5450624], [73.8230959, 18.5451568], [73.8230824, 18.5452508], [73.8228984, 18.54535], [73.8228219, 18.5453398], [73.8228142, 18.5455213]]]}}, {"type": "Feature", "properties": {"amenity": "school", "osm_id": "way/448218376"}, "geometry": {"type": "Polygon", "coordinates": [[[73.8249785, 18.5036681], [73.8248454, 18.5039648], [73.8254105, 18.5041552], [73.8255529, 18.5038851], [73.8249785, 18.5036681]]]}}, {"type": "Feature", "properties": {"amenity": "school", "osm_id": "way/448218377"}, "geometry": {"type": "Polygon", "coordinates": [[[73.8244741, 18.5034311], [73.8243527, 18.5037832], [73.8245827, 18.5038629], [73.8248244, 18.5039493], [73.8249435, 18.5035795], [73.8244741, 18.5034311]]]}}, {"type": "Feature", "properties": {"amenity": "school", "education": "school", "name": "St. Arnold's Central School", "osm_id": "way/462030789"}, "geometry": {"type": "Polygon", "coordinates": [[[73.913168, 18.5510052], [73.9131576, 18.5509556], [73.9132568, 18.5497093], [73.9141675, 18.5496452], [73.9146312, 18.5503155], [73.913332, 18.5509981], [73.9132589, 18.5510257], [73.9132059, 18.5510328], [73.913168, 18.5510052]]]}}, {"type": "Feature", "properties": {"amenity": "school", "name": "Tree house school", "osm_id": "way/466296543"}, "geometry": {"type": "Polygon", "coordinates": [[[73.815171, 18.4823793], [73.8150207, 18.4824268], [73.8149929, 18.4826169], [73.8151654, 18.4827066], [73.8155829, 18.4827436], [73.8156609, 18.482638], [73.8153157, 18.4824902], [73.815171, 18.4823793]]]}}, {"type": "Feature", "properties": {"addr:city": "Pune", "addr:housenumber": "Sr. No. 12", "addr:postcode": "411006", "addr:street": "Laxminagar Yerwada", "amenity": "school", "check_date": "2026-03-09", "name": "Abdul Hamid Urdu School", "osm_id": "way/480244855"}, "geometry": {"type": "Polygon", "coordinates": [[[73.8827795, 18.5491889], [73.8827166, 18.5491938], [73.8827085, 18.5490994], [73.8825987, 18.5490878], [73.8825904, 18.5490273], [73.8824902, 18.5488095], [73.882564, 18.5486558], [73.8826793, 18.5485457], [73.8828872, 18.5487355], [73.8827979, 18.5488141], [73.8828264, 18.549188], [73.8827795, 18.5491889]]]}}, {"type": "Feature", "properties": {"addr:city": "Pune", "addr:housenumber": "Sr. No.191", "addr:postcode": "411006", "addr:street": "Nagpur Chawl Road, MH Society, Yerwada", "amenity": "school", "name": "Genba Sopanrao Moze School", "osm_id": "way/480247146"}, "geometry": {"type": "Polygon", "coordinates": [[[73.8978024, 18.5605626], [73.896768, 18.5608575], [73.8966393, 18.5609135], [73.896236, 18.5600047], [73.8963444, 18.5598815], [73.89748, 18.5597564], [73.8978024, 18.5605626]]]}}, {"type": "Feature", "properties": {"amenity": "school", "name": "Gora Kumbhar Highschool", "name:mr": "गोरा कुंभार विद्यालय", "osm_id": "way/618570139"}, "geometry": {"type": "Polygon", "coordinates": [[[73.7939027, 18.5383161], [73.793959, 18.5376359], [73.794191, 18.537688], [73.7944009, 18.5380593], [73.7940904, 18.5382208], [73.7940569, 18.5383276], [73.7939027, 18.5383161]]]}}, {"type": "Feature", "properties": {"amenity": "school", "check_date": "2026-03-10", "osm_id": "way/641140495"}, "geometry": {"type": "Polygon", "coordinates": [[[73.8140085, 18.5564328], [73.8139742, 18.5557883], [73.814522, 18.5557605], [73.8140085, 18.5564328]]]}}, {"type": "Feature", "properties": {"amenity": "school", "check_date": "2026-03-12", "name": "Baburao Sanas Kanyashala", "name:mr": "बाबुराव सणस कन्याशाळा", "osm_id": "way/666675665"}, "geometry": {"type": "Polygon", "coordinates": [[[73.8633709, 18.5233164], [73.8634132, 18.5226545], [73.8638215, 18.522678], [73.8637817, 18.5233019], [73.8636855, 18.5232964], [73.8636831, 18.5233343], [73.8633709, 18.5233164]]]}}, {"type": "Feature", "properties": {"amenity": "school", "check_date": "2026-03-12", "name": "Gurudev Ravindranath Tagore Vidyaniketan", "name:etymology:wikidata": "Q7241", "name:mr": "गुरुदेव रवींद्रनाथ टागोर विद्यानिकेतन", "osm_id": "way/666675670"}, "geometry": {"type": "Polygon", "coordinates": [[[73.8646433, 18.5250334], [73.8649477, 18.5249749], [73.8653232, 18.5254161], [73.8647264, 18.525481], [73.8646433, 18.5250334]]]}}, {"type": "Feature", "properties": {"addr:city": "Pune", "addr:country": "IN", "addr:postcode": "411045", "addr:state": "Maharashtra", "addr:street": "Mhalunge Road", "addr:suburb": "Baner", "amenity": "school", "email": "contactus@theorchidschool.org", "name": "The Orchid School", "name:en": "The Orchid School", "name:hi": "द ऑर्किड स्कूल", "operator": "Pradnya Niktan Education Society", "phone": "+91 020 6711 6711", "website": "https://www.theorchidschool.org/", "wheelchair": "yes", "osm_id": "way/704561327"}, "geometry": {"type": "Polygon", "coordinates": [[[73.7814164, 18.5636943], [73.782196, 18.5636214], [73.7821527, 18.5631574], [73.7813721, 18.5632101], [73.7813741, 18.563232], [73.7813911, 18.563418], [73.7814138, 18.5636655], [73.7814164, 18.5636943]]]}}, {"type": "Feature", "properties": {"amenity": "school", "check_date": "2026-03-12", "isced:level": "2", "name": "Phoenix World School", "osm_id": "way/901916049"}, "geometry": {"type": "Polygon", "coordinates": [[[73.954726, 18.5622729], [73.956635, 18.5626678], [73.957168, 18.5618957], [73.9571005, 18.5618508], [73.9570139, 18.5619387], [73.9569568, 18.5619483], [73.9568926, 18.5619468], [73.9566184, 18.5617936], [73.9564303, 18.5622603], [73.9555283, 18.5620671], [73.9549141, 18.5619484], [73.954726, 18.5622729]]]}}, {"type": "Feature", "properties": {"amenity": "school", "name": "Bharat English School", "osm_id": "way/909292767"}, "geometry": {"type": "Polygon", "coordinates": [[[73.8493414, 18.5320483], [73.8485103, 18.5317948], [73.8486229, 18.5314267], [73.8488054, 18.5313687], [73.849496, 18.5312964], [73.84958, 18.5313317], [73.8493414, 18.5320483]]]}}, {"type": "Feature", "properties": {"amenity": "school", "check_date": "2026-03-09", "name": "Don Bosco high school", "osm_id": "way/963471590"}, "geometry": {"type": "Polygon", "coordinates": [[[73.8933898, 18.5527049], [73.8934961, 18.5542395], [73.8943955, 18.5541513], [73.8943626, 18.5535211], [73.8944644, 18.5534998], [73.894467, 18.5530985], [73.8936543, 18.5531351], [73.8936315, 18.5527938], [73.8933898, 18.5527049]]]}}, {"type": "Feature", "properties": {"amenity": "school", "name": "Dhruv Global School", "osm_id": "way/971355916"}, "geometry": {"type": "Polygon", "coordinates": [[[73.735106, 18.5521255], [73.7355164, 18.5519588], [73.735857, 18.5518204], [73.7358355, 18.5513067], [73.735916, 18.5504727], [73.7349665, 18.5503099], [73.734773, 18.5510382], [73.7346017, 18.5516831], [73.735106, 18.5521255]]]}}, {"type": "Feature", "properties": {"addr:city": "Pune", "addr:postcode": "411007", "amenity": "school", "name": "Aaruni Vidhya Mandir School (Vidhyapeet School)", "osm_id": "way/1030256746"}, "geometry": {"type": "Polygon", "coordinates": [[[73.8294315, 18.5481356], [73.8294181, 18.5474515], [73.8307431, 18.5477821], [73.8300109, 18.5485755], [73.8294315, 18.5481356]]]}}, {"type": "Feature", "properties": {"amenity": "school", "check_date": "2023-03-03", "name": "Vidya Vinay Niketan", "name:en": "Vidya Vinay Niketan", "name:mr": "विद्या विनय निकेतन", "operator": "चोंधे", "operator:type": "private", "osm_id": "way/1030564284"}, "geometry": {"type": "Polygon", "coordinates": [[[73.7832292, 18.5869131], [73.7830777, 18.5872117], [73.7833408, 18.5873316], [73.7834923, 18.5870331], [73.7832292, 18.5869131]]]}}, {"type": "Feature", "properties": {"amenity": "school", "osm_id": "way/1031860555"}, "geometry": {"type": "Polygon", "coordinates": [[[73.7823235, 18.583999], [73.7818067, 18.5837231], [73.7815406, 18.584171], [73.7820574, 18.5844468], [73.7823235, 18.583999]]]}}, {"type": "Feature", "properties": {"amenity": "school", "check_date": "2024-05-13", "name": "PC primary school", "name:mr": "पिं.चिं. प्राथमिक शाळा", "operator": "पिंपरी चिंचवड महानगर पालिका", "operator:type": "government", "osm_id": "way/1058936457"}, "geometry": {"type": "Polygon", "coordinates": [[[73.7621198, 18.5921476], [73.7619902, 18.5921626], [73.7619682, 18.5920145], [73.762103, 18.5917721], [73.7623807, 18.5918183], [73.7624757, 18.5918885], [73.7623807, 18.5920645], [73.7623872, 18.5920954], [73.7623941, 18.5921279], [73.7621198, 18.5921476]]]}}, {"type": "Feature", "properties": {"alt_name": "कै. मारुती गेणू कस्पटे प्राथमिक शाळा क्र ५९", "alt_name:en": "Maruti Genu Kaspate Primary School", "alt_name:mr": "कै. मारुती गेणू कस्पटे प्राथमिक शाळा क्र ५९", "amenity": "school", "name": "कस्पटे वस्ती शाळा", "name:en": "Kaspate Vasti School", "name:mr": "कस्पटे वस्ती शाळा", "osm_id": "way/1084969936"}, "geometry": {"type": "Polygon", "coordinates": [[[73.7735702, 18.5946049], [73.7735695, 18.5945966], [73.7735492, 18.5943723], [73.7733161, 18.5943751], [73.7733188, 18.5944547], [73.7733252, 18.5946411], [73.7735727, 18.5946321], [73.7735702, 18.5946049]]]}}, {"type": "Feature", "properties": {"addr:city": "Pune", "addr:housenumber": "Survey number 187", "addr:place": "Wakad", "addr:street": "Shri Chatrapati Shivaji Maharaj Road", "alt_name:en": "Euro School Wakad ICSE", "amenity": "school", "branch": "Wakad", "check_date": "2023-03-04", "name": "Euro School", "name:en": "Euro School", "name:mr": "युरो स्कूल", "operator:type": "private", "osm_id": "way/1085938283"}, "geometry": {"type": "Polygon", "coordinates": [[[73.7695878, 18.5987036], [73.7695484, 18.5986786], [73.7694992, 18.5986707], [73.769145, 18.5986739], [73.7685959, 18.5986788], [73.7685783, 18.598679], [73.7685619, 18.5986792], [73.7684252, 18.5986808], [73.768426, 18.5987359], [73.7684325, 18.599189], [73.7685546, 18.5991888], [73.7696486, 18.5991498], [73.7696054, 18.598775], [73.7696042, 18.5987641], [73.7696035, 18.5987586], [73.7696023, 18.5987479], [73.7696015, 18.5987416], [73.769598, 18.5987346], [73.7695878, 18.5987036]]]}}, {"type": "Feature", "properties": {"amenity": "school", "name": "Walnut School", "name:en": "Walnut School", "name:mr": "वॅाल्नट् शाळा", "osm_id": "way/1086983391"}, "geometry": {"type": "Polygon", "coordinates": [[[73.7709454, 18.6060281], [73.7706734, 18.6051047], [73.7706306, 18.6051178], [73.7705502, 18.6051424], [73.77045, 18.6052094], [73.7704035, 18.6052507], [73.7702495, 18.60529], [73.7702567, 18.6053196], [73.7701045, 18.605363], [73.7701948, 18.605644], [73.7703708, 18.6055942], [73.7705425, 18.6061556], [73.7708992, 18.6060425], [73.7709242, 18.6060346], [73.7709454, 18.6060281]]]}}, {"type": "Feature", "properties": {"amenity": "school", "operator": "Podar International School", "operator:type": "private", "osm_id": "way/1092805747"}, "geometry": {"type": "Polygon", "coordinates": [[[73.7867832, 18.6250374], [73.7877385, 18.6249085], [73.7876984, 18.6243915], [73.7866758, 18.624534], [73.7867832, 18.6250374]]]}}, {"type": "Feature", "properties": {"amenity": "school", "name": "VIBGYOR school", "name:mr": "विबग्योर शाळा", "osm_id": "way/1094976314"}, "geometry": {"type": "Polygon", "coordinates": [[[73.7287161, 18.5963434], [73.7283885, 18.5963427], [73.7280277, 18.5976016], [73.7288297, 18.5975038], [73.7287727, 18.59708], [73.7287161, 18.5963434]]]}}, {"type": "Feature", "properties": {"amenity": "school", "name": "Swami Vivekanand Vidyalay", "name:etymology:wikidata": "Q47478", "osm_id": "way/1096657641"}, "geometry": {"type": "Polygon", "coordinates": [[[73.7771512, 18.5103952], [73.7770424, 18.5109372], [73.7761905, 18.5108198], [73.7762932, 18.5102388], [73.7765704, 18.5102578], [73.7766972, 18.5103437], [73.7771512, 18.5103952]]]}}, {"type": "Feature", "properties": {"addr:city": "Bhukum", "addr:housenumber": "Gat 1164", "addr:postcode": "412115", "amenity": "school", "grades": "0-12", "name": "Sanskriti School", "website": "https://sanskritischoolpune.org/", "osm_id": "way/1097297900"}, "geometry": {"type": "Polygon", "coordinates": [[[73.7195414, 18.5050024], [73.7193215, 18.5053466], [73.7191619, 18.5055926], [73.7193707, 18.5058958], [73.7202991, 18.5064521], [73.7209206, 18.5064836], [73.7214901, 18.5061576], [73.7225607, 18.506021], [73.7227789, 18.5056794], [73.7231165, 18.5047835], [73.7218958, 18.5047391], [73.7213228, 18.5045021], [73.7200193, 18.5038498], [73.7194991, 18.5046753], [73.7196792, 18.5047805], [73.7195414, 18.5050024]]]}}, {"type": "Feature", "properties": {"amenity": "school", "osm_id": "way/1105747977"}, "geometry": {"type": "Polygon", "coordinates": [[[73.8161208, 18.4907411], [73.8156503, 18.4908546], [73.8156324, 18.4905908], [73.8161238, 18.4905417], [73.8161208, 18.4907411]]]}}, {"type": "Feature", "properties": {"amenity": "school", "name": "Vidya Valley School", "website": "https://vidyavalley.com", "osm_id": "way/1117066705"}, "geometry": {"type": "Polygon", "coordinates": [[[73.7553701, 18.5460686], [73.756937, 18.5456873], [73.7567575, 18.5450915], [73.757126, 18.5441091], [73.7572602, 18.5441642], [73.7574362, 18.543051], [73.7569582, 18.5427853], [73.7570332, 18.5426005], [73.7566728, 18.5424419], [73.7568501, 18.542146], [73.7563281, 18.5418798], [73.7559218, 18.5426729], [73.7566277, 18.5429866], [73.7565442, 18.5431705], [73.7567708, 18.54328], [73.7559214, 18.5449969], [73.7553843, 18.5451174], [73.7553301, 18.5456719], [73.7553701, 18.5460686]]]}}, {"type": "Feature", "properties": {"amenity": "school", "name": "Sanskriti School", "osm_id": "way/1117310807"}, "geometry": {"type": "Polygon", "coordinates": [[[73.990352, 18.5861763], [73.9908238, 18.5863448], [73.9915889, 18.5866078], [73.9915657, 18.5866936], [73.991425, 18.5872126], [73.9900781, 18.5869346], [73.990352, 18.5861763]]]}}, {"type": "Feature", "properties": {"amenity": "school", "name": "pratapgad", "operator": "Society of Saint Pius X", "operator:short": "FSSPX", "operator:type": "religious", "operator:wikidata": "Q868160", "osm_id": "way/1122572184"}, "geometry": {"type": "Polygon", "coordinates": [[[73.8283322, 18.6492459], [73.8286748, 18.6490135], [73.8285494, 18.6489171], [73.8282114, 18.6491302], [73.8283322, 18.6492459]]]}}, {"type": "Feature", "properties": {"amenity": "school", "check_date": "2022-12-25", "grades": "1-10", "name": "Dhaniraj school", "name:en": "Dhaniraj school", "name:mr": "धनीराज स्कूल", "osm_id": "way/1124737330"}, "geometry": {"type": "Polygon", "coordinates": [[[73.7729375, 18.6004906], [73.7728719, 18.6005], [73.7728425, 18.6005042], [73.7723915, 18.600569], [73.7723703, 18.6004365], [73.772349, 18.6003029], [73.772895, 18.6002245], [73.7729375, 18.6004906]]]}}, {"type": "Feature", "properties": {"addr:city": "akurdi", "addr:postcode": "411044", "addr:street": "Old Pune–Mumbai Highway", "amenity": "school", "building": "yes", "grades": "0-12", "name": "Cambridge school ground", "operator": "school", "operator:type": "private", "religion": "hindu", "osm_id": "way/1136404815"}, "geometry": {"type": "Polygon", "coordinates": [[[73.7827202, 18.6492813], [73.7829259, 18.6492471], [73.7829368, 18.6492813], [73.7831461, 18.6492403], [73.7831244, 18.6489975], [73.7830631, 18.6490009], [73.7830739, 18.6489188], [73.7826805, 18.6490231], [73.7827202, 18.6492813]]]}}, {"type": "Feature", "properties": {"addr:neighbourhood": "Venunagar", "amenity": "school", "check_date": "2023-02-12", "name": "Infant Jesus high school", "name:en": "Infant Jesus high school", "name:mr": "इंफंट जिजस शाळा", "operator:type": "private", "religion": "christian", "osm_id": "way/1144239558"}, "geometry": {"type": "Polygon", "coordinates": [[[73.7706196, 18.60302], [73.7712809, 18.6029386], [73.7712614, 18.6027721], [73.7716267, 18.6027219], [73.7716549, 18.6029182], [73.7716685, 18.6030134], [73.7712975, 18.6030653], [73.7713145, 18.6032044], [73.7708742, 18.6032866], [73.7706725, 18.6033766], [73.7706555, 18.6032831], [73.7706513, 18.6032537], [73.7706196, 18.60302]]]}}, {"type": "Feature", "properties": {"amenity": "school", "name": "Mount Litera School", "name:mr": "माउंट लिटेरा स्कूल", "osm_id": "way/1144240959"}, "geometry": {"type": "Polygon", "coordinates": [[[73.7707676, 18.5989911], [73.7700675, 18.5990808], [73.7700714, 18.5991102], [73.7701191, 18.599471], [73.7701226, 18.5994978], [73.7708255, 18.5994184], [73.7707676, 18.5989911]]]}}, {"type": "Feature", "properties": {"addr:city": "Pune", "addr:district": "Pune", "addr:housenumber": "Sector 29", "addr:postcode": "411044", "addr:street": "Akurdi, Ravet Road", "amenity": "school", "building": "yes", "email": "dypdss@dypakurdipune.edu.in", "name": "D. Y. Patil Dnyanshanti School", "website": "https://dypdss.edu.in/", "osm_id": "way/1162009042"}, "geometry": {"type": "Polygon", "coordinates": [[[73.7592536, 18.6478902], [73.7592853, 18.6478859], [73.7597709, 18.6477802], [73.759798, 18.6477659], [73.7598086, 18.6477459], [73.7598026, 18.6477187], [73.7597015, 18.6476173], [73.7595281, 18.6474129], [73.759415, 18.6473215], [73.7593878, 18.6473043], [73.7593712, 18.6473043], [73.7593118, 18.6475114], [73.7592807, 18.6476201], [73.7592114, 18.6478116], [73.7592265, 18.6478502], [73.7592536, 18.6478902]]]}}, {"type": "Feature", "properties": {"amenity": "school", "name": "Ryan International School", "name:mr": "रायन इंटरनॅशनल स्कूल", "osm_id": "way/1172951517"}, "geometry": {"type": "Polygon", "coordinates": [[[73.7669338, 18.5116395], [73.7670659, 18.5122652], [73.767259, 18.5122328], [73.7673247, 18.512496], [73.7672811, 18.5127428], [73.7681381, 18.5131389], [73.7683647, 18.5127097], [73.7681998, 18.512615], [73.7681535, 18.5125558], [73.7678973, 18.5120141], [73.7678276, 18.5118831], [73.7677384, 18.511754], [73.767263, 18.5111468], [73.7672033, 18.5111302], [73.767198, 18.5111639], [73.7672295, 18.5116707], [73.7669331, 18.5116256], [73.7669338, 18.5116395]]]}}, {"type": "Feature", "properties": {"amenity": "school", "building": "yes", "name": "Helios International School", "osm_id": "way/1197605287"}, "geometry": {"type": "Polygon", "coordinates": [[[73.8113739, 18.4737635], [73.8118145, 18.4737635], [73.8118145, 18.4736214], [73.8120746, 18.4736214], [73.8120746, 18.4739111], [73.8113738, 18.4739111], [73.8113739, 18.4737635]]]}}, {"type": "Feature", "properties": {"addr:city": "Pune", "addr:district": "Pune", "addr:postcode": "412307", "addr:street": "Manjari BK", "amenity": "school", "name": "K K Ghule School", "osm_id": "way/1215214577"}, "geometry": {"type": "Polygon", "coordinates": [[[73.9816999, 18.5214662], [73.9824697, 18.5254006], [73.9836767, 18.5251056], [73.9835239, 18.5242841], [73.9832369, 18.5239026], [73.9831162, 18.5236229], [73.9831457, 18.5228701], [73.9840952, 18.5225013], [73.9839879, 18.5223716], [73.9833656, 18.5219494], [73.9825314, 18.521367], [73.9824376, 18.5213823], [73.9822874, 18.5214382], [73.9821935, 18.5214586], [73.9820996, 18.5214764], [73.9819306, 18.5214814], [73.9818072, 18.5214713], [73.9816999, 18.5214662]]]}}, {"type": "Feature", "properties": {"addr:city": "Pune", "addr:district": "Pune", "addr:postcode": "412307", "addr:street": "Bhapkar Mala", "amenity": "school", "name": "Z P School", "osm_id": "way/1215215267"}, "geometry": {"type": "Polygon", "coordinates": [[[73.9895414, 18.5090354], [73.9895535, 18.5088841], [73.9897117, 18.5088739], [73.9896943, 18.5090291], [73.9895414, 18.5090354]]]}}, {"type": "Feature", "properties": {"amenity": "school", "name": "Bharti school ground", "osm_id": "way/1231306120"}, "geometry": {"type": "Polygon", "coordinates": [[[73.8544088, 18.4561583], [73.8545868, 18.4561769], [73.8547609, 18.4554156], [73.8544287, 18.4554486], [73.8544088, 18.4561583]]]}}, {"type": "Feature", "properties": {"addr:city": "Pune", "addr:district": "Pune", "addr:postcode": "411023", "addr:street": "New Ahire Gaon Road", "amenity": "school", "name": "Late Gulabrao Tukaram Wanjale School Ground", "osm_id": "way/1245480881"}, "geometry": {"type": "Polygon", "coordinates": [[[73.7958759, 18.4745671], [73.7959098, 18.4742559], [73.7953383, 18.4741682], [73.7953152, 18.4742237], [73.7958759, 18.4745671]]]}}, {"type": "Feature", "properties": {"access": "private", "amenity": "school", "name": "Nanded City Ground", "osm_id": "way/1271173140"}, "geometry": {"type": "Polygon", "coordinates": [[[73.7884899, 18.4616778], [73.7883498, 18.4615293], [73.7883311, 18.4614171], [73.7883609, 18.4612706], [73.7884899, 18.4611868], [73.7886424, 18.4611248], [73.7890285, 18.461175], [73.7894318, 18.4612393], [73.7897375, 18.4613035], [73.7898449, 18.4614212], [73.7898717, 18.4615785], [73.78983, 18.4617108], [73.7896891, 18.4618122], [73.7894636, 18.4618495], [73.789088, 18.4617996], [73.7884899, 18.4616778]]]}}, {"type": "Feature", "properties": {"amenity": "school", "osm_id": "way/1271897720"}, "geometry": {"type": "Polygon", "coordinates": [[[73.9558262, 18.5272742], [73.9560515, 18.527241], [73.9560289, 18.5271031], [73.9558037, 18.5271362], [73.9558262, 18.5272742]]]}}, {"type": "Feature", "properties": {"amenity": "school", "check_date": "2026-03-15", "name": "vision school ground", "osm_id": "way/1271971192"}, "geometry": {"type": "Polygon", "coordinates": [[[73.8343742, 18.4454997], [73.8343214, 18.4449385], [73.8343681, 18.4448826], [73.8343661, 18.4447515], [73.8343946, 18.4447303], [73.8343946, 18.4446358], [73.8346832, 18.4446146], [73.8347056, 18.4449385], [73.8346629, 18.4452374], [73.8346202, 18.4454418], [73.8343742, 18.4454997]]]}}, {"type": "Feature", "properties": {"addr:city": "Manjari Bk", "addr:district": "Pune", "addr:postcode": "412307", "amenity": "school", "building": "school", "name": "Orchids The International School Ground", "osm_id": "way/1272484689"}, "geometry": {"type": "Polygon", "coordinates": [[[73.9619603, 18.5064313], [73.9619079, 18.5059668], [73.9626967, 18.5058762], [73.9627429, 18.5063787], [73.9623793, 18.506408], [73.9619603, 18.5064313]]]}}, {"type": "Feature", "properties": {"addr:city": "Pune", "addr:district": "Pune", "addr:street": "Old Pune–Mumbai Highway", "amenity": "school", "contact:facebook": "allsaintskhadki", "name": "All Saints' High School", "name:en": "All Saints' High School", "start_date": "1966", "osm_id": "way/1272877055"}, "geometry": {"type": "Polygon", "coordinates": [[[73.8454018, 18.5586869], [73.8464473, 18.5578292], [73.8463356, 18.5591762], [73.8454018, 18.5586869]]]}}, {"type": "Feature", "properties": {"amenity": "school", "osm_id": "way/1274590541"}, "geometry": {"type": "Polygon", "coordinates": [[[73.999195, 18.5904356], [73.9997472, 18.5905574], [73.9998523, 18.5905463], [73.999904, 18.5904324], [73.9999291, 18.5903518], [73.9999174, 18.590317], [73.9996638, 18.5902332], [73.9993184, 18.5901146], [73.99924, 18.5901146], [73.9991983, 18.590151], [73.999165, 18.5902364], [73.9991499, 18.5903107], [73.9991533, 18.5903961], [73.999195, 18.5904356]]]}}, {"type": "Feature", "properties": {"addr:housenumber": "FWHX+3W2, Suresh Nagar", "amenity": "school", "building": "yes", "name": "Little Flowers English Medium School CBSE", "osm_id": "way/1276369244"}, "geometry": {"type": "Polygon", "coordinates": [[[73.9495158, 18.4777119], [73.9497318, 18.4775494], [73.9498302, 18.4776672], [73.9496142, 18.4778296], [73.9495158, 18.4777119]]]}}, {"type": "Feature", "properties": {"addr:city": "Wagholi, Pune, Maharashtra", "addr:postcode": "412207", "addr:street": "Lohgaon - Wagholi Road", "amenity": "school", "name": "Suyog Sunderji Wisdom School", "osm_id": "way/1279597430"}, "geometry": {"type": "Polygon", "coordinates": [[[73.9650595, 18.5874668], [73.9650082, 18.5871229], [73.9656683, 18.5869267], [73.9656983, 18.5873091], [73.9651869, 18.587336], [73.9651869, 18.5874584], [73.9650595, 18.5874668]]]}}, {"type": "Feature", "properties": {"addr:city": "Pune", "addr:district": "Pune", "addr:postcode": "411020", "amenity": "school", "brand": "Kendriya Vidyalaya", "brand:wikidata": "Q1156653", "education": "school", "name": "Kendriya Vidyalaya Range Hill Estate", "operator": "government", "osm_id": "way/1283234649"}, "geometry": {"type": "Polygon", "coordinates": [[[73.8403709, 18.5541754], [73.8403667, 18.5542711], [73.8431248, 18.5546118], [73.8431253, 18.55333], [73.8414907, 18.5532947], [73.8403709, 18.5541754]]]}}, {"type": "Feature", "properties": {"addr:city": "Pune", "addr:district": "Pune", "addr:postcode": "411047", "addr:street": "Porwal Sathe Wasti Road", "amenity": "school", "building": "yes", "grades": "0-12", "name": "Shantiniketan School of Unique Learning", "operator": "FLY Foundation", "operator:type": "private", "website": "https://shantiniketanschool.com", "osm_id": "way/1378475733"}, "geometry": {"type": "Polygon", "coordinates": [[[73.9117318, 18.6023154], [73.9119412, 18.6023138], [73.9119069, 18.6020892], [73.9117266, 18.602169], [73.9117318, 18.6023154]]]}}, {"type": "Feature", "properties": {"amenity": "school", "name": "Dr. Kalmadi Shamarao High School", "name:en": "Dr. Kalmadi Shamarao High School", "osm_id": "way/1379102902"}, "geometry": {"type": "Polygon", "coordinates": [[[73.7846521, 18.5651929], [73.7846536, 18.5647755], [73.7842807, 18.5647779], [73.7842879, 18.5651953], [73.7846521, 18.5651929]]]}}, {"type": "Feature", "properties": {"amenity": "school", "osm_id": "way/1386960250"}, "geometry": {"type": "Polygon", "coordinates": [[[73.8111247, 18.4739535], [73.8111324, 18.4735667], [73.8121482, 18.4735364], [73.8121345, 18.4739443], [73.8111247, 18.4739535]]]}}, {"type": "Feature", "properties": {"amenity": "school", "name": "Pune International School", "osm_id": "way/1410322284"}, "geometry": {"type": "Polygon", "coordinates": [[[73.896059, 18.5776077], [73.8964934, 18.5775873], [73.8965279, 18.5780222], [73.8965606, 18.5784169], [73.8961239, 18.5784469], [73.896059, 18.5776077]]]}}, {"type": "Feature", "properties": {"amenity": "school", "name": "Rosary School", "osm_id": "way/1410504206"}, "geometry": {"type": "Polygon", "coordinates": [[[73.7886756, 18.4915902], [73.788408, 18.4914185], [73.7881125, 18.4916116], [73.7888533, 18.4921368], [73.7890662, 18.491868], [73.7886756, 18.4915902]]]}}, {"type": "Feature", "properties": {"amenity": "school", "education": "school", "name": "Genba Sopanrao Moze College of Engineering", "osm_id": "way/1410817599"}, "geometry": {"type": "Polygon", "coordinates": [[[73.7678032, 18.5750098], [73.7678001, 18.5730131], [73.7683997, 18.5730273], [73.7690386, 18.5730887], [73.769114, 18.5750758], [73.7690278, 18.5750894], [73.768633, 18.5750748], [73.7682147, 18.5750428], [73.7681972, 18.5750413], [73.7681583, 18.5750389], [73.7681172, 18.5750357], [73.7678032, 18.5750098]]]}}, {"type": "Feature", "properties": {"addr:city": "Pimpri-Chinchwad", "addr:housenumber": "Phase 1", "addr:postcode": "411057", "addr:street": "Blue Ridge Approach Road", "amenity": "school", "education": "school", "name": "Blue Ridge Public School", "name:en": "Blue Ridge Public School", "name:mr": "ब्लू रिज शाळा", "osm_id": "way/1410838194"}, "geometry": {"type": "Polygon", "coordinates": [[[73.7410359, 18.5781341], [73.7410341, 18.5792354], [73.741556, 18.5791872], [73.7420168, 18.5791509], [73.7430505, 18.5791294], [73.7431032, 18.5779072], [73.7425575, 18.5778778], [73.7425469, 18.578106], [73.7423796, 18.5780981], [73.7424022, 18.5776428], [73.7421341, 18.5774753], [73.7419871, 18.5776282], [73.741657, 18.5778382], [73.7415774, 18.5778758], [73.7414855, 18.5779223], [73.7412975, 18.578014], [73.7410359, 18.5781341]]]}}, {"type": "Feature", "properties": {"amenity": "school", "name": "Shree Ram Hill View Preschool", "osm_id": "way/1411074154"}, "geometry": {"type": "Polygon", "coordinates": [[[73.9189431, 18.6018868], [73.919147, 18.6018844], [73.9191463, 18.6020545], [73.9189548, 18.6020609], [73.9189431, 18.6018868]]]}}, {"type": "Feature", "properties": {"amenity": "school", "name": "Crimson Anisha Global School", "osm_id": "way/1411846478"}, "geometry": {"type": "Polygon", "coordinates": [[[73.7131376, 18.6232001], [73.7143146, 18.62277], [73.7139222, 18.6218804], [73.7138096, 18.6215779], [73.7136648, 18.6215652], [73.713227, 18.6207472], [73.7128507, 18.6211042], [73.7123296, 18.6216279], [73.7131376, 18.6232001]]]}}, {"type": "Feature", "properties": {"amenity": "school", "name": "MODERN ENGLISH MEDIUM SCHOOL (NCL SCHOOL)", "osm_id": "way/1432747071"}, "geometry": {"type": "Polygon", "coordinates": [[[73.8145774, 18.541001], [73.8152553, 18.5411543], [73.8153877, 18.5411621], [73.8156862, 18.5407351], [73.8157201, 18.5406124], [73.8157386, 18.5399727], [73.8152949, 18.5399259], [73.8152549, 18.540001], [73.8145774, 18.541001]]]}}, {"type": "Feature", "properties": {"amenity": "school", "education": "school", "name": "narayanrao genba moze school ground", "osm_id": "way/1458952920"}, "geometry": {"type": "Polygon", "coordinates": [[[73.8924064, 18.5902485], [73.8926639, 18.5902281], [73.8926451, 18.5898163], [73.8924305, 18.5898087], [73.8924064, 18.5902485]]]}}, {"type": "Feature", "properties": {"addr:city": "Pune", "addr:district": "Pune", "addr:postcode": "411014", "amenity": "school", "check_date": "2026-03-09", "education": "school", "osm_id": "way/1459190962"}, "geometry": {"type": "Polygon", "coordinates": [[[73.9134292, 18.551529], [73.9133627, 18.5513243], [73.9135162, 18.5512778], [73.9135757, 18.5514875], [73.9134292, 18.551529]]]}}, {"type": "Feature", "properties": {"amenity": "school", "education": "school", "name": "P K International School", "osm_id": "way/1459443713"}, "geometry": {"type": "Polygon", "coordinates": [[[73.7966359, 18.5952906], [73.7973352, 18.59521], [73.7972418, 18.5944077], [73.7965087, 18.5945388], [73.7966359, 18.5952906]]]}}, {"type": "Feature", "properties": {"addr:city": "pune", "addr:district": "haveli", "addr:street": "Vaishnao Mata Marg", "amenity": "school", "education": "school", "osm_id": "way/1459987738"}, "geometry": {"type": "Polygon", "coordinates": [[[73.8455743, 18.6394407], [73.8456121, 18.6396866], [73.845999, 18.6396173], [73.8459566, 18.6393691], [73.8455743, 18.6394407]]]}}, {"type": "Feature", "properties": {"amenity": "school", "check_date": "2026-03-13", "education": "school", "osm_id": "way/1460410123"}, "geometry": {"type": "Polygon", "coordinates": [[[73.8995894, 18.5492176], [73.9000272, 18.5488302], [73.9003448, 18.5491379], [73.8999315, 18.5495109], [73.8995894, 18.5492176]]]}}, {"type": "Feature", "properties": {"amenity": "school", "education": "school", "name": "Global Indian International school", "name:en": "Global Indian International school", "osm_id": "way/1460508464"}, "geometry": {"type": "Polygon", "coordinates": [[[73.7380033, 18.5666901], [73.7371651, 18.5665405], [73.7370347, 18.5671971], [73.737873, 18.5673467], [73.7380033, 18.5666901]]]}}, {"type": "Feature", "properties": {"addr:city": "Pune", "addr:district": "Pune", "addr:postcode": "411033", "addr:street": "Yashopuram Road", "amenity": "school", "education": "school", "name": "Orchids International School Ground", "osm_id": "way/1481309682"}, "geometry": {"type": "Polygon", "coordinates": [[[73.793489, 18.6278311], [73.7932857, 18.6271704], [73.7935479, 18.6271049], [73.7937309, 18.6276963], [73.793489, 18.6278311]]]}}, {"type": "Feature", "properties": {"addr:city": "Pune", "addr:district": "Pune", "addr:postcode": "411033", "addr:street": "Yashopuram Road", "amenity": "school", "building": "yes", "education": "school", "name": "Orchids International School", "osm_id": "way/1481316890"}, "geometry": {"type": "Polygon", "coordinates": [[[73.7939045, 18.6290878], [73.7935682, 18.6280988], [73.793706, 18.6279727], [73.7938228, 18.6279461], [73.7942396, 18.6294645], [73.7940591, 18.6295114], [73.7939045, 18.6290878]]]}}, {"type": "Feature", "properties": {"addr:city": "Wagholi", "addr:district": "Pune", "addr:postcode": "412207", "addr:street": "Nagar Road", "amenity": "school", "education": "school", "name": "Lexikon International School", "osm_id": "way/1489250514"}, "geometry": {"type": "Polygon", "coordinates": [[[73.9961946, 18.5879256], [73.9964012, 18.5881697], [73.9964627, 18.5881672], [73.9968587, 18.588151], [73.997458, 18.5881265], [73.9975035, 18.5875087], [73.9974472, 18.587318], [73.9961678, 18.5873917], [73.9961946, 18.5879256]]]}}, {"type": "Feature", "properties": {"amenity": "school", "education": "school", "name": "Army Public School, Pune", "operator": "Army Welfare Education Society", "operator:type": "private_aided", "osm_id": "way/1493317054"}, "geometry": {"type": "Polygon", "coordinates": [[[73.8940068, 18.5219874], [73.895095, 18.521899], [73.8953825, 18.525119], [73.8941679, 18.5249903], [73.8942189, 18.5248756], [73.8942743, 18.5247187], [73.8940068, 18.5219874]]]}}, {"type": "Feature", "properties": {"amenity": "school", "education": "school", "osm_id": "way/1517384413"}, "geometry": {"type": "Polygon", "coordinates": [[[73.8428441, 18.4575301], [73.8428363, 18.4572755], [73.8436174, 18.457259], [73.8436205, 18.4575036], [73.8428441, 18.4575301]]]}}]}