{"type":"FeatureCollection","features":[{"type":"Feature","properties":{"route_id":"16111","route_short_name":"16111","route_long_name":"TPTY-PDY MEMU EXP","operator":"Indian Railways","mode":"suburban_rail","source":"MobilityData Indian Railways GTFS (unofficial data)"},"geometry":{"type":"LineString","coordinates":[[79.9066,12.7663],[79.9294,12.7547],[79.981499,12.692844]]}},{"type":"Feature","properties":{"route_id":"16112","route_short_name":"16112","route_long_name":"PDY-TPTY MEMU EXP","operator":"Indian Railways","mode":"suburban_rail","source":"MobilityData Indian Railways GTFS (unofficial data)"},"geometry":{"type":"LineString","coordinates":[[79.981499,12.692844],[79.94751,12.737303],[79.9294,12.7547],[79.9066,12.7663],[79.8773,12.7767]]}},{"type":"Feature","properties":{"route_id":"40001","route_short_name":"40001","route_long_name":"MSB-TBM EMU LOCAL","operator":"Indian Railways","mode":"suburban_rail","source":"MobilityData Indian Railways GTFS (unofficial data)"},"geometry":{"type":"LineString","coordinates":[[80.291691,13.09043],[80.282636,13.08324],[80.2728,13.0806],[80.260363,13.077848],[80.24296,13.074253],[80.232832,13.065453],[80.230815,13.052076],[80.227704,13.037694],[80.224013,13.02398],[80.212362,13.008112],[80.199552,12.995066],[80.186291,12.989755],[80.174875,12.98457],[80.165691,12.98022],[80.152731,12.968553],[80.141187,12.951657],[80.131574,12.937938],[80.118055,12.925766]]}},{"type":"Feature","properties":{"route_id":"40002","route_short_name":"40002","route_long_name":"TBM-MSB EMU LOCAL","operator":"Indian Railways","mode":"suburban_rail","source":"MobilityData Indian Railways GTFS (unofficial data)"},"geometry":{"type":"LineString","coordinates":[[80.118055,12.925766],[80.131574,12.937938],[80.141187,12.951657],[80.152731,12.968553],[80.165691,12.98022],[80.174875,12.98457],[80.186291,12.989755],[80.199552,12.995066],[80.212362,13.008112],[80.224013,13.02398],[80.227704,13.037694],[80.230815,13.052076],[80.232832,13.065453],[80.24296,13.074253],[80.260363,13.077848],[80.2728,13.0806],[80.282636,13.08324],[80.291691,13.09043]]}},{"type":"Feature","properties":{"route_id":"40003","route_short_name":"40003","route_long_name":"MSB-TBM EMU LOCAL","operator":"Indian Railways","mode":"suburban_rail","source":"MobilityData Indian Railways GTFS (unofficial data)"},"geometry":{"type":"LineString","coordinates":[[80.291691,13.09043],[80.282636,13.08324],[80.2728,13.0806],[80.260363,13.077848],[80.24296,13.074253],[80.232832,13.065453],[80.230815,13.052076],[80.227704,13.037694],[80.224013,13.02398],[80.212362,13.008112],[80.199552,12.995066],[80.186291,12.989755],[80.174875,12.98457],[80.165691,12.98022],[80.152731,12.968553],[80.141187,12.951657],[80.131574,12.937938],[80.118055,12.925766]]}},{"type":"Feature","properties":{"route_id":"40004","route_short_name":"40004","route_long_name":"TBM-MSB EMU LOCAL","operator":"Indian Railways","mode":"suburban_rail","source":"MobilityData Indian Railways GTFS (unofficial data)"},"geometry":{"type":"LineString","coordinates":[[80.118055,12.925766],[80.131574,12.937938],[80.141187,12.951657],[80.152731,12.968553],[80.165691,12.98022],[80.174875,12.98457],[80.186291,12.989755],[80.199552,12.995066],[80.212362,13.008112],[80.224013,13.02398],[80.227704,13.037694],[80.230815,13.052076],[80.232832,13.065453],[80.24296,13.074253],[80.260363,13.077848],[80.2728,13.0806],[80.282636,13.08324],[80.291691,13.09043]]}},{"type":"Feature","properties":{"route_id":"40005","route_short_name":"40005","route_long_name":"MSB-TBM EMU LOCAL","operator":"Indian Railways","mode":"suburban_rail","source":"MobilityData Indian Railways GTFS (unofficial data)"},"geometry":{"type":"LineString","coordinates":[[80.291691,13.09043],[80.282636,13.08324],[80.2728,13.0806],[80.260363,13.077848],[80.24296,13.074253],[80.232832,13.065453],[80.230815,13.052076],[80.227704,13.037694],[80.224013,13.02398],[80.212362,13.008112],[80.199552,12.995066],[80.186291,12.989755],[80.174875,12.98457],[80.165691,12.98022],[80.152731,12.968553],[80.141187,12.951657],[80.131574,12.937938],[80.118055,12.925766]]}},{"type":"Feature","properties":{"route_id":"40006","route_short_name":"40006","route_long_name":"TBM-MSB EMU LOCAL","operator":"Indian Railways","mode":"suburban_rail","source":"MobilityData Indian Railways GTFS (unofficial data)"},"geometry":{"type":"LineString","coordinates":[[80.118055,12.925766],[80.131574,12.937938],[80.141187,12.951657],[80.152731,12.968553],[80.165691,12.98022],[80.174875,12.98457],[80.186291,12.989755],[80.199552,12.995066],[80.212362,13.008112],[80.224013,13.02398],[80.227704,13.037694],[80.230815,13.052076],[80.232832,13.065453],[80.24296,13.074253],[80.260363,13.077848],[80.2728,13.0806],[80.282636,13.08324],[80.291691,13.09043]]}},{"type":"Feature","properties":{"route_id":"40007","route_short_name":"40007","route_long_name":"MSB-TBM EMU LOCAL","operator":"Indian Railways","mode":"suburban_rail","source":"MobilityData Indian Railways GTFS (unofficial data)"},"geometry":{"type":"LineString","coordinates":[[80.291691,13.09043],[80.282636,13.08324],[80.2728,13.0806],[80.260363,13.077848],[80.24296,13.074253],[80.232832,13.065453],[80.230815,13.052076],[80.227704,13.037694],[80.224013,13.02398],[80.212362,13.008112],[80.199552,12.995066],[80.186291,12.989755],[80.174875,12.98457],[80.165691,12.98022],[80.152731,12.968553],[80.141187,12.951657],[80.131574,12.937938],[80.118055,12.925766]]}},{"type":"Feature","properties":{"route_id":"40008","route_short_name":"40008","route_long_name":"TBM-MSB EMU LOCAL","operator":"Indian Railways","mode":"suburban_rail","source":"MobilityData Indian Railways GTFS (unofficial data)"},"geometry":{"type":"LineString","coordinates":[[80.118055,12.925766],[80.131574,12.937938],[80.141187,12.951657],[80.152731,12.968553],[80.165691,12.98022],[80.174875,12.98457],[80.186291,12.989755],[80.199552,12.995066],[80.212362,13.008112],[80.224013,13.02398],[80.227704,13.037694],[80.230815,13.052076],[80.232832,13.065453],[80.24296,13.074253],[80.260363,13.077848],[80.2728,13.0806],[80.282636,13.08324],[80.291691,13.09043]]}},{"type":"Feature","properties":{"route_id":"40009","route_short_name":"40009","route_long_name":"MSB-TBM EMU LOCAL","operator":"Indian Railways","mode":"suburban_rail","source":"MobilityData Indian Railways GTFS (unofficial data)"},"geometry":{"type":"LineString","coordinates":[[80.291691,13.09043],[80.282636,13.08324],[80.2728,13.0806],[80.260363,13.077848],[80.24296,13.074253],[80.232832,13.065453],[80.230815,13.052076],[80.227704,13.037694],[80.224013,13.02398],[80.212362,13.008112],[80.199552,12.995066],[80.186291,12.989755],[80.174875,12.98457],[80.165691,12.98022],[80.152731,12.968553],[80.141187,12.951657],[80.131574,12.937938],[80.118055,12.925766]]}},{"type":"Feature","properties":{"route_id":"40010","route_short_name":"40010","route_long_name":"TBM-MSB EMU LOCAL","operator":"Indian Railways","mode":"suburban_rail","source":"MobilityData Indian Railways GTFS (unofficial data)"},"geometry":{"type":"LineString","coordinates":[[80.118055,12.925766],[80.131574,12.937938],[80.141187,12.951657],[80.152731,12.968553],[80.165691,12.98022],[80.174875,12.98457],[80.186291,12.989755],[80.199552,12.995066],[80.212362,13.008112],[80.224013,13.02398],[80.227704,13.037694],[80.230815,13.052076],[80.232832,13.065453],[80.24296,13.074253],[80.260363,13.077848],[80.2728,13.0806],[80.282636,13.08324],[80.291691,13.09043]]}},{"type":"Feature","properties":{"route_id":"40011","route_short_name":"40011","route_long_name":"MSB-TBM EMU LOCAL","operator":"Indian Railways","mode":"suburban_rail","source":"MobilityData Indian Railways GTFS (unofficial data)"},"geometry":{"type":"LineString","coordinates":[[80.291691,13.09043],[80.282636,13.08324],[80.2728,13.0806],[80.260363,13.077848],[80.24296,13.074253],[80.232832,13.065453],[80.230815,13.052076],[80.227704,13.037694],[80.224013,13.02398],[80.212362,13.008112],[80.199552,12.995066],[80.186291,12.989755],[80.174875,12.98457],[80.165691,12.98022],[80.152731,12.968553],[80.141187,12.951657],[80.131574,12.937938],[80.118055,12.925766]]}},{"type":"Feature","properties":{"route_id":"40012","route_short_name":"40012","route_long_name":"TBM-MSB EMU LOCAL","operator":"Indian Railways","mode":"suburban_rail","source":"MobilityData Indian Railways GTFS (unofficial data)"},"geometry":{"type":"LineString","coordinates":[[80.118055,12.925766],[80.131574,12.937938],[80.141187,12.951657],[80.152731,12.968553],[80.165691,12.98022],[80.174875,12.98457],[80.186291,12.989755],[80.199552,12.995066],[80.212362,13.008112],[80.224013,13.02398],[80.227704,13.037694],[80.230815,13.052076],[80.232832,13.065453],[80.24296,13.074253],[80.260363,13.077848],[80.2728,13.0806],[80.282636,13.08324],[80.291691,13.09043]]}},{"type":"Feature","properties":{"route_id":"40013","route_short_name":"40013","route_long_name":"MSB-TBM EMU LOCAL","operator":"Indian Railways","mode":"suburban_rail","source":"MobilityData Indian Railways GTFS (unofficial data)"},"geometry":{"type":"LineString","coordinates":[[80.291691,13.09043],[80.282636,13.08324],[80.2728,13.0806],[80.260363,13.077848],[80.24296,13.074253],[80.232832,13.065453],[80.230815,13.052076],[80.227704,13.037694],[80.224013,13.02398],[80.212362,13.008112],[80.199552,12.995066],[80.186291,12.989755],[80.174875,12.98457],[80.165691,12.98022],[80.152731,12.968553],[80.141187,12.951657],[80.131574,12.937938],[80.118055,12.925766]]}},{"type":"Feature","properties":{"route_id":"40014","route_short_name":"40014","route_long_name":"TBM-MSB EMU LOCAL","operator":"Indian Railways","mode":"suburban_rail","source":"MobilityData Indian Railways GTFS (unofficial data)"},"geometry":{"type":"LineString","coordinates":[[80.118055,12.925766],[80.131574,12.937938],[80.141187,12.951657],[80.152731,12.968553],[80.165691,12.98022],[80.174875,12.98457],[80.186291,12.989755],[80.199552,12.995066],[80.212362,13.008112],[80.224013,13.02398],[80.227704,13.037694],[80.230815,13.052076],[80.232832,13.065453],[80.24296,13.074253],[80.260363,13.077848],[80.2728,13.0806],[80.282636,13.08324],[80.291691,13.09043]]}},{"type":"Feature","properties":{"route_id":"40015","route_short_name":"40015","route_long_name":"MSB-TBM EMU LOCAL","operator":"Indian Railways","mode":"suburban_rail","source":"MobilityData Indian Railways GTFS (unofficial data)"},"geometry":{"type":"LineString","coordinates":[[80.291691,13.09043],[80.282636,13.08324],[80.2728,13.0806],[80.260363,13.077848],[80.24296,13.074253],[80.232832,13.065453],[80.230815,13.052076],[80.227704,13.037694],[80.224013,13.02398],[80.212362,13.008112],[80.199552,12.995066],[80.186291,12.989755],[80.174875,12.98457],[80.165691,12.98022],[80.152731,12.968553],[80.141187,12.951657],[80.131574,12.937938],[80.118055,12.925766]]}},{"type":"Feature","properties":{"route_id":"40016","route_short_name":"40016","route_long_name":"TBM-MSB EMU LOCAL","operator":"Indian Railways","mode":"suburban_rail","source":"MobilityData Indian Railways GTFS (unofficial data)"},"geometry":{"type":"LineString","coordinates":[[80.118055,12.925766],[80.131574,12.937938],[80.141187,12.951657],[80.152731,12.968553],[80.165691,12.98022],[80.174875,12.98457],[80.186291,12.989755],[80.199552,12.995066],[80.212362,13.008112],[80.224013,13.02398],[80.227704,13.037694],[80.230815,13.052076],[80.232832,13.065453],[80.24296,13.074253],[80.260363,13.077848],[80.2728,13.0806],[80.282636,13.08324],[80.291691,13.09043]]}},{"type":"Feature","properties":{"route_id":"40017","route_short_name":"40017","route_long_name":"MSB-TBM EMU LOCAL","operator":"Indian Railways","mode":"suburban_rail","source":"MobilityData Indian Railways GTFS (unofficial data)"},"geometry":{"type":"LineString","coordinates":[[80.291691,13.09043],[80.282636,13.08324],[80.2728,13.0806],[80.260363,13.077848],[80.24296,13.074253],[80.232832,13.065453],[80.230815,13.052076],[80.227704,13.037694],[80.224013,13.02398],[80.212362,13.008112],[80.199552,12.995066],[80.186291,12.989755],[80.174875,12.98457],[80.165691,12.98022],[80.152731,12.968553],[80.141187,12.951657],[80.131574,12.937938],[80.118055,12.925766]]}},{"type":"Feature","properties":{"route_id":"40019","route_short_name":"40019","route_long_name":"MSB-TBM EMU LOCAL","operator":"Indian Railways","mode":"suburban_rail","source":"MobilityData Indian Railways GTFS (unofficial data)"},"geometry":{"type":"LineString","coordinates":[[80.291691,13.09043],[80.282636,13.08324],[80.2728,13.0806],[80.260363,13.077848],[80.24296,13.074253],[80.232832,13.065453],[80.230815,13.052076],[80.227704,13.037694],[80.224013,13.02398],[80.212362,13.008112],[80.199552,12.995066],[80.186291,12.989755],[80.174875,12.98457],[80.165691,12.98022],[80.152731,12.968553],[80.141187,12.951657],[80.131574,12.937938],[80.118055,12.925766]]}},{"type":"Feature","properties":{"route_id":"40020","route_short_name":"40020","route_long_name":"TBM-MSB LS-GL EMU LOCAL","operator":"Indian Railways","mode":"suburban_rail","source":"MobilityData Indian Railways GTFS (unofficial data)"},"geometry":{"type":"LineString","coordinates":[[80.118055,12.925766],[80.131574,12.937938],[80.141187,12.951657],[80.152731,12.968553],[80.165691,12.98022],[80.174875,12.98457],[80.186291,12.989755],[80.199552,12.995066],[80.212362,13.008112],[80.224013,13.02398],[80.227704,13.037694],[80.230815,13.052076],[80.232832,13.065453],[80.24296,13.074253],[80.260363,13.077848],[80.2728,13.0806],[80.282636,13.08324],[80.291691,13.09043]]}},{"type":"Feature","properties":{"route_id":"40021","route_short_name":"40021","route_long_name":"MSB-TBM EMU LOCAL","operator":"Indian Railways","mode":"suburban_rail","source":"MobilityData Indian Railways GTFS (unofficial data)"},"geometry":{"type":"LineString","coordinates":[[80.291691,13.09043],[80.282636,13.08324],[80.2728,13.0806],[80.260363,13.077848],[80.24296,13.074253],[80.232832,13.065453],[80.230815,13.052076],[80.227704,13.037694],[80.224013,13.02398],[80.212362,13.008112],[80.199552,12.995066],[80.186291,12.989755],[80.174875,12.98457],[80.165691,12.98022],[80.152731,12.968553],[80.141187,12.951657],[80.131574,12.937938],[80.118055,12.925766]]}},{"type":"Feature","properties":{"route_id":"40022","route_short_name":"40022","route_long_name":"TBM-MSB EMU LOCAL","operator":"Indian Railways","mode":"suburban_rail","source":"MobilityData Indian Railways GTFS (unofficial data)"},"geometry":{"type":"LineString","coordinates":[[80.118055,12.925766],[80.131574,12.937938],[80.141187,12.951657],[80.152731,12.968553],[80.165691,12.98022],[80.174875,12.98457],[80.186291,12.989755],[80.199552,12.995066],[80.212362,13.008112],[80.224013,13.02398],[80.227704,13.037694],[80.230815,13.052076],[80.232832,13.065453],[80.24296,13.074253],[80.260363,13.077848],[80.2728,13.0806],[80.282636,13.08324],[80.291691,13.09043]]}},{"type":"Feature","properties":{"route_id":"40024","route_short_name":"40024","route_long_name":"TBM-MSB LS-GL EMU LOCAL","operator":"Indian Railways","mode":"suburban_rail","source":"MobilityData Indian Railways GTFS (unofficial data)"},"geometry":{"type":"LineString","coordinates":[[80.118055,12.925766],[80.131574,12.937938],[80.141187,12.951657],[80.152731,12.968553],[80.165691,12.98022],[80.174875,12.98457],[80.186291,12.989755],[80.199552,12.995066],[80.212362,13.008112],[80.224013,13.02398],[80.227704,13.037694],[80.230815,13.052076],[80.232832,13.065453],[80.24296,13.074253],[80.260363,13.077848],[80.2728,13.0806],[80.282636,13.08324],[80.291691,13.09043]]}},{"type":"Feature","properties":{"route_id":"40026","route_short_name":"40026","route_long_name":"TBM-MSB EMU LOCAL","operator":"Indian Railways","mode":"suburban_rail","source":"MobilityData Indian Railways GTFS (unofficial data)"},"geometry":{"type":"LineString","coordinates":[[80.118055,12.925766],[80.131574,12.937938],[80.141187,12.951657],[80.152731,12.968553],[80.165691,12.98022],[80.174875,12.98457],[80.186291,12.989755],[80.199552,12.995066],[80.212362,13.008112],[80.224013,13.02398],[80.227704,13.037694],[80.230815,13.052076],[80.232832,13.065453],[80.24296,13.074253],[80.260363,13.077848],[80.2728,13.0806],[80.282636,13.08324],[80.291691,13.09043]]}},{"type":"Feature","properties":{"route_id":"40051","route_short_name":"40051","route_long_name":"MSB-TBM FAST EMU LOCAL","operator":"Indian Railways","mode":"suburban_rail","source":"MobilityData Indian Railways GTFS (unofficial data)"},"geometry":{"type":"LineString","coordinates":[[80.291691,13.09043],[80.260363,13.077848],[80.227704,13.037694],[80.212362,13.008112],[80.118055,12.925766]]}},{"type":"Feature","properties":{"route_id":"40052","route_short_name":"40052","route_long_name":"TBM-MSB EMU FAST LOCAL","operator":"Indian Railways","mode":"suburban_rail","source":"MobilityData Indian Railways GTFS (unofficial data)"},"geometry":{"type":"LineString","coordinates":[[80.118055,12.925766],[80.212362,13.008112],[80.227704,13.037694],[80.260363,13.077848],[80.291691,13.09043]]}},{"type":"Feature","properties":{"route_id":"40053","route_short_name":"40053","route_long_name":"MSB-TBM FAST EMU LOCAL","operator":"Indian Railways","mode":"suburban_rail","source":"MobilityData Indian Railways GTFS (unofficial data)"},"geometry":{"type":"LineString","coordinates":[[80.291691,13.09043],[80.260363,13.077848],[80.227704,13.037694],[80.212362,13.008112],[80.118055,12.925766]]}},{"type":"Feature","properties":{"route_id":"40054","route_short_name":"40054","route_long_name":"TBM-MSB EMU FAST LOCAL","operator":"Indian Railways","mode":"suburban_rail","source":"MobilityData Indian Railways GTFS (unofficial data)"},"geometry":{"type":"LineString","coordinates":[[80.118055,12.925766],[80.212362,13.008112],[80.227704,13.037694],[80.260363,13.077848],[80.291691,13.09043]]}},{"type":"Feature","properties":{"route_id":"40055","route_short_name":"40055","route_long_name":"MSB-TBM FAST EMU LOCAL","operator":"Indian Railways","mode":"suburban_rail","source":"MobilityData Indian Railways GTFS (unofficial data)"},"geometry":{"type":"LineString","coordinates":[[80.291691,13.09043],[80.260363,13.077848],[80.227704,13.037694],[80.212362,13.008112],[80.118055,12.925766]]}},{"type":"Feature","properties":{"route_id":"40056","route_short_name":"40056","route_long_name":"TBM-MSB EMU FAST LOCAL","operator":"Indian Railways","mode":"suburban_rail","source":"MobilityData Indian Railways GTFS (unofficial data)"},"geometry":{"type":"LineString","coordinates":[[80.118055,12.925766],[80.212362,13.008112],[80.227704,13.037694],[80.260363,13.077848],[80.291691,13.09043]]}},{"type":"Feature","properties":{"route_id":"40057","route_short_name":"40057","route_long_name":"MSB-TBM FAST EMU LOCAL","operator":"Indian Railways","mode":"suburban_rail","source":"MobilityData Indian Railways GTFS (unofficial data)"},"geometry":{"type":"LineString","coordinates":[[80.291691,13.09043],[80.260363,13.077848],[80.227704,13.037694],[80.212362,13.008112],[80.118055,12.925766]]}},{"type":"Feature","properties":{"route_id":"40058","route_short_name":"40058","route_long_name":"TBM-MSB EMU FAST LOCAL","operator":"Indian Railways","mode":"suburban_rail","source":"MobilityData Indian Railways GTFS (unofficial data)"},"geometry":{"type":"LineString","coordinates":[[80.118055,12.925766],[80.212362,13.008112],[80.227704,13.037694],[80.260363,13.077848],[80.291691,13.09043]]}},{"type":"Feature","properties":{"route_id":"40059","route_short_name":"40059","route_long_name":"MSB-TBM FAST EMU LOCAL","operator":"Indian Railways","mode":"suburban_rail","source":"MobilityData Indian Railways GTFS (unofficial data)"},"geometry":{"type":"LineString","coordinates":[[80.291691,13.09043],[80.260363,13.077848],[80.227704,13.037694],[80.212362,13.008112],[80.118055,12.925766]]}},{"type":"Feature","properties":{"route_id":"40060","route_short_name":"40060","route_long_name":"TBM-MSB EMU FAST LOCAL","operator":"Indian Railways","mode":"suburban_rail","source":"MobilityData Indian Railways GTFS (unofficial data)"},"geometry":{"type":"LineString","coordinates":[[80.118055,12.925766],[80.212362,13.008112],[80.227704,13.037694],[80.260363,13.077848],[80.291691,13.09043]]}},{"type":"Feature","properties":{"route_id":"40061","route_short_name":"40061","route_long_name":"MSB-TBM FAST EMU LOCAL","operator":"Indian Railways","mode":"suburban_rail","source":"MobilityData Indian Railways GTFS (unofficial data)"},"geometry":{"type":"LineString","coordinates":[[80.291691,13.09043],[80.260363,13.077848],[80.227704,13.037694],[80.212362,13.008112],[80.118055,12.925766]]}},{"type":"Feature","properties":{"route_id":"40062","route_short_name":"40062","route_long_name":"TBM-MSB EMU FAST LOCAL","operator":"Indian Railways","mode":"suburban_rail","source":"MobilityData Indian Railways GTFS (unofficial data)"},"geometry":{"type":"LineString","coordinates":[[80.118055,12.925766],[80.212362,13.008112],[80.227704,13.037694],[80.260363,13.077848],[80.291691,13.09043]]}},{"type":"Feature","properties":{"route_id":"40063","route_short_name":"40063","route_long_name":"MSB-TBM EMU FAST LOCAL","operator":"Indian Railways","mode":"suburban_rail","source":"MobilityData Indian Railways GTFS (unofficial data)"},"geometry":{"type":"LineString","coordinates":[[80.291691,13.09043],[80.260363,13.077848],[80.227704,13.037694],[80.212362,13.008112],[80.118055,12.925766]]}},{"type":"Feature","properties":{"route_id":"40064","route_short_name":"40064","route_long_name":"TBM-MSB EMU FAST LOCAL","operator":"Indian Railways","mode":"suburban_rail","source":"MobilityData Indian Railways GTFS (unofficial data)"},"geometry":{"type":"LineString","coordinates":[[80.118055,12.925766],[80.212362,13.008112],[80.227704,13.037694],[80.260363,13.077848],[80.291691,13.09043]]}},{"type":"Feature","properties":{"route_id":"40065","route_short_name":"40065","route_long_name":"MSB-TBM EMU FAST LOCAL","operator":"Indian Railways","mode":"suburban_rail","source":"MobilityData Indian Railways GTFS (unofficial data)"},"geometry":{"type":"LineString","coordinates":[[80.291691,13.09043],[80.260363,13.077848],[80.227704,13.037694],[80.212362,13.008112],[80.118055,12.925766]]}},{"type":"Feature","properties":{"route_id":"40066","route_short_name":"40066","route_long_name":"TBM-MSB EMU FAST LOCAL","operator":"Indian Railways","mode":"suburban_rail","source":"MobilityData Indian Railways GTFS (unofficial data)"},"geometry":{"type":"LineString","coordinates":[[80.118055,12.925766],[80.212362,13.008112],[80.227704,13.037694],[80.260363,13.077848],[80.291691,13.09043]]}},{"type":"Feature","properties":{"route_id":"40067","route_short_name":"40067","route_long_name":"MSB-TBM EMU FAST LOCAL","operator":"Indian Railways","mode":"suburban_rail","source":"MobilityData Indian Railways GTFS (unofficial data)"},"geometry":{"type":"LineString","coordinates":[[80.291691,13.09043],[80.260363,13.077848],[80.227704,13.037694],[80.212362,13.008112],[80.118055,12.925766]]}},{"type":"Feature","properties":{"route_id":"40068","route_short_name":"40068","route_long_name":"TBM-MSB EMU FAST LOCAL","operator":"Indian Railways","mode":"suburban_rail","source":"MobilityData Indian Railways GTFS (unofficial data)"},"geometry":{"type":"LineString","coordinates":[[80.118055,12.925766],[80.212362,13.008112],[80.227704,13.037694],[80.260363,13.077848],[80.291691,13.09043]]}},{"type":"Feature","properties":{"route_id":"40069","route_short_name":"40069","route_long_name":"MSB-TBM EMU FAST LOCAL","operator":"Indian Railways","mode":"suburban_rail","source":"MobilityData Indian Railways GTFS (unofficial data)"},"geometry":{"type":"LineString","coordinates":[[80.291691,13.09043],[80.260363,13.077848],[80.227704,13.037694],[80.212362,13.008112],[80.118055,12.925766]]}},{"type":"Feature","properties":{"route_id":"40070","route_short_name":"40070","route_long_name":"TBM-MSB EMU FAST LOCAL","operator":"Indian Railways","mode":"suburban_rail","source":"MobilityData Indian Railways GTFS (unofficial data)"},"geometry":{"type":"LineString","coordinates":[[80.118055,12.925766],[80.212362,13.008112],[80.227704,13.037694],[80.260363,13.077848],[80.291691,13.09043]]}},{"type":"Feature","properties":{"route_id":"40201","route_short_name":"40201","route_long_name":"MS-GI EMU SPL","operator":"Indian Railways","mode":"suburban_rail","source":"MobilityData Indian Railways GTFS (unofficial data)"},"geometry":{"type":"LineString","coordinates":[[80.260363,13.077848],[80.227704,13.037694],[80.224013,13.02398],[80.212362,13.008112],[80.199552,12.995066],[80.186291,12.989755],[80.174875,12.98457],[80.165691,12.98022],[80.152731,12.968553],[80.141187,12.951657],[80.131574,12.937938],[80.118055,12.925766],[80.095096,12.905061],[80.0844,12.8913],[80.071621,12.867117],[80.0572,12.845]]}},{"type":"Feature","properties":{"route_id":"40202","route_short_name":"40202","route_long_name":"GI-MS EMU SPL","operator":"Indian Railways","mode":"suburban_rail","source":"MobilityData Indian Railways GTFS (unofficial data)"},"geometry":{"type":"LineString","coordinates":[[80.0572,12.845],[80.071621,12.867117],[80.0844,12.8913],[80.095096,12.905061],[80.118055,12.925766],[80.131574,12.937938],[80.141187,12.951657],[80.165691,12.98022],[80.174875,12.98457],[80.186291,12.989755],[80.199552,12.995066],[80.212362,13.008112],[80.224013,13.02398],[80.227704,13.037694],[80.260363,13.077848]]}},{"type":"Feature","properties":{"route_id":"40203","route_short_name":"40203","route_long_name":"MS-GI EMU SPL","operator":"Indian Railways","mode":"suburban_rail","source":"MobilityData Indian Railways GTFS (unofficial data)"},"geometry":{"type":"LineString","coordinates":[[80.260363,13.077848],[80.227704,13.037694],[80.224013,13.02398],[80.212362,13.008112],[80.199552,12.995066],[80.186291,12.989755],[80.174875,12.98457],[80.165691,12.98022],[80.152731,12.968553],[80.141187,12.951657],[80.131574,12.937938],[80.118055,12.925766],[80.095096,12.905061],[80.0844,12.8913],[80.071621,12.867117],[80.0572,12.845]]}},{"type":"Feature","properties":{"route_id":"40204","route_short_name":"40204","route_long_name":"GI-MS EMU SPL","operator":"Indian Railways","mode":"suburban_rail","source":"MobilityData Indian Railways GTFS (unofficial data)"},"geometry":{"type":"LineString","coordinates":[[80.0572,12.845],[80.071621,12.867117],[80.0844,12.8913],[80.095096,12.905061],[80.118055,12.925766],[80.131574,12.937938],[80.141187,12.951657],[80.165691,12.98022],[80.174875,12.98457],[80.186291,12.989755],[80.199552,12.995066],[80.212362,13.008112],[80.224013,13.02398],[80.227704,13.037694],[80.260363,13.077848]]}},{"type":"Feature","properties":{"route_id":"40301","route_short_name":"40301","route_long_name":"MS-CGL EMU SPL","operator":"Indian Railways","mode":"suburban_rail","source":"MobilityData Indian Railways GTFS (unofficial data)"},"geometry":{"type":"LineString","coordinates":[[80.260363,13.077848],[80.227704,13.037694],[80.224013,13.02398],[80.212362,13.008112],[80.199552,12.995066],[80.186291,12.989755],[80.174875,12.98457],[80.165691,12.98022],[80.152731,12.968553],[80.141187,12.951657],[80.131574,12.937938],[80.118055,12.925766],[80.095096,12.905061],[80.0844,12.8913],[80.071621,12.867117],[80.0572,12.845],[80.03686,12.820798],[80.026388,12.805985],[80.019865,12.79661],[80.00124,12.762752],[79.98373,12.73027],[79.981499,12.692844]]}},{"type":"Feature","properties":{"route_id":"40302","route_short_name":"40302","route_long_name":"CGL-MS EMU SPL","operator":"Indian Railways","mode":"suburban_rail","source":"MobilityData Indian Railways GTFS (unofficial data)"},"geometry":{"type":"LineString","coordinates":[[79.981499,12.692844],[79.98373,12.73027],[80.00124,12.762752],[80.019865,12.79661],[80.026388,12.805985],[80.03686,12.820798],[80.0572,12.845],[80.071621,12.867117],[80.0844,12.8913],[80.095096,12.905061],[80.118055,12.925766],[80.131574,12.937938],[80.141187,12.951657],[80.165691,12.98022],[80.174875,12.98457],[80.186291,12.989755],[80.199552,12.995066],[80.212362,13.008112],[80.224013,13.02398],[80.227704,13.037694],[80.260363,13.077848]]}},{"type":"Feature","properties":{"route_id":"40303","route_short_name":"40303","route_long_name":"MS-CGL EMU SPL","operator":"Indian Railways","mode":"suburban_rail","source":"MobilityData Indian Railways GTFS (unofficial data)"},"geometry":{"type":"LineString","coordinates":[[80.260363,13.077848],[80.227704,13.037694],[80.224013,13.02398],[80.212362,13.008112],[80.199552,12.995066],[80.186291,12.989755],[80.174875,12.98457],[80.165691,12.98022],[80.152731,12.968553],[80.141187,12.951657],[80.131574,12.937938],[80.118055,12.925766],[80.095096,12.905061],[80.0844,12.8913],[80.071621,12.867117],[80.0572,12.845],[80.03686,12.820798],[80.026388,12.805985],[80.019865,12.79661],[80.00124,12.762752],[79.98373,12.73027],[79.981499,12.692844]]}},{"type":"Feature","properties":{"route_id":"40402","route_short_name":"40402","route_long_name":"CGL-MS SEMI FAST EMU","operator":"Indian Railways","mode":"suburban_rail","source":"MobilityData Indian Railways GTFS (unofficial data)"},"geometry":{"type":"LineString","coordinates":[[79.981499,12.692844],[79.98373,12.73027],[80.00124,12.762752],[80.019865,12.79661],[80.026388,12.805985],[80.03686,12.820798],[80.0572,12.845],[80.071621,12.867117],[80.0844,12.8913],[80.095096,12.905061],[80.118055,12.925766],[80.141187,12.951657],[80.199552,12.995066],[80.212362,13.008112],[80.227704,13.037694],[80.260363,13.077848]]}},{"type":"Feature","properties":{"route_id":"40404","route_short_name":"40404","route_long_name":"CGL-MS SEMI FAST EMU","operator":"Indian Railways","mode":"suburban_rail","source":"MobilityData Indian Railways GTFS (unofficial data)"},"geometry":{"type":"LineString","coordinates":[[79.981499,12.692844],[79.98373,12.73027],[80.00124,12.762752],[80.019865,12.79661],[80.026388,12.805985],[80.03686,12.820798],[80.0572,12.845],[80.071621,12.867117],[80.0844,12.8913],[80.095096,12.905061],[80.118055,12.925766],[80.141187,12.951657],[80.199552,12.995066],[80.212362,13.008112],[80.227704,13.037694],[80.260363,13.077848]]}},{"type":"Feature","properties":{"route_id":"40406","route_short_name":"40406","route_long_name":"CGL-MS SEMI FAST EMU","operator":"Indian Railways","mode":"suburban_rail","source":"MobilityData Indian Railways GTFS (unofficial data)"},"geometry":{"type":"LineString","coordinates":[[79.981499,12.692844],[79.98373,12.73027],[80.00124,12.762752],[80.019865,12.79661],[80.026388,12.805985],[80.03686,12.820798],[80.0572,12.845],[80.071621,12.867117],[80.0844,12.8913],[80.095096,12.905061],[80.118055,12.925766],[80.141187,12.951657],[80.199552,12.995066],[80.212362,13.008112],[80.227704,13.037694],[80.260363,13.077848]]}},{"type":"Feature","properties":{"route_id":"40502","route_short_name":"40502","route_long_name":"CGL-MSB EMU LOCAL","operator":"Indian Railways","mode":"suburban_rail","source":"MobilityData Indian Railways GTFS (unofficial data)"},"geometry":{"type":"LineString","coordinates":[[79.981499,12.692844],[79.98373,12.73027],[80.00124,12.762752],[80.019865,12.79661],[80.026388,12.805985],[80.03686,12.820798],[80.0572,12.845],[80.071621,12.867117],[80.0844,12.8913],[80.095096,12.905061],[80.118055,12.925766],[80.131574,12.937938],[80.141187,12.951657],[80.152731,12.968553],[80.165691,12.98022],[80.174875,12.98457],[80.186291,12.989755],[80.199552,12.995066],[80.212362,13.008112],[80.224013,13.02398],[80.227704,13.037694],[80.230815,13.052076],[80.232832,13.065453],[80.24296,13.074253],[80.260363,13.077848],[80.2728,13.0806],[80.282636,13.08324],[80.291691,13.09043]]}},{"type":"Feature","properties":{"route_id":"40503","route_short_name":"40503","route_long_name":"MSB-CGL EMU LOCAL","operator":"Indian Railways","mode":"suburban_rail","source":"MobilityData Indian Railways GTFS (unofficial data)"},"geometry":{"type":"LineString","coordinates":[[80.291691,13.09043],[80.282636,13.08324],[80.2728,13.0806],[80.260363,13.077848],[80.24296,13.074253],[80.232832,13.065453],[80.230815,13.052076],[80.227704,13.037694],[80.224013,13.02398],[80.212362,13.008112],[80.199552,12.995066],[80.186291,12.989755],[80.174875,12.98457],[80.165691,12.98022],[80.152731,12.968553],[80.141187,12.951657],[80.131574,12.937938],[80.118055,12.925766],[80.095096,12.905061],[80.0844,12.8913],[80.071621,12.867117],[80.0572,12.845],[80.03686,12.820798],[80.026388,12.805985],[80.019865,12.79661],[80.00124,12.762752],[79.98373,12.73027],[79.981499,12.692844]]}},{"type":"Feature","properties":{"route_id":"40504","route_short_name":"40504","route_long_name":"CGL-MSB EMU LOCAL","operator":"Indian Railways","mode":"suburban_rail","source":"MobilityData Indian Railways GTFS (unofficial data)"},"geometry":{"type":"LineString","coordinates":[[79.981499,12.692844],[79.98373,12.73027],[80.00124,12.762752],[80.019865,12.79661],[80.026388,12.805985],[80.03686,12.820798],[80.0572,12.845],[80.071621,12.867117],[80.0844,12.8913],[80.095096,12.905061],[80.118055,12.925766],[80.131574,12.937938],[80.141187,12.951657],[80.152731,12.968553],[80.165691,12.98022],[80.174875,12.98457],[80.186291,12.989755],[80.199552,12.995066],[80.212362,13.008112],[80.224013,13.02398],[80.227704,13.037694],[80.230815,13.052076],[80.232832,13.065453],[80.24296,13.074253],[80.260363,13.077848],[80.2728,13.0806],[80.282636,13.08324],[80.291691,13.09043]]}},{"type":"Feature","properties":{"route_id":"40505","route_short_name":"40505","route_long_name":"MSB-CGL EMU LOCAL","operator":"Indian Railways","mode":"suburban_rail","source":"MobilityData Indian Railways GTFS (unofficial data)"},"geometry":{"type":"LineString","coordinates":[[80.291691,13.09043],[80.282636,13.08324],[80.2728,13.0806],[80.260363,13.077848],[80.24296,13.074253],[80.232832,13.065453],[80.230815,13.052076],[80.227704,13.037694],[80.224013,13.02398],[80.212362,13.008112],[80.199552,12.995066],[80.186291,12.989755],[80.174875,12.98457],[80.165691,12.98022],[80.152731,12.968553],[80.141187,12.951657],[80.131574,12.937938],[80.118055,12.925766],[80.095096,12.905061],[80.0844,12.8913],[80.071621,12.867117],[80.0572,12.845],[80.03686,12.820798],[80.026388,12.805985],[80.019865,12.79661],[80.00124,12.762752],[79.98373,12.73027],[79.981499,12.692844]]}},{"type":"Feature","properties":{"route_id":"40506","route_short_name":"40506","route_long_name":"CGL-MSB EMU LOCAL","operator":"Indian Railways","mode":"suburban_rail","source":"MobilityData Indian Railways GTFS (unofficial data)"},"geometry":{"type":"LineString","coordinates":[[79.981499,12.692844],[79.98373,12.73027],[80.00124,12.762752],[80.019865,12.79661],[80.026388,12.805985],[80.03686,12.820798],[80.0572,12.845],[80.071621,12.867117],[80.0844,12.8913],[80.095096,12.905061],[80.118055,12.925766],[80.131574,12.937938],[80.141187,12.951657],[80.152731,12.968553],[80.165691,12.98022],[80.174875,12.98457],[80.186291,12.989755],[80.199552,12.995066],[80.212362,13.008112],[80.224013,13.02398],[80.227704,13.037694],[80.230815,13.052076],[80.232832,13.065453],[80.24296,13.074253],[80.260363,13.077848],[80.2728,13.0806],[80.282636,13.08324],[80.291691,13.09043]]}},{"type":"Feature","properties":{"route_id":"40507","route_short_name":"40507","route_long_name":"MSB-CGL EMU LOCAL","operator":"Indian Railways","mode":"suburban_rail","source":"MobilityData Indian Railways GTFS (unofficial data)"},"geometry":{"type":"LineString","coordinates":[[80.291691,13.09043],[80.282636,13.08324],[80.2728,13.0806],[80.260363,13.077848],[80.24296,13.074253],[80.232832,13.065453],[80.230815,13.052076],[80.227704,13.037694],[80.224013,13.02398],[80.212362,13.008112],[80.199552,12.995066],[80.186291,12.989755],[80.174875,12.98457],[80.165691,12.98022],[80.152731,12.968553],[80.141187,12.951657],[80.131574,12.937938],[80.118055,12.925766],[80.095096,12.905061],[80.0844,12.8913],[80.071621,12.867117],[80.0572,12.845],[80.03686,12.820798],[80.026388,12.805985],[80.019865,12.79661],[80.00124,12.762752],[79.98373,12.73027],[79.981499,12.692844]]}},{"type":"Feature","properties":{"route_id":"40508","route_short_name":"40508","route_long_name":"CGL-MSB EMU LOCAL","operator":"Indian Railways","mode":"suburban_rail","source":"MobilityData Indian Railways GTFS (unofficial data)"},"geometry":{"type":"LineString","coordinates":[[79.981499,12.692844],[79.98373,12.73027],[80.00124,12.762752],[80.019865,12.79661],[80.026388,12.805985],[80.03686,12.820798],[80.0572,12.845],[80.071621,12.867117],[80.0844,12.8913],[80.095096,12.905061],[80.118055,12.925766],[80.131574,12.937938],[80.141187,12.951657],[80.152731,12.968553],[80.165691,12.98022],[80.174875,12.98457],[80.186291,12.989755],[80.199552,12.995066],[80.212362,13.008112],[80.224013,13.02398],[80.227704,13.037694],[80.230815,13.052076],[80.232832,13.065453],[80.24296,13.074253],[80.260363,13.077848],[80.2728,13.0806],[80.282636,13.08324],[80.291691,13.09043]]}},{"type":"Feature","properties":{"route_id":"40509","route_short_name":"40509","route_long_name":"MSB-CGL EMU LOCAL","operator":"Indian Railways","mode":"suburban_rail","source":"MobilityData Indian Railways GTFS (unofficial data)"},"geometry":{"type":"LineString","coordinates":[[80.291691,13.09043],[80.282636,13.08324],[80.2728,13.0806],[80.260363,13.077848],[80.24296,13.074253],[80.232832,13.065453],[80.230815,13.052076],[80.227704,13.037694],[80.224013,13.02398],[80.212362,13.008112],[80.199552,12.995066],[80.186291,12.989755],[80.174875,12.98457],[80.165691,12.98022],[80.152731,12.968553],[80.141187,12.951657],[80.131574,12.937938],[80.118055,12.925766],[80.095096,12.905061],[80.0844,12.8913],[80.071621,12.867117],[80.0572,12.845],[80.03686,12.820798],[80.026388,12.805985],[80.019865,12.79661],[80.00124,12.762752],[79.98373,12.73027],[79.981499,12.692844]]}},{"type":"Feature","properties":{"route_id":"40510","route_short_name":"40510","route_long_name":"CGL-MSB EMU LOCAL","operator":"Indian Railways","mode":"suburban_rail","source":"MobilityData Indian Railways GTFS (unofficial data)"},"geometry":{"type":"LineString","coordinates":[[79.981499,12.692844],[79.98373,12.73027],[80.00124,12.762752],[80.019865,12.79661],[80.026388,12.805985],[80.03686,12.820798],[80.0572,12.845],[80.071621,12.867117],[80.0844,12.8913],[80.095096,12.905061],[80.118055,12.925766],[80.131574,12.937938],[80.141187,12.951657],[80.152731,12.968553],[80.165691,12.98022],[80.174875,12.98457],[80.186291,12.989755],[80.199552,12.995066],[80.212362,13.008112],[80.224013,13.02398],[80.227704,13.037694],[80.230815,13.052076],[80.232832,13.065453],[80.24296,13.074253],[80.260363,13.077848],[80.2728,13.0806],[80.282636,13.08324],[80.291691,13.09043]]}},{"type":"Feature","properties":{"route_id":"40511","route_short_name":"40511","route_long_name":"MSB-CGL EMU LOCAL","operator":"Indian Railways","mode":"suburban_rail","source":"MobilityData Indian Railways GTFS (unofficial data)"},"geometry":{"type":"LineString","coordinates":[[80.291691,13.09043],[80.282636,13.08324],[80.2728,13.0806],[80.260363,13.077848],[80.24296,13.074253],[80.232832,13.065453],[80.230815,13.052076],[80.227704,13.037694],[80.224013,13.02398],[80.212362,13.008112],[80.199552,12.995066],[80.186291,12.989755],[80.174875,12.98457],[80.165691,12.98022],[80.152731,12.968553],[80.141187,12.951657],[80.131574,12.937938],[80.118055,12.925766],[80.095096,12.905061],[80.0844,12.8913],[80.071621,12.867117],[80.0572,12.845],[80.03686,12.820798],[80.026388,12.805985],[80.019865,12.79661],[80.00124,12.762752],[79.98373,12.73027],[79.981499,12.692844]]}},{"type":"Feature","properties":{"route_id":"40512","route_short_name":"40512","route_long_name":"CGL-MSB EMU LOCAL","operator":"Indian Railways","mode":"suburban_rail","source":"MobilityData Indian Railways GTFS (unofficial data)"},"geometry":{"type":"LineString","coordinates":[[79.981499,12.692844],[79.98373,12.73027],[80.00124,12.762752],[80.019865,12.79661],[80.026388,12.805985],[80.03686,12.820798],[80.0572,12.845],[80.071621,12.867117],[80.0844,12.8913],[80.095096,12.905061],[80.118055,12.925766],[80.131574,12.937938],[80.141187,12.951657],[80.152731,12.968553],[80.165691,12.98022],[80.174875,12.98457],[80.186291,12.989755],[80.199552,12.995066],[80.212362,13.008112],[80.224013,13.02398],[80.227704,13.037694],[80.230815,13.052076],[80.232832,13.065453],[80.24296,13.074253],[80.260363,13.077848],[80.2728,13.0806],[80.282636,13.08324],[80.291691,13.09043]]}},{"type":"Feature","properties":{"route_id":"40514","route_short_name":"40514","route_long_name":"CGL-MSB EMU LOCAL","operator":"Indian Railways","mode":"suburban_rail","source":"MobilityData Indian Railways GTFS (unofficial data)"},"geometry":{"type":"LineString","coordinates":[[79.981499,12.692844],[79.98373,12.73027],[80.00124,12.762752],[80.019865,12.79661],[80.026388,12.805985],[80.03686,12.820798],[80.0572,12.845],[80.071621,12.867117],[80.0844,12.8913],[80.095096,12.905061],[80.118055,12.925766],[80.131574,12.937938],[80.141187,12.951657],[80.152731,12.968553],[80.165691,12.98022],[80.174875,12.98457],[80.186291,12.989755],[80.199552,12.995066],[80.212362,13.008112],[80.224013,13.02398],[80.227704,13.037694],[80.230815,13.052076],[80.232832,13.065453],[80.24296,13.074253],[80.260363,13.077848],[80.2728,13.0806],[80.282636,13.08324],[80.291691,13.09043]]}},{"type":"Feature","properties":{"route_id":"40515","route_short_name":"40515","route_long_name":"MSB-CGL EMU LOCAL","operator":"Indian Railways","mode":"suburban_rail","source":"MobilityData Indian Railways GTFS (unofficial data)"},"geometry":{"type":"LineString","coordinates":[[80.291691,13.09043],[80.282636,13.08324],[80.2728,13.0806],[80.260363,13.077848],[80.24296,13.074253],[80.232832,13.065453],[80.230815,13.052076],[80.227704,13.037694],[80.224013,13.02398],[80.212362,13.008112],[80.199552,12.995066],[80.186291,12.989755],[80.174875,12.98457],[80.165691,12.98022],[80.152731,12.968553],[80.141187,12.951657],[80.131574,12.937938],[80.118055,12.925766],[80.095096,12.905061],[80.0844,12.8913],[80.071621,12.867117],[80.0572,12.845],[80.03686,12.820798],[80.026388,12.805985],[80.019865,12.79661],[80.00124,12.762752],[79.98373,12.73027],[79.981499,12.692844]]}},{"type":"Feature","properties":{"route_id":"40516","route_short_name":"40516","route_long_name":"CGL-MSB EMU LOCAL","operator":"Indian Railways","mode":"suburban_rail","source":"MobilityData Indian Railways GTFS (unofficial data)"},"geometry":{"type":"LineString","coordinates":[[79.981499,12.692844],[79.98373,12.73027],[80.00124,12.762752],[80.019865,12.79661],[80.026388,12.805985],[80.03686,12.820798],[80.0572,12.845],[80.071621,12.867117],[80.0844,12.8913],[80.095096,12.905061],[80.118055,12.925766],[80.131574,12.937938],[80.141187,12.951657],[80.152731,12.968553],[80.165691,12.98022],[80.174875,12.98457],[80.186291,12.989755],[80.199552,12.995066],[80.212362,13.008112],[80.224013,13.02398],[80.227704,13.037694],[80.230815,13.052076],[80.232832,13.065453],[80.24296,13.074253],[80.260363,13.077848],[80.2728,13.0806],[80.282636,13.08324],[80.291691,13.09043]]}},{"type":"Feature","properties":{"route_id":"40517","route_short_name":"40517","route_long_name":"MSB-CGL EMU LOCAL","operator":"Indian Railways","mode":"suburban_rail","source":"MobilityData Indian Railways GTFS (unofficial data)"},"geometry":{"type":"LineString","coordinates":[[80.291691,13.09043],[80.282636,13.08324],[80.2728,13.0806],[80.260363,13.077848],[80.24296,13.074253],[80.232832,13.065453],[80.230815,13.052076],[80.227704,13.037694],[80.224013,13.02398],[80.212362,13.008112],[80.199552,12.995066],[80.186291,12.989755],[80.174875,12.98457],[80.165691,12.98022],[80.152731,12.968553],[80.141187,12.951657],[80.131574,12.937938],[80.118055,12.925766],[80.095096,12.905061],[80.0844,12.8913],[80.071621,12.867117],[80.0572,12.845],[80.03686,12.820798],[80.026388,12.805985],[80.019865,12.79661],[80.00124,12.762752],[79.98373,12.73027],[79.981499,12.692844]]}},{"type":"Feature","properties":{"route_id":"40519","route_short_name":"40519","route_long_name":"MSB-CGL EMU LOCAL","operator":"Indian Railways","mode":"suburban_rail","source":"MobilityData Indian Railways GTFS (unofficial data)"},"geometry":{"type":"LineString","coordinates":[[80.291691,13.09043],[80.282636,13.08324],[80.2728,13.0806],[80.260363,13.077848],[80.24296,13.074253],[80.232832,13.065453],[80.230815,13.052076],[80.227704,13.037694],[80.224013,13.02398],[80.212362,13.008112],[80.199552,12.995066],[80.186291,12.989755],[80.174875,12.98457],[80.165691,12.98022],[80.152731,12.968553],[80.141187,12.951657],[80.131574,12.937938],[80.118055,12.925766],[80.095096,12.905061],[80.0844,12.8913],[80.071621,12.867117],[80.0572,12.845],[80.03686,12.820798],[80.026388,12.805985],[80.019865,12.79661],[80.00124,12.762752],[79.98373,12.73027],[79.981499,12.692844]]}},{"type":"Feature","properties":{"route_id":"40521","route_short_name":"40521","route_long_name":"MSB-CGL EMU LOCAL","operator":"Indian Railways","mode":"suburban_rail","source":"MobilityData Indian Railways GTFS (unofficial data)"},"geometry":{"type":"LineString","coordinates":[[80.291691,13.09043],[80.282636,13.08324],[80.2728,13.0806],[80.260363,13.077848],[80.24296,13.074253],[80.232832,13.065453],[80.230815,13.052076],[80.227704,13.037694],[80.224013,13.02398],[80.212362,13.008112],[80.199552,12.995066],[80.186291,12.989755],[80.174875,12.98457],[80.165691,12.98022],[80.152731,12.968553],[80.141187,12.951657],[80.131574,12.937938],[80.118055,12.925766],[80.095096,12.905061],[80.0844,12.8913],[80.071621,12.867117],[80.0572,12.845],[80.03686,12.820798],[80.026388,12.805985],[80.019865,12.79661],[80.00124,12.762752],[79.98373,12.73027],[79.981499,12.692844]]}},{"type":"Feature","properties":{"route_id":"40522","route_short_name":"40522","route_long_name":"CGL-MSB EMU LOCAL","operator":"Indian Railways","mode":"suburban_rail","source":"MobilityData Indian Railways GTFS (unofficial data)"},"geometry":{"type":"LineString","coordinates":[[79.981499,12.692844],[79.98373,12.73027],[80.00124,12.762752],[80.019865,12.79661],[80.026388,12.805985],[80.03686,12.820798],[80.0572,12.845],[80.071621,12.867117],[80.0844,12.8913],[80.095096,12.905061],[80.118055,12.925766],[80.131574,12.937938],[80.141187,12.951657],[80.152731,12.968553],[80.165691,12.98022],[80.174875,12.98457],[80.186291,12.989755],[80.199552,12.995066],[80.212362,13.008112],[80.224013,13.02398],[80.227704,13.037694],[80.230815,13.052076],[80.232832,13.065453],[80.24296,13.074253],[80.260363,13.077848],[80.2728,13.0806],[80.282636,13.08324],[80.291691,13.09043]]}},{"type":"Feature","properties":{"route_id":"40523","route_short_name":"40523","route_long_name":"MSB-CGL EMU LOCAL","operator":"Indian Railways","mode":"suburban_rail","source":"MobilityData Indian Railways GTFS (unofficial data)"},"geometry":{"type":"LineString","coordinates":[[80.291691,13.09043],[80.282636,13.08324],[80.2728,13.0806],[80.260363,13.077848],[80.24296,13.074253],[80.232832,13.065453],[80.230815,13.052076],[80.227704,13.037694],[80.224013,13.02398],[80.212362,13.008112],[80.199552,12.995066],[80.186291,12.989755],[80.174875,12.98457],[80.165691,12.98022],[80.152731,12.968553],[80.141187,12.951657],[80.131574,12.937938],[80.118055,12.925766],[80.095096,12.905061],[80.0844,12.8913],[80.071621,12.867117],[80.0572,12.845],[80.03686,12.820798],[80.026388,12.805985],[80.019865,12.79661],[80.00124,12.762752],[79.98373,12.73027],[79.981499,12.692844]]}},{"type":"Feature","properties":{"route_id":"40524","route_short_name":"40524","route_long_name":"CGL-MSB EMU LOCAL","operator":"Indian Railways","mode":"suburban_rail","source":"MobilityData Indian Railways GTFS (unofficial data)"},"geometry":{"type":"LineString","coordinates":[[79.981499,12.692844],[79.98373,12.73027],[80.00124,12.762752],[80.019865,12.79661],[80.026388,12.805985],[80.03686,12.820798],[80.0572,12.845],[80.071621,12.867117],[80.0844,12.8913],[80.095096,12.905061],[80.118055,12.925766],[80.131574,12.937938],[80.141187,12.951657],[80.152731,12.968553],[80.165691,12.98022],[80.174875,12.98457],[80.186291,12.989755],[80.199552,12.995066],[80.212362,13.008112],[80.224013,13.02398],[80.227704,13.037694],[80.230815,13.052076],[80.232832,13.065453],[80.24296,13.074253],[80.260363,13.077848],[80.2728,13.0806],[80.282636,13.08324],[80.291691,13.09043]]}},{"type":"Feature","properties":{"route_id":"40525","route_short_name":"40525","route_long_name":"MSB-CGL EMU LOCAL","operator":"Indian Railways","mode":"suburban_rail","source":"MobilityData Indian Railways GTFS (unofficial data)"},"geometry":{"type":"LineString","coordinates":[[80.291691,13.09043],[80.282636,13.08324],[80.2728,13.0806],[80.260363,13.077848],[80.24296,13.074253],[80.232832,13.065453],[80.230815,13.052076],[80.227704,13.037694],[80.224013,13.02398],[80.212362,13.008112],[80.199552,12.995066],[80.186291,12.989755],[80.174875,12.98457],[80.165691,12.98022],[80.152731,12.968553],[80.141187,12.951657],[80.131574,12.937938],[80.118055,12.925766],[80.095096,12.905061],[80.0844,12.8913],[80.071621,12.867117],[80.0572,12.845],[80.03686,12.820798],[80.026388,12.805985],[80.019865,12.79661],[80.00124,12.762752],[79.98373,12.73027],[79.981499,12.692844]]}},{"type":"Feature","properties":{"route_id":"40527","route_short_name":"40527","route_long_name":"MSB-CGL EMU LOCAL","operator":"Indian Railways","mode":"suburban_rail","source":"MobilityData Indian Railways GTFS (unofficial data)"},"geometry":{"type":"LineString","coordinates":[[80.291691,13.09043],[80.282636,13.08324],[80.2728,13.0806],[80.260363,13.077848],[80.24296,13.074253],[80.232832,13.065453],[80.230815,13.052076],[80.227704,13.037694],[80.224013,13.02398],[80.212362,13.008112],[80.199552,12.995066],[80.186291,12.989755],[80.174875,12.98457],[80.165691,12.98022],[80.152731,12.968553],[80.141187,12.951657],[80.131574,12.937938],[80.118055,12.925766],[80.095096,12.905061],[80.0844,12.8913],[80.071621,12.867117],[80.0572,12.845],[80.03686,12.820798],[80.026388,12.805985],[80.019865,12.79661],[80.00124,12.762752],[79.98373,12.73027],[79.981499,12.692844]]}},{"type":"Feature","properties":{"route_id":"40528","route_short_name":"40528","route_long_name":"CGL-MSB EMU LOCAL","operator":"Indian Railways","mode":"suburban_rail","source":"MobilityData Indian Railways GTFS (unofficial data)"},"geometry":{"type":"LineString","coordinates":[[79.981499,12.692844],[79.98373,12.73027],[80.00124,12.762752],[80.019865,12.79661],[80.026388,12.805985],[80.03686,12.820798],[80.0572,12.845],[80.071621,12.867117],[80.0844,12.8913],[80.095096,12.905061],[80.118055,12.925766],[80.131574,12.937938],[80.141187,12.951657],[80.152731,12.968553],[80.165691,12.98022],[80.174875,12.98457],[80.186291,12.989755],[80.199552,12.995066],[80.212362,13.008112],[80.224013,13.02398],[80.227704,13.037694],[80.230815,13.052076],[80.232832,13.065453],[80.24296,13.074253],[80.260363,13.077848],[80.2728,13.0806],[80.282636,13.08324],[80.291691,13.09043]]}},{"type":"Feature","properties":{"route_id":"40529","route_short_name":"40529","route_long_name":"MSB-CGL EMU LOCAL","operator":"Indian Railways","mode":"suburban_rail","source":"MobilityData Indian Railways GTFS (unofficial data)"},"geometry":{"type":"LineString","coordinates":[[80.291691,13.09043],[80.282636,13.08324],[80.2728,13.0806],[80.260363,13.077848],[80.24296,13.074253],[80.232832,13.065453],[80.230815,13.052076],[80.227704,13.037694],[80.224013,13.02398],[80.212362,13.008112],[80.199552,12.995066],[80.186291,12.989755],[80.174875,12.98457],[80.165691,12.98022],[80.152731,12.968553],[80.141187,12.951657],[80.131574,12.937938],[80.118055,12.925766],[80.095096,12.905061],[80.0844,12.8913],[80.071621,12.867117],[80.0572,12.845],[80.03686,12.820798],[80.026388,12.805985],[80.019865,12.79661],[80.00124,12.762752],[79.98373,12.73027],[79.981499,12.692844]]}},{"type":"Feature","properties":{"route_id":"40530","route_short_name":"40530","route_long_name":"CGL-MSB EMU LOCAL","operator":"Indian Railways","mode":"suburban_rail","source":"MobilityData Indian Railways GTFS (unofficial data)"},"geometry":{"type":"LineString","coordinates":[[79.981499,12.692844],[79.98373,12.73027],[80.00124,12.762752],[80.019865,12.79661],[80.026388,12.805985],[80.03686,12.820798],[80.0572,12.845],[80.071621,12.867117],[80.0844,12.8913],[80.095096,12.905061],[80.118055,12.925766],[80.131574,12.937938],[80.141187,12.951657],[80.152731,12.968553],[80.165691,12.98022],[80.174875,12.98457],[80.186291,12.989755],[80.199552,12.995066],[80.212362,13.008112],[80.224013,13.02398],[80.227704,13.037694],[80.230815,13.052076],[80.232832,13.065453],[80.24296,13.074253],[80.260363,13.077848],[80.2728,13.0806],[80.282636,13.08324],[80.291691,13.09043]]}},{"type":"Feature","properties":{"route_id":"40531","route_short_name":"40531","route_long_name":"MSB-CGL EMU LOCAL","operator":"Indian Railways","mode":"suburban_rail","source":"MobilityData Indian Railways GTFS (unofficial data)"},"geometry":{"type":"LineString","coordinates":[[80.291691,13.09043],[80.282636,13.08324],[80.2728,13.0806],[80.260363,13.077848],[80.24296,13.074253],[80.232832,13.065453],[80.230815,13.052076],[80.227704,13.037694],[80.224013,13.02398],[80.212362,13.008112],[80.199552,12.995066],[80.186291,12.989755],[80.174875,12.98457],[80.165691,12.98022],[80.152731,12.968553],[80.141187,12.951657],[80.131574,12.937938],[80.118055,12.925766],[80.095096,12.905061],[80.0844,12.8913],[80.071621,12.867117],[80.0572,12.845],[80.03686,12.820798],[80.026388,12.805985],[80.019865,12.79661],[80.00124,12.762752],[79.98373,12.73027],[79.981499,12.692844]]}},{"type":"Feature","properties":{"route_id":"40532","route_short_name":"40532","route_long_name":"CGL-MSB EMU LOCAL","operator":"Indian Railways","mode":"suburban_rail","source":"MobilityData Indian Railways GTFS (unofficial data)"},"geometry":{"type":"LineString","coordinates":[[79.981499,12.692844],[79.98373,12.73027],[80.00124,12.762752],[80.019865,12.79661],[80.026388,12.805985],[80.03686,12.820798],[80.0572,12.845],[80.071621,12.867117],[80.0844,12.8913],[80.095096,12.905061],[80.118055,12.925766],[80.131574,12.937938],[80.141187,12.951657],[80.152731,12.968553],[80.165691,12.98022],[80.174875,12.98457],[80.186291,12.989755],[80.199552,12.995066],[80.212362,13.008112],[80.224013,13.02398],[80.227704,13.037694],[80.230815,13.052076],[80.232832,13.065453],[80.24296,13.074253],[80.260363,13.077848],[80.2728,13.0806],[80.282636,13.08324],[80.291691,13.09043]]}},{"type":"Feature","properties":{"route_id":"40533","route_short_name":"40533","route_long_name":"MSB-CGL EMU LOCAL","operator":"Indian Railways","mode":"suburban_rail","source":"MobilityData Indian Railways GTFS (unofficial data)"},"geometry":{"type":"LineString","coordinates":[[80.291691,13.09043],[80.282636,13.08324],[80.2728,13.0806],[80.260363,13.077848],[80.24296,13.074253],[80.232832,13.065453],[80.230815,13.052076],[80.227704,13.037694],[80.224013,13.02398],[80.212362,13.008112],[80.199552,12.995066],[80.186291,12.989755],[80.174875,12.98457],[80.165691,12.98022],[80.152731,12.968553],[80.141187,12.951657],[80.131574,12.937938],[80.118055,12.925766],[80.095096,12.905061],[80.0844,12.8913],[80.071621,12.867117],[80.0572,12.845],[80.03686,12.820798],[80.026388,12.805985],[80.019865,12.79661],[80.00124,12.762752],[79.98373,12.73027],[79.981499,12.692844]]}},{"type":"Feature","properties":{"route_id":"40534","route_short_name":"40534","route_long_name":"CGL-MSB EMU LOCAL","operator":"Indian Railways","mode":"suburban_rail","source":"MobilityData Indian Railways GTFS (unofficial data)"},"geometry":{"type":"LineString","coordinates":[[79.981499,12.692844],[79.98373,12.73027],[80.00124,12.762752],[80.019865,12.79661],[80.026388,12.805985],[80.03686,12.820798],[80.0572,12.845],[80.071621,12.867117],[80.0844,12.8913],[80.095096,12.905061],[80.118055,12.925766],[80.131574,12.937938],[80.141187,12.951657],[80.152731,12.968553],[80.165691,12.98022],[80.174875,12.98457],[80.186291,12.989755],[80.199552,12.995066],[80.212362,13.008112],[80.224013,13.02398],[80.227704,13.037694],[80.230815,13.052076],[80.232832,13.065453],[80.24296,13.074253],[80.260363,13.077848],[80.2728,13.0806],[80.282636,13.08324],[80.291691,13.09043]]}},{"type":"Feature","properties":{"route_id":"40535","route_short_name":"40535","route_long_name":"MSB-CGL EMU LOCAL","operator":"Indian Railways","mode":"suburban_rail","source":"MobilityData Indian Railways GTFS (unofficial data)"},"geometry":{"type":"LineString","coordinates":[[80.291691,13.09043],[80.282636,13.08324],[80.2728,13.0806],[80.260363,13.077848],[80.24296,13.074253],[80.232832,13.065453],[80.230815,13.052076],[80.227704,13.037694],[80.224013,13.02398],[80.212362,13.008112],[80.199552,12.995066],[80.186291,12.989755],[80.174875,12.98457],[80.165691,12.98022],[80.152731,12.968553],[80.141187,12.951657],[80.131574,12.937938],[80.118055,12.925766],[80.095096,12.905061],[80.0844,12.8913],[80.071621,12.867117],[80.0572,12.845],[80.03686,12.820798],[80.026388,12.805985],[80.019865,12.79661],[80.00124,12.762752],[79.98373,12.73027],[79.981499,12.692844]]}},{"type":"Feature","properties":{"route_id":"40536","route_short_name":"40536","route_long_name":"CGL-MSB EMU LOCAL","operator":"Indian Railways","mode":"suburban_rail","source":"MobilityData Indian Railways GTFS (unofficial data)"},"geometry":{"type":"LineString","coordinates":[[79.981499,12.692844],[79.98373,12.73027],[80.00124,12.762752],[80.019865,12.79661],[80.026388,12.805985],[80.03686,12.820798],[80.0572,12.845],[80.071621,12.867117],[80.0844,12.8913],[80.095096,12.905061],[80.118055,12.925766],[80.131574,12.937938],[80.141187,12.951657],[80.152731,12.968553],[80.165691,12.98022],[80.174875,12.98457],[80.186291,12.989755],[80.199552,12.995066],[80.212362,13.008112],[80.224013,13.02398],[80.227704,13.037694],[80.230815,13.052076],[80.232832,13.065453],[80.24296,13.074253],[80.260363,13.077848],[80.2728,13.0806],[80.282636,13.08324],[80.291691,13.09043]]}},{"type":"Feature","properties":{"route_id":"40537","route_short_name":"40537","route_long_name":"MSB-CGL EMU LOCAL","operator":"Indian Railways","mode":"suburban_rail","source":"MobilityData Indian Railways GTFS (unofficial data)"},"geometry":{"type":"LineString","coordinates":[[80.291691,13.09043],[80.282636,13.08324],[80.2728,13.0806],[80.260363,13.077848],[80.24296,13.074253],[80.232832,13.065453],[80.230815,13.052076],[80.227704,13.037694],[80.224013,13.02398],[80.212362,13.008112],[80.199552,12.995066],[80.186291,12.989755],[80.174875,12.98457],[80.165691,12.98022],[80.152731,12.968553],[80.141187,12.951657],[80.131574,12.937938],[80.118055,12.925766],[80.095096,12.905061],[80.0844,12.8913],[80.071621,12.867117],[80.0572,12.845],[80.03686,12.820798],[80.026388,12.805985],[80.019865,12.79661],[80.00124,12.762752],[79.98373,12.73027],[79.981499,12.692844]]}},{"type":"Feature","properties":{"route_id":"40538","route_short_name":"40538","route_long_name":"CGL-MSB EMU LOCAL","operator":"Indian Railways","mode":"suburban_rail","source":"MobilityData Indian Railways GTFS (unofficial data)"},"geometry":{"type":"LineString","coordinates":[[79.981499,12.692844],[79.98373,12.73027],[80.00124,12.762752],[80.019865,12.79661],[80.026388,12.805985],[80.03686,12.820798],[80.0572,12.845],[80.071621,12.867117],[80.0844,12.8913],[80.095096,12.905061],[80.118055,12.925766],[80.131574,12.937938],[80.141187,12.951657],[80.152731,12.968553],[80.165691,12.98022],[80.174875,12.98457],[80.186291,12.989755],[80.199552,12.995066],[80.212362,13.008112],[80.224013,13.02398],[80.227704,13.037694],[80.230815,13.052076],[80.232832,13.065453],[80.24296,13.074253],[80.260363,13.077848],[80.2728,13.0806],[80.282636,13.08324],[80.291691,13.09043]]}},{"type":"Feature","properties":{"route_id":"40539","route_short_name":"40539","route_long_name":"MSB-CGL EMU LOCAL","operator":"Indian Railways","mode":"suburban_rail","source":"MobilityData Indian Railways GTFS (unofficial data)"},"geometry":{"type":"LineString","coordinates":[[80.291691,13.09043],[80.282636,13.08324],[80.2728,13.0806],[80.260363,13.077848],[80.24296,13.074253],[80.232832,13.065453],[80.230815,13.052076],[80.227704,13.037694],[80.224013,13.02398],[80.212362,13.008112],[80.199552,12.995066],[80.186291,12.989755],[80.174875,12.98457],[80.165691,12.98022],[80.152731,12.968553],[80.141187,12.951657],[80.131574,12.937938],[80.118055,12.925766],[80.095096,12.905061],[80.0844,12.8913],[80.071621,12.867117],[80.0572,12.845],[80.03686,12.820798],[80.026388,12.805985],[80.019865,12.79661],[80.00124,12.762752],[79.98373,12.73027],[79.981499,12.692844]]}},{"type":"Feature","properties":{"route_id":"40540","route_short_name":"40540","route_long_name":"CGL-MSB EMU LOCAL","operator":"Indian Railways","mode":"suburban_rail","source":"MobilityData Indian Railways GTFS (unofficial data)"},"geometry":{"type":"LineString","coordinates":[[79.981499,12.692844],[79.98373,12.73027],[80.00124,12.762752],[80.019865,12.79661],[80.026388,12.805985],[80.03686,12.820798],[80.0572,12.845],[80.071621,12.867117],[80.0844,12.8913],[80.095096,12.905061],[80.118055,12.925766],[80.131574,12.937938],[80.141187,12.951657],[80.152731,12.968553],[80.165691,12.98022],[80.174875,12.98457],[80.186291,12.989755],[80.199552,12.995066],[80.212362,13.008112],[80.224013,13.02398],[80.227704,13.037694],[80.230815,13.052076],[80.232832,13.065453],[80.24296,13.074253],[80.260363,13.077848],[80.2728,13.0806],[80.282636,13.08324],[80.291691,13.09043]]}},{"type":"Feature","properties":{"route_id":"40541","route_short_name":"40541","route_long_name":"MSB-CGL EMU LOCAL","operator":"Indian Railways","mode":"suburban_rail","source":"MobilityData Indian Railways GTFS (unofficial data)"},"geometry":{"type":"LineString","coordinates":[[80.291691,13.09043],[80.282636,13.08324],[80.2728,13.0806],[80.260363,13.077848],[80.24296,13.074253],[80.232832,13.065453],[80.230815,13.052076],[80.227704,13.037694],[80.224013,13.02398],[80.212362,13.008112],[80.199552,12.995066],[80.186291,12.989755],[80.174875,12.98457],[80.165691,12.98022],[80.152731,12.968553],[80.141187,12.951657],[80.131574,12.937938],[80.118055,12.925766],[80.095096,12.905061],[80.0844,12.8913],[80.071621,12.867117],[80.0572,12.845],[80.03686,12.820798],[80.026388,12.805985],[80.019865,12.79661],[80.00124,12.762752],[79.98373,12.73027],[79.981499,12.692844]]}},{"type":"Feature","properties":{"route_id":"40542","route_short_name":"40542","route_long_name":"CGL-MSB EMU LOCAL","operator":"Indian Railways","mode":"suburban_rail","source":"MobilityData Indian Railways GTFS (unofficial data)"},"geometry":{"type":"LineString","coordinates":[[79.981499,12.692844],[79.98373,12.73027],[80.00124,12.762752],[80.019865,12.79661],[80.026388,12.805985],[80.03686,12.820798],[80.0572,12.845],[80.071621,12.867117],[80.0844,12.8913],[80.095096,12.905061],[80.118055,12.925766],[80.131574,12.937938],[80.141187,12.951657],[80.152731,12.968553],[80.165691,12.98022],[80.174875,12.98457],[80.186291,12.989755],[80.199552,12.995066],[80.212362,13.008112],[80.224013,13.02398],[80.227704,13.037694],[80.230815,13.052076],[80.232832,13.065453],[80.24296,13.074253],[80.260363,13.077848],[80.2728,13.0806],[80.282636,13.08324],[80.291691,13.09043]]}},{"type":"Feature","properties":{"route_id":"40543","route_short_name":"40543","route_long_name":"MSB-CGL EMU LOCAL","operator":"Indian Railways","mode":"suburban_rail","source":"MobilityData Indian Railways GTFS (unofficial data)"},"geometry":{"type":"LineString","coordinates":[[80.291691,13.09043],[80.282636,13.08324],[80.2728,13.0806],[80.260363,13.077848],[80.24296,13.074253],[80.232832,13.065453],[80.230815,13.052076],[80.227704,13.037694],[80.224013,13.02398],[80.212362,13.008112],[80.199552,12.995066],[80.186291,12.989755],[80.174875,12.98457],[80.165691,12.98022],[80.152731,12.968553],[80.141187,12.951657],[80.131574,12.937938],[80.118055,12.925766],[80.095096,12.905061],[80.0844,12.8913],[80.071621,12.867117],[80.0572,12.845],[80.03686,12.820798],[80.026388,12.805985],[80.019865,12.79661],[80.00124,12.762752],[79.98373,12.73027],[79.981499,12.692844]]}},{"type":"Feature","properties":{"route_id":"40544","route_short_name":"40544","route_long_name":"CGL-MSB EMU LOCAL","operator":"Indian Railways","mode":"suburban_rail","source":"MobilityData Indian Railways GTFS (unofficial data)"},"geometry":{"type":"LineString","coordinates":[[79.981499,12.692844],[79.98373,12.73027],[80.00124,12.762752],[80.019865,12.79661],[80.026388,12.805985],[80.03686,12.820798],[80.0572,12.845],[80.071621,12.867117],[80.0844,12.8913],[80.095096,12.905061],[80.118055,12.925766],[80.131574,12.937938],[80.141187,12.951657],[80.152731,12.968553],[80.165691,12.98022],[80.174875,12.98457],[80.186291,12.989755],[80.199552,12.995066],[80.212362,13.008112],[80.224013,13.02398],[80.227704,13.037694],[80.230815,13.052076],[80.232832,13.065453],[80.24296,13.074253],[80.260363,13.077848],[80.2728,13.0806],[80.282636,13.08324],[80.291691,13.09043]]}},{"type":"Feature","properties":{"route_id":"40545","route_short_name":"40545","route_long_name":"MSB-CGL EMU LOCAL","operator":"Indian Railways","mode":"suburban_rail","source":"MobilityData Indian Railways GTFS (unofficial data)"},"geometry":{"type":"LineString","coordinates":[[80.291691,13.09043],[80.282636,13.08324],[80.2728,13.0806],[80.260363,13.077848],[80.24296,13.074253],[80.232832,13.065453],[80.230815,13.052076],[80.227704,13.037694],[80.224013,13.02398],[80.212362,13.008112],[80.199552,12.995066],[80.186291,12.989755],[80.174875,12.98457],[80.165691,12.98022],[80.152731,12.968553],[80.141187,12.951657],[80.131574,12.937938],[80.118055,12.925766],[80.095096,12.905061],[80.0844,12.8913],[80.071621,12.867117],[80.0572,12.845],[80.03686,12.820798],[80.026388,12.805985],[80.019865,12.79661],[80.00124,12.762752],[79.98373,12.73027],[79.981499,12.692844]]}},{"type":"Feature","properties":{"route_id":"40546","route_short_name":"40546","route_long_name":"CGL-MSB EMU LOCAL","operator":"Indian Railways","mode":"suburban_rail","source":"MobilityData Indian Railways GTFS (unofficial data)"},"geometry":{"type":"LineString","coordinates":[[79.981499,12.692844],[79.98373,12.73027],[80.00124,12.762752],[80.019865,12.79661],[80.026388,12.805985],[80.03686,12.820798],[80.0572,12.845],[80.071621,12.867117],[80.0844,12.8913],[80.095096,12.905061],[80.118055,12.925766],[80.131574,12.937938],[80.141187,12.951657],[80.152731,12.968553],[80.165691,12.98022],[80.174875,12.98457],[80.186291,12.989755],[80.199552,12.995066],[80.212362,13.008112],[80.224013,13.02398],[80.227704,13.037694],[80.230815,13.052076],[80.232832,13.065453],[80.24296,13.074253],[80.260363,13.077848],[80.2728,13.0806],[80.282636,13.08324],[80.291691,13.09043]]}},{"type":"Feature","properties":{"route_id":"40547","route_short_name":"40547","route_long_name":"MSB-CGL EMU LOCAL","operator":"Indian Railways","mode":"suburban_rail","source":"MobilityData Indian Railways GTFS (unofficial data)"},"geometry":{"type":"LineString","coordinates":[[80.291691,13.09043],[80.282636,13.08324],[80.2728,13.0806],[80.260363,13.077848],[80.24296,13.074253],[80.232832,13.065453],[80.230815,13.052076],[80.227704,13.037694],[80.224013,13.02398],[80.212362,13.008112],[80.199552,12.995066],[80.186291,12.989755],[80.174875,12.98457],[80.165691,12.98022],[80.152731,12.968553],[80.141187,12.951657],[80.131574,12.937938],[80.118055,12.925766],[80.095096,12.905061],[80.0844,12.8913],[80.071621,12.867117],[80.0572,12.845],[80.03686,12.820798],[80.026388,12.805985],[80.019865,12.79661],[80.00124,12.762752],[79.98373,12.73027],[79.981499,12.692844]]}},{"type":"Feature","properties":{"route_id":"40548","route_short_name":"40548","route_long_name":"CGL-MSB EMU LOCAL","operator":"Indian Railways","mode":"suburban_rail","source":"MobilityData Indian Railways GTFS (unofficial data)"},"geometry":{"type":"LineString","coordinates":[[79.981499,12.692844],[79.98373,12.73027],[80.00124,12.762752],[80.019865,12.79661],[80.026388,12.805985],[80.03686,12.820798],[80.0572,12.845],[80.071621,12.867117],[80.0844,12.8913],[80.095096,12.905061],[80.118055,12.925766],[80.131574,12.937938],[80.141187,12.951657],[80.152731,12.968553],[80.165691,12.98022],[80.174875,12.98457],[80.186291,12.989755],[80.199552,12.995066],[80.212362,13.008112],[80.224013,13.02398],[80.227704,13.037694],[80.230815,13.052076],[80.232832,13.065453],[80.24296,13.074253],[80.260363,13.077848],[80.2728,13.0806],[80.282636,13.08324],[80.291691,13.09043]]}},{"type":"Feature","properties":{"route_id":"40549","route_short_name":"40549","route_long_name":"MSB-CGL EMU LOCAL","operator":"Indian Railways","mode":"suburban_rail","source":"MobilityData Indian Railways GTFS (unofficial data)"},"geometry":{"type":"LineString","coordinates":[[80.291691,13.09043],[80.282636,13.08324],[80.2728,13.0806],[80.260363,13.077848],[80.24296,13.074253],[80.232832,13.065453],[80.230815,13.052076],[80.227704,13.037694],[80.224013,13.02398],[80.212362,13.008112],[80.199552,12.995066],[80.186291,12.989755],[80.174875,12.98457],[80.165691,12.98022],[80.152731,12.968553],[80.141187,12.951657],[80.131574,12.937938],[80.118055,12.925766],[80.095096,12.905061],[80.0844,12.8913],[80.071621,12.867117],[80.0572,12.845],[80.03686,12.820798],[80.026388,12.805985],[80.019865,12.79661],[80.00124,12.762752],[79.98373,12.73027],[79.981499,12.692844]]}},{"type":"Feature","properties":{"route_id":"40550","route_short_name":"40550","route_long_name":"CGL-MSB EMU LOCAL","operator":"Indian Railways","mode":"suburban_rail","source":"MobilityData Indian Railways GTFS (unofficial data)"},"geometry":{"type":"LineString","coordinates":[[79.981499,12.692844],[79.98373,12.73027],[80.00124,12.762752],[80.019865,12.79661],[80.026388,12.805985],[80.03686,12.820798],[80.0572,12.845],[80.071621,12.867117],[80.0844,12.8913],[80.095096,12.905061],[80.118055,12.925766],[80.131574,12.937938],[80.141187,12.951657],[80.152731,12.968553],[80.165691,12.98022],[80.174875,12.98457],[80.186291,12.989755],[80.199552,12.995066],[80.212362,13.008112],[80.224013,13.02398],[80.227704,13.037694],[80.230815,13.052076],[80.232832,13.065453],[80.24296,13.074253],[80.260363,13.077848],[80.2728,13.0806],[80.282636,13.08324],[80.291691,13.09043]]}},{"type":"Feature","properties":{"route_id":"40551","route_short_name":"40551","route_long_name":"MSB-CGL EMU LOCAL","operator":"Indian Railways","mode":"suburban_rail","source":"MobilityData Indian Railways GTFS (unofficial data)"},"geometry":{"type":"LineString","coordinates":[[80.291691,13.09043],[80.282636,13.08324],[80.2728,13.0806],[80.260363,13.077848],[80.24296,13.074253],[80.232832,13.065453],[80.230815,13.052076],[80.227704,13.037694],[80.224013,13.02398],[80.212362,13.008112],[80.199552,12.995066],[80.186291,12.989755],[80.174875,12.98457],[80.165691,12.98022],[80.152731,12.968553],[80.141187,12.951657],[80.131574,12.937938],[80.118055,12.925766],[80.095096,12.905061],[80.0844,12.8913],[80.071621,12.867117],[80.0572,12.845],[80.03686,12.820798],[80.026388,12.805985],[80.019865,12.79661],[80.00124,12.762752],[79.98373,12.73027],[79.981499,12.692844]]}},{"type":"Feature","properties":{"route_id":"40552","route_short_name":"40552","route_long_name":"CGL-MSB EMU LOCAL","operator":"Indian Railways","mode":"suburban_rail","source":"MobilityData Indian Railways GTFS (unofficial data)"},"geometry":{"type":"LineString","coordinates":[[79.981499,12.692844],[79.98373,12.73027],[80.00124,12.762752],[80.019865,12.79661],[80.026388,12.805985],[80.03686,12.820798],[80.0572,12.845],[80.071621,12.867117],[80.0844,12.8913],[80.095096,12.905061],[80.118055,12.925766],[80.131574,12.937938],[80.141187,12.951657],[80.152731,12.968553],[80.165691,12.98022],[80.174875,12.98457],[80.186291,12.989755],[80.199552,12.995066],[80.212362,13.008112],[80.224013,13.02398],[80.227704,13.037694],[80.230815,13.052076],[80.232832,13.065453],[80.24296,13.074253],[80.260363,13.077848],[80.2728,13.0806],[80.282636,13.08324],[80.291691,13.09043]]}},{"type":"Feature","properties":{"route_id":"40553","route_short_name":"40553","route_long_name":"MSB-CGL EMU LOCAL","operator":"Indian Railways","mode":"suburban_rail","source":"MobilityData Indian Railways GTFS (unofficial data)"},"geometry":{"type":"LineString","coordinates":[[80.291691,13.09043],[80.282636,13.08324],[80.2728,13.0806],[80.260363,13.077848],[80.24296,13.074253],[80.232832,13.065453],[80.230815,13.052076],[80.227704,13.037694],[80.224013,13.02398],[80.212362,13.008112],[80.199552,12.995066],[80.186291,12.989755],[80.174875,12.98457],[80.165691,12.98022],[80.152731,12.968553],[80.141187,12.951657],[80.131574,12.937938],[80.118055,12.925766],[80.095096,12.905061],[80.0844,12.8913],[80.071621,12.867117],[80.0572,12.845],[80.03686,12.820798],[80.026388,12.805985],[80.019865,12.79661],[80.00124,12.762752],[79.98373,12.73027],[79.981499,12.692844]]}},{"type":"Feature","properties":{"route_id":"40554","route_short_name":"40554","route_long_name":"CGL-MSB EMU LOCAL","operator":"Indian Railways","mode":"suburban_rail","source":"MobilityData Indian Railways GTFS (unofficial data)"},"geometry":{"type":"LineString","coordinates":[[79.981499,12.692844],[79.98373,12.73027],[80.00124,12.762752],[80.019865,12.79661],[80.026388,12.805985],[80.03686,12.820798],[80.0572,12.845],[80.071621,12.867117],[80.0844,12.8913],[80.095096,12.905061],[80.118055,12.925766],[80.131574,12.937938],[80.141187,12.951657],[80.152731,12.968553],[80.165691,12.98022],[80.174875,12.98457],[80.186291,12.989755],[80.199552,12.995066],[80.212362,13.008112],[80.224013,13.02398],[80.227704,13.037694],[80.230815,13.052076],[80.232832,13.065453],[80.24296,13.074253],[80.260363,13.077848],[80.2728,13.0806],[80.282636,13.08324],[80.291691,13.09043]]}},{"type":"Feature","properties":{"route_id":"40555","route_short_name":"40555","route_long_name":"MSB-CGL EMU LOCAL","operator":"Indian Railways","mode":"suburban_rail","source":"MobilityData Indian Railways GTFS (unofficial data)"},"geometry":{"type":"LineString","coordinates":[[80.291691,13.09043],[80.282636,13.08324],[80.2728,13.0806],[80.260363,13.077848],[80.24296,13.074253],[80.232832,13.065453],[80.230815,13.052076],[80.227704,13.037694],[80.224013,13.02398],[80.212362,13.008112],[80.199552,12.995066],[80.186291,12.989755],[80.174875,12.98457],[80.165691,12.98022],[80.152731,12.968553],[80.141187,12.951657],[80.131574,12.937938],[80.118055,12.925766],[80.095096,12.905061],[80.0844,12.8913],[80.071621,12.867117],[80.0572,12.845],[80.03686,12.820798],[80.026388,12.805985],[80.019865,12.79661],[80.00124,12.762752],[79.98373,12.73027],[79.981499,12.692844]]}},{"type":"Feature","properties":{"route_id":"40556","route_short_name":"40556","route_long_name":"CGL-MSB EMU LOCAL","operator":"Indian Railways","mode":"suburban_rail","source":"MobilityData Indian Railways GTFS (unofficial data)"},"geometry":{"type":"LineString","coordinates":[[79.981499,12.692844],[79.98373,12.73027],[80.00124,12.762752],[80.019865,12.79661],[80.026388,12.805985],[80.03686,12.820798],[80.0572,12.845],[80.071621,12.867117],[80.0844,12.8913],[80.095096,12.905061],[80.118055,12.925766],[80.131574,12.937938],[80.141187,12.951657],[80.152731,12.968553],[80.165691,12.98022],[80.174875,12.98457],[80.186291,12.989755],[80.199552,12.995066],[80.212362,13.008112],[80.224013,13.02398],[80.227704,13.037694],[80.230815,13.052076],[80.232832,13.065453],[80.24296,13.074253],[80.260363,13.077848],[80.2728,13.0806],[80.282636,13.08324],[80.291691,13.09043]]}},{"type":"Feature","properties":{"route_id":"40558","route_short_name":"40558","route_long_name":"CGL-MSB EMU LOCAL","operator":"Indian Railways","mode":"suburban_rail","source":"MobilityData Indian Railways GTFS (unofficial data)"},"geometry":{"type":"LineString","coordinates":[[79.981499,12.692844],[79.98373,12.73027],[80.00124,12.762752],[80.019865,12.79661],[80.026388,12.805985],[80.03686,12.820798],[80.0572,12.845],[80.071621,12.867117],[80.0844,12.8913],[80.095096,12.905061],[80.118055,12.925766],[80.131574,12.937938],[80.141187,12.951657],[80.152731,12.968553],[80.165691,12.98022],[80.174875,12.98457],[80.186291,12.989755],[80.199552,12.995066],[80.212362,13.008112],[80.224013,13.02398],[80.227704,13.037694],[80.230815,13.052076],[80.232832,13.065453],[80.24296,13.074253],[80.260363,13.077848],[80.2728,13.0806],[80.282636,13.08324],[80.291691,13.09043]]}},{"type":"Feature","properties":{"route_id":"40559","route_short_name":"40559","route_long_name":"MSB-CGL EMU LOCAL","operator":"Indian Railways","mode":"suburban_rail","source":"MobilityData Indian Railways GTFS (unofficial data)"},"geometry":{"type":"LineString","coordinates":[[80.291691,13.09043],[80.282636,13.08324],[80.2728,13.0806],[80.260363,13.077848],[80.24296,13.074253],[80.232832,13.065453],[80.230815,13.052076],[80.227704,13.037694],[80.224013,13.02398],[80.212362,13.008112],[80.199552,12.995066],[80.186291,12.989755],[80.174875,12.98457],[80.165691,12.98022],[80.152731,12.968553],[80.141187,12.951657],[80.131574,12.937938],[80.118055,12.925766],[80.095096,12.905061],[80.0844,12.8913],[80.071621,12.867117],[80.0572,12.845],[80.03686,12.820798],[80.026388,12.805985],[80.019865,12.79661],[80.00124,12.762752],[79.98373,12.73027],[79.981499,12.692844]]}},{"type":"Feature","properties":{"route_id":"40560","route_short_name":"40560","route_long_name":"CGL-MSB EMU LOCAL","operator":"Indian Railways","mode":"suburban_rail","source":"MobilityData Indian Railways GTFS (unofficial data)"},"geometry":{"type":"LineString","coordinates":[[79.981499,12.692844],[79.98373,12.73027],[80.00124,12.762752],[80.019865,12.79661],[80.026388,12.805985],[80.03686,12.820798],[80.0572,12.845],[80.071621,12.867117],[80.0844,12.8913],[80.095096,12.905061],[80.118055,12.925766],[80.131574,12.937938],[80.141187,12.951657],[80.152731,12.968553],[80.165691,12.98022],[80.174875,12.98457],[80.186291,12.989755],[80.199552,12.995066],[80.212362,13.008112],[80.224013,13.02398],[80.227704,13.037694],[80.230815,13.052076],[80.232832,13.065453],[80.24296,13.074253],[80.260363,13.077848],[80.2728,13.0806],[80.282636,13.08324],[80.291691,13.09043]]}},{"type":"Feature","properties":{"route_id":"40561","route_short_name":"40561","route_long_name":"MSB-CGL EMU LOCAL","operator":"Indian Railways","mode":"suburban_rail","source":"MobilityData Indian Railways GTFS (unofficial data)"},"geometry":{"type":"LineString","coordinates":[[80.291691,13.09043],[80.282636,13.08324],[80.2728,13.0806],[80.260363,13.077848],[80.24296,13.074253],[80.232832,13.065453],[80.230815,13.052076],[80.227704,13.037694],[80.224013,13.02398],[80.212362,13.008112],[80.199552,12.995066],[80.186291,12.989755],[80.174875,12.98457],[80.165691,12.98022],[80.152731,12.968553],[80.141187,12.951657],[80.131574,12.937938],[80.118055,12.925766],[80.095096,12.905061],[80.0844,12.8913],[80.071621,12.867117],[80.0572,12.845],[80.03686,12.820798],[80.026388,12.805985],[80.019865,12.79661],[80.00124,12.762752],[79.98373,12.73027],[79.981499,12.692844]]}},{"type":"Feature","properties":{"route_id":"40562","route_short_name":"40562","route_long_name":"CGL-MSB EMU LOCAL","operator":"Indian Railways","mode":"suburban_rail","source":"MobilityData Indian Railways GTFS (unofficial data)"},"geometry":{"type":"LineString","coordinates":[[79.981499,12.692844],[79.98373,12.73027],[80.00124,12.762752],[80.019865,12.79661],[80.026388,12.805985],[80.03686,12.820798],[80.0572,12.845],[80.071621,12.867117],[80.0844,12.8913],[80.095096,12.905061],[80.118055,12.925766],[80.131574,12.937938],[80.141187,12.951657],[80.152731,12.968553],[80.165691,12.98022],[80.174875,12.98457],[80.186291,12.989755],[80.199552,12.995066],[80.212362,13.008112],[80.224013,13.02398],[80.227704,13.037694],[80.230815,13.052076],[80.232832,13.065453],[80.24296,13.074253],[80.260363,13.077848],[80.2728,13.0806],[80.282636,13.08324],[80.291691,13.09043]]}},{"type":"Feature","properties":{"route_id":"40563","route_short_name":"40563","route_long_name":"MSB-CGL EMU LOCAL","operator":"Indian Railways","mode":"suburban_rail","source":"MobilityData Indian Railways GTFS (unofficial data)"},"geometry":{"type":"LineString","coordinates":[[80.291691,13.09043],[80.282636,13.08324],[80.2728,13.0806],[80.260363,13.077848],[80.24296,13.074253],[80.232832,13.065453],[80.230815,13.052076],[80.227704,13.037694],[80.224013,13.02398],[80.212362,13.008112],[80.199552,12.995066],[80.186291,12.989755],[80.174875,12.98457],[80.165691,12.98022],[80.152731,12.968553],[80.141187,12.951657],[80.131574,12.937938],[80.118055,12.925766],[80.095096,12.905061],[80.0844,12.8913],[80.071621,12.867117],[80.0572,12.845],[80.03686,12.820798],[80.026388,12.805985],[80.019865,12.79661],[80.00124,12.762752],[79.98373,12.73027],[79.981499,12.692844]]}},{"type":"Feature","properties":{"route_id":"40564","route_short_name":"40564","route_long_name":"CGL-MSB EMU LOCAL","operator":"Indian Railways","mode":"suburban_rail","source":"MobilityData Indian Railways GTFS (unofficial data)"},"geometry":{"type":"LineString","coordinates":[[79.981499,12.692844],[79.98373,12.73027],[80.00124,12.762752],[80.019865,12.79661],[80.026388,12.805985],[80.03686,12.820798],[80.0572,12.845],[80.071621,12.867117],[80.0844,12.8913],[80.095096,12.905061],[80.118055,12.925766],[80.131574,12.937938],[80.141187,12.951657],[80.152731,12.968553],[80.165691,12.98022],[80.174875,12.98457],[80.186291,12.989755],[80.199552,12.995066],[80.212362,13.008112],[80.224013,13.02398],[80.227704,13.037694],[80.230815,13.052076],[80.232832,13.065453],[80.24296,13.074253],[80.260363,13.077848],[80.2728,13.0806],[80.282636,13.08324],[80.291691,13.09043]]}},{"type":"Feature","properties":{"route_id":"40565","route_short_name":"40565","route_long_name":"MSB-CGL EMU LOCAL","operator":"Indian Railways","mode":"suburban_rail","source":"MobilityData Indian Railways GTFS (unofficial data)"},"geometry":{"type":"LineString","coordinates":[[80.291691,13.09043],[80.282636,13.08324],[80.2728,13.0806],[80.260363,13.077848],[80.24296,13.074253],[80.232832,13.065453],[80.230815,13.052076],[80.227704,13.037694],[80.224013,13.02398],[80.212362,13.008112],[80.199552,12.995066],[80.186291,12.989755],[80.174875,12.98457],[80.165691,12.98022],[80.152731,12.968553],[80.141187,12.951657],[80.131574,12.937938],[80.118055,12.925766],[80.095096,12.905061],[80.0844,12.8913],[80.071621,12.867117],[80.0572,12.845],[80.03686,12.820798],[80.026388,12.805985],[80.019865,12.79661],[80.00124,12.762752],[79.98373,12.73027],[79.981499,12.692844]]}},{"type":"Feature","properties":{"route_id":"40567","route_short_name":"40567","route_long_name":"MSB-CGL EMU LOCAL","operator":"Indian Railways","mode":"suburban_rail","source":"MobilityData Indian Railways GTFS (unofficial data)"},"geometry":{"type":"LineString","coordinates":[[80.291691,13.09043],[80.282636,13.08324],[80.2728,13.0806],[80.260363,13.077848],[80.24296,13.074253],[80.232832,13.065453],[80.230815,13.052076],[80.227704,13.037694],[80.224013,13.02398],[80.212362,13.008112],[80.199552,12.995066],[80.186291,12.989755],[80.174875,12.98457],[80.165691,12.98022],[80.152731,12.968553],[80.141187,12.951657],[80.131574,12.937938],[80.118055,12.925766],[80.095096,12.905061],[80.0844,12.8913],[80.071621,12.867117],[80.0572,12.845],[80.03686,12.820798],[80.026388,12.805985],[80.019865,12.79661],[80.00124,12.762752],[79.98373,12.73027],[79.981499,12.692844]]}},{"type":"Feature","properties":{"route_id":"40568","route_short_name":"40568","route_long_name":"CGL-MSB EMU LOCAL","operator":"Indian Railways","mode":"suburban_rail","source":"MobilityData Indian Railways GTFS (unofficial data)"},"geometry":{"type":"LineString","coordinates":[[79.981499,12.692844],[79.98373,12.73027],[80.00124,12.762752],[80.019865,12.79661],[80.026388,12.805985],[80.03686,12.820798],[80.0572,12.845],[80.071621,12.867117],[80.0844,12.8913],[80.095096,12.905061],[80.118055,12.925766],[80.131574,12.937938],[80.141187,12.951657],[80.152731,12.968553],[80.165691,12.98022],[80.174875,12.98457],[80.186291,12.989755],[80.199552,12.995066],[80.212362,13.008112],[80.224013,13.02398],[80.227704,13.037694],[80.230815,13.052076],[80.232832,13.065453],[80.24296,13.074253],[80.260363,13.077848],[80.2728,13.0806],[80.282636,13.08324],[80.291691,13.09043]]}},{"type":"Feature","properties":{"route_id":"40569","route_short_name":"40569","route_long_name":"MSB-CGL EMU LOCAL","operator":"Indian Railways","mode":"suburban_rail","source":"MobilityData Indian Railways GTFS (unofficial data)"},"geometry":{"type":"LineString","coordinates":[[80.291691,13.09043],[80.282636,13.08324],[80.2728,13.0806],[80.260363,13.077848],[80.24296,13.074253],[80.232832,13.065453],[80.230815,13.052076],[80.227704,13.037694],[80.224013,13.02398],[80.212362,13.008112],[80.199552,12.995066],[80.186291,12.989755],[80.174875,12.98457],[80.165691,12.98022],[80.152731,12.968553],[80.141187,12.951657],[80.131574,12.937938],[80.118055,12.925766],[80.095096,12.905061],[80.0844,12.8913],[80.071621,12.867117],[80.0572,12.845],[80.03686,12.820798],[80.026388,12.805985],[80.019865,12.79661],[80.00124,12.762752],[79.98373,12.73027],[79.981499,12.692844]]}},{"type":"Feature","properties":{"route_id":"40570","route_short_name":"40570","route_long_name":"CGL-MSB EMU LOCAL","operator":"Indian Railways","mode":"suburban_rail","source":"MobilityData Indian Railways GTFS (unofficial data)"},"geometry":{"type":"LineString","coordinates":[[79.981499,12.692844],[79.98373,12.73027],[80.00124,12.762752],[80.019865,12.79661],[80.026388,12.805985],[80.03686,12.820798],[80.0572,12.845],[80.071621,12.867117],[80.0844,12.8913],[80.095096,12.905061],[80.118055,12.925766],[80.131574,12.937938],[80.141187,12.951657],[80.152731,12.968553],[80.165691,12.98022],[80.174875,12.98457],[80.186291,12.989755],[80.199552,12.995066],[80.212362,13.008112],[80.224013,13.02398],[80.227704,13.037694],[80.230815,13.052076],[80.232832,13.065453],[80.24296,13.074253],[80.260363,13.077848],[80.2728,13.0806],[80.282636,13.08324],[80.291691,13.09043]]}},{"type":"Feature","properties":{"route_id":"40571","route_short_name":"40571","route_long_name":"MSB-CGL EMU LOCAL","operator":"Indian Railways","mode":"suburban_rail","source":"MobilityData Indian Railways GTFS (unofficial data)"},"geometry":{"type":"LineString","coordinates":[[80.291691,13.09043],[80.282636,13.08324],[80.2728,13.0806],[80.260363,13.077848],[80.24296,13.074253],[80.232832,13.065453],[80.230815,13.052076],[80.227704,13.037694],[80.224013,13.02398],[80.212362,13.008112],[80.199552,12.995066],[80.186291,12.989755],[80.174875,12.98457],[80.165691,12.98022],[80.152731,12.968553],[80.141187,12.951657],[80.131574,12.937938],[80.118055,12.925766],[80.095096,12.905061],[80.0844,12.8913],[80.071621,12.867117],[80.0572,12.845],[80.03686,12.820798],[80.026388,12.805985],[80.019865,12.79661],[80.00124,12.762752],[79.98373,12.73027],[79.981499,12.692844]]}},{"type":"Feature","properties":{"route_id":"40572","route_short_name":"40572","route_long_name":"CGL-MSB EMU LOCAL","operator":"Indian Railways","mode":"suburban_rail","source":"MobilityData Indian Railways GTFS (unofficial data)"},"geometry":{"type":"LineString","coordinates":[[79.981499,12.692844],[79.98373,12.73027],[80.00124,12.762752],[80.019865,12.79661],[80.026388,12.805985],[80.03686,12.820798],[80.0572,12.845],[80.071621,12.867117],[80.0844,12.8913],[80.095096,12.905061],[80.118055,12.925766],[80.131574,12.937938],[80.141187,12.951657],[80.152731,12.968553],[80.165691,12.98022],[80.174875,12.98457],[80.186291,12.989755],[80.199552,12.995066],[80.212362,13.008112],[80.224013,13.02398],[80.227704,13.037694],[80.230815,13.052076],[80.232832,13.065453],[80.24296,13.074253],[80.260363,13.077848],[80.2728,13.0806],[80.282636,13.08324],[80.291691,13.09043]]}},{"type":"Feature","properties":{"route_id":"40581","route_short_name":"40581","route_long_name":"TAMBARAM-CHENGALPATTU EMU","operator":"Indian Railways","mode":"suburban_rail","source":"MobilityData Indian Railways GTFS (unofficial data)"},"geometry":{"type":"LineString","coordinates":[[80.118055,12.925766],[80.095096,12.905061],[80.0844,12.8913],[80.071621,12.867117],[80.0572,12.845],[80.03686,12.820798],[80.026388,12.805985],[80.019865,12.79661],[80.00124,12.762752],[79.98373,12.73027],[79.981499,12.692844]]}},{"type":"Feature","properties":{"route_id":"40582","route_short_name":"40582","route_long_name":"CHENGALPATTU-TAMBARAM EMU","operator":"Indian Railways","mode":"suburban_rail","source":"MobilityData Indian Railways GTFS (unofficial data)"},"geometry":{"type":"LineString","coordinates":[[79.981499,12.692844],[79.98373,12.73027],[80.00124,12.762752],[80.019865,12.79661],[80.026388,12.805985],[80.03686,12.820798],[80.0572,12.845],[80.071621,12.867117],[80.0844,12.8913],[80.095096,12.905061],[80.118055,12.925766]]}},{"type":"Feature","properties":{"route_id":"40583","route_short_name":"40583","route_long_name":"TBM-CGL EMU LOCAL","operator":"Indian Railways","mode":"suburban_rail","source":"MobilityData Indian Railways GTFS (unofficial data)"},"geometry":{"type":"LineString","coordinates":[[80.118055,12.925766],[80.095096,12.905061],[80.0844,12.8913],[80.071621,12.867117],[80.0572,12.845],[80.03686,12.820798],[80.026388,12.805985],[80.019865,12.79661],[80.00124,12.762752],[79.98373,12.73027],[79.981499,12.692844]]}},{"type":"Feature","properties":{"route_id":"40585","route_short_name":"40585","route_long_name":"TBM-CGL EMU LOCAL","operator":"Indian Railways","mode":"suburban_rail","source":"MobilityData Indian Railways GTFS (unofficial data)"},"geometry":{"type":"LineString","coordinates":[[80.118055,12.925766],[80.095096,12.905061],[80.0844,12.8913],[80.071621,12.867117],[80.0572,12.845],[80.03686,12.820798],[80.026388,12.805985],[80.019865,12.79661],[80.00124,12.762752],[79.98373,12.73027],[79.981499,12.692844]]}},{"type":"Feature","properties":{"route_id":"40592","route_short_name":"40592","route_long_name":"GI-TBM EMU SPL","operator":"Indian Railways","mode":"suburban_rail","source":"MobilityData Indian Railways GTFS (unofficial data)"},"geometry":{"type":"LineString","coordinates":[[80.0572,12.845],[80.071621,12.867117],[80.0844,12.8913],[80.095096,12.905061],[80.118055,12.925766]]}},{"type":"Feature","properties":{"route_id":"40594","route_short_name":"40594","route_long_name":"GI-TBM EMU SPL","operator":"Indian Railways","mode":"suburban_rail","source":"MobilityData Indian Railways GTFS (unofficial data)"},"geometry":{"type":"LineString","coordinates":[[80.0572,12.845],[80.071621,12.867117],[80.0844,12.8913],[80.095096,12.905061],[80.118055,12.925766]]}},{"type":"Feature","properties":{"route_id":"40692","route_short_name":"40692","route_long_name":"CGL-STM EMU SPL","operator":"Indian Railways","mode":"suburban_rail","source":"MobilityData Indian Railways GTFS (unofficial data)"},"geometry":{"type":"LineString","coordinates":[[79.981499,12.692844],[79.98373,12.73027],[80.00124,12.762752],[80.019865,12.79661],[80.026388,12.805985],[80.03686,12.820798],[80.0572,12.845],[80.071621,12.867117],[80.0844,12.8913],[80.095096,12.905061],[80.118055,12.925766],[80.131574,12.937938],[80.141187,12.951657],[80.165691,12.98022],[80.174875,12.98457],[80.186291,12.989755],[80.199552,12.995066]]}},{"type":"Feature","properties":{"route_id":"40702","route_short_name":"40702","route_long_name":"CJ-MSB EMU LOCAL","operator":"Indian Railways","mode":"suburban_rail","source":"MobilityData Indian Railways GTFS (unofficial data)"},"geometry":{"type":"LineString","coordinates":[[79.8773,12.7767],[79.9066,12.7663],[79.9294,12.7547],[79.94751,12.737303],[79.981499,12.692844],[79.98373,12.73027],[80.00124,12.762752],[80.019865,12.79661],[80.026388,12.805985],[80.03686,12.820798],[80.0572,12.845],[80.071621,12.867117],[80.0844,12.8913],[80.095096,12.905061],[80.118055,12.925766],[80.131574,12.937938],[80.141187,12.951657],[80.152731,12.968553],[80.165691,12.98022],[80.174875,12.98457],[80.186291,12.989755],[80.199552,12.995066],[80.212362,13.008112],[80.224013,13.02398],[80.227704,13.037694],[80.230815,13.052076],[80.232832,13.065453],[80.24296,13.074253],[80.260363,13.077848],[80.2728,13.0806],[80.282636,13.08324],[80.291691,13.09043]]}},{"type":"Feature","properties":{"route_id":"40703","route_short_name":"40703","route_long_name":"MSB-CJ EMU LOCAL","operator":"Indian Railways","mode":"suburban_rail","source":"MobilityData Indian Railways GTFS (unofficial data)"},"geometry":{"type":"LineString","coordinates":[[80.291691,13.09043],[80.282636,13.08324],[80.2728,13.0806],[80.260363,13.077848],[80.24296,13.074253],[80.232832,13.065453],[80.230815,13.052076],[80.227704,13.037694],[80.224013,13.02398],[80.212362,13.008112],[80.199552,12.995066],[80.186291,12.989755],[80.174875,12.98457],[80.165691,12.98022],[80.152731,12.968553],[80.141187,12.951657],[80.131574,12.937938],[80.118055,12.925766],[80.095096,12.905061],[80.0844,12.8913],[80.071621,12.867117],[80.0572,12.845],[80.03686,12.820798],[80.026388,12.805985],[80.019865,12.79661],[80.00124,12.762752],[79.98373,12.73027],[79.981499,12.692844],[79.94751,12.737303],[79.9294,12.7547],[79.9066,12.7663],[79.8773,12.7767]]}},{"type":"Feature","properties":{"route_id":"40801","route_short_name":"40801","route_long_name":"MSB-TMLP EMU LOCAL","operator":"Indian Railways","mode":"suburban_rail","source":"MobilityData Indian Railways GTFS (unofficial data)"},"geometry":{"type":"LineString","coordinates":[[80.291691,13.09043],[80.282636,13.08324],[80.2728,13.0806],[80.260363,13.077848],[80.24296,13.074253],[80.232832,13.065453],[80.230815,13.052076],[80.227704,13.037694],[80.224013,13.02398],[80.212362,13.008112],[80.199552,12.995066],[80.186291,12.989755],[80.174875,12.98457],[80.165691,12.98022],[80.152731,12.968553],[80.141187,12.951657],[80.131574,12.937938],[80.118055,12.925766],[80.095096,12.905061],[80.0844,12.8913],[80.071621,12.867117],[80.0572,12.845],[80.03686,12.820798],[80.026388,12.805985],[80.019865,12.79661],[80.00124,12.762752],[79.98373,12.73027],[79.981499,12.692844],[79.94751,12.737303],[79.9294,12.7547],[79.9066,12.7663],[79.8773,12.7767]]}},{"type":"Feature","properties":{"route_id":"40803","route_short_name":"40803","route_long_name":"MSB-TMLP EMU LOCAL","operator":"Indian Railways","mode":"suburban_rail","source":"MobilityData Indian Railways GTFS (unofficial data)"},"geometry":{"type":"LineString","coordinates":[[80.291691,13.09043],[80.282636,13.08324],[80.2728,13.0806],[80.260363,13.077848],[80.24296,13.074253],[80.232832,13.065453],[80.230815,13.052076],[80.227704,13.037694],[80.224013,13.02398],[80.212362,13.008112],[80.199552,12.995066],[80.186291,12.989755],[80.174875,12.98457],[80.165691,12.98022],[80.152731,12.968553],[80.141187,12.951657],[80.131574,12.937938],[80.118055,12.925766],[80.095096,12.905061],[80.0844,12.8913],[80.071621,12.867117],[80.0572,12.845],[80.03686,12.820798],[80.026388,12.805985],[80.019865,12.79661],[80.00124,12.762752],[79.98373,12.73027],[79.981499,12.692844],[79.94751,12.737303],[79.9294,12.7547],[79.9066,12.7663],[79.8773,12.7767]]}},{"type":"Feature","properties":{"route_id":"40804","route_short_name":"40804","route_long_name":"TMLP-MSB EMU LOCAL","operator":"Indian Railways","mode":"suburban_rail","source":"MobilityData Indian Railways GTFS (unofficial data)"},"geometry":{"type":"LineString","coordinates":[[79.8773,12.7767],[79.9066,12.7663],[79.9294,12.7547],[79.94751,12.737303],[79.981499,12.692844],[79.98373,12.73027],[80.00124,12.762752],[80.019865,12.79661],[80.026388,12.805985],[80.03686,12.820798],[80.0572,12.845],[80.071621,12.867117],[80.0844,12.8913],[80.095096,12.905061],[80.118055,12.925766],[80.131574,12.937938],[80.141187,12.951657],[80.152731,12.968553],[80.165691,12.98022],[80.174875,12.98457],[80.186291,12.989755],[80.199552,12.995066],[80.212362,13.008112],[80.224013,13.02398],[80.227704,13.037694],[80.230815,13.052076],[80.232832,13.065453],[80.24296,13.074253],[80.260363,13.077848],[80.2728,13.0806],[80.282636,13.08324],[80.291691,13.09043]]}},{"type":"Feature","properties":{"route_id":"40806","route_short_name":"40806","route_long_name":"TMLP-MSB EMU","operator":"Indian Railways","mode":"suburban_rail","source":"MobilityData Indian Railways GTFS (unofficial data)"},"geometry":{"type":"LineString","coordinates":[[79.8773,12.7767],[79.9066,12.7663],[79.9294,12.7547],[79.94751,12.737303],[79.981499,12.692844],[79.98373,12.73027],[80.00124,12.762752],[80.019865,12.79661],[80.026388,12.805985],[80.03686,12.820798],[80.0572,12.845],[80.071621,12.867117],[80.0844,12.8913],[80.095096,12.905061],[80.118055,12.925766],[80.131574,12.937938],[80.141187,12.951657],[80.152731,12.968553],[80.165691,12.98022],[80.174875,12.98457],[80.186291,12.989755],[80.199552,12.995066],[80.212362,13.008112],[80.224013,13.02398],[80.227704,13.037694],[80.230815,13.052076],[80.232832,13.065453],[80.24296,13.074253],[80.260363,13.077848],[80.2728,13.0806],[80.282636,13.08324],[80.291691,13.09043]]}},{"type":"Feature","properties":{"route_id":"40901","route_short_name":"40901","route_long_name":"MSB-CGL-AJJ EMU","operator":"Indian Railways","mode":"suburban_rail","source":"MobilityData Indian Railways GTFS (unofficial data)"},"geometry":{"type":"LineString","coordinates":[[80.291691,13.09043],[80.282636,13.08324],[80.2728,13.0806],[80.260363,13.077848],[80.24296,13.074253],[80.232832,13.065453],[80.230815,13.052076],[80.227704,13.037694],[80.224013,13.02398],[80.212362,13.008112],[80.199552,12.995066],[80.186291,12.989755],[80.174875,12.98457],[80.165691,12.98022],[80.152731,12.968553],[80.141187,12.951657],[80.131574,12.937938],[80.118055,12.925766],[80.095096,12.905061],[80.0844,12.8913],[80.071621,12.867117],[80.0572,12.845],[80.03686,12.820798],[80.026388,12.805985],[80.019865,12.79661],[80.00124,12.762752],[79.98373,12.73027],[79.981499,12.692844],[79.94751,12.737303],[79.9294,12.7547],[79.9066,12.7663],[79.8773,12.7767]]}},{"type":"Feature","properties":{"route_id":"40902","route_short_name":"40902","route_long_name":"AJJ-CGL-MSB EMU LOCAL","operator":"Indian Railways","mode":"suburban_rail","source":"MobilityData Indian Railways GTFS (unofficial data)"},"geometry":{"type":"LineString","coordinates":[[79.8773,12.7767],[79.9066,12.7663],[79.9294,12.7547],[79.94751,12.737303],[79.981499,12.692844],[79.98373,12.73027],[80.00124,12.762752],[80.019865,12.79661],[80.026388,12.805985],[80.03686,12.820798],[80.0572,12.845],[80.071621,12.867117],[80.0844,12.8913],[80.095096,12.905061],[80.118055,12.925766],[80.131574,12.937938],[80.141187,12.951657],[80.152731,12.968553],[80.165691,12.98022],[80.174875,12.98457],[80.186291,12.989755],[80.199552,12.995066],[80.212362,13.008112],[80.224013,13.02398],[80.227704,13.037694],[80.230815,13.052076],[80.232832,13.065453],[80.24296,13.074253],[80.260363,13.077848],[80.2728,13.0806],[80.282636,13.08324],[80.291691,13.09043]]}},{"type":"Feature","properties":{"route_id":"40903","route_short_name":"40903","route_long_name":"MSB-CGL-AJJ EMU FAST","operator":"Indian Railways","mode":"suburban_rail","source":"MobilityData Indian Railways GTFS (unofficial data)"},"geometry":{"type":"LineString","coordinates":[[80.291691,13.09043],[80.282636,13.08324],[80.2728,13.0806],[80.260363,13.077848],[80.227704,13.037694],[80.212362,13.008112],[80.199552,12.995066],[80.118055,12.925766],[79.981499,12.692844],[79.9066,12.7663]]}},{"type":"Feature","properties":{"route_id":"40904","route_short_name":"40904","route_long_name":"AJJ-CGL-MSB EMU FAST","operator":"Indian Railways","mode":"suburban_rail","source":"MobilityData Indian Railways GTFS (unofficial data)"},"geometry":{"type":"LineString","coordinates":[[79.9066,12.7663],[79.981499,12.692844],[79.98373,12.73027],[80.095096,12.905061],[80.118055,12.925766],[80.131574,12.937938],[80.141187,12.951657],[80.152731,12.968553],[80.165691,12.98022],[80.174875,12.98457],[80.186291,12.989755],[80.199552,12.995066],[80.212362,13.008112],[80.224013,13.02398],[80.227704,13.037694],[80.230815,13.052076],[80.232832,13.065453],[80.24296,13.074253],[80.260363,13.077848],[80.2728,13.0806],[80.282636,13.08324],[80.291691,13.09043]]}},{"type":"Feature","properties":{"route_id":"40905","route_short_name":"40905","route_long_name":"MSB-CGL-AJJ EMU LOCAL","operator":"Indian Railways","mode":"suburban_rail","source":"MobilityData Indian Railways GTFS (unofficial data)"},"geometry":{"type":"LineString","coordinates":[[80.291691,13.09043],[80.282636,13.08324],[80.2728,13.0806],[80.260363,13.077848],[80.24296,13.074253],[80.232832,13.065453],[80.230815,13.052076],[80.227704,13.037694],[80.224013,13.02398],[80.212362,13.008112],[80.199552,12.995066],[80.186291,12.989755],[80.174875,12.98457],[80.165691,12.98022],[80.152731,12.968553],[80.141187,12.951657],[80.131574,12.937938],[80.118055,12.925766],[80.095096,12.905061],[80.0844,12.8913],[80.071621,12.867117],[80.0572,12.845],[80.03686,12.820798],[80.026388,12.805985],[80.019865,12.79661],[80.00124,12.762752],[79.98373,12.73027],[79.981499,12.692844],[79.94751,12.737303],[79.9294,12.7547],[79.9066,12.7663],[79.8773,12.7767]]}},{"type":"Feature","properties":{"route_id":"40906","route_short_name":"40906","route_long_name":"AJJ-CGL-MSB EMU LOCAL","operator":"Indian Railways","mode":"suburban_rail","source":"MobilityData Indian Railways GTFS (unofficial data)"},"geometry":{"type":"LineString","coordinates":[[79.8773,12.7767],[79.9066,12.7663],[79.9294,12.7547],[79.94751,12.737303],[79.981499,12.692844],[79.98373,12.73027],[80.00124,12.762752],[80.019865,12.79661],[80.026388,12.805985],[80.03686,12.820798],[80.0572,12.845],[80.071621,12.867117],[80.0844,12.8913],[80.095096,12.905061],[80.118055,12.925766],[80.131574,12.937938],[80.141187,12.951657],[80.152731,12.968553],[80.165691,12.98022],[80.174875,12.98457],[80.186291,12.989755],[80.199552,12.995066],[80.212362,13.008112],[80.224013,13.02398],[80.227704,13.037694],[80.230815,13.052076],[80.232832,13.065453],[80.24296,13.074253],[80.260363,13.077848],[80.2728,13.0806],[80.282636,13.08324],[80.291691,13.09043]]}},{"type":"Feature","properties":{"route_id":"41303","route_short_name":"41303","route_long_name":"VLCY-STM MRTS EMU LOCAL","operator":"Indian Railways","mode":"suburban_rail","source":"MobilityData Indian Railways GTFS (unofficial data)"},"geometry":{"type":"LineString","coordinates":[[80.219507,12.967382],[80.2016169,12.9779112],[80.199552,12.995066]]}},{"type":"Feature","properties":{"route_id":"42001","route_short_name":"42001","route_long_name":"MASS-GPD EMU LOCAL","operator":"Indian Railways","mode":"suburban_rail","source":"MobilityData Indian Railways GTFS (unofficial data)"},"geometry":{"type":"LineString","coordinates":[[80.2737504,13.0833296],[80.2713,13.1025],[80.277958,13.119772],[80.2813,13.1276],[80.287228,13.139833],[80.2961,13.1597],[80.305767,13.180451],[80.316582,13.204184],[80.321217,13.217219],[80.300015,13.249052],[80.2994,13.2491],[80.27607,13.268351],[80.2597,13.2815],[80.230579,13.304103],[80.1984,13.3319]]}},{"type":"Feature","properties":{"route_id":"42002","route_short_name":"42002","route_long_name":"GPD-MASS EMU LOCAL","operator":"Indian Railways","mode":"suburban_rail","source":"MobilityData Indian Railways GTFS (unofficial data)"},"geometry":{"type":"LineString","coordinates":[[80.1984,13.3319],[80.230579,13.304103],[80.2597,13.2815],[80.27607,13.268351],[80.2994,13.2491],[80.300015,13.249052],[80.321217,13.217219],[80.316582,13.204184],[80.305767,13.180451],[80.2961,13.1597],[80.287228,13.139833],[80.2813,13.1276],[80.277958,13.119772],[80.2713,13.1025],[80.2737504,13.0833296]]}},{"type":"Feature","properties":{"route_id":"42003","route_short_name":"42003","route_long_name":"MASS-GPD EMU LOCAL","operator":"Indian Railways","mode":"suburban_rail","source":"MobilityData Indian Railways GTFS (unofficial data)"},"geometry":{"type":"LineString","coordinates":[[80.2737504,13.0833296],[80.2713,13.1025],[80.277958,13.119772],[80.2813,13.1276],[80.287228,13.139833],[80.2961,13.1597],[80.305767,13.180451],[80.316582,13.204184],[80.321217,13.217219],[80.300015,13.249052],[80.2994,13.2491],[80.27607,13.268351],[80.2597,13.2815],[80.230579,13.304103],[80.1984,13.3319]]}},{"type":"Feature","properties":{"route_id":"42004","route_short_name":"42004","route_long_name":"GPD-MASS EMU LOCAL","operator":"Indian Railways","mode":"suburban_rail","source":"MobilityData Indian Railways GTFS (unofficial data)"},"geometry":{"type":"LineString","coordinates":[[80.1984,13.3319],[80.230579,13.304103],[80.2597,13.2815],[80.27607,13.268351],[80.2994,13.2491],[80.300015,13.249052],[80.321217,13.217219],[80.316582,13.204184],[80.305767,13.180451],[80.2961,13.1597],[80.287228,13.139833],[80.2813,13.1276],[80.277958,13.119772],[80.2713,13.1025],[80.2737504,13.0833296]]}},{"type":"Feature","properties":{"route_id":"42005","route_short_name":"42005","route_long_name":"MASS-GPD EMU LOCAL","operator":"Indian Railways","mode":"suburban_rail","source":"MobilityData Indian Railways GTFS (unofficial data)"},"geometry":{"type":"LineString","coordinates":[[80.2737504,13.0833296],[80.2713,13.1025],[80.277958,13.119772],[80.2813,13.1276],[80.287228,13.139833],[80.2961,13.1597],[80.305767,13.180451],[80.316582,13.204184],[80.321217,13.217219],[80.300015,13.249052],[80.2994,13.2491],[80.27607,13.268351],[80.2597,13.2815],[80.230579,13.304103],[80.1984,13.3319]]}},{"type":"Feature","properties":{"route_id":"42006","route_short_name":"42006","route_long_name":"GPD-MASS EMU LOCAL","operator":"Indian Railways","mode":"suburban_rail","source":"MobilityData Indian Railways GTFS (unofficial data)"},"geometry":{"type":"LineString","coordinates":[[80.1984,13.3319],[80.230579,13.304103],[80.2597,13.2815],[80.27607,13.268351],[80.2994,13.2491],[80.300015,13.249052],[80.321217,13.217219],[80.316582,13.204184],[80.305767,13.180451],[80.2961,13.1597],[80.287228,13.139833],[80.2813,13.1276],[80.277958,13.119772],[80.2713,13.1025],[80.2737504,13.0833296]]}},{"type":"Feature","properties":{"route_id":"42007","route_short_name":"42007","route_long_name":"MASS-GPD EMU LOCAL","operator":"Indian Railways","mode":"suburban_rail","source":"MobilityData Indian Railways GTFS (unofficial data)"},"geometry":{"type":"LineString","coordinates":[[80.2737504,13.0833296],[80.2713,13.1025],[80.277958,13.119772],[80.2813,13.1276],[80.287228,13.139833],[80.2961,13.1597],[80.305767,13.180451],[80.316582,13.204184],[80.321217,13.217219],[80.300015,13.249052],[80.2994,13.2491],[80.27607,13.268351],[80.2597,13.2815],[80.230579,13.304103],[80.1984,13.3319]]}},{"type":"Feature","properties":{"route_id":"42008","route_short_name":"42008","route_long_name":"GPD-MASS EMU LOCAL","operator":"Indian Railways","mode":"suburban_rail","source":"MobilityData Indian Railways GTFS (unofficial data)"},"geometry":{"type":"LineString","coordinates":[[80.1984,13.3319],[80.230579,13.304103],[80.2597,13.2815],[80.27607,13.268351],[80.2994,13.2491],[80.300015,13.249052],[80.321217,13.217219],[80.316582,13.204184],[80.305767,13.180451],[80.2961,13.1597],[80.287228,13.139833],[80.2813,13.1276],[80.277958,13.119772],[80.2713,13.1025],[80.2737504,13.0833296]]}},{"type":"Feature","properties":{"route_id":"42009","route_short_name":"42009","route_long_name":"MASS-GPD EMU LOCAL","operator":"Indian Railways","mode":"suburban_rail","source":"MobilityData Indian Railways GTFS (unofficial data)"},"geometry":{"type":"LineString","coordinates":[[80.2737504,13.0833296],[80.2713,13.1025],[80.277958,13.119772],[80.2813,13.1276],[80.287228,13.139833],[80.2961,13.1597],[80.305767,13.180451],[80.316582,13.204184],[80.321217,13.217219],[80.300015,13.249052],[80.2994,13.2491],[80.27607,13.268351],[80.2597,13.2815],[80.230579,13.304103],[80.1984,13.3319]]}},{"type":"Feature","properties":{"route_id":"42010","route_short_name":"42010","route_long_name":"GPD-MASS EMU LOCAL","operator":"Indian Railways","mode":"suburban_rail","source":"MobilityData Indian Railways GTFS (unofficial data)"},"geometry":{"type":"LineString","coordinates":[[80.1984,13.3319],[80.230579,13.304103],[80.2597,13.2815],[80.27607,13.268351],[80.2994,13.2491],[80.300015,13.249052],[80.321217,13.217219],[80.316582,13.204184],[80.305767,13.180451],[80.2961,13.1597],[80.287228,13.139833],[80.2813,13.1276],[80.277958,13.119772],[80.2713,13.1025],[80.2737504,13.0833296]]}},{"type":"Feature","properties":{"route_id":"42011","route_short_name":"42011","route_long_name":"MASS-GPD EMU LOCAL","operator":"Indian Railways","mode":"suburban_rail","source":"MobilityData Indian Railways GTFS (unofficial data)"},"geometry":{"type":"LineString","coordinates":[[80.2737504,13.0833296],[80.2713,13.1025],[80.277958,13.119772],[80.2813,13.1276],[80.287228,13.139833],[80.2961,13.1597],[80.305767,13.180451],[80.316582,13.204184],[80.321217,13.217219],[80.300015,13.249052],[80.2994,13.2491],[80.27607,13.268351],[80.2597,13.2815],[80.230579,13.304103],[80.1984,13.3319]]}},{"type":"Feature","properties":{"route_id":"42012","route_short_name":"42012","route_long_name":"GPD-MASS EMU LOCAL","operator":"Indian Railways","mode":"suburban_rail","source":"MobilityData Indian Railways GTFS (unofficial data)"},"geometry":{"type":"LineString","coordinates":[[80.1984,13.3319],[80.230579,13.304103],[80.2597,13.2815],[80.27607,13.268351],[80.2994,13.2491],[80.300015,13.249052],[80.321217,13.217219],[80.316582,13.204184],[80.305767,13.180451],[80.2961,13.1597],[80.287228,13.139833],[80.2813,13.1276],[80.277958,13.119772],[80.2713,13.1025],[80.2737504,13.0833296]]}},{"type":"Feature","properties":{"route_id":"42013","route_short_name":"42013","route_long_name":"MASS-GPD EMU LOCAL","operator":"Indian Railways","mode":"suburban_rail","source":"MobilityData Indian Railways GTFS (unofficial data)"},"geometry":{"type":"LineString","coordinates":[[80.2737504,13.0833296],[80.2713,13.1025],[80.277958,13.119772],[80.2813,13.1276],[80.287228,13.139833],[80.2961,13.1597],[80.305767,13.180451],[80.316582,13.204184],[80.321217,13.217219],[80.300015,13.249052],[80.2994,13.2491],[80.27607,13.268351],[80.2597,13.2815],[80.230579,13.304103],[80.1984,13.3319]]}},{"type":"Feature","properties":{"route_id":"42014","route_short_name":"42014","route_long_name":"GPD-MASS EMU LOCAL","operator":"Indian Railways","mode":"suburban_rail","source":"MobilityData Indian Railways GTFS (unofficial data)"},"geometry":{"type":"LineString","coordinates":[[80.1984,13.3319],[80.230579,13.304103],[80.2597,13.2815],[80.27607,13.268351],[80.2994,13.2491],[80.300015,13.249052],[80.321217,13.217219],[80.316582,13.204184],[80.305767,13.180451],[80.2961,13.1597],[80.287228,13.139833],[80.2813,13.1276],[80.277958,13.119772],[80.2713,13.1025],[80.2737504,13.0833296]]}},{"type":"Feature","properties":{"route_id":"42015","route_short_name":"42015","route_long_name":"MASS-GPD EMU LOCAL","operator":"Indian Railways","mode":"suburban_rail","source":"MobilityData Indian Railways GTFS (unofficial data)"},"geometry":{"type":"LineString","coordinates":[[80.2737504,13.0833296],[80.2713,13.1025],[80.277958,13.119772],[80.2813,13.1276],[80.287228,13.139833],[80.2961,13.1597],[80.305767,13.180451],[80.316582,13.204184],[80.321217,13.217219],[80.300015,13.249052],[80.2994,13.2491],[80.27607,13.268351],[80.2597,13.2815],[80.230579,13.304103],[80.1984,13.3319]]}},{"type":"Feature","properties":{"route_id":"42016","route_short_name":"42016","route_long_name":"GPD-MASS EMU LOCAL","operator":"Indian Railways","mode":"suburban_rail","source":"MobilityData Indian Railways GTFS (unofficial data)"},"geometry":{"type":"LineString","coordinates":[[80.1984,13.3319],[80.230579,13.304103],[80.2597,13.2815],[80.27607,13.268351],[80.2994,13.2491],[80.300015,13.249052],[80.321217,13.217219],[80.316582,13.204184],[80.305767,13.180451],[80.2961,13.1597],[80.287228,13.139833],[80.2813,13.1276],[80.277958,13.119772],[80.2713,13.1025],[80.2737504,13.0833296]]}},{"type":"Feature","properties":{"route_id":"42017","route_short_name":"42017","route_long_name":"MASS-GPD EMU LOCAL","operator":"Indian Railways","mode":"suburban_rail","source":"MobilityData Indian Railways GTFS (unofficial data)"},"geometry":{"type":"LineString","coordinates":[[80.2737504,13.0833296],[80.2713,13.1025],[80.277958,13.119772],[80.2813,13.1276],[80.287228,13.139833],[80.2961,13.1597],[80.305767,13.180451],[80.316582,13.204184],[80.321217,13.217219],[80.300015,13.249052],[80.2994,13.2491],[80.27607,13.268351],[80.2597,13.2815],[80.230579,13.304103],[80.1984,13.3319]]}},{"type":"Feature","properties":{"route_id":"42018","route_short_name":"42018","route_long_name":"GPD-MASS EMU LOCAL","operator":"Indian Railways","mode":"suburban_rail","source":"MobilityData Indian Railways GTFS (unofficial data)"},"geometry":{"type":"LineString","coordinates":[[80.1984,13.3319],[80.230579,13.304103],[80.2597,13.2815],[80.27607,13.268351],[80.2994,13.2491],[80.300015,13.249052],[80.321217,13.217219],[80.316582,13.204184],[80.305767,13.180451],[80.2961,13.1597],[80.287228,13.139833],[80.2813,13.1276],[80.277958,13.119772],[80.2713,13.1025],[80.2737504,13.0833296]]}},{"type":"Feature","properties":{"route_id":"42019","route_short_name":"42019","route_long_name":"MASS-GPD EMU LOCAL","operator":"Indian Railways","mode":"suburban_rail","source":"MobilityData Indian Railways GTFS (unofficial data)"},"geometry":{"type":"LineString","coordinates":[[80.2737504,13.0833296],[80.2713,13.1025],[80.277958,13.119772],[80.2813,13.1276],[80.287228,13.139833],[80.2961,13.1597],[80.305767,13.180451],[80.316582,13.204184],[80.321217,13.217219],[80.300015,13.249052],[80.2994,13.2491],[80.27607,13.268351],[80.2597,13.2815],[80.230579,13.304103],[80.1984,13.3319]]}},{"type":"Feature","properties":{"route_id":"42020","route_short_name":"42020","route_long_name":"GPD-MASS EMU LOCAL","operator":"Indian Railways","mode":"suburban_rail","source":"MobilityData Indian Railways GTFS (unofficial data)"},"geometry":{"type":"LineString","coordinates":[[80.1984,13.3319],[80.230579,13.304103],[80.2597,13.2815],[80.27607,13.268351],[80.2994,13.2491],[80.300015,13.249052],[80.321217,13.217219],[80.316582,13.204184],[80.305767,13.180451],[80.2961,13.1597],[80.287228,13.139833],[80.2813,13.1276],[80.277958,13.119772],[80.2713,13.1025],[80.2737504,13.0833296]]}},{"type":"Feature","properties":{"route_id":"42021","route_short_name":"42021","route_long_name":"MASS-GPD EMU LOCAL","operator":"Indian Railways","mode":"suburban_rail","source":"MobilityData Indian Railways GTFS (unofficial data)"},"geometry":{"type":"LineString","coordinates":[[80.2737504,13.0833296],[80.2713,13.1025],[80.277958,13.119772],[80.2813,13.1276],[80.287228,13.139833],[80.2961,13.1597],[80.305767,13.180451],[80.316582,13.204184],[80.321217,13.217219],[80.300015,13.249052],[80.2994,13.2491],[80.27607,13.268351],[80.2597,13.2815],[80.230579,13.304103],[80.1984,13.3319]]}},{"type":"Feature","properties":{"route_id":"42022","route_short_name":"42022","route_long_name":"GPD-MASS EMU LOCAL","operator":"Indian Railways","mode":"suburban_rail","source":"MobilityData Indian Railways GTFS (unofficial data)"},"geometry":{"type":"LineString","coordinates":[[80.1984,13.3319],[80.230579,13.304103],[80.2597,13.2815],[80.27607,13.268351],[80.2994,13.2491],[80.300015,13.249052],[80.321217,13.217219],[80.316582,13.204184],[80.305767,13.180451],[80.2961,13.1597],[80.287228,13.139833],[80.2813,13.1276],[80.277958,13.119772],[80.2713,13.1025],[80.2737504,13.0833296]]}},{"type":"Feature","properties":{"route_id":"42023","route_short_name":"42023","route_long_name":"MASS-GPD EMU LOCAL","operator":"Indian Railways","mode":"suburban_rail","source":"MobilityData Indian Railways GTFS (unofficial data)"},"geometry":{"type":"LineString","coordinates":[[80.2737504,13.0833296],[80.2713,13.1025],[80.277958,13.119772],[80.2813,13.1276],[80.287228,13.139833],[80.2961,13.1597],[80.305767,13.180451],[80.316582,13.204184],[80.321217,13.217219],[80.300015,13.249052],[80.2994,13.2491],[80.27607,13.268351],[80.2597,13.2815],[80.230579,13.304103],[80.1984,13.3319]]}},{"type":"Feature","properties":{"route_id":"42024","route_short_name":"42024","route_long_name":"GPD-MASS EMU LOCAL","operator":"Indian Railways","mode":"suburban_rail","source":"MobilityData Indian Railways GTFS (unofficial data)"},"geometry":{"type":"LineString","coordinates":[[80.1984,13.3319],[80.230579,13.304103],[80.2597,13.2815],[80.27607,13.268351],[80.2994,13.2491],[80.300015,13.249052],[80.321217,13.217219],[80.316582,13.204184],[80.305767,13.180451],[80.2961,13.1597],[80.287228,13.139833],[80.2813,13.1276],[80.277958,13.119772],[80.2713,13.1025],[80.2737504,13.0833296]]}},{"type":"Feature","properties":{"route_id":"42025","route_short_name":"42025","route_long_name":"MASS-GPD EMU LOCAL","operator":"Indian Railways","mode":"suburban_rail","source":"MobilityData Indian Railways GTFS (unofficial data)"},"geometry":{"type":"LineString","coordinates":[[80.2737504,13.0833296],[80.2713,13.1025],[80.277958,13.119772],[80.2813,13.1276],[80.287228,13.139833],[80.2961,13.1597],[80.305767,13.180451],[80.316582,13.204184],[80.321217,13.217219],[80.300015,13.249052],[80.2994,13.2491],[80.27607,13.268351],[80.2597,13.2815],[80.230579,13.304103],[80.1984,13.3319]]}},{"type":"Feature","properties":{"route_id":"42026","route_short_name":"42026","route_long_name":"GPD-MASS EMU LOCAL","operator":"Indian Railways","mode":"suburban_rail","source":"MobilityData Indian Railways GTFS (unofficial data)"},"geometry":{"type":"LineString","coordinates":[[80.1984,13.3319],[80.230579,13.304103],[80.2597,13.2815],[80.27607,13.268351],[80.2994,13.2491],[80.300015,13.249052],[80.321217,13.217219],[80.316582,13.204184],[80.305767,13.180451],[80.2961,13.1597],[80.287228,13.139833],[80.2813,13.1276],[80.277958,13.119772],[80.2713,13.1025],[80.2737504,13.0833296]]}},{"type":"Feature","properties":{"route_id":"42027","route_short_name":"42027","route_long_name":"MASS-GPD EMU LOCAL","operator":"Indian Railways","mode":"suburban_rail","source":"MobilityData Indian Railways GTFS (unofficial data)"},"geometry":{"type":"LineString","coordinates":[[80.2737504,13.0833296],[80.2713,13.1025],[80.277958,13.119772],[80.2813,13.1276],[80.287228,13.139833],[80.2961,13.1597],[80.305767,13.180451],[80.316582,13.204184],[80.321217,13.217219],[80.300015,13.249052],[80.2994,13.2491],[80.27607,13.268351],[80.2597,13.2815],[80.230579,13.304103],[80.1984,13.3319]]}},{"type":"Feature","properties":{"route_id":"42028","route_short_name":"42028","route_long_name":"GPD-MASS EMU LOCAL","operator":"Indian Railways","mode":"suburban_rail","source":"MobilityData Indian Railways GTFS (unofficial data)"},"geometry":{"type":"LineString","coordinates":[[80.1984,13.3319],[80.230579,13.304103],[80.2597,13.2815],[80.27607,13.268351],[80.2994,13.2491],[80.300015,13.249052],[80.321217,13.217219],[80.316582,13.204184],[80.305767,13.180451],[80.2961,13.1597],[80.287228,13.139833],[80.2813,13.1276],[80.277958,13.119772],[80.2713,13.1025],[80.2737504,13.0833296]]}},{"type":"Feature","properties":{"route_id":"42029","route_short_name":"42029","route_long_name":"MASS-GPD EMU LOCAL","operator":"Indian Railways","mode":"suburban_rail","source":"MobilityData Indian Railways GTFS (unofficial data)"},"geometry":{"type":"LineString","coordinates":[[80.2737504,13.0833296],[80.2713,13.1025],[80.277958,13.119772],[80.2813,13.1276],[80.287228,13.139833],[80.2961,13.1597],[80.305767,13.180451],[80.316582,13.204184],[80.321217,13.217219],[80.300015,13.249052],[80.2994,13.2491],[80.27607,13.268351],[80.2597,13.2815],[80.230579,13.304103],[80.1984,13.3319]]}},{"type":"Feature","properties":{"route_id":"42030","route_short_name":"42030","route_long_name":"GPD-MASS EMU LOCAL","operator":"Indian Railways","mode":"suburban_rail","source":"MobilityData Indian Railways GTFS (unofficial data)"},"geometry":{"type":"LineString","coordinates":[[80.1984,13.3319],[80.230579,13.304103],[80.2597,13.2815],[80.27607,13.268351],[80.2994,13.2491],[80.300015,13.249052],[80.321217,13.217219],[80.316582,13.204184],[80.305767,13.180451],[80.2961,13.1597],[80.287228,13.139833],[80.2813,13.1276],[80.277958,13.119772],[80.2713,13.1025],[80.2737504,13.0833296]]}},{"type":"Feature","properties":{"route_id":"42031","route_short_name":"42031","route_long_name":"MASS-GPD EMU LOCAL","operator":"Indian Railways","mode":"suburban_rail","source":"MobilityData Indian Railways GTFS (unofficial data)"},"geometry":{"type":"LineString","coordinates":[[80.2737504,13.0833296],[80.2713,13.1025],[80.277958,13.119772],[80.2813,13.1276],[80.287228,13.139833],[80.2961,13.1597],[80.305767,13.180451],[80.316582,13.204184],[80.321217,13.217219],[80.300015,13.249052],[80.2994,13.2491],[80.27607,13.268351],[80.2597,13.2815],[80.230579,13.304103],[80.1984,13.3319]]}},{"type":"Feature","properties":{"route_id":"42032","route_short_name":"42032","route_long_name":"GPD-MASS EMU LOCAL","operator":"Indian Railways","mode":"suburban_rail","source":"MobilityData Indian Railways GTFS (unofficial data)"},"geometry":{"type":"LineString","coordinates":[[80.1984,13.3319],[80.230579,13.304103],[80.2597,13.2815],[80.27607,13.268351],[80.2994,13.2491],[80.300015,13.249052],[80.321217,13.217219],[80.316582,13.204184],[80.305767,13.180451],[80.2961,13.1597],[80.287228,13.139833],[80.2813,13.1276],[80.277958,13.119772],[80.2713,13.1025],[80.2737504,13.0833296]]}},{"type":"Feature","properties":{"route_id":"42033","route_short_name":"42033","route_long_name":"MASS-GPD EMU LOCAL","operator":"Indian Railways","mode":"suburban_rail","source":"MobilityData Indian Railways GTFS (unofficial data)"},"geometry":{"type":"LineString","coordinates":[[80.2737504,13.0833296],[80.2713,13.1025],[80.277958,13.119772],[80.2813,13.1276],[80.287228,13.139833],[80.2961,13.1597],[80.305767,13.180451],[80.316582,13.204184],[80.321217,13.217219],[80.300015,13.249052],[80.2994,13.2491],[80.27607,13.268351],[80.2597,13.2815],[80.230579,13.304103],[80.1984,13.3319]]}},{"type":"Feature","properties":{"route_id":"42034","route_short_name":"42034","route_long_name":"GPD-MASS EMU LOCAL","operator":"Indian Railways","mode":"suburban_rail","source":"MobilityData Indian Railways GTFS (unofficial data)"},"geometry":{"type":"LineString","coordinates":[[80.1984,13.3319],[80.230579,13.304103],[80.2597,13.2815],[80.27607,13.268351],[80.2994,13.2491],[80.300015,13.249052],[80.321217,13.217219],[80.316582,13.204184],[80.305767,13.180451],[80.2961,13.1597],[80.287228,13.139833],[80.2813,13.1276],[80.277958,13.119772],[80.2713,13.1025],[80.2737504,13.0833296]]}},{"type":"Feature","properties":{"route_id":"42035","route_short_name":"42035","route_long_name":"MASS-GPD EMU LOCAL","operator":"Indian Railways","mode":"suburban_rail","source":"MobilityData Indian Railways GTFS (unofficial data)"},"geometry":{"type":"LineString","coordinates":[[80.2737504,13.0833296],[80.2713,13.1025],[80.277958,13.119772],[80.2813,13.1276],[80.287228,13.139833],[80.2961,13.1597],[80.305767,13.180451],[80.316582,13.204184],[80.321217,13.217219],[80.300015,13.249052],[80.2994,13.2491],[80.27607,13.268351],[80.2597,13.2815],[80.230579,13.304103],[80.1984,13.3319]]}},{"type":"Feature","properties":{"route_id":"42036","route_short_name":"42036","route_long_name":"GPD-MASS EMU LOCAL","operator":"Indian Railways","mode":"suburban_rail","source":"MobilityData Indian Railways GTFS (unofficial data)"},"geometry":{"type":"LineString","coordinates":[[80.1984,13.3319],[80.230579,13.304103],[80.2597,13.2815],[80.27607,13.268351],[80.2994,13.2491],[80.300015,13.249052],[80.321217,13.217219],[80.316582,13.204184],[80.305767,13.180451],[80.2961,13.1597],[80.287228,13.139833],[80.2813,13.1276],[80.277958,13.119772],[80.2713,13.1025],[80.2737504,13.0833296]]}},{"type":"Feature","properties":{"route_id":"42037","route_short_name":"42037","route_long_name":"MASS-GPD EMU LOCAL","operator":"Indian Railways","mode":"suburban_rail","source":"MobilityData Indian Railways GTFS (unofficial data)"},"geometry":{"type":"LineString","coordinates":[[80.2737504,13.0833296],[80.2713,13.1025],[80.277958,13.119772],[80.2813,13.1276],[80.287228,13.139833],[80.2961,13.1597],[80.305767,13.180451],[80.316582,13.204184],[80.321217,13.217219],[80.300015,13.249052],[80.2994,13.2491],[80.27607,13.268351],[80.2597,13.2815],[80.230579,13.304103],[80.1984,13.3319]]}},{"type":"Feature","properties":{"route_id":"42038","route_short_name":"42038","route_long_name":"GPD-MASS EMU LOCAL","operator":"Indian Railways","mode":"suburban_rail","source":"MobilityData Indian Railways GTFS (unofficial data)"},"geometry":{"type":"LineString","coordinates":[[80.1984,13.3319],[80.230579,13.304103],[80.2597,13.2815],[80.27607,13.268351],[80.2994,13.2491],[80.300015,13.249052],[80.321217,13.217219],[80.316582,13.204184],[80.305767,13.180451],[80.2961,13.1597],[80.287228,13.139833],[80.2813,13.1276],[80.277958,13.119772],[80.2713,13.1025],[80.2737504,13.0833296]]}},{"type":"Feature","properties":{"route_id":"42040","route_short_name":"42040","route_long_name":"GPD-MASS EMU LOCAL","operator":"Indian Railways","mode":"suburban_rail","source":"MobilityData Indian Railways GTFS (unofficial data)"},"geometry":{"type":"LineString","coordinates":[[80.1984,13.3319],[80.230579,13.304103],[80.2597,13.2815],[80.27607,13.268351],[80.2994,13.2491],[80.300015,13.249052],[80.321217,13.217219],[80.316582,13.204184],[80.305767,13.180451],[80.2961,13.1597],[80.287228,13.139833],[80.2813,13.1276],[80.277958,13.119772],[80.2713,13.1025],[80.2737504,13.0833296]]}},{"type":"Feature","properties":{"route_id":"42042","route_short_name":"42042","route_long_name":"GPD-MASS EMU LOCAL","operator":"Indian Railways","mode":"suburban_rail","source":"MobilityData Indian Railways GTFS (unofficial data)"},"geometry":{"type":"LineString","coordinates":[[80.1984,13.3319],[80.230579,13.304103],[80.2597,13.2815],[80.27607,13.268351],[80.2994,13.2491],[80.300015,13.249052],[80.321217,13.217219],[80.316582,13.204184],[80.305767,13.180451],[80.2961,13.1597],[80.287228,13.139833],[80.2813,13.1276],[80.277958,13.119772],[80.2713,13.1025],[80.2737504,13.0833296]]}},{"type":"Feature","properties":{"route_id":"42301","route_short_name":"42301","route_long_name":"MASS-PON EMU LOCAL","operator":"Indian Railways","mode":"suburban_rail","source":"MobilityData Indian Railways GTFS (unofficial data)"},"geometry":{"type":"LineString","coordinates":[[80.2737504,13.0833296],[80.2713,13.1025],[80.277958,13.119772],[80.2813,13.1276],[80.287228,13.139833],[80.2961,13.1597],[80.305767,13.180451],[80.316582,13.204184],[80.321217,13.217219],[80.300015,13.249052],[80.2994,13.2491],[80.27607,13.268351],[80.2597,13.2815],[80.230579,13.304103],[80.1984,13.3319]]}},{"type":"Feature","properties":{"route_id":"42302","route_short_name":"42302","route_long_name":"PON-MASS EMU LOCAL","operator":"Indian Railways","mode":"suburban_rail","source":"MobilityData Indian Railways GTFS (unofficial data)"},"geometry":{"type":"LineString","coordinates":[[80.1984,13.3319],[80.230579,13.304103],[80.2597,13.2815],[80.27607,13.268351],[80.2994,13.2491],[80.300015,13.249052],[80.321217,13.217219],[80.316582,13.204184],[80.305767,13.180451],[80.2961,13.1597],[80.287228,13.139833],[80.2813,13.1276],[80.277958,13.119772],[80.2713,13.1025],[80.2737504,13.0833296]]}},{"type":"Feature","properties":{"route_id":"42401","route_short_name":"42401","route_long_name":"MASS-SPE EMU LOCAL","operator":"Indian Railways","mode":"suburban_rail","source":"MobilityData Indian Railways GTFS (unofficial data)"},"geometry":{"type":"LineString","coordinates":[[80.2737504,13.0833296],[80.2713,13.1025],[80.277958,13.119772],[80.2813,13.1276],[80.287228,13.139833],[80.2961,13.1597],[80.305767,13.180451],[80.316582,13.204184],[80.321217,13.217219],[80.300015,13.249052],[80.2994,13.2491],[80.27607,13.268351],[80.2597,13.2815],[80.230579,13.304103],[80.1984,13.3319]]}},{"type":"Feature","properties":{"route_id":"42402","route_short_name":"42402","route_long_name":"SPE-MASS EMU LOCAL","operator":"Indian Railways","mode":"suburban_rail","source":"MobilityData Indian Railways GTFS (unofficial data)"},"geometry":{"type":"LineString","coordinates":[[80.1984,13.3319],[80.230579,13.304103],[80.2597,13.2815],[80.27607,13.268351],[80.2994,13.2491],[80.300015,13.249052],[80.321217,13.217219],[80.316582,13.204184],[80.305767,13.180451],[80.2961,13.1597],[80.287228,13.139833],[80.2813,13.1276],[80.277958,13.119772],[80.2713,13.1025],[80.2737504,13.0833296]]}},{"type":"Feature","properties":{"route_id":"42403","route_short_name":"42403","route_long_name":"MASS-SPE EMU LOCAL","operator":"Indian Railways","mode":"suburban_rail","source":"MobilityData Indian Railways GTFS (unofficial data)"},"geometry":{"type":"LineString","coordinates":[[80.2737504,13.0833296],[80.2713,13.1025],[80.277958,13.119772],[80.2813,13.1276],[80.287228,13.139833],[80.2961,13.1597],[80.305767,13.180451],[80.316582,13.204184],[80.321217,13.217219],[80.300015,13.249052],[80.2994,13.2491],[80.27607,13.268351],[80.2597,13.2815],[80.230579,13.304103],[80.1984,13.3319]]}},{"type":"Feature","properties":{"route_id":"42404","route_short_name":"42404","route_long_name":"SPE-MASS EMU LOCAL","operator":"Indian Railways","mode":"suburban_rail","source":"MobilityData Indian Railways GTFS (unofficial data)"},"geometry":{"type":"LineString","coordinates":[[80.1984,13.3319],[80.230579,13.304103],[80.2597,13.2815],[80.27607,13.268351],[80.2994,13.2491],[80.300015,13.249052],[80.321217,13.217219],[80.305767,13.180451],[80.2961,13.1597],[80.287228,13.139833],[80.2813,13.1276],[80.277958,13.119772],[80.2713,13.1025],[80.2737504,13.0833296]]}},{"type":"Feature","properties":{"route_id":"42406","route_short_name":"42406","route_long_name":"SPE-MASS EMU LOCAL","operator":"Indian Railways","mode":"suburban_rail","source":"MobilityData Indian Railways GTFS (unofficial data)"},"geometry":{"type":"LineString","coordinates":[[80.1984,13.3319],[80.230579,13.304103],[80.2597,13.2815],[80.27607,13.268351],[80.2994,13.2491],[80.300015,13.249052],[80.321217,13.217219],[80.316582,13.204184],[80.305767,13.180451],[80.2961,13.1597],[80.287228,13.139833],[80.2813,13.1276],[80.277958,13.119772],[80.2713,13.1025],[80.2737504,13.0833296]]}},{"type":"Feature","properties":{"route_id":"42407","route_short_name":"42407","route_long_name":"MASS-SPE EMU LOCAL","operator":"Indian Railways","mode":"suburban_rail","source":"MobilityData Indian Railways GTFS (unofficial data)"},"geometry":{"type":"LineString","coordinates":[[80.2737504,13.0833296],[80.2713,13.1025],[80.277958,13.119772],[80.2813,13.1276],[80.287228,13.139833],[80.2961,13.1597],[80.305767,13.180451],[80.316582,13.204184],[80.321217,13.217219],[80.300015,13.249052],[80.2994,13.2491],[80.27607,13.268351],[80.2597,13.2815],[80.230579,13.304103],[80.1984,13.3319]]}},{"type":"Feature","properties":{"route_id":"42408","route_short_name":"42408","route_long_name":"SPE-MASS EMU LOCAL","operator":"Indian Railways","mode":"suburban_rail","source":"MobilityData Indian Railways GTFS (unofficial data)"},"geometry":{"type":"LineString","coordinates":[[80.1984,13.3319],[80.230579,13.304103],[80.2597,13.2815],[80.27607,13.268351],[80.2994,13.2491],[80.300015,13.249052],[80.321217,13.217219],[80.316582,13.204184],[80.305767,13.180451],[80.2961,13.1597],[80.287228,13.139833],[80.2813,13.1276],[80.277958,13.119772],[80.2713,13.1025],[80.2737504,13.0833296]]}},{"type":"Feature","properties":{"route_id":"42410","route_short_name":"42410","route_long_name":"SPE-MASS EMU LOCAL","operator":"Indian Railways","mode":"suburban_rail","source":"MobilityData Indian Railways GTFS (unofficial data)"},"geometry":{"type":"LineString","coordinates":[[80.1984,13.3319],[80.230579,13.304103],[80.2597,13.2815],[80.27607,13.268351],[80.2994,13.2491],[80.300015,13.249052],[80.321217,13.217219],[80.316582,13.204184],[80.305767,13.180451],[80.2961,13.1597],[80.287228,13.139833],[80.2813,13.1276],[80.277958,13.119772],[80.2713,13.1025],[80.2737504,13.0833296]]}},{"type":"Feature","properties":{"route_id":"42411","route_short_name":"42411","route_long_name":"MASS-SPE EMU LOCAL","operator":"Indian Railways","mode":"suburban_rail","source":"MobilityData Indian Railways GTFS (unofficial data)"},"geometry":{"type":"LineString","coordinates":[[80.2737504,13.0833296],[80.2713,13.1025],[80.277958,13.119772],[80.2813,13.1276],[80.287228,13.139833],[80.2961,13.1597],[80.305767,13.180451],[80.316582,13.204184],[80.321217,13.217219],[80.300015,13.249052],[80.2994,13.2491],[80.27607,13.268351],[80.2597,13.2815],[80.230579,13.304103],[80.1984,13.3319]]}},{"type":"Feature","properties":{"route_id":"42413","route_short_name":"42413","route_long_name":"MASS-SPE EMU LOCAL","operator":"Indian Railways","mode":"suburban_rail","source":"MobilityData Indian Railways GTFS (unofficial data)"},"geometry":{"type":"LineString","coordinates":[[80.2737504,13.0833296],[80.2713,13.1025],[80.277958,13.119772],[80.2813,13.1276],[80.287228,13.139833],[80.2961,13.1597],[80.305767,13.180451],[80.316582,13.204184],[80.321217,13.217219],[80.300015,13.249052],[80.2994,13.2491],[80.27607,13.268351],[80.2597,13.2815],[80.230579,13.304103],[80.1984,13.3319]]}},{"type":"Feature","properties":{"route_id":"42414","route_short_name":"42414","route_long_name":"SPE-MASS EMU LOCAL","operator":"Indian Railways","mode":"suburban_rail","source":"MobilityData Indian Railways GTFS (unofficial data)"},"geometry":{"type":"LineString","coordinates":[[80.1984,13.3319],[80.230579,13.304103],[80.2597,13.2815],[80.27607,13.268351],[80.2994,13.2491],[80.300015,13.249052],[80.321217,13.217219],[80.316582,13.204184],[80.305767,13.180451],[80.2961,13.1597],[80.287228,13.139833],[80.2813,13.1276],[80.277958,13.119772],[80.2713,13.1025],[80.2737504,13.0833296]]}},{"type":"Feature","properties":{"route_id":"42415","route_short_name":"42415","route_long_name":"MASS-SPE EMU LOCAL","operator":"Indian Railways","mode":"suburban_rail","source":"MobilityData Indian Railways GTFS (unofficial data)"},"geometry":{"type":"LineString","coordinates":[[80.2737504,13.0833296],[80.2713,13.1025],[80.277958,13.119772],[80.2813,13.1276],[80.287228,13.139833],[80.2961,13.1597],[80.305767,13.180451],[80.316582,13.204184],[80.321217,13.217219],[80.300015,13.249052],[80.2994,13.2491],[80.27607,13.268351],[80.2597,13.2815],[80.230579,13.304103],[80.1984,13.3319]]}},{"type":"Feature","properties":{"route_id":"42416","route_short_name":"42416","route_long_name":"SPE-MASS EMU LOCAL","operator":"Indian Railways","mode":"suburban_rail","source":"MobilityData Indian Railways GTFS (unofficial data)"},"geometry":{"type":"LineString","coordinates":[[80.1984,13.3319],[80.230579,13.304103],[80.2597,13.2815],[80.27607,13.268351],[80.2994,13.2491],[80.300015,13.249052],[80.321217,13.217219],[80.316582,13.204184],[80.305767,13.180451],[80.2961,13.1597],[80.287228,13.139833],[80.2813,13.1276],[80.277958,13.119772],[80.2713,13.1025],[80.2737504,13.0833296]]}},{"type":"Feature","properties":{"route_id":"42418","route_short_name":"42418","route_long_name":"SPE-MASS EMU LOCAL","operator":"Indian Railways","mode":"suburban_rail","source":"MobilityData Indian Railways GTFS (unofficial data)"},"geometry":{"type":"LineString","coordinates":[[80.1984,13.3319],[80.230579,13.304103],[80.2597,13.2815],[80.27607,13.268351],[80.2994,13.2491],[80.300015,13.249052],[80.321217,13.217219],[80.316582,13.204184],[80.305767,13.180451],[80.2961,13.1597],[80.287228,13.139833],[80.2813,13.1276],[80.277958,13.119772],[80.2713,13.1025],[80.2737504,13.0833296]]}},{"type":"Feature","properties":{"route_id":"42419","route_short_name":"42419","route_long_name":"MASS-SPE EMU LOCAL","operator":"Indian Railways","mode":"suburban_rail","source":"MobilityData Indian Railways GTFS (unofficial data)"},"geometry":{"type":"LineString","coordinates":[[80.2737504,13.0833296],[80.2713,13.1025],[80.277958,13.119772],[80.2813,13.1276],[80.287228,13.139833],[80.2961,13.1597],[80.305767,13.180451],[80.316582,13.204184],[80.321217,13.217219],[80.300015,13.249052],[80.2994,13.2491],[80.27607,13.268351],[80.2597,13.2815],[80.230579,13.304103],[80.1984,13.3319]]}},{"type":"Feature","properties":{"route_id":"42421","route_short_name":"42421","route_long_name":"MASS-SPE EMU LOCAL","operator":"Indian Railways","mode":"suburban_rail","source":"MobilityData Indian Railways GTFS (unofficial data)"},"geometry":{"type":"LineString","coordinates":[[80.2737504,13.0833296],[80.2713,13.1025],[80.277958,13.119772],[80.2813,13.1276],[80.287228,13.139833],[80.2961,13.1597],[80.305767,13.180451],[80.316582,13.204184],[80.321217,13.217219],[80.300015,13.249052],[80.2994,13.2491],[80.27607,13.268351],[80.2597,13.2815],[80.230579,13.304103],[80.1984,13.3319]]}},{"type":"Feature","properties":{"route_id":"42422","route_short_name":"42422","route_long_name":"SPE-MMC EMU LOCAL","operator":"Indian Railways","mode":"suburban_rail","source":"MobilityData Indian Railways GTFS (unofficial data)"},"geometry":{"type":"LineString","coordinates":[[80.1984,13.3319],[80.230579,13.304103],[80.2597,13.2815],[80.27607,13.268351],[80.2994,13.2491],[80.300015,13.249052],[80.321217,13.217219],[80.316582,13.204184],[80.305767,13.180451],[80.2961,13.1597],[80.287228,13.139833],[80.2813,13.1276],[80.277958,13.119772],[80.2713,13.1025],[80.2737504,13.0833296]]}},{"type":"Feature","properties":{"route_id":"42423","route_short_name":"42423","route_long_name":"MASS-SPE EMU LOCAL","operator":"Indian Railways","mode":"suburban_rail","source":"MobilityData Indian Railways GTFS (unofficial data)"},"geometry":{"type":"LineString","coordinates":[[80.2737504,13.0833296],[80.2713,13.1025],[80.277958,13.119772],[80.2813,13.1276],[80.287228,13.139833],[80.2961,13.1597],[80.305767,13.180451],[80.316582,13.204184],[80.321217,13.217219],[80.300015,13.249052],[80.2994,13.2491],[80.27607,13.268351],[80.2597,13.2815],[80.230579,13.304103],[80.1984,13.3319]]}},{"type":"Feature","properties":{"route_id":"42425","route_short_name":"42425","route_long_name":"MASS-SPE EMU LOCAL","operator":"Indian Railways","mode":"suburban_rail","source":"MobilityData Indian Railways GTFS (unofficial data)"},"geometry":{"type":"LineString","coordinates":[[80.2737504,13.0833296],[80.2713,13.1025],[80.277958,13.119772],[80.2813,13.1276],[80.287228,13.139833],[80.2961,13.1597],[80.305767,13.180451],[80.316582,13.204184],[80.321217,13.217219],[80.300015,13.249052],[80.2994,13.2491],[80.27607,13.268351],[80.2597,13.2815],[80.230579,13.304103],[80.1984,13.3319]]}},{"type":"Feature","properties":{"route_id":"42427","route_short_name":"42427","route_long_name":"MASS-SPE EMU LOCAL","operator":"Indian Railways","mode":"suburban_rail","source":"MobilityData Indian Railways GTFS (unofficial data)"},"geometry":{"type":"LineString","coordinates":[[80.2737504,13.0833296],[80.2713,13.1025],[80.277958,13.119772],[80.2813,13.1276],[80.287228,13.139833],[80.2961,13.1597],[80.305767,13.180451],[80.316582,13.204184],[80.321217,13.217219],[80.300015,13.249052],[80.2994,13.2491],[80.27607,13.268351],[80.2597,13.2815],[80.230579,13.304103],[80.1984,13.3319]]}},{"type":"Feature","properties":{"route_id":"42501","route_short_name":"42501","route_long_name":"CGL-GPD EMU LOCAL","operator":"Indian Railways","mode":"suburban_rail","source":"MobilityData Indian Railways GTFS (unofficial data)"},"geometry":{"type":"LineString","coordinates":[[79.981499,12.692844],[79.98373,12.73027],[80.00124,12.762752],[80.019865,12.79661],[80.026388,12.805985],[80.03686,12.820798],[80.0572,12.845],[80.071621,12.867117],[80.0844,12.8913],[80.095096,12.905061],[80.118055,12.925766],[80.131574,12.937938],[80.141187,12.951657],[80.152731,12.968553],[80.165691,12.98022],[80.174875,12.98457],[80.186291,12.989755],[80.199552,12.995066],[80.212362,13.008112],[80.224013,13.02398],[80.227704,13.037694],[80.230815,13.052076],[80.232832,13.065453],[80.24296,13.074253],[80.260363,13.077848],[80.2728,13.0806],[80.282636,13.08324],[80.291691,13.09043],[80.2936,13.1039],[80.2825,13.1087],[80.277958,13.119772],[80.2813,13.1276],[80.287228,13.139833],[80.2961,13.1597],[80.305767,13.180451],[80.316582,13.204184],[80.321217,13.217219],[80.300015,13.249052],[80.2994,13.2491],[80.27607,13.268351],[80.2597,13.2815],[80.230579,13.304103],[80.1984,13.3319]]}},{"type":"Feature","properties":{"route_id":"42502","route_short_name":"42502","route_long_name":"GPD-CGL EMU LOCAL","operator":"Indian Railways","mode":"suburban_rail","source":"MobilityData Indian Railways GTFS (unofficial data)"},"geometry":{"type":"LineString","coordinates":[[80.1984,13.3319],[80.230579,13.304103],[80.2597,13.2815],[80.27607,13.268351],[80.2994,13.2491],[80.300015,13.249052],[80.321217,13.217219],[80.316582,13.204184],[80.305767,13.180451],[80.2961,13.1597],[80.287228,13.139833],[80.2813,13.1276],[80.277958,13.119772],[80.2825,13.1087],[80.2936,13.1039],[80.291691,13.09043],[80.282636,13.08324],[80.2728,13.0806],[80.260363,13.077848],[80.24296,13.074253],[80.232832,13.065453],[80.230815,13.052076],[80.227704,13.037694],[80.224013,13.02398],[80.212362,13.008112],[80.199552,12.995066],[80.186291,12.989755],[80.174875,12.98457],[80.165691,12.98022],[80.152731,12.968553],[80.141187,12.951657],[80.131574,12.937938],[80.118055,12.925766],[80.095096,12.905061],[80.0844,12.8913],[80.071621,12.867117],[80.0572,12.845],[80.03686,12.820798],[80.026388,12.805985],[80.019865,12.79661],[80.00124,12.762752],[79.98373,12.73027],[79.981499,12.692844]]}},{"type":"Feature","properties":{"route_id":"42521","route_short_name":"42521","route_long_name":"TBM-GPD EMU","operator":"Indian Railways","mode":"suburban_rail","source":"MobilityData Indian Railways GTFS (unofficial data)"},"geometry":{"type":"LineString","coordinates":[[80.118055,12.925766],[80.131574,12.937938],[80.141187,12.951657],[80.152731,12.968553],[80.165691,12.98022],[80.174875,12.98457],[80.186291,12.989755],[80.199552,12.995066],[80.212362,13.008112],[80.224013,13.02398],[80.227704,13.037694],[80.230815,13.052076],[80.232832,13.065453],[80.24296,13.074253],[80.260363,13.077848],[80.2728,13.0806],[80.282636,13.08324],[80.291691,13.09043],[80.2936,13.1039],[80.2825,13.1087],[80.277958,13.119772],[80.2813,13.1276],[80.287228,13.139833],[80.2961,13.1597],[80.305767,13.180451],[80.316582,13.204184],[80.321217,13.217219],[80.300015,13.249052],[80.2994,13.2491],[80.27607,13.268351],[80.2597,13.2815],[80.230579,13.304103],[80.1984,13.3319]]}},{"type":"Feature","properties":{"route_id":"42601","route_short_name":"42601","route_long_name":"MSB-GDP LOCAL","operator":"Indian Railways","mode":"suburban_rail","source":"MobilityData Indian Railways GTFS (unofficial data)"},"geometry":{"type":"LineString","coordinates":[[80.291691,13.09043],[80.2936,13.1039],[80.2825,13.1087],[80.277958,13.119772],[80.2813,13.1276],[80.287228,13.139833],[80.2961,13.1597],[80.305767,13.180451],[80.316582,13.204184],[80.321217,13.217219],[80.300015,13.249052],[80.2994,13.2491],[80.27607,13.268351],[80.2597,13.2815],[80.230579,13.304103],[80.1984,13.3319]]}},{"type":"Feature","properties":{"route_id":"42602","route_short_name":"42602","route_long_name":"GPD-MSB LOCAL","operator":"Indian Railways","mode":"suburban_rail","source":"MobilityData Indian Railways GTFS (unofficial data)"},"geometry":{"type":"LineString","coordinates":[[80.1984,13.3319],[80.230579,13.304103],[80.2597,13.2815],[80.27607,13.268351],[80.2994,13.2491],[80.300015,13.249052],[80.321217,13.217219],[80.316582,13.204184],[80.305767,13.180451],[80.2961,13.1597],[80.287228,13.139833],[80.2813,13.1276],[80.277958,13.119772],[80.2825,13.1087],[80.2936,13.1039],[80.291691,13.09043]]}},{"type":"Feature","properties":{"route_id":"42603","route_short_name":"42603","route_long_name":"MSB-GPD LOCAL","operator":"Indian Railways","mode":"suburban_rail","source":"MobilityData Indian Railways GTFS (unofficial data)"},"geometry":{"type":"LineString","coordinates":[[80.291691,13.09043],[80.2936,13.1039],[80.2825,13.1087],[80.277958,13.119772],[80.2813,13.1276],[80.287228,13.139833],[80.2961,13.1597],[80.305767,13.180451],[80.316582,13.204184],[80.321217,13.217219],[80.300015,13.249052],[80.2994,13.2491],[80.27607,13.268351],[80.2597,13.2815],[80.230579,13.304103],[80.1984,13.3319]]}},{"type":"Feature","properties":{"route_id":"42604","route_short_name":"42604","route_long_name":"GPD-MSB EMU","operator":"Indian Railways","mode":"suburban_rail","source":"MobilityData Indian Railways GTFS (unofficial data)"},"geometry":{"type":"LineString","coordinates":[[80.1984,13.3319],[80.230579,13.304103],[80.2597,13.2815],[80.27607,13.268351],[80.2994,13.2491],[80.300015,13.249052],[80.321217,13.217219],[80.316582,13.204184],[80.305767,13.180451],[80.2961,13.1597],[80.287228,13.139833],[80.2813,13.1276],[80.277958,13.119772],[80.2825,13.1087],[80.2936,13.1039],[80.291691,13.09043]]}},{"type":"Feature","properties":{"route_id":"42605","route_short_name":"42605","route_long_name":"MSB-GPD LOCAL","operator":"Indian Railways","mode":"suburban_rail","source":"MobilityData Indian Railways GTFS (unofficial data)"},"geometry":{"type":"LineString","coordinates":[[80.291691,13.09043],[80.2936,13.1039],[80.2825,13.1087],[80.277958,13.119772],[80.2813,13.1276],[80.287228,13.139833],[80.2961,13.1597],[80.305767,13.180451],[80.316582,13.204184],[80.321217,13.217219],[80.300015,13.249052],[80.2994,13.2491],[80.27607,13.268351],[80.2597,13.2815],[80.230579,13.304103],[80.1984,13.3319]]}},{"type":"Feature","properties":{"route_id":"42606","route_short_name":"42606","route_long_name":"GPD-MSB EMU LOCAL","operator":"Indian Railways","mode":"suburban_rail","source":"MobilityData Indian Railways GTFS (unofficial data)"},"geometry":{"type":"LineString","coordinates":[[80.1984,13.3319],[80.230579,13.304103],[80.2597,13.2815],[80.27607,13.268351],[80.2994,13.2491],[80.300015,13.249052],[80.321217,13.217219],[80.316582,13.204184],[80.305767,13.180451],[80.2961,13.1597],[80.287228,13.139833],[80.2813,13.1276],[80.277958,13.119772],[80.2825,13.1087],[80.2936,13.1039],[80.291691,13.09043]]}},{"type":"Feature","properties":{"route_id":"42607","route_short_name":"42607","route_long_name":"MSB-GPD LOCAL","operator":"Indian Railways","mode":"suburban_rail","source":"MobilityData Indian Railways GTFS (unofficial data)"},"geometry":{"type":"LineString","coordinates":[[80.291691,13.09043],[80.2936,13.1039],[80.2825,13.1087],[80.277958,13.119772],[80.2813,13.1276],[80.287228,13.139833],[80.2961,13.1597],[80.305767,13.180451],[80.316582,13.204184],[80.321217,13.217219],[80.300015,13.249052],[80.2994,13.2491],[80.27607,13.268351],[80.2597,13.2815],[80.230579,13.304103],[80.1984,13.3319]]}},{"type":"Feature","properties":{"route_id":"42608","route_short_name":"42608","route_long_name":"GPD-MSB EMU LOCAL","operator":"Indian Railways","mode":"suburban_rail","source":"MobilityData Indian Railways GTFS (unofficial data)"},"geometry":{"type":"LineString","coordinates":[[80.1984,13.3319],[80.230579,13.304103],[80.2597,13.2815],[80.27607,13.268351],[80.2994,13.2491],[80.300015,13.249052],[80.321217,13.217219],[80.316582,13.204184],[80.305767,13.180451],[80.2961,13.1597],[80.287228,13.139833],[80.2813,13.1276],[80.277958,13.119772],[80.2825,13.1087],[80.2936,13.1039],[80.291691,13.09043]]}},{"type":"Feature","properties":{"route_id":"42609","route_short_name":"42609","route_long_name":"MSB-GPD LOCAL","operator":"Indian Railways","mode":"suburban_rail","source":"MobilityData Indian Railways GTFS (unofficial data)"},"geometry":{"type":"LineString","coordinates":[[80.291691,13.09043],[80.2936,13.1039],[80.2825,13.1087],[80.277958,13.119772],[80.2813,13.1276],[80.287228,13.139833],[80.2961,13.1597],[80.305767,13.180451],[80.316582,13.204184],[80.321217,13.217219],[80.300015,13.249052],[80.2994,13.2491],[80.27607,13.268351],[80.2597,13.2815],[80.230579,13.304103],[80.1984,13.3319]]}},{"type":"Feature","properties":{"route_id":"42610","route_short_name":"42610","route_long_name":"GDP-MSB LOCAL","operator":"Indian Railways","mode":"suburban_rail","source":"MobilityData Indian Railways GTFS (unofficial data)"},"geometry":{"type":"LineString","coordinates":[[80.1984,13.3319],[80.230579,13.304103],[80.2597,13.2815],[80.27607,13.268351],[80.2994,13.2491],[80.300015,13.249052],[80.321217,13.217219],[80.316582,13.204184],[80.305767,13.180451],[80.2961,13.1597],[80.287228,13.139833],[80.2813,13.1276],[80.277958,13.119772],[80.2825,13.1087],[80.2936,13.1039],[80.291691,13.09043]]}},{"type":"Feature","properties":{"route_id":"42611","route_short_name":"42611","route_long_name":"MSB-GPD EMU LOCAL","operator":"Indian Railways","mode":"suburban_rail","source":"MobilityData Indian Railways GTFS (unofficial data)"},"geometry":{"type":"LineString","coordinates":[[80.291691,13.09043],[80.2936,13.1039],[80.2825,13.1087],[80.277958,13.119772],[80.2813,13.1276],[80.287228,13.139833],[80.2961,13.1597],[80.305767,13.180451],[80.316582,13.204184],[80.321217,13.217219],[80.300015,13.249052],[80.2994,13.2491],[80.27607,13.268351],[80.2597,13.2815],[80.230579,13.304103],[80.1984,13.3319]]}},{"type":"Feature","properties":{"route_id":"42613","route_short_name":"42613","route_long_name":"MSB - GPD EMU","operator":"Indian Railways","mode":"suburban_rail","source":"MobilityData Indian Railways GTFS (unofficial data)"},"geometry":{"type":"LineString","coordinates":[[80.291691,13.09043],[80.2936,13.1039],[80.2825,13.1087],[80.277958,13.119772],[80.2813,13.1276],[80.287228,13.139833],[80.2961,13.1597],[80.305767,13.180451],[80.316582,13.204184],[80.321217,13.217219],[80.300015,13.249052],[80.2994,13.2491],[80.27607,13.268351],[80.2597,13.2815],[80.230579,13.304103],[80.1984,13.3319]]}},{"type":"Feature","properties":{"route_id":"42701","route_short_name":"42701","route_long_name":"MSB-PON EMU LOCAL","operator":"Indian Railways","mode":"suburban_rail","source":"MobilityData Indian Railways GTFS (unofficial data)"},"geometry":{"type":"LineString","coordinates":[[80.291691,13.09043],[80.2936,13.1039],[80.2825,13.1087],[80.277958,13.119772],[80.2813,13.1276],[80.287228,13.139833],[80.2961,13.1597],[80.305767,13.180451],[80.316582,13.204184],[80.321217,13.217219],[80.300015,13.249052],[80.2994,13.2491],[80.27607,13.268351],[80.2597,13.2815],[80.230579,13.304103],[80.1984,13.3319]]}},{"type":"Feature","properties":{"route_id":"42802","route_short_name":"42802","route_long_name":"SPE-MSB LOCAL","operator":"Indian Railways","mode":"suburban_rail","source":"MobilityData Indian Railways GTFS (unofficial data)"},"geometry":{"type":"LineString","coordinates":[[80.1984,13.3319],[80.230579,13.304103],[80.2597,13.2815],[80.27607,13.268351],[80.2994,13.2491],[80.300015,13.249052],[80.321217,13.217219],[80.316582,13.204184],[80.305767,13.180451],[80.2961,13.1597],[80.287228,13.139833],[80.2813,13.1276],[80.277958,13.119772],[80.2825,13.1087],[80.2936,13.1039],[80.291691,13.09043]]}},{"type":"Feature","properties":{"route_id":"42804","route_short_name":"42804","route_long_name":"SPE-MSB EMU LOCAL","operator":"Indian Railways","mode":"suburban_rail","source":"MobilityData Indian Railways GTFS (unofficial data)"},"geometry":{"type":"LineString","coordinates":[[80.1984,13.3319],[80.230579,13.304103],[80.2597,13.2815],[80.27607,13.268351],[80.2994,13.2491],[80.300015,13.249052],[80.321217,13.217219],[80.316582,13.204184],[80.305767,13.180451],[80.2961,13.1597],[80.287228,13.139833],[80.2813,13.1276],[80.277958,13.119772],[80.2825,13.1087],[80.2936,13.1039],[80.291691,13.09043]]}},{"type":"Feature","properties":{"route_id":"43001","route_short_name":"43001","route_long_name":"MASS-AVD EMU LOCAL","operator":"Indian Railways","mode":"suburban_rail","source":"MobilityData Indian Railways GTFS (unofficial data)"},"geometry":{"type":"LineString","coordinates":[[80.2737504,13.0833296],[80.2713,13.1025],[80.257273,13.108738],[80.244913,13.1074],[80.238819,13.1074],[80.225515,13.108236],[80.2095,13.1099],[80.183802,13.113085],[80.166206,13.114422],[80.1534,13.1141],[80.136681,13.115258],[80.127153,13.116428],[80.100288,13.118017]]}},{"type":"Feature","properties":{"route_id":"43002","route_short_name":"43002","route_long_name":"AVD-MASS EMU LOCAL","operator":"Indian Railways","mode":"suburban_rail","source":"MobilityData Indian Railways GTFS (unofficial data)"},"geometry":{"type":"LineString","coordinates":[[80.100288,13.118017],[80.127153,13.116428],[80.136681,13.115258],[80.1534,13.1141],[80.166206,13.114422],[80.183802,13.113085],[80.2095,13.1099],[80.225515,13.108236],[80.238819,13.1074],[80.244913,13.1074],[80.257273,13.108738],[80.2713,13.1025],[80.2737504,13.0833296]]}},{"type":"Feature","properties":{"route_id":"43003","route_short_name":"43003","route_long_name":"MASS-AVD EMU LOCAL","operator":"Indian Railways","mode":"suburban_rail","source":"MobilityData Indian Railways GTFS (unofficial data)"},"geometry":{"type":"LineString","coordinates":[[80.2737504,13.0833296],[80.2713,13.1025],[80.257273,13.108738],[80.244913,13.1074],[80.238819,13.1074],[80.225515,13.108236],[80.2095,13.1099],[80.183802,13.113085],[80.166206,13.114422],[80.1534,13.1141],[80.136681,13.115258],[80.127153,13.116428],[80.100288,13.118017]]}},{"type":"Feature","properties":{"route_id":"43005","route_short_name":"43005","route_long_name":"MASS-AVD EMU LOCAL","operator":"Indian Railways","mode":"suburban_rail","source":"MobilityData Indian Railways GTFS (unofficial data)"},"geometry":{"type":"LineString","coordinates":[[80.2737504,13.0833296],[80.2713,13.1025],[80.257273,13.108738],[80.244913,13.1074],[80.238819,13.1074],[80.225515,13.108236],[80.2095,13.1099],[80.183802,13.113085],[80.166206,13.114422],[80.1534,13.1141],[80.136681,13.115258],[80.127153,13.116428],[80.100288,13.118017]]}},{"type":"Feature","properties":{"route_id":"43006","route_short_name":"43006","route_long_name":"AVD-MASS EMU LOCAL","operator":"Indian Railways","mode":"suburban_rail","source":"MobilityData Indian Railways GTFS (unofficial data)"},"geometry":{"type":"LineString","coordinates":[[80.100288,13.118017],[80.127153,13.116428],[80.136681,13.115258],[80.1534,13.1141],[80.166206,13.114422],[80.183802,13.113085],[80.2095,13.1099],[80.225515,13.108236],[80.238819,13.1074],[80.244913,13.1074],[80.257273,13.108738],[80.2713,13.1025],[80.2737504,13.0833296]]}},{"type":"Feature","properties":{"route_id":"43007","route_short_name":"43007","route_long_name":"MASS-AVD EMU LOCAL","operator":"Indian Railways","mode":"suburban_rail","source":"MobilityData Indian Railways GTFS (unofficial data)"},"geometry":{"type":"LineString","coordinates":[[80.2737504,13.0833296],[80.2713,13.1025],[80.257273,13.108738],[80.244913,13.1074],[80.238819,13.1074],[80.225515,13.108236],[80.2095,13.1099],[80.183802,13.113085],[80.166206,13.114422],[80.1534,13.1141],[80.136681,13.115258],[80.127153,13.116428],[80.100288,13.118017]]}},{"type":"Feature","properties":{"route_id":"43009","route_short_name":"43009","route_long_name":"MASS-AVD EMU LOCAL","operator":"Indian Railways","mode":"suburban_rail","source":"MobilityData Indian Railways GTFS (unofficial data)"},"geometry":{"type":"LineString","coordinates":[[80.2737504,13.0833296],[80.2713,13.1025],[80.257273,13.108738],[80.244913,13.1074],[80.238819,13.1074],[80.225515,13.108236],[80.2095,13.1099],[80.183802,13.113085],[80.166206,13.114422],[80.1534,13.1141],[80.136681,13.115258],[80.127153,13.116428],[80.100288,13.118017]]}},{"type":"Feature","properties":{"route_id":"43010","route_short_name":"43010","route_long_name":"AVD-MASS EMU LOCAL","operator":"Indian Railways","mode":"suburban_rail","source":"MobilityData Indian Railways GTFS (unofficial data)"},"geometry":{"type":"LineString","coordinates":[[80.100288,13.118017],[80.127153,13.116428],[80.136681,13.115258],[80.1534,13.1141],[80.166206,13.114422],[80.183802,13.113085],[80.2095,13.1099],[80.225515,13.108236],[80.238819,13.1074],[80.244913,13.1074],[80.257273,13.108738],[80.2713,13.1025],[80.2737504,13.0833296]]}},{"type":"Feature","properties":{"route_id":"43011","route_short_name":"43011","route_long_name":"MASS-AVD EMU LOCAL","operator":"Indian Railways","mode":"suburban_rail","source":"MobilityData Indian Railways GTFS (unofficial data)"},"geometry":{"type":"LineString","coordinates":[[80.2737504,13.0833296],[80.2713,13.1025],[80.257273,13.108738],[80.244913,13.1074],[80.238819,13.1074],[80.225515,13.108236],[80.2095,13.1099],[80.183802,13.113085],[80.166206,13.114422],[80.1534,13.1141],[80.136681,13.115258],[80.127153,13.116428],[80.100288,13.118017]]}},{"type":"Feature","properties":{"route_id":"43012","route_short_name":"43012","route_long_name":"AVD - MASS EMU","operator":"Indian Railways","mode":"suburban_rail","source":"MobilityData Indian Railways GTFS (unofficial data)"},"geometry":{"type":"LineString","coordinates":[[80.100288,13.118017],[80.127153,13.116428],[80.136681,13.115258],[80.1534,13.1141],[80.166206,13.114422],[80.183802,13.113085],[80.2095,13.1099],[80.225515,13.108236],[80.238819,13.1074],[80.244913,13.1074],[80.257273,13.108738],[80.2713,13.1025],[80.2737504,13.0833296]]}},{"type":"Feature","properties":{"route_id":"43013","route_short_name":"43013","route_long_name":"MASS-AVD EMU LOCAL","operator":"Indian Railways","mode":"suburban_rail","source":"MobilityData Indian Railways GTFS (unofficial data)"},"geometry":{"type":"LineString","coordinates":[[80.2737504,13.0833296],[80.2713,13.1025],[80.257273,13.108738],[80.244913,13.1074],[80.238819,13.1074],[80.225515,13.108236],[80.2095,13.1099],[80.183802,13.113085],[80.166206,13.114422],[80.1534,13.1141],[80.136681,13.115258],[80.127153,13.116428],[80.100288,13.118017]]}},{"type":"Feature","properties":{"route_id":"43014","route_short_name":"43014","route_long_name":"AVD-MASS EMU LOCAL","operator":"Indian Railways","mode":"suburban_rail","source":"MobilityData Indian Railways GTFS (unofficial data)"},"geometry":{"type":"LineString","coordinates":[[80.100288,13.118017],[80.127153,13.116428],[80.136681,13.115258],[80.1534,13.1141],[80.166206,13.114422],[80.183802,13.113085],[80.2095,13.1099],[80.225515,13.108236],[80.238819,13.1074],[80.244913,13.1074],[80.257273,13.108738],[80.2713,13.1025],[80.2737504,13.0833296]]}},{"type":"Feature","properties":{"route_id":"43016","route_short_name":"43016","route_long_name":"AVD-MASS EMU LOCAL","operator":"Indian Railways","mode":"suburban_rail","source":"MobilityData Indian Railways GTFS (unofficial data)"},"geometry":{"type":"LineString","coordinates":[[80.100288,13.118017],[80.127153,13.116428],[80.136681,13.115258],[80.1534,13.1141],[80.166206,13.114422],[80.183802,13.113085],[80.2095,13.1099],[80.225515,13.108236],[80.238819,13.1074],[80.244913,13.1074],[80.257273,13.108738],[80.2713,13.1025],[80.2737504,13.0833296]]}},{"type":"Feature","properties":{"route_id":"43101","route_short_name":"43101","route_long_name":"MASS - E-DEPO EMU LOCAL","operator":"Indian Railways","mode":"suburban_rail","source":"MobilityData Indian Railways GTFS (unofficial data)"},"geometry":{"type":"LineString","coordinates":[[80.2737504,13.0833296],[80.2713,13.1025],[80.257273,13.108738],[80.244913,13.1074],[80.238819,13.1074],[80.225515,13.108236],[80.2095,13.1099],[80.183802,13.113085],[80.166206,13.114422],[80.1534,13.1141],[80.136681,13.115258],[80.127153,13.116428],[80.100288,13.118017],[80.074883,13.118518],[80.065184,13.11902],[80.059862,13.136824],[80.068874,13.146018]]}},{"type":"Feature","properties":{"route_id":"43102","route_short_name":"43102","route_long_name":"E-DEPO - MASS EMU LOCAL","operator":"Indian Railways","mode":"suburban_rail","source":"MobilityData Indian Railways GTFS (unofficial data)"},"geometry":{"type":"LineString","coordinates":[[80.068874,13.146018],[80.059862,13.136824],[80.065184,13.11902],[80.074883,13.118518],[80.100288,13.118017],[80.127153,13.116428],[80.136681,13.115258],[80.1534,13.1141],[80.166206,13.114422],[80.183802,13.113085],[80.2095,13.1099],[80.225515,13.108236],[80.238819,13.1074],[80.244913,13.1074],[80.257273,13.108738],[80.2713,13.1025],[80.2737504,13.0833296]]}},{"type":"Feature","properties":{"route_id":"43103","route_short_name":"43103","route_long_name":"MASS - E-DEPO EMU LOCAL","operator":"Indian Railways","mode":"suburban_rail","source":"MobilityData Indian Railways GTFS (unofficial data)"},"geometry":{"type":"LineString","coordinates":[[80.2737504,13.0833296],[80.2713,13.1025],[80.257273,13.108738],[80.244913,13.1074],[80.238819,13.1074],[80.225515,13.108236],[80.2095,13.1099],[80.183802,13.113085],[80.166206,13.114422],[80.1534,13.1141],[80.136681,13.115258],[80.127153,13.116428],[80.100288,13.118017],[80.074883,13.118518],[80.065184,13.11902],[80.059862,13.136824],[80.068874,13.146018]]}},{"type":"Feature","properties":{"route_id":"43104","route_short_name":"43104","route_long_name":"E-DEPO - MASS EMU LOCAL","operator":"Indian Railways","mode":"suburban_rail","source":"MobilityData Indian Railways GTFS (unofficial data)"},"geometry":{"type":"LineString","coordinates":[[80.068874,13.146018],[80.059862,13.136824],[80.065184,13.11902],[80.074883,13.118518],[80.100288,13.118017],[80.127153,13.116428],[80.136681,13.115258],[80.1534,13.1141],[80.166206,13.114422],[80.183802,13.113085],[80.2095,13.1099],[80.225515,13.108236],[80.238819,13.1074],[80.244913,13.1074],[80.257273,13.108738],[80.2713,13.1025],[80.2737504,13.0833296]]}},{"type":"Feature","properties":{"route_id":"43105","route_short_name":"43105","route_long_name":"MASS - E-DEPO EMU LOCAL","operator":"Indian Railways","mode":"suburban_rail","source":"MobilityData Indian Railways GTFS (unofficial data)"},"geometry":{"type":"LineString","coordinates":[[80.2737504,13.0833296],[80.2713,13.1025],[80.257273,13.108738],[80.244913,13.1074],[80.238819,13.1074],[80.225515,13.108236],[80.2095,13.1099],[80.183802,13.113085],[80.166206,13.114422],[80.1534,13.1141],[80.136681,13.115258],[80.127153,13.116428],[80.100288,13.118017],[80.074883,13.118518],[80.065184,13.11902],[80.059862,13.136824],[80.068874,13.146018]]}},{"type":"Feature","properties":{"route_id":"43106","route_short_name":"43106","route_long_name":"E-DEPO - MASS EMU LOCAL","operator":"Indian Railways","mode":"suburban_rail","source":"MobilityData Indian Railways GTFS (unofficial data)"},"geometry":{"type":"LineString","coordinates":[[80.068874,13.146018],[80.059862,13.136824],[80.065184,13.11902],[80.074883,13.118518],[80.100288,13.118017],[80.127153,13.116428],[80.136681,13.115258],[80.1534,13.1141],[80.166206,13.114422],[80.183802,13.113085],[80.2095,13.1099],[80.225515,13.108236],[80.238819,13.1074],[80.244913,13.1074],[80.257273,13.108738],[80.2713,13.1025],[80.2737504,13.0833296]]}},{"type":"Feature","properties":{"route_id":"43107","route_short_name":"43107","route_long_name":"MASS - E-DEPO EMU LOCAL","operator":"Indian Railways","mode":"suburban_rail","source":"MobilityData Indian Railways GTFS (unofficial data)"},"geometry":{"type":"LineString","coordinates":[[80.2737504,13.0833296],[80.2713,13.1025],[80.257273,13.108738],[80.244913,13.1074],[80.238819,13.1074],[80.225515,13.108236],[80.2095,13.1099],[80.183802,13.113085],[80.166206,13.114422],[80.1534,13.1141],[80.136681,13.115258],[80.127153,13.116428],[80.100288,13.118017],[80.074883,13.118518],[80.065184,13.11902],[80.059862,13.136824],[80.068874,13.146018]]}},{"type":"Feature","properties":{"route_id":"43108","route_short_name":"43108","route_long_name":"E-DEPO - MASS EMU LOCAL","operator":"Indian Railways","mode":"suburban_rail","source":"MobilityData Indian Railways GTFS (unofficial data)"},"geometry":{"type":"LineString","coordinates":[[80.068874,13.146018],[80.059862,13.136824],[80.065184,13.11902],[80.074883,13.118518],[80.100288,13.118017],[80.127153,13.116428],[80.136681,13.115258],[80.1534,13.1141],[80.166206,13.114422],[80.183802,13.113085],[80.2095,13.1099],[80.225515,13.108236],[80.238819,13.1074],[80.244913,13.1074],[80.257273,13.108738],[80.2713,13.1025],[80.2737504,13.0833296]]}},{"type":"Feature","properties":{"route_id":"43109","route_short_name":"43109","route_long_name":"MASS - E-DEPO EMU LOCAL","operator":"Indian Railways","mode":"suburban_rail","source":"MobilityData Indian Railways GTFS (unofficial data)"},"geometry":{"type":"LineString","coordinates":[[80.2737504,13.0833296],[80.2713,13.1025],[80.257273,13.108738],[80.244913,13.1074],[80.238819,13.1074],[80.225515,13.108236],[80.2095,13.1099],[80.183802,13.113085],[80.166206,13.114422],[80.1534,13.1141],[80.136681,13.115258],[80.127153,13.116428],[80.100288,13.118017],[80.074883,13.118518],[80.065184,13.11902],[80.059862,13.136824],[80.068874,13.146018]]}},{"type":"Feature","properties":{"route_id":"43110","route_short_name":"43110","route_long_name":"E-DEPO - MASS EMU LOCAL","operator":"Indian Railways","mode":"suburban_rail","source":"MobilityData Indian Railways GTFS (unofficial data)"},"geometry":{"type":"LineString","coordinates":[[80.068874,13.146018],[80.059862,13.136824],[80.065184,13.11902],[80.074883,13.118518],[80.100288,13.118017],[80.127153,13.116428],[80.136681,13.115258],[80.1534,13.1141],[80.166206,13.114422],[80.183802,13.113085],[80.2095,13.1099],[80.225515,13.108236],[80.238819,13.1074],[80.244913,13.1074],[80.257273,13.108738],[80.2713,13.1025],[80.2737504,13.0833296]]}},{"type":"Feature","properties":{"route_id":"43111","route_short_name":"43111","route_long_name":"MASS - E-DEPO EMU LOCAL","operator":"Indian Railways","mode":"suburban_rail","source":"MobilityData Indian Railways GTFS (unofficial data)"},"geometry":{"type":"LineString","coordinates":[[80.2737504,13.0833296],[80.2713,13.1025],[80.257273,13.108738],[80.244913,13.1074],[80.238819,13.1074],[80.225515,13.108236],[80.2095,13.1099],[80.183802,13.113085],[80.166206,13.114422],[80.1534,13.1141],[80.136681,13.115258],[80.127153,13.116428],[80.100288,13.118017],[80.074883,13.118518],[80.065184,13.11902],[80.059862,13.136824],[80.068874,13.146018]]}},{"type":"Feature","properties":{"route_id":"43112","route_short_name":"43112","route_long_name":"E-DEPO - MASS EMU LOCAL","operator":"Indian Railways","mode":"suburban_rail","source":"MobilityData Indian Railways GTFS (unofficial data)"},"geometry":{"type":"LineString","coordinates":[[80.068874,13.146018],[80.059862,13.136824],[80.065184,13.11902],[80.074883,13.118518],[80.100288,13.118017],[80.127153,13.116428],[80.136681,13.115258],[80.1534,13.1141],[80.166206,13.114422],[80.183802,13.113085],[80.2095,13.1099],[80.225515,13.108236],[80.238819,13.1074],[80.244913,13.1074],[80.257273,13.108738],[80.2713,13.1025],[80.2737504,13.0833296]]}},{"type":"Feature","properties":{"route_id":"43113","route_short_name":"43113","route_long_name":"MASS - E-DEPO EMU LOCAL","operator":"Indian Railways","mode":"suburban_rail","source":"MobilityData Indian Railways GTFS (unofficial data)"},"geometry":{"type":"LineString","coordinates":[[80.2737504,13.0833296],[80.2713,13.1025],[80.257273,13.108738],[80.244913,13.1074],[80.238819,13.1074],[80.225515,13.108236],[80.2095,13.1099],[80.183802,13.113085],[80.166206,13.114422],[80.1534,13.1141],[80.136681,13.115258],[80.127153,13.116428],[80.100288,13.118017],[80.074883,13.118518],[80.065184,13.11902],[80.059862,13.136824],[80.068874,13.146018]]}},{"type":"Feature","properties":{"route_id":"43114","route_short_name":"43114","route_long_name":"E-DEPO - MASS EMU LOCAL","operator":"Indian Railways","mode":"suburban_rail","source":"MobilityData Indian Railways GTFS (unofficial data)"},"geometry":{"type":"LineString","coordinates":[[80.068874,13.146018],[80.059862,13.136824],[80.065184,13.11902],[80.074883,13.118518],[80.100288,13.118017],[80.127153,13.116428],[80.136681,13.115258],[80.1534,13.1141],[80.166206,13.114422],[80.183802,13.113085],[80.2095,13.1099],[80.225515,13.108236],[80.238819,13.1074],[80.244913,13.1074],[80.257273,13.108738],[80.2713,13.1025],[80.2737504,13.0833296]]}},{"type":"Feature","properties":{"route_id":"43115","route_short_name":"43115","route_long_name":"MASS - E-DEPO EMU LOCAL","operator":"Indian Railways","mode":"suburban_rail","source":"MobilityData Indian Railways GTFS (unofficial data)"},"geometry":{"type":"LineString","coordinates":[[80.2737504,13.0833296],[80.2713,13.1025],[80.257273,13.108738],[80.244913,13.1074],[80.238819,13.1074],[80.225515,13.108236],[80.2095,13.1099],[80.183802,13.113085],[80.166206,13.114422],[80.1534,13.1141],[80.136681,13.115258],[80.127153,13.116428],[80.100288,13.118017],[80.074883,13.118518],[80.065184,13.11902],[80.059862,13.136824],[80.068874,13.146018]]}},{"type":"Feature","properties":{"route_id":"43116","route_short_name":"43116","route_long_name":"E-DEPO - MASS EMU LOCAL","operator":"Indian Railways","mode":"suburban_rail","source":"MobilityData Indian Railways GTFS (unofficial data)"},"geometry":{"type":"LineString","coordinates":[[80.068874,13.146018],[80.059862,13.136824],[80.065184,13.11902],[80.074883,13.118518],[80.100288,13.118017],[80.127153,13.116428],[80.136681,13.115258],[80.1534,13.1141],[80.166206,13.114422],[80.183802,13.113085],[80.2095,13.1099],[80.225515,13.108236],[80.238819,13.1074],[80.244913,13.1074],[80.257273,13.108738],[80.2713,13.1025],[80.2737504,13.0833296]]}},{"type":"Feature","properties":{"route_id":"43117","route_short_name":"43117","route_long_name":"MASS - E-DEPO EMU LOCAL","operator":"Indian Railways","mode":"suburban_rail","source":"MobilityData Indian Railways GTFS (unofficial data)"},"geometry":{"type":"LineString","coordinates":[[80.2737504,13.0833296],[80.2713,13.1025],[80.257273,13.108738],[80.244913,13.1074],[80.238819,13.1074],[80.225515,13.108236],[80.2095,13.1099],[80.183802,13.113085],[80.166206,13.114422],[80.1534,13.1141],[80.136681,13.115258],[80.127153,13.116428],[80.100288,13.118017],[80.074883,13.118518],[80.065184,13.11902],[80.059862,13.136824],[80.068874,13.146018]]}},{"type":"Feature","properties":{"route_id":"43118","route_short_name":"43118","route_long_name":"E-DEPO - MASS EMU LOCAL","operator":"Indian Railways","mode":"suburban_rail","source":"MobilityData Indian Railways GTFS (unofficial data)"},"geometry":{"type":"LineString","coordinates":[[80.068874,13.146018],[80.059862,13.136824],[80.065184,13.11902],[80.074883,13.118518],[80.100288,13.118017],[80.127153,13.116428],[80.136681,13.115258],[80.1534,13.1141],[80.166206,13.114422],[80.183802,13.113085],[80.2095,13.1099],[80.225515,13.108236],[80.238819,13.1074],[80.244913,13.1074],[80.257273,13.108738],[80.2713,13.1025],[80.2737504,13.0833296]]}},{"type":"Feature","properties":{"route_id":"43119","route_short_name":"43119","route_long_name":"MASS - E-DEPO EMU LOCAL","operator":"Indian Railways","mode":"suburban_rail","source":"MobilityData Indian Railways GTFS (unofficial data)"},"geometry":{"type":"LineString","coordinates":[[80.2737504,13.0833296],[80.2713,13.1025],[80.257273,13.108738],[80.244913,13.1074],[80.238819,13.1074],[80.225515,13.108236],[80.2095,13.1099],[80.183802,13.113085],[80.166206,13.114422],[80.1534,13.1141],[80.136681,13.115258],[80.127153,13.116428],[80.100288,13.118017],[80.074883,13.118518],[80.065184,13.11902],[80.059862,13.136824],[80.068874,13.146018]]}},{"type":"Feature","properties":{"route_id":"43120","route_short_name":"43120","route_long_name":"E-DEPO - MASS EMU LOCAL","operator":"Indian Railways","mode":"suburban_rail","source":"MobilityData Indian Railways GTFS (unofficial data)"},"geometry":{"type":"LineString","coordinates":[[80.068874,13.146018],[80.059862,13.136824],[80.065184,13.11902],[80.074883,13.118518],[80.100288,13.118017],[80.127153,13.116428],[80.136681,13.115258],[80.1534,13.1141],[80.166206,13.114422],[80.183802,13.113085],[80.2095,13.1099],[80.225515,13.108236],[80.238819,13.1074],[80.244913,13.1074],[80.257273,13.108738],[80.2713,13.1025],[80.2737504,13.0833296]]}},{"type":"Feature","properties":{"route_id":"43121","route_short_name":"43121","route_long_name":"MASS - E-DEPO EMU LOCAL","operator":"Indian Railways","mode":"suburban_rail","source":"MobilityData Indian Railways GTFS (unofficial data)"},"geometry":{"type":"LineString","coordinates":[[80.2737504,13.0833296],[80.2713,13.1025],[80.257273,13.108738],[80.244913,13.1074],[80.238819,13.1074],[80.225515,13.108236],[80.2095,13.1099],[80.183802,13.113085],[80.166206,13.114422],[80.1534,13.1141],[80.136681,13.115258],[80.127153,13.116428],[80.100288,13.118017],[80.074883,13.118518],[80.065184,13.11902],[80.059862,13.136824],[80.068874,13.146018]]}},{"type":"Feature","properties":{"route_id":"43122","route_short_name":"43122","route_long_name":"E-DEPO - MASS EMU LOCAL","operator":"Indian Railways","mode":"suburban_rail","source":"MobilityData Indian Railways GTFS (unofficial data)"},"geometry":{"type":"LineString","coordinates":[[80.068874,13.146018],[80.059862,13.136824],[80.065184,13.11902],[80.074883,13.118518],[80.100288,13.118017],[80.127153,13.116428],[80.136681,13.115258],[80.1534,13.1141],[80.166206,13.114422],[80.183802,13.113085],[80.2095,13.1099],[80.225515,13.108236],[80.238819,13.1074],[80.244913,13.1074],[80.257273,13.108738],[80.2713,13.1025],[80.2737504,13.0833296]]}},{"type":"Feature","properties":{"route_id":"43123","route_short_name":"43123","route_long_name":"MASS - E-DEPO EMU LOCAL","operator":"Indian Railways","mode":"suburban_rail","source":"MobilityData Indian Railways GTFS (unofficial data)"},"geometry":{"type":"LineString","coordinates":[[80.2737504,13.0833296],[80.2713,13.1025],[80.257273,13.108738],[80.244913,13.1074],[80.238819,13.1074],[80.225515,13.108236],[80.2095,13.1099],[80.183802,13.113085],[80.166206,13.114422],[80.1534,13.1141],[80.136681,13.115258],[80.127153,13.116428],[80.100288,13.118017],[80.074883,13.118518],[80.065184,13.11902],[80.059862,13.136824],[80.068874,13.146018]]}},{"type":"Feature","properties":{"route_id":"43124","route_short_name":"43124","route_long_name":"E-DEPO - MASS EMU LOCAL","operator":"Indian Railways","mode":"suburban_rail","source":"MobilityData Indian Railways GTFS (unofficial data)"},"geometry":{"type":"LineString","coordinates":[[80.068874,13.146018],[80.059862,13.136824],[80.065184,13.11902],[80.074883,13.118518],[80.100288,13.118017],[80.127153,13.116428],[80.136681,13.115258],[80.1534,13.1141],[80.166206,13.114422],[80.183802,13.113085],[80.2095,13.1099],[80.225515,13.108236],[80.238819,13.1074],[80.244913,13.1074],[80.257273,13.108738],[80.2713,13.1025],[80.2737504,13.0833296]]}},{"type":"Feature","properties":{"route_id":"43126","route_short_name":"43126","route_long_name":"E-DEPO - MASS EMU LOCAL","operator":"Indian Railways","mode":"suburban_rail","source":"MobilityData Indian Railways GTFS (unofficial data)"},"geometry":{"type":"LineString","coordinates":[[80.068874,13.146018],[80.059862,13.136824],[80.065184,13.11902],[80.074883,13.118518],[80.100288,13.118017],[80.127153,13.116428],[80.136681,13.115258],[80.1534,13.1141],[80.166206,13.114422],[80.183802,13.113085],[80.2095,13.1099],[80.225515,13.108236],[80.238819,13.1074],[80.244913,13.1074],[80.257273,13.108738],[80.2713,13.1025],[80.2737504,13.0833296]]}},{"type":"Feature","properties":{"route_id":"43201","route_short_name":"43201","route_long_name":"MMC-TRL EMU LOCAL","operator":"Indian Railways","mode":"suburban_rail","source":"MobilityData Indian Railways GTFS (unofficial data)"},"geometry":{"type":"LineString","coordinates":[[80.2737504,13.0833296],[80.2713,13.1025],[80.257273,13.108738],[80.244913,13.1074],[80.238819,13.1074],[80.225515,13.108236],[80.2095,13.1099],[80.183802,13.113085],[80.166206,13.114422],[80.1534,13.1141],[80.136681,13.115258],[80.127153,13.116428],[80.100288,13.118017],[80.074883,13.118518],[80.065184,13.11902],[80.044928,13.121193],[80.0269,13.1237],[79.998407,13.123617],[79.966478,13.124787],[79.93721,13.123032],[79.9134,13.116]]}},{"type":"Feature","properties":{"route_id":"43202","route_short_name":"43202","route_long_name":"TRL-MASS EMU LOCAL","operator":"Indian Railways","mode":"suburban_rail","source":"MobilityData Indian Railways GTFS (unofficial data)"},"geometry":{"type":"LineString","coordinates":[[79.9134,13.116],[79.93721,13.123032],[79.966478,13.124787],[79.998407,13.123617],[80.0269,13.1237],[80.044928,13.121193],[80.065184,13.11902],[80.074883,13.118518],[80.100288,13.118017],[80.127153,13.116428],[80.136681,13.115258],[80.1534,13.1141],[80.166206,13.114422],[80.183802,13.113085],[80.2095,13.1099],[80.225515,13.108236],[80.238819,13.1074],[80.244913,13.1074],[80.257273,13.108738],[80.2713,13.1025],[80.2737504,13.0833296]]}},{"type":"Feature","properties":{"route_id":"43203","route_short_name":"43203","route_long_name":"MMC-TRL EMU LOCAL","operator":"Indian Railways","mode":"suburban_rail","source":"MobilityData Indian Railways GTFS (unofficial data)"},"geometry":{"type":"LineString","coordinates":[[80.2737504,13.0833296],[80.2713,13.1025],[80.257273,13.108738],[80.244913,13.1074],[80.238819,13.1074],[80.225515,13.108236],[80.2095,13.1099],[80.183802,13.113085],[80.166206,13.114422],[80.1534,13.1141],[80.136681,13.115258],[80.127153,13.116428],[80.100288,13.118017],[80.074883,13.118518],[80.065184,13.11902],[80.044928,13.121193],[80.0269,13.1237],[79.998407,13.123617],[79.966478,13.124787],[79.93721,13.123032],[79.9134,13.116]]}},{"type":"Feature","properties":{"route_id":"43204","route_short_name":"43204","route_long_name":"TRL-MASS EMU LOCAL","operator":"Indian Railways","mode":"suburban_rail","source":"MobilityData Indian Railways GTFS (unofficial data)"},"geometry":{"type":"LineString","coordinates":[[79.9134,13.116],[79.93721,13.123032],[79.966478,13.124787],[79.998407,13.123617],[80.0269,13.1237],[80.044928,13.121193],[80.065184,13.11902],[80.074883,13.118518],[80.100288,13.118017],[80.127153,13.116428],[80.136681,13.115258],[80.1534,13.1141],[80.166206,13.114422],[80.183802,13.113085],[80.2095,13.1099],[80.225515,13.108236],[80.238819,13.1074],[80.244913,13.1074],[80.257273,13.108738],[80.2713,13.1025],[80.2737504,13.0833296]]}},{"type":"Feature","properties":{"route_id":"43205","route_short_name":"43205","route_long_name":"MASS-TRL EMU LOCAL","operator":"Indian Railways","mode":"suburban_rail","source":"MobilityData Indian Railways GTFS (unofficial data)"},"geometry":{"type":"LineString","coordinates":[[80.2737504,13.0833296],[80.2713,13.1025],[80.257273,13.108738],[80.244913,13.1074],[80.238819,13.1074],[80.225515,13.108236],[80.2095,13.1099],[80.183802,13.113085],[80.166206,13.114422],[80.1534,13.1141],[80.136681,13.115258],[80.127153,13.116428],[80.100288,13.118017],[80.074883,13.118518],[80.065184,13.11902],[80.044928,13.121193],[80.0269,13.1237],[79.998407,13.123617],[79.966478,13.124787],[79.93721,13.123032],[79.9134,13.116]]}},{"type":"Feature","properties":{"route_id":"43206","route_short_name":"43206","route_long_name":"TRL-MASS EMU LOCAL","operator":"Indian Railways","mode":"suburban_rail","source":"MobilityData Indian Railways GTFS (unofficial data)"},"geometry":{"type":"LineString","coordinates":[[79.9134,13.116],[79.93721,13.123032],[79.966478,13.124787],[79.998407,13.123617],[80.0269,13.1237],[80.044928,13.121193],[80.065184,13.11902],[80.074883,13.118518],[80.100288,13.118017],[80.127153,13.116428],[80.136681,13.115258],[80.1534,13.1141],[80.166206,13.114422],[80.183802,13.113085],[80.2095,13.1099],[80.225515,13.108236],[80.238819,13.1074],[80.244913,13.1074],[80.257273,13.108738],[80.2713,13.1025],[80.2737504,13.0833296]]}},{"type":"Feature","properties":{"route_id":"43207","route_short_name":"43207","route_long_name":"MASS-TRL EMU LOCAL","operator":"Indian Railways","mode":"suburban_rail","source":"MobilityData Indian Railways GTFS (unofficial data)"},"geometry":{"type":"LineString","coordinates":[[80.2737504,13.0833296],[80.2713,13.1025],[80.257273,13.108738],[80.244913,13.1074],[80.238819,13.1074],[80.225515,13.108236],[80.2095,13.1099],[80.183802,13.113085],[80.166206,13.114422],[80.1534,13.1141],[80.136681,13.115258],[80.127153,13.116428],[80.100288,13.118017],[80.074883,13.118518],[80.065184,13.11902],[80.044928,13.121193],[80.0269,13.1237],[79.998407,13.123617],[79.966478,13.124787],[79.93721,13.123032],[79.9134,13.116]]}},{"type":"Feature","properties":{"route_id":"43208","route_short_name":"43208","route_long_name":"TRL-MASS EMU LOCAL","operator":"Indian Railways","mode":"suburban_rail","source":"MobilityData Indian Railways GTFS (unofficial data)"},"geometry":{"type":"LineString","coordinates":[[79.9134,13.116],[79.93721,13.123032],[79.966478,13.124787],[79.998407,13.123617],[80.0269,13.1237],[80.044928,13.121193],[80.065184,13.11902],[80.074883,13.118518],[80.100288,13.118017],[80.127153,13.116428],[80.136681,13.115258],[80.1534,13.1141],[80.166206,13.114422],[80.183802,13.113085],[80.2095,13.1099],[80.225515,13.108236],[80.238819,13.1074],[80.244913,13.1074],[80.257273,13.108738],[80.2713,13.1025],[80.2737504,13.0833296]]}},{"type":"Feature","properties":{"route_id":"43209","route_short_name":"43209","route_long_name":"MASS-TRL EMU LOCAL","operator":"Indian Railways","mode":"suburban_rail","source":"MobilityData Indian Railways GTFS (unofficial data)"},"geometry":{"type":"LineString","coordinates":[[80.2737504,13.0833296],[80.2713,13.1025],[80.257273,13.108738],[80.244913,13.1074],[80.238819,13.1074],[80.225515,13.108236],[80.2095,13.1099],[80.183802,13.113085],[80.166206,13.114422],[80.1534,13.1141],[80.136681,13.115258],[80.127153,13.116428],[80.100288,13.118017],[80.074883,13.118518],[80.065184,13.11902],[80.044928,13.121193],[80.0269,13.1237],[79.998407,13.123617],[79.966478,13.124787],[79.93721,13.123032],[79.9134,13.116]]}},{"type":"Feature","properties":{"route_id":"43210","route_short_name":"43210","route_long_name":"TRL-MASS EMU LOCAL","operator":"Indian Railways","mode":"suburban_rail","source":"MobilityData Indian Railways GTFS (unofficial data)"},"geometry":{"type":"LineString","coordinates":[[79.9134,13.116],[79.93721,13.123032],[79.966478,13.124787],[79.998407,13.123617],[80.0269,13.1237],[80.044928,13.121193],[80.065184,13.11902],[80.074883,13.118518],[80.100288,13.118017],[80.127153,13.116428],[80.136681,13.115258],[80.1534,13.1141],[80.166206,13.114422],[80.183802,13.113085],[80.2095,13.1099],[80.225515,13.108236],[80.238819,13.1074],[80.244913,13.1074],[80.257273,13.108738],[80.2713,13.1025],[80.2737504,13.0833296]]}},{"type":"Feature","properties":{"route_id":"43211","route_short_name":"43211","route_long_name":"MASS-TRL EMU LOCAL","operator":"Indian Railways","mode":"suburban_rail","source":"MobilityData Indian Railways GTFS (unofficial data)"},"geometry":{"type":"LineString","coordinates":[[80.2737504,13.0833296],[80.2713,13.1025],[80.257273,13.108738],[80.244913,13.1074],[80.238819,13.1074],[80.225515,13.108236],[80.2095,13.1099],[80.183802,13.113085],[80.166206,13.114422],[80.1534,13.1141],[80.136681,13.115258],[80.127153,13.116428],[80.100288,13.118017],[80.074883,13.118518],[80.065184,13.11902],[80.044928,13.121193],[80.0269,13.1237],[79.998407,13.123617],[79.966478,13.124787],[79.93721,13.123032],[79.9134,13.116]]}},{"type":"Feature","properties":{"route_id":"43212","route_short_name":"43212","route_long_name":"TRL-MASS EMU LOCAL","operator":"Indian Railways","mode":"suburban_rail","source":"MobilityData Indian Railways GTFS (unofficial data)"},"geometry":{"type":"LineString","coordinates":[[79.9134,13.116],[79.93721,13.123032],[79.966478,13.124787],[79.998407,13.123617],[80.0269,13.1237],[80.044928,13.121193],[80.065184,13.11902],[80.074883,13.118518],[80.100288,13.118017],[80.127153,13.116428],[80.136681,13.115258],[80.1534,13.1141],[80.166206,13.114422],[80.183802,13.113085],[80.2095,13.1099],[80.225515,13.108236],[80.238819,13.1074],[80.244913,13.1074],[80.257273,13.108738],[80.2713,13.1025],[80.2737504,13.0833296]]}},{"type":"Feature","properties":{"route_id":"43213","route_short_name":"43213","route_long_name":"MASS-TRL EMU LOCAL","operator":"Indian Railways","mode":"suburban_rail","source":"MobilityData Indian Railways GTFS (unofficial data)"},"geometry":{"type":"LineString","coordinates":[[80.2737504,13.0833296],[80.2713,13.1025],[80.257273,13.108738],[80.244913,13.1074],[80.238819,13.1074],[80.225515,13.108236],[80.2095,13.1099],[80.183802,13.113085],[80.166206,13.114422],[80.1534,13.1141],[80.136681,13.115258],[80.127153,13.116428],[80.100288,13.118017],[80.074883,13.118518],[80.065184,13.11902],[80.044928,13.121193],[80.0269,13.1237],[79.998407,13.123617],[79.966478,13.124787],[79.93721,13.123032],[79.9134,13.116]]}},{"type":"Feature","properties":{"route_id":"43214","route_short_name":"43214","route_long_name":"TRL-MASS EMU LOCAL","operator":"Indian Railways","mode":"suburban_rail","source":"MobilityData Indian Railways GTFS (unofficial data)"},"geometry":{"type":"LineString","coordinates":[[79.9134,13.116],[79.93721,13.123032],[79.966478,13.124787],[79.998407,13.123617],[80.0269,13.1237],[80.044928,13.121193],[80.065184,13.11902],[80.074883,13.118518],[80.100288,13.118017],[80.127153,13.116428],[80.136681,13.115258],[80.1534,13.1141],[80.166206,13.114422],[80.183802,13.113085],[80.2095,13.1099],[80.225515,13.108236],[80.238819,13.1074],[80.244913,13.1074],[80.257273,13.108738],[80.2713,13.1025],[80.2737504,13.0833296]]}},{"type":"Feature","properties":{"route_id":"43215","route_short_name":"43215","route_long_name":"MASS-TRL EMU LOCAL","operator":"Indian Railways","mode":"suburban_rail","source":"MobilityData Indian Railways GTFS (unofficial data)"},"geometry":{"type":"LineString","coordinates":[[80.2737504,13.0833296],[80.2713,13.1025],[80.257273,13.108738],[80.244913,13.1074],[80.238819,13.1074],[80.225515,13.108236],[80.2095,13.1099],[80.183802,13.113085],[80.166206,13.114422],[80.1534,13.1141],[80.136681,13.115258],[80.127153,13.116428],[80.100288,13.118017],[80.074883,13.118518],[80.065184,13.11902],[80.044928,13.121193],[80.0269,13.1237],[79.998407,13.123617],[79.966478,13.124787],[79.93721,13.123032],[79.9134,13.116]]}},{"type":"Feature","properties":{"route_id":"43216","route_short_name":"43216","route_long_name":"TRL-MASS EMU FAST","operator":"Indian Railways","mode":"suburban_rail","source":"MobilityData Indian Railways GTFS (unofficial data)"},"geometry":{"type":"LineString","coordinates":[[79.9134,13.116],[79.966478,13.124787],[79.998407,13.123617],[80.0269,13.1237],[80.2095,13.1099],[80.225515,13.108236],[80.238819,13.1074],[80.244913,13.1074],[80.2713,13.1025],[80.2737504,13.0833296]]}},{"type":"Feature","properties":{"route_id":"43217","route_short_name":"43217","route_long_name":"MASS-TRL EMU LOCAL","operator":"Indian Railways","mode":"suburban_rail","source":"MobilityData Indian Railways GTFS (unofficial data)"},"geometry":{"type":"LineString","coordinates":[[80.2737504,13.0833296],[80.2713,13.1025],[80.257273,13.108738],[80.244913,13.1074],[80.238819,13.1074],[80.225515,13.108236],[80.2095,13.1099],[80.183802,13.113085],[80.166206,13.114422],[80.1534,13.1141],[80.136681,13.115258],[80.127153,13.116428],[80.100288,13.118017],[80.074883,13.118518],[80.065184,13.11902],[80.044928,13.121193],[80.0269,13.1237],[79.998407,13.123617],[79.966478,13.124787],[79.93721,13.123032],[79.9134,13.116]]}},{"type":"Feature","properties":{"route_id":"43218","route_short_name":"43218","route_long_name":"TRL-MASS EMU LOCAL","operator":"Indian Railways","mode":"suburban_rail","source":"MobilityData Indian Railways GTFS (unofficial data)"},"geometry":{"type":"LineString","coordinates":[[79.9134,13.116],[79.93721,13.123032],[79.966478,13.124787],[79.998407,13.123617],[80.0269,13.1237],[80.044928,13.121193],[80.065184,13.11902],[80.074883,13.118518],[80.100288,13.118017],[80.127153,13.116428],[80.136681,13.115258],[80.1534,13.1141],[80.166206,13.114422],[80.183802,13.113085],[80.2095,13.1099],[80.225515,13.108236],[80.238819,13.1074],[80.244913,13.1074],[80.257273,13.108738],[80.2713,13.1025],[80.2737504,13.0833296]]}},{"type":"Feature","properties":{"route_id":"43219","route_short_name":"43219","route_long_name":"MASS-TRL EMU LOCAL","operator":"Indian Railways","mode":"suburban_rail","source":"MobilityData Indian Railways GTFS (unofficial data)"},"geometry":{"type":"LineString","coordinates":[[80.2737504,13.0833296],[80.2713,13.1025],[80.257273,13.108738],[80.244913,13.1074],[80.238819,13.1074],[80.225515,13.108236],[80.2095,13.1099],[80.183802,13.113085],[80.166206,13.114422],[80.1534,13.1141],[80.136681,13.115258],[80.127153,13.116428],[80.100288,13.118017],[80.074883,13.118518],[80.065184,13.11902],[80.044928,13.121193],[80.0269,13.1237],[79.998407,13.123617],[79.966478,13.124787],[79.93721,13.123032],[79.9134,13.116]]}},{"type":"Feature","properties":{"route_id":"43220","route_short_name":"43220","route_long_name":"TRL-MASS EMU LOCAL","operator":"Indian Railways","mode":"suburban_rail","source":"MobilityData Indian Railways GTFS (unofficial data)"},"geometry":{"type":"LineString","coordinates":[[79.9134,13.116],[79.93721,13.123032],[79.966478,13.124787],[79.998407,13.123617],[80.0269,13.1237],[80.044928,13.121193],[80.065184,13.11902],[80.074883,13.118518],[80.100288,13.118017],[80.127153,13.116428],[80.136681,13.115258],[80.1534,13.1141],[80.166206,13.114422],[80.183802,13.113085],[80.2095,13.1099],[80.225515,13.108236],[80.238819,13.1074],[80.244913,13.1074],[80.257273,13.108738],[80.2713,13.1025],[80.2737504,13.0833296]]}},{"type":"Feature","properties":{"route_id":"43221","route_short_name":"43221","route_long_name":"MASS-TRL EMU LOCAL","operator":"Indian Railways","mode":"suburban_rail","source":"MobilityData Indian Railways GTFS (unofficial data)"},"geometry":{"type":"LineString","coordinates":[[80.2737504,13.0833296],[80.2713,13.1025],[80.257273,13.108738],[80.244913,13.1074],[80.238819,13.1074],[80.225515,13.108236],[80.2095,13.1099],[80.183802,13.113085],[80.166206,13.114422],[80.1534,13.1141],[80.136681,13.115258],[80.127153,13.116428],[80.100288,13.118017],[80.074883,13.118518],[80.065184,13.11902],[80.044928,13.121193],[80.0269,13.1237],[79.998407,13.123617],[79.966478,13.124787],[79.93721,13.123032],[79.9134,13.116]]}},{"type":"Feature","properties":{"route_id":"43222","route_short_name":"43222","route_long_name":"TRL-MASS EMU FAST","operator":"Indian Railways","mode":"suburban_rail","source":"MobilityData Indian Railways GTFS (unofficial data)"},"geometry":{"type":"LineString","coordinates":[[79.9134,13.116],[79.966478,13.124787],[79.998407,13.123617],[80.0269,13.1237],[80.2095,13.1099],[80.225515,13.108236],[80.238819,13.1074],[80.244913,13.1074],[80.2713,13.1025],[80.2737504,13.0833296]]}},{"type":"Feature","properties":{"route_id":"43223","route_short_name":"43223","route_long_name":"MASS-TRL EMU LOCAL","operator":"Indian Railways","mode":"suburban_rail","source":"MobilityData Indian Railways GTFS (unofficial data)"},"geometry":{"type":"LineString","coordinates":[[80.2737504,13.0833296],[80.2713,13.1025],[80.257273,13.108738],[80.244913,13.1074],[80.238819,13.1074],[80.225515,13.108236],[80.2095,13.1099],[80.183802,13.113085],[80.166206,13.114422],[80.1534,13.1141],[80.136681,13.115258],[80.127153,13.116428],[80.100288,13.118017],[80.074883,13.118518],[80.065184,13.11902],[80.044928,13.121193],[80.0269,13.1237],[79.998407,13.123617],[79.966478,13.124787],[79.93721,13.123032],[79.9134,13.116]]}},{"type":"Feature","properties":{"route_id":"43224","route_short_name":"43224","route_long_name":"TRL-MASS EMU LOCAL","operator":"Indian Railways","mode":"suburban_rail","source":"MobilityData Indian Railways GTFS (unofficial data)"},"geometry":{"type":"LineString","coordinates":[[79.9134,13.116],[79.93721,13.123032],[79.966478,13.124787],[79.998407,13.123617],[80.0269,13.1237],[80.044928,13.121193],[80.065184,13.11902],[80.074883,13.118518],[80.100288,13.118017],[80.127153,13.116428],[80.136681,13.115258],[80.1534,13.1141],[80.166206,13.114422],[80.183802,13.113085],[80.2095,13.1099],[80.225515,13.108236],[80.238819,13.1074],[80.244913,13.1074],[80.257273,13.108738],[80.2713,13.1025],[80.2737504,13.0833296]]}},{"type":"Feature","properties":{"route_id":"43225","route_short_name":"43225","route_long_name":"MASS-TRL EMU LOCAL","operator":"Indian Railways","mode":"suburban_rail","source":"MobilityData Indian Railways GTFS (unofficial data)"},"geometry":{"type":"LineString","coordinates":[[80.2737504,13.0833296],[80.2713,13.1025],[80.257273,13.108738],[80.244913,13.1074],[80.238819,13.1074],[80.225515,13.108236],[80.2095,13.1099],[80.183802,13.113085],[80.166206,13.114422],[80.1534,13.1141],[80.136681,13.115258],[80.127153,13.116428],[80.100288,13.118017],[80.074883,13.118518],[80.065184,13.11902],[80.044928,13.121193],[80.0269,13.1237],[79.998407,13.123617],[79.966478,13.124787],[79.93721,13.123032],[79.9134,13.116]]}},{"type":"Feature","properties":{"route_id":"43226","route_short_name":"43226","route_long_name":"TRL-MASS EMU LOCAL","operator":"Indian Railways","mode":"suburban_rail","source":"MobilityData Indian Railways GTFS (unofficial data)"},"geometry":{"type":"LineString","coordinates":[[79.9134,13.116],[79.93721,13.123032],[79.966478,13.124787],[79.998407,13.123617],[80.0269,13.1237],[80.044928,13.121193],[80.065184,13.11902],[80.074883,13.118518],[80.100288,13.118017],[80.127153,13.116428],[80.136681,13.115258],[80.1534,13.1141],[80.166206,13.114422],[80.183802,13.113085],[80.2095,13.1099],[80.225515,13.108236],[80.238819,13.1074],[80.244913,13.1074],[80.257273,13.108738],[80.2713,13.1025],[80.2737504,13.0833296]]}},{"type":"Feature","properties":{"route_id":"43227","route_short_name":"43227","route_long_name":"MASS-TRL EMU LOCAL","operator":"Indian Railways","mode":"suburban_rail","source":"MobilityData Indian Railways GTFS (unofficial data)"},"geometry":{"type":"LineString","coordinates":[[80.2737504,13.0833296],[80.2713,13.1025],[80.257273,13.108738],[80.244913,13.1074],[80.238819,13.1074],[80.225515,13.108236],[80.2095,13.1099],[80.183802,13.113085],[80.166206,13.114422],[80.1534,13.1141],[80.136681,13.115258],[80.127153,13.116428],[80.100288,13.118017],[80.074883,13.118518],[80.065184,13.11902],[80.044928,13.121193],[80.0269,13.1237],[79.998407,13.123617],[79.966478,13.124787],[79.93721,13.123032],[79.9134,13.116]]}},{"type":"Feature","properties":{"route_id":"43228","route_short_name":"43228","route_long_name":"TRL-MASS EMU LOCAL","operator":"Indian Railways","mode":"suburban_rail","source":"MobilityData Indian Railways GTFS (unofficial data)"},"geometry":{"type":"LineString","coordinates":[[79.9134,13.116],[79.93721,13.123032],[79.966478,13.124787],[79.998407,13.123617],[80.0269,13.1237],[80.044928,13.121193],[80.065184,13.11902],[80.074883,13.118518],[80.100288,13.118017],[80.127153,13.116428],[80.136681,13.115258],[80.1534,13.1141],[80.166206,13.114422],[80.183802,13.113085],[80.2095,13.1099],[80.225515,13.108236],[80.238819,13.1074],[80.244913,13.1074],[80.257273,13.108738],[80.2713,13.1025],[80.2737504,13.0833296]]}},{"type":"Feature","properties":{"route_id":"43229","route_short_name":"43229","route_long_name":"MASS-TRL EMU LOCAL","operator":"Indian Railways","mode":"suburban_rail","source":"MobilityData Indian Railways GTFS (unofficial data)"},"geometry":{"type":"LineString","coordinates":[[80.2737504,13.0833296],[80.2713,13.1025],[80.257273,13.108738],[80.244913,13.1074],[80.238819,13.1074],[80.225515,13.108236],[80.2095,13.1099],[80.183802,13.113085],[80.166206,13.114422],[80.1534,13.1141],[80.136681,13.115258],[80.127153,13.116428],[80.100288,13.118017],[80.074883,13.118518],[80.065184,13.11902],[80.044928,13.121193],[80.0269,13.1237],[79.998407,13.123617],[79.966478,13.124787],[79.93721,13.123032],[79.9134,13.116]]}},{"type":"Feature","properties":{"route_id":"43230","route_short_name":"43230","route_long_name":"TRL-MASS EMU LOCAL","operator":"Indian Railways","mode":"suburban_rail","source":"MobilityData Indian Railways GTFS (unofficial data)"},"geometry":{"type":"LineString","coordinates":[[79.9134,13.116],[79.93721,13.123032],[79.966478,13.124787],[79.998407,13.123617],[80.0269,13.1237],[80.044928,13.121193],[80.065184,13.11902],[80.074883,13.118518],[80.100288,13.118017],[80.127153,13.116428],[80.136681,13.115258],[80.1534,13.1141],[80.166206,13.114422],[80.183802,13.113085],[80.2095,13.1099],[80.225515,13.108236],[80.238819,13.1074],[80.244913,13.1074],[80.257273,13.108738],[80.2713,13.1025],[80.2737504,13.0833296]]}},{"type":"Feature","properties":{"route_id":"43231","route_short_name":"43231","route_long_name":"MASS-TRL EMU LOCAL","operator":"Indian Railways","mode":"suburban_rail","source":"MobilityData Indian Railways GTFS (unofficial data)"},"geometry":{"type":"LineString","coordinates":[[80.2737504,13.0833296],[80.2713,13.1025],[80.257273,13.108738],[80.244913,13.1074],[80.238819,13.1074],[80.225515,13.108236],[80.2095,13.1099],[80.183802,13.113085],[80.166206,13.114422],[80.1534,13.1141],[80.136681,13.115258],[80.127153,13.116428],[80.100288,13.118017],[80.074883,13.118518],[80.065184,13.11902],[80.044928,13.121193],[80.0269,13.1237],[79.998407,13.123617],[79.966478,13.124787],[79.93721,13.123032],[79.9134,13.116]]}},{"type":"Feature","properties":{"route_id":"43232","route_short_name":"43232","route_long_name":"TRL-MASS EMU LOCAL","operator":"Indian Railways","mode":"suburban_rail","source":"MobilityData Indian Railways GTFS (unofficial data)"},"geometry":{"type":"LineString","coordinates":[[79.9134,13.116],[79.93721,13.123032],[79.966478,13.124787],[79.998407,13.123617],[80.0269,13.1237],[80.044928,13.121193],[80.065184,13.11902],[80.074883,13.118518],[80.100288,13.118017],[80.127153,13.116428],[80.136681,13.115258],[80.1534,13.1141],[80.166206,13.114422],[80.183802,13.113085],[80.2095,13.1099],[80.225515,13.108236],[80.238819,13.1074],[80.244913,13.1074],[80.257273,13.108738],[80.2713,13.1025],[80.2737504,13.0833296]]}},{"type":"Feature","properties":{"route_id":"43233","route_short_name":"43233","route_long_name":"MASS-TRL EMU LOCAL","operator":"Indian Railways","mode":"suburban_rail","source":"MobilityData Indian Railways GTFS (unofficial data)"},"geometry":{"type":"LineString","coordinates":[[80.2737504,13.0833296],[80.2713,13.1025],[80.257273,13.108738],[80.244913,13.1074],[80.238819,13.1074],[80.225515,13.108236],[80.2095,13.1099],[80.183802,13.113085],[80.166206,13.114422],[80.1534,13.1141],[80.136681,13.115258],[80.127153,13.116428],[80.100288,13.118017],[80.074883,13.118518],[80.065184,13.11902],[80.044928,13.121193],[80.0269,13.1237],[79.998407,13.123617],[79.966478,13.124787],[79.93721,13.123032],[79.9134,13.116]]}},{"type":"Feature","properties":{"route_id":"43234","route_short_name":"43234","route_long_name":"TRL-MASS EMU LOCAL","operator":"Indian Railways","mode":"suburban_rail","source":"MobilityData Indian Railways GTFS (unofficial data)"},"geometry":{"type":"LineString","coordinates":[[79.9134,13.116],[79.93721,13.123032],[79.966478,13.124787],[79.998407,13.123617],[80.0269,13.1237],[80.044928,13.121193],[80.065184,13.11902],[80.074883,13.118518],[80.100288,13.118017],[80.127153,13.116428],[80.136681,13.115258],[80.1534,13.1141],[80.166206,13.114422],[80.183802,13.113085],[80.2095,13.1099],[80.225515,13.108236],[80.238819,13.1074],[80.244913,13.1074],[80.257273,13.108738],[80.2713,13.1025],[80.2737504,13.0833296]]}},{"type":"Feature","properties":{"route_id":"43235","route_short_name":"43235","route_long_name":"MASS-TRL EMU LOCAL","operator":"Indian Railways","mode":"suburban_rail","source":"MobilityData Indian Railways GTFS (unofficial data)"},"geometry":{"type":"LineString","coordinates":[[80.2737504,13.0833296],[80.2713,13.1025],[80.257273,13.108738],[80.244913,13.1074],[80.238819,13.1074],[80.225515,13.108236],[80.2095,13.1099],[80.183802,13.113085],[80.166206,13.114422],[80.1534,13.1141],[80.136681,13.115258],[80.127153,13.116428],[80.100288,13.118017],[80.074883,13.118518],[80.065184,13.11902],[80.044928,13.121193],[80.0269,13.1237],[79.998407,13.123617],[79.966478,13.124787],[79.93721,13.123032],[79.9134,13.116]]}},{"type":"Feature","properties":{"route_id":"43236","route_short_name":"43236","route_long_name":"TRL-MASS EMU LOCAL","operator":"Indian Railways","mode":"suburban_rail","source":"MobilityData Indian Railways GTFS (unofficial data)"},"geometry":{"type":"LineString","coordinates":[[79.9134,13.116],[79.93721,13.123032],[79.966478,13.124787],[79.998407,13.123617],[80.0269,13.1237],[80.044928,13.121193],[80.065184,13.11902],[80.074883,13.118518],[80.100288,13.118017],[80.127153,13.116428],[80.136681,13.115258],[80.1534,13.1141],[80.166206,13.114422],[80.183802,13.113085],[80.2095,13.1099],[80.225515,13.108236],[80.238819,13.1074],[80.244913,13.1074],[80.257273,13.108738],[80.2713,13.1025],[80.2737504,13.0833296]]}},{"type":"Feature","properties":{"route_id":"43237","route_short_name":"43237","route_long_name":"MASS-TRL EMU LOCAL","operator":"Indian Railways","mode":"suburban_rail","source":"MobilityData Indian Railways GTFS (unofficial data)"},"geometry":{"type":"LineString","coordinates":[[80.2737504,13.0833296],[80.2713,13.1025],[80.257273,13.108738],[80.244913,13.1074],[80.238819,13.1074],[80.225515,13.108236],[80.2095,13.1099],[80.183802,13.113085],[80.166206,13.114422],[80.1534,13.1141],[80.136681,13.115258],[80.127153,13.116428],[80.100288,13.118017],[80.074883,13.118518],[80.065184,13.11902],[80.044928,13.121193],[80.0269,13.1237],[79.998407,13.123617],[79.966478,13.124787],[79.93721,13.123032],[79.9134,13.116]]}},{"type":"Feature","properties":{"route_id":"43238","route_short_name":"43238","route_long_name":"TRL-MASS EMU LOCAL","operator":"Indian Railways","mode":"suburban_rail","source":"MobilityData Indian Railways GTFS (unofficial data)"},"geometry":{"type":"LineString","coordinates":[[79.9134,13.116],[79.93721,13.123032],[79.966478,13.124787],[79.998407,13.123617],[80.0269,13.1237],[80.044928,13.121193],[80.065184,13.11902],[80.074883,13.118518],[80.100288,13.118017],[80.127153,13.116428],[80.136681,13.115258],[80.1534,13.1141],[80.166206,13.114422],[80.183802,13.113085],[80.2095,13.1099],[80.225515,13.108236],[80.238819,13.1074],[80.244913,13.1074],[80.257273,13.108738],[80.2713,13.1025],[80.2737504,13.0833296]]}},{"type":"Feature","properties":{"route_id":"43239","route_short_name":"43239","route_long_name":"MASS-TRL EMU LOCAL","operator":"Indian Railways","mode":"suburban_rail","source":"MobilityData Indian Railways GTFS (unofficial data)"},"geometry":{"type":"LineString","coordinates":[[80.2737504,13.0833296],[80.2713,13.1025],[80.257273,13.108738],[80.244913,13.1074],[80.238819,13.1074],[80.225515,13.108236],[80.2095,13.1099],[80.183802,13.113085],[80.166206,13.114422],[80.1534,13.1141],[80.136681,13.115258],[80.127153,13.116428],[80.100288,13.118017],[80.074883,13.118518],[80.065184,13.11902],[80.044928,13.121193],[80.0269,13.1237],[79.998407,13.123617],[79.966478,13.124787],[79.93721,13.123032],[79.9134,13.116]]}},{"type":"Feature","properties":{"route_id":"43240","route_short_name":"43240","route_long_name":"TRL-MASS EMU LOCAL","operator":"Indian Railways","mode":"suburban_rail","source":"MobilityData Indian Railways GTFS (unofficial data)"},"geometry":{"type":"LineString","coordinates":[[79.9134,13.116],[79.93721,13.123032],[79.966478,13.124787],[79.998407,13.123617],[80.0269,13.1237],[80.044928,13.121193],[80.065184,13.11902],[80.074883,13.118518],[80.100288,13.118017],[80.127153,13.116428],[80.136681,13.115258],[80.1534,13.1141],[80.166206,13.114422],[80.183802,13.113085],[80.2095,13.1099],[80.225515,13.108236],[80.238819,13.1074],[80.244913,13.1074],[80.257273,13.108738],[80.2713,13.1025],[80.2737504,13.0833296]]}},{"type":"Feature","properties":{"route_id":"43241","route_short_name":"43241","route_long_name":"MASS-TRL EMU LOCAL","operator":"Indian Railways","mode":"suburban_rail","source":"MobilityData Indian Railways GTFS (unofficial data)"},"geometry":{"type":"LineString","coordinates":[[80.2737504,13.0833296],[80.2713,13.1025],[80.257273,13.108738],[80.244913,13.1074],[80.238819,13.1074],[80.225515,13.108236],[80.2095,13.1099],[80.183802,13.113085],[80.166206,13.114422],[80.1534,13.1141],[80.136681,13.115258],[80.127153,13.116428],[80.100288,13.118017],[80.074883,13.118518],[80.065184,13.11902],[80.044928,13.121193],[80.0269,13.1237],[79.998407,13.123617],[79.966478,13.124787],[79.93721,13.123032],[79.9134,13.116]]}},{"type":"Feature","properties":{"route_id":"43242","route_short_name":"43242","route_long_name":"TRL-MASS EMU LOCAL","operator":"Indian Railways","mode":"suburban_rail","source":"MobilityData Indian Railways GTFS (unofficial data)"},"geometry":{"type":"LineString","coordinates":[[79.9134,13.116],[79.93721,13.123032],[79.966478,13.124787],[79.998407,13.123617],[80.0269,13.1237],[80.044928,13.121193],[80.065184,13.11902],[80.074883,13.118518],[80.100288,13.118017],[80.127153,13.116428],[80.136681,13.115258],[80.1534,13.1141],[80.166206,13.114422],[80.183802,13.113085],[80.2095,13.1099],[80.225515,13.108236],[80.238819,13.1074],[80.244913,13.1074],[80.257273,13.108738],[80.257187,13.108905],[80.2713,13.1025],[80.2737504,13.0833296]]}},{"type":"Feature","properties":{"route_id":"43243","route_short_name":"43243","route_long_name":"MASS-TRL EMU LOCAL","operator":"Indian Railways","mode":"suburban_rail","source":"MobilityData Indian Railways GTFS (unofficial data)"},"geometry":{"type":"LineString","coordinates":[[80.2737504,13.0833296],[80.2713,13.1025],[80.257273,13.108738],[80.244913,13.1074],[80.238819,13.1074],[80.225515,13.108236],[80.2095,13.1099],[80.183802,13.113085],[80.166206,13.114422],[80.1534,13.1141],[80.136681,13.115258],[80.127153,13.116428],[80.100288,13.118017],[80.074883,13.118518],[80.065184,13.11902],[80.044928,13.121193],[80.0269,13.1237],[79.998407,13.123617],[79.966478,13.124787],[79.93721,13.123032],[79.9134,13.116]]}},{"type":"Feature","properties":{"route_id":"43244","route_short_name":"43244","route_long_name":"TRL-MASS EMU LOCAL","operator":"Indian Railways","mode":"suburban_rail","source":"MobilityData Indian Railways GTFS (unofficial data)"},"geometry":{"type":"LineString","coordinates":[[79.9134,13.116],[79.93721,13.123032],[79.966478,13.124787],[79.998407,13.123617],[80.0269,13.1237],[80.044928,13.121193],[80.065184,13.11902],[80.074883,13.118518],[80.100288,13.118017],[80.127153,13.116428],[80.136681,13.115258],[80.1534,13.1141],[80.166206,13.114422],[80.183802,13.113085],[80.2095,13.1099],[80.225515,13.108236],[80.238819,13.1074],[80.244913,13.1074],[80.257273,13.108738],[80.2713,13.1025],[80.2737504,13.0833296]]}},{"type":"Feature","properties":{"route_id":"43245","route_short_name":"43245","route_long_name":"MASS-TRL EMU LOCAL","operator":"Indian Railways","mode":"suburban_rail","source":"MobilityData Indian Railways GTFS (unofficial data)"},"geometry":{"type":"LineString","coordinates":[[80.2737504,13.0833296],[80.2713,13.1025],[80.257273,13.108738],[80.244913,13.1074],[80.238819,13.1074],[80.225515,13.108236],[80.2095,13.1099],[80.183802,13.113085],[80.166206,13.114422],[80.1534,13.1141],[80.136681,13.115258],[80.127153,13.116428],[80.100288,13.118017],[80.074883,13.118518],[80.065184,13.11902],[80.044928,13.121193],[80.0269,13.1237],[79.998407,13.123617],[79.966478,13.124787],[79.93721,13.123032],[79.9134,13.116]]}},{"type":"Feature","properties":{"route_id":"43246","route_short_name":"43246","route_long_name":"TRL-MASS EMU LOCAL","operator":"Indian Railways","mode":"suburban_rail","source":"MobilityData Indian Railways GTFS (unofficial data)"},"geometry":{"type":"LineString","coordinates":[[79.9134,13.116],[79.93721,13.123032],[79.966478,13.124787],[79.998407,13.123617],[80.0269,13.1237],[80.044928,13.121193],[80.065184,13.11902],[80.074883,13.118518],[80.100288,13.118017],[80.127153,13.116428],[80.136681,13.115258],[80.1534,13.1141],[80.166206,13.114422],[80.183802,13.113085],[80.2095,13.1099],[80.225515,13.108236],[80.238819,13.1074],[80.244913,13.1074],[80.257273,13.108738],[80.2713,13.1025],[80.2737504,13.0833296]]}},{"type":"Feature","properties":{"route_id":"43247","route_short_name":"43247","route_long_name":"MASS-TRL EMU LOCAL","operator":"Indian Railways","mode":"suburban_rail","source":"MobilityData Indian Railways GTFS (unofficial data)"},"geometry":{"type":"LineString","coordinates":[[80.2737504,13.0833296],[80.2713,13.1025],[80.257273,13.108738],[80.244913,13.1074],[80.238819,13.1074],[80.225515,13.108236],[80.2095,13.1099],[80.183802,13.113085],[80.166206,13.114422],[80.1534,13.1141],[80.136681,13.115258],[80.127153,13.116428],[80.100288,13.118017],[80.074883,13.118518],[80.065184,13.11902],[80.044928,13.121193],[80.0269,13.1237],[79.998407,13.123617],[79.966478,13.124787],[79.93721,13.123032],[79.9134,13.116]]}},{"type":"Feature","properties":{"route_id":"43248","route_short_name":"43248","route_long_name":"TRL-MASS EMU LOCAL","operator":"Indian Railways","mode":"suburban_rail","source":"MobilityData Indian Railways GTFS (unofficial data)"},"geometry":{"type":"LineString","coordinates":[[79.9134,13.116],[79.93721,13.123032],[79.966478,13.124787],[79.998407,13.123617],[80.0269,13.1237],[80.044928,13.121193],[80.065184,13.11902],[80.074883,13.118518],[80.100288,13.118017],[80.127153,13.116428],[80.136681,13.115258],[80.1534,13.1141],[80.166206,13.114422],[80.183802,13.113085],[80.2095,13.1099],[80.225515,13.108236],[80.238819,13.1074],[80.244913,13.1074],[80.257273,13.108738],[80.2713,13.1025],[80.2737504,13.0833296]]}},{"type":"Feature","properties":{"route_id":"43249","route_short_name":"43249","route_long_name":"MASS-TRL EMU LOCAL","operator":"Indian Railways","mode":"suburban_rail","source":"MobilityData Indian Railways GTFS (unofficial data)"},"geometry":{"type":"LineString","coordinates":[[80.2737504,13.0833296],[80.2713,13.1025],[80.257273,13.108738],[80.244913,13.1074],[80.238819,13.1074],[80.225515,13.108236],[80.2095,13.1099],[80.183802,13.113085],[80.166206,13.114422],[80.1534,13.1141],[80.136681,13.115258],[80.127153,13.116428],[80.100288,13.118017],[80.074883,13.118518],[80.065184,13.11902],[80.044928,13.121193],[80.0269,13.1237],[79.998407,13.123617],[79.966478,13.124787],[79.93721,13.123032],[79.9134,13.116]]}},{"type":"Feature","properties":{"route_id":"43250","route_short_name":"43250","route_long_name":"TRL-MASS EMU LOCAL","operator":"Indian Railways","mode":"suburban_rail","source":"MobilityData Indian Railways GTFS (unofficial data)"},"geometry":{"type":"LineString","coordinates":[[79.9134,13.116],[79.93721,13.123032],[79.966478,13.124787],[79.998407,13.123617],[80.0269,13.1237],[80.044928,13.121193],[80.065184,13.11902],[80.074883,13.118518],[80.100288,13.118017],[80.127153,13.116428],[80.136681,13.115258],[80.1534,13.1141],[80.166206,13.114422],[80.183802,13.113085],[80.2095,13.1099],[80.225515,13.108236],[80.238819,13.1074],[80.244913,13.1074],[80.257273,13.108738],[80.2713,13.1025],[80.2737504,13.0833296]]}},{"type":"Feature","properties":{"route_id":"43251","route_short_name":"43251","route_long_name":"MASS-TRL EMU LOCAL","operator":"Indian Railways","mode":"suburban_rail","source":"MobilityData Indian Railways GTFS (unofficial data)"},"geometry":{"type":"LineString","coordinates":[[80.2737504,13.0833296],[80.2713,13.1025],[80.257273,13.108738],[80.244913,13.1074],[80.238819,13.1074],[80.225515,13.108236],[80.2095,13.1099],[80.183802,13.113085],[80.166206,13.114422],[80.1534,13.1141],[80.136681,13.115258],[80.127153,13.116428],[80.100288,13.118017],[80.074883,13.118518],[80.065184,13.11902],[80.044928,13.121193],[80.0269,13.1237],[79.998407,13.123617],[79.966478,13.124787],[79.93721,13.123032],[79.9134,13.116]]}},{"type":"Feature","properties":{"route_id":"43252","route_short_name":"43252","route_long_name":"TRL-MASS EMU LOCAL","operator":"Indian Railways","mode":"suburban_rail","source":"MobilityData Indian Railways GTFS (unofficial data)"},"geometry":{"type":"LineString","coordinates":[[79.9134,13.116],[79.93721,13.123032],[79.966478,13.124787],[79.998407,13.123617],[80.0269,13.1237],[80.044928,13.121193],[80.065184,13.11902],[80.074883,13.118518],[80.100288,13.118017],[80.127153,13.116428],[80.136681,13.115258],[80.1534,13.1141],[80.166206,13.114422],[80.183802,13.113085],[80.2095,13.1099],[80.225515,13.108236],[80.238819,13.1074],[80.244913,13.1074],[80.257273,13.108738],[80.2713,13.1025],[80.2737504,13.0833296]]}},{"type":"Feature","properties":{"route_id":"43253","route_short_name":"43253","route_long_name":"MASS-TRL EMU LOCAL","operator":"Indian Railways","mode":"suburban_rail","source":"MobilityData Indian Railways GTFS (unofficial data)"},"geometry":{"type":"LineString","coordinates":[[80.2737504,13.0833296],[80.2713,13.1025],[80.257273,13.108738],[80.244913,13.1074],[80.238819,13.1074],[80.225515,13.108236],[80.2095,13.1099],[80.183802,13.113085],[80.166206,13.114422],[80.1534,13.1141],[80.136681,13.115258],[80.127153,13.116428],[80.100288,13.118017],[80.074883,13.118518],[80.065184,13.11902],[80.044928,13.121193],[80.0269,13.1237],[79.998407,13.123617],[79.966478,13.124787],[79.93721,13.123032],[79.9134,13.116]]}},{"type":"Feature","properties":{"route_id":"43254","route_short_name":"43254","route_long_name":"TRL-MASS EMU LOCAL","operator":"Indian Railways","mode":"suburban_rail","source":"MobilityData Indian Railways GTFS (unofficial data)"},"geometry":{"type":"LineString","coordinates":[[79.9134,13.116],[79.93721,13.123032],[79.966478,13.124787],[79.998407,13.123617],[80.0269,13.1237],[80.044928,13.121193],[80.065184,13.11902],[80.074883,13.118518],[80.100288,13.118017],[80.127153,13.116428],[80.136681,13.115258],[80.1534,13.1141],[80.166206,13.114422],[80.183802,13.113085],[80.2095,13.1099],[80.225515,13.108236],[80.238819,13.1074],[80.244913,13.1074],[80.257273,13.108738],[80.2713,13.1025],[80.2737504,13.0833296]]}},{"type":"Feature","properties":{"route_id":"43401","route_short_name":"43401","route_long_name":"MASS-AJJ EMU FAST","operator":"Indian Railways","mode":"suburban_rail","source":"MobilityData Indian Railways GTFS (unofficial data)"},"geometry":{"type":"LineString","coordinates":[[80.2737504,13.0833296],[80.2713,13.1025],[80.244913,13.1074],[80.2095,13.1099],[80.1534,13.1141],[80.0269,13.1237],[79.9134,13.116],[79.8624,13.0997]]}},{"type":"Feature","properties":{"route_id":"43402","route_short_name":"43402","route_long_name":"AJJ-MASS EMU LOCAL","operator":"Indian Railways","mode":"suburban_rail","source":"MobilityData Indian Railways GTFS (unofficial data)"},"geometry":{"type":"LineString","coordinates":[[79.8624,13.0997],[79.88451,13.106648],[79.9134,13.116],[79.93721,13.123032],[79.966478,13.124787],[79.998407,13.123617],[80.0269,13.1237],[80.044928,13.121193],[80.065184,13.11902],[80.074883,13.118518],[80.100288,13.118017],[80.127153,13.116428],[80.136681,13.115258],[80.1534,13.1141],[80.166206,13.114422],[80.183802,13.113085],[80.2095,13.1099],[80.225515,13.108236],[80.238819,13.1074],[80.244913,13.1074],[80.257273,13.108738],[80.2713,13.1025],[80.2737504,13.0833296]]}},{"type":"Feature","properties":{"route_id":"43403","route_short_name":"43403","route_long_name":"MASS-AJJ EMU LOCAL","operator":"Indian Railways","mode":"suburban_rail","source":"MobilityData Indian Railways GTFS (unofficial data)"},"geometry":{"type":"LineString","coordinates":[[80.2737504,13.0833296],[80.2713,13.1025],[80.257273,13.108738],[80.244913,13.1074],[80.238819,13.1074],[80.225515,13.108236],[80.2095,13.1099],[80.183802,13.113085],[80.166206,13.114422],[80.1534,13.1141],[80.136681,13.115258],[80.127153,13.116428],[80.100288,13.118017],[80.074883,13.118518],[80.065184,13.11902],[80.044928,13.121193],[80.0269,13.1237],[79.998407,13.123617],[79.966478,13.124787],[79.93721,13.123032],[79.9134,13.116],[79.88451,13.106648],[79.8624,13.0997]]}},{"type":"Feature","properties":{"route_id":"43404","route_short_name":"43404","route_long_name":"AJJ-MASS EMU LOCAL","operator":"Indian Railways","mode":"suburban_rail","source":"MobilityData Indian Railways GTFS (unofficial data)"},"geometry":{"type":"LineString","coordinates":[[79.8624,13.0997],[79.88451,13.106648],[79.9134,13.116],[79.93721,13.123032],[79.966478,13.124787],[79.998407,13.123617],[80.0269,13.1237],[80.044928,13.121193],[80.065184,13.11902],[80.074883,13.118518],[80.100288,13.118017],[80.127153,13.116428],[80.136681,13.115258],[80.1534,13.1141],[80.166206,13.114422],[80.183802,13.113085],[80.2095,13.1099],[80.225515,13.108236],[80.238819,13.1074],[80.244913,13.1074],[80.257273,13.108738],[80.2713,13.1025],[80.2737504,13.0833296]]}},{"type":"Feature","properties":{"route_id":"43407","route_short_name":"43407","route_long_name":"MASS-AJJ EMU LOCAL","operator":"Indian Railways","mode":"suburban_rail","source":"MobilityData Indian Railways GTFS (unofficial data)"},"geometry":{"type":"LineString","coordinates":[[80.2737504,13.0833296],[80.2713,13.1025],[80.257273,13.108738],[80.244913,13.1074],[80.238819,13.1074],[80.225515,13.108236],[80.2095,13.1099],[80.183802,13.113085],[80.166206,13.114422],[80.1534,13.1141],[80.136681,13.115258],[80.127153,13.116428],[80.100288,13.118017],[80.074883,13.118518],[80.065184,13.11902],[80.044928,13.121193],[80.0269,13.1237],[79.998407,13.123617],[79.966478,13.124787],[79.93721,13.123032],[79.9134,13.116],[79.88451,13.106648],[79.8624,13.0997]]}},{"type":"Feature","properties":{"route_id":"43408","route_short_name":"43408","route_long_name":"AJJ-MASS EMU FAST LOCAL","operator":"Indian Railways","mode":"suburban_rail","source":"MobilityData Indian Railways GTFS (unofficial data)"},"geometry":{"type":"LineString","coordinates":[[79.8624,13.0997],[79.88451,13.106648],[79.9134,13.116],[79.966478,13.124787],[79.998407,13.123617],[80.0269,13.1237],[80.2095,13.1099],[80.225515,13.108236],[80.238819,13.1074],[80.244913,13.1074],[80.2713,13.1025],[80.2737504,13.0833296]]}},{"type":"Feature","properties":{"route_id":"43409","route_short_name":"43409","route_long_name":"MASS-AJJ EMU LOCAL","operator":"Indian Railways","mode":"suburban_rail","source":"MobilityData Indian Railways GTFS (unofficial data)"},"geometry":{"type":"LineString","coordinates":[[80.2737504,13.0833296],[80.2713,13.1025],[80.257273,13.108738],[80.244913,13.1074],[80.238819,13.1074],[80.225515,13.108236],[80.2095,13.1099],[80.183802,13.113085],[80.166206,13.114422],[80.1534,13.1141],[80.136681,13.115258],[80.127153,13.116428],[80.100288,13.118017],[80.074883,13.118518],[80.065184,13.11902],[80.044928,13.121193],[80.0269,13.1237],[79.998407,13.123617],[79.966478,13.124787],[79.93721,13.123032],[79.9134,13.116],[79.88451,13.106648],[79.8624,13.0997]]}},{"type":"Feature","properties":{"route_id":"43410","route_short_name":"43410","route_long_name":"AJJ-MASS FAST LOCAL","operator":"Indian Railways","mode":"suburban_rail","source":"MobilityData Indian Railways GTFS (unofficial data)"},"geometry":{"type":"LineString","coordinates":[[79.8624,13.0997],[79.88451,13.106648],[79.9134,13.116],[79.966478,13.124787],[79.998407,13.123617],[80.0269,13.1237],[80.100288,13.118017],[80.2095,13.1099],[80.225515,13.108236],[80.238819,13.1074],[80.244913,13.1074],[80.2713,13.1025],[80.2737504,13.0833296]]}},{"type":"Feature","properties":{"route_id":"43411","route_short_name":"43411","route_long_name":"MASS-AJJ EMU LOCAL","operator":"Indian Railways","mode":"suburban_rail","source":"MobilityData Indian Railways GTFS (unofficial data)"},"geometry":{"type":"LineString","coordinates":[[80.2737504,13.0833296],[80.2713,13.1025],[80.257273,13.108738],[80.244913,13.1074],[80.238819,13.1074],[80.225515,13.108236],[80.2095,13.1099],[80.183802,13.113085],[80.166206,13.114422],[80.1534,13.1141],[80.136681,13.115258],[80.127153,13.116428],[80.100288,13.118017],[80.074883,13.118518],[80.065184,13.11902],[80.044928,13.121193],[80.0269,13.1237],[79.998407,13.123617],[79.966478,13.124787],[79.93721,13.123032],[79.9134,13.116],[79.88451,13.106648],[79.8624,13.0997]]}},{"type":"Feature","properties":{"route_id":"43412","route_short_name":"43412","route_long_name":"AJJ-MASS EMU LOCAL","operator":"Indian Railways","mode":"suburban_rail","source":"MobilityData Indian Railways GTFS (unofficial data)"},"geometry":{"type":"LineString","coordinates":[[79.8624,13.0997],[79.88451,13.106648],[79.9134,13.116],[79.93721,13.123032],[79.966478,13.124787],[79.998407,13.123617],[80.0269,13.1237],[80.044928,13.121193],[80.065184,13.11902],[80.074883,13.118518],[80.100288,13.118017],[80.127153,13.116428],[80.136681,13.115258],[80.1534,13.1141],[80.166206,13.114422],[80.183802,13.113085],[80.2095,13.1099],[80.225515,13.108236],[80.238819,13.1074],[80.244913,13.1074],[80.257273,13.108738],[80.2713,13.1025],[80.2737504,13.0833296]]}},{"type":"Feature","properties":{"route_id":"43413","route_short_name":"43413","route_long_name":"MASS-AJJ EMU LOCAL","operator":"Indian Railways","mode":"suburban_rail","source":"MobilityData Indian Railways GTFS (unofficial data)"},"geometry":{"type":"LineString","coordinates":[[80.2737504,13.0833296],[80.2713,13.1025],[80.257273,13.108738],[80.244913,13.1074],[80.238819,13.1074],[80.225515,13.108236],[80.2095,13.1099],[80.183802,13.113085],[80.166206,13.114422],[80.1534,13.1141],[80.136681,13.115258],[80.127153,13.116428],[80.100288,13.118017],[80.074883,13.118518],[80.065184,13.11902],[80.044928,13.121193],[80.0269,13.1237],[79.998407,13.123617],[79.966478,13.124787],[79.93721,13.123032],[79.9134,13.116],[79.88451,13.106648],[79.8624,13.0997]]}},{"type":"Feature","properties":{"route_id":"43414","route_short_name":"43414","route_long_name":"AJJ-MASS EMU LOCAL","operator":"Indian Railways","mode":"suburban_rail","source":"MobilityData Indian Railways GTFS (unofficial data)"},"geometry":{"type":"LineString","coordinates":[[79.8624,13.0997],[79.88451,13.106648],[79.9134,13.116],[79.93721,13.123032],[79.966478,13.124787],[79.998407,13.123617],[80.0269,13.1237],[80.044928,13.121193],[80.065184,13.11902],[80.074883,13.118518],[80.100288,13.118017],[80.127153,13.116428],[80.136681,13.115258],[80.1534,13.1141],[80.166206,13.114422],[80.183802,13.113085],[80.2095,13.1099],[80.225515,13.108236],[80.238819,13.1074],[80.244913,13.1074],[80.257273,13.108738],[80.2713,13.1025],[80.2737504,13.0833296]]}},{"type":"Feature","properties":{"route_id":"43415","route_short_name":"43415","route_long_name":"MASS-AJJ EMU LOCAL","operator":"Indian Railways","mode":"suburban_rail","source":"MobilityData Indian Railways GTFS (unofficial data)"},"geometry":{"type":"LineString","coordinates":[[80.2737504,13.0833296],[80.2713,13.1025],[80.257273,13.108738],[80.244913,13.1074],[80.238819,13.1074],[80.225515,13.108236],[80.2095,13.1099],[80.183802,13.113085],[80.166206,13.114422],[80.1534,13.1141],[80.136681,13.115258],[80.127153,13.116428],[80.100288,13.118017],[80.074883,13.118518],[80.065184,13.11902],[80.044928,13.121193],[80.0269,13.1237],[79.998407,13.123617],[79.966478,13.124787],[79.93721,13.123032],[79.9134,13.116],[79.88451,13.106648],[79.8624,13.0997]]}},{"type":"Feature","properties":{"route_id":"43417","route_short_name":"43417","route_long_name":"MASS-AJJ EMU","operator":"Indian Railways","mode":"suburban_rail","source":"MobilityData Indian Railways GTFS (unofficial data)"},"geometry":{"type":"LineString","coordinates":[[80.2737504,13.0833296],[80.2713,13.1025],[80.257273,13.108738],[80.244913,13.1074],[80.238819,13.1074],[80.225515,13.108236],[80.2095,13.1099],[80.183802,13.113085],[80.166206,13.114422],[80.1534,13.1141],[80.136681,13.115258],[80.127153,13.116428],[80.100288,13.118017],[80.074883,13.118518],[80.065184,13.11902],[80.044928,13.121193],[80.0269,13.1237],[79.998407,13.123617],[79.966478,13.124787],[79.93721,13.123032],[79.9134,13.116],[79.88451,13.106648],[79.8624,13.0997]]}},{"type":"Feature","properties":{"route_id":"43418","route_short_name":"43418","route_long_name":"AJJ-MASS EMU LOCAL","operator":"Indian Railways","mode":"suburban_rail","source":"MobilityData Indian Railways GTFS (unofficial data)"},"geometry":{"type":"LineString","coordinates":[[79.8624,13.0997],[79.88451,13.106648],[79.9134,13.116],[79.93721,13.123032],[79.966478,13.124787],[79.998407,13.123617],[80.0269,13.1237],[80.044928,13.121193],[80.065184,13.11902],[80.074883,13.118518],[80.100288,13.118017],[80.127153,13.116428],[80.136681,13.115258],[80.1534,13.1141],[80.166206,13.114422],[80.183802,13.113085],[80.2095,13.1099],[80.225515,13.108236],[80.238819,13.1074],[80.244913,13.1074],[80.257273,13.108738],[80.2713,13.1025],[80.2737504,13.0833296]]}},{"type":"Feature","properties":{"route_id":"43420","route_short_name":"43420","route_long_name":"AJJ-MASS EMU LOCAL","operator":"Indian Railways","mode":"suburban_rail","source":"MobilityData Indian Railways GTFS (unofficial data)"},"geometry":{"type":"LineString","coordinates":[[79.8624,13.0997],[79.88451,13.106648],[79.9134,13.116],[79.93721,13.123032],[79.966478,13.124787],[79.998407,13.123617],[80.0269,13.1237],[80.044928,13.121193],[80.065184,13.11902],[80.074883,13.118518],[80.100288,13.118017],[80.127153,13.116428],[80.136681,13.115258],[80.1534,13.1141],[80.166206,13.114422],[80.183802,13.113085],[80.2095,13.1099],[80.225515,13.108236],[80.238819,13.1074],[80.244913,13.1074],[80.257273,13.108738],[80.2713,13.1025],[80.2737504,13.0833296]]}},{"type":"Feature","properties":{"route_id":"43421","route_short_name":"43421","route_long_name":"MASS-AJJ EMU LOCAL","operator":"Indian Railways","mode":"suburban_rail","source":"MobilityData Indian Railways GTFS (unofficial data)"},"geometry":{"type":"LineString","coordinates":[[80.2737504,13.0833296],[80.2713,13.1025],[80.257273,13.108738],[80.244913,13.1074],[80.238819,13.1074],[80.225515,13.108236],[80.2095,13.1099],[80.183802,13.113085],[80.166206,13.114422],[80.1534,13.1141],[80.136681,13.115258],[80.127153,13.116428],[80.100288,13.118017],[80.074883,13.118518],[80.065184,13.11902],[80.044928,13.121193],[80.0269,13.1237],[79.998407,13.123617],[79.966478,13.124787],[79.93721,13.123032],[79.9134,13.116],[79.88451,13.106648],[79.8624,13.0997]]}},{"type":"Feature","properties":{"route_id":"43422","route_short_name":"43422","route_long_name":"AJJ-MASS EMU LOCAL","operator":"Indian Railways","mode":"suburban_rail","source":"MobilityData Indian Railways GTFS (unofficial data)"},"geometry":{"type":"LineString","coordinates":[[79.8624,13.0997],[79.88451,13.106648],[79.9134,13.116],[79.93721,13.123032],[79.966478,13.124787],[79.998407,13.123617],[80.0269,13.1237],[80.044928,13.121193],[80.065184,13.11902],[80.074883,13.118518],[80.100288,13.118017],[80.127153,13.116428],[80.136681,13.115258],[80.1534,13.1141],[80.166206,13.114422],[80.183802,13.113085],[80.2095,13.1099],[80.225515,13.108236],[80.238819,13.1074],[80.244913,13.1074],[80.257273,13.108738],[80.2713,13.1025],[80.2737504,13.0833296]]}},{"type":"Feature","properties":{"route_id":"43423","route_short_name":"43423","route_long_name":"MASS-AJJ LOCAL","operator":"Indian Railways","mode":"suburban_rail","source":"MobilityData Indian Railways GTFS (unofficial data)"},"geometry":{"type":"LineString","coordinates":[[80.2737504,13.0833296],[80.2713,13.1025],[80.257273,13.108738],[80.244913,13.1074],[80.238819,13.1074],[80.225515,13.108236],[80.2095,13.1099],[80.183802,13.113085],[80.166206,13.114422],[80.1534,13.1141],[80.136681,13.115258],[80.127153,13.116428],[80.100288,13.118017],[80.074883,13.118518],[80.065184,13.11902],[80.044928,13.121193],[80.0269,13.1237],[79.998407,13.123617],[79.966478,13.124787],[79.93721,13.123032],[79.9134,13.116],[79.88451,13.106648],[79.8624,13.0997]]}},{"type":"Feature","properties":{"route_id":"43424","route_short_name":"43424","route_long_name":"AJJ-MASS EMU LOCAL","operator":"Indian Railways","mode":"suburban_rail","source":"MobilityData Indian Railways GTFS (unofficial data)"},"geometry":{"type":"LineString","coordinates":[[79.8624,13.0997],[79.88451,13.106648],[79.9134,13.116],[79.93721,13.123032],[79.966478,13.124787],[79.998407,13.123617],[80.0269,13.1237],[80.044928,13.121193],[80.065184,13.11902],[80.074883,13.118518],[80.100288,13.118017],[80.127153,13.116428],[80.136681,13.115258],[80.1534,13.1141],[80.166206,13.114422],[80.183802,13.113085],[80.2095,13.1099],[80.225515,13.108236],[80.238819,13.1074],[80.244913,13.1074],[80.257273,13.108738],[80.2713,13.1025],[80.2737504,13.0833296]]}},{"type":"Feature","properties":{"route_id":"43425","route_short_name":"43425","route_long_name":"MASS-AJJ FAST LOCAL","operator":"Indian Railways","mode":"suburban_rail","source":"MobilityData Indian Railways GTFS (unofficial data)"},"geometry":{"type":"LineString","coordinates":[[80.2737504,13.0833296],[80.2713,13.1025],[80.244913,13.1074],[80.238819,13.1074],[80.2095,13.1099],[80.1534,13.1141],[80.0269,13.1237],[79.9134,13.116],[79.8624,13.0997]]}},{"type":"Feature","properties":{"route_id":"43426","route_short_name":"43426","route_long_name":"AJJ-MASS EMU LOCAL","operator":"Indian Railways","mode":"suburban_rail","source":"MobilityData Indian Railways GTFS (unofficial data)"},"geometry":{"type":"LineString","coordinates":[[79.8624,13.0997],[79.88451,13.106648],[79.9134,13.116],[79.93721,13.123032],[79.966478,13.124787],[79.998407,13.123617],[80.0269,13.1237],[80.044928,13.121193],[80.065184,13.11902],[80.074883,13.118518],[80.100288,13.118017],[80.127153,13.116428],[80.136681,13.115258],[80.1534,13.1141],[80.166206,13.114422],[80.183802,13.113085],[80.2095,13.1099],[80.225515,13.108236],[80.238819,13.1074],[80.244913,13.1074],[80.257273,13.108738],[80.2713,13.1025],[80.2737504,13.0833296]]}},{"type":"Feature","properties":{"route_id":"43427","route_short_name":"43427","route_long_name":"MASS-AJJ EMU LOCAL","operator":"Indian Railways","mode":"suburban_rail","source":"MobilityData Indian Railways GTFS (unofficial data)"},"geometry":{"type":"LineString","coordinates":[[80.2737504,13.0833296],[80.2713,13.1025],[80.257273,13.108738],[80.244913,13.1074],[80.238819,13.1074],[80.225515,13.108236],[80.2095,13.1099],[80.183802,13.113085],[80.166206,13.114422],[80.1534,13.1141],[80.136681,13.115258],[80.127153,13.116428],[80.100288,13.118017],[80.074883,13.118518],[80.065184,13.11902],[80.044928,13.121193],[80.0269,13.1237],[79.998407,13.123617],[79.966478,13.124787],[79.93721,13.123032],[79.9134,13.116],[79.88451,13.106648],[79.8624,13.0997]]}},{"type":"Feature","properties":{"route_id":"43428","route_short_name":"43428","route_long_name":"AJJ-MASS EMU LOCAL","operator":"Indian Railways","mode":"suburban_rail","source":"MobilityData Indian Railways GTFS (unofficial data)"},"geometry":{"type":"LineString","coordinates":[[79.8624,13.0997],[79.88451,13.106648],[79.9134,13.116],[79.93721,13.123032],[79.966478,13.124787],[79.998407,13.123617],[80.0269,13.1237],[80.044928,13.121193],[80.065184,13.11902],[80.074883,13.118518],[80.100288,13.118017],[80.127153,13.116428],[80.136681,13.115258],[80.1534,13.1141],[80.166206,13.114422],[80.183802,13.113085],[80.2095,13.1099],[80.225515,13.108236],[80.238819,13.1074],[80.244913,13.1074],[80.257273,13.108738],[80.2713,13.1025],[80.2737504,13.0833296]]}},{"type":"Feature","properties":{"route_id":"43429","route_short_name":"43429","route_long_name":"MASS-AJJ EMU LOCAL","operator":"Indian Railways","mode":"suburban_rail","source":"MobilityData Indian Railways GTFS (unofficial data)"},"geometry":{"type":"LineString","coordinates":[[80.2737504,13.0833296],[80.2713,13.1025],[80.257273,13.108738],[80.244913,13.1074],[80.238819,13.1074],[80.225515,13.108236],[80.2095,13.1099],[80.183802,13.113085],[80.166206,13.114422],[80.1534,13.1141],[80.136681,13.115258],[80.127153,13.116428],[80.100288,13.118017],[80.074883,13.118518],[80.065184,13.11902],[80.044928,13.121193],[80.0269,13.1237],[79.998407,13.123617],[79.966478,13.124787],[79.93721,13.123032],[79.9134,13.116],[79.88451,13.106648],[79.8624,13.0997]]}},{"type":"Feature","properties":{"route_id":"43432","route_short_name":"43432","route_long_name":"AJJ-MASS EMU LOCAL","operator":"Indian Railways","mode":"suburban_rail","source":"MobilityData Indian Railways GTFS (unofficial data)"},"geometry":{"type":"LineString","coordinates":[[79.8624,13.0997],[79.88451,13.106648],[79.9134,13.116],[79.93721,13.123032],[79.966478,13.124787],[79.998407,13.123617],[80.0269,13.1237],[80.044928,13.121193],[80.065184,13.11902],[80.074883,13.118518],[80.100288,13.118017],[80.127153,13.116428],[80.136681,13.115258],[80.1534,13.1141],[80.166206,13.114422],[80.183802,13.113085],[80.2095,13.1099],[80.225515,13.108236],[80.238819,13.1074],[80.244913,13.1074],[80.257273,13.108738],[80.2713,13.1025],[80.2737504,13.0833296]]}},{"type":"Feature","properties":{"route_id":"43433","route_short_name":"43433","route_long_name":"MASS-AJJ EMU FAST LOCAL","operator":"Indian Railways","mode":"suburban_rail","source":"MobilityData Indian Railways GTFS (unofficial data)"},"geometry":{"type":"LineString","coordinates":[[80.2737504,13.0833296],[80.2713,13.1025],[80.244913,13.1074],[80.2095,13.1099],[80.1534,13.1141],[80.0269,13.1237],[79.9134,13.116],[79.8624,13.0997]]}},{"type":"Feature","properties":{"route_id":"43434","route_short_name":"43434","route_long_name":"AJJ-MASS EMU LOCAL","operator":"Indian Railways","mode":"suburban_rail","source":"MobilityData Indian Railways GTFS (unofficial data)"},"geometry":{"type":"LineString","coordinates":[[79.8624,13.0997],[79.88451,13.106648],[79.9134,13.116],[79.93721,13.123032],[79.966478,13.124787],[79.998407,13.123617],[80.0269,13.1237],[80.044928,13.121193],[80.065184,13.11902],[80.074883,13.118518],[80.100288,13.118017],[80.127153,13.116428],[80.136681,13.115258],[80.1534,13.1141],[80.166206,13.114422],[80.183802,13.113085],[80.2095,13.1099],[80.225515,13.108236],[80.238819,13.1074],[80.244913,13.1074],[80.257273,13.108738],[80.2713,13.1025],[80.2737504,13.0833296]]}},{"type":"Feature","properties":{"route_id":"43435","route_short_name":"43435","route_long_name":"MASS-AJJ EMU","operator":"Indian Railways","mode":"suburban_rail","source":"MobilityData Indian Railways GTFS (unofficial data)"},"geometry":{"type":"LineString","coordinates":[[80.2737504,13.0833296],[80.2713,13.1025],[80.257273,13.108738],[80.244913,13.1074],[80.238819,13.1074],[80.225515,13.108236],[80.2095,13.1099],[80.183802,13.113085],[80.166206,13.114422],[80.1534,13.1141],[80.136681,13.115258],[80.127153,13.116428],[80.100288,13.118017],[80.074883,13.118518],[80.065184,13.11902],[80.044928,13.121193],[80.0269,13.1237],[79.998407,13.123617],[79.966478,13.124787],[79.93721,13.123032],[79.9134,13.116],[79.88451,13.106648],[79.8624,13.0997]]}},{"type":"Feature","properties":{"route_id":"43438","route_short_name":"43438","route_long_name":"AJJ-MASS EMU","operator":"Indian Railways","mode":"suburban_rail","source":"MobilityData Indian Railways GTFS (unofficial data)"},"geometry":{"type":"LineString","coordinates":[[79.8624,13.0997],[79.88451,13.106648],[79.9134,13.116],[79.93721,13.123032],[79.966478,13.124787],[79.998407,13.123617],[80.0269,13.1237],[80.044928,13.121193],[80.065184,13.11902],[80.074883,13.118518],[80.100288,13.118017],[80.127153,13.116428],[80.136681,13.115258],[80.1534,13.1141],[80.166206,13.114422],[80.183802,13.113085],[80.2095,13.1099],[80.225515,13.108236],[80.238819,13.1074],[80.244913,13.1074],[80.257273,13.108738],[80.2713,13.1025],[80.2737504,13.0833296]]}},{"type":"Feature","properties":{"route_id":"43440","route_short_name":"43440","route_long_name":"AJJ-MASS EMU LOCAL","operator":"Indian Railways","mode":"suburban_rail","source":"MobilityData Indian Railways GTFS (unofficial data)"},"geometry":{"type":"LineString","coordinates":[[79.8624,13.0997],[79.88451,13.106648],[79.9134,13.116],[79.93721,13.123032],[79.966478,13.124787],[79.998407,13.123617],[80.0269,13.1237],[80.044928,13.121193],[80.065184,13.11902],[80.074883,13.118518],[80.100288,13.118017],[80.127153,13.116428],[80.136681,13.115258],[80.1534,13.1141],[80.166206,13.114422],[80.183802,13.113085],[80.2095,13.1099],[80.225515,13.108236],[80.238819,13.1074],[80.244913,13.1074],[80.257273,13.108738],[80.2713,13.1025],[80.2737504,13.0833296]]}},{"type":"Feature","properties":{"route_id":"43441","route_short_name":"43441","route_long_name":"MASS-AJJ EMU LOCAL","operator":"Indian Railways","mode":"suburban_rail","source":"MobilityData Indian Railways GTFS (unofficial data)"},"geometry":{"type":"LineString","coordinates":[[80.2737504,13.0833296],[80.2713,13.1025],[80.257273,13.108738],[80.244913,13.1074],[80.238819,13.1074],[80.225515,13.108236],[80.2095,13.1099],[80.183802,13.113085],[80.166206,13.114422],[80.1534,13.1141],[80.136681,13.115258],[80.127153,13.116428],[80.100288,13.118017],[80.074883,13.118518],[80.065184,13.11902],[80.044928,13.121193],[80.0269,13.1237],[79.998407,13.123617],[79.966478,13.124787],[79.93721,13.123032],[79.9134,13.116],[79.88451,13.106648],[79.8624,13.0997]]}},{"type":"Feature","properties":{"route_id":"43442","route_short_name":"43442","route_long_name":"AJJ-MASS EMU LOCAL","operator":"Indian Railways","mode":"suburban_rail","source":"MobilityData Indian Railways GTFS (unofficial data)"},"geometry":{"type":"LineString","coordinates":[[79.8624,13.0997],[79.88451,13.106648],[79.9134,13.116],[79.93721,13.123032],[79.966478,13.124787],[79.998407,13.123617],[80.0269,13.1237],[80.044928,13.121193],[80.065184,13.11902],[80.074883,13.118518],[80.100288,13.118017],[80.127153,13.116428],[80.136681,13.115258],[80.1534,13.1141],[80.166206,13.114422],[80.183802,13.113085],[80.2095,13.1099],[80.225515,13.108236],[80.238819,13.1074],[80.244913,13.1074],[80.257273,13.108738],[80.2713,13.1025],[80.2737504,13.0833296]]}},{"type":"Feature","properties":{"route_id":"43501","route_short_name":"43501","route_long_name":"MAS-TRT EMU LOCAL","operator":"Indian Railways","mode":"suburban_rail","source":"MobilityData Indian Railways GTFS (unofficial data)"},"geometry":{"type":"LineString","coordinates":[[80.2737504,13.0833296],[80.2713,13.1025],[80.257273,13.108738],[80.244913,13.1074],[80.238819,13.1074],[80.225515,13.108236],[80.2095,13.1099],[80.183802,13.113085],[80.166206,13.114422],[80.1534,13.1141],[80.136681,13.115258],[80.127153,13.116428],[80.100288,13.118017],[80.074883,13.118518],[80.065184,13.11902],[80.044928,13.121193],[80.0269,13.1237],[79.998407,13.123617],[79.966478,13.124787],[79.93721,13.123032],[79.9134,13.116],[79.88451,13.106648],[79.8624,13.0997]]}},{"type":"Feature","properties":{"route_id":"43502","route_short_name":"43502","route_long_name":"TRT-MASS EMU LOCAL","operator":"Indian Railways","mode":"suburban_rail","source":"MobilityData Indian Railways GTFS (unofficial data)"},"geometry":{"type":"LineString","coordinates":[[79.8624,13.0997],[79.88451,13.106648],[79.9134,13.116],[79.93721,13.123032],[79.966478,13.124787],[79.998407,13.123617],[80.0269,13.1237],[80.044928,13.121193],[80.065184,13.11902],[80.074883,13.118518],[80.100288,13.118017],[80.127153,13.116428],[80.136681,13.115258],[80.1534,13.1141],[80.166206,13.114422],[80.183802,13.113085],[80.2095,13.1099],[80.225515,13.108236],[80.238819,13.1074],[80.244913,13.1074],[80.257273,13.108738],[80.2713,13.1025],[80.2737504,13.0833296]]}},{"type":"Feature","properties":{"route_id":"43503","route_short_name":"43503","route_long_name":"MASS-TRT EMU LOCAL","operator":"Indian Railways","mode":"suburban_rail","source":"MobilityData Indian Railways GTFS (unofficial data)"},"geometry":{"type":"LineString","coordinates":[[80.2737504,13.0833296],[80.2713,13.1025],[80.257273,13.108738],[80.244913,13.1074],[80.238819,13.1074],[80.225515,13.108236],[80.2095,13.1099],[80.183802,13.113085],[80.166206,13.114422],[80.1534,13.1141],[80.136681,13.115258],[80.127153,13.116428],[80.100288,13.118017],[80.074883,13.118518],[80.065184,13.11902],[80.044928,13.121193],[80.0269,13.1237],[79.998407,13.123617],[79.966478,13.124787],[79.93721,13.123032],[79.9134,13.116],[79.88451,13.106648],[79.8624,13.0997]]}},{"type":"Feature","properties":{"route_id":"43504","route_short_name":"43504","route_long_name":"TRT-MASS EMU LOCAL","operator":"Indian Railways","mode":"suburban_rail","source":"MobilityData Indian Railways GTFS (unofficial data)"},"geometry":{"type":"LineString","coordinates":[[79.8624,13.0997],[79.88451,13.106648],[79.9134,13.116],[79.93721,13.123032],[79.966478,13.124787],[79.998407,13.123617],[80.0269,13.1237],[80.044928,13.121193],[80.065184,13.11902],[80.074883,13.118518],[80.100288,13.118017],[80.127153,13.116428],[80.136681,13.115258],[80.1534,13.1141],[80.166206,13.114422],[80.183802,13.113085],[80.2095,13.1099],[80.225515,13.108236],[80.238819,13.1074],[80.244913,13.1074],[80.257273,13.108738],[80.2713,13.1025],[80.2737504,13.0833296]]}},{"type":"Feature","properties":{"route_id":"43505","route_short_name":"43505","route_long_name":"MASS-TRT EMU LOCAL","operator":"Indian Railways","mode":"suburban_rail","source":"MobilityData Indian Railways GTFS (unofficial data)"},"geometry":{"type":"LineString","coordinates":[[80.2737504,13.0833296],[80.2713,13.1025],[80.257273,13.108738],[80.244913,13.1074],[80.238819,13.1074],[80.225515,13.108236],[80.2095,13.1099],[80.183802,13.113085],[80.166206,13.114422],[80.1534,13.1141],[80.136681,13.115258],[80.127153,13.116428],[80.100288,13.118017],[80.074883,13.118518],[80.065184,13.11902],[80.044928,13.121193],[80.0269,13.1237],[79.998407,13.123617],[79.966478,13.124787],[79.93721,13.123032],[79.9134,13.116],[79.88451,13.106648],[79.8624,13.0997]]}},{"type":"Feature","properties":{"route_id":"43506","route_short_name":"43506","route_long_name":"TRT-MASS EMU LOCAL","operator":"Indian Railways","mode":"suburban_rail","source":"MobilityData Indian Railways GTFS (unofficial data)"},"geometry":{"type":"LineString","coordinates":[[79.8624,13.0997],[79.88451,13.106648],[79.9134,13.116],[79.93721,13.123032],[79.966478,13.124787],[79.998407,13.123617],[80.0269,13.1237],[80.044928,13.121193],[80.065184,13.11902],[80.074883,13.118518],[80.100288,13.118017],[80.127153,13.116428],[80.136681,13.115258],[80.1534,13.1141],[80.166206,13.114422],[80.183802,13.113085],[80.2095,13.1099],[80.225515,13.108236],[80.238819,13.1074],[80.244913,13.1074],[80.257273,13.108738],[80.2713,13.1025],[80.2737504,13.0833296]]}},{"type":"Feature","properties":{"route_id":"43507","route_short_name":"43507","route_long_name":"MASS-TRT EMU LOCAL","operator":"Indian Railways","mode":"suburban_rail","source":"MobilityData Indian Railways GTFS (unofficial data)"},"geometry":{"type":"LineString","coordinates":[[80.2737504,13.0833296],[80.2713,13.1025],[80.257273,13.108738],[80.244913,13.1074],[80.238819,13.1074],[80.225515,13.108236],[80.2095,13.1099],[80.183802,13.113085],[80.166206,13.114422],[80.1534,13.1141],[80.136681,13.115258],[80.127153,13.116428],[80.100288,13.118017],[80.074883,13.118518],[80.065184,13.11902],[80.044928,13.121193],[80.0269,13.1237],[79.998407,13.123617],[79.966478,13.124787],[79.93721,13.123032],[79.9134,13.116],[79.88451,13.106648],[79.8624,13.0997]]}},{"type":"Feature","properties":{"route_id":"43509","route_short_name":"43509","route_long_name":"MASS-TRT EMU LOCAL","operator":"Indian Railways","mode":"suburban_rail","source":"MobilityData Indian Railways GTFS (unofficial data)"},"geometry":{"type":"LineString","coordinates":[[80.2737504,13.0833296],[80.2713,13.1025],[80.257273,13.108738],[80.244913,13.1074],[80.238819,13.1074],[80.225515,13.108236],[80.2095,13.1099],[80.183802,13.113085],[80.166206,13.114422],[80.1534,13.1141],[80.136681,13.115258],[80.127153,13.116428],[80.100288,13.118017],[80.074883,13.118518],[80.065184,13.11902],[80.044928,13.121193],[80.0269,13.1237],[79.998407,13.123617],[79.966478,13.124787],[79.93721,13.123032],[79.9134,13.116],[79.88451,13.106648],[79.8624,13.0997]]}},{"type":"Feature","properties":{"route_id":"43510","route_short_name":"43510","route_long_name":"TRT-MASS EMU LOCAL","operator":"Indian Railways","mode":"suburban_rail","source":"MobilityData Indian Railways GTFS (unofficial data)"},"geometry":{"type":"LineString","coordinates":[[79.8624,13.0997],[79.88451,13.106648],[79.9134,13.116],[79.93721,13.123032],[79.966478,13.124787],[79.998407,13.123617],[80.0269,13.1237],[80.044928,13.121193],[80.065184,13.11902],[80.074883,13.118518],[80.100288,13.118017],[80.127153,13.116428],[80.136681,13.115258],[80.1534,13.1141],[80.166206,13.114422],[80.183802,13.113085],[80.2095,13.1099],[80.225515,13.108236],[80.238819,13.1074],[80.244913,13.1074],[80.257273,13.108738],[80.2713,13.1025],[80.2737504,13.0833296]]}},{"type":"Feature","properties":{"route_id":"43511","route_short_name":"43511","route_long_name":"MASS-TRT EMU LOCAL","operator":"Indian Railways","mode":"suburban_rail","source":"MobilityData Indian Railways GTFS (unofficial data)"},"geometry":{"type":"LineString","coordinates":[[80.2737504,13.0833296],[80.2713,13.1025],[80.257273,13.108738],[80.244913,13.1074],[80.238819,13.1074],[80.225515,13.108236],[80.2095,13.1099],[80.183802,13.113085],[80.166206,13.114422],[80.1534,13.1141],[80.136681,13.115258],[80.127153,13.116428],[80.100288,13.118017],[80.074883,13.118518],[80.065184,13.11902],[80.044928,13.121193],[80.0269,13.1237],[79.998407,13.123617],[79.966478,13.124787],[79.93721,13.123032],[79.9134,13.116],[79.88451,13.106648],[79.8624,13.0997]]}},{"type":"Feature","properties":{"route_id":"43512","route_short_name":"43512","route_long_name":"TRT-MASS EMU LOCAL","operator":"Indian Railways","mode":"suburban_rail","source":"MobilityData Indian Railways GTFS (unofficial data)"},"geometry":{"type":"LineString","coordinates":[[79.8624,13.0997],[79.88451,13.106648],[79.9134,13.116],[79.93721,13.123032],[79.966478,13.124787],[79.998407,13.123617],[80.0269,13.1237],[80.044928,13.121193],[80.065184,13.11902],[80.074883,13.118518],[80.100288,13.118017],[80.127153,13.116428],[80.136681,13.115258],[80.1534,13.1141],[80.166206,13.114422],[80.183802,13.113085],[80.2095,13.1099],[80.225515,13.108236],[80.238819,13.1074],[80.244913,13.1074],[80.257273,13.108738],[80.2713,13.1025],[80.2737504,13.0833296]]}},{"type":"Feature","properties":{"route_id":"43513","route_short_name":"43513","route_long_name":"MASS-TRT EMU LOCAL","operator":"Indian Railways","mode":"suburban_rail","source":"MobilityData Indian Railways GTFS (unofficial data)"},"geometry":{"type":"LineString","coordinates":[[80.2737504,13.0833296],[80.2713,13.1025],[80.257273,13.108738],[80.244913,13.1074],[80.238819,13.1074],[80.225515,13.108236],[80.2095,13.1099],[80.183802,13.113085],[80.166206,13.114422],[80.1534,13.1141],[80.136681,13.115258],[80.127153,13.116428],[80.100288,13.118017],[80.074883,13.118518],[80.065184,13.11902],[80.044928,13.121193],[80.0269,13.1237],[79.998407,13.123617],[79.966478,13.124787],[79.93721,13.123032],[79.9134,13.116],[79.88451,13.106648],[79.8624,13.0997]]}},{"type":"Feature","properties":{"route_id":"43514","route_short_name":"43514","route_long_name":"TRT-MASS EMU LOCAL","operator":"Indian Railways","mode":"suburban_rail","source":"MobilityData Indian Railways GTFS (unofficial data)"},"geometry":{"type":"LineString","coordinates":[[79.8624,13.0997],[79.88451,13.106648],[79.9134,13.116],[79.93721,13.123032],[79.966478,13.124787],[79.998407,13.123617],[80.0269,13.1237],[80.044928,13.121193],[80.065184,13.11902],[80.074883,13.118518],[80.100288,13.118017],[80.127153,13.116428],[80.136681,13.115258],[80.1534,13.1141],[80.166206,13.114422],[80.183802,13.113085],[80.2095,13.1099],[80.225515,13.108236],[80.238819,13.1074],[80.244913,13.1074],[80.257273,13.108738],[80.2713,13.1025],[80.2737504,13.0833296]]}},{"type":"Feature","properties":{"route_id":"43515","route_short_name":"43515","route_long_name":"MASS-TRT EMU LOCAL","operator":"Indian Railways","mode":"suburban_rail","source":"MobilityData Indian Railways GTFS (unofficial data)"},"geometry":{"type":"LineString","coordinates":[[80.2737504,13.0833296],[80.2713,13.1025],[80.257273,13.108738],[80.244913,13.1074],[80.238819,13.1074],[80.225515,13.108236],[80.2095,13.1099],[80.183802,13.113085],[80.166206,13.114422],[80.1534,13.1141],[80.136681,13.115258],[80.127153,13.116428],[80.100288,13.118017],[80.074883,13.118518],[80.065184,13.11902],[80.044928,13.121193],[80.0269,13.1237],[79.998407,13.123617],[79.966478,13.124787],[79.93721,13.123032],[79.9134,13.116],[79.88451,13.106648],[79.8624,13.0997]]}},{"type":"Feature","properties":{"route_id":"43516","route_short_name":"43516","route_long_name":"TRT-MASS EMU LOCAL","operator":"Indian Railways","mode":"suburban_rail","source":"MobilityData Indian Railways GTFS (unofficial data)"},"geometry":{"type":"LineString","coordinates":[[79.8624,13.0997],[79.88451,13.106648],[79.9134,13.116],[79.93721,13.123032],[79.966478,13.124787],[79.998407,13.123617],[80.0269,13.1237],[80.044928,13.121193],[80.065184,13.11902],[80.074883,13.118518],[80.100288,13.118017],[80.127153,13.116428],[80.136681,13.115258],[80.1534,13.1141],[80.166206,13.114422],[80.183802,13.113085],[80.2095,13.1099],[80.225515,13.108236],[80.238819,13.1074],[80.244913,13.1074],[80.257273,13.108738],[80.2713,13.1025],[80.2737504,13.0833296]]}},{"type":"Feature","properties":{"route_id":"43517","route_short_name":"43517","route_long_name":"MASS-TRT EMU LOCAL","operator":"Indian Railways","mode":"suburban_rail","source":"MobilityData Indian Railways GTFS (unofficial data)"},"geometry":{"type":"LineString","coordinates":[[80.2737504,13.0833296],[80.2713,13.1025],[80.257273,13.108738],[80.244913,13.1074],[80.238819,13.1074],[80.225515,13.108236],[80.2095,13.1099],[80.183802,13.113085],[80.166206,13.114422],[80.1534,13.1141],[80.136681,13.115258],[80.127153,13.116428],[80.100288,13.118017],[80.074883,13.118518],[80.065184,13.11902],[80.044928,13.121193],[80.0269,13.1237],[79.998407,13.123617],[79.966478,13.124787],[79.93721,13.123032],[79.9134,13.116],[79.88451,13.106648],[79.8624,13.0997]]}},{"type":"Feature","properties":{"route_id":"43518","route_short_name":"43518","route_long_name":"TRT-MASS EMU LOCAL","operator":"Indian Railways","mode":"suburban_rail","source":"MobilityData Indian Railways GTFS (unofficial data)"},"geometry":{"type":"LineString","coordinates":[[79.8624,13.0997],[79.88451,13.106648],[79.9134,13.116],[79.93721,13.123032],[79.966478,13.124787],[79.998407,13.123617],[80.0269,13.1237],[80.044928,13.121193],[80.065184,13.11902],[80.074883,13.118518],[80.100288,13.118017],[80.127153,13.116428],[80.136681,13.115258],[80.1534,13.1141],[80.166206,13.114422],[80.183802,13.113085],[80.2095,13.1099],[80.225515,13.108236],[80.238819,13.1074],[80.244913,13.1074],[80.257273,13.108738],[80.2713,13.1025],[80.2737504,13.0833296]]}},{"type":"Feature","properties":{"route_id":"43519","route_short_name":"43519","route_long_name":"MASS-TRT EMU LOCAL","operator":"Indian Railways","mode":"suburban_rail","source":"MobilityData Indian Railways GTFS (unofficial data)"},"geometry":{"type":"LineString","coordinates":[[80.2737504,13.0833296],[80.2713,13.1025],[80.257273,13.108738],[80.244913,13.1074],[80.238819,13.1074],[80.225515,13.108236],[80.2095,13.1099],[80.183802,13.113085],[80.166206,13.114422],[80.1534,13.1141],[80.136681,13.115258],[80.127153,13.116428],[80.100288,13.118017],[80.074883,13.118518],[80.065184,13.11902],[80.044928,13.121193],[80.0269,13.1237],[79.998407,13.123617],[79.966478,13.124787],[79.93721,13.123032],[79.9134,13.116],[79.88451,13.106648],[79.8624,13.0997]]}},{"type":"Feature","properties":{"route_id":"43520","route_short_name":"43520","route_long_name":"TRT-MASS EMU LOCAL","operator":"Indian Railways","mode":"suburban_rail","source":"MobilityData Indian Railways GTFS (unofficial data)"},"geometry":{"type":"LineString","coordinates":[[79.8624,13.0997],[79.88451,13.106648],[79.9134,13.116],[79.93721,13.123032],[79.966478,13.124787],[79.998407,13.123617],[80.0269,13.1237],[80.044928,13.121193],[80.065184,13.11902],[80.074883,13.118518],[80.100288,13.118017],[80.127153,13.116428],[80.136681,13.115258],[80.1534,13.1141],[80.166206,13.114422],[80.183802,13.113085],[80.2095,13.1099],[80.225515,13.108236],[80.238819,13.1074],[80.244913,13.1074],[80.257273,13.108738],[80.2713,13.1025],[80.2737504,13.0833296]]}},{"type":"Feature","properties":{"route_id":"43522","route_short_name":"43522","route_long_name":"TRT-MASS EMU LOCAL","operator":"Indian Railways","mode":"suburban_rail","source":"MobilityData Indian Railways GTFS (unofficial data)"},"geometry":{"type":"LineString","coordinates":[[79.8624,13.0997],[79.88451,13.106648],[79.9134,13.116],[79.93721,13.123032],[79.966478,13.124787],[79.998407,13.123617],[80.0269,13.1237],[80.044928,13.121193],[80.065184,13.11902],[80.074883,13.118518],[80.100288,13.118017],[80.127153,13.116428],[80.136681,13.115258],[80.1534,13.1141],[80.166206,13.114422],[80.183802,13.113085],[80.2095,13.1099],[80.225515,13.108236],[80.238819,13.1074],[80.244913,13.1074],[80.257273,13.108738],[80.2713,13.1025],[80.2737504,13.0833296]]}},{"type":"Feature","properties":{"route_id":"43524","route_short_name":"43524","route_long_name":"TRT-MASS EMU LOCAL","operator":"Indian Railways","mode":"suburban_rail","source":"MobilityData Indian Railways GTFS (unofficial data)"},"geometry":{"type":"LineString","coordinates":[[79.8624,13.0997],[79.88451,13.106648],[79.9134,13.116],[79.93721,13.123032],[79.966478,13.124787],[79.998407,13.123617],[80.0269,13.1237],[80.044928,13.121193],[80.065184,13.11902],[80.074883,13.118518],[80.100288,13.118017],[80.127153,13.116428],[80.136681,13.115258],[80.1534,13.1141],[80.166206,13.114422],[80.183802,13.113085],[80.2095,13.1099],[80.225515,13.108236],[80.238819,13.1074],[80.244913,13.1074],[80.257273,13.108738],[80.2713,13.1025],[80.2737504,13.0833296]]}},{"type":"Feature","properties":{"route_id":"43601","route_short_name":"43601","route_long_name":"MSB-AVD EMU LOCAL","operator":"Indian Railways","mode":"suburban_rail","source":"MobilityData Indian Railways GTFS (unofficial data)"},"geometry":{"type":"LineString","coordinates":[[80.291691,13.09043],[80.2936,13.1039],[80.2825,13.1087],[80.257273,13.108738],[80.244913,13.1074],[80.238819,13.1074],[80.225515,13.108236],[80.2095,13.1099],[80.183802,13.113085],[80.166206,13.114422],[80.1534,13.1141],[80.136681,13.115258],[80.127153,13.116428],[80.100288,13.118017]]}},{"type":"Feature","properties":{"route_id":"43602","route_short_name":"43602","route_long_name":"AVD-MSB LOCAL","operator":"Indian Railways","mode":"suburban_rail","source":"MobilityData Indian Railways GTFS (unofficial data)"},"geometry":{"type":"LineString","coordinates":[[80.100288,13.118017],[80.127153,13.116428],[80.136681,13.115258],[80.1534,13.1141],[80.166206,13.114422],[80.183802,13.113085],[80.2095,13.1099],[80.225515,13.108236],[80.238819,13.1074],[80.244913,13.1074],[80.257273,13.108738],[80.2825,13.1087],[80.2936,13.1039],[80.291691,13.09043]]}},{"type":"Feature","properties":{"route_id":"43603","route_short_name":"43603","route_long_name":"MSB-AVD EMU LOCAL","operator":"Indian Railways","mode":"suburban_rail","source":"MobilityData Indian Railways GTFS (unofficial data)"},"geometry":{"type":"LineString","coordinates":[[80.291691,13.09043],[80.2936,13.1039],[80.2825,13.1087],[80.257273,13.108738],[80.244913,13.1074],[80.238819,13.1074],[80.225515,13.108236],[80.2095,13.1099],[80.183802,13.113085],[80.166206,13.114422],[80.1534,13.1141],[80.136681,13.115258],[80.127153,13.116428],[80.100288,13.118017]]}},{"type":"Feature","properties":{"route_id":"43604","route_short_name":"43604","route_long_name":"AVD-MSB EMU LOCAL","operator":"Indian Railways","mode":"suburban_rail","source":"MobilityData Indian Railways GTFS (unofficial data)"},"geometry":{"type":"LineString","coordinates":[[80.100288,13.118017],[80.127153,13.116428],[80.136681,13.115258],[80.1534,13.1141],[80.166206,13.114422],[80.183802,13.113085],[80.2095,13.1099],[80.225515,13.108236],[80.238819,13.1074],[80.244913,13.1074],[80.257273,13.108738],[80.2825,13.1087],[80.2936,13.1039],[80.291691,13.09043]]}},{"type":"Feature","properties":{"route_id":"43605","route_short_name":"43605","route_long_name":"MSB-AVD EMU LOCAL","operator":"Indian Railways","mode":"suburban_rail","source":"MobilityData Indian Railways GTFS (unofficial data)"},"geometry":{"type":"LineString","coordinates":[[80.291691,13.09043],[80.2936,13.1039],[80.2825,13.1087],[80.257273,13.108738],[80.244913,13.1074],[80.238819,13.1074],[80.225515,13.108236],[80.2095,13.1099],[80.183802,13.113085],[80.166206,13.114422],[80.1534,13.1141],[80.136681,13.115258],[80.127153,13.116428],[80.100288,13.118017]]}},{"type":"Feature","properties":{"route_id":"43606","route_short_name":"43606","route_long_name":"AVD-MSB LOCAL","operator":"Indian Railways","mode":"suburban_rail","source":"MobilityData Indian Railways GTFS (unofficial data)"},"geometry":{"type":"LineString","coordinates":[[80.100288,13.118017],[80.127153,13.116428],[80.136681,13.115258],[80.1534,13.1141],[80.166206,13.114422],[80.183802,13.113085],[80.2095,13.1099],[80.225515,13.108236],[80.238819,13.1074],[80.244913,13.1074],[80.257273,13.108738],[80.2825,13.1087],[80.2936,13.1039],[80.291691,13.09043]]}},{"type":"Feature","properties":{"route_id":"43607","route_short_name":"43607","route_long_name":"MSB-AVD LOCAL","operator":"Indian Railways","mode":"suburban_rail","source":"MobilityData Indian Railways GTFS (unofficial data)"},"geometry":{"type":"LineString","coordinates":[[80.291691,13.09043],[80.2936,13.1039],[80.2825,13.1087],[80.257273,13.108738],[80.244913,13.1074],[80.238819,13.1074],[80.225515,13.108236],[80.2095,13.1099],[80.183802,13.113085],[80.166206,13.114422],[80.1534,13.1141],[80.136681,13.115258],[80.127153,13.116428],[80.100288,13.118017]]}},{"type":"Feature","properties":{"route_id":"43608","route_short_name":"43608","route_long_name":"AVD-MSB LOCAL","operator":"Indian Railways","mode":"suburban_rail","source":"MobilityData Indian Railways GTFS (unofficial data)"},"geometry":{"type":"LineString","coordinates":[[80.100288,13.118017],[80.127153,13.116428],[80.136681,13.115258],[80.1534,13.1141],[80.166206,13.114422],[80.183802,13.113085],[80.2095,13.1099],[80.225515,13.108236],[80.238819,13.1074],[80.244913,13.1074],[80.257273,13.108738],[80.2825,13.1087],[80.2936,13.1039],[80.291691,13.09043]]}},{"type":"Feature","properties":{"route_id":"43609","route_short_name":"43609","route_long_name":"MSB-AVD LOCAL","operator":"Indian Railways","mode":"suburban_rail","source":"MobilityData Indian Railways GTFS (unofficial data)"},"geometry":{"type":"LineString","coordinates":[[80.291691,13.09043],[80.2936,13.1039],[80.2825,13.1087],[80.257273,13.108738],[80.244913,13.1074],[80.238819,13.1074],[80.225515,13.108236],[80.2095,13.1099],[80.183802,13.113085],[80.166206,13.114422],[80.1534,13.1141],[80.136681,13.115258],[80.127153,13.116428],[80.100288,13.118017]]}},{"type":"Feature","properties":{"route_id":"43610","route_short_name":"43610","route_long_name":"AVD-MSB LOCAL","operator":"Indian Railways","mode":"suburban_rail","source":"MobilityData Indian Railways GTFS (unofficial data)"},"geometry":{"type":"LineString","coordinates":[[80.100288,13.118017],[80.127153,13.116428],[80.136681,13.115258],[80.1534,13.1141],[80.166206,13.114422],[80.183802,13.113085],[80.2095,13.1099],[80.225515,13.108236],[80.238819,13.1074],[80.244913,13.1074],[80.257273,13.108738],[80.2825,13.1087],[80.2936,13.1039],[80.291691,13.09043]]}},{"type":"Feature","properties":{"route_id":"43611","route_short_name":"43611","route_long_name":"MSB-AVD LOCAL","operator":"Indian Railways","mode":"suburban_rail","source":"MobilityData Indian Railways GTFS (unofficial data)"},"geometry":{"type":"LineString","coordinates":[[80.291691,13.09043],[80.2936,13.1039],[80.2825,13.1087],[80.257273,13.108738],[80.244913,13.1074],[80.238819,13.1074],[80.225515,13.108236],[80.2095,13.1099],[80.183802,13.113085],[80.166206,13.114422],[80.1534,13.1141],[80.136681,13.115258],[80.127153,13.116428],[80.100288,13.118017]]}},{"type":"Feature","properties":{"route_id":"43612","route_short_name":"43612","route_long_name":"AVD-MSB LOCAL","operator":"Indian Railways","mode":"suburban_rail","source":"MobilityData Indian Railways GTFS (unofficial data)"},"geometry":{"type":"LineString","coordinates":[[80.100288,13.118017],[80.127153,13.116428],[80.136681,13.115258],[80.1534,13.1141],[80.166206,13.114422],[80.183802,13.113085],[80.2095,13.1099],[80.225515,13.108236],[80.238819,13.1074],[80.244913,13.1074],[80.257273,13.108738],[80.2825,13.1087],[80.2936,13.1039],[80.291691,13.09043]]}},{"type":"Feature","properties":{"route_id":"43613","route_short_name":"43613","route_long_name":"MSB-AVD EMU LOCAL","operator":"Indian Railways","mode":"suburban_rail","source":"MobilityData Indian Railways GTFS (unofficial data)"},"geometry":{"type":"LineString","coordinates":[[80.291691,13.09043],[80.2936,13.1039],[80.2825,13.1087],[80.257273,13.108738],[80.244913,13.1074],[80.238819,13.1074],[80.225515,13.108236],[80.2095,13.1099],[80.183802,13.113085],[80.166206,13.114422],[80.1534,13.1141],[80.136681,13.115258],[80.127153,13.116428],[80.100288,13.118017]]}},{"type":"Feature","properties":{"route_id":"43614","route_short_name":"43614","route_long_name":"AVD-MSB LOCAL","operator":"Indian Railways","mode":"suburban_rail","source":"MobilityData Indian Railways GTFS (unofficial data)"},"geometry":{"type":"LineString","coordinates":[[80.100288,13.118017],[80.127153,13.116428],[80.136681,13.115258],[80.1534,13.1141],[80.166206,13.114422],[80.183802,13.113085],[80.2095,13.1099],[80.225515,13.108236],[80.238819,13.1074],[80.244913,13.1074],[80.257273,13.108738],[80.2825,13.1087],[80.2936,13.1039],[80.291691,13.09043]]}},{"type":"Feature","properties":{"route_id":"43616","route_short_name":"43616","route_long_name":"AVD-MSB EMU LOCAL","operator":"Indian Railways","mode":"suburban_rail","source":"MobilityData Indian Railways GTFS (unofficial data)"},"geometry":{"type":"LineString","coordinates":[[80.100288,13.118017],[80.127153,13.116428],[80.136681,13.115258],[80.1534,13.1141],[80.166206,13.114422],[80.183802,13.113085],[80.2095,13.1099],[80.225515,13.108236],[80.238819,13.1074],[80.244913,13.1074],[80.257273,13.108738],[80.2825,13.1087],[80.2936,13.1039],[80.291691,13.09043]]}},{"type":"Feature","properties":{"route_id":"43618","route_short_name":"43618","route_long_name":"AVD-MSB EMU LOCAL","operator":"Indian Railways","mode":"suburban_rail","source":"MobilityData Indian Railways GTFS (unofficial data)"},"geometry":{"type":"LineString","coordinates":[[80.100288,13.118017],[80.127153,13.116428],[80.136681,13.115258],[80.1534,13.1141],[80.166206,13.114422],[80.183802,13.113085],[80.2095,13.1099],[80.225515,13.108236],[80.238819,13.1074],[80.244913,13.1074],[80.257273,13.108738],[80.2825,13.1087],[80.2936,13.1039],[80.291691,13.09043]]}},{"type":"Feature","properties":{"route_id":"43620","route_short_name":"43620","route_long_name":"AVD-MSB LOCAL","operator":"Indian Railways","mode":"suburban_rail","source":"MobilityData Indian Railways GTFS (unofficial data)"},"geometry":{"type":"LineString","coordinates":[[80.100288,13.118017],[80.127153,13.116428],[80.136681,13.115258],[80.1534,13.1141],[80.166206,13.114422],[80.183802,13.113085],[80.2095,13.1099],[80.225515,13.108236],[80.238819,13.1074],[80.244913,13.1074],[80.257273,13.108738],[80.2825,13.1087],[80.2936,13.1039],[80.291691,13.09043]]}},{"type":"Feature","properties":{"route_id":"43622","route_short_name":"43622","route_long_name":"AVD-MSB LOCAL","operator":"Indian Railways","mode":"suburban_rail","source":"MobilityData Indian Railways GTFS (unofficial data)"},"geometry":{"type":"LineString","coordinates":[[80.100288,13.118017],[80.127153,13.116428],[80.136681,13.115258],[80.1534,13.1141],[80.166206,13.114422],[80.183802,13.113085],[80.2095,13.1099],[80.225515,13.108236],[80.238819,13.1074],[80.244913,13.1074],[80.257273,13.108738],[80.2825,13.1087],[80.2936,13.1039],[80.291691,13.09043]]}},{"type":"Feature","properties":{"route_id":"43624","route_short_name":"43624","route_long_name":"AVD-MSB EMU","operator":"Indian Railways","mode":"suburban_rail","source":"MobilityData Indian Railways GTFS (unofficial data)"},"geometry":{"type":"LineString","coordinates":[[80.100288,13.118017],[80.127153,13.116428],[80.136681,13.115258],[80.1534,13.1141],[80.166206,13.114422],[80.183802,13.113085],[80.2095,13.1099],[80.225515,13.108236],[80.238819,13.1074],[80.244913,13.1074],[80.257273,13.108738],[80.2825,13.1087],[80.2936,13.1039],[80.291691,13.09043]]}},{"type":"Feature","properties":{"route_id":"43701","route_short_name":"43701","route_long_name":"MSB-TRL EMU LOCAL","operator":"Indian Railways","mode":"suburban_rail","source":"MobilityData Indian Railways GTFS (unofficial data)"},"geometry":{"type":"LineString","coordinates":[[80.291691,13.09043],[80.2936,13.1039],[80.2825,13.1087],[80.257273,13.108738],[80.244913,13.1074],[80.238819,13.1074],[80.225515,13.108236],[80.2095,13.1099],[80.183802,13.113085],[80.166206,13.114422],[80.1534,13.1141],[80.136681,13.115258],[80.127153,13.116428],[80.100288,13.118017],[80.074883,13.118518],[80.065184,13.11902],[80.044928,13.121193],[80.0269,13.1237],[79.998407,13.123617],[79.966478,13.124787],[79.93721,13.123032],[79.9134,13.116]]}},{"type":"Feature","properties":{"route_id":"43702","route_short_name":"43702","route_long_name":"TRL-MSB LOCAL","operator":"Indian Railways","mode":"suburban_rail","source":"MobilityData Indian Railways GTFS (unofficial data)"},"geometry":{"type":"LineString","coordinates":[[79.9134,13.116],[79.93721,13.123032],[79.966478,13.124787],[79.998407,13.123617],[80.0269,13.1237],[80.044928,13.121193],[80.065184,13.11902],[80.074883,13.118518],[80.100288,13.118017],[80.127153,13.116428],[80.136681,13.115258],[80.1534,13.1141],[80.166206,13.114422],[80.183802,13.113085],[80.2095,13.1099],[80.225515,13.108236],[80.238819,13.1074],[80.244913,13.1074],[80.257273,13.108738],[80.2825,13.1087],[80.2936,13.1039],[80.291691,13.09043]]}},{"type":"Feature","properties":{"route_id":"43703","route_short_name":"43703","route_long_name":"MSB-TRL LOCAL","operator":"Indian Railways","mode":"suburban_rail","source":"MobilityData Indian Railways GTFS (unofficial data)"},"geometry":{"type":"LineString","coordinates":[[80.291691,13.09043],[80.2936,13.1039],[80.2825,13.1087],[80.257273,13.108738],[80.244913,13.1074],[80.238819,13.1074],[80.225515,13.108236],[80.2095,13.1099],[80.183802,13.113085],[80.166206,13.114422],[80.1534,13.1141],[80.136681,13.115258],[80.127153,13.116428],[80.100288,13.118017],[80.074883,13.118518],[80.065184,13.11902],[80.044928,13.121193],[80.0269,13.1237],[79.998407,13.123617],[79.966478,13.124787],[79.93721,13.123032],[79.9134,13.116]]}},{"type":"Feature","properties":{"route_id":"43704","route_short_name":"43704","route_long_name":"TRL-MSB EMU LOCAL","operator":"Indian Railways","mode":"suburban_rail","source":"MobilityData Indian Railways GTFS (unofficial data)"},"geometry":{"type":"LineString","coordinates":[[79.9134,13.116],[79.93721,13.123032],[79.966478,13.124787],[79.998407,13.123617],[80.0269,13.1237],[80.044928,13.121193],[80.065184,13.11902],[80.074883,13.118518],[80.100288,13.118017],[80.127153,13.116428],[80.136681,13.115258],[80.1534,13.1141],[80.166206,13.114422],[80.183802,13.113085],[80.2095,13.1099],[80.225515,13.108236],[80.238819,13.1074],[80.244913,13.1074],[80.257273,13.108738],[80.2825,13.1087],[80.2936,13.1039],[80.291691,13.09043]]}},{"type":"Feature","properties":{"route_id":"43705","route_short_name":"43705","route_long_name":"MSB -TRL EMU LOCAL","operator":"Indian Railways","mode":"suburban_rail","source":"MobilityData Indian Railways GTFS (unofficial data)"},"geometry":{"type":"LineString","coordinates":[[80.291691,13.09043],[80.2936,13.1039],[80.2825,13.1087],[80.257273,13.108738],[80.244913,13.1074],[80.238819,13.1074],[80.225515,13.108236],[80.2095,13.1099],[80.183802,13.113085],[80.166206,13.114422],[80.1534,13.1141],[80.136681,13.115258],[80.127153,13.116428],[80.100288,13.118017],[80.074883,13.118518],[80.065184,13.11902],[80.044928,13.121193],[80.0269,13.1237],[79.998407,13.123617],[79.966478,13.124787],[79.93721,13.123032],[79.9134,13.116]]}},{"type":"Feature","properties":{"route_id":"43706","route_short_name":"43706","route_long_name":"TRL-MSB LOCAL","operator":"Indian Railways","mode":"suburban_rail","source":"MobilityData Indian Railways GTFS (unofficial data)"},"geometry":{"type":"LineString","coordinates":[[79.9134,13.116],[79.93721,13.123032],[79.966478,13.124787],[79.998407,13.123617],[80.0269,13.1237],[80.044928,13.121193],[80.065184,13.11902],[80.074883,13.118518],[80.100288,13.118017],[80.127153,13.116428],[80.136681,13.115258],[80.1534,13.1141],[80.166206,13.114422],[80.183802,13.113085],[80.2095,13.1099],[80.225515,13.108236],[80.238819,13.1074],[80.244913,13.1074],[80.257273,13.108738],[80.2825,13.1087],[80.2936,13.1039],[80.291691,13.09043]]}},{"type":"Feature","properties":{"route_id":"43707","route_short_name":"43707","route_long_name":"MSB-TRL LOCAL","operator":"Indian Railways","mode":"suburban_rail","source":"MobilityData Indian Railways GTFS (unofficial data)"},"geometry":{"type":"LineString","coordinates":[[80.291691,13.09043],[80.2936,13.1039],[80.2825,13.1087],[80.257273,13.108738],[80.244913,13.1074],[80.238819,13.1074],[80.225515,13.108236],[80.2095,13.1099],[80.183802,13.113085],[80.166206,13.114422],[80.1534,13.1141],[80.136681,13.115258],[80.127153,13.116428],[80.100288,13.118017],[80.074883,13.118518],[80.065184,13.11902],[80.044928,13.121193],[80.0269,13.1237],[79.998407,13.123617],[79.966478,13.124787],[79.93721,13.123032],[79.9134,13.116]]}},{"type":"Feature","properties":{"route_id":"43708","route_short_name":"43708","route_long_name":"TRL-MSB EMU LOCAL","operator":"Indian Railways","mode":"suburban_rail","source":"MobilityData Indian Railways GTFS (unofficial data)"},"geometry":{"type":"LineString","coordinates":[[79.9134,13.116],[79.93721,13.123032],[79.966478,13.124787],[79.998407,13.123617],[80.0269,13.1237],[80.044928,13.121193],[80.065184,13.11902],[80.074883,13.118518],[80.100288,13.118017],[80.127153,13.116428],[80.136681,13.115258],[80.1534,13.1141],[80.166206,13.114422],[80.183802,13.113085],[80.2095,13.1099],[80.225515,13.108236],[80.238819,13.1074],[80.244913,13.1074],[80.257273,13.108738],[80.2825,13.1087],[80.2936,13.1039],[80.291691,13.09043]]}},{"type":"Feature","properties":{"route_id":"43709","route_short_name":"43709","route_long_name":"MSB-TRL LOCAL","operator":"Indian Railways","mode":"suburban_rail","source":"MobilityData Indian Railways GTFS (unofficial data)"},"geometry":{"type":"LineString","coordinates":[[80.291691,13.09043],[80.2936,13.1039],[80.2825,13.1087],[80.257273,13.108738],[80.244913,13.1074],[80.238819,13.1074],[80.225515,13.108236],[80.2095,13.1099],[80.183802,13.113085],[80.166206,13.114422],[80.1534,13.1141],[80.136681,13.115258],[80.127153,13.116428],[80.100288,13.118017],[80.074883,13.118518],[80.065184,13.11902],[80.044928,13.121193],[80.0269,13.1237],[79.998407,13.123617],[79.966478,13.124787],[79.93721,13.123032],[79.9134,13.116]]}},{"type":"Feature","properties":{"route_id":"43710","route_short_name":"43710","route_long_name":"TRL-MSB EMU LOCAL","operator":"Indian Railways","mode":"suburban_rail","source":"MobilityData Indian Railways GTFS (unofficial data)"},"geometry":{"type":"LineString","coordinates":[[79.9134,13.116],[79.93721,13.123032],[79.966478,13.124787],[79.998407,13.123617],[80.0269,13.1237],[80.044928,13.121193],[80.065184,13.11902],[80.074883,13.118518],[80.100288,13.118017],[80.127153,13.116428],[80.136681,13.115258],[80.1534,13.1141],[80.166206,13.114422],[80.183802,13.113085],[80.2095,13.1099],[80.225515,13.108236],[80.238819,13.1074],[80.244913,13.1074],[80.257273,13.108738],[80.2825,13.1087],[80.2936,13.1039],[80.291691,13.09043]]}},{"type":"Feature","properties":{"route_id":"43711","route_short_name":"43711","route_long_name":"MSB-TRL LOCAL","operator":"Indian Railways","mode":"suburban_rail","source":"MobilityData Indian Railways GTFS (unofficial data)"},"geometry":{"type":"LineString","coordinates":[[80.291691,13.09043],[80.2936,13.1039],[80.2825,13.1087],[80.257273,13.108738],[80.244913,13.1074],[80.238819,13.1074],[80.225515,13.108236],[80.2095,13.1099],[80.183802,13.113085],[80.166206,13.114422],[80.1534,13.1141],[80.136681,13.115258],[80.127153,13.116428],[80.100288,13.118017],[80.074883,13.118518],[80.065184,13.11902],[80.044928,13.121193],[80.0269,13.1237],[79.998407,13.123617],[79.966478,13.124787],[79.93721,13.123032],[79.9134,13.116]]}},{"type":"Feature","properties":{"route_id":"43712","route_short_name":"43712","route_long_name":"TRL-MSB EMU LOCAL","operator":"Indian Railways","mode":"suburban_rail","source":"MobilityData Indian Railways GTFS (unofficial data)"},"geometry":{"type":"LineString","coordinates":[[79.9134,13.116],[79.93721,13.123032],[79.966478,13.124787],[79.998407,13.123617],[80.0269,13.1237],[80.044928,13.121193],[80.065184,13.11902],[80.074883,13.118518],[80.100288,13.118017],[80.127153,13.116428],[80.136681,13.115258],[80.1534,13.1141],[80.166206,13.114422],[80.183802,13.113085],[80.2095,13.1099],[80.225515,13.108236],[80.238819,13.1074],[80.244913,13.1074],[80.257273,13.108738],[80.2825,13.1087],[80.2936,13.1039],[80.291691,13.09043]]}},{"type":"Feature","properties":{"route_id":"43713","route_short_name":"43713","route_long_name":"MSB-TRL EMU LOCAL","operator":"Indian Railways","mode":"suburban_rail","source":"MobilityData Indian Railways GTFS (unofficial data)"},"geometry":{"type":"LineString","coordinates":[[80.291691,13.09043],[80.2936,13.1039],[80.2825,13.1087],[80.257273,13.108738],[80.244913,13.1074],[80.238819,13.1074],[80.225515,13.108236],[80.2095,13.1099],[80.183802,13.113085],[80.166206,13.114422],[80.1534,13.1141],[80.136681,13.115258],[80.100288,13.118017],[80.074883,13.118518],[80.065184,13.11902],[80.044928,13.121193],[80.0269,13.1237],[79.998407,13.123617],[79.966478,13.124787],[79.93721,13.123032],[79.9134,13.116]]}},{"type":"Feature","properties":{"route_id":"43715","route_short_name":"43715","route_long_name":"MSB-TRL EMU LOCAL","operator":"Indian Railways","mode":"suburban_rail","source":"MobilityData Indian Railways GTFS (unofficial data)"},"geometry":{"type":"LineString","coordinates":[[80.291691,13.09043],[80.2936,13.1039],[80.2825,13.1087],[80.257273,13.108738],[80.244913,13.1074],[80.238819,13.1074],[80.225515,13.108236],[80.2095,13.1099],[80.183802,13.113085],[80.166206,13.114422],[80.1534,13.1141],[80.136681,13.115258],[80.127153,13.116428],[80.100288,13.118017],[80.074883,13.118518],[80.065184,13.11902],[80.044928,13.121193],[80.0269,13.1237],[79.998407,13.123617],[79.966478,13.124787],[79.93721,13.123032],[79.9134,13.116]]}},{"type":"Feature","properties":{"route_id":"43717","route_short_name":"43717","route_long_name":"MSB-TRL LOCAL","operator":"Indian Railways","mode":"suburban_rail","source":"MobilityData Indian Railways GTFS (unofficial data)"},"geometry":{"type":"LineString","coordinates":[[80.291691,13.09043],[80.2936,13.1039],[80.2825,13.1087],[80.257273,13.108738],[80.244913,13.1074],[80.238819,13.1074],[80.225515,13.108236],[80.2095,13.1099],[80.183802,13.113085],[80.166206,13.114422],[80.1534,13.1141],[80.136681,13.115258],[80.127153,13.116428],[80.100288,13.118017],[80.074883,13.118518],[80.065184,13.11902],[80.044928,13.121193],[80.0269,13.1237],[79.998407,13.123617],[79.966478,13.124787],[79.93721,13.123032],[79.9134,13.116]]}},{"type":"Feature","properties":{"route_id":"43719","route_short_name":"43719","route_long_name":"MSB-TRL EMU LOCAL","operator":"Indian Railways","mode":"suburban_rail","source":"MobilityData Indian Railways GTFS (unofficial data)"},"geometry":{"type":"LineString","coordinates":[[80.291691,13.09043],[80.2936,13.1039],[80.2825,13.1087],[80.257273,13.108738],[80.244913,13.1074],[80.238819,13.1074],[80.225515,13.108236],[80.2095,13.1099],[80.183802,13.113085],[80.166206,13.114422],[80.1534,13.1141],[80.136681,13.115258],[80.127153,13.116428],[80.100288,13.118017],[80.074883,13.118518],[80.065184,13.11902],[80.044928,13.121193],[80.0269,13.1237],[79.998407,13.123617],[79.966478,13.124787],[79.93721,13.123032],[79.9134,13.116]]}},{"type":"Feature","properties":{"route_id":"43751","route_short_name":"43751","route_long_name":"MSB - E-DEPO EMU LOCAL","operator":"Indian Railways","mode":"suburban_rail","source":"MobilityData Indian Railways GTFS (unofficial data)"},"geometry":{"type":"LineString","coordinates":[[80.291691,13.09043],[80.2936,13.1039],[80.2825,13.1087],[80.257273,13.108738],[80.244913,13.1074],[80.238819,13.1074],[80.225515,13.108236],[80.2095,13.1099],[80.183802,13.113085],[80.166206,13.114422],[80.1534,13.1141],[80.136681,13.115258],[80.127153,13.116428],[80.100288,13.118017],[80.074883,13.118518],[80.065184,13.11902],[80.059862,13.136824],[80.068874,13.146018]]}},{"type":"Feature","properties":{"route_id":"43752","route_short_name":"43752","route_long_name":"E-DEPO - MSB EMU LOCAL","operator":"Indian Railways","mode":"suburban_rail","source":"MobilityData Indian Railways GTFS (unofficial data)"},"geometry":{"type":"LineString","coordinates":[[80.068874,13.146018],[80.059862,13.136824],[80.065184,13.11902],[80.074883,13.118518],[80.100288,13.118017],[80.127153,13.116428],[80.136681,13.115258],[80.1534,13.1141],[80.166206,13.114422],[80.183802,13.113085],[80.2095,13.1099],[80.225515,13.108236],[80.238819,13.1074],[80.244913,13.1074],[80.257273,13.108738],[80.2825,13.1087],[80.2936,13.1039],[80.291691,13.09043]]}},{"type":"Feature","properties":{"route_id":"43753","route_short_name":"43753","route_long_name":"MSB - E-DEPO EMU LOCAL","operator":"Indian Railways","mode":"suburban_rail","source":"MobilityData Indian Railways GTFS (unofficial data)"},"geometry":{"type":"LineString","coordinates":[[80.291691,13.09043],[80.2936,13.1039],[80.2825,13.1087],[80.257273,13.108738],[80.244913,13.1074],[80.238819,13.1074],[80.225515,13.108236],[80.2095,13.1099],[80.183802,13.113085],[80.166206,13.114422],[80.1534,13.1141],[80.136681,13.115258],[80.127153,13.116428],[80.100288,13.118017],[80.074883,13.118518],[80.065184,13.11902],[80.059862,13.136824],[80.068874,13.146018]]}},{"type":"Feature","properties":{"route_id":"43754","route_short_name":"43754","route_long_name":"E-DEPO - MSB EMU LOCAL","operator":"Indian Railways","mode":"suburban_rail","source":"MobilityData Indian Railways GTFS (unofficial data)"},"geometry":{"type":"LineString","coordinates":[[80.068874,13.146018],[80.059862,13.136824],[80.065184,13.11902],[80.074883,13.118518],[80.100288,13.118017],[80.127153,13.116428],[80.136681,13.115258],[80.1534,13.1141],[80.166206,13.114422],[80.183802,13.113085],[80.2095,13.1099],[80.225515,13.108236],[80.238819,13.1074],[80.244913,13.1074],[80.257273,13.108738],[80.2825,13.1087],[80.2936,13.1039],[80.291691,13.09043]]}},{"type":"Feature","properties":{"route_id":"43755","route_short_name":"43755","route_long_name":"MSB - E-DEPO EMU LOCAL","operator":"Indian Railways","mode":"suburban_rail","source":"MobilityData Indian Railways GTFS (unofficial data)"},"geometry":{"type":"LineString","coordinates":[[80.291691,13.09043],[80.2936,13.1039],[80.2825,13.1087],[80.257273,13.108738],[80.244913,13.1074],[80.238819,13.1074],[80.225515,13.108236],[80.2095,13.1099],[80.183802,13.113085],[80.166206,13.114422],[80.1534,13.1141],[80.136681,13.115258],[80.127153,13.116428],[80.100288,13.118017],[80.074883,13.118518],[80.065184,13.11902],[80.059862,13.136824],[80.068874,13.146018]]}},{"type":"Feature","properties":{"route_id":"43757","route_short_name":"43757","route_long_name":"MSB - E-DEPO EMU LOCAL","operator":"Indian Railways","mode":"suburban_rail","source":"MobilityData Indian Railways GTFS (unofficial data)"},"geometry":{"type":"LineString","coordinates":[[80.291691,13.09043],[80.2936,13.1039],[80.2825,13.1087],[80.257273,13.108738],[80.244913,13.1074],[80.238819,13.1074],[80.225515,13.108236],[80.2095,13.1099],[80.183802,13.113085],[80.166206,13.114422],[80.1534,13.1141],[80.136681,13.115258],[80.127153,13.116428],[80.100288,13.118017],[80.074883,13.118518],[80.065184,13.11902],[80.059862,13.136824],[80.068874,13.146018]]}},{"type":"Feature","properties":{"route_id":"43801","route_short_name":"43801","route_long_name":"MSB-AJJ EMU LOCAL","operator":"Indian Railways","mode":"suburban_rail","source":"MobilityData Indian Railways GTFS (unofficial data)"},"geometry":{"type":"LineString","coordinates":[[80.291691,13.09043],[80.2936,13.1039],[80.2825,13.1087],[80.257273,13.108738],[80.244913,13.1074],[80.238819,13.1074],[80.225515,13.108236],[80.2095,13.1099],[80.183802,13.113085],[80.166206,13.114422],[80.1534,13.1141],[80.136681,13.115258],[80.127153,13.116428],[80.100288,13.118017],[80.074883,13.118518],[80.065184,13.11902],[80.044928,13.121193],[80.0269,13.1237],[79.998407,13.123617],[79.966478,13.124787],[79.93721,13.123032],[79.9134,13.116],[79.88451,13.106648],[79.8624,13.0997]]}},{"type":"Feature","properties":{"route_id":"43802","route_short_name":"43802","route_long_name":"AJJ-MSB EMU LOCAL","operator":"Indian Railways","mode":"suburban_rail","source":"MobilityData Indian Railways GTFS (unofficial data)"},"geometry":{"type":"LineString","coordinates":[[79.8624,13.0997],[79.88451,13.106648],[79.9134,13.116],[79.93721,13.123032],[79.966478,13.124787],[79.998407,13.123617],[80.0269,13.1237],[80.044928,13.121193],[80.065184,13.11902],[80.074883,13.118518],[80.100288,13.118017],[80.127153,13.116428],[80.136681,13.115258],[80.1534,13.1141],[80.166206,13.114422],[80.183802,13.113085],[80.2095,13.1099],[80.225515,13.108236],[80.238819,13.1074],[80.244913,13.1074],[80.257273,13.108738],[80.2825,13.1087],[80.2936,13.1039],[80.291691,13.09043]]}},{"type":"Feature","properties":{"route_id":"43803","route_short_name":"43803","route_long_name":"MSB-AJJ EMU LOCAL","operator":"Indian Railways","mode":"suburban_rail","source":"MobilityData Indian Railways GTFS (unofficial data)"},"geometry":{"type":"LineString","coordinates":[[80.291691,13.09043],[80.2936,13.1039],[80.2825,13.1087],[80.257273,13.108738],[80.244913,13.1074],[80.238819,13.1074],[80.225515,13.108236],[80.2095,13.1099],[80.183802,13.113085],[80.166206,13.114422],[80.1534,13.1141],[80.136681,13.115258],[80.127153,13.116428],[80.100288,13.118017],[80.074883,13.118518],[80.065184,13.11902],[80.044928,13.121193],[80.0269,13.1237],[79.998407,13.123617],[79.966478,13.124787],[79.93721,13.123032],[79.9134,13.116],[79.88451,13.106648],[79.8624,13.0997]]}},{"type":"Feature","properties":{"route_id":"43804","route_short_name":"43804","route_long_name":"AJJ-MSB LS GL EMU","operator":"Indian Railways","mode":"suburban_rail","source":"MobilityData Indian Railways GTFS (unofficial data)"},"geometry":{"type":"LineString","coordinates":[[79.8624,13.0997],[79.88451,13.106648],[79.9134,13.116],[79.93721,13.123032],[79.966478,13.124787],[79.998407,13.123617],[80.0269,13.1237],[80.044928,13.121193],[80.065184,13.11902],[80.074883,13.118518],[80.100288,13.118017],[80.127153,13.116428],[80.136681,13.115258],[80.1534,13.1141],[80.166206,13.114422],[80.183802,13.113085],[80.2095,13.1099],[80.225515,13.108236],[80.238819,13.1074],[80.244913,13.1074],[80.257273,13.108738],[80.2825,13.1087],[80.2936,13.1039],[80.291691,13.09043]]}},{"type":"Feature","properties":{"route_id":"43805","route_short_name":"43805","route_long_name":"MSB-AJJ LS GL EMU","operator":"Indian Railways","mode":"suburban_rail","source":"MobilityData Indian Railways GTFS (unofficial data)"},"geometry":{"type":"LineString","coordinates":[[80.291691,13.09043],[80.2936,13.1039],[80.2825,13.1087],[80.257273,13.108738],[80.244913,13.1074],[80.238819,13.1074],[80.225515,13.108236],[80.2095,13.1099],[80.183802,13.113085],[80.166206,13.114422],[80.1534,13.1141],[80.136681,13.115258],[80.127153,13.116428],[80.100288,13.118017],[80.074883,13.118518],[80.065184,13.11902],[80.044928,13.121193],[80.0269,13.1237],[79.998407,13.123617],[79.966478,13.124787],[79.93721,13.123032],[79.9134,13.116],[79.88451,13.106648],[79.8624,13.0997]]}},{"type":"Feature","properties":{"route_id":"43806","route_short_name":"43806","route_long_name":"AJJ-MSB FAST LOCAL","operator":"Indian Railways","mode":"suburban_rail","source":"MobilityData Indian Railways GTFS (unofficial data)"},"geometry":{"type":"LineString","coordinates":[[79.8624,13.0997],[79.9134,13.116],[80.0269,13.1237],[80.2095,13.1099],[80.244913,13.1074],[80.2825,13.1087],[80.2936,13.1039],[80.291691,13.09043]]}},{"type":"Feature","properties":{"route_id":"43808","route_short_name":"43808","route_long_name":"AJJ-MSB  EMU LOCAL","operator":"Indian Railways","mode":"suburban_rail","source":"MobilityData Indian Railways GTFS (unofficial data)"},"geometry":{"type":"LineString","coordinates":[[79.8624,13.0997],[79.88451,13.106648],[79.9134,13.116],[79.93721,13.123032],[79.966478,13.124787],[79.998407,13.123617],[80.0269,13.1237],[80.044928,13.121193],[80.065184,13.11902],[80.074883,13.118518],[80.100288,13.118017],[80.127153,13.116428],[80.136681,13.115258],[80.1534,13.1141],[80.166206,13.114422],[80.183802,13.113085],[80.2095,13.1099],[80.225515,13.108236],[80.238819,13.1074],[80.244913,13.1074],[80.257273,13.108738],[80.2825,13.1087],[80.2936,13.1039],[80.291691,13.09043]]}},{"type":"Feature","properties":{"route_id":"43820","route_short_name":"43820","route_long_name":"TRT-MSB EMU LOCAL","operator":"Indian Railways","mode":"suburban_rail","source":"MobilityData Indian Railways GTFS (unofficial data)"},"geometry":{"type":"LineString","coordinates":[[79.8624,13.0997],[79.88451,13.106648],[79.9134,13.116],[79.93721,13.123032],[79.966478,13.124787],[79.998407,13.123617],[80.0269,13.1237],[80.044928,13.121193],[80.065184,13.11902],[80.074883,13.118518],[80.100288,13.118017],[80.127153,13.116428],[80.136681,13.115258],[80.1534,13.1141],[80.166206,13.114422],[80.183802,13.113085],[80.2095,13.1099],[80.225515,13.108236],[80.238819,13.1074],[80.244913,13.1074],[80.257273,13.108738],[80.2825,13.1087],[80.2936,13.1039],[80.291691,13.09043]]}},{"type":"Feature","properties":{"route_id":"43821","route_short_name":"43821","route_long_name":"MSB-TRT EMU","operator":"Indian Railways","mode":"suburban_rail","source":"MobilityData Indian Railways GTFS (unofficial data)"},"geometry":{"type":"LineString","coordinates":[[80.291691,13.09043],[80.2936,13.1039],[80.2825,13.1087],[80.257273,13.108738],[80.244913,13.1074],[80.238819,13.1074],[80.225515,13.108236],[80.2095,13.1099],[80.183802,13.113085],[80.166206,13.114422],[80.1534,13.1141],[80.136681,13.115258],[80.127153,13.116428],[80.100288,13.118017],[80.074883,13.118518],[80.065184,13.11902],[80.044928,13.121193],[80.0269,13.1237],[79.998407,13.123617],[79.966478,13.124787],[79.93721,13.123032],[79.9134,13.116],[79.88451,13.106648],[79.8624,13.0997]]}},{"type":"Feature","properties":{"route_id":"43823","route_short_name":"43823","route_long_name":"MSB-TRT FAST EMU","operator":"Indian Railways","mode":"suburban_rail","source":"MobilityData Indian Railways GTFS (unofficial data)"},"geometry":{"type":"LineString","coordinates":[[80.291691,13.09043],[80.2936,13.1039],[80.2825,13.1087],[80.244913,13.1074],[80.2095,13.1099],[80.1534,13.1141],[80.100288,13.118017],[80.0269,13.1237],[79.93721,13.123032],[79.9134,13.116],[79.88451,13.106648],[79.8624,13.0997]]}},{"type":"Feature","properties":{"route_id":"43832","route_short_name":"43832","route_long_name":"TRL-AVD EMU LOCAL","operator":"Indian Railways","mode":"suburban_rail","source":"MobilityData Indian Railways GTFS (unofficial data)"},"geometry":{"type":"LineString","coordinates":[[79.9134,13.116],[79.93721,13.123032],[79.966478,13.124787],[79.998407,13.123617],[80.0269,13.1237],[80.044928,13.121193],[80.065184,13.11902],[80.074883,13.118518],[80.100288,13.118017]]}},{"type":"Feature","properties":{"route_id":"43834","route_short_name":"43834","route_long_name":"TRL -AVD EMU","operator":"Indian Railways","mode":"suburban_rail","source":"MobilityData Indian Railways GTFS (unofficial data)"},"geometry":{"type":"LineString","coordinates":[[79.9134,13.116],[79.93721,13.123032],[79.966478,13.124787],[79.998407,13.123617],[80.0269,13.1237],[80.044928,13.121193],[80.065184,13.11902],[80.074883,13.118518],[80.100288,13.118017]]}},{"type":"Feature","properties":{"route_id":"43836","route_short_name":"43836","route_long_name":"TRL -AVD EMU","operator":"Indian Railways","mode":"suburban_rail","source":"MobilityData Indian Railways GTFS (unofficial data)"},"geometry":{"type":"LineString","coordinates":[[79.9134,13.116],[79.93721,13.123032],[79.966478,13.124787],[79.998407,13.123617],[80.0269,13.1237],[80.044928,13.121193],[80.065184,13.11902],[80.074883,13.118518],[80.100288,13.118017]]}},{"type":"Feature","properties":{"route_id":"43841","route_short_name":"43841","route_long_name":"AVD-AJJ EMU LOCAL","operator":"Indian Railways","mode":"suburban_rail","source":"MobilityData Indian Railways GTFS (unofficial data)"},"geometry":{"type":"LineString","coordinates":[[80.100288,13.118017],[80.074883,13.118518],[80.065184,13.11902],[80.044928,13.121193],[80.0269,13.1237],[79.998407,13.123617],[79.966478,13.124787],[79.93721,13.123032],[79.9134,13.116],[79.88451,13.106648],[79.8624,13.0997]]}},{"type":"Feature","properties":{"route_id":"43851","route_short_name":"43851","route_long_name":"PON-TRL EMU LOCAL","operator":"Indian Railways","mode":"suburban_rail","source":"MobilityData Indian Railways GTFS (unofficial data)"},"geometry":{"type":"LineString","coordinates":[[80.1984,13.3319],[80.230579,13.304103],[80.2597,13.2815],[80.27607,13.268351],[80.2994,13.2491],[80.300015,13.249052],[80.321217,13.217219],[80.316582,13.204184],[80.305767,13.180451],[80.2961,13.1597],[80.287228,13.139833],[80.2813,13.1276],[80.277958,13.119772],[80.257273,13.108738],[80.244913,13.1074],[80.238819,13.1074],[80.225515,13.108236],[80.2095,13.1099],[80.183802,13.113085],[80.166206,13.114422],[80.1534,13.1141],[80.136681,13.115258],[80.127153,13.116428],[80.100288,13.118017],[80.074883,13.118518],[80.065184,13.11902],[80.044928,13.121193],[80.0269,13.1237],[79.998407,13.123617],[79.966478,13.124787],[79.93721,13.123032],[79.9134,13.116]]}},{"type":"Feature","properties":{"route_id":"43852","route_short_name":"43852","route_long_name":"TRL-PON EMU LOCAL","operator":"Indian Railways","mode":"suburban_rail","source":"MobilityData Indian Railways GTFS (unofficial data)"},"geometry":{"type":"LineString","coordinates":[[79.9134,13.116],[79.93721,13.123032],[79.966478,13.124787],[79.998407,13.123617],[80.0269,13.1237],[80.044928,13.121193],[80.065184,13.11902],[80.074883,13.118518],[80.100288,13.118017],[80.127153,13.116428],[80.136681,13.115258],[80.1534,13.1141],[80.166206,13.114422],[80.183802,13.113085],[80.2095,13.1099],[80.225515,13.108236],[80.238819,13.1074],[80.244913,13.1074],[80.257273,13.108738],[80.277958,13.119772],[80.2813,13.1276],[80.287228,13.139833],[80.2961,13.1597],[80.305767,13.180451],[80.316582,13.204184],[80.321217,13.217219],[80.300015,13.249052],[80.2994,13.2491],[80.27607,13.268351],[80.2597,13.2815],[80.230579,13.304103],[80.1984,13.3319]]}},{"type":"Feature","properties":{"route_id":"43861","route_short_name":"43861","route_long_name":"ENR-TRL EMU LOCAL","operator":"Indian Railways","mode":"suburban_rail","source":"MobilityData Indian Railways GTFS (unofficial data)"},"geometry":{"type":"LineString","coordinates":[[80.321217,13.217219],[80.316582,13.204184],[80.305767,13.180451],[80.2961,13.1597],[80.287228,13.139833],[80.2813,13.1276],[80.277958,13.119772],[80.257273,13.108738],[80.244913,13.1074],[80.238819,13.1074],[80.225515,13.108236],[80.2095,13.1099],[80.183802,13.113085],[80.166206,13.114422],[80.1534,13.1141],[80.136681,13.115258],[80.127153,13.116428],[80.100288,13.118017],[80.074883,13.118518],[80.065184,13.11902],[80.044928,13.121193],[80.0269,13.1237],[79.998407,13.123617],[79.966478,13.124787],[79.93721,13.123032],[79.9134,13.116]]}},{"type":"Feature","properties":{"route_id":"43862","route_short_name":"43862","route_long_name":"AVD-ENR EMU","operator":"Indian Railways","mode":"suburban_rail","source":"MobilityData Indian Railways GTFS (unofficial data)"},"geometry":{"type":"LineString","coordinates":[[80.100288,13.118017],[80.127153,13.116428],[80.136681,13.115258],[80.1534,13.1141],[80.166206,13.114422],[80.183802,13.113085],[80.2095,13.1099],[80.225515,13.108236],[80.238819,13.1074],[80.244913,13.1074],[80.257273,13.108738],[80.277958,13.119772],[80.2813,13.1276],[80.287228,13.139833],[80.2961,13.1597],[80.305767,13.180451],[80.316582,13.204184],[80.321217,13.217219]]}},{"type":"Feature","properties":{"route_id":"43871","route_short_name":"43871","route_long_name":"MASS-PAB EMU LOCAL","operator":"Indian Railways","mode":"suburban_rail","source":"MobilityData Indian Railways GTFS (unofficial data)"},"geometry":{"type":"LineString","coordinates":[[80.2737504,13.0833296],[80.2713,13.1025],[80.257273,13.108738],[80.244913,13.1074],[80.238819,13.1074],[80.225515,13.108236],[80.2095,13.1099],[80.183802,13.113085],[80.166206,13.114422],[80.1534,13.1141],[80.136681,13.115258],[80.127153,13.116428],[80.100288,13.118017],[80.074883,13.118518],[80.065184,13.11902]]}},{"type":"Feature","properties":{"route_id":"43872","route_short_name":"43872","route_long_name":"PAB-MASS EMU LOCAL","operator":"Indian Railways","mode":"suburban_rail","source":"MobilityData Indian Railways GTFS (unofficial data)"},"geometry":{"type":"LineString","coordinates":[[80.065184,13.11902],[80.074883,13.118518],[80.100288,13.118017],[80.127153,13.116428],[80.136681,13.115258],[80.1534,13.1141],[80.166206,13.114422],[80.183802,13.113085],[80.2095,13.1099],[80.225515,13.108236],[80.238819,13.1074],[80.244913,13.1074],[80.257273,13.108738],[80.2713,13.1025],[80.2737504,13.0833296]]}},{"type":"Feature","properties":{"route_id":"43882","route_short_name":"43882","route_long_name":"TI-MASS EMU LOCAL","operator":"Indian Railways","mode":"suburban_rail","source":"MobilityData Indian Railways GTFS (unofficial data)"},"geometry":{"type":"LineString","coordinates":[[80.0269,13.1237],[80.044928,13.121193],[80.065184,13.11902],[80.074883,13.118518],[80.100288,13.118017],[80.127153,13.116428],[80.136681,13.115258],[80.1534,13.1141],[80.166206,13.114422],[80.183802,13.113085],[80.2095,13.1099],[80.225515,13.108236],[80.238819,13.1074],[80.244913,13.1074],[80.257273,13.108738],[80.2713,13.1025],[80.2737504,13.0833296]]}},{"type":"Feature","properties":{"route_id":"43892","route_short_name":"43892","route_long_name":"E-DEPO - AVD EMU LOCAL","operator":"Indian Railways","mode":"suburban_rail","source":"MobilityData Indian Railways GTFS (unofficial data)"},"geometry":{"type":"LineString","coordinates":[[80.068874,13.146018],[80.059862,13.136824],[80.065184,13.11902],[80.074883,13.118518],[80.100288,13.118017]]}},{"type":"Feature","properties":{"route_id":"43901","route_short_name":"43901","route_long_name":"MASS-KBT EMU LOCAL","operator":"Indian Railways","mode":"suburban_rail","source":"MobilityData Indian Railways GTFS (unofficial data)"},"geometry":{"type":"LineString","coordinates":[[80.2737504,13.0833296],[80.2713,13.1025],[80.257273,13.108738],[80.244913,13.1074],[80.238819,13.1074],[80.225515,13.108236],[80.2095,13.1099],[80.183802,13.113085],[80.166206,13.114422],[80.1534,13.1141],[80.136681,13.115258],[80.127153,13.116428],[80.100288,13.118017],[80.074883,13.118518],[80.065184,13.11902],[80.044928,13.121193],[80.0269,13.1237],[79.998407,13.123617],[79.966478,13.124787],[79.93721,13.123032],[79.9134,13.116],[79.88451,13.106648],[79.8624,13.0997]]}},{"type":"Feature","properties":{"route_id":"43902","route_short_name":"43902","route_long_name":"KBT-MASS EMU LOCAL","operator":"Indian Railways","mode":"suburban_rail","source":"MobilityData Indian Railways GTFS (unofficial data)"},"geometry":{"type":"LineString","coordinates":[[79.8624,13.0997],[79.88451,13.106648],[79.9134,13.116],[79.93721,13.123032],[79.966478,13.124787],[79.998407,13.123617],[80.0269,13.1237],[80.044928,13.121193],[80.065184,13.11902],[80.074883,13.118518],[80.100288,13.118017],[80.127153,13.116428],[80.136681,13.115258],[80.1534,13.1141],[80.166206,13.114422],[80.183802,13.113085],[80.2095,13.1099],[80.225515,13.108236],[80.238819,13.1074],[80.244913,13.1074],[80.257273,13.108738],[80.2713,13.1025],[80.2737504,13.0833296]]}},{"type":"Feature","properties":{"route_id":"43912","route_short_name":"43912","route_long_name":"KBT-MSB LOCAL","operator":"Indian Railways","mode":"suburban_rail","source":"MobilityData Indian Railways GTFS (unofficial data)"},"geometry":{"type":"LineString","coordinates":[[79.8624,13.0997],[79.88451,13.106648],[79.9134,13.116],[79.93721,13.123032],[79.966478,13.124787],[79.998407,13.123617],[80.0269,13.1237],[80.044928,13.121193],[80.065184,13.11902],[80.074883,13.118518],[80.100288,13.118017],[80.127153,13.116428],[80.136681,13.115258],[80.1534,13.1141],[80.166206,13.114422],[80.183802,13.113085],[80.2095,13.1099],[80.225515,13.108236],[80.238819,13.1074],[80.244913,13.1074],[80.257273,13.108738],[80.2825,13.1087],[80.2936,13.1039],[80.291691,13.09043]]}},{"type":"Feature","properties":{"route_id":"43921","route_short_name":"43921","route_long_name":"TRL-KBT EMU LOCAL","operator":"Indian Railways","mode":"suburban_rail","source":"MobilityData Indian Railways GTFS (unofficial data)"},"geometry":{"type":"LineString","coordinates":[[79.9134,13.116],[79.88451,13.106648],[79.8624,13.0997]]}},{"type":"Feature","properties":{"route_id":"44001","route_short_name":"44001","route_long_name":"AJJ-CGL EMU","operator":"Indian Railways","mode":"suburban_rail","source":"MobilityData Indian Railways GTFS (unofficial data)"},"geometry":{"type":"LineString","coordinates":[[79.8773,12.7767],[79.9066,12.7663],[79.9294,12.7547],[79.94751,12.737303],[79.981499,12.692844]]}},{"type":"Feature","properties":{"route_id":"44002","route_short_name":"44002","route_long_name":"CGL -AJJ EMU","operator":"Indian Railways","mode":"suburban_rail","source":"MobilityData Indian Railways GTFS (unofficial data)"},"geometry":{"type":"LineString","coordinates":[[79.981499,12.692844],[79.94751,12.737303],[79.9294,12.7547],[79.9066,12.7663],[79.8773,12.7767]]}},{"type":"Feature","properties":{"route_id":"44003","route_short_name":"44003","route_long_name":"AJJ-CGL EMU","operator":"Indian Railways","mode":"suburban_rail","source":"MobilityData Indian Railways GTFS (unofficial data)"},"geometry":{"type":"LineString","coordinates":[[79.8773,12.7767],[79.9066,12.7663],[79.9294,12.7547],[79.94751,12.737303],[79.981499,12.692844]]}},{"type":"Feature","properties":{"route_id":"44004","route_short_name":"44004","route_long_name":"CGL-AJJ EMU","operator":"Indian Railways","mode":"suburban_rail","source":"MobilityData Indian Railways GTFS (unofficial data)"},"geometry":{"type":"LineString","coordinates":[[79.981499,12.692844],[79.94751,12.737303],[79.9294,12.7547],[79.9066,12.7663],[79.8773,12.7767]]}},{"type":"Feature","properties":{"route_id":"45001","route_short_name":"45001","route_long_name":"STM-GI EMU SPL","operator":"Indian Railways","mode":"suburban_rail","source":"MobilityData Indian Railways GTFS (unofficial data)"},"geometry":{"type":"LineString","coordinates":[[80.199552,12.995066],[80.186291,12.989755],[80.174875,12.98457],[80.165691,12.98022],[80.152731,12.968553],[80.141187,12.951657],[80.131574,12.937938],[80.118055,12.925766],[80.095096,12.905061],[80.0844,12.8913],[80.071621,12.867117],[80.0572,12.845]]}},{"type":"Feature","properties":{"route_id":"45002","route_short_name":"45002","route_long_name":"GI-STM EMU SPL","operator":"Indian Railways","mode":"suburban_rail","source":"MobilityData Indian Railways GTFS (unofficial data)"},"geometry":{"type":"LineString","coordinates":[[80.0572,12.845],[80.071621,12.867117],[80.0844,12.8913],[80.095096,12.905061],[80.118055,12.925766],[80.131574,12.937938],[80.141187,12.951657],[80.165691,12.98022],[80.174875,12.98457],[80.186291,12.989755],[80.199552,12.995066]]}},{"type":"Feature","properties":{"route_id":"45003","route_short_name":"45003","route_long_name":"STM-GI EMU SPL","operator":"Indian Railways","mode":"suburban_rail","source":"MobilityData Indian Railways GTFS (unofficial data)"},"geometry":{"type":"LineString","coordinates":[[80.199552,12.995066],[80.186291,12.989755],[80.174875,12.98457],[80.165691,12.98022],[80.152731,12.968553],[80.141187,12.951657],[80.131574,12.937938],[80.118055,12.925766],[80.095096,12.905061],[80.0844,12.8913],[80.071621,12.867117],[80.0572,12.845]]}},{"type":"Feature","properties":{"route_id":"45004","route_short_name":"45004","route_long_name":"GI-STM EMU SPL","operator":"Indian Railways","mode":"suburban_rail","source":"MobilityData Indian Railways GTFS (unofficial data)"},"geometry":{"type":"LineString","coordinates":[[80.0572,12.845],[80.071621,12.867117],[80.0844,12.8913],[80.095096,12.905061],[80.118055,12.925766],[80.131574,12.937938],[80.141187,12.951657],[80.165691,12.98022],[80.174875,12.98457],[80.186291,12.989755],[80.199552,12.995066]]}},{"type":"Feature","properties":{"route_id":"45005","route_short_name":"45005","route_long_name":"STM-GI EMU SPL","operator":"Indian Railways","mode":"suburban_rail","source":"MobilityData Indian Railways GTFS (unofficial data)"},"geometry":{"type":"LineString","coordinates":[[80.199552,12.995066],[80.186291,12.989755],[80.174875,12.98457],[80.165691,12.98022],[80.152731,12.968553],[80.141187,12.951657],[80.131574,12.937938],[80.118055,12.925766],[80.095096,12.905061],[80.0844,12.8913],[80.071621,12.867117],[80.0572,12.845]]}},{"type":"Feature","properties":{"route_id":"45006","route_short_name":"45006","route_long_name":"GI-STM EMU SPL","operator":"Indian Railways","mode":"suburban_rail","source":"MobilityData Indian Railways GTFS (unofficial data)"},"geometry":{"type":"LineString","coordinates":[[80.0572,12.845],[80.071621,12.867117],[80.0844,12.8913],[80.095096,12.905061],[80.118055,12.925766],[80.131574,12.937938],[80.141187,12.951657],[80.165691,12.98022],[80.174875,12.98457],[80.186291,12.989755],[80.199552,12.995066]]}},{"type":"Feature","properties":{"route_id":"45007","route_short_name":"45007","route_long_name":"STM-GI EMU SPL","operator":"Indian Railways","mode":"suburban_rail","source":"MobilityData Indian Railways GTFS (unofficial data)"},"geometry":{"type":"LineString","coordinates":[[80.199552,12.995066],[80.186291,12.989755],[80.174875,12.98457],[80.165691,12.98022],[80.152731,12.968553],[80.141187,12.951657],[80.131574,12.937938],[80.118055,12.925766],[80.095096,12.905061],[80.0844,12.8913],[80.071621,12.867117],[80.0572,12.845]]}},{"type":"Feature","properties":{"route_id":"45008","route_short_name":"45008","route_long_name":"GI-STM EMU SPL","operator":"Indian Railways","mode":"suburban_rail","source":"MobilityData Indian Railways GTFS (unofficial data)"},"geometry":{"type":"LineString","coordinates":[[80.0572,12.845],[80.071621,12.867117],[80.0844,12.8913],[80.095096,12.905061],[80.118055,12.925766],[80.131574,12.937938],[80.141187,12.951657],[80.165691,12.98022],[80.174875,12.98457],[80.186291,12.989755],[80.199552,12.995066]]}},{"type":"Feature","properties":{"route_id":"45009","route_short_name":"45009","route_long_name":"STM-GI EMU SPL","operator":"Indian Railways","mode":"suburban_rail","source":"MobilityData Indian Railways GTFS (unofficial data)"},"geometry":{"type":"LineString","coordinates":[[80.199552,12.995066],[80.186291,12.989755],[80.174875,12.98457],[80.165691,12.98022],[80.152731,12.968553],[80.141187,12.951657],[80.131574,12.937938],[80.118055,12.925766],[80.095096,12.905061],[80.0844,12.8913],[80.071621,12.867117],[80.0572,12.845]]}},{"type":"Feature","properties":{"route_id":"45010","route_short_name":"45010","route_long_name":"GI-STM EMU SPL","operator":"Indian Railways","mode":"suburban_rail","source":"MobilityData Indian Railways GTFS (unofficial data)"},"geometry":{"type":"LineString","coordinates":[[80.0572,12.845],[80.071621,12.867117],[80.0844,12.8913],[80.095096,12.905061],[80.118055,12.925766],[80.131574,12.937938],[80.141187,12.951657],[80.165691,12.98022],[80.174875,12.98457],[80.186291,12.989755],[80.199552,12.995066]]}},{"type":"Feature","properties":{"route_id":"45011","route_short_name":"45011","route_long_name":"STM-GI EMU SPL","operator":"Indian Railways","mode":"suburban_rail","source":"MobilityData Indian Railways GTFS (unofficial data)"},"geometry":{"type":"LineString","coordinates":[[80.199552,12.995066],[80.186291,12.989755],[80.174875,12.98457],[80.165691,12.98022],[80.152731,12.968553],[80.141187,12.951657],[80.131574,12.937938],[80.118055,12.925766],[80.095096,12.905061],[80.0844,12.8913],[80.071621,12.867117],[80.0572,12.845]]}},{"type":"Feature","properties":{"route_id":"45012","route_short_name":"45012","route_long_name":"GI-STM EMU SPL","operator":"Indian Railways","mode":"suburban_rail","source":"MobilityData Indian Railways GTFS (unofficial data)"},"geometry":{"type":"LineString","coordinates":[[80.0572,12.845],[80.071621,12.867117],[80.0844,12.8913],[80.095096,12.905061],[80.118055,12.925766],[80.131574,12.937938],[80.141187,12.951657],[80.165691,12.98022],[80.174875,12.98457],[80.186291,12.989755],[80.199552,12.995066]]}},{"type":"Feature","properties":{"route_id":"45013","route_short_name":"45013","route_long_name":"STM-GI EMU SPL","operator":"Indian Railways","mode":"suburban_rail","source":"MobilityData Indian Railways GTFS (unofficial data)"},"geometry":{"type":"LineString","coordinates":[[80.199552,12.995066],[80.186291,12.989755],[80.174875,12.98457],[80.165691,12.98022],[80.152731,12.968553],[80.141187,12.951657],[80.131574,12.937938],[80.118055,12.925766],[80.095096,12.905061],[80.0844,12.8913],[80.071621,12.867117],[80.0572,12.845]]}},{"type":"Feature","properties":{"route_id":"45015","route_short_name":"45015","route_long_name":"STM-GI EMU SPL","operator":"Indian Railways","mode":"suburban_rail","source":"MobilityData Indian Railways GTFS (unofficial data)"},"geometry":{"type":"LineString","coordinates":[[80.199552,12.995066],[80.186291,12.989755],[80.174875,12.98457],[80.165691,12.98022],[80.152731,12.968553],[80.141187,12.951657],[80.131574,12.937938],[80.118055,12.925766],[80.095096,12.905061],[80.0844,12.8913],[80.071621,12.867117],[80.0572,12.845]]}},{"type":"Feature","properties":{"route_id":"47002","route_short_name":"47002","route_long_name":"TBM-STM EMU SPL","operator":"Indian Railways","mode":"suburban_rail","source":"MobilityData Indian Railways GTFS (unofficial data)"},"geometry":{"type":"LineString","coordinates":[[80.118055,12.925766],[80.131574,12.937938],[80.141187,12.951657],[80.165691,12.98022],[80.174875,12.98457],[80.186291,12.989755],[80.199552,12.995066]]}},{"type":"Feature","properties":{"route_id":"49001","route_short_name":"49001","route_long_name":"TBM-CGL AC EMU","operator":"Indian Railways","mode":"suburban_rail","source":"MobilityData Indian Railways GTFS (unofficial data)"},"geometry":{"type":"LineString","coordinates":[[80.118055,12.925766],[80.095096,12.905061],[80.071621,12.867117],[80.0572,12.845],[80.03686,12.820798],[80.00124,12.762752],[79.98373,12.73027],[79.981499,12.692844]]}},{"type":"Feature","properties":{"route_id":"49002","route_short_name":"49002","route_long_name":"CGL-MSB FAST AC EMU","operator":"Indian Railways","mode":"suburban_rail","source":"MobilityData Indian Railways GTFS (unofficial data)"},"geometry":{"type":"LineString","coordinates":[[79.981499,12.692844],[79.98373,12.73027],[80.00124,12.762752],[80.03686,12.820798],[80.0572,12.845],[80.071621,12.867117],[80.095096,12.905061],[80.118055,12.925766],[80.141187,12.951657],[80.199552,12.995066],[80.212362,13.008112],[80.227704,13.037694],[80.260363,13.077848],[80.2728,13.0806],[80.282636,13.08324],[80.291691,13.09043]]}},{"type":"Feature","properties":{"route_id":"49007","route_short_name":"49007","route_long_name":"MSB-CGL AC EMU FAST","operator":"Indian Railways","mode":"suburban_rail","source":"MobilityData Indian Railways GTFS (unofficial data)"},"geometry":{"type":"LineString","coordinates":[[80.291691,13.09043],[80.282636,13.08324],[80.2728,13.0806],[80.260363,13.077848],[80.227704,13.037694],[80.212362,13.008112],[80.199552,12.995066],[80.141187,12.951657],[80.118055,12.925766],[80.095096,12.905061],[80.071621,12.867117],[80.0572,12.845],[80.03686,12.820798],[80.00124,12.762752],[79.98373,12.73027],[79.981499,12.692844]]}},{"type":"Feature","properties":{"route_id":"49008","route_short_name":"49008","route_long_name":"CGL-TBM AC EMU","operator":"Indian Railways","mode":"suburban_rail","source":"MobilityData Indian Railways GTFS (unofficial data)"},"geometry":{"type":"LineString","coordinates":[[79.981499,12.692844],[79.98373,12.73027],[80.00124,12.762752],[80.03686,12.820798],[80.0572,12.845],[80.071621,12.867117],[80.095096,12.905061],[80.118055,12.925766]]}},{"type":"Feature","properties":{"route_id":"66002","route_short_name":"66002","route_long_name":"AVD-MASS MEMU LOCAL","operator":"Indian Railways","mode":"suburban_rail","source":"MobilityData Indian Railways GTFS (unofficial data)"},"geometry":{"type":"LineString","coordinates":[[80.100288,13.118017],[80.127153,13.116428],[80.136681,13.115258],[80.1534,13.1141],[80.166206,13.114422],[80.183802,13.113085],[80.2095,13.1099],[80.225515,13.108236],[80.238819,13.1074],[80.244913,13.1074],[80.257273,13.108738],[80.2713,13.1025],[80.2737504,13.0833296]]}},{"type":"Feature","properties":{"route_id":"66003","route_short_name":"66003","route_long_name":"MASS-AVD MEMU SUBURBAN","operator":"Indian Railways","mode":"suburban_rail","source":"MobilityData Indian Railways GTFS (unofficial data)"},"geometry":{"type":"LineString","coordinates":[[80.2737504,13.0833296],[80.2713,13.1025],[80.257273,13.108738],[80.244913,13.1074],[80.238819,13.1074],[80.225515,13.108236],[80.2095,13.1099],[80.183802,13.113085],[80.166206,13.114422],[80.1534,13.1141],[80.136681,13.115258],[80.127153,13.116428],[80.100288,13.118017]]}},{"type":"Feature","properties":{"route_id":"66007","route_short_name":"66007","route_long_name":"MASS-AVD EMU LOCAL","operator":"Indian Railways","mode":"suburban_rail","source":"MobilityData Indian Railways GTFS (unofficial data)"},"geometry":{"type":"LineString","coordinates":[[80.2737504,13.0833296],[80.2713,13.1025],[80.257273,13.108738],[80.244913,13.1074],[80.238819,13.1074],[80.225515,13.108236],[80.2095,13.1099],[80.183802,13.113085],[80.166206,13.114422],[80.1534,13.1141],[80.136681,13.115258],[80.127153,13.116428],[80.100288,13.118017]]}},{"type":"Feature","properties":{"route_id":"66013","route_short_name":"66013","route_long_name":"MASS-AJJ MEMU FAST","operator":"Indian Railways","mode":"suburban_rail","source":"MobilityData Indian Railways GTFS (unofficial data)"},"geometry":{"type":"LineString","coordinates":[[80.2737504,13.0833296],[80.2713,13.1025],[80.244913,13.1074],[80.2095,13.1099],[80.1534,13.1141],[80.0269,13.1237],[79.9134,13.116],[79.8624,13.0997]]}},{"type":"Feature","properties":{"route_id":"66014","route_short_name":"66014","route_long_name":"AJJ-MASS MEMU","operator":"Indian Railways","mode":"suburban_rail","source":"MobilityData Indian Railways GTFS (unofficial data)"},"geometry":{"type":"LineString","coordinates":[[79.8624,13.0997],[79.88451,13.106648],[79.9134,13.116],[79.93721,13.123032],[79.966478,13.124787],[79.998407,13.123617],[80.0269,13.1237],[80.044928,13.121193],[80.065184,13.11902],[80.074883,13.118518],[80.100288,13.118017],[80.127153,13.116428],[80.136681,13.115258],[80.1534,13.1141],[80.166206,13.114422],[80.183802,13.113085],[80.2095,13.1099],[80.225515,13.108236],[80.238819,13.1074],[80.244913,13.1074],[80.257273,13.108738],[80.2713,13.1025],[80.2737504,13.0833296]]}},{"type":"Feature","properties":{"route_id":"66015","route_short_name":"66015","route_long_name":"MASS-AJJ MEMU","operator":"Indian Railways","mode":"suburban_rail","source":"MobilityData Indian Railways GTFS (unofficial data)"},"geometry":{"type":"LineString","coordinates":[[80.2737504,13.0833296],[80.2713,13.1025],[80.257273,13.108738],[80.244913,13.1074],[80.238819,13.1074],[80.225515,13.108236],[80.2095,13.1099],[80.183802,13.113085],[80.166206,13.114422],[80.1534,13.1141],[80.136681,13.115258],[80.127153,13.116428],[80.100288,13.118017],[80.074883,13.118518],[80.065184,13.11902],[80.044928,13.121193],[80.0269,13.1237],[79.998407,13.123617],[79.966478,13.124787],[79.93721,13.123032],[79.9134,13.116],[79.88451,13.106648],[79.8624,13.0997]]}},{"type":"Feature","properties":{"route_id":"66021","route_short_name":"66021","route_long_name":"MASS-AJJ FAST MEMU","operator":"Indian Railways","mode":"suburban_rail","source":"MobilityData Indian Railways GTFS (unofficial data)"},"geometry":{"type":"LineString","coordinates":[[80.2737504,13.0833296],[80.0269,13.1237],[79.9134,13.116],[79.88451,13.106648],[79.8624,13.0997]]}},{"type":"Feature","properties":{"route_id":"66022","route_short_name":"66022","route_long_name":"TRT-MASS MEMU","operator":"Indian Railways","mode":"suburban_rail","source":"MobilityData Indian Railways GTFS (unofficial data)"},"geometry":{"type":"LineString","coordinates":[[79.8624,13.0997],[79.88451,13.106648],[79.9134,13.116],[79.93721,13.123032],[79.966478,13.124787],[79.998407,13.123617],[80.0269,13.1237],[80.044928,13.121193],[80.065184,13.11902],[80.074883,13.118518],[80.100288,13.118017],[80.127153,13.116428],[80.136681,13.115258],[80.1534,13.1141],[80.166206,13.114422],[80.183802,13.113085],[80.2095,13.1099],[80.225515,13.108236],[80.238819,13.1074],[80.244913,13.1074],[80.257273,13.108738],[80.2713,13.1025],[80.2737504,13.0833296]]}},{"type":"Feature","properties":{"route_id":"66029","route_short_name":"66029","route_long_name":"MASS-SPE MEMU PASS","operator":"Indian Railways","mode":"suburban_rail","source":"MobilityData Indian Railways GTFS (unofficial data)"},"geometry":{"type":"LineString","coordinates":[[80.2737504,13.0833296],[80.2713,13.1025],[80.277958,13.119772],[80.2813,13.1276],[80.287228,13.139833],[80.2961,13.1597],[80.305767,13.180451],[80.316582,13.204184],[80.321217,13.217219],[80.300015,13.249052],[80.2994,13.2491],[80.27607,13.268351],[80.2597,13.2815],[80.230579,13.304103],[80.1984,13.3319]]}},{"type":"Feature","properties":{"route_id":"66030","route_short_name":"66030","route_long_name":"SPE-MASS MEMU PASS","operator":"Indian Railways","mode":"suburban_rail","source":"MobilityData Indian Railways GTFS (unofficial data)"},"geometry":{"type":"LineString","coordinates":[[80.1984,13.3319],[80.230579,13.304103],[80.2597,13.2815],[80.27607,13.268351],[80.2994,13.2491],[80.300015,13.249052],[80.321217,13.217219],[80.316582,13.204184],[80.305767,13.180451],[80.2961,13.1597],[80.287228,13.139833],[80.2813,13.1276],[80.277958,13.119772],[80.2713,13.1025],[80.2737504,13.0833296]]}},{"type":"Feature","properties":{"route_id":"66031","route_short_name":"66031","route_long_name":"MASS-SPE MEMU PASS","operator":"Indian Railways","mode":"suburban_rail","source":"MobilityData Indian Railways GTFS (unofficial data)"},"geometry":{"type":"LineString","coordinates":[[80.2737504,13.0833296],[80.2713,13.1025],[80.277958,13.119772],[80.2813,13.1276],[80.287228,13.139833],[80.2961,13.1597],[80.305767,13.180451],[80.316582,13.204184],[80.321217,13.217219],[80.300015,13.249052],[80.2994,13.2491],[80.27607,13.268351],[80.2597,13.2815],[80.230579,13.304103],[80.1984,13.3319]]}},{"type":"Feature","properties":{"route_id":"66032","route_short_name":"66032","route_long_name":"SPE-MASS MEMU PASS","operator":"Indian Railways","mode":"suburban_rail","source":"MobilityData Indian Railways GTFS (unofficial data)"},"geometry":{"type":"LineString","coordinates":[[80.1984,13.3319],[80.230579,13.304103],[80.2597,13.2815],[80.27607,13.268351],[80.2994,13.2491],[80.300015,13.249052],[80.321217,13.217219],[80.316582,13.204184],[80.305767,13.180451],[80.2961,13.1597],[80.287228,13.139833],[80.2813,13.1276],[80.277958,13.119772],[80.2713,13.1025],[80.2737504,13.0833296]]}},{"type":"Feature","properties":{"route_id":"66033","route_short_name":"66033","route_long_name":"MSB-TNM MEMU PASS","operator":"Indian Railways","mode":"suburban_rail","source":"MobilityData Indian Railways GTFS (unofficial data)"},"geometry":{"type":"LineString","coordinates":[[80.291691,13.09043],[80.2936,13.1039],[80.2825,13.1087],[80.244913,13.1074],[80.2095,13.1099],[80.1534,13.1141],[80.0269,13.1237],[79.93721,13.123032],[79.9134,13.116],[79.88451,13.106648],[79.8624,13.0997]]}},{"type":"Feature","properties":{"route_id":"66034","route_short_name":"66034","route_long_name":"TNM-TBM MEMU","operator":"Indian Railways","mode":"suburban_rail","source":"MobilityData Indian Railways GTFS (unofficial data)"},"geometry":{"type":"LineString","coordinates":[[79.8624,13.0997],[79.88451,13.106648],[79.9134,13.116],[79.966478,13.124787],[79.998407,13.123617],[80.0269,13.1237],[80.2095,13.1099],[80.244913,13.1074],[80.2825,13.1087],[80.2936,13.1039],[80.291691,13.09043],[80.282636,13.08324],[80.2728,13.0806],[80.260363,13.077848],[80.24296,13.074253],[80.232832,13.065453],[80.230815,13.052076],[80.227704,13.037694],[80.224013,13.02398],[80.212362,13.008112],[80.199552,12.995066],[80.186291,12.989755],[80.174875,12.98457],[80.165691,12.98022],[80.152731,12.968553],[80.141187,12.951657],[80.131574,12.937938],[80.118055,12.925766]]}},{"type":"Feature","properties":{"route_id":"66039","route_short_name":"66039","route_long_name":"MASS-SPE MEMU PASS","operator":"Indian Railways","mode":"suburban_rail","source":"MobilityData Indian Railways GTFS (unofficial data)"},"geometry":{"type":"LineString","coordinates":[[80.2737504,13.0833296],[80.2713,13.1025],[80.277958,13.119772],[80.2813,13.1276],[80.287228,13.139833],[80.2961,13.1597],[80.305767,13.180451],[80.316582,13.204184],[80.321217,13.217219],[80.300015,13.249052],[80.2994,13.2491],[80.27607,13.268351],[80.2597,13.2815],[80.230579,13.304103],[80.1984,13.3319]]}},{"type":"Feature","properties":{"route_id":"66042","route_short_name":"66042","route_long_name":"SPE-MASS EMU PASS","operator":"Indian Railways","mode":"suburban_rail","source":"MobilityData Indian Railways GTFS (unofficial data)"},"geometry":{"type":"LineString","coordinates":[[80.1984,13.3319],[80.230579,13.304103],[80.2597,13.2815],[80.27607,13.268351],[80.2994,13.2491],[80.300015,13.249052],[80.321217,13.217219],[80.316582,13.204184],[80.305767,13.180451],[80.2961,13.1597],[80.287228,13.139833],[80.2813,13.1276],[80.277958,13.119772],[80.2713,13.1025],[80.2737504,13.0833296]]}},{"type":"Feature","properties":{"route_id":"66045","route_short_name":"66045","route_long_name":"TBM-VM MEMU PASS","operator":"Indian Railways","mode":"suburban_rail","source":"MobilityData Indian Railways GTFS (unofficial data)"},"geometry":{"type":"LineString","coordinates":[[80.118055,12.925766],[80.095096,12.905061],[80.0844,12.8913],[80.071621,12.867117],[80.0572,12.845],[80.03686,12.820798],[80.026388,12.805985],[80.019865,12.79661],[80.00124,12.762752],[79.98373,12.73027],[79.981499,12.692844]]}},{"type":"Feature","properties":{"route_id":"66046","route_short_name":"66046","route_long_name":"VM-MSB MEMU","operator":"Indian Railways","mode":"suburban_rail","source":"MobilityData Indian Railways GTFS (unofficial data)"},"geometry":{"type":"LineString","coordinates":[[79.981499,12.692844],[79.98373,12.73027],[80.00124,12.762752],[80.019865,12.79661],[80.026388,12.805985],[80.03686,12.820798],[80.0572,12.845],[80.071621,12.867117],[80.0844,12.8913],[80.095096,12.905061],[80.118055,12.925766],[80.131574,12.937938],[80.141187,12.951657],[80.152731,12.968553],[80.165691,12.98022],[80.174875,12.98457],[80.186291,12.989755],[80.199552,12.995066],[80.212362,13.008112],[80.224013,13.02398],[80.227704,13.037694],[80.230815,13.052076],[80.232832,13.065453],[80.24296,13.074253],[80.260363,13.077848],[80.2728,13.0806],[80.282636,13.08324],[80.291691,13.09043]]}},{"type":"Feature","properties":{"route_id":"66050","route_short_name":"66050","route_long_name":"AVD-MASS MEMU LOCAL","operator":"Indian Railways","mode":"suburban_rail","source":"MobilityData Indian Railways GTFS (unofficial data)"},"geometry":{"type":"LineString","coordinates":[[80.100288,13.118017],[80.127153,13.116428],[80.136681,13.115258],[80.1534,13.1141],[80.166206,13.114422],[80.183802,13.113085],[80.2095,13.1099],[80.225515,13.108236],[80.238819,13.1074],[80.244913,13.1074],[80.257273,13.108738],[80.2713,13.1025],[80.2737504,13.0833296]]}},{"type":"Feature","properties":{"route_id":"66051","route_short_name":"66051","route_long_name":"MS-PDY MEMU","operator":"Indian Railways","mode":"suburban_rail","source":"MobilityData Indian Railways GTFS (unofficial data)"},"geometry":{"type":"LineString","coordinates":[[80.260363,13.077848],[80.227704,13.037694],[80.212362,13.008112],[80.118055,12.925766],[80.0572,12.845],[80.00124,12.762752],[79.981499,12.692844]]}},{"type":"Feature","properties":{"route_id":"66052","route_short_name":"66052","route_long_name":"PDY-MS MEMU PASS","operator":"Indian Railways","mode":"suburban_rail","source":"MobilityData Indian Railways GTFS (unofficial data)"},"geometry":{"type":"LineString","coordinates":[[79.981499,12.692844],[80.00124,12.762752],[80.0572,12.845],[80.118055,12.925766],[80.212362,13.008112],[80.227704,13.037694],[80.260363,13.077848]]}},{"type":"Feature","properties":{"route_id":"66055","route_short_name":"66055","route_long_name":"TBM-VM MEMU PASS","operator":"Indian Railways","mode":"suburban_rail","source":"MobilityData Indian Railways GTFS (unofficial data)"},"geometry":{"type":"LineString","coordinates":[[80.118055,12.925766],[80.095096,12.905061],[80.0844,12.8913],[80.071621,12.867117],[80.0572,12.845],[80.03686,12.820798],[80.026388,12.805985],[80.019865,12.79661],[80.00124,12.762752],[79.98373,12.73027],[79.981499,12.692844]]}},{"type":"Feature","properties":{"route_id":"66056","route_short_name":"66056","route_long_name":"VM-TBM MEMU","operator":"Indian Railways","mode":"suburban_rail","source":"MobilityData Indian Railways GTFS (unofficial data)"},"geometry":{"type":"LineString","coordinates":[[79.981499,12.692844],[79.98373,12.73027],[80.00124,12.762752],[80.019865,12.79661],[80.026388,12.805985],[80.03686,12.820798],[80.0572,12.845],[80.071621,12.867117],[80.0844,12.8913],[80.095096,12.905061],[80.118055,12.925766]]}},{"type":"Feature","properties":{"route_id":"66069","route_short_name":"66069","route_long_name":"MASS-TPTY MEMU PASS","operator":"Indian Railways","mode":"suburban_rail","source":"MobilityData Indian Railways GTFS (unofficial data)"},"geometry":{"type":"LineString","coordinates":[[80.2737504,13.0833296],[80.2713,13.1025],[80.244913,13.1074],[80.2095,13.1099],[80.1534,13.1141],[80.0269,13.1237],[79.9134,13.116],[79.8624,13.0997]]}},{"type":"Feature","properties":{"route_id":"66070","route_short_name":"66070","route_long_name":"TPTY-MASS MEMU PASS","operator":"Indian Railways","mode":"suburban_rail","source":"MobilityData Indian Railways GTFS (unofficial data)"},"geometry":{"type":"LineString","coordinates":[[79.8624,13.0997],[79.9134,13.116],[80.0269,13.1237],[80.100288,13.118017],[80.2095,13.1099],[80.244913,13.1074],[80.2713,13.1025],[80.2737504,13.0833296]]}},{"type":"Feature","properties":{"route_id":"67789","route_short_name":"67789","route_long_name":"MAS-AJJ MEMU","operator":"Indian Railways","mode":"suburban_rail","source":"MobilityData Indian Railways GTFS (unofficial data)"},"geometry":{"type":"LineString","coordinates":[[80.275156,13.085061],[80.2713,13.1025],[80.244913,13.1074],[80.2095,13.1099],[80.1534,13.1141],[80.0269,13.1237],[79.9134,13.116],[79.8624,13.0997]]}},{"type":"Feature","properties":{"route_id":"67790","route_short_name":"67790","route_long_name":"AJJ-MASS MEMU","operator":"Indian Railways","mode":"suburban_rail","source":"MobilityData Indian Railways GTFS (unofficial data)"},"geometry":{"type":"LineString","coordinates":[[79.8624,13.0997],[79.9134,13.116],[80.0269,13.1237],[80.100288,13.118017],[80.2095,13.1099],[80.244913,13.1074],[80.2713,13.1025],[80.2737504,13.0833296]]}}]}