{
"type": "FeatureCollection",
"name": "water_overhead_tanks",
"crs": { "type": "name", "properties": { "name": "urn:ogc:def:crs:OGC:1.3:CRS84" } },
"xy_coordinate_resolution": 1e-06,
"features": [
{ "type": "Feature", "properties": { "location": "4", "depot": "11", "capacity_of_oht_ml": 1.7999999499999999, "name_of_the_wds": "Ellaiamman Kovil Headworks", "commissioned_on": null, "status": "1", "source": "OpenCity (data.opencity.in)", "publisher": "Chennai Metropolitan Water Supply and Sewerage Board (CMWSSB)" }, "geometry": { "type": "Point", "coordinates": [ 80.302198, 13.157307 ] } },
{ "type": "Feature", "properties": { "location": "4", "depot": "5", "capacity_of_oht_ml": 2.2000000499999999, "name_of_the_wds": "Neithal Nagar Headworks", "commissioned_on": null, "status": "1", "source": "OpenCity (data.opencity.in)", "publisher": "Chennai Metropolitan Water Supply and Sewerage Board (CMWSSB)" }, "geometry": { "type": "Point", "coordinates": [ 80.310343, 13.183109 ] } },
{ "type": "Feature", "properties": { "location": "4", "depot": "2", "capacity_of_oht_ml": 0.5, "name_of_the_wds": "Kathivakkam Headworks", "commissioned_on": null, "status": "1", "source": "OpenCity (data.opencity.in)", "publisher": "Chennai Metropolitan Water Supply and Sewerage Board (CMWSSB)" }, "geometry": { "type": "Point", "coordinates": [ 80.32098, 13.215878 ] } },
{ "type": "Feature", "properties": { "location": "4", "depot": "1", "capacity_of_oht_ml": 0.5, "name_of_the_wds": "Thanzhankuppam Headworks", "commissioned_on": null, "status": "1", "source": "OpenCity (data.opencity.in)", "publisher": "Chennai Metropolitan Water Supply and Sewerage Board (CMWSSB)" }, "geometry": { "type": "Point", "coordinates": [ 80.326958, 13.227011 ] } },
{ "type": "Feature", "properties": { "location": "4", "depot": "9", "capacity_of_oht_ml": 0.5, "name_of_the_wds": "Theradi Headworks", "commissioned_on": null, "status": "1", "source": "OpenCity (data.opencity.in)", "publisher": "Chennai Metropolitan Water Supply and Sewerage Board (CMWSSB)" }, "geometry": { "type": "Point", "coordinates": [ 80.303474, 13.161915 ] } },
{ "type": "Feature", "properties": { "location": "4", "depot": "7", "capacity_of_oht_ml": 0.5, "name_of_the_wds": "Ramasamy Nagar Headworks", "commissioned_on": null, "status": "1", "source": "OpenCity (data.opencity.in)", "publisher": "Chennai Metropolitan Water Supply and Sewerage Board (CMWSSB)" }, "geometry": { "type": "Point", "coordinates": [ 80.2941, 13.168637 ] } },
{ "type": "Feature", "properties": { "location": "4", "depot": "11", "capacity_of_oht_ml": 1.60000002, "name_of_the_wds": "T.H.Road Headworks", "commissioned_on": null, "status": "1", "source": "OpenCity (data.opencity.in)", "publisher": "Chennai Metropolitan Water Supply and Sewerage Board (CMWSSB)" }, "geometry": { "type": "Point", "coordinates": [ 80.30276, 13.156186 ] } },
{ "type": "Feature", "properties": { "location": "4", "depot": "14", "capacity_of_oht_ml": 0.30000000999999998, "name_of_the_wds": "Thiyagarayapuram Headworks", "commissioned_on": null, "status": "1", "source": "OpenCity (data.opencity.in)", "publisher": "Chennai Metropolitan Water Supply and Sewerage Board (CMWSSB)" }, "geometry": { "type": "Point", "coordinates": [ 80.299657, 13.145675 ] } },
{ "type": "Feature", "properties": { "location": "4", "depot": "13", "capacity_of_oht_ml": 1.60000002, "name_of_the_wds": "Sathuma Nagar Headworks", "commissioned_on": null, "status": "1", "source": "OpenCity (data.opencity.in)", "publisher": "Chennai Metropolitan Water Supply and Sewerage Board (CMWSSB)" }, "geometry": { "type": "Point", "coordinates": [ 80.292139, 13.148154 ] } },
{ "type": "Feature", "properties": { "location": "6", "depot": "1", "capacity_of_oht_ml": 0.1, "name_of_the_wds": "NA", "commissioned_on": null, "status": "3", "source": "OpenCity (data.opencity.in)", "publisher": "Chennai Metropolitan Water Supply and Sewerage Board (CMWSSB)" }, "geometry": { "type": "Point", "coordinates": [ 80.328673, 13.230229 ] } },
{ "type": "Feature", "properties": { "location": "4", "depot": "2", "capacity_of_oht_ml": 0.1, "name_of_the_wds": "Kamaraj Nagar WDS", "commissioned_on": null, "status": "1", "source": "OpenCity (data.opencity.in)", "publisher": "Chennai Metropolitan Water Supply and Sewerage Board (CMWSSB)" }, "geometry": { "type": "Point", "coordinates": [ 80.322962, 13.221198 ] } },
{ "type": "Feature", "properties": { "location": "4", "depot": "35", "capacity_of_oht_ml": 1.35000002, "name_of_the_wds": "Muthamil Nagar WDS", "commissioned_on": null, "status": "3", "source": "OpenCity (data.opencity.in)", "publisher": "Chennai Metropolitan Water Supply and Sewerage Board (CMWSSB)" }, "geometry": { "type": "Point", "coordinates": [ 80.247821, 13.13443 ] } },
{ "type": "Feature", "properties": { "location": "4", "depot": "34", "capacity_of_oht_ml": 3.5, "name_of_the_wds": "RV Nagar WDS", "commissioned_on": null, "status": "3", "source": "OpenCity (data.opencity.in)", "publisher": "Chennai Metropolitan Water Supply and Sewerage Board (CMWSSB)" }, "geometry": { "type": "Point", "coordinates": [ 80.245973, 13.140757 ] } },
{ "type": "Feature", "properties": { "location": "4", "depot": "59", "capacity_of_oht_ml": 2.4000001, "name_of_the_wds": "Triplicane Head Works", "commissioned_on": null, "status": "1", "source": "OpenCity (data.opencity.in)", "publisher": "Chennai Metropolitan Water Supply and Sewerage Board (CMWSSB)" }, "geometry": { "type": "Point", "coordinates": [ 80.276032, 13.069452 ] } },
{ "type": "Feature", "properties": { "location": "4", "depot": "52", "capacity_of_oht_ml": 1.2599999900000001, "name_of_the_wds": "Anna Poonga WDS", "commissioned_on": null, "status": "1", "source": "OpenCity (data.opencity.in)", "publisher": "Chennai Metropolitan Water Supply and Sewerage Board (CMWSSB)" }, "geometry": { "type": "Point", "coordinates": [ 80.28675, 13.107975 ] } },
{ "type": "Feature", "properties": { "location": "4", "depot": "52", "capacity_of_oht_ml": 1.2599999900000001, "name_of_the_wds": "Anna Poonga WDS", "commissioned_on": null, "status": "1", "source": "OpenCity (data.opencity.in)", "publisher": "Chennai Metropolitan Water Supply and Sewerage Board (CMWSSB)" }, "geometry": { "type": "Point", "coordinates": [ 80.286819, 13.108174 ] } },
{ "type": "Feature", "properties": { "location": "4", "depot": "52", "capacity_of_oht_ml": 2.7999999500000001, "name_of_the_wds": "Anna Poonga WDS", "commissioned_on": null, "status": "1", "source": "OpenCity (data.opencity.in)", "publisher": "Chennai Metropolitan Water Supply and Sewerage Board (CMWSSB)" }, "geometry": { "type": "Point", "coordinates": [ 80.28765, 13.107244 ] } },
{ "type": "Feature", "properties": { "location": "4", "depot": "25", "capacity_of_oht_ml": 2.0, "name_of_the_wds": "Puckraj Nagar WDS", "commissioned_on": null, "status": "1", "source": "OpenCity (data.opencity.in)", "publisher": "Chennai Metropolitan Water Supply and Sewerage Board (CMWSSB)" }, "geometry": { "type": "Point", "coordinates": [ 80.228721, 13.152327 ] } },
{ "type": "Feature", "properties": { "location": "4", "depot": "16", "capacity_of_oht_ml": 1.2999999499999999, "name_of_the_wds": "Dwaraka Nagar WDS", "commissioned_on": null, "status": "1", "source": "OpenCity (data.opencity.in)", "publisher": "Chennai Metropolitan Water Supply and Sewerage Board (CMWSSB)" }, "geometry": { "type": "Point", "coordinates": [ 80.27204, 13.195305 ] } },
{ "type": "Feature", "properties": { "location": "4", "depot": "16", "capacity_of_oht_ml": 0.5, "name_of_the_wds": "Dwaraka Nagar WDS", "commissioned_on": null, "status": "3", "source": "OpenCity (data.opencity.in)", "publisher": "Chennai Metropolitan Water Supply and Sewerage Board (CMWSSB)" }, "geometry": { "type": "Point", "coordinates": [ 80.271866, 13.195145 ] } },
{ "type": "Feature", "properties": { "location": "4", "depot": "15", "capacity_of_oht_ml": 0.56999999000000001, "name_of_the_wds": "Manali New Town WDS", "commissioned_on": null, "status": "1", "source": "OpenCity (data.opencity.in)", "publisher": "Chennai Metropolitan Water Supply and Sewerage Board (CMWSSB)" }, "geometry": { "type": "Point", "coordinates": [ 80.272262, 13.213605 ] } },
{ "type": "Feature", "properties": { "location": "4", "depot": "19", "capacity_of_oht_ml": 1.04999995, "name_of_the_wds": "Mathur MMDA WDS", "commissioned_on": null, "status": "1", "source": "OpenCity (data.opencity.in)", "publisher": "Chennai Metropolitan Water Supply and Sewerage Board (CMWSSB)" }, "geometry": { "type": "Point", "coordinates": [ 80.247515, 13.169005 ] } },
{ "type": "Feature", "properties": { "location": "4", "depot": "19", "capacity_of_oht_ml": 1.2000000500000001, "name_of_the_wds": "Mathur Kosappur Road WDS", "commissioned_on": null, "status": "1", "source": "OpenCity (data.opencity.in)", "publisher": "Chennai Metropolitan Water Supply and Sewerage Board (CMWSSB)" }, "geometry": { "type": "Point", "coordinates": [ 80.238476, 13.172599 ] } },
{ "type": "Feature", "properties": { "location": "4", "depot": "17", "capacity_of_oht_ml": 0.30000000999999998, "name_of_the_wds": "Theeyambakkam WDS", "commissioned_on": null, "status": "1", "source": "OpenCity (data.opencity.in)", "publisher": "Chennai Metropolitan Water Supply and Sewerage Board (CMWSSB)" }, "geometry": { "type": "Point", "coordinates": [ 80.23834, 13.194008 ] } },
{ "type": "Feature", "properties": { "location": "4", "depot": "17", "capacity_of_oht_ml": 0.2, "name_of_the_wds": "Vadaperumbakkam WDS", "commissioned_on": null, "status": "1", "source": "OpenCity (data.opencity.in)", "publisher": "Chennai Metropolitan Water Supply and Sewerage Board (CMWSSB)" }, "geometry": { "type": "Point", "coordinates": [ 80.212859, 13.179241 ] } },
{ "type": "Feature", "properties": { "location": "4", "depot": "23", "capacity_of_oht_ml": 0.69999999000000002, "name_of_the_wds": "Kannappasamy Nagar WDS", "commissioned_on": null, "status": "1", "source": "OpenCity (data.opencity.in)", "publisher": "Chennai Metropolitan Water Supply and Sewerage Board (CMWSSB)" }, "geometry": { "type": "Point", "coordinates": [ 80.191837, 13.170217 ] } },
{ "type": "Feature", "properties": { "location": "4", "depot": "23", "capacity_of_oht_ml": 5.0, "name_of_the_wds": "Puzhal New WDS", "commissioned_on": null, "status": "1", "source": "OpenCity (data.opencity.in)", "publisher": "Chennai Metropolitan Water Supply and Sewerage Board (CMWSSB)" }, "geometry": { "type": "Point", "coordinates": [ 80.196798, 13.159726 ] } },
{ "type": "Feature", "properties": { "location": "6", "depot": "16", "capacity_of_oht_ml": 0.06, "name_of_the_wds": "NA", "commissioned_on": null, "status": "1", "source": "OpenCity (data.opencity.in)", "publisher": "Chennai Metropolitan Water Supply and Sewerage Board (CMWSSB)" }, "geometry": { "type": "Point", "coordinates": [ 80.255195, 13.192386 ] } },
{ "type": "Feature", "properties": { "location": "6", "depot": "16", "capacity_of_oht_ml": 0.03, "name_of_the_wds": "NA", "commissioned_on": null, "status": "1", "source": "OpenCity (data.opencity.in)", "publisher": "Chennai Metropolitan Water Supply and Sewerage Board (CMWSSB)" }, "geometry": { "type": "Point", "coordinates": [ 80.252948, 13.197295 ] } },
{ "type": "Feature", "properties": { "location": "6", "depot": "16", "capacity_of_oht_ml": 0.03, "name_of_the_wds": "NA", "commissioned_on": null, "status": "1", "source": "OpenCity (data.opencity.in)", "publisher": "Chennai Metropolitan Water Supply and Sewerage Board (CMWSSB)" }, "geometry": { "type": "Point", "coordinates": [ 80.263391, 13.192921 ] } },
{ "type": "Feature", "properties": { "location": "6", "depot": "16", "capacity_of_oht_ml": 0.03, "name_of_the_wds": "NA", "commissioned_on": null, "status": "1", "source": "OpenCity (data.opencity.in)", "publisher": "Chennai Metropolitan Water Supply and Sewerage Board (CMWSSB)" }, "geometry": { "type": "Point", "coordinates": [ 80.257524, 13.194156 ] } },
{ "type": "Feature", "properties": { "location": "4", "depot": "18", "capacity_of_oht_ml": 0.30000000999999998, "name_of_the_wds": "Vimlapuram WDS", "commissioned_on": null, "status": "1", "source": "OpenCity (data.opencity.in)", "publisher": "Chennai Metropolitan Water Supply and Sewerage Board (CMWSSB)" }, "geometry": { "type": "Point", "coordinates": [ 80.258306, 13.169183 ] } },
{ "type": "Feature", "properties": { "location": "6", "depot": "18", "capacity_of_oht_ml": 0.03, "name_of_the_wds": "NA", "commissioned_on": null, "status": "1", "source": "OpenCity (data.opencity.in)", "publisher": "Chennai Metropolitan Water Supply and Sewerage Board (CMWSSB)" }, "geometry": { "type": "Point", "coordinates": [ 80.262339, 13.16747 ] } },
{ "type": "Feature", "properties": { "location": "6", "depot": "21", "capacity_of_oht_ml": 0.1, "name_of_the_wds": "NA", "commissioned_on": null, "status": "1", "source": "OpenCity (data.opencity.in)", "publisher": "Chennai Metropolitan Water Supply and Sewerage Board (CMWSSB)" }, "geometry": { "type": "Point", "coordinates": [ 80.262963, 13.164525 ] } },
{ "type": "Feature", "properties": { "location": "6", "depot": "20", "capacity_of_oht_ml": 0.1, "name_of_the_wds": "NA", "commissioned_on": null, "status": "1", "source": "OpenCity (data.opencity.in)", "publisher": "Chennai Metropolitan Water Supply and Sewerage Board (CMWSSB)" }, "geometry": { "type": "Point", "coordinates": [ 80.255431, 13.165735 ] } },
{ "type": "Feature", "properties": { "location": "6", "depot": "18", "capacity_of_oht_ml": 0.1, "name_of_the_wds": "NA", "commissioned_on": null, "status": "1", "source": "OpenCity (data.opencity.in)", "publisher": "Chennai Metropolitan Water Supply and Sewerage Board (CMWSSB)" }, "geometry": { "type": "Point", "coordinates": [ 80.255708, 13.17355 ] } },
{ "type": "Feature", "properties": { "location": "9", "depot": "17", "capacity_of_oht_ml": null, "name_of_the_wds": "Vadaperumbakkam", "commissioned_on": null, "status": "1", "source": "OpenCity (data.opencity.in)", "publisher": "Chennai Metropolitan Water Supply and Sewerage Board (CMWSSB)" }, "geometry": { "type": "Point", "coordinates": [ 80.212873, 13.179168 ] } },
{ "type": "Feature", "properties": { "location": "4", "depot": "88", "capacity_of_oht_ml": 0.69999999000000002, "name_of_the_wds": "Anna Nagar West Extension I WDS", "commissioned_on": null, "status": "1", "source": "OpenCity (data.opencity.in)", "publisher": "Chennai Metropolitan Water Supply and Sewerage Board (CMWSSB)" }, "geometry": { "type": "Point", "coordinates": [ 80.192907, 13.095033 ] } },
{ "type": "Feature", "properties": { "location": "4", "depot": "88", "capacity_of_oht_ml": 1.0, "name_of_the_wds": "Anna Nagar West Extension I WDS", "commissioned_on": null, "status": "1", "source": "OpenCity (data.opencity.in)", "publisher": "Chennai Metropolitan Water Supply and Sewerage Board (CMWSSB)" }, "geometry": { "type": "Point", "coordinates": [ 80.191803, 13.09495 ] } },
{ "type": "Feature", "properties": { "location": "4", "depot": "89", "capacity_of_oht_ml": 0.80000000999999998, "name_of_the_wds": "Anna Nagar West Extension II WDS", "commissioned_on": null, "status": "1", "source": "OpenCity (data.opencity.in)", "publisher": "Chennai Metropolitan Water Supply and Sewerage Board (CMWSSB)" }, "geometry": { "type": "Point", "coordinates": [ 80.182011, 13.087688 ] } },
{ "type": "Feature", "properties": { "location": "4", "depot": "89", "capacity_of_oht_ml": 2.2000000499999999, "name_of_the_wds": "Anna Nagar West Extension II WDS", "commissioned_on": null, "status": "1", "source": "OpenCity (data.opencity.in)", "publisher": "Chennai Metropolitan Water Supply and Sewerage Board (CMWSSB)" }, "geometry": { "type": "Point", "coordinates": [ 80.181567, 13.087131 ] } },
{ "type": "Feature", "properties": { "location": "4", "depot": "79", "capacity_of_oht_ml": 1.7999999499999999, "name_of_the_wds": "Dr. Ambedkar Street WDS", "commissioned_on": null, "status": "1", "source": "OpenCity (data.opencity.in)", "publisher": "Chennai Metropolitan Water Supply and Sewerage Board (CMWSSB)" }, "geometry": { "type": "Point", "coordinates": [ 80.15751, 13.131556 ] } },
{ "type": "Feature", "properties": { "location": "4", "depot": "79", "capacity_of_oht_ml": 1.7999999499999999, "name_of_the_wds": "Othavadi Street WDS", "commissioned_on": null, "status": "1", "source": "OpenCity (data.opencity.in)", "publisher": "Chennai Metropolitan Water Supply and Sewerage Board (CMWSSB)" }, "geometry": { "type": "Point", "coordinates": [ 80.153294, 13.129838 ] } },
{ "type": "Feature", "properties": { "location": "4", "depot": "82", "capacity_of_oht_ml": 1.0, "name_of_the_wds": "Pillayar Kovil Street WDS", "commissioned_on": null, "status": "1", "source": "OpenCity (data.opencity.in)", "publisher": "Chennai Metropolitan Water Supply and Sewerage Board (CMWSSB)" }, "geometry": { "type": "Point", "coordinates": [ 80.170021, 13.132711 ] } },
{ "type": "Feature", "properties": { "location": "4", "depot": "82", "capacity_of_oht_ml": 1.0, "name_of_the_wds": "Munusamy Koil Street WDS", "commissioned_on": null, "status": "1", "source": "OpenCity (data.opencity.in)", "publisher": "Chennai Metropolitan Water Supply and Sewerage Board (CMWSSB)" }, "geometry": { "type": "Point", "coordinates": [ 80.168574, 13.125112 ] } },
{ "type": "Feature", "properties": { "location": "4", "depot": "86", "capacity_of_oht_ml": null, "name_of_the_wds": "I.C.F. Colony WDS", "commissioned_on": null, "status": "3", "source": "OpenCity (data.opencity.in)", "publisher": "Chennai Metropolitan Water Supply and Sewerage Board (CMWSSB)" }, "geometry": { "type": "Point", "coordinates": [ 80.147151, 13.09753 ] } },
{ "type": "Feature", "properties": { "location": "4", "depot": "92", "capacity_of_oht_ml": 1.0, "name_of_the_wds": "Mogappair East Head Works(New)", "commissioned_on": null, "status": "1", "source": "OpenCity (data.opencity.in)", "publisher": "Chennai Metropolitan Water Supply and Sewerage Board (CMWSSB)" }, "geometry": { "type": "Point", "coordinates": [ 80.181936, 13.085458 ] } },
{ "type": "Feature", "properties": { "location": "4", "depot": "92", "capacity_of_oht_ml": 2.0, "name_of_the_wds": "Mogappair East Head Works(Old)", "commissioned_on": null, "status": "1", "source": "OpenCity (data.opencity.in)", "publisher": "Chennai Metropolitan Water Supply and Sewerage Board (CMWSSB)" }, "geometry": { "type": "Point", "coordinates": [ 80.181121, 13.084848 ] } },
{ "type": "Feature", "properties": { "location": "4", "depot": "79", "capacity_of_oht_ml": 1.2999999499999999, "name_of_the_wds": "Dr.Ambedkar Street Head Works(Old) - I", "commissioned_on": null, "status": "1", "source": "OpenCity (data.opencity.in)", "publisher": "Chennai Metropolitan Water Supply and Sewerage Board (CMWSSB)" }, "geometry": { "type": "Point", "coordinates": [ 80.157117, 13.131487 ] } },
{ "type": "Feature", "properties": { "location": "4", "depot": "86", "capacity_of_oht_ml": 0.89999998000000003, "name_of_the_wds": "I.C.F. Colony WDS", "commissioned_on": null, "status": "1", "source": "OpenCity (data.opencity.in)", "publisher": "Chennai Metropolitan Water Supply and Sewerage Board (CMWSSB)" }, "geometry": { "type": "Point", "coordinates": [ 80.147001, 13.097444 ] } },
{ "type": "Feature", "properties": { "location": "4", "depot": "86", "capacity_of_oht_ml": 1.7999999499999999, "name_of_the_wds": "Mannurpet WDS", "commissioned_on": null, "status": "1", "source": "OpenCity (data.opencity.in)", "publisher": "Chennai Metropolitan Water Supply and Sewerage Board (CMWSSB)" }, "geometry": { "type": "Point", "coordinates": [ 80.172198, 13.101553 ] } },
{ "type": "Feature", "properties": { "location": "4", "depot": "86", "capacity_of_oht_ml": 0.5, "name_of_the_wds": "Athipet WDS", "commissioned_on": null, "status": "1", "source": "OpenCity (data.opencity.in)", "publisher": "Chennai Metropolitan Water Supply and Sewerage Board (CMWSSB)" }, "geometry": { "type": "Point", "coordinates": [ 80.158893, 13.093712 ] } },
{ "type": "Feature", "properties": { "location": "4", "depot": "89", "capacity_of_oht_ml": 1.7999999499999999, "name_of_the_wds": "Elango Nagar WDS", "commissioned_on": null, "status": "1", "source": "OpenCity (data.opencity.in)", "publisher": "Chennai Metropolitan Water Supply and Sewerage Board (CMWSSB)" }, "geometry": { "type": "Point", "coordinates": [ 80.186486, 13.090413 ] } },
{ "type": "Feature", "properties": { "location": "4", "depot": "89", "capacity_of_oht_ml": 1.7999999499999999, "name_of_the_wds": "Elango Nagar WDS", "commissioned_on": null, "status": "1", "source": "OpenCity (data.opencity.in)", "publisher": "Chennai Metropolitan Water Supply and Sewerage Board (CMWSSB)" }, "geometry": { "type": "Point", "coordinates": [ 80.186506, 13.090702 ] } },
{ "type": "Feature", "properties": { "location": "6", "depot": "84", "capacity_of_oht_ml": 1.60000002, "name_of_the_wds": "Korattur New OHT OWW", "commissioned_on": null, "status": "1", "source": "OpenCity (data.opencity.in)", "publisher": "Chennai Metropolitan Water Supply and Sewerage Board (CMWSSB)" }, "geometry": { "type": "Point", "coordinates": [ 80.181431, 13.109514 ] } },
{ "type": "Feature", "properties": { "location": "4", "depot": "91", "capacity_of_oht_ml": 1.2999999499999999, "name_of_the_wds": "Mogappair West WDS", "commissioned_on": null, "status": "1", "source": "OpenCity (data.opencity.in)", "publisher": "Chennai Metropolitan Water Supply and Sewerage Board (CMWSSB)" }, "geometry": { "type": "Point", "coordinates": [ 80.171253, 13.082266 ] } },
{ "type": "Feature", "properties": { "location": "4", "depot": "81", "capacity_of_oht_ml": 1.60000002, "name_of_the_wds": "Vivek Nagar WDS", "commissioned_on": null, "status": "1", "source": "OpenCity (data.opencity.in)", "publisher": "Chennai Metropolitan Water Supply and Sewerage Board (CMWSSB)" }, "geometry": { "type": "Point", "coordinates": [ 80.148484, 13.117581 ] } },
{ "type": "Feature", "properties": { "location": "4", "depot": "85", "capacity_of_oht_ml": 2.5, "name_of_the_wds": "T.I. Cycles WDS", "commissioned_on": null, "status": "1", "source": "OpenCity (data.opencity.in)", "publisher": "Chennai Metropolitan Water Supply and Sewerage Board (CMWSSB)" }, "geometry": { "type": "Point", "coordinates": [ 80.152918, 13.106735 ] } },
{ "type": "Feature", "properties": { "location": "4", "depot": "83", "capacity_of_oht_ml": 1.7000000500000001, "name_of_the_wds": "Rajiv Nagar WDS", "commissioned_on": null, "status": "1", "source": "OpenCity (data.opencity.in)", "publisher": "Chennai Metropolitan Water Supply and Sewerage Board (CMWSSB)" }, "geometry": { "type": "Point", "coordinates": [ 80.192166, 13.115927 ] } },
{ "type": "Feature", "properties": { "location": "4", "depot": "91", "capacity_of_oht_ml": 1.5, "name_of_the_wds": "Eri Scheme WDS", "commissioned_on": null, "status": "1", "source": "OpenCity (data.opencity.in)", "publisher": "Chennai Metropolitan Water Supply and Sewerage Board (CMWSSB)" }, "geometry": { "type": "Point", "coordinates": [ 80.174737, 13.076628 ] } },
{ "type": "Feature", "properties": { "location": "4", "depot": "82", "capacity_of_oht_ml": null, "name_of_the_wds": "Munusamy Koil Street WDS", "commissioned_on": null, "status": "3", "source": "OpenCity (data.opencity.in)", "publisher": "Chennai Metropolitan Water Supply and Sewerage Board (CMWSSB)" }, "geometry": { "type": "Point", "coordinates": [ 80.168403, 13.125343 ] } },
{ "type": "Feature", "properties": { "location": "4", "depot": "91", "capacity_of_oht_ml": 1.0, "name_of_the_wds": "Mogappair West WDS Old", "commissioned_on": null, "status": "1", "source": "OpenCity (data.opencity.in)", "publisher": "Chennai Metropolitan Water Supply and Sewerage Board (CMWSSB)" }, "geometry": { "type": "Point", "coordinates": [ 80.170913, 13.082104 ] } },
{ "type": "Feature", "properties": { "location": "4", "depot": "94", "capacity_of_oht_ml": 8.5, "name_of_the_wds": "Sidco Nagar WDS", "commissioned_on": null, "status": "1", "source": "OpenCity (data.opencity.in)", "publisher": "Chennai Metropolitan Water Supply and Sewerage Board (CMWSSB)" }, "geometry": { "type": "Point", "coordinates": [ 80.200969, 13.106376 ] } },
{ "type": "Feature", "properties": { "location": "4", "depot": "94", "capacity_of_oht_ml": 1.5, "name_of_the_wds": "Rajamangalam WDS", "commissioned_on": null, "status": "1", "source": "OpenCity (data.opencity.in)", "publisher": "Chennai Metropolitan Water Supply and Sewerage Board (CMWSSB)" }, "geometry": { "type": "Point", "coordinates": [ 80.20429, 13.112614 ] } },
{ "type": "Feature", "properties": { "location": "4", "depot": "104", "capacity_of_oht_ml": 1.10000002, "name_of_the_wds": "Anna Nagar WDS", "commissioned_on": null, "status": "1", "source": "OpenCity (data.opencity.in)", "publisher": "Chennai Metropolitan Water Supply and Sewerage Board (CMWSSB)" }, "geometry": { "type": "Point", "coordinates": [ 80.201812, 13.084788 ] } },
{ "type": "Feature", "properties": { "location": "4", "depot": "179", "capacity_of_oht_ml": 0.40000001000000002, "name_of_the_wds": "Kalakshetra Head Works", "commissioned_on": "1987/01/01 05:30:00", "status": "1", "source": "OpenCity (data.opencity.in)", "publisher": "Chennai Metropolitan Water Supply and Sewerage Board (CMWSSB)" }, "geometry": { "type": "Point", "coordinates": [ 80.267914, 12.991527 ] } },
{ "type": "Feature", "properties": { "location": "4", "depot": "180", "capacity_of_oht_ml": null, "name_of_the_wds": "Thiruvanmiyur WDS", "commissioned_on": null, "status": "1", "source": "OpenCity (data.opencity.in)", "publisher": "Chennai Metropolitan Water Supply and Sewerage Board (CMWSSB)" }, "geometry": { "type": "Point", "coordinates": [ 80.263769, 12.983557 ] } },
{ "type": "Feature", "properties": { "location": "4", "depot": "172", "capacity_of_oht_ml": 0.75, "name_of_the_wds": "Pallipattu WDS", "commissioned_on": null, "status": "1", "source": "OpenCity (data.opencity.in)", "publisher": "Chennai Metropolitan Water Supply and Sewerage Board (CMWSSB)" }, "geometry": { "type": "Point", "coordinates": [ 80.243236, 13.003669 ] } },
{ "type": "Feature", "properties": { "location": "4", "depot": "113", "capacity_of_oht_ml": 4.5, "name_of_the_wds": "Southern Headworks", "commissioned_on": null, "status": "1", "source": "OpenCity (data.opencity.in)", "publisher": "Chennai Metropolitan Water Supply and Sewerage Board (CMWSSB)" }, "geometry": { "type": "Point", "coordinates": [ 80.244937, 13.051518 ] } },
{ "type": "Feature", "properties": { "location": "4", "depot": "110", "capacity_of_oht_ml": 3.0, "name_of_the_wds": "Valluvarkottam WDS", "commissioned_on": null, "status": "1", "source": "OpenCity (data.opencity.in)", "publisher": "Chennai Metropolitan Water Supply and Sewerage Board (CMWSSB)" }, "geometry": { "type": "Point", "coordinates": [ 80.239268, 13.053261 ] } },
{ "type": "Feature", "properties": { "location": "4", "depot": "136", "capacity_of_oht_ml": 2.4000001, "name_of_the_wds": "K.K.Nagar New WDS", "commissioned_on": null, "status": "1", "source": "OpenCity (data.opencity.in)", "publisher": "Chennai Metropolitan Water Supply and Sewerage Board (CMWSSB)" }, "geometry": { "type": "Point", "coordinates": [ 80.203225, 13.042542 ] } },
{ "type": "Feature", "properties": { "location": "4", "depot": "136", "capacity_of_oht_ml": 0.91000003, "name_of_the_wds": "K.K.Nagar Old WDS", "commissioned_on": null, "status": "1", "source": "OpenCity (data.opencity.in)", "publisher": "Chennai Metropolitan Water Supply and Sewerage Board (CMWSSB)" }, "geometry": { "type": "Point", "coordinates": [ 80.202482, 13.041177 ] } },
{ "type": "Feature", "properties": { "location": "4", "depot": "136", "capacity_of_oht_ml": 0.91000003, "name_of_the_wds": "K.K.Nagar Old WDS", "commissioned_on": null, "status": "1", "source": "OpenCity (data.opencity.in)", "publisher": "Chennai Metropolitan Water Supply and Sewerage Board (CMWSSB)" }, "geometry": { "type": "Point", "coordinates": [ 80.202438, 13.040867 ] } },
{ "type": "Feature", "properties": { "location": "4", "depot": "153", "capacity_of_oht_ml": 0.5, "name_of_the_wds": "Ramakrishna Nagar WDS", "commissioned_on": null, "status": "1", "source": "OpenCity (data.opencity.in)", "publisher": "Chennai Metropolitan Water Supply and Sewerage Board (CMWSSB)" }, "geometry": { "type": "Point", "coordinates": [ 80.157018, 13.026591 ] } },
{ "type": "Feature", "properties": { "location": "4", "depot": "153", "capacity_of_oht_ml": 0.5, "name_of_the_wds": "Ramakrishna Nagar WDS", "commissioned_on": null, "status": "1", "source": "OpenCity (data.opencity.in)", "publisher": "Chennai Metropolitan Water Supply and Sewerage Board (CMWSSB)" }, "geometry": { "type": "Point", "coordinates": [ 80.156631, 13.026041 ] } },
{ "type": "Feature", "properties": { "location": "6", "depot": "151", "capacity_of_oht_ml": 0.5, "name_of_the_wds": "NA", "commissioned_on": null, "status": "1", "source": "OpenCity (data.opencity.in)", "publisher": "Chennai Metropolitan Water Supply and Sewerage Board (CMWSSB)" }, "geometry": { "type": "Point", "coordinates": [ 80.168817, 13.02596 ] } },
{ "type": "Feature", "properties": { "location": "4", "depot": "150", "capacity_of_oht_ml": 1.0, "name_of_the_wds": "Alapakkam WDS", "commissioned_on": null, "status": "1", "source": "OpenCity (data.opencity.in)", "publisher": "Chennai Metropolitan Water Supply and Sewerage Board (CMWSSB)" }, "geometry": { "type": "Point", "coordinates": [ 80.165485, 13.040709 ] } },
{ "type": "Feature", "properties": { "location": "4", "depot": "150", "capacity_of_oht_ml": 2.5, "name_of_the_wds": "Karambakkam WDS", "commissioned_on": null, "status": "1", "source": "OpenCity (data.opencity.in)", "publisher": "Chennai Metropolitan Water Supply and Sewerage Board (CMWSSB)" }, "geometry": { "type": "Point", "coordinates": [ 80.146925, 13.041079 ] } },
{ "type": "Feature", "properties": { "location": "4", "depot": "153", "capacity_of_oht_ml": 0.5, "name_of_the_wds": "Mount Poonamalle WDS", "commissioned_on": null, "status": "1", "source": "OpenCity (data.opencity.in)", "publisher": "Chennai Metropolitan Water Supply and Sewerage Board (CMWSSB)" }, "geometry": { "type": "Point", "coordinates": [ 80.161925, 13.032858 ] } },
{ "type": "Feature", "properties": { "location": "4", "depot": "151", "capacity_of_oht_ml": 0.5, "name_of_the_wds": "Chinna Porur WDS", "commissioned_on": null, "status": "1", "source": "OpenCity (data.opencity.in)", "publisher": "Chennai Metropolitan Water Supply and Sewerage Board (CMWSSB)" }, "geometry": { "type": "Point", "coordinates": [ 80.170196, 13.036317 ] } },
{ "type": "Feature", "properties": { "location": "4", "depot": "147", "capacity_of_oht_ml": 0.5, "name_of_the_wds": "Ganga Nagar WDS", "commissioned_on": null, "status": "1", "source": "OpenCity (data.opencity.in)", "publisher": "Chennai Metropolitan Water Supply and Sewerage Board (CMWSSB)" }, "geometry": { "type": "Point", "coordinates": [ 80.17558, 13.054085 ] } },
{ "type": "Feature", "properties": { "location": "4", "depot": "147", "capacity_of_oht_ml": 0.06, "name_of_the_wds": "Ganga Nagar WDS", "commissioned_on": null, "status": "3", "source": "OpenCity (data.opencity.in)", "publisher": "Chennai Metropolitan Water Supply and Sewerage Board (CMWSSB)" }, "geometry": { "type": "Point", "coordinates": [ 80.175533, 13.054239 ] } },
{ "type": "Feature", "properties": { "location": "4", "depot": "144", "capacity_of_oht_ml": 0.5, "name_of_the_wds": "CMDA Colony WDS", "commissioned_on": null, "status": "1", "source": "OpenCity (data.opencity.in)", "publisher": "Chennai Metropolitan Water Supply and Sewerage Board (CMWSSB)" }, "geometry": { "type": "Point", "coordinates": [ 80.175655, 13.062311 ] } },
{ "type": "Feature", "properties": { "location": "4", "depot": "144", "capacity_of_oht_ml": 0.30000000999999998, "name_of_the_wds": "CMDA Colony WDS", "commissioned_on": null, "status": "1", "source": "OpenCity (data.opencity.in)", "publisher": "Chennai Metropolitan Water Supply and Sewerage Board (CMWSSB)" }, "geometry": { "type": "Point", "coordinates": [ 80.175815, 13.06234 ] } },
{ "type": "Feature", "properties": { "location": "4", "depot": "147", "capacity_of_oht_ml": 0.5, "name_of_the_wds": "Pallavan Nagar WDS", "commissioned_on": null, "status": "1", "source": "OpenCity (data.opencity.in)", "publisher": "Chennai Metropolitan Water Supply and Sewerage Board (CMWSSB)" }, "geometry": { "type": "Point", "coordinates": [ 80.167278, 13.059937 ] } },
{ "type": "Feature", "properties": { "location": "4", "depot": "143", "capacity_of_oht_ml": 1.5, "name_of_the_wds": "Nolambur WDS", "commissioned_on": null, "status": "1", "source": "OpenCity (data.opencity.in)", "publisher": "Chennai Metropolitan Water Supply and Sewerage Board (CMWSSB)" }, "geometry": { "type": "Point", "coordinates": [ 80.165205, 13.079504 ] } },
{ "type": "Feature", "properties": { "location": "4", "depot": "143", "capacity_of_oht_ml": 0.60000001999999997, "name_of_the_wds": "Nolambur WDS", "commissioned_on": null, "status": "1", "source": "OpenCity (data.opencity.in)", "publisher": "Chennai Metropolitan Water Supply and Sewerage Board (CMWSSB)" }, "geometry": { "type": "Point", "coordinates": [ 80.165273, 13.079306 ] } },
{ "type": "Feature", "properties": { "location": "6", "depot": "155", "capacity_of_oht_ml": 0.06, "name_of_the_wds": "NA", "commissioned_on": null, "status": "1", "source": "OpenCity (data.opencity.in)", "publisher": "Chennai Metropolitan Water Supply and Sewerage Board (CMWSSB)" }, "geometry": { "type": "Point", "coordinates": [ 80.190485, 13.026694 ] } },
{ "type": "Feature", "properties": { "location": "6", "depot": "155", "capacity_of_oht_ml": 0.06, "name_of_the_wds": "NA", "commissioned_on": null, "status": "1", "source": "OpenCity (data.opencity.in)", "publisher": "Chennai Metropolitan Water Supply and Sewerage Board (CMWSSB)" }, "geometry": { "type": "Point", "coordinates": [ 80.179024, 13.031802 ] } },
{ "type": "Feature", "properties": { "location": "6", "depot": "155", "capacity_of_oht_ml": 0.1, "name_of_the_wds": "NA", "commissioned_on": null, "status": "1", "source": "OpenCity (data.opencity.in)", "publisher": "Chennai Metropolitan Water Supply and Sewerage Board (CMWSSB)" }, "geometry": { "type": "Point", "coordinates": [ 80.178458, 13.0303 ] } },
{ "type": "Feature", "properties": { "location": "6", "depot": "155", "capacity_of_oht_ml": 0.1, "name_of_the_wds": "NA", "commissioned_on": null, "status": "1", "source": "OpenCity (data.opencity.in)", "publisher": "Chennai Metropolitan Water Supply and Sewerage Board (CMWSSB)" }, "geometry": { "type": "Point", "coordinates": [ 80.184957, 13.030652 ] } },
{ "type": "Feature", "properties": { "location": "6", "depot": "155", "capacity_of_oht_ml": 0.06, "name_of_the_wds": "NA", "commissioned_on": null, "status": "1", "source": "OpenCity (data.opencity.in)", "publisher": "Chennai Metropolitan Water Supply and Sewerage Board (CMWSSB)" }, "geometry": { "type": "Point", "coordinates": [ 80.186507, 13.030409 ] } },
{ "type": "Feature", "properties": { "location": "6", "depot": "155", "capacity_of_oht_ml": 0.06, "name_of_the_wds": "NA", "commissioned_on": null, "status": "1", "source": "OpenCity (data.opencity.in)", "publisher": "Chennai Metropolitan Water Supply and Sewerage Board (CMWSSB)" }, "geometry": { "type": "Point", "coordinates": [ 80.188413, 13.034718 ] } },
{ "type": "Feature", "properties": { "location": "6", "depot": "155", "capacity_of_oht_ml": 0.06, "name_of_the_wds": "NA", "commissioned_on": null, "status": "1", "source": "OpenCity (data.opencity.in)", "publisher": "Chennai Metropolitan Water Supply and Sewerage Board (CMWSSB)" }, "geometry": { "type": "Point", "coordinates": [ 80.184974, 13.033954 ] } },
{ "type": "Feature", "properties": { "location": "6", "depot": "155", "capacity_of_oht_ml": 0.1, "name_of_the_wds": "NA", "commissioned_on": null, "status": "1", "source": "OpenCity (data.opencity.in)", "publisher": "Chennai Metropolitan Water Supply and Sewerage Board (CMWSSB)" }, "geometry": { "type": "Point", "coordinates": [ 80.183931, 13.031641 ] } },
{ "type": "Feature", "properties": { "location": "6", "depot": "155", "capacity_of_oht_ml": 0.06, "name_of_the_wds": "NA", "commissioned_on": null, "status": "1", "source": "OpenCity (data.opencity.in)", "publisher": "Chennai Metropolitan Water Supply and Sewerage Board (CMWSSB)" }, "geometry": { "type": "Point", "coordinates": [ 80.178432, 13.030691 ] } },
{ "type": "Feature", "properties": { "location": "6", "depot": "154", "capacity_of_oht_ml": 0.06, "name_of_the_wds": "NA", "commissioned_on": null, "status": "1", "source": "OpenCity (data.opencity.in)", "publisher": "Chennai Metropolitan Water Supply and Sewerage Board (CMWSSB)" }, "geometry": { "type": "Point", "coordinates": [ 80.178834, 13.028339 ] } },
{ "type": "Feature", "properties": { "location": "6", "depot": "154", "capacity_of_oht_ml": 0.06, "name_of_the_wds": "NA", "commissioned_on": null, "status": "1", "source": "OpenCity (data.opencity.in)", "publisher": "Chennai Metropolitan Water Supply and Sewerage Board (CMWSSB)" }, "geometry": { "type": "Point", "coordinates": [ 80.17996, 13.027057 ] } },
{ "type": "Feature", "properties": { "location": "6", "depot": "155", "capacity_of_oht_ml": 0.06, "name_of_the_wds": "NA", "commissioned_on": null, "status": "1", "source": "OpenCity (data.opencity.in)", "publisher": "Chennai Metropolitan Water Supply and Sewerage Board (CMWSSB)" }, "geometry": { "type": "Point", "coordinates": [ 80.182844, 13.035148 ] } },
{ "type": "Feature", "properties": { "location": "6", "depot": "155", "capacity_of_oht_ml": 0.06, "name_of_the_wds": "NA", "commissioned_on": null, "status": "1", "source": "OpenCity (data.opencity.in)", "publisher": "Chennai Metropolitan Water Supply and Sewerage Board (CMWSSB)" }, "geometry": { "type": "Point", "coordinates": [ 80.186027, 13.037388 ] } },
{ "type": "Feature", "properties": { "location": "6", "depot": "154", "capacity_of_oht_ml": 0.06, "name_of_the_wds": "NA", "commissioned_on": null, "status": "1", "source": "OpenCity (data.opencity.in)", "publisher": "Chennai Metropolitan Water Supply and Sewerage Board (CMWSSB)" }, "geometry": { "type": "Point", "coordinates": [ 80.175037, 13.031751 ] } },
{ "type": "Feature", "properties": { "location": "6", "depot": "154", "capacity_of_oht_ml": 0.06, "name_of_the_wds": "NA", "commissioned_on": null, "status": "1", "source": "OpenCity (data.opencity.in)", "publisher": "Chennai Metropolitan Water Supply and Sewerage Board (CMWSSB)" }, "geometry": { "type": "Point", "coordinates": [ 80.176255, 13.034413 ] } },
{ "type": "Feature", "properties": { "location": "6", "depot": "155", "capacity_of_oht_ml": 0.06, "name_of_the_wds": "NA", "commissioned_on": null, "status": "1", "source": "OpenCity (data.opencity.in)", "publisher": "Chennai Metropolitan Water Supply and Sewerage Board (CMWSSB)" }, "geometry": { "type": "Point", "coordinates": [ 80.178046, 13.033569 ] } },
{ "type": "Feature", "properties": { "location": "6", "depot": "154", "capacity_of_oht_ml": 0.06, "name_of_the_wds": "NA", "commissioned_on": null, "status": "1", "source": "OpenCity (data.opencity.in)", "publisher": "Chennai Metropolitan Water Supply and Sewerage Board (CMWSSB)" }, "geometry": { "type": "Point", "coordinates": [ 80.174016, 13.034798 ] } },
{ "type": "Feature", "properties": { "location": "6", "depot": "154", "capacity_of_oht_ml": 0.1, "name_of_the_wds": "NA", "commissioned_on": null, "status": "1", "source": "OpenCity (data.opencity.in)", "publisher": "Chennai Metropolitan Water Supply and Sewerage Board (CMWSSB)" }, "geometry": { "type": "Point", "coordinates": [ 80.173749, 13.031152 ] } },
{ "type": "Feature", "properties": { "location": "6", "depot": "155", "capacity_of_oht_ml": 0.06, "name_of_the_wds": "NA", "commissioned_on": null, "status": "1", "source": "OpenCity (data.opencity.in)", "publisher": "Chennai Metropolitan Water Supply and Sewerage Board (CMWSSB)" }, "geometry": { "type": "Point", "coordinates": [ 80.182385, 13.027273 ] } },
{ "type": "Feature", "properties": { "location": "4", "depot": "156", "capacity_of_oht_ml": 1.0, "name_of_the_wds": "Madha Nagar WDS", "commissioned_on": null, "status": "1", "source": "OpenCity (data.opencity.in)", "publisher": "Chennai Metropolitan Water Supply and Sewerage Board (CMWSSB)" }, "geometry": { "type": "Point", "coordinates": [ 80.148584, 13.01934 ] } },
{ "type": "Feature", "properties": { "location": "4", "depot": "156", "capacity_of_oht_ml": 0.05, "name_of_the_wds": "Madha Nagar WDS", "commissioned_on": null, "status": "4", "source": "OpenCity (data.opencity.in)", "publisher": "Chennai Metropolitan Water Supply and Sewerage Board (CMWSSB)" }, "geometry": { "type": "Point", "coordinates": [ 80.148547, 13.019472 ] } },
{ "type": "Feature", "properties": { "location": "4", "depot": "156", "capacity_of_oht_ml": 1.0, "name_of_the_wds": "Arasamaram WDS", "commissioned_on": null, "status": "1", "source": "OpenCity (data.opencity.in)", "publisher": "Chennai Metropolitan Water Supply and Sewerage Board (CMWSSB)" }, "geometry": { "type": "Point", "coordinates": [ 80.167061, 13.020691 ] } },
{ "type": "Feature", "properties": { "location": "4", "depot": "158", "capacity_of_oht_ml": 0.5, "name_of_the_wds": "Nandambakkam WDS", "commissioned_on": null, "status": "1", "source": "OpenCity (data.opencity.in)", "publisher": "Chennai Metropolitan Water Supply and Sewerage Board (CMWSSB)" }, "geometry": { "type": "Point", "coordinates": [ 80.191774, 13.017146 ] } },
{ "type": "Feature", "properties": { "location": "6", "depot": "166", "capacity_of_oht_ml": 0.2, "name_of_the_wds": "K.K.Nagar OHT OWW", "commissioned_on": null, "status": "1", "source": "OpenCity (data.opencity.in)", "publisher": "Chennai Metropolitan Water Supply and Sewerage Board (CMWSSB)" }, "geometry": { "type": "Point", "coordinates": [ 80.181478, 12.97423 ] } },
{ "type": "Feature", "properties": { "location": "6", "depot": "167", "capacity_of_oht_ml": 1.0, "name_of_the_wds": "Lakshmi Nagar OHT OWW", "commissioned_on": null, "status": "1", "source": "OpenCity (data.opencity.in)", "publisher": "Chennai Metropolitan Water Supply and Sewerage Board (CMWSSB)" }, "geometry": { "type": "Point", "coordinates": [ 80.189494, 12.978931 ] } },
{ "type": "Feature", "properties": { "location": "4", "depot": "162", "capacity_of_oht_ml": 0.5, "name_of_the_wds": "Thillai Ganga Nagar WDS", "commissioned_on": null, "status": "1", "source": "OpenCity (data.opencity.in)", "publisher": "Chennai Metropolitan Water Supply and Sewerage Board (CMWSSB)" }, "geometry": { "type": "Point", "coordinates": [ 80.194988, 12.991898 ] } },
{ "type": "Feature", "properties": { "location": "6", "depot": "163", "capacity_of_oht_ml": 0.89999998000000003, "name_of_the_wds": "Parthasarathy Nagar OHT OWW", "commissioned_on": null, "status": "1", "source": "OpenCity (data.opencity.in)", "publisher": "Chennai Metropolitan Water Supply and Sewerage Board (CMWSSB)" }, "geometry": { "type": "Point", "coordinates": [ 80.200028, 12.990678 ] } },
{ "type": "Feature", "properties": { "location": "6", "depot": "167", "capacity_of_oht_ml": 1.0, "name_of_the_wds": "Eswaran Colony OHT OWW", "commissioned_on": null, "status": "1", "source": "OpenCity (data.opencity.in)", "publisher": "Chennai Metropolitan Water Supply and Sewerage Board (CMWSSB)" }, "geometry": { "type": "Point", "coordinates": [ 80.184493, 12.971725 ] } },
{ "type": "Feature", "properties": { "location": "4", "depot": "162", "capacity_of_oht_ml": 0.30000000999999998, "name_of_the_wds": "Kannan Colony WDS", "commissioned_on": null, "status": "1", "source": "OpenCity (data.opencity.in)", "publisher": "Chennai Metropolitan Water Supply and Sewerage Board (CMWSSB)" }, "geometry": { "type": "Point", "coordinates": [ 80.189228, 12.992458 ] } },
{ "type": "Feature", "properties": { "location": "4", "depot": "167", "capacity_of_oht_ml": 0.5, "name_of_the_wds": "Nehru Nedunchalai WDS", "commissioned_on": null, "status": "1", "source": "OpenCity (data.opencity.in)", "publisher": "Chennai Metropolitan Water Supply and Sewerage Board (CMWSSB)" }, "geometry": { "type": "Point", "coordinates": [ 80.18166, 12.977554 ] } },
{ "type": "Feature", "properties": { "location": "4", "depot": "167", "capacity_of_oht_ml": 1.39999998, "name_of_the_wds": "BV Nagar WDS", "commissioned_on": null, "status": "1", "source": "OpenCity (data.opencity.in)", "publisher": "Chennai Metropolitan Water Supply and Sewerage Board (CMWSSB)" }, "geometry": { "type": "Point", "coordinates": [ 80.180148, 12.98065 ] } },
{ "type": "Feature", "properties": { "location": "6", "depot": "164", "capacity_of_oht_ml": 0.89999998000000003, "name_of_the_wds": "Nanganallur OHT OWW", "commissioned_on": null, "status": "1", "source": "OpenCity (data.opencity.in)", "publisher": "Chennai Metropolitan Water Supply and Sewerage Board (CMWSSB)" }, "geometry": { "type": "Point", "coordinates": [ 80.18984, 12.985198 ] } },
{ "type": "Feature", "properties": { "location": "6", "depot": "160", "capacity_of_oht_ml": 1.89999998, "name_of_the_wds": "Alandur OHT OWW", "commissioned_on": null, "status": "1", "source": "OpenCity (data.opencity.in)", "publisher": "Chennai Metropolitan Water Supply and Sewerage Board (CMWSSB)" }, "geometry": { "type": "Point", "coordinates": [ 80.203282, 13.004063 ] } },
{ "type": "Feature", "properties": { "location": "6", "depot": "158", "capacity_of_oht_ml": 0.05, "name_of_the_wds": "Thulasinga puram OWW", "commissioned_on": null, "status": "1", "source": "OpenCity (data.opencity.in)", "publisher": "Chennai Metropolitan Water Supply and Sewerage Board (CMWSSB)" }, "geometry": { "type": "Point", "coordinates": [ 80.187118, 13.010765 ] } },
{ "type": "Feature", "properties": { "location": "6", "depot": "158", "capacity_of_oht_ml": 0.03, "name_of_the_wds": "Sundar Nagar OWW", "commissioned_on": null, "status": "1", "source": "OpenCity (data.opencity.in)", "publisher": "Chennai Metropolitan Water Supply and Sewerage Board (CMWSSB)" }, "geometry": { "type": "Point", "coordinates": [ 80.199015, 13.016892 ] } },
{ "type": "Feature", "properties": { "location": "6", "depot": "158", "capacity_of_oht_ml": 0.03, "name_of_the_wds": "Burma Colony OWW", "commissioned_on": null, "status": "1", "source": "OpenCity (data.opencity.in)", "publisher": "Chennai Metropolitan Water Supply and Sewerage Board (CMWSSB)" }, "geometry": { "type": "Point", "coordinates": [ 80.197534, 13.028377 ] } },
{ "type": "Feature", "properties": { "location": "6", "depot": "165", "capacity_of_oht_ml": 0.30000000999999998, "name_of_the_wds": "Balaji Nagar OHT OWW", "commissioned_on": null, "status": "1", "source": "OpenCity (data.opencity.in)", "publisher": "Chennai Metropolitan Water Supply and Sewerage Board (CMWSSB)" }, "geometry": { "type": "Point", "coordinates": [ 80.204507, 12.982011 ] } },
{ "type": "Feature", "properties": { "location": "4", "depot": "165", "capacity_of_oht_ml": 0.5, "name_of_the_wds": "Nethaji Street WDS", "commissioned_on": null, "status": "1", "source": "OpenCity (data.opencity.in)", "publisher": "Chennai Metropolitan Water Supply and Sewerage Board (CMWSSB)" }, "geometry": { "type": "Point", "coordinates": [ 80.200242, 12.98061 ] } },
{ "type": "Feature", "properties": { "location": "6", "depot": "161", "capacity_of_oht_ml": 1.2000000500000001, "name_of_the_wds": "Adambakkam Gate OHT OWW", "commissioned_on": null, "status": "1", "source": "OpenCity (data.opencity.in)", "publisher": "Chennai Metropolitan Water Supply and Sewerage Board (CMWSSB)" }, "geometry": { "type": "Point", "coordinates": [ 80.202841, 12.995929 ] } },
{ "type": "Feature", "properties": { "location": "4", "depot": "182", "capacity_of_oht_ml": 0.2, "name_of_the_wds": "Jeyendra Colony WDS", "commissioned_on": null, "status": "1", "source": "OpenCity (data.opencity.in)", "publisher": "Chennai Metropolitan Water Supply and Sewerage Board (CMWSSB)" }, "geometry": { "type": "Point", "coordinates": [ 80.247032, 12.969971 ] } },
{ "type": "Feature", "properties": { "location": "4", "depot": "182", "capacity_of_oht_ml": 0.1, "name_of_the_wds": "Burma Colony WDS", "commissioned_on": null, "status": "1", "source": "OpenCity (data.opencity.in)", "publisher": "Chennai Metropolitan Water Supply and Sewerage Board (CMWSSB)" }, "geometry": { "type": "Point", "coordinates": [ 80.246584, 12.961055 ] } },
{ "type": "Feature", "properties": { "location": "4", "depot": "189", "capacity_of_oht_ml": 2.0, "name_of_the_wds": "IIT Colony WDS", "commissioned_on": null, "status": "1", "source": "OpenCity (data.opencity.in)", "publisher": "Chennai Metropolitan Water Supply and Sewerage Board (CMWSSB)" }, "geometry": { "type": "Point", "coordinates": [ 80.208556, 12.93887 ] } },
{ "type": "Feature", "properties": { "location": "4", "depot": "190", "capacity_of_oht_ml": 0.89999998000000003, "name_of_the_wds": "Narayanapuram WDS", "commissioned_on": null, "status": "1", "source": "OpenCity (data.opencity.in)", "publisher": "Chennai Metropolitan Water Supply and Sewerage Board (CMWSSB)" }, "geometry": { "type": "Point", "coordinates": [ 80.205333, 12.941516 ] } },
{ "type": "Feature", "properties": { "location": "4", "depot": "190", "capacity_of_oht_ml": 0.89999998000000003, "name_of_the_wds": "Narayanapuram WDS", "commissioned_on": null, "status": "1", "source": "OpenCity (data.opencity.in)", "publisher": "Chennai Metropolitan Water Supply and Sewerage Board (CMWSSB)" }, "geometry": { "type": "Point", "coordinates": [ 80.205321, 12.941366 ] } },
{ "type": "Feature", "properties": { "location": "4", "depot": "185", "capacity_of_oht_ml": 0.30000000999999998, "name_of_the_wds": "Anna Salai WDS", "commissioned_on": null, "status": "1", "source": "OpenCity (data.opencity.in)", "publisher": "Chennai Metropolitan Water Supply and Sewerage Board (CMWSSB)" }, "geometry": { "type": "Point", "coordinates": [ 80.191666, 12.980227 ] } },
{ "type": "Feature", "properties": { "location": "4", "depot": "185", "capacity_of_oht_ml": 0.30000000999999998, "name_of_the_wds": "Usha Nagar WDS", "commissioned_on": null, "status": "1", "source": "OpenCity (data.opencity.in)", "publisher": "Chennai Metropolitan Water Supply and Sewerage Board (CMWSSB)" }, "geometry": { "type": "Point", "coordinates": [ 80.199663, 12.979072 ] } },
{ "type": "Feature", "properties": { "location": "4", "depot": "185", "capacity_of_oht_ml": 0.2, "name_of_the_wds": "Balaji Nagar WDS", "commissioned_on": null, "status": "1", "source": "OpenCity (data.opencity.in)", "publisher": "Chennai Metropolitan Water Supply and Sewerage Board (CMWSSB)" }, "geometry": { "type": "Point", "coordinates": [ 80.18946, 12.97375 ] } },
{ "type": "Feature", "properties": { "location": "4", "depot": "186", "capacity_of_oht_ml": 0.2, "name_of_the_wds": "Puzhuthivakkam Bus Stand WDS", "commissioned_on": null, "status": "1", "source": "OpenCity (data.opencity.in)", "publisher": "Chennai Metropolitan Water Supply and Sewerage Board (CMWSSB)" }, "geometry": { "type": "Point", "coordinates": [ 80.203122, 12.973959 ] } },
{ "type": "Feature", "properties": { "location": "4", "depot": "186", "capacity_of_oht_ml": 0.30000000999999998, "name_of_the_wds": "Puzhuthivakkam Bus Stand WDS", "commissioned_on": null, "status": "1", "source": "OpenCity (data.opencity.in)", "publisher": "Chennai Metropolitan Water Supply and Sewerage Board (CMWSSB)" }, "geometry": { "type": "Point", "coordinates": [ 80.203041, 12.973863 ] } },
{ "type": "Feature", "properties": { "location": "4", "depot": "185", "capacity_of_oht_ml": 0.30000000999999998, "name_of_the_wds": "MG Nagar WDS", "commissioned_on": null, "status": "1", "source": "OpenCity (data.opencity.in)", "publisher": "Chennai Metropolitan Water Supply and Sewerage Board (CMWSSB)" }, "geometry": { "type": "Point", "coordinates": [ 80.193632, 12.974313 ] } },
{ "type": "Feature", "properties": { "location": "4", "depot": "186", "capacity_of_oht_ml": 0.30000000999999998, "name_of_the_wds": "Arul Jothi Salai WDS", "commissioned_on": null, "status": "1", "source": "OpenCity (data.opencity.in)", "publisher": "Chennai Metropolitan Water Supply and Sewerage Board (CMWSSB)" }, "geometry": { "type": "Point", "coordinates": [ 80.192051, 12.969014 ] } },
{ "type": "Feature", "properties": { "location": "4", "depot": "186", "capacity_of_oht_ml": 0.5, "name_of_the_wds": "Annai Theresa Nagar WDS", "commissioned_on": null, "status": "1", "source": "OpenCity (data.opencity.in)", "publisher": "Chennai Metropolitan Water Supply and Sewerage Board (CMWSSB)" }, "geometry": { "type": "Point", "coordinates": [ 80.205849, 12.96963 ] } },
{ "type": "Feature", "properties": { "location": "4", "depot": "191", "capacity_of_oht_ml": 1.2999999499999999, "name_of_the_wds": "Jalladianpettai WDS", "commissioned_on": null, "status": "1", "source": "OpenCity (data.opencity.in)", "publisher": "Chennai Metropolitan Water Supply and Sewerage Board (CMWSSB)" }, "geometry": { "type": "Point", "coordinates": [ 80.201558, 12.926961 ] } },
{ "type": "Feature", "properties": { "location": "4", "depot": "190", "capacity_of_oht_ml": 0.30000000999999998, "name_of_the_wds": "Dr. Ambedkar Nagar WDS", "commissioned_on": null, "status": "1", "source": "OpenCity (data.opencity.in)", "publisher": "Chennai Metropolitan Water Supply and Sewerage Board (CMWSSB)" }, "geometry": { "type": "Point", "coordinates": [ 80.199868, 12.927646 ] } },
{ "type": "Feature", "properties": { "location": "4", "depot": "184", "capacity_of_oht_ml": 4.5, "name_of_the_wds": "Perungudi WDS", "commissioned_on": null, "status": "1", "source": "OpenCity (data.opencity.in)", "publisher": "Chennai Metropolitan Water Supply and Sewerage Board (CMWSSB)" }, "geometry": { "type": "Point", "coordinates": [ 80.233945, 12.958737 ] } },
{ "type": "Feature", "properties": { "location": "4", "depot": "182", "capacity_of_oht_ml": 0.69999999000000002, "name_of_the_wds": "Palavakkam WDS", "commissioned_on": null, "status": "1", "source": "OpenCity (data.opencity.in)", "publisher": "Chennai Metropolitan Water Supply and Sewerage Board (CMWSSB)" }, "geometry": { "type": "Point", "coordinates": [ 80.249503, 12.967744 ] } },
{ "type": "Feature", "properties": { "location": "6", "depot": "181", "capacity_of_oht_ml": 0.1, "name_of_the_wds": "NA", "commissioned_on": null, "status": "1", "source": "OpenCity (data.opencity.in)", "publisher": "Chennai Metropolitan Water Supply and Sewerage Board (CMWSSB)" }, "geometry": { "type": "Point", "coordinates": [ 80.259074, 12.974319 ] } },
{ "type": "Feature", "properties": { "location": "6", "depot": "183", "capacity_of_oht_ml": 0.06, "name_of_the_wds": "NA", "commissioned_on": null, "status": "1", "source": "OpenCity (data.opencity.in)", "publisher": "Chennai Metropolitan Water Supply and Sewerage Board (CMWSSB)" }, "geometry": { "type": "Point", "coordinates": [ 80.260681, 12.965004 ] } },
{ "type": "Feature", "properties": { "location": "6", "depot": "183", "capacity_of_oht_ml": 0.06, "name_of_the_wds": "NA", "commissioned_on": null, "status": "1", "source": "OpenCity (data.opencity.in)", "publisher": "Chennai Metropolitan Water Supply and Sewerage Board (CMWSSB)" }, "geometry": { "type": "Point", "coordinates": [ 80.258645, 12.962152 ] } },
{ "type": "Feature", "properties": { "location": "6", "depot": "183", "capacity_of_oht_ml": 0.1, "name_of_the_wds": "NA", "commissioned_on": null, "status": "1", "source": "OpenCity (data.opencity.in)", "publisher": "Chennai Metropolitan Water Supply and Sewerage Board (CMWSSB)" }, "geometry": { "type": "Point", "coordinates": [ 80.25677, 12.960831 ] } },
{ "type": "Feature", "properties": { "location": "6", "depot": "182", "capacity_of_oht_ml": 0.03, "name_of_the_wds": "NA", "commissioned_on": null, "status": "1", "source": "OpenCity (data.opencity.in)", "publisher": "Chennai Metropolitan Water Supply and Sewerage Board (CMWSSB)" }, "geometry": { "type": "Point", "coordinates": [ 80.245529, 12.968492 ] } },
{ "type": "Feature", "properties": { "location": "6", "depot": "182", "capacity_of_oht_ml": 0.08, "name_of_the_wds": "NA", "commissioned_on": null, "status": "1", "source": "OpenCity (data.opencity.in)", "publisher": "Chennai Metropolitan Water Supply and Sewerage Board (CMWSSB)" }, "geometry": { "type": "Point", "coordinates": [ 80.246748, 12.967207 ] } },
{ "type": "Feature", "properties": { "location": "6", "depot": "184", "capacity_of_oht_ml": 0.1, "name_of_the_wds": "NA", "commissioned_on": null, "status": "1", "source": "OpenCity (data.opencity.in)", "publisher": "Chennai Metropolitan Water Supply and Sewerage Board (CMWSSB)" }, "geometry": { "type": "Point", "coordinates": [ 80.241428, 12.961235 ] } },
{ "type": "Feature", "properties": { "location": "6", "depot": "184", "capacity_of_oht_ml": 0.06, "name_of_the_wds": "NA", "commissioned_on": null, "status": "1", "source": "OpenCity (data.opencity.in)", "publisher": "Chennai Metropolitan Water Supply and Sewerage Board (CMWSSB)" }, "geometry": { "type": "Point", "coordinates": [ 80.241105, 12.962657 ] } },
{ "type": "Feature", "properties": { "location": "6", "depot": "184", "capacity_of_oht_ml": 0.06, "name_of_the_wds": "NA", "commissioned_on": null, "status": "1", "source": "OpenCity (data.opencity.in)", "publisher": "Chennai Metropolitan Water Supply and Sewerage Board (CMWSSB)" }, "geometry": { "type": "Point", "coordinates": [ 80.241112, 12.952601 ] } },
{ "type": "Feature", "properties": { "location": "6", "depot": "191", "capacity_of_oht_ml": 0.06, "name_of_the_wds": "NA", "commissioned_on": null, "status": "1", "source": "OpenCity (data.opencity.in)", "publisher": "Chennai Metropolitan Water Supply and Sewerage Board (CMWSSB)" }, "geometry": { "type": "Point", "coordinates": [ 80.20221, 12.927047 ] } },
{ "type": "Feature", "properties": { "location": "6", "depot": "191", "capacity_of_oht_ml": 0.06, "name_of_the_wds": "NA", "commissioned_on": null, "status": "1", "source": "OpenCity (data.opencity.in)", "publisher": "Chennai Metropolitan Water Supply and Sewerage Board (CMWSSB)" }, "geometry": { "type": "Point", "coordinates": [ 80.197582, 12.91886 ] } },
{ "type": "Feature", "properties": { "location": "6", "depot": "191", "capacity_of_oht_ml": 0.1, "name_of_the_wds": "NA", "commissioned_on": null, "status": "1", "source": "OpenCity (data.opencity.in)", "publisher": "Chennai Metropolitan Water Supply and Sewerage Board (CMWSSB)" }, "geometry": { "type": "Point", "coordinates": [ 80.197235, 12.914592 ] } },
{ "type": "Feature", "properties": { "location": "6", "depot": "191", "capacity_of_oht_ml": 0.03, "name_of_the_wds": "NA", "commissioned_on": null, "status": "1", "source": "OpenCity (data.opencity.in)", "publisher": "Chennai Metropolitan Water Supply and Sewerage Board (CMWSSB)" }, "geometry": { "type": "Point", "coordinates": [ 80.1988, 12.915834 ] } },
{ "type": "Feature", "properties": { "location": "6", "depot": "191", "capacity_of_oht_ml": 0.06, "name_of_the_wds": "NA", "commissioned_on": null, "status": "1", "source": "OpenCity (data.opencity.in)", "publisher": "Chennai Metropolitan Water Supply and Sewerage Board (CMWSSB)" }, "geometry": { "type": "Point", "coordinates": [ 80.204346, 12.920133 ] } },
{ "type": "Feature", "properties": { "location": "6", "depot": "191", "capacity_of_oht_ml": 0.06, "name_of_the_wds": "NA", "commissioned_on": null, "status": "1", "source": "OpenCity (data.opencity.in)", "publisher": "Chennai Metropolitan Water Supply and Sewerage Board (CMWSSB)" }, "geometry": { "type": "Point", "coordinates": [ 80.196473, 12.911084 ] } },
{ "type": "Feature", "properties": { "location": "6", "depot": "191", "capacity_of_oht_ml": 0.03, "name_of_the_wds": "NA", "commissioned_on": null, "status": "1", "source": "OpenCity (data.opencity.in)", "publisher": "Chennai Metropolitan Water Supply and Sewerage Board (CMWSSB)" }, "geometry": { "type": "Point", "coordinates": [ 80.1965, 12.912411 ] } },
{ "type": "Feature", "properties": { "location": "6", "depot": "191", "capacity_of_oht_ml": 0.1, "name_of_the_wds": "NA", "commissioned_on": null, "status": "1", "source": "OpenCity (data.opencity.in)", "publisher": "Chennai Metropolitan Water Supply and Sewerage Board (CMWSSB)" }, "geometry": { "type": "Point", "coordinates": [ 80.202325, 12.920959 ] } },
{ "type": "Feature", "properties": { "location": "6", "depot": "191", "capacity_of_oht_ml": 0.03, "name_of_the_wds": "NA", "commissioned_on": null, "status": "1", "source": "OpenCity (data.opencity.in)", "publisher": "Chennai Metropolitan Water Supply and Sewerage Board (CMWSSB)" }, "geometry": { "type": "Point", "coordinates": [ 80.20231, 12.920528 ] } },
{ "type": "Feature", "properties": { "location": "6", "depot": "190", "capacity_of_oht_ml": 0.06, "name_of_the_wds": "NA", "commissioned_on": null, "status": "1", "source": "OpenCity (data.opencity.in)", "publisher": "Chennai Metropolitan Water Supply and Sewerage Board (CMWSSB)" }, "geometry": { "type": "Point", "coordinates": [ 80.205743, 12.928879 ] } },
{ "type": "Feature", "properties": { "location": "6", "depot": "190", "capacity_of_oht_ml": 0.30000000999999998, "name_of_the_wds": "NA", "commissioned_on": null, "status": "1", "source": "OpenCity (data.opencity.in)", "publisher": "Chennai Metropolitan Water Supply and Sewerage Board (CMWSSB)" }, "geometry": { "type": "Point", "coordinates": [ 80.205292, 12.941045 ] } },
{ "type": "Feature", "properties": { "location": "6", "depot": "187", "capacity_of_oht_ml": 0.06, "name_of_the_wds": "NA", "commissioned_on": null, "status": "1", "source": "OpenCity (data.opencity.in)", "publisher": "Chennai Metropolitan Water Supply and Sewerage Board (CMWSSB)" }, "geometry": { "type": "Point", "coordinates": [ 80.191386, 12.964809 ] } },
{ "type": "Feature", "properties": { "location": "6", "depot": "187", "capacity_of_oht_ml": 0.06, "name_of_the_wds": "NA", "commissioned_on": null, "status": "1", "source": "OpenCity (data.opencity.in)", "publisher": "Chennai Metropolitan Water Supply and Sewerage Board (CMWSSB)" }, "geometry": { "type": "Point", "coordinates": [ 80.196422, 12.961793 ] } },
{ "type": "Feature", "properties": { "location": "6", "depot": "187", "capacity_of_oht_ml": 0.06, "name_of_the_wds": "NA", "commissioned_on": null, "status": "1", "source": "OpenCity (data.opencity.in)", "publisher": "Chennai Metropolitan Water Supply and Sewerage Board (CMWSSB)" }, "geometry": { "type": "Point", "coordinates": [ 80.193078, 12.961203 ] } },
{ "type": "Feature", "properties": { "location": "6", "depot": "187", "capacity_of_oht_ml": 0.06, "name_of_the_wds": "NA", "commissioned_on": null, "status": "1", "source": "OpenCity (data.opencity.in)", "publisher": "Chennai Metropolitan Water Supply and Sewerage Board (CMWSSB)" }, "geometry": { "type": "Point", "coordinates": [ 80.193503, 12.965698 ] } },
{ "type": "Feature", "properties": { "location": "6", "depot": "187", "capacity_of_oht_ml": 0.06, "name_of_the_wds": "NA", "commissioned_on": null, "status": "1", "source": "OpenCity (data.opencity.in)", "publisher": "Chennai Metropolitan Water Supply and Sewerage Board (CMWSSB)" }, "geometry": { "type": "Point", "coordinates": [ 80.190412, 12.966736 ] } },
{ "type": "Feature", "properties": { "location": "6", "depot": "187", "capacity_of_oht_ml": 0.06, "name_of_the_wds": "NA", "commissioned_on": null, "status": "1", "source": "OpenCity (data.opencity.in)", "publisher": "Chennai Metropolitan Water Supply and Sewerage Board (CMWSSB)" }, "geometry": { "type": "Point", "coordinates": [ 80.1931, 12.967293 ] } },
{ "type": "Feature", "properties": { "location": "6", "depot": "188", "capacity_of_oht_ml": 0.06, "name_of_the_wds": "NA", "commissioned_on": null, "status": "1", "source": "OpenCity (data.opencity.in)", "publisher": "Chennai Metropolitan Water Supply and Sewerage Board (CMWSSB)" }, "geometry": { "type": "Point", "coordinates": [ 80.207771, 12.959367 ] } },
{ "type": "Feature", "properties": { "location": "6", "depot": "188", "capacity_of_oht_ml": 0.06, "name_of_the_wds": "NA", "commissioned_on": null, "status": "1", "source": "OpenCity (data.opencity.in)", "publisher": "Chennai Metropolitan Water Supply and Sewerage Board (CMWSSB)" }, "geometry": { "type": "Point", "coordinates": [ 80.20062, 12.958161 ] } },
{ "type": "Feature", "properties": { "location": "6", "depot": "188", "capacity_of_oht_ml": 0.06, "name_of_the_wds": "NA", "commissioned_on": null, "status": "1", "source": "OpenCity (data.opencity.in)", "publisher": "Chennai Metropolitan Water Supply and Sewerage Board (CMWSSB)" }, "geometry": { "type": "Point", "coordinates": [ 80.194956, 12.956832 ] } },
{ "type": "Feature", "properties": { "location": "6", "depot": "188", "capacity_of_oht_ml": 0.06, "name_of_the_wds": "NA", "commissioned_on": null, "status": "1", "source": "OpenCity (data.opencity.in)", "publisher": "Chennai Metropolitan Water Supply and Sewerage Board (CMWSSB)" }, "geometry": { "type": "Point", "coordinates": [ 80.20523, 12.964322 ] } },
{ "type": "Feature", "properties": { "location": "6", "depot": "188", "capacity_of_oht_ml": 0.06, "name_of_the_wds": "NA", "commissioned_on": null, "status": "1", "source": "OpenCity (data.opencity.in)", "publisher": "Chennai Metropolitan Water Supply and Sewerage Board (CMWSSB)" }, "geometry": { "type": "Point", "coordinates": [ 80.206133, 12.960368 ] } },
{ "type": "Feature", "properties": { "location": "6", "depot": "188", "capacity_of_oht_ml": 0.06, "name_of_the_wds": "NA", "commissioned_on": null, "status": "1", "source": "OpenCity (data.opencity.in)", "publisher": "Chennai Metropolitan Water Supply and Sewerage Board (CMWSSB)" }, "geometry": { "type": "Point", "coordinates": [ 80.198911, 12.957158 ] } },
{ "type": "Feature", "properties": { "location": "6", "depot": "188", "capacity_of_oht_ml": 0.06, "name_of_the_wds": "NA", "commissioned_on": null, "status": "1", "source": "OpenCity (data.opencity.in)", "publisher": "Chennai Metropolitan Water Supply and Sewerage Board (CMWSSB)" }, "geometry": { "type": "Point", "coordinates": [ 80.200325, 12.955863 ] } },
{ "type": "Feature", "properties": { "location": "6", "depot": "188", "capacity_of_oht_ml": 0.06, "name_of_the_wds": "NA", "commissioned_on": null, "status": "1", "source": "OpenCity (data.opencity.in)", "publisher": "Chennai Metropolitan Water Supply and Sewerage Board (CMWSSB)" }, "geometry": { "type": "Point", "coordinates": [ 80.204411, 12.960897 ] } },
{ "type": "Feature", "properties": { "location": "6", "depot": "188", "capacity_of_oht_ml": 0.06, "name_of_the_wds": "NA", "commissioned_on": null, "status": "1", "source": "OpenCity (data.opencity.in)", "publisher": "Chennai Metropolitan Water Supply and Sewerage Board (CMWSSB)" }, "geometry": { "type": "Point", "coordinates": [ 80.208375, 12.964093 ] } },
{ "type": "Feature", "properties": { "location": "6", "depot": "188", "capacity_of_oht_ml": 0.06, "name_of_the_wds": "NA", "commissioned_on": null, "status": "1", "source": "OpenCity (data.opencity.in)", "publisher": "Chennai Metropolitan Water Supply and Sewerage Board (CMWSSB)" }, "geometry": { "type": "Point", "coordinates": [ 80.200736, 12.961349 ] } },
{ "type": "Feature", "properties": { "location": "6", "depot": "188", "capacity_of_oht_ml": 0.03, "name_of_the_wds": "NA", "commissioned_on": null, "status": "1", "source": "OpenCity (data.opencity.in)", "publisher": "Chennai Metropolitan Water Supply and Sewerage Board (CMWSSB)" }, "geometry": { "type": "Point", "coordinates": [ 80.193405, 12.953553 ] } },
{ "type": "Feature", "properties": { "location": "6", "depot": "187", "capacity_of_oht_ml": 0.06, "name_of_the_wds": "NA", "commissioned_on": null, "status": "1", "source": "OpenCity (data.opencity.in)", "publisher": "Chennai Metropolitan Water Supply and Sewerage Board (CMWSSB)" }, "geometry": { "type": "Point", "coordinates": [ 80.196753, 12.966306 ] } },
{ "type": "Feature", "properties": { "location": "6", "depot": "187", "capacity_of_oht_ml": 0.1, "name_of_the_wds": "NA", "commissioned_on": null, "status": "1", "source": "OpenCity (data.opencity.in)", "publisher": "Chennai Metropolitan Water Supply and Sewerage Board (CMWSSB)" }, "geometry": { "type": "Point", "coordinates": [ 80.197277, 12.965635 ] } },
{ "type": "Feature", "properties": { "location": "6", "depot": "187", "capacity_of_oht_ml": 0.06, "name_of_the_wds": "NA", "commissioned_on": null, "status": "1", "source": "OpenCity (data.opencity.in)", "publisher": "Chennai Metropolitan Water Supply and Sewerage Board (CMWSSB)" }, "geometry": { "type": "Point", "coordinates": [ 80.20144, 12.968558 ] } },
{ "type": "Feature", "properties": { "location": "6", "depot": "188", "capacity_of_oht_ml": 0.06, "name_of_the_wds": "NA", "commissioned_on": null, "status": "1", "source": "OpenCity (data.opencity.in)", "publisher": "Chennai Metropolitan Water Supply and Sewerage Board (CMWSSB)" }, "geometry": { "type": "Point", "coordinates": [ 80.200418, 12.96379 ] } },
{ "type": "Feature", "properties": { "location": "6", "depot": "188", "capacity_of_oht_ml": 0.06, "name_of_the_wds": "NA", "commissioned_on": null, "status": "1", "source": "OpenCity (data.opencity.in)", "publisher": "Chennai Metropolitan Water Supply and Sewerage Board (CMWSSB)" }, "geometry": { "type": "Point", "coordinates": [ 80.20256, 12.958939 ] } },
{ "type": "Feature", "properties": { "location": "6", "depot": "188", "capacity_of_oht_ml": 0.06, "name_of_the_wds": "NA", "commissioned_on": null, "status": "1", "source": "OpenCity (data.opencity.in)", "publisher": "Chennai Metropolitan Water Supply and Sewerage Board (CMWSSB)" }, "geometry": { "type": "Point", "coordinates": [ 80.188351, 12.958275 ] } },
{ "type": "Feature", "properties": { "location": "6", "depot": "188", "capacity_of_oht_ml": 0.06, "name_of_the_wds": "NA", "commissioned_on": null, "status": "1", "source": "OpenCity (data.opencity.in)", "publisher": "Chennai Metropolitan Water Supply and Sewerage Board (CMWSSB)" }, "geometry": { "type": "Point", "coordinates": [ 80.197431, 12.959236 ] } },
{ "type": "Feature", "properties": { "location": "6", "depot": "188", "capacity_of_oht_ml": 0.06, "name_of_the_wds": "NA", "commissioned_on": null, "status": "1", "source": "OpenCity (data.opencity.in)", "publisher": "Chennai Metropolitan Water Supply and Sewerage Board (CMWSSB)" }, "geometry": { "type": "Point", "coordinates": [ 80.197116, 12.954024 ] } },
{ "type": "Feature", "properties": { "location": "4", "depot": "181", "capacity_of_oht_ml": 3.0, "name_of_the_wds": "Kottivakkam WDS", "commissioned_on": null, "status": "1", "source": "OpenCity (data.opencity.in)", "publisher": "Chennai Metropolitan Water Supply and Sewerage Board (CMWSSB)" }, "geometry": { "type": "Point", "coordinates": [ 80.256524, 12.967695 ] } },
{ "type": "Feature", "properties": { "location": "6", "depot": "193", "capacity_of_oht_ml": 0.06, "name_of_the_wds": "NA", "commissioned_on": null, "status": "1", "source": "OpenCity (data.opencity.in)", "publisher": "Chennai Metropolitan Water Supply and Sewerage Board (CMWSSB)" }, "geometry": { "type": "Point", "coordinates": [ 80.247241, 12.946258 ] } },
{ "type": "Feature", "properties": { "location": "6", "depot": "193", "capacity_of_oht_ml": 0.1, "name_of_the_wds": "NA", "commissioned_on": null, "status": "1", "source": "OpenCity (data.opencity.in)", "publisher": "Chennai Metropolitan Water Supply and Sewerage Board (CMWSSB)" }, "geometry": { "type": "Point", "coordinates": [ 80.240739, 12.948398 ] } },
{ "type": "Feature", "properties": { "location": "6", "depot": "193", "capacity_of_oht_ml": 0.1, "name_of_the_wds": "NA", "commissioned_on": null, "status": "1", "source": "OpenCity (data.opencity.in)", "publisher": "Chennai Metropolitan Water Supply and Sewerage Board (CMWSSB)" }, "geometry": { "type": "Point", "coordinates": [ 80.246001, 12.952933 ] } },
{ "type": "Feature", "properties": { "location": "6", "depot": "192", "capacity_of_oht_ml": 0.06, "name_of_the_wds": "NA", "commissioned_on": null, "status": "1", "source": "OpenCity (data.opencity.in)", "publisher": "Chennai Metropolitan Water Supply and Sewerage Board (CMWSSB)" }, "geometry": { "type": "Point", "coordinates": [ 80.250331, 12.957105 ] } },
{ "type": "Feature", "properties": { "location": "6", "depot": "192", "capacity_of_oht_ml": 0.1, "name_of_the_wds": "NA", "commissioned_on": null, "status": "1", "source": "OpenCity (data.opencity.in)", "publisher": "Chennai Metropolitan Water Supply and Sewerage Board (CMWSSB)" }, "geometry": { "type": "Point", "coordinates": [ 80.25675, 12.941566 ] } },
{ "type": "Feature", "properties": { "location": "6", "depot": "192", "capacity_of_oht_ml": 0.1, "name_of_the_wds": "NA", "commissioned_on": null, "status": "1", "source": "OpenCity (data.opencity.in)", "publisher": "Chennai Metropolitan Water Supply and Sewerage Board (CMWSSB)" }, "geometry": { "type": "Point", "coordinates": [ 80.254208, 12.948684 ] } },
{ "type": "Feature", "properties": { "location": "6", "depot": "192", "capacity_of_oht_ml": 0.06, "name_of_the_wds": "NA", "commissioned_on": null, "status": "1", "source": "OpenCity (data.opencity.in)", "publisher": "Chennai Metropolitan Water Supply and Sewerage Board (CMWSSB)" }, "geometry": { "type": "Point", "coordinates": [ 80.252884, 12.9511 ] } },
{ "type": "Feature", "properties": { "location": "6", "depot": "192", "capacity_of_oht_ml": 0.06, "name_of_the_wds": "NA", "commissioned_on": null, "status": "1", "source": "OpenCity (data.opencity.in)", "publisher": "Chennai Metropolitan Water Supply and Sewerage Board (CMWSSB)" }, "geometry": { "type": "Point", "coordinates": [ 80.251072, 12.945924 ] } },
{ "type": "Feature", "properties": { "location": "6", "depot": "192", "capacity_of_oht_ml": 0.06, "name_of_the_wds": "NA", "commissioned_on": null, "status": "1", "source": "OpenCity (data.opencity.in)", "publisher": "Chennai Metropolitan Water Supply and Sewerage Board (CMWSSB)" }, "geometry": { "type": "Point", "coordinates": [ 80.259347, 12.940561 ] } },
{ "type": "Feature", "properties": { "location": "6", "depot": "192", "capacity_of_oht_ml": 0.06, "name_of_the_wds": "NA", "commissioned_on": null, "status": "1", "source": "OpenCity (data.opencity.in)", "publisher": "Chennai Metropolitan Water Supply and Sewerage Board (CMWSSB)" }, "geometry": { "type": "Point", "coordinates": [ 80.261487, 12.954605 ] } },
{ "type": "Feature", "properties": { "location": "6", "depot": "192", "capacity_of_oht_ml": 0.06, "name_of_the_wds": "NA", "commissioned_on": null, "status": "1", "source": "OpenCity (data.opencity.in)", "publisher": "Chennai Metropolitan Water Supply and Sewerage Board (CMWSSB)" }, "geometry": { "type": "Point", "coordinates": [ 80.261476, 12.953285 ] } },
{ "type": "Feature", "properties": { "location": "6", "depot": "192", "capacity_of_oht_ml": 0.1, "name_of_the_wds": "NA", "commissioned_on": null, "status": "1", "source": "OpenCity (data.opencity.in)", "publisher": "Chennai Metropolitan Water Supply and Sewerage Board (CMWSSB)" }, "geometry": { "type": "Point", "coordinates": [ 80.255794, 12.949819 ] } },
{ "type": "Feature", "properties": { "location": "6", "depot": "192", "capacity_of_oht_ml": 0.06, "name_of_the_wds": "NA", "commissioned_on": null, "status": "1", "source": "OpenCity (data.opencity.in)", "publisher": "Chennai Metropolitan Water Supply and Sewerage Board (CMWSSB)" }, "geometry": { "type": "Point", "coordinates": [ 80.249507, 12.947842 ] } },
{ "type": "Feature", "properties": { "location": "6", "depot": "195", "capacity_of_oht_ml": 0.06, "name_of_the_wds": "NA", "commissioned_on": null, "status": "1", "source": "OpenCity (data.opencity.in)", "publisher": "Chennai Metropolitan Water Supply and Sewerage Board (CMWSSB)" }, "geometry": { "type": "Point", "coordinates": [ 80.240108, 12.942006 ] } },
{ "type": "Feature", "properties": { "location": "6", "depot": "195", "capacity_of_oht_ml": 0.06, "name_of_the_wds": "NA", "commissioned_on": null, "status": "1", "source": "OpenCity (data.opencity.in)", "publisher": "Chennai Metropolitan Water Supply and Sewerage Board (CMWSSB)" }, "geometry": { "type": "Point", "coordinates": [ 80.2364, 12.935271 ] } },
{ "type": "Feature", "properties": { "location": "6", "depot": "195", "capacity_of_oht_ml": 0.06, "name_of_the_wds": "NA", "commissioned_on": null, "status": "1", "source": "OpenCity (data.opencity.in)", "publisher": "Chennai Metropolitan Water Supply and Sewerage Board (CMWSSB)" }, "geometry": { "type": "Point", "coordinates": [ 80.235775, 12.931825 ] } },
{ "type": "Feature", "properties": { "location": "6", "depot": "195", "capacity_of_oht_ml": 0.06, "name_of_the_wds": "NA", "commissioned_on": null, "status": "1", "source": "OpenCity (data.opencity.in)", "publisher": "Chennai Metropolitan Water Supply and Sewerage Board (CMWSSB)" }, "geometry": { "type": "Point", "coordinates": [ 80.234213, 12.939598 ] } },
{ "type": "Feature", "properties": { "location": "6", "depot": "195", "capacity_of_oht_ml": 0.06, "name_of_the_wds": "NA", "commissioned_on": null, "status": "1", "source": "OpenCity (data.opencity.in)", "publisher": "Chennai Metropolitan Water Supply and Sewerage Board (CMWSSB)" }, "geometry": { "type": "Point", "coordinates": [ 80.231583, 12.934997 ] } },
{ "type": "Feature", "properties": { "location": "6", "depot": "198", "capacity_of_oht_ml": 0.03, "name_of_the_wds": "NA", "commissioned_on": null, "status": "1", "source": "OpenCity (data.opencity.in)", "publisher": "Chennai Metropolitan Water Supply and Sewerage Board (CMWSSB)" }, "geometry": { "type": "Point", "coordinates": [ 80.233737, 12.919039 ] } },
{ "type": "Feature", "properties": { "location": "6", "depot": "198", "capacity_of_oht_ml": 0.06, "name_of_the_wds": "NA", "commissioned_on": null, "status": "1", "source": "OpenCity (data.opencity.in)", "publisher": "Chennai Metropolitan Water Supply and Sewerage Board (CMWSSB)" }, "geometry": { "type": "Point", "coordinates": [ 80.232884, 12.91533 ] } },
{ "type": "Feature", "properties": { "location": "6", "depot": "198", "capacity_of_oht_ml": 0.06, "name_of_the_wds": "NA", "commissioned_on": null, "status": "1", "source": "OpenCity (data.opencity.in)", "publisher": "Chennai Metropolitan Water Supply and Sewerage Board (CMWSSB)" }, "geometry": { "type": "Point", "coordinates": [ 80.232888, 12.911962 ] } },
{ "type": "Feature", "properties": { "location": "6", "depot": "198", "capacity_of_oht_ml": 0.06, "name_of_the_wds": "NA", "commissioned_on": null, "status": "1", "source": "OpenCity (data.opencity.in)", "publisher": "Chennai Metropolitan Water Supply and Sewerage Board (CMWSSB)" }, "geometry": { "type": "Point", "coordinates": [ 80.230494, 12.913821 ] } },
{ "type": "Feature", "properties": { "location": "6", "depot": "197", "capacity_of_oht_ml": 0.03, "name_of_the_wds": "NA", "commissioned_on": null, "status": "1", "source": "OpenCity (data.opencity.in)", "publisher": "Chennai Metropolitan Water Supply and Sewerage Board (CMWSSB)" }, "geometry": { "type": "Point", "coordinates": [ 80.243089, 12.870817 ] } },
{ "type": "Feature", "properties": { "location": "6", "depot": "197", "capacity_of_oht_ml": 0.03, "name_of_the_wds": "NA", "commissioned_on": null, "status": "1", "source": "OpenCity (data.opencity.in)", "publisher": "Chennai Metropolitan Water Supply and Sewerage Board (CMWSSB)" }, "geometry": { "type": "Point", "coordinates": [ 80.241869, 12.868935 ] } },
{ "type": "Feature", "properties": { "location": "6", "depot": "197", "capacity_of_oht_ml": 0.03, "name_of_the_wds": "NA", "commissioned_on": null, "status": "1", "source": "OpenCity (data.opencity.in)", "publisher": "Chennai Metropolitan Water Supply and Sewerage Board (CMWSSB)" }, "geometry": { "type": "Point", "coordinates": [ 80.243406, 12.866645 ] } },
{ "type": "Feature", "properties": { "location": "6", "depot": "197", "capacity_of_oht_ml": 0.03, "name_of_the_wds": "NA", "commissioned_on": null, "status": "1", "source": "OpenCity (data.opencity.in)", "publisher": "Chennai Metropolitan Water Supply and Sewerage Board (CMWSSB)" }, "geometry": { "type": "Point", "coordinates": [ 80.243887, 12.878929 ] } },
{ "type": "Feature", "properties": { "location": "6", "depot": "200", "capacity_of_oht_ml": 0.06, "name_of_the_wds": "NA", "commissioned_on": null, "status": "1", "source": "OpenCity (data.opencity.in)", "publisher": "Chennai Metropolitan Water Supply and Sewerage Board (CMWSSB)" }, "geometry": { "type": "Point", "coordinates": [ 80.228712, 12.870222 ] } },
{ "type": "Feature", "properties": { "location": "6", "depot": "199", "capacity_of_oht_ml": 0.06, "name_of_the_wds": "NA", "commissioned_on": null, "status": "1", "source": "OpenCity (data.opencity.in)", "publisher": "Chennai Metropolitan Water Supply and Sewerage Board (CMWSSB)" }, "geometry": { "type": "Point", "coordinates": [ 80.229944, 12.875975 ] } },
{ "type": "Feature", "properties": { "location": "6", "depot": "200", "capacity_of_oht_ml": 0.03, "name_of_the_wds": "NA", "commissioned_on": null, "status": "1", "source": "OpenCity (data.opencity.in)", "publisher": "Chennai Metropolitan Water Supply and Sewerage Board (CMWSSB)" }, "geometry": { "type": "Point", "coordinates": [ 80.214497, 12.861128 ] } },
{ "type": "Feature", "properties": { "location": "6", "depot": "200", "capacity_of_oht_ml": 0.03, "name_of_the_wds": "NA", "commissioned_on": null, "status": "1", "source": "OpenCity (data.opencity.in)", "publisher": "Chennai Metropolitan Water Supply and Sewerage Board (CMWSSB)" }, "geometry": { "type": "Point", "coordinates": [ 80.230464, 12.85582 ] } },
{ "type": "Feature", "properties": { "location": "6", "depot": "200", "capacity_of_oht_ml": 0.06, "name_of_the_wds": "NA", "commissioned_on": null, "status": "1", "source": "OpenCity (data.opencity.in)", "publisher": "Chennai Metropolitan Water Supply and Sewerage Board (CMWSSB)" }, "geometry": { "type": "Point", "coordinates": [ 80.227409, 12.858872 ] } },
{ "type": "Feature", "properties": { "location": "6", "depot": "200", "capacity_of_oht_ml": 0.03, "name_of_the_wds": "NA", "commissioned_on": null, "status": "1", "source": "OpenCity (data.opencity.in)", "publisher": "Chennai Metropolitan Water Supply and Sewerage Board (CMWSSB)" }, "geometry": { "type": "Point", "coordinates": [ 80.228249, 12.861071 ] } },
{ "type": "Feature", "properties": { "location": "6", "depot": "200", "capacity_of_oht_ml": 0.06, "name_of_the_wds": "NA", "commissioned_on": null, "status": "1", "source": "OpenCity (data.opencity.in)", "publisher": "Chennai Metropolitan Water Supply and Sewerage Board (CMWSSB)" }, "geometry": { "type": "Point", "coordinates": [ 80.227772, 12.864306 ] } },
{ "type": "Feature", "properties": { "location": "6", "depot": "200", "capacity_of_oht_ml": 0.06, "name_of_the_wds": "NA", "commissioned_on": null, "status": "1", "source": "OpenCity (data.opencity.in)", "publisher": "Chennai Metropolitan Water Supply and Sewerage Board (CMWSSB)" }, "geometry": { "type": "Point", "coordinates": [ 80.225637, 12.860715 ] } },
{ "type": "Feature", "properties": { "location": "4", "depot": "193", "capacity_of_oht_ml": 1.60000002, "name_of_the_wds": "Gangaiamman Koil WDS", "commissioned_on": null, "status": "1", "source": "OpenCity (data.opencity.in)", "publisher": "Chennai Metropolitan Water Supply and Sewerage Board (CMWSSB)" }, "geometry": { "type": "Point", "coordinates": [ 80.236332, 12.9452 ] } },
{ "type": "Feature", "properties": { "location": "4", "depot": "195", "capacity_of_oht_ml": 5.0, "name_of_the_wds": "Secretariat Colony WDS", "commissioned_on": null, "status": "1", "source": "OpenCity (data.opencity.in)", "publisher": "Chennai Metropolitan Water Supply and Sewerage Board (CMWSSB)" }, "geometry": { "type": "Point", "coordinates": [ 80.244569, 12.937066 ] } },
{ "type": "Feature", "properties": { "location": "6", "depot": "200", "capacity_of_oht_ml": 0.06, "name_of_the_wds": "NA", "commissioned_on": null, "status": "1", "source": "OpenCity (data.opencity.in)", "publisher": "Chennai Metropolitan Water Supply and Sewerage Board (CMWSSB)" }, "geometry": { "type": "Point", "coordinates": [ 80.226958, 12.871178 ] } },
{ "type": "Feature", "properties": { "location": "4", "depot": "194", "capacity_of_oht_ml": 3.0, "name_of_the_wds": "Injambakkam WDS", "commissioned_on": null, "status": "1", "source": "OpenCity (data.opencity.in)", "publisher": "Chennai Metropolitan Water Supply and Sewerage Board (CMWSSB)" }, "geometry": { "type": "Point", "coordinates": [ 80.250753, 12.926366 ] } },
{ "type": "Feature", "properties": { "location": "4", "depot": "198", "capacity_of_oht_ml": 0.40000001000000002, "name_of_the_wds": "Sholinganallur WDS", "commissioned_on": null, "status": "1", "source": "OpenCity (data.opencity.in)", "publisher": "Chennai Metropolitan Water Supply and Sewerage Board (CMWSSB)" }, "geometry": { "type": "Point", "coordinates": [ 80.234256, 12.900792 ] } },
{ "type": "Feature", "properties": { "location": "4", "depot": "199", "capacity_of_oht_ml": 2.0, "name_of_the_wds": "Neduchezhiyan Street WDS", "commissioned_on": null, "status": "1", "source": "OpenCity (data.opencity.in)", "publisher": "Chennai Metropolitan Water Supply and Sewerage Board (CMWSSB)" }, "geometry": { "type": "Point", "coordinates": [ 80.230557, 12.892892 ] } },
{ "type": "Feature", "properties": { "location": "4", "depot": "197", "capacity_of_oht_ml": 0.80000000999999998, "name_of_the_wds": "Uthandi WDS", "commissioned_on": null, "status": "1", "source": "OpenCity (data.opencity.in)", "publisher": "Chennai Metropolitan Water Supply and Sewerage Board (CMWSSB)" }, "geometry": { "type": "Point", "coordinates": [ 80.243117, 12.877928 ] } },
{ "type": "Feature", "properties": { "location": "4", "depot": "197", "capacity_of_oht_ml": 1.5, "name_of_the_wds": "Spring Garden WDS", "commissioned_on": null, "status": "1", "source": "OpenCity (data.opencity.in)", "publisher": "Chennai Metropolitan Water Supply and Sewerage Board (CMWSSB)" }, "geometry": { "type": "Point", "coordinates": [ 80.250015, 12.895738 ] } },
{ "type": "Feature", "properties": { "location": "6", "depot": "17", "capacity_of_oht_ml": 0.03, "name_of_the_wds": "NA", "commissioned_on": null, "status": "8", "source": "OpenCity (data.opencity.in)", "publisher": "Chennai Metropolitan Water Supply and Sewerage Board (CMWSSB)" }, "geometry": { "type": "Point", "coordinates": [ 80.214402, 13.176297 ] } },
{ "type": "Feature", "properties": { "location": "6", "depot": "28", "capacity_of_oht_ml": 60000.0, "name_of_the_wds": "Pandyan Nagar", "commissioned_on": null, "status": "4", "source": "OpenCity (data.opencity.in)", "publisher": "Chennai Metropolitan Water Supply and Sewerage Board (CMWSSB)" }, "geometry": { "type": "Point", "coordinates": [ 80.234797, 13.141929 ] } },
{ "type": "Feature", "properties": { "location": "6", "depot": "181", "capacity_of_oht_ml": 0.06, "name_of_the_wds": "Swamainathan 8th Main Road OHT", "commissioned_on": null, "status": "4", "source": "OpenCity (data.opencity.in)", "publisher": "Chennai Metropolitan Water Supply and Sewerage Board (CMWSSB)" }, "geometry": { "type": "Point", "coordinates": [ 80.253692, 12.970799 ] } },
{ "type": "Feature", "properties": { "location": "6", "depot": "17", "capacity_of_oht_ml": 0.1, "name_of_the_wds": "NA", "commissioned_on": null, "status": "1", "source": "OpenCity (data.opencity.in)", "publisher": "Chennai Metropolitan Water Supply and Sewerage Board (CMWSSB)" }, "geometry": { "type": "Point", "coordinates": [ 80.218847, 13.17677 ] } },
{ "type": "Feature", "properties": { "location": "6", "depot": "17", "capacity_of_oht_ml": 0.03, "name_of_the_wds": "NA", "commissioned_on": null, "status": "1", "source": "OpenCity (data.opencity.in)", "publisher": "Chennai Metropolitan Water Supply and Sewerage Board (CMWSSB)" }, "geometry": { "type": "Point", "coordinates": [ 80.217844, 13.175464 ] } },
{ "type": "Feature", "properties": { "location": "6", "depot": "17", "capacity_of_oht_ml": 0.03, "name_of_the_wds": "NA", "commissioned_on": null, "status": "8", "source": "OpenCity (data.opencity.in)", "publisher": "Chennai Metropolitan Water Supply and Sewerage Board (CMWSSB)" }, "geometry": { "type": "Point", "coordinates": [ 80.234318, 13.184749 ] } },
{ "type": "Feature", "properties": { "location": "6", "depot": "183", "capacity_of_oht_ml": null, "name_of_the_wds": null, "commissioned_on": null, "status": "3", "source": "OpenCity (data.opencity.in)", "publisher": "Chennai Metropolitan Water Supply and Sewerage Board (CMWSSB)" }, "geometry": { "type": "Point", "coordinates": [ 80.251484, 12.961054 ] } },
{ "type": "Feature", "properties": { "location": "6", "depot": "183", "capacity_of_oht_ml": null, "name_of_the_wds": null, "commissioned_on": null, "status": "3", "source": "OpenCity (data.opencity.in)", "publisher": "Chennai Metropolitan Water Supply and Sewerage Board (CMWSSB)" }, "geometry": { "type": "Point", "coordinates": [ 80.252783, 12.966505 ] } },
{ "type": "Feature", "properties": { "location": "6", "depot": "183", "capacity_of_oht_ml": null, "name_of_the_wds": null, "commissioned_on": null, "status": "3", "source": "OpenCity (data.opencity.in)", "publisher": "Chennai Metropolitan Water Supply and Sewerage Board (CMWSSB)" }, "geometry": { "type": "Point", "coordinates": [ 80.253378, 12.962652 ] } },
{ "type": "Feature", "properties": { "location": "9", "depot": "193", "capacity_of_oht_ml": null, "name_of_the_wds": null, "commissioned_on": null, "status": "1", "source": "OpenCity (data.opencity.in)", "publisher": "Chennai Metropolitan Water Supply and Sewerage Board (CMWSSB)" }, "geometry": { "type": "Point", "coordinates": [ 80.239252, 12.95243 ] } },
{ "type": "Feature", "properties": { "location": "9", "depot": "185", "capacity_of_oht_ml": null, "name_of_the_wds": null, "commissioned_on": null, "status": "1", "source": "OpenCity (data.opencity.in)", "publisher": "Chennai Metropolitan Water Supply and Sewerage Board (CMWSSB)" }, "geometry": { "type": "Point", "coordinates": [ 80.19588, 12.97371 ] } },
{ "type": "Feature", "properties": { "location": "6", "depot": "193", "capacity_of_oht_ml": null, "name_of_the_wds": "NA", "commissioned_on": null, "status": "1", "source": "OpenCity (data.opencity.in)", "publisher": "Chennai Metropolitan Water Supply and Sewerage Board (CMWSSB)" }, "geometry": { "type": "Point", "coordinates": [ 80.236676, 12.945415 ] } },
{ "type": "Feature", "properties": { "location": "6", "depot": "192", "capacity_of_oht_ml": null, "name_of_the_wds": "NA", "commissioned_on": null, "status": "3", "source": "OpenCity (data.opencity.in)", "publisher": "Chennai Metropolitan Water Supply and Sewerage Board (CMWSSB)" }, "geometry": { "type": "Point", "coordinates": [ 80.254669, 12.941201 ] } },
{ "type": "Feature", "properties": { "location": "6", "depot": "192", "capacity_of_oht_ml": null, "name_of_the_wds": "Saraswathy Nagar North OHT", "commissioned_on": null, "status": "1", "source": "OpenCity (data.opencity.in)", "publisher": "Chennai Metropolitan Water Supply and Sewerage Board (CMWSSB)" }, "geometry": { "type": "Point", "coordinates": [ 80.249462, 12.951027 ] } },
{ "type": "Feature", "properties": { "location": "6", "depot": "183", "capacity_of_oht_ml": null, "name_of_the_wds": null, "commissioned_on": null, "status": "3", "source": "OpenCity (data.opencity.in)", "publisher": "Chennai Metropolitan Water Supply and Sewerage Board (CMWSSB)" }, "geometry": { "type": "Point", "coordinates": [ 80.254346, 12.966188 ] } },
{ "type": "Feature", "properties": { "location": "9", "depot": "188", "capacity_of_oht_ml": null, "name_of_the_wds": null, "commissioned_on": null, "status": "3", "source": "OpenCity (data.opencity.in)", "publisher": "Chennai Metropolitan Water Supply and Sewerage Board (CMWSSB)" }, "geometry": { "type": "Point", "coordinates": [ 80.199507, 12.954295 ] } },
{ "type": "Feature", "properties": { "location": "9", "depot": "188", "capacity_of_oht_ml": null, "name_of_the_wds": null, "commissioned_on": null, "status": "3", "source": "OpenCity (data.opencity.in)", "publisher": "Chennai Metropolitan Water Supply and Sewerage Board (CMWSSB)" }, "geometry": { "type": "Point", "coordinates": [ 80.200001, 12.960046 ] } },
{ "type": "Feature", "properties": { "location": "6", "depot": "193", "capacity_of_oht_ml": null, "name_of_the_wds": "NA", "commissioned_on": null, "status": "1", "source": "OpenCity (data.opencity.in)", "publisher": "Chennai Metropolitan Water Supply and Sewerage Board (CMWSSB)" }, "geometry": { "type": "Point", "coordinates": [ 80.236493, 12.943993 ] } },
{ "type": "Feature", "properties": { "location": "6", "depot": "17", "capacity_of_oht_ml": 0.03, "name_of_the_wds": "NA", "commissioned_on": null, "status": "8", "source": "OpenCity (data.opencity.in)", "publisher": "Chennai Metropolitan Water Supply and Sewerage Board (CMWSSB)" }, "geometry": { "type": "Point", "coordinates": [ 80.235007, 13.180829 ] } },
{ "type": "Feature", "properties": { "location": "6", "depot": "181", "capacity_of_oht_ml": null, "name_of_the_wds": null, "commissioned_on": null, "status": "3", "source": "OpenCity (data.opencity.in)", "publisher": "Chennai Metropolitan Water Supply and Sewerage Board (CMWSSB)" }, "geometry": { "type": "Point", "coordinates": [ 80.25781, 12.966661 ] } },
{ "type": "Feature", "properties": { "location": "6", "depot": "17", "capacity_of_oht_ml": 0.03, "name_of_the_wds": "NA", "commissioned_on": null, "status": "8", "source": "OpenCity (data.opencity.in)", "publisher": "Chennai Metropolitan Water Supply and Sewerage Board (CMWSSB)" }, "geometry": { "type": "Point", "coordinates": [ 80.234815, 13.182099 ] } },
{ "type": "Feature", "properties": { "location": "6", "depot": "17", "capacity_of_oht_ml": 0.03, "name_of_the_wds": "NA", "commissioned_on": null, "status": "8", "source": "OpenCity (data.opencity.in)", "publisher": "Chennai Metropolitan Water Supply and Sewerage Board (CMWSSB)" }, "geometry": { "type": "Point", "coordinates": [ 80.229287, 13.183655 ] } },
{ "type": "Feature", "properties": { "location": "6", "depot": "17", "capacity_of_oht_ml": 0.03, "name_of_the_wds": "NA", "commissioned_on": null, "status": "8", "source": "OpenCity (data.opencity.in)", "publisher": "Chennai Metropolitan Water Supply and Sewerage Board (CMWSSB)" }, "geometry": { "type": "Point", "coordinates": [ 80.233375, 13.194721 ] } },
{ "type": "Feature", "properties": { "location": "6", "depot": "17", "capacity_of_oht_ml": 0.03, "name_of_the_wds": "NA", "commissioned_on": null, "status": "8", "source": "OpenCity (data.opencity.in)", "publisher": "Chennai Metropolitan Water Supply and Sewerage Board (CMWSSB)" }, "geometry": { "type": "Point", "coordinates": [ 80.237257, 13.192863 ] } },
{ "type": "Feature", "properties": { "location": "6", "depot": "17", "capacity_of_oht_ml": 0.03, "name_of_the_wds": "NA", "commissioned_on": null, "status": "8", "source": "OpenCity (data.opencity.in)", "publisher": "Chennai Metropolitan Water Supply and Sewerage Board (CMWSSB)" }, "geometry": { "type": "Point", "coordinates": [ 80.251525, 13.191583 ] } },
{ "type": "Feature", "properties": { "location": "9", "depot": "17", "capacity_of_oht_ml": null, "name_of_the_wds": "Vadaperumbakkam CPCL", "commissioned_on": null, "status": "8", "source": "OpenCity (data.opencity.in)", "publisher": "Chennai Metropolitan Water Supply and Sewerage Board (CMWSSB)" }, "geometry": { "type": "Point", "coordinates": [ 80.227854, 13.18397 ] } },
{ "type": "Feature", "properties": { "location": "1", "depot": "19", "capacity_of_oht_ml": 0.01, "name_of_the_wds": "Tank Bund Road OHT", "commissioned_on": null, "status": "1", "source": "OpenCity (data.opencity.in)", "publisher": "Chennai Metropolitan Water Supply and Sewerage Board (CMWSSB)" }, "geometry": { "type": "Point", "coordinates": [ 80.251729, 13.170465 ] } },
{ "type": "Feature", "properties": { "location": "1", "depot": "19", "capacity_of_oht_ml": 0.01, "name_of_the_wds": "MMDA 47th Street OHT", "commissioned_on": null, "status": "1", "source": "OpenCity (data.opencity.in)", "publisher": "Chennai Metropolitan Water Supply and Sewerage Board (CMWSSB)" }, "geometry": { "type": "Point", "coordinates": [ 80.245989, 13.173257 ] } },
{ "type": "Feature", "properties": { "location": "1", "depot": "19", "capacity_of_oht_ml": 0.01, "name_of_the_wds": "Tank Bund Road OHT", "commissioned_on": null, "status": "1", "source": "OpenCity (data.opencity.in)", "publisher": "Chennai Metropolitan Water Supply and Sewerage Board (CMWSSB)" }, "geometry": { "type": "Point", "coordinates": [ 80.247361, 13.16928 ] } },
{ "type": "Feature", "properties": { "location": "6", "depot": "17", "capacity_of_oht_ml": 0.03, "name_of_the_wds": "NA", "commissioned_on": null, "status": "8", "source": "OpenCity (data.opencity.in)", "publisher": "Chennai Metropolitan Water Supply and Sewerage Board (CMWSSB)" }, "geometry": { "type": "Point", "coordinates": [ 80.230497, 13.193358 ] } },
{ "type": "Feature", "properties": { "location": "1", "depot": "19", "capacity_of_oht_ml": 0.006, "name_of_the_wds": "Chinnamathur Perumal Kovil Street OHT", "commissioned_on": null, "status": "1", "source": "OpenCity (data.opencity.in)", "publisher": "Chennai Metropolitan Water Supply and Sewerage Board (CMWSSB)" }, "geometry": { "type": "Point", "coordinates": [ 80.249412, 13.176886 ] } },
{ "type": "Feature", "properties": { "location": "1", "depot": "19", "capacity_of_oht_ml": 0.003, "name_of_the_wds": "Arulanatham Nagar OHT 3", "commissioned_on": null, "status": "1", "source": "OpenCity (data.opencity.in)", "publisher": "Chennai Metropolitan Water Supply and Sewerage Board (CMWSSB)" }, "geometry": { "type": "Point", "coordinates": [ 80.251386, 13.177459 ] } },
{ "type": "Feature", "properties": { "location": "1", "depot": "19", "capacity_of_oht_ml": 0.006, "name_of_the_wds": "Chinnamathur Perumal Kovil Street OHT", "commissioned_on": null, "status": "1", "source": "OpenCity (data.opencity.in)", "publisher": "Chennai Metropolitan Water Supply and Sewerage Board (CMWSSB)" }, "geometry": { "type": "Point", "coordinates": [ 80.251778, 13.177451 ] } },
{ "type": "Feature", "properties": { "location": "1", "depot": "19", "capacity_of_oht_ml": 0.003, "name_of_the_wds": "Chinnamathur Perumal Kovil Street OHT", "commissioned_on": null, "status": "3", "source": "OpenCity (data.opencity.in)", "publisher": "Chennai Metropolitan Water Supply and Sewerage Board (CMWSSB)" }, "geometry": { "type": "Point", "coordinates": [ 80.251792, 13.177841 ] } },
{ "type": "Feature", "properties": { "location": "1", "depot": "19", "capacity_of_oht_ml": 0.003, "name_of_the_wds": "Kamarajar Salai Perumal Kovil OHT", "commissioned_on": null, "status": "1", "source": "OpenCity (data.opencity.in)", "publisher": "Chennai Metropolitan Water Supply and Sewerage Board (CMWSSB)" }, "geometry": { "type": "Point", "coordinates": [ 80.242934, 13.1675 ] } },
{ "type": "Feature", "properties": { "location": "1", "depot": "19", "capacity_of_oht_ml": 0.003, "name_of_the_wds": "Kamarajar Salai Perumal Kovil OHT", "commissioned_on": null, "status": "1", "source": "OpenCity (data.opencity.in)", "publisher": "Chennai Metropolitan Water Supply and Sewerage Board (CMWSSB)" }, "geometry": { "type": "Point", "coordinates": [ 80.243123, 13.169985 ] } },
{ "type": "Feature", "properties": { "location": "1", "depot": "19", "capacity_of_oht_ml": 0.003, "name_of_the_wds": "Omakulam Street OHT", "commissioned_on": null, "status": "1", "source": "OpenCity (data.opencity.in)", "publisher": "Chennai Metropolitan Water Supply and Sewerage Board (CMWSSB)" }, "geometry": { "type": "Point", "coordinates": [ 80.240748, 13.168956 ] } },
{ "type": "Feature", "properties": { "location": "1", "depot": "19", "capacity_of_oht_ml": 0.006, "name_of_the_wds": "Ponnimman Kovil Street OHT", "commissioned_on": null, "status": "1", "source": "OpenCity (data.opencity.in)", "publisher": "Chennai Metropolitan Water Supply and Sewerage Board (CMWSSB)" }, "geometry": { "type": "Point", "coordinates": [ 80.244165, 13.170281 ] } },
{ "type": "Feature", "properties": { "location": "1", "depot": "19", "capacity_of_oht_ml": 0.006, "name_of_the_wds": "Ponnimman Kovil Street OHT", "commissioned_on": null, "status": "1", "source": "OpenCity (data.opencity.in)", "publisher": "Chennai Metropolitan Water Supply and Sewerage Board (CMWSSB)" }, "geometry": { "type": "Point", "coordinates": [ 80.239446, 13.169054 ] } },
{ "type": "Feature", "properties": { "location": "1", "depot": "19", "capacity_of_oht_ml": 0.003, "name_of_the_wds": "CPCL Layout 1", "commissioned_on": null, "status": "1", "source": "OpenCity (data.opencity.in)", "publisher": "Chennai Metropolitan Water Supply and Sewerage Board (CMWSSB)" }, "geometry": { "type": "Point", "coordinates": [ 80.239545, 13.172687 ] } },
{ "type": "Feature", "properties": { "location": "1", "depot": "19", "capacity_of_oht_ml": 0.003, "name_of_the_wds": "CPCL OHT 2", "commissioned_on": null, "status": "1", "source": "OpenCity (data.opencity.in)", "publisher": "Chennai Metropolitan Water Supply and Sewerage Board (CMWSSB)" }, "geometry": { "type": "Point", "coordinates": [ 80.240048, 13.172949 ] } },
{ "type": "Feature", "properties": { "location": "1", "depot": "19", "capacity_of_oht_ml": 0.03, "name_of_the_wds": "Manjampakkam Ellaiyamman Kovil Street", "commissioned_on": null, "status": "1", "source": "OpenCity (data.opencity.in)", "publisher": "Chennai Metropolitan Water Supply and Sewerage Board (CMWSSB)" }, "geometry": { "type": "Point", "coordinates": [ 80.231819, 13.167824 ] } },
{ "type": "Feature", "properties": { "location": "1", "depot": "19", "capacity_of_oht_ml": 0.001, "name_of_the_wds": "Masilamani OHT", "commissioned_on": null, "status": "1", "source": "OpenCity (data.opencity.in)", "publisher": "Chennai Metropolitan Water Supply and Sewerage Board (CMWSSB)" }, "geometry": { "type": "Point", "coordinates": [ 80.233578, 13.167356 ] } },
{ "type": "Feature", "properties": { "location": "4", "depot": "80", "capacity_of_oht_ml": 1.5, "name_of_the_wds": "Pandian Street WDS", "commissioned_on": null, "status": "8", "source": "OpenCity (data.opencity.in)", "publisher": "Chennai Metropolitan Water Supply and Sewerage Board (CMWSSB)" }, "geometry": { "type": "Point", "coordinates": [ 80.157515, 13.127168 ] } },
{ "type": "Feature", "properties": { "location": "4", "depot": "84", "capacity_of_oht_ml": 1.0, "name_of_the_wds": "Korattur Head Works(New)", "commissioned_on": null, "status": "1", "source": "OpenCity (data.opencity.in)", "publisher": "Chennai Metropolitan Water Supply and Sewerage Board (CMWSSB)" }, "geometry": { "type": "Point", "coordinates": [ 80.183384, 13.109782 ] } },
{ "type": "Feature", "properties": { "location": null, "depot": null, "capacity_of_oht_ml": 1.0, "name_of_the_wds": null, "commissioned_on": null, "status": "1", "source": "OpenCity (data.opencity.in)", "publisher": "Chennai Metropolitan Water Supply and Sewerage Board (CMWSSB)" }, "geometry": { "type": "Point", "coordinates": [ 80.212698, 13.037954 ] } },
{ "type": "Feature", "properties": { "location": "4", "depot": "92", "capacity_of_oht_ml": 1.7999999499999999, "name_of_the_wds": "Mogappair East Head Works(Old)", "commissioned_on": null, "status": "1", "source": "OpenCity (data.opencity.in)", "publisher": "Chennai Metropolitan Water Supply and Sewerage Board (CMWSSB)" }, "geometry": { "type": "Point", "coordinates": [ 80.181093, 13.085308 ] } }
]
}
