{"type": "FeatureCollection", "crs": {"type": "name", "properties": {"name": "urn:ogc:def:crs:OGC:1.3:CRS84"}}, "features": [{"type": "Feature", "properties": {"addr:postcode": "682030", "addr:street": "Kakkanad", "amenity": "hospital", "name": "Thrikkakara Municipal Co-operative Hospital", "phone": "+91 9400904730;0484 2955310", "osm_id": 343711683, "osm_type": "node"}, "geometry": {"type": "Point", "coordinates": [76.34672, 10.01816]}}, {"type": "Feature", "properties": {"addr:district": "Ernakulam", "addr:full": "Vii/528-B & Vii/528-C, Seaport - Airport Road, Kakkanad, Kochi", "addr:postcode": "682030", "addr:state": "Kerala", "amenity": "hospital", "name": "Sunrise Hospital, Ernakulam", "source": "OpenGovernmentData", "osm_id": 343719028, "osm_type": "node"}, "geometry": {"type": "Point", "coordinates": [76.3388796, 10.0252315]}}, {"type": "Feature", "properties": {"amenity": "hospital", "name": "Naliyath Medical Chamber", "osm_id": 1190881322, "osm_type": "node"}, "geometry": {"type": "Point", "coordinates": [76.3741513, 9.9432462]}}, {"type": "Feature", "properties": {"amenity": "hospital", "healthcare": "hospital", "name": "Nair's Hospital , Kochi", "osm_id": 1471806291, "osm_type": "node"}, "geometry": {"type": "Point", "coordinates": [76.3179964, 9.9502203]}}, {"type": "Feature", "properties": {"addr:district": "Ernakulam", "addr:full": "Maradu, Cochin", "addr:postcode": "682304", "addr:state": "Kerala", "amenity": "hospital", "healthcare": "hospital", "name": "P.S. Mission Hospital", "source": "OpenGovernmentData", "osm_id": 1472112511, "osm_type": "node"}, "geometry": {"type": "Point", "coordinates": [76.3227155, 9.9377796]}}, {"type": "Feature", "properties": {"addr:district": "Ernakulam", "addr:full": "N.H.47 Bypass, Thykoodam, Vyttila", "addr:postcode": "682019", "addr:state": "Kerala", "amenity": "hospital", "healthcare": "hospital", "name": "Dr. Joys Hospital", "source": "OpenGovernmentData", "osm_id": 1472148626, "osm_type": "node"}, "geometry": {"type": "Point", "coordinates": [76.3192419, 9.9585788]}}, {"type": "Feature", "properties": {"amenity": "hospital", "healthcare": "hospital", "name": "Varma Hospital", "osm_id": 1474212725, "osm_type": "node"}, "geometry": {"type": "Point", "coordinates": [76.3423588, 9.9538555]}}, {"type": "Feature", "properties": {"amenity": "hospital", "healthcare": "hospital", "name": "Government Ayurveda Hospital", "osm_id": 1474217343, "osm_type": "node"}, "geometry": {"type": "Point", "coordinates": [76.349062, 9.9438728]}}, {"type": "Feature", "properties": {"addr:district": "Ernakulam", "addr:full": "Madhava Pharmacy Jn, Kacherippady, Kochi", "addr:postcode": "682018", "addr:state": "Kerala", "amenity": "hospital", "name": "PNVM Hospital and Research Centre", "source": "OpenGovernmentData", "osm_id": 1474540727, "osm_type": "node"}, "geometry": {"type": "Point", "coordinates": [76.2814393, 9.9859833]}}, {"type": "Feature", "properties": {"amenity": "hospital", "healthcare": "hospital", "name": "Al Shifa Hospital", "osm_id": 1474863244, "osm_type": "node"}, "geometry": {"type": "Point", "coordinates": [76.2867126, 9.9787245]}}, {"type": "Feature", "properties": {"addr:district": "Ernakulam", "addr:full": "Kacheripady, Chittoor Road", "addr:postcode": "682018", "addr:state": "Kerala", "amenity": "hospital", "name": "Sree Sudheendra Medical Mission Hospital", "source": "OpenGovernmentData", "website": "https://ssmmhospital.com/", "osm_id": 1907858547, "osm_type": "node"}, "geometry": {"type": "Point", "coordinates": [76.2832964, 9.9849328]}}, {"type": "Feature", "properties": {"CovidVaccineCenterId": "726714", "amenity": "hospital", "check_date": "2025-08-03", "name": "MAJ Hospital", "osm_id": 1913549463, "osm_type": "node"}, "geometry": {"type": "Point", "coordinates": [76.3080439, 10.0213004]}}, {"type": "Feature", "properties": {"amenity": "hospital", "emergency": "no", "healthcare": "hospital", "name": "Nirmala Hospital", "osm_id": 2376840237, "osm_type": "node"}, "geometry": {"type": "Point", "coordinates": [76.3727576, 9.9446102]}}, {"type": "Feature", "properties": {"addr:district": "Ernakulam", "addr:full": "P.B. No. 868, Panayapilly", "addr:postcode": "682008", "addr:state": "Kerala", "addr:street": "Mons. Mathew Kothakathu Road", "amenity": "hospital", "name": "Gautham Hospital", "source": "OpenGovernmentData", "osm_id": 2391343055, "osm_type": "node"}, "geometry": {"type": "Point", "coordinates": [76.2560419, 9.9468667]}}, {"type": "Feature", "properties": {"addr:street": "Mons. Mathew Kothakathu Road", "amenity": "hospital", "name": "Laxmi Hospital", "opening_hours": "24/7", "osm_id": 2391343056, "osm_type": "node"}, "geometry": {"type": "Point", "coordinates": [76.2558553, 9.9478979]}}, {"type": "Feature", "properties": {"amenity": "clinic", "emergency": "no", "name": "St George's Medical Mission Hospital", "opening_hours": "Mo-Sa 08:00-19:00", "phone": "+91 484 277 8676", "osm_id": 3168002805, "osm_type": "node"}, "geometry": {"type": "Point", "coordinates": [76.3582407, 9.9517801]}}, {"type": "Feature", "properties": {"addr:city": "Ernakulam", "addr:district": "Ernakulam", "addr:full": "Mahatma Gandhi Rd, opp. Padma Theatre, Padma Junction, Shenoys, Ernakulam", "addr:postcode": "682035", "addr:state": "Kerala", "addr:street": "Mahatma Gandhi Road", "amenity": "hospital", "name": "City Hospital", "source": "OpenGovernmentData", "osm_id": 3328239503, "osm_type": "node"}, "geometry": {"type": "Point", "coordinates": [76.2834857, 9.9812391]}}, {"type": "Feature", "properties": {"addr:city": "Vyttila", "addr:postcode": "682032", "addr:street": "Off NH Bypass, Near Gold Souk, Service Road, Ponnurunni,", "amenity": "hospital", "designation": "Aesthetic Clinic", "emergency": "no", "healthcare": "hospital", "name": "The Touch Aesthetic Medical Clinic", "note": "RP Arcade, 2 Floor", "operator": "The Touch", "phone": "+91-484 234 1117", "osm_id": 3405026005, "osm_type": "node"}, "geometry": {"type": "Point", "coordinates": [76.3170085, 9.9770906]}}, {"type": "Feature", "properties": {"CovidVaccineCenterId": "155104", "alt_name": "Cheranalloor FHC", "amenity": "clinic", "healthcare": "centre", "name": "Primary Health Centre", "osm_id": 3813525266, "osm_type": "node"}, "geometry": {"type": "Point", "coordinates": [76.2892867, 10.0596791]}}, {"type": "Feature", "properties": {"addr:district": "Ernakulam", "addr:full": "Near Varkeys Market, Kaloor - Kadavandara Road, Kadavandara", "addr:postcode": "682020", "addr:state": "Kerala", "addr:street": "Kaloor-Kadavanthara Road", "amenity": "hospital", "healthcare": "hospital", "name": "Akshaya Hospital", "source": "OpenGovernmentData", "osm_id": 4293341748, "osm_type": "node"}, "geometry": {"type": "Point", "coordinates": [76.299672, 9.9690057]}}, {"type": "Feature", "properties": {"addr:district": "Ernakulam", "addr:full": "Near Power House, Tripunithura Road, Vyttila, Kochi", "addr:postcode": "682019", "addr:state": "Kerala", "amenity": "hospital", "healthcare": "hospital", "name": "Dr Raju's Eye Hospital", "source": "OpenGovernmentData", "osm_id": 4332240752, "osm_type": "node"}, "geometry": {"type": "Point", "coordinates": [76.3191089, 9.9647734]}}, {"type": "Feature", "properties": {"amenity": "hospital", "name:ar": "بونارنافا", "name:en": "Punarnava Ayurveda Hospital", "osm_id": 4649711590, "osm_type": "node"}, "geometry": {"type": "Point", "coordinates": [76.2942771, 9.9879592]}}, {"type": "Feature", "properties": {"amenity": "clinic", "name": "Kripa Diabetic Clinic", "osm_id": 4769428927, "osm_type": "node"}, "geometry": {"type": "Point", "coordinates": [76.3100405, 10.0210207]}}, {"type": "Feature", "properties": {"CovidVaccineCenterId": "155434", "addr:city": "Ernakulam", "addr:postcode": "682040", "addr:street": "Nettoor PWD Road", "alt_name": "Nettoor PHC", "amenity": "hospital", "emergency": "no", "healthcare": "hospital", "name": "Nettoor Primary Health Center", "operator": "Government of Kerala", "osm_id": 4867912497, "osm_type": "node"}, "geometry": {"type": "Point", "coordinates": [76.3128645, 9.9194425]}}, {"type": "Feature", "properties": {"addr:district": "Ernakulam", "addr:full": "Kacheripady, Chittoor Road, Near Vimalalayam", "addr:postcode": "682018", "addr:state": "Kerala", "addr:street": "Chittoor Road", "amenity": "hospital", "healthcare": "hospital", "healthcare:speciality": "ophthalmology", "name": "Westend Eye Hospitals", "phone": "+91 9288605411", "source": "OpenGovernmentData", "osm_id": 5138971690, "osm_type": "node"}, "geometry": {"type": "Point", "coordinates": [76.2827224, 9.9880943]}}, {"type": "Feature", "properties": {"amenity": "hospital", "healthcare": "hospital", "name": "Govt Homeo Dispensary", "osm_id": 5518019510, "osm_type": "node"}, "geometry": {"type": "Point", "coordinates": [76.2888545, 10.0160984]}}, {"type": "Feature", "properties": {"addr:city": "Kochi", "addr:postcode": "682020", "addr:street": "Ponneth Temple Road", "amenity": "hospital", "email": "info@giridhareye.org", "emergency": "no", "healthcare": "hospital", "healthcare:speciality": "ophthalmology", "name": "Giridhar Eye Institute", "phone": "+91-484-4170000", "website": "https://www.giridhareye.org/", "wheelchair": "yes", "osm_id": 5867421589, "osm_type": "node"}, "geometry": {"type": "Point", "coordinates": [76.3050675, 9.9641496]}}, {"type": "Feature", "properties": {"amenity": "hospital", "healthcare": "hospital", "name": "Ephphatha Softech എഫഥാ സ്പീച്ച് ആന്റ് ഹിയറിങ് സെന്റർ", "name:ml": "എഫഥാ സ്പീച്ച് ആന്റ് ഹിയറിങ് സെന്റർ", "osm_id": 5909942850, "osm_type": "node"}, "geometry": {"type": "Point", "coordinates": [76.3052486, 10.006847]}}, {"type": "Feature", "properties": {"amenity": "hospital", "name": "Government Ayurvedic Hospital", "osm_id": 6465137211, "osm_type": "node"}, "geometry": {"type": "Point", "coordinates": [76.3579443, 9.9242502]}}, {"type": "Feature", "properties": {"amenity": "clinic", "healthcare": "doctor", "name": "Homeo clinic", "osm_id": 6604489389, "osm_type": "node"}, "geometry": {"type": "Point", "coordinates": [76.2936908, 9.912541]}}, {"type": "Feature", "properties": {"addr:district": "Ernakulam", "addr:full": "Tripunithura, Ernakulam, Kerala", "addr:postcode": "682306", "addr:state": "Kerala", "amenity": "hospital", "healthcare": "hospital", "name": "Cochin Ariya Vaidya Sala", "source": "OpenGovernmentData", "osm_id": 6950320823, "osm_type": "node"}, "geometry": {"type": "Point", "coordinates": [76.3380557, 9.9696286]}}, {"type": "Feature", "properties": {"addr:district": "Alappuzha", "addr:full": "Bye Pass Junction, Aroor", "addr:postcode": "688534", "addr:state": "Kerala", "amenity": "hospital", "name": "Lakshmi Hospital, Alappuzha", "source": "OpenGovernmentData", "osm_id": 6950440200, "osm_type": "node"}, "geometry": {"type": "Point", "coordinates": [76.3033573, 9.8781612]}}, {"type": "Feature", "properties": {"addr:district": "Ernakulam", "addr:full": "Hill Palace Road,Near Railway Over Bridge", "addr:postcode": "682301", "addr:state": "Kerala", "amenity": "hospital", "name": "R C M Eye Hospital", "source": "OpenGovernmentData", "osm_id": 6950762961, "osm_type": "node"}, "geometry": {"type": "Point", "coordinates": [76.3522044, 9.9467902]}}, {"type": "Feature", "properties": {"addr:district": "Ernakulam", "addr:full": "Opposite Government Hospital, Karuvelipady, Cochin", "addr:postcode": "682005", "addr:state": "Kerala", "amenity": "hospital", "name": "Jesus Hospital", "source": "OpenGovernmentData", "osm_id": 6950860223, "osm_type": "node"}, "geometry": {"type": "Point", "coordinates": [76.2606941, 9.9428842]}}, {"type": "Feature", "properties": {"addr:district": "Ernakulam", "addr:full": "Kadamdhenu Apartments,Kadavanthra-Kaloor Road Kadavanthra", "addr:postcode": "682020", "addr:state": "Kerala", "amenity": "hospital", "healthcare": "hospital", "name": "Vijaya Institute of Medical Sciences", "source": "OpenGovernmentData", "osm_id": 6950910799, "osm_type": "node"}, "geometry": {"type": "Point", "coordinates": [76.2991192, 9.9700978]}}, {"type": "Feature", "properties": {"addr:district": "Ernakulam", "addr:full": "Mundamveli Road, Mundamveli, Kochi", "addr:postcode": "682507", "addr:state": "Kerala", "amenity": "hospital", "healthcare": "hospital", "name": "Jishy Hospital", "source": "OpenGovernmentData", "osm_id": 6951097426, "osm_type": "node"}, "geometry": {"type": "Point", "coordinates": [76.2558179, 9.9244655]}}, {"type": "Feature", "properties": {"addr:district": "Ernakulam", "addr:full": "353/307 A, KP Vallon Road, Kadavanthara P.O., Kochi", "addr:postcode": "682020", "addr:state": "Kerala", "amenity": "hospital", "healthcare": "hospital", "name": "Silverline Hospital", "source": "OpenGovernmentData", "website": "https://silverlinehospital.in/", "osm_id": 6951516730, "osm_type": "node"}, "geometry": {"type": "Point", "coordinates": [76.3003696, 9.9653574]}}, {"type": "Feature", "properties": {"addr:district": "Ernakulam", "addr:full": "Mulanthuruthy, Kerala", "addr:postcode": "682314", "addr:state": "Kerala", "amenity": "clinic", "name": "Varsha Nursing Home", "source": "OpenGovernmentData", "osm_id": 6951945758, "osm_type": "node"}, "geometry": {"type": "Point", "coordinates": [76.3916751, 9.9015883]}}, {"type": "Feature", "properties": {"addr:district": "Ernakulam", "addr:full": "Cheranaloor Thykkavu Bus Stop, Tippu Sulthan Road, Cheranellore", "addr:postcode": "682031", "addr:state": "Kerala", "amenity": "hospital", "name": "Cimar Cochin Hospital", "source": "OpenGovernmentData", "website": "https://cimarindia.org/", "osm_id": 6951951212, "osm_type": "node"}, "geometry": {"type": "Point", "coordinates": [76.296743, 10.0515389]}}, {"type": "Feature", "properties": {"addr:district": "Ernakulam", "addr:full": "No. 34 / 563, A - 1, Opp. India Vision, Palarivattom, NH Bypass Road, Cochin", "addr:postcode": "682024", "addr:state": "Kerala", "amenity": "hospital", "name": "Vasan Eye Care Hospital, Palarivattom", "source": "OpenGovernmentData", "osm_id": 6951990445, "osm_type": "node"}, "geometry": {"type": "Point", "coordinates": [76.3126431, 10.0099874]}}, {"type": "Feature", "properties": {"addr:district": "Ernakulam", "addr:full": "Vattekkattu Road, Kaloor, Cochin", "addr:postcode": "682017", "addr:state": "Kerala", "amenity": "hospital", "name": "Paul's Hospital", "source": "OpenGovernmentData", "osm_id": 6952059082, "osm_type": "node"}, "geometry": {"type": "Point", "coordinates": [76.2957781, 9.9883115]}}, {"type": "Feature", "properties": {"addr:district": "Ernakulam", "addr:full": "Kakkanad P.O., Kochi", "addr:postcode": "682030", "addr:state": "Kerala", "amenity": "hospital", "name": "Thrikkakara Grama Panchayat Co-Operative Hospital", "source": "OpenGovernmentData", "osm_id": 6953222340, "osm_type": "node"}, "geometry": {"type": "Point", "coordinates": [76.3436562, 10.0190155]}}, {"type": "Feature", "properties": {"addr:district": "Ernakulam", "addr:full": "Chottanikkara", "addr:postcode": "682312", "addr:state": "Kerala", "alt_name": "Sir Dorabji Tata Trust Aided Hospital", "amenity": "hospital", "name": "SD Tata Hospital", "source": "OpenGovernmentData", "osm_id": 6953285687, "osm_type": "node"}, "geometry": {"type": "Point", "coordinates": [76.3912795, 9.9280376]}}, {"type": "Feature", "properties": {"addr:district": "Ernakulam", "addr:full": "Azad Road, Kaloor", "addr:postcode": "682017", "addr:state": "Kerala", "amenity": "hospital", "healthcare": "hospital", "name": "Focus Eye Hospital", "source": "OpenGovernmentData", "osm_id": 6953306602, "osm_type": "node"}, "geometry": {"type": "Point", "coordinates": [76.2954314, 9.9942959]}}, {"type": "Feature", "properties": {"addr:district": "Ernakulam", "addr:full": "NH Byepass, AKG Vayanasala Road, Vysali Junction, Vytilla, Cochin", "addr:postcode": "682032", "addr:state": "Kerala", "amenity": "hospital", "name": "Dr. Noushad's ENT Hospital and Research Centre", "source": "OpenGovernmentData", "osm_id": 6953379458, "osm_type": "node"}, "geometry": {"type": "Point", "coordinates": [76.3167563, 9.9869551]}}, {"type": "Feature", "properties": {"addr:district": "Ernakulam", "addr:full": "Xii/229, Muttar - Eloor Road, Manjummel, Eloor", "addr:postcode": "683501", "addr:state": "Kerala", "amenity": "hospital", "name": "St. Joseph's Hospital", "source": "OpenGovernmentData", "website": "https://www.stjosephhospital.in/", "osm_id": 6953819900, "osm_type": "node"}, "geometry": {"type": "Point", "coordinates": [76.3014141, 10.0601909]}}, {"type": "Feature", "properties": {"addr:district": "Ernakulam", "addr:full": "Hospital Road", "addr:postcode": "682011", "addr:state": "Kerala", "amenity": "clinic", "check_date": "2023-11-08", "healthcare": "clinic", "name": "Susrusha Nursing Home", "source": "OpenGovernmentData", "osm_id": 6953974125, "osm_type": "node"}, "geometry": {"type": "Point", "coordinates": [76.2844183, 9.9719005]}}, {"type": "Feature", "properties": {"addr:district": "Ernakulam", "addr:full": "Civil Line Road, Padivattom - Kakkanad Road, Kochi", "addr:postcode": "682024", "addr:state": "Kerala", "amenity": "clinic", "name": "Alexander Eye Centre", "source": "OpenGovernmentData", "osm_id": 6954382884, "osm_type": "node"}, "geometry": {"type": "Point", "coordinates": [76.3156834, 10.0078069]}}, {"type": "Feature", "properties": {"addr:district": "Ernakulam", "addr:full": "Opp. North Railway Station, Ernakulam North, Kochi", "addr:postcode": "682018", "addr:state": "Kerala", "amenity": "hospital", "name": "Specialists' Hospital", "source": "OpenGovernmentData", "website": "https://www.specialistshospital.com/", "osm_id": 6954410394, "osm_type": "node"}, "geometry": {"type": "Point", "coordinates": [76.2860182, 9.9905344]}}, {"type": "Feature", "properties": {"addr:district": "Ernakulam", "addr:full": "Edappally North P.O", "addr:postcode": "682024", "addr:state": "Kerala", "addr:subdistrict": "Kochi", "amenity": "hospital", "email": "mail@punarnava.net", "health_facility:type": "Pizhichil, Njavarakzhi, Vasthi, Sirovasthi, Udvarthanam, Abhayangam", "healthcare:speciality": "ayurveda", "name": "Punarnava Ayurveda Hospital", "operator:type": "private", "source": "OpenGovernmentData", "website": "http://www.punarnava.net", "osm_id": 6954410404, "osm_type": "node"}, "geometry": {"type": "Point", "coordinates": [76.2977904, 10.0441967]}}, {"type": "Feature", "properties": {"addr:district": "Ernakulam", "addr:full": "#70, Mavelipuram, Airport Seaport Road,Opposite Olimugal Moique", "addr:postcode": "682030", "addr:state": "Kerala", "amenity": "hospital", "name": "Susruta Eye Hospital", "source": "OpenGovernmentData", "osm_id": 6954916065, "osm_type": "node"}, "geometry": {"type": "Point", "coordinates": [76.3410974, 10.0234595]}}, {"type": "Feature", "properties": {"addr:district": "Ernakulam", "addr:full": "Thammanam P. O.,Kochi", "addr:postcode": "682025", "addr:state": "Kerala", "amenity": "clinic", "name": "Kumar Centre", "source": "OpenGovernmentData", "osm_id": 6954933585, "osm_type": "node"}, "geometry": {"type": "Point", "coordinates": [76.3101165, 9.9885361]}}, {"type": "Feature", "properties": {"addr:district": "Ernakulam", "addr:full": "Kadamakkudy", "addr:postcode": "682027", "addr:state": "Kerala", "amenity": "hospital", "healthcare": "hospital", "name": "Government Ayurveda Hospital", "operator:type": "government", "source": "OpenGovernmentData", "osm_id": 6956828002, "osm_type": "node"}, "geometry": {"type": "Point", "coordinates": [76.2478738, 10.0594005]}}, {"type": "Feature", "properties": {"addr:district": "Ernakulam", "addr:full": "Ernakulam", "addr:postcode": "682011", "addr:state": "Kerala", "amenity": "hospital", "healthcare": "hospital", "name": "Chaitanya Eye Hospital", "source": "OpenGovernmentData", "osm_id": 6957345194, "osm_type": "node"}, "geometry": {"type": "Point", "coordinates": [76.2903858, 9.9599096]}}, {"type": "Feature", "properties": {"addr:district": "Ernakulam", "addr:full": "Cultus Road, Perumpadappu", "addr:postcode": "682006", "addr:state": "Kerala", "amenity": "hospital", "contact:phone": "+91-9645909227", "fax": "2238454", "healthcare": "hospital", "name": "Fatima Hospital", "source": "OpenGovernmentData", "osm_id": 6957446953, "osm_type": "node"}, "geometry": {"type": "Point", "coordinates": [76.275571, 9.9014932]}}, {"type": "Feature", "properties": {"addr:district": "Ernakulam", "addr:full": "Judge Mukku, Thrikkakara, Kochi", "addr:postcode": "682021", "addr:state": "Kerala", "amenity": "hospital", "name": "Aditya Eye Hospital, Ernakulam", "source": "OpenGovernmentData", "osm_id": 6957498574, "osm_type": "node"}, "geometry": {"type": "Point", "coordinates": [76.3331406, 10.0340046]}}, {"type": "Feature", "properties": {"addr:district": "Ernakulam", "addr:full": "Pathadippalam, Edappaly P.O., Cochin", "addr:postcode": "682024", "addr:state": "Kerala", "amenity": "clinic", "healthcare": "clinic", "name": "Dr. Promodus Institute Of Sexual and Marital Health", "source": "OpenGovernmentData", "osm_id": 6957652813, "osm_type": "node"}, "geometry": {"type": "Point", "coordinates": [76.3160053, 10.0355497]}}, {"type": "Feature", "properties": {"addr:district": "Ernakulam", "addr:full": "Near Edapally Post Office,Manimala Road,Edapally", "addr:postcode": "682024", "addr:state": "Kerala", "amenity": "hospital", "name": "Evershine Hospital", "source": "OpenGovernmentData", "osm_id": 6957808459, "osm_type": "node"}, "geometry": {"type": "Point", "coordinates": [76.3045053, 10.0192427]}}, {"type": "Feature", "properties": {"addr:district": "Ernakulam", "addr:full": "Mullassery Canal Road", "addr:postcode": "682035", "addr:state": "Kerala", "amenity": "clinic", "fax": "+91 484374940", "name": "Ojus Clinic and Nursing Home", "source": "OpenGovernmentData", "osm_id": 6957927303, "osm_type": "node"}, "geometry": {"type": "Point", "coordinates": [76.2821645, 9.9757639]}}, {"type": "Feature", "properties": {"addr:district": "Ernakulam", "addr:full": "Ponnurunni,Vyttila,Kochi", "addr:postcode": "682019", "addr:state": "Kerala", "amenity": "hospital", "healthcare": "hospital", "name": "Naivedya Ayurvedic Hospital and Research Centre", "source": "OpenGovernmentData", "osm_id": 6958043970, "osm_type": "node"}, "geometry": {"type": "Point", "coordinates": [76.313999, 9.9809006]}}, {"type": "Feature", "properties": {"addr:district": "Ernakulam", "addr:full": "Near St. Albert’s College, Cochin", "addr:postcode": "682018", "addr:state": "Kerala", "amenity": "clinic", "name": "Dr. D' Souza's ENT Clinic and Nursing Home", "source": "OpenGovernmentData", "osm_id": 6958044011, "osm_type": "node"}, "geometry": {"type": "Point", "coordinates": [76.2795923, 9.9855128]}}, {"type": "Feature", "properties": {"addr:district": "Ernakulam", "addr:full": "Opposite BSNL Microwave Station, Deshabhimani Road, Kaloor", "addr:postcode": "682017", "addr:state": "Kerala", "amenity": "hospital", "name": "Alpha ENT Head and Neck Hospital", "source": "OpenGovernmentData", "osm_id": 6958181260, "osm_type": "node"}, "geometry": {"type": "Point", "coordinates": [76.2953791, 10.0032624]}}, {"type": "Feature", "properties": {"addr:district": "Ernakulam", "addr:full": "Opposite Reliance Fresh, K.P. Vallon Road", "addr:postcode": "682020", "addr:state": "Kerala", "amenity": "hospital", "name": "Ayurvaid Hospital", "source": "OpenGovernmentData", "osm_id": 6958204589, "osm_type": "node"}, "geometry": {"type": "Point", "coordinates": [76.3010952, 9.9634535]}}, {"type": "Feature", "properties": {"amenity": "clinic", "healthcare": "clinic", "name": "Prashanthi clinic", "survey:date": "2020-01-29", "osm_id": 7168834688, "osm_type": "node"}, "geometry": {"type": "Point", "coordinates": [76.2809636, 9.9766807]}}, {"type": "Feature", "properties": {"amenity": "hospital", "healthcare": "hospital", "name": "DDC", "osm_id": 7227115095, "osm_type": "node"}, "geometry": {"type": "Point", "coordinates": [76.3469619, 9.9417653]}}, {"type": "Feature", "properties": {"amenity": "hospital", "healthcare": "hospital", "name": "St Thomas Clinic", "osm_id": 7319293101, "osm_type": "node"}, "geometry": {"type": "Point", "coordinates": [76.3965886, 9.9000429]}}, {"type": "Feature", "properties": {"amenity": "hospital", "healthcare": "hospital", "name": "Mulanthuruthy Government Homoeo Dispensary", "osm_id": 7319312331, "osm_type": "node"}, "geometry": {"type": "Point", "coordinates": [76.3874512, 9.9011502]}}, {"type": "Feature", "properties": {"amenity": "hospital", "healthcare": "hospital", "name": "MMC Hospital", "osm_id": 7319337455, "osm_type": "node"}, "geometry": {"type": "Point", "coordinates": [76.3843557, 9.9010103]}}, {"type": "Feature", "properties": {"amenity": "hospital", "healthcare": "hospital", "name": "Amrutanjan Health Care Limited", "osm_id": 7331570350, "osm_type": "node"}, "geometry": {"type": "Point", "coordinates": [76.3301431, 9.938384]}}, {"type": "Feature", "properties": {"amenity": "hospital", "healthcare": "hospital", "name": "Goverment Ayurveda Hospital Maradu", "osm_id": 7331612412, "osm_type": "node"}, "geometry": {"type": "Point", "coordinates": [76.3273095, 9.9350137]}}, {"type": "Feature", "properties": {"amenity": "hospital", "healthcare": "hospital", "name": "Nature Life Hospital", "osm_id": 7335140255, "osm_type": "node"}, "geometry": {"type": "Point", "coordinates": [76.3276624, 9.9544308]}}, {"type": "Feature", "properties": {"amenity": "clinic", "healthcare": "clinic", "name": "Dr.Shajis Homeopathic Clinic", "osm_id": 7335189805, "osm_type": "node"}, "geometry": {"type": "Point", "coordinates": [76.314372, 9.9778718]}}, {"type": "Feature", "properties": {"amenity": "clinic", "healthcare": "clinic", "name": "Cochin Clinical Homeo Pharmacy", "osm_id": 7335257816, "osm_type": "node"}, "geometry": {"type": "Point", "coordinates": [76.312411, 9.9872487]}}, {"type": "Feature", "properties": {"amenity": "clinic", "healthcare": "clinic", "name": "Quick Heal Homeopathic Clinic", "osm_id": 7335265277, "osm_type": "node"}, "geometry": {"type": "Point", "coordinates": [76.3117954, 10.0234813]}}, {"type": "Feature", "properties": {"amenity": "hospital", "healthcare": "hospital", "name": "Jeevaniyam", "osm_id": 7335268606, "osm_type": "node"}, "geometry": {"type": "Point", "coordinates": [76.3091576, 9.9883939]}}, {"type": "Feature", "properties": {"amenity": "clinic", "healthcare": "clinic", "name": "Al Mekha Skin Clinic", "osm_id": 7335270890, "osm_type": "node"}, "geometry": {"type": "Point", "coordinates": [76.3138432, 10.0015916]}}, {"type": "Feature", "properties": {"amenity": "clinic", "healthcare": "clinic", "name": "Aham Ayurvedic Clinic", "osm_id": 7335316973, "osm_type": "node"}, "geometry": {"type": "Point", "coordinates": [76.3140197, 10.0334447]}}, {"type": "Feature", "properties": {"amenity": "clinic", "healthcare": "clinic", "name": "Rite Cure Health Services", "osm_id": 7335317420, "osm_type": "node"}, "geometry": {"type": "Point", "coordinates": [76.3110466, 10.0274658]}}, {"type": "Feature", "properties": {"amenity": "hospital", "healthcare": "hospital", "name": "Jacob Hospital", "osm_id": 7335345047, "osm_type": "node"}, "geometry": {"type": "Point", "coordinates": [76.3173511, 10.0495861]}}, {"type": "Feature", "properties": {"amenity": "clinic", "healthcare": "clinic", "name": "Dermatology Consultation", "osm_id": 7349886219, "osm_type": "node"}, "geometry": {"type": "Point", "coordinates": [76.322621, 10.0644837]}}, {"type": "Feature", "properties": {"amenity": "clinic", "healthcare": "clinic", "name": "Kerala Ayurveda Clinic", "osm_id": 7349888855, "osm_type": "node"}, "geometry": {"type": "Point", "coordinates": [76.3229797, 10.0625454]}}, {"type": "Feature", "properties": {"amenity": "hospital", "healthcare": "hospital", "name": "skin and child clinic", "osm_id": 7458967931, "osm_type": "node"}, "geometry": {"type": "Point", "coordinates": [76.3901726, 9.9233882]}}, {"type": "Feature", "properties": {"amenity": "clinic", "healthcare": "clinic", "osm_id": 7462056338, "osm_type": "node"}, "geometry": {"type": "Point", "coordinates": [76.3407869, 9.9645322]}}, {"type": "Feature", "properties": {"amenity": "clinic", "healthcare": "clinic", "name": "Homeopathy Clinic", "osm_id": 7462056347, "osm_type": "node"}, "geometry": {"type": "Point", "coordinates": [76.3404336, 9.9652942]}}, {"type": "Feature", "properties": {"amenity": "hospital", "healthcare": "hospital", "name": "Kottakal Arya Vaidya Sala", "osm_id": 7462923349, "osm_type": "node"}, "geometry": {"type": "Point", "coordinates": [76.3879899, 9.9333953]}}, {"type": "Feature", "properties": {"amenity": "clinic", "healthcare": "clinic", "name": "Keerthi", "osm_id": 7464623786, "osm_type": "node"}, "geometry": {"type": "Point", "coordinates": [76.3564597, 9.9710749]}}, {"type": "Feature", "properties": {"amenity": "clinic", "healthcare": "clinic", "name": "Eye Specialist Dr. Shivaji Clinic", "osm_id": 7464774002, "osm_type": "node"}, "geometry": {"type": "Point", "coordinates": [76.2848802, 10.0162035]}}, {"type": "Feature", "properties": {"amenity": "clinic", "healthcare": "clinic", "name": "Dr. Aby's", "osm_id": 7466528012, "osm_type": "node"}, "geometry": {"type": "Point", "coordinates": [76.3585398, 9.95858]}}, {"type": "Feature", "properties": {"amenity": "clinic", "healthcare": "clinic", "name": "Molly's", "osm_id": 7468224337, "osm_type": "node"}, "geometry": {"type": "Point", "coordinates": [76.3569735, 9.9572164]}}, {"type": "Feature", "properties": {"amenity": "clinic", "healthcare": "clinic", "name": "ST George", "osm_id": 7470357924, "osm_type": "node"}, "geometry": {"type": "Point", "coordinates": [76.3583545, 9.9531464]}}, {"type": "Feature", "properties": {"amenity": "hospital", "healthcare": "hospital", "name": "Roshan Eye Care", "osm_id": 7471299053, "osm_type": "node"}, "geometry": {"type": "Point", "coordinates": [76.3458182, 9.9517542]}}, {"type": "Feature", "properties": {"amenity": "clinic", "healthcare": "clinic", "name": "KJM Children's Clinic", "osm_id": 7471881098, "osm_type": "node"}, "geometry": {"type": "Point", "coordinates": [76.3045248, 9.9669403]}}, {"type": "Feature", "properties": {"amenity": "clinic", "healthcare": "clinic", "name": "kjm children clinic", "osm_id": 7471881111, "osm_type": "node"}, "geometry": {"type": "Point", "coordinates": [76.3039899, 9.96675]}}, {"type": "Feature", "properties": {"amenity": "clinic", "healthcare": "clinic", "healthcare:speciality": "Homoeo", "name": "Homoeo Clinic", "operator": "Private", "operator:type": "private", "osm_id": 7473714289, "osm_type": "node"}, "geometry": {"type": "Point", "coordinates": [76.2936578, 9.9014725]}}, {"type": "Feature", "properties": {"addr:city": "Edappally", "addr:postcode": "682024", "addr:street": "NH-544", "amenity": "clinic", "healthcare": "clinic", "name": "Dr. Harish", "opening_hours": "Mo-Sa 07:30-19:00", "osm_id": 7490157412, "osm_type": "node"}, "geometry": {"type": "Point", "coordinates": [76.3038944, 10.0192312]}}, {"type": "Feature", "properties": {"amenity": "clinic", "healthcare": "clinic", "osm_id": 7500481957, "osm_type": "node"}, "geometry": {"type": "Point", "coordinates": [76.2572569, 9.9447406]}}, {"type": "Feature", "properties": {"amenity": "clinic", "healthcare": "clinic", "name": "homeo clinic", "osm_id": 7502365043, "osm_type": "node"}, "geometry": {"type": "Point", "coordinates": [76.3496557, 10.0257156]}}, {"type": "Feature", "properties": {"amenity": "hospital", "healthcare": "hospital", "name": "cimar mom's hospital", "osm_id": 7503498039, "osm_type": "node"}, "geometry": {"type": "Point", "coordinates": [76.2962954, 10.0512687]}}, {"type": "Feature", "properties": {"amenity": "hospital", "healthcare": "hospital", "name": "cimar infertility hospital cheranalloor", "osm_id": 7503498257, "osm_type": "node"}, "geometry": {"type": "Point", "coordinates": [76.2968834, 10.0517171]}}, {"type": "Feature", "properties": {"amenity": "clinic", "healthcare": "clinic", "name": "ayurvedic clinic", "osm_id": 7505440823, "osm_type": "node"}, "geometry": {"type": "Point", "coordinates": [76.345878, 10.0166947]}}, {"type": "Feature", "properties": {"amenity": "clinic", "healthcare": "clinic", "name": "homeo clinic", "osm_id": 7505440824, "osm_type": "node"}, "geometry": {"type": "Point", "coordinates": [76.3460282, 10.0165468]}}, {"type": "Feature", "properties": {"amenity": "clinic", "healthcare": "clinic", "name": "raha ayurveda", "osm_id": 7528072673, "osm_type": "node"}, "geometry": {"type": "Point", "coordinates": [76.3066287, 10.0269055]}}, {"type": "Feature", "properties": {"addr:district": "Ernakulam", "addr:full": "Varnam Nagar, Kombara, Edathala, Aluva", "addr:postcode": "683563", "addr:state": "Kerala", "amenity": "clinic", "name": "Maria Clinic", "source": "Local Knowledge", "osm_id": 7726206277, "osm_type": "node"}, "geometry": {"type": "Point", "coordinates": [76.3632029, 10.0681667]}}, {"type": "Feature", "properties": {"addr:district": "Ernakulam", "addr:full": "Peringala, Pallikkara", "addr:postcode": "682303", "addr:state": "Kerala", "amenity": "hospital", "name": "Nirmala Medical Mission Hospital", "source": "Local Knowledge", "osm_id": 7726206298, "osm_type": "node"}, "geometry": {"type": "Point", "coordinates": [76.3976039, 10.0037817]}}, {"type": "Feature", "properties": {"addr:district": "Ernakulam", "addr:full": "Pallikkara, Kochi", "addr:postcode": "683565", "addr:state": "Kerala", "amenity": "hospital", "name": "Sanjeevanam Ayurveda Hospital", "source": "Local Knowledge", "osm_id": 7726206310, "osm_type": "node"}, "geometry": {"type": "Point", "coordinates": [76.388979, 10.027905]}}, {"type": "Feature", "properties": {"addr:district": "Ernakulam", "addr:full": "Kadavanthra, Kochi", "addr:postcode": "682020", "addr:state": "Kerala", "amenity": "hospital", "healthcare": "hospital", "name": "Lotus Eye Hospital", "source": "Local Knowledge", "osm_id": 7726235628, "osm_type": "node"}, "geometry": {"type": "Point", "coordinates": [76.3012127, 9.9674326]}}, {"type": "Feature", "properties": {"addr:district": "Ernakulam", "addr:full": "North Kaloor, Kacheripady, Ernakulam", "addr:postcode": "682018", "addr:state": "Kerala", "amenity": "hospital", "name": "Vathakat Orthopaedic Hospital", "source": "Local Knowledge", "osm_id": 7726235636, "osm_type": "node"}, "geometry": {"type": "Point", "coordinates": [76.285434, 9.986819]}}, {"type": "Feature", "properties": {"addr:district": "Ernakulam", "addr:postcode": "682505", "addr:state": "Kerala", "amenity": "clinic", "name": "Care & Cure Homeo Clinic", "source": "Local Knowledge", "osm_id": 7726235639, "osm_type": "node"}, "geometry": {"type": "Point", "coordinates": [76.220118, 10.0455936]}}, {"type": "Feature", "properties": {"addr:district": "Ernakulam", "addr:full": "Fort Kochi", "addr:postcode": "682001", "addr:state": "Kerala", "amenity": "hospital", "healthcare": "hospital", "name": "Dr. Elzas Ayurveda Hospital", "source": "Local Knowledge", "osm_id": 7726235640, "osm_type": "node"}, "geometry": {"type": "Point", "coordinates": [76.241904, 9.965001]}}, {"type": "Feature", "properties": {"addr:district": "Ernakulam", "addr:full": "Eroor, Ernakulam", "addr:postcode": "682306", "addr:state": "Kerala", "amenity": "clinic", "healthcare": "clinic", "name": "Chethana Homoeo Clinic", "source": "Local Knowledge", "osm_id": 7726235645, "osm_type": "node"}, "geometry": {"type": "Point", "coordinates": [76.3326414, 9.9720847]}}, {"type": "Feature", "properties": {"addr:district": "Ernakulam", "addr:full": "Changampuzha Nagar, Kalamassery, Edappally", "addr:postcode": "682033", "addr:state": "Kerala", "amenity": "clinic", "healthcare": "clinic", "name": "August Nursing Home Homeo", "source": "Local Knowledge", "osm_id": 7726235647, "osm_type": "node"}, "geometry": {"type": "Point", "coordinates": [76.318412, 10.041118]}}, {"type": "Feature", "properties": {"addr:district": "Ernakulam", "addr:full": "Thrikkakara, Edappally", "addr:postcode": "682021", "addr:state": "Kerala", "amenity": "hospital", "healthcare": "hospital", "name": "B & B Memorial Hospital", "source": "Local Knowledge", "osm_id": 7726235650, "osm_type": "node"}, "geometry": {"type": "Point", "coordinates": [76.3294623, 10.033897]}}, {"type": "Feature", "properties": {"addr:district": "Ernakulam", "addr:full": "Manimala Road, Edappally", "addr:postcode": "682024", "addr:state": "Kerala", "amenity": "hospital", "name": "Evershine Hospital", "source": "Local Knowledge", "osm_id": 7726235653, "osm_type": "node"}, "geometry": {"type": "Point", "coordinates": [76.3046442, 10.0196125]}}, {"type": "Feature", "properties": {"addr:district": "Ernakulam", "addr:full": "Karuvelipady, Thoppumpady", "addr:postcode": "682005", "addr:state": "Kerala", "amenity": "clinic", "name": "Susan Clinic", "source": "Local Knowledge", "osm_id": 7726235655, "osm_type": "node"}, "geometry": {"type": "Point", "coordinates": [76.2554458, 9.9409952]}}, {"type": "Feature", "properties": {"addr:district": "Ernakulam", "addr:full": "Chalikkavattom, Vennala, Kochi", "addr:postcode": "682028", "addr:state": "Kerala", "amenity": "hospital", "description": "Public Health Centre", "healthcare": "hospital", "name": "Urban Primary Health Centre, Chalikkavattom", "operator": "National Urban Health Mission", "operator:type": "government", "source": "Local Knowledge", "osm_id": 7726235658, "osm_type": "node"}, "geometry": {"type": "Point", "coordinates": [76.3241707, 9.9824178]}}, {"type": "Feature", "properties": {"addr:city": "Ernakulam", "addr:district": "Ernakulam", "addr:full": "Pallipuram Road, Ochanthuruth", "addr:postcode": "682508", "addr:state": "Kerala", "addr:street": "Vypin - Pallippuram Road", "amenity": "hospital", "healthcare": "hospital", "name": "Vypeen Hospital", "source": "Local Knowledge", "osm_id": 7726235659, "osm_type": "node"}, "geometry": {"type": "Point", "coordinates": [76.2350221, 9.9997548]}}, {"type": "Feature", "properties": {"addr:district": "Ernakulam", "addr:full": "Rajaji Road, Shenoys", "addr:postcode": "682035", "addr:state": "Kerala", "amenity": "hospital", "healthcare": "hospital", "name": "Dr. Hassan Ayurveda Brain and Spine Super Speciality Hospital", "source": "Local Knowledge", "osm_id": 7726235660, "osm_type": "node"}, "geometry": {"type": "Point", "coordinates": [76.286691, 9.978757]}}, {"type": "Feature", "properties": {"addr:district": "Ernakulam", "addr:full": "Keerthi Nagar, Elamakkara", "addr:postcode": "682026", "addr:state": "Kerala", "amenity": "hospital", "name": "Alife Ayurvedam", "source": "Local Knowledge", "osm_id": 7726235662, "osm_type": "node"}, "geometry": {"type": "Point", "coordinates": [76.2933848, 10.0146072]}}, {"type": "Feature", "properties": {"addr:district": "Ernakulam", "addr:full": "Nethaji Nagar, Edappally", "addr:postcode": "682024", "addr:state": "Kerala", "amenity": "hospital", "name": "Futureace Hospital", "source": "Local Knowledge", "osm_id": 7726235663, "osm_type": "node"}, "geometry": {"type": "Point", "coordinates": [76.304213, 10.0320122]}}, {"type": "Feature", "properties": {"addr:district": "Ernakulam", "addr:full": "Nayarambalam", "addr:postcode": "682509", "addr:state": "Kerala", "amenity": "clinic", "healthcare": "clinic", "name": "Haridas Homeo Clinic", "source": "Local Knowledge", "osm_id": 7726235665, "osm_type": "node"}, "geometry": {"type": "Point", "coordinates": [76.2124295, 10.067339]}}, {"type": "Feature", "properties": {"addr:district": "Ernakulam", "addr:full": "Kaloor, Ernakulam", "addr:postcode": "682017", "addr:state": "Kerala", "amenity": "clinic", "name": "Sreedhareeyam Ayurvedic Eye Clinic & Panchakarma Centre", "source": "Local Knowledge", "osm_id": 7726235667, "osm_type": "node"}, "geometry": {"type": "Point", "coordinates": [76.2950623, 9.9885642]}}, {"type": "Feature", "properties": {"addr:district": "Ernakulam", "addr:full": "Kalamassery, Ernakulam", "addr:postcode": "683104", "addr:state": "Kerala", "amenity": "hospital", "name": "Appolo", "source": "Local Knowledge", "osm_id": 7726235670, "osm_type": "node"}, "geometry": {"type": "Point", "coordinates": [76.3187175, 10.0632087]}}, {"type": "Feature", "properties": {"addr:district": "Ernakulam", "addr:full": "Njarackal", "addr:postcode": "682505", "addr:state": "Kerala", "amenity": "clinic", "name": "Lakshmi Narayana Homeo Clinic", "source": "Local Knowledge", "osm_id": 7726235671, "osm_type": "node"}, "geometry": {"type": "Point", "coordinates": [76.2205404, 10.0456311]}}, {"type": "Feature", "properties": {"addr:district": "Ernakulam", "addr:full": "Chakkalakkal Junction, Kochi", "addr:postcode": "682025", "addr:state": "Kerala", "amenity": "hospital", "name": "Ahalia Foundation Eye Hospital", "source": "Local Knowledge", "osm_id": 7726235672, "osm_type": "node"}, "geometry": {"type": "Point", "coordinates": [76.3146743, 9.9932055]}}, {"type": "Feature", "properties": {"addr:district": "Ernakulam", "addr:full": "Ernakulam South, Kochi", "addr:postcode": "682016", "addr:state": "Kerala", "amenity": "hospital", "healthcare": "hospital", "name": "Focus Eye Hospital", "source": "Local Knowledge", "osm_id": 7726235674, "osm_type": "node"}, "geometry": {"type": "Point", "coordinates": [76.2932547, 9.9689594]}}, {"type": "Feature", "properties": {"addr:district": "Ernakulam", "addr:full": "Vazhakkala", "addr:postcode": "682021", "addr:state": "Kerala", "amenity": "clinic", "name": "Ojus Homeo Clinic", "source": "Local Knowledge", "osm_id": 7726235675, "osm_type": "node"}, "geometry": {"type": "Point", "coordinates": [76.3311678, 10.0227609]}}, {"type": "Feature", "properties": {"addr:district": "Ernakulam", "addr:full": "Kalamassery", "addr:postcode": "682039", "addr:state": "Kerala", "amenity": "clinic", "name": "Cochin Homoeopathic Clinic", "source": "Local Knowledge", "osm_id": 7726235677, "osm_type": "node"}, "geometry": {"type": "Point", "coordinates": [76.3187368, 10.0444686]}}, {"type": "Feature", "properties": {"addr:district": "Ernakulam", "addr:full": "Iyyattil Junction, Karikkamuri, Ernakulam, Kochi", "addr:postcode": "682018", "addr:state": "Kerala", "amenity": "hospital", "name": "Santhigiri Ayurveda & Siddha Hospital", "source": "Local Knowledge", "osm_id": 7726235679, "osm_type": "node"}, "geometry": {"type": "Point", "coordinates": [76.2860427, 9.9730963]}}, {"type": "Feature", "properties": {"addr:district": "Ernakulam", "addr:full": "Kacheripadi", "addr:postcode": "682018", "addr:state": "Kerala", "amenity": "clinic", "name": "Recoup Physiotherapy Clinic", "source": "Local Knowledge", "osm_id": 7726235683, "osm_type": "node"}, "geometry": {"type": "Point", "coordinates": [76.2815897, 9.988625]}}, {"type": "Feature", "properties": {"addr:district": "Ernakulam", "addr:full": "Sambrikkal Road, Panayappilly, Thoppumpady", "addr:postcode": "682005", "addr:state": "Kerala", "amenity": "hospital", "healthcare": "hospital", "source": "Local Knowledge", "osm_id": 7726235685, "osm_type": "node"}, "geometry": {"type": "Point", "coordinates": [76.2557025, 9.9413298]}}, {"type": "Feature", "properties": {"addr:district": "Ernakulam", "addr:full": "Kannamaly", "addr:postcode": "682008", "addr:state": "Kerala", "amenity": "hospital", "name": "St. Joseph's Hospital", "source": "Local Knowledge", "osm_id": 7726235686, "osm_type": "node"}, "geometry": {"type": "Point", "coordinates": [76.265615, 9.874805]}}, {"type": "Feature", "properties": {"addr:district": "Ernakulam", "addr:full": "Janatha Nagar, Illath Nagar, Palluruthy, Kochi", "addr:postcode": "682006", "addr:state": "Kerala", "amenity": "hospital", "name": "Palluruthy Government Hospital", "source": "Local Knowledge", "osm_id": 7726235688, "osm_type": "node"}, "geometry": {"type": "Point", "coordinates": [76.2792219, 9.9172926]}}, {"type": "Feature", "properties": {"addr:district": "Ernakulam", "addr:full": "Rajagiri Road, Rajagiri, Kalamassery, Kochi", "addr:postcode": "683104", "addr:state": "Kerala", "amenity": "hospital", "name": "Metro Mind - Psychiatric Hospital", "source": "Local Knowledge", "osm_id": 7726235689, "osm_type": "node"}, "geometry": {"type": "Point", "coordinates": [76.319607, 10.054538]}}, {"type": "Feature", "properties": {"addr:district": "Ernakulam", "addr:full": "A M Thomas Road, Pallimukku", "addr:postcode": "682016", "addr:state": "Kerala", "amenity": "clinic", "healthcare": "clinic", "name": "Kerala Ayurvedic Clinic", "source": "Local Knowledge", "osm_id": 7726235691, "osm_type": "node"}, "geometry": {"type": "Point", "coordinates": [76.2878457, 9.9658517]}}, {"type": "Feature", "properties": {"addr:district": "Ernakulam", "addr:full": "Vyttila", "addr:postcode": "682019", "addr:state": "Kerala", "amenity": "hospital", "healthcare": "hospital", "name": "Medall Healthcare", "source": "Local Knowledge", "osm_id": 7726235692, "osm_type": "node"}, "geometry": {"type": "Point", "coordinates": [76.3156016, 9.9651653]}}, {"type": "Feature", "properties": {"addr:district": "Ernakulam", "addr:full": "Mamangalam, Palarivattom, Kochi", "addr:postcode": "682025", "addr:state": "Kerala", "amenity": "hospital", "name": "Arc Fertility Hospitals", "source": "Local Knowledge", "osm_id": 7726235693, "osm_type": "node"}, "geometry": {"type": "Point", "coordinates": [76.3034525, 10.0090884]}}, {"type": "Feature", "properties": {"addr:district": "Alappuzha", "addr:full": "Aroor, Kochi", "addr:postcode": "688534", "addr:state": "Kerala", "amenity": "hospital", "name": "Our Lady of Mercy Hospital", "source": "Local Knowledge", "osm_id": 7730161968, "osm_type": "node"}, "geometry": {"type": "Point", "coordinates": [76.3033526, 9.8778836]}}, {"type": "Feature", "properties": {"amenity": "clinic", "healthcare": "clinic", "name": "Optima Homeocare", "osm_id": 7743097506, "osm_type": "node"}, "geometry": {"type": "Point", "coordinates": [76.2842889, 10.0181369]}}, {"type": "Feature", "properties": {"amenity": "clinic", "healthcare": "clinic", "osm_id": 7914054980, "osm_type": "node"}, "geometry": {"type": "Point", "coordinates": [76.3159622, 9.9168471]}}, {"type": "Feature", "properties": {"addr:street": "ThalayolaParamb - Kanjiramattom - Mulanthuruthi Road", "amenity": "clinic", "healthcare": "clinic", "healthcare:speciality": "homeopathy", "name": "Kathambans Homeo Clinic", "operator": "Dr. Kathamban", "operator:type": "private", "osm_id": 7930866135, "osm_type": "node"}, "geometry": {"type": "Point", "coordinates": [76.3984417, 9.8691166]}}, {"type": "Feature", "properties": {"amenity": "clinic", "healthcare": "clinic", "name": "Highway clinic", "osm_id": 8025379176, "osm_type": "node"}, "geometry": {"type": "Point", "coordinates": [76.3183609, 10.0479903]}}, {"type": "Feature", "properties": {"addr:city": "ernakulam", "addr:postcode": "682505", "addr:street": "Vypin - Pallippuram Road", "amenity": "hospital", "email": "ghdnjarakkal@kerala.gov.in", "emergency": "no", "healthcare": "hospital", "healthcare:speciality": "general", "name": "Njarakkal Govt. Homoeo Dispensary", "operator": "Department of Homoeopathy, Govt of Kerala", "operator:type": "government", "phone": "+91 484 2497020", "osm_id": 8093769076, "osm_type": "node"}, "geometry": {"type": "Point", "coordinates": [76.217612, 10.0438538]}}, {"type": "Feature", "properties": {"addr:city": "Edakoch, Ernakulam", "addr:housenumber": "P.O.EDAKOCHI", "addr:postcode": "682010", "addr:street": "Old NH 47", "amenity": "hospital", "email": "edakochighd@gmail.com", "healthcare": "hospital", "name": "Government Homoeo Model Dispensary Edakochi", "osm_id": 8094646346, "osm_type": "node"}, "geometry": {"type": "Point", "coordinates": [76.2950036, 9.9062493]}}, {"type": "Feature", "properties": {"amenity": "clinic", "healthcare": "clinic", "healthcare:speciality": "ophthalmology", "name": "Meera Eye Clinic", "opening_hours": "Mo-Sa 18:30-20:00", "osm_id": 8342590068, "osm_type": "node"}, "geometry": {"type": "Point", "coordinates": [76.2456297, 9.9634654]}}, {"type": "Feature", "properties": {"addr:city": "Ernakulam", "addr:housenumber": "chambakkara primary health centre", "addr:postcode": "682308", "addr:street": "chambakkara", "amenity": "hospital", "check_date": "2024-08-07", "emergency": "yes", "healthcare": "hospital", "healthcare:speciality": "general", "name": "chambakkara primary health centre", "source": "local knowledge", "osm_id": 8356502481, "osm_type": "node"}, "geometry": {"type": "Point", "coordinates": [76.3289044, 9.9542828]}}, {"type": "Feature", "properties": {"addr:city": "Kochi", "addr:housenumber": "Plot 75", "addr:postcode": "682030", "addr:street": "Palarivattom - Kakkanad Road", "amenity": "hospital", "email": "info@ayurvaidyanath.com", "healthcare": "hospital", "healthcare:speciality": "ayurveda;gynaecology;orthopaedics;paediatrics", "name": "Ayur Vaidyanath", "phone": "+91-7558003331", "website": "https://ayurvaidyanath.com/", "osm_id": 8385959138, "osm_type": "node"}, "geometry": {"type": "Point", "coordinates": [76.3412942, 10.0238379]}}, {"type": "Feature", "properties": {"amenity": "clinic", "healthcare": "clinic", "name": "Skin and Hair Clinic", "osm_id": 8454212463, "osm_type": "node"}, "geometry": {"type": "Point", "coordinates": [76.2463522, 9.9639438]}}, {"type": "Feature", "properties": {"amenity": "clinic", "healthcare": "clinic", "name": "Ayurvedic Clinic", "operator": "Dr. Ambili", "operator:type": "private", "osm_id": 8571242678, "osm_type": "node"}, "geometry": {"type": "Point", "coordinates": [76.2211399, 10.0458685]}}, {"type": "Feature", "properties": {"amenity": "clinic", "healthcare": "clinic", "osm_id": 8688342736, "osm_type": "node"}, "geometry": {"type": "Point", "coordinates": [76.3085194, 9.9952236]}}, {"type": "Feature", "properties": {"addr:city": "Kalamassery", "addr:postcode": "682022", "addr:street": "Vidya Nagar Road", "amenity": "hospital", "healthcare": "hospital", "healthcare:speciality": "general", "name": "Mitra Homoeopathy", "operator": "Dr Asha A", "operator:type": "private", "osm_id": 8707193489, "osm_type": "node"}, "geometry": {"type": "Point", "coordinates": [76.3232099, 10.0435109]}}, {"type": "Feature", "properties": {"addr:city": "ERNAKULAM", "addr:postcode": "682510", "addr:street": "Fort Vypeen-Fort kochi RoRo Service", "amenity": "clinic", "healthcare": "clinic", "name": "Kripa Ayurveda Marma Hospital", "name:en": "Kripa Ayurveda Marma Hospital", "osm_id": 8721475829, "osm_type": "node"}, "geometry": {"type": "Point", "coordinates": [76.2436858, 9.9738196]}}, {"type": "Feature", "properties": {"amenity": "hospital", "healthcare": "hospital", "name": "Vetinary Hospital", "osm_id": 8753099374, "osm_type": "node"}, "geometry": {"type": "Point", "coordinates": [76.3260994, 9.8622787]}}, {"type": "Feature", "properties": {"amenity": "hospital", "healthcare": "hospital", "name": "Family Health Centre Eroor", "ref": "1528", "osm_id": 8871647989, "osm_type": "node"}, "geometry": {"type": "Point", "coordinates": [76.3340708, 9.9784164]}}, {"type": "Feature", "properties": {"amenity": "hospital", "healthcare": "hospital", "name": "Thripunithura Ramavarma Palace Dispensary", "ref": "1527", "type": "9", "osm_id": 8882347518, "osm_type": "node"}, "geometry": {"type": "Point", "coordinates": [76.3532833, 9.9336989]}}, {"type": "Feature", "properties": {"amenity": "hospital", "healthcare": "hospital", "name": "Primary Health Centre Thrikakkara", "ref": "1462", "type": "9", "osm_id": 8889483535, "osm_type": "node"}, "geometry": {"type": "Point", "coordinates": [76.3166833, 10.0222321]}}, {"type": "Feature", "properties": {"amenity": "hospital", "healthcare": "hospital", "name": "Cochin Cancer Research Centre", "operator": "Department of Health and Family Welfare", "operator:type": "government", "ref": "1051", "type": "23", "osm_id": 8889495211, "osm_type": "node"}, "geometry": {"type": "Point", "coordinates": [76.3543132, 10.0534587]}}, {"type": "Feature", "properties": {"amenity": "hospital", "healthcare": "hospital", "name": "Community Health Centre, Varapuzha", "operator": "Department of Health and Family Welfare", "operator:type": "government", "ref": "1488", "type": "17", "osm_id": 8889544551, "osm_type": "node"}, "geometry": {"type": "Point", "coordinates": [76.3018712, 10.0566983]}}, {"type": "Feature", "properties": {"amenity": "hospital", "healthcare": "hospital", "name": "Government Dispensary High Court Ernakulam", "ref": "1475", "type": "8", "osm_id": 8897145783, "osm_type": "node"}, "geometry": {"type": "Point", "coordinates": [76.2849195, 10.0061874]}}, {"type": "Feature", "properties": {"amenity": "hospital", "healthcare": "hospital", "name": "East Block, Medical Trust Hospital", "osm_id": 8938340549, "osm_type": "node"}, "geometry": {"type": "Point", "coordinates": [76.288373, 9.9642981]}}, {"type": "Feature", "properties": {"amenity": "hospital", "healthcare": "hospital", "name": "Ahalia Eye Hospital", "osm_id": 8950254178, "osm_type": "node"}, "geometry": {"type": "Point", "coordinates": [76.3144506, 9.9933803]}}, {"type": "Feature", "properties": {"amenity": "clinic", "healthcare": "clinic", "name": "Dr. Reshmi Homeo Clinic", "osm_id": 8953920653, "osm_type": "node"}, "geometry": {"type": "Point", "coordinates": [76.399447, 9.8625823]}}, {"type": "Feature", "properties": {"amenity": "hospital", "healthcare": "hospital", "name": "Nayarambalam Primary Health Center", "osm_id": 8980628065, "osm_type": "node"}, "geometry": {"type": "Point", "coordinates": [76.2181225, 10.0572971]}}, {"type": "Feature", "properties": {"amenity": "hospital", "healthcare": "hospital", "name": "Susrutha Eye Hospital", "osm_id": 8980628801, "osm_type": "node"}, "geometry": {"type": "Point", "coordinates": [76.2151066, 10.0558672]}}, {"type": "Feature", "properties": {"amenity": "clinic", "healthcare": "clinic", "name": "Namo Clinic", "osm_id": 8983867234, "osm_type": "node"}, "geometry": {"type": "Point", "coordinates": [76.2169453, 10.0484564]}}, {"type": "Feature", "properties": {"amenity": "hospital", "healthcare": "hospital", "name": "ESI Dispensary", "osm_id": 8983880645, "osm_type": "node"}, "geometry": {"type": "Point", "coordinates": [76.2202664, 10.0479327]}}, {"type": "Feature", "properties": {"amenity": "hospital", "healthcare": "hospital", "name": "Community Health Centre Malayidamthuruthu", "operator": "Department of Health and Family Welfare", "operator:type": "government", "osm_id": 8998310240, "osm_type": "node"}, "geometry": {"type": "Point", "coordinates": [76.410449, 10.0669091]}}, {"type": "Feature", "properties": {"amenity": "hospital", "healthcare": "hospital", "name": "Jacobs Hospital", "operator": "Department ofHealth and Family Welfare", "operator:type": "private", "osm_id": 9001039925, "osm_type": "node"}, "geometry": {"type": "Point", "coordinates": [76.2555454, 9.9364863]}}, {"type": "Feature", "properties": {"amenity": "clinic", "healthcare": "clinic", "name": "Homeo Dispensary", "osm_id": 9056605286, "osm_type": "node"}, "geometry": {"type": "Point", "coordinates": [76.2661684, 10.0401542]}}, {"type": "Feature", "properties": {"amenity": "hospital", "healthcare": "hospital", "name": "Mattancherry Government Hospital", "name:ml": "മട്ടാഞ്ചേരി ഗവൺമെൻ്റ് ഹോസ്പിറ്റൽ", "osm_id": 9081387967, "osm_type": "node"}, "geometry": {"type": "Point", "coordinates": [76.2598371, 9.9597832]}}, {"type": "Feature", "properties": {"amenity": "hospital", "healthcare": "hospital", "name": "St Joseph Hospital Manjummel", "survey:date": "2021-10-01", "osm_id": 9137869018, "osm_type": "node"}, "geometry": {"type": "Point", "coordinates": [76.3013527, 10.0602094]}}, {"type": "Feature", "properties": {"amenity": "clinic", "healthcare": "clinic", "name": "Amy clinic", "osm_id": 9178236801, "osm_type": "node"}, "geometry": {"type": "Point", "coordinates": [76.2588377, 9.9338058]}}, {"type": "Feature", "properties": {"amenity": "hospital", "healthcare": "hospital", "name": "Urban Primary Health Centre, Kuthapady", "operator": "National Urban Health Mission", "operator:type": "government", "osm_id": 9259561133, "osm_type": "node"}, "geometry": {"type": "Point", "coordinates": [76.3139575, 9.9835441]}}, {"type": "Feature", "properties": {"amenity": "hospital", "healthcare": "hospital", "name": "Urban Primary Health Centre, Ponnurunni", "operator": "National Urban Health Mission", "operator:type": "government", "osm_id": 9259566864, "osm_type": "node"}, "geometry": {"type": "Point", "coordinates": [76.320338, 9.979997]}}, {"type": "Feature", "properties": {"amenity": "hospital", "healthcare": "hospital", "name": "Urban Primary Health Centre, Kaloor", "operator": "National Urban Health Mission", "operator:type": "government", "osm_id": 9259597848, "osm_type": "node"}, "geometry": {"type": "Point", "coordinates": [76.2883583, 9.9935425]}}, {"type": "Feature", "properties": {"amenity": "hospital", "healthcare": "hospital", "name": "Urban Primary Health Centre, Kennadimukku", "operator": "National Urban Health Mission", "operator:type": "government", "osm_id": 9259608605, "osm_type": "node"}, "geometry": {"type": "Point", "coordinates": [76.3169704, 10.0196448]}}, {"type": "Feature", "properties": {"amenity": "hospital", "healthcare": "hospital", "name": "Urban primary Health Centre, Thammanam", "operator": "National Urban Health Mission", "operator:type": "government", "osm_id": 9259620499, "osm_type": "node"}, "geometry": {"type": "Point", "coordinates": [76.3065874, 9.989758]}}, {"type": "Feature", "properties": {"amenity": "hospital", "healthcare": "hospital", "name": "Urban Primary Health Cenre, Pandikudy", "operator": "National Urban Health Centre", "operator:type": "government", "osm_id": 9259649772, "osm_type": "node"}, "geometry": {"type": "Point", "coordinates": [76.2494468, 9.9509907]}}, {"type": "Feature", "properties": {"amenity": "hospital", "healthcare": "hospital", "name": "Urban Primary Health Centre, Chambakkara", "operator": "National Urban Health Centre", "operator:type": "government", "osm_id": 9259654101, "osm_type": "node"}, "geometry": {"type": "Point", "coordinates": [76.3287701, 9.954131]}}, {"type": "Feature", "properties": {"amenity": "hospital", "healthcare": "hospital", "name": "Urban Primary Health Centre, Moolamkuzhi", "operator": "National Urban Health Mission", "operator:type": "government", "osm_id": 9259711761, "osm_type": "node"}, "geometry": {"type": "Point", "coordinates": [76.2549759, 9.9360022]}}, {"type": "Feature", "properties": {"amenity": "hospital", "healthcare": "hospital", "name": "Government Medical College, Ernakulam", "name:ml": "സർക്കാർ മെഡിക്കൽ കോളേജ്, എറണാകുളം", "operator": "Urban Primary Health Centre", "operator:type": "government", "osm_id": 9259808085, "osm_type": "node"}, "geometry": {"type": "Point", "coordinates": [76.3553898, 10.0527471]}}, {"type": "Feature", "properties": {"amenity": "hospital", "healthcare": "hospital", "name": "Urban Primary Health Centre, Mangattumukku", "operator": "National Urban Primary Health Mission", "operator:type": "government", "osm_id": 9259884962, "osm_type": "node"}, "geometry": {"type": "Point", "coordinates": [76.2547957, 9.9538492]}}, {"type": "Feature", "properties": {"amenity": "clinic", "healthcare": "clinic", "name": "Veliyil Homeo Clinic", "osm_id": 9375878932, "osm_type": "node"}, "geometry": {"type": "Point", "coordinates": [76.3501871, 9.9338036]}}, {"type": "Feature", "properties": {"amenity": "clinic", "healthcare": "clinic", "name": "Arunitha Clinic", "osm_id": 9375900560, "osm_type": "node"}, "geometry": {"type": "Point", "coordinates": [76.3617036, 9.9207109]}}, {"type": "Feature", "properties": {"amenity": "clinic", "healthcare": "clinic", "name": "DDC", "osm_id": 9375944665, "osm_type": "node"}, "geometry": {"type": "Point", "coordinates": [76.3469456, 9.9417074]}}, {"type": "Feature", "properties": {"amenity": "clinic", "healthcare": "clinic", "name": "Homeo Dispensary, Ayyampillikaav", "osm_id": 9375962836, "osm_type": "node"}, "geometry": {"type": "Point", "coordinates": [76.3279275, 9.9756999]}}, {"type": "Feature", "properties": {"addr:city": "Thrippunithra", "addr:postcode": "682301", "addr:street": "Padam Road, Irumpanam", "amenity": "clinic", "healthcare": "clinic", "name": "Primary Health Centre", "osm_id": 9381528845, "osm_type": "node"}, "geometry": {"type": "Point", "coordinates": [76.3713185, 9.9560245]}}, {"type": "Feature", "properties": {"amenity": "clinic", "healthcare": "clinic", "name": "Government Ayurvedic Dispensary,Makaliyam", "osm_id": 9381566723, "osm_type": "node"}, "geometry": {"type": "Point", "coordinates": [76.358991, 9.9679331]}}, {"type": "Feature", "properties": {"addr:city": "Tripunithura", "addr:street": "Layam Road", "amenity": "clinic", "healthcare": "clinic", "healthcare:speciality": "ayurveda", "name": "Ayurveda Panchakarma Hospital", "osm_id": 9381612818, "osm_type": "node"}, "geometry": {"type": "Point", "coordinates": [76.3460719, 9.9466279]}}, {"type": "Feature", "properties": {"amenity": "clinic", "healthcare": "clinic", "name": "Government Homeo Dispensary", "osm_id": 9381624662, "osm_type": "node"}, "geometry": {"type": "Point", "coordinates": [76.3580176, 9.9632872]}}, {"type": "Feature", "properties": {"addr:city": "thripunithara", "addr:housenumber": "Kannankulangara", "addr:postcode": "682301", "addr:street": "Mini Byepass Thripunithara", "amenity": "clinic", "healthcare": "clinic", "name": "Gospel Clinic And Diabetic Care Centre", "osm_id": 9381635409, "osm_type": "node"}, "geometry": {"type": "Point", "coordinates": [76.3509371, 9.9385157]}}, {"type": "Feature", "properties": {"addr:city": "Tripunithara", "addr:housenumber": "Ammankovil", "addr:street": "Ettumanoor - Ernakulam Road", "amenity": "clinic", "check_date": "2026-05-23", "healthcare": "clinic", "name": "Janatha Medical Centre", "osm_id": 9381712627, "osm_type": "node"}, "geometry": {"type": "Point", "coordinates": [76.3527903, 9.9351177]}}, {"type": "Feature", "properties": {"addr:city": "Tripunithura", "addr:postcode": "682306", "addr:street": "Eroor Road", "amenity": "clinic", "healthcare": "clinic", "name": "Kanivu Paliative Care centre", "osm_id": 9383029252, "osm_type": "node"}, "geometry": {"type": "Point", "coordinates": [76.3367423, 9.9638374]}}, {"type": "Feature", "properties": {"addr:city": "Thrippunithura", "addr:postcode": "682301", "addr:street": "NH85, Old Bus Stand Road", "amenity": "clinic", "healthcare": "clinic", "name": "Family Health Care", "osm_id": 9401734870, "osm_type": "node"}, "geometry": {"type": "Point", "coordinates": [76.3473354, 9.9489684]}}, {"type": "Feature", "properties": {"addr:city": "Thripunithura", "addr:postcode": "682301", "addr:street": "Layam Road", "amenity": "hospital", "healthcare": "hospital", "name": "Amrutha Ayurveda Hospital", "osm_id": 9401735908, "osm_type": "node"}, "geometry": {"type": "Point", "coordinates": [76.3462484, 9.9465204]}}, {"type": "Feature", "properties": {"addr:city": "Thrippunithura", "addr:postcode": "682301", "addr:street": "Surabhi Road", "amenity": "clinic", "healthcare": "clinic", "name": "Annvin Ayurveda Hospital and Eye zclinic", "osm_id": 9401747153, "osm_type": "node"}, "geometry": {"type": "Point", "coordinates": [76.3425567, 9.9534349]}}, {"type": "Feature", "properties": {"addr:street": "Vattekunnam", "amenity": "hospital", "healthcare": "hospital", "name": "Urban Primary Health Centre, Vattekunnam", "osm_id": 9430090903, "osm_type": "node"}, "geometry": {"type": "Point", "coordinates": [76.3105798, 10.0402557]}}, {"type": "Feature", "properties": {"addr:street": "Arookutty", "amenity": "hospital", "healthcare": "hospital", "name": "PHC Arookutty", "osm_id": 9476474956, "osm_type": "node"}, "geometry": {"type": "Point", "coordinates": [76.320485, 9.8681877]}}, {"type": "Feature", "properties": {"amenity": "clinic", "healthcare": "clinic", "name": "NEDUMPARAMBIL CLINIC", "osm_id": 9482754598, "osm_type": "node"}, "geometry": {"type": "Point", "coordinates": [76.2872002, 10.0111007]}}, {"type": "Feature", "properties": {"amenity": "hospital", "healthcare": "hospital", "healthcare:speciality": "general", "name": "granth", "operator": "uddhesh patekar", "operator:type": "public", "osm_id": 9546830165, "osm_type": "node"}, "geometry": {"type": "Point", "coordinates": [76.2464597, 10.063749]}}, {"type": "Feature", "properties": {"amenity": "hospital", "healthcare": "hospital", "name": "Govt homeo dispensary", "panchayath": "mulavukad", "ward": "15", "osm_id": 10075107843, "osm_type": "node"}, "geometry": {"type": "Point", "coordinates": [76.2447972, 10.0009723]}}, {"type": "Feature", "properties": {"amenity": "hospital", "healthcare": "hospital", "name": "Primary health centre vallarpadam", "panchayath": "mulavukad", "ward": "15", "osm_id": 10075114319, "osm_type": "node"}, "geometry": {"type": "Point", "coordinates": [76.245324, 10.0007893]}}, {"type": "Feature", "properties": {"amenity": "hospital", "healthcare": "hospital", "name": "Family Health Centre Aroor", "osm_id": 10138431196, "osm_type": "node"}, "geometry": {"type": "Point", "coordinates": [76.304603, 9.8696981]}}, {"type": "Feature", "properties": {"amenity": "hospital", "healthcare": "hospital", "name": "GOVT VETERNARY HOSPITAL", "osm_id": 10700030308, "osm_type": "node"}, "geometry": {"type": "Point", "coordinates": [76.3047634, 9.8663127]}}, {"type": "Feature", "properties": {"amenity": "hospital", "healthcare": "hospital", "name": "AMJ Hospital", "osm_id": 10734223232, "osm_type": "node"}, "geometry": {"type": "Point", "coordinates": [76.2702904, 9.9294302]}}, {"type": "Feature", "properties": {"amenity": "clinic", "healthcare": "clinic", "name": "HOMEO CLINIC", "osm_id": 10758187579, "osm_type": "node"}, "geometry": {"type": "Point", "coordinates": [76.246642, 9.9431005]}}, {"type": "Feature", "properties": {"amenity": "hospital", "healthcare": "hospital", "name": "Primary Health Centre, Thammanam", "osm_id": 10760691831, "osm_type": "node"}, "geometry": {"type": "Point", "coordinates": [76.3067297, 9.9896091]}}, {"type": "Feature", "properties": {"amenity": "hospital", "healthcare": "hospital", "name": "Cochin Corporation Homeo Dispensery", "osm_id": 10760973226, "osm_type": "node"}, "geometry": {"type": "Point", "coordinates": [76.3201955, 9.9807774]}}, {"type": "Feature", "properties": {"amenity": "clinic", "healthcare": "clinic", "healthcare:speciality": "general;gynaecology", "name": "your doctors", "opening_hours": "evening 5-7", "osm_id": 10936342161, "osm_type": "node"}, "geometry": {"type": "Point", "coordinates": [76.4122204, 9.992906]}}, {"type": "Feature", "properties": {"amenity": "clinic", "healthcare": "clinic", "name": "Chungath Childrens Clinic", "osm_id": 10939479126, "osm_type": "node"}, "geometry": {"type": "Point", "coordinates": [76.3389561, 9.9681447]}}, {"type": "Feature", "properties": {"amenity": "hospital", "healthcare": "hospital", "osm_id": 10941996393, "osm_type": "node"}, "geometry": {"type": "Point", "coordinates": [76.4105859, 9.9617178]}}, {"type": "Feature", "properties": {"amenity": "clinic", "healthcare": "clinic", "name": "Dr Mathew Dominic", "osm_id": 11127301099, "osm_type": "node"}, "geometry": {"type": "Point", "coordinates": [76.3025012, 9.9545669]}}, {"type": "Feature", "properties": {"amenity": "clinic", "healthcare": "clinic", "name": "Starcare Polyclinic", "osm_id": 11127312209, "osm_type": "node"}, "geometry": {"type": "Point", "coordinates": [76.3022265, 9.9544936]}}, {"type": "Feature", "properties": {"amenity": "clinic", "healthcare": "clinic", "healthcare:speciality": "psychiatry", "name": "Unarva", "osm_id": 11127312213, "osm_type": "node"}, "geometry": {"type": "Point", "coordinates": [76.3021655, 9.9580375]}}, {"type": "Feature", "properties": {"amenity": "clinic", "healthcare": "clinic", "healthcare:speciality": "psychiatry", "name": "Dr Mariam Cherry", "osm_id": 11166386198, "osm_type": "node"}, "geometry": {"type": "Point", "coordinates": [76.3059002, 9.9660294]}}, {"type": "Feature", "properties": {"amenity": "clinic", "healthcare": "clinic", "name": "Dr Elsie Oommen", "osm_id": 11216170993, "osm_type": "node"}, "geometry": {"type": "Point", "coordinates": [76.2973151, 9.9651437]}}, {"type": "Feature", "properties": {"amenity": "clinic", "healthcare": "clinic", "name": "Mirari", "osm_id": 11216188189, "osm_type": "node"}, "geometry": {"type": "Point", "coordinates": [76.295843, 9.9648929]}}, {"type": "Feature", "properties": {"amenity": "clinic", "healthcare": "clinic", "name": "Dr Deenu Jacob", "osm_id": 11220240547, "osm_type": "node"}, "geometry": {"type": "Point", "coordinates": [76.2925786, 9.9643846]}}, {"type": "Feature", "properties": {"amenity": "clinic", "healthcare": "clinic", "name": "Dr Radha Unnikrishnan", "osm_id": 11222222796, "osm_type": "node"}, "geometry": {"type": "Point", "coordinates": [76.3017359, 9.962967]}}, {"type": "Feature", "properties": {"amenity": "clinic", "healthcare": "clinic", "healthcare:speciality": "dermatology", "name": "SkinLab", "osm_id": 11237070898, "osm_type": "node"}, "geometry": {"type": "Point", "coordinates": [76.2959645, 9.9569298]}}, {"type": "Feature", "properties": {"amenity": "clinic", "healthcare": "clinic", "name": "PH Clinic", "osm_id": 11239842205, "osm_type": "node"}, "geometry": {"type": "Point", "coordinates": [76.2956753, 9.9410006]}}, {"type": "Feature", "properties": {"amenity": "clinic", "healthcare": "clinic", "name": "Dr Mathew Abraham", "osm_id": 11240634183, "osm_type": "node"}, "geometry": {"type": "Point", "coordinates": [76.295017, 9.9582882]}}, {"type": "Feature", "properties": {"amenity": "clinic", "check_date": "2024-10-03", "healthcare": "clinic", "healthcare:speciality": "psychiatry", "name": "Mysterious Minds", "name:ml": "മിസ്റ്റിറിയസ് മൈൻഡ്സ്", "osm_id": 11241021663, "osm_type": "node"}, "geometry": {"type": "Point", "coordinates": [76.2952932, 9.9608627]}}, {"type": "Feature", "properties": {"amenity": "clinic", "healthcare": "clinic", "healthcare:speciality": "fertility", "name": "Lifeline", "osm_id": 11242032272, "osm_type": "node"}, "geometry": {"type": "Point", "coordinates": [76.2953158, 9.964205]}}, {"type": "Feature", "properties": {"amenity": "clinic", "healthcare": "clinic", "healthcare:speciality": "fertility;gynaecology", "name": "Dr Vijaya's", "osm_id": 11242128559, "osm_type": "node"}, "geometry": {"type": "Point", "coordinates": [76.2950103, 9.9632942]}}, {"type": "Feature", "properties": {"amenity": "clinic", "healthcare": "clinic", "healthcare:speciality": "cardiology", "name": "Dr George Thomas", "wheelchair": "yes", "osm_id": 11242128573, "osm_type": "node"}, "geometry": {"type": "Point", "coordinates": [76.2955699, 9.962644]}}, {"type": "Feature", "properties": {"amenity": "clinic", "healthcare": "clinic", "name": "Cosmo Clinic", "osm_id": 11257267130, "osm_type": "node"}, "geometry": {"type": "Point", "coordinates": [76.2956072, 9.9456016]}}, {"type": "Feature", "properties": {"amenity": "clinic", "healthcare": "clinic", "name": "Dr Gigy Varghese", "osm_id": 11257299543, "osm_type": "node"}, "geometry": {"type": "Point", "coordinates": [76.2955783, 9.9462196]}}, {"type": "Feature", "properties": {"amenity": "hospital", "name": "Renai Medicity", "website": "https://www.renaimedicity.org/", "osm_id": 11276902019, "osm_type": "node"}, "geometry": {"type": "Point", "coordinates": [76.3035506, 10.0079415]}}, {"type": "Feature", "properties": {"amenity": "clinic", "healthcare": "clinic", "name": "Dr Abraham K Paul", "osm_id": 11331180331, "osm_type": "node"}, "geometry": {"type": "Point", "coordinates": [76.2963613, 9.9618287]}}, {"type": "Feature", "properties": {"amenity": "clinic", "healthcare": "clinic", "name": "Shravan ENT", "osm_id": 11384148384, "osm_type": "node"}, "geometry": {"type": "Point", "coordinates": [76.3049163, 9.9685486]}}, {"type": "Feature", "properties": {"amenity": "hospital", "healthcare": "hospital", "healthcare:speciality": "general;internal", "name": "Doctor Peter's Clinic", "operator": "Peter", "operator:type": "private", "osm_id": 11813203174, "osm_type": "node"}, "geometry": {"type": "Point", "coordinates": [76.3566938, 9.962874]}}, {"type": "Feature", "properties": {"amenity": "clinic", "healthcare": "clinic", "name": "Insight Derma Clinic", "osm_id": 12016472984, "osm_type": "node"}, "geometry": {"type": "Point", "coordinates": [76.297574, 9.9635637]}}, {"type": "Feature", "properties": {"amenity": "clinic", "healthcare": "clinic", "name": "Dr Prasanna Jose", "osm_id": 12029506892, "osm_type": "node"}, "geometry": {"type": "Point", "coordinates": [76.3006441, 9.9559453]}}, {"type": "Feature", "properties": {"amenity": "clinic", "healthcare": "clinic", "name": "Cusat Medical Center", "wheelchair": "yes", "osm_id": 12098072703, "osm_type": "node"}, "geometry": {"type": "Point", "coordinates": [76.3287168, 10.0428217]}}, {"type": "Feature", "properties": {"amenity": "clinic", "healthcare": "clinic", "name": "Dr Thomas Mammen", "osm_id": 12122324648, "osm_type": "node"}, "geometry": {"type": "Point", "coordinates": [76.2831267, 9.9709107]}}, {"type": "Feature", "properties": {"amenity": "clinic", "healthcare": "clinic", "name": "Dr Stanley George", "osm_id": 12122327708, "osm_type": "node"}, "geometry": {"type": "Point", "coordinates": [76.2831317, 9.9708553]}}, {"type": "Feature", "properties": {"amenity": "clinic", "healthcare": "clinic", "name": "GAMCA Centre", "wheelchair": "yes", "osm_id": 12123784083, "osm_type": "node"}, "geometry": {"type": "Point", "coordinates": [76.2825033, 9.9726487]}}, {"type": "Feature", "properties": {"amenity": "clinic", "healthcare": "clinic", "name": "Dr Paul Jayan", "osm_id": 12151273245, "osm_type": "node"}, "geometry": {"type": "Point", "coordinates": [76.287288, 9.9769058]}}, {"type": "Feature", "properties": {"amenity": "hospital", "healthcare": "hospital", "name": "Oncology, Renal & Ophthalmology Block, Medical Trust Hospital", "osm_id": 12180041418, "osm_type": "node"}, "geometry": {"type": "Point", "coordinates": [76.2885344, 9.9643974]}}, {"type": "Feature", "properties": {"amenity": "clinic", "healthcare": "clinic", "osm_id": 12188807558, "osm_type": "node"}, "geometry": {"type": "Point", "coordinates": [76.291049, 9.9480765]}}, {"type": "Feature", "properties": {"amenity": "clinic", "healthcare": "clinic", "name": "Dr CG Balakrishnan", "osm_id": 12198548542, "osm_type": "node"}, "geometry": {"type": "Point", "coordinates": [76.2915516, 9.9617126]}}, {"type": "Feature", "properties": {"amenity": "clinic", "name": "Olivia Skin & Hair Care Clinic", "osm_id": 12307001101, "osm_type": "node"}, "geometry": {"type": "Point", "coordinates": [76.3018344, 9.9675444]}}, {"type": "Feature", "properties": {"amenity": "clinic", "healthcare": "clinic", "name": "Therefore I'm", "osm_id": 12359887217, "osm_type": "node"}, "geometry": {"type": "Point", "coordinates": [76.2968639, 9.9573279]}}, {"type": "Feature", "properties": {"amenity": "clinic", "healthcare": "clinic", "name": "Global Hearing Aid Centre", "osm_id": 12364570175, "osm_type": "node"}, "geometry": {"type": "Point", "coordinates": [76.2985582, 9.9701207]}}, {"type": "Feature", "properties": {"amenity": "clinic", "healthcare": "clinic", "name": "Starcare Polyclinic", "osm_id": 12388312080, "osm_type": "node"}, "geometry": {"type": "Point", "coordinates": [76.2932465, 9.9449108]}}, {"type": "Feature", "properties": {"addr:housename": "Sid's Arcade", "addr:street": "Subhash Chandra Bose Road", "amenity": "clinic", "healthcare": "clinic", "name": "Le Regain", "osm_id": 12390948378, "osm_type": "node"}, "geometry": {"type": "Point", "coordinates": [76.3072826, 9.9727248]}}, {"type": "Feature", "properties": {"amenity": "clinic", "healthcare": "clinic", "name": "Skinessence", "osm_id": 12390954029, "osm_type": "node"}, "geometry": {"type": "Point", "coordinates": [76.3040237, 9.972444]}}, {"type": "Feature", "properties": {"amenity": "hospital", "branch": "Thevara", "healthcare": "hospital", "name": "Urban Community Health Centre", "osm_id": 12404433796, "osm_type": "node"}, "geometry": {"type": "Point", "coordinates": [76.3017447, 9.9292264]}}, {"type": "Feature", "properties": {"amenity": "clinic", "healthcare": "clinic", "healthcare:speciality": "gastroenterology", "name": "M&M Gastro Care", "osm_id": 12409978187, "osm_type": "node"}, "geometry": {"type": "Point", "coordinates": [76.2943495, 9.9646202]}}, {"type": "Feature", "properties": {"amenity": "clinic", "healthcare": "clinic", "healthcare:speciality": "oncology", "name": "Sri Krishna Clinic & Cancer Research", "osm_id": 12409978196, "osm_type": "node"}, "geometry": {"type": "Point", "coordinates": [76.2941063, 9.9648803]}}, {"type": "Feature", "properties": {"amenity": "clinic", "healthcare": "clinic", "name": "Dr B Venugopal", "osm_id": 12410240461, "osm_type": "node"}, "geometry": {"type": "Point", "coordinates": [76.2977535, 9.9619995]}}, {"type": "Feature", "properties": {"addr:city": "Edappally", "addr:district": "Ernakulam", "addr:postcode": "682024", "addr:street": "Changampuzha Park Walkway", "amenity": "hospital", "healthcare": "hospital", "healthcare:speciality": "dermatology", "name": "Skinsecrets", "osm_id": 12418253836, "osm_type": "node"}, "geometry": {"type": "Point", "coordinates": [76.303057, 10.0169457]}}, {"type": "Feature", "properties": {"addr:block": "G", "addr:housenumber": "136", "addr:place": "Panampilly Nagar", "addr:suburb": "Panampilly Nagar", "amenity": "clinic", "building": "detached", "building:use": "retail", "healthcare": "clinic", "healthcare:speciality": "dermatology", "name": "Niara Aesthetics", "osm_id": 12437252045, "osm_type": "node"}, "geometry": {"type": "Point", "coordinates": [76.2957518, 9.9631784]}}, {"type": "Feature", "properties": {"amenity": "clinic", "healthcare": "clinic", "name": "Dr Rupa Koshy", "osm_id": 12455667252, "osm_type": "node"}, "geometry": {"type": "Point", "coordinates": [76.2990659, 9.9604605]}}, {"type": "Feature", "properties": {"amenity": "clinic", "email": "ambujaclinic@gmail.com", "name": "Ambuja institute of ayurvedic research and documentation", "opening_hours": "Th-Sa 10:00-17:00; Su-We 00:00-24:00", "website": "http://wee.aiardweb.com", "osm_id": 12531285501, "osm_type": "node"}, "geometry": {"type": "Point", "coordinates": [76.3641896, 9.9150756]}}, {"type": "Feature", "properties": {"amenity": "clinic", "healthcare": "clinic", "name": "Shalom Speech & Hearing Clinic", "osm_id": 12548985119, "osm_type": "node"}, "geometry": {"type": "Point", "coordinates": [76.3012394, 9.9680778]}}, {"type": "Feature", "properties": {"amenity": "clinic", "healthcare": "clinic", "name": "care diagnostic center", "osm_id": 12596298404, "osm_type": "node"}, "geometry": {"type": "Point", "coordinates": [76.3704631, 10.048915]}}, {"type": "Feature", "properties": {"amenity": "clinic", "healthcare": "clinic", "name": "PNVM Clinic", "osm_id": 12615296539, "osm_type": "node"}, "geometry": {"type": "Point", "coordinates": [76.2814335, 9.9860104]}}, {"type": "Feature", "properties": {"amenity": "clinic", "healthcare": "clinic", "name": "Mya wellness clinic", "osm_id": 12625693344, "osm_type": "node"}, "geometry": {"type": "Point", "coordinates": [76.3416252, 10.0229254]}}, {"type": "Feature", "properties": {"amenity": "clinic", "healthcare": "clinic", "name": "Our Clinic", "osm_id": 13122180514, "osm_type": "node"}, "geometry": {"type": "Point", "coordinates": [76.2945987, 9.9437108]}}, {"type": "Feature", "properties": {"amenity": "clinic", "healthcare": "clinic", "name": "Janatha Clinic", "osm_id": 13122831483, "osm_type": "node"}, "geometry": {"type": "Point", "coordinates": [76.2949384, 9.9431989]}}, {"type": "Feature", "properties": {"addr:city": "Kochi", "addr:housenumber": "1561-A", "addr:postcode": "682018", "amenity": "hospital", "healthcare": "hospital", "healthcare:speciality": "oncology", "name": "Lisie Cancer Centre", "opening_hours": "Mo-Sa 07:00-17:00", "operator": "Lisie Hospital", "operator:type": "private", "osm_id": 13371208044, "osm_type": "node"}, "geometry": {"type": "Point", "coordinates": [76.2886971, 9.9891832]}}, {"type": "Feature", "properties": {"addr:city": "Kochi", "addr:district": "Ernakulam", "addr:postcode": "682037", "addr:street": "Seaport Airport Road", "amenity": "clinic", "healthcare": "clinic", "level": "1;2", "name": "GV ENT Clinic", "opening_hours": "Mo-Fr 11:30-13:00,16:30-18:30; Sa 10:30-12:15; Su off", "phone": "+91-9249-867966", "website": "https://gventclinic.com/", "osm_id": 13373891874, "osm_type": "node"}, "geometry": {"type": "Point", "coordinates": [76.3499765, 10.0010134]}}, {"type": "Feature", "properties": {"addr:housenumber": "1st Bab Towers", "addr:postcode": "682015", "addr:street": "Mahatma Gandhi Road", "amenity": "clinic", "name": "Delmon Clinic and Diagnostic Centre ഡെൽമൺ ക്ലിനിക് ആൻഡ് ഡയഗ്നോസ്റ്റിക് സെൻ്റർ", "name:en": "Delmon Clinic and Diagnostic Centre", "opening_hours": "Su-Fr 09:30-13:00; Sa 09:30-12:30", "phone": "+919746543777", "osm_id": 13394379201, "osm_type": "node"}, "geometry": {"type": "Point", "coordinates": [76.2916783, 9.956463]}}, {"type": "Feature", "properties": {"addr:street": "Kundannoor Bridge", "amenity": "clinic", "healthcare": "clinic", "name": "Clinic 7", "osm_id": 13481299301, "osm_type": "node"}, "geometry": {"type": "Point", "coordinates": [76.318555, 9.937231]}}, {"type": "Feature", "properties": {"amenity": "hospital", "name": "25th Hour Clinic", "osm_id": 13805468085, "osm_type": "node"}, "geometry": {"type": "Point", "coordinates": [76.3485135, 9.9455961]}}, {"type": "Feature", "properties": {"addr:city": "Ernakulam", "addr:district": "Ernakulam", "addr:full": "NH-66 Bypass, Maradu, Cochin", "addr:postcode": "682040", "addr:state": "Kerala", "amenity": "hospital", "emergency": "yes", "healthcare": "hospital", "name": "VPS Lakeshore Hospital", "name:ml": "വി പി എസ് ലേക് ഷോർ ഹോസ്പിറ്റല്", "source": "OpenGovernmentData", "website": "https://vpslakeshorehospital.com/", "wikidata": "Q6479031", "wikipedia": "en:Lakeshore Hospital", "osm_id": 133749667, "osm_type": "way"}, "geometry": {"type": "Polygon", "coordinates": [[[76.3178853, 9.919282], [76.3195777, 9.9196493], [76.3202951, 9.9197648], [76.3203475, 9.9196255], [76.3204069, 9.919465], [76.3205261, 9.9190426], [76.319288, 9.9186453], [76.3180531, 9.918213], [76.3178853, 9.919282]]]}}, {"type": "Feature", "properties": {"addr:city": "Kochi", "addr:district": "Ernakulam", "addr:postcode": "682041", "addr:state": "Kerala", "addr:street": "Ponekkara", "addr:subdistrict": "Kochi", "amenity": "hospital", "emergency": "no", "healthcare": "hospital", "mobile": "+9104846681234", "name": "Amrita Hospital, Kochi", "operator:type": "private_non_profit", "source": "OpenGovernmentData", "website": "https://www.amritahospitals.org/kochi", "wikidata": "Q4748675", "wikimedia_commons": "Category:Amrita Institute of Medical Sciences and Research Centre", "wikipedia": "en:Amrita Hospital, Kochi", "osm_id": 133980401, "osm_type": "way"}, "geometry": {"type": "Polygon", "coordinates": [[[76.2941638, 10.0341383], [76.2937836, 10.0341787], [76.2936119, 10.0343795], [76.2923165, 10.0348311], [76.2916915, 10.0347545], [76.2916915, 10.0345274], [76.2913052, 10.034464], [76.2913696, 10.0336294], [76.2901143, 10.0333547], [76.2902791, 10.032735], [76.2903504, 10.0324672], [76.2899319, 10.032256], [76.2901977, 10.0316491], [76.2915305, 10.031696], [76.2919812, 10.0311995], [76.2921635, 10.0304494], [76.2923781, 10.030555], [76.2950764, 10.0331872], [76.2948028, 10.0335237], [76.2943846, 10.0337035], [76.2941638, 10.0341383]]]}}, {"type": "Feature", "properties": {"CovidVaccineCenterId": "561693", "addr:district": "Ernakulam", "addr:full": "HMT Colony P.O, Kalamassery", "addr:postcode": "683503", "addr:state": "Kerala", "addr:subdistrict": "Kochi", "alt_name": "Ernakulam Medical College", "amenity": "hospital", "healthcare": "hospital", "name": "Government Medical College Ernakulam", "name:ml": "എറണാകുളം മെഡിക്കൽ കോളേജ്", "operator:type": "government", "source": "OpenGovernmentData", "website": "https://www.cmccochin.org/", "wikidata": "Q5137473", "wikimedia_commons": "Category:Government Medical College, Ernakulam", "wikipedia": "en:Government Medical College, Ernakulam", "osm_id": 209966301, "osm_type": "way"}, "geometry": {"type": "Polygon", "coordinates": [[[76.3587033, 10.0532269], [76.3586013, 10.0538447], [76.3583782, 10.0551401], [76.3582366, 10.0557937], [76.3581615, 10.0562057], [76.3573085, 10.0561212], [76.3567184, 10.056042], [76.3564717, 10.0558783], [76.3561573, 10.0556155], [76.3556026, 10.0552286], [76.355313, 10.0549539], [76.3550447, 10.0544521], [76.3548699, 10.0540573], [76.3547894, 10.0539199], [76.354371, 10.0540995], [76.3537916, 10.0543478], [76.3536285, 10.0540243], [76.3533946, 10.0535608], [76.3532369, 10.0533693], [76.3528346, 10.0531369], [76.3531318, 10.0526206], [76.3535212, 10.051996], [76.3537626, 10.0516473], [76.353856, 10.0513159], [76.3538989, 10.0508511], [76.3539236, 10.0505856], [76.3542347, 10.0507335], [76.3544868, 10.0507811], [76.3549589, 10.0507441], [76.3551574, 10.0507071], [76.3557067, 10.0508458], [76.3558709, 10.0508867], [76.3559427, 10.0507982], [76.3563644, 10.0508762], [76.3566272, 10.0509554], [76.3568955, 10.0511455], [76.3571444, 10.0515325], [76.35733, 10.0517688], [76.3576948, 10.0519907], [76.3579544, 10.0524885], [76.3581883, 10.0527883], [76.3585638, 10.0530312], [76.3587033, 10.0532269]]]}}, {"type": "Feature", "properties": {"amenity": "hospital", "building": "yes", "name": "Sangeetha Nursing Home", "osm_id": 230636056, "osm_type": "way"}, "geometry": {"type": "Polygon", "coordinates": [[[76.2506303, 9.9574864], [76.2506256, 9.9572515], [76.2510065, 9.9572441], [76.2510112, 9.9574789], [76.2506303, 9.9574864]]]}}, {"type": "Feature", "properties": {"CovidVaccineCenterId": "631986", "addr:city": "Ernakulam", "addr:district": "Ernakulam", "addr:full": "Lourde Hospital Road", "addr:postcode": "682012", "addr:state": "Kerala", "addr:street": "Lourdes Hospital Road", "addr:subdistrict": "Kochi", "amenity": "hospital", "email": "lourdeshospital@vsnl.com", "emergency": "yes", "health_facility:type": "Laboratory EEG EMG NCV TMT", "healthcare": "hospital", "healthcare:speciality": "Anesthesiology Cardiology Cardiothoracic Surgery Dentistry Dermatology ENT Gastroenterology General Medicine General Surgery Gynaecology Neonatology Nephrology Neuro Surgery Neurology Ophthalmology Orthopedics Pediatrics Radiology", "name": "Lourdes Hospital", "name:ml": "ലൂർദ് ഹോസ്പിറ്റൽ", "operator:type": "private", "source": "OpenGovernmentData", "website": "https://www.lourdeshospital.in/", "wheelchair": "yes", "wikidata": "Q6689771", "osm_id": 273199376, "osm_type": "way"}, "geometry": {"type": "Polygon", "coordinates": [[[76.2782735, 10.0063354], [76.2782195, 10.0065794], [76.2781901, 10.0067125], [76.2781812, 10.0067526], [76.2781118, 10.0070664], [76.2780297, 10.0074378], [76.2779734, 10.0075837], [76.2769631, 10.0072273], [76.2767405, 10.0071912], [76.276756, 10.0067873], [76.2765703, 10.0067263], [76.2766698, 10.0057782], [76.2781382, 10.0062884], [76.2782735, 10.0063354]]]}}, {"type": "Feature", "properties": {"addr:city": "Ernakulam", "addr:place": "Kacheripady", "addr:postcode": "682018", "addr:street": "Lisie Hospital road", "alt_name": "Mar Augustine Kandathil Memorial Lisie Hospital", "amenity": "hospital", "emergency": "yes", "healthcare": "hospital", "name": "Lisie Hospital", "name:ml": "ലിസി ഹോസ്പിറ്റൽ", "website": "https://www.lourdeshospital.in/", "wheelchair": "yes", "wikidata": "Q6754374", "wikipedia": "en:Lisie Hospital, Kochi", "osm_id": 273199780, "osm_type": "way"}, "geometry": {"type": "Polygon", "coordinates": [[[76.2886151, 9.988855], [76.288687, 9.9884795], [76.2887888, 9.9881203], [76.2889597, 9.9876317], [76.2889917, 9.9875403], [76.2890045, 9.9874521], [76.2876012, 9.9872233], [76.287328, 9.9885077], [76.2875408, 9.988605], [76.2875967, 9.9886631], [76.2877535, 9.9887374], [76.2880884, 9.9888517], [76.2882338, 9.9888944], [76.2885127, 9.9889325], [76.2885931, 9.9888676], [76.2886151, 9.988855]]]}}, {"type": "Feature", "properties": {"addr:city": "Kizhakkambalam", "addr:district": "Ernakulam", "addr:full": "Pazhanganad", "addr:postcode": "683562", "addr:state": "Kerala", "amenity": "hospital", "check_date": "2026-01-17", "contact:phone": "+91-4842680511; +91-4842680516", "name": "Samaritan Hospital", "source": "OpenGovernmentData", "osm_id": 310513580, "osm_type": "way"}, "geometry": {"type": "Polygon", "coordinates": [[[76.3977697, 10.0431773], [76.3978744, 10.0442205], [76.3975579, 10.044305], [76.3971716, 10.0443341], [76.396721, 10.044342], [76.3963187, 10.044445], [76.3960853, 10.0445929], [76.3957205, 10.0447751], [76.3953155, 10.0443895], [76.3956267, 10.0440647], [76.3958319, 10.0438389], [76.3959217, 10.0438336], [76.3962463, 10.0437478], [76.3963965, 10.0436315], [76.3966057, 10.0434427], [76.3967425, 10.043308], [76.3969114, 10.0432209], [76.3972293, 10.0431799], [76.3975498, 10.0431522], [76.3977376, 10.0431205], [76.3977644, 10.043135], [76.3977697, 10.0431773]]]}}, {"type": "Feature", "properties": {"CovidVaccineCenterId": "569820", "addr:city": "Kochi", "addr:district": "Ernakulam", "addr:full": "Kaloor, Near Railway Station", "addr:postcode": "682017", "addr:state": "Kerala", "addr:street": "Banerji Road", "alt_name": "PVS Memorial Hospital Ekm", "amenity": "hospital", "emergency": "yes", "healthcare": "hospital", "name": "P V S Memorial Hospital Ltd", "source": "OpenGovernmentData", "wikidata": "Q30280479", "osm_id": 342660736, "osm_type": "way"}, "geometry": {"type": "Polygon", "coordinates": [[[76.2908843, 9.9930573], [76.2914274, 9.9931521], [76.2918556, 9.9932706], [76.2918238, 9.9934309], [76.2917478, 9.9934243], [76.2916901, 9.9934569], [76.2915202, 9.9939582], [76.2911195, 9.9938039], [76.2910225, 9.9937591], [76.2911617, 9.9934244], [76.2908196, 9.9933541], [76.2908843, 9.9930573]]]}}, {"type": "Feature", "properties": {"amenity": "hospital", "healthcare": "hospital", "name": "Women and Children Hospital, Mattancherry", "operator": "Department of Health and Family Welfare", "operator:type": "government", "ref": "1503", "osm_id": 407943794, "osm_type": "way"}, "geometry": {"type": "Polygon", "coordinates": [[[76.2598194, 9.9593633], [76.2600466, 9.9594611], [76.2600904, 9.9593624], [76.2598632, 9.9592647], [76.2598194, 9.9593633]]]}}, {"type": "Feature", "properties": {"amenity": "hospital", "healthcare": "hospital", "name": "Kochi Port Trust Hospital", "osm_id": 408242710, "osm_type": "way"}, "geometry": {"type": "Polygon", "coordinates": [[[76.2693945, 9.9609043], [76.2696621, 9.9609951], [76.2697979, 9.9606066], [76.2695304, 9.9605158], [76.2693945, 9.9609043]]]}}, {"type": "Feature", "properties": {"addr:city": "Kochi", "addr:postcode": "682511", "addr:street": "Schoolmuttam, Kochi, Kerala", "amenity": "clinic", "building": "yes", "healthcare": "clinic", "name": "Our Family Clinic", "operator:type": "private", "phone": "+91-9544859888", "osm_id": 408500266, "osm_type": "way"}, "geometry": {"type": "Polygon", "coordinates": [[[76.2301543, 10.0100794], [76.2302927, 10.0097806], [76.2301554, 10.0097113], [76.230076, 10.0100683], [76.2301543, 10.0100794]]]}}, {"type": "Feature", "properties": {"amenity": "clinic", "building": "yes", "healthcare": "clinic", "name": "Dr V.K Jayakumar Memorial Lakshmi Nursing Home", "osm_id": 409453090, "osm_type": "way"}, "geometry": {"type": "Polygon", "coordinates": [[[76.2201587, 10.045629], [76.2201694, 10.0455359], [76.2200501, 10.0455227], [76.2200394, 10.0456157], [76.2201587, 10.045629]]]}}, {"type": "Feature", "properties": {"amenity": "hospital", "healthcare": "hospital", "name": "Community Haelth Centre Narakkal", "ref": "1525", "type": "15", "osm_id": 409480731, "osm_type": "way"}, "geometry": {"type": "Polygon", "coordinates": [[[76.2233853, 10.0435872], [76.2235844, 10.0435985], [76.2235915, 10.0434776], [76.2233924, 10.0434662], [76.2233853, 10.0435872]]]}}, {"type": "Feature", "properties": {"amenity": "clinic", "building": "yes", "healthcare": "clinic", "healthcare:speciality": "ent", "name": "Trinity Clinic", "operator": "Pvt clinic", "operator:type": "private", "osm_id": 409979376, "osm_type": "way"}, "geometry": {"type": "Polygon", "coordinates": [[[76.2162536, 10.0634607], [76.2162168, 10.0636288], [76.2165062, 10.0636774], [76.216555, 10.0635189], [76.2162536, 10.0634607]]]}}, {"type": "Feature", "properties": {"amenity": "hospital", "emergency": "yes", "healthcare": "hospital", "name": "Aster Medcity", "name:en": "Aster Medcity", "name:ml": "ആസ്റ്റർ മെഡ്സിറ്റി", "operator": "Aster Hospitals Inc.", "operator:type": "private", "website": "https://www.asterhospitals.in/hospitals/aster-medcity-kochi", "wikidata": "Q20646894", "wikimedia_commons": "Category:Aster Medcity", "wikipedia": "en:Aster Medcity", "osm_id": 482585472, "osm_type": "way"}, "geometry": {"type": "Polygon", "coordinates": [[[76.2739886, 10.0439172], [76.2747853, 10.0441364], [76.2747799, 10.0443503], [76.2751447, 10.04439], [76.2752788, 10.0450238], [76.2759668, 10.0449208], [76.2762296, 10.0449287], [76.2763476, 10.045078], [76.2765434, 10.0451942], [76.2774178, 10.0451427], [76.277611, 10.0449525], [76.2781165, 10.0450146], [76.2785404, 10.0445828], [76.2790902, 10.044345], [76.2799029, 10.0435606], [76.2804688, 10.0429452], [76.2809033, 10.0425042], [76.2804528, 10.0423167], [76.2800424, 10.0423325], [76.2796025, 10.0421318], [76.2796293, 10.0419918], [76.2788515, 10.0417568], [76.278425, 10.0418228], [76.278012, 10.0424884], [76.2778671, 10.04252], [76.2777008, 10.0428423], [76.2772234, 10.0426996], [76.2770625, 10.043043], [76.2768774, 10.0432067], [76.2765072, 10.0432226], [76.2754987, 10.0429638], [76.2752412, 10.0435686], [76.2749194, 10.0439013], [76.2740396, 10.043698], [76.2739886, 10.0439172]]]}}, {"type": "Feature", "properties": {"amenity": "hospital", "building": "hospital", "healthcare": "hospital", "name": "AIMS B Block", "operator": "Amrita Hospital", "osm_id": 490287942, "osm_type": "way"}, "geometry": {"type": "Polygon", "coordinates": [[[76.291553, 10.0330626], [76.2921592, 10.0330652], [76.2921614, 10.0325638], [76.2920042, 10.0325631], [76.2920038, 10.0326542], [76.2915548, 10.0326522], [76.291553, 10.0330626]]]}}, {"type": "Feature", "properties": {"addr:city": "Kochi", "addr:street": "Hospital Road", "addr:suburb": "Ernakulam", "amenity": "hospital", "building": "hospital", "healthcare": "hospital", "name": "KPM Eye Hospital", "nohousenumber": "yes", "osm_id": 618221594, "osm_type": "way"}, "geometry": {"type": "Polygon", "coordinates": [[[76.2839978, 9.9719195], [76.2841034, 9.9719404], [76.2841391, 9.9717646], [76.2840334, 9.9717436], [76.2839978, 9.9719195]]]}}, {"type": "Feature", "properties": {"amenity": "hospital", "healthcare": "hospital", "name": "Nettoor Medical Centre Homeo Clinic pvt", "osm_id": 618634108, "osm_type": "way"}, "geometry": {"type": "Polygon", "coordinates": [[[76.3122889, 9.924358], [76.3123153, 9.9242498], [76.3123864, 9.9242535], [76.3123586, 9.9243632], [76.3122889, 9.924358]]]}}, {"type": "Feature", "properties": {"CovidVaccineCenterId": "155148", "alt_name": "Udayamperoor PHC", "amenity": "hospital", "building": "yes", "healthcare": "hospital", "name": "Family Health centre Udayamperoor", "operator": "Department of Health and Family Welfare", "operator:type": "government", "ref": "1510", "type": "9", "osm_id": 619924779, "osm_type": "way"}, "geometry": {"type": "Polygon", "coordinates": [[[76.3624277, 9.9002198], [76.3624577, 9.8999823], [76.362319, 9.8999652], [76.3623051, 9.9000752], [76.3623368, 9.9000791], [76.3623207, 9.9002067], [76.3624277, 9.9002198]]]}}, {"type": "Feature", "properties": {"addr:postcode": "682506", "amenity": "clinic", "healthcare": "clinic", "healthcare:speciality": "general", "name": "Govt. Ayurvedic Dispensary", "osm_id": 619973458, "osm_type": "way"}, "geometry": {"type": "Polygon", "coordinates": [[[76.3088726, 9.9003656], [76.3089933, 9.90039], [76.3090161, 9.9002808], [76.3088954, 9.9002564], [76.3088726, 9.9003656]]]}}, {"type": "Feature", "properties": {"amenity": "hospital", "healthcare": "hospital", "name": "Primary Health Centre, kandakkadavu", "operator": "Department of Health and Family Welfare", "operator:type": "government", "ref": "1484", "osm_id": 620055915, "osm_type": "way"}, "geometry": {"type": "Polygon", "coordinates": [[[76.2683076, 9.8630752], [76.2684178, 9.8630875], [76.2684296, 9.8629853], [76.2683193, 9.862973], [76.2683076, 9.8630752]]]}}, {"type": "Feature", "properties": {"CovidVaccineCenterId": "155453", "alt_name": "Panangad PHC", "amenity": "hospital", "emergency": "no", "healthcare": "hospital", "healthcare:speciality": "general", "name": "Primary Health Centre Panangad", "operator:type": "government", "ref": "1463", "osm_id": 620064182, "osm_type": "way"}, "geometry": {"type": "Polygon", "coordinates": [[[76.3182047, 9.9034709], [76.3182912, 9.9035], [76.3183869, 9.9032237], [76.3183004, 9.9031946], [76.3182714, 9.9032782], [76.3181657, 9.9032426], [76.3181237, 9.9033638], [76.3182295, 9.9033993], [76.3182047, 9.9034709]]]}}, {"type": "Feature", "properties": {"amenity": "hospital", "check_date": "2025-12-31", "healthcare": "hospital", "name": "Biju's Ayurvedha Hospital", "osm_id": 620219164, "osm_type": "way"}, "geometry": {"type": "Polygon", "coordinates": [[[76.409393, 10.0362768], [76.4095118, 10.0362736], [76.4095198, 10.036397], [76.4093962, 10.036397], [76.409393, 10.0362768]]]}}, {"type": "Feature", "properties": {"amenity": "clinic", "building": "yes", "healthcare": "clinic", "name": "Our Family Clinic Illikkal", "osm_id": 620598259, "osm_type": "way"}, "geometry": {"type": "Polygon", "coordinates": [[[76.2868631, 9.8839587], [76.2869228, 9.8839605], [76.2869248, 9.8838958], [76.2868651, 9.883894], [76.2868631, 9.8839587]]]}}, {"type": "Feature", "properties": {"amenity": "hospital", "healthcare": "hospital", "name": "INHS Sanjivani Hospital", "osm_id": 624637349, "osm_type": "way"}, "geometry": {"type": "Polygon", "coordinates": [[[76.2818248, 9.9472791], [76.2827137, 9.9477098], [76.2832036, 9.9467919], [76.2823123, 9.9463471], [76.2818248, 9.9472791]]]}}, {"type": "Feature", "properties": {"addr:city": "Kochi", "addr:district": "Ernakulam", "addr:postcode": "682019", "addr:state": "Kerala", "addr:street": "Sahodaran Ayyappan Road", "addr:suburb": "Vyttila", "amenity": "hospital", "barrier": "wall", "healthcare": "hospital", "healthcare:speciality": "general", "name": "Welcare Hospital", "source": "OpenGovernmentData", "osm_id": 631779660, "osm_type": "way"}, "geometry": {"type": "Polygon", "coordinates": [[[76.3153678, 9.9684462], [76.3158604, 9.9685295], [76.3159495, 9.9682083], [76.3158848, 9.9681821], [76.315911, 9.9680896], [76.3156621, 9.9680173], [76.3157413, 9.9676617], [76.315467, 9.9675568], [76.3154274, 9.9676353], [76.314868, 9.967484], [76.3148427, 9.9676466], [76.3148382, 9.9677207], [76.3148174, 9.9677965], [76.3149627, 9.9678434], [76.3149862, 9.9677632], [76.315159, 9.9678173], [76.315234, 9.9676568], [76.315299, 9.9676508], [76.3154029, 9.9676823], [76.3152244, 9.9684244], [76.3152676, 9.9684308], [76.3153309, 9.9681828], [76.3154268, 9.9682074], [76.3153678, 9.9684462]]]}}, {"type": "Feature", "properties": {"amenity": "hospital", "name": "ESI Dispensary , Fort Kochi", "osm_id": 722671045, "osm_type": "way"}, "geometry": {"type": "Polygon", "coordinates": [[[76.2399459, 9.9569468], [76.2404689, 9.9571001], [76.2404475, 9.9575439], [76.2397554, 9.9573722], [76.2399459, 9.9569468]]]}}, {"type": "Feature", "properties": {"addr:city": "Thrippunithura", "addr:district": "Ernakulam", "addr:full": "North Fort Gate, Tripunithura, Kochi", "addr:housenumber": "CRRA 17", "addr:postcode": "682301", "addr:state": "Kerala", "addr:street": "Grover Nagar, Vadakkekotta", "amenity": "hospital", "healthcare": "hospital", "healthcare:speciality": "general;orthopaedics;ophthalmology;surgery;emergency;dermatology", "name": "Vijaya Kumara Menon Hospital", "operator:type": "private", "source": "OpenGovernmentData", "website": "https://www.vkmhospital.com/", "osm_id": 736476188, "osm_type": "way"}, "geometry": {"type": "Polygon", "coordinates": [[[76.3406388, 9.9530682], [76.3406765, 9.9528079], [76.3404349, 9.9527385], [76.3405079, 9.9524188], [76.340903, 9.9525824], [76.3408175, 9.953155], [76.3406388, 9.9530682]]]}}, {"type": "Feature", "properties": {"addr:district": "Ernakulam", "addr:full": "Nayarambalam P.O., Vypin, Kochi", "addr:state": "Kerala", "amenity": "hospital", "healthcare": "hospice", "name": "Sarada Hospital", "phone": "+91-484 249 2581", "source": "OpenGovernmentData", "osm_id": 738585674, "osm_type": "way"}, "geometry": {"type": "Polygon", "coordinates": [[[76.2117029, 10.0689626], [76.2118787, 10.0690029], [76.2120133, 10.0690306], [76.2121523, 10.0690702], [76.2121585, 10.0689948], [76.2122084, 10.0689582], [76.2122589, 10.068963], [76.2122663, 10.0689223], [76.2122828, 10.0688314], [76.2118719, 10.0687472], [76.2117599, 10.0687542], [76.2117181, 10.0689077], [76.2117063, 10.0689383], [76.2117029, 10.0689626]]]}}, {"type": "Feature", "properties": {"addr:district": "Ernakulam", "addr:full": "M G Road, Kochi", "addr:housename": "Cochin Hospital", "addr:postcode": "682016", "addr:state": "Kerala", "addr:street": "Mahatma Gandhi Road", "amenity": "hospital", "branch": "North Block", "building": "hospital", "healthcare": "hospital", "name": "Medical Trust Hospital", "source": "OpenGovernmentData", "wheelchair": "yes", "osm_id": 743214904, "osm_type": "way"}, "geometry": {"type": "Polygon", "coordinates": [[[76.287178, 9.9647903], [76.2874025, 9.9649159], [76.2874012, 9.9649581], [76.2875255, 9.9649875], [76.2875483, 9.9648004], [76.287332, 9.9646901], [76.2872638, 9.9646554], [76.287178, 9.9647903]]]}}, {"type": "Feature", "properties": {"addr:district": "Ernakulam", "addr:full": "27/3215, Opp: Shipyard M G Road, Kochi", "addr:postcode": "682015", "addr:state": "Kerala", "amenity": "hospital", "building": "office", "building:use": "medical", "healthcare": "hospital", "name": "Vasan Eye Care Hospital", "source": "OpenGovernmentData", "osm_id": 744287179, "osm_type": "way"}, "geometry": {"type": "Polygon", "coordinates": [[[76.2926848, 9.95474], [76.2930384, 9.9547736], [76.2930477, 9.9546784], [76.2926942, 9.9546448], [76.2926848, 9.95474]]]}}, {"type": "Feature", "properties": {"addr:district": "Ernakulam", "addr:full": "38/685A, Sahodharan Ayyappan Road, Kadavanthra", "addr:postcode": "682016", "addr:state": "Kerala", "amenity": "hospital", "building": "commercial", "building:levels": "6", "healthcare": "hospital", "name": "Chaithanya ENT Hospital", "nohousenumber": "yes", "roof:shape": "flat", "source": "OpenGovernmentData", "osm_id": 744300359, "osm_type": "way"}, "geometry": {"type": "Polygon", "coordinates": [[[76.2969381, 9.9665063], [76.2969657, 9.9663413], [76.2968893, 9.9663289], [76.2968796, 9.9663869], [76.2968453, 9.9663813], [76.2968331, 9.9664541], [76.2968276, 9.9664532], [76.2968219, 9.9664875], [76.2969381, 9.9665063]]]}}, {"type": "Feature", "properties": {"addr:district": "Ernakulam", "addr:full": "Perumpilly, Narakkal", "addr:postcode": "682505", "addr:state": "Kerala", "amenity": "hospital", "healthcare": "hospital", "name": "Kristu Jayanti Hospital", "phone": "+91-484 249 5250", "source": "OpenGovernmentData", "osm_id": 751053008, "osm_type": "way"}, "geometry": {"type": "Polygon", "coordinates": [[[76.2248026, 10.0368661], [76.2252762, 10.0369734], [76.2251049, 10.0375636], [76.2246353, 10.0374128], [76.2246828, 10.0372559], [76.2247632, 10.0370063], [76.2248026, 10.0368661]]]}}, {"type": "Feature", "properties": {"CovidVaccineCenterId": "155287", "addr:district": "Ernakulam", "addr:postcode": "682011", "addr:state": "Kerala", "alt_name": "Ernakulam General Hospital", "amenity": "hospital", "emergency": "yes", "healthcare": "hospital", "name": "General Hospital Ernakulam", "operator": "Department of Health Services", "operator:type": "government", "ref": "1473", "source": "OpenGovernmentData", "wheelchair": "yes", "wikidata": "Q5531947", "wikipedia": "en:General Hospital, Ernakulam", "osm_id": 755600802, "osm_type": "way"}, "geometry": {"type": "Polygon", "coordinates": [[[76.2821267, 9.9717556], [76.2820386, 9.972077], [76.281931, 9.9725399], [76.2818597, 9.972573], [76.2815638, 9.9725028], [76.2814496, 9.9724594], [76.2813833, 9.9724985], [76.2813517, 9.9725173], [76.2813076, 9.9726298], [76.2809226, 9.9725237], [76.2806958, 9.9725124], [76.2799468, 9.9722264], [76.2800711, 9.971843], [76.2802161, 9.9713956], [76.2810656, 9.9715556], [76.2815522, 9.9716473], [76.2821267, 9.9717556]]]}}, {"type": "Feature", "properties": {"amenity": "hospital", "emergency": "yes", "healthcare": "hospital", "name": "Indira Gandhi Co-operative Hospital", "name:etymology:wikidata": "Q1149", "wheelchair": "yes", "osm_id": 756455062, "osm_type": "way"}, "geometry": {"type": "Polygon", "coordinates": [[[76.298639, 9.967824], [76.2991191, 9.9679535], [76.2990721, 9.968338], [76.2990208, 9.968653], [76.2988348, 9.9686076], [76.2984357, 9.9698386], [76.2982631, 9.9697589], [76.2980596, 9.9696768], [76.2982757, 9.9691333], [76.2983752, 9.9688997], [76.2985113, 9.9685154], [76.2985625, 9.9681938], [76.298574, 9.9681381], [76.298639, 9.967824]]]}}, {"type": "Feature", "properties": {"amenity": "hospital", "healthcare": "hospital", "name": "ESI Hospital", "operator": "Employees' State Insurance", "operator:short": "ESI", "operator:wikidata": "Q3595726", "osm_id": 756929577, "osm_type": "way"}, "geometry": {"type": "Polygon", "coordinates": [[[76.2853917, 9.993386], [76.2855255, 9.9935158], [76.2856979, 9.9936838], [76.2857326, 9.9937177], [76.2859167, 9.9939278], [76.2858937, 9.994072], [76.2857787, 9.9943605], [76.2856071, 9.9947581], [76.2849231, 9.9943296], [76.2848436, 9.9942513], [76.2848812, 9.9939917], [76.2850318, 9.993833], [76.2851218, 9.9937918], [76.285195, 9.9936765], [76.2852243, 9.9935899], [76.2853561, 9.9934107], [76.2853917, 9.993386]]]}}, {"type": "Feature", "properties": {"addr:city": "Ernakulam", "addr:district": "Ernakulam", "addr:full": "39 /4603, Sreekandath Road, Ravipuram", "addr:postcode": "682016", "addr:state": "Kerala", "addr:street": "Sreekandath Road", "amenity": "hospital", "email": "vgsarafhospital@gmail.com", "emergency": "yes", "healthcare": "hospital", "healthcare:speciality": "orthopaedics;surgery;general;gynaecology;plastic;paediatrics;dentistry;ENT;Urology;Laparoscopic;Plastic_Surgery;ophthalmology;Anesthesiology;Maxillo-facial_surgery", "name": "Saraf Hospital", "operator": "private", "operator:type": "private", "phone": "+91-484 238 0452", "source": "OpenGovernmentData", "website": "https://vgsarafhospital.com/", "wikidata": "Q16916004", "wikipedia": "en:Saraf Hospital", "osm_id": 757509940, "osm_type": "way"}, "geometry": {"type": "Polygon", "coordinates": [[[76.2879375, 9.9612307], [76.2879015, 9.9614355], [76.2878622, 9.9616237], [76.2880982, 9.9616801], [76.2879993, 9.9619546], [76.2874981, 9.9617067], [76.2875554, 9.9614676], [76.287579, 9.9613447], [76.287679, 9.9613436], [76.2877127, 9.9610868], [76.2878401, 9.9611684], [76.2879375, 9.9612307]]]}}, {"type": "Feature", "properties": {"CovidVaccineCenterId": "579218", "addr:city": "Kochi", "addr:postcode": "682016", "addr:state": "KL", "addr:street": "Diwans Road", "alt_name": "Lakshmi Hospital Ernakulam", "amenity": "hospital", "emergency": "yes", "healthcare": "hospital", "healthcare:speciality": "cardiology;general;gynaecology", "name": "Lakshmi Hospital", "name:ml": "ലക്ഷ്മി ഹോസ്പിറ്റൽ", "phone": "+91 484 238 2111", "wheelchair": "yes", "osm_id": 757513032, "osm_type": "way"}, "geometry": {"type": "Polygon", "coordinates": [[[76.2834519, 9.9665078], [76.2835182, 9.9662321], [76.2839318, 9.9662609], [76.2838675, 9.9664704], [76.2838359, 9.9665691], [76.2838216, 9.9666196], [76.2835209, 9.9665286], [76.2834519, 9.9665078]]]}}, {"type": "Feature", "properties": {"addr:city": "Ernakulam", "addr:postcode": "682011", "addr:street": "Chittoor Road", "amenity": "hospital", "healthcare": "hospital", "name": "Krishna Hospital", "name:ml": "കൃഷ്ണ ഹോസ്പിറ്റൽ", "phone": "+91-484 409 5888", "osm_id": 757897600, "osm_type": "way"}, "geometry": {"type": "Polygon", "coordinates": [[[76.2850061, 9.9751063], [76.2849699, 9.9752529], [76.2853561, 9.9753176], [76.2854328, 9.9750129], [76.2854755, 9.9748435], [76.2851871, 9.9747972], [76.285167, 9.9749663], [76.2849819, 9.9749478], [76.2849712, 9.975105], [76.2850061, 9.9751063]]]}}, {"type": "Feature", "properties": {"CovidVaccineCenterId": "155225", "addr:postcode": "682505", "amenity": "hospital", "email": "chcnjarakkal@gmail.com", "emergency": "yes", "healthcare": "hospital", "name": "Taluk Hospital Njarackal", "operator": "Govt", "operator:type": "public", "phone": "+91-484-2494154", "osm_id": 779666813, "osm_type": "way"}, "geometry": {"type": "Polygon", "coordinates": [[[76.2220481, 10.0425034], [76.2221645, 10.0419481], [76.2231659, 10.042184], [76.2230196, 10.0427458], [76.2223281, 10.0425732], [76.2220481, 10.0425034]]]}}, {"type": "Feature", "properties": {"amenity": "hospital", "healthcare": "hospital", "name": "Govt. Homeo Dispensary", "osm_id": 797380306, "osm_type": "way"}, "geometry": {"type": "Polygon", "coordinates": [[[76.3466799, 9.9662765], [76.3467919, 9.9662981], [76.3467988, 9.9662499], [76.346688, 9.9662198], [76.3466799, 9.9662765]]]}}, {"type": "Feature", "properties": {"amenity": "clinic", "building": "yes", "healthcare": "clinic", "name": "Ajanta Clinic", "osm_id": 798365120, "osm_type": "way"}, "geometry": {"type": "Polygon", "coordinates": [[[76.2772615, 9.9140119], [76.2772989, 9.9138624], [76.2774297, 9.9139015], [76.2773876, 9.9140579], [76.2772615, 9.9140119]]]}}, {"type": "Feature", "properties": {"amenity": "hospital", "healthcare": "hospital", "name": "Community Health Centre Arookutty", "operator": "Department of health services", "operator:type": "government", "ref": "1262", "osm_id": 799550107, "osm_type": "way"}, "geometry": {"type": "Polygon", "coordinates": [[[76.3204113, 9.8683977], [76.3208029, 9.8683488], [76.3208955, 9.868259], [76.3209357, 9.8679459], [76.3207533, 9.8679696], [76.320524, 9.8679789], [76.3205374, 9.8681097], [76.3203778, 9.8681031], [76.3204113, 9.8683977]]]}}, {"type": "Feature", "properties": {"amenity": "hospital", "healthcare": "hospital", "name": "Urban Primary Health Centre, Edakochi", "operator": "National Urban Health Mission", "operator:type": "government", "osm_id": 799842667, "osm_type": "way"}, "geometry": {"type": "Polygon", "coordinates": [[[76.2946844, 9.9090595], [76.2947011, 9.9090836], [76.2947813, 9.9090899], [76.2948157, 9.9090035], [76.2947733, 9.9089677], [76.2944909, 9.9089201], [76.2944729, 9.9090239], [76.2946844, 9.9090595]]]}}, {"type": "Feature", "properties": {"addr:city": "Edakoch, Ernakulam", "addr:housenumber": "P.O.Edakochi", "addr:postcode": "682010", "addr:street": "Old NH 47", "amenity": "hospital", "emergency": "no", "healthcare": "hospital", "name": "Government Homoeo Model Dispensary Edakochi", "operator": "kochi taluk", "operator:type": "government", "osm_id": 800039488, "osm_type": "way"}, "geometry": {"type": "Polygon", "coordinates": [[[76.2948947, 9.9063069], [76.2949872, 9.9063161], [76.295065, 9.9063214], [76.295073, 9.9062276], [76.2949953, 9.906217], [76.2948987, 9.9061972], [76.2948947, 9.9063069]]]}}, {"type": "Feature", "properties": {"addr:city": "Vaduthala Kochi", "addr:postcode": "682023", "addr:street": "Chittoor Road", "amenity": "clinic", "building": "yes", "healthcare": "clinic", "healthcare:speciality": "general;paediatrics", "layer": "-1", "location": "surface", "name": "Ours Family Clinic", "osm_id": 800604240, "osm_type": "way"}, "geometry": {"type": "Polygon", "coordinates": [[[76.2759895, 10.0173095], [76.2760918, 10.0173251], [76.2761307, 10.0172159], [76.2760226, 10.0171804], [76.2759895, 10.0173095]]]}}, {"type": "Feature", "properties": {"CovidVaccineCenterId": "155497", "alt_name": "Kumbalangi CHC", "amenity": "hospital", "healthcare": "hospital", "name": "Govt.Community Health Center Kumbalanghi", "operator": "Department of Health Services", "operator:type": "government", "ref": "1506", "type": "15", "osm_id": 800691561, "osm_type": "way"}, "geometry": {"type": "Polygon", "coordinates": [[[76.2866835, 9.8807185], [76.2868043, 9.8801683], [76.2873199, 9.8802781], [76.2871991, 9.8808284], [76.2866835, 9.8807185]]]}}, {"type": "Feature", "properties": {"amenity": "clinic", "building": "yes", "healthcare": "clinic", "name": "Amritha Ayur Accupuncture Clinic", "osm_id": 800762123, "osm_type": "way"}, "geometry": {"type": "Polygon", "coordinates": [[[76.4083328, 10.0307866], [76.4083608, 10.0306291], [76.4084314, 10.0306464], [76.4084303, 10.0306786], [76.408453, 10.0306832], [76.4084373, 10.030801], [76.4083328, 10.0307866]]]}}, {"type": "Feature", "properties": {"amenity": "hospital", "healthcare": "hospital", "name": "Family Health Centre Aroor", "operator": "Department of Health and Family Welfare", "operator:type": "government", "ref": "1259", "osm_id": 800766348, "osm_type": "way"}, "geometry": {"type": "Polygon", "coordinates": [[[76.3043864, 9.8699524], [76.3044904, 9.869362], [76.3048226, 9.8694025], [76.3047593, 9.8700096], [76.3043864, 9.8699524]]]}}, {"type": "Feature", "properties": {"addr:city": "Edappally", "amenity": "clinic", "building": "yes", "description": "Edappally sation kavala", "healthcare": "clinic", "name": "Dr.Rajeev's clinic", "osm_id": 801641066, "osm_type": "way"}, "geometry": {"type": "Polygon", "coordinates": [[[76.3071878, 10.0246331], [76.3073058, 10.0246727], [76.3073528, 10.0245948], [76.3072763, 10.0245697], [76.3072817, 10.0245565], [76.3072281, 10.0245327], [76.3071878, 10.0246331]]]}}, {"type": "Feature", "properties": {"amenity": "hospital", "check_date": "2026-02-28", "healthcare": "hospital", "name": "Samaritan heart institute", "osm_id": 802145913, "osm_type": "way"}, "geometry": {"type": "Polygon", "coordinates": [[[76.3974623, 10.0441195], [76.3977385, 10.0440536], [76.3977831, 10.0439245], [76.3978305, 10.0436718], [76.3977357, 10.0435564], [76.3974204, 10.0435536], [76.397267, 10.0436525], [76.3972447, 10.0438256], [76.3972949, 10.0440014], [76.3974623, 10.0441195]]]}}, {"type": "Feature", "properties": {"amenity": "hospital", "check_date": "2026-01-17", "healthcare": "hospital", "name": "Samaritan hospital", "osm_id": 802145919, "osm_type": "way"}, "geometry": {"type": "Polygon", "coordinates": [[[76.3971971, 10.0442443], [76.3969237, 10.0442114], [76.3967117, 10.0441811], [76.3965053, 10.0440768], [76.396402, 10.043901], [76.3965499, 10.043651], [76.396907, 10.0435301], [76.3972417, 10.0435631], [76.3971106, 10.0437197], [76.3971441, 10.0439257], [76.3971971, 10.0441207], [76.3971971, 10.0442443]]]}}, {"type": "Feature", "properties": {"CovidVaccineCenterId": "155203", "addr:city": "Edappally", "addr:postcode": "682024", "addr:street": "Elamakkara Road", "alt_name": "Edappally CHC", "amenity": "hospital", "healthcare": "hospital", "name": "Community Health Center,Edappally", "operator": "Department of Health and Family Welfare", "operator:type": "government", "ref": "1470", "type": "15", "wikidata": "Q130570102", "osm_id": 803382640, "osm_type": "way"}, "geometry": {"type": "Polygon", "coordinates": [[[76.302558, 10.0178092], [76.3026458, 10.017855], [76.3026599, 10.0178633], [76.3026853, 10.0178701], [76.3027914, 10.0178884], [76.3028578, 10.0177293], [76.302801, 10.017694], [76.3026713, 10.0176118], [76.3026378, 10.0176824], [76.302558, 10.0178092]]]}}, {"type": "Feature", "properties": {"amenity": "hospital", "healthcare": "hospital", "name": "District TB Centre Karuvelipady", "operator": "Department of Health and Family Welfare", "operator:type": "government", "ref": "1518", "type": "19", "osm_id": 827587548, "osm_type": "way"}, "geometry": {"type": "Polygon", "coordinates": [[[76.2601738, 9.9420533], [76.2603195, 9.9420738], [76.260357, 9.9418149], [76.2602113, 9.9417944], [76.2601738, 9.9420533]]]}}, {"type": "Feature", "properties": {"addr:district": "Ernakulam", "addr:full": "Thrippunithura, Varikoli", "addr:postcode": "682308", "addr:state": "Kerala", "amenity": "hospital", "building": "hospital", "healthcare": "hospital", "name": "The Salvation Army EB Hospital", "source": "Local Knowledge", "osm_id": 827587562, "osm_type": "way"}, "geometry": {"type": "Polygon", "coordinates": [[[76.4089321, 9.9630637], [76.4092716, 9.963099], [76.409266, 9.9631508], [76.4093697, 9.9631616], [76.4093871, 9.9629989], [76.409019, 9.9629608], [76.4090244, 9.9629108], [76.4089492, 9.9629031], [76.4089321, 9.9630637]]]}}, {"type": "Feature", "properties": {"addr:city": "Kochi", "addr:district": "Ernakulam", "addr:full": "Kochi", "addr:postcode": "682013", "addr:state": "Kerala", "addr:street": "Maliekal Road", "amenity": "clinic", "building": "yes", "healthcare": "clinic", "name": "Life Care Centre", "operator": "Dr Jolly Thomson", "operator:type": "private", "source": "Local Knowledge", "osm_id": 827587571, "osm_type": "way"}, "geometry": {"type": "Polygon", "coordinates": [[[76.2977164, 9.9362625], [76.2976682, 9.9364216], [76.2978466, 9.9364723], [76.2978921, 9.9363066], [76.2977164, 9.9362625]]]}}, {"type": "Feature", "properties": {"addr:block": "G", "addr:housenumber": "543", "addr:street": "Panampilly Nagar Avenue", "amenity": "clinic", "building": "detached", "healthcare": "clinic", "name": "Skin Affairs", "osm_id": 831328184, "osm_type": "way"}, "geometry": {"type": "Polygon", "coordinates": [[[76.2962544, 9.955298], [76.2962774, 9.9551287], [76.2963779, 9.955142], [76.2963549, 9.9553113], [76.2962544, 9.955298]]]}}, {"type": "Feature", "properties": {"amenity": "hospital", "check_date": "2026-05-29", "healthcare": "hospital", "name": "St. John's hospital, South Paravoor", "osm_id": 835999852, "osm_type": "way"}, "geometry": {"type": "Polygon", "coordinates": [[[76.3801188, 9.8711272], [76.380564, 9.8712106], [76.3805585, 9.8712378], [76.3806578, 9.871245], [76.3807259, 9.8707774], [76.3803028, 9.8706958], [76.3801188, 9.8711272]]]}}, {"type": "Feature", "properties": {"amenity": "clinic", "building": "yes", "healthcare": "clinic", "healthcare:speciality": "ent", "name": "Trinity Clinic", "operator:type": "private", "osm_id": 838062769, "osm_type": "way"}, "geometry": {"type": "Polygon", "coordinates": [[[76.2162931, 10.0636181], [76.2163207, 10.0635149], [76.2163761, 10.063523], [76.2163484, 10.0636299], [76.2162931, 10.0636181]]]}}, {"type": "Feature", "properties": {"amenity": "clinic", "building": "yes", "healthcare": "clinic", "healthcare:speciality": "ent", "name": "Trinity Clinic", "osm_id": 838062770, "osm_type": "way"}, "geometry": {"type": "Polygon", "coordinates": [[[76.2163731, 10.0636122], [76.2163858, 10.0635606], [76.2164247, 10.0635643], [76.2164322, 10.063537], [76.2164996, 10.0635518], [76.2164779, 10.0636321], [76.2164547, 10.0636336], [76.2164479, 10.0636542], [76.2164008, 10.0636476], [76.2164075, 10.0636188], [76.2163731, 10.0636122]]]}}, {"type": "Feature", "properties": {"addr:district": "Ernakulam", "addr:full": "Changampuzha Nagar P O Pathadipalam Edapally Kochi", "addr:postcode": "682033", "addr:state": "Kerala", "amenity": "hospital", "healthcare": "hospital", "name": "Kims Hospital And Surgical Center", "source": "OpenGovernmentData", "osm_id": 838869609, "osm_type": "way"}, "geometry": {"type": "Polygon", "coordinates": [[[76.3195744, 10.041059], [76.3196893, 10.0411007], [76.3197299, 10.0409974], [76.3196103, 10.0409519], [76.3195744, 10.041059]]]}}, {"type": "Feature", "properties": {"CovidVaccineCenterId": "155257", "addr:city": "Kochi", "addr:postcode": "652508", "addr:street": "Puthuvype, Puthuvyupe PO", "alt_name": "Puthuvyppu PHC", "amenity": "hospital", "healthcare": "hospital", "name": "Govt Primary Health Centre, Puthuvype", "osm_id": 847858732, "osm_type": "way"}, "geometry": {"type": "Polygon", "coordinates": [[[76.2218397, 9.9981664], [76.2216872, 9.9980784], [76.2217086, 9.998042], [76.2216634, 9.9980192], [76.2217009, 9.9979484], [76.2217518, 9.9979687], [76.2217711, 9.9979359], [76.22184, 9.9979753], [76.2218661, 9.9979917], [76.2218211, 9.9980741], [76.2218737, 9.9981005], [76.2218397, 9.9981664]]]}}, {"type": "Feature", "properties": {"CovidVaccineCenterId": "155241", "addr:city": "Malipuram, Kochi", "addr:postcode": "682511", "addr:street": "Vypin-Munapam Road", "alt_name": "Malipuram CHC", "amenity": "hospital", "government": "healthcare", "healthcare": "hospital", "name": "Govt. Community Health Centre, Malipuram", "operator": "Department of Health Services", "operator:type": "government", "osm_id": 847861035, "osm_type": "way"}, "geometry": {"type": "Polygon", "coordinates": [[[76.2247361, 10.0186376], [76.2255494, 10.0189229], [76.2254611, 10.0191184], [76.2254206, 10.0192082], [76.2252876, 10.019168], [76.2252415, 10.0192523], [76.2251975, 10.0193328], [76.2247855, 10.0191828], [76.2246871, 10.0191408], [76.2247967, 10.0189456], [76.224499, 10.0188245], [76.2246155, 10.0185955], [76.2247361, 10.0186376]]]}}, {"type": "Feature", "properties": {"addr:city": "Aroor", "addr:district": "Alappuzha", "addr:postcode": "688534", "addr:street": "Mayooram Road", "amenity": "clinic", "building": "yes", "contact:phone": "+91-95627 59500", "healthcare": "clinic", "name": "Sidhasevamrutham Ayurveda Clinic", "osm_id": 848245608, "osm_type": "way"}, "geometry": {"type": "Polygon", "coordinates": [[[76.3061734, 9.8666212], [76.3062644, 9.8666225], [76.306266, 9.8665196], [76.306175, 9.8665182], [76.3061734, 9.8666212]]]}}, {"type": "Feature", "properties": {"amenity": "clinic", "healthcare:speciality": "general;paediatrics;orthopaedics", "name": "Midtown Medical Centre", "phone": "+91 77366 00030;3", "osm_id": 859414690, "osm_type": "way"}, "geometry": {"type": "Polygon", "coordinates": [[[76.3361128, 10.0356759], [76.3362496, 10.0356378], [76.3362329, 10.0355474], [76.3360961, 10.0355556], [76.3361128, 10.0356759]]]}}, {"type": "Feature", "properties": {"amenity": "hospital", "healthcare": "hospital", "name": "Taluk Hospital Palluruthy", "ref": "1504", "type": "16", "osm_id": 863532226, "osm_type": "way"}, "geometry": {"type": "Polygon", "coordinates": [[[76.2734358, 9.9113896], [76.273995, 9.9115658], [76.2740422, 9.9114204], [76.2734831, 9.9112441], [76.2734358, 9.9113896]]]}}, {"type": "Feature", "properties": {"amenity": "clinic", "building": "hospital", "healthcare": "clinic", "name": "Urban Primary Health Centre UPHC, Elamanthoppu,Thripunithura", "opening_hours": "Mo-Sa 09:00-17:00", "operator": "National Health Mission", "operator:type": "government", "osm_id": 863538946, "osm_type": "way"}, "geometry": {"type": "Polygon", "coordinates": [[[76.35657, 9.9589256], [76.356808, 9.9589422], [76.356825, 9.958705], [76.356587, 9.9586884], [76.35657, 9.9589256]]]}}, {"type": "Feature", "properties": {"CovidVaccineCenterId": "155145", "addr:city": "Thrippunitra", "addr:postcode": "682301", "addr:street": "Kottakakom", "alt_name": "Thripunithura THQH", "amenity": "hospital", "healthcare": "hospital", "name": "Taluk Headquarters Hospital Tripunithura", "ref": "1507", "osm_id": 863706016, "osm_type": "way"}, "geometry": {"type": "Polygon", "coordinates": [[[76.3462076, 9.9425604], [76.3463639, 9.9425828], [76.3463928, 9.9423869], [76.3462754, 9.9423701], [76.3462648, 9.9424423], [76.3461462, 9.9424254], [76.3461403, 9.9424653], [76.3462199, 9.9424766], [76.3462076, 9.9425604]]]}}, {"type": "Feature", "properties": {"amenity": "hospital", "check_date": "2026-06-06", "healthcare": "hospital", "name": "Ambalamugal Medical Aid Society (AMAS)", "osm_id": 894910747, "osm_type": "way"}, "geometry": {"type": "Polygon", "coordinates": [[[76.3814092, 9.9744112], [76.3819199, 9.9744112], [76.3819285, 9.9738279], [76.3814092, 9.9738195], [76.3814092, 9.9744112]]]}}, {"type": "Feature", "properties": {"amenity": "hospital", "healthcare": "hospital", "name": "Government Ayurveda Hospital", "osm_id": 894910751, "osm_type": "way"}, "geometry": {"type": "Polygon", "coordinates": [[[76.3487318, 9.9439883], [76.3492811, 9.9440539], [76.3494356, 9.9435931], [76.3489459, 9.9435257], [76.3488584, 9.943536], [76.3488162, 9.9435906], [76.3488019, 9.9436754], [76.3487318, 9.9439883]]]}}, {"type": "Feature", "properties": {"amenity": "hospital", "healthcare": "hospital", "name": "Roshan Eye Care", "osm_id": 895607607, "osm_type": "way"}, "geometry": {"type": "Polygon", "coordinates": [[[76.3458538, 9.951883], [76.3457528, 9.9518475], [76.3456716, 9.9518777], [76.3456246, 9.9518582], [76.3457022, 9.951604], [76.345944, 9.9516769], [76.3458538, 9.951883]]]}}, {"type": "Feature", "properties": {"CovidVaccineCenterId": "569943", "alt_name": "GMTH Karuvelipadi Hospital", "amenity": "hospital", "healthcare": "hospital", "name": "Taluk Headquarters Maharajas Hospital Karuvelippad", "operator": "Department of Health and Family Welfare", "operator:type": "government", "ref": "1517", "osm_id": 934242652, "osm_type": "way"}, "geometry": {"type": "Polygon", "coordinates": [[[76.2601423, 9.9434443], [76.2601446, 9.9432879], [76.260196, 9.9430464], [76.2603212, 9.9429095], [76.2603804, 9.9428739], [76.2605929, 9.9429544], [76.2608545, 9.9430464], [76.2610039, 9.9431545], [76.2609712, 9.9435639], [76.2608568, 9.9436053], [76.2607564, 9.9436398], [76.260573, 9.943666], [76.2604739, 9.9436555], [76.2604296, 9.9435388], [76.260404, 9.9434873], [76.2602472, 9.9434515], [76.2602268, 9.9435412], [76.2601965, 9.9435549], [76.2601288, 9.9435422], [76.2601423, 9.9434443]]]}}, {"type": "Feature", "properties": {"CovidVaccineCenterId": "155363", "alt_name": "Fortkochi THQH", "amenity": "hospital", "healthcare": "hospital", "name": "Taluk Head Quarters Hospital Fort Kochi", "operator": "Department of Health and Family Welfare", "operator:type": "government", "ref": "1489", "osm_id": 934249735, "osm_type": "way"}, "geometry": {"type": "Polygon", "coordinates": [[[76.2455063, 9.9654028], [76.2458943, 9.9654574], [76.245875, 9.9659271], [76.245499, 9.965923], [76.2455063, 9.9654028]]]}}, {"type": "Feature", "properties": {"addr:city": "Ernakulam", "addr:place": "Panikkarupady Vypin", "addr:postcode": "682510", "amenity": "clinic", "building": "yes", "healthcare": "clinic", "name": "Primary Health Centre", "osm_id": 942297105, "osm_type": "way"}, "geometry": {"type": "Polygon", "coordinates": [[[76.2406164, 9.9784247], [76.2405168, 9.9784081], [76.2405292, 9.978336], [76.2406288, 9.9783526], [76.2406164, 9.9784247]]]}}, {"type": "Feature", "properties": {"CovidVaccineCenterId": "155517", "alt_name": "Nayarambalam FHC", "amenity": "hospital", "healthcare": "hospital", "name": "Family Health Centre, Nayarambalam", "operator": "Department of Health and Family Welfare", "operator:type": "government", "ref": "1490", "type": "9", "osm_id": 948602115, "osm_type": "way"}, "geometry": {"type": "Polygon", "coordinates": [[[76.1983373, 10.0685085], [76.1985088, 10.0685648], [76.1985734, 10.0683959], [76.1983981, 10.068336], [76.1983373, 10.0685085]]]}}, {"type": "Feature", "properties": {"amenity": "hospital", "healthcare": "hospital", "name": "Family Health Centre Cheranallore", "operator": "Department of Health and Family Welfare", "operator:type": "government", "ref": "1464", "short_name": "FHC Cheranallore", "osm_id": 958794379, "osm_type": "way"}, "geometry": {"type": "Polygon", "coordinates": [[[76.2891955, 10.0600853], [76.2893287, 10.0601249], [76.289365, 10.0600065], [76.2892318, 10.0599669], [76.2891955, 10.0600853]]]}}, {"type": "Feature", "properties": {"amenity": "hospital", "healthcare": "hospital", "name": "Family Health Centre, Kakkanad", "operator": "Department of Health and Family Welfare", "operator:type": "government", "ref": "1461", "type": "11", "osm_id": 960961196, "osm_type": "way"}, "geometry": {"type": "Polygon", "coordinates": [[[76.3499802, 10.019377], [76.3501492, 10.0193809], [76.3501505, 10.0190534], [76.3499775, 10.0190468], [76.3499802, 10.019377]]]}}, {"type": "Feature", "properties": {"CovidVaccineCenterId": "155247", "amenity": "hospital", "healthcare": "hospital", "name": "Family Health Centre, Mulavukad", "operator": "Department of Health and Family Welfare", "operator:type": "government", "ref": "1465", "type": "11", "osm_id": 965584250, "osm_type": "way"}, "geometry": {"type": "Polygon", "coordinates": [[[76.2602645, 10.0124503], [76.2605616, 10.012478], [76.2605911, 10.012303], [76.2606823, 10.0117041], [76.2603751, 10.0116863], [76.2603409, 10.0118897], [76.2603061, 10.0121089], [76.2602725, 10.0122595], [76.2602779, 10.012311], [76.2602625, 10.0124173], [76.2602645, 10.0124503]]]}}, {"type": "Feature", "properties": {"amenity": "clinic", "building": "yes", "healthcare": "clinic", "healthcare:speciality": "general", "name": "Homeo Clinic , Amballoor", "operator": "Government", "operator:type": "government", "osm_id": 967653565, "osm_type": "way"}, "geometry": {"type": "Polygon", "coordinates": [[[76.3944417, 9.8732866], [76.3943741, 9.8732673], [76.3943506, 9.8733695], [76.3944476, 9.8733773], [76.3944554, 9.8732904], [76.3944417, 9.8732866]]]}}, {"type": "Feature", "properties": {"amenity": "hospital", "healthcare": "hospital", "name": "Amritha Hospital Ground", "osm_id": 970682263, "osm_type": "way"}, "geometry": {"type": "Polygon", "coordinates": [[[76.2200918, 10.0346878], [76.2204663, 10.03478], [76.2205658, 10.0343882], [76.2201913, 10.034296], [76.2200918, 10.0346878]]]}}, {"type": "Feature", "properties": {"amenity": "clinic", "building": "yes", "healthcare": "clinic", "healthcare:speciality": "general", "name": "Deepa Nursing Home,Kudungasherry", "operator": "Dr Dileep Gauthaman", "operator:type": "private", "osm_id": 982446804, "osm_type": "way"}, "geometry": {"type": "Polygon", "coordinates": [[[76.2140235, 10.0603397], [76.2141471, 10.0603691], [76.2141768, 10.0602482], [76.2140532, 10.0602188], [76.2140235, 10.0603397]]]}}, {"type": "Feature", "properties": {"amenity": "hospital", "osm_id": 982884855, "osm_type": "way"}, "geometry": {"type": "Polygon", "coordinates": [[[76.2754557, 10.0694447], [76.2753854, 10.0696538], [76.2757019, 10.0697568], [76.2757722, 10.0695477], [76.2754557, 10.0694447]]]}}, {"type": "Feature", "properties": {"amenity": "hospital", "healthcare": "hospital", "name": "Primary Health Centre ,Pizhala", "operator": "Department of Health and Family Welfare", "operator:type": "government", "ref": "1468", "osm_id": 983795109, "osm_type": "way"}, "geometry": {"type": "Polygon", "coordinates": [[[76.2614624, 10.0538047], [76.2612223, 10.0537426], [76.2613256, 10.0534785], [76.2615911, 10.0535775], [76.2615469, 10.0537149], [76.2614624, 10.0538047]]]}}, {"type": "Feature", "properties": {"amenity": "clinic", "building": "yes", "healthcare": "clinic", "name": "Government Homeo Dispensary, Choorakadu", "osm_id": 1016523921, "osm_type": "way"}, "geometry": {"type": "Polygon", "coordinates": [[[76.3542961, 9.9305145], [76.3543314, 9.9303803], [76.3544253, 9.9304042], [76.3543901, 9.9305385], [76.3542961, 9.9305145]]]}}, {"type": "Feature", "properties": {"amenity": "clinic", "building": "yes", "healthcare": "clinic", "name": "Multi Speciality Dental Clinic , Pavamkulangara", "osm_id": 1016524876, "osm_type": "way"}, "geometry": {"type": "Polygon", "coordinates": [[[76.3545772, 9.9302726], [76.3546324, 9.9301447], [76.3547422, 9.9302059], [76.3546628, 9.9303079], [76.3545772, 9.9302726]]]}}, {"type": "Feature", "properties": {"addr:city": "Tripunithara", "addr:housenumber": "Ammankovil", "addr:street": "Ettumanoor - Ernakulam Road", "amenity": "clinic", "building": "yes", "healthcare": "clinic", "name": "Janatha Medical Centre", "osm_id": 1017125669, "osm_type": "way"}, "geometry": {"type": "Polygon", "coordinates": [[[76.3525337, 9.935094], [76.3525878, 9.9349597], [76.3528905, 9.9350565], [76.3528384, 9.9351987], [76.3525337, 9.935094]]]}}, {"type": "Feature", "properties": {"addr:city": "thripunithura", "addr:postcode": "682309", "addr:street": "Seaport Airport Road", "amenity": "clinic", "building": "yes", "healthcare": "clinic", "name": "Keerthi Clinic", "operator:type": "private", "osm_id": 1017274528, "osm_type": "way"}, "geometry": {"type": "Polygon", "coordinates": [[[76.3564041, 9.9710737], [76.3564078, 9.9709594], [76.3565017, 9.9709587], [76.3564913, 9.9710737], [76.3564041, 9.9710737]]]}}, {"type": "Feature", "properties": {"amenity": "hospital", "healthcare": "hospital", "name": "Veterinary Sub Centre", "osm_id": 1066620147, "osm_type": "way"}, "geometry": {"type": "Polygon", "coordinates": [[[76.3144146, 9.9172429], [76.3145442, 9.9172746], [76.3145731, 9.9171599], [76.3144435, 9.9171282], [76.3144146, 9.9172429]]]}}, {"type": "Feature", "properties": {"amenity": "hospital", "healthcare": "hospital", "name": "PS Mission Hospital", "osm_id": 1068441895, "osm_type": "way"}, "geometry": {"type": "Polygon", "coordinates": [[[76.3228774, 9.9381224], [76.3223757, 9.9379285], [76.3227046, 9.9372759], [76.3231871, 9.9375029], [76.3228774, 9.9381224]]]}}, {"type": "Feature", "properties": {"amenity": "clinic", "building": "yes", "healthcare": "clinic", "name": "Dental Clinic", "osm_id": 1077637612, "osm_type": "way"}, "geometry": {"type": "Polygon", "coordinates": [[[76.3485438, 10.0180752], [76.3486482, 10.0180716], [76.3486459, 10.0180079], [76.3485415, 10.0180115], [76.3485438, 10.0180752]]]}}, {"type": "Feature", "properties": {"amenity": "hospital", "healthcare": "hospital", "name": "Primary Health Center, Chottanikkara", "osm_id": 1098610464, "osm_type": "way"}, "geometry": {"type": "Polygon", "coordinates": [[[76.393103, 9.9201901], [76.3931801, 9.9200561], [76.3934065, 9.920145], [76.3933234, 9.9203111], [76.393103, 9.9201901]]]}}, {"type": "Feature", "properties": {"amenity": "clinic", "building": "yes", "healthcare": "clinic", "name": "DDC", "osm_id": 1172214235, "osm_type": "way"}, "geometry": {"type": "Polygon", "coordinates": [[[76.3469204, 9.9416691], [76.3470808, 9.9417081], [76.3470727, 9.9417404], [76.3470604, 9.9417893], [76.3469619, 9.9417653], [76.3469001, 9.9417503], [76.3469204, 9.9416691]]]}}, {"type": "Feature", "properties": {"amenity": "hospital", "healthcare": "hospital", "name": "Varikkoli Leprosy Hospital", "osm_id": 1177872399, "osm_type": "way"}, "geometry": {"type": "Polygon", "coordinates": [[[76.4105794, 9.9617742], [76.4104653, 9.9616094], [76.4106071, 9.9615555], [76.4106692, 9.9617139], [76.4105794, 9.9617742]]]}}, {"type": "Feature", "properties": {"amenity": "clinic", "building": "yes", "healthcare": "clinic", "name": "vj clinic", "osm_id": 1178361866, "osm_type": "way"}, "geometry": {"type": "Polygon", "coordinates": [[[76.3228018, 9.9024642], [76.322828, 9.9023487], [76.3229261, 9.9023703], [76.3228998, 9.9024859], [76.3228018, 9.9024642]]]}}, {"type": "Feature", "properties": {"amenity": "hospital", "healthcare": "hospital", "name": "Akshaya Hospital", "wheelchair": "yes", "osm_id": 1203373666, "osm_type": "way"}, "geometry": {"type": "Polygon", "coordinates": [[[76.3019183, 9.9720055], [76.3020387, 9.9720405], [76.3019571, 9.9721824], [76.3018642, 9.9721658], [76.3019183, 9.9720055]]]}}, {"type": "Feature", "properties": {"amenity": "clinic", "building": "commercial", "healthcare": "clinic", "healthcare:speciality": "dermatology", "level": "0", "name": "Skin Clinic", "operator": "Dr Sony Varkey", "source": "microsoft/BuildingFootprints", "osm_id": 1217283726, "osm_type": "way"}, "geometry": {"type": "Polygon", "coordinates": [[[76.2926182, 9.9552128], [76.2926156, 9.9553078], [76.2925459, 9.955306], [76.2925485, 9.9552109], [76.2926182, 9.9552128]]]}}, {"type": "Feature", "properties": {"amenity": "hospital", "healthcare": "hospital", "name": "Neethi Lab", "source": "microsoft/BuildingFootprints", "osm_id": 1218453349, "osm_type": "way"}, "geometry": {"type": "Polygon", "coordinates": [[[76.2608481, 9.9349205], [76.2608233, 9.9350096], [76.2606992, 9.9349761], [76.260724, 9.934887], [76.2608481, 9.9349205]]]}}, {"type": "Feature", "properties": {"amenity": "hospital", "healthcare": "hospital", "osm_id": 1268948058, "osm_type": "way"}, "geometry": {"type": "Polygon", "coordinates": [[[76.4087222, 9.962813], [76.4094958, 9.962943], [76.4094357, 9.9632706], [76.4086744, 9.9631711], [76.4087222, 9.962813]]]}}, {"type": "Feature", "properties": {"addr:city": "Vytila", "addr:district": "Ernakulam", "addr:postcode": "682019", "addr:street": "Kannadi Kadu Service Road, NH Bypass", "amenity": "clinic", "building": "yes", "healthcare": "clinic", "healthcare:speciality": "otolaryngology", "mobile": "+919633361976", "name": "Dhwani Hearing - Multispecialty Hearing Aid Center", "opening_hours": "Mo-Sa 10:00-17:00", "website": "https://dhwanihearing.com/", "osm_id": 1303387106, "osm_type": "way"}, "geometry": {"type": "Polygon", "coordinates": [[[76.3181475, 9.961298], [76.3182605, 9.9613274], [76.3182706, 9.9612179], [76.3181647, 9.9611997], [76.3181475, 9.961298]]]}}, {"type": "Feature", "properties": {"amenity": "clinic", "building": "yes", "healthcare": "clinic", "healthcare:speciality": "ayurveda;homeopathy", "name": "Dr. Sreekumar's Eternal", "operator": "Dr. Sreekumar", "operator:type": "private", "osm_id": 1307702121, "osm_type": "way"}, "geometry": {"type": "Polygon", "coordinates": [[[76.3550548, 10.0431931], [76.3550786, 10.0432212], [76.355021, 10.0432595], [76.3550019, 10.0432274], [76.3550548, 10.0431931]]]}}, {"type": "Feature", "properties": {"addr:city": "Kochi", "addr:district": "Ernakulam", "addr:state": "KL", "addr:street": "TD Road", "addr:suburb": "Ernakulam South", "amenity": "hospital", "healthcare": "hospital", "name": "Kunhalu's Nursing Home", "wheelchair": "yes", "osm_id": 1309235653, "osm_type": "way"}, "geometry": {"type": "Polygon", "coordinates": [[[76.2828031, 9.9725759], [76.2827971, 9.9726894], [76.2827544, 9.9729414], [76.2822684, 9.9728453], [76.2823394, 9.9724906], [76.2828031, 9.9725759]]]}}, {"type": "Feature", "properties": {"amenity": "hospital", "healthcare": "hospital", "name": "Medical Trust Hospital", "wheelchair": "yes", "osm_id": 1333433765, "osm_type": "way"}, "geometry": {"type": "Polygon", "coordinates": [[[76.2886282, 9.9617762], [76.2886674, 9.9615734], [76.2888697, 9.9616088], [76.2888932, 9.9614713], [76.2892861, 9.9615355], [76.2892208, 9.9619687], [76.2887681, 9.9618803], [76.2887791, 9.9617996], [76.2886282, 9.9617762]]]}}, {"type": "Feature", "properties": {"amenity": "clinic", "building": "yes", "healthcare": "clinic", "operator": "Department of Health Services", "operator:short": "DHS", "operator:type": "government", "osm_id": 1341354245, "osm_type": "way"}, "geometry": {"type": "Polygon", "coordinates": [[[76.2957107, 9.9449983], [76.2958065, 9.945018], [76.2957907, 9.9450928], [76.2956948, 9.9450731], [76.2957107, 9.9449983]]]}}, {"type": "Feature", "properties": {"amenity": "clinic", "building": "yes", "healthcare": "clinic", "name": "BCF Medical Centre", "osm_id": 1350340465, "osm_type": "way"}, "geometry": {"type": "Polygon", "coordinates": [[[76.301668, 9.9281605], [76.3017151, 9.9281212], [76.3017698, 9.9281497], [76.3017613, 9.9282007], [76.3017184, 9.928285], [76.3016712, 9.9283089], [76.3016346, 9.9282958], [76.3016203, 9.9282503], [76.301668, 9.9281605]]]}}, {"type": "Feature", "properties": {"addr:block": "G", "addr:city": "Kochi", "addr:district": "Ernakulam", "addr:housenumber": "341", "addr:postcode": "682036", "addr:state": "KL", "addr:street": "10th Cross Street B", "addr:suburb": "Panampilly Nagar", "amenity": "clinic", "building": "detached", "name": "Lorem Wellness Care", "osm_id": 1350605294, "osm_type": "way"}, "geometry": {"type": "Polygon", "coordinates": [[[76.2943205, 9.9585267], [76.2944058, 9.9585412], [76.2943952, 9.9586014], [76.2944444, 9.9586097], [76.2944251, 9.9587197], [76.2942906, 9.9586969], [76.2943205, 9.9585267]]]}}, {"type": "Feature", "properties": {"amenity": "hospital", "branch": "Kadavanthra", "building": "hospital", "healthcare": "hospital", "name": "Urban Primary Health Centre", "operator": "National Urban Health Mission", "operator:type": "government", "osm_id": 1355906108, "osm_type": "way"}, "geometry": {"type": "Polygon", "coordinates": [[[76.3082314, 9.9648291], [76.3084923, 9.9648779], [76.3084649, 9.9650203], [76.3082039, 9.9649715], [76.3082314, 9.9648291]]]}}, {"type": "Feature", "properties": {"addr:housenumber": "108", "addr:place": "Jawahar Nagar", "amenity": "clinic", "building": "yes", "healthcare": "clinic", "name": "Krishna Hospital Outpatient Clinic", "osm_id": 1355935188, "osm_type": "way"}, "geometry": {"type": "Polygon", "coordinates": [[[76.3008071, 9.9713287], [76.3009009, 9.9713675], [76.3009379, 9.9712806], [76.3008441, 9.9712418], [76.3008071, 9.9713287]]]}}, {"type": "Feature", "properties": {"amenity": "clinic", "building": "yes", "healthcare": "clinic", "name": "Solace and solace kids", "osm_id": 1359530000, "osm_type": "way"}, "geometry": {"type": "Polygon", "coordinates": [[[76.3576946, 10.012219], [76.3577346, 10.0122424], [76.3579001, 10.0119673], [76.3577043, 10.0119601], [76.3576946, 10.012219]]]}}, {"type": "Feature", "properties": {"amenity": "hospital", "healthcare": "hospital", "name": "CMC Clinic", "osm_id": 1360691018, "osm_type": "way"}, "geometry": {"type": "Polygon", "coordinates": [[[76.382655, 10.0529703], [76.3826952, 10.0528304], [76.3829004, 10.0528951], [76.3828521, 10.0530231], [76.382655, 10.0529703]]]}}]}