{"type": "FeatureCollection", "features": [{"type": "Feature", "properties": {"pc_name": "Mohanlalganj", "pc_code": 34, "office": "MP"}, "geometry": {"type": "Polygon", "coordinates": [[[80.81406035989751, 27.41537240045655], [80.81320008247557, 27.414613495963202], [80.81234474597434, 27.41461789929651], [80.81148448406957, 27.41385898477076], [80.81062423152592, 27.413100065793476], [80.81061931046466, 27.4123367511584], [80.80976399039018, 27.41234114051683], [80.80890375861533, 27.41158221078902], [80.80804353721877, 27.410823274767612], [80.80803863191872, 27.41005995889572], [80.80718332724159, 27.41006433428492], [80.80717842718713, 27.409301016776116], [80.8063231266131, 27.409305387514284], [80.8054629373978, 27.40854643536412], [80.80460275754278, 27.40778747876379], [80.8037377090216, 27.406265196409635], [80.80373283003117, 27.405501875334743], [80.80287268246843, 27.404742905628357], [80.80286780879383, 27.403979584060277], [80.80286293517256, 27.403216260879027], [80.80285806161629, 27.402452937922085], [80.80285318811333, 27.401689613352197], [80.80284831466955, 27.400926288088208], [80.80284344129078, 27.40016296304902], [80.80283856796532, 27.399399636397277], [80.80283369470489, 27.398636309970616], [80.80197359849898, 27.397877329164647], [80.80196873054196, 27.39711400040984], [80.80196386264988, 27.39635067188052], [80.80195899481105, 27.395587341739414], [80.80195412703716, 27.39482401182403], [80.80194925931652, 27.39406068029706], [80.80194439165497, 27.393297348077407], [80.80193952405835, 27.392534016083932], [80.80193465651497, 27.391770682479343], [80.80192978903655, 27.391007349101123], [80.80192492161133, 27.39024401411214], [80.80192005425108, 27.389480679349788], [80.80191518694404, 27.388717342976914], [80.8019103196961, 27.387954005912285], [80.8019054525131, 27.387190669074805], [80.80190058538332, 27.386427330627164], [80.80189571831848, 27.385663992406958], [80.802745986068, 27.384896305725395], [80.80274111392556, 27.384132965226716], [80.80273624184814, 27.38336962495587], [80.80358161077844, 27.381838590034114], [80.80443184237699, 27.381070890790326], [80.80528206359627, 27.38030318626838], [80.80698247387453, 27.378767762314837], [80.80782776018773, 27.37723669630727], [80.80953301196284, 27.376464586341736], [80.8103782517516, 27.374933502502408], [80.81123331845504, 27.37492910961627], [80.81122839519671, 27.374165761291536], [80.81208345562226, 27.374161363800745], [80.81293358343459, 27.373393611784994], [80.81463875073702, 27.372621443150095], [80.81548390358161, 27.3710903250064], [80.81633894295183, 27.371085904443863], [80.81718902401049, 27.370318127634317], [80.81889909310179, 27.370309263387018], [80.8197491532791, 27.369541471164457], [80.82145422652776, 27.36876922629705], [80.82401429793607, 27.367992499216484], [80.82571932399716, 27.367220205937112], [80.82656932064673, 27.366452375103457], [80.82742432912812, 27.366447894451564], [80.82827933754865, 27.36644340916727], [80.82912931331676, 27.36567556292271], [80.83083931844672, 27.36566656924411], [80.83168927437457, 27.364898709421247], [80.83339926876067, 27.36488968799515], [80.83425426637618, 27.364885170330876], [80.83510926290124, 27.364880648039726], [80.83596426039381, 27.364876121110765], [80.83681417866183, 27.364108232056637], [80.83680910058948, 27.363344873871107], [80.8376640875825, 27.3633403377244], [80.8385190745139, 27.36333579694537], [80.8393740603544, 27.363331251539577], [80.83936896678561, 27.362567893656056], [80.84022394840537, 27.362563343635998], [80.84192880135292, 27.361790870286004], [80.84192369234394, 27.36102751109934], [80.84277866340186, 27.36102294722967], [80.84363363336874, 27.361018378733288], [80.84362851403988, 27.360255017988457], [80.84447835533115, 27.35948708347021], [80.84533331479795, 27.359482505756738], [80.84532818522402, 27.358719144604997], [80.84618314046993, 27.35871456227755], [80.84703295576021, 27.35794661260861], [80.84788275965246, 27.357178658593153], [80.84787761469643, 27.356415294535402], [80.84787246980284, 27.35565192979183], [80.84786218020916, 27.354125199166468], [80.84785703550907, 27.35336183328497], [80.84785189086521, 27.352598465799435], [80.84784674628379, 27.351835097628715], [80.847841601771, 27.351071729691824], [80.84783645731444, 27.350308360151246], [80.84869135531213, 27.35030376418877], [80.8486862057372, 27.349540394906043], [80.84953594275099, 27.348772423478675], [80.85039083024971, 27.34876781830007], [80.85124055267538, 27.34799983790933], [80.85123538772135, 27.34723646572589], [80.85209026369219, 27.34723185133696], [80.85465489328607, 27.347217980368317], [80.85550457920951, 27.34644997469868], [80.85549938845374, 27.345686602185413], [80.85720911998597, 27.34567732254843], [80.85806398514303, 27.345672675785117], [80.85891885126576, 27.345668024384537], [80.8597737162964, 27.345663368357833], [80.86062858229259, 27.34565870769375], [80.8614834482254, 27.345654042398007], [80.86233831306593, 27.34564937247611], [80.86319317887184, 27.345644697916935], [80.86490290926406, 27.34563533490897], [80.8674675048891, 27.345621255656326], [80.86832236928382, 27.345616553312468], [80.86917723464359, 27.34561184633119], [80.87003737886805, 27.346370506820545], [80.87089753244338, 27.34712916286978], [80.87176298691563, 27.34865118354964], [80.87348335745888, 27.3501684664814], [80.87348865752648, 27.35093183529857], [80.87434355880903, 27.35092710035562], [80.875203769498, 27.351685727951043], [80.87691358108621, 27.351676234862346], [80.87862339344511, 27.351666723240317], [80.88033320451625, 27.3516571930964], [80.8811881094401, 27.35165242107944], [80.88204301532811, 27.35164764442485], [80.88289792012212, 27.351642863144097], [80.88461309920203, 27.352396653802632], [80.88547338186933, 27.353155225018735], [80.8863282978062, 27.353150425155007], [80.88718321264892, 27.353145620665103], [80.8880381284552, 27.353140811537443], [80.8897479588426, 27.353131179392104], [80.89060287445253, 27.353126356368637], [80.89145778896795, 27.353121528719], [80.8931676198597, 27.35311185951233], [80.89402253417794, 27.353107017966884], [80.8957323636459, 27.353097320974356], [80.8965872787955, 27.353092465527272], [80.89744219387899, 27.35308760544823], [80.8991520228188, 27.353077871400153], [80.90001239779801, 27.35383636181928], [80.90087278418721, 27.354594847783517], [80.90172770931426, 27.35458996449428], [80.90173318094456, 27.355353327461057], [80.90173865264785, 27.356116690660915], [80.90174959624706, 27.3576434140843], [80.90175506814955, 27.358406775226324], [80.90176054011188, 27.359170134763374], [80.9017660121472, 27.35993349453282], [80.90177695641049, 27.361460211093313], [80.90178242864505, 27.36222356880281], [80.9017933733068, 27.363750281242172], [80.9017988457406, 27.36451363689055], [80.90180431823424, 27.365276990932767], [80.9026647926493, 27.366035456911963], [80.9035197954604, 27.36603056397937], [80.90437479717579, 27.366025666420352], [80.90438028536713, 27.366789019011648], [80.90523529323336, 27.366784116789052], [80.90524078668628, 27.367547469586015], [80.90609579864503, 27.36754256271157], [80.90695631546255, 27.368301003257205], [80.90696181941915, 27.36906435370876], [80.90782235186902, 27.369822788169554], [80.90782786114782, 27.37058613721922], [80.90783337050013, 27.371349486499213], [80.90869392280243, 27.372107913247717], [80.90955448651808, 27.372866335536894], [80.90956000644871, 27.373629682699796], [80.91042058476206, 27.37438809798939], [80.91042611001568, 27.37515144374869], [80.9104316353297, 27.375914787899962], [80.91043716071744, 27.376678132280567], [80.91044268617223, 27.377441475971622], [80.91044821168745, 27.378204818054233], [80.91045926292574, 27.379731501068527], [80.91046478864882, 27.380494841999937], [80.9104721342325, 27.381509568840364], [80.92421764660722, 27.374482601375043], [80.92831746631924, 27.369335788876935], [80.92984940500804, 27.368407901071816], [80.93828420310712, 27.373930948995042], [80.94509234373756, 27.382054384319197], [80.9496990674288, 27.389924325457088], [80.95109659879755, 27.40116255006637], [80.95189198641982, 27.40355589180606], [80.95366513015242, 27.40555289039871], [80.9552068010995, 27.405883493216134], [80.96502613076572, 27.402502220013158], [80.97355264638408, 27.402413136037474], [80.97668035110021, 27.40148416487488], [80.97816530165139, 27.402458087782893], [80.98355570422596, 27.414401582260158], [80.98838076550963, 27.40702076575963], [80.99192476759008, 27.408280323361602], [80.99311306767989, 27.40947635758884], [80.99363836364508, 27.409000897229195], [80.99363233177223, 27.40823758520721], [80.99362629997263, 27.40747427248993], [80.99362026825351, 27.40671095999615], [80.99361423660037, 27.405947645888556], [80.99360820502771, 27.405184332004737], [80.99445743360451, 27.4044156311305], [80.99530060903368, 27.40288360907802], [80.99529456736428, 27.40212029155281], [80.9952885257755, 27.401356974251964], [80.99528248425281, 27.40059365533842], [80.99527644280344, 27.399830335730865], [80.99527040143471, 27.399067016348223], [80.99526436013203, 27.398303695353153], [80.99525831890996, 27.397540374583297], [80.99525227775398, 27.396777052201305], [80.9952462366713, 27.396013729126064], [80.99524019566925, 27.395250406276407], [80.99523415473327, 27.394487081815033], [80.99522811387789, 27.393723757579565], [80.99522207308856, 27.392960431732636], [80.99607120925602, 27.39219171099472], [80.99606516343032, 27.391428384709418], [80.99692033402073, 27.39142298591221], [80.99691428307091, 27.390659658043774], [80.99776944942698, 27.39065425463487], [80.99862461570947, 27.390648846592846], [80.99861855446005, 27.389885519006747], [80.99947371444959, 27.389880106366164], [81.00032280383135, 27.389111359945108], [81.00031673234902, 27.388348031031082], [81.00031066093308, 27.387584700506657], [81.00030458959084, 27.386821369290605], [81.00029244713475, 27.38529470570305], [81.00028637602091, 27.38453137333182], [81.00028030497344, 27.383768039350798], [81.00027423399968, 27.383004704678914], [81.00026816310691, 27.382241370235008], [81.00026209228052, 27.38147803418178], [81.00025602153514, 27.380714698356797], [81.00024995085612, 27.37995136092276], [80.9993948573775, 27.379956777839283], [80.99938879196145, 27.37919343968706], [80.99938272662635, 27.378430101763517], [80.99937666135754, 27.377666762231332], [80.99937059616968, 27.37690342292811], [80.99936453104812, 27.376140082016505], [80.99935846600017, 27.375376740415437], [80.99935240103315, 27.374613399043696], [80.99934633613243, 27.37385005606406], [80.99934027131263, 27.373086713314027], [80.99933420655914, 27.372323368956383], [80.99932814187926, 27.371560023909876], [80.99932207728028, 27.370796679093477], [80.99931601274763, 27.370033332669813], [80.99930994829586, 27.369269986476525], [80.9993038839104, 27.368506638676248], [80.99929781960584, 27.367743291106592], [80.9992917553676, 27.36697994193022], [80.99928569120293, 27.366216592066046], [80.99927962711918, 27.36545324243293], [80.99927356310172, 27.364689891193514], [80.99926749916516, 27.363926540185446], [81.00096531867752, 27.362388997098844], [81.00266309669425, 27.360851433878477], [81.00351806016461, 27.360845999133055], [81.00437302356106, 27.360840559755452], [81.00608294910305, 27.36082966711045], [81.00693791124847, 27.360824213842974], [81.00779287434867, 27.360818755936844], [81.00950279929742, 27.360807826234648], [81.01035163116617, 27.360039000354842], [81.01120658775241, 27.360033523955014], [81.01206154529329, 27.360028042916483], [81.01291035625499, 27.359259201648342], [81.01376530743009, 27.359253711380507], [81.01375915581258, 27.35849035512497], [81.0137530042771, 27.357726999101896], [81.0137468528089, 27.35696364147388], [81.01374070142273, 27.356200284078696], [81.01373455010383, 27.355436925078845], [81.01372839885956, 27.354673565393266], [81.01372224769736, 27.353910205940878], [81.0137160966024, 27.35314684488428], [81.01370994558948, 27.352383484061168], [81.0137037946438, 27.351620121634095], [81.01369764377277, 27.350856758521974], [81.0136914929838, 27.35009339564377], [81.01368534226205, 27.34933003116204], [81.01367919162234, 27.3485666669145], [81.01367304104987, 27.347803301063664], [81.01281202237772, 27.347045425260948], [81.0119571530926, 27.347050910449457], [81.0119510130425, 27.346287543173393], [81.01109001408031, 27.345529655713413], [81.0102351560482, 27.345535131575268], [81.00937417257835, 27.344777235001843], [81.0093680483109, 27.344013865589037], [81.0085132005029, 27.34401933213106], [81.00765835159167, 27.34402479404805], [81.00680350260635, 27.344030251333404], [81.00594255113518, 27.343272334689956], [81.00508770718798, 27.34327778268393], [81.00423286419559, 27.34328322603972], [81.00422677119428, 27.34251985509055], [81.00422067826693, 27.341756483457974], [81.00421458542084, 27.340993112060968], [81.00420849264134, 27.340229739062092], [81.00420239994311, 27.339466366299032], [81.00419021475376, 27.33793961688711], [81.00418412227731, 27.337176242076094], [81.00417193753886, 27.33564948948824], [81.00416584527686, 27.334886111711665], [81.00415975308876, 27.334122733253167], [81.00415366098194, 27.333359355031575], [81.00414756894169, 27.33259597520955], [81.00499624218791, 27.331827152691297], [81.00498404810645, 27.330300389696347], [81.00497795118402, 27.329537008095937], [81.00497185432822, 27.328773624895675], [81.00496575755373, 27.328010241933395], [81.00495966084588, 27.327246857371577], [81.00495356421933, 27.32648347304797], [81.00494746765942, 27.32572008712521], [81.00494137117347, 27.32495670052206], [81.00493527476884, 27.324193314157586], [81.00492917843081, 27.323429926194297], [81.0049230821741, 27.322666538469946], [81.00491698598402, 27.32190314914704], [81.00577168473984, 27.32189770194234], [81.00575948221997, 27.320370922233074], [81.00661416950422, 27.32036547046044], [81.00745663478189, 27.318833231736768], [81.00830519602069, 27.318064378145777], [81.00915986752955, 27.318058912565437], [81.01001453999288, 27.318053442347697], [81.01086307931757, 27.317284574305322], [81.011717746448, 27.31727909485436], [81.01257241350392, 27.317273610772613], [81.01342093195062, 27.316504729191415], [81.01427559367332, 27.31649923587656], [81.01426944105036, 27.315735841432307], [81.01597258996627, 27.314961446826942], [81.01596642712477, 27.31419805108284], [81.01596026435803, 27.313434654660494], [81.01594793905626, 27.31190786070064], [81.01680256945158, 27.311902353664625], [81.01679640173289, 27.311138956155883], [81.0167902340816, 27.310375557050655], [81.01678406650512, 27.30961215726796], [81.01763250756862, 27.30884324618091], [81.01848093928633, 27.30807432891776], [81.02018395861089, 27.307299881942942], [81.02103855753055, 27.30729435192577], [81.02274155055565, 27.306519875715694], [81.0235961430378, 27.3065143318425], [81.0244445226295, 27.30574538134068], [81.02699582733001, 27.3042019004425], [81.02785040388564, 27.304196333503683], [81.02954706843522, 27.302658376436952], [81.0304016354263, 27.302652795658197], [81.0303953856792, 27.301889390486583], [81.03124369254998, 27.301120398369072], [81.03209824799521, 27.301114808394324], [81.0329465392417, 27.30034580642729], [81.03293400917474, 27.29881899060868], [81.03377600879193, 27.29728657299823], [81.03462426398835, 27.29651755859686], [81.03461798893586, 27.295754148166502], [81.03546622866136, 27.294985127872398], [81.03545994857888, 27.294221716121523], [81.03545366856498, 27.293458302777278], [81.03544738862729, 27.292694888758607], [81.03544110877331, 27.29193147498446], [81.03543482898795, 27.29116805961734], [81.03542854928631, 27.290404644495098], [81.03542226965328, 27.289641227780123], [81.03541599009644, 27.28887781039148], [81.0354097106233, 27.28811439324799], [81.03540343121877, 27.287350974512307], [81.03539715189797, 27.286587556022063], [81.03539087264576, 27.285824135939915], [81.03453014613216, 27.285066323995775], [81.033669429974, 27.28430850577202], [81.03366316131302, 27.283545083613035], [81.0336568927356, 27.28278166170033], [81.03194177163537, 27.28202943059314], [81.03108109285816, 27.281271596499174], [81.03022042340741, 27.280513756133345], [81.02936600669442, 27.280519336073496], [81.02851159093399, 27.280524911377302], [81.02765717406963, 27.28053048205822], [81.02680275815798, 27.280536048102856], [81.02594834114252, 27.28054160952455], [81.02509392405153, 27.280547166316605], [81.02423950791358, 27.28055271847237], [81.02338509067185, 27.280558266005244], [81.0225306743833, 27.28056380890179], [81.02082184055217, 27.280574880812722], [81.01996742300975, 27.28058040982711], [81.01911300539236, 27.28058593421188], [81.01825858872832, 27.28059145396035], [81.0174041709611, 27.28059696908586], [81.0156953362305, 27.2806079854414], [81.01484091823896, 27.280613486678057], [81.01398650120107, 27.280618983278494], [81.01313208306033, 27.28062447525588], [81.01227766587334, 27.280629962597057], [81.01142324758361, 27.280635445315248], [81.01056270082753, 27.27987749710789], [81.00970828859855, 27.27988297053184], [81.00885387526685, 27.2798884393328], [81.00713894182327, 27.279135936876994], [81.00627843111188, 27.27837796397958], [81.00542402887412, 27.278383414199038], [81.0045635336389, 27.27762543220499], [81.00370304978638, 27.276867443928044], [81.00284865666046, 27.276872880208984], [81.00198818724834, 27.276114881923657], [81.00112165834894, 27.274593447886243], [81.00026728054411, 27.274598870194325], [81.00026121492125, 27.27383543910676], [80.9994068432517, 27.273840856750805], [80.99940078287567, 27.27307742404552], [80.99854036016285, 27.27231940363447], [80.99853430512151, 27.271555970478705], [80.99852825014631, 27.270792535733698], [80.99766784933742, 27.270034509482223], [80.9976617996893, 27.26927107336871], [80.99680745785355, 27.269276476962897], [80.99594707673002, 27.26851843908831], [80.99509274095617, 27.268523833389462], [80.99423840408079, 27.268529223067887], [80.99337804456707, 27.267771171436216], [80.99252371272564, 27.26777655182821], [80.99166336764361, 27.267018489272246], [80.9908090418646, 27.26702386037146], [80.99079702611515, 27.26549698258856], [80.99249963978708, 27.264722796485625], [80.99249362173128, 27.26395935551731], [80.99334190451053, 27.26319053365539], [80.99419017590931, 27.26242170747673], [80.99504447134557, 27.262416318021987], [80.99503843796987, 27.261652875130817], [80.99588668865024, 27.260884038468603], [80.99588065024139, 27.26012059426835], [80.99502033828902, 27.259362543365214], [80.9941600356744, 27.258604488034287], [80.99415400784379, 27.257841041773563], [80.9932937218684, 27.257082980387494], [80.9924334452159, 27.256324912736467], [80.99157317892175, 27.255566839733156], [80.9907129240211, 27.25480876229015], [80.98985868001336, 27.25481412832116], [80.98900443696093, 27.25481948971693], [80.9889984405697, 27.254056039950775], [80.98814420159546, 27.254061396696386], [80.98728996254857, 27.25406674881319], [80.98557550966959, 27.25331398952845], [80.98471530626067, 27.252555876485545], [80.98385511218136, 27.251797758097986], [80.98214071072874, 27.251044959505553], [80.98212880161162, 27.249518053112787], [80.98126864385529, 27.248759917979296], [80.98040255353878, 27.247238322365206], [80.9795305445658, 27.244953261286746], [80.97867043363827, 27.24419510894285], [80.97781033408789, 27.243436950324764], [80.97780440610192, 27.242673490205416], [80.97779847819497, 27.24191003033986], [80.97779255035273, 27.241146568890425], [80.97778662258952, 27.24038310769501], [80.97778069489104, 27.239619644915983], [80.97777476726442, 27.238856181472432], [80.97776883971682, 27.238092718283283], [80.97776291223394, 27.23732925351097], [80.97775698483007, 27.236565788993385], [80.97775529846591, 27.23634857923805], [80.97047446421159, 27.240007599605914], [80.9692419363209, 27.234845700219132], [80.96966019367717, 27.232743178182478], [80.96774139215668, 27.224878969875185], [80.96587983924576, 27.221099397640238], [80.96606998185598, 27.216737375516463], [80.96365493910601, 27.21785045143961], [80.96252069601319, 27.219424334299788], [80.95984910858395, 27.220612394394653], [80.95908081401578, 27.22029537015084], [80.95832499975101, 27.21723502959327], [80.95186403480105, 27.210459534014007], [80.94785019543804, 27.199919281465665], [80.94660987724339, 27.19831841961669], [80.94448049802415, 27.20220954060336], [80.94332939055208, 27.202230213137266], [80.94247580087413, 27.200801601604063], [80.94249963104446, 27.19814542385434], [80.94021932549828, 27.200424484185007], [80.93823294886133, 27.195937592321332], [80.93656542691204, 27.19596129011927], [80.93245142599775, 27.200126045364904], [80.9314262426549, 27.19979662204525], [80.93091146153856, 27.19620161274418], [80.92722345332548, 27.189845083033177], [80.93392122444787, 27.179318993941163], [80.9354741244426, 27.171846891068743], [80.93423230909127, 27.16582967983915], [80.93210956859313, 27.161559286742776], [80.929305794981, 27.158974816794213], [80.9351820754869, 27.156725018371816], [80.94286219055554, 27.151137099938765], [80.94858065668288, 27.148129446888152], [80.94932454250952, 27.14254136560693], [80.9569675506181, 27.13903468875377], [80.95970613541321, 27.142138346620435], [80.96493773095399, 27.144427151934966], [80.96915559331623, 27.143790096959155], [80.9788107758261, 27.137825022850254], [80.9797647434123, 27.141601252384426], [80.981309584629, 27.142409699545006], [80.98963190271017, 27.137196756124514], [80.99194389438276, 27.13725577326167], [80.99999624757717, 27.146676276689842], [81.01213772733077, 27.14054639054789], [81.01535745901263, 27.137203013315826], [81.01730333555817, 27.12881265570461], [81.02382029857291, 27.12453326325457], [81.02645236274344, 27.121335949968042], [81.02804554099787, 27.11736402233733], [81.02842539420065, 27.113248417608112], [81.02325139290794, 27.103805671612683], [81.02302170993815, 27.10303047538542], [81.02455348187583, 27.101301707085874], [81.0344308638419, 27.096531026658905], [81.05190975325678, 27.089898315468314], [81.05608179598909, 27.085283726426283], [81.05309334412524, 27.079747368471992], [81.03925360129344, 27.07014198897439], [81.03367347199206, 27.06929170394861], [81.02914474791685, 27.07207433941764], [81.01743204932485, 27.06488886918857], [81.01414050682554, 27.065760402212582], [81.00000005974616, 27.074964627293742], [80.99301868132217, 27.07350133509375], [80.98946145605106, 27.066409275226324], [80.98409700325224, 27.069439388920607], [80.98253467609318, 27.063304374585336], [80.9765681689497, 27.060868951101206], [80.97446921144363, 27.058970008447446], [80.97276167505511, 27.0555657642848], [80.97586610491872, 27.048749042107904], [80.97845974244932, 27.035353749784772], [80.98900837812947, 27.038417739950724], [80.99588792975385, 27.03926140807958], [80.99999389626268, 27.038242657664345], [81.0010027615574, 27.03795122317051], [81.00223653481491, 27.034965158573847], [80.9999935953982, 27.030438448965466], [80.99520208857287, 27.023565412280885], [80.99441788237692, 27.01783434031868], [80.99634138683129, 27.00828503178854], [81.00000886296209, 26.99998392996659], [81.0042517883861, 26.996679752672502], [81.0093606395101, 26.99709745429456], [81.02227160247799, 26.990239171761285], [81.02367957562383, 26.990184001248142], [81.02572121596816, 26.98886534024055], [81.03049994122746, 26.98532707856299], [81.02778599379184, 26.97778846439146], [81.02471379971777, 26.97568492266932], [81.0255411110977, 26.97237932776182], [81.03610276534292, 26.96502472391592], [81.04326105955057, 26.96806623477256], [81.05033301157476, 26.966244896518624], [81.05648088109686, 26.972946714101052], [81.05889491438327, 26.972668480987853], [81.06348241480565, 26.969760159292964], [81.06545763576302, 26.96765081371842], [81.0654441105962, 26.965132068568813], [81.06358973509454, 26.96209711396719], [81.05892987770042, 26.95818938894999], [81.05528836128286, 26.958250698151062], [81.05223089048201, 26.960987651241243], [81.04553099018158, 26.955663651669916], [81.04456112392424, 26.950967864311], [81.04264255893347, 26.948153780656924], [81.04219250388962, 26.943964720205678], [81.04334144082122, 26.938689378678617], [81.04730177257308, 26.937247283670768], [81.05067713687039, 26.937022551223617], [81.05074309430832, 26.932306001864774], [81.06059533931065, 26.930203503248396], [81.06398739842948, 26.927716773482064], [81.06668112022496, 26.924237277135703], [81.06945273371215, 26.918454224938994], [81.07348009055151, 26.91445984891321], [81.0754522737116, 26.908493579760957], [81.08215747834669, 26.908893405591225], [81.08743606422627, 26.91213443258458], [81.09010891093607, 26.915255545266987], [81.09577671131228, 26.91454494849517], [81.09639748134825, 26.909259015144443], [81.09926241686186, 26.907326730528702], [81.10052493435387, 26.90274871520404], [81.1000159525168, 26.899654104762316], [81.09171582362151, 26.891446881565237], [81.09074968340191, 26.889104685923858], [81.0925850635338, 26.886136139906426], [81.09576737687549, 26.885686493537076], [81.09876529158895, 26.882309829541114], [81.10232453979552, 26.870424895824474], [81.09698135915603, 26.86224755223683], [81.09207912670392, 26.85815827010031], [81.09483022300206, 26.85179064225364], [81.09216230638756, 26.84642612017757], [81.09395817177885, 26.837794146715993], [81.098355361836, 26.837515209616054], [81.1047790178721, 26.83661514100395], [81.1263370505911, 26.83586436864783], [81.1305408595373, 26.834321764588314], [81.1329519868039, 26.832608058658966], [81.13727981186287, 26.826076428179064], [81.1389246455449, 26.817817216468473], [81.14108960398703, 26.81442715248294], [81.14592515727698, 26.811449770323556], [81.1488505327579, 26.810582467666936], [81.15172808265262, 26.810929179821077], [81.15695629236922, 26.813676628709043], [81.15918748808409, 26.81281891884693], [81.16166809362619, 26.80787234908717], [81.17084208073106, 26.807353715878975], [81.1688045368107, 26.804196745294124], [81.15891270476052, 26.797093811134854], [81.1598499359337, 26.79175861423356], [81.15907603887639, 26.77551276353424], [81.164099797327, 26.773158487170203], [81.16703261846364, 26.774589475527947], [81.17272467819087, 26.784394577189442], [81.17444778326148, 26.78571031390314], [81.17680036610022, 26.786120302902358], [81.17979915733629, 26.784966824812212], [81.18100844348542, 26.783353280872607], [81.1870666862597, 26.77990095168373], [81.18986452904237, 26.779732664285426], [81.19203816752314, 26.782364233448654], [81.19197930930527, 26.78535296611828], [81.19371084251296, 26.791601374259784], [81.20703174623183, 26.788258398483887], [81.21657678489423, 26.78227714554096], [81.21064672673957, 26.7771141573773], [81.19379408802082, 26.767322026360812], [81.18939364158632, 26.763709662698123], [81.18862744470051, 26.761471927648266], [81.20020246659438, 26.747173000474533], [81.20364143824648, 26.744236450825678], [81.20465078920734, 26.74159432929184], [81.20329402956104, 26.73247396822035], [81.20372999901387, 26.728512119643536], [81.21054355522234, 26.72299312349432], [81.21565558258325, 26.721086982300104], [81.21412770853712, 26.71793557249766], [81.21685105080036, 26.70990535440581], [81.21881860259863, 26.70794524749525], [81.21900261380598, 26.70605419727605], [81.21785355679393, 26.703419454314854], [81.21651127935199, 26.70198618816784], [81.21211979623439, 26.703141980762634], [81.2098901801324, 26.70285576730595], [81.2081725388493, 26.700970110901547], [81.2073310335385, 26.699422624016723], [81.20706488181229, 26.694601632573118], [81.20533938096898, 26.690527435650633], [81.19902893692247, 26.686580373133296], [81.19870145745989, 26.683083937743238], [81.196083154758, 26.679811908750917], [81.18906444663044, 26.67449042701951], [81.18810271311932, 26.670989547685277], [81.18835022086924, 26.667378321844847], [81.17808235926351, 26.655400134867627], [81.17035958998626, 26.64812886511494], [81.16729240039128, 26.64319512420284], [81.16716437311736, 26.64095687307068], [81.17587672008173, 26.635562684038963], [81.17587762817733, 26.634008616712848], [81.17216741607994, 26.62701519311586], [81.17751275951959, 26.623043807220434], [81.17897001007623, 26.621037314550467], [81.18202389861504, 26.620172827111904], [81.18387470802898, 26.618682899271253], [81.17915094398903, 26.61519176958324], [81.17876090554029, 26.61203581991879], [81.16486894307862, 26.602524960797385], [81.16455241641201, 26.600922579496782], [81.16575821792293, 26.597998406152417], [81.1647279548126, 26.596097795448756], [81.16599955311365, 26.592543151486495], [81.1632875512781, 26.587960524966896], [81.15908245040725, 26.586750128721615], [81.1456066272027, 26.587157346349596], [81.14299440842238, 26.58617398671208], [81.13809022172457, 26.58084355945372], [81.13720056164904, 26.578022074904037], [81.13452571154113, 26.57544344416509], [81.13343775695436, 26.570158751364684], [81.12974543950708, 26.56585384412333], [81.12699694353414, 26.55954632350888], [81.12292064972439, 26.557428208201905], [81.11833704737055, 26.556049290663594], [81.10772404688171, 26.56157371753008], [81.10390353272672, 26.56237779918556], [81.1001401057091, 26.55974647351876], [81.09535453915491, 26.553912534808486], [81.09458743090225, 26.550938155689867], [81.09470487881384, 26.54441225351476], [81.09342007793728, 26.540981660058755], [81.09086580895845, 26.537959872560037], [81.08472251189015, 26.53640690301071], [81.07735611629815, 26.532590518732967], [81.07690294654691, 26.527383600738844], [81.07761426346018, 26.522660703507945], [81.07638667383172, 26.521073492322262], [81.07305627008121, 26.520774411094173], [81.06530244209723, 26.517235969036523], [81.06120048862799, 26.51054536905304], [81.05118660523304, 26.501866502837554], [81.04741666538062, 26.501500887163594], [81.04460295152936, 26.502117524322486], [81.04137622593208, 26.504093396635604], [81.0385999498713, 26.506489257478428], [81.03674274158075, 26.510019432130527], [81.03273071463144, 26.514460513587373], [81.03260635113986, 26.518655138720515], [81.02771092800407, 26.521377393522474], [81.0258538334366, 26.523412926679445], [81.01635783418621, 26.527181146780958], [81.0130475168271, 26.52683929985395], [81.00872698255027, 26.530270013018377], [81.00281195003802, 26.533485544478783], [81.00000905814457, 26.534942759748247], [80.99501337474393, 26.534505505808262], [80.98832306154272, 26.53474562842747], [80.98632406842562, 26.53802767711963], [80.98597516667994, 26.54181433448164], [80.98774474498686, 26.544511563129184], [80.98530827707378, 26.546131783829836], [80.9820700099421, 26.544243773586576], [80.98010385549814, 26.543547972973823], [80.98046300838665, 26.54701743351432], [80.98069219411626, 26.550533727311006], [80.97520401325778, 26.55129914949422], [80.97273240717838, 26.549700455702474], [80.97064279911015, 26.54757981589105], [80.96636336292251, 26.549270887113124], [80.9677480403464, 26.551487923905363], [80.97022281775827, 26.552498053484666], [80.97040324531434, 26.55435463609118], [80.96842615071147, 26.554914053412187], [80.96572800244361, 26.55714708955879], [80.96144336444134, 26.559550740119995], [80.95864563266993, 26.559126477091734], [80.9532035031686, 26.561647345150103], [80.95481979058987, 26.56781753856803], [80.95271929963303, 26.568326948860538], [80.9459958698429, 26.56369584540907], [80.94464547666139, 26.56500989752829], [80.94267710245308, 26.564368800530737], [80.9410113418215, 26.565574347527765], [80.93692273026235, 26.56762211619105], [80.94003539246172, 26.56843572621794], [80.94150010967854, 26.56804067668053], [80.93931219634534, 26.570564428035688], [80.932785968924, 26.574254404507975], [80.9277404518741, 26.58431762213709], [80.93079694707205, 26.584396078941044], [80.93308059319669, 26.58544006917255], [80.92725283582743, 26.588619792538292], [80.9266663722893, 26.591648827454325], [80.92260419730228, 26.589396670745646], [80.92200704863887, 26.592021195139758], [80.92021877532072, 26.592992687842383], [80.91884686749638, 26.58965326555325], [80.9133400736373, 26.592375395482517], [80.90928697248417, 26.597415480750094], [80.90782497726633, 26.597175650174524], [80.9060180208138, 26.59090967429145], [80.90308262847863, 26.592039400943435], [80.8980825444488, 26.595231623751218], [80.89194274527406, 26.597855435081893], [80.88993321850855, 26.60304425907144], [80.89206542689594, 26.607289982104255], [80.88967082791983, 26.611933796010806], [80.89389095920781, 26.617344687710172], [80.89226827390927, 26.621556500275414], [80.888836777117, 26.620647205880896], [80.88616828732292, 26.619480629743446], [80.88443019230948, 26.621490552639692], [80.88134721622944, 26.61626160033234], [80.87715852024307, 26.614192995009695], [80.87244004460365, 26.62135087470199], [80.87682445804185, 26.623202366987595], [80.88114494987238, 26.626148459202465], [80.88313780341127, 26.631300722239903], [80.87904859825085, 26.632965204926016], [80.8750630093838, 26.637047474148876], [80.87304232301857, 26.64229116377147], [80.85418380916357, 26.648638907330316], [80.85072246144468, 26.65135210382427], [80.8452257342501, 26.660407382237658], [80.8428378851361, 26.66302260267765], [80.83308060593227, 26.66215058648564], [80.82551689202377, 26.65980433949396], [80.82229729515663, 26.656156791369856], [80.81586440194262, 26.655684620312023], [80.80996022388769, 26.654276106089203], [80.80527006853644, 26.651426608141378], [80.80109777104302, 26.64789384944895], [80.79454089607252, 26.646354743372342], [80.79392009182536, 26.65261090987344], [80.79100884512265, 26.65718668127608], [80.78312786392677, 26.662522949022865], [80.78411904425208, 26.66598009535981], [80.78175512295239, 26.666879284605614], [80.77603363634667, 26.66482030532739], [80.77051007113856, 26.66328888513698], [80.76702104716625, 26.668547450670093], [80.76978361619598, 26.67384894741787], [80.769557471473, 26.67706383218272], [80.76508893011726, 26.678694950043955], [80.76162617719261, 26.68119457070921], [80.76267271999914, 26.684991779129913], [80.75705198755335, 26.68616385221726], [80.75223094228299, 26.68411807249101], [80.74749191389073, 26.679887815666493], [80.74415588155479, 26.67440939884781], [80.74633648461077, 26.666215075859956], [80.74080296077106, 26.663818247500352], [80.7361850536987, 26.660856014847404], [80.72940885793342, 26.655862311178705], [80.7145885118914, 26.667981335514426], [80.71658627633003, 26.672818244139087], [80.70738261960356, 26.68308533024511], [80.70349575014166, 26.682712006839594], [80.7008817276274, 26.68297658730119], [80.69735227188679, 26.68570497256456], [80.69911197458521, 26.6887637533158], [80.7048255306769, 26.691735864464096], [80.71243675649288, 26.695301473528918], [80.71768520045218, 26.699649863036374], [80.7151424497046, 26.70715102570276], [80.70929416292745, 26.712271691534845], [80.7007785236926, 26.717027040934294], [80.6993624312936, 26.719258565774705], [80.70062447976585, 26.72111032068738], [80.70432700421668, 26.719411039053433], [80.70619062958826, 26.718506132697478], [80.70590301251313, 26.721546374772302], [80.70186886133503, 26.72438278182328], [80.70081563620921, 26.72834591484593], [80.70230709546207, 26.732771225607614], [80.70450927314013, 26.736522095696074], [80.70379172871226, 26.738695266534293], [80.70228259101209, 26.74310639211915], [80.70264226215802, 26.747017187941225], [80.70135906294648, 26.74833318647032], [80.69778956795747, 26.74784337317867], [80.69507399403024, 26.752701068408257], [80.69147679813996, 26.756063874308037], [80.6926043785212, 26.759975851857718], [80.69690681814849, 26.76282555227945], [80.70469482912327, 26.76156324471103], [80.71765921794585, 26.756897973415697], [80.73188994465505, 26.75441867355803], [80.73999292050271, 26.761603116559886], [80.74330033892672, 26.7627230559023], [80.75074009318233, 26.764558741352417], [80.75294765495221, 26.7671594523005], [80.75569963857511, 26.773839893907187], [80.73771130728858, 26.775663212626974], [80.74072936843612, 26.7894039595201], [80.72769142460368, 26.794190924813766], [80.72319072933004, 26.800408688478907], [80.72011455048353, 26.803599440770316], [80.71821510790208, 26.811050904531808], [80.71430454387557, 26.816709375680247], [80.70854116088931, 26.824182743443348], [80.702855347799, 26.830055747672432], [80.69668445794014, 26.834022874074115], [80.6921807420455, 26.83743537482448], [80.69375133454164, 26.8500240913762], [80.68088018203755, 26.860602761584524], [80.67659183982626, 26.86188086015824], [80.67007721189957, 26.864299131437026], [80.66223671188808, 26.868083354291493], [80.65861342306171, 26.87018555154167], [80.65498287177024, 26.87139596903655], [80.64591225775473, 26.876889879674255], [80.63615486547634, 26.879508508675872], [80.62790912731865, 26.880530018165516], [80.62740907053856, 26.888737171764244], [80.63641932348395, 26.89587643141191], [80.64113918303023, 26.903032688404934], [80.62371438268822, 26.90880269368533], [80.6224998522995, 26.913096181191104], [80.62001149259936, 26.91646608927692], [80.61493667764775, 26.925780310286935], [80.61277254672602, 26.933170850299522], [80.60964880792625, 26.938372405630815], [80.60935051213492, 26.944050266097896], [80.60741300750317, 26.944843759550608], [80.59190277407615, 26.942066872210862], [80.58994576286545, 26.938144234328796], [80.5881571001645, 26.93290632669898], [80.58593362166104, 26.92897541151675], [80.58176649158457, 26.925557286949207], [80.5609144975881, 26.93635218308494], [80.56306476541435, 26.94125350774801], [80.56428978249747, 26.94625924160873], [80.56634846091681, 26.948398425661868], [80.57104500271612, 26.954821017699043], [80.57839378747948, 26.95838399164978], [80.58281013792468, 26.957788494653563], [80.58576856831847, 26.960287119251774], [80.58857330137565, 26.958925330719406], [80.5881033371362, 26.95329648992038], [80.59555355887896, 26.954904734142055], [80.59839338250734, 26.96262516229131], [80.5943238092138, 26.968795125022346], [80.59755596969804, 26.97427549926606], [80.59696350585921, 26.97863503044282], [80.6001359314372, 26.983885690616578], [80.5913348480944, 26.98725595581512], [80.58769834144846, 26.985844737283536], [80.58126201424307, 26.994224638099915], [80.57996599450293, 27.000815761580895], [80.56048835650527, 27.010777347519042], [80.56753087933808, 27.016887933479268], [80.57860014700424, 27.020207312636003], [80.58816733854107, 27.02649150020972], [80.58802398495456, 27.029309380856173], [80.58024435484975, 27.028993607763148], [80.57765218596867, 27.02949953513028], [80.57688034016897, 27.030734076177804], [80.57792601846597, 27.03268356111356], [80.58075923166273, 27.034364473890726], [80.58953374127553, 27.038275215174426], [80.59377694669125, 27.03793757377893], [80.59664426935075, 27.03863448210715], [80.59612023595344, 27.039606194102237], [80.59895562652817, 27.042210549365123], [80.60476335039515, 27.04163223940801], [80.60681229700262, 27.03916547625813], [80.6075474531049, 27.036735986095273], [80.61538680063616, 27.03813029458113], [80.61848338203535, 27.041068747792846], [80.62101415899915, 27.04529632759234], [80.62281861243137, 27.054154738599532], [80.62353988854319, 27.056771559028444], [80.6296539637324, 27.05625550867147], [80.63738805962238, 27.05888538705712], [80.6426490177157, 27.06423659489107], [80.65136494080485, 27.061498427029886], [80.65531115945254, 27.061187849947668], [80.65666411201266, 27.06221170332636], [80.655534577375, 27.06416967235601], [80.6509019803817, 27.06728195431067], [80.64128934666542, 27.068424390706756], [80.6420310820428, 27.072952907185723], [80.64680636531749, 27.078554059435064], [80.65214134714708, 27.076119197766115], [80.66251797868546, 27.073718201243437], [80.66668522471345, 27.0748449886022], [80.67576127365739, 27.07027934154931], [80.67955502885948, 27.066875917100244], [80.68609356086286, 27.063189218884723], [80.6909941628039, 27.061848685951745], [80.69580322901645, 27.063495829087422], [80.69788189705747, 27.061078402041765], [80.70113644327698, 27.060103340361017], [80.70237620662587, 27.068407229994524], [80.71183135382235, 27.06763856891652], [80.7127997786336, 27.069127889550746], [80.71321513642201, 27.07175943078551], [80.7117750802201, 27.07996495287623], [80.71974215250779, 27.083265247439165], [80.72438720786808, 27.086980355734475], [80.73187250724047, 27.097387317054103], [80.7347868973007, 27.09961644756648], [80.73824737722364, 27.100813508803302], [80.74235738359711, 27.101552491842234], [80.75277613371753, 27.09924653777559], [80.75920474514308, 27.10039217491746], [80.76547993276436, 27.088941285221146], [80.76738000543769, 27.09192848738397], [80.77073983303069, 27.102257087888848], [80.7790197504858, 27.09795613625768], [80.78349756512354, 27.097933915036883], [80.7873265056034, 27.10872855724292], [80.78846341730097, 27.110271550658886], [80.79100459888616, 27.11093443264219], [80.79439658072359, 27.10967188986834], [80.79950023198302, 27.10542722580518], [80.80547040081632, 27.101825870657787], [80.8157859070815, 27.099208382721006], [80.81883246286348, 27.097441541107088], [80.8273108405893, 27.101372578908254], [80.82784599697169, 27.103492974517017], [80.82721570793953, 27.109571854131243], [80.82578224300372, 27.111049980376013], [80.82437103107459, 27.11044153167413], [80.81831190883562, 27.11258254712192], [80.81216183188957, 27.11219619789927], [80.80847840419992, 27.112830996831168], [80.8082586888286, 27.115414907921288], [80.80966622935416, 27.123054786204932], [80.80894033444807, 27.124786452632858], [80.80500920868461, 27.128928887527323], [80.80468537435692, 27.13049763897701], [80.80623198922511, 27.13219009219017], [80.8192939983593, 27.136074850186677], [80.82024611078025, 27.137535859420225], [80.82049563479369, 27.140351661799105], [80.81813309639283, 27.14794196064141], [80.82316268941622, 27.153081041423494], [80.82171110919201, 27.15541394201296], [80.8185684787069, 27.15526029587868], [80.81640636124763, 27.156971834728203], [80.81773207086995, 27.161348966890166], [80.81573472219083, 27.165917986072692], [80.80892494235515, 27.168811448032763], [80.80930359677544, 27.17337271890645], [80.80839515839364, 27.177140995512634], [80.80673885710009, 27.178472933983624], [80.79999459047073, 27.180910653481217], [80.80212299879383, 27.187121910816785], [80.80040196461394, 27.19205215953881], [80.7986435878551, 27.194354151381496], [80.78997043499847, 27.201612376062478], [80.78972397232242, 27.202971370927795], [80.78889602127546, 27.20297551822036], [80.78788292986187, 27.20298058698154], [80.78686983836681, 27.202985649229372], [80.78484365410495, 27.202995754189974], [80.78383056133835, 27.203000796902742], [80.78281746951845, 27.203005833096995], [80.7818043776176, 27.203010862777855], [80.78078567036991, 27.202110044827602], [80.77977258559177, 27.202115061450723], [80.77875949970526, 27.20212007156555], [80.77774641476594, 27.202125075161963], [80.7757146658876, 27.201229221535822], [80.77470158799153, 27.201234205561388], [80.77368851001535, 27.201239183073678], [80.77267543093144, 27.201244154077653], [80.77166235279537, 27.20124911856324], [80.77064927355178, 27.201254076540543], [80.76963619525623, 27.201259027999534], [80.76761555685614, 27.202174752911276], [80.76660247103796, 27.202179684860678], [80.76559489011424, 27.203090451879493], [80.76560039516157, 27.203996291617344], [80.76357419296407, 27.204006123075626], [80.76256657450597, 27.2049168679396], [80.76155894251194, 27.205827606338076], [80.76055129594299, 27.206738336437827], [80.75954363378223, 27.2076490600813], [80.75954909551577, 27.208554895367207], [80.75854141260096, 27.209465609808966], [80.75855232189588, 27.21127727672209], [80.75754460897483, 27.212187982910716], [80.75653688250524, 27.21309868079346], [80.75552914146459, 27.214009371293788], [80.75553457461078, 27.214915201122242], [80.75452681076335, 27.215825883345648], [80.75352445218068, 27.217642385281177], [80.75352987106173, 27.218548210533037], [80.75353529002619, 27.219454035773882], [80.7535407090631, 27.220359859165633], [80.7515250518748, 27.222181180405226], [80.75153045657227, 27.22308700106471], [80.75052259942613, 27.22399765016191], [80.74952550746967, 27.226719926795962], [80.74851760675152, 27.227630558397074], [80.74852299005363, 27.228536373555556], [80.74751506755656, 27.229446997785214], [80.74650176056919, 27.229451800360277], [80.74650712945122, 27.230357613712776], [80.74549917780419, 27.23126822316592], [80.74448585711536, 27.23127301276601], [80.74347253532153, 27.231277795856215], [80.74245921447876, 27.231282572426952], [80.74144589253122, 27.231287342487825], [80.74043257153492, 27.23129210602923], [80.73941925046205, 27.23129686305597], [80.73840061762081, 27.230395799999112], [80.73738730368267, 27.230400543967257], [80.73637398864032, 27.230405281425572], [80.73536596335076, 27.231315826025774], [80.73537125222252, 27.232221637834975], [80.73537654117035, 27.23312744871072], [80.73437376869386, 27.234943793149657], [80.73235233353816, 27.235859030910802], [80.73235760093094, 27.2367648390565], [80.73033612189424, 27.237680049063087], [80.72932799472387, 27.23859054750857], [80.72933324047295, 27.239496352017724], [80.72730646436592, 27.23950571675773], [80.72629307671352, 27.239510389352766], [80.7252796879579, 27.23951505543753], [80.72426630015528, 27.239519715002526], [80.72325291227773, 27.239524368052493], [80.72223952329739, 27.2395290145921], [80.7202127461405, 27.23953828812151], [80.71919935796427, 27.239542915111297], [80.7171725803606, 27.239552149550434], [80.71412727749234, 27.23866014740601], [80.71310876709641, 27.2377589284571], [80.71209027025452, 27.23685770292548], [80.71005842932367, 27.235961037206128], [80.70904506853381, 27.23596559893768], [80.70802661630256, 27.235064345303883], [80.70700817761956, 27.234163084169566], [80.70700309265288, 27.23325727250869], [80.70598467693492, 27.23235600290331], [80.70597959940746, 27.23145019026621], [80.70597452194788, 27.23054437577691], [80.70596436725296, 27.22873274491852], [80.70595929001762, 27.227826928549845], [80.7059542128553, 27.22692111124888], [80.70494092567765, 27.226925646636765], [80.70493585587036, 27.22601982745683], [80.70493078614113, 27.225114008263994], [80.70492064689627, 27.22330236616481], [80.7039023255419, 27.22240107291626], [80.70288401978364, 27.22149977124319], [80.70187077508086, 27.221504286925214], [80.69882601694755, 27.220611970861043], [80.69679453251858, 27.219715118531102], [80.69476807234685, 27.219724065094912], [80.69375484163915, 27.219728528607803], [80.69172838206435, 27.219737436082017], [80.69071515114169, 27.219741880052354], [80.6897019211755, 27.219746317504033], [80.68868869113794, 27.21975074844155], [80.68666222982135, 27.219759590778477], [80.68564899854255, 27.219764002177904], [80.68463576822069, 27.219768407058694], [80.68362253782801, 27.21977280542527], [80.68260930633683, 27.219777197282152], [80.68159607580284, 27.21978158262043], [80.67957450062694, 27.22069615922364], [80.67755776879777, 27.222516533523727], [80.67654451605272, 27.22252088637153], [80.67553612143288, 27.22343105548523], [80.67452771121644, 27.224341218130288], [80.67351444368813, 27.22434555148859], [80.67250601153636, 27.225255699334692], [80.66947100011902, 27.226174461010213], [80.66744923533271, 27.227088876360476], [80.66644073738875, 27.22799898256304], [80.66542744015747, 27.228003263911802], [80.66340561562635, 27.228917624578], [80.66341038686559, 27.229823442072373], [80.66239707485322, 27.22982770392998], [80.6613932752732, 27.23164359065344], [80.66037994854852, 27.23164783953419], [80.65937136301663, 27.232557895785654], [80.65937610537384, 27.2334637087333], [80.65836276393689, 27.2334679446368], [80.65836749907909, 27.234373757595737], [80.65735887820327, 27.235283798142596], [80.65634552102608, 27.235288021072805], [80.65432822083766, 27.23710806791617], [80.65331484888037, 27.23711227135354], [80.6533195478479, 27.23801807978616], [80.65130215916984, 27.239838082245953], [80.65029344347637, 27.240748071916137], [80.64928471320997, 27.24165805510598], [80.64827596733288, 27.242568029981634], [80.64828063026523, 27.24347383384915], [80.64727186361597, 27.244383800409928], [80.64727651938847, 27.24528960151135], [80.64728117523266, 27.24619540259481], [80.6462723795599, 27.247105359932565], [80.6462770282437, 27.248011158248563], [80.6462816769991, 27.24891695654595], [80.64628632581665, 27.249822752986805], [80.64730445544416, 27.250724391196076], [80.64730911168552, 27.25163018573521], [80.64832259964693, 27.25162602098152], [80.64832726324543, 27.252531814556583], [80.64934543041863, 27.253433436786988], [80.65035893282617, 27.253429258950614], [80.65036361113957, 27.254335050596804], [80.65138180644131, 27.255236656900305], [80.65138649218464, 27.25614244756124], [80.6513958638688, 27.257954025145224], [80.65140054980964, 27.258859812067893], [80.6514099218983, 27.260671384011072], [80.65141460804139, 27.26157716811226], [80.65141929425666, 27.262482952191377], [80.65142398053459, 27.263388734410434], [80.65041507704854, 27.264298700349205], [80.6494014871498, 27.264302878494195], [80.6483878961556, 27.264307050127265], [80.64636071602244, 27.264315373836446], [80.6453471248273, 27.264319525920996], [80.64433353459353, 27.26432367148516], [80.64331994326481, 27.264327810537345], [80.64230635289775, 27.264331943069145], [80.6412927624642, 27.264336069084816], [80.64027917093604, 27.264340188588488], [80.63926558036985, 27.26434430157181], [80.63825198870924, 27.264348408043116], [80.6362293842895, 27.265262383065796], [80.63522035495188, 27.26617224981504], [80.63421131205895, 27.26708210915206], [80.6331976992221, 27.26708618311354], [80.63320225458685, 27.26799196199944], [80.63218863336428, 27.267996029473792], [80.63219318149788, 27.268901806523253], [80.63118409485752, 27.2698116445526], [80.63118863582973, 27.270717419741185], [80.63017952634497, 27.27162724852791], [80.63018406015998, 27.272533022773462], [80.63018859403563, 27.273438795156434], [80.63019312797651, 27.274344566595364], [80.63222956893658, 27.276147991714275], [80.6332478118118, 27.277049693464146], [80.63528891005855, 27.27975883916271], [80.63630720404741, 27.280660516486712], [80.63732551159947, 27.28156218722061], [80.637330097183, 27.28246794997774], [80.63733468283252, 27.283373711788546], [80.63834842667728, 27.283369611307826], [80.63835301969128, 27.284275373065753], [80.63936677179221, 27.284271266038605], [80.64038052279852, 27.28426715249855], [80.64139427476694, 27.284263032437313], [80.64240802564055, 27.284258905863126], [80.65260188157897, 27.29508633720935], [80.65261127365406, 27.296897833489673], [80.65362982934658, 27.29779938109662], [80.6546484006633, 27.298700922098572], [80.65465782246169, 27.300512410673516], [80.6546625334602, 27.301418153075257], [80.6556764220633, 27.301413941287517], [80.65568114042551, 27.30231968271218], [80.65568585886044, 27.303225424104287], [80.65670448778172, 27.30412694524258], [80.6567092136439, 27.305032683786333], [80.65671393957888, 27.305938422296833], [80.65773259884983, 27.306839933952716], [80.6577373322174, 27.307745670532327], [80.65875601241764, 27.308647173691146], [80.65976995911869, 27.308642935623844], [80.6607886621692, 27.30954442471089], [80.66180737878959, 27.31044590719745], [80.66282134090751, 27.310441649519102], [80.66384007934518, 27.31134311701846], [80.6648588323817, 27.312244577912168], [80.66486361723338, 27.31315030766976], [80.66486840215396, 27.31405603647312], [80.66588239325405, 27.31405175913506], [80.6668963832565, 27.314047475283008], [80.66791037421854, 27.3140431849082], [80.66892436408273, 27.314038888019383], [80.66993835387761, 27.314034584612227], [80.67095234463169, 27.314030274682334], [80.67196633428769, 27.314025958238467], [80.67298032387414, 27.314021635276237], [80.6739943144194, 27.314017305791257], [80.67702653867362, 27.31219282030991], [80.6790496019704, 27.31127837152742], [80.68005867500717, 27.31036827175031], [80.68005378090463, 27.309462538611058], [80.68106773344522, 27.309458163636386], [80.68106283212136, 27.308552430489588], [80.68105793086806, 27.30764669638979], [80.68206696128915, 27.30673657900183], [80.68206205288051, 27.305830843023564], [80.68205714453755, 27.304925105174185], [80.68204732807352, 27.303113628456945], [80.68204241994249, 27.302207887751923], [80.68203751188706, 27.301302147014322], [80.68203260390229, 27.300396405325582], [80.68202769598315, 27.299490661767088], [80.6830415681245, 27.2994862740527], [80.68405544122355, 27.299481879816163], [80.68607824812638, 27.2985673283166], [80.68709211371713, 27.298562914554036], [80.68810102665758, 27.297652748981005], [80.68911488481044, 27.29764832221031], [80.69012874186342, 27.29764388892643], [80.6911425988449, 27.29763944912499], [80.69215645678335, 27.297635002801407], [80.69317031362161, 27.297630549964694], [80.69418916571132, 27.298531835743766], [80.69621689464788, 27.298522897422757], [80.69723075952224, 27.29851841848347], [80.69824964786817, 27.299419676185153], [80.69926855081039, 27.300320927282062], [80.70028243005906, 27.300316428734448], [80.70028746936742, 27.301222169931663], [80.70130135481078, 27.301217664843207], [80.70232029415405, 27.302118893427586], [80.70333924912282, 27.30302011540157], [80.70537212571848, 27.30391679768846], [80.70639111606084, 27.30481799715194], [80.7074050302508, 27.304813452845107], [80.70842404344229, 27.305714639151], [80.70944307019266, 27.306615817016485], [80.71045699978362, 27.30661125309508], [80.71248485668764, 27.306602105707576], [80.71247972938777, 27.30569637055563], [80.71349365146136, 27.305691787108408], [80.71450243060872, 27.304781460181122], [80.7165251024281, 27.303866523814516], [80.71651994616548, 27.30296078591926], [80.71752868153631, 27.302050436752392], [80.71753384502587, 27.302956176489722], [80.71855291569518, 27.303857298376183], [80.71855808662427, 27.304763035262923], [80.72059109875859, 27.305659520497503], [80.7205962844292, 27.306565255422967], [80.72161021320501, 27.306560619803413], [80.72263454163388, 27.308367445468473], [80.72365369263751, 27.309268528737338], [80.72365890050224, 27.31017426068457], [80.72366410843665, 27.311079990759456], [80.72366931645129, 27.31198572079946], [80.72468850313555, 27.312886793597645], [80.72469371859201, 27.31379252078217], [80.72571292724815, 27.31469358598644], [80.72673215152231, 27.315594642736848], [80.72774615178855, 27.315589967726737], [80.72775138936268, 27.31649569196134], [80.72877064180342, 27.31739673457359], [80.72978990986282, 27.318297768730954], [80.73080393179535, 27.318293074079097], [80.73181795468084, 27.318288372903975], [80.73283197646182, 27.31828366521505], [80.73283725075645, 27.31918938735836], [80.7338512797593, 27.319184673121974], [80.73487059867581, 27.320085672572993], [80.73588993115949, 27.320986664496143], [80.73690927824465, 27.32188764980513], [80.73792864094939, 27.32278862665715], [80.73894801722197, 27.323689595980266], [80.73996740912541, 27.324590558683283], [80.74098681459165, 27.325491512937983], [80.74201157532154, 27.32729817292881], [80.74302567034985, 27.327293399756762], [80.7430310183867, 27.328199111121634], [80.74304171469677, 27.330010531895667], [80.74304706296999, 27.33091624130434], [80.74305241131479, 27.331821948835437], [80.74305775973659, 27.33272765540749], [80.7430631082408, 27.333633361939075], [80.74306845681657, 27.334539066592363], [80.74307380546935, 27.335444770285946], [80.74409332112008, 27.3363456939587], [80.74409867722672, 27.33725139570275], [80.74511821588302, 27.33815231084269], [80.74512357944398, 27.33905801063629], [80.7461377681051, 27.33905321752982], [80.74715195668891, 27.339048417903918], [80.74817153176286, 27.339949310498056], [80.74919112041388, 27.34085019647619], [80.75020532336555, 27.34084537723283], [80.75122493486323, 27.34174624819819], [80.75224455993296, 27.342647111628033], [80.75325877828084, 27.34264227276185], [80.75427842517969, 27.343543123020435], [80.75430108032668, 27.34356313841756], [80.75361719857027, 27.343472225994635], [80.75033714503984, 27.348215530777026], [80.75005819644123, 27.35148349452749], [80.74807042008027, 27.355972528873313], [80.74504635119189, 27.35147050373257], [80.74362937481243, 27.35114642996839], [80.74178444523317, 27.352418526679912], [80.73692254199851, 27.359126135028735], [80.73562989188581, 27.36378169054395], [80.73798627903224, 27.371153813389572], [80.73719729084225, 27.374832929843894], [80.73794812842327, 27.377815714197016], [80.73539329539709, 27.3792104698965], [80.72932966333296, 27.378177338807188], [80.7251946867869, 27.380920799858647], [80.72457606473122, 27.382981882241275], [80.72642394153684, 27.386579816063396], [80.72809866401357, 27.386907510950117], [80.73714339606782, 27.385390731072665], [80.73857806804864, 27.38692769913928], [80.74236830842275, 27.3868272700276], [80.7457448031985, 27.384674987301622], [80.74737936092374, 27.38689545467064], [80.74492792500078, 27.39012761428776], [80.74617505520075, 27.392124771023582], [80.74797903658568, 27.39296619649791], [80.7517528496888, 27.39138623915829], [80.75894823824854, 27.38620623864891], [80.75954799833272, 27.387926250559897], [80.75645588125377, 27.39157046648827], [80.75414737339548, 27.392849532960433], [80.75932475929456, 27.394864562904516], [80.75624047891583, 27.39982729919984], [80.75913100343209, 27.39985934051094], [80.7608494017115, 27.39800881644239], [80.76424082530392, 27.397454925436303], [80.76506022544, 27.40100222920529], [80.76450622817137, 27.403017118823982], [80.76166377925922, 27.406255961908027], [80.7621281480972, 27.407282812456845], [80.76398966940998, 27.40737949443517], [80.77711953934818, 27.412414864649467], [80.78263582869955, 27.411611210204043], [80.78396636105066, 27.41033661544369], [80.78640760980656, 27.41009015951443], [80.7865718969461, 27.41248750943707], [80.78531040544783, 27.414106288118447], [80.78606652600713, 27.417713493798786], [80.7916598499246, 27.417662516169273], [80.79863286082, 27.415178814180745], [80.80381013612279, 27.417711396774376], [80.80647122510587, 27.419227671422735], [80.80942692134079, 27.419313633686095], [80.81580713883226, 27.42092672106542], [80.81580571141447, 27.420706735174633], [80.81579580584905, 27.41918012033453], [80.81493054342698, 27.41765791911278], [80.8149255960503, 27.41689460968913], [80.81406530196162, 27.41613571129656], [80.81406035989751, 27.41537240045655]], [[80.95631341369676, 26.943797933565556], [80.95552489437952, 26.94310076480815], [80.95474169102353, 26.943105523313548], [80.95473638376919, 26.942403591587205], [80.95394788186566, 26.94170641390288], [80.95315938866888, 26.941009231755295], [80.95236561021325, 26.93961011036862], [80.95157713884169, 26.938912918757037], [80.95079396131105, 26.93891765761568], [80.95078867617646, 26.938215722682823], [80.95078339110061, 26.937513787234998], [80.94999494155343, 26.936816586160646], [80.94920650071232, 26.936119380624127], [80.94920122451865, 26.935417443586413], [80.94919594838363, 26.93471550603419], [80.94841279679505, 26.934720233050605], [80.94762437675169, 26.934023018059214], [80.94683596643955, 26.933325798600087], [80.94526442606876, 26.93263328602102], [80.94525917193194, 26.931931346297844], [80.944476037462, 26.93193605371498], [80.9436929029337, 26.931940757230414], [80.94212663370222, 26.931950152556553], [80.94133826668408, 26.931252904016638], [80.94055513627559, 26.93125759190301], [80.9397720058089, 26.931262275887825], [80.93898887528414, 26.93126695597104], [80.93820574470136, 26.931271632152644], [80.93742261406062, 26.931276304432643], [80.93663948336194, 26.93128097281108], [80.93585635260538, 26.931285637287907], [80.93350177125845, 26.930597666218887], [80.93193033796327, 26.92990501836478], [80.93114721556573, 26.92990965938722], [80.93035892190564, 26.929212354301118], [80.9280095672533, 26.929226242187305], [80.92722644892112, 26.92923086367961], [80.92643818114661, 26.92853353843826], [80.92565506705247, 26.928538152105222], [80.92487195290106, 26.92854276187061], [80.92408883869251, 26.92854736773449], [80.92330572442685, 26.92855196969688], [80.92252261010415, 26.928556567757695], [80.92173949572445, 26.928561161917017], [80.9209563812878, 26.92856575217477], [80.92017326679424, 26.928570338531024], [80.9186070376366, 26.928579499538902], [80.91782392297263, 26.928584074190546], [80.91704080825195, 26.928588644940646], [80.91625260072878, 26.92789126815559], [80.91468637868373, 26.927900390110096], [80.91468129469936, 26.927198445919093], [80.91389818845728, 26.927203001019112], [80.91311000693555, 26.926505607469355], [80.91310493176886, 26.925803662207993], [80.91231676336051, 26.925106263664734], [80.91231169265888, 26.92440431735543], [80.9123066220136, 26.923702370533327], [80.91151847112681, 26.923004966462447], [80.91073032894423, 26.922307557933706], [80.91072526717211, 26.921605609529962], [80.90993713810191, 26.920908196009236], [80.90914901773563, 26.92021077803116], [80.90914396483609, 26.919508828046773], [80.90836090607318, 26.919513355595864], [80.90835585758165, 26.91881140507756], [80.90835080914626, 26.918109454047247], [80.90756271500332, 26.917412026087405], [80.90677462956386, 26.916714593670903], [80.9067695900001, 26.91601264106172], [80.90676455049235, 26.91531068794105], [80.90675951104062, 26.914608734308967], [80.9067494323052, 26.913204825510917], [80.9067443930215, 26.9125028703452], [80.90673431461555, 26.911098957561737], [80.9067292754999, 26.910397000863394], [80.90672423644023, 26.909695043654384], [80.90671415848894, 26.90829112770478], [80.90670911959731, 26.90758916896445], [80.90748706131092, 26.9068826903603], [80.90748201818032, 26.906180730621426], [80.90747697510575, 26.90547877037259], [80.90825489952765, 26.904772286424823], [80.90824985221435, 26.904070325178107], [80.90902776363987, 26.903363836375547], [80.90902271208805, 26.9026618741314], [80.90901766059234, 26.901959911377844], [80.90901260915281, 26.901257948114903], [80.9090075577694, 26.900555984342702], [80.90900250644215, 26.89985402006138], [80.90899745517102, 26.899152055270967], [80.90820947572746, 26.898454616864736], [80.908204428919, 26.89775265103475], [80.9074164625827, 26.897055207644602], [80.90663354294276, 26.89705972669253], [80.90662850494708, 26.896357759801507], [80.90584558960141, 26.896362274926936], [80.90505764496064, 26.895664818708525], [80.90426970902033, 26.8949673580375], [80.90348680220745, 26.894971861417368], [80.90270389533879, 26.89497636089663], [80.90192098841439, 26.894980856475225], [80.90113808143428, 26.894985348153188], [80.90035517439853, 26.89498983593053], [80.89957226730718, 26.894994319807243], [80.89878936016034, 26.894998799783327], [80.89800645295793, 26.89500327585875], [80.89722853138124, 26.89570971620208], [80.89644561971777, 26.895714184497827], [80.89566768503498, 26.8964206165962], [80.89567266212637, 26.89712258379098], [80.89567763927306, 26.897824550477154], [80.89568261647509, 26.898526516654602], [80.8956875937324, 26.89922848232318], [80.89569257104506, 26.89993044748287], [80.89491957925866, 26.90133883694188], [80.89492455238661, 26.902040800595657], [80.89492952556982, 26.902742763740058], [80.89493449880831, 26.90344472637496], [80.89493947210208, 26.904146688500308], [80.89494444545112, 26.904848650115934], [80.89416644611788, 26.90555506811702], [80.89417141522652, 26.906257028734487], [80.89339340289568, 26.906963441879277], [80.8926153818628, 26.90766985065601], [80.89105436176554, 26.908380696441892], [80.89027137134826, 26.908385133918298], [80.88871032922033, 26.909095955895065], [80.88792733428708, 26.90910038168984], [80.88714433929898, 26.909104803583624], [80.88714926952308, 26.909806761842813], [80.88637119605663, 26.910513137626847], [80.88558819225653, 26.910517551761263], [80.88559311388765, 26.911219509041874], [80.88325390643013, 26.912636642178196], [80.88247579374693, 26.91334299660513], [80.8809195412463, 26.914755692355225], [80.88014140245403, 26.915462033672334], [80.88014629400664, 26.916163987523888], [80.87936325495853, 26.91616837061917], [80.8785899817176, 26.91757665606625], [80.87781181251785, 26.91828298378141], [80.87703363461448, 26.91898930712565], [80.87625057794232, 26.918993674700445], [80.87546752121604, 26.918998038373964], [80.87468446443566, 26.919002398146183], [80.87390140760125, 26.919006754017094], [80.87311835071294, 26.91901110598672], [80.8723352937706, 26.91901545405506], [80.87155223677438, 26.91901979822214], [80.87076917972432, 26.919024138487895], [80.87076434017625, 26.9183221864304], [80.86998128742422, 26.91832652277398], [80.86919340382778, 26.917628902604978], [80.86840552893487, 26.916931277981202], [80.86840070260328, 26.916229324325673], [80.86761766274542, 26.91623364890277], [80.86761284081912, 26.915531694714836], [80.8668298052593, 26.91553601536983], [80.8652589251612, 26.91484269021426], [80.86525411639677, 26.914140734941007], [80.86447108937962, 26.914145043850798], [80.86368806230907, 26.914149348859407], [80.86290503518516, 26.914153649966906], [80.86290023952871, 26.913451694120027], [80.86211721670303, 26.913455991305582], [80.86055117089192, 26.913464573973272], [80.85975859156513, 26.912064946062582], [80.85897557722959, 26.912069227602213], [80.85897080348364, 26.911367269199527], [80.85740478335627, 26.911375820534165], [80.8566170125804, 26.910678132293647], [80.85582925050714, 26.90998043960011], [80.85504624896078, 26.90998470157246], [80.8542632473616, 26.90998895964374], [80.85347550258771, 26.90929125465419], [80.85269250523429, 26.90929550490284], [80.85190477346134, 26.90859779153916], [80.85033406158176, 26.907904312227714], [80.84876808380629, 26.90791277753397], [80.84876336694906, 26.907210816720152], [80.84798038130842, 26.907215043506902], [80.84719739664074, 26.907219266387116], [80.8464144119208, 26.907223485366355], [80.84563142714852, 26.90722770044461], [80.84484844232401, 26.907231911621917], [80.8440654574473, 26.907236118898204], [80.84406076674877, 26.90653415745201], [80.84327778617099, 26.90653836080703], [80.84249012359673, 26.9058405982643], [80.84248544170437, 26.905138635757556], [80.84248075986406, 26.904436672740946], [80.84247607807578, 26.90373470921461], [80.84247139633952, 26.903032745178685], [80.84167908279721, 26.901633010989592], [80.84167440556774, 26.900931045405194], [80.84166972839023, 26.900229079311636], [80.84244798843876, 26.899522917358578], [80.84323092556079, 26.89951871810741], [80.84401386263073, 26.89951451495546], [80.84479210517294, 26.898808340872375], [80.84557033901416, 26.898102162420276], [80.84634856415451, 26.897395979599416], [80.84713148796418, 26.897391760905553], [80.84791441172162, 26.897387538310966], [80.84869733645196, 26.897383311810117], [80.848692620381, 26.896681343355375], [80.8494755396833, 26.896677112979802], [80.84947081931445, 26.895975144036985], [80.85025373421398, 26.89597090978117], [80.85103192004405, 26.895264702214355], [80.85102719107967, 26.894562732295725], [80.85102246216783, 26.893860761868908], [80.85101773330855, 26.893158790933953], [80.85101300450184, 26.89245681949111], [80.85100827574766, 26.891754847540287], [80.85179116444124, 26.891750605606127], [80.85178643138964, 26.891048633168037], [80.85178169839065, 26.89034666022233], [80.85255510379181, 26.88893846705567], [80.85255036660081, 26.888236492608087], [80.85254562946245, 26.887534517653343], [80.85332849195167, 26.887530268041303], [80.85411135438818, 26.88752601452883], [80.85488946663719, 26.886819781715676], [80.85488471655522, 26.886117805808436], [80.85410186287076, 26.88612206318016], [80.85330952652623, 26.884722363234186], [80.85330478530159, 26.884020385765368], [80.85252194456032, 26.884024635274713], [80.85251720773782, 26.883322657278793], [80.85251247096795, 26.88262067877639], [80.85172963887288, 26.882624924344302], [80.85094207870671, 26.881927186962077], [80.85014980366878, 26.88052746413038], [80.85014508015706, 26.87982548354163], [80.84936226530151, 26.879829717326672], [80.8485747356326, 26.87913196607589], [80.84857002092407, 26.87842998443447], [80.84778250332978, 26.877732228216082], [80.84777779307504, 26.877030245542873], [80.84699028960526, 26.8763324843464], [80.84698558380411, 26.875630500641904], [80.84620279483342, 26.875634718703587], [80.84619809343343, 26.874932734473354], [80.8461886907902, 26.87352876449751], [80.84618398954694, 26.872826778752064], [80.84617928835593, 26.87212479250175], [80.84617458721715, 26.8714228057467], [80.8461698861306, 26.870720818487005], [80.84615578318436, 26.868614853681205], [80.84693852866853, 26.868610635823533], [80.84693382344253, 26.86790864656677], [80.8469291182688, 26.86720665680588], [80.84691970807819, 26.865802675772255], [80.8469150030613, 26.865100684499733], [80.84691029809669, 26.864398692723537], [80.84690559318436, 26.863696700443768], [80.84690088832429, 26.86299470766053], [80.8468961835165, 26.862292714374057], [80.84689147876098, 26.86159072058424], [80.84688677405774, 26.860888726291325], [80.84688206940676, 26.860186731495396], [80.84687736480805, 26.85948473619652], [80.84687266026161, 26.858782740394865], [80.84686325132556, 26.85737874728357], [80.84685854693592, 26.856676749974152], [80.84684913831344, 26.855272753848308], [80.84683972990003, 26.85386875571387], [80.84683502577171, 26.853166755893643], [80.8468162097749, 26.850358750676367], [80.84680680209311, 26.848954745518498], [80.84679269096236, 26.846848734023137], [80.84677858030189, 26.84474271802005], [80.84676917345615, 26.84333870484845], [80.84675976681943, 26.841934689675607], [80.84675506357944, 26.84123268133896], [80.8467503603917, 26.840530672502325], [80.84674095417293, 26.839126653329487], [80.84673154816315, 26.837722632158048], [80.84751410231178, 26.837718411299424], [80.84829194581383, 26.837012175242084], [80.84906977959864, 26.83630593483279], [80.84906506373808, 26.835603922560573], [80.84984760469106, 26.835599690066143], [80.85063014559161, 26.835595453672635], [80.85062542109121, 26.83489344094236], [80.85140795759317, 26.83488920067033], [80.85218576090254, 26.834182943311035], [80.85296355551985, 26.83347668159498], [80.85295408081076, 26.832072652765625], [80.85372711658073, 26.830664370096297], [80.85450013512552, 26.82925608161702], [80.85449538936903, 26.82855406450234], [80.85449064366526, 26.8278520468896], [80.8544858980142, 26.827150028778938], [80.85448115241586, 26.826448010170438], [80.85447640687022, 26.825745991064228], [80.85447166137729, 26.82504397146041], [80.85446691593707, 26.824341951359067], [80.85446217054957, 26.823639930760343], [80.85445742521476, 26.822937909664333], [80.85445267992645, 26.82223588715182], [80.855230388369, 26.821529605686475], [80.85522563884716, 26.820827583119872], [80.85522088937809, 26.82012556005642], [80.85521613996175, 26.819423536496224], [80.85521139059819, 26.818721512439375], [80.85520189202929, 26.817317462836186], [80.85519714282395, 26.8166154372901], [80.85519239367136, 26.815913411247784], [80.85518764457153, 26.815211384709396], [80.85518289552444, 26.814509357675004], [80.85517339758847, 26.813105302118622], [80.85594629265506, 26.81169698159506], [80.85672392792154, 26.810990685240778], [80.85749679278811, 26.80958235409284], [80.85827917238785, 26.80957807947527], [80.8582744063854, 26.808876048559622], [80.85826964043589, 26.808174017148943], [80.8582648745393, 26.80747198524336], [80.85825534290491, 26.806067919947857], [80.8590281606199, 26.804659574303326], [80.85980096111777, 26.803251222866113], [80.85979618690389, 26.80254918754071], [80.86057852290378, 26.802544901435887], [80.8613608588506, 26.802540611432917], [80.86213840755194, 26.801834281774784], [80.86292073904865, 26.801829983996356], [80.86369827466538, 26.80112364611047], [80.86604044684007, 26.800408681114178], [80.86681795628775, 26.79970232677372], [80.86760027443327, 26.799698005669317], [80.86838259252531, 26.799693680666795], [80.86994239813262, 26.798982981444702], [80.87072471172024, 26.79897864476902], [80.8715021862046, 26.798272266220955], [80.8722844953412, 26.798267921770186], [80.87306680442396, 26.79826357342141], [80.87384426142651, 26.797557182770134], [80.87540400997624, 26.79684642776923], [80.87617658031252, 26.79543798472272], [80.8777314161361, 26.79402516428132], [80.87928133520982, 26.79191028332834], [80.88005871843016, 26.791203857418083], [80.88083609296439, 26.790497427160208], [80.88239081699919, 26.78908455359655], [80.88317306891643, 26.789080154850623], [80.88395041299543, 26.788373707674513], [80.88473266046084, 26.788369301154383], [80.8855149078717, 26.788364890736524], [80.88629223447022, 26.787658431460734], [80.88785179094442, 26.786947545770055], [80.88862909577432, 26.786241073924863], [80.8901935639376, 26.78623221034264], [80.89174812995098, 26.78481923810897], [80.89330762073628, 26.784108296207148], [80.89408984148771, 26.784103843043447], [80.89487206218404, 26.7840993859821], [80.89643650341112, 26.784090460166396], [80.8972187239418, 26.784085991412056], [80.89800094441718, 26.784081518760114], [80.8987831648371, 26.78407704221048], [80.89878815480314, 26.78477908928302], [80.89957037951032, 26.78477460881399], [80.90035760286875, 26.785472170984985], [80.90036260163095, 26.786174217031252], [80.90114483491249, 26.78616972872338], [80.90114983807291, 26.786871774256323], [80.90193708320037, 26.787569327048462], [80.90194209081474, 26.788271371576258], [80.90194709848471, 26.788973415612155], [80.90195210621029, 26.7896754591561], [80.90273436109477, 26.789670962943706], [80.9027393732189, 26.790373005973784], [80.90352664891353, 26.79107054835783], [80.9043139332942, 26.791768086307993], [80.90510122636105, 26.792465619824245], [80.90588349839477, 26.79246110793313], [80.90667080444177, 26.79315863401479], [80.90824039972092, 26.79385163111413], [80.90980496065762, 26.79384257216311], [80.91058724104185, 26.793838036840707], [80.91136952136993, 26.79383349762039], [80.91215180164184, 26.7938289545022], [80.9129340818575, 26.793824407486056], [80.9137163620168, 26.793819856572043], [80.91449864314426, 26.793815301754147], [80.9152809231909, 26.79381074304429], [80.91606320318112, 26.79380618043653], [80.91841004281272, 26.793792469225817], [80.9207619942874, 26.79448076250244], [80.92154427822447, 26.794476172587064], [80.9238962594772, 26.795164418439924], [80.92547111263518, 26.796559279887934], [80.92625855224433, 26.797256703958226], [80.92704085315607, 26.797252086667836], [80.9270460005404, 26.797954123592554], [80.92782830573843, 26.79794950238172], [80.92861576700777, 26.798646913659383], [80.92940323696416, 26.799344320500655], [80.93018555067749, 26.799339687550848], [80.93096786433347, 26.799335050703014], [80.9317553515495, 26.80003244526668], [80.93253766943421, 26.80002780060017], [80.93331998726143, 26.800023152035614], [80.93332516962366, 26.800725186806428], [80.93410749173698, 26.800720534321243], [80.9348898137927, 26.800715877937968], [80.93567213579077, 26.80071121765661], [80.93645445773114, 26.80070655347713], [80.93880142320563, 26.80069253755025], [80.94036606656584, 26.800683174108578], [80.94193070969419, 26.800673795074548], [80.94349535259022, 26.800664400448177], [80.94427767395098, 26.8006596972879], [80.94505999525353, 26.80065499022949], [80.94584231649779, 26.80065027927302], [80.94662463768374, 26.800645564418446], [80.94740695983577, 26.800640845659633], [80.94818928090494, 26.800636123008918], [80.94897160191562, 26.800631396460084], [80.9497539228678, 26.80062666601322], [80.95053624376142, 26.80062193166823], [80.95131328233045, 26.799915159178088], [80.95209031221219, 26.79920838234218], [80.95208502572001, 26.798506347130818], [80.95286204262995, 26.79779956547893], [80.95363375585013, 26.796390742836387], [80.95441075110179, 26.795683952023957], [80.95440545187324, 26.79498191441558], [80.95518773766682, 26.79497715686673], [80.95596471554533, 26.794270357364866], [80.9559594077481, 26.793568318816927], [80.95674168473741, 26.793563553518453], [80.95673637265598, 26.79286151450097], [80.95673106062658, 26.792159474071564], [80.95750801256418, 26.791452664942017], [80.95828495581571, 26.790745851468614], [80.95827963528434, 26.790043810527727], [80.95906189038134, 26.79003903365147], [80.9598388162611, 26.789332211490695], [80.96062106689688, 26.78932742684207], [80.96140331747345, 26.789322638295637], [80.96218556799073, 26.789317845851446], [80.96296781844872, 26.789313049509474], [80.9637500688473, 26.789308249269727], [80.9645323191865, 26.789303445132195], [80.96531456946622, 26.789298637096945], [80.9653092099674, 26.788596595381115], [80.9660914558447, 26.788591783471407], [80.96687370166251, 26.78858696766391], [80.96765594742071, 26.788582147958735], [80.96765057495304, 26.787880105821035], [80.96998652802847, 26.786461537779026], [80.97076876051955, 26.786456702553192], [80.97155099295078, 26.786451863429665], [80.97311005494632, 26.785740130040963], [80.97389228285508, 26.78573527924791], [80.97466909939142, 26.785028380664187], [80.97544590724264, 26.784321477738605], [80.97622812628602, 26.78431661529971], [80.9777925641922, 26.78430687872904], [80.97856935015024, 26.783599959839673], [80.97935156461013, 26.78359508183394], [80.98013378003391, 26.783590199924173], [80.980915994373, 26.783585314123197], [80.98169820865164, 26.78358042442461], [80.98248042286976, 26.783575530828426], [80.98404485112422, 26.783565731943163], [80.98482706516049, 26.78356082665412], [80.98639149305086, 26.783551004383238], [80.98717370690487, 26.78354608740138], [80.98873813443025, 26.78353624174485], [80.98952034810154, 26.783531313070178], [80.98952584180091, 26.784233357494625], [80.99109578009079, 26.784925532289837], [80.991883509113, 26.785622635244366], [80.99267124682031, 26.7863197337618], [80.99345899321294, 26.787016827841953], [80.99424674829098, 26.78771391748469], [80.99425226841291, 26.788415958816056], [80.99425778859613, 26.789117999655545], [80.99426330884064, 26.789820040002994], [80.99427434951359, 26.79122411922136], [80.994279869942, 26.791926158092124], [80.99429091098997, 26.793330235275498], [80.9942964316023, 26.79403227266855], [80.99430195227592, 26.794734309568817], [80.99430747301086, 26.795436345976217], [80.99431299380709, 26.796138381890653], [80.99431851466463, 26.796840417311948], [80.99432403558349, 26.797542452240066], [80.99432955656364, 26.798244486674868], [80.99433507760511, 26.79894652061622], [80.9943405987079, 26.799648554064078], [80.99512291184008, 26.79964359755316], [80.99512843734774, 26.800345630483335], [80.99513396291677, 26.801047662919746], [80.99513948854717, 26.80174969486229], [80.99592181464885, 26.801744734381145], [80.99592734468432, 26.80244676580568], [80.9959328747812, 26.803148796736195], [80.99672074401107, 26.80384586272102], [80.99672627857464, 26.804547892638972], [80.99673181319967, 26.805249922062515], [80.99673734788618, 26.805951950991552], [80.997519699928, 26.805946982569694], [80.99752523901999, 26.806649010980017], [80.99753077817347, 26.807351038895643], [80.99831868240095, 26.808048093924015], [80.99832422602161, 26.80875012082579], [80.9991121433431, 26.809447170893577], [80.99990006935303, 26.810144216519674], [80.99990562184699, 26.810846241887727], [80.9999111744026, 26.811548266760383], [81.00069911791311, 26.81224530690544], [81.00149263154205, 26.813644365945787], [81.00227503100072, 26.81363937386849], [81.00385097884435, 26.815033423061013], [81.00463338680653, 26.81502841923997], [81.00542137804477, 26.8157254332492], [81.00620379022759, 26.815720421606986], [81.00620937797228, 26.816422442815274], [81.00699738658919, 26.817119447938037], [81.00777980733716, 26.817114428450207], [81.0077854038955, 26.81781644861732], [81.00856782892615, 26.817811425206617], [81.0093502538946, 26.81780639789742], [81.0101382884557, 26.818503386287272], [81.01014389817294, 26.819205405388296], [81.00936146457708, 26.819210436644802], [81.0085846320087, 26.819917482655843], [81.00780219394348, 26.819922506139495], [81.00702534827819, 26.820629543929655], [81.00624849392285, 26.82133657737288], [81.00625408217138, 26.822038595527665], [81.00547163088478, 26.822043607388473], [81.00547721484295, 26.822745624151157], [81.00470033882426, 26.8234526484273], [81.00470591856127, 26.824154664219737], [81.00392902956897, 26.82486168367522], [81.00314656071573, 26.824866683937035], [81.0031521318861, 26.825568698782977], [81.00236965862568, 26.825573695170284], [81.00080471191943, 26.825583676248673], [81.00002779232452, 26.826290675384808], [80.99846283655727, 26.82630063311902], [80.99768035858125, 26.82630560613801], [80.9961154024446, 26.826315540479698], [80.99612093463013, 26.827017554547485], [80.9953384521242, 26.827022515894225], [80.99455596955687, 26.827027473342188], [80.9937734869282, 26.827032426891382], [80.99299100423822, 26.8270373765418], [80.99220852148706, 26.82704232229344], [80.99143154484884, 26.82774927786016], [80.99064905762978, 26.827754215838155], [80.99065455951965, 26.82845622907794], [80.9898775654994, 26.829163175946686], [80.9890950694671, 26.8291681061749], [80.98910056278798, 26.82987011846619], [80.98831806234905, 26.829875044819424], [80.98832355138529, 26.8305770566363], [80.9883290404825, 26.831279067954828], [80.98833452964068, 26.831981078774756], [80.98834001885983, 26.832683089096157], [80.98834550813996, 26.83338509891883], [80.98835099748106, 26.834087108242635], [80.98914451155174, 26.83548619884929], [80.98993254491236, 26.83618327618508], [80.99071508434184, 26.836178341819053], [80.99072058696512, 26.836880349074853], [80.99151414480183, 26.838279423751413], [80.99230220864654, 26.83897648722503], [80.99309579715158, 26.84037555093804], [80.99387836241351, 26.8403706008321], [80.99388388278906, 26.841072604994306], [80.99466645233605, 26.84106765096522], [80.99467197711934, 26.841769654603404], [80.994677501964, 26.84247165774146], [80.99546008014251, 26.842466699765207], [80.99624265825958, 26.842461737889785], [80.99702523631518, 26.842456772115145], [80.99780781430925, 26.842451802441328], [80.99859039224178, 26.842446828868336], [81.00015554792192, 26.842436870024745], [81.0009436853476, 26.843133887199414], [81.00172626737987, 26.843128898005492], [81.00250884935033, 26.84312390491237], [81.00407401310564, 26.84311390702849], [81.00485659489038, 26.84310890223775], [81.00563917661313, 26.843103893547756], [81.00642175827382, 26.843098880958618], [81.00720433987242, 26.843093864470276], [81.00798692140879, 26.843088844082683], [81.00955208429504, 26.843078791609948], [81.01033466564475, 26.843073759524724], [81.01190544874873, 26.843765685261747], [81.01269365925847, 26.844462642534673], [81.01348187846146, 26.84515959535892], [81.0142701073826, 26.845856543727777], [81.01505270574398, 26.845851488149467], [81.01584094661781, 26.846548428152186], [81.01584658925556, 26.84725042713162], [81.01662919618515, 26.84724536370573], [81.01741745444609, 26.84794229480997], [81.01820006559699, 26.847937223560905], [81.01820572140073, 26.848639221464694], [81.01899399704917, 26.849336143669728], [81.01978228139141, 26.85003306142501], [81.0197879460777, 26.850735057775733], [81.02057624353142, 26.85143197147412], [81.02058191269069, 26.852133966797126], [81.02136454967192, 26.852128879802997], [81.02137022324132, 26.852830874599643], [81.0213815705692, 26.85423486268736], [81.02139291814923, 26.8556388487668], [81.02139859203379, 26.856340841053182], [81.02062159856904, 26.857047920003698], [81.01983893109369, 26.857053003270607], [81.01984459640933, 26.85775499460138], [81.01906758555465, 26.858462064845998], [81.01907324664859, 26.859164055196068], [81.01829056600475, 26.859169130737495], [81.01751353775961, 26.859876192275646], [81.01673650081914, 26.860583249460287], [81.01595945518321, 26.861290302291245], [81.01596509913756, 26.861992290727482], [81.01597074315463, 26.862694278660523], [81.01519368025285, 26.863401326179993], [81.01519932004739, 26.86410331313069], [81.01521059982446, 26.865507285521286], [81.01521623980699, 26.86620927096096], [81.01522187985218, 26.866911255896763], [81.01522751996004, 26.867613240328517], [81.01523316013056, 26.86831522425617], [81.01523880036376, 26.869017207679605], [81.01524444065963, 26.869719190598744], [81.01525008101814, 26.870421173013412], [81.01525572143935, 26.87112315492359], [81.01526136192322, 26.871825136329086], [81.01526700246978, 26.87252711722981], [81.01527264307902, 26.873229097625707], [81.01606105595663, 26.873926017059663], [81.01606670103986, 26.874627996421], [81.01685512702619, 26.875324910871107], [81.01686077658364, 26.876026889197465], [81.01764356171, 26.876021820866878], [81.01764921567903, 26.87672379866335], [81.0176548697109, 26.87742577595427], [81.01766052380557, 26.87812775273961], [81.0176661779631, 26.878829729019195], [81.01767183218344, 26.87953170479297], [81.0184602976237, 26.88022860768292], [81.01846595632621, 26.880930583339353], [81.01847727390505, 26.882334531295214], [81.01926576127967, 26.883031428137425], [81.01927142457559, 26.883733400824838], [81.01927708793444, 26.884435373005626], [81.01928275135622, 26.8851373446797], [81.01928841484093, 26.885839315846965], [81.01929407838857, 26.88654128650737], [81.01929974199916, 26.887243256660714], [81.0193054056727, 26.887945226306936], [81.01931106940916, 26.888647195445877], [81.01931673320857, 26.889349164077558], [81.0193280609962, 26.89075309981831], [81.0185508442989, 26.891460143597953], [81.0177792743162, 26.892869149160664], [81.01700203593231, 26.893576183738197], [81.0162191420085, 26.89358124878083], [81.01622478884845, 26.894283213955994], [81.01544753306449, 26.894990239814], [81.01545317567984, 26.895692203997115], [81.01467026858035, 26.89569726131195], [81.0138929943707, 26.89640427845635], [81.0131157124859, 26.897111291233767], [81.01312134223859, 26.897813253964493], [81.01234404736557, 26.898520261897], [81.01156674379189, 26.899227265468706], [81.01157798633352, 26.900631187465386], [81.01158360769804, 26.901333147700026], [81.01080628255949, 26.90204014545622], [81.01002894871976, 26.90274713885084], [81.01003456157042, 26.903449097605915], [81.0092516061788, 26.903454127883784], [81.00847985921037, 26.904863070339154], [81.00848546354656, 26.905565027613548], [81.00849106794506, 26.906266984378046], [81.00849667240584, 26.906968940632506], [81.00850788151428, 26.908372851610768], [81.00851348616192, 26.90907480633438], [81.00851909087187, 26.90977676054752], [81.00852469564411, 26.910478714250033], [81.00853030048599, 26.91118066836103], [81.00853590538283, 26.911882621042043], [81.00854151034196, 26.91258457321213], [81.00854711536338, 26.91328652487119], [81.00855272044711, 26.913988476019064], [81.00855832559314, 26.914690426655742], [81.00856393080147, 26.915392376781014], [81.00934696022398, 26.915387349991217], [81.00935256984614, 26.916089299580804], [81.0101412175939, 26.916786217919235], [81.0101468316924, 26.917488166461247], [81.01093549255742, 26.918185079802154], [81.01094111113242, 26.918887027296194], [81.01251284039772, 26.91957889309849], [81.01251846780126, 26.920280839519748], [81.01330152737319, 26.920275793053627], [81.0140845868825, 26.920270742686217], [81.0140902230523, 26.92097268854652], [81.01487328787628, 26.920967634246825], [81.01566199654839, 26.92166452135159], [81.01566764154741, 26.922366466138232], [81.01567328660919, 26.923068410412387], [81.0156789317337, 26.923770354173904], [81.01568457692096, 26.92447229742267], [81.01569586748377, 26.925876182381483], [81.0157015128593, 26.92657812409131], [81.01492405539287, 26.927285123702124], [81.01492969654157, 26.927987064409916], [81.014157861977, 26.92939599887758], [81.01337474588975, 26.92940104956194], [81.0133803785216, 26.930102988777957], [81.01259725801927, 26.93010803558513], [81.0126028863612, 26.930809974311778], [81.01181976144373, 26.93081501724179], [81.01103663646377, 26.9308200562702], [81.01025912676806, 26.931527029682858], [81.00947599731062, 26.931532060932405], [81.00869286779078, 26.931537088280443], [81.00790973820871, 26.931542111726888], [81.00712660856428, 26.931547131271735], [81.00556034908878, 26.93155715865671], [81.0047772192578, 26.93156216649679], [81.00399408936474, 26.93156717043532], [81.00321095940964, 26.931572170472272], [81.00242225757175, 26.93087522807991], [81.00163356443902, 26.93017828122388], [81.00083931708124, 26.928779389787312], [81.000833754213, 26.928077449156675], [81.00004508731871, 26.92738049229886], [80.9992564291291, 26.926683530978195], [80.99846223007981, 26.92528462243899], [80.99689050678734, 26.924592620240496], [80.99610188341546, 26.92389564106992], [80.9945357179604, 26.923905558683884], [80.99375263514068, 26.923910511638816], [80.99296955225965, 26.92391546069235], [80.99218646931718, 26.923920405844505], [80.99140338631342, 26.92392534709528], [80.9906203032484, 26.923930284444673], [80.98827654654959, 26.924647017176806], [80.9874934588879, 26.924651938944443], [80.985938243178, 26.92606565756365], [80.9843775213042, 26.926777416555733], [80.98281131919754, 26.92678721731745], [80.98203913469143, 26.92819599579202], [80.98125602478162, 26.928200886466456], [80.98047836349105, 26.92890771449583], [80.98048381325692, 26.92960965523232], [80.97970069452097, 26.9296145381509], [80.9789230168459, 26.930321357437894], [80.97814533046571, 26.931028172356687], [80.97736763538032, 26.93173498290711], [80.9765899315896, 26.932441789088926], [80.97580679514103, 26.932446652593686], [80.97581221909348, 26.933148590902036], [80.97503449789185, 26.933855388346224], [80.97503991761207, 26.934557325649564], [80.97426218341221, 26.93526411823372], [80.97348444050655, 26.935970906448475], [80.97270668889499, 26.936677690293763], [80.97192352602828, 26.936682534430744], [80.97192892857741, 26.937384469769384], [80.97193433118662, 26.938086404593214], [80.97115655786989, 26.938793179207362], [80.97116195624604, 26.939495113024567], [80.9711673546822, 26.94019704632658], [80.97117275318544, 26.940898980032493], [80.97117815174164, 26.94160091230384], [80.97118355035785, 26.942302844059782], [80.97040035254552, 26.942307680579944], [80.97040574686832, 26.943009611843568], [80.97041114125112, 26.943711542591473], [80.97041653569389, 26.944413472823584], [80.96963332476119, 26.9444183055118], [80.96885549956417, 26.945125064060868], [80.96886627133506, 26.94652892203826], [80.96808304722171, 26.946533746992408], [80.96729982304855, 26.946538568044588], [80.96651659881566, 26.94654338519475], [80.96573337452298, 26.946548198442947], [80.96495015017061, 26.946553007789095], [80.96416692575859, 26.94655781323327], [80.96338370128699, 26.94656261477546], [80.96260047675584, 26.946567412415625], [80.96103402751514, 26.946576995989968], [80.96025080280565, 26.946581781924174], [80.95946224436543, 26.945884634947635], [80.95867902389097, 26.94588941305476], [80.95867369463248, 26.945187483506952], [80.95710194172104, 26.944495097859242], [80.95631341369676, 26.943797933565556]]]}}, {"type": "Feature", "properties": {"pc_name": "Lucknow", "pc_code": 35, "office": "MP"}, "geometry": {"type": "Polygon", "coordinates": [[[80.96885549956417, 26.945125064060868], [80.96963332476119, 26.9444183055118], [80.97041653569389, 26.944413472823584], [80.97041114125112, 26.943711542591473], [80.97040574686832, 26.943009611843568], [80.97040035254552, 26.942307680579944], [80.97118355035785, 26.942302844059782], [80.97117815174164, 26.94160091230384], [80.97117275318544, 26.940898980032493], [80.9711673546822, 26.94019704632658], [80.97116195624604, 26.939495113024567], [80.97115655786989, 26.938793179207362], [80.97193433118662, 26.938086404593214], [80.97192892857741, 26.937384469769384], [80.97192352602828, 26.936682534430744], [80.97270668889499, 26.936677690293763], [80.97348444050655, 26.935970906448475], [80.97426218341221, 26.93526411823372], [80.97503991761207, 26.934557325649564], [80.97503449789185, 26.933855388346224], [80.97581221909348, 26.933148590902036], [80.97580679514103, 26.932446652593686], [80.9765899315896, 26.932441789088926], [80.97736763538032, 26.93173498290711], [80.97814533046571, 26.931028172356687], [80.9789230168459, 26.930321357437894], [80.97970069452097, 26.9296145381509], [80.98048381325692, 26.92960965523232], [80.98047836349105, 26.92890771449583], [80.98125602478162, 26.928200886466456], [80.98203913469143, 26.92819599579202], [80.98281131919754, 26.92678721731745], [80.9843775213042, 26.926777416555733], [80.985938243178, 26.92606565756365], [80.9874934588879, 26.924651938944443], [80.98827654654959, 26.924647017176806], [80.9906203032484, 26.923930284444673], [80.99140338631342, 26.92392534709528], [80.99218646931718, 26.923920405844505], [80.99296955225965, 26.92391546069235], [80.99375263514068, 26.923910511638816], [80.9945357179604, 26.923905558683884], [80.99610188341546, 26.92389564106992], [80.99689050678734, 26.924592620240496], [80.99846223007981, 26.92528462243899], [80.9992564291291, 26.926683530978195], [81.00004508731871, 26.92738049229886], [81.000833754213, 26.928077449156675], [81.00083931708124, 26.928779389787312], [81.00163356443902, 26.93017828122388], [81.00242225757175, 26.93087522807991], [81.00321095940964, 26.931572170472272], [81.00399408936474, 26.93156717043532], [81.0047772192578, 26.93156216649679], [81.00556034908878, 26.93155715865671], [81.00712660856428, 26.931547131271735], [81.00790973820871, 26.931542111726888], [81.00869286779078, 26.931537088280443], [81.00947599731062, 26.931532060932405], [81.01025912676806, 26.931527029682858], [81.01103663646377, 26.9308200562702], [81.01181976144373, 26.93081501724179], [81.0126028863612, 26.930809974311778], [81.01259725801927, 26.93010803558513], [81.0133803785216, 26.930102988777957], [81.01337474588975, 26.92940104956194], [81.014157861977, 26.92939599887758], [81.01492969654157, 26.927987064409916], [81.01492405539287, 26.927285123702124], [81.0157015128593, 26.92657812409131], [81.01569586748377, 26.925876182381483], [81.01568457692096, 26.92447229742267], [81.0156789317337, 26.923770354173904], [81.01567328660919, 26.923068410412387], [81.01566764154741, 26.922366466138232], [81.01566199654839, 26.92166452135159], [81.01487328787628, 26.920967634246825], [81.0140902230523, 26.92097268854652], [81.0140845868825, 26.920270742686217], [81.01330152737319, 26.920275793053627], [81.01251846780126, 26.920280839519748], [81.01251284039772, 26.91957889309849], [81.01094111113242, 26.918887027296194], [81.01093549255742, 26.918185079802154], [81.0101468316924, 26.917488166461247], [81.0101412175939, 26.916786217919235], [81.00935256984614, 26.916089299580804], [81.00934696022398, 26.915387349991217], [81.00856393080147, 26.915392376781014], [81.00855832559314, 26.914690426655742], [81.00855272044711, 26.913988476019064], [81.00854711536338, 26.91328652487119], [81.00854151034196, 26.91258457321213], [81.00853590538283, 26.911882621042043], [81.00853030048599, 26.91118066836103], [81.00852469564411, 26.910478714250033], [81.00851909087187, 26.90977676054752], [81.00851348616192, 26.90907480633438], [81.00850788151428, 26.908372851610768], [81.00849667240584, 26.906968940632506], [81.00849106794506, 26.906266984378046], [81.00848546354656, 26.905565027613548], [81.00847985921037, 26.904863070339154], [81.0092516061788, 26.903454127883784], [81.01003456157042, 26.903449097605915], [81.01002894871976, 26.90274713885084], [81.01080628255949, 26.90204014545622], [81.01158360769804, 26.901333147700026], [81.01157798633352, 26.900631187465386], [81.01156674379189, 26.899227265468706], [81.01234404736557, 26.898520261897], [81.01312134223859, 26.897813253964493], [81.0131157124859, 26.897111291233767], [81.0138929943707, 26.89640427845635], [81.01467026858035, 26.89569726131195], [81.01545317567984, 26.895692203997115], [81.01544753306449, 26.894990239814], [81.01622478884845, 26.894283213955994], [81.0162191420085, 26.89358124878083], [81.01700203593231, 26.893576183738197], [81.0177792743162, 26.892869149160664], [81.0185508442989, 26.891460143597953], [81.0193280609962, 26.89075309981831], [81.01931673320857, 26.889349164077558], [81.01931106940916, 26.888647195445877], [81.0193054056727, 26.887945226306936], [81.01929974199916, 26.887243256660714], [81.01929407838857, 26.88654128650737], [81.01928841484093, 26.885839315846965], [81.01928275135622, 26.8851373446797], [81.01927708793444, 26.884435373005626], [81.01927142457559, 26.883733400824838], [81.01926576127967, 26.883031428137425], [81.01847727390505, 26.882334531295214], [81.01846595632621, 26.880930583339353], [81.0184602976237, 26.88022860768292], [81.01767183218344, 26.87953170479297], [81.0176661779631, 26.878829729019195], [81.01766052380557, 26.87812775273961], [81.0176548697109, 26.87742577595427], [81.01764921567903, 26.87672379866335], [81.01764356171, 26.876021820866878], [81.01686077658364, 26.876026889197465], [81.01685512702619, 26.875324910871107], [81.01606670103986, 26.874627996421], [81.01606105595663, 26.873926017059663], [81.01527264307902, 26.873229097625707], [81.01526700246978, 26.87252711722981], [81.01526136192322, 26.871825136329086], [81.01525572143935, 26.87112315492359], [81.01525008101814, 26.870421173013412], [81.01524444065963, 26.869719190598744], [81.01523880036376, 26.869017207679605], [81.01523316013056, 26.86831522425617], [81.01522751996004, 26.867613240328517], [81.01522187985218, 26.866911255896763], [81.01521623980699, 26.86620927096096], [81.01521059982446, 26.865507285521286], [81.01519932004739, 26.86410331313069], [81.01519368025285, 26.863401326179993], [81.01597074315463, 26.862694278660523], [81.01596509913756, 26.861992290727482], [81.01595945518321, 26.861290302291245], [81.01673650081914, 26.860583249460287], [81.01751353775961, 26.859876192275646], [81.01829056600475, 26.859169130737495], [81.01907324664859, 26.859164055196068], [81.01906758555465, 26.858462064845998], [81.01984459640933, 26.85775499460138], [81.01983893109369, 26.857053003270607], [81.02062159856904, 26.857047920003698], [81.02139859203379, 26.856340841053182], [81.02139291814923, 26.8556388487668], [81.0213815705692, 26.85423486268736], [81.02137022324132, 26.852830874599643], [81.02136454967192, 26.852128879802997], [81.02058191269069, 26.852133966797126], [81.02057624353142, 26.85143197147412], [81.0197879460777, 26.850735057775733], [81.01978228139141, 26.85003306142501], [81.01899399704917, 26.849336143669728], [81.01820572140073, 26.848639221464694], [81.01820006559699, 26.847937223560905], [81.01741745444609, 26.84794229480997], [81.01662919618515, 26.84724536370573], [81.01584658925556, 26.84725042713162], [81.01584094661781, 26.846548428152186], [81.01505270574398, 26.845851488149467], [81.0142701073826, 26.845856543727777], [81.01348187846146, 26.84515959535892], [81.01269365925847, 26.844462642534673], [81.01190544874873, 26.843765685261747], [81.01033466564475, 26.843073759524724], [81.00955208429504, 26.843078791609948], [81.00798692140879, 26.843088844082683], [81.00720433987242, 26.843093864470276], [81.00642175827382, 26.843098880958618], [81.00563917661313, 26.843103893547756], [81.00485659489038, 26.84310890223775], [81.00407401310564, 26.84311390702849], [81.00250884935033, 26.84312390491237], [81.00172626737987, 26.843128898005492], [81.0009436853476, 26.843133887199414], [81.00015554792192, 26.842436870024745], [80.99859039224178, 26.842446828868336], [80.99780781430925, 26.842451802441328], [80.99702523631518, 26.842456772115145], [80.99624265825958, 26.842461737889785], [80.99546008014251, 26.842466699765207], [80.994677501964, 26.84247165774146], [80.99467197711934, 26.841769654603404], [80.99466645233605, 26.84106765096522], [80.99388388278906, 26.841072604994306], [80.99387836241351, 26.8403706008321], [80.99309579715158, 26.84037555093804], [80.99230220864654, 26.83897648722503], [80.99151414480183, 26.838279423751413], [80.99072058696512, 26.836880349074853], [80.99071508434184, 26.836178341819053], [80.98993254491236, 26.83618327618508], [80.98914451155174, 26.83548619884929], [80.98835099748106, 26.834087108242635], [80.98834550813996, 26.83338509891883], [80.98834001885983, 26.832683089096157], [80.98833452964068, 26.831981078774756], [80.9883290404825, 26.831279067954828], [80.98832355138529, 26.8305770566363], [80.98831806234905, 26.829875044819424], [80.98910056278798, 26.82987011846619], [80.9890950694671, 26.8291681061749], [80.9898775654994, 26.829163175946686], [80.99065455951965, 26.82845622907794], [80.99064905762978, 26.827754215838155], [80.99143154484884, 26.82774927786016], [80.99220852148706, 26.82704232229344], [80.99299100423822, 26.8270373765418], [80.9937734869282, 26.827032426891382], [80.99455596955687, 26.827027473342188], [80.9953384521242, 26.827022515894225], [80.99612093463013, 26.827017554547485], [80.9961154024446, 26.826315540479698], [80.99768035858125, 26.82630560613801], [80.99846283655727, 26.82630063311902], [81.00002779232452, 26.826290675384808], [81.00080471191943, 26.825583676248673], [81.00236965862568, 26.825573695170284], [81.0031521318861, 26.825568698782977], [81.00314656071573, 26.824866683937035], [81.00392902956897, 26.82486168367522], [81.00470591856127, 26.824154664219737], [81.00470033882426, 26.8234526484273], [81.00547721484295, 26.822745624151157], [81.00547163088478, 26.822043607388473], [81.00625408217138, 26.822038595527665], [81.00624849392285, 26.82133657737288], [81.00702534827819, 26.820629543929655], [81.00780219394348, 26.819922506139495], [81.0085846320087, 26.819917482655843], [81.00936146457708, 26.819210436644802], [81.01014389817294, 26.819205405388296], [81.0101382884557, 26.818503386287272], [81.0093502538946, 26.81780639789742], [81.00856782892615, 26.817811425206617], [81.0077854038955, 26.81781644861732], [81.00777980733716, 26.817114428450207], [81.00699738658919, 26.817119447938037], [81.00620937797228, 26.816422442815274], [81.00620379022759, 26.815720421606986], [81.00542137804477, 26.8157254332492], [81.00463338680653, 26.81502841923997], [81.00385097884435, 26.815033423061013], [81.00227503100072, 26.81363937386849], [81.00149263154205, 26.813644365945787], [81.00069911791311, 26.81224530690544], [80.9999111744026, 26.811548266760383], [80.99990562184699, 26.810846241887727], [80.99990006935303, 26.810144216519674], [80.9991121433431, 26.809447170893577], [80.99832422602161, 26.80875012082579], [80.99831868240095, 26.808048093924015], [80.99753077817347, 26.807351038895643], [80.99752523901999, 26.806649010980017], [80.997519699928, 26.805946982569694], [80.99673734788618, 26.805951950991552], [80.99673181319967, 26.805249922062515], [80.99672627857464, 26.804547892638972], [80.99672074401107, 26.80384586272102], [80.9959328747812, 26.803148796736195], [80.99592734468432, 26.80244676580568], [80.99592181464885, 26.801744734381145], [80.99513948854717, 26.80174969486229], [80.99513396291677, 26.801047662919746], [80.99512843734774, 26.800345630483335], [80.99512291184008, 26.79964359755316], [80.9943405987079, 26.799648554064078], [80.99433507760511, 26.79894652061622], [80.99432955656364, 26.798244486674868], [80.99432403558349, 26.797542452240066], [80.99431851466463, 26.796840417311948], [80.99431299380709, 26.796138381890653], [80.99430747301086, 26.795436345976217], [80.99430195227592, 26.794734309568817], [80.9942964316023, 26.79403227266855], [80.99429091098997, 26.793330235275498], [80.994279869942, 26.791926158092124], [80.99427434951359, 26.79122411922136], [80.99426330884064, 26.789820040002994], [80.99425778859613, 26.789117999655545], [80.99425226841291, 26.788415958816056], [80.99424674829098, 26.78771391748469], [80.99345899321294, 26.787016827841953], [80.99267124682031, 26.7863197337618], [80.991883509113, 26.785622635244366], [80.99109578009079, 26.784925532289837], [80.98952584180091, 26.784233357494625], [80.98952034810154, 26.783531313070178], [80.98873813443025, 26.78353624174485], [80.98717370690487, 26.78354608740138], [80.98639149305086, 26.783551004383238], [80.98482706516049, 26.78356082665412], [80.98404485112422, 26.783565731943163], [80.98248042286976, 26.783575530828426], [80.98169820865164, 26.78358042442461], [80.980915994373, 26.783585314123197], [80.98013378003391, 26.783590199924173], [80.97935156461013, 26.78359508183394], [80.97856935015024, 26.783599959839673], [80.9777925641922, 26.78430687872904], [80.97622812628602, 26.78431661529971], [80.97544590724264, 26.784321477738605], [80.97466909939142, 26.785028380664187], [80.97389228285508, 26.78573527924791], [80.97311005494632, 26.785740130040963], [80.97155099295078, 26.786451863429665], [80.97076876051955, 26.786456702553192], [80.96998652802847, 26.786461537779026], [80.96765057495304, 26.787880105821035], [80.96765594742071, 26.788582147958735], [80.96687370166251, 26.78858696766391], [80.9660914558447, 26.788591783471407], [80.9653092099674, 26.788596595381115], [80.96531456946622, 26.789298637096945], [80.9645323191865, 26.789303445132195], [80.9637500688473, 26.789308249269727], [80.96296781844872, 26.789313049509474], [80.96218556799073, 26.789317845851446], [80.96140331747345, 26.789322638295637], [80.96062106689688, 26.78932742684207], [80.9598388162611, 26.789332211490695], [80.95906189038134, 26.79003903365147], [80.95827963528434, 26.790043810527727], [80.95828495581571, 26.790745851468614], [80.95750801256418, 26.791452664942017], [80.95673106062658, 26.792159474071564], [80.95673637265598, 26.79286151450097], [80.95674168473741, 26.793563553518453], [80.9559594077481, 26.793568318816927], [80.95596471554533, 26.794270357364866], [80.95518773766682, 26.79497715686673], [80.95440545187324, 26.79498191441558], [80.95441075110179, 26.795683952023957], [80.95363375585013, 26.796390742836387], [80.95286204262995, 26.79779956547893], [80.95208502572001, 26.798506347130818], [80.95209031221219, 26.79920838234218], [80.95131328233045, 26.799915159178088], [80.95053624376142, 26.80062193166823], [80.9497539228678, 26.80062666601322], [80.94897160191562, 26.800631396460084], [80.94818928090494, 26.800636123008918], [80.94740695983577, 26.800640845659633], [80.94662463768374, 26.800645564418446], [80.94584231649779, 26.80065027927302], [80.94505999525353, 26.80065499022949], [80.94427767395098, 26.8006596972879], [80.94349535259022, 26.800664400448177], [80.94193070969419, 26.800673795074548], [80.94036606656584, 26.800683174108578], [80.93880142320563, 26.80069253755025], [80.93645445773114, 26.80070655347713], [80.93567213579077, 26.80071121765661], [80.9348898137927, 26.800715877937968], [80.93410749173698, 26.800720534321243], [80.93332516962366, 26.800725186806428], [80.93331998726143, 26.800023152035614], [80.93253766943421, 26.80002780060017], [80.9317553515495, 26.80003244526668], [80.93096786433347, 26.799335050703014], [80.93018555067749, 26.799339687550848], [80.92940323696416, 26.799344320500655], [80.92861576700777, 26.798646913659383], [80.92782830573843, 26.79794950238172], [80.9270460005404, 26.797954123592554], [80.92704085315607, 26.797252086667836], [80.92625855224433, 26.797256703958226], [80.92547111263518, 26.796559279887934], [80.9238962594772, 26.795164418439924], [80.92154427822447, 26.794476172587064], [80.9207619942874, 26.79448076250244], [80.91841004281272, 26.793792469225817], [80.91606320318112, 26.79380618043653], [80.9152809231909, 26.79381074304429], [80.91449864314426, 26.793815301754147], [80.9137163620168, 26.793819856572043], [80.9129340818575, 26.793824407486056], [80.91215180164184, 26.7938289545022], [80.91136952136993, 26.79383349762039], [80.91058724104185, 26.793838036840707], [80.90980496065762, 26.79384257216311], [80.90824039972092, 26.79385163111413], [80.90667080444177, 26.79315863401479], [80.90588349839477, 26.79246110793313], [80.90510122636105, 26.792465619824245], [80.9043139332942, 26.791768086307993], [80.90352664891353, 26.79107054835783], [80.9027393732189, 26.790373005973784], [80.90273436109477, 26.789670962943706], [80.90195210621029, 26.7896754591561], [80.90194709848471, 26.788973415612155], [80.90194209081474, 26.788271371576258], [80.90193708320037, 26.787569327048462], [80.90114983807291, 26.786871774256323], [80.90114483491249, 26.78616972872338], [80.90036260163095, 26.786174217031252], [80.90035760286875, 26.785472170984985], [80.89957037951032, 26.78477460881399], [80.89878815480314, 26.78477908928302], [80.8987831648371, 26.78407704221048], [80.89800094441718, 26.784081518760114], [80.8972187239418, 26.784085991412056], [80.89643650341112, 26.784090460166396], [80.89487206218404, 26.7840993859821], [80.89408984148771, 26.784103843043447], [80.89330762073628, 26.784108296207148], [80.89174812995098, 26.78481923810897], [80.8901935639376, 26.78623221034264], [80.88862909577432, 26.786241073924863], [80.88785179094442, 26.786947545770055], [80.88629223447022, 26.787658431460734], [80.8855149078717, 26.788364890736524], [80.88473266046084, 26.788369301154383], [80.88395041299543, 26.788373707674513], [80.88317306891643, 26.789080154850623], [80.88239081699919, 26.78908455359655], [80.88083609296439, 26.790497427160208], [80.88005871843016, 26.791203857418083], [80.87928133520982, 26.79191028332834], [80.8777314161361, 26.79402516428132], [80.87617658031252, 26.79543798472272], [80.87540400997624, 26.79684642776923], [80.87384426142651, 26.797557182770134], [80.87306680442396, 26.79826357342141], [80.8722844953412, 26.798267921770186], [80.8715021862046, 26.798272266220955], [80.87072471172024, 26.79897864476902], [80.86994239813262, 26.798982981444702], [80.86838259252531, 26.799693680666795], [80.86760027443327, 26.799698005669317], [80.86681795628775, 26.79970232677372], [80.86604044684007, 26.800408681114178], [80.86369827466538, 26.80112364611047], [80.86292073904865, 26.801829983996356], [80.86213840755194, 26.801834281774784], [80.8613608588506, 26.802540611432917], [80.86057852290378, 26.802544901435887], [80.85979618690389, 26.80254918754071], [80.85980096111777, 26.803251222866113], [80.8590281606199, 26.804659574303326], [80.85825534290491, 26.806067919947857], [80.8582648745393, 26.80747198524336], [80.85826964043589, 26.808174017148943], [80.8582744063854, 26.808876048559622], [80.85827917238785, 26.80957807947527], [80.85749679278811, 26.80958235409284], [80.85672392792154, 26.810990685240778], [80.85594629265506, 26.81169698159506], [80.85517339758847, 26.813105302118622], [80.85518289552444, 26.814509357675004], [80.85518764457153, 26.815211384709396], [80.85519239367136, 26.815913411247784], [80.85519714282395, 26.8166154372901], [80.85520189202929, 26.817317462836186], [80.85521139059819, 26.818721512439375], [80.85521613996175, 26.819423536496224], [80.85522088937809, 26.82012556005642], [80.85522563884716, 26.820827583119872], [80.855230388369, 26.821529605686475], [80.85445267992645, 26.82223588715182], [80.85445742521476, 26.822937909664333], [80.85446217054957, 26.823639930760343], [80.85446691593707, 26.824341951359067], [80.85447166137729, 26.82504397146041], [80.85447640687022, 26.825745991064228], [80.85448115241586, 26.826448010170438], [80.8544858980142, 26.827150028778938], [80.85449064366526, 26.8278520468896], [80.85449538936903, 26.82855406450234], [80.85450013512552, 26.82925608161702], [80.85372711658073, 26.830664370096297], [80.85295408081076, 26.832072652765625], [80.85296355551985, 26.83347668159498], [80.85218576090254, 26.834182943311035], [80.85140795759317, 26.83488920067033], [80.85062542109121, 26.83489344094236], [80.85063014559161, 26.835595453672635], [80.84984760469106, 26.835599690066143], [80.84906506373808, 26.835603922560573], [80.84906977959864, 26.83630593483279], [80.84829194581383, 26.837012175242084], [80.84751410231178, 26.837718411299424], [80.84673154816315, 26.837722632158048], [80.84674095417293, 26.839126653329487], [80.8467503603917, 26.840530672502325], [80.84675506357944, 26.84123268133896], [80.84675976681943, 26.841934689675607], [80.84676917345615, 26.84333870484845], [80.84677858030189, 26.84474271802005], [80.84679269096236, 26.846848734023137], [80.84680680209311, 26.848954745518498], [80.8468162097749, 26.850358750676367], [80.84683502577171, 26.853166755893643], [80.84683972990003, 26.85386875571387], [80.84684913831344, 26.855272753848308], [80.84685854693592, 26.856676749974152], [80.84686325132556, 26.85737874728357], [80.84687266026161, 26.858782740394865], [80.84687736480805, 26.85948473619652], [80.84688206940676, 26.860186731495396], [80.84688677405774, 26.860888726291325], [80.84689147876098, 26.86159072058424], [80.8468961835165, 26.862292714374057], [80.84690088832429, 26.86299470766053], [80.84690559318436, 26.863696700443768], [80.84691029809669, 26.864398692723537], [80.8469150030613, 26.865100684499733], [80.84691970807819, 26.865802675772255], [80.8469291182688, 26.86720665680588], [80.84693382344253, 26.86790864656677], [80.84693852866853, 26.868610635823533], [80.84615578318436, 26.868614853681205], [80.8461698861306, 26.870720818487005], [80.84617458721715, 26.8714228057467], [80.84617928835593, 26.87212479250175], [80.84618398954694, 26.872826778752064], [80.8461886907902, 26.87352876449751], [80.84619809343343, 26.874932734473354], [80.84620279483342, 26.875634718703587], [80.84698558380411, 26.875630500641904], [80.84699028960526, 26.8763324843464], [80.84777779307504, 26.877030245542873], [80.84778250332978, 26.877732228216082], [80.84857002092407, 26.87842998443447], [80.8485747356326, 26.87913196607589], [80.84936226530151, 26.879829717326672], [80.85014508015706, 26.87982548354163], [80.85014980366878, 26.88052746413038], [80.85094207870671, 26.881927186962077], [80.85172963887288, 26.882624924344302], [80.85251247096795, 26.88262067877639], [80.85251720773782, 26.883322657278793], [80.85252194456032, 26.884024635274713], [80.85330478530159, 26.884020385765368], [80.85330952652623, 26.884722363234186], [80.85410186287076, 26.88612206318016], [80.85488471655522, 26.886117805808436], [80.85488946663719, 26.886819781715676], [80.85411135438818, 26.88752601452883], [80.85332849195167, 26.887530268041303], [80.85254562946245, 26.887534517653343], [80.85255036660081, 26.888236492608087], [80.85255510379181, 26.88893846705567], [80.85178169839065, 26.89034666022233], [80.85178643138964, 26.891048633168037], [80.85179116444124, 26.891750605606127], [80.85100827574766, 26.891754847540287], [80.85101300450184, 26.89245681949111], [80.85101773330855, 26.893158790933953], [80.85102246216783, 26.893860761868908], [80.85102719107967, 26.894562732295725], [80.85103192004405, 26.895264702214355], [80.85025373421398, 26.89597090978117], [80.84947081931445, 26.895975144036985], [80.8494755396833, 26.896677112979802], [80.848692620381, 26.896681343355375], [80.84869733645196, 26.897383311810117], [80.84791441172162, 26.897387538310966], [80.84713148796418, 26.897391760905553], [80.84634856415451, 26.897395979599416], [80.84557033901416, 26.898102162420276], [80.84479210517294, 26.898808340872375], [80.84401386263073, 26.89951451495546], [80.84323092556079, 26.89951871810741], [80.84244798843876, 26.899522917358578], [80.84166972839023, 26.900229079311636], [80.84167440556774, 26.900931045405194], [80.84167908279721, 26.901633010989592], [80.84247139633952, 26.903032745178685], [80.84247607807578, 26.90373470921461], [80.84248075986406, 26.904436672740946], [80.84248544170437, 26.905138635757556], [80.84249012359673, 26.9058405982643], [80.84327778617099, 26.90653836080703], [80.84406076674877, 26.90653415745201], [80.8440654574473, 26.907236118898204], [80.84484844232401, 26.907231911621917], [80.84563142714852, 26.90722770044461], [80.8464144119208, 26.907223485366355], [80.84719739664074, 26.907219266387116], [80.84798038130842, 26.907215043506902], [80.84876336694906, 26.907210816720152], [80.84876808380629, 26.90791277753397], [80.85033406158176, 26.907904312227714], [80.85190477346134, 26.90859779153916], [80.85269250523429, 26.90929550490284], [80.85347550258771, 26.90929125465419], [80.8542632473616, 26.90998895964374], [80.85504624896078, 26.90998470157246], [80.85582925050714, 26.90998043960011], [80.8566170125804, 26.910678132293647], [80.85740478335627, 26.911375820534165], [80.85897080348364, 26.911367269199527], [80.85897557722959, 26.912069227602213], [80.85975859156513, 26.912064946062582], [80.86055117089192, 26.913464573973272], [80.86211721670303, 26.913455991305582], [80.86290023952871, 26.913451694120027], [80.86290503518516, 26.914153649966906], [80.86368806230907, 26.914149348859407], [80.86447108937962, 26.914145043850798], [80.86525411639677, 26.914140734941007], [80.8652589251612, 26.91484269021426], [80.8668298052593, 26.91553601536983], [80.86761284081912, 26.915531694714836], [80.86761766274542, 26.91623364890277], [80.86840070260328, 26.916229324325673], [80.86840552893487, 26.916931277981202], [80.86919340382778, 26.917628902604978], [80.86998128742422, 26.91832652277398], [80.87076434017625, 26.9183221864304], [80.87076917972432, 26.919024138487895], [80.87155223677438, 26.91901979822214], [80.8723352937706, 26.91901545405506], [80.87311835071294, 26.91901110598672], [80.87390140760125, 26.919006754017094], [80.87468446443566, 26.919002398146183], [80.87546752121604, 26.918998038373964], [80.87625057794232, 26.918993674700445], [80.87703363461448, 26.91898930712565], [80.87781181251785, 26.91828298378141], [80.8785899817176, 26.91757665606625], [80.87936325495853, 26.91616837061917], [80.88014629400664, 26.916163987523888], [80.88014140245403, 26.915462033672334], [80.8809195412463, 26.914755692355225], [80.88247579374693, 26.91334299660513], [80.88325390643013, 26.912636642178196], [80.88559311388765, 26.911219509041874], [80.88558819225653, 26.910517551761263], [80.88637119605663, 26.910513137626847], [80.88714926952308, 26.909806761842813], [80.88714433929898, 26.909104803583624], [80.88792733428708, 26.90910038168984], [80.88871032922033, 26.909095955895065], [80.89027137134826, 26.908385133918298], [80.89105436176554, 26.908380696441892], [80.8926153818628, 26.90766985065601], [80.89339340289568, 26.906963441879277], [80.89417141522652, 26.906257028734487], [80.89416644611788, 26.90555506811702], [80.89494444545112, 26.904848650115934], [80.89493947210208, 26.904146688500308], [80.89493449880831, 26.90344472637496], [80.89492952556982, 26.902742763740058], [80.89492455238661, 26.902040800595657], [80.89491957925866, 26.90133883694188], [80.89569257104506, 26.89993044748287], [80.8956875937324, 26.89922848232318], [80.89568261647509, 26.898526516654602], [80.89567763927306, 26.897824550477154], [80.89567266212637, 26.89712258379098], [80.89566768503498, 26.8964206165962], [80.89644561971777, 26.895714184497827], [80.89722853138124, 26.89570971620208], [80.89800645295793, 26.89500327585875], [80.89878936016034, 26.894998799783327], [80.89957226730718, 26.894994319807243], [80.90035517439853, 26.89498983593053], [80.90113808143428, 26.894985348153188], [80.90192098841439, 26.894980856475225], [80.90270389533879, 26.89497636089663], [80.90348680220745, 26.894971861417368], [80.90426970902033, 26.8949673580375], [80.90505764496064, 26.895664818708525], [80.90584558960141, 26.896362274926936], [80.90662850494708, 26.896357759801507], [80.90663354294276, 26.89705972669253], [80.9074164625827, 26.897055207644602], [80.908204428919, 26.89775265103475], [80.90820947572746, 26.898454616864736], [80.90899745517102, 26.899152055270967], [80.90900250644215, 26.89985402006138], [80.9090075577694, 26.900555984342702], [80.90901260915281, 26.901257948114903], [80.90901766059234, 26.901959911377844], [80.90902271208805, 26.9026618741314], [80.90902776363987, 26.903363836375547], [80.90824985221435, 26.904070325178107], [80.90825489952765, 26.904772286424823], [80.90747697510575, 26.90547877037259], [80.90748201818032, 26.906180730621426], [80.90748706131092, 26.9068826903603], [80.90670911959731, 26.90758916896445], [80.90671415848894, 26.90829112770478], [80.90672423644023, 26.909695043654384], [80.9067292754999, 26.910397000863394], [80.90673431461555, 26.911098957561737], [80.9067443930215, 26.9125028703452], [80.9067494323052, 26.913204825510917], [80.90675951104062, 26.914608734308967], [80.90676455049235, 26.91531068794105], [80.9067695900001, 26.91601264106172], [80.90677462956386, 26.916714593670903], [80.90756271500332, 26.917412026087405], [80.90835080914626, 26.918109454047247], [80.90835585758165, 26.91881140507756], [80.90836090607318, 26.919513355595864], [80.90914396483609, 26.919508828046773], [80.90914901773563, 26.92021077803116], [80.90993713810191, 26.920908196009236], [80.91072526717211, 26.921605609529962], [80.91073032894423, 26.922307557933706], [80.91151847112681, 26.923004966462447], [80.9123066220136, 26.923702370533327], [80.91231169265888, 26.92440431735543], [80.91231676336051, 26.925106263664734], [80.91310493176886, 26.925803662207993], [80.91311000693555, 26.926505607469355], [80.91389818845728, 26.927203001019112], [80.91468129469936, 26.927198445919093], [80.91468637868373, 26.927900390110096], [80.91625260072878, 26.92789126815559], [80.91704080825195, 26.928588644940646], [80.91782392297263, 26.928584074190546], [80.9186070376366, 26.928579499538902], [80.92017326679424, 26.928570338531024], [80.9209563812878, 26.92856575217477], [80.92173949572445, 26.928561161917017], [80.92252261010415, 26.928556567757695], [80.92330572442685, 26.92855196969688], [80.92408883869251, 26.92854736773449], [80.92487195290106, 26.92854276187061], [80.92565506705247, 26.928538152105222], [80.92643818114661, 26.92853353843826], [80.92722644892112, 26.92923086367961], [80.9280095672533, 26.929226242187305], [80.93035892190564, 26.929212354301118], [80.93114721556573, 26.92990965938722], [80.93193033796327, 26.92990501836478], [80.93350177125845, 26.930597666218887], [80.93585635260538, 26.931285637287907], [80.93663948336194, 26.93128097281108], [80.93742261406062, 26.931276304432643], [80.93820574470136, 26.931271632152644], [80.93898887528414, 26.93126695597104], [80.9397720058089, 26.931262275887825], [80.94055513627559, 26.93125759190301], [80.94133826668408, 26.931252904016638], [80.94212663370222, 26.931950152556553], [80.9436929029337, 26.931940757230414], [80.944476037462, 26.93193605371498], [80.94525917193194, 26.931931346297844], [80.94526442606876, 26.93263328602102], [80.94683596643955, 26.933325798600087], [80.94762437675169, 26.934023018059214], [80.94841279679505, 26.934720233050605], [80.94919594838363, 26.93471550603419], [80.94920122451865, 26.935417443586413], [80.94920650071232, 26.936119380624127], [80.94999494155343, 26.936816586160646], [80.95078339110061, 26.937513787234998], [80.95078867617646, 26.938215722682823], [80.95079396131105, 26.93891765761568], [80.95157713884169, 26.938912918757037], [80.95236561021325, 26.93961011036862], [80.95315938866888, 26.941009231755295], [80.95394788186566, 26.94170641390288], [80.95473638376919, 26.942403591587205], [80.95474169102353, 26.943105523313548], [80.95552489437952, 26.94310076480815], [80.95631341369676, 26.943797933565556], [80.95710194172104, 26.944495097859242], [80.95867369463248, 26.945187483506952], [80.95867902389097, 26.94588941305476], [80.95946224436543, 26.945884634947635], [80.96025080280565, 26.946581781924174], [80.96103402751514, 26.946576995989968], [80.96260047675584, 26.946567412415625], [80.96338370128699, 26.94656261477546], [80.96416692575859, 26.94655781323327], [80.96495015017061, 26.946553007789095], [80.96573337452298, 26.946548198442947], [80.96651659881566, 26.94654338519475], [80.96729982304855, 26.946538568044588], [80.96808304722171, 26.946533746992408], [80.96886627133506, 26.94652892203826], [80.96885549956417, 26.945125064060868]]]}}]}